tick,event_time_ns,monotonic_ns,vehicle_speed,vehicle_speed_valid,external_stop,autonomous_enabled,lane_confidence,gps_valid,lidar_valid,avoid_updated,avoid_maneuver_done,avoid_path_n,avoid_generation,avoid_age_s,avoid_timeout_s,obstacle,avoidable,ttc,auto_estop,estop,parking_valid,parking_wall_complete,parking_ready,parking_search,parking_request_id,traffic_fail_safe,avoid_x,avoid_y,avoid_yaw,avoid_k,gps_x,gps_y,gps_heading_valid,rear_clear,red,green,traffic_stop_required
0,1789388655161743492,41554214283766,0,0,1,0,0,0,0,0,0,0,0,-1,0.5,0,0,1000000000,0,1,0,0,0,0,0,0,0,0,0,0,0,0,0,0,0,0,0
1,1789388655171702316,41554224242590,0,0,1,0,0,0,0,0,0,0,0,-1,0.5,0,0,1000000000,0,1,0,0,0,0,0,0,0,0,0,0,0,0,0,0,0,0,0
2,1789388655181725860,41554234266134,0,0,1,0,0,0,0,0,0,0,0,-1,0.5,0,0,1000000000,0,1,0,0,0,0,0,0,0,0,0,0,0,0,0,0,0,0,0
3,1789388655191708110,41554244248379,0,0,1,0,0,0,0,0,0,0,0,-1,0.5,0,0,1000000000,0,1,0,0,0,0,0,0,0,0,0,0,0,0,0,0,0,0,0
4,1789388655202420465,41554254960738,0,0,1,0,0,0,0,0,0,0,0,-1,0.5,0,0,1000000000,0,1,0,0,0,0,0,0,0,0,0,0,0,0,0,0,0,0,0
5,1789388655212018485,41554264558742,0,0,1,0,0,0,0,0,0,0,0,-1,0.5,0,0,1000000000,0,1,0,0,0,0,0,0,0,0,0,0,0,0,0,0,0,0,0
6,1789388655221777520,41554274317793,0.0001692017686,1,1,0,0,0,0,0,0,0,0,-1,0.5,0,0,1000000000,0,1,0,0,0,0,0,0,0,0,0,0,0,0,0,0,0,0,0
7,1789388655231696588,41554284236862,8.003416042e-06,1,1,0,0,0,0,0,0,0,0,-1,0.5,0,0,1000000000,0,1,0,0,0,0,0,0,0,0,0,0,0,0,0,0,0,0,0
8,1789388655245583378,41554298123653,-0.0001857468305,1,1,0,0,0,0,0,0,0,0,-1,0.5,0,0,1000000000,0,1,0,0,0,0,0,0,0,0,0,0,0,0,0,0,0,0,0
9,1789388655251687103,41554304227377,-0.0001596597285,1,1,0,0,0,0,0,0,0,0,-1,0.5,0,0,1000000000,0,1,0,0,0,0,0,0,0,0,0,0,0,0,0,0,0,0,0
10,1789388655264491313,41554317031586,2.323182707e-05,1,1,0,0,0,0,0,0,0,0,-1,0.5,0,0,1000000000,0,1,0,0,0,0,0,0,0,0,0,0,0,0,0,0,0,0,0
11,1789388655271686895,41554324227175,0.0001757099963,1,1,0,0,0,0,0,0,0,0,-1,0.5,0,0,1000000000,0,1,0,0,0,0,0,0,0,0,0,0,0,0,0,0,0,0,0
12,1789388655281695562,41554334235837,0.0002434309426,1,1,0,0,0,0,0,0,0,0,-1,0.5,0,0,1000000000,0,1,0,0,0,0,0,0,0,0,0,0,0,0,0,0,0,0,0
13,1789388655291704977,41554344245253,0.0002249562676,1,1,0,0,0,0,0,0,0,0,-1,0.5,0,0,1000000000,0,1,0,0,0,0,0,0,0,0,0,0,0,0,0,0,0,0,0
14,1789388655301703159,41554354243432,3.748918289e-06,1,1,0,0,0,0,0,0,0,0,-1,0.5,0,0,1000000000,0,1,0,0,0,0,0,0,0,0,0,0,0,0,0,0,0,0,0
15,1789388655316491208,41554369031481,-0.0001301868178,1,1,0,0,0,0,0,0,0,0,-1,0.5,0,0,1000000000,0,1,0,0,0,0,0,0,0,0,0,0,0,0,0,0,0,0,0
16,1789388655321700280,41554374240555,-0.0001479934581,1,1,0,0,0,0,0,0,0,0,-1,0.5,0,0,1000000000,0,1,0,0,0,0,0,0,0,0,0,0,0,0,0,0,0,0,0
17,1789388655331702203,41554384242479,3.907296923e-05,1,1,0,0,0,0,0,0,0,0,-1,0.5,0,0,1000000000,0,1,0,0,0,0,0,0,0,0,0,0,0,0,0,0,0,0,0
18,1789388655341705637,41554394245911,8.438927034e-05,1,1,0,0,0,0,0,0,0,0,-1,0.5,0,0,1000000000,0,1,0,0,0,0,0,0,0,0,0,0,0,0,0,0,0,0,0
19,1789388655351690204,41554404230480,0.0001451275311,1,1,0,0,0,0,0,0,0,0,-1,0.5,0,0,1000000000,0,1,0,0,0,0,0,0,0,0,0,0,0,0,0,0,0,0,0
20,1789388655361686138,41554414226412,2.343888264e-05,1,1,0,0,0,0,0,0,0,0,-1,0.5,0,0,1000000000,0,1,0,0,0,0,0,0,0,0,0,0,0,0,0,0,0,0,0
21,1789388655371693032,41554424233306,3.005543294e-05,1,1,0,0,0,0,0,0,0,0,-1,0.5,0,0,1000000000,0,1,0,0,0,0,0,0,0,0,0,0,0,0,0,0,0,0,0
22,1789388655381701641,41554434241914,-4.338037979e-05,1,1,0,0,0,0,0,0,0,0,-1,0.5,0,0,1000000000,0,1,0,0,0,0,0,0,0,0,0,0,0,0,0,0,0,0,0
23,1789388655391697578,41554444237853,-5.44868999e-05,1,1,0,0,0,0,0,0,0,0,-1,0.5,0,0,1000000000,0,1,0,0,0,0,0,0,0,0,0,0,0,0,0,0,0,0,0
24,1789388655401683982,41554454224259,2.451358523e-05,1,1,0,0,0,0,0,0,0,0,-1,0.5,0,0,1000000000,0,1,0,0,0,0,0,0,0,0,0,0,0,0,0,0,0,0,0
25,1789388655411704323,41554464244598,9.651885193e-05,1,1,0,0,0,0,0,0,0,0,-1,0.5,0,0,1000000000,0,1,0,0,0,0,0,0,0,0,0,0,0,0,0,0,0,0,0
26,1789388655421694262,41554474234430,2.428806874e-05,1,1,0,0,0,0,0,0,0,0,-1,0.5,0,0,1000000000,0,1,0,0,0,0,0,0,0,0,0,0,0,0,0,0,0,0,0
27,1789388655431702080,41554484242337,2.510126615e-05,1,1,0,0,0,0,0,0,0,0,-1,0.5,0,0,1000000000,0,1,0,0,0,0,0,0,0,0,0,0,0,0,0,0,0,0,0
28,1789388655441700311,41554494240584,5.237124424e-05,1,1,0,0,0,0,0,0,0,0,-1,0.5,0,0,1000000000,0,1,0,0,0,0,0,0,0,0,0,0,0,0,0,0,0,0,0
29,1789388655455261128,41554507801397,8.602564048e-05,1,1,0,0,0,0,0,0,0,0,-1,0.5,0,0,1000000000,0,1,0,0,0,0,0,0,0,0,0,0,0,0,0,0,0,0,0
30,1789388655461703011,41554514243285,8.602564048e-05,1,1,0,0,0,0,0,0,0,0,-1,0.5,0,0,1000000000,0,1,0,0,0,0,0,0,0,0,0,0,0,0,0,0,0,0,0
31,1789388655471693320,41554524233597,0.0001235483505,1,1,0,0,0,0,0,0,0,0,-1,0.5,0,0,1000000000,0,1,0,0,0,0,0,0,0,0,0,0,0,0,0,0,0,0,0
32,1789388655481699926,41554534240202,0.000166427315,1,1,0,0,0,0,0,0,0,0,-1,0.5,0,0,1000000000,0,1,0,0,0,0,0,0,0,0,0,0,0,0,0,0,0,0,0
33,1789388655496150146,41554548690419,-5.061382035e-05,1,1,0,0,0,0,0,0,0,0,-1,0.5,0,0,1000000000,0,1,0,0,0,0,0,0,0,0,0,0,0,0,0,0,0,0,0
34,1789388655501702116,41554554242392,-5.061382035e-05,1,1,0,0,0,0,0,0,0,0,-1,0.5,0,0,1000000000,0,1,0,0,0,0,0,0,0,0,0,0,0,0,0,0,0,0,0
35,1789388655511837387,41554564377640,-2.597856837e-05,1,1,0,0,0,0,0,0,0,0,-1,0.5,0,0,1000000000,0,1,0,0,0,0,0,0,0,0,0,0,0,0,0,0,0,0,0
36,1789388655521696728,41554574237002,1.097804034e-05,1,1,0,0,0,0,0,0,0,0,-1,0.5,0,0,1000000000,0,1,0,0,0,0,0,0,0,0,0,0,0,0,0,0,0,0,0
37,1789388655531704775,41554584245032,1.097804034e-05,1,1,0,0,0,0,0,0,0,0,-1,0.5,0,0,1000000000,0,1,0,0,0,0,0,0,0,0,0,0,0,0,0,0,0,0,0
38,1789388655541700857,41554594241132,0.0001761285384,1,1,0,0,0,0,0,0,0,0,-1,0.5,0,0,1000000000,0,1,0,0,0,0,0,0,0,0,0,0,0,0,0,0,0,0,0
39,1789388655551702422,41554604242695,2.834725819e-05,1,1,0,0,0,0,0,0,0,0,-1,0.5,0,0,1000000000,0,1,0,0,0,0,0,0,0,0,0,0,0,0,0,0,0,0,0
40,1789388655561702065,41554614242340,-9.067575593e-05,1,1,0,0,0,0,0,0,0,0,-1,0.5,0,0,1000000000,0,1,0,0,0,0,0,0,0,0,0,0,0,0,0,0,0,0,0
41,1789388655571699222,41554624239496,-0.000173332126,1,1,0,0,0,0,0,0,0,0,-1,0.5,0,0,1000000000,0,1,0,0,0,0,0,0,0,0,0,0,0,0,0,0,0,0,0
42,1789388655581703116,41554634243389,-6.207386468e-05,1,1,0,0,0,0,0,0,0,0,-1,0.5,0,0,1000000000,0,1,0,0,0,0,0,0,0,0,0,0,0,0,0,0,0,0,0
43,1789388655591715707,41554644255968,-2.641011815e-05,1,1,0,0,0,0,0,0,0,0,-1,0.5,0,0,1000000000,0,1,0,0,0,0,0,0,0,0,0,0,0,0,0,0,0,0,0
44,1789388655601730702,41554654270970,4.874323349e-05,1,1,0,0,0,0,0,0,0,0,-1,0.5,0,0,1000000000,0,1,0,0,0,0,0,0,0,0,0,0,0,0,0,0,0,0,0
45,1789388655611696420,41554664236696,0.0001247983018,1,1,0,0,0,0,0,0,0,0,-1,0.5,0,0,1000000000,0,1,0,0,0,0,0,0,0,0,0,0,0,0,0,0,0,0,0
46,1789388655621685118,41554674225398,4.896471e-05,1,1,0,0,0,0,0,0,0,0,-1,0.5,0,0,1000000000,0,1,0,0,0,0,0,0,0,0,0,0,0,0,0,0,0,0,0
47,1789388655631682114,41554684222380,-0.0001499479113,1,1,0,0,0,0,0,0,0,0,-1,0.5,0,0,1000000000,0,1,0,0,0,0,0,0,0,0,0,0,0,0,0,0,0,0,0
48,1789388655641681716,41554694221977,-0.0001156477229,1,1,0,0,0,0,0,0,0,0,-1,0.5,0,0,1000000000,0,1,0,0,0,0,0,0,0,0,0,0,0,0,0,0,0,0,0
49,1789388655651682311,41554704222570,2.079431579e-05,1,1,0,0,0,0,0,0,0,0,-1,0.5,0,0,1000000000,0,1,0,0,0,0,0,0,0,0,0,0,0,0,0,0,0,0,0
50,1789388655661702059,41554714242332,0.0001242565195,1,1,0,0,0,0,0,0,0,0,-1,0.5,0,0,1000000000,0,1,0,0,0,0,0,0,0,0,0,0,0,0,0,0,0,0,0
51,1789388655671798881,41554724339142,-1.898078699e-05,1,1,0,0,0,0,0,0,0,0,-1,0.5,0,0,1000000000,0,1,0,0,0,0,0,0,0,0,0,0,0,0,0,0,0,0,0
52,1789388655681957672,41554734497946,-0.0001124767659,1,1,0,0,0,0,0,0,0,0,-1,0.5,0,0,1000000000,0,1,0,0,0,0,0,0,0,0,0,0,0,0,0,0,0,0,0
53,1789388655692971928,41554745512203,-9.010681242e-05,1,1,0,0,0,0,0,0,0,0,-1,0.5,0,0,1000000000,0,1,0,0,0,0,0,0,0,0,0,0,0,0,0,0,0,0,0
54,1789388655701702446,41554754242720,-4.824843927e-05,1,1,0,0,0,0,0,0,0,0,-1,0.5,0,0,1000000000,0,1,0,0,0,0,0,0,0,0,0,0,0,0,0,0,0,0,0
55,1789388655711705053,41554764245330,6.287381257e-05,1,1,0,0,0,0,0,0,0,0,-1,0.5,0,0,1000000000,0,1,0,0,0,0,0,0,0,0,0,0,0,0,0,0,0,0,0
56,1789388655721973521,41554774513795,0.0001739960571,1,1,0,0,0,0,0,0,0,0,-1,0.5,0,0,1000000000,0,1,0,0,0,0,0,0,0,0,0,0,0,0,0,0,0,0,0
57,1789388655731702228,41554784242500,0.0001739960571,1,1,0,0,0,0,0,0,0,0,-1,0.5,0,0,1000000000,0,1,0,0,0,0,0,0,0,0,0,0,0,0,0,0,0,0,0
58,1789388655742135088,41554794675362,-0.0001537667413,1,1,0,0,0,0,0,0,0,0,-1,0.5,0,0,1000000000,0,1,0,0,0,0,0,0,0,0,0,0,0,0,0,0,0,0,0
59,1789388655751699142,41554804239416,-0.0001634005748,1,1,0,0,0,0,0,0,0,0,-1,0.5,0,0,1000000000,0,1,0,0,0,0,0,0,0,0,0,0,0,0,0,0,0,0,0
60,1789388655761870473,41554814410747,-0.0001634005748,1,1,0,0,0,0,0,0,0,0,-1,0.5,0,0,1000000000,0,1,0,0,0,0,0,0,0,0,0,0,0,0,0,0,0,0,0
61,1789388655771716485,41554824256754,7.88277539e-05,1,1,0,0,0,0,0,0,0,0,-1,0.5,0,0,1000000000,0,1,0,0,0,0,0,0,0,0,0,0,0,0,0,0,0,0,0
62,1789388655781720983,41554834261254,1.717982741e-05,1,1,0,0,0,0,0,0,0,0,-1,0.5,0,0,1000000000,0,1,0,0,0,0,0,0,0,0,0,0,0,0,0,0,0,0,0
63,1789388655791719340,41554844259604,1.100401164e-06,1,1,0,0,0,0,0,0,0,0,-1,0.5,0,0,1000000000,0,1,0,0,0,0,0,0,0,0,0,0,0,0,0,0,0,0,0
64,1789388655801721090,41554854261358,2.103459337e-06,1,1,0,0,0,0,0,0,0,0,-1,0.5,0,0,1000000000,0,1,0,0,0,0,0,0,0,0,0,0,0,0,0,0,0,0,0
65,1789388655811675768,41554864216041,-6.035993465e-06,1,1,0,0,0,0,0,0,0,0,-1,0.5,0,0,1000000000,0,1,1,0,0,0,0,0,0,0,0,0,0,0,0,0,0,0,0
66,1789388655821730836,41554874271110,-1.417544627e-05,1,1,0,0,0,0,0,0,0,0,-1,0.5,0,0,1000000000,0,1,1,0,0,0,0,0,0,0,0,0,0,0,0,0,0,0,0
67,1789388655831720826,41554884261094,-2.231489816e-05,1,1,0,0,0,0,0,0,0,0,-1,0.5,0,0,1000000000,0,1,1,0,0,0,0,0,0,0,0,0,0,0,0,0,0,0,0
68,1789388655841709602,41554894249877,-3.045435187e-05,1,1,0,0,0,0,0,0,0,0,-1,0.5,0,0,1000000000,0,1,1,0,0,0,0,0,0,0,0,0,0,0,0,0,0,0,0
69,1789388655851790449,41554904330721,1.206757224e-05,1,1,0,0,0,0,0,0,0,0,-1,0.5,0,0,1000000000,0,1,1,0,0,0,0,0,0,0,0,0,0,0,0,0,0,0,0
70,1789388655861718101,41554914258367,9.221934306e-05,1,1,0,0,0,0,0,0,0,0,-1,0.5,0,0,1000000000,0,1,1,0,0,0,0,0,0,0,0,0,0,0,0,0,0,0,0
71,1789388655871703923,41554924244195,0.0001871286368,1,1,0,0,0,0,0,0,0,0,-1,0.5,0,0,1000000000,0,1,1,0,0,0,0,0,0,0,0,0,0,0,0,0,0,0,0
72,1789388655881706406,41554934246674,7.628466119e-05,1,1,0,0,1,0,0,0,0,0,-1,0.5,0,0,1000000000,0,1,1,0,0,0,0,0,0,0,0,0,-4.512089774,-4.282109333,0,0,0,0,0
73,1789388655891716548,41554944256825,6.736328214e-05,1,1,0,0,1,0,0,0,0,0,-1,0.5,0,0,1000000000,0,1,1,0,0,0,0,0,0,0,0,0,-4.512089774,-4.282109333,0,0,0,0,0
74,1789388655901724344,41554954264621,4.125187115e-05,1,1,0,0,1,0,0,0,0,0,-1,0.5,0,0,1000000000,0,1,1,0,0,0,0,0,0,0,0,0,-4.512089774,-4.282109333,0,0,0,0,0
75,1789388655911763233,41554964303498,-0.0001017056711,1,1,0,0,1,0,0,0,0,0,-1,0.5,0,0,1000000000,0,1,1,0,0,0,0,0,0,0,0,0,-4.512089774,-4.282109333,0,0,0,0,0
76,1789388655921720630,41554974260848,-6.793975626e-05,1,1,0,0,1,0,0,0,0,0,-1,0.5,0,0,1000000000,0,1,1,0,0,0,0,0,0,0,0,0,-4.512089774,-4.282109333,0,0,0,0,0
77,1789388655931727743,41554984268020,4.740970689e-05,1,1,0,0,1,0,0,0,0,0,-1,0.5,0,0,1000000000,0,1,1,0,0,0,0,0,0,0,0,0,-4.512089774,-4.282109333,0,0,0,0,0
78,1789388655941716740,41554994257002,0.0002056535013,1,1,0,0,1,0,0,0,0,0,-1,0.5,0,0,1000000000,0,1,1,0,0,0,0,0,0,0,0,0,-4.512089774,-4.282109333,0,0,0,0,0
79,1789388655951726639,41555004266905,5.219261948e-05,1,1,0,0,1,0,0,0,0,0,-1,0.5,0,0,1000000000,0,1,1,0,0,0,0,0,0,0,0,0,-4.512089774,-4.282109333,0,0,0,0,0
80,1789388655961722802,41555014263081,-6.777123053e-05,1,1,0,0,1,0,0,0,0,0,-1,0.5,0,0,1000000000,0,1,1,0,0,0,0,0,0,0,0,0,-4.512089774,-4.282109333,0,0,0,0,0
81,1789388655971716954,41555024257223,-7.690030907e-05,1,1,0,0,1,0,0,0,0,0,-1,0.5,0,0,1000000000,0,1,1,0,0,0,0,0,0,0,0,0,-4.512089774,-4.282109333,0,0,0,0,0
82,1789388655981725369,41555034265635,-0.0001134832419,1,1,0,0,1,0,0,0,0,0,-1,0.5,0,0,1000000000,0,1,1,0,0,0,0,0,0,0,0,0,-4.512089774,-4.263556,0,0,0,0,0
83,1789388655991713104,41555044253378,8.876490028e-06,1,1,0,0,1,0,0,0,0,0,-1,0.5,0,0,1000000000,0,1,1,0,0,0,0,0,0,0,0,0,-4.512089774,-4.263556,0,0,0,0,0
84,1789388656001712279,41555054252544,0.0001007718383,1,1,0,0,1,0,0,0,0,0,-1,0.5,0,0,1000000000,0,1,1,0,0,0,0,0,0,0,0,0,-4.512089774,-4.263556,0,0,0,0,0
85,1789388656011755500,41555064295779,0.0001171922049,1,1,0,0,1,0,0,0,0,0,-1,0.5,0,0,1000000000,0,1,1,0,0,0,0,0,0,0,0,0,-4.512089774,-4.263556,0,0,0,0,0
86,1789388656021713194,41555074253468,-2.060347833e-05,1,1,0,0,1,0,0,0,0,0,-1,0.5,0,0,1000000000,0,1,1,0,0,0,0,0,0,0,0,0,-4.512089774,-4.263556,0,0,0,0,0
87,1789388656031713424,41555084253697,-4.063334563e-05,1,1,0,0,1,0,0,0,0,0,-1,0.5,0,0,1000000000,0,1,1,0,0,0,0,0,0,0,0,0,-4.512089774,-4.263556,0,0,0,0,0
88,1789388656041710987,41555094251263,-5.95699421e-05,1,1,0,0,1,0,0,0,0,0,-1,0.5,0,0,1000000000,0,1,1,0,0,0,0,0,0,0,0,0,-4.512089774,-4.263556,0,0,0,0,0
89,1789388656051721387,41555104261652,-8.073646313e-05,1,1,0,0,1,0,0,0,0,0,-1,0.5,0,0,1000000000,0,1,1,0,0,0,0,0,0,0,0,0,-4.512089774,-4.263556,0,0,0,0,0
90,1789388656061718666,41555114258939,-6.522129843e-05,1,1,0,0,1,0,0,0,0,0,-1,0.5,0,0,1000000000,0,1,1,0,0,0,0,0,0,0,0,0,-4.512089774,-4.263556,0,0,0,0,0
91,1789388656071712832,41555124253088,3.366178134e-05,1,1,0,0,1,0,0,0,0,0,-1,0.5,0,0,1000000000,0,1,1,0,0,0,0,0,0,0,0,0,-4.512089774,-4.263556,0,0,0,0,0
92,1789388656081724816,41555134265093,0.000120447512,1,1,0,0,1,0,0,0,0,0,-1,0.5,0,0,1000000000,0,1,1,0,0,0,0,0,0,0,0,0,-4.512089774,-4.263556,0,0,0,0,0
93,1789388656091724860,41555144265123,4.162633923e-05,1,1,0,0,1,0,0,0,0,0,-1,0.5,0,0,1000000000,0,1,1,0,0,0,0,0,0,0,0,0,-4.512089774,-4.263556,0,0,0,0,0
94,1789388656101725851,41555154266115,-4.890251512e-05,1,1,0,0,1,0,0,0,0,0,-1,0.5,0,0,1000000000,0,1,1,0,0,0,0,0,0,0,0,0,-4.512089774,-4.263556,0,0,0,0,0
95,1789388656111724805,41555164264980,-0.0001284695318,1,1,0,0,1,0,0,0,0,0,-1,0.5,0,0,1000000000,0,1,1,0,0,0,0,0,0,0,0,0,-4.512089774,-4.263556,0,0,0,0,0
96,1789388656121750841,41555174291111,1.341664188e-06,1,1,0,0,1,0,0,0,0,0,-1,0.5,0,0,1000000000,0,1,1,0,0,0,0,0,0,0,0,0,-4.512089774,-4.263556,0,0,0,0,0
97,1789388656131720962,41555184261189,7.064324745e-05,1,1,0,0,1,0,0,0,0,0,-1,0.5,0,0,1000000000,0,1,1,0,0,0,0,0,0,0,0,0,-4.512089774,-4.263556,0,0,0,0,0
98,1789388656141713537,41555194253800,0.0001890401618,1,1,0,0,1,0,0,0,0,0,-1,0.5,0,0,1000000000,0,1,1,0,0,0,0,0,0,0,0,0,-4.512089774,-4.263556,0,0,0,0,0
99,1789388656151723363,41555204263621,0.0001190156981,1,1,0,0,1,0,0,0,0,0,-1,0.5,0,0,1000000000,0,1,1,0,0,0,0,0,0,0,0,0,-4.512089774,-4.263556,0,0,0,0,0
100,1789388656161719661,41555214259939,-1.789742782e-05,1,1,0,0,1,0,0,0,0,0,-1,0.5,0,0,1000000000,0,1,1,0,0,0,0,0,0,0,0,0,-4.512089774,-4.263556,0,0,0,0,0
101,1789388656171708865,41555224249137,-0.0001632126368,1,1,0,0,1,0,0,0,0,0,-1,0.5,0,0,1000000000,0,1,1,0,0,0,0,0,0,0,0,0,-4.512089774,-4.263556,0,0,0,0,0
102,1789388656181715252,41555234255529,-0.0001530605223,1,1,0,0,1,0,0,0,0,0,-1,0.5,0,0,1000000000,0,1,1,0,0,0,0,0,0,0,0,0,-4.512089774,-4.282109333,0,0,0,0,0
103,1789388656191721435,41555244261646,-9.644909733e-05,1,1,0,0,1,0,0,0,0,0,-1,0.5,0,0,1000000000,0,1,1,0,0,0,0,0,0,0,0,0,-4.512089774,-4.282109333,0,0,0,0,0
104,1789388656201719050,41555254259320,-5.526368568e-06,1,1,0,0,1,0,0,0,0,0,-1,0.5,0,0,1000000000,0,1,1,0,0,0,0,0,0,0,0,0,-4.512089774,-4.282109333,0,0,0,0,0
105,1789388656211701212,41555264241487,9.674198373e-05,1,1,0,0,1,0,0,0,0,0,-1,0.5,0,0,1000000000,0,1,1,0,0,0,0,0,0,0,0,0,-4.512089774,-4.282109333,0,0,0,0,0
106,1789388656221711169,41555274251438,0.0001614220673,1,1,0,0,1,0,0,0,0,0,-1,0.5,0,0,1000000000,0,1,1,0,0,0,0,0,0,0,0,0,-4.512089774,-4.282109333,0,0,0,0,0
107,1789388656231707865,41555284248138,3.321571785e-05,1,1,0,0,1,0,0,0,0,0,-1,0.5,0,0,1000000000,0,1,1,0,0,0,0,0,0,0,0,0,-4.512089774,-4.282109333,0,0,0,0,0
108,1789388656241711565,41555294251839,-0.0001237300603,1,1,0,0,1,0,0,0,0,0,-1,0.5,0,0,1000000000,0,1,1,0,0,0,0,0,0,0,0,0,-4.512089774,-4.282109333,0,0,0,0,0
109,1789388656251706959,41555304247236,-0.0001366374636,1,1,0,0,1,0,0,0,0,0,-1,0.5,0,0,1000000000,0,1,1,0,0,0,0,0,0,0,0,0,-4.512089774,-4.282109333,0,0,0,0,0
110,1789388656261714500,41555314254770,-0.0001219574406,1,1,0,0,1,0,0,0,0,0,-1,0.5,0,0,1000000000,0,1,1,0,0,0,0,0,0,0,0,0,-4.512089774,-4.282109333,0,0,0,0,0
111,1789388656271706437,41555324246715,3.904231198e-05,1,1,0,0,1,0,0,0,0,0,-1,0.5,0,0,1000000000,0,1,1,0,0,0,0,0,0,0,0,0,-4.512089774,-4.282109333,0,0,0,0,0
112,1789388656281714071,41555334254346,0.0002377830533,1,1,0,0,1,0,0,0,0,0,-1,0.5,0,0,1000000000,0,1,1,0,0,0,0,0,0,0,0,0,-4.512089774,-4.263556,0,0,0,0,0
113,1789388656291728847,41555344269117,0.0002633837576,1,1,0,0,1,0,0,0,0,0,-1,0.5,0,0,1000000000,0,1,1,0,0,0,0,0,0,0,0,0,-4.512089774,-4.263556,0,0,0,0,0
114,1789388656301709778,41555354250056,0.0001073482563,1,1,0,0,1,0,0,0,0,0,-1,0.5,0,0,1000000000,0,1,1,0,0,0,0,0,0,0,0,0,-4.512089774,-4.263556,0,0,0,0,0
115,1789388656311718663,41555364258937,-0.0001295823604,1,1,0,0,1,0,0,0,0,0,-1,0.5,0,0,1000000000,0,1,1,0,0,0,0,0,0,0,0,0,-4.512089774,-4.263556,0,0,0,0,0
116,1789388656321714258,41555374254526,-0.0002009934251,1,1,0,0,1,0,0,0,0,0,-1,0.5,0,0,1000000000,0,1,1,0,0,0,0,0,0,0,0,0,-4.512089774,-4.263556,0,0,0,0,0
117,1789388656331717515,41555384257787,-0.0002602498862,1,1,0,0,1,0,0,0,0,0,-1,0.5,0,0,1000000000,0,1,1,0,0,0,0,0,0,0,0,0,-4.512089774,-4.263556,0,0,0,0,0
118,1789388656341731249,41555394271519,-4.107889981e-05,1,1,0,0,1,0,0,0,0,0,-1,0.5,0,0,1000000000,0,1,1,0,0,0,0,0,0,0,0,0,-4.512089774,-4.263556,0,0,0,0,0
119,1789388656351728443,41555404268706,0.0002099175617,1,1,0,0,1,0,0,0,0,0,-1,0.5,0,0,1000000000,0,1,1,0,0,0,0,0,0,0,0,0,-4.512089774,-4.263556,0,0,0,0,0
120,1789388656361718589,41555414258851,0.0001959515066,1,1,0,0,1,0,0,0,0,0,-1,0.5,0,0,1000000000,0,1,1,0,0,0,0,0,0,0,0,0,-4.512089774,-4.263556,0,0,0,0,0
121,1789388656371708461,41555424248736,5.860660622e-06,1,1,0,0,1,0,0,0,0,0,-1,0.5,0,0,1000000000,0,1,1,0,0,0,0,0,0,0,0,0,-4.512089774,-4.263556,0,0,0,0,0
122,1789388656381712611,41555434252887,-0.0002282317291,1,1,0,0,1,0,0,0,0,0,-1,0.5,0,0,1000000000,0,1,1,0,0,0,0,0,0,0,0,0,-4.512089774,-4.263556,0,0,0,0,0
123,1789388656391713391,41555444253663,-0.0002915053337,1,1,0,0,1,0,0,0,0,0,-1,0.5,0,0,1000000000,0,1,1,0,0,0,0,0,0,0,0,0,-4.512089774,-4.263556,0,0,0,0,0
124,1789388656401718024,41555454258294,-0.0001082431918,1,1,0,0,1,0,0,0,0,0,-1,0.5,0,0,1000000000,0,1,1,0,0,0,0,0,0,0,0,0,-4.512089774,-4.263556,0,0,0,0,0
125,1789388656411713239,41555464253517,0.0001299649739,1,1,0,0,1,0,0,0,0,0,-1,0.5,0,0,1000000000,0,1,1,0,0,0,0,0,0,0,0,0,-4.512089774,-4.263556,0,0,0,0,0
126,1789388656421724644,41555474264913,0.0001477104379,1,1,0,0,1,0,0,0,0,0,-1,0.5,0,0,1000000000,0,1,1,0,0,0,0,0,0,0,0,0,-4.512089774,-4.263556,0,0,0,0,0
127,1789388656431712260,41555484252536,6.361868145e-05,1,1,0,0,1,0,0,0,0,0,-1,0.5,0,0,1000000000,0,1,1,0,0,0,0,0,0,0,0,0,-4.512089774,-4.263556,0,0,0,0,0
128,1789388656441707851,41555494248123,-0.0001484249078,1,1,0,0,1,0,0,0,0,0,-1,0.5,0,0,1000000000,0,1,1,0,0,0,0,0,0,0,0,0,-4.512089774,-4.263556,0,0,0,0,0
129,1789388656451713745,41555504254015,-0.0002092248324,1,1,0,0,1,0,0,0,0,0,-1,0.5,0,0,1000000000,0,1,1,0,0,0,0,0,0,0,0,0,-4.512089774,-4.263556,0,0,0,0,0
130,1789388656461721576,41555514261841,-0.0002821025846,1,1,0,0,1,0,0,0,0,0,-1,0.5,0,0,1000000000,0,1,1,0,0,0,0,0,0,0,0,0,-4.512089774,-4.263556,0,0,0,0,0
131,1789388656471708666,41555524248933,-0.0001669002086,1,1,0,0,1,0,0,0,0,0,-1,0.5,0,0,1000000000,0,1,1,0,0,0,0,0,0,0,0,0,-4.512089774,-4.263556,0,0,0,0,0
132,1789388656481704241,41555534244513,1.179647279e-05,1,1,0,0,1,0,0,0,0,0,-1,0.5,0,0,1000000000,0,1,1,0,0,0,0,0,0,0,0,0,-4.512089774,-4.263556,0,0,0,0,0
133,1789388656491704567,41555544244836,0.0001680317364,1,1,0,0,1,0,0,0,0,0,-1,0.5,0,0,1000000000,0,1,1,0,0,0,0,0,0,0,0,0,-4.512089774,-4.263556,0,0,0,0,0
134,1789388656501769659,41555554309929,9.428904741e-05,1,1,0,0,1,0,0,0,0,0,-1,0.5,0,0,1000000000,0,1,1,0,0,0,0,0,0,0,0,0,-4.512089774,-4.263556,0,0,0,0,0
135,1789388656511710012,41555564250286,-5.284008876e-05,1,1,0,0,1,0,0,0,0,0,-1,0.5,0,0,1000000000,0,1,1,0,0,0,0,0,0,0,0,0,-4.512089774,-4.263556,0,0,0,0,0
136,1789388656521712993,41555574253270,-0.00027129706,1,1,0,0,1,0,0,0,0,0,-1,0.5,0,0,1000000000,0,1,1,0,0,0,0,0,0,0,0,0,-4.512089774,-4.263556,0,0,0,0,0
137,1789388656531708343,41555584248618,-0.0001498295314,1,1,0,0,1,0,0,0,0,0,-1,0.5,0,0,1000000000,0,1,1,0,0,0,0,0,0,0,0,0,-4.512089774,-4.263556,0,0,0,0,0
138,1789388656541742961,41555594283238,-5.218228034e-05,1,1,0,0,1,0,0,0,0,0,-1,0.5,0,0,1000000000,0,1,1,0,0,0,0,0,0,0,0,0,-4.512089774,-4.263556,0,0,0,0,0
139,1789388656551705299,41555604245564,0.0001128369986,1,1,0,0,1,0,0,0,0,0,-1,0.5,0,0,1000000000,0,1,1,0,0,0,0,0,0,0,0,0,-4.512089774,-4.263556,0,0,0,0,0
140,1789388656561696561,41555614236840,0.0002778562775,1,1,0,0,1,0,0,0,0,0,-1,0.5,0,0,1000000000,0,1,1,0,0,0,0,0,0,0,0,0,-4.512089774,-4.263556,0,0,0,0,0
141,1789388656571938272,41555624478547,0.0001065408069,1,1,0,0,1,0,0,0,0,0,-1,0.5,0,0,1000000000,0,1,1,0,0,0,0,0,0,0,0,0,-4.512089774,-4.263556,0,0,0,0,0
142,1789388656581680018,41555634220293,-0.0001528018038,1,1,0,0,1,0,0,0,0,0,-1,0.5,0,0,1000000000,0,1,1,0,0,0,0,0,0,0,0,0,-4.512089774,-4.263556,0,0,0,0,0
143,1789388656591712111,41555644252387,-0.000397769647,1,1,0,0,1,0,0,0,0,0,-1,0.5,0,0,1000000000,0,1,1,0,0,0,0,0,0,0,0,0,-4.512089774,-4.263556,0,0,0,0,0
144,1789388656601716121,41555654256400,-0.0003016444098,1,1,0,0,1,0,0,0,0,0,-1,0.5,0,0,1000000000,0,1,1,0,0,0,0,0,0,0,0,0,-4.512089774,-4.263556,0,0,0,0,0
145,1789388656611711822,41555664252093,-3.656967237e-05,1,1,0,0,1,0,0,0,0,0,-1,0.5,0,0,1000000000,0,1,1,0,0,0,0,0,0,0,0,0,-4.512089774,-4.263556,0,0,0,0,0
146,1789388656621710533,41555674250806,0.0001814011339,1,1,0,0,1,0,0,0,0,0,-1,0.5,0,0,1000000000,0,1,1,0,0,0,0,0,0,0,0,0,-4.512089774,-4.263556,0,0,0,0,0
147,1789388656631719953,41555684260131,0.0003993719292,1,1,0,0,1,0,0,0,0,0,-1,0.5,0,0,1000000000,0,1,1,0,0,0,0,0,0,0,0,0,-4.512089774,-4.263556,0,0,0,0,0
148,1789388656641691747,41555694232018,0.0002602036402,1,1,0,0,1,0,0,0,0,0,-1,0.5,0,0,1000000000,0,1,1,0,0,0,0,0,0,0,0,0,-4.512089774,-4.263556,0,0,0,0,0
149,1789388656651775493,41555704315759,-3.854209353e-05,1,1,0,0,1,0,0,0,0,0,-1,0.5,0,0,1000000000,0,1,1,0,0,0,0,0,0,0,0,0,-4.512089774,-4.263556,0,0,0,0,0
150,1789388656661719876,41555714260156,-0.0002893990604,1,1,0,0,1,0,0,0,0,0,-1,0.5,0,0,1000000000,0,1,1,0,0,0,0,0,0,0,0,0,-4.512089774,-4.263556,0,0,0,0,0
151,1789388656671716131,41555724256391,-0.0003868534695,1,1,0,0,1,0,0,0,0,0,-1,0.5,0,0,1000000000,0,1,1,0,0,0,0,0,0,0,0,0,-4.512089774,-4.263556,0,0,0,0,0
152,1789388656681723842,41555734264110,-0.0001865464874,1,1,0,0,1,0,0,0,0,0,-1,0.5,0,0,1000000000,0,1,1,0,0,0,0,0,0,0,0,0,-4.512089774,-4.263556,0,0,0,0,0
153,1789388656691713515,41555744253786,7.713736704e-05,1,1,0,0,1,0,0,0,0,0,-1,0.5,0,0,1000000000,0,1,1,0,0,0,0,0,0,0,0,0,-4.512089774,-4.263556,0,0,0,0,0
154,1789388656701750458,41555754290569,0.0001304228499,1,1,0,0,1,0,0,0,0,0,-1,0.5,0,0,1000000000,0,1,1,0,0,0,0,0,0,0,0,0,-4.512089774,-4.263556,0,0,0,0,0
155,1789388656711755984,41555764296146,9.723616677e-05,1,1,0,0,1,0,0,0,0,0,-1,0.5,0,0,1000000000,0,1,1,0,0,0,0,0,0,0,0,0,-4.512089774,-4.263556,0,0,0,0,0
156,1789388656721718992,41555774259259,-5.935205263e-05,1,1,0,0,1,0,0,0,0,0,-1,0.5,0,0,1000000000,0,1,1,0,0,0,0,0,0,0,0,0,-4.512089774,-4.263556,0,0,0,0,0
157,1789388656731720419,41555784260611,-0.0001540073863,1,1,0,0,1,0,0,0,0,0,-1,0.5,0,0,1000000000,0,1,1,0,0,0,0,0,0,0,0,0,-4.512089774,-4.263556,0,0,0,0,0
158,1789388656741714072,41555794254348,-0.0001703454036,1,1,0,0,1,0,0,0,0,0,-1,0.5,0,0,1000000000,0,1,1,0,0,0,0,0,0,0,0,0,-4.512089774,-4.263556,0,0,0,0,0
159,1789388656751702849,41555804243124,-5.845360192e-06,1,1,0,0,1,0,0,0,0,0,-1,0.5,0,0,1000000000,0,1,1,0,0,0,0,0,0,0,0,0,-4.512089774,-4.263556,0,0,0,0,0
160,1789388656761710500,41555814250770,0.000173021559,1,1,0,0,1,0,0,0,0,0,-1,0.5,0,0,1000000000,0,1,1,0,0,0,0,0,0,0,0,0,-4.512089774,-4.263556,0,0,0,0,0
161,1789388656771712376,41555824252645,0.0001956777414,1,1,0,0,1,0,0,0,0,0,-1,0.5,0,0,1000000000,0,1,1,0,0,0,0,0,0,0,0,0,-4.512089774,-4.263556,0,0,0,0,0
162,1789388656781707482,41555834247756,0.0001548396249,1,1,0,0,1,0,0,0,0,0,-1,0.5,0,0,1000000000,0,1,1,0,0,0,0,0,0,0,0,0,-4.512089774,-4.282109333,0,0,0,0,0
163,1789388656791711301,41555844251572,-2.138248647e-06,1,1,0,0,1,0,0,0,0,0,-1,0.5,0,0,1000000000,0,1,1,0,0,0,0,0,0,0,0,0,-4.512089774,-4.282109333,0,0,0,0,0
164,1789388656801696100,41555854236373,-9.420084098e-05,1,1,0,0,1,0,0,0,0,0,-1,0.5,0,0,1000000000,0,1,1,0,0,0,0,0,0,0,0,0,-4.512089774,-4.282109333,0,0,0,0,0
165,1789388656811768223,41555864308492,-0.0001283323072,1,1,0,0,1,0,0,0,0,0,-1,0.5,0,0,1000000000,0,1,1,0,0,0,0,0,0,0,0,0,-4.512089774,-4.282109333,0,0,0,0,0
166,1789388656821793686,41555874333913,2.491759005e-05,1,1,0,0,1,0,0,0,0,0,-1,0.5,0,0,1000000000,0,1,1,0,0,0,0,0,0,0,0,0,-4.512089774,-4.282109333,0,0,0,0,0
167,1789388656831702508,41555884242786,4.107239147e-05,1,1,0,0,1,0,0,0,0,0,-1,0.5,0,0,1000000000,0,1,1,0,0,0,0,0,0,0,0,0,-4.512089774,-4.282109333,0,0,0,0,0
168,1789388656841712961,41555894253233,8.098917169e-05,1,1,0,0,1,0,0,0,0,0,-1,0.5,0,0,1000000000,0,1,1,0,0,0,0,0,0,0,0,0,-4.512089774,-4.282109333,0,0,0,0,0
169,1789388656851701356,41555904241628,9.177692118e-05,1,1,0,0,1,0,0,0,0,0,-1,0.5,0,0,1000000000,0,1,1,0,0,0,0,0,0,0,0,0,-4.512089774,-4.282109333,0,0,0,0,0
170,1789388656861706724,41555914246995,-4.022816211e-05,1,1,0,0,1,0,0,0,0,0,-1,0.5,0,0,1000000000,0,1,1,0,0,0,0,0,0,0,0,0,-4.512089774,-4.282109333,0,0,0,0,0
171,1789388656871705443,41555924245718,-9.453596431e-05,1,1,0,0,1,0,0,0,0,0,-1,0.5,0,0,1000000000,0,1,1,0,0,0,0,0,0,0,0,0,-4.512089774,-4.282109333,0,0,0,0,0
172,1789388656881715038,41555934255308,-8.959841216e-05,1,1,0,0,1,0,0,0,0,0,-1,0.5,0,0,1000000000,0,1,1,0,0,0,0,0,0,0,0,0,-4.512089774,-4.282109333,0,0,0,0,0
173,1789388656891706760,41555944247035,0.0001100662848,1,1,0,0,1,0,0,0,0,0,-1,0.5,0,0,1000000000,0,1,1,0,0,0,0,0,0,0,0,0,-4.512089774,-4.282109333,0,0,0,0,0
174,1789388656901702437,41555954242707,0.0001916661131,1,1,0,0,1,0,0,0,0,0,-1,0.5,0,0,1000000000,0,1,1,0,0,0,0,0,0,0,0,0,-4.512089774,-4.282109333,0,0,0,0,0
175,1789388656911706235,41555964246503,0.000159267569,1,1,0,0,1,0,0,0,0,0,-1,0.5,0,0,1000000000,0,1,1,0,0,0,0,0,0,0,0,0,-4.512089774,-4.282109333,0,0,0,0,0
176,1789388656921706144,41555974246416,1.192828313e-05,1,1,0,0,1,0,0,0,0,0,-1,0.5,0,0,1000000000,0,1,1,0,0,0,0,0,0,0,0,0,-4.512089774,-4.282109333,0,0,0,0,0
177,1789388656931703550,41555984243822,-0.0001968879224,1,1,0,0,1,0,0,0,0,0,-1,0.5,0,0,1000000000,0,1,1,0,0,0,0,0,0,0,0,0,-4.512089774,-4.282109333,0,0,0,0,0
178,1789388656941702116,41555994242387,-0.0002500943956,1,1,0,0,1,0,0,0,0,0,-1,0.5,0,0,1000000000,0,1,1,0,0,0,0,0,0,0,0,0,-4.512089774,-4.282109333,0,0,0,0,0
179,1789388656951704364,41556004244635,-1.008491472e-05,1,1,0,0,1,0,0,0,0,0,-1,0.5,0,0,1000000000,0,1,1,0,0,0,0,0,0,0,0,0,-4.512089774,-4.282109333,0,0,0,0,0
180,1789388656961706762,41556014247028,0.0001712957601,1,1,0,0,1,0,0,0,0,0,-1,0.5,0,0,1000000000,0,1,1,0,0,0,0,0,0,0,0,0,-4.512089774,-4.282109333,0,0,0,0,0
181,1789388656971708019,41556024248289,0.0004076601763,1,1,0,0,1,0,0,0,0,0,-1,0.5,0,0,1000000000,0,1,1,0,0,0,0,0,0,0,0,0,-4.512089774,-4.282109333,0,0,0,0,0
182,1789388656981819065,41556034359309,0.0002757193288,1,1,0,0,1,0,0,0,0,0,-1,0.5,0,0,1000000000,0,1,1,0,0,0,0,0,0,0,0,0,-4.512089774,-4.263556,0,0,0,0,0
183,1789388656991791090,41556044331355,8.981578867e-05,1,1,0,0,1,0,0,0,0,0,-1,0.5,0,0,1000000000,0,1,1,0,0,0,0,0,0,0,0,0,-4.512089774,-4.263556,0,0,0,0,0
184,1789388657001717094,41556054257321,-2.921041778e-05,1,1,0,0,1,0,0,0,0,0,-1,0.5,0,0,1000000000,0,1,1,0,0,0,0,0,0,0,0,0,-4.512089774,-4.263556,0,0,0,0,0
185,1789388657011710212,41556064250489,-0.0001482366206,1,1,0,0,1,0,0,0,0,0,-1,0.5,0,0,1000000000,0,1,1,0,0,0,0,0,0,0,0,0,-4.512089774,-4.263556,0,0,0,0,0
186,1789388657021712864,41556074253134,-0.0001327767968,1,1,0,0,1,0,0,0,0,0,-1,0.5,0,0,1000000000,0,1,1,0,0,0,0,0,0,0,0,0,-4.512089774,-4.263556,0,0,0,0,0
187,1789388657031714422,41556084254697,4.262021685e-05,1,1,0,0,1,0,0,0,0,0,-1,0.5,0,0,1000000000,0,1,1,0,0,0,0,0,0,0,0,0,-4.512089774,-4.263556,0,0,0,0,0
188,1789388657041828014,41556094368273,0.0001981988316,1,1,0,0,1,0,0,0,0,0,-1,0.5,0,0,1000000000,0,1,1,0,0,0,0,0,0,0,0,0,-4.512089774,-4.263556,0,0,0,0,0
189,1789388657051720307,41556104260581,0.0001594557252,1,1,0,0,1,0,0,0,0,0,-1,0.5,0,0,1000000000,0,1,1,0,0,0,0,0,0,0,0,0,-4.512089774,-4.263556,0,0,0,0,0
190,1789388657061729448,41556114269721,2.776799556e-05,1,1,0,0,1,0,0,0,0,0,-1,0.5,0,0,1000000000,0,1,1,0,0,0,0,0,0,0,0,0,-4.512089774,-4.263556,0,0,0,0,0
191,1789388657071714622,41556124254893,-0.0001357891306,1,1,0,0,1,0,0,0,0,0,-1,0.5,0,0,1000000000,0,1,1,0,0,0,0,0,0,0,0,0,-4.512089774,-4.263556,0,0,0,0,0
192,1789388657081716992,41556134257265,-0.0002153264795,1,1,0,0,1,0,0,0,0,0,-1,0.5,0,0,1000000000,0,1,1,0,0,0,0,0,0,0,0,0,-4.512089774,-4.263556,0,0,0,0,0
193,1789388657091761668,41556144301940,-8.986513421e-05,1,1,0,0,1,0,0,0,0,0,-1,0.5,0,0,1000000000,0,1,1,0,0,0,0,0,0,0,0,0,-4.512089774,-4.263556,0,0,0,0,0
194,1789388657101714964,41556154255241,0.0001409926335,1,1,0,0,1,0,0,0,0,0,-1,0.5,0,0,1000000000,0,1,1,0,0,0,0,0,0,0,0,0,-4.512089774,-4.263556,0,0,0,0,0
195,1789388657111737670,41556164277939,0.0002522069262,1,1,0,0,1,0,0,0,0,0,-1,0.5,0,0,1000000000,0,1,1,0,0,0,0,0,0,0,0,0,-4.512089774,-4.263556,0,0,0,0,0
196,1789388657121712318,41556174252595,9.423436131e-05,1,1,0,0,1,0,0,0,0,0,-1,0.5,0,0,1000000000,0,1,1,0,0,0,0,0,0,0,0,0,-4.512089774,-4.263556,0,0,0,0,0
197,1789388657131710059,41556184250331,-8.674857963e-05,1,1,0,0,1,0,0,0,0,0,-1,0.5,0,0,1000000000,0,1,1,0,0,0,0,0,0,0,0,0,-4.512089774,-4.263556,0,0,0,0,0
198,1789388657141703028,41556194243237,-0.0001432796125,1,1,0,0,1,0,0,0,0,0,-1,0.5,0,0,1000000000,0,1,1,0,0,0,0,0,0,0,0,0,-4.512089774,-4.263556,0,0,0,0,0
199,1789388657151715829,41556204256104,-0.0001863886282,1,1,0,0,1,0,0,0,0,0,-1,0.5,0,0,1000000000,0,1,1,0,0,0,0,0,0,0,0,0,-4.512089774,-4.263556,0,0,0,0,0
200,1789388657161715000,41556214255266,-5.357942791e-05,1,1,0,0,1,0,0,0,0,0,-1,0.5,0,0,1000000000,0,1,1,0,0,0,0,0,0,0,0,0,-4.512089774,-4.263556,0,0,0,0,0
201,1789388657171721678,41556224261949,0.0001870949491,1,1,0,0,1,0,0,0,0,0,-1,0.5,0,0,1000000000,0,1,1,0,0,0,0,0,0,0,0,0,-4.512089774,-4.263556,0,0,0,0,0
202,1789388657181719388,41556234259664,0.0002886484144,1,1,0,0,1,0,0,0,0,0,-1,0.5,0,0,1000000000,0,1,1,0,0,0,0,0,0,0,0,0,-4.512089774,-4.263556,0,0,0,0,0
203,1789388657191715195,41556244255462,7.365612692e-05,1,1,0,0,1,0,0,0,0,0,-1,0.5,0,0,1000000000,0,1,1,0,0,0,0,0,0,0,0,0,-4.512089774,-4.263556,0,0,0,0,0
204,1789388657201718025,41556254258291,-0.0002117381664,1,1,0,0,1,0,0,0,0,0,-1,0.5,0,0,1000000000,0,1,1,0,0,0,0,0,0,0,0,0,-4.512089774,-4.263556,0,0,0,0,0
205,1789388657211729603,41556264269878,-0.0002585197217,1,1,0,0,1,0,0,0,0,0,-1,0.5,0,0,1000000000,0,1,1,0,0,0,0,0,0,0,0,0,-4.512089774,-4.263556,0,0,0,0,0
206,1789388657221718336,41556274258614,-6.95206254e-05,1,1,0,0,1,0,0,0,0,0,-1,0.5,0,0,1000000000,0,1,1,0,0,0,0,0,0,0,0,0,-4.512089774,-4.263556,0,0,0,0,0
207,1789388657231712376,41556284252652,0.0001753305114,1,1,0,0,1,0,0,0,0,0,-1,0.5,0,0,1000000000,0,1,1,0,0,0,0,0,0,0,0,0,-4.512089774,-4.263556,0,0,0,0,0
208,1789388657241718172,41556294258432,0.0002171333617,1,1,0,0,1,0,0,0,0,0,-1,0.5,0,0,1000000000,0,1,1,0,0,0,0,0,0,0,0,0,-4.512089774,-4.263556,0,0,0,0,0
209,1789388657251713870,41556304254140,1.50857968e-05,1,1,0,0,1,0,0,0,0,0,-1,0.5,0,0,1000000000,0,1,1,0,0,0,0,0,0,0,0,0,-4.512089774,-4.263556,0,0,0,0,0
210,1789388657261719741,41556314260012,-0.0001183430941,1,1,0,0,1,0,0,0,0,0,-1,0.5,0,0,1000000000,0,1,1,0,0,0,0,0,0,0,0,0,-4.512089774,-4.263556,0,0,0,0,0
211,1789388657271704312,41556324244563,-0.0003067557409,1,1,0,0,1,0,0,0,0,0,-1,0.5,0,0,1000000000,0,1,1,0,0,0,0,0,0,0,0,0,-4.512089774,-4.263556,0,0,0,0,0
212,1789388657281709765,41556334250031,-0.0001656307868,1,1,0,0,1,0,0,0,0,0,-1,0.5,0,0,1000000000,0,1,1,0,0,0,0,0,0,0,0,0,-4.512089774,-4.282109333,0,0,0,0,0
213,1789388657291715186,41556344255462,3.860789093e-06,1,1,0,0,1,0,0,0,0,0,-1,0.5,0,0,1000000000,0,1,1,0,0,0,0,0,0,0,0,0,-4.512089774,-4.282109333,0,0,0,0,0
214,1789388657301722798,41556354262949,0.0001495182951,1,1,0,0,1,0,0,0,0,0,-1,0.5,0,0,1000000000,0,1,1,0,0,0,0,0,0,0,0,0,-4.512089774,-4.282109333,0,0,0,0,0
215,1789388657311729075,41556364269323,0.0001231909264,1,1,0,0,1,0,0,0,0,0,-1,0.5,0,0,1000000000,0,1,1,0,0,0,0,0,0,0,0,0,-4.512089774,-4.282109333,0,0,0,0,0
216,1789388657321714378,41556374254655,8.402509411e-05,1,1,0,0,1,0,0,0,0,0,-1,0.5,0,0,1000000000,0,1,1,0,0,0,0,0,0,0,0,0,-4.512089774,-4.282109333,0,0,0,0,0
217,1789388657331715267,41556384255480,-6.426709297e-05,1,1,0,0,1,0,0,0,0,0,-1,0.5,0,0,1000000000,0,1,1,0,0,0,0,0,0,0,0,0,-4.512089774,-4.282109333,0,0,0,0,0
218,1789388657341716365,41556394256579,-8.150030772e-05,1,1,0,0,1,0,0,0,0,0,-1,0.5,0,0,1000000000,0,1,1,0,0,0,0,0,0,0,0,0,-4.512089774,-4.282109333,0,0,0,0,0
219,1789388657351758980,41556404299074,9.723026295e-08,1,1,0,0,1,0,0,0,0,0,-1,0.5,0,0,1000000000,0,1,1,0,0,0,0,0,0,0,0,0,-4.512089774,-4.282109333,0,0,0,0,0
220,1789388657361718249,41556414258527,0.0002106529573,1,1,0,0,1,0,0,0,0,0,-1,0.5,0,0,1000000000,0,1,1,0,0,0,0,0,0,0,0,0,-4.512089774,-4.282109333,0,0,0,0,0
221,1789388657371717384,41556424257640,0.0001996841602,1,1,0,0,1,0,0,0,0,0,-1,0.5,0,0,1000000000,0,1,1,0,0,0,0,0,0,0,0,0,-4.512089774,-4.282109333,0,0,0,0,0
222,1789388657381713473,41556434253751,0.0001414672151,1,1,0,0,1,0,0,0,0,0,-1,0.5,0,0,1000000000,0,1,1,0,0,0,0,0,0,0,0,0,-4.512089774,-4.282109333,0,0,0,0,0
223,1789388657391710879,41556444251076,-5.940907613e-06,1,1,0,0,1,0,0,0,0,0,-1,0.5,0,0,1000000000,0,1,1,0,0,0,0,0,0,0,0,0,-4.512089774,-4.282109333,0,0,0,0,0
224,1789388657401781564,41556454321824,-0.0001533490431,1,1,0,0,1,0,0,0,0,0,-1,0.5,0,0,1000000000,0,1,1,0,0,0,0,0,0,0,0,0,-4.512089774,-4.282109333,0,0,0,0,0
225,1789388657411711730,41556464252002,-6.874723476e-05,1,1,0,0,1,0,0,0,0,0,-1,0.5,0,0,1000000000,0,1,1,0,0,0,0,0,0,0,0,0,-4.512089774,-4.282109333,0,0,0,0,0
226,1789388657421715071,41556474255336,6.230085273e-05,1,1,0,0,1,0,0,0,0,0,-1,0.5,0,0,1000000000,0,1,1,0,0,0,0,0,0,0,0,0,-4.512089774,-4.282109333,0,0,0,0,0
227,1789388657431720403,41556484260666,0.0002013936028,1,1,0,0,1,0,0,0,0,0,-1,0.5,0,0,1000000000,0,1,1,0,0,0,0,0,0,0,0,0,-4.512089774,-4.282109333,0,0,0,0,0
228,1789388657441714681,41556494254958,0.000179692157,1,1,0,0,1,0,0,0,0,0,-1,0.5,0,0,1000000000,0,1,1,0,0,0,0,0,0,0,0,0,-4.512089774,-4.282109333,0,0,0,0,0
229,1789388657451717676,41556504257949,0.0001445686939,1,1,0,0,1,0,0,0,0,0,-1,0.5,0,0,1000000000,0,1,1,0,0,0,0,0,0,0,0,0,-4.512089774,-4.282109333,0,0,0,0,0
230,1789388657461726677,41556514266951,2.162979763e-05,1,1,0,0,1,0,0,0,0,0,-1,0.5,0,0,1000000000,0,1,1,0,0,0,0,0,0,0,0,0,-4.512089774,-4.282109333,0,0,0,0,0
231,1789388657471715624,41556524255902,-0.0001013091023,1,1,0,0,1,0,0,0,0,0,-1,0.5,0,0,1000000000,0,1,1,0,0,0,0,0,0,0,0,0,-4.512089774,-4.282109333,0,0,0,0,0
232,1789388657481718402,41556534258680,-9.408627375e-05,1,1,0,0,1,0,0,0,0,0,-1,0.5,0,0,1000000000,0,1,1,0,0,0,0,0,0,0,0,0,-4.512089774,-4.282109333,0,0,0,0,0
233,1789388657491721331,41556544261605,4.837773668e-05,1,1,0,0,1,0,0,0,0,0,-1,0.5,0,0,1000000000,0,1,1,0,0,0,0,0,0,0,0,0,-4.512089774,-4.282109333,0,0,0,0,0
234,1789388657501751035,41556554291302,0.0001842515194,1,1,0,0,1,0,0,0,0,0,-1,0.5,0,0,1000000000,0,1,1,0,0,0,0,0,0,0,0,0,-4.512089774,-4.282109333,0,0,0,0,0
235,1789388657511712195,41556564252467,0.0001136676146,1,1,0,0,1,0,0,0,0,0,-1,0.5,0,0,1000000000,0,1,1,0,0,0,0,0,0,0,0,0,-4.512089774,-4.282109333,0,0,0,0,0
236,1789388657521717062,41556574257232,-4.195574729e-05,1,1,0,0,1,0,0,0,0,0,-1,0.5,0,0,1000000000,0,1,1,0,0,0,0,0,0,0,0,0,-4.512089774,-4.282109333,0,0,0,0,0
237,1789388657531693863,41556584234134,-0.0001532805763,1,1,0,0,1,0,0,0,0,0,-1,0.5,0,0,1000000000,0,1,1,0,0,0,0,0,0,0,0,0,-4.512089774,-4.282109333,0,0,0,0,0
238,1789388657541740899,41556594281164,-9.729756857e-05,1,1,0,0,1,0,0,0,0,0,-1,0.5,0,0,1000000000,0,1,1,0,0,0,0,0,0,0,0,0,-4.512089774,-4.282109333,0,0,0,0,0
239,1789388657551708416,41556604248685,2.141636651e-05,1,1,0,0,1,0,0,0,0,0,-1,0.5,0,0,1000000000,0,1,1,0,0,0,0,0,0,0,0,0,-4.512089774,-4.282109333,0,0,0,0,0
240,1789388657561725708,41556614265959,7.245942834e-05,1,1,0,0,1,0,0,0,0,0,-1,0.5,0,0,1000000000,0,1,1,0,0,0,0,0,0,0,0,0,-4.512089774,-4.282109333,0,0,0,0,0
241,1789388657571721094,41556624261259,0.0001235024829,1,1,0,0,1,0,0,0,0,0,-1,0.5,0,0,1000000000,0,1,1,0,0,0,0,0,0,0,0,0,-4.512089774,-4.282109333,0,0,0,0,0
242,1789388657581715113,41556634255377,5.072354543e-05,1,1,0,0,1,0,0,0,0,0,-1,0.5,0,0,1000000000,0,1,1,0,0,0,0,0,0,0,0,0,-4.512089774,-4.282109333,0,0,0,0,0
243,1789388657591720743,41556644261019,3.062245014e-06,1,1,0,0,1,0,0,0,0,0,-1,0.5,0,0,1000000000,0,1,1,0,0,0,0,0,0,0,0,0,-4.512089774,-4.282109333,0,0,0,0,0
244,1789388657602397856,41556654938131,-3.686863784e-05,1,1,0,0,1,0,0,0,0,0,-1,0.5,0,0,1000000000,0,1,1,0,0,0,0,0,0,0,0,0,-4.512089774,-4.282109333,0,0,0,0,0
245,1789388657612370389,41556664910665,-2.626707828e-05,1,1,0,0,1,0,0,0,0,0,-1,0.5,0,0,1000000000,0,1,1,0,0,0,0,0,0,0,0,0,-4.512089774,-4.282109333,0,0,0,0,0
246,1789388657621711064,41556674251337,-7.962930249e-05,1,1,0,0,1,0,0,0,0,0,-1,0.5,0,0,1000000000,0,1,1,0,0,0,0,0,0,0,0,0,-4.512089774,-4.282109333,0,0,0,0,0
247,1789388657631705797,41556684246044,-7.763656322e-05,1,1,0,0,1,0,0,0,0,0,-1,0.5,0,0,1000000000,0,1,1,0,0,0,0,0,0,0,0,0,-4.512089774,-4.282109333,0,0,0,0,0
248,1789388657641704736,41556694245011,-3.266767089e-05,1,1,0,0,1,0,0,0,0,0,-1,0.5,0,0,1000000000,0,1,1,0,0,0,0,0,0,0,0,0,-4.512089774,-4.282109333,0,0,0,0,0
249,1789388657651706917,41556704247184,-7.253500371e-05,1,1,0,0,1,0,0,0,0,0,-1,0.5,0,0,1000000000,0,1,1,0,0,0,0,0,0,0,0,0,-4.512089774,-4.282109333,0,0,0,0,0
250,1789388657661708867,41556714249138,-0.0001306412596,1,1,0,0,1,0,0,0,0,0,-1,0.5,0,0,1000000000,0,1,1,0,0,0,0,0,0,0,0,0,-4.512089774,-4.282109333,0,0,0,0,0
251,1789388657671959627,41556724499905,3.277698124e-05,1,1,0,0,1,0,0,0,0,0,-1,0.5,0,0,1000000000,0,1,1,0,0,0,0,0,0,0,0,0,-4.512089774,-4.282109333,0,0,0,0,0
252,1789388657681726723,41556734266986,3.279713565e-05,1,1,0,0,1,0,0,0,0,0,-1,0.5,0,0,1000000000,0,1,1,0,0,0,0,0,0,0,0,0,-4.512089774,-4.282109333,0,0,0,0,0
253,1789388657691878625,41556744418902,-5.19043424e-05,1,1,0,0,1,0,0,0,0,0,-1,0.5,0,0,1000000000,0,1,1,0,0,0,0,0,0,0,0,0,-4.512089774,-4.282109333,0,0,0,0,0
254,1789388657701706525,41556754246802,-0.0001360397437,1,1,0,0,1,0,0,0,0,0,-1,0.5,0,0,1000000000,0,1,1,0,0,0,0,0,0,0,0,0,-4.512089774,-4.282109333,0,0,0,0,0
255,1789388657711698169,41556764238444,-0.0001337167487,1,1,0,0,1,0,0,0,0,0,-1,0.5,0,0,1000000000,0,1,1,0,0,0,0,0,0,0,0,0,-4.512089774,-4.282109333,0,0,0,0,0
256,1789388657721728912,41556774269177,-9.276214405e-05,1,1,0,0,1,0,0,0,0,0,-1,0.5,0,0,1000000000,0,1,1,0,0,0,0,0,0,0,0,0,-4.512089774,-4.282109333,0,0,0,0,0
257,1789388657731707753,41556784248028,-2.296927414e-05,1,1,0,0,1,0,0,0,0,0,-1,0.5,0,0,1000000000,0,1,1,0,0,0,0,0,0,0,0,0,-4.512089774,-4.282109333,0,0,0,0,0
258,1789388657741707209,41556794247483,4.682359577e-05,1,1,0,0,1,0,0,0,0,0,-1,0.5,0,0,1000000000,0,1,1,0,0,0,0,0,0,0,0,0,-4.512089774,-4.282109333,0,0,0,0,0
259,1789388657751708955,41556804249229,-1.695137144e-05,1,1,0,0,1,0,0,0,0,0,-1,0.5,0,0,1000000000,0,1,1,0,0,0,0,0,0,0,0,0,-4.512089774,-4.282109333,0,0,0,0,0
260,1789388657761708423,41556814248697,-0.0001224112057,1,1,0,0,1,0,0,0,0,0,-1,0.5,0,0,1000000000,0,1,1,0,0,0,0,0,0,0,0,0,-4.512089774,-4.282109333,0,0,0,0,0
261,1789388657771706963,41556824247237,-0.0002177652495,1,1,0,0,1,0,0,0,0,0,-1,0.5,0,0,1000000000,0,1,1,0,0,0,0,0,0,0,0,0,-4.512089774,-4.282109333,0,0,0,0,0
262,1789388657781701598,41556834241876,-0.0001351735846,1,1,0,0,1,0,0,0,0,0,-1,0.5,0,0,1000000000,0,1,1,0,0,0,0,0,0,0,0,0,-4.512089774,-4.282109333,0,0,0,0,0
263,1789388657791707039,41556844247316,1.173258079e-05,1,1,0,0,1,0,0,0,0,0,-1,0.5,0,0,1000000000,0,1,1,0,0,0,0,0,0,0,0,0,-4.512089774,-4.282109333,0,0,0,0,0
264,1789388657801706163,41556854246437,0.0001440347405,1,1,0,0,1,0,0,0,0,0,-1,0.5,0,0,1000000000,0,1,1,0,0,0,0,0,0,0,0,0,-4.512089774,-4.282109333,0,0,0,0,0
265,1789388657811712615,41556864252891,0.0001149371674,1,1,0,0,1,0,0,0,0,0,-1,0.5,0,0,1000000000,0,1,1,0,0,0,0,0,0,0,0,0,-4.512089774,-4.282109333,0,0,0,0,0
266,1789388657821700859,41556874241138,9.431297258e-06,1,1,0,0,1,0,0,0,0,0,-1,0.5,0,0,1000000000,0,1,1,0,0,0,0,0,0,0,0,0,-4.512089774,-4.282109333,0,0,0,0,0
267,1789388657831695771,41556884236042,-0.0001181209518,1,1,0,0,1,0,0,0,0,0,-1,0.5,0,0,1000000000,0,1,1,0,0,0,0,0,0,0,0,0,-4.512089774,-4.282109333,0,0,0,0,0
268,1789388657841696098,41556894236374,-0.0001262689329,1,1,0,0,1,0,0,0,0,0,-1,0.5,0,0,1000000000,0,1,1,0,0,0,0,0,0,0,0,0,-4.512089774,-4.282109333,0,0,0,0,0
269,1789388657851696595,41556904236871,-4.183768397e-05,1,1,0,0,1,0,0,0,0,0,-1,0.5,0,0,1000000000,0,1,1,0,0,0,0,0,0,0,0,0,-4.512089774,-4.282109333,0,0,0,0,0
270,1789388657861694545,41556914234821,0.0001400769834,1,1,0,0,1,0,0,0,0,0,-1,0.5,0,0,1000000000,0,1,1,0,0,0,0,0,0,0,0,0,-4.512089774,-4.282109333,0,0,0,0,0
271,1789388657871693976,41556924234252,0.000307443057,1,1,0,0,1,0,0,0,0,0,-1,0.5,0,0,1000000000,0,1,1,0,0,0,0,0,0,0,0,0,-4.512089774,-4.282109333,0,0,0,0,0
272,1789388657881698352,41556934238630,0.0001725833572,1,1,0,0,1,0,0,0,0,0,-1,0.5,0,0,1000000000,0,1,1,0,0,0,0,0,0,0,0,0,-4.512089774,-4.282109333,0,0,0,0,0
273,1789388657891691695,41556944231970,-6.220397336e-05,1,1,0,0,1,0,0,0,0,0,-1,0.5,0,0,1000000000,0,1,1,0,0,0,0,0,0,0,0,0,-4.512089774,-4.282109333,0,0,0,0,0
274,1789388657901705278,41556954245553,-0.0002916366793,1,1,0,0,1,0,0,0,0,0,-1,0.5,0,0,1000000000,0,1,1,0,0,0,0,0,0,0,0,0,-4.512089774,-4.282109333,0,0,0,0,0
275,1789388657911699669,41556964239942,-0.0002074370714,1,1,0,0,1,0,0,0,0,0,-1,0.5,0,0,1000000000,0,1,1,0,0,0,0,0,0,0,0,0,-4.512089774,-4.282109333,0,0,0,0,0
276,1789388657921694293,41556974234570,5.099636837e-05,1,1,0,0,1,0,0,0,0,0,-1,0.5,0,0,1000000000,0,1,1,0,0,0,0,0,0,0,0,0,-4.512089774,-4.282109333,0,0,0,0,0
277,1789388657931694510,41556984234789,0.0002994014649,1,1,0,0,1,0,0,0,0,0,-1,0.5,0,0,1000000000,0,1,1,0,0,0,0,0,0,0,0,0,-4.512089774,-4.282109333,0,0,0,0,0
278,1789388657941700020,41556994240294,0.0002052755444,1,1,0,0,1,0,0,0,0,0,-1,0.5,0,0,1000000000,0,1,1,0,0,0,0,0,0,0,0,0,-4.512089774,-4.282109333,0,0,0,0,0
279,1789388657951705618,41557004245887,3.872133675e-05,1,1,0,0,1,0,0,0,0,0,-1,0.5,0,0,1000000000,0,1,1,0,0,0,0,0,0,0,0,0,-4.512089774,-4.282109333,0,0,0,0,0
280,1789388657961703255,41557014243532,-0.0001486683323,1,1,0,0,1,0,0,0,0,0,-1,0.5,0,0,1000000000,0,1,1,0,0,0,0,0,0,0,0,0,-4.512089774,-4.282109333,0,0,0,0,0
281,1789388657971691955,41557024232231,-0.0003360580013,1,1,0,0,1,0,0,0,0,0,-1,0.5,0,0,1000000000,0,1,1,0,0,0,0,0,0,0,0,0,-4.512089774,-4.282109333,0,0,0,0,0
282,1789388657981692344,41557034232613,-0.000205063523,1,1,0,0,1,0,0,0,0,0,-1,0.5,0,0,1000000000,0,1,1,0,0,0,0,0,0,0,0,0,-4.512089774,-4.282109333,0,0,0,0,0
283,1789388657991706296,41557044246572,7.409109094e-05,1,1,0,0,1,0,0,0,0,0,-1,0.5,0,0,1000000000,0,1,1,0,0,0,0,0,0,0,0,0,-4.512089774,-4.282109333,0,0,0,0,0
284,1789388658001709258,41557054249531,0.0003376270179,1,1,0,0,1,0,0,0,0,0,-1,0.5,0,0,1000000000,0,1,1,0,0,0,0,0,0,0,0,0,-4.512089774,-4.282109333,0,0,0,0,0
285,1789388658011716569,41557064256838,0.0002447156294,1,1,0,0,1,0,0,0,0,0,-1,0.5,0,0,1000000000,0,1,1,0,0,0,0,0,0,0,0,0,-4.512089774,-4.282109333,0,0,0,0,0
286,1789388658021714059,41557074254333,5.33446073e-05,1,1,0,0,1,0,0,0,0,0,-1,0.5,0,0,1000000000,0,1,1,0,0,0,0,0,0,0,0,0,-4.512089774,-4.282109333,0,0,0,0,0
287,1789388658031720670,41557084260946,-0.0001469965937,1,1,0,0,1,0,0,0,0,0,-1,0.5,0,0,1000000000,0,1,1,0,0,0,0,0,0,0,0,0,-4.512089774,-4.282109333,0,0,0,0,0
288,1789388658041754977,41557094295004,-0.0001408282551,1,1,0,0,1,0,0,0,0,0,-1,0.5,0,0,1000000000,0,1,1,0,0,0,0,0,0,0,0,0,-4.512089774,-4.282109333,0,0,0,0,0
289,1789388658051753773,41557104294043,-6.502670294e-05,1,1,0,0,1,0,0,0,0,0,-1,0.5,0,0,1000000000,0,1,1,0,0,0,0,0,0,0,0,0,-4.512089774,-4.282109333,0,0,0,0,0
290,1789388658061712232,41557114252507,0.0001514406613,1,1,0,0,1,0,0,0,0,0,-1,0.5,0,0,1000000000,0,1,1,0,0,0,0,0,0,0,0,0,-4.512089774,-4.282109333,0,0,0,0,0
291,1789388658071712457,41557124252731,0.0002073924261,1,1,0,0,1,0,0,0,0,0,-1,0.5,0,0,1000000000,0,1,1,0,0,0,0,0,0,0,0,0,-4.512089774,-4.282109333,0,0,0,0,0
292,1789388658081719492,41557134259755,0.0001088072022,1,1,0,0,1,0,0,0,0,0,-1,0.5,0,0,1000000000,0,1,1,0,0,0,0,0,0,0,0,0,-4.512089774,-4.282109333,0,0,0,0,0
293,1789388658091752460,41557144292719,-6.769251922e-05,1,1,0,0,1,0,0,0,0,0,-1,0.5,0,0,1000000000,0,1,1,0,0,0,0,0,0,0,0,0,-4.512089774,-4.282109333,0,0,0,0,0
294,1789388658101713435,41557154253638,-0.0002295882296,1,1,0,0,1,0,0,0,0,0,-1,0.5,0,0,1000000000,0,1,1,0,0,0,0,0,0,0,0,0,-4.512089774,-4.282109333,0,0,0,0,0
295,1789388658111687506,41557164227782,-0.0001288265339,1,1,0,0,1,0,0,0,0,0,-1,0.5,0,0,1000000000,0,1,1,0,0,0,0,0,0,0,0,0,-4.512089774,-4.282109333,0,0,0,0,0
296,1789388658121760477,41557174300753,9.44477506e-05,1,1,0,0,1,0,0,0,0,0,-1,0.5,0,0,1000000000,0,1,1,0,0,0,0,0,0,0,0,0,-4.512089774,-4.282109333,0,0,0,0,0
297,1789388658131717436,41557184257630,0.0003010947548,1,1,0,0,1,0,0,0,0,0,-1,0.5,0,0,1000000000,0,1,1,0,0,0,0,0,0,0,0,0,-4.512089774,-4.282109333,0,0,0,0,0
298,1789388658141745176,41557194285434,0.0002632782562,1,1,0,0,1,0,0,0,0,0,-1,0.5,0,0,1000000000,0,1,1,0,0,0,0,0,0,0,0,0,-4.512089774,-4.282109333,0,0,0,0,0
299,1789388658151722499,41557204262777,3.553073111e-05,1,1,0,0,1,0,0,0,0,0,-1,0.5,0,0,1000000000,0,1,1,0,0,0,0,0,0,0,0,0,-4.512089774,-4.282109333,0,0,0,0,0
300,1789388658161771429,41557214311687,-0.0002029978205,1,1,0,0,1,0,0,0,0,0,-1,0.5,0,0,1000000000,0,1,1,0,0,0,0,0,0,0,0,0,-4.512089774,-4.282109333,0,0,0,0,0
301,1789388658171713363,41557224253564,-0.0002346368856,1,1,0,0,1,0,0,0,0,0,-1,0.5,0,0,1000000000,0,1,1,0,0,0,0,0,0,0,0,0,-4.512089774,-4.282109333,0,0,0,0,0
302,1789388658181747055,41557234287312,-8.335960592e-05,1,1,0,0,1,0,0,0,0,0,-1,0.5,0,0,1000000000,0,1,1,0,0,0,0,0,0,0,0,0,-4.512089774,-4.282109333,0,0,0,0,0
303,1789388658191740069,41557244280339,0.0001592733606,1,1,0,0,1,0,0,0,0,0,-1,0.5,0,0,1000000000,0,1,1,0,0,0,0,0,0,0,0,0,-4.512089774,-4.282109333,0,0,0,0,0
304,1789388658201708832,41557254249096,0.0002403627877,1,1,0,0,1,0,0,0,0,0,-1,0.5,0,0,1000000000,0,1,1,0,0,0,0,0,0,0,0,0,-4.512089774,-4.282109333,0,0,0,0,0
305,1789388658211725963,41557264266224,0.0001498979254,1,1,0,0,1,0,0,0,0,0,-1,0.5,0,0,1000000000,0,1,1,0,0,0,0,0,0,0,0,0,-4.512089774,-4.282109333,0,0,0,0,0
306,1789388658221720431,41557274260706,-3.799854312e-05,1,1,0,0,1,0,0,0,0,0,-1,0.5,0,0,1000000000,0,1,1,0,0,0,0,0,0,0,0,0,-4.512089774,-4.282109333,0,0,0,0,0
307,1789388658231719362,41557284259638,-0.0002216185239,1,1,0,0,1,0,0,0,0,0,-1,0.5,0,0,1000000000,0,1,1,0,0,0,0,0,0,0,0,0,-4.512089774,-4.282109333,0,0,0,0,0
308,1789388658241731823,41557294272091,-0.0001451150893,1,1,0,0,1,0,0,0,0,0,-1,0.5,0,0,1000000000,0,1,1,0,0,0,0,0,0,0,0,0,-4.512089774,-4.282109333,0,0,0,0,0
309,1789388658251713709,41557304253985,7.982515672e-05,1,1,0,0,1,0,0,0,0,0,-1,0.5,0,0,1000000000,0,1,1,0,0,0,0,0,0,0,0,0,-4.512089774,-4.282109333,0,0,0,0,0
310,1789388658261721634,41557314261911,0.0002843233815,1,1,0,0,1,0,0,0,0,0,-1,0.5,0,0,1000000000,0,1,1,0,0,0,0,0,0,0,0,0,-4.512089774,-4.282109333,0,0,0,0,0
311,1789388658271748473,41557324288497,0.0003200742649,1,1,0,0,1,0,0,0,0,0,-1,0.5,0,0,1000000000,0,1,1,0,0,0,0,0,0,0,0,0,-4.512089774,-4.282109333,0,0,0,0,0
312,1789388658281714846,41557334255117,0.0001358680311,1,1,0,0,1,0,0,0,0,0,-1,0.5,0,0,1000000000,0,1,1,0,0,0,0,0,0,0,0,0,-4.512089774,-4.282109333,0,0,0,0,0
313,1789388658291714608,41557344254886,-7.898965123e-05,1,1,0,0,1,0,0,0,0,0,-1,0.5,0,0,1000000000,0,1,1,0,0,0,0,0,0,0,0,0,-4.512089774,-4.282109333,0,0,0,0,0
314,1789388658301720898,41557354261163,-0.0002787947305,1,1,0,0,1,0,0,0,0,0,-1,0.5,0,0,1000000000,0,1,1,0,0,0,0,0,0,0,0,0,-4.512089774,-4.282109333,0,0,0,0,0
315,1789388658311711642,41557364251910,-0.0001543325343,1,1,0,0,1,0,0,0,0,0,-1,0.5,0,0,1000000000,0,1,1,0,0,0,0,0,0,0,0,0,-4.512089774,-4.282109333,0,0,0,0,0
316,1789388658321716616,41557374256870,0.0001083585303,1,1,0,0,1,0,0,0,0,0,-1,0.5,0,0,1000000000,0,1,1,0,0,0,0,0,0,0,0,0,-4.512089774,-4.282109333,0,0,0,0,0
317,1789388658331718651,41557384258920,0.0003243008687,1,1,0,0,1,0,0,0,0,0,-1,0.5,0,0,1000000000,0,1,1,0,0,0,0,0,0,0,0,0,-4.512089774,-4.282109333,0,0,0,0,0
318,1789388658341756744,41557394296852,9.921558376e-05,1,1,0,0,1,0,0,0,0,0,-1,0.5,0,0,1000000000,0,1,1,0,0,0,0,0,0,0,0,0,-4.512089774,-4.282109333,0,0,0,0,0
319,1789388658351715590,41557404255866,-8.555458044e-05,1,1,0,0,1,0,0,0,0,0,-1,0.5,0,0,1000000000,0,1,1,0,0,0,0,0,0,0,0,0,-4.512089774,-4.282109333,0,0,0,0,0
320,1789388658361728200,41557414268463,-0.0003059844603,1,1,0,0,1,0,0,0,0,0,-1,0.5,0,0,1000000000,0,1,1,0,0,0,0,0,0,0,0,0,-4.512089774,-4.282109333,0,0,0,0,0
321,1789388658371703120,41557424243363,-0.0001941594237,1,1,0,0,1,0,0,0,0,0,-1,0.5,0,0,1000000000,0,1,1,0,0,0,0,0,0,0,0,0,-4.512089774,-4.282109333,0,0,0,0,0
322,1789388658381704252,41557434244527,6.535549915e-07,1,1,0,0,1,0,0,0,0,0,-1,0.5,0,0,1000000000,0,1,1,0,0,0,0,0,0,0,0,0,-4.512089774,-4.282109333,0,0,0,0,0
323,1789388658391722187,41557444262450,0.0001708709315,1,1,0,0,1,0,0,0,0,0,-1,0.5,0,0,1000000000,0,1,1,0,0,0,0,0,0,0,0,0,-4.512089774,-4.282109333,0,0,0,0,0
324,1789388658401714805,41557454255078,0.0001646345627,1,1,0,0,1,0,0,0,0,0,-1,0.5,0,0,1000000000,0,1,1,0,0,0,0,0,0,0,0,0,-4.512089774,-4.282109333,0,0,0,0,0
325,1789388658411789983,41557464330248,-3.040345064e-06,1,1,0,0,1,0,0,0,0,0,-1,0.5,0,0,1000000000,0,1,1,0,0,0,0,0,0,0,0,0,-4.512089774,-4.282109333,0,0,0,0,0
326,1789388658421788047,41557474328324,-0.0002093703661,1,1,0,0,1,0,0,0,0,0,-1,0.5,0,0,1000000000,0,1,1,0,0,0,0,0,0,0,0,0,-4.512089774,-4.282109333,0,0,0,0,0
327,1789388658431755258,41557484295534,-0.0002659261809,1,1,0,0,1,0,0,0,0,0,-1,0.5,0,0,1000000000,0,1,1,0,0,0,0,0,0,0,0,0,-4.512089774,-4.282109333,0,0,0,0,0
328,1789388658441735491,41557494275767,-0.0001684343151,1,1,0,0,1,0,0,0,0,0,-1,0.5,0,0,1000000000,0,1,1,0,0,0,0,0,0,0,0,0,-4.512089774,-4.282109333,0,0,0,0,0
329,1789388658451724644,41557504264898,6.030416625e-05,1,1,0,0,1,0,0,0,0,0,-1,0.5,0,0,1000000000,0,1,1,0,0,0,0,0,0,0,0,0,-4.512089774,-4.282109333,0,0,0,0,0
330,1789388658461718904,41557514259181,0.0002564539318,1,1,0,0,1,0,0,0,0,0,-1,0.5,0,0,1000000000,0,1,1,0,0,0,0,0,0,0,0,0,-4.512089774,-4.282109333,0,0,0,0,0
331,1789388658471711824,41557524252094,7.062403165e-05,1,1,0,0,1,0,0,0,0,0,-1,0.5,0,0,1000000000,0,1,1,0,0,0,0,0,0,0,0,0,-4.512089774,-4.282109333,0,0,0,0,0
332,1789388658481718694,41557534258965,-0.0001102477618,1,1,0,0,1,0,0,0,0,0,-1,0.5,0,0,1000000000,0,1,1,0,0,0,0,0,0,0,0,0,-4.512089774,-4.282109333,0,0,0,0,0
333,1789388658491720616,41557544260887,-0.00034449136,1,1,0,0,1,0,0,0,0,0,-1,0.5,0,0,1000000000,0,1,1,0,0,0,0,0,0,0,0,0,-4.512089774,-4.282109333,0,0,0,0,0
334,1789388658501760057,41557554300333,-0.0002283670328,1,1,0,0,1,0,0,0,0,0,-1,0.5,0,0,1000000000,0,1,1,0,0,0,0,0,0,0,0,0,-4.512089774,-4.282109333,0,0,0,0,0
335,1789388658511757048,41557564297322,-4.612436533e-05,1,1,0,0,1,0,0,0,0,0,-1,0.5,0,0,1000000000,0,1,1,0,0,0,0,0,0,0,0,0,-4.512089774,-4.282109333,0,0,0,0,0
336,1789388658521717754,41557574258024,0.0001142676701,1,1,0,0,1,0,0,0,0,0,-1,0.5,0,0,1000000000,0,1,1,0,0,0,0,0,0,0,0,0,-4.512089774,-4.282109333,0,0,0,0,0
337,1789388658531720522,41557584260792,0.0001008906402,1,1,0,0,1,0,0,0,0,0,-1,0.5,0,0,1000000000,0,1,1,0,0,0,0,0,0,0,0,0,-4.512089774,-4.282109333,0,0,0,0,0
338,1789388658541738407,41557594278607,-1.8869614e-05,1,1,0,0,1,0,0,0,0,0,-1,0.5,0,0,1000000000,0,1,1,0,0,0,0,0,0,0,0,0,-4.512089774,-4.282109333,0,0,0,0,0
339,1789388658551712567,41557604252840,-0.000227399898,1,1,0,0,1,0,0,0,0,0,-1,0.5,0,0,1000000000,0,1,1,0,0,0,0,0,0,0,0,0,-4.512089774,-4.282109333,0,0,0,0,0
340,1789388658561722330,41557614262608,-0.000289951975,1,1,0,0,1,0,0,0,0,0,-1,0.5,0,0,1000000000,0,1,1,0,0,0,0,0,0,0,0,0,-4.512089774,-4.282109333,0,0,0,0,0
341,1789388658571734783,41557624275056,-0.0001123614857,1,1,0,0,1,0,0,0,0,0,-1,0.5,0,0,1000000000,0,1,1,0,0,0,0,0,0,0,0,0,-4.512089774,-4.282109333,0,0,0,0,0
342,1789388658581730094,41557634270365,8.661735774e-05,1,1,0,0,1,0,0,0,0,0,-1,0.5,0,0,1000000000,0,1,1,0,0,0,0,0,0,0,0,0,-4.512089774,-4.282109333,0,0,0,0,0
343,1789388658591714641,41557644254919,0.0001215829179,1,1,0,0,1,0,0,0,0,0,-1,0.5,0,0,1000000000,0,1,1,0,0,0,0,0,0,0,0,0,-4.512089774,-4.282109333,0,0,0,0,0
344,1789388658601717206,41557654257464,8.936084487e-05,1,1,0,0,1,0,0,0,0,0,-1,0.5,0,0,1000000000,0,1,1,0,0,0,0,0,0,0,0,0,-4.512089774,-4.282109333,0,0,0,0,0
345,1789388658611728894,41557664269173,-9.470601071e-05,1,1,0,0,1,0,0,0,0,0,-1,0.5,0,0,1000000000,0,1,1,0,0,0,0,0,0,0,0,0,-4.512089774,-4.282109333,0,0,0,0,0
346,1789388658621716324,41557674256586,-0.0001811151596,1,1,0,0,1,0,1,0,0,0,-1,0.5,0,0,1000000000,0,1,1,0,0,0,0,0,0,0,0,0,-4.512089774,-4.282109333,0,0,0,0,0
347,1789388658631717070,41557684257339,-0.0002303672227,1,1,0,0,1,0,0,0,0,0,-1,0.5,0,0,1000000000,0,1,1,0,0,0,0,0,0,0,0,0,-4.512089774,-4.282109333,0,0,0,0,0
348,1789388658641760555,41557694300816,6.942536402e-06,1,1,0,0,1,0,0,0,0,0,-1,0.5,0,0,1000000000,0,1,1,0,0,0,0,0,0,0,0,0,-4.512089774,-4.282109333,0,0,0,0,0
349,1789388658651729275,41557704269546,0.0001051025101,1,1,0,0,1,1,0,0,0,0,-1,0.5,0,0,1000000000,1,1,1,0,0,0,0,0,0,0,0,0,-4.512089774,-4.282109333,0,0,0,0,0
350,1789388658661733555,41557714273824,0.0001483118103,1,1,0,0,1,1,0,0,0,0,-1,0.5,0,0,1000000000,1,1,1,0,0,0,0,0,0,0,0,0,-4.512089774,-4.282109333,0,0,0,0,0
351,1789388658671717241,41557724257514,5.868111202e-06,1,1,0,0,1,1,0,0,0,0,-1,0.5,0,0,1000000000,1,1,1,0,0,0,0,0,0,0,0,0,-4.512089774,-4.282109333,0,0,0,0,0
352,1789388658681753534,41557734293811,-9.859466809e-05,1,1,0,0,1,1,0,0,0,0,-1,0.5,0,0,1000000000,1,1,1,0,0,0,0,0,0,0,0,0,-4.512089774,-4.282109333,0,0,0,0,0
353,1789388658691716866,41557744257067,-0.000105498606,1,1,0,0,1,1,0,0,0,0,-1,0.5,0,0,1000000000,1,1,1,0,0,0,0,0,0,0,0,0,-4.512089774,-4.282109333,0,0,0,0,0
354,1789388658701717235,41557754257506,5.327030885e-05,1,1,0,0,1,1,0,0,0,0,-1,0.5,0,0,1000000000,1,1,1,0,0,0,0,0,0,0,0,0,-4.512089774,-4.282109333,0,0,0,0,0
355,1789388658711723449,41557764263725,0.0001171057884,1,1,0,0,1,1,0,0,0,0,-1,0.5,0,0,1000000000,1,1,1,0,0,0,0,0,0,0,0,0,-4.512089774,-4.282109333,0,0,0,0,0
356,1789388658721705642,41557774245913,0.0001623238059,1,1,0,0,1,1,0,0,0,0,-1,0.5,0,0,1000000000,1,1,1,0,0,0,0,0,0,0,0,0,-4.512089774,-4.282109333,0,0,0,0,0
357,1789388658739216032,41557791756306,-0.0001580634416,1,1,0,0,1,1,1,0,0,0,-1,0.5,0,0,1000000000,1,1,1,0,0,0,0,0,0,0,0,0,-4.512089774,-4.282109333,0,0,0,0,0
358,1789388658741714100,41557794254376,-0.0001580634416,1,1,0,0,1,1,0,0,0,0,-1,0.5,0,0,1000000000,1,1,1,0,0,0,0,0,0,0,0,0,-4.512089774,-4.282109333,0,0,0,0,0
359,1789388658751712634,41557804252908,-0.0001477944024,1,1,0,0,1,1,0,0,0,0,-1,0.5,0,0,1000000000,1,1,1,0,0,0,0,0,0,0,0,0,-4.512089774,-4.282109333,0,0,0,0,0
360,1789388658761733643,41557814273907,-0.0001015445159,1,1,0,0,1,1,0,0,0,0,-1,0.5,0,0,1000000000,1,1,1,0,0,0,0,0,0,0,0,0,-4.512089774,-4.282109333,0,0,0,0,0
361,1789388658771712644,41557824252909,0.0001199057951,1,1,0,0,1,1,0,0,0,0,-1,0.5,0,0,1000000000,1,1,1,0,0,0,0,0,0,0,0,0,-4.512089774,-4.282109333,0,0,0,0,0
362,1789388658781676476,41557834216738,0.0002188083599,1,1,0,0,1,1,0,0,0,0,-1,0.5,0,0,1000000000,1,1,1,0,0,0,0,0,0,0,0,0,-4.512089774,-4.282109333,0,0,0,0,0
363,1789388658791718017,41557844258284,0.000225476193,1,1,0,0,1,1,0,0,0,0,-1,0.5,0,0,1000000000,1,1,1,0,0,0,0,0,0,0,0,0,-4.512089774,-4.282109333,0,0,0,0,0
364,1789388658801707044,41557854247308,5.039052121e-05,1,1,0,0,1,1,0,0,0,0,-1,0.5,0,0,1000000000,1,1,1,0,0,0,0,0,0,0,0,0,-4.512089774,-4.282109333,0,0,0,0,0
365,1789388658811712590,41557864252864,-8.792861627e-05,1,1,0,0,1,1,0,0,0,0,-1,0.5,0,0,1000000000,1,1,1,0,0,0,0,0,0,0,0,0,-4.512089774,-4.282109333,0,0,0,0,0
366,1789388658821696906,41557874237182,-0.0001071592123,1,1,0,0,1,1,0,0,0,0,-1,0.5,0,0,1000000000,1,1,1,0,0,0,0,0,0,0,0,0,-4.512089774,-4.282109333,0,0,0,0,0
367,1789388658831702242,41557884242518,9.135168511e-05,1,1,0,0,1,1,0,0,0,0,-1,0.5,0,0,1000000000,1,1,1,0,0,0,0,0,0,0,0,0,-4.512089774,-4.282109333,0,0,0,0,0
368,1789388658841713863,41557894254139,0.0001158908926,1,1,0,0,1,1,1,0,0,0,-1,0.5,0,0,1000000000,1,1,1,0,0,0,0,0,0,0,0,0,-4.512089774,-4.282109333,0,0,0,0,0
369,1789388658851706679,41557904246954,0.0001665962918,1,1,0,0,1,1,0,0,0,0,-1,0.5,0,0,1000000000,0,1,1,0,0,0,0,0,0,0,0,0,-4.512089774,-4.282109333,0,0,0,0,0
370,1789388658861704179,41557914244454,8.913862985e-05,1,1,0,0,1,1,0,0,0,0,-1,0.5,0,0,1000000000,0,1,1,0,0,0,0,0,0,0,0,0,-4.512089774,-4.282109333,0,0,0,0,0
371,1789388658871697482,41557924237759,-5.97142789e-05,1,1,0,0,1,1,0,0,0,0,-1,0.5,0,0,1000000000,0,1,1,0,0,0,0,0,0,0,0,0,-4.512089774,-4.282109333,0,0,0,0,0
372,1789388658881708940,41557934249215,-0.0002017560764,1,1,0,0,1,1,0,0,0,0,-1,0.5,0,0,1000000000,0,1,1,0,0,0,0,0,0,0,0,0,-4.512089774,-4.282109333,0,0,0,0,0
373,1789388658891704065,41557944244339,-0.0001028827028,1,1,0,0,1,1,0,0,0,0,-1,0.5,0,0,1000000000,0,1,1,0,0,0,0,0,0,0,0,0,-4.512089774,-4.282109333,0,0,0,0,0
374,1789388658901705381,41557954245656,0.0001272299705,1,1,0,0,1,1,0,0,0,0,-1,0.5,0,0,1000000000,0,1,1,0,0,0,0,0,0,0,0,0,-4.512089774,-4.282109333,0,0,0,0,0
375,1789388658911700804,41557964241078,0.0001465639507,1,1,0,0,1,1,0,0,0,0,-1,0.5,0,0,1000000000,0,1,1,0,0,0,0,0,0,0,0,0,-4.512089774,-4.282109333,0,0,0,0,0
376,1789388658921707794,41557974248066,5.743714428e-05,1,1,0,0,1,1,0,0,0,0,-1,0.5,0,0,1000000000,0,1,1,0,0,0,0,0,0,0,0,0,-4.512089774,-4.282109333,0,0,0,0,0
377,1789388658931693691,41557984233969,-8.732984861e-05,1,1,0,0,1,1,0,0,0,0,-1,0.5,0,0,1000000000,0,1,1,0,0,0,0,0,0,0,0,0,-4.512089774,-4.282109333,0,0,0,0,0
378,1789388658941695074,41557994235340,-0.0002841406094,1,1,0,0,1,1,1,0,0,0,-1,0.5,0,0,1000000000,0,1,1,0,0,0,0,0,0,0,0,0,-4.512089774,-4.282109333,0,0,0,0,0
379,1789388658951697346,41558004237618,-0.0002089469635,1,1,0,0,1,1,0,0,0,0,-1,0.5,0,0,1000000000,0,1,1,0,0,0,0,0,0,0,0,0,-4.512089774,-4.282109333,0,0,0,0,0
380,1789388658961704319,41558014244592,-1.839483411e-05,1,1,0,0,1,1,0,0,0,0,-1,0.5,0,0,1000000000,0,1,1,0,0,0,0,0,0,0,0,0,-4.512089774,-4.282109333,0,0,0,0,0
381,1789388658971801036,41558024341058,0.0001649562473,1,1,0,0,1,1,0,0,0,0,-1,0.5,0,0,1000000000,0,1,1,0,0,0,0,0,0,0,0,0,-4.512089774,-4.282109333,0,0,0,0,0
382,1789388658981698098,41558034238373,0.0002039297542,1,1,0,0,1,1,0,0,0,0,-1,0.5,0,0,1000000000,0,1,1,0,0,0,0,0,0,0,0,0,-4.512089774,-4.282109333,0,0,0,0,0
383,1789388658991698038,41558044238312,5.44361792e-05,1,1,0,0,1,1,0,0,0,0,-1,0.5,0,0,1000000000,0,1,1,0,0,0,0,0,0,0,0,0,-4.512089774,-4.282109333,0,0,0,0,0
384,1789388659001703261,41558054243538,-0.0001845637598,1,1,0,0,1,1,0,0,0,0,-1,0.5,0,0,1000000000,0,1,1,0,0,0,0,0,0,0,0,0,-4.512089774,-4.282109333,0,0,0,0,0
385,1789388659011698792,41558064239065,-0.0002699800825,1,1,0,0,1,1,0,0,0,0,-1,0.5,0,0,1000000000,0,1,1,0,0,0,0,0,0,0,0,0,-4.512089774,-4.282109333,0,0,0,0,0
386,1789388659021701621,41558074241895,-0.0001642486168,1,1,0,0,1,1,0,0,0,0,-1,0.5,0,0,1000000000,0,1,1,0,0,0,0,0,0,0,0,0,-4.512089774,-4.282109333,0,0,0,0,0
387,1789388659031702387,41558084242662,6.751070941e-06,1,1,0,0,1,1,0,0,0,0,-1,0.5,0,0,1000000000,0,1,1,0,0,0,0,0,0,0,0,0,-4.512089774,-4.282109333,0,0,0,0,0
388,1789388659041710969,41558094251244,0.0002122605947,1,1,0,0,1,1,1,0,0,0,-1,0.5,0,0,1000000000,0,1,1,0,0,0,0,0,0,0,0,0,-4.512089774,-4.282109333,0,0,0,0,0
389,1789388659051704928,41558104245199,0.0001084213873,1,1,0,0,1,1,0,0,0,0,-1,0.5,0,0,1000000000,0,1,1,0,0,0,0,0,0,0,0,0,-4.512089774,-4.282109333,0,0,0,0,0
390,1789388659061712200,41558114252477,-6.973228301e-05,1,1,0,0,1,1,0,0,0,0,-1,0.5,0,0,1000000000,0,1,1,0,0,0,0,0,0,0,0,0,-4.512089774,-4.282109333,0,0,0,0,0
391,1789388659071700625,41558124240901,-0.0002990642097,1,1,0,0,1,1,0,0,0,0,-1,0.5,0,0,1000000000,0,1,1,0,0,0,0,0,0,0,0,0,-4.512089774,-4.282109333,0,0,0,0,0
392,1789388659081699051,41558134239326,-0.0003492316755,1,1,0,0,1,1,0,0,0,0,-1,0.5,0,0,1000000000,0,1,1,0,0,0,0,0,0,0,0,0,-4.512089774,-4.282109333,0,0,0,0,0
393,1789388659091700575,41558144240844,-0.0001742257591,1,1,0,0,1,1,0,0,0,0,-1,0.5,0,0,1000000000,0,1,1,0,0,0,0,0,0,0,0,0,-4.512089774,-4.282109333,0,0,0,0,0
394,1789388659101698675,41558154238944,5.906298975e-05,1,1,0,0,1,1,0,0,0,0,-1,0.5,0,0,1000000000,0,1,1,0,0,0,0,0,0,0,0,0,-4.512089774,-4.282109333,0,0,0,0,0
395,1789388659111706042,41558164246319,0.0001464901143,1,1,0,0,1,1,0,0,0,0,-1,0.5,0,0,1000000000,0,1,1,0,0,0,0,0,0,0,0,0,-4.512089774,-4.282109333,0,0,0,0,0
396,1789388659121706469,41558174246745,0.0001366793149,1,1,0,0,1,1,0,0,0,0,-1,0.5,0,0,1000000000,0,1,1,0,0,0,0,0,0,0,0,0,-4.512089774,-4.282109333,0,0,0,0,0
397,1789388659131700733,41558184241008,-9.529200906e-05,1,1,0,0,1,1,0,0,0,0,-1,0.5,0,0,1000000000,0,1,1,0,0,0,0,0,0,0,0,0,-4.512089774,-4.282109333,0,0,0,0,0
398,1789388659141710882,41558194251155,-0.0001646620367,1,1,0,0,1,1,1,0,0,0,-1,0.5,0,0,1000000000,0,1,1,0,0,0,0,0,0,0,0,0,-4.512089774,-4.282109333,0,0,0,0,0
399,1789388659151694966,41558204235242,-0.0002432552865,1,1,0,0,1,1,0,0,0,0,-1,0.5,0,0,1000000000,0,1,1,0,0,0,0,0,0,0,0,0,-4.512089774,-4.282109333,0,0,0,0,0
400,1789388659161715437,41558214255711,-0.0001599640818,1,1,0,0,1,1,0,0,0,0,-1,0.5,0,0,1000000000,0,1,1,0,0,0,0,0,0,0,0,0,-4.512089774,-4.282109333,0,0,0,0,0
401,1789388659171702628,41558224242905,-6.160824705e-05,1,1,0,0,1,1,0,0,0,0,-1,0.5,0,0,1000000000,0,1,1,0,0,0,0,0,0,0,0,0,-4.512089774,-4.282109333,0,0,0,0,0
402,1789388659181696732,41558234237007,7.677952817e-05,1,1,0,0,1,1,0,0,0,0,-1,0.5,0,0,1000000000,0,1,1,0,0,0,0,0,0,0,0,0,-4.512089774,-4.263556,0,0,0,0,0
403,1789388659191695227,41558244235505,9.436789696e-05,1,1,0,0,1,1,0,0,0,0,-1,0.5,0,0,1000000000,0,1,1,0,0,0,0,0,0,0,0,0,-4.512089774,-4.263556,0,0,0,0,0
404,1789388659201696457,41558254236734,-6.213850429e-05,1,1,0,0,1,1,0,0,0,0,-1,0.5,0,0,1000000000,0,1,1,0,0,0,0,0,0,0,0,0,-4.512089774,-4.263556,0,0,0,0,0
405,1789388659211692102,41558264232377,-8.932354831e-05,1,1,0,0,1,1,0,0,0,0,-1,0.5,0,0,1000000000,0,1,1,0,0,0,0,0,0,0,0,0,-4.512089774,-4.263556,0,0,0,0,0
406,1789388659221718088,41558274258363,-0.0001724851172,1,1,0,0,1,1,0,0,0,0,-1,0.5,0,0,1000000000,0,1,1,0,0,0,0,0,0,0,0,0,-4.512089774,-4.263556,0,0,0,0,0
407,1789388659231696065,41558284236340,-3.256702621e-05,1,1,0,0,1,1,0,0,0,0,-1,0.5,0,0,1000000000,0,1,1,0,0,0,0,0,0,0,0,0,-4.512089774,-4.263556,0,0,0,0,0
408,1789388659241695405,41558294235680,0.0001162750268,1,1,0,0,1,1,1,0,0,0,-1,0.5,0,0,1000000000,0,1,1,0,0,0,0,0,0,0,0,0,-4.512089774,-4.263556,0,0,0,0,0
409,1789388659251696123,41558304236397,0.0001753037359,1,1,0,0,1,1,0,0,0,0,-1,0.5,0,0,1000000000,0,1,1,0,0,0,0,0,0,0,0,0,-4.512089774,-4.263556,0,0,0,0,0
410,1789388659261702546,41558314242822,-1.51688846e-05,1,1,0,0,1,1,0,0,0,0,-1,0.5,0,0,1000000000,0,1,1,0,0,0,0,0,0,0,0,0,-4.512089774,-4.263556,0,0,0,0,0
411,1789388659271700530,41558324240803,-0.0001562081306,1,1,0,0,1,1,0,0,0,0,-1,0.5,0,0,1000000000,0,1,1,0,0,0,0,0,0,0,0,0,-4.512089774,-4.263556,0,0,0,0,0
412,1789388659281700452,41558334240729,-0.000297247374,1,1,0,0,1,1,0,0,0,0,-1,0.5,0,0,1000000000,0,1,1,0,0,0,0,0,0,0,0,0,-4.512089774,-4.263556,0,0,0,0,0
413,1789388659291709308,41558344249585,-0.0002261803456,1,1,0,0,1,1,0,0,0,0,-1,0.5,0,0,1000000000,0,1,1,0,0,0,0,0,0,0,0,0,-4.512089774,-4.263556,0,0,0,0,0
414,1789388659301709464,41558354249739,-7.56800946e-05,1,1,0,0,1,1,0,0,0,0,-1,0.5,0,0,1000000000,0,1,1,0,0,0,0,0,0,0,0,0,-4.512089774,-4.263556,0,0,0,0,0
415,1789388659311719294,41558364259560,7.635083603e-05,1,1,0,0,1,1,0,0,0,0,-1,0.5,0,0,1000000000,0,1,1,0,0,0,0,0,0,0,0,0,-4.512089774,-4.263556,0,0,0,0,0
416,1789388659321712581,41558374252857,4.840226393e-05,1,1,0,0,1,1,0,0,0,0,-1,0.5,0,0,1000000000,0,1,1,0,0,0,0,0,0,0,0,0,-4.512089774,-4.263556,0,0,0,0,0
417,1789388659331714456,41558384254733,4.380535756e-06,1,1,0,0,1,1,0,0,0,0,-1,0.5,0,0,1000000000,0,1,1,0,0,0,0,0,0,0,0,0,-4.512089774,-4.263556,0,0,0,0,0
418,1789388659341760551,41558394300827,-7.415103028e-05,1,1,0,0,1,1,1,0,0,0,-1,0.5,0,0,1000000000,0,1,1,0,0,0,0,0,0,0,0,0,-4.512089774,-4.263556,0,0,0,0,0
419,1789388659351766574,41558404306837,-5.413366671e-05,1,1,0,0,1,1,0,0,0,0,-1,0.5,0,0,1000000000,0,1,1,0,0,0,0,0,0,0,0,0,-4.512089774,-4.263556,0,0,0,0,0
420,1789388659361721847,41558414262120,4.21733057e-06,1,1,0,0,1,1,0,0,0,0,-1,0.5,0,0,1000000000,0,1,1,0,0,0,0,0,0,0,0,0,-4.512089774,-4.263556,0,0,0,0,0
421,1789388659371711823,41558424252102,9.597950702e-05,1,1,0,0,1,1,0,0,0,0,-1,0.5,0,0,1000000000,0,1,1,0,0,0,0,0,0,0,0,0,-4.512089774,-4.263556,0,0,0,0,0
422,1789388659381712632,41558434252904,0.0001245245367,1,1,0,0,1,1,0,0,0,0,-1,0.5,0,0,1000000000,0,1,1,0,0,0,0,0,0,0,0,0,-4.512089774,-4.263556,0,0,0,0,0
423,1789388659391754638,41558444294906,1.396433163e-05,1,1,0,0,1,1,0,0,0,0,-1,0.5,0,0,1000000000,0,1,1,0,0,0,0,0,0,0,0,0,-4.512089774,-4.263556,0,0,0,0,0
424,1789388659401711092,41558454251368,-5.997802509e-05,1,1,0,0,1,1,0,0,0,0,-1,0.5,0,0,1000000000,0,1,1,0,0,0,0,0,0,0,0,0,-4.512089774,-4.263556,0,0,0,0,0
425,1789388659411705146,41558464245419,-6.411779759e-05,1,1,0,0,1,1,0,0,0,0,-1,0.5,0,0,1000000000,0,1,1,0,0,0,0,0,0,0,0,0,-4.512089774,-4.263556,0,0,0,0,0
426,1789388659421704401,41558474244674,-7.43837445e-05,1,1,0,0,1,1,0,0,0,0,-1,0.5,0,0,1000000000,0,1,1,0,0,0,0,0,0,0,0,0,-4.512089774,-4.263556,0,0,0,0,0
427,1789388659431697572,41558484237849,9.353842324e-05,1,1,0,0,1,1,0,0,0,0,-1,0.5,0,0,1000000000,0,1,1,0,0,0,0,0,0,0,0,0,-4.512089774,-4.263556,0,0,0,0,0
428,1789388659441701108,41558494241374,0.0001590333122,1,1,0,0,1,1,1,0,0,0,-1,0.5,0,0,1000000000,0,1,1,0,0,0,0,0,0,0,0,0,-4.512089774,-4.263556,0,0,0,0,0
429,1789388659451713806,41558504254079,0.0001553253242,1,1,0,0,1,1,0,0,0,0,-1,0.5,0,0,1000000000,0,1,1,0,0,0,0,0,0,0,0,0,-4.512089774,-4.263556,0,0,0,0,0
430,1789388659461700602,41558514240874,-2.511136699e-05,1,1,0,0,1,1,0,0,0,0,-1,0.5,0,0,1000000000,0,1,1,0,0,0,0,0,0,0,0,0,-4.512089774,-4.263556,0,0,0,0,0
431,1789388659471695152,41558524235425,-3.906293205e-05,1,1,0,0,1,1,0,0,0,0,-1,0.5,0,0,1000000000,0,1,1,0,0,0,0,0,0,0,0,0,-4.512089774,-4.263556,0,0,0,0,0
432,1789388659481700564,41558534240839,-8.045847062e-05,1,1,0,0,1,1,0,0,0,0,-1,0.5,0,0,1000000000,0,1,1,0,0,0,0,0,0,0,0,0,-4.512089774,-4.263556,0,0,0,0,0
433,1789388659491697851,41558544238124,-6.710535672e-05,1,1,0,0,1,1,0,0,0,0,-1,0.5,0,0,1000000000,0,1,1,0,0,0,0,0,0,0,0,0,-4.512089774,-4.263556,0,0,0,0,0
434,1789388659501692401,41558554232677,5.629086081e-05,1,1,0,0,1,1,0,0,0,0,-1,0.5,0,0,1000000000,0,1,1,0,0,0,0,0,0,0,0,0,-4.512089774,-4.263556,0,0,0,0,0
435,1789388659511693508,41558564233783,0.0001291753288,1,1,0,0,1,1,0,0,0,0,-1,0.5,0,0,1000000000,0,1,1,0,0,0,0,0,0,0,0,0,-4.512089774,-4.263556,0,0,0,0,0
436,1789388659521695613,41558574235887,0.0001310100633,1,1,0,0,1,1,0,0,0,0,-1,0.5,0,0,1000000000,0,1,1,0,0,0,0,0,0,0,0,0,-4.512089774,-4.263556,0,0,0,0,0
437,1789388659531694516,41558584234789,-4.702192746e-05,1,1,0,0,1,1,0,0,0,0,-1,0.5,0,0,1000000000,0,1,1,0,0,0,0,0,0,0,0,0,-4.512089774,-4.263556,0,0,0,0,0
438,1789388659541702518,41558594242792,-6.251395826e-05,1,1,0,0,1,1,1,0,0,0,-1,0.5,0,0,1000000000,0,1,1,0,0,0,0,0,0,0,0,0,-4.512089774,-4.263556,0,0,0,0,0
439,1789388659551691309,41558604231583,-8.347579569e-05,1,1,0,0,1,1,0,0,0,0,-1,0.5,0,0,1000000000,0,1,1,0,0,0,0,0,0,0,0,0,-4.512089774,-4.263556,0,0,0,0,0
440,1789388659561695076,41558614235352,9.42693805e-05,1,1,0,0,1,1,0,0,0,0,-1,0.5,0,0,1000000000,0,1,1,0,0,0,0,0,0,0,0,0,-4.512089774,-4.263556,0,0,0,0,0
441,1789388659571687464,41558624227746,0.0002335901227,1,1,0,0,1,1,0,0,0,0,-1,0.5,0,0,1000000000,0,1,1,0,0,0,0,0,0,0,0,0,-4.512089774,-4.263556,0,0,0,0,0
442,1789388659581707605,41558634247879,0.0001877316536,1,1,0,0,1,1,0,0,0,0,-1,0.5,0,0,1000000000,0,1,1,0,0,0,0,0,0,0,0,0,-4.512089774,-4.263556,0,0,0,0,0
443,1789388659591696785,41558644237059,2.142648191e-05,1,1,0,0,1,1,0,0,0,0,-1,0.5,0,0,1000000000,0,1,1,0,0,0,0,0,0,0,0,0,-4.512089774,-4.263556,0,0,0,0,0
444,1789388659601693335,41558654233609,-0.0001071398219,1,1,0,0,1,1,0,0,0,0,-1,0.5,0,0,1000000000,0,1,1,0,0,0,0,0,0,0,0,0,-4.512089774,-4.263556,0,0,0,0,0
445,1789388659611695020,41558664235296,-7.490377902e-05,1,1,0,0,1,1,0,0,0,0,-1,0.5,0,0,1000000000,0,1,1,0,0,0,0,0,0,0,0,0,-4.512089774,-4.263556,0,0,0,0,0
446,1789388659621700192,41558674240463,-3.171464414e-05,1,1,0,0,1,1,0,0,0,0,-1,0.5,0,0,1000000000,0,1,1,0,0,0,0,0,0,0,0,0,-4.512089774,-4.263556,0,0,0,0,0
447,1789388659631698962,41558684239236,3.17178492e-05,1,1,0,0,1,1,0,0,0,0,-1,0.5,0,0,1000000000,0,1,1,0,0,0,0,0,0,0,0,0,-4.512089774,-4.263556,0,0,0,0,0
448,1789388659641709899,41558694250172,9.515034617e-05,1,1,0,0,1,1,1,0,0,0,-1,0.5,0,0,1000000000,0,1,1,0,0,0,0,0,0,0,0,0,-4.512089774,-4.263556,0,0,0,0,0
449,1789388659652416266,41558704956549,2.501764902e-05,1,1,0,0,1,1,0,0,0,0,-1,0.5,0,0,1000000000,0,1,1,0,0,0,0,0,0,0,0,0,-4.512089774,-4.263556,0,0,0,0,0
450,1789388659661715742,41558714256012,-0.0001029649502,1,1,0,0,1,1,0,0,0,0,-1,0.5,0,0,1000000000,0,1,1,0,0,0,0,0,0,0,0,0,-4.512089774,-4.263556,0,0,0,0,0
451,1789388659671694913,41558724235188,-0.0001883296063,1,1,0,0,1,1,0,0,0,0,-1,0.5,0,0,1000000000,0,1,1,0,0,0,0,0,0,0,0,0,-4.512089774,-4.263556,0,0,0,0,0
452,1789388659681697238,41558734237513,-6.820807175e-05,1,1,0,0,1,1,0,0,0,0,-1,0.5,0,0,1000000000,0,1,1,0,0,0,0,0,0,0,0,0,-4.512089774,-4.263556,0,0,0,0,0
453,1789388659691695185,41558744235452,8.764579252e-05,1,1,0,0,1,1,0,0,0,0,-1,0.5,0,0,1000000000,0,1,1,0,0,0,0,0,0,0,0,0,-4.512089774,-4.263556,0,0,0,0,0
454,1789388659701696733,41558754237002,0.0001310522202,1,1,0,0,1,1,0,0,0,0,-1,0.5,0,0,1000000000,0,1,1,0,0,0,0,0,0,0,0,0,-4.512089774,-4.263556,0,0,0,0,0
455,1789388659711704515,41558764244792,-1.858682663e-05,1,1,0,0,1,1,0,0,0,0,-1,0.5,0,0,1000000000,0,1,1,0,0,0,0,0,0,0,0,0,-4.512089774,-4.263556,0,0,0,0,0
456,1789388659721697483,41558774237758,-0.0001404085197,1,1,0,0,1,1,0,0,0,0,-1,0.5,0,0,1000000000,0,1,1,0,0,0,0,0,0,0,0,0,-4.512089774,-4.263556,0,0,0,0,0
457,1789388659731695821,41558784236096,-0.0002622302272,1,1,0,0,1,1,0,0,0,0,-1,0.5,0,0,1000000000,0,1,1,0,0,0,0,0,0,0,0,0,-4.512089774,-4.263556,0,0,0,0,0
458,1789388659741693690,41558794233968,-0.000150036969,1,1,0,0,1,1,1,0,0,0,-1,0.5,0,0,1000000000,0,1,1,0,0,0,0,0,0,0,0,0,-4.512089774,-4.263556,0,0,0,0,0
459,1789388659751700511,41558804240787,-8.99942097e-06,1,1,0,0,1,1,0,0,0,0,-1,0.5,0,0,1000000000,0,1,1,0,0,0,0,0,0,0,0,0,-4.512089774,-4.263556,0,0,0,0,0
460,1789388659761701687,41558814241963,0.0001382032206,1,1,0,0,1,1,0,0,0,0,-1,0.5,0,0,1000000000,0,1,1,0,0,0,0,0,0,0,0,0,-4.512089774,-4.263556,0,0,0,0,0
461,1789388659771695699,41558824235958,0.0001038560949,1,1,0,0,1,1,0,0,0,0,-1,0.5,0,0,1000000000,0,1,1,0,0,0,0,0,0,0,0,0,-4.512089774,-4.263556,0,0,0,0,0
462,1789388659781696447,41558834236720,5.692100967e-05,1,1,0,0,1,1,0,0,0,0,-1,0.5,0,0,1000000000,0,1,1,0,0,0,0,0,0,0,0,0,-4.512089774,-4.263556,0,0,0,0,0
463,1789388659791699673,41558844239947,-1.085858275e-05,1,1,0,0,1,1,0,0,0,0,-1,0.5,0,0,1000000000,0,1,1,0,0,0,0,0,0,0,0,0,-4.512089774,-4.263556,0,0,0,0,0
464,1789388659801693841,41558854234118,-0.0001126860661,1,1,0,0,1,1,0,0,0,0,-1,0.5,0,0,1000000000,0,1,1,0,0,0,0,0,0,0,0,0,-4.512089774,-4.263556,0,0,0,0,0
465,1789388659811693124,41558864233382,-0.0001445291564,1,1,0,0,1,1,0,0,0,0,-1,0.5,0,0,1000000000,0,1,1,0,0,0,0,0,0,0,0,0,-4.512089774,-4.263556,0,0,0,0,0
466,1789388659821703737,41558874244011,-9.369049076e-05,1,1,0,0,1,1,0,0,0,0,-1,0.5,0,0,1000000000,0,1,1,0,0,0,0,0,0,0,0,0,-4.512089774,-4.263556,0,0,0,0,0
467,1789388659831701881,41558884242158,7.061532233e-05,1,1,0,0,1,1,0,0,0,0,-1,0.5,0,0,1000000000,0,1,1,0,0,0,0,0,0,0,0,0,-4.512089774,-4.263556,0,0,0,0,0
468,1789388659841694995,41558894235270,9.812362987e-05,1,1,0,0,1,1,1,0,0,0,-1,0.5,0,0,1000000000,0,1,1,0,0,0,0,0,0,0,0,0,-4.512089774,-4.263556,0,0,0,0,0
469,1789388659851752321,41558904292597,0.0001014116497,1,1,0,0,1,1,0,0,0,0,-1,0.5,0,0,1000000000,0,1,1,0,0,0,0,0,0,0,0,0,-4.512089774,-4.263556,0,0,0,0,0
470,1789388659861720349,41558914260620,-4.870675184e-05,1,1,0,0,1,1,0,0,0,0,-1,0.5,0,0,1000000000,0,1,1,0,0,0,0,0,0,0,0,0,-4.512089774,-4.263556,0,0,0,0,0
471,1789388659871745010,41558924285284,-0.0001661571441,1,1,0,0,1,1,0,0,0,0,-1,0.5,0,0,1000000000,0,1,1,0,0,0,0,0,0,0,0,0,-4.512089774,-4.263556,0,0,0,0,0
472,1789388659881706306,41558934246580,1.155121936e-05,1,1,0,0,1,1,0,0,0,0,-1,0.5,0,0,1000000000,0,1,1,0,0,0,0,0,0,0,0,0,-4.512089774,-4.263556,0,0,0,0,0
473,1789388659891728118,41558944268215,0.0002131038491,1,1,0,0,1,1,0,0,0,0,-1,0.5,0,0,1000000000,0,1,1,0,0,0,0,0,0,0,0,0,-4.512089774,-4.263556,0,0,0,0,0
474,1789388659901706886,41558954247164,0.0003062371688,1,1,0,0,1,1,0,0,0,0,-1,0.5,0,0,1000000000,0,1,1,0,0,0,0,0,0,0,0,0,-4.512089774,-4.263556,0,0,0,0,0
475,1789388659911702485,41558964242760,0.0001465284149,1,1,0,0,1,1,0,0,0,0,-1,0.5,0,0,1000000000,0,1,1,0,0,0,0,0,0,0,0,0,-4.512089774,-4.263556,0,0,0,0,0
476,1789388659921711405,41558974251672,-1.60857835e-05,1,1,0,0,1,1,0,0,0,0,-1,0.5,0,0,1000000000,0,1,1,0,0,0,0,0,0,0,0,0,-4.512089774,-4.263556,0,0,0,0,0
477,1789388659931710841,41558984251097,-4.861090565e-05,1,1,0,0,1,1,1,0,0,0,-1,0.5,0,0,1000000000,0,1,1,0,0,0,0,0,0,0,0,0,-4.512089774,-4.263556,0,0,0,0,0
478,1789388659941702973,41558994243246,-2.575948201e-05,1,1,0,0,1,1,0,0,0,0,-1,0.5,0,0,1000000000,0,1,1,0,0,0,0,0,0,0,0,0,-4.512089774,-4.263556,0,0,0,0,0
479,1789388659951698813,41559004239083,0.0001306571357,1,1,0,0,1,1,0,0,0,0,-1,0.5,0,0,1000000000,0,1,1,0,0,0,0,0,0,0,0,0,-4.512089774,-4.263556,0,0,0,0,0
480,1789388659961706632,41559014246907,0.000195127097,1,1,0,0,1,1,0,0,0,0,-1,0.5,0,0,1000000000,0,1,1,0,0,0,0,0,0,0,0,0,-4.512089774,-4.263556,0,0,0,0,0
481,1789388659971697785,41559024238061,0.000234511157,1,1,0,0,1,1,0,0,0,0,-1,0.5,0,0,1000000000,0,1,1,0,0,0,0,0,0,0,0,0,-4.512089774,-4.263556,0,0,0,0,0
482,1789388659981725288,41559034265557,5.320657147e-05,1,1,0,0,1,1,0,0,0,0,-1,0.5,0,0,1000000000,0,1,1,0,0,0,0,0,0,0,0,0,-4.512089774,-4.263556,0,0,0,0,0
483,1789388659991718101,41559044258376,-0.0001638303511,1,1,0,0,1,1,0,0,0,0,-1,0.5,0,0,1000000000,0,1,1,0,0,0,0,0,0,0,0,0,-4.512089774,-4.263556,0,0,0,0,0
484,1789388660001715222,41559054255493,-0.0001419727196,1,1,0,0,1,1,0,0,0,0,-1,0.5,0,0,1000000000,0,1,1,0,0,0,0,0,0,0,0,0,-4.512089774,-4.263556,0,0,0,0,0
485,1789388660011707701,41559064247976,6.680477236e-05,1,1,0,0,1,1,0,0,0,0,-1,0.5,0,0,1000000000,0,1,1,0,0,0,0,0,0,0,0,0,-4.512089774,-4.263556,0,0,0,0,0
486,1789388660021711013,41559074251194,0.000235236017,1,1,0,0,1,1,0,0,0,0,-1,0.5,0,0,1000000000,0,1,1,0,0,0,0,0,0,0,0,0,-4.512089774,-4.263556,0,0,0,0,0
487,1789388660031761371,41559084301461,0.0002313962177,1,1,0,0,1,1,1,0,0,0,-1,0.5,0,0,1000000000,0,1,1,0,0,0,0,0,0,0,0,0,-4.512089774,-4.263556,0,0,0,0,0
488,1789388660041744871,41559094285148,8.084067667e-05,1,1,0,0,1,1,0,0,0,0,-1,0.5,0,0,1000000000,0,1,1,0,0,0,0,0,0,0,0,0,-4.512089774,-4.263556,0,0,0,0,0
489,1789388660051702414,41559104242686,-4.493069355e-05,1,1,0,0,1,1,0,0,0,0,-1,0.5,0,0,1000000000,0,1,1,0,0,0,0,0,0,0,0,0,-4.512089774,-4.263556,0,0,0,0,0
490,1789388660061696683,41559114236956,-6.319158274e-05,1,1,0,0,1,1,0,0,0,0,-1,0.5,0,0,1000000000,0,1,1,0,0,0,0,0,0,0,0,0,-4.512089774,-4.263556,0,0,0,0,0
491,1789388660071704156,41559124244427,7.26506687e-06,1,1,0,0,1,1,0,0,0,0,-1,0.5,0,0,1000000000,0,1,1,0,0,0,0,0,0,0,0,0,-4.512089774,-4.263556,0,0,0,0,0
492,1789388660081706835,41559134247093,0.0001238940895,1,1,0,0,1,1,0,0,0,0,-1,0.5,0,0,1000000000,0,1,1,0,0,0,0,0,0,0,0,0,-4.512089774,-4.263556,0,0,0,0,0
493,1789388660091700562,41559144240835,0.0002103124134,1,1,0,0,1,1,0,0,0,0,-1,0.5,0,0,1000000000,0,1,1,0,0,0,0,0,0,0,0,0,-4.512089774,-4.263556,0,0,0,0,0
494,1789388660101697535,41559154237810,0.0001049383791,1,1,0,0,1,1,0,0,0,0,-1,0.5,0,0,1000000000,0,1,1,0,0,0,0,0,0,0,0,0,-4.512089774,-4.263556,0,0,0,0,0
495,1789388660111696036,41559164236309,4.489027197e-05,1,1,0,0,1,1,0,0,0,0,-1,0.5,0,0,1000000000,0,1,1,0,0,0,0,0,0,0,0,0,-4.512089774,-4.263556,0,0,0,0,0
496,1789388660121695659,41559174235935,-2.912932905e-05,1,1,0,0,1,1,0,0,0,0,-1,0.5,0,0,1000000000,0,1,1,0,0,0,0,0,0,0,0,0,-4.512089774,-4.263556,0,0,0,0,0
497,1789388660131695111,41559184235382,-3.003706843e-05,1,1,0,0,1,1,1,0,0,0,-1,0.5,0,0,1000000000,0,1,1,0,0,0,0,0,0,0,0,0,-4.512089774,-4.263556,0,0,0,0,0
498,1789388660141703316,41559194243586,2.513917025e-05,1,1,0,0,1,1,0,0,0,0,-1,0.5,0,0,1000000000,0,1,1,0,0,0,0,0,0,0,0,0,-4.512089774,-4.263556,0,0,0,0,0
499,1789388660151699157,41559204239431,8.095199883e-05,1,1,0,0,1,1,0,0,0,0,-1,0.5,0,0,1000000000,0,1,1,0,0,0,0,0,0,0,0,0,-4.512089774,-4.263556,0,0,0,0,0
500,1789388660161700265,41559214240540,9.923610196e-05,1,1,0,0,1,1,0,0,0,0,-1,0.5,0,0,1000000000,0,1,1,0,0,0,0,0,0,0,0,0,-4.512089774,-4.263556,0,0,0,0,0
501,1789388660171729608,41559224269882,3.038999603e-05,1,1,0,0,1,1,0,0,0,0,-1,0.5,0,0,1000000000,0,1,1,0,0,0,0,0,0,0,0,0,-4.512089774,-4.263556,0,0,0,0,0
502,1789388660181702779,41559234243056,-0.0001529646688,1,1,0,0,1,1,0,0,0,0,-1,0.5,0,0,1000000000,0,1,1,0,0,0,0,0,0,0,0,0,-4.512089774,-4.263556,0,0,0,0,0
503,1789388660191701905,41559244242180,-0.00018244682,1,1,0,0,1,1,0,0,0,0,-1,0.5,0,0,1000000000,0,1,1,0,0,0,0,0,0,0,0,0,-4.512089774,-4.263556,0,0,0,0,0
504,1789388660201698163,41559254238434,-0.0001073207532,1,1,0,0,1,1,0,0,0,0,-1,0.5,0,0,1000000000,0,1,1,0,0,0,0,0,0,0,0,0,-4.512089774,-4.263556,0,0,0,0,0
505,1789388660211697884,41559264238160,9.716799832e-05,1,1,0,0,1,1,0,0,0,0,-1,0.5,0,0,1000000000,0,1,1,0,0,0,0,0,0,0,0,0,-4.512089774,-4.263556,0,0,0,0,0
506,1789388660221701470,41559274241745,0.000196575711,1,1,0,0,1,1,0,0,0,0,-1,0.5,0,0,1000000000,0,1,1,0,0,0,0,0,0,0,0,0,-4.512089774,-4.263556,0,0,0,0,0
507,1789388660231700621,41559284240896,3.151291094e-05,1,1,0,0,1,1,1,0,0,0,-1,0.5,0,0,1000000000,0,1,1,0,0,0,0,0,0,0,0,0,-4.512089774,-4.263556,0,0,0,0,0
508,1789388660241692186,41559294232462,-0.0001835481671,1,1,0,0,1,1,0,0,0,0,-1,0.5,0,0,1000000000,0,1,1,0,0,0,0,0,0,0,0,0,-4.512089774,-4.263556,0,0,0,0,0
509,1789388660251700584,41559304240859,-0.0002317372273,1,1,0,0,1,1,0,0,0,0,-1,0.5,0,0,1000000000,0,1,1,0,0,0,0,0,0,0,0,0,-4.512089774,-4.263556,0,0,0,0,0
510,1789388660261708558,41559314248825,-8.382191299e-05,1,1,0,0,1,1,0,0,0,0,-1,0.5,0,0,1000000000,0,1,1,0,0,0,0,0,0,0,0,0,-4.512089774,-4.263556,0,0,0,0,0
511,1789388660271698617,41559324238884,5.629168299e-05,1,1,0,0,1,1,0,0,0,0,-1,0.5,0,0,1000000000,0,1,1,0,0,0,0,0,0,0,0,0,-4.512089774,-4.263556,0,0,0,0,0
512,1789388660281698539,41559334238812,0.0001411174599,1,1,0,0,1,1,0,0,0,0,-1,0.5,0,0,1000000000,0,1,1,0,0,0,0,0,0,0,0,0,-4.512089774,-4.263556,0,0,0,0,0
513,1789388660291697939,41559344238214,0.000153870511,1,1,0,0,1,1,0,0,0,0,-1,0.5,0,0,1000000000,0,1,1,0,0,0,0,0,0,0,0,0,-4.512089774,-4.263556,0,0,0,0,0
514,1789388660301700234,41559354240510,-6.636866601e-05,1,1,0,0,1,1,0,0,0,0,-1,0.5,0,0,1000000000,0,1,1,0,0,0,0,0,0,0,0,0,-4.512089774,-4.263556,0,0,0,0,0
515,1789388660311725331,41559364265601,-0.0001522841339,1,1,0,0,1,1,0,0,0,0,-1,0.5,0,0,1000000000,0,1,1,0,0,0,0,0,0,0,0,0,-4.512089774,-4.263556,0,0,0,0,0
516,1789388660321726025,41559374266304,-0.0002084088628,1,1,0,0,1,1,0,0,0,0,-1,0.5,0,0,1000000000,0,1,1,0,0,0,0,0,0,0,0,0,-4.512089774,-4.263556,0,0,0,0,0
517,1789388660331717883,41559384258160,-7.190454926e-05,1,1,0,0,1,1,1,0,0,0,-1,0.5,0,0,1000000000,0,1,1,0,0,0,0,0,0,0,0,0,-4.512089774,-4.263556,0,0,0,0,0
518,1789388660341712548,41559394252821,0.0001262114965,1,1,0,0,1,1,0,0,0,0,-1,0.5,0,0,1000000000,0,1,1,0,0,0,0,0,0,0,0,0,-4.512089774,-4.263556,0,0,0,0,0
519,1789388660351707711,41559404247988,0.0001327645004,1,1,0,0,1,1,0,0,0,0,-1,0.5,0,0,1000000000,0,1,1,0,0,0,0,0,0,0,0,0,-4.512089774,-4.263556,0,0,0,0,0
520,1789388660361722195,41559414262459,6.384153039e-06,1,1,0,0,1,1,0,0,0,0,-1,0.5,0,0,1000000000,0,1,1,0,0,0,0,0,0,0,0,0,-4.512089774,-4.263556,0,0,0,0,0
521,1789388660371728162,41559424268440,-0.0002158876596,1,1,0,0,1,1,0,0,0,0,-1,0.5,0,0,1000000000,0,1,1,0,0,0,0,0,0,0,0,0,-4.512089774,-4.263556,0,0,0,0,0
522,1789388660381715473,41559434255738,-0.0003038447176,1,1,0,0,1,1,0,0,0,0,-1,0.5,0,0,1000000000,0,1,1,0,0,0,0,0,0,0,0,0,-4.512089774,-4.263556,0,0,0,0,0
523,1789388660391715943,41559444256205,-0.000347347057,1,1,0,0,1,1,0,0,0,0,-1,0.5,0,0,1000000000,0,1,1,0,0,0,0,0,0,0,0,0,-4.512089774,-4.263556,0,0,0,0,0
524,1789388660401711624,41559454251896,-0.0001354324486,1,1,0,0,1,1,0,0,0,0,-1,0.5,0,0,1000000000,0,1,1,0,0,0,0,0,0,0,0,0,-4.512089774,-4.263556,0,0,0,0,0
525,1789388660411721483,41559464261763,8.245056233e-05,1,1,0,0,1,1,0,0,0,0,-1,0.5,0,0,1000000000,0,1,1,0,0,0,0,0,0,0,0,0,-4.512089774,-4.263556,0,0,0,0,0
526,1789388660421708289,41559474248562,0.000174112618,1,1,0,0,1,1,0,0,0,0,-1,0.5,0,0,1000000000,0,1,1,0,0,0,0,0,0,0,0,0,-4.512089774,-4.263556,0,0,0,0,0
527,1789388660431726538,41559484266813,0.0001036647809,1,1,0,0,1,1,1,0,0,0,-1,0.5,0,0,1000000000,0,1,1,0,0,0,0,0,0,0,0,0,-4.512089774,-4.263556,0,0,0,0,0
528,1789388660441738558,41559494278825,-0.0001277268893,1,1,0,0,1,1,0,0,0,0,-1,0.5,0,0,1000000000,0,1,1,0,0,0,0,0,0,0,0,0,-4.512089774,-4.263556,0,0,0,0,0
529,1789388660451715251,41559504255531,-0.0001883840596,1,1,0,0,1,1,0,0,0,0,-1,0.5,0,0,1000000000,0,1,1,0,0,0,0,0,0,0,0,0,-4.512089774,-4.263556,0,0,0,0,0
530,1789388660461708326,41559514248603,-5.450881144e-05,1,1,0,0,1,1,0,0,0,0,-1,0.5,0,0,1000000000,0,1,1,0,0,0,0,0,0,0,0,0,-4.512089774,-4.263556,0,0,0,0,0
531,1789388660471745657,41559524285932,0.0001338286384,1,1,0,0,1,1,0,0,0,0,-1,0.5,0,0,1000000000,0,1,1,0,0,0,0,0,0,0,0,0,-4.512089774,-4.263556,0,0,0,0,0
532,1789388660481751716,41559534291992,0.0002041763364,1,1,0,0,1,1,0,0,0,0,-1,0.5,0,0,1000000000,0,1,1,0,0,0,0,0,0,0,0,0,-4.512089774,-4.263556,0,0,0,0,0
533,1789388660491703160,41559544243371,1.12594762e-05,1,1,0,0,1,1,0,0,0,0,-1,0.5,0,0,1000000000,0,1,1,0,0,0,0,0,0,0,0,0,-4.512089774,-4.263556,0,0,0,0,0
534,1789388660501719767,41559554260031,-0.000180853458,1,1,0,0,1,1,0,0,0,0,-1,0.5,0,0,1000000000,0,1,1,0,0,0,0,0,0,0,0,0,-4.512089774,-4.263556,0,0,0,0,0
535,1789388660511772517,41559564312581,-0.0002256013395,1,1,0,0,1,1,0,0,0,0,-1,0.5,0,0,1000000000,0,1,1,0,0,0,0,0,0,0,0,0,-4.512089774,-4.263556,0,0,0,0,0
536,1789388660521716024,41559574256297,-0.0001575855422,1,1,0,0,1,1,0,0,0,0,-1,0.5,0,0,1000000000,0,1,1,0,0,0,0,0,0,0,0,0,-4.512089774,-4.263556,0,0,0,0,0
537,1789388660531717487,41559584257755,6.366037269e-05,1,1,0,0,1,1,1,0,0,0,-1,0.5,0,0,1000000000,0,1,1,0,0,0,0,0,0,0,0,0,-4.512089774,-4.263556,0,0,0,0,0
538,1789388660541735800,41559594275865,0.0002575779799,1,1,0,0,1,1,0,0,0,0,-1,0.5,0,0,1000000000,0,1,1,0,0,0,0,0,0,0,0,0,-4.512089774,-4.263556,0,0,0,0,0
539,1789388660551714665,41559604254940,9.050777589e-05,1,1,0,0,1,1,0,0,0,0,-1,0.5,0,0,1000000000,0,1,1,0,0,0,0,0,0,0,0,0,-4.512089774,-4.263556,0,0,0,0,0
540,1789388660561723422,41559614263698,-0.0001269999484,1,1,0,0,1,1,0,0,0,0,-1,0.5,0,0,1000000000,0,1,1,0,0,0,0,0,0,0,0,0,-4.512089774,-4.263556,0,0,0,0,0
541,1789388660571759128,41559624299408,-0.0003097670269,1,1,0,0,1,1,0,0,0,0,-1,0.5,0,0,1000000000,0,1,1,0,0,0,0,0,0,0,0,0,-4.512089774,-4.263556,0,0,0,0,0
542,1789388660581725484,41559634265751,-0.0002197468857,1,1,0,0,1,1,0,0,0,0,-1,0.5,0,0,1000000000,0,1,1,0,0,0,0,0,0,0,0,0,-4.512089774,-4.263556,0,0,0,0,0
543,1789388660591718913,41559644259188,-4.695340613e-05,1,1,0,0,1,1,0,0,0,0,-1,0.5,0,0,1000000000,0,1,1,0,0,0,0,0,0,0,0,0,-4.512089774,-4.263556,0,0,0,0,0
544,1789388660601705508,41559654245782,0.000157389426,1,1,0,0,1,1,0,0,0,0,-1,0.5,0,0,1000000000,0,1,1,0,0,0,0,0,0,0,0,0,-4.512089774,-4.263556,0,0,0,0,0
545,1789388660611697139,41559664237415,0.0001860827761,1,1,0,0,1,1,0,0,0,0,-1,0.5,0,0,1000000000,0,1,1,0,0,0,0,0,0,0,0,0,-4.512089774,-4.263556,0,0,0,0,0
546,1789388660621698790,41559674239062,6.987446977e-05,1,1,0,0,1,1,0,0,0,0,-1,0.5,0,0,1000000000,0,1,1,0,0,0,0,0,0,0,0,0,-4.512089774,-4.263556,0,0,0,0,0
547,1789388660631706110,41559684246385,-0.0001196099256,1,1,0,0,1,1,1,0,0,0,-1,0.5,0,0,1000000000,0,1,1,0,0,0,0,0,0,0,0,0,-4.512089774,-4.263556,0,0,0,0,0
548,1789388660641715443,41559694255717,-0.0003206149267,1,1,0,0,1,1,0,0,0,0,-1,0.5,0,0,1000000000,0,1,1,0,0,0,0,0,0,0,0,0,-4.512089774,-4.263556,0,0,0,0,0
549,1789388660651698730,41559704239004,-0.0001688542543,1,1,0,0,1,1,0,0,0,0,-1,0.5,0,0,1000000000,0,1,1,0,0,0,0,0,0,0,0,0,-4.512089774,-4.263556,0,0,0,0,0
550,1789388660661697258,41559714237533,5.315959424e-05,1,1,0,0,1,1,0,0,0,0,-1,0.5,0,0,1000000000,0,1,1,0,0,0,0,0,0,0,0,0,-4.512089774,-4.263556,0,0,0,0,0
551,1789388660671700095,41559724240364,0.0002669648093,1,1,0,0,1,1,0,0,0,0,-1,0.5,0,0,1000000000,0,1,1,0,0,0,0,0,0,0,0,0,-4.512089774,-4.263556,0,0,0,0,0
552,1789388660681710527,41559734250798,0.0001489978167,1,1,0,0,1,1,0,0,0,0,-1,0.5,0,0,1000000000,0,1,1,0,0,0,0,0,0,0,0,0,-4.512089774,-4.263556,0,0,0,0,0
553,1789388660691713565,41559744253842,4.10677203e-05,1,1,0,0,1,1,0,0,0,0,-1,0.5,0,0,1000000000,0,1,1,0,0,0,0,0,0,0,0,0,-4.512089774,-4.263556,0,0,0,0,0
554,1789388660701704611,41559754244887,-9.643905651e-05,1,1,0,0,1,1,0,0,0,0,-1,0.5,0,0,1000000000,0,1,1,0,0,0,0,0,0,0,0,0,-4.512089774,-4.263556,0,0,0,0,0
555,1789388660711698083,41559764238356,-0.0001478076883,1,1,0,0,1,1,0,0,0,0,-1,0.5,0,0,1000000000,0,1,1,0,0,0,0,0,0,0,0,0,-4.512089774,-4.263556,0,0,0,0,0
556,1789388660721704002,41559774244258,-8.043050912e-05,1,1,0,0,1,1,0,0,0,0,-1,0.5,0,0,1000000000,0,1,1,0,0,0,0,0,0,0,0,0,-4.512089774,-4.263556,0,0,0,0,0
557,1789388660731695344,41559784235618,-3.537161319e-05,1,1,0,0,1,1,1,0,0,0,-1,0.5,0,0,1000000000,0,1,1,0,0,0,0,0,0,0,0,0,-4.512089774,-4.263556,0,0,0,0,0
558,1789388660741693089,41559794233368,7.988070138e-05,1,1,0,0,1,1,0,0,0,0,-1,0.5,0,0,1000000000,0,1,1,0,0,0,0,0,0,0,0,0,-4.512089774,-4.263556,0,0,0,0,0
559,1789388660751711921,41559804252193,3.403027222e-05,1,1,0,0,1,1,0,0,0,0,-1,0.5,0,0,1000000000,0,1,1,0,0,0,0,0,0,0,0,0,-4.512089774,-4.263556,0,0,0,0,0
560,1789388660761696675,41559814236950,-3.366209057e-05,1,1,0,0,1,1,0,0,0,0,-1,0.5,0,0,1000000000,0,1,1,0,0,0,0,0,0,0,0,0,-4.512089774,-4.263556,0,0,0,0,0
561,1789388660771696785,41559824237059,-0.0001013544534,1,1,0,0,1,1,0,0,0,0,-1,0.5,0,0,1000000000,0,1,1,0,0,0,0,0,0,0,0,0,-4.512089774,-4.263556,0,0,0,0,0
562,1789388660781700886,41559834241160,-7.832059782e-05,1,1,0,0,1,1,0,0,0,0,-1,0.5,0,0,1000000000,0,1,1,0,0,0,0,0,0,0,0,0,-4.512089774,-4.263556,0,0,0,0,0
563,1789388660791714507,41559844254779,-9.259020771e-06,1,1,0,0,1,1,0,0,0,0,-1,0.5,0,0,1000000000,0,1,1,0,0,0,0,0,0,0,0,0,-4.512089774,-4.263556,0,0,0,0,0
564,1789388660801714780,41559854255057,4.858099419e-05,1,1,0,0,1,1,0,0,0,0,-1,0.5,0,0,1000000000,0,1,1,0,0,0,0,0,0,0,0,0,-4.512089774,-4.263556,0,0,0,0,0
565,1789388660811721659,41559864261936,4.812551924e-05,1,1,0,0,1,1,0,0,0,0,-1,0.5,0,0,1000000000,0,1,1,0,0,0,0,0,0,0,0,0,-4.512089774,-4.263556,0,0,0,0,0
566,1789388660821721931,41559874262204,7.084520621e-05,1,1,0,0,1,1,0,0,0,0,-1,0.5,0,0,1000000000,0,1,1,0,0,0,0,0,0,0,0,0,-4.512089774,-4.263556,0,0,0,0,0
567,1789388660831720279,41559884260540,4.5838191e-05,1,1,0,0,1,1,1,0,0,0,-1,0.5,0,0,1000000000,0,1,1,0,0,0,0,0,0,0,0,0,-4.512089774,-4.263556,0,0,0,0,0
568,1789388660841707560,41559894247839,-8.212511602e-05,1,1,0,0,1,1,0,0,0,0,-1,0.5,0,0,1000000000,0,1,1,0,0,0,0,0,0,0,0,0,-4.512089774,-4.263556,0,0,0,0,0
569,1789388660851721903,41559904262169,-7.693492807e-05,1,1,0,0,1,1,0,0,0,0,-1,0.5,0,0,1000000000,0,1,1,0,0,0,0,0,0,0,0,0,-4.512089774,-4.263556,0,0,0,0,0
570,1789388660861724921,41559914265195,-5.756733299e-05,1,1,0,0,1,1,0,0,0,0,-1,0.5,0,0,1000000000,0,1,1,0,0,0,0,0,0,0,0,0,-4.512089774,-4.263556,0,0,0,0,0
571,1789388660871714704,41559924254974,9.439347195e-05,1,1,0,0,1,1,0,0,0,0,-1,0.5,0,0,1000000000,0,1,1,0,0,0,0,0,0,0,0,0,-4.512089774,-4.263556,0,0,0,0,0
572,1789388660881718215,41559934258492,0.0001462998771,1,1,0,0,1,1,0,0,0,0,-1,0.5,0,0,1000000000,0,1,1,0,0,0,0,0,0,0,0,0,-4.512089774,-4.263556,0,0,0,0,0
573,1789388660891714409,41559944254625,0.0001649066835,1,1,0,0,1,1,0,0,0,0,-1,0.5,0,0,1000000000,0,1,1,0,0,0,0,0,0,0,0,0,-4.512089774,-4.263556,0,0,0,0,0
574,1789388660901712769,41559954253047,-7.262981399e-06,1,1,0,0,1,1,0,0,0,0,-1,0.5,0,0,1000000000,0,1,1,0,0,0,0,0,0,0,0,0,-4.512089774,-4.263556,0,0,0,0,0
575,1789388660911762759,41559964302892,-0.0001452474971,1,1,0,0,1,1,0,0,0,0,-1,0.5,0,0,1000000000,0,1,1,0,0,0,0,0,0,0,0,0,-4.512089774,-4.263556,0,0,0,0,0
576,1789388660921720913,41559974261177,-0.0001494660391,1,1,0,0,1,1,0,0,0,0,-1,0.5,0,0,1000000000,0,1,1,0,0,0,0,0,0,0,0,0,-4.512089774,-4.263556,0,0,0,0,0
577,1789388660931707046,41559984247324,-1.052105563e-05,1,1,0,0,1,1,1,0,0,0,-1,0.5,0,0,1000000000,0,1,1,0,0,0,0,0,0,0,0,0,-4.512089774,-4.263556,0,0,0,0,0
578,1789388660941722035,41559994262223,0.0001203030552,1,1,0,0,1,1,0,0,0,0,-1,0.5,0,0,1000000000,0,1,1,0,0,0,0,0,0,0,0,0,-4.512089774,-4.263556,0,0,0,0,0
579,1789388660951721728,41560004261997,8.7322951e-05,1,1,0,0,1,1,0,0,0,0,-1,0.5,0,0,1000000000,0,1,1,0,0,0,0,0,0,0,0,0,-4.512089774,-4.263556,0,0,0,0,0
580,1789388660961719789,41560014260066,9.512544239e-06,1,1,0,0,1,1,0,0,0,0,-1,0.5,0,0,1000000000,0,1,1,0,0,0,0,0,0,0,0,0,-4.512089774,-4.263556,0,0,0,0,0
581,1789388660971752703,41560024292941,-5.291530033e-05,1,1,0,0,1,1,0,0,0,0,-1,0.5,0,0,1000000000,0,1,1,0,0,0,0,0,0,0,0,0,-4.512089774,-4.263556,0,0,0,0,0
582,1789388660981715558,41560034255836,3.594192094e-05,1,1,0,0,1,1,0,0,0,0,-1,0.5,0,0,1000000000,0,1,1,0,0,0,0,0,0,0,0,0,-4.512089774,-4.263556,0,0,0,0,0
583,1789388660991846176,41560044386442,6.36377008e-05,1,1,0,0,1,1,0,0,0,0,-1,0.5,0,0,1000000000,0,1,1,0,0,0,0,0,0,0,0,0,-4.512089774,-4.263556,0,0,0,0,0
584,1789388661001726571,41560054266845,9.439268615e-05,1,1,0,0,1,1,0,0,0,0,-1,0.5,0,0,1000000000,0,1,1,0,0,0,0,0,0,0,0,0,-4.512089774,-4.263556,0,0,0,0,0
585,1789388661011713416,41560064253694,3.900953743e-05,1,1,0,0,1,1,0,0,0,0,-1,0.5,0,0,1000000000,0,1,1,0,0,0,0,0,0,0,0,0,-4.512089774,-4.263556,0,0,0,0,0
586,1789388661021722220,41560074262496,6.023576134e-05,1,1,0,0,1,1,0,0,0,0,-1,0.5,0,0,1000000000,0,1,1,0,0,0,0,0,0,0,0,0,-4.512089774,-4.263556,0,0,0,0,0
587,1789388661031719239,41560084259517,8.146198525e-05,1,1,0,0,1,1,1,0,0,0,-1,0.5,0,0,1000000000,0,1,1,0,0,0,0,0,0,0,0,0,-4.512089774,-4.263556,0,0,0,0,0
588,1789388661041710283,41560094250553,1.858701398e-05,1,1,0,0,1,1,0,0,0,0,-1,0.5,0,0,1000000000,0,1,1,0,0,0,0,0,0,0,0,0,-4.512089774,-4.263556,0,0,0,0,0
589,1789388661051715483,41560104255760,-7.665578778e-06,1,1,0,0,1,1,0,0,0,0,-1,0.5,0,0,1000000000,0,1,1,0,0,0,0,0,0,0,0,0,-4.512089774,-4.263556,0,0,0,0,0
590,1789388661061721620,41560114261897,8.516623348e-05,1,1,0,0,1,1,0,0,0,0,-1,0.5,0,0,1000000000,0,1,1,0,0,0,0,0,0,0,0,0,-4.512089774,-4.263556,0,0,0,0,0
591,1789388661071722018,41560124262295,0.0001779980521,1,1,0,0,1,1,0,0,0,0,-1,0.5,0,0,1000000000,0,1,1,0,0,0,0,0,0,0,0,0,-4.512089774,-4.263556,0,0,0,0,0
592,1789388661081716888,41560134257154,0.0001658016699,1,1,0,0,1,1,0,0,0,0,-1,0.5,0,0,1000000000,0,1,1,0,0,0,0,0,0,0,0,0,-4.512089774,-4.263556,0,0,0,0,0
593,1789388661091763418,41560144303694,9.976381261e-05,1,1,0,0,1,1,0,0,0,0,-1,0.5,0,0,1000000000,0,1,1,0,0,0,0,0,0,0,0,0,-4.512089774,-4.263556,0,0,0,0,0
594,1789388661101708026,41560154248301,1.656687891e-05,1,1,0,0,1,1,0,0,0,0,-1,0.5,0,0,1000000000,0,1,1,0,0,0,0,0,0,0,0,0,-4.512089774,-4.263556,0,0,0,0,0
595,1789388661111710596,41560164250868,-0.0001727833151,1,1,0,0,1,1,0,0,0,0,-1,0.5,0,0,1000000000,0,1,1,0,0,0,0,0,0,0,0,0,-4.512089774,-4.263556,0,0,0,0,0
596,1789388661121716116,41560174256392,-0.0001544702245,1,1,0,0,1,1,0,0,0,0,-1,0.5,0,0,1000000000,0,1,1,0,0,0,0,0,0,0,0,0,-4.512089774,-4.263556,0,0,0,0,0
597,1789388661131714343,41560184254621,-9.019545541e-05,1,1,0,0,1,1,1,0,0,0,-1,0.5,0,0,1000000000,0,1,1,0,0,0,0,0,0,0,0,0,-4.512089774,-4.263556,0,0,0,0,0
598,1789388661141747101,41560194287265,6.465845945e-05,1,1,0,0,1,1,0,0,0,0,-1,0.5,0,0,1000000000,0,1,1,0,0,0,0,0,0,0,0,0,-4.512089774,-4.263556,0,0,0,0,0
599,1789388661151714174,41560204254439,0.0002572032099,1,1,0,0,1,1,0,0,0,0,-1,0.5,0,0,1000000000,0,1,1,0,0,0,0,0,0,0,0,0,-4.512089774,-4.263556,0,0,0,0,0
600,1789388661161714512,41560214254789,0.0002255261497,1,1,0,0,1,1,0,0,0,0,-1,0.5,0,0,1000000000,0,1,1,0,0,0,0,0,0,0,0,0,-4.512089774,-4.263556,0,0,0,0,0
601,1789388661171710762,41560224251043,2.827038224e-05,1,1,0,0,1,1,0,0,0,0,-1,0.5,0,0,1000000000,0,1,1,0,0,0,0,0,0,0,0,0,-4.512089774,-4.263556,0,0,0,0,0
602,1789388661181698531,41560234238810,-0.0001877354225,1,1,0,0,1,1,0,0,0,0,-1,0.5,0,0,1000000000,0,1,1,0,0,0,0,0,0,0,0,0,-4.512089774,-4.263556,0,0,0,0,0
603,1789388661191727227,41560244267504,-0.0002181411546,1,1,0,0,1,1,0,0,0,0,-1,0.5,0,0,1000000000,0,1,1,0,0,0,0,0,0,0,0,0,-4.512089774,-4.263556,0,0,0,0,0
604,1789388661201728032,41560254268308,2.301032055e-06,1,1,0,0,1,1,0,0,0,0,-1,0.5,0,0,1000000000,0,1,1,0,0,0,0,0,0,0,0,0,-4.512089774,-4.263556,0,0,0,0,0
605,1789388661211720978,41560264261254,0.0001588854793,1,1,0,0,1,1,0,0,0,0,-1,0.5,0,0,1000000000,0,1,1,0,0,0,0,0,0,0,0,0,-4.512089774,-4.263556,0,0,0,0,0
606,1789388661221721502,41560274261777,0.0002116663381,1,1,0,0,1,1,0,0,0,0,-1,0.5,0,0,1000000000,0,1,1,0,0,0,0,0,0,0,0,0,-4.512089774,-4.263556,0,0,0,0,0
607,1789388661231717800,41560284258067,5.894062269e-05,1,1,0,0,1,1,1,0,0,0,-1,0.5,0,0,1000000000,0,1,1,0,0,0,0,0,0,0,0,0,-4.512089774,-4.263556,0,0,0,0,0
608,1789388661241755377,41560294295655,-6.846239557e-05,1,1,0,0,1,1,0,0,0,0,-1,0.5,0,0,1000000000,0,1,1,0,0,0,0,0,0,0,0,0,-4.512089774,-4.263556,0,0,0,0,0
609,1789388661251708701,41560304248977,-2.726268576e-05,1,1,0,0,1,1,0,0,0,0,-1,0.5,0,0,1000000000,0,1,1,0,0,0,0,0,0,0,0,0,-4.512089774,-4.263556,0,0,0,0,0
610,1789388661261716713,41560314256991,5.586021143e-05,1,1,0,0,1,1,0,0,0,0,-1,0.5,0,0,1000000000,0,1,1,0,0,0,0,0,0,0,0,0,-4.512089774,-4.263556,0,0,0,0,0
611,1789388661271748239,41560324288476,0.0001389831014,1,1,0,0,1,1,0,0,0,0,-1,0.5,0,0,1000000000,0,1,1,0,0,0,0,0,0,0,0,0,-4.512089774,-4.263556,0,0,0,0,0
612,1789388661281722527,41560334262796,7.93180443e-05,1,1,0,0,1,1,0,0,0,0,-1,0.5,0,0,1000000000,0,1,1,0,0,0,0,0,0,0,0,0,-4.512089774,-4.263556,0,0,0,0,0
613,1789388661291763133,41560344303408,4.182662815e-05,1,1,0,0,1,1,0,0,0,0,-1,0.5,0,0,1000000000,0,1,1,0,0,0,0,0,0,0,0,0,-4.512089774,-4.263556,0,0,0,0,0
614,1789388661301748005,41560354288275,-6.320297689e-05,1,1,0,0,1,1,0,0,0,0,-1,0.5,0,0,1000000000,0,1,1,0,0,0,0,0,0,0,0,0,-4.512089774,-4.263556,0,0,0,0,0
615,1789388661311707064,41560364247338,-0.0001428946416,1,1,0,0,1,1,0,0,0,0,-1,0.5,0,0,1000000000,0,1,1,0,0,0,0,0,0,0,0,0,-4.512089774,-4.263556,0,0,0,0,0
616,1789388661321701031,41560374241310,-6.07388065e-05,1,1,0,0,1,1,0,0,0,0,-1,0.5,0,0,1000000000,0,1,1,0,0,0,0,0,0,0,0,0,-4.512089774,-4.263556,0,0,0,0,0
617,1789388661331698235,41560384238513,3.95858915e-05,1,1,0,0,1,1,1,0,0,0,-1,0.5,0,0,1000000000,0,1,1,0,0,0,0,0,0,0,0,0,-4.512089774,-4.263556,0,0,0,0,0
618,1789388661341693750,41560394234025,0.0001940645016,1,1,0,0,1,1,0,0,0,0,-1,0.5,0,0,1000000000,0,1,1,0,0,0,0,0,0,0,0,0,-4.512089774,-4.263556,0,0,0,0,0
619,1789388661351696743,41560404237019,0.0001570384193,1,1,0,0,1,1,0,0,0,0,-1,0.5,0,0,1000000000,0,1,1,0,0,0,0,0,0,0,0,0,-4.512089774,-4.263556,0,0,0,0,0
620,1789388661361692266,41560414232538,-6.896579725e-05,1,1,0,0,1,1,0,0,0,0,-1,0.5,0,0,1000000000,0,1,1,0,0,0,0,0,0,0,0,0,-4.512089774,-4.263556,0,0,0,0,0
621,1789388661371696759,41560424237037,-0.0002892483026,1,1,0,0,1,1,0,0,0,0,-1,0.5,0,0,1000000000,0,1,1,0,0,0,0,0,0,0,0,0,-4.512089774,-4.263556,0,0,0,0,0
622,1789388661381699774,41560434240049,-0.0002631976677,1,1,0,0,1,1,0,0,0,0,-1,0.5,0,0,1000000000,0,1,1,0,0,0,0,0,0,0,0,0,-4.512089774,-4.263556,0,0,0,0,0
623,1789388661391709168,41560444249442,-2.43389095e-05,1,1,0,0,1,1,0,0,0,0,-1,0.5,0,0,1000000000,0,1,1,0,0,0,0,0,0,0,0,0,-4.512089774,-4.263556,0,0,0,0,0
624,1789388661401706333,41560454246608,0.0002463860728,1,1,0,0,1,1,0,0,0,0,-1,0.5,0,0,1000000000,0,1,1,0,0,0,0,0,0,0,0,0,-4.512089774,-4.263556,0,0,0,0,0
625,1789388661411701107,41560464241377,0.0002897881495,1,1,0,0,1,1,0,0,0,0,-1,0.5,0,0,1000000000,0,1,1,0,0,0,0,0,0,0,0,0,-4.512089774,-4.263556,0,0,0,0,0
626,1789388661421700134,41560474240408,0.0001459029299,1,1,0,0,1,1,0,0,0,0,-1,0.5,0,0,1000000000,0,1,1,0,0,0,0,0,0,0,0,0,-4.512089774,-4.263556,0,0,0,0,0
627,1789388661431698418,41560484238695,-3.530930553e-05,1,1,0,0,1,1,1,0,0,0,-1,0.5,0,0,1000000000,0,1,1,0,0,0,0,0,0,0,0,0,-4.512089774,-4.263556,0,0,0,0,0
628,1789388661441697356,41560494237632,-0.0001151307879,1,1,0,0,1,1,0,0,0,0,-1,0.5,0,0,1000000000,0,1,1,0,0,0,0,0,0,0,0,0,-4.512089774,-4.263556,0,0,0,0,0
629,1789388661451697193,41560504237468,-9.686689009e-05,1,1,0,0,1,1,0,0,0,0,-1,0.5,0,0,1000000000,0,1,1,0,0,0,0,0,0,0,0,0,-4.512089774,-4.263556,0,0,0,0,0
630,1789388661461704339,41560514244613,0.0001355711429,1,1,0,0,1,1,0,0,0,0,-1,0.5,0,0,1000000000,0,1,1,0,0,0,0,0,0,0,0,0,-4.512089774,-4.263556,0,0,0,0,0
631,1789388661471697323,41560524237610,0.0002445730497,1,1,0,0,1,1,0,0,0,0,-1,0.5,0,0,1000000000,0,1,1,0,0,0,0,0,0,0,0,0,-4.512089774,-4.263556,0,0,0,0,0
632,1789388661481706025,41560534246300,0.0002289299591,1,1,0,0,1,1,0,0,0,0,-1,0.5,0,0,1000000000,0,1,1,0,0,0,0,0,0,0,0,0,-4.512089774,-4.263556,0,0,0,0,0
633,1789388661491704519,41560544244797,4.944069588e-05,1,1,0,0,1,1,0,0,0,0,-1,0.5,0,0,1000000000,0,1,1,0,0,0,0,0,0,0,0,0,-4.512089774,-4.263556,0,0,0,0,0
634,1789388661501699878,41560554240156,-0.000215977474,1,1,0,0,1,1,0,0,0,0,-1,0.5,0,0,1000000000,0,1,1,0,0,0,0,0,0,0,0,0,-4.512089774,-4.263556,0,0,0,0,0
635,1789388661511704615,41560564244894,-0.0002293406433,1,1,0,0,1,1,0,0,0,0,-1,0.5,0,0,1000000000,0,1,1,0,0,0,0,0,0,0,0,0,-4.512089774,-4.263556,0,0,0,0,0
636,1789388661521699425,41560574239702,-7.388728409e-05,1,1,0,0,1,1,0,0,0,0,-1,0.5,0,0,1000000000,0,1,1,0,0,0,0,0,0,0,0,0,-4.512089774,-4.263556,0,0,0,0,0
637,1789388661531697708,41560584237975,0.0001569354208,1,1,0,0,1,1,1,0,0,0,-1,0.5,0,0,1000000000,0,1,1,0,0,0,0,0,0,0,0,0,-4.512089774,-4.263556,0,0,0,0,0
638,1789388661541699239,41560594239514,0.0002166776248,1,1,0,0,1,1,0,0,0,0,-1,0.5,0,0,1000000000,0,1,1,0,0,0,0,0,0,0,0,0,-4.512089774,-4.263556,0,0,0,0,0
639,1789388661551694611,41560604234886,5.712897837e-05,1,1,0,0,1,1,0,0,0,0,-1,0.5,0,0,1000000000,0,1,1,0,0,0,0,0,0,0,0,0,-4.512089774,-4.263556,0,0,0,0,0
640,1789388661561692093,41560614232369,-0.0001363477641,1,1,0,0,1,1,0,0,0,0,-1,0.5,0,0,1000000000,0,1,1,0,0,0,0,0,0,0,0,0,-4.512089774,-4.263556,0,0,0,0,0
641,1789388661571696731,41560624237000,-0.0001870438718,1,1,0,0,1,1,0,0,0,0,-1,0.5,0,0,1000000000,0,1,1,0,0,0,0,0,0,0,0,0,-4.512089774,-4.263556,0,0,0,0,0
642,1789388661581700172,41560634240445,-8.37532134e-05,1,1,0,0,1,1,0,0,0,0,-1,0.5,0,0,1000000000,0,1,1,0,0,0,0,0,0,0,0,0,-4.512089774,-4.263556,0,0,0,0,0
643,1789388661591706908,41560644247162,7.873544382e-05,1,1,0,0,1,1,0,0,0,0,-1,0.5,0,0,1000000000,0,1,1,0,0,0,0,0,0,0,0,0,-4.512089774,-4.263556,0,0,0,0,0
644,1789388661601707539,41560654247813,0.0001474171004,1,1,0,0,1,1,0,0,0,0,-1,0.5,0,0,1000000000,0,1,1,0,0,0,0,0,0,0,0,0,-4.512089774,-4.263556,0,0,0,0,0
645,1789388661611700354,41560664240628,0.0001616322843,1,1,0,0,1,1,0,0,0,0,-1,0.5,0,0,1000000000,0,1,1,0,0,0,0,0,0,0,0,0,-4.512089774,-4.263556,0,0,0,0,0
646,1789388661621725144,41560674265414,-4.583389818e-05,1,1,0,0,1,1,0,0,0,0,-1,0.5,0,0,1000000000,0,1,1,0,0,0,0,0,0,0,0,0,-4.512089774,-4.263556,0,0,0,0,0
647,1789388661631707286,41560684247560,-0.000132260946,1,1,0,0,1,1,1,0,0,0,-1,0.5,0,0,1000000000,0,1,1,0,0,0,0,0,0,0,0,0,-4.512089774,-4.263556,0,0,0,0,0
648,1789388661641711154,41560694251422,-0.0001306130434,1,1,0,0,1,1,0,0,0,0,-1,0.5,0,0,1000000000,0,1,1,0,0,0,0,0,0,0,0,0,-4.512089774,-4.263556,0,0,0,0,0
649,1789388661651762334,41560704302606,1.533661634e-05,1,1,0,0,1,1,0,0,0,0,-1,0.5,0,0,1000000000,0,1,1,0,0,0,0,0,0,0,0,0,-4.512089774,-4.263556,0,0,0,0,0
650,1789388661661722028,41560714262297,9.140460315e-05,1,1,0,0,1,1,0,0,0,0,-1,0.5,0,0,1000000000,0,1,1,0,0,0,0,0,0,0,0,0,-4.512089774,-4.263556,0,0,0,0,0
651,1789388661671711213,41560724251395,8.115286619e-05,1,1,0,0,1,1,0,0,0,0,-1,0.5,0,0,1000000000,0,1,1,0,0,0,0,0,0,0,0,0,-4.512089774,-4.263556,0,0,0,0,0
652,1789388661681758058,41560734298335,-4.545496995e-05,1,1,0,0,1,1,0,0,0,0,-1,0.5,0,0,1000000000,0,1,1,0,0,0,0,0,0,0,0,0,-4.512089774,-4.263556,0,0,0,0,0
653,1789388661691679048,41560744219318,-8.658246225e-05,1,1,0,0,1,1,0,0,0,0,-1,0.5,0,0,1000000000,0,1,1,0,0,0,0,0,0,0,0,0,-4.512089774,-4.263556,0,0,0,0,0
654,1789388661701761303,41560754301564,-0.0001316440757,1,1,0,0,1,1,0,0,0,0,-1,0.5,0,0,1000000000,0,1,1,0,0,0,0,0,0,0,0,0,-4.512089774,-4.263556,0,0,0,0,0
655,1789388661711703243,41560764243515,7.241094863e-05,1,1,0,0,1,1,0,0,0,0,-1,0.5,0,0,1000000000,0,1,1,0,0,0,0,0,0,0,0,0,-4.512089774,-4.263556,0,0,0,0,0
656,1789388661721702806,41560774243082,0.0001072475934,1,1,0,0,1,1,0,0,0,0,-1,0.5,0,0,1000000000,0,1,1,0,0,0,0,0,0,0,0,0,-4.512089774,-4.263556,0,0,0,0,0
657,1789388661731701342,41560784241617,2.944971493e-05,1,1,0,0,1,1,1,0,0,0,-1,0.5,0,0,1000000000,0,1,1,0,0,0,0,0,0,0,0,0,-4.512089774,-4.263556,0,0,0,0,0
658,1789388661741693722,41560794233999,-0.0001086997654,1,1,0,0,1,1,0,0,0,0,-1,0.5,0,0,1000000000,0,1,1,0,0,0,0,0,0,0,0,0,-4.512089774,-4.263556,0,0,0,0,0
659,1789388661751691585,41560804231866,-0.0001563377591,1,1,0,0,1,1,0,0,0,0,-1,0.5,0,0,1000000000,0,1,1,0,0,0,0,0,0,0,0,0,-4.512089774,-4.263556,0,0,0,0,0
660,1789388661761694459,41560814234735,-0.0001651073835,1,1,0,0,1,1,0,0,0,0,-1,0.5,0,0,1000000000,0,1,1,0,0,0,0,0,0,0,0,0,-4.512089774,-4.263556,0,0,0,0,0
661,1789388661771694345,41560824234620,-3.085991921e-05,1,1,0,0,1,1,0,0,0,0,-1,0.5,0,0,1000000000,0,1,1,0,0,0,0,0,0,0,0,0,-4.512089774,-4.263556,0,0,0,0,0
662,1789388661781708238,41560834248513,-1.665274613e-05,1,1,0,0,1,1,0,0,0,0,-1,0.5,0,0,1000000000,0,1,1,0,0,0,0,0,0,0,0,0,-4.512089774,-4.263556,0,0,0,0,0
663,1789388661791709380,41560844249653,-2.329440122e-06,1,1,0,0,1,1,0,0,0,0,-1,0.5,0,0,1000000000,0,1,1,0,0,0,0,0,0,0,0,0,-4.512089774,-4.263556,0,0,0,0,0
664,1789388661801703075,41560854243351,9.800973203e-06,1,1,0,0,1,1,0,0,0,0,-1,0.5,0,0,1000000000,0,1,1,0,0,0,0,0,0,0,0,0,-4.512089774,-4.263556,0,0,0,0,0
665,1789388661811696977,41560864237251,-3.487656795e-05,1,1,0,0,1,1,0,0,0,0,-1,0.5,0,0,1000000000,0,1,1,0,0,0,0,0,0,0,0,0,-4.512089774,-4.263556,0,0,0,0,0
666,1789388661821701063,41560874241338,-6.299780216e-05,1,1,0,0,1,1,0,0,0,0,-1,0.5,0,0,1000000000,0,1,1,0,0,0,0,0,0,0,0,0,-4.512089774,-4.263556,0,0,0,0,0
667,1789388661831711867,41560884252142,-0.0001007954852,1,1,0,0,1,1,1,0,0,0,-1,0.5,0,0,1000000000,0,1,1,0,0,0,0,0,0,0,0,0,-4.512089774,-4.263556,0,0,0,0,0
668,1789388661841697011,41560894237282,2.680612306e-05,1,1,0,0,1,1,0,0,0,0,-1,0.5,0,0,1000000000,0,1,1,0,0,0,0,0,0,0,0,0,-4.512089774,-4.263556,0,0,0,0,0
669,1789388661851696293,41560904236570,2.448075611e-05,1,1,0,0,1,1,0,0,0,0,-1,0.5,0,0,1000000000,0,1,1,0,0,0,0,0,0,0,0,0,-4.512089774,-4.263556,0,0,0,0,0
670,1789388661861695970,41560914236246,1.010730011e-05,1,1,0,0,1,1,0,0,0,0,-1,0.5,0,0,1000000000,0,1,1,0,0,0,0,0,0,0,0,0,-4.512089774,-4.263556,0,0,0,0,0
671,1789388661871704650,41560924244926,-0.0001276730909,1,1,0,0,1,1,0,0,0,0,-1,0.5,0,0,1000000000,0,1,1,0,0,0,0,0,0,0,0,0,-4.512089774,-4.263556,0,0,0,0,0
672,1789388661881706418,41560934246692,-0.0001492894517,1,1,0,0,1,1,0,0,0,0,-1,0.5,0,0,1000000000,0,1,1,0,0,0,0,0,0,0,0,0,-4.512089774,-4.282109333,0,0,0,0,0
673,1789388661891698128,41560944238403,-0.000139571217,1,1,0,0,1,1,0,0,0,0,-1,0.5,0,0,1000000000,0,1,1,0,0,0,0,0,0,0,0,0,-4.512089774,-4.282109333,0,0,0,0,0
674,1789388661901690114,41560954230388,-7.200167602e-06,1,1,0,0,1,1,0,0,0,0,-1,0.5,0,0,1000000000,0,1,1,0,0,0,0,0,0,0,0,0,-4.512089774,-4.282109333,0,0,0,0,0
675,1789388661911698674,41560964238945,0.0001542994141,1,1,0,0,1,1,0,0,0,0,-1,0.5,0,0,1000000000,0,1,1,0,0,0,0,0,0,0,0,0,-4.512089774,-4.282109333,0,0,0,0,0
676,1789388661921703581,41560974243859,0.0001469246345,1,1,0,0,1,1,0,0,0,0,-1,0.5,0,0,1000000000,0,1,1,0,0,0,0,0,0,0,0,0,-4.512089774,-4.282109333,0,0,0,0,0
677,1789388661931700897,41560984241173,-3.680938607e-05,1,1,0,0,1,1,1,0,0,0,-1,0.5,0,0,1000000000,0,1,1,0,0,0,0,0,0,0,0,0,-4.512089774,-4.282109333,0,0,0,0,0
678,1789388661941732176,41560994272451,-0.0002555111132,1,1,0,0,1,1,0,0,0,0,-1,0.5,0,0,1000000000,0,1,1,0,0,0,0,0,0,0,0,0,-4.512089774,-4.282109333,0,0,0,0,0
679,1789388661951716276,41561004256552,-0.0003092844563,1,1,0,0,1,1,0,0,0,0,-1,0.5,0,0,1000000000,0,1,1,0,0,0,0,0,0,0,0,0,-4.512089774,-4.282109333,0,0,0,0,0
680,1789388661961699960,41561014240235,-0.0001452254073,1,1,0,0,1,1,0,0,0,0,-1,0.5,0,0,1000000000,0,1,1,0,0,0,0,0,0,0,0,0,-4.512089774,-4.282109333,0,0,0,0,0
681,1789388661971691191,41561024231462,6.04394445e-05,1,1,0,0,1,1,0,0,0,0,-1,0.5,0,0,1000000000,0,1,1,0,0,0,0,0,0,0,0,0,-4.512089774,-4.282109333,0,0,0,0,0
682,1789388661981698938,41561034239214,0.0002729480038,1,1,0,0,1,1,0,0,0,0,-1,0.5,0,0,1000000000,0,1,1,0,0,0,0,0,0,0,0,0,-4.512089774,-4.282109333,0,0,0,0,0
683,1789388661991707998,41561044248272,0.0001130104865,1,1,0,0,1,1,0,0,0,0,-1,0.5,0,0,1000000000,0,1,1,0,0,0,0,0,0,0,0,0,-4.512089774,-4.282109333,0,0,0,0,0
684,1789388662001707166,41561054247440,-8.645410708e-05,1,1,0,0,1,1,0,0,0,0,-1,0.5,0,0,1000000000,0,1,1,0,0,0,0,0,0,0,0,0,-4.512089774,-4.282109333,0,0,0,0,0
685,1789388662012009755,41561064550032,-0.0003081192554,1,1,0,0,1,1,0,0,0,0,-1,0.5,0,0,1000000000,0,1,1,0,0,0,0,0,0,0,0,0,-4.512089774,-4.282109333,0,0,0,0,0
686,1789388662021705963,41561074246238,-0.0002626446658,1,1,0,0,1,1,0,0,0,0,-1,0.5,0,0,1000000000,0,1,1,0,0,0,0,0,0,0,0,0,-4.512089774,-4.282109333,0,0,0,0,0
687,1789388662031702077,41561084242356,-2.556648906e-05,1,1,0,0,1,1,1,0,0,0,-1,0.5,0,0,1000000000,0,1,1,0,0,0,0,0,0,0,0,0,-4.512089774,-4.282109333,0,0,0,0,0
688,1789388662041695355,41561094235610,0.0001635886147,1,1,0,0,1,1,0,0,0,0,-1,0.5,0,0,1000000000,0,1,1,0,0,0,0,0,0,0,0,0,-4.512089774,-4.282109333,0,0,0,0,0
689,1789388662051704632,41561104244901,0.0001874182635,1,1,0,0,1,1,0,0,0,0,-1,0.5,0,0,1000000000,0,1,1,0,0,0,0,0,0,0,0,0,-4.512089774,-4.282109333,0,0,0,0,0
690,1789388662061698139,41561114238413,-1.702287409e-05,1,1,0,0,1,1,0,0,0,0,-1,0.5,0,0,1000000000,0,1,1,0,0,0,0,0,0,0,0,0,-4.512089774,-4.282109333,0,0,0,0,0
691,1789388662071706191,41561124246467,-0.000241216796,1,1,0,0,1,1,0,0,0,0,-1,0.5,0,0,1000000000,0,1,1,0,0,0,0,0,0,0,0,0,-4.512089774,-4.282109333,0,0,0,0,0
692,1789388662081700778,41561134241034,-0.0002488538448,1,1,0,0,1,1,0,0,0,0,-1,0.5,0,0,1000000000,0,1,1,0,0,0,0,0,0,0,0,0,-4.512089774,-4.282109333,0,0,0,0,0
693,1789388662091696651,41561144236924,-8.210063243e-05,1,1,0,0,1,1,0,0,0,0,-1,0.5,0,0,1000000000,0,1,1,0,0,0,0,0,0,0,0,0,-4.512089774,-4.282109333,0,0,0,0,0
694,1789388662101701193,41561154241470,9.982283518e-05,1,1,0,0,1,1,0,0,0,0,-1,0.5,0,0,1000000000,0,1,1,0,0,0,0,0,0,0,0,0,-4.512089774,-4.282109333,0,0,0,0,0
695,1789388662111715087,41561164255358,0.0001396304287,1,1,0,0,1,1,0,0,0,0,-1,0.5,0,0,1000000000,0,1,1,0,0,0,0,0,0,0,0,0,-4.512089774,-4.282109333,0,0,0,0,0
696,1789388662121718029,41561174258301,9.78687749e-05,1,1,0,0,1,1,0,0,0,0,-1,0.5,0,0,1000000000,0,1,1,0,0,0,0,0,0,0,0,0,-4.512089774,-4.282109333,0,0,0,0,0
697,1789388662131750664,41561184290940,0.0001056753681,1,1,0,0,1,1,1,0,0,0,-1,0.5,0,0,1000000000,0,1,1,0,0,0,0,0,0,0,0,0,-4.512089774,-4.282109333,0,0,0,0,0
698,1789388662141712670,41561194252946,-4.035414167e-05,1,1,0,0,1,1,0,0,0,0,-1,0.5,0,0,1000000000,0,1,1,0,0,0,0,0,0,0,0,0,-4.512089774,-4.282109333,0,0,0,0,0
699,1789388662151716715,41561204256993,-7.283867308e-05,1,1,0,0,1,1,0,0,0,0,-1,0.5,0,0,1000000000,0,1,1,0,0,0,0,0,0,0,0,0,-4.512089774,-4.282109333,0,0,0,0,0
700,1789388662161719074,41561214259332,-0.0001094881591,1,1,0,0,1,1,0,0,0,0,-1,0.5,0,0,1000000000,0,1,1,0,0,0,0,0,0,0,0,0,-4.512089774,-4.282109333,0,0,0,0,0
701,1789388662171706764,41561224247033,2.83965328e-05,1,1,0,0,1,1,0,0,0,0,-1,0.5,0,0,1000000000,0,1,1,0,0,0,0,0,0,0,0,0,-4.512089774,-4.282109333,0,0,0,0,0
702,1789388662181719735,41561234260011,5.367141057e-05,1,1,0,0,1,1,0,0,0,0,-1,0.5,0,0,1000000000,0,1,1,0,0,0,0,0,0,0,0,0,-4.512089774,-4.282109333,0,0,0,0,0
703,1789388662191725385,41561244265650,3.076283247e-05,1,1,0,0,1,1,0,0,0,0,-1,0.5,0,0,1000000000,0,1,1,0,0,0,0,0,0,0,0,0,-4.512089774,-4.282109333,0,0,0,0,0
704,1789388662201714428,41561254254704,4.348743096e-05,1,1,0,0,1,1,0,0,0,0,-1,0.5,0,0,1000000000,0,1,1,0,0,0,0,0,0,0,0,0,-4.512089774,-4.282109333,0,0,0,0,0
705,1789388662211706561,41561264246835,-7.793804252e-05,1,1,0,0,1,1,0,0,0,0,-1,0.5,0,0,1000000000,0,1,1,0,0,0,0,0,0,0,0,0,-4.512089774,-4.282109333,0,0,0,0,0
706,1789388662221708638,41561274248912,-3.879801807e-05,1,1,0,0,1,1,0,0,0,0,-1,0.5,0,0,1000000000,0,1,1,0,0,0,0,0,0,0,0,0,-4.512089774,-4.282109333,0,0,0,0,0
707,1789388662231714064,41561284254339,-2.033626151e-05,1,1,0,0,1,1,1,0,0,0,-1,0.5,0,0,1000000000,0,1,1,0,0,0,0,0,0,0,0,0,-4.512089774,-4.282109333,0,0,0,0,0
708,1789388662241699513,41561294239787,0.0001388927631,1,1,0,0,1,1,0,0,0,0,-1,0.5,0,0,1000000000,0,1,1,0,0,0,0,0,0,0,0,0,-4.512089774,-4.282109333,0,0,0,0,0
709,1789388662251699884,41561304240158,0.0002111971698,1,1,0,0,1,1,0,0,0,0,-1,0.5,0,0,1000000000,0,1,1,0,0,0,0,0,0,0,0,0,-4.512089774,-4.282109333,0,0,0,0,0
710,1789388662261702744,41561314243025,0.0002003723494,1,1,0,0,1,1,0,0,0,0,-1,0.5,0,0,1000000000,0,1,1,0,0,0,0,0,0,0,0,0,-4.512089774,-4.282109333,0,0,0,0,0
711,1789388662271695767,41561324236046,7.105810073e-05,1,1,0,0,1,1,0,0,0,0,-1,0.5,0,0,1000000000,0,1,1,0,0,0,0,0,0,0,0,0,-4.512089774,-4.282109333,0,0,0,0,0
712,1789388662281695280,41561334235556,-0.0001328956423,1,1,0,0,1,1,0,0,0,0,-1,0.5,0,0,1000000000,0,1,1,0,0,0,0,0,0,0,0,0,-4.512089774,-4.282109333,0,0,0,0,0
713,1789388662291697272,41561344237547,-0.0001474925375,1,1,0,0,1,1,0,0,0,0,-1,0.5,0,0,1000000000,0,1,1,0,0,0,0,0,0,0,0,0,-4.512089774,-4.282109333,0,0,0,0,0
714,1789388662301688624,41561354228897,-1.593191882e-05,1,1,0,0,1,1,0,0,0,0,-1,0.5,0,0,1000000000,0,1,1,0,0,0,0,0,0,0,0,0,-4.512089774,-4.282109333,0,0,0,0,0
715,1789388662311702741,41561364243016,0.0001888092811,1,1,0,0,1,1,0,0,0,0,-1,0.5,0,0,1000000000,0,1,1,0,0,0,0,0,0,0,0,0,-4.512089774,-4.282109333,0,0,0,0,0
716,1789388662321702733,41561374243006,0.0002785341348,1,1,0,0,1,1,0,0,0,0,-1,0.5,0,0,1000000000,0,1,1,0,0,0,0,0,0,0,0,0,-4.512089774,-4.282109333,0,0,0,0,0
717,1789388662331697706,41561384237956,0.0002556933323,1,1,0,0,1,1,1,0,0,0,-1,0.5,0,0,1000000000,0,1,1,0,0,0,0,0,0,0,0,0,-4.512089774,-4.282109333,0,0,0,0,0
718,1789388662341699270,41561394239545,0.0001273205562,1,1,0,0,1,1,0,0,0,0,-1,0.5,0,0,1000000000,0,1,1,0,0,0,0,0,0,0,0,0,-4.512089774,-4.282109333,0,0,0,0,0
719,1789388662351691941,41561404232217,-8.615096885e-05,1,1,0,0,1,1,0,0,0,0,-1,0.5,0,0,1000000000,0,1,1,0,0,0,0,0,0,0,0,0,-4.512089774,-4.282109333,0,0,0,0,0
720,1789388662361700881,41561414241157,-9.124752251e-05,1,1,0,0,1,1,0,0,0,0,-1,0.5,0,0,1000000000,0,1,1,0,0,0,0,0,0,0,0,0,-4.512089774,-4.282109333,0,0,0,0,0
721,1789388662371702290,41561424242567,-7.545238623e-05,1,1,0,0,1,1,0,0,0,0,-1,0.5,0,0,1000000000,0,1,1,0,0,0,0,0,0,0,0,0,-4.512089774,-4.282109333,0,0,0,0,0
722,1789388662381695619,41561434235893,0.0001348414662,1,1,0,0,1,1,0,0,0,0,-1,0.5,0,0,1000000000,0,1,1,0,0,0,0,0,0,0,0,0,-4.512089774,-4.282109333,0,0,0,0,0
723,1789388662391706434,41561444246711,0.0002403882972,1,1,0,0,1,1,0,0,0,0,-1,0.5,0,0,1000000000,0,1,1,0,0,0,0,0,0,0,0,0,-4.512089774,-4.282109333,0,0,0,0,0
724,1789388662401705718,41561454245991,0.0003142108908,1,1,0,0,1,1,0,0,0,0,-1,0.5,0,0,1000000000,0,1,1,0,0,0,0,0,0,0,0,0,-4.512089774,-4.282109333,0,0,0,0,0
725,1789388662411699797,41561464240071,0.0001756074053,1,1,0,0,1,1,0,0,0,0,-1,0.5,0,0,1000000000,0,1,1,0,0,0,0,0,0,0,0,0,-4.512089774,-4.282109333,0,0,0,0,0
726,1789388662421709879,41561474250147,2.552339174e-05,1,1,0,0,1,1,0,0,0,0,-1,0.5,0,0,1000000000,0,1,1,0,0,0,0,0,0,0,0,0,-4.512089774,-4.282109333,0,0,0,0,0
727,1789388662431706146,41561484246419,-0.0001740592852,1,1,0,0,1,1,1,0,0,0,-1,0.5,0,0,1000000000,0,1,1,0,0,0,0,0,0,0,0,0,-4.512089774,-4.282109333,0,0,0,0,0
728,1789388662441712998,41561494253274,-0.0002198058501,1,1,0,0,1,1,0,0,0,0,-1,0.5,0,0,1000000000,0,1,1,0,0,0,0,0,0,0,0,0,-4.512089774,-4.282109333,0,0,0,0,0
729,1789388662451697464,41561504237741,1.29456057e-05,1,1,0,0,1,1,0,0,0,0,-1,0.5,0,0,1000000000,0,1,1,0,0,0,0,0,0,0,0,0,-4.512089774,-4.282109333,0,0,0,0,0
730,1789388662461696826,41561514237102,0.0003094828862,1,1,0,0,1,1,0,0,0,0,-1,0.5,0,0,1000000000,0,1,1,0,0,0,0,0,0,0,0,0,-4.512089774,-4.282109333,0,0,0,0,0
731,1789388662471690536,41561524230812,0.0003629320418,1,1,0,0,1,1,0,0,0,0,-1,0.5,0,0,1000000000,0,1,1,0,0,0,0,0,0,0,0,0,-4.512089774,-4.282109333,0,0,0,0,0
732,1789388662481693881,41561534234147,0.0001630384941,1,1,0,0,1,1,0,0,0,0,-1,0.5,0,0,1000000000,0,1,1,0,0,0,0,0,0,0,0,0,-4.512089774,-4.282109333,0,0,0,0,0
733,1789388662491697077,41561544237350,-5.139517816e-05,1,1,0,0,1,1,0,0,0,0,-1,0.5,0,0,1000000000,0,1,1,0,0,0,0,0,0,0,0,0,-4.512089774,-4.282109333,0,0,0,0,0
734,1789388662501691817,41561554232097,-0.0002584059548,1,1,0,0,1,1,0,0,0,0,-1,0.5,0,0,1000000000,0,1,1,0,0,0,0,0,0,0,0,0,-4.512089774,-4.282109333,0,0,0,0,0
735,1789388662511695381,41561564235666,-0.0001754180412,1,1,0,0,1,1,0,0,0,0,-1,0.5,0,0,1000000000,0,1,1,0,0,0,0,0,0,0,0,0,-4.512089774,-4.282109333,0,0,0,0,0
736,1789388662521694396,41561574234670,1.150424214e-05,1,1,0,0,1,1,0,0,0,0,-1,0.5,0,0,1000000000,0,1,1,0,0,0,0,0,0,0,0,0,-4.512089774,-4.282109333,0,0,0,0,0
737,1789388662531693191,41561584233470,0.0002472749329,1,1,0,0,1,1,1,0,0,0,-1,0.5,0,0,1000000000,0,1,1,0,0,0,0,0,0,0,0,0,-4.512089774,-4.282109333,0,0,0,0,0
738,1789388662541696769,41561594237040,0.0001485859102,1,1,0,0,1,1,0,0,0,0,-1,0.5,0,0,1000000000,0,1,1,0,0,0,0,0,0,0,0,0,-4.512089774,-4.282109333,0,0,0,0,0
739,1789388662551726231,41561604266505,-7.469494449e-05,1,1,0,0,1,1,0,0,0,0,-1,0.5,0,0,1000000000,0,1,1,0,0,0,0,0,0,0,0,0,-4.512089774,-4.282109333,0,0,0,0,0
740,1789388662561702335,41561614242611,-0.0003022027377,1,1,0,0,1,1,0,0,0,0,-1,0.5,0,0,1000000000,0,1,1,0,0,0,0,0,0,0,0,0,-4.512089774,-4.282109333,0,0,0,0,0
741,1789388662571710629,41561624250905,-0.0002098906989,1,1,0,0,1,1,0,0,0,0,-1,0.5,0,0,1000000000,0,1,1,0,0,0,0,0,0,0,0,0,-4.512089774,-4.282109333,0,0,0,0,0
742,1789388662581698793,41561634239067,-3.076331996e-05,1,1,0,0,1,1,0,0,0,0,-1,0.5,0,0,1000000000,0,1,1,0,0,0,0,0,0,0,0,0,-4.512089774,-4.282109333,0,0,0,0,0
743,1789388662591704531,41561644244807,0.0001843688951,1,1,0,0,1,1,0,0,0,0,-1,0.5,0,0,1000000000,0,1,1,0,0,0,0,0,0,0,0,0,-4.512089774,-4.282109333,0,0,0,0,0
744,1789388662601706405,41561654246678,0.0002794415341,1,1,0,0,1,1,0,0,0,0,-1,0.5,0,0,1000000000,0,1,1,0,0,0,0,0,0,0,0,0,-4.512089774,-4.282109333,0,0,0,0,0
745,1789388662611700663,41561664240940,0.0001534581097,1,1,0,0,1,1,0,0,0,0,-1,0.5,0,0,1000000000,0,1,1,0,0,0,0,0,0,0,0,0,-4.512089774,-4.282109333,0,0,0,0,0
746,1789388662621720016,41561674260281,-0.0001369129168,1,1,0,0,1,1,1,0,0,0,-1,0.5,0,0,1000000000,0,1,1,0,0,0,0,0,0,0,0,0,-4.512089774,-4.282109333,0,0,0,0,0
747,1789388662631712082,41561684252352,-0.0003602997749,1,1,0,0,1,1,0,0,0,0,-1,0.5,0,0,1000000000,0,1,1,0,0,0,0,0,0,0,0,0,-4.512089774,-4.282109333,0,0,0,0,0
748,1789388662641711901,41561694252096,-0.0002648078662,1,1,0,0,1,1,0,0,0,0,-1,0.5,0,0,1000000000,0,1,1,0,0,0,0,0,0,0,0,0,-4.512089774,-4.282109333,0,0,0,0,0
749,1789388662651711917,41561704252192,2.336470516e-06,1,1,0,0,1,1,0,0,0,0,-1,0.5,0,0,1000000000,0,1,1,0,0,0,0,0,0,0,0,0,-4.512089774,-4.282109333,0,0,0,0,0
750,1789388662661701007,41561714241278,0.0002285973169,1,1,0,0,1,1,0,0,0,0,-1,0.5,0,0,1000000000,0,1,1,0,0,0,0,0,0,0,0,0,-4.512089774,-4.282109333,0,0,0,0,0
751,1789388662671702534,41561724242782,0.0002890553733,1,1,0,0,1,1,0,0,0,0,-1,0.5,0,0,1000000000,0,1,1,0,0,0,0,0,0,0,0,0,-4.512089774,-4.282109333,0,0,0,0,0
752,1789388662681701806,41561734242082,9.12689211e-05,1,1,0,0,1,1,0,0,0,0,-1,0.5,0,0,1000000000,0,1,1,0,0,0,0,0,0,0,0,0,-4.497331843,-4.282109333,0,0,0,0,0
753,1789388662691701580,41561744241855,-0.0001598615636,1,1,0,0,1,1,0,0,0,0,-1,0.5,0,0,1000000000,0,1,1,0,0,0,0,0,0,0,0,0,-4.497331843,-4.282109333,0,0,0,0,0
754,1789388662701703381,41561754243655,-0.0002524245938,1,1,0,0,1,1,0,0,0,0,-1,0.5,0,0,1000000000,0,1,1,0,0,0,0,0,0,0,0,0,-4.497331843,-4.282109333,0,0,0,0,0
755,1789388662711715470,41561764255743,-6.580636546e-05,1,1,0,0,1,1,0,0,0,0,-1,0.5,0,0,1000000000,0,1,1,0,0,0,0,0,0,0,0,0,-4.497331843,-4.282109333,0,0,0,0,0
756,1789388662721704040,41561774244316,0.0001210172632,1,1,0,0,1,1,1,0,0,0,-1,0.5,0,0,1000000000,0,1,1,0,0,0,0,0,0,0,0,0,-4.497331843,-4.282109333,0,0,0,0,0
757,1789388662731690064,41561784230339,0.0001880962955,1,1,0,0,1,1,0,0,0,0,-1,0.5,0,0,1000000000,0,1,1,0,0,0,0,0,0,0,0,0,-4.497331843,-4.282109333,0,0,0,0,0
758,1789388662741695674,41561794235954,0.0002423834667,1,1,0,0,1,1,0,0,0,0,-1,0.5,0,0,1000000000,0,1,1,0,0,0,0,0,0,0,0,0,-4.497331843,-4.282109333,0,0,0,0,0
759,1789388662751695195,41561804235467,2.551563557e-05,1,1,0,0,1,1,0,0,0,0,-1,0.5,0,0,1000000000,0,1,1,0,0,0,0,0,0,0,0,0,-4.497331843,-4.282109333,0,0,0,0,0
760,1789388662761703015,41561814243294,-0.0002469200408,1,1,0,0,1,1,0,0,0,0,-1,0.5,0,0,1000000000,0,1,1,0,0,0,0,0,0,0,0,0,-4.497331843,-4.282109333,0,0,0,0,0
761,1789388662771685964,41561824226244,-0.0002391240414,1,1,0,0,1,1,0,0,0,0,-1,0.5,0,0,1000000000,0,1,1,0,0,0,0,0,0,0,0,0,-4.497331843,-4.282109333,0,0,0,0,0
762,1789388662781699552,41561834239826,4.611814074e-05,1,1,0,0,1,1,0,0,0,0,-1,0.5,0,0,1000000000,0,1,1,0,0,0,0,0,0,0,0,0,-4.512089774,-4.282109333,0,0,0,0,0
763,1789388662791711427,41561844251701,0.0003083572374,1,1,0,0,1,1,0,0,0,0,-1,0.5,0,0,1000000000,0,1,1,0,0,0,0,0,0,0,0,0,-4.512089774,-4.282109333,0,0,0,0,0
764,1789388662801721846,41561854262121,0.0003797578102,1,1,0,0,1,1,0,0,0,0,-1,0.5,0,0,1000000000,0,1,1,0,0,0,0,0,0,0,0,0,-4.512089774,-4.282109333,0,0,0,0,0
765,1789388662811720115,41561864260387,0.0001923011587,1,1,0,0,1,1,0,0,0,0,-1,0.5,0,0,1000000000,0,1,1,0,0,0,0,0,0,0,0,0,-4.512089774,-4.282109333,0,0,0,0,0
766,1789388662821702182,41561874242451,-4.651347626e-05,1,1,0,0,1,1,1,0,0,0,-1,0.5,0,0,1000000000,0,1,1,0,0,0,0,0,0,0,0,0,-4.512089774,-4.282109333,0,0,0,0,0
767,1789388662831698159,41561884238434,-6.719438534e-05,1,1,0,0,1,1,0,0,0,0,-1,0.5,0,0,1000000000,0,1,1,0,0,0,0,0,0,0,0,0,-4.512089774,-4.282109333,0,0,0,0,0
768,1789388662841695983,41561894236258,2.027193477e-05,1,1,0,0,1,1,0,0,0,0,-1,0.5,0,0,1000000000,0,1,1,0,0,0,0,0,0,0,0,0,-4.512089774,-4.282109333,0,0,0,0,0
769,1789388662851697047,41561904237322,0.0002203113545,1,1,0,0,1,1,0,0,0,0,-1,0.5,0,0,1000000000,0,1,1,0,0,0,0,0,0,0,0,0,-4.512089774,-4.282109333,0,0,0,0,0
770,1789388662861697815,41561914238089,0.0002682845225,1,1,0,0,1,1,0,0,0,0,-1,0.5,0,0,1000000000,0,1,1,0,0,0,0,0,0,0,0,0,-4.512089774,-4.282109333,0,0,0,0,0
771,1789388662871690237,41561924230512,0.0001770331291,1,1,0,0,1,1,0,0,0,0,-1,0.5,0,0,1000000000,0,1,1,0,0,0,0,0,0,0,0,0,-4.512089774,-4.282109333,0,0,0,0,0
772,1789388662881694118,41561934234385,7.360587915e-05,1,1,0,0,1,1,0,0,0,0,-1,0.5,0,0,1000000000,0,1,1,0,0,0,0,0,0,0,0,0,-4.512089774,-4.282109333,0,0,0,0,0
773,1789388662891701462,41561944241719,-6.381962157e-05,1,1,0,0,1,1,0,0,0,0,-1,0.5,0,0,1000000000,0,1,1,0,0,0,0,0,0,0,0,0,-4.512089774,-4.282109333,0,0,0,0,0
774,1789388662901701320,41561954241597,-0.0002012451296,1,1,0,0,1,1,0,0,0,0,-1,0.5,0,0,1000000000,0,1,1,0,0,0,0,0,0,0,0,0,-4.512089774,-4.282109333,0,0,0,0,0
775,1789388662911707580,41561964247857,-0.0001458940969,1,1,0,0,1,1,0,0,0,0,-1,0.5,0,0,1000000000,0,1,1,0,0,0,0,0,0,0,0,0,-4.512089774,-4.282109333,0,0,0,0,0
776,1789388662921705067,41561974245340,4.242523937e-05,1,1,0,0,1,1,1,0,0,0,-1,0.5,0,0,1000000000,0,1,1,0,0,0,0,0,0,0,0,0,-4.512089774,-4.282109333,0,0,0,0,0
777,1789388662931699142,41561984239417,0.0002833792532,1,1,0,0,1,1,0,0,0,0,-1,0.5,0,0,1000000000,0,1,1,0,0,0,0,0,0,0,0,0,-4.512089774,-4.282109333,0,0,0,0,0
778,1789388662941694926,41561994235200,0.0001661104034,1,1,0,0,1,1,0,0,0,0,-1,0.5,0,0,1000000000,0,1,1,0,0,0,0,0,0,0,0,0,-4.512089774,-4.282109333,0,0,0,0,0
779,1789388662951700481,41562004240758,-7.627275863e-06,1,1,0,0,1,1,0,0,0,0,-1,0.5,0,0,1000000000,0,1,1,0,0,0,0,0,0,0,0,0,-4.512089774,-4.282109333,0,0,0,0,0
780,1789388662961703501,41562014243783,-0.0001519854268,1,1,0,0,1,1,0,0,0,0,-1,0.5,0,0,1000000000,0,1,1,0,0,0,0,0,0,0,0,0,-4.512089774,-4.282109333,0,0,0,0,0
781,1789388662971694425,41562024234699,-0.0001305407786,1,1,0,0,1,1,0,0,0,0,-1,0.5,0,0,1000000000,0,1,1,0,0,0,0,0,0,0,0,0,-4.512089774,-4.282109333,0,0,0,0,0
782,1789388662981692288,41562034232567,1.918468843e-05,1,1,0,0,1,1,0,0,0,0,-1,0.5,0,0,1000000000,0,1,1,0,0,0,0,0,0,0,0,0,-4.512089774,-4.282109333,0,0,0,0,0
783,1789388662991706932,41562044247189,0.0001394108549,1,1,0,0,1,1,0,0,0,0,-1,0.5,0,0,1000000000,0,1,1,0,0,0,0,0,0,0,0,0,-4.512089774,-4.282109333,0,0,0,0,0
784,1789388663001704173,41562054244449,0.0001153549238,1,1,0,0,1,1,0,0,0,0,-1,0.5,0,0,1000000000,0,1,1,0,0,0,0,0,0,0,0,0,-4.512089774,-4.282109333,0,0,0,0,0
785,1789388663011696286,41562064236563,-8.160636207e-05,1,1,0,0,1,1,0,0,0,0,-1,0.5,0,0,1000000000,0,1,1,0,0,0,0,0,0,0,0,0,-4.512089774,-4.282109333,0,0,0,0,0
786,1789388663021704201,41562074244475,-0.0002672924893,1,1,0,0,1,1,1,0,0,0,-1,0.5,0,0,1000000000,0,1,1,0,0,0,0,0,0,0,0,0,-4.512089774,-4.282109333,0,0,0,0,0
787,1789388663031711700,41562084251973,-0.0001980557136,1,1,0,0,1,1,0,0,0,0,-1,0.5,0,0,1000000000,0,1,1,0,0,0,0,0,0,0,0,0,-4.512089774,-4.282109333,0,0,0,0,0
788,1789388663041697057,41562094237331,-6.019484863e-05,1,1,0,0,1,1,0,0,0,0,-1,0.5,0,0,1000000000,0,1,1,0,0,0,0,0,0,0,0,0,-4.512089774,-4.282109333,0,0,0,0,0
789,1789388663051694776,41562104235051,0.0001373930863,1,1,0,0,1,1,0,0,0,0,-1,0.5,0,0,1000000000,0,1,1,0,0,0,0,0,0,0,0,0,-4.512089774,-4.282109333,0,0,0,0,0
790,1789388663061703972,41562114244248,0.0002224185737,1,1,0,0,1,1,0,0,0,0,-1,0.5,0,0,1000000000,0,1,1,0,0,0,0,0,0,0,0,0,-4.512089774,-4.282109333,0,0,0,0,0
791,1789388663071695838,41562124236112,1.75694131e-05,1,1,0,0,1,1,0,0,0,0,-1,0.5,0,0,1000000000,0,1,1,0,0,0,0,0,0,0,0,0,-4.512089774,-4.282109333,0,0,0,0,0
792,1789388663081695991,41562134236265,-0.0002147628402,1,1,0,0,1,1,0,0,0,0,-1,0.5,0,0,1000000000,0,1,1,0,0,0,0,0,0,0,0,0,-4.512089774,-4.282109333,0,0,0,0,0
793,1789388663091694370,41562144234645,-0.000312952121,1,1,0,0,1,1,0,0,0,0,-1,0.5,0,0,1000000000,0,1,1,0,0,0,0,0,0,0,0,0,-4.512089774,-4.282109333,0,0,0,0,0
794,1789388663101699621,41562154239900,-0.0001437627361,1,1,0,0,1,1,0,0,0,0,-1,0.5,0,0,1000000000,0,1,1,0,0,0,0,0,0,0,0,0,-4.512089774,-4.282109333,0,0,0,0,0
795,1789388663111695759,41562164236034,9.994749416e-05,1,1,0,0,1,1,0,0,0,0,-1,0.5,0,0,1000000000,0,1,1,0,0,0,0,0,0,0,0,0,-4.512089774,-4.282109333,0,0,0,0,0
796,1789388663121698095,41562174238371,0.0001632000494,1,1,0,0,1,1,1,0,0,0,-1,0.5,0,0,1000000000,0,1,1,0,0,0,0,0,0,0,0,0,-4.512089774,-4.282109333,0,0,0,0,0
797,1789388663131695402,41562184235679,-5.384788892e-05,1,1,0,0,1,1,0,0,0,0,-1,0.5,0,0,1000000000,0,1,1,0,0,0,0,0,0,0,0,0,-4.512089774,-4.282109333,0,0,0,0,0
798,1789388663141694691,41562194234969,-0.0001951960585,1,1,0,0,1,1,0,0,0,0,-1,0.5,0,0,1000000000,0,1,1,0,0,0,0,0,0,0,0,0,-4.512089774,-4.282109333,0,0,0,0,0
799,1789388663151695357,41562204235634,-0.0003919487353,1,1,0,0,1,1,0,0,0,0,-1,0.5,0,0,1000000000,0,1,1,0,0,0,0,0,0,0,0,0,-4.512089774,-4.282109333,0,0,0,0,0
800,1789388663161692745,41562214233023,-0.0002209742524,1,1,0,0,1,1,0,0,0,0,-1,0.5,0,0,1000000000,0,1,1,0,0,0,0,0,0,0,0,0,-4.512089774,-4.282109333,0,0,0,0,0
801,1789388663171691529,41562224231804,-3.856154217e-05,1,1,0,0,1,1,0,0,0,0,-1,0.5,0,0,1000000000,0,1,1,0,0,0,0,0,0,0,0,0,-4.512089774,-4.282109333,0,0,0,0,0
802,1789388663181693176,41562234233453,0.0001273404923,1,1,0,0,1,1,0,0,0,0,-1,0.5,0,0,1000000000,0,1,1,0,0,0,0,0,0,0,0,0,-4.512089774,-4.282109333,0,0,0,0,0
803,1789388663191709809,41562244250082,0.0001221737912,1,1,0,0,1,1,0,0,0,0,-1,0.5,0,0,1000000000,0,1,1,0,0,0,0,0,0,0,0,0,-4.512089774,-4.282109333,0,0,0,0,0
804,1789388663201702412,41562254242687,0.0001033123553,1,1,0,0,1,1,0,0,0,0,-1,0.5,0,0,1000000000,0,1,1,0,0,0,0,0,0,0,0,0,-4.512089774,-4.282109333,0,0,0,0,0
805,1789388663211700203,41562264240460,-3.143373033e-05,1,1,0,0,1,1,0,0,0,0,-1,0.5,0,0,1000000000,0,1,1,0,0,0,0,0,0,0,0,0,-4.512089774,-4.282109333,0,0,0,0,0
806,1789388663221703082,41562274243357,-0.0001648138423,1,1,0,0,1,1,1,0,0,0,-1,0.5,0,0,1000000000,0,1,1,0,0,0,0,0,0,0,0,0,-4.512089774,-4.282109333,0,0,0,0,0
807,1789388663231700265,41562284240542,-0.0001903891243,1,1,0,0,1,1,0,0,0,0,-1,0.5,0,0,1000000000,0,1,1,0,0,0,0,0,0,0,0,0,-4.512089774,-4.282109333,0,0,0,0,0
808,1789388663241695604,41562294235878,2.628646325e-05,1,1,0,0,1,1,0,0,0,0,-1,0.5,0,0,1000000000,0,1,1,0,0,0,0,0,0,0,0,0,-4.512089774,-4.282109333,0,0,0,0,0
809,1789388663251707574,41562304247847,0.0001923071395,1,1,0,0,1,1,0,0,0,0,-1,0.5,0,0,1000000000,0,1,1,0,0,0,0,0,0,0,0,0,-4.512089774,-4.282109333,0,0,0,0,0
810,1789388663261708346,41562314248621,0.0001790458191,1,1,0,0,1,1,0,0,0,0,-1,0.5,0,0,1000000000,0,1,1,0,0,0,0,0,0,0,0,0,-4.512089774,-4.282109333,0,0,0,0,0
811,1789388663271695940,41562324236218,7.073125744e-05,1,1,0,0,1,1,0,0,0,0,-1,0.5,0,0,1000000000,0,1,1,0,0,0,0,0,0,0,0,0,-4.512089774,-4.282109333,0,0,0,0,0
812,1789388663281696747,41562334237027,-8.795313624e-05,1,1,0,0,1,1,0,0,0,0,-1,0.5,0,0,1000000000,0,1,1,0,0,0,0,0,0,0,0,0,-4.512089774,-4.282109333,0,0,0,0,0
813,1789388663291702162,41562344242437,-0.000232708524,1,1,0,0,1,1,0,0,0,0,-1,0.5,0,0,1000000000,0,1,1,0,0,0,0,0,0,0,0,0,-4.512089774,-4.282109333,0,0,0,0,0
814,1789388663301713183,41562354253461,-0.0001691167563,1,1,0,0,1,1,0,0,0,0,-1,0.5,0,0,1000000000,0,1,1,0,0,0,0,0,0,0,0,0,-4.512089774,-4.282109333,0,0,0,0,0
815,1789388663311704129,41562364244405,4.697446639e-05,1,1,0,0,1,1,0,0,0,0,-1,0.5,0,0,1000000000,0,1,1,0,0,0,0,0,0,0,0,0,-4.512089774,-4.282109333,0,0,0,0,0
816,1789388663321700961,41562374241231,0.0002438764204,1,1,0,0,1,1,1,0,0,0,-1,0.5,0,0,1000000000,0,1,1,0,0,0,0,0,0,0,0,0,-4.512089774,-4.282109333,0,0,0,0,0
817,1789388663331721902,41562384262178,0.0001730068616,1,1,0,0,1,1,0,0,0,0,-1,0.5,0,0,1000000000,0,1,1,0,0,0,0,0,0,0,0,0,-4.512089774,-4.282109333,0,0,0,0,0
818,1789388663341696827,41562394237103,-1.496925142e-05,1,1,0,0,1,1,0,0,0,0,-1,0.5,0,0,1000000000,0,1,1,0,0,0,0,0,0,0,0,0,-4.512089774,-4.282109333,0,0,0,0,0
819,1789388663351697077,41562404237349,-0.0001928199636,1,1,0,0,1,1,0,0,0,0,-1,0.5,0,0,1000000000,0,1,1,0,0,0,0,0,0,0,0,0,-4.512089774,-4.282109333,0,0,0,0,0
820,1789388663361702973,41562414243232,-0.0002581082226,1,1,0,0,1,1,0,0,0,0,-1,0.5,0,0,1000000000,0,1,1,0,0,0,0,0,0,0,0,0,-4.512089774,-4.282109333,0,0,0,0,0
821,1789388663371700382,41562424240654,-6.913943798e-05,1,1,0,0,1,1,0,0,0,0,-1,0.5,0,0,1000000000,0,1,1,0,0,0,0,0,0,0,0,0,-4.512089774,-4.282109333,0,0,0,0,0
822,1789388663381691422,41562434231698,0.0001486019901,1,1,0,0,1,1,0,0,0,0,-1,0.5,0,0,1000000000,0,1,1,0,0,0,0,0,0,0,0,0,-4.512089774,-4.282109333,0,0,0,0,0
823,1789388663391721208,41562444261482,0.0002184113255,1,1,0,0,1,1,0,0,0,0,-1,0.5,0,0,1000000000,0,1,1,0,0,0,0,0,0,0,0,0,-4.512089774,-4.282109333,0,0,0,0,0
824,1789388663401708487,41562454248762,4.96321918e-05,1,1,0,0,1,1,0,0,0,0,-1,0.5,0,0,1000000000,0,1,1,0,0,0,0,0,0,0,0,0,-4.512089774,-4.282109333,0,0,0,0,0
825,1789388663411704670,41562464244945,-0.0001680791756,1,1,0,0,1,1,0,0,0,0,-1,0.5,0,0,1000000000,0,1,1,0,0,0,0,0,0,0,0,0,-4.512089774,-4.282109333,0,0,0,0,0
826,1789388663421718055,41562474258328,-0.0002432999609,1,1,0,0,1,1,1,0,0,0,-1,0.5,0,0,1000000000,0,1,1,0,0,0,0,0,0,0,0,0,-4.512089774,-4.282109333,0,0,0,0,0
827,1789388663431707939,41562484248218,-0.0001291317167,1,1,0,0,1,1,0,0,0,0,-1,0.5,0,0,1000000000,0,1,1,0,0,0,0,0,0,0,0,0,-4.512089774,-4.282109333,0,0,0,0,0
828,1789388663441685101,41562494225377,6.236718764e-05,1,1,0,0,1,1,0,0,0,0,-1,0.5,0,0,1000000000,0,1,1,0,0,0,0,0,0,0,0,0,-4.512089774,-4.282109333,0,0,0,0,0
829,1789388663451705090,41562504245364,0.0002960449492,1,1,0,0,1,1,0,0,0,0,-1,0.5,0,0,1000000000,0,1,1,0,0,0,0,0,0,0,0,0,-4.512089774,-4.282109333,0,0,0,0,0
830,1789388663461718684,41562514258957,0.0003113946586,1,1,0,0,1,1,0,0,0,0,-1,0.5,0,0,1000000000,0,1,1,0,0,0,0,0,0,0,0,0,-4.512089774,-4.282109333,0,0,0,0,0
831,1789388663471699193,41562524239467,6.043387111e-05,1,1,0,0,1,1,0,0,0,0,-1,0.5,0,0,1000000000,0,1,1,0,0,0,0,0,0,0,0,0,-4.512089774,-4.282109333,0,0,0,0,0
832,1789388663481702329,41562534242604,-0.000198362919,1,1,0,0,1,1,0,0,0,0,-1,0.5,0,0,1000000000,0,1,1,0,0,0,0,0,0,0,0,0,-4.512089774,-4.282109333,0,0,0,0,0
833,1789388663491702302,41562544242578,-0.0002914989309,1,1,0,0,1,1,0,0,0,0,-1,0.5,0,0,1000000000,0,1,1,0,0,0,0,0,0,0,0,0,-4.512089774,-4.282109333,0,0,0,0,0
834,1789388663501695871,41562554236144,-0.0001873255096,1,1,0,0,1,1,0,0,0,0,-1,0.5,0,0,1000000000,0,1,1,0,0,0,0,0,0,0,0,0,-4.512089774,-4.282109333,0,0,0,0,0
835,1789388663511696872,41562564237147,6.562986528e-05,1,1,0,0,1,1,0,0,0,0,-1,0.5,0,0,1000000000,0,1,1,0,0,0,0,0,0,0,0,0,-4.512089774,-4.282109333,0,0,0,0,0
836,1789388663521705136,41562574245409,0.0002994002425,1,1,0,0,1,1,1,0,0,0,-1,0.5,0,0,1000000000,0,1,1,0,0,0,0,0,0,0,0,0,-4.512089774,-4.282109333,0,0,0,0,0
837,1789388663531705085,41562584245361,0.0001587754668,1,1,0,0,1,1,0,0,0,0,-1,0.5,0,0,1000000000,0,1,1,0,0,0,0,0,0,0,0,0,-4.512089774,-4.282109333,0,0,0,0,0
838,1789388663541704096,41562594244377,-0.0001010075866,1,1,0,0,1,1,0,0,0,0,-1,0.5,0,0,1000000000,0,1,1,0,0,0,0,0,0,0,0,0,-4.512089774,-4.282109333,0,0,0,0,0
839,1789388663551703972,41562604244250,-0.0003278093354,1,1,0,0,1,1,0,0,0,0,-1,0.5,0,0,1000000000,0,1,1,0,0,0,0,0,0,0,0,0,-4.512089774,-4.282109333,0,0,0,0,0
840,1789388663561705936,41562614246211,-0.000242829512,1,1,0,0,1,1,0,0,0,0,-1,0.5,0,0,1000000000,0,1,1,0,0,0,0,0,0,0,0,0,-4.512089774,-4.282109333,0,0,0,0,0
841,1789388663571693021,41562624233290,2.852362013e-05,1,1,0,0,1,1,0,0,0,0,-1,0.5,0,0,1000000000,0,1,1,0,0,0,0,0,0,0,0,0,-4.512089774,-4.282109333,0,0,0,0,0
842,1789388663581700856,41562634241130,0.0002727607498,1,1,0,0,1,1,0,0,0,0,-1,0.5,0,0,1000000000,0,1,1,0,0,0,0,0,0,0,0,0,-4.512089774,-4.282109333,0,0,0,0,0
843,1789388663591746936,41562644287210,0.0003527436929,1,1,0,0,1,1,0,0,0,0,-1,0.5,0,0,1000000000,0,1,1,0,0,0,0,0,0,0,0,0,-4.512089774,-4.282109333,0,0,0,0,0
844,1789388663601722696,41562654262972,0.0001386984513,1,1,0,0,1,1,0,0,0,0,-1,0.5,0,0,1000000000,0,1,1,0,0,0,0,0,0,0,0,0,-4.512089774,-4.282109333,0,0,0,0,0
845,1789388663611708794,41562664249065,-0.0001404298673,1,1,0,0,1,1,0,0,0,0,-1,0.5,0,0,1000000000,0,1,1,0,0,0,0,0,0,0,0,0,-4.512089774,-4.282109333,0,0,0,0,0
846,1789388663621699511,41562674239775,-0.0002739557822,1,1,0,0,1,1,1,0,0,0,-1,0.5,0,0,1000000000,0,1,1,0,0,0,0,0,0,0,0,0,-4.512089774,-4.282109333,0,0,0,0,0
847,1789388663631698902,41562684239174,-0.0001451481075,1,1,0,0,1,1,0,0,0,0,-1,0.5,0,0,1000000000,0,1,1,0,0,0,0,0,0,0,0,0,-4.512089774,-4.282109333,0,0,0,0,0
848,1789388663641699166,41562694239436,0.0001175394209,1,1,0,0,1,1,0,0,0,0,-1,0.5,0,0,1000000000,0,1,1,0,0,0,0,0,0,0,0,0,-4.512089774,-4.282109333,0,0,0,0,0
849,1789388663651708932,41562704249208,0.000347791356,1,1,0,0,1,1,0,0,0,0,-1,0.5,0,0,1000000000,0,1,1,0,0,0,0,0,0,0,0,0,-4.512089774,-4.282109333,0,0,0,0,0
850,1789388663661708519,41562714248795,0.000402713049,1,1,0,0,1,1,0,0,0,0,-1,0.5,0,0,1000000000,0,1,1,0,0,0,0,0,0,0,0,0,-4.512089774,-4.282109333,0,0,0,0,0
851,1789388663671693923,41562724234201,0.0001608893217,1,1,0,0,1,1,0,0,0,0,-1,0.5,0,0,1000000000,0,1,1,0,0,0,0,0,0,0,0,0,-4.512089774,-4.282109333,0,0,0,0,0
852,1789388663681700341,41562734240621,-0.0001079967988,1,1,0,0,1,1,0,0,0,0,-1,0.5,0,0,1000000000,0,1,1,0,0,0,0,0,0,0,0,0,-4.512089774,-4.282109333,0,0,0,0,0
853,1789388663691706829,41562744247102,-0.0003531928814,1,1,0,0,1,1,0,0,0,0,-1,0.5,0,0,1000000000,0,1,1,0,0,0,0,0,0,0,0,0,-4.512089774,-4.282109333,0,0,0,0,0
854,1789388663701705430,41562754245705,-0.0002269439283,1,1,0,0,1,1,0,0,0,0,-1,0.5,0,0,1000000000,0,1,1,0,0,0,0,0,0,0,0,0,-4.512089774,-4.282109333,0,0,0,0,0
855,1789388663711699959,41562764240233,5.06448705e-05,1,1,0,0,1,1,0,0,0,0,-1,0.5,0,0,1000000000,0,1,1,0,0,0,0,0,0,0,0,0,-4.512089774,-4.282109333,0,0,0,0,0
856,1789388663721698406,41562774238685,0.0002637041325,1,1,0,0,1,1,1,0,0,0,-1,0.5,0,0,1000000000,0,1,1,0,0,0,0,0,0,0,0,0,-4.512089774,-4.282109333,0,0,0,0,0
857,1789388663731695044,41562784235321,0.0002073161304,1,1,0,0,1,1,0,0,0,0,-1,0.5,0,0,1000000000,0,1,1,0,0,0,0,0,0,0,0,0,-4.512089774,-4.282109333,0,0,0,0,0
858,1789388663748264266,41562800804536,-0.0001917936315,1,1,0,0,1,1,0,0,0,0,-1,0.5,0,0,1000000000,0,1,1,0,0,0,0,0,0,0,0,0,-4.512089774,-4.282109333,0,0,0,0,0
859,1789388663751687584,41562804227863,-0.0001917936315,1,1,0,0,1,1,0,0,0,0,-1,0.5,0,0,1000000000,0,1,1,0,0,0,0,0,0,0,0,0,-4.512089774,-4.282109333,0,0,0,0,0
860,1789388663761697872,41562814238143,-0.0002718087344,1,1,0,0,1,1,0,0,0,0,-1,0.5,0,0,1000000000,0,1,1,0,0,0,0,0,0,0,0,0,-4.512089774,-4.282109333,0,0,0,0,0
861,1789388663771702036,41562824242300,-4.331286254e-05,1,1,0,0,1,1,0,0,0,0,-1,0.5,0,0,1000000000,0,1,1,0,0,0,0,0,0,0,0,0,-4.512089774,-4.282109333,0,0,0,0,0
862,1789388663781736100,41562834276377,0.0002095297241,1,1,0,0,1,1,0,0,0,0,-1,0.5,0,0,1000000000,0,1,1,0,0,0,0,0,0,0,0,0,-4.512089774,-4.282109333,0,0,0,0,0
863,1789388663791721099,41562844261365,0.0003100721515,1,1,0,0,1,1,0,0,0,0,-1,0.5,0,0,1000000000,0,1,1,0,0,0,0,0,0,0,0,0,-4.512089774,-4.282109333,0,0,0,0,0
864,1789388663801710579,41562854250849,0.0001398804452,1,1,0,0,1,1,0,0,0,0,-1,0.5,0,0,1000000000,0,1,1,0,0,0,0,0,0,0,0,0,-4.512089774,-4.282109333,0,0,0,0,0
865,1789388663811707955,41562864248223,-0.0001121942187,1,1,0,0,1,1,0,0,0,0,-1,0.5,0,0,1000000000,0,1,1,0,0,0,0,0,0,0,0,0,-4.512089774,-4.282109333,0,0,0,0,0
866,1789388663821698654,41562874238928,-0.0003572170681,1,1,0,0,1,1,1,0,0,0,-1,0.5,0,0,1000000000,0,1,1,0,0,0,0,0,0,0,0,0,-4.512089774,-4.282109333,0,0,0,0,0
867,1789388663831703002,41562884243276,-0.0002233242121,1,1,0,0,1,1,0,0,0,0,-1,0.5,0,0,1000000000,0,1,1,0,0,0,0,0,0,0,0,0,-4.512089774,-4.282109333,0,0,0,0,0
868,1789388663841757157,41562894297436,3.59918231e-05,1,1,0,0,1,1,0,0,0,0,-1,0.5,0,0,1000000000,0,1,1,0,0,0,0,0,0,0,0,0,-4.512089774,-4.282109333,0,0,0,0,0
869,1789388663851714456,41562904254719,0.0002639662416,1,1,0,0,1,1,0,0,0,0,-1,0.5,0,0,1000000000,0,1,1,0,0,0,0,0,0,0,0,0,-4.512089774,-4.282109333,0,0,0,0,0
870,1789388663861719460,41562914259734,0.0001754211989,1,1,0,0,1,1,0,0,0,0,-1,0.5,0,0,1000000000,0,1,1,0,0,0,0,0,0,0,0,0,-4.512089774,-4.282109333,0,0,0,0,0
871,1789388663871756532,41562924296626,-1.802553743e-05,1,1,0,0,1,1,0,0,0,0,-1,0.5,0,0,1000000000,0,1,1,0,0,0,0,0,0,0,0,0,-4.512089774,-4.282109333,0,0,0,0,0
872,1789388663881714446,41562934254721,-0.0002442110272,1,1,0,0,1,1,0,0,0,0,-1,0.5,0,0,1000000000,0,1,1,0,0,0,0,0,0,0,0,0,-4.512089774,-4.282109333,0,0,0,0,0
873,1789388663891713602,41562944253877,-0.0003061423777,1,1,0,0,1,1,0,0,0,0,-1,0.5,0,0,1000000000,0,1,1,0,0,0,0,0,0,0,0,0,-4.512089774,-4.282109333,0,0,0,0,0
874,1789388663901718292,41562954258570,-7.859709149e-05,1,1,0,0,1,1,0,0,0,0,-1,0.5,0,0,1000000000,0,1,1,0,0,0,0,0,0,0,0,0,-4.512089774,-4.282109333,0,0,0,0,0
875,1789388663911765967,41562964306242,0.0001902884687,1,1,0,0,1,1,0,0,0,0,-1,0.5,0,0,1000000000,0,1,1,0,0,0,0,0,0,0,0,0,-4.512089774,-4.282109333,0,0,0,0,0
876,1789388663921710103,41562974250382,0.0003140269837,1,1,0,0,1,1,1,0,0,0,-1,0.5,0,0,1000000000,0,1,1,0,0,0,0,0,0,0,0,0,-4.512089774,-4.282109333,0,0,0,0,0
877,1789388663931707197,41562984247462,0.0001915341127,1,1,0,0,1,1,0,0,0,0,-1,0.5,0,0,1000000000,0,1,1,0,0,0,0,0,0,0,0,0,-4.512089774,-4.282109333,0,0,0,0,0
878,1789388663941749503,41562994289775,-9.490999219e-05,1,1,0,0,1,1,0,0,0,0,-1,0.5,0,0,1000000000,0,1,1,0,0,0,0,0,0,0,0,0,-4.512089774,-4.282109333,0,0,0,0,0
879,1789388663951766867,41563004307135,-0.0003361375711,1,1,0,0,1,1,0,0,0,0,-1,0.5,0,0,1000000000,0,1,1,0,0,0,0,0,0,0,0,0,-4.512089774,-4.282109333,0,0,0,0,0
880,1789388663961720462,41563014260739,-0.0004020348715,1,1,0,0,1,1,0,0,0,0,-1,0.5,0,0,1000000000,0,1,1,0,0,0,0,0,0,0,0,0,-4.512089774,-4.282109333,0,0,0,0,0
881,1789388663971724640,41563024264906,-0.0001683498413,1,1,0,0,1,1,0,0,0,0,-1,0.5,0,0,1000000000,0,1,1,0,0,0,0,0,0,0,0,0,-4.512089774,-4.282109333,0,0,0,0,0
882,1789388663981718433,41563034258606,0.0001183573986,1,1,0,0,1,1,0,0,0,0,-1,0.5,0,0,1000000000,0,1,1,0,0,0,0,0,0,0,0,0,-4.512089774,-4.282109333,0,0,0,0,0
883,1789388663991723863,41563044264138,0.0003731761535,1,1,0,0,1,1,0,0,0,0,-1,0.5,0,0,1000000000,0,1,1,0,0,0,0,0,0,0,0,0,-4.512089774,-4.282109333,0,0,0,0,0
884,1789388664001723726,41563054263997,0.0002379767539,1,1,0,0,1,1,0,0,0,0,-1,0.5,0,0,1000000000,0,1,1,0,0,0,0,0,0,0,0,0,-4.512089774,-4.282109333,0,0,0,0,0
885,1789388664011716745,41563064257021,1.751488162e-05,1,1,0,0,1,1,0,0,0,0,-1,0.5,0,0,1000000000,0,1,1,0,0,0,0,0,0,0,0,0,-4.512089774,-4.282109333,0,0,0,0,0
886,1789388664021717769,41563074258045,-0.0001831284899,1,1,0,0,1,1,1,0,0,0,-1,0.5,0,0,1000000000,0,1,1,0,0,0,0,0,0,0,0,0,-4.512089774,-4.282109333,0,0,0,0,0
887,1789388664031721434,41563084261710,-0.0001267405023,1,1,0,0,1,1,0,0,0,0,-1,0.5,0,0,1000000000,0,1,1,0,0,0,0,0,0,0,0,0,-4.512089774,-4.282109333,0,0,0,0,0
888,1789388664041721403,41563094261679,9.140490147e-05,1,1,0,0,1,1,0,0,0,0,-1,0.5,0,0,1000000000,0,1,1,0,0,0,0,0,0,0,0,0,-4.512089774,-4.282109333,0,0,0,0,0
889,1789388664051717483,41563104257755,0.0003159489424,1,1,0,0,1,1,0,0,0,0,-1,0.5,0,0,1000000000,0,1,1,0,0,0,0,0,0,0,0,0,-4.512089774,-4.282109333,0,0,0,0,0
890,1789388664061718313,41563114258588,0.0002125840401,1,1,0,0,1,1,0,0,0,0,-1,0.5,0,0,1000000000,0,1,1,0,0,0,0,0,0,0,0,0,-4.512089774,-4.282109333,0,0,0,0,0
891,1789388664071720501,41563124260778,4.467704002e-06,1,1,0,0,1,1,0,0,0,0,-1,0.5,0,0,1000000000,0,1,1,0,0,0,0,0,0,0,0,0,-4.512089774,-4.282109333,0,0,0,0,0
892,1789388664081720213,41563134260490,-0.0001942811214,1,1,0,0,1,1,0,0,0,0,-1,0.5,0,0,1000000000,0,1,1,0,0,0,0,0,0,0,0,0,-4.512089774,-4.282109333,0,0,0,0,0
893,1789388664091718226,41563144258496,-0.0001541679812,1,1,0,0,1,1,0,0,0,0,-1,0.5,0,0,1000000000,0,1,1,0,0,0,0,0,0,0,0,0,-4.512089774,-4.282109333,0,0,0,0,0
894,1789388664101770613,41563154310883,5.599388896e-05,1,1,0,0,1,1,0,0,0,0,-1,0.5,0,0,1000000000,0,1,1,0,0,0,0,0,0,0,0,0,-4.512089774,-4.282109333,0,0,0,0,0
895,1789388664111718494,41563164258772,0.0002758683113,1,1,0,0,1,1,0,0,0,0,-1,0.5,0,0,1000000000,0,1,1,0,0,0,0,0,0,0,0,0,-4.512089774,-4.282109333,0,0,0,0,0
896,1789388664121713047,41563174253330,0.0003210822761,1,1,0,0,1,1,1,0,0,0,-1,0.5,0,0,1000000000,0,1,1,0,0,0,0,0,0,0,0,0,-4.512089774,-4.282109333,0,0,0,0,0
897,1789388664131712422,41563184252700,0.0001561758254,1,1,0,0,1,1,0,0,0,0,-1,0.5,0,0,1000000000,0,1,1,0,0,0,0,0,0,0,0,0,-4.512089774,-4.282109333,0,0,0,0,0
898,1789388664141772503,41563194312761,-6.661385851e-05,1,1,0,0,1,1,0,0,0,0,-1,0.5,0,0,1000000000,0,1,1,0,0,0,0,0,0,0,0,0,-4.512089774,-4.282109333,0,0,0,0,0
899,1789388664151713246,41563204253514,-0.0002704731596,1,1,0,0,1,1,0,0,0,0,-1,0.5,0,0,1000000000,0,1,1,0,0,0,0,0,0,0,0,0,-4.512089774,-4.282109333,0,0,0,0,0
900,1789388664161716694,41563214256969,-0.00014542602,1,1,0,0,1,1,0,0,0,0,-1,0.5,0,0,1000000000,0,1,1,0,0,0,0,0,0,0,0,0,-4.512089774,-4.282109333,0,0,0,0,0
901,1789388664171708740,41563224248933,3.522440966e-05,1,1,0,0,1,1,0,0,0,0,-1,0.5,0,0,1000000000,0,1,1,0,0,0,0,0,0,0,0,0,-4.512089774,-4.282109333,0,0,0,0,0
902,1789388664181713580,41563234253848,0.0002493652573,1,1,0,0,1,1,0,0,0,0,-1,0.5,0,0,1000000000,0,1,1,0,0,0,0,0,0,0,0,0,-4.512089774,-4.282109333,0,0,0,0,0
903,1789388664191720670,41563244260931,0.0003111858096,1,1,0,0,1,1,0,0,0,0,-1,0.5,0,0,1000000000,0,1,1,0,0,0,0,0,0,0,0,0,-4.512089774,-4.282109333,0,0,0,0,0
904,1789388664201725712,41563254265981,7.388646918e-05,1,1,0,0,1,1,0,0,0,0,-1,0.5,0,0,1000000000,0,1,1,0,0,0,0,0,0,0,0,0,-4.512089774,-4.282109333,0,0,0,0,0
905,1789388664211722444,41563264262714,-0.0001712300291,1,1,0,0,1,1,0,0,0,0,-1,0.5,0,0,1000000000,0,1,1,0,0,0,0,0,0,0,0,0,-4.512089774,-4.282109333,0,0,0,0,0
906,1789388664221707257,41563274247526,-0.0001960845548,1,1,0,0,1,1,1,0,0,0,-1,0.5,0,0,1000000000,0,1,1,0,0,0,0,0,0,0,0,0,-4.512089774,-4.282109333,0,0,0,0,0
907,1789388664231709774,41563284250046,-0.0001149940654,1,1,0,0,1,1,0,0,0,0,-1,0.5,0,0,1000000000,0,1,1,0,0,0,0,0,0,0,0,0,-4.512089774,-4.282109333,0,0,0,0,0
908,1789388664241715497,41563294255766,0.0001107294229,1,1,0,0,1,1,0,0,0,0,-1,0.5,0,0,1000000000,0,1,1,0,0,0,0,0,0,0,0,0,-4.512089774,-4.282109333,0,0,0,0,0
909,1789388664251745236,41563304285514,0.0001715133403,1,1,0,0,1,1,0,0,0,0,-1,0.5,0,0,1000000000,0,1,1,0,0,0,0,0,0,0,0,0,-4.512089774,-4.282109333,0,0,0,0,0
910,1789388664261724253,41563314264531,0.0002456748043,1,1,0,0,1,1,0,0,0,0,-1,0.5,0,0,1000000000,0,1,1,0,0,0,0,0,0,0,0,0,-4.512089774,-4.282109333,0,0,0,0,0
911,1789388664271705396,41563324245665,0.0001215654629,1,1,0,0,1,1,0,0,0,0,-1,0.5,0,0,1000000000,0,1,1,0,0,0,0,0,0,0,0,0,-4.512089774,-4.282109333,0,0,0,0,0
912,1789388664281713871,41563334254147,-6.8649686e-05,1,1,0,0,1,1,0,0,0,0,-1,0.5,0,0,1000000000,0,1,1,0,0,0,0,0,0,0,0,0,-4.512089774,-4.282109333,0,0,0,0,0
913,1789388664291759327,41563344299600,-0.000160185431,1,1,0,0,1,1,0,0,0,0,-1,0.5,0,0,1000000000,0,1,1,0,0,0,0,0,0,0,0,0,-4.512089774,-4.282109333,0,0,0,0,0
914,1789388664301712014,41563354252290,-9.47321314e-05,1,1,0,0,1,1,0,0,0,0,-1,0.5,0,0,1000000000,0,1,1,0,0,0,0,0,0,0,0,0,-4.512089774,-4.282109333,0,0,0,0,0
915,1789388664311769642,41563364309916,-1.793622323e-05,1,1,0,0,1,1,0,0,0,0,-1,0.5,0,0,1000000000,0,1,1,0,0,0,0,0,0,0,0,0,-4.512089774,-4.282109333,0,0,0,0,0
916,1789388664321710786,41563374250928,4.663250729e-05,1,1,0,0,1,1,1,0,0,0,-1,0.5,0,0,1000000000,0,1,1,0,0,0,0,0,0,0,0,0,-4.512089774,-4.282109333,0,0,0,0,0
917,1789388664331741792,41563384281975,5.375951332e-06,1,1,0,0,1,1,0,0,0,0,-1,0.5,0,0,1000000000,0,1,1,0,0,0,0,0,0,0,0,0,-4.512089774,-4.282109333,0,0,0,0,0
918,1789388664341712544,41563394252820,-6.496444985e-05,1,1,0,0,1,1,0,0,0,0,-1,0.5,0,0,1000000000,0,1,1,0,0,0,0,0,0,0,0,0,-4.512089774,-4.282109333,0,0,0,0,0
919,1789388664351719189,41563404259467,-0.0001858923206,1,1,0,0,1,1,0,0,0,0,-1,0.5,0,0,1000000000,0,1,1,0,0,0,0,0,0,0,0,0,-4.512089774,-4.282109333,0,0,0,0,0
920,1789388664361753117,41563414293394,-0.0001043240045,1,1,0,0,1,1,0,0,0,0,-1,0.5,0,0,1000000000,0,1,1,0,0,0,0,0,0,0,0,0,-4.512089774,-4.282109333,0,0,0,0,0
921,1789388664371712986,41563424253264,-5.455502833e-05,1,1,0,0,1,1,0,0,0,0,-1,0.5,0,0,1000000000,0,1,1,0,0,0,0,0,0,0,0,0,-4.512089774,-4.282109333,0,0,0,0,0
922,1789388664381715860,41563434256140,-1.415356382e-05,1,1,0,0,1,1,0,0,0,0,-1,0.5,0,0,1000000000,0,1,1,0,0,0,0,0,0,0,0,0,-4.512089774,-4.282109333,0,0,0,0,0
923,1789388664391722147,41563444262423,-1.415356382e-05,1,1,0,0,1,1,0,0,0,0,-1,0.5,0,0,1000000000,0,1,1,0,0,0,0,0,0,0,0,0,-4.512089774,-4.282109333,0,0,0,0,0
924,1789388664401714810,41563454255086,-3.556911906e-05,1,1,0,0,1,1,0,0,0,0,-1,0.5,0,0,1000000000,0,1,1,0,0,0,0,0,0,0,0,0,-4.512089774,-4.282109333,0,0,0,0,0
925,1789388664411707891,41563464248165,-2.956831122e-05,1,1,0,0,1,1,0,0,0,0,-1,0.5,0,0,1000000000,0,1,1,0,0,0,0,0,0,0,0,0,-4.512089774,-4.282109333,0,0,0,0,0
926,1789388664421699715,41563474239986,-2.01165185e-05,1,1,0,0,1,1,1,0,0,0,-1,0.5,0,0,1000000000,0,1,1,0,0,0,0,0,0,0,0,0,-4.512089774,-4.282109333,0,0,0,0,0
927,1789388664431719817,41563484260091,-2.340828905e-05,1,1,0,0,1,1,0,0,0,0,-1,0.5,0,0,1000000000,0,1,1,0,0,0,0,0,0,0,0,0,-4.512089774,-4.282109333,0,0,0,0,0
928,1789388664441694987,41563494235262,-6.29145552e-06,1,1,0,0,1,1,0,0,0,0,-1,0.5,0,0,1000000000,0,1,1,0,0,0,0,0,0,0,0,0,-4.512089774,-4.282109333,0,0,0,0,0
929,1789388664451768446,41563504308722,0.0001858121541,1,1,0,0,1,1,0,0,0,0,-1,0.5,0,0,1000000000,0,1,1,0,0,0,0,0,0,0,0,0,-4.512089774,-4.282109333,0,0,0,0,0
930,1789388664461717358,41563514257636,0.0001451210701,1,1,0,0,1,1,0,0,0,0,-1,0.5,0,0,1000000000,0,1,1,0,0,0,0,0,0,0,0,0,-4.512089774,-4.282109333,0,0,0,0,0
931,1789388664471707112,41563524247379,-5.514190707e-05,1,1,0,0,1,1,0,0,0,0,-1,0.5,0,0,1000000000,0,1,1,0,0,0,0,0,0,0,0,0,-4.512089774,-4.282109333,0,0,0,0,0
932,1789388664481706399,41563534246677,-0.0002004876296,1,1,0,0,1,1,0,0,0,0,-1,0.5,0,0,1000000000,0,1,1,0,0,0,0,0,0,0,0,0,-4.512089774,-4.282109333,0,0,0,0,0
933,1789388664491741634,41563544281906,-0.0001935130422,1,1,0,0,1,1,0,0,0,0,-1,0.5,0,0,1000000000,0,1,1,0,0,0,0,0,0,0,0,0,-4.512089774,-4.282109333,0,0,0,0,0
934,1789388664501757973,41563554298044,1.299871855e-07,1,1,0,0,1,1,0,0,0,0,-1,0.5,0,0,1000000000,0,1,1,0,0,0,0,0,0,0,0,0,-4.512089774,-4.282109333,0,0,0,0,0
935,1789388664511720913,41563564261181,0.0001304803591,1,1,0,0,1,1,0,0,0,0,-1,0.5,0,0,1000000000,0,1,1,0,0,0,0,0,0,0,0,0,-4.512089774,-4.282109333,0,0,0,0,0
936,1789388664521727456,41563574267728,5.930265252e-05,1,1,0,0,1,1,1,0,0,0,-1,0.5,0,0,1000000000,0,1,1,0,0,0,0,0,0,0,0,0,-4.512089774,-4.282109333,0,0,0,0,0
937,1789388664531806363,41563584346640,-1.767070717e-05,1,1,0,0,1,1,0,0,0,0,-1,0.5,0,0,1000000000,0,1,1,0,0,0,0,0,0,0,0,0,-4.512089774,-4.282109333,0,0,0,0,0
938,1789388664541715015,41563594255294,-0.0001479313796,1,1,0,0,1,1,0,0,0,0,-1,0.5,0,0,1000000000,0,1,1,0,0,0,0,0,0,0,0,0,-4.512089774,-4.282109333,0,0,0,0,0
939,1789388664551719864,41563604260140,-0.0001361587929,1,1,0,0,1,1,0,0,0,0,-1,0.5,0,0,1000000000,0,1,1,0,0,0,0,0,0,0,0,0,-4.512089774,-4.282109333,0,0,0,0,0
940,1789388664561721447,41563614261723,-0.0001377637818,1,1,0,0,1,1,0,0,0,0,-1,0.5,0,0,1000000000,0,1,1,0,0,0,0,0,0,0,0,0,-4.512089774,-4.282109333,0,0,0,0,0
941,1789388664571754684,41563624294961,-4.94022679e-05,1,1,0,0,1,1,0,0,0,0,-1,0.5,0,0,1000000000,0,1,1,0,0,0,0,0,0,0,0,0,-4.512089774,-4.282109333,0,0,0,0,0
942,1789388664581765823,41563634305884,9.659297211e-05,1,1,0,0,1,1,0,0,0,0,-1,0.5,0,0,1000000000,0,1,1,0,0,0,0,0,0,0,0,0,-4.512089774,-4.282109333,0,0,0,0,0
943,1789388664591724234,41563644264507,0.0001757972641,1,1,0,0,1,1,0,0,0,0,-1,0.5,0,0,1000000000,0,1,1,0,0,0,0,0,0,0,0,0,-4.512089774,-4.282109333,0,0,0,0,0
944,1789388664601707558,41563654247833,0.0001229272311,1,1,0,0,1,1,0,0,0,0,-1,0.5,0,0,1000000000,0,1,1,0,0,0,0,0,0,0,0,0,-4.512089774,-4.282109333,0,0,0,0,0
945,1789388664611695851,41563664236126,-2.60778088e-05,1,1,0,0,1,1,0,0,0,0,-1,0.5,0,0,1000000000,0,1,1,0,0,0,0,0,0,0,0,0,-4.512089774,-4.282109333,0,0,0,0,0
946,1789388664621699024,41563674239299,-9.055482951e-05,1,1,0,0,1,1,1,0,0,0,-1,0.5,0,0,1000000000,0,1,1,0,0,0,0,0,0,0,0,0,-4.512089774,-4.282109333,0,0,0,0,0
947,1789388664631706289,41563684246566,5.400845475e-05,1,1,0,0,1,1,0,0,0,0,-1,0.5,0,0,1000000000,0,1,1,0,0,0,0,0,0,0,0,0,-4.512089774,-4.282109333,0,0,0,0,0
948,1789388664641696404,41563694236677,9.514990961e-05,1,1,0,0,1,1,0,0,0,0,-1,0.5,0,0,1000000000,0,1,1,0,0,0,0,0,0,0,0,0,-4.512089774,-4.282109333,0,0,0,0,0
949,1789388664651698948,41563704239223,0.0001739800791,1,1,0,0,1,1,0,0,0,0,-1,0.5,0,0,1000000000,0,1,1,0,0,0,0,0,0,0,0,0,-4.512089774,-4.282109333,0,0,0,0,0
950,1789388664661706569,41563714246848,0.000108671913,1,1,0,0,1,1,0,0,0,0,-1,0.5,0,0,1000000000,0,1,1,0,0,0,0,0,0,0,0,0,-4.512089774,-4.282109333,0,0,0,0,0
951,1789388664671693920,41563724234192,0.0001150527969,1,1,0,0,1,1,0,0,0,0,-1,0.5,0,0,1000000000,0,1,1,0,0,0,0,0,0,0,0,0,-4.512089774,-4.282109333,0,0,0,0,0
952,1789388664681700093,41563734240370,0.0001298802963,1,1,0,0,1,1,0,0,0,0,-1,0.5,0,0,1000000000,0,1,1,0,0,0,0,0,0,0,0,0,-4.512089774,-4.282109333,0,0,0,0,0
953,1789388664691698644,41563744238922,0.0001039553608,1,1,0,0,1,1,0,0,0,0,-1,0.5,0,0,1000000000,0,1,1,0,0,0,0,0,0,0,0,0,-4.512089774,-4.282109333,0,0,0,0,0
954,1789388664701702989,41563754243265,1.651672574e-05,1,1,0,0,1,1,0,0,0,0,-1,0.5,0,0,1000000000,0,1,1,0,0,0,0,0,0,0,0,0,-4.512089774,-4.282109333,0,0,0,0,0
955,1789388664711720247,41563764260521,-0.0001237986289,1,1,0,0,1,1,0,0,0,0,-1,0.5,0,0,1000000000,0,1,1,0,0,0,0,0,0,0,0,0,-4.512089774,-4.282109333,0,0,0,0,0
956,1789388664721726286,41563774266559,-9.290454182e-05,1,1,0,0,1,1,1,0,0,0,-1,0.5,0,0,1000000000,0,1,1,0,0,0,0,0,0,0,0,0,-4.512089774,-4.282109333,0,0,0,0,0
957,1789388664731749102,41563784289377,-3.749404641e-05,1,1,0,0,1,1,0,0,0,0,-1,0.5,0,0,1000000000,0,1,1,0,0,0,0,0,0,0,0,0,-4.512089774,-4.282109333,0,0,0,0,0
958,1789388664741716966,41563794257243,3.277854194e-05,1,1,0,0,1,1,0,0,0,0,-1,0.5,0,0,1000000000,0,1,1,0,0,0,0,0,0,0,0,0,-4.512089774,-4.282109333,0,0,0,0,0
959,1789388664751718384,41563804258558,-6.26867477e-05,1,1,0,0,1,1,0,0,0,0,-1,0.5,0,0,1000000000,0,1,1,0,0,0,0,0,0,0,0,0,-4.512089774,-4.282109333,0,0,0,0,0
960,1789388664761718866,41563814259134,2.441354081e-05,1,1,0,0,1,1,0,0,0,0,-1,0.5,0,0,1000000000,0,1,1,0,0,0,0,0,0,0,0,0,-4.512089774,-4.282109333,0,0,0,0,0
961,1789388664771719665,41563824259941,2.434211638e-05,1,1,0,0,1,1,0,0,0,0,-1,0.5,0,0,1000000000,0,1,1,0,0,0,0,0,0,0,0,0,-4.512089774,-4.282109333,0,0,0,0,0
962,1789388664781720305,41563834260575,2.40778536e-05,1,1,0,0,1,1,0,0,0,0,-1,0.5,0,0,1000000000,0,1,1,0,0,0,0,0,0,0,0,0,-4.512089774,-4.282109333,0,0,0,0,0
963,1789388664791730662,41563844270822,3.872513844e-06,1,1,0,0,1,1,0,0,0,0,-1,0.5,0,0,1000000000,0,1,1,0,0,0,0,0,0,0,0,0,-4.512089774,-4.282109333,0,0,0,0,0
964,1789388664801709881,41563854250154,6.495508569e-05,1,1,0,0,1,1,0,0,0,0,-1,0.5,0,0,1000000000,0,1,1,0,0,0,0,0,0,0,0,0,-4.512089774,-4.282109333,0,0,0,0,0
965,1789388664811699957,41563864240227,7.551484305e-05,1,1,0,0,1,1,0,0,0,0,-1,0.5,0,0,1000000000,0,1,1,0,0,0,0,0,0,0,0,0,-4.512089774,-4.282109333,0,0,0,0,0
966,1789388664821696994,41563874237262,-1.06779662e-05,1,1,0,0,1,1,1,0,0,0,-1,0.5,0,0,1000000000,0,1,1,0,0,0,0,0,0,0,0,0,-4.512089774,-4.282109333,0,0,0,0,0
967,1789388664831703082,41563884243359,-1.468650498e-05,1,1,0,0,1,1,0,0,0,0,-1,0.5,0,0,1000000000,0,1,1,0,0,0,0,0,0,0,0,0,-4.512089774,-4.282109333,0,0,0,0,0
968,1789388664841696141,41563894236418,5.55608176e-06,1,1,0,0,1,1,0,0,0,0,-1,0.5,0,0,1000000000,0,1,1,0,0,0,0,0,0,0,0,0,-4.512089774,-4.282109333,0,0,0,0,0
969,1789388664851703231,41563904243498,2.57986685e-05,1,1,0,0,1,1,0,0,0,0,-1,0.5,0,0,1000000000,0,1,1,0,0,0,0,0,0,0,0,0,-4.512089774,-4.282109333,0,0,0,0,0
970,1789388664861697212,41563914237488,0.0001041991272,1,1,0,0,1,1,0,0,0,0,-1,0.5,0,0,1000000000,0,1,1,0,0,0,0,0,0,0,0,0,-4.512089774,-4.282109333,0,0,0,0,0
971,1789388664871696737,41563924237010,7.531372103e-05,1,1,0,0,1,1,0,0,0,0,-1,0.5,0,0,1000000000,0,1,1,0,0,0,0,0,0,0,0,0,-4.512089774,-4.282109333,0,0,0,0,0
972,1789388664881697096,41563934237376,-1.577116018e-05,1,1,0,0,1,1,0,0,0,0,-1,0.5,0,0,1000000000,0,1,1,0,0,0,0,0,0,0,0,0,-4.512089774,-4.263556,0,0,0,0,0
973,1789388664891703845,41563944244124,-0.0002056603698,1,1,0,0,1,1,0,0,0,0,-1,0.5,0,0,1000000000,0,1,1,0,0,0,0,0,0,0,0,0,-4.512089774,-4.263556,0,0,0,0,0
974,1789388664901705100,41563954245371,-0.0002472656779,1,1,0,0,1,1,0,0,0,0,-1,0.5,0,0,1000000000,0,1,1,0,0,0,0,0,0,0,0,0,-4.512089774,-4.263556,0,0,0,0,0
975,1789388664911747276,41563964287547,-8.804649406e-05,1,1,0,0,1,1,0,0,0,0,-1,0.5,0,0,1000000000,0,1,1,0,0,0,0,0,0,0,0,0,-4.512089774,-4.263556,0,0,0,0,0
976,1789388664921721938,41563974262206,0.0001118350992,1,1,0,0,1,1,1,0,0,0,-1,0.5,0,0,1000000000,0,1,1,0,0,0,0,0,0,0,0,0,-4.512089774,-4.263556,0,0,0,0,0
977,1789388664931712087,41563984252363,7.986812852e-05,1,1,0,0,1,1,0,0,0,0,-1,0.5,0,0,1000000000,0,1,1,0,0,0,0,0,0,0,0,0,-4.512089774,-4.263556,0,0,0,0,0
978,1789388664941715488,41563994255765,-5.675519424e-05,1,1,0,0,1,1,0,0,0,0,-1,0.5,0,0,1000000000,0,1,1,0,0,0,0,0,0,0,0,0,-4.512089774,-4.263556,0,0,0,0,0
979,1789388664951718169,41564004258443,-0.0002492923522,1,1,0,0,1,1,0,0,0,0,-1,0.5,0,0,1000000000,0,1,1,0,0,0,0,0,0,0,0,0,-4.512089774,-4.263556,0,0,0,0,0
980,1789388664961719905,41564014260179,-0.0002976911783,1,1,0,0,1,1,0,0,0,0,-1,0.5,0,0,1000000000,0,1,1,0,0,0,0,0,0,0,0,0,-4.512089774,-4.263556,0,0,0,0,0
981,1789388664971717195,41564024257464,-0.0002210300299,1,1,0,0,1,1,0,0,0,0,-1,0.5,0,0,1000000000,0,1,1,0,0,0,0,0,0,0,0,0,-4.512089774,-4.263556,0,0,0,0,0
982,1789388664981722820,41564034263097,-0.0001404711365,1,1,0,0,1,1,0,0,0,0,-1,0.5,0,0,1000000000,0,1,1,0,0,0,0,0,0,0,0,0,-4.512089774,-4.282109333,0,0,0,0,0
983,1789388664991732840,41564044273116,-2.498328286e-05,1,1,0,0,1,1,0,0,0,0,-1,0.5,0,0,1000000000,0,1,1,0,0,0,0,0,0,0,0,0,-4.512089774,-4.282109333,0,0,0,0,0
984,1789388665001710130,41564054250405,9.05045672e-05,1,1,0,0,1,1,0,0,0,0,-1,0.5,0,0,1000000000,0,1,1,0,0,0,0,0,0,0,0,0,-4.512089774,-4.282109333,0,0,0,0,0
985,1789388665011706251,41564064246520,8.370144496e-05,1,1,0,0,1,1,0,0,0,0,-1,0.5,0,0,1000000000,0,1,1,0,0,0,0,0,0,0,0,0,-4.512089774,-4.282109333,0,0,0,0,0
986,1789388665021725322,41564074265588,-1.455337315e-05,1,1,0,0,1,1,1,0,0,0,-1,0.5,0,0,1000000000,0,1,1,0,0,0,0,0,0,0,0,0,-4.512089774,-4.282109333,0,0,0,0,0
987,1789388665031707429,41564084247687,-9.648745618e-05,1,1,0,0,1,1,0,0,0,0,-1,0.5,0,0,1000000000,0,1,1,0,0,0,0,0,0,0,0,0,-4.512089774,-4.282109333,0,0,0,0,0
988,1789388665041701613,41564094241886,-5.156927728e-05,1,1,0,0,1,1,0,0,0,0,-1,0.5,0,0,1000000000,0,1,1,0,0,0,0,0,0,0,0,0,-4.512089774,-4.282109333,0,0,0,0,0
989,1789388665051733405,41564104273677,4.901176726e-05,1,1,0,0,1,1,0,0,0,0,-1,0.5,0,0,1000000000,0,1,1,0,0,0,0,0,0,0,0,0,-4.512089774,-4.282109333,0,0,0,0,0
990,1789388665061698592,41564114238866,4.757279385e-05,1,1,0,0,1,1,0,0,0,0,-1,0.5,0,0,1000000000,0,1,1,0,0,0,0,0,0,0,0,0,-4.512089774,-4.282109333,0,0,0,0,0
991,1789388665071700230,41564124240506,8.23534574e-05,1,1,0,0,1,1,0,0,0,0,-1,0.5,0,0,1000000000,0,1,1,0,0,0,0,0,0,0,0,0,-4.512089774,-4.282109333,0,0,0,0,0
992,1789388665081701394,41564134241670,-9.436915207e-06,1,1,0,0,1,1,0,0,0,0,-1,0.5,0,0,1000000000,0,1,1,0,0,0,0,0,0,0,0,0,-4.512089774,-4.282109333,0,0,0,0,0
993,1789388665091694244,41564144234518,-6.985998334e-05,1,1,0,0,1,1,0,0,0,0,-1,0.5,0,0,1000000000,0,1,1,0,0,0,0,0,0,0,0,0,-4.512089774,-4.282109333,0,0,0,0,0
994,1789388665101695529,41564154235803,-0.0002984535531,1,1,0,0,1,1,0,0,0,0,-1,0.5,0,0,1000000000,0,1,1,0,0,0,0,0,0,0,0,0,-4.512089774,-4.282109333,0,0,0,0,0
995,1789388665111752582,41564164292851,-0.0002428734006,1,1,0,0,1,1,0,0,0,0,-1,0.5,0,0,1000000000,0,1,1,0,0,0,0,0,0,0,0,0,-4.512089774,-4.282109333,0,0,0,0,0
996,1789388665121719343,41564174259619,-4.139091106e-05,1,1,0,0,1,1,1,0,0,0,-1,0.5,0,0,1000000000,0,1,1,0,0,0,0,0,0,0,0,0,-4.512089774,-4.282109333,0,0,0,0,0
997,1789388665131720442,41564184260633,0.0001179680767,1,1,0,0,1,1,0,0,0,0,-1,0.5,0,0,1000000000,0,1,1,0,0,0,0,0,0,0,0,0,-4.512089774,-4.282109333,0,0,0,0,0
998,1789388665141724341,41564194264611,8.539963892e-05,1,1,0,0,1,1,0,0,0,0,-1,0.5,0,0,1000000000,0,1,1,0,0,0,0,0,0,0,0,0,-4.512089774,-4.282109333,0,0,0,0,0
999,1789388665152003432,41564204543709,4.185421494e-05,1,1,0,0,1,1,0,0,0,0,-1,0.5,0,0,1000000000,0,1,1,0,0,0,0,0,0,0,0,0,-4.512089774,-4.282109333,0,0,0,0,0
1000,1789388665161720543,41564214260792,-8.745786909e-05,1,1,0,0,1,1,0,0,0,0,-1,0.5,0,0,1000000000,0,1,1,0,0,0,0,0,0,0,0,0,-4.512089774,-4.282109333,0,0,0,0,0
1001,1789388665171792817,41564224333082,-0.0001994505728,1,1,0,0,1,1,0,0,0,0,-1,0.5,0,0,1000000000,0,1,1,0,0,0,0,0,0,0,0,0,-4.512089774,-4.282109333,0,0,0,0,0
1002,1789388665181723837,41564234264101,-0.0001130079618,1,1,0,0,1,1,0,0,0,0,-1,0.5,0,0,1000000000,0,1,1,0,0,0,0,0,0,0,0,0,-4.512089774,-4.263556,0,0,0,0,0
1003,1789388665191721757,41564244262034,9.646602848e-05,1,1,0,0,1,1,0,0,0,0,-1,0.5,0,0,1000000000,0,1,1,0,0,0,0,0,0,0,0,0,-4.512089774,-4.263556,0,0,0,0,0
1004,1789388665201726349,41564254266618,0.0002951831557,1,1,0,0,1,1,0,0,0,0,-1,0.5,0,0,1000000000,0,1,1,0,0,0,0,0,0,0,0,0,-4.512089774,-4.263556,0,0,0,0,0
1005,1789388665211794161,41564264334438,0.0002263002534,1,1,0,0,1,1,0,0,0,0,-1,0.5,0,0,1000000000,0,1,1,0,0,0,0,0,0,0,0,0,-4.512089774,-4.263556,0,0,0,0,0
1006,1789388665221708210,41564274248484,-5.12795441e-06,1,1,0,0,1,1,1,0,0,0,-1,0.5,0,0,1000000000,0,1,1,0,0,0,0,0,0,0,0,0,-4.512089774,-4.263556,0,0,0,0,0
1007,1789388665231700740,41564284241017,-0.000185490615,1,1,0,0,1,1,0,0,0,0,-1,0.5,0,0,1000000000,0,1,1,0,0,0,0,0,0,0,0,0,-4.512089774,-4.263556,0,0,0,0,0
1008,1789388665241690946,41564294231214,-4.993853508e-05,1,1,0,0,1,1,0,0,0,0,-1,0.5,0,0,1000000000,0,1,1,0,0,0,0,0,0,0,0,0,-4.512089774,-4.263556,0,0,0,0,0
1009,1789388665251718707,41564304258983,8.432998584e-05,1,1,0,0,1,1,0,0,0,0,-1,0.5,0,0,1000000000,0,1,1,0,0,0,0,0,0,0,0,0,-4.512089774,-4.263556,0,0,0,0,0
1010,1789388665261704321,41564314244598,0.0002729683183,1,1,0,0,1,1,0,0,0,0,-1,0.5,0,0,1000000000,0,1,1,0,0,0,0,0,0,0,0,0,-4.512089774,-4.263556,0,0,0,0,0
1011,1789388665271714268,41564324254540,0.0001651129423,1,1,0,0,1,1,0,0,0,0,-1,0.5,0,0,1000000000,0,1,1,0,0,0,0,0,0,0,0,0,-4.512089774,-4.263556,0,0,0,0,0
1012,1789388665281696283,41564334236558,6.79411678e-05,1,1,0,0,1,1,0,0,0,0,-1,0.5,0,0,1000000000,0,1,1,0,0,0,0,0,0,0,0,0,-4.512089774,-4.263556,0,0,0,0,0
1013,1789388665291689874,41564344230149,-6.415957614e-05,1,1,0,0,1,1,0,0,0,0,-1,0.5,0,0,1000000000,0,1,1,0,0,0,0,0,0,0,0,0,-4.512089774,-4.263556,0,0,0,0,0
1014,1789388665301708116,41564354248388,-0.0001159134117,1,1,0,0,1,1,0,0,0,0,-1,0.5,0,0,1000000000,0,1,1,0,0,0,0,0,0,0,0,0,-4.512089774,-4.263556,0,0,0,0,0
1015,1789388665311699393,41564364239668,-6.669740833e-05,1,1,0,0,1,1,1,0,0,0,-1,0.5,0,0,1000000000,0,1,1,0,0,0,0,0,0,0,0,0,-4.512089774,-4.263556,0,0,0,0,0
1016,1789388665321700277,41564374240551,7.397029549e-05,1,1,0,0,1,1,0,0,0,0,-1,0.5,0,0,1000000000,0,1,1,0,0,0,0,0,0,0,0,0,-4.512089774,-4.263556,0,0,0,0,0
1017,1789388665331700953,41564384241230,0.0001384815841,1,1,0,0,1,1,0,0,0,0,-1,0.5,0,0,1000000000,0,1,1,0,0,0,0,0,0,0,0,0,-4.512089774,-4.263556,0,0,0,0,0
1018,1789388665341695118,41564394235394,3.632453081e-05,1,1,0,0,1,1,0,0,0,0,-1,0.5,0,0,1000000000,0,1,1,0,0,0,0,0,0,0,0,0,-4.512089774,-4.263556,0,0,0,0,0
1019,1789388665351697624,41564404237901,-3.809297777e-05,1,1,0,0,1,1,0,0,0,0,-1,0.5,0,0,1000000000,0,1,1,0,0,0,0,0,0,0,0,0,-4.512089774,-4.263556,0,0,0,0,0
1020,1789388665361700520,41564414240795,-0.0001523255632,1,1,0,0,1,1,0,0,0,0,-1,0.5,0,0,1000000000,0,1,1,0,0,0,0,0,0,0,0,0,-4.512089774,-4.263556,0,0,0,0,0
1021,1789388665371703784,41564424244055,-9.805582522e-05,1,1,0,0,1,1,0,0,0,0,-1,0.5,0,0,1000000000,0,1,1,0,0,0,0,0,0,0,0,0,-4.512089774,-4.263556,0,0,0,0,0
1022,1789388665381696056,41564434236332,-1.018182411e-05,1,1,0,0,1,1,0,0,0,0,-1,0.5,0,0,1000000000,0,1,1,0,0,0,0,0,0,0,0,0,-4.512089774,-4.263556,0,0,0,0,0
1023,1789388665391709341,41564444249618,6.626595859e-05,1,1,0,0,1,1,0,0,0,0,-1,0.5,0,0,1000000000,0,1,1,0,0,0,0,0,0,0,0,0,-4.512089774,-4.263556,0,0,0,0,0
1024,1789388665401708881,41564454249156,0.0002282306668,1,1,0,0,1,1,0,0,0,0,-1,0.5,0,0,1000000000,0,1,1,0,0,0,0,0,0,0,0,0,-4.512089774,-4.263556,0,0,0,0,0
1025,1789388665411701221,41564464241495,0.0001439260523,1,1,0,0,1,1,0,0,0,0,-1,0.5,0,0,1000000000,0,1,1,0,0,0,0,0,0,0,0,0,-4.512089774,-4.263556,0,0,0,0,0
1026,1789388665421701684,41564474241957,-0.0001327101636,1,1,0,0,1,1,1,0,0,0,-1,0.5,0,0,1000000000,0,1,1,0,0,0,0,0,0,0,0,0,-4.512089774,-4.263556,0,0,0,0,0
1027,1789388665431706807,41564484247080,-0.0003057776485,1,1,0,0,1,1,0,0,0,0,-1,0.5,0,0,1000000000,0,1,1,0,0,0,0,0,0,0,0,0,-4.512089774,-4.263556,0,0,0,0,0
1028,1789388665441696823,41564494237098,-0.0002436605573,1,1,0,0,1,1,0,0,0,0,-1,0.5,0,0,1000000000,0,1,1,0,0,0,0,0,0,0,0,0,-4.512089774,-4.263556,0,0,0,0,0
1029,1789388665451699435,41564504239706,-9.686443809e-05,1,1,0,0,1,1,0,0,0,0,-1,0.5,0,0,1000000000,0,1,1,0,0,0,0,0,0,0,0,0,-4.512089774,-4.263556,0,0,0,0,0
1030,1789388665461703551,41564514243828,6.43969106e-05,1,1,0,0,1,1,0,0,0,0,-1,0.5,0,0,1000000000,0,1,1,0,0,0,0,0,0,0,0,0,-4.512089774,-4.263556,0,0,0,0,0
1031,1789388665471697456,41564524237732,0.000210781116,1,1,0,0,1,1,0,0,0,0,-1,0.5,0,0,1000000000,0,1,1,0,0,0,0,0,0,0,0,0,-4.512089774,-4.263556,0,0,0,0,0
1032,1789388665481695601,41564534235865,6.831994688e-05,1,1,0,0,1,1,0,0,0,0,-1,0.5,0,0,1000000000,0,1,1,0,0,0,0,0,0,0,0,0,-4.512089774,-4.263556,0,0,0,0,0
1033,1789388665491712539,41564544252817,-0.0001361343311,1,1,0,0,1,1,0,0,0,0,-1,0.5,0,0,1000000000,0,1,1,0,0,0,0,0,0,0,0,0,-4.512089774,-4.263556,0,0,0,0,0
1034,1789388665501701595,41564554241869,-0.0003283385595,1,1,0,0,1,1,0,0,0,0,-1,0.5,0,0,1000000000,0,1,1,0,0,0,0,0,0,0,0,0,-4.512089774,-4.263556,0,0,0,0,0
1035,1789388665511697006,41564564237284,-0.0002414500486,1,1,0,0,1,1,1,0,0,0,-1,0.5,0,0,1000000000,0,1,1,0,0,0,0,0,0,0,0,0,-4.512089774,-4.263556,0,0,0,0,0
1036,1789388665521701810,41564574242086,6.204718943e-07,1,1,0,0,1,1,0,0,0,0,-1,0.5,0,0,1000000000,0,1,1,0,0,0,0,0,0,0,0,0,-4.512089774,-4.263556,0,0,0,0,0
1037,1789388665531703266,41564584243542,0.000214433705,1,1,0,0,1,1,0,0,0,0,-1,0.5,0,0,1000000000,0,1,1,0,0,0,0,0,0,0,0,0,-4.512089774,-4.263556,0,0,0,0,0
1038,1789388665541717441,41564594257712,7.699422713e-05,1,1,0,0,1,1,0,0,0,0,-1,0.5,0,0,1000000000,0,1,1,0,0,0,0,0,0,0,0,0,-4.512089774,-4.263556,0,0,0,0,0
1039,1789388665551696923,41564604237193,-7.295540854e-05,1,1,0,0,1,1,0,0,0,0,-1,0.5,0,0,1000000000,0,1,1,0,0,0,0,0,0,0,0,0,-4.512089774,-4.263556,0,0,0,0,0
1040,1789388665561705092,41564614245366,-0.0002617139253,1,1,0,0,1,1,0,0,0,0,-1,0.5,0,0,1000000000,0,1,1,0,0,0,0,0,0,0,0,0,-4.512089774,-4.263556,0,0,0,0,0
1041,1789388665571695811,41564624236085,-0.0001406898664,1,1,0,0,1,1,0,0,0,0,-1,0.5,0,0,1000000000,0,1,1,0,0,0,0,0,0,0,0,0,-4.512089774,-4.263556,0,0,0,0,0
1042,1789388665581697935,41564634238209,-3.342441414e-05,1,1,0,0,1,1,0,0,0,0,-1,0.5,0,0,1000000000,0,1,1,0,0,0,0,0,0,0,0,0,-4.512089774,-4.263556,0,0,0,0,0
1043,1789388665591705466,41564644245742,0.0001184709545,1,1,0,0,1,1,0,0,0,0,-1,0.5,0,0,1000000000,0,1,1,0,0,0,0,0,0,0,0,0,-4.512089774,-4.263556,0,0,0,0,0
1044,1789388665601705640,41564654245911,2.079290789e-05,1,1,0,0,1,1,0,0,0,0,-1,0.5,0,0,1000000000,0,1,1,0,0,0,0,0,0,0,0,0,-4.512089774,-4.263556,0,0,0,0,0
1045,1789388665611707241,41564664247515,-7.515799371e-05,1,1,0,0,1,1,1,0,0,0,-1,0.5,0,0,1000000000,0,1,1,0,0,0,0,0,0,0,0,0,-4.512089774,-4.263556,0,0,0,0,0
1046,1789388665621706146,41564674246422,-0.0001722220186,1,1,0,0,1,1,0,0,0,0,-1,0.5,0,0,1000000000,0,1,1,0,0,0,0,0,0,0,0,0,-4.512089774,-4.263556,0,0,0,0,0
1047,1789388665631711906,41564684252183,-8.330936544e-05,1,1,0,0,1,1,0,0,0,0,-1,0.5,0,0,1000000000,0,1,1,0,0,0,0,0,0,0,0,0,-4.512089774,-4.263556,0,0,0,0,0
1048,1789388665641758766,41564694299043,6.866818148e-05,1,1,0,0,1,1,0,0,0,0,-1,0.5,0,0,1000000000,0,1,1,0,0,0,0,0,0,0,0,0,-4.512089774,-4.263556,0,0,0,0,0
1049,1789388665651712765,41564704253039,0.0001021259741,1,1,0,0,1,1,0,0,0,0,-1,0.5,0,0,1000000000,0,1,1,0,0,0,0,0,0,0,0,0,-4.512089774,-4.263556,0,0,0,0,0
1050,1789388665661702230,41564714242503,5.192201206e-05,1,1,0,0,1,1,0,0,0,0,-1,0.5,0,0,1000000000,0,1,1,0,0,0,0,0,0,0,0,0,-4.512089774,-4.263556,0,0,0,0,0
1051,1789388665671697157,41564724237432,-7.177281077e-05,1,1,0,0,1,1,0,0,0,0,-1,0.5,0,0,1000000000,0,1,1,0,0,0,0,0,0,0,0,0,-4.512089774,-4.263556,0,0,0,0,0
1052,1789388665681706228,41564734246502,-0.0001511303853,1,1,0,0,1,1,0,0,0,0,-1,0.5,0,0,1000000000,0,1,1,0,0,0,0,0,0,0,0,0,-4.512089774,-4.282109333,0,0,0,0,0
1053,1789388665691707063,41564744247339,-6.167100219e-05,1,1,0,0,1,1,0,0,0,0,-1,0.5,0,0,1000000000,0,1,1,0,0,0,0,0,0,0,0,0,-4.512089774,-4.282109333,0,0,0,0,0
1054,1789388665701698030,41564754238303,-4.674915181e-05,1,1,0,0,1,1,0,0,0,0,-1,0.5,0,0,1000000000,0,1,1,0,0,0,0,0,0,0,0,0,-4.512089774,-4.282109333,0,0,0,0,0
1055,1789388665711698360,41564764238633,3.527250738e-05,1,1,0,0,1,1,1,0,0,0,-1,0.5,0,0,1000000000,0,1,1,0,0,0,0,0,0,0,0,0,-4.512089774,-4.282109333,0,0,0,0,0
1056,1789388665721702108,41564774242385,0.000260476023,1,1,0,0,1,1,0,0,0,0,-1,0.5,0,0,1000000000,0,1,1,0,0,0,0,0,0,0,0,0,-4.512089774,-4.282109333,0,0,0,0,0
1057,1789388665731695905,41564784236193,0.0002834019251,1,1,0,0,1,1,0,0,0,0,-1,0.5,0,0,1000000000,0,1,1,0,0,0,0,0,0,0,0,0,-4.512089774,-4.282109333,0,0,0,0,0
1058,1789388665741692656,41564794232934,0.0001330386585,1,1,0,0,1,1,0,0,0,0,-1,0.5,0,0,1000000000,0,1,1,0,0,0,0,0,0,0,0,0,-4.512089774,-4.282109333,0,0,0,0,0
1059,1789388665751703675,41564804243952,-8.49756907e-05,1,1,0,0,1,1,0,0,0,0,-1,0.5,0,0,1000000000,0,1,1,0,0,0,0,0,0,0,0,0,-4.512089774,-4.282109333,0,0,0,0,0
1060,1789388665761696622,41564814236897,-0.0001007951796,1,1,0,0,1,1,0,0,0,0,-1,0.5,0,0,1000000000,0,1,1,0,0,0,0,0,0,0,0,0,-4.512089774,-4.282109333,0,0,0,0,0
1061,1789388665771693491,41564824233768,-2.483462049e-05,1,1,0,0,1,1,0,0,0,0,-1,0.5,0,0,1000000000,0,1,1,0,0,0,0,0,0,0,0,0,-4.512089774,-4.282109333,0,0,0,0,0
1062,1789388665781698866,41564834239140,0.0001360339666,1,1,0,0,1,1,0,0,0,0,-1,0.5,0,0,1000000000,0,1,1,0,0,0,0,0,0,0,0,0,-4.512089774,-4.263556,0,0,0,0,0
1063,1789388665791709264,41564844249539,0.000160792013,1,1,0,0,1,1,0,0,0,0,-1,0.5,0,0,1000000000,0,1,1,0,0,0,0,0,0,0,0,0,-4.512089774,-4.263556,0,0,0,0,0
1064,1789388665801708208,41564854248484,0.0001729315263,1,1,0,0,1,1,0,0,0,0,-1,0.5,0,0,1000000000,0,1,1,0,0,0,0,0,0,0,0,0,-4.512089774,-4.263556,0,0,0,0,0
1065,1789388665811726874,41564864267140,3.961087714e-05,1,1,0,0,1,1,1,0,0,0,-1,0.5,0,0,1000000000,0,1,1,0,0,0,0,0,0,0,0,0,-4.512089774,-4.263556,0,0,0,0,0
1066,1789388665821724281,41564874264553,-0.000156227994,1,1,0,0,1,1,0,0,0,0,-1,0.5,0,0,1000000000,0,1,1,0,0,0,0,0,0,0,0,0,-4.512089774,-4.263556,0,0,0,0,0
1067,1789388665831721732,41564884262008,-0.0001592919289,1,1,0,0,1,1,0,0,0,0,-1,0.5,0,0,1000000000,0,1,1,0,0,0,0,0,0,0,0,0,-4.512089774,-4.263556,0,0,0,0,0
1068,1789388665841742248,41564894282523,2.064849468e-05,1,1,0,0,1,1,0,0,0,0,-1,0.5,0,0,1000000000,0,1,1,0,0,0,0,0,0,0,0,0,-4.512089774,-4.263556,0,0,0,0,0
1069,1789388665851709343,41564904249620,0.0002482678392,1,1,0,0,1,1,0,0,0,0,-1,0.5,0,0,1000000000,0,1,1,0,0,0,0,0,0,0,0,0,-4.512089774,-4.263556,0,0,0,0,0
1070,1789388665861719619,41564914259777,0.0002996951225,1,1,0,0,1,1,0,0,0,0,-1,0.5,0,0,1000000000,0,1,1,0,0,0,0,0,0,0,0,0,-4.512089774,-4.263556,0,0,0,0,0
1071,1789388665871710678,41564924250954,0.0001041129872,1,1,0,0,1,1,0,0,0,0,-1,0.5,0,0,1000000000,0,1,1,0,0,0,0,0,0,0,0,0,-4.512089774,-4.263556,0,0,0,0,0
1072,1789388665881710869,41564934251131,-8.363526285e-05,1,1,0,0,1,1,0,0,0,0,-1,0.5,0,0,1000000000,0,1,1,0,0,0,0,0,0,0,0,0,-4.512089774,-4.263556,0,0,0,0,0
1073,1789388665891715465,41564944255741,-0.0003160134365,1,1,0,0,1,1,0,0,0,0,-1,0.5,0,0,1000000000,0,1,1,0,0,0,0,0,0,0,0,0,-4.512089774,-4.263556,0,0,0,0,0
1074,1789388665901707331,41564954247606,-0.0001726002956,1,1,0,0,1,1,0,0,0,0,-1,0.5,0,0,1000000000,0,1,1,0,0,0,0,0,0,0,0,0,-4.512089774,-4.263556,0,0,0,0,0
1075,1789388665911710802,41564964251066,6.783151184e-05,1,1,0,0,1,1,1,0,0,0,-1,0.5,0,0,1000000000,0,1,1,0,0,0,0,0,0,0,0,0,-4.512089774,-4.263556,0,0,0,0,0
1076,1789388665921727795,41564974268057,0.0002834108891,1,1,0,0,1,1,0,0,0,0,-1,0.5,0,0,1000000000,0,1,1,0,0,0,0,0,0,0,0,0,-4.512089774,-4.263556,0,0,0,0,0
1077,1789388665931711679,41564984251946,0.0001882732031,1,1,0,0,1,1,0,0,0,0,-1,0.5,0,0,1000000000,0,1,1,0,0,0,0,0,0,0,0,0,-4.512089774,-4.263556,0,0,0,0,0
1078,1789388665941714072,41564994254351,-3.380401176e-05,1,1,0,0,1,1,0,0,0,0,-1,0.5,0,0,1000000000,0,1,1,0,0,0,0,0,0,0,0,0,-4.512089774,-4.263556,0,0,0,0,0
1079,1789388665951766203,41565004306482,-0.0002172849927,1,1,0,0,1,1,0,0,0,0,-1,0.5,0,0,1000000000,0,1,1,0,0,0,0,0,0,0,0,0,-4.512089774,-4.263556,0,0,0,0,0
1080,1789388665961703501,41565014243774,-0.0002773951273,1,1,0,0,1,1,0,0,0,0,-1,0.5,0,0,1000000000,0,1,1,0,0,0,0,0,0,0,0,0,-4.512089774,-4.263556,0,0,0,0,0
1081,1789388665971698395,41565024238670,-7.436887245e-05,1,1,0,0,1,1,0,0,0,0,-1,0.5,0,0,1000000000,0,1,1,0,0,0,0,0,0,0,0,0,-4.512089774,-4.263556,0,0,0,0,0
1082,1789388665981699619,41565034239895,0.0001746653725,1,1,0,0,1,1,0,0,0,0,-1,0.5,0,0,1000000000,0,1,1,0,0,0,0,0,0,0,0,0,-4.512089774,-4.282109333,0,0,0,0,0
1083,1789388665991705945,41565044246222,0.0002428264852,1,1,0,0,1,1,0,0,0,0,-1,0.5,0,0,1000000000,0,1,1,0,0,0,0,0,0,0,0,0,-4.512089774,-4.282109333,0,0,0,0,0
1084,1789388666001711130,41565054251406,0.0001391421101,1,1,0,0,1,1,0,0,0,0,-1,0.5,0,0,1000000000,0,1,1,0,0,0,0,0,0,0,0,0,-4.512089774,-4.282109333,0,0,0,0,0
1085,1789388666011697476,41565064237752,-7.101647498e-05,1,1,0,0,1,1,1,0,0,0,-1,0.5,0,0,1000000000,0,1,1,0,0,0,0,0,0,0,0,0,-4.512089774,-4.282109333,0,0,0,0,0
1086,1789388666021701566,41565074241844,-0.0002599234576,1,1,0,0,1,1,0,0,0,0,-1,0.5,0,0,1000000000,0,1,1,0,0,0,0,0,0,0,0,0,-4.512089774,-4.282109333,0,0,0,0,0
1087,1789388666031699810,41565084240083,-0.0001809671958,1,1,0,0,1,1,0,0,0,0,-1,0.5,0,0,1000000000,0,1,1,0,0,0,0,0,0,0,0,0,-4.512089774,-4.282109333,0,0,0,0,0
1088,1789388666041703723,41565094243990,8.649989468e-05,1,1,0,0,1,1,0,0,0,0,-1,0.5,0,0,1000000000,0,1,1,0,0,0,0,0,0,0,0,0,-4.512089774,-4.282109333,0,0,0,0,0
1089,1789388666051702470,41565104242744,0.0003368284961,1,1,0,0,1,1,0,0,0,0,-1,0.5,0,0,1000000000,0,1,1,0,0,0,0,0,0,0,0,0,-4.512089774,-4.282109333,0,0,0,0,0
1090,1789388666061700120,41565114240396,0.0002370126167,1,1,0,0,1,1,0,0,0,0,-1,0.5,0,0,1000000000,0,1,1,0,0,0,0,0,0,0,0,0,-4.512089774,-4.282109333,0,0,0,0,0
1091,1789388666071709414,41565124249686,-2.758369919e-05,1,1,0,0,1,1,0,0,0,0,-1,0.5,0,0,1000000000,0,1,1,0,0,0,0,0,0,0,0,0,-4.512089774,-4.282109333,0,0,0,0,0
1092,1789388666081699517,41565134239791,-0.0002511669591,1,1,0,0,1,1,0,0,0,0,-1,0.5,0,0,1000000000,0,1,1,0,0,0,0,0,0,0,0,0,-4.512089774,-4.282109333,0,0,0,0,0
1093,1789388666091696630,41565144236858,-0.0001076368062,1,1,0,0,1,1,0,0,0,0,-1,0.5,0,0,1000000000,0,1,1,0,0,0,0,0,0,0,0,0,-4.512089774,-4.282109333,0,0,0,0,0
1094,1789388666101696582,41565154236857,-7.286179425e-06,1,1,0,0,1,1,0,0,0,0,-1,0.5,0,0,1000000000,0,1,1,0,0,0,0,0,0,0,0,0,-4.512089774,-4.282109333,0,0,0,0,0
1095,1789388666111707505,41565164247782,0.0001850225381,1,1,0,0,1,1,1,0,0,0,-1,0.5,0,0,1000000000,0,1,1,0,0,0,0,0,0,0,0,0,-4.512089774,-4.282109333,0,0,0,0,0
1096,1789388666121703239,41565174243518,0.0002142740559,1,1,0,0,1,1,0,0,0,0,-1,0.5,0,0,1000000000,0,1,1,0,0,0,0,0,0,0,0,0,-4.512089774,-4.282109333,0,0,0,0,0
1097,1789388666131704274,41565184244545,7.807109068e-05,1,1,0,0,1,1,0,0,0,0,-1,0.5,0,0,1000000000,0,1,1,0,0,0,0,0,0,0,0,0,-4.512089774,-4.282109333,0,0,0,0,0
1098,1789388666141703636,41565194243911,-9.571126429e-05,1,1,0,0,1,1,0,0,0,0,-1,0.5,0,0,1000000000,0,1,1,0,0,0,0,0,0,0,0,0,-4.512089774,-4.282109333,0,0,0,0,0
1099,1789388666151698254,41565204238529,-0.00024746501,1,1,0,0,1,1,0,0,0,0,-1,0.5,0,0,1000000000,0,1,1,0,0,0,0,0,0,0,0,0,-4.512089774,-4.282109333,0,0,0,0,0
1100,1789388666161707721,41565214247998,-0.0001732300007,1,1,0,0,1,1,0,0,0,0,-1,0.5,0,0,1000000000,0,1,1,0,0,0,0,0,0,0,0,0,-4.512089774,-4.282109333,0,0,0,0,0
1101,1789388666171696077,41565224236353,-1.950645492e-05,1,1,0,0,1,1,0,0,0,0,-1,0.5,0,0,1000000000,0,1,1,0,0,0,0,0,0,0,0,0,-4.512089774,-4.282109333,0,0,0,0,0
1102,1789388666181768268,41565234308531,0.0001171138647,1,1,0,0,1,1,0,0,0,0,-1,0.5,0,0,1000000000,0,1,1,0,0,0,0,0,0,0,0,0,-4.512089774,-4.282109333,0,0,0,0,0
1103,1789388666191725969,41565244266243,0.0001729044889,1,1,0,0,1,1,0,0,0,0,-1,0.5,0,0,1000000000,0,1,1,0,0,0,0,0,0,0,0,0,-4.512089774,-4.282109333,0,0,0,0,0
1104,1789388666201732762,41565254273024,2.213029438e-05,1,1,0,0,1,1,0,0,0,0,-1,0.5,0,0,1000000000,0,1,1,0,0,0,0,0,0,0,0,0,-4.512089774,-4.282109333,0,0,0,0,0
1105,1789388666211718833,41565264259109,-0.0001149752861,1,1,0,0,1,1,1,0,0,0,-1,0.5,0,0,1000000000,0,1,1,0,0,0,0,0,0,0,0,0,-4.512089774,-4.282109333,0,0,0,0,0
1106,1789388666221722547,41565274262719,-0.0001678062836,1,1,0,0,1,1,0,0,0,0,-1,0.5,0,0,1000000000,0,1,1,0,0,0,0,0,0,0,0,0,-4.512089774,-4.282109333,0,0,0,0,0
1107,1789388666231721264,41565284261543,-3.606117389e-05,1,1,0,0,1,1,0,0,0,0,-1,0.5,0,0,1000000000,0,1,1,0,0,0,0,0,0,0,0,0,-4.512089774,-4.282109333,0,0,0,0,0
1108,1789388666241710511,41565294250784,3.957262015e-05,1,1,0,0,1,1,0,0,0,0,-1,0.5,0,0,1000000000,0,1,1,0,0,0,0,0,0,0,0,0,-4.512089774,-4.282109333,0,0,0,0,0
1109,1789388666251707205,41565304247479,5.857025826e-05,1,1,0,0,1,1,0,0,0,0,-1,0.5,0,0,1000000000,0,1,1,0,0,0,0,0,0,0,0,0,-4.512089774,-4.282109333,0,0,0,0,0
1110,1789388666261697279,41565314237554,8.05502641e-05,1,1,0,0,1,1,0,0,0,0,-1,0.5,0,0,1000000000,0,1,1,0,0,0,0,0,0,0,0,0,-4.512089774,-4.282109333,0,0,0,0,0
1111,1789388666271703507,41565324243782,3.400023343e-05,1,1,0,0,1,1,0,0,0,0,-1,0.5,0,0,1000000000,0,1,1,0,0,0,0,0,0,0,0,0,-4.512089774,-4.282109333,0,0,0,0,0
1112,1789388666281700587,41565334240862,1.939407775e-05,1,1,0,0,1,1,0,0,0,0,-1,0.5,0,0,1000000000,0,1,1,0,0,0,0,0,0,0,0,0,-4.512089774,-4.263556,0,0,0,0,0
1113,1789388666291697501,41565344237775,2.579872216e-06,1,1,0,0,1,1,0,0,0,0,-1,0.5,0,0,1000000000,0,1,1,0,0,0,0,0,0,0,0,0,-4.512089774,-4.263556,0,0,0,0,0
1114,1789388666301702259,41565354242534,4.415152546e-07,1,1,0,0,1,1,0,0,0,0,-1,0.5,0,0,1000000000,0,1,1,0,0,0,0,0,0,0,0,0,-4.512089774,-4.263556,0,0,0,0,0
1115,1789388666311706953,41565364247223,6.143795872e-06,1,1,0,0,1,1,1,0,0,0,-1,0.5,0,0,1000000000,0,1,1,0,0,0,0,0,0,0,0,0,-4.512089774,-4.263556,0,0,0,0,0
1116,1789388666321701123,41565374241401,-1.267675725e-05,1,1,0,0,1,1,0,0,0,0,-1,0.5,0,0,1000000000,0,1,1,0,0,0,0,0,0,0,0,0,-4.512089774,-4.263556,0,0,0,0,0
1117,1789388666331707652,41565384247928,-1.055684425e-05,1,1,0,0,1,1,0,0,0,0,-1,0.5,0,0,1000000000,0,1,1,0,0,0,0,0,0,0,0,0,-4.512089774,-4.263556,0,0,0,0,0
1118,1789388666341705142,41565394245417,-9.440128451e-06,1,1,0,0,1,1,0,0,0,0,-1,0.5,0,0,1000000000,0,1,1,0,0,0,0,0,0,0,0,0,-4.512089774,-4.263556,0,0,0,0,0
1119,1789388666351700389,41565404240665,-1.145558963e-05,1,1,0,0,1,1,0,0,0,0,-1,0.5,0,0,1000000000,0,1,1,0,0,0,0,0,0,0,0,0,-4.512089774,-4.263556,0,0,0,0,0
1120,1789388666361700775,41565414241050,-1.553071343e-05,1,1,0,0,1,1,0,0,0,0,-1,0.5,0,0,1000000000,0,1,1,0,0,0,0,0,0,0,0,0,-4.512089774,-4.263556,0,0,0,0,0
1121,1789388666371698172,41565424238447,-8.658757906e-06,1,1,0,0,1,1,0,0,0,0,-1,0.5,0,0,1000000000,0,1,1,0,0,0,0,0,0,0,0,0,-4.512089774,-4.263556,0,0,0,0,0
1122,1789388666381694808,41565434235081,-2.543079245e-05,1,1,0,0,1,1,0,0,0,0,-1,0.5,0,0,1000000000,0,1,1,0,0,0,0,0,0,0,0,0,-4.512089774,-4.282109333,0,0,0,0,0
1123,1789388666391729932,41565444270200,-0.0002354396274,1,1,0,0,1,1,0,0,0,0,-1,0.5,0,0,1000000000,0,1,1,0,0,0,0,0,0,0,0,0,-4.512089774,-4.282109333,0,0,0,0,0
1124,1789388666401700745,41565454241022,-0.0001835363655,1,1,0,0,1,1,0,0,0,0,-1,0.5,0,0,1000000000,0,1,1,0,0,0,0,0,0,0,0,0,-4.512089774,-4.282109333,0,0,0,0,0
1125,1789388666411697689,41565464237964,-0.0001484602108,1,1,0,0,1,1,1,0,0,0,-1,0.5,0,0,1000000000,0,1,1,0,0,0,0,0,0,0,0,0,-4.512089774,-4.282109333,0,0,0,0,0
1126,1789388666421719599,41565474259867,2.547729309e-06,1,1,0,0,1,1,0,0,0,0,-1,0.5,0,0,1000000000,0,1,1,0,0,0,0,0,0,0,0,0,-4.512089774,-4.282109333,0,0,0,0,0
1127,1789388666431723855,41565484264125,0.0001262352016,1,1,0,0,1,1,0,0,0,0,-1,0.5,0,0,1000000000,0,1,1,0,0,0,0,0,0,0,0,0,-4.512089774,-4.282109333,0,0,0,0,0
1128,1789388666441718394,41565494258664,6.545674842e-05,1,1,0,0,1,1,0,0,0,0,-1,0.5,0,0,1000000000,0,1,1,0,0,0,0,0,0,0,0,0,-4.512089774,-4.282109333,0,0,0,0,0
1129,1789388666451722131,41565504262405,-3.65236483e-05,1,1,0,0,1,1,0,0,0,0,-1,0.5,0,0,1000000000,0,1,1,0,0,0,0,0,0,0,0,0,-4.512089774,-4.282109333,0,0,0,0,0
1130,1789388666461718088,41565514258361,-0.0001922918018,1,1,0,0,1,1,0,0,0,0,-1,0.5,0,0,1000000000,0,1,1,0,0,0,0,0,0,0,0,0,-4.512089774,-4.282109333,0,0,0,0,0
1131,1789388666471716094,41565524256370,-0.0001514855248,1,1,0,0,1,1,0,0,0,0,-1,0.5,0,0,1000000000,0,1,1,0,0,0,0,0,0,0,0,0,-4.512089774,-4.282109333,0,0,0,0,0
1132,1789388666481722584,41565534262750,-3.754528734e-05,1,1,0,0,1,1,0,0,0,0,-1,0.5,0,0,1000000000,0,1,1,0,0,0,0,0,0,0,0,0,-4.512089774,-4.263556,0,0,0,0,0
1133,1789388666491725086,41565544265362,0.0001578384545,1,1,0,0,1,1,0,0,0,0,-1,0.5,0,0,1000000000,0,1,1,0,0,0,0,0,0,0,0,0,-4.512089774,-4.263556,0,0,0,0,0
1134,1789388666501698321,41565554238597,0.0001683339069,1,1,0,0,1,1,0,0,0,0,-1,0.5,0,0,1000000000,0,1,1,0,0,0,0,0,0,0,0,0,-4.512089774,-4.263556,0,0,0,0,0
1135,1789388666511704923,41565564245197,5.147577394e-05,1,1,0,0,1,1,1,0,0,0,-1,0.5,0,0,1000000000,0,1,1,0,0,0,0,0,0,0,0,0,-4.512089774,-4.263556,0,0,0,0,0
1136,1789388666521708132,41565574248407,-0.000126828294,1,1,0,0,1,1,0,0,0,0,-1,0.5,0,0,1000000000,0,1,1,0,0,0,0,0,0,0,0,0,-4.512089774,-4.263556,0,0,0,0,0
1137,1789388666531690092,41565584230368,-0.0001618111855,1,1,0,0,1,1,0,0,0,0,-1,0.5,0,0,1000000000,0,1,1,0,0,0,0,0,0,0,0,0,-4.512089774,-4.263556,0,0,0,0,0
1138,1789388666541704462,41565594244737,-9.58403416e-06,1,1,0,0,1,1,0,0,0,0,-1,0.5,0,0,1000000000,0,1,1,0,0,0,0,0,0,0,0,0,-4.512089774,-4.263556,0,0,0,0,0
1139,1789388666551700372,41565604240648,0.0001827273663,1,1,0,0,1,1,0,0,0,0,-1,0.5,0,0,1000000000,0,1,1,0,0,0,0,0,0,0,0,0,-4.512089774,-4.263556,0,0,0,0,0
1140,1789388666561697320,41565614237595,0.0002155033435,1,1,0,0,1,1,0,0,0,0,-1,0.5,0,0,1000000000,0,1,1,0,0,0,0,0,0,0,0,0,-4.512089774,-4.263556,0,0,0,0,0
1141,1789388666571697770,41565624238045,6.719362864e-05,1,1,0,0,1,1,0,0,0,0,-1,0.5,0,0,1000000000,0,1,1,0,0,0,0,0,0,0,0,0,-4.512089774,-4.263556,0,0,0,0,0
1142,1789388666581704213,41565634244489,-0.00015019493,1,1,0,0,1,1,0,0,0,0,-1,0.5,0,0,1000000000,0,1,1,0,0,0,0,0,0,0,0,0,-4.512089774,-4.263556,0,0,0,0,0
1143,1789388666591707567,41565644247841,-0.0003533192503,1,1,0,0,1,1,0,0,0,0,-1,0.5,0,0,1000000000,0,1,1,0,0,0,0,0,0,0,0,0,-4.512089774,-4.263556,0,0,0,0,0
1144,1789388666601705148,41565654245424,-0.0002056013618,1,1,0,0,1,1,0,0,0,0,-1,0.5,0,0,1000000000,0,1,1,0,0,0,0,0,0,0,0,0,-4.512089774,-4.263556,0,0,0,0,0
1145,1789388666611715704,41565664255975,3.704497067e-05,1,1,0,0,1,1,1,0,0,0,-1,0.5,0,0,1000000000,0,1,1,0,0,0,0,0,0,0,0,0,-4.512089774,-4.263556,0,0,0,0,0
1146,1789388666621706790,41565674247057,0.0002605421178,1,1,0,0,1,1,0,0,0,0,-1,0.5,0,0,1000000000,0,1,1,0,0,0,0,0,0,0,0,0,-4.512089774,-4.263556,0,0,0,0,0
1147,1789388666631706029,41565684246302,0.0001633763604,1,1,0,0,1,1,0,0,0,0,-1,0.5,0,0,1000000000,0,1,1,0,0,0,0,0,0,0,0,0,-4.512089774,-4.263556,0,0,0,0,0
1148,1789388666641698446,41565694238722,-6.94102273e-05,1,1,0,0,1,1,0,0,0,0,-1,0.5,0,0,1000000000,0,1,1,0,0,0,0,0,0,0,0,0,-4.512089774,-4.263556,0,0,0,0,0
1149,1789388666651701862,41565704242131,-0.0002934905933,1,1,0,0,1,1,0,0,0,0,-1,0.5,0,0,1000000000,0,1,1,0,0,0,0,0,0,0,0,0,-4.512089774,-4.263556,0,0,0,0,0
1150,1789388666661746660,41565714286927,-0.0001959090441,1,1,0,0,1,1,0,0,0,0,-1,0.5,0,0,1000000000,0,1,1,0,0,0,0,0,0,0,0,0,-4.512089774,-4.263556,0,0,0,0,0
1151,1789388666671708487,41565724248764,-9.321884136e-06,1,1,0,0,1,1,0,0,0,0,-1,0.5,0,0,1000000000,0,1,1,0,0,0,0,0,0,0,0,0,-4.512089774,-4.263556,0,0,0,0,0
1152,1789388666681695086,41565734235334,0.0002061924752,1,1,0,0,1,1,0,0,0,0,-1,0.5,0,0,1000000000,0,1,1,0,0,0,0,0,0,0,0,0,-4.512089774,-4.282109333,0,0,0,0,0
1153,1789388666691701731,41565744242007,0.000421706849,1,1,0,0,1,1,0,0,0,0,-1,0.5,0,0,1000000000,0,1,1,0,0,0,0,0,0,0,0,0,-4.512089774,-4.282109333,0,0,0,0,0
1154,1789388666701692340,41565754232616,0.0002418785007,1,1,0,0,1,1,0,0,0,0,-1,0.5,0,0,1000000000,0,1,1,0,0,0,0,0,0,0,0,0,-4.512089774,-4.282109333,0,0,0,0,0
1155,1789388666711698465,41565764238741,-4.090432412e-05,1,1,0,0,1,1,1,0,0,0,-1,0.5,0,0,1000000000,0,1,1,0,0,0,0,0,0,0,0,0,-4.512089774,-4.282109333,0,0,0,0,0
1156,1789388666721705581,41565774245854,-0.0002755353053,1,1,0,0,1,1,0,0,0,0,-1,0.5,0,0,1000000000,0,1,1,0,0,0,0,0,0,0,0,0,-4.512089774,-4.282109333,0,0,0,0,0
1157,1789388666731700143,41565784240412,-0.0003135350125,1,1,0,0,1,1,0,0,0,0,-1,0.5,0,0,1000000000,0,1,1,0,0,0,0,0,0,0,0,0,-4.512089774,-4.282109333,0,0,0,0,0
1158,1789388666741705574,41565794245849,-0.0001508061687,1,1,0,0,1,1,0,0,0,0,-1,0.5,0,0,1000000000,0,1,1,0,0,0,0,0,0,0,0,0,-4.512089774,-4.282109333,0,0,0,0,0
1159,1789388666751710482,41565804250758,8.124033047e-05,1,1,0,0,1,1,0,0,0,0,-1,0.5,0,0,1000000000,0,1,1,0,0,0,0,0,0,0,0,0,-4.512089774,-4.282109333,0,0,0,0,0
1160,1789388666761705576,41565814245843,0.0003017169947,1,1,0,0,1,1,0,0,0,0,-1,0.5,0,0,1000000000,0,1,1,0,0,0,0,0,0,0,0,0,-4.512089774,-4.282109333,0,0,0,0,0
1161,1789388666771698570,41565824238846,0.0002046645095,1,1,0,0,1,1,0,0,0,0,-1,0.5,0,0,1000000000,0,1,1,0,0,0,0,0,0,0,0,0,-4.512089774,-4.282109333,0,0,0,0,0
1162,1789388666781703455,41565834243731,2.244624193e-05,1,1,0,0,1,1,0,0,0,0,-1,0.5,0,0,1000000000,0,1,1,0,0,0,0,0,0,0,0,0,-4.512089774,-4.263556,0,0,0,0,0
1163,1789388666791726858,41565844267135,-0.000222674731,1,1,0,0,1,1,0,0,0,0,-1,0.5,0,0,1000000000,0,1,1,0,0,0,0,0,0,0,0,0,-4.512089774,-4.263556,0,0,0,0,0
1164,1789388666801704883,41565854245158,-0.0002548952762,1,1,0,0,1,1,0,0,0,0,-1,0.5,0,0,1000000000,0,1,1,0,0,0,0,0,0,0,0,0,-4.512089774,-4.263556,0,0,0,0,0
1165,1789388666811711387,41565864251658,-6.850129284e-05,1,1,0,0,1,1,1,0,0,0,-1,0.5,0,0,1000000000,0,1,1,0,0,0,0,0,0,0,0,0,-4.512089774,-4.263556,0,0,0,0,0
1166,1789388666821726805,41565874267079,0.0001542522514,1,1,0,0,1,1,0,0,0,0,-1,0.5,0,0,1000000000,0,1,1,0,0,0,0,0,0,0,0,0,-4.512089774,-4.263556,0,0,0,0,0
1167,1789388666831727705,41565884267977,0.0002338295744,1,1,0,0,1,1,0,0,0,0,-1,0.5,0,0,1000000000,0,1,1,0,0,0,0,0,0,0,0,0,-4.512089774,-4.263556,0,0,0,0,0
1168,1789388666841719110,41565894259385,7.374432607e-05,1,1,0,0,1,1,0,0,0,0,-1,0.5,0,0,1000000000,0,1,1,0,0,0,0,0,0,0,0,0,-4.512089774,-4.263556,0,0,0,0,0
1169,1789388666851710579,41565904250850,-9.605191735e-05,1,1,0,0,1,1,0,0,0,0,-1,0.5,0,0,1000000000,0,1,1,0,0,0,0,0,0,0,0,0,-4.512089774,-4.263556,0,0,0,0,0
1170,1789388666861713047,41565914253310,-0.0001498006604,1,1,0,0,1,1,0,0,0,0,-1,0.5,0,0,1000000000,0,1,1,0,0,0,0,0,0,0,0,0,-4.512089774,-4.263556,0,0,0,0,0
1171,1789388666871713069,41565924253347,-0.0001435792365,1,1,0,0,1,1,0,0,0,0,-1,0.5,0,0,1000000000,0,1,1,0,0,0,0,0,0,0,0,0,-4.512089774,-4.263556,0,0,0,0,0
1172,1789388666881758248,41565934298509,6.607393152e-05,1,1,0,0,1,1,0,0,0,0,-1,0.5,0,0,1000000000,0,1,1,0,0,0,0,0,0,0,0,0,-4.512089774,-4.263556,0,0,0,0,0
1173,1789388666891713457,41565944253729,0.0003072151449,1,1,0,0,1,1,0,0,0,0,-1,0.5,0,0,1000000000,0,1,1,0,0,0,0,0,0,0,0,0,-4.512089774,-4.263556,0,0,0,0,0
1174,1789388666901717993,41565954258270,0.0003195720783,1,1,0,0,1,1,0,0,0,0,-1,0.5,0,0,1000000000,0,1,1,0,0,0,0,0,0,0,0,0,-4.512089774,-4.263556,0,0,0,0,0
1175,1789388666911715090,41565964255368,6.144996587e-05,1,1,0,0,1,1,1,0,0,0,-1,0.5,0,0,1000000000,0,1,1,0,0,0,0,0,0,0,0,0,-4.512089774,-4.263556,0,0,0,0,0
1176,1789388666921697206,41565974237482,-0.0001808662346,1,1,0,0,1,1,0,0,0,0,-1,0.5,0,0,1000000000,0,1,1,0,0,0,0,0,0,0,0,0,-4.512089774,-4.263556,0,0,0,0,0
1177,1789388666931696151,41565984236431,-0.0002545985917,1,1,0,0,1,1,0,0,0,0,-1,0.5,0,0,1000000000,0,1,1,0,0,0,0,0,0,0,0,0,-4.512089774,-4.263556,0,0,0,0,0
1178,1789388666941719818,41565994260094,-0.0001084701071,1,1,0,0,1,1,0,0,0,0,-1,0.5,0,0,1000000000,0,1,1,0,0,0,0,0,0,0,0,0,-4.512089774,-4.263556,0,0,0,0,0
1179,1789388666951701468,41566004241742,0.0001377285225,1,1,0,0,1,1,0,0,0,0,-1,0.5,0,0,1000000000,0,1,1,0,0,0,0,0,0,0,0,0,-4.512089774,-4.263556,0,0,0,0,0
1180,1789388666961703646,41566014243923,0.000189862476,1,1,0,0,1,1,0,0,0,0,-1,0.5,0,0,1000000000,0,1,1,0,0,0,0,0,0,0,0,0,-4.512089774,-4.263556,0,0,0,0,0
1181,1789388666971690797,41566024231071,7.369145169e-05,1,1,0,0,1,1,0,0,0,0,-1,0.5,0,0,1000000000,0,1,1,0,0,0,0,0,0,0,0,0,-4.512089774,-4.263556,0,0,0,0,0
1182,1789388666981703467,41566034243743,-0.0001287785562,1,1,0,0,1,1,0,0,0,0,-1,0.5,0,0,1000000000,0,1,1,0,0,0,0,0,0,0,0,0,-4.512089774,-4.263556,0,0,0,0,0
1183,1789388666991709120,41566044249395,-0.0003336147347,1,1,0,0,1,1,0,0,0,0,-1,0.5,0,0,1000000000,0,1,1,0,0,0,0,0,0,0,0,0,-4.512089774,-4.263556,0,0,0,0,0
1184,1789388667001700512,41566054240789,-0.000200823808,1,1,0,0,1,1,0,0,0,0,-1,0.5,0,0,1000000000,0,1,1,0,0,0,0,0,0,0,0,0,-4.512089774,-4.263556,0,0,0,0,0
1185,1789388667011714860,41566064255135,2.060002316e-06,1,1,0,0,1,1,1,0,0,0,-1,0.5,0,0,1000000000,0,1,1,0,0,0,0,0,0,0,0,0,-4.512089774,-4.263556,0,0,0,0,0
1186,1789388667021703538,41566074243815,0.000236180349,1,1,0,0,1,1,0,0,0,0,-1,0.5,0,0,1000000000,0,1,1,0,0,0,0,0,0,0,0,0,-4.512089774,-4.263556,0,0,0,0,0
1187,1789388667031727406,41566084267680,0.0002736693714,1,1,0,0,1,1,0,0,0,0,-1,0.5,0,0,1000000000,0,1,1,0,0,0,0,0,0,0,0,0,-4.512089774,-4.263556,0,0,0,0,0
1188,1789388667041736191,41566094276462,0.0001739174622,1,1,0,0,1,1,0,0,0,0,-1,0.5,0,0,1000000000,0,1,1,0,0,0,0,0,0,0,0,0,-4.512089774,-4.263556,0,0,0,0,0
1189,1789388667051707465,41566104247718,-4.823348354e-05,1,1,0,0,1,1,0,0,0,0,-1,0.5,0,0,1000000000,0,1,1,0,0,0,0,0,0,0,0,0,-4.512089774,-4.263556,0,0,0,0,0
1190,1789388667061704952,41566114245227,-0.0002781756339,1,1,0,0,1,1,0,0,0,0,-1,0.5,0,0,1000000000,0,1,1,0,0,0,0,0,0,0,0,0,-4.512089774,-4.263556,0,0,0,0,0
1191,1789388667071703224,41566124243500,-0.0001855391893,1,1,0,0,1,1,0,0,0,0,-1,0.5,0,0,1000000000,0,1,1,0,0,0,0,0,0,0,0,0,-4.512089774,-4.263556,0,0,0,0,0
1192,1789388667081703602,41566134243873,-6.538609887e-05,1,1,0,0,1,1,0,0,0,0,-1,0.5,0,0,1000000000,0,1,1,0,0,0,0,0,0,0,0,0,-4.512089774,-4.263556,0,0,0,0,0
1193,1789388667091707548,41566144247824,0.0001500741055,1,1,0,0,1,1,0,0,0,0,-1,0.5,0,0,1000000000,0,1,1,0,0,0,0,0,0,0,0,0,-4.512089774,-4.263556,0,0,0,0,0
1194,1789388667101727442,41566154267720,0.0003375221859,1,1,0,0,1,1,0,0,0,0,-1,0.5,0,0,1000000000,0,1,1,0,0,0,0,0,0,0,0,0,-4.512089774,-4.263556,0,0,0,0,0
1195,1789388667111694904,41566164235179,0.0002097297547,1,1,0,0,1,1,1,0,0,0,-1,0.5,0,0,1000000000,0,1,1,0,0,0,0,0,0,0,0,0,-4.512089774,-4.263556,0,0,0,0,0
1196,1789388667121723448,41566174263722,-5.549512571e-05,1,1,0,0,1,1,0,0,0,0,-1,0.5,0,0,1000000000,0,1,1,0,0,0,0,0,0,0,0,0,-4.512089774,-4.263556,0,0,0,0,0
1197,1789388667131700256,41566184240530,-0.0003159657936,1,1,0,0,1,1,0,0,0,0,-1,0.5,0,0,1000000000,0,1,1,0,0,0,0,0,0,0,0,0,-4.512089774,-4.263556,0,0,0,0,0
1198,1789388667141706331,41566194246608,-0.0002132187947,1,1,0,0,1,1,0,0,0,0,-1,0.5,0,0,1000000000,0,1,1,0,0,0,0,0,0,0,0,0,-4.512089774,-4.263556,0,0,0,0,0
1199,1789388667151698907,41566204239182,-8.280947077e-05,1,1,0,0,1,1,0,0,0,0,-1,0.5,0,0,1000000000,0,1,1,0,0,0,0,0,0,0,0,0,-4.512089774,-4.263556,0,0,0,0,0
1200,1789388667161705864,41566214246133,0.0001163496854,1,1,0,0,1,1,0,0,0,0,-1,0.5,0,0,1000000000,0,1,1,0,0,0,0,0,0,0,0,0,-4.512089774,-4.263556,0,0,0,0,0
1201,1789388667171692720,41566224233000,0.0003155088343,1,1,0,0,1,1,0,0,0,0,-1,0.5,0,0,1000000000,0,1,1,0,0,0,0,0,0,0,0,0,-4.512089774,-4.263556,0,0,0,0,0
1202,1789388667181717531,41566234257806,0.000109664099,1,1,0,0,1,1,0,0,0,0,-1,0.5,0,0,1000000000,0,1,1,0,0,0,0,0,0,0,0,0,-4.512089774,-4.263556,0,0,0,0,0
1203,1789388667191704612,41566244244878,-0.0001689703204,1,1,0,0,1,1,0,0,0,0,-1,0.5,0,0,1000000000,0,1,1,0,0,0,0,0,0,0,0,0,-4.512089774,-4.263556,0,0,0,0,0
1204,1789388667201707706,41566254247983,-0.0004117458884,1,1,0,0,1,1,0,0,0,0,-1,0.5,0,0,1000000000,0,1,1,0,0,0,0,0,0,0,0,0,-4.512089774,-4.263556,0,0,0,0,0
1205,1789388667211697864,41566264238139,-0.0002362421801,1,1,0,0,1,1,1,0,0,0,-1,0.5,0,0,1000000000,0,1,1,0,0,0,0,0,0,0,0,0,-4.512089774,-4.263556,0,0,0,0,0
1206,1789388667221699092,41566274239367,2.9587467e-05,1,1,0,0,1,1,0,0,0,0,-1,0.5,0,0,1000000000,0,1,1,0,0,0,0,0,0,0,0,0,-4.512089774,-4.263556,0,0,0,0,0
1207,1789388667231710411,41566284250685,0.0002476733935,1,1,0,0,1,1,0,0,0,0,-1,0.5,0,0,1000000000,0,1,1,0,0,0,0,0,0,0,0,0,-4.512089774,-4.263556,0,0,0,0,0
1208,1789388667241782179,41566294322196,0.0002997925621,1,1,0,0,1,1,0,0,0,0,-1,0.5,0,0,1000000000,0,1,1,0,0,0,0,0,0,0,0,0,-4.512089774,-4.263556,0,0,0,0,0
1209,1789388667251713772,41566304254036,6.292865146e-05,1,1,0,0,1,1,0,0,0,0,-1,0.5,0,0,1000000000,0,1,1,0,0,0,0,0,0,0,0,0,-4.512089774,-4.263556,0,0,0,0,0
1210,1789388667261716533,41566314256805,-0.0001824794308,1,1,0,0,1,1,0,0,0,0,-1,0.5,0,0,1000000000,0,1,1,0,0,0,0,0,0,0,0,0,-4.512089774,-4.263556,0,0,0,0,0
1211,1789388667271717231,41566324257504,-0.0002768170089,1,1,0,0,1,1,0,0,0,0,-1,0.5,0,0,1000000000,0,1,1,0,0,0,0,0,0,0,0,0,-4.512089774,-4.263556,0,0,0,0,0
1212,1789388667281717152,41566334257429,-0.0001213415308,1,1,0,0,1,1,0,0,0,0,-1,0.5,0,0,1000000000,0,1,1,0,0,0,0,0,0,0,0,0,-4.512089774,-4.263556,0,0,0,0,0
1213,1789388667291712941,41566344253206,0.0001223201834,1,1,0,0,1,1,0,0,0,0,-1,0.5,0,0,1000000000,0,1,1,0,0,0,0,0,0,0,0,0,-4.512089774,-4.263556,0,0,0,0,0
1214,1789388667301722794,41566354263072,0.0001702513982,1,1,0,0,1,1,0,0,0,0,-1,0.5,0,0,1000000000,0,1,1,0,0,0,0,0,0,0,0,0,-4.512089774,-4.263556,0,0,0,0,0
1215,1789388667311718025,41566364258294,0.0002051911724,1,1,0,0,1,1,1,0,0,0,-1,0.5,0,0,1000000000,0,1,1,0,0,0,0,0,0,0,0,0,-4.512089774,-4.263556,0,0,0,0,0
1216,1789388667321721813,41566374262087,1.474365854e-05,1,1,0,0,1,1,0,0,0,0,-1,0.5,0,0,1000000000,0,1,1,0,0,0,0,0,0,0,0,0,-4.512089774,-4.263556,0,0,0,0,0
1217,1789388667331715649,41566384255921,-0.0002032912162,1,1,0,0,1,1,0,0,0,0,-1,0.5,0,0,1000000000,0,1,1,0,0,0,0,0,0,0,0,0,-4.512089774,-4.263556,0,0,0,0,0
1218,1789388667341714370,41566394254554,-0.0003089086676,1,1,0,0,1,1,0,0,0,0,-1,0.5,0,0,1000000000,0,1,1,0,0,0,0,0,0,0,0,0,-4.512089774,-4.263556,0,0,0,0,0
1219,1789388667351718752,41566404259030,-0.0001331737876,1,1,0,0,1,1,0,0,0,0,-1,0.5,0,0,1000000000,0,1,1,0,0,0,0,0,0,0,0,0,-4.512089774,-4.263556,0,0,0,0,0
1220,1789388667361722154,41566414262421,6.406533794e-05,1,1,0,0,1,1,0,0,0,0,-1,0.5,0,0,1000000000,0,1,1,0,0,0,0,0,0,0,0,0,-4.512089774,-4.263556,0,0,0,0,0
1221,1789388667371713391,41566424253663,0.0001167985465,1,1,0,0,1,1,0,0,0,0,-1,0.5,0,0,1000000000,0,1,1,0,0,0,0,0,0,0,0,0,-4.512089774,-4.263556,0,0,0,0,0
1222,1789388667381759086,41566434299364,0.000154046953,1,1,0,0,1,1,0,0,0,0,-1,0.5,0,0,1000000000,0,1,1,0,0,0,0,0,0,0,0,0,-4.512089774,-4.263556,0,0,0,0,0
1223,1789388667391730000,41566444270274,1.708044874e-05,1,1,0,0,1,1,0,0,0,0,-1,0.5,0,0,1000000000,0,1,1,0,0,0,0,0,0,0,0,0,-4.512089774,-4.263556,0,0,0,0,0
1224,1789388667401725437,41566454265711,-0.000132884612,1,1,0,0,1,1,0,0,0,0,-1,0.5,0,0,1000000000,0,1,1,0,0,0,0,0,0,0,0,0,-4.512089774,-4.263556,0,0,0,0,0
1225,1789388667411702024,41566464242300,-0.0002193029504,1,1,0,0,1,1,1,0,0,0,-1,0.5,0,0,1000000000,0,1,1,0,0,0,0,0,0,0,0,0,-4.512089774,-4.263556,0,0,0,0,0
1226,1789388667421700048,41566474240320,-0.0002015115024,1,1,0,0,1,1,0,0,0,0,-1,0.5,0,0,1000000000,0,1,1,0,0,0,0,0,0,0,0,0,-4.512089774,-4.263556,0,0,0,0,0
1227,1789388667431700630,41566484240903,-2.867813055e-05,1,1,0,0,1,1,0,0,0,0,-1,0.5,0,0,1000000000,0,1,1,0,0,0,0,0,0,0,0,0,-4.512089774,-4.263556,0,0,0,0,0
1228,1789388667441696456,41566494236730,4.368222653e-05,1,1,0,0,1,1,0,0,0,0,-1,0.5,0,0,1000000000,0,1,1,0,0,0,0,0,0,0,0,0,-4.512089774,-4.263556,0,0,0,0,0
1229,1789388667451709461,41566504249737,6.350906187e-05,1,1,0,0,1,1,0,0,0,0,-1,0.5,0,0,1000000000,0,1,1,0,0,0,0,0,0,0,0,0,-4.512089774,-4.263556,0,0,0,0,0
1230,1789388667461707964,41566514248240,5.509161565e-05,1,1,0,0,1,1,0,0,0,0,-1,0.5,0,0,1000000000,0,1,1,0,0,0,0,0,0,0,0,0,-4.512089774,-4.263556,0,0,0,0,0
1231,1789388667471710967,41566524251240,-7.827060472e-05,1,1,0,0,1,1,0,0,0,0,-1,0.5,0,0,1000000000,0,1,1,0,0,0,0,0,0,0,0,0,-4.512089774,-4.263556,0,0,0,0,0
1232,1789388667481703232,41566534243505,-0.0001034140587,1,1,0,0,1,1,0,0,0,0,-1,0.5,0,0,1000000000,0,1,1,0,0,0,0,0,0,0,0,0,-4.512089774,-4.263556,0,0,0,0,0
1233,1789388667491711179,41566544251452,-9.505238268e-05,1,1,0,0,1,1,0,0,0,0,-1,0.5,0,0,1000000000,0,1,1,0,0,0,0,0,0,0,0,0,-4.512089774,-4.263556,0,0,0,0,0
1234,1789388667501704399,41566554244675,8.414425974e-05,1,1,0,0,1,1,0,0,0,0,-1,0.5,0,0,1000000000,0,1,1,0,0,0,0,0,0,0,0,0,-4.512089774,-4.263556,0,0,0,0,0
1235,1789388667511707635,41566564247913,0.0001028357219,1,1,0,0,1,1,1,0,0,0,-1,0.5,0,0,1000000000,0,1,1,0,0,0,0,0,0,0,0,0,-4.512089774,-4.263556,0,0,0,0,0
1236,1789388667521705653,41566574245927,6.371314521e-05,1,1,0,0,1,1,0,0,0,0,-1,0.5,0,0,1000000000,0,1,1,0,0,0,0,0,0,0,0,0,-4.512089774,-4.263556,0,0,0,0,0
1237,1789388667531692888,41566584233165,6.009805657e-05,1,1,0,0,1,1,0,0,0,0,-1,0.5,0,0,1000000000,0,1,1,0,0,0,0,0,0,0,0,0,-4.512089774,-4.263556,0,0,0,0,0
1238,1789388667541694825,41566594235096,-7.00486562e-05,1,1,0,0,1,1,0,0,0,0,-1,0.5,0,0,1000000000,0,1,1,0,0,0,0,0,0,0,0,0,-4.512089774,-4.263556,0,0,0,0,0
1239,1789388667551712433,41566604252707,-0.0001086921329,1,1,0,0,1,1,0,0,0,0,-1,0.5,0,0,1000000000,0,1,1,0,0,0,0,0,0,0,0,0,-4.512089774,-4.263556,0,0,0,0,0
1240,1789388667561704147,41566614244423,-0.0001015390735,1,1,0,0,1,1,0,0,0,0,-1,0.5,0,0,1000000000,0,1,1,0,0,0,0,0,0,0,0,0,-4.512089774,-4.263556,0,0,0,0,0
1241,1789388667571696262,41566624236539,0.0001042339718,1,1,0,0,1,1,0,0,0,0,-1,0.5,0,0,1000000000,0,1,1,0,0,0,0,0,0,0,0,0,-4.512089774,-4.263556,0,0,0,0,0
1242,1789388667581698386,41566634238656,0.0001805592328,1,1,0,0,1,1,0,0,0,0,-1,0.5,0,0,1000000000,0,1,1,0,0,0,0,0,0,0,0,0,-4.512089774,-4.263556,0,0,0,0,0
1243,1789388667591781383,41566644321659,0.0001688691555,1,1,0,0,1,1,0,0,0,0,-1,0.5,0,0,1000000000,0,1,1,0,0,0,0,0,0,0,0,0,-4.512089774,-4.263556,0,0,0,0,0
1244,1789388667601703202,41566654243476,2.635578494e-05,1,1,0,0,1,1,0,0,0,0,-1,0.5,0,0,1000000000,0,1,1,0,0,0,0,0,0,0,0,0,-4.512089774,-4.263556,0,0,0,0,0
1245,1789388667611721229,41566664261503,-0.0001666858298,1,1,0,0,1,1,1,0,0,0,-1,0.5,0,0,1000000000,0,1,1,0,0,0,0,0,0,0,0,0,-4.512089774,-4.263556,0,0,0,0,0
1246,1789388667621701931,41566674242204,-0.000171006759,1,1,0,0,1,1,0,0,0,0,-1,0.5,0,0,1000000000,0,1,1,0,0,0,0,0,0,0,0,0,-4.512089774,-4.263556,0,0,0,0,0
1247,1789388667631704510,41566684244785,3.826770353e-06,1,1,0,0,1,1,0,0,0,0,-1,0.5,0,0,1000000000,0,1,1,0,0,0,0,0,0,0,0,0,-4.512089774,-4.263556,0,0,0,0,0
1248,1789388667641699079,41566694239353,0.0001997516956,1,1,0,0,1,1,0,0,0,0,-1,0.5,0,0,1000000000,0,1,1,0,0,0,0,0,0,0,0,0,-4.512089774,-4.263556,0,0,0,0,0
1249,1789388667651695657,41566704235909,0.0002465992875,1,1,0,0,1,1,0,0,0,0,-1,0.5,0,0,1000000000,0,1,1,0,0,0,0,0,0,0,0,0,-4.512089774,-4.263556,0,0,0,0,0
1250,1789388667661716954,41566714257218,0.0002797338529,1,1,0,0,1,1,0,0,0,0,-1,0.5,0,0,1000000000,0,1,1,0,0,0,0,0,0,0,0,0,-4.512089774,-4.263556,0,0,0,0,0
1251,1789388667671717700,41566724257964,8.711027476e-05,1,1,0,0,1,1,0,0,0,0,-1,0.5,0,0,1000000000,0,1,1,0,0,0,0,0,0,0,0,0,-4.512089774,-4.263556,0,0,0,0,0
1252,1789388667681719168,41566734259329,-0.0001658759866,1,1,0,0,1,1,0,0,0,0,-1,0.5,0,0,1000000000,0,1,1,0,0,0,0,0,0,0,0,0,-4.512089774,-4.263556,0,0,0,0,0
1253,1789388667691764222,41566744304369,-0.0002291193086,1,1,0,0,1,1,0,0,0,0,-1,0.5,0,0,1000000000,0,1,1,0,0,0,0,0,0,0,0,0,-4.512089774,-4.263556,0,0,0,0,0
1254,1789388667701714589,41566754254861,-0.0001282456069,1,1,0,0,1,1,0,0,0,0,-1,0.5,0,0,1000000000,0,1,1,0,0,0,0,0,0,0,0,0,-4.512089774,-4.263556,0,0,0,0,0
1255,1789388667711718786,41566764259061,0.0001296574774,1,1,0,0,1,1,1,0,0,0,-1,0.5,0,0,1000000000,0,1,1,0,0,0,0,0,0,0,0,0,-4.512089774,-4.263556,0,0,0,0,0
1256,1789388667721716505,41566774256776,0.0003623320663,1,1,0,0,1,1,0,0,0,0,-1,0.5,0,0,1000000000,0,1,1,0,0,0,0,0,0,0,0,0,-4.512089774,-4.263556,0,0,0,0,0
1257,1789388667731729993,41566784270114,0.0002715382434,1,1,0,0,1,1,0,0,0,0,-1,0.5,0,0,1000000000,0,1,1,0,0,0,0,0,0,0,0,0,-4.512089774,-4.263556,0,0,0,0,0
1258,1789388667741720708,41566794260973,3.301182369e-05,1,1,0,0,1,1,0,0,0,0,-1,0.5,0,0,1000000000,0,1,1,0,0,0,0,0,0,0,0,0,-4.512089774,-4.263556,0,0,0,0,0
1259,1789388667751708287,41566804248560,-0.0001586930885,1,1,0,0,1,1,0,0,0,0,-1,0.5,0,0,1000000000,0,1,1,0,0,0,0,0,0,0,0,0,-4.512089774,-4.263556,0,0,0,0,0
1260,1789388667761695842,41566814236099,-0.0002070765186,1,1,0,0,1,1,0,0,0,0,-1,0.5,0,0,1000000000,0,1,1,0,0,0,0,0,0,0,0,0,-4.512089774,-4.263556,0,0,0,0,0
1261,1789388667771696909,41566824237184,-3.707044743e-05,1,1,0,0,1,1,0,0,0,0,-1,0.5,0,0,1000000000,0,1,1,0,0,0,0,0,0,0,0,0,-4.512089774,-4.263556,0,0,0,0,0
1262,1789388667781701291,41566834241565,0.0002037600498,1,1,0,0,1,1,0,0,0,0,-1,0.5,0,0,1000000000,0,1,1,0,0,0,0,0,0,0,0,0,-4.512089774,-4.263556,0,0,0,0,0
1263,1789388667791711312,41566844251586,0.0002943870495,1,1,0,0,1,1,0,0,0,0,-1,0.5,0,0,1000000000,0,1,1,0,0,0,0,0,0,0,0,0,-4.512089774,-4.263556,0,0,0,0,0
1264,1789388667801711545,41566854251808,0.0001147757503,1,1,0,0,1,1,0,0,0,0,-1,0.5,0,0,1000000000,0,1,1,0,0,0,0,0,0,0,0,0,-4.512089774,-4.263556,0,0,0,0,0
1265,1789388667811723780,41566864263967,-6.275752821e-05,1,1,0,0,1,1,1,0,0,0,-1,0.5,0,0,1000000000,0,1,1,0,0,0,0,0,0,0,0,0,-4.512089774,-4.263556,0,0,0,0,0
1266,1789388667821954237,41566874494514,-0.0002661882027,1,1,0,0,1,1,0,0,0,0,-1,0.5,0,0,1000000000,0,1,1,0,0,0,0,0,0,0,0,0,-4.512089774,-4.263556,0,0,0,0,0
1267,1789388667831704134,41566884244392,-0.0002762921213,1,1,0,0,1,1,0,0,0,0,-1,0.5,0,0,1000000000,0,1,1,0,0,0,0,0,0,0,0,0,-4.512089774,-4.263556,0,0,0,0,0
1268,1789388667841719330,41566894259607,-0.0001012347784,1,1,0,0,1,1,0,0,0,0,-1,0.5,0,0,1000000000,0,1,1,0,0,0,0,0,0,0,0,0,-4.512089774,-4.263556,0,0,0,0,0
1269,1789388667851709734,41566904250011,0.000153412213,1,1,0,0,1,1,0,0,0,0,-1,0.5,0,0,1000000000,0,1,1,0,0,0,0,0,0,0,0,0,-4.512089774,-4.263556,0,0,0,0,0
1270,1789388667861703201,41566914243474,0.0002411091409,1,1,0,0,1,1,0,0,0,0,-1,0.5,0,0,1000000000,0,1,1,0,0,0,0,0,0,0,0,0,-4.512089774,-4.263556,0,0,0,0,0
1271,1789388667871696092,41566924236367,7.606844883e-05,1,1,0,0,1,1,0,0,0,0,-1,0.5,0,0,1000000000,0,1,1,0,0,0,0,0,0,0,0,0,-4.512089774,-4.263556,0,0,0,0,0
1272,1789388667881696685,41566934236961,-0.0001593421766,1,1,0,0,1,1,0,0,0,0,-1,0.5,0,0,1000000000,0,1,1,0,0,0,0,0,0,0,0,0,-4.512089774,-4.263556,0,0,0,0,0
1273,1789388667891701619,41566944241895,-0.0002389999863,1,1,0,0,1,1,0,0,0,0,-1,0.5,0,0,1000000000,0,1,1,0,0,0,0,0,0,0,0,0,-4.512089774,-4.263556,0,0,0,0,0
1274,1789388667901755729,41566954296008,-0.0001284989412,1,1,0,0,1,1,0,0,0,0,-1,0.5,0,0,1000000000,0,1,1,0,0,0,0,0,0,0,0,0,-4.512089774,-4.263556,0,0,0,0,0
1275,1789388667911723791,41566964263926,6.988589303e-05,1,1,0,0,1,1,1,0,0,0,-1,0.5,0,0,1000000000,0,1,1,0,0,0,0,0,0,0,0,0,-4.512089774,-4.263556,0,0,0,0,0
1276,1789388667921713081,41566974253353,0.0002726743696,1,1,0,0,1,1,0,0,0,0,-1,0.5,0,0,1000000000,0,1,1,0,0,0,0,0,0,0,0,0,-4.512089774,-4.263556,0,0,0,0,0
1277,1789388667931726761,41566984267033,0.0001935671462,1,1,0,0,1,1,0,0,0,0,-1,0.5,0,0,1000000000,0,1,1,0,0,0,0,0,0,0,0,0,-4.512089774,-4.263556,0,0,0,0,0
1278,1789388667941724367,41566994264642,-6.444574865e-06,1,1,0,0,1,1,0,0,0,0,-1,0.5,0,0,1000000000,0,1,1,0,0,0,0,0,0,0,0,0,-4.512089774,-4.263556,0,0,0,0,0
1279,1789388667951717852,41567004258127,-0.0002473805798,1,1,0,0,1,1,0,0,0,0,-1,0.5,0,0,1000000000,0,1,1,0,0,0,0,0,0,0,0,0,-4.512089774,-4.263556,0,0,0,0,0
1280,1789388667961716147,41567014256420,-0.0002910288167,1,1,0,0,1,1,0,0,0,0,-1,0.5,0,0,1000000000,0,1,1,0,0,0,0,0,0,0,0,0,-4.512089774,-4.263556,0,0,0,0,0
1281,1789388667971716387,41567024256652,-0.0001338611764,1,1,0,0,1,1,0,0,0,0,-1,0.5,0,0,1000000000,0,1,1,0,0,0,0,0,0,0,0,0,-4.512089774,-4.263556,0,0,0,0,0
1282,1789388667981753004,41567034293273,0.0001097564018,1,1,0,0,1,1,0,0,0,0,-1,0.5,0,0,1000000000,0,1,1,0,0,0,0,0,0,0,0,0,-4.512089774,-4.282109333,0,0,0,0,0
1283,1789388667991757558,41567044297836,0.0003048277576,1,1,0,0,1,1,0,0,0,0,-1,0.5,0,0,1000000000,0,1,1,0,0,0,0,0,0,0,0,0,-4.512089774,-4.282109333,0,0,0,0,0
1284,1789388668001711766,41567054252043,0.0002185206249,1,1,0,0,1,1,0,0,0,0,-1,0.5,0,0,1000000000,0,1,1,0,0,0,0,0,0,0,0,0,-4.512089774,-4.282109333,0,0,0,0,0
1285,1789388668011717056,41567064257324,-4.263230949e-05,1,1,0,0,1,1,1,0,0,0,-1,0.5,0,0,1000000000,0,1,1,0,0,0,0,0,0,0,0,0,-4.512089774,-4.282109333,0,0,0,0,0
1286,1789388668021724734,41567074265004,-0.000265127921,1,1,0,0,1,1,0,0,0,0,-1,0.5,0,0,1000000000,0,1,1,0,0,0,0,0,0,0,0,0,-4.512089774,-4.282109333,0,0,0,0,0
1287,1789388668031913214,41567084453482,-0.0001648542093,1,1,0,0,1,1,0,0,0,0,-1,0.5,0,0,1000000000,0,1,1,0,0,0,0,0,0,0,0,0,-4.512089774,-4.282109333,0,0,0,0,0
1288,1789388668041721039,41567094261315,7.409289537e-05,1,1,0,0,1,1,0,0,0,0,-1,0.5,0,0,1000000000,0,1,1,0,0,0,0,0,0,0,0,0,-4.512089774,-4.282109333,0,0,0,0,0
1289,1789388668051739850,41567104280119,0.000297734834,1,1,0,0,1,1,0,0,0,0,-1,0.5,0,0,1000000000,0,1,1,0,0,0,0,0,0,0,0,0,-4.512089774,-4.282109333,0,0,0,0,0
1290,1789388668061720407,41567114260683,0.0002117855474,1,1,0,0,1,1,0,0,0,0,-1,0.5,0,0,1000000000,0,1,1,0,0,0,0,0,0,0,0,0,-4.512089774,-4.282109333,0,0,0,0,0
1291,1789388668071743031,41567124283125,-5.078691902e-05,1,1,0,0,1,1,0,0,0,0,-1,0.5,0,0,1000000000,0,1,1,0,0,0,0,0,0,0,0,0,-4.512089774,-4.282109333,0,0,0,0,0
1292,1789388668081717504,41567134257759,-0.0002651574032,1,1,0,0,1,1,0,0,0,0,-1,0.5,0,0,1000000000,0,1,1,0,0,0,0,0,0,0,0,0,-4.512089774,-4.282109333,0,0,0,0,0
1293,1789388668091720863,41567144261137,-0.0001287963532,1,1,0,0,1,1,0,0,0,0,-1,0.5,0,0,1000000000,0,1,1,0,0,0,0,0,0,0,0,0,-4.512089774,-4.282109333,0,0,0,0,0
1294,1789388668101745881,41567154285996,3.43851716e-05,1,1,0,0,1,1,0,0,0,0,-1,0.5,0,0,1000000000,0,1,1,0,0,0,0,0,0,0,0,0,-4.512089774,-4.282109333,0,0,0,0,0
1295,1789388668111760690,41567164300757,0.0001824620849,1,1,0,0,1,1,1,0,0,0,-1,0.5,0,0,1000000000,0,1,1,0,0,0,0,0,0,0,0,0,-4.512089774,-4.282109333,0,0,0,0,0
1296,1789388668121714056,41567174254322,0.0003305389837,1,1,0,0,1,1,0,0,0,0,-1,0.5,0,0,1000000000,0,1,1,0,0,0,0,0,0,0,0,0,-4.512089774,-4.282109333,0,0,0,0,0
1297,1789388668131728717,41567184268994,0.0002066919551,1,1,0,0,1,1,0,0,0,0,-1,0.5,0,0,1000000000,0,1,1,0,0,0,0,0,0,0,0,0,-4.512089774,-4.282109333,0,0,0,0,0
1298,1789388668141709753,41567194250025,2.421525642e-05,1,1,0,0,1,1,0,0,0,0,-1,0.5,0,0,1000000000,0,1,1,0,0,0,0,0,0,0,0,0,-4.512089774,-4.282109333,0,0,0,0,0
1299,1789388668151733690,41567204273966,-0.0001349278755,1,1,0,0,1,1,0,0,0,0,-1,0.5,0,0,1000000000,0,1,1,0,0,0,0,0,0,0,0,0,-4.512089774,-4.282109333,0,0,0,0,0
1300,1789388668161722387,41567214262664,-5.681082257e-05,1,1,0,0,1,1,0,0,0,0,-1,0.5,0,0,1000000000,0,1,1,0,0,0,0,0,0,0,0,0,-4.512089774,-4.282109333,0,0,0,0,0
1301,1789388668171745967,41567224286004,6.503380428e-05,1,1,0,0,1,1,0,0,0,0,-1,0.5,0,0,1000000000,0,1,1,0,0,0,0,0,0,0,0,0,-4.512089774,-4.282109333,0,0,0,0,0
1302,1789388668181718558,41567234258824,7.056338654e-05,1,1,0,0,1,1,0,0,0,0,-1,0.5,0,0,1000000000,0,1,1,0,0,0,0,0,0,0,0,0,-4.512089774,-4.282109333,0,0,0,0,0
1303,1789388668191731276,41567244271546,-2.911741649e-05,1,1,0,0,1,1,0,0,0,0,-1,0.5,0,0,1000000000,0,1,1,0,0,0,0,0,0,0,0,0,-4.512089774,-4.282109333,0,0,0,0,0
1304,1789388668201716061,41567254256332,-6.246914563e-05,1,1,0,0,1,1,1,0,0,0,-1,0.5,0,0,1000000000,0,1,1,0,0,0,0,0,0,0,0,0,-4.512089774,-4.282109333,0,0,0,0,0
1305,1789388668211724011,41567264264185,-6.379374827e-05,1,1,0,0,1,1,0,0,0,0,-1,0.5,0,0,1000000000,0,1,1,0,0,0,0,0,0,0,0,0,-4.512089774,-4.282109333,0,0,0,0,0
1306,1789388668221724748,41567274265009,-6.51183509e-05,1,1,0,0,1,1,0,0,0,0,-1,0.5,0,0,1000000000,0,1,1,0,0,0,0,0,0,0,0,0,-4.512089774,-4.282109333,0,0,0,0,0
1307,1789388668231721270,41567284261528,-7.387207734e-05,1,1,0,0,1,1,0,0,0,0,-1,0.5,0,0,1000000000,0,1,1,0,0,0,0,0,0,0,0,0,-4.512089774,-4.282109333,0,0,0,0,0
1308,1789388668241758038,41567294298316,3.981639748e-05,1,1,0,0,1,1,0,0,0,0,-1,0.5,0,0,1000000000,0,1,1,0,0,0,0,0,0,0,0,0,-4.512089774,-4.282109333,0,0,0,0,0
1309,1789388668251721739,41567304262017,0.0001150983153,1,1,0,0,1,1,0,0,0,0,-1,0.5,0,0,1000000000,0,1,1,0,0,0,0,0,0,0,0,0,-4.512089774,-4.282109333,0,0,0,0,0
1310,1789388668261715892,41567314256169,4.742036253e-06,1,1,0,0,1,1,0,0,0,0,-1,0.5,0,0,1000000000,0,1,1,0,0,0,0,0,0,0,0,0,-4.512089774,-4.282109333,0,0,0,0,0
1311,1789388668271716338,41567324256610,-2.959257108e-05,1,1,0,0,1,1,0,0,0,0,-1,0.5,0,0,1000000000,0,1,1,0,0,0,0,0,0,0,0,0,-4.512089774,-4.282109333,0,0,0,0,0
1312,1789388668281716964,41567334257229,-1.124299615e-05,1,1,0,0,1,1,0,0,0,0,-1,0.5,0,0,1000000000,0,1,1,0,0,0,0,0,0,0,0,0,-4.512089774,-4.282109333,0,0,0,0,0
1313,1789388668291724738,41567344265013,-8.779455385e-09,1,1,0,0,1,1,0,0,0,0,-1,0.5,0,0,1000000000,0,1,1,0,0,0,0,0,0,0,0,0,-4.512089774,-4.282109333,0,0,0,0,0
1314,1789388668301715750,41567354256027,-6.445893632e-06,1,1,0,0,1,1,1,0,0,0,-1,0.5,0,0,1000000000,0,1,1,0,0,0,0,0,0,0,0,0,-4.512089774,-4.282109333,0,0,0,0,0
1315,1789388668311715856,41567364256132,7.436545275e-06,1,1,0,0,1,1,0,0,0,0,-1,0.5,0,0,1000000000,0,1,1,0,0,0,0,0,0,0,0,0,-4.512089774,-4.282109333,0,0,0,0,0
1316,1789388668321720262,41567374260541,1.376232831e-05,1,1,0,0,1,1,0,0,0,0,-1,0.5,0,0,1000000000,0,1,1,0,0,0,0,0,0,0,0,0,-4.512089774,-4.282109333,0,0,0,0,0
1317,1789388668331718857,41567384259133,1.516437351e-05,1,1,0,0,1,1,0,0,0,0,-1,0.5,0,0,1000000000,0,1,1,0,0,0,0,0,0,0,0,0,-4.512089774,-4.282109333,0,0,0,0,0
1318,1789388668341718535,41567394258804,-5.281148333e-05,1,1,0,0,1,1,0,0,0,0,-1,0.5,0,0,1000000000,0,1,1,0,0,0,0,0,0,0,0,0,-4.512089774,-4.282109333,0,0,0,0,0
1319,1789388668351707859,41567404248128,-7.353938418e-05,1,1,0,0,1,1,0,0,0,0,-1,0.5,0,0,1000000000,0,1,1,0,0,0,0,0,0,0,0,0,-4.512089774,-4.282109333,0,0,0,0,0
1320,1789388668361699233,41567414239511,-9.070437227e-05,1,1,0,0,1,1,0,0,0,0,-1,0.5,0,0,1000000000,0,1,1,0,0,0,0,0,0,0,0,0,-4.512089774,-4.282109333,0,0,0,0,0
1321,1789388668371716035,41567424256310,-4.449375047e-05,1,1,0,0,1,1,0,0,0,0,-1,0.5,0,0,1000000000,0,1,1,0,0,0,0,0,0,0,0,0,-4.512089774,-4.282109333,0,0,0,0,0
1322,1789388668381719762,41567434260038,-3.099334572e-05,1,1,0,0,1,1,0,0,0,0,-1,0.5,0,0,1000000000,0,1,1,0,0,0,0,0,0,0,0,0,-4.512089774,-4.282109333,0,0,0,0,0
1323,1789388668391721567,41567444261843,-7.88023026e-05,1,1,0,0,1,1,0,0,0,0,-1,0.5,0,0,1000000000,0,1,1,0,0,0,0,0,0,0,0,0,-4.512089774,-4.282109333,0,0,0,0,0
1324,1789388668401720207,41567454260468,-1.476088619e-05,1,1,0,0,1,1,1,0,0,0,-1,0.5,0,0,1000000000,0,1,1,0,0,0,0,0,0,0,0,0,-4.512089774,-4.282109333,0,0,0,0,0
1325,1789388668411709277,41567464249553,4.314352191e-05,1,1,0,0,1,1,0,0,0,0,-1,0.5,0,0,1000000000,0,1,1,0,0,0,0,0,0,0,0,0,-4.512089774,-4.282109333,0,0,0,0,0
1326,1789388668421712281,41567474252555,-3.231297524e-05,1,1,0,0,1,1,0,0,0,0,-1,0.5,0,0,1000000000,0,1,1,0,0,0,0,0,0,0,0,0,-4.512089774,-4.282109333,0,0,0,0,0
1327,1789388668431700615,41567484240889,-0.0001022757206,1,1,0,0,1,1,0,0,0,0,-1,0.5,0,0,1000000000,0,1,1,0,0,0,0,0,0,0,0,0,-4.512089774,-4.282109333,0,0,0,0,0
1328,1789388668441698506,41567494238783,-0.000164424855,1,1,0,0,1,1,0,0,0,0,-1,0.5,0,0,1000000000,0,1,1,0,0,0,0,0,0,0,0,0,-4.512089774,-4.282109333,0,0,0,0,0
1329,1789388668451707142,41567504247414,-6.987137749e-05,1,1,0,0,1,1,0,0,0,0,-1,0.5,0,0,1000000000,0,1,1,0,0,0,0,0,0,0,0,0,-4.512089774,-4.282109333,0,0,0,0,0
1330,1789388668461727409,41567514267678,-3.689388177e-05,1,1,0,0,1,1,0,0,0,0,-1,0.5,0,0,1000000000,0,1,1,0,0,0,0,0,0,0,0,0,-4.512089774,-4.282109333,0,0,0,0,0
1331,1789388668471699237,41567524239511,4.103745596e-05,1,1,0,0,1,1,0,0,0,0,-1,0.5,0,0,1000000000,0,1,1,0,0,0,0,0,0,0,0,0,-4.512089774,-4.282109333,0,0,0,0,0
1332,1789388668481696402,41567534236540,0.0001431973506,1,1,0,0,1,1,0,0,0,0,-1,0.5,0,0,1000000000,0,1,1,0,0,0,0,0,0,0,0,0,-4.512089774,-4.282109333,0,0,0,0,0
1333,1789388668491709299,41567544249573,8.996843098e-05,1,1,0,0.7171989679,1,1,0,0,0,0,-1,0.5,0,0,1000000000,0,1,1,0,0,0,0,0,0,0,0,0,-4.512089774,-4.282109333,0,0,0,0,0
1334,1789388668501722494,41567554262765,-4.533939136e-05,1,1,0,0.7171989679,1,1,1,0,0,0,-1,0.5,0,0,1000000000,0,1,1,0,0,0,0,0,0,0,0,0,-4.512089774,-4.282109333,0,0,0,0,0
1335,1789388668511719982,41567564260257,-8.073319623e-05,1,1,0,0.7171989679,1,1,0,0,0,0,-1,0.5,0,0,1000000000,0,1,1,0,0,0,0,0,0,0,0,0,-4.512089774,-4.282109333,0,0,0,0,0
1336,1789388668521732662,41567574272928,-8.188788343e-05,1,1,0,0.7171989679,1,1,0,0,0,0,-1,0.5,0,0,1000000000,0,1,1,0,0,0,0,0,0,0,0,0,-4.512089774,-4.282109333,0,0,0,0,0
1337,1789388668531713545,41567584253819,5.471518671e-05,1,1,0,0.7171989679,1,1,0,0,0,0,-1,0.5,0,0,1000000000,0,1,1,0,0,0,0,0,0,0,0,0,-4.512089774,-4.282109333,0,0,0,0,0
1338,1789388668541714946,41567594255223,4.244074444e-05,1,1,0,0.7171989679,1,1,0,0,0,0,-1,0.5,0,0,1000000000,0,1,1,0,0,0,0,0,0,0,0,0,-4.512089774,-4.282109333,0,0,0,0,0
1339,1789388668551718652,41567604258929,-1.077341494e-05,1,1,0,0.7171989679,1,1,0,0,0,0,-1,0.5,0,0,1000000000,0,1,1,0,0,0,0,0,0,0,0,0,-4.512089774,-4.282109333,0,0,0,0,0
1340,1789388668561715521,41567614255795,-7.663805445e-05,1,1,0,0.7171989679,1,1,0,0,0,0,-1,0.5,0,0,1000000000,0,1,1,0,0,0,0,0,0,0,0,0,-4.512089774,-4.282109333,0,0,0,0,0
1341,1789388668571714151,41567624254431,-5.179097207e-05,1,1,0,0.7171989679,1,1,0,0,0,0,-1,0.5,0,0,1000000000,0,1,1,0,0,0,0,0,0,0,0,0,-4.512089774,-4.282109333,0,0,0,0,0
1342,1789388668581717489,41567634257768,-9.63079292e-05,1,1,0,0.7087439299,1,1,0,0,0,0,-1,0.5,0,0,1000000000,0,1,1,0,0,0,0,0,0,0,0,0,-4.512089774,-4.282109333,0,0,0,0,0
1343,1789388668591735562,41567644275836,-0.0001008303589,1,1,0,0.7087439299,1,1,0,0,0,0,-1,0.5,0,0,1000000000,0,1,1,0,0,0,0,0,0,0,0,0,-4.512089774,-4.282109333,0,0,0,0,0
1344,1789388668601713161,41567654253437,1.490919021e-05,1,1,0,0.7087439299,1,1,1,0,0,0,-1,0.5,0,0,1000000000,0,1,1,0,0,0,0,0,0,0,0,0,-4.512089774,-4.282109333,0,0,0,0,0
1345,1789388668611694685,41567664234960,1.173630517e-05,1,1,0,0.7087439299,1,1,0,0,0,0,-1,0.5,0,0,1000000000,0,1,1,0,0,0,0,0,0,0,0,0,-4.512089774,-4.282109333,0,0,0,0,0
1346,1789388668621699261,41567674239536,7.554734566e-06,1,1,0,0.7087439299,1,1,0,0,0,0,-1,0.5,0,0,1000000000,0,1,1,0,0,0,0,0,0,0,0,0,-4.512089774,-4.282109333,0,0,0,0,0
1347,1789388668631707867,41567684248142,-0.0001264846214,1,1,0,0.7087439299,1,1,0,0,0,0,-1,0.5,0,0,1000000000,0,1,1,0,0,0,0,0,0,0,0,0,-4.512089774,-4.282109333,0,0,0,0,0
1348,1789388668641722089,41567694262365,-0.0001479302737,1,1,0,0.7087439299,1,1,0,0,0,0,-1,0.5,0,0,1000000000,0,1,1,0,0,0,0,0,0,0,0,0,-4.512089774,-4.282109333,0,0,0,0,0
1349,1789388668651686156,41567704226434,-0.0001358298323,1,1,0,0.7087439299,1,1,0,0,0,0,-1,0.5,0,0,1000000000,0,1,1,0,0,0,0,0,0,0,0,0,-4.512089774,-4.282109333,0,0,0,0,0
1350,1789388668661697955,41567714238203,7.156458537e-07,1,1,0,0.7256368399,1,1,0,0,0,0,-1,0.5,0,0,1000000000,0,1,1,0,0,0,0,0,0,0,0,0,-4.512089774,-4.282109333,0,0,0,0,0
1351,1789388668671710998,41567724251274,-1.281481309e-05,1,1,0,0.7256368399,1,1,0,0,0,0,-1,0.5,0,0,1000000000,0,1,1,0,0,0,0,0,0,0,0,0,-4.512089774,-4.282109333,0,0,0,0,0
1352,1789388668681772592,41567734312859,1.577928197e-05,1,1,0,0.7256368399,1,1,0,0,0,0,-1,0.5,0,0,1000000000,0,1,1,0,0,0,0,0,0,0,0,0,-4.512089774,-4.282109333,0,0,0,0,0
1353,1789388668691712199,41567744252475,-8.704882202e-05,1,1,0,0.7256368399,1,1,0,0,0,0,-1,0.5,0,0,1000000000,0,1,1,0,0,0,0,0,0,0,0,0,-4.512089774,-4.282109333,0,0,0,0,0
1354,1789388668701695958,41567754236232,-0.0001498672209,1,1,0,0.7256368399,1,1,1,0,0,0,-1,0.5,0,0,1000000000,0,1,1,0,0,0,0,0,0,0,0,0,-4.512089774,-4.282109333,0,0,0,0,0
1355,1789388668711726986,41567764267112,-0.0002259204921,1,1,0,0.7256368399,1,1,0,0,0,0,-1,0.5,0,0,1000000000,0,1,1,0,0,0,0,0,0,0,0,0,-4.512089774,-4.282109333,0,0,0,0,0
1356,1789388668721716779,41567774257049,-0.000168612838,1,1,0,0.7256368399,1,1,0,0,0,0,-1,0.5,0,0,1000000000,0,1,1,0,0,0,0,0,0,0,0,0,-4.512089774,-4.282109333,0,0,0,0,0
1357,1789388668731713416,41567784253687,-3.820173879e-05,1,1,0,0.7256368399,1,1,0,0,0,0,-1,0.5,0,0,1000000000,0,1,1,0,0,0,0,0,0,0,0,0,-4.512089774,-4.282109333,0,0,0,0,0
1358,1789388668741714095,41567794254363,8.439575322e-05,1,1,0,0.7199748158,1,1,0,0,0,0,-1,0.5,0,0,1000000000,0,1,1,0,0,0,0,0,0,0,0,0,-4.512089774,-4.282109333,0,0,0,0,0
1359,1789388668758283904,41567810824178,5.754571248e-06,1,1,0,0.7199748158,1,1,0,0,0,0,-1,0.5,0,0,1000000000,0,1,1,0,0,0,0,0,0,0,0,0,-4.512089774,-4.282109333,0,0,0,0,0
1360,1789388668761720085,41567814260343,5.754571248e-06,1,1,0,0.7199748158,1,1,0,0,0,0,-1,0.5,0,0,1000000000,0,1,1,0,0,0,0,0,0,0,0,0,-4.512089774,-4.282109333,0,0,0,0,0
1361,1789388668771718726,41567824258995,-6.818594557e-05,1,1,0,0.7199748158,1,1,0,0,0,0,-1,0.5,0,0,1000000000,0,1,1,0,0,0,0,0,0,0,0,0,-4.512089774,-4.282109333,0,0,0,0,0
1362,1789388668781729768,41567834270033,-8.200160664e-05,1,1,0,0.7199748158,1,1,0,0,0,0,-1,0.5,0,0,1000000000,0,1,1,0,0,0,0,0,0,0,0,0,-4.512089774,-4.282109333,0,0,0,0,0
1363,1789388668791743399,41567844283672,1.28476413e-05,1,1,0,0.7199748158,1,1,0,0,0,0,-1,0.5,0,0,1000000000,0,1,1,0,0,0,0,0,0,0,0,0,-4.512089774,-4.282109333,0,0,0,0,0
1364,1789388668801701558,41567854241830,0.0001099499932,1,1,0,0.7199748158,1,1,1,0,0,0,-1,0.5,0,0,1000000000,0,1,1,0,0,0,0,0,0,0,0,0,-4.512089774,-4.282109333,0,0,0,0,0
1365,1789388668811740084,41567864280361,9.134387801e-05,1,1,0,0.7199748158,1,1,0,0,0,0,-1,0.5,0,0,1000000000,0,1,1,0,0,0,0,0,0,0,0,0,-4.512089774,-4.282109333,0,0,0,0,0
1366,1789388668821730627,41567874270888,3.849863788e-05,1,1,0,0.7199748158,1,1,0,0,0,0,-1,0.5,0,0,1000000000,0,1,1,0,0,0,0,0,0,0,0,0,-4.512089774,-4.282109333,0,0,0,0,0
1367,1789388668831722317,41567884262595,-6.345026486e-05,1,1,0,0.7199748158,1,1,0,0,0,0,-1,0.5,0,0,1000000000,0,1,1,0,0,0,0,0,0,0,0,0,-4.512089774,-4.282109333,0,0,0,0,0
1368,1789388668841718802,41567894259080,-0.000113484748,1,1,0,0.7206324339,1,1,0,0,0,0,-1,0.5,0,0,1000000000,0,1,1,0,0,0,0,0,0,0,0,0,-4.512089774,-4.282109333,0,0,0,0,0
1369,1789388668851711178,41567904251449,-7.136522618e-05,1,1,0,0.7206324339,1,1,0,0,0,0,-1,0.5,0,0,1000000000,0,1,1,0,0,0,0,0,0,0,0,0,-4.512089774,-4.282109333,0,0,0,0,0
1370,1789388668861711785,41567914252057,9.846252942e-05,1,1,0,0.7206324339,1,1,0,0,0,0,-1,0.5,0,0,1000000000,0,1,1,0,0,0,0,0,0,0,0,0,-4.512089774,-4.282109333,0,0,0,0,0
1371,1789388668871762870,41567924303141,0.0001420142507,1,1,0,0.7206324339,1,1,0,0,0,0,-1,0.5,0,0,1000000000,0,1,1,0,0,0,0,0,0,0,0,0,-4.512089774,-4.282109333,0,0,0,0,0
1372,1789388668881714469,41567934254743,0.0001701157453,1,1,0,0.7206324339,1,1,0,0,0,0,-1,0.5,0,0,1000000000,0,1,1,0,0,0,0,0,0,0,0,0,-4.512089774,-4.282109333,0,0,0,0,0
1373,1789388668891715435,41567944255704,3.076603025e-05,1,1,0,0.7206324339,1,1,0,0,0,0,-1,0.5,0,0,1000000000,0,1,1,0,0,0,0,0,0,0,0,0,-4.512089774,-4.282109333,0,0,0,0,0
1374,1789388668901752398,41567954292659,-0.0001663016301,1,1,0,0.7206324339,1,1,1,0,0,0,-1,0.5,0,0,1000000000,0,1,1,0,0,0,0,0,0,0,0,0,-4.512089774,-4.282109333,0,0,0,0,0
1375,1789388668911712689,41567964252961,-0.0001721102453,1,1,0,0.7206324339,1,1,0,0,0,0,-1,0.5,0,0,1000000000,0,1,1,0,0,0,0,0,0,0,0,0,-4.512089774,-4.282109333,0,0,0,0,0
1376,1789388668921718627,41567974258904,-9.441461771e-06,1,1,0,0.7206324339,1,1,0,0,0,0,-1,0.5,0,0,1000000000,0,1,1,0,0,0,0,0,0,0,0,0,-4.512089774,-4.282109333,0,0,0,0,0
1377,1789388668931707711,41567984247988,0.0001400466863,1,1,0,0.7206324339,1,1,0,0,0,0,-1,0.5,0,0,1000000000,0,1,1,0,0,0,0,0,0,0,0,0,-4.512089774,-4.282109333,0,0,0,0,0
1378,1789388668941706955,41567994247233,0.0001822223858,1,1,0,0.7205620408,1,1,0,0,0,0,-1,0.5,0,0,1000000000,0,1,1,0,0,0,0,0,0,0,0,0,-4.512089774,-4.282109333,0,0,0,0,0
1379,1789388668951733040,41568004273314,0.000150494001,1,1,0,0.7205620408,1,1,0,0,0,0,-1,0.5,0,0,1000000000,0,1,1,0,0,0,0,0,0,0,0,0,-4.512089774,-4.282109333,0,0,0,0,0
1380,1789388668961723217,41568014263486,3.832896982e-05,1,1,0,0.7205620408,1,1,0,0,0,0,-1,0.5,0,0,1000000000,0,1,1,0,0,0,0,0,0,0,0,0,-4.512089774,-4.282109333,0,0,0,0,0
1381,1789388668971715790,41568024256058,5.766369213e-06,1,1,0,0.7205620408,1,1,0,0,0,0,-1,0.5,0,0,1000000000,0,1,1,0,0,0,0,0,0,0,0,0,-4.512089774,-4.282109333,0,0,0,0,0
1382,1789388668981728913,41568034269180,-7.966347766e-05,1,1,0,0.7205620408,1,1,0,0,0,0,-1,0.5,0,0,1000000000,0,1,1,0,0,0,0,0,0,0,0,0,-4.512089774,-4.282109333,0,0,0,0,0
1383,1789388668991716457,41568044256729,2.28590925e-05,1,1,0,0.7205620408,1,1,0,0,0,0,-1,0.5,0,0,1000000000,0,1,1,0,0,0,0,0,0,0,0,0,-4.512089774,-4.282109333,0,0,0,0,0
1384,1789388669001726432,41568054266690,4.801410978e-05,1,1,0,0.7205620408,1,1,1,0,0,0,-1,0.5,0,0,1000000000,0,1,1,0,0,0,0,0,0,0,0,0,-4.512089774,-4.282109333,0,0,0,0,0
1385,1789388669011714214,41568064254487,0.0001114549086,1,1,0,0.7205620408,1,1,0,0,0,0,-1,0.5,0,0,1000000000,0,1,1,0,0,0,0,0,0,0,0,0,-4.512089774,-4.282109333,0,0,0,0,0
1386,1789388669021720867,41568074261142,0.0001748957147,1,1,0,0.7205620408,1,1,0,0,0,0,-1,0.5,0,0,1000000000,0,1,1,0,0,0,0,0,0,0,0,0,-4.512089774,-4.282109333,0,0,0,0,0
1387,1789388669031704596,41568084244871,0.0001207833193,1,1,0,0.7205620408,1,1,0,0,0,0,-1,0.5,0,0,1000000000,0,1,1,0,0,0,0,0,0,0,0,0,-4.512089774,-4.282109333,0,0,0,0,0
1388,1789388669041701630,41568094241904,-1.318315572e-05,1,1,0,0.7177416682,1,1,0,0,0,0,-1,0.5,0,0,1000000000,0,1,1,0,0,0,0,0,0,0,0,0,-4.512089774,-4.282109333,0,0,0,0,0
1389,1789388669051703001,41568104243277,-0.0001371964318,1,1,0,0.7177416682,1,1,0,0,0,0,-1,0.5,0,0,1000000000,0,1,1,0,0,0,0,0,0,0,0,0,-4.512089774,-4.282109333,0,0,0,0,0
1390,1789388669061699479,41568114239758,-0.0001004261358,1,1,0,0.7177416682,1,1,0,0,0,0,-1,0.5,0,0,1000000000,0,1,1,0,0,0,0,0,0,0,0,0,-4.512089774,-4.282109333,0,0,0,0,0
1391,1789388669071704208,41568124244479,-5.239807797e-05,1,1,0,0.7177416682,1,1,0,0,0,0,-1,0.5,0,0,1000000000,0,1,1,0,0,0,0,0,0,0,0,0,-4.512089774,-4.282109333,0,0,0,0,0
1392,1789388669081717699,41568134257971,4.435055962e-05,1,1,0,0.7177416682,1,1,0,0,0,0,-1,0.5,0,0,1000000000,0,1,1,0,0,0,0,0,0,0,0,0,-4.512089774,-4.282109333,0,0,0,0,0
1393,1789388669091710879,41568144251150,0.0001394759456,1,1,0,0.7177416682,1,1,0,0,0,0,-1,0.5,0,0,1000000000,0,1,1,0,0,0,0,0,0,0,0,0,-4.512089774,-4.282109333,0,0,0,0,0
1394,1789388669101700687,41568154240963,4.743855243e-05,1,1,0,0.7177416682,1,1,1,0,0,0,-1,0.5,0,0,1000000000,0,1,1,0,0,0,0,0,0,0,0,0,-4.512089774,-4.282109333,0,0,0,0,0
1395,1789388669111707716,41568164247991,-0.0001165296489,1,1,0,0.7177416682,1,1,0,0,0,0,-1,0.5,0,0,1000000000,0,1,1,0,0,0,0,0,0,0,0,0,-4.512089774,-4.282109333,0,0,0,0,0
1396,1789388669121714222,41568174254497,-0.0002809682628,1,1,0,0.7177416682,1,1,0,0,0,0,-1,0.5,0,0,1000000000,0,1,1,0,0,0,0,0,0,0,0,0,-4.512089774,-4.282109333,0,0,0,0,0
1397,1789388669131700708,41568184240980,-0.0002237925219,1,1,0,0.7177416682,1,1,0,0,0,0,-1,0.5,0,0,1000000000,0,1,1,0,0,0,0,0,0,0,0,0,-4.512089774,-4.282109333,0,0,0,0,0
1398,1789388669141703661,41568194243936,-7.164055569e-05,1,1,0,0.7163657546,1,1,0,0,0,0,-1,0.5,0,0,1000000000,0,1,1,0,0,0,0,0,0,0,0,0,-4.512089774,-4.282109333,0,0,0,0,0
1399,1789388669151761892,41568204302168,0.0001045889003,1,1,0,0.7163657546,1,1,0,0,0,0,-1,0.5,0,0,1000000000,0,1,1,0,0,0,0,0,0,0,0,0,-4.512089774,-4.282109333,0,0,0,0,0
1400,1789388669161723397,41568214263674,0.0001270027569,1,1,0,0.7163657546,1,1,0,0,0,0,-1,0.5,0,0,1000000000,0,1,1,0,0,0,0,0,0,0,0,0,-4.512089774,-4.282109333,0,0,0,0,0
1401,1789388669171720412,41568224260682,-3.496867066e-05,1,1,0,0.7163657546,1,1,0,0,0,0,-1,0.5,0,0,1000000000,0,1,1,0,0,0,0,0,0,0,0,0,-4.512089774,-4.282109333,0,0,0,0,0
1402,1789388669181738081,41568234278349,-0.0001617391681,1,1,0,0.7163657546,1,1,0,0,0,0,-1,0.5,0,0,1000000000,0,1,1,0,0,0,0,0,0,0,0,0,-4.512089774,-4.282109333,0,0,0,0,0
1403,1789388669191730340,41568244270605,-4.180230098e-05,1,1,0,0.7163657546,1,1,0,0,0,0,-1,0.5,0,0,1000000000,0,1,1,0,0,0,0,0,0,0,0,0,-4.512089774,-4.282109333,0,0,0,0,0
1404,1789388669201705156,41568254245429,0.0001336535352,1,1,0,0.7163657546,1,1,1,0,0,0,-1,0.5,0,0,1000000000,0,1,1,0,0,0,0,0,0,0,0,0,-4.512089774,-4.282109333,0,0,0,0,0
1405,1789388669211716993,41568264257268,0.0002375846962,1,1,0,0.7163657546,1,1,0,0,0,0,-1,0.5,0,0,1000000000,0,1,1,0,0,0,0,0,0,0,0,0,-4.512089774,-4.282109333,0,0,0,0,0
1406,1789388669221724142,41568274264416,0.0001411819685,1,1,0,0.7163657546,1,1,0,0,0,0,-1,0.5,0,0,1000000000,0,1,1,0,0,0,0,0,0,0,0,0,-4.512089774,-4.282109333,0,0,0,0,0
1407,1789388669231748443,41568284288716,-4.608909512e-05,1,1,0,0.7163657546,1,1,0,0,0,0,-1,0.5,0,0,1000000000,0,1,1,0,0,0,0,0,0,0,0,0,-4.512089774,-4.282109333,0,0,0,0,0
1408,1789388669241702145,41568294242418,-0.0002254189458,1,1,0,0.7210607529,1,1,0,0,0,0,-1,0.5,0,0,1000000000,0,1,1,0,0,0,0,0,0,0,0,0,-4.512089774,-4.282109333,0,0,0,0,0
1409,1789388669251723655,41568304263931,-0.0001842793281,1,1,0,0.7210607529,1,1,0,0,0,0,-1,0.5,0,0,1000000000,0,1,1,0,0,0,0,0,0,0,0,0,-4.512089774,-4.282109333,0,0,0,0,0
1410,1789388669261714250,41568314254519,-9.50204776e-06,1,1,0,0.7210607529,1,1,0,0,0,0,-1,0.5,0,0,1000000000,0,1,1,0,0,0,0,0,0,0,0,0,-4.512089774,-4.282109333,0,0,0,0,0
1411,1789388669271715488,41568324255749,0.0002377436467,1,1,0,0.7210607529,1,1,0,0,0,0,-1,0.5,0,0,1000000000,0,1,1,0,0,0,0,0,0,0,0,0,-4.512089774,-4.282109333,0,0,0,0,0
1412,1789388669281718835,41568334259101,0.0003364158038,1,1,0,0.7210607529,1,1,0,0,0,0,-1,0.5,0,0,1000000000,0,1,1,0,0,0,0,0,0,0,0,0,-4.512089774,-4.282109333,0,0,0,0,0
1413,1789388669291748174,41568344288446,0.0001635740336,1,1,0,0.7210607529,1,1,0,0,0,0,-1,0.5,0,0,1000000000,0,1,1,0,0,0,0,0,0,0,0,0,-4.512089774,-4.282109333,0,0,0,0,0
1414,1789388669301719082,41568354259352,-6.064382774e-07,1,1,0,0.7210607529,1,1,1,0,0,0,-1,0.5,0,0,1000000000,0,1,1,0,0,0,0,0,0,0,0,0,-4.512089774,-4.282109333,0,0,0,0,0
1415,1789388669311722580,41568364262850,-0.0001837008313,1,1,0,0.7210607529,1,1,0,0,0,0,-1,0.5,0,0,1000000000,0,1,1,0,0,0,0,0,0,0,0,0,-4.512089774,-4.282109333,0,0,0,0,0
1416,1789388669321721811,41568374262088,-0.0001823031635,1,1,0,0.7210607529,1,1,0,0,0,0,-1,0.5,0,0,1000000000,0,1,1,0,0,0,0,0,0,0,0,0,-4.512089774,-4.282109333,0,0,0,0,0
1417,1789388669331725450,41568384265712,-8.394766155e-06,1,1,0,0.7210607529,1,1,0,0,0,0,-1,0.5,0,0,1000000000,0,1,1,0,0,0,0,0,0,0,0,0,-4.512089774,-4.282109333,0,0,0,0,0
1418,1789388669341715533,41568394255809,0.0002290930133,1,1,0,0.7094910145,1,1,0,0,0,0,-1,0.5,0,0,1000000000,0,1,1,0,0,0,0,0,0,0,0,0,-4.512089774,-4.282109333,0,0,0,0,0
1419,1789388669351720188,41568404260463,0.0002854870399,1,1,0,0.7094910145,1,1,0,0,0,0,-1,0.5,0,0,1000000000,0,1,1,0,0,0,0,0,0,0,0,0,-4.512089774,-4.282109333,0,0,0,0,0
1420,1789388669361712221,41568414252477,0.0001691000798,1,1,0,0.7094910145,1,1,0,0,0,0,-1,0.5,0,0,1000000000,0,1,1,0,0,0,0,0,0,0,0,0,-4.512089774,-4.282109333,0,0,0,0,0
1421,1789388669371714642,41568424254904,-8.665724636e-06,1,1,0,0.7094910145,1,1,0,0,0,0,-1,0.5,0,0,1000000000,0,1,1,0,0,0,0,0,0,0,0,0,-4.512089774,-4.282109333,0,0,0,0,0
1422,1789388669381730742,41568434270879,-0.0001820265315,1,1,0,0.7094910145,1,1,0,0,0,0,-1,0.5,0,0,1000000000,0,1,1,0,0,0,0,0,0,0,0,0,-4.512089774,-4.282109333,0,0,0,0,0
1423,1789388669391730334,41568444270589,-0.00014937183,1,1,0,0.7094910145,1,1,0,0,0,0,-1,0.5,0,0,1000000000,0,1,1,0,0,0,0,0,0,0,0,0,-4.512089774,-4.282109333,0,0,0,0,0
1424,1789388669401717595,41568454257859,9.523274639e-05,1,1,0,0.7094910145,1,1,1,0,0,0,-1,0.5,0,0,1000000000,0,1,1,0,0,0,0,0,0,0,0,0,-4.512089774,-4.282109333,0,0,0,0,0
1425,1789388669411712227,41568464252498,0.0003323661222,1,1,0,0.7094910145,1,1,0,0,0,0,-1,0.5,0,0,1000000000,0,1,1,0,0,0,0,0,0,0,0,0,-4.512089774,-4.282109333,0,0,0,0,0
1426,1789388669421902684,41568474442959,0.000407816493,1,1,0,0.7094910145,1,1,0,0,0,0,-1,0.5,0,0,1000000000,0,1,1,0,0,0,0,0,0,0,0,0,-4.512089774,-4.282109333,0,0,0,0,0
1427,1789388669431730751,41568484270981,0.0002200533927,1,1,0,0.7094910145,1,1,0,0,0,0,-1,0.5,0,0,1000000000,0,1,1,0,0,0,0,0,0,0,0,0,-4.512089774,-4.282109333,0,0,0,0,0
1428,1789388669441712111,41568494252387,5.128010889e-05,1,1,0,0.7142434716,1,1,0,0,0,0,-1,0.5,0,0,1000000000,0,1,1,0,0,0,0,0,0,0,0,0,-4.512089774,-4.282109333,0,0,0,0,0
1429,1789388669451695628,41568504235905,5.008899461e-05,1,1,0,0.7142434716,1,1,0,0,0,0,-1,0.5,0,0,1000000000,0,1,1,0,0,0,0,0,0,0,0,0,-4.512089774,-4.282109333,0,0,0,0,0
1430,1789388669461712739,41568514253011,2.003981717e-05,1,1,0,0.7142434716,1,1,0,0,0,0,-1,0.5,0,0,1000000000,0,1,1,0,0,0,0,0,0,0,0,0,-4.512089774,-4.282109333,0,0,0,0,0
1431,1789388669471701320,41568524241595,0.0001758592116,1,1,0,0.7142434716,1,1,0,0,0,0,-1,0.5,0,0,1000000000,0,1,1,0,0,0,0,0,0,0,0,0,-4.512089774,-4.282109333,0,0,0,0,0
1432,1789388669481702368,41568534242636,0.0001578099909,1,1,0,0.7142434716,1,1,0,0,0,0,-1,0.5,0,0,1000000000,0,1,1,0,0,0,0,0,0,0,0,0,-4.512089774,-4.282109333,0,0,0,0,0
1433,1789388669491768955,41568544309228,4.441349301e-05,1,1,0,0.7142434716,1,1,0,0,0,0,-1,0.5,0,0,1000000000,0,1,1,0,0,0,0,0,0,0,0,0,-4.512089774,-4.282109333,0,0,0,0,0
1434,1789388669501705275,41568554245548,-3.911466047e-05,1,1,0,0.7142434716,1,1,1,0,0,0,-1,0.5,0,0,1000000000,0,1,1,0,0,0,0,0,0,0,0,0,-4.512089774,-4.282109333,0,0,0,0,0
1435,1789388669511726629,41568564266766,-5.662833792e-05,1,1,0,0.7142434716,1,1,0,0,0,0,-1,0.5,0,0,1000000000,0,1,1,0,0,0,0,0,0,0,0,0,-4.512089774,-4.282109333,0,0,0,0,0
1436,1789388669521718664,41568574258922,-4.71490348e-05,1,1,0,0.7142434716,1,1,0,0,0,0,-1,0.5,0,0,1000000000,0,1,1,0,0,0,0,0,0,0,0,0,-4.512089774,-4.282109333,0,0,0,0,0
1437,1789388669531721158,41568584261434,0.0001007261963,1,1,0,0.7162749171,1,1,0,0,0,0,-1,0.5,0,0,1000000000,0,1,1,0,0,0,0,0,0,0,0,0,-4.512089774,-4.282109333,0,0,0,0,0
1438,1789388669541720972,41568594261247,0.000209955484,1,1,0,0.7162749171,1,1,0,0,0,0,-1,0.5,0,0,1000000000,0,1,1,0,0,0,0,0,0,0,0,0,-4.512089774,-4.282109333,0,0,0,0,0
1439,1789388669551730144,41568604270409,9.871531074e-05,1,1,0,0.7162749171,1,1,0,0,0,0,-1,0.5,0,0,1000000000,0,1,1,0,0,0,0,0,0,0,0,0,-4.512089774,-4.282109333,0,0,0,0,0
1440,1789388669561717581,41568614257849,-9.952717664e-05,1,1,0,0.7162749171,1,1,0,0,0,0,-1,0.5,0,0,1000000000,0,1,1,0,0,0,0,0,0,0,0,0,-4.512089774,-4.282109333,0,0,0,0,0
1441,1789388669571713518,41568624253788,-0.0002799617359,1,1,0,0.7162749171,1,1,0,0,0,0,-1,0.5,0,0,1000000000,0,1,1,0,0,0,0,0,0,0,0,0,-4.512089774,-4.282109333,0,0,0,0,0
1442,1789388669581727718,41568634267993,-0.0002166665217,1,1,0,0.7162749171,1,1,0,0,0,0,-1,0.5,0,0,1000000000,0,1,1,0,0,0,0,0,0,0,0,0,-4.512089774,-4.282109333,0,0,0,0,0
1443,1789388669591738166,41568644278420,-4.031878234e-06,1,1,0,0.7162749171,1,1,0,0,0,0,-1,0.5,0,0,1000000000,0,1,1,0,0,0,0,0,0,0,0,0,-4.512089774,-4.282109333,0,0,0,0,0
1444,1789388669601728506,41568654268757,0.0001863052748,1,1,0,0.7162749171,1,1,1,0,0,0,-1,0.5,0,0,1000000000,0,1,1,0,0,0,0,0,0,0,0,0,-4.512089774,-4.282109333,0,0,0,0,0
1445,1789388669611719730,41568664259999,0.0002478219394,1,1,0,0.7162749171,1,1,0,0,0,0,-1,0.5,0,0,1000000000,0,1,1,0,0,0,0,0,0,0,0,0,-4.512089774,-4.282109333,0,0,0,0,0
1446,1789388669621719853,41568674260130,7.613938214e-05,1,1,0,0.7162749171,1,1,0,0,0,0,-1,0.5,0,0,1000000000,0,1,1,0,0,0,0,0,0,0,0,0,-4.512089774,-4.282109333,0,0,0,0,0
1447,1789388669631826741,41568684367016,-0.000150500724,1,1,0,0.7162749171,1,1,0,0,0,0,-1,0.5,0,0,1000000000,0,1,1,0,0,0,0,0,0,0,0,0,-4.512089774,-4.282109333,0,0,0,0,0
1448,1789388669641706440,41568694246716,-0.0002331203577,1,1,0,0.7188004255,1,1,0,0,0,0,-1,0.5,0,0,1000000000,0,1,1,0,0,0,0,0,0,0,0,0,-4.512089774,-4.282109333,0,0,0,0,0
1449,1789388669651727416,41568704267679,-6.369349285e-05,1,1,0,0.7188004255,1,1,0,0,0,0,-1,0.5,0,0,1000000000,0,1,1,0,0,0,0,0,0,0,0,0,-4.512089774,-4.282109333,0,0,0,0,0
1450,1789388669661716716,41568714256982,0.0001103302566,1,1,0,0.7188004255,1,1,0,0,0,0,-1,0.5,0,0,1000000000,0,1,1,0,0,0,0,0,0,0,0,0,-4.512089774,-4.282109333,0,0,0,0,0
1451,1789388669671833732,41568724374006,0.0001755657286,1,1,0,0.7188004255,1,1,0,0,0,0,-1,0.5,0,0,1000000000,0,1,1,0,0,0,0,0,0,0,0,0,-4.512089774,-4.282109333,0,0,0,0,0
1452,1789388669681724820,41568734264916,0.0002079060796,1,1,0,0.7188004255,1,1,0,0,0,0,-1,0.5,0,0,1000000000,0,1,1,0,0,0,0,0,0,0,0,0,-4.512089774,-4.282109333,0,0,0,0,0
1453,1789388669691715371,41568744255644,-3.536963413e-05,1,1,0,0.7188004255,1,1,0,0,0,0,-1,0.5,0,0,1000000000,0,1,1,0,0,0,0,0,0,0,0,0,-4.512089774,-4.282109333,0,0,0,0,0
1454,1789388669701709394,41568754249667,-0.0002888733579,1,1,0,0.7188004255,1,1,1,0,0,0,-1,0.5,0,0,1000000000,0,1,1,0,0,0,0,0,0,0,0,0,-4.512089774,-4.282109333,0,0,0,0,0
1455,1789388669711710589,41568764250870,-0.0002936426026,1,1,0,0.7188004255,1,1,0,0,0,0,-1,0.5,0,0,1000000000,0,1,1,0,0,0,0,0,0,0,0,0,-4.512089774,-4.282109333,0,0,0,0,0
1456,1789388669721713696,41568774253871,-9.908610082e-05,1,1,0,0.7188004255,1,1,0,0,0,0,-1,0.5,0,0,1000000000,0,1,1,0,0,0,0,0,0,0,0,0,-4.512089774,-4.282109333,0,0,0,0,0
1457,1789388669731728100,41568784268374,0.0001664802985,1,1,0,0.7188004255,1,1,0,0,0,0,-1,0.5,0,0,1000000000,0,1,1,0,0,0,0,0,0,0,0,0,-4.512089774,-4.282109333,0,0,0,0,0
1458,1789388669741715393,41568794255660,0.0002248748788,1,1,0,0.7253681421,1,1,0,0,0,0,-1,0.5,0,0,1000000000,0,1,1,0,0,0,0,0,0,0,0,0,-4.512089774,-4.282109333,0,0,0,0,0
1459,1789388669751713762,41568804254030,6.887217751e-05,1,1,0,0.7253681421,1,1,0,0,0,0,-1,0.5,0,0,1000000000,0,1,1,0,0,0,0,0,0,0,0,0,-4.512089774,-4.282109333,0,0,0,0,0
1460,1789388669761712225,41568814252500,-9.053205576e-05,1,1,0,0.7253681421,1,1,0,0,0,0,-1,0.5,0,0,1000000000,0,1,1,0,0,0,0,0,0,0,0,0,-4.512089774,-4.282109333,0,0,0,0,0
1461,1789388669771753415,41568824293507,-0.0002823296527,1,1,0,0.7253681421,1,1,0,0,0,0,-1,0.5,0,0,1000000000,0,1,1,0,0,0,0,0,0,0,0,0,-4.512089774,-4.282109333,0,0,0,0,0
1462,1789388669781763380,41568834303651,-0.0001358459267,1,1,0,0.7253681421,1,1,0,0,0,0,-1,0.5,0,0,1000000000,0,1,1,0,0,0,0,0,0,0,0,0,-4.512089774,-4.282109333,0,0,0,0,0
1463,1789388669791733722,41568844273829,4.682252984e-05,1,1,0,0.7253681421,1,1,0,0,0,0,-1,0.5,0,0,1000000000,0,1,1,0,0,0,0,0,0,0,0,0,-4.512089774,-4.282109333,0,0,0,0,0
1464,1789388669801749160,41568854289435,0.0002138186392,1,1,0,0.7253681421,1,1,1,0,0,0,-1,0.5,0,0,1000000000,0,1,1,0,0,0,0,0,0,0,0,0,-4.512089774,-4.282109333,0,0,0,0,0
1465,1789388669811712186,41568864252459,0.000198967944,1,1,0,0.7253681421,1,1,0,0,0,0,-1,0.5,0,0,1000000000,0,1,1,0,0,0,0,0,0,0,0,0,-4.512089774,-4.282109333,0,0,0,0,0
1466,1789388669821705768,41568874246043,9.651803703e-05,1,1,0,0.7253681421,1,1,0,0,0,0,-1,0.5,0,0,1000000000,0,1,1,0,0,0,0,0,0,0,0,0,-4.512089774,-4.282109333,0,0,0,0,0
1467,1789388669831721983,41568884262256,-4.71188614e-05,1,1,0,0.7253681421,1,1,0,0,0,0,-1,0.5,0,0,1000000000,0,1,1,0,0,0,0,0,0,0,0,0,-4.512089774,-4.282109333,0,0,0,0,0
1468,1789388669841703538,41568894243789,-0.0001772014366,1,1,0,0.7173200846,1,1,0,0,0,0,-1,0.5,0,0,1000000000,0,1,1,0,0,0,0,0,0,0,0,0,-4.512089774,-4.282109333,0,0,0,0,0
1469,1789388669851697795,41568904238045,-0.0001023013683,1,1,0,0.7173200846,1,1,0,0,0,0,-1,0.5,0,0,1000000000,0,1,1,0,0,0,0,0,0,0,0,0,-4.512089774,-4.282109333,0,0,0,0,0
1470,1789388669861706045,41568914246321,0.0001181346961,1,1,0,0.7173200846,1,1,0,0,0,0,-1,0.5,0,0,1000000000,0,1,1,0,0,0,0,0,0,0,0,0,-4.512089774,-4.282109333,0,0,0,0,0
1471,1789388669871713397,41568924253674,0.0002923192806,1,1,0,0.7173200846,1,1,0,0,0,0,-1,0.5,0,0,1000000000,0,1,1,0,0,0,0,0,0,0,0,0,-4.512089774,-4.282109333,0,0,0,0,0
1472,1789388669881706686,41568934246960,0.0002222271287,1,1,0,0.7173200846,1,1,0,0,0,0,-1,0.5,0,0,1000000000,0,1,1,0,0,0,0,0,0,0,0,0,-4.512089774,-4.263556,0,0,0,0,0
1473,1789388669891699355,41568944239627,2.303043584e-05,1,1,0,0.7173200846,1,1,0,0,0,0,-1,0.5,0,0,1000000000,0,1,1,0,0,0,0,0,0,0,0,0,-4.512089774,-4.263556,0,0,0,0,0
1474,1789388669901707362,41568954247634,-0.0001711292425,1,1,0,0.7173200846,1,1,1,0,0,0,-1,0.5,0,0,1000000000,0,1,1,0,0,0,0,0,0,0,0,0,-4.512089774,-4.263556,0,0,0,0,0
1475,1789388669911715906,41568964256183,-0.0002231246908,1,1,0,0.7173200846,1,1,0,0,0,0,-1,0.5,0,0,1000000000,0,1,1,0,0,0,0,0,0,0,0,0,-4.512089774,-4.263556,0,0,0,0,0
1476,1789388669921713123,41568974253395,-4.482748773e-05,1,1,0,0.7173200846,1,1,0,0,0,0,-1,0.5,0,0,1000000000,0,1,1,0,0,0,0,0,0,0,0,0,-4.512089774,-4.263556,0,0,0,0,0
1477,1789388669931715186,41568984255462,0.0001911333529,1,1,0,0.7235711217,1,1,0,0,0,0,-1,0.5,0,0,1000000000,0,1,1,0,0,0,0,0,0,0,0,0,-4.512089774,-4.263556,0,0,0,0,0
1478,1789388669941742361,41568994282636,0.0002876371727,1,1,0,0.7235711217,1,1,0,0,0,0,-1,0.5,0,0,1000000000,0,1,1,0,0,0,0,0,0,0,0,0,-4.512089774,-4.263556,0,0,0,0,0
1479,1789388669951743885,41569004284158,0.0001257088879,1,1,0,0.7235711217,1,1,0,0,0,0,-1,0.5,0,0,1000000000,0,1,1,0,0,0,0,0,0,0,0,0,-4.512089774,-4.263556,0,0,0,0,0
1480,1789388669961713371,41569014253649,-0.0001192912532,1,1,0,0.7235711217,1,1,0,0,0,0,-1,0.5,0,0,1000000000,0,1,1,0,0,0,0,0,0,0,0,0,-4.512089774,-4.263556,0,0,0,0,0
1481,1789388669971717228,41569024257489,-0.0001885112433,1,1,0,0.7235711217,1,1,0,0,0,0,-1,0.5,0,0,1000000000,0,1,1,0,0,0,0,0,0,0,0,0,-4.512089774,-4.263556,0,0,0,0,0
1482,1789388669981725318,41569034265583,-0.0002459249226,1,1,0,0.7235711217,1,1,0,0,0,0,-1,0.5,0,0,1000000000,0,1,1,0,0,0,0,0,0,0,0,0,-4.512089774,-4.282109333,0,0,0,0,0
1483,1789388669991734228,41569044274495,-3.27630587e-05,1,1,0,0.7235711217,1,1,0,0,0,0,-1,0.5,0,0,1000000000,0,1,1,0,0,0,0,0,0,0,0,0,-4.512089774,-4.282109333,0,0,0,0,0
1484,1789388670001709921,41569054250187,0.0002362022351,1,1,0,0.7235711217,1,1,1,0,0,0,-1,0.5,0,0,1000000000,0,1,1,0,0,0,0,0,0,0,0,0,-4.512089774,-4.282109333,0,0,0,0,0
1485,1789388670011710193,41569064250392,0.0002532365033,1,1,0,0.7235711217,1,1,0,0,0,0,-1,0.5,0,0,1000000000,0,1,1,0,0,0,0,0,0,0,0,0,-4.512089774,-4.282109333,0,0,0,0,0
1486,1789388670021723803,41569074264082,6.176152237e-05,1,1,0,0.7235711217,1,1,0,0,0,0,-1,0.5,0,0,1000000000,0,1,1,0,0,0,0,0,0,0,0,0,-4.512089774,-4.282109333,0,0,0,0,0
1487,1789388670031718010,41569084258286,-0.000176101792,1,1,0,0.7235711217,1,1,0,0,0,0,-1,0.5,0,0,1000000000,0,1,1,0,0,0,0,0,0,0,0,0,-4.512089774,-4.282109333,0,0,0,0,0
1488,1789388670041824051,41569094364328,-0.0002262832277,1,1,0,0.7233006954,1,1,0,0,0,0,-1,0.5,0,0,1000000000,0,1,1,0,0,0,0,0,0,0,0,0,-4.512089774,-4.282109333,0,0,0,0,0
1489,1789388670051721997,41569104262267,-0.0002636021527,1,1,0,0.7233006954,1,1,0,0,0,0,-1,0.5,0,0,1000000000,0,1,1,0,0,0,0,0,0,0,0,0,-4.512089774,-4.282109333,0,0,0,0,0
1490,1789388670061715521,41569114255794,-2.780170871e-05,1,1,0,0.7233006954,1,1,0,0,0,0,-1,0.5,0,0,1000000000,0,1,1,0,0,0,0,0,0,0,0,0,-4.512089774,-4.282109333,0,0,0,0,0
1491,1789388670071772629,41569124312907,0.0002138254204,1,1,0,0.7233006954,1,1,0,0,0,0,-1,0.5,0,0,1000000000,0,1,1,0,0,0,0,0,0,0,0,0,-4.512089774,-4.282109333,0,0,0,0,0
1492,1789388670081725374,41569134265646,0.0002535248059,1,1,0,0.7233006954,1,1,0,0,0,0,-1,0.5,0,0,1000000000,0,1,1,0,0,0,0,0,0,0,0,0,-4.512089774,-4.282109333,0,0,0,0,0
1493,1789388670091785228,41569144325497,5.964903175e-05,1,1,0,0.7233006954,1,1,0,0,0,0,-1,0.5,0,0,1000000000,0,1,1,0,0,0,0,0,0,0,0,0,-4.512089774,-4.282109333,0,0,0,0,0
1494,1789388670101701283,41569154241558,-0.0002156483679,1,1,0,0.7233006954,1,1,1,0,0,0,-1,0.5,0,0,1000000000,0,1,1,0,0,0,0,0,0,0,0,0,-4.512089774,-4.282109333,0,0,0,0,0
1495,1789388670111698190,41569164238466,-0.0002809162834,1,1,0,0.7233006954,1,1,0,0,0,0,-1,0.5,0,0,1000000000,0,1,1,0,0,0,0,0,0,0,0,0,-4.512089774,-4.282109333,0,0,0,0,0
1496,1789388670121710008,41569174250282,-0.0002585849725,1,1,0,0.7233006954,1,1,0,0,0,0,-1,0.5,0,0,1000000000,0,1,1,0,0,0,0,0,0,0,0,0,-4.512089774,-4.282109333,0,0,0,0,0
1497,1789388670131698211,41569184238487,-5.197985956e-05,1,1,0,0.7233006954,1,1,0,0,0,0,-1,0.5,0,0,1000000000,0,1,1,0,0,0,0,0,0,0,0,0,-4.512089774,-4.282109333,0,0,0,0,0
1498,1789388670141701124,41569194241406,0.0002237319131,1,1,0,0.7156763673,1,1,0,0,0,0,-1,0.5,0,0,1000000000,0,1,1,0,0,0,0,0,0,0,0,0,-4.512089774,-4.282109333,0,0,0,0,0
1499,1789388670151698031,41569204238306,0.0002564202587,1,1,0,0.7156763673,1,1,0,0,0,0,-1,0.5,0,0,1000000000,0,1,1,0,0,0,0,0,0,0,0,0,-4.512089774,-4.282109333,0,0,0,0,0
1500,1789388670161705380,41569214245654,4.871633791e-05,1,1,0,0.7156763673,1,1,0,0,0,0,-1,0.5,0,0,1000000000,0,1,1,0,0,0,0,0,0,0,0,0,-4.512089774,-4.282109333,0,0,0,0,0
1501,1789388670171707824,41569224248099,-0.0001786534267,1,1,0,0.7156763673,1,1,0,0,0,0,-1,0.5,0,0,1000000000,0,1,1,0,0,0,0,0,0,0,0,0,-4.512089774,-4.282109333,0,0,0,0,0
1502,1789388670181823399,41569234363579,-0.0002373485331,1,1,0,0.7156763673,1,1,0,0,0,0,-1,0.5,0,0,1000000000,0,1,1,0,0,0,0,0,0,0,0,0,-4.512089774,-4.282109333,0,0,0,0,0
1503,1789388670191708915,41569244249189,-0.0002327170514,1,1,0,0.7156763673,1,1,0,0,0,0,-1,0.5,0,0,1000000000,0,1,1,0,0,0,0,0,0,0,0,0,-4.512089774,-4.282109333,0,0,0,0,0
1504,1789388670201700869,41569254241138,-3.055281195e-05,1,1,0,0.7156763673,1,1,1,0,0,0,-1,0.5,0,0,1000000000,0,1,1,0,0,0,0,0,0,0,0,0,-4.512089774,-4.282109333,0,0,0,0,0
1505,1789388670211699522,41569264239798,0.0002027139126,1,1,0,0.7156763673,1,1,0,0,0,0,-1,0.5,0,0,1000000000,0,1,1,0,0,0,0,0,0,0,0,0,-4.512089774,-4.282109333,0,0,0,0,0
1506,1789388670221704768,41569274245043,0.0002360751241,1,1,0,0.7156763673,1,1,0,0,0,0,-1,0.5,0,0,1000000000,0,1,1,0,0,0,0,0,0,0,0,0,-4.512089774,-4.282109333,0,0,0,0,0
1507,1789388670231724997,41569284265272,4.233553773e-05,1,1,0,0.7156763673,1,1,0,0,0,0,-1,0.5,0,0,1000000000,0,1,1,0,0,0,0,0,0,0,0,0,-4.512089774,-4.282109333,0,0,0,0,0
1508,1789388670241707280,41569294247552,-0.000152097622,1,1,0,0.7149002552,1,1,0,0,0,0,-1,0.5,0,0,1000000000,0,1,1,0,0,0,0,0,0,0,0,0,-4.512089774,-4.282109333,0,0,0,0,0
1509,1789388670251706144,41569304246418,-0.0002049078757,1,1,0,0.7149002552,1,1,0,0,0,0,-1,0.5,0,0,1000000000,0,1,1,0,0,0,0,0,0,0,0,0,-4.512089774,-4.282109333,0,0,0,0,0
1510,1789388670261710534,41569314250808,-0.0001672457438,1,1,0,0.7149002552,1,1,0,0,0,0,-1,0.5,0,0,1000000000,0,1,1,0,0,0,0,0,0,0,0,0,-4.512089774,-4.282109333,0,0,0,0,0
1511,1789388670271706979,41569324247253,5.060601325e-05,1,1,0,0.7149002552,1,1,0,0,0,0,-1,0.5,0,0,1000000000,0,1,1,0,0,0,0,0,0,0,0,0,-4.512089774,-4.282109333,0,0,0,0,0
1512,1789388670281700958,41569334241230,0.0003114788269,1,1,0,0.7149002552,1,1,0,0,0,0,-1,0.5,0,0,1000000000,0,1,1,0,0,0,0,0,0,0,0,0,-4.512089774,-4.282109333,0,0,0,0,0
1513,1789388670291824646,41569344364917,0.0003605634556,1,1,0,0.7149002552,1,1,0,0,0,0,-1,0.5,0,0,1000000000,0,1,1,0,0,0,0,0,0,0,0,0,-4.512089774,-4.282109333,0,0,0,0,0
1514,1789388670301701996,41569354242269,9.889332432e-05,1,1,0,0.7149002552,1,1,1,0,0,0,-1,0.5,0,0,1000000000,0,1,1,0,0,0,0,0,0,0,0,0,-4.512089774,-4.282109333,0,0,0,0,0
1515,1789388670311723180,41569364263434,-0.0001755992707,1,1,0,0.7149002552,1,1,0,0,0,0,-1,0.5,0,0,1000000000,0,1,1,0,0,0,0,0,0,0,0,0,-4.512089774,-4.282109333,0,0,0,0,0
1516,1789388670321722258,41569374262534,-0.0002347425034,1,1,0,0.7149002552,1,1,0,0,0,0,-1,0.5,0,0,1000000000,0,1,1,0,0,0,0,0,0,0,0,0,-4.512089774,-4.282109333,0,0,0,0,0
1517,1789388670331716560,41569384256836,-2.375963777e-05,1,1,0,0.7149002552,1,1,0,0,0,0,-1,0.5,0,0,1000000000,0,1,1,0,0,0,0,0,0,0,0,0,-4.512089774,-4.282109333,0,0,0,0,0
1518,1789388670341719281,41569394259558,0.0001802735642,1,1,0,0.7084151506,1,1,0,0,0,0,-1,0.5,0,0,1000000000,0,1,1,0,0,0,0,0,0,0,0,0,-4.512089774,-4.282109333,0,0,0,0,0
1519,1789388670351718580,41569404258856,0.000376233831,1,1,0,0.7084151506,1,1,0,0,0,0,-1,0.5,0,0,1000000000,0,1,1,0,0,0,0,0,0,0,0,0,-4.512089774,-4.282109333,0,0,0,0,0
1520,1789388670361720999,41569414261279,0.0002174485853,1,1,0,0.7084151506,1,1,0,0,0,0,-1,0.5,0,0,1000000000,0,1,1,0,0,0,0,0,0,0,0,0,-4.512089774,-4.282109333,0,0,0,0,0
1521,1789388670371706867,41569424247144,3.843628656e-05,1,1,0,0.7084151506,1,1,0,0,0,0,-1,0.5,0,0,1000000000,0,1,1,0,0,0,0,0,0,0,0,0,-4.512089774,-4.282109333,0,0,0,0,0
1522,1789388670381733461,41569434273723,-0.0001367107616,1,1,0,0.7084151506,1,1,0,0,0,0,-1,0.5,0,0,1000000000,0,1,1,0,0,0,0,0,0,0,0,0,-4.512089774,-4.282109333,0,0,0,0,0
1523,1789388670391746081,41569444286343,-0.0001312554086,1,1,0,0.7084151506,1,1,0,0,0,0,-1,0.5,0,0,1000000000,0,1,1,0,0,0,0,0,0,0,0,0,-4.512089774,-4.282109333,0,0,0,0,0
1524,1789388670401722123,41569454262381,-2.870610842e-05,1,1,0,0.7084151506,1,1,1,0,0,0,-1,0.5,0,0,1000000000,0,1,1,0,0,0,0,0,0,0,0,0,-4.512089774,-4.282109333,0,0,0,0,0
1525,1789388670411715506,41569464255776,-2.870610842e-05,1,1,0,0.7084151506,1,1,0,0,0,0,-1,0.5,0,0,1000000000,0,1,1,0,0,0,0,0,0,0,0,0,-4.512089774,-4.282109333,0,0,0,0,0
1526,1789388670421717607,41569474257885,-2.870610842e-05,1,1,0,0.7084151506,1,1,0,0,0,0,-1,0.5,0,0,1000000000,0,1,1,0,0,0,0,0,0,0,0,0,-4.512089774,-4.282109333,0,0,0,0,0
1527,1789388670431714487,41569484254753,0.0002010020835,1,1,0,0.7084151506,1,1,0,0,0,0,-1,0.5,0,0,1000000000,0,1,1,0,0,0,0,0,0,0,0,0,-4.512089774,-4.282109333,0,0,0,0,0
1528,1789388670441715205,41569494255479,0.00012896517,1,1,0,0.7136542201,1,1,0,0,0,0,-1,0.5,0,0,1000000000,0,1,1,0,0,0,0,0,0,0,0,0,-4.512089774,-4.282109333,0,0,0,0,0
1529,1789388670451717945,41569504258221,-3.865071267e-05,1,1,0,0.7136542201,1,1,0,0,0,0,-1,0.5,0,0,1000000000,0,1,1,0,0,0,0,0,0,0,0,0,-4.512089774,-4.282109333,0,0,0,0,0
1530,1789388670461714601,41569514254882,-7.219397958e-05,1,1,0,0.7136542201,1,1,0,0,0,0,-1,0.5,0,0,1000000000,0,1,1,0,0,0,0,0,0,0,0,0,-4.512089774,-4.282109333,0,0,0,0,0
1531,1789388670471715033,41569524255311,-3.981991904e-05,1,1,0,0.7136542201,1,1,0,0,0,0,-1,0.5,0,0,1000000000,0,1,1,0,0,0,0,0,0,0,0,0,-4.512089774,-4.282109333,0,0,0,0,0
1532,1789388670481720755,41569534261019,0.0001146347204,1,1,0,0.7136542201,1,1,0,0,0,0,-1,0.5,0,0,1000000000,0,1,1,0,0,0,0,0,0,0,0,0,-4.512089774,-4.282109333,0,0,0,0,0
1533,1789388670491729121,41569544269385,0.0002463327546,1,1,0,0.7136542201,1,1,0,0,0,0,-1,0.5,0,0,1000000000,0,1,1,0,0,0,0,0,0,0,0,0,-4.512089774,-4.282109333,0,0,0,0,0
1534,1789388670501718981,41569554259228,0.0002441531396,1,1,0,0.7136542201,1,1,1,0,0,0,-1,0.5,0,0,1000000000,0,1,1,0,0,0,0,0,0,0,0,0,-4.512089774,-4.282109333,0,0,0,0,0
1535,1789388670511712064,41569564252330,4.975069533e-05,1,1,0,0.7136542201,1,1,0,0,0,0,-1,0.5,0,0,1000000000,0,1,1,0,0,0,0,0,0,0,0,0,-4.512089774,-4.282109333,0,0,0,0,0
1536,1789388670521773032,41569574313307,-0.0001107818825,1,1,0,0.7136542201,1,1,0,0,0,0,-1,0.5,0,0,1000000000,0,1,1,0,0,0,0,0,0,0,0,0,-4.512089774,-4.282109333,0,0,0,0,0
1537,1789388670531720031,41569584260300,-0.000101877311,1,1,0,0.7136542201,1,1,0,0,0,0,-1,0.5,0,0,1000000000,0,1,1,0,0,0,0,0,0,0,0,0,-4.512089774,-4.282109333,0,0,0,0,0
1538,1789388670541723968,41569594264244,-8.056790102e-05,1,1,0,0.7172442079,1,1,0,0,0,0,-1,0.5,0,0,1000000000,0,1,1,0,0,0,0,0,0,0,0,0,-4.512089774,-4.282109333,0,0,0,0,0
1539,1789388670551712963,41569604253240,4.251160863e-05,1,1,0,0.7172442079,1,1,0,0,0,0,-1,0.5,0,0,1000000000,0,1,1,0,0,0,0,0,0,0,0,0,-4.512089774,-4.282109333,0,0,0,0,0
1540,1789388670561717692,41569614257871,0.0001508232381,1,1,0,0.7172442079,1,1,0,0,0,0,-1,0.5,0,0,1000000000,0,1,1,0,0,0,0,0,0,0,0,0,-4.512089774,-4.282109333,0,0,0,0,0
1541,1789388670571716077,41569624256354,-4.730401633e-05,1,1,0,0.7172442079,1,1,0,0,0,0,-1,0.5,0,0,1000000000,0,1,1,0,0,0,0,0,0,0,0,0,-4.512089774,-4.282109333,0,0,0,0,0
1542,1789388670581737720,41569634277982,-0.0002884523419,1,1,0,0.7172442079,1,1,0,0,0,0,-1,0.5,0,0,1000000000,0,1,1,0,0,0,0,0,0,0,0,0,-4.512089774,-4.282109333,0,0,0,0,0
1543,1789388670591747927,41569644288196,-0.0003953709092,1,1,0,0.7172442079,1,1,0,0,0,0,-1,0.5,0,0,1000000000,0,1,1,0,0,0,0,0,0,0,0,0,-4.512089774,-4.282109333,0,0,0,0,0
1544,1789388670601770013,41569654310273,-0.0002017699881,1,1,0,0.7172442079,1,1,1,0,0,0,-1,0.5,0,0,1000000000,0,1,1,0,0,0,0,0,0,0,0,0,-4.512089774,-4.282109333,0,0,0,0,0
1545,1789388670611717725,41569664257981,1.793643969e-05,1,1,0,0.7172442079,1,1,0,0,0,0,-1,0.5,0,0,1000000000,0,1,1,0,0,0,0,0,0,0,0,0,-4.512089774,-4.282109333,0,0,0,0,0
1546,1789388670621721583,41569674261850,0.0001936304907,1,1,0,0.7172442079,1,1,0,0,0,0,-1,0.5,0,0,1000000000,0,1,1,0,0,0,0,0,0,0,0,0,-4.512089774,-4.282109333,0,0,0,0,0
1547,1789388670631823452,41569684363730,5.878221418e-05,1,1,0,0.7172442079,1,1,0,0,0,0,-1,0.5,0,0,1000000000,0,1,1,0,0,0,0,0,0,0,0,0,-4.512089774,-4.282109333,0,0,0,0,0
1548,1789388670641712992,41569694253268,-0.0001278016716,1,1,0,0.7248857021,1,1,0,0,0,0,-1,0.5,0,0,1000000000,0,1,1,0,0,0,0,0,0,0,0,0,-4.512089774,-4.282109333,0,0,0,0,0
1549,1789388670651765754,41569704306031,-0.0003038700379,1,1,0,0.7248857021,1,1,0,0,0,0,-1,0.5,0,0,1000000000,0,1,1,0,0,0,0,0,0,0,0,0,-4.512089774,-4.282109333,0,0,0,0,0
1550,1789388670661701209,41569714241485,-0.0002213637345,1,1,0,0.7248857021,1,1,0,0,0,0,-1,0.5,0,0,1000000000,0,1,1,0,0,0,0,0,0,0,0,0,-4.512089774,-4.282109333,0,0,0,0,0
1551,1789388670671769874,41569724309872,-7.28585801e-05,1,1,0,0.7248857021,1,1,0,0,0,0,-1,0.5,0,0,1000000000,0,1,1,0,0,0,0,0,0,0,0,0,-4.512089774,-4.282109333,0,0,0,0,0
1552,1789388670681718357,41569734258635,5.736045568e-05,1,1,0,0.7248857021,1,1,0,0,0,0,-1,0.5,0,0,1000000000,0,1,1,0,0,0,0,0,0,0,0,0,-4.512089774,-4.282109333,0,0,0,0,0
1553,1789388670691736082,41569744276354,5.406608761e-05,1,1,0,0.7248857021,1,1,0,0,0,0,-1,0.5,0,0,1000000000,0,1,1,0,0,0,0,0,0,0,0,0,-4.512089774,-4.282109333,0,0,0,0,0
1554,1789388670701707761,41569754248025,-1.468425398e-05,1,1,0,0.7248857021,1,1,1,0,0,0,-1,0.5,0,0,1000000000,0,1,1,0,0,0,0,0,0,0,0,0,-4.512089774,-4.282109333,0,0,0,0,0
1555,1789388670711707357,41569764247630,-8.592101221e-05,1,1,0,0.7248857021,1,1,0,0,0,0,-1,0.5,0,0,1000000000,0,1,1,0,0,0,0,0,0,0,0,0,-4.512089774,-4.282109333,0,0,0,0,0
1556,1789388670721897814,41569774438068,-0.0002227164368,1,1,0,0.7248857021,1,1,0,0,0,0,-1,0.5,0,0,1000000000,0,1,1,0,0,0,0,0,0,0,0,0,-4.512089774,-4.282109333,0,0,0,0,0
1557,1789388670731702709,41569784242983,-0.0002449620224,1,1,0,0.7248857021,1,1,0,0,0,0,-1,0.5,0,0,1000000000,0,1,1,0,0,0,0,0,0,0,0,0,-4.512089774,-4.282109333,0,0,0,0,0
1558,1789388670741704282,41569794244555,-0.0002079119731,1,1,0,0.7352563143,1,1,0,0,0,0,-1,0.5,0,0,1000000000,0,1,1,0,0,0,0,0,0,0,0,0,-4.512089774,-4.282109333,0,0,0,0,0
1559,1789388670751704618,41569804244893,-8.004849951e-05,1,1,0,0.7352563143,1,1,0,0,0,0,-1,0.5,0,0,1000000000,0,1,1,0,0,0,0,0,0,0,0,0,-4.512089774,-4.282109333,0,0,0,0,0
1560,1789388670761697861,41569814238136,-0.0001000518678,1,1,0,0.7352563143,1,1,0,0,0,0,-1,0.5,0,0,1000000000,0,1,1,0,0,0,0,0,0,0,0,0,-4.512089774,-4.282109333,0,0,0,0,0
1561,1789388670771709709,41569824249983,-7.570276648e-05,1,1,0,0.7352563143,1,1,0,0,0,0,-1,0.5,0,0,1000000000,0,1,1,0,0,0,0,0,0,0,0,0,-4.512089774,-4.282109333,0,0,0,0,0
1562,1789388670781715194,41569834255457,-0.0001805120264,1,1,0,0.7352563143,1,1,0,0,0,0,-1,0.5,0,0,1000000000,0,1,1,0,0,0,0,0,0,0,0,0,-4.512089774,-4.282109333,0,0,0,0,0
1563,1789388670791703490,41569844243763,-0.0001641842246,1,1,0,0.7352563143,1,1,0,0,0,0,-1,0.5,0,0,1000000000,0,1,1,0,0,0,0,0,0,0,0,0,-4.512089774,-4.282109333,0,0,0,0,0
1564,1789388670801704306,41569854244579,-0.0002391563612,1,1,0,0.7352563143,1,1,1,0,0,0,-1,0.5,0,0,1000000000,0,1,1,0,0,0,0,0,0,0,0,0,-4.512089774,-4.282109333,0,0,0,0,0
1565,1789388670811717212,41569864257476,-0.0001663518924,1,1,0,0.7352563143,1,1,0,0,0,0,-1,0.5,0,0,1000000000,0,1,1,0,0,0,0,0,0,0,0,0,-4.512089774,-4.282109333,0,0,0,0,0
1566,1789388670821720264,41569874260535,-0.000109097251,1,1,0,0.7352563143,1,1,0,0,0,0,-1,0.5,0,0,1000000000,0,1,1,0,0,0,0,0,0,0,0,0,-4.512089774,-4.282109333,0,0,0,0,0
1567,1789388670831717680,41569884257957,-5.184260954e-05,1,1,0,0.7352563143,1,1,0,0,0,0,-1,0.5,0,0,1000000000,0,1,1,0,0,0,0,0,0,0,0,0,-4.512089774,-4.282109333,0,0,0,0,0
1568,1789388670841814795,41569894355071,5.412028713e-06,1,1,0,0.720533669,1,1,0,0,0,0,-1,0.5,0,0,1000000000,0,1,1,0,0,0,0,0,0,0,0,0,-4.512089774,-4.282109333,0,0,0,0,0
1569,1789388670851709961,41569904250234,-3.200186484e-06,1,1,0,0.720533669,1,1,0,0,0,0,-1,0.5,0,0,1000000000,0,1,1,0,0,0,0,0,0,0,0,0,-4.512089774,-4.282109333,0,0,0,0,0
1570,1789388670861713207,41569914253479,-3.214782555e-05,1,1,0,0.720533669,1,1,0,0,0,0,-1,0.5,0,0,1000000000,0,1,1,0,0,0,0,0,0,0,0,0,-4.512089774,-4.282109333,0,0,0,0,0
1571,1789388670871719322,41569924259587,5.547723049e-05,1,1,0,0.720533669,1,1,0,0,0,0,-1,0.5,0,0,1000000000,0,1,1,0,0,0,0,0,0,0,0,0,-4.512089774,-4.282109333,0,0,0,0,0
1572,1789388670881717055,41569934257319,0.0001431022829,1,1,0,0.720533669,1,1,0,0,0,0,-1,0.5,0,0,1000000000,0,1,1,0,0,0,0,0,0,0,0,0,-4.512089774,-4.282109333,0,0,0,0,0
1573,1789388670891716068,41569944256344,0.0001603228739,1,1,0,0.720533669,1,1,0,0,0,0,-1,0.5,0,0,1000000000,0,1,1,0,0,0,0,0,0,0,0,0,-4.512089774,-4.282109333,0,0,0,0,0
1574,1789388670901699155,41569954239428,0.0001057680493,1,1,0,0.720533669,1,1,1,0,0,0,-1,0.5,0,0,1000000000,0,1,1,0,0,0,0,0,0,0,0,0,-4.512089774,-4.282109333,0,0,0,0,0
1575,1789388670911701051,41569964241323,-2.191188469e-05,1,1,0,0.720533669,1,1,0,0,0,0,-1,0.5,0,0,1000000000,0,1,1,0,0,0,0,0,0,0,0,0,-4.512089774,-4.282109333,0,0,0,0,0
1576,1789388670921707892,41569974248165,-0.0001869319094,1,1,0,0.720533669,1,1,0,0,0,0,-1,0.5,0,0,1000000000,0,1,1,0,0,0,0,0,0,0,0,0,-4.512089774,-4.282109333,0,0,0,0,0
1577,1789388670931706656,41569984246931,-0.0002338950144,1,1,0,0.720533669,1,1,0,0,0,0,-1,0.5,0,0,1000000000,0,1,1,0,0,0,0,0,0,0,0,0,-4.512089774,-4.282109333,0,0,0,0,0
1578,1789388670941726104,41569994266382,-0.0001040206553,1,1,0,0.7188121676,1,1,0,0,0,0,-1,0.5,0,0,1000000000,0,1,1,0,0,0,0,0,0,0,0,0,-4.512089774,-4.282109333,0,0,0,0,0
1579,1789388670951694308,41570004234568,7.340324373e-05,1,1,0,0.7188121676,1,1,0,0,0,0,-1,0.5,0,0,1000000000,0,1,1,0,0,0,0,0,0,0,0,0,-4.512089774,-4.282109333,0,0,0,0,0
1580,1789388670961694328,41570014234608,0.0001184781941,1,1,0,0.7188121676,1,1,0,0,0,0,-1,0.5,0,0,1000000000,0,1,1,0,0,0,0,0,0,0,0,0,-4.512089774,-4.282109333,0,0,0,0,0
1581,1789388670971708723,41570024248995,8.751298446e-05,1,1,0,0.7188121676,1,1,0,0,0,0,-1,0.5,0,0,1000000000,0,1,1,0,0,0,0,0,0,0,0,0,-4.512089774,-4.282109333,0,0,0,0,0
1582,1789388670981771568,41570034311845,-3.465927875e-05,1,1,0,0.7188121676,1,1,0,0,0,0,-1,0.5,0,0,1000000000,0,1,1,0,0,0,0,0,0,0,0,0,-4.512089774,-4.282109333,0,0,0,0,0
1583,1789388670991717206,41570044257480,-0.0001259457349,1,1,0,0.7188121676,1,1,1,0,0,0,-1,0.5,0,0,1000000000,0,1,1,0,0,0,0,0,0,0,0,0,-4.512089774,-4.282109333,0,0,0,0,0
1584,1789388671002882622,41570055422897,-0.0001616621594,1,1,0,0.7188121676,1,1,0,0,0,0,-1,0.5,0,0,1000000000,0,1,1,0,0,0,0,0,0,0,0,0,-4.512089774,-4.282109333,0,0,0,0,0
1585,1789388671011706348,41570064246604,1.096070082e-05,1,0,1,0.7188121676,1,1,0,0,0,0,-1,0.5,0,0,1000000000,0,0,1,0,0,0,0,0,0,0,0,0,-4.512089774,-4.282109333,0,0,0,0,0
1586,1789388671021715194,41570074255463,0.0001861755736,1,0,1,0.7188121676,1,1,0,0,0,0,-1,0.5,0,0,1000000000,0,0,1,0,0,0,0,0,0,0,0,0,-4.512089774,-4.282109333,0,0,0,0,0
1587,1789388671031715821,41570084256086,0.0002009024174,1,0,1,0.7188121676,1,1,0,0,0,0,-1,0.5,0,0,1000000000,0,0,1,0,0,0,0,0,0,0,0,0,-4.512089774,-4.282109333,0,0,0,0,0
1588,1789388671041722469,41570094262619,0.0001746801281,1,0,1,0.7210733891,1,1,0,0,0,0,-1,0.5,0,0,1000000000,0,0,1,0,0,0,0,0,0,0,0,0,-4.512089774,-4.282109333,0,0,0,0,0
1589,1789388671051749892,41570104290162,5.495978985e-05,1,0,1,0.7210733891,1,1,0,0,0,0,-1,0.5,0,0,1000000000,0,0,1,0,0,0,0,0,0,0,0,0,-4.512089774,-4.282109333,0,0,0,0,0
1590,1789388671061717650,41570114257913,2.032875091e-05,1,0,1,0.7210733891,1,1,0,0,0,0,-1,0.5,0,0,1000000000,0,0,1,0,0,0,0,0,0,0,0,0,-4.512089774,-4.282109333,0,0,0,0,0
1591,1789388671071711090,41570124251277,-7.374157576e-05,1,0,1,0.7210733891,1,1,0,0,0,0,-1,0.5,0,0,1000000000,0,0,1,0,0,0,0,0,0,0,0,0,-4.512089774,-4.282109333,0,0,0,0,0
1592,1789388671081713140,41570134253400,4.708643974e-05,1,0,1,0.7210733891,1,1,0,0,0,0,-1,0.5,0,0,1000000000,0,0,1,0,0,0,0,0,0,0,0,0,-4.512089774,-4.282109333,0,0,0,0,0
1593,1789388671091739535,41570144279784,7.382191689e-05,1,0,1,0.7210733891,1,1,1,0,0,0,-1,0.5,0,0,1000000000,0,0,1,0,0,0,0,0,0,0,0,0,-4.512089774,-4.282109333,0,0,0,0,0
1594,1789388671101712240,41570154252510,0.0001698566048,1,0,1,0.7210733891,1,1,0,0,0,0,-1,0.5,0,0,1000000000,0,0,1,0,0,0,0,0,0,0,0,0,-4.512089774,-4.282109333,0,0,0,0,0
1595,1789388671111850083,41570164390353,0.0002473611094,1,0,1,0.7210733891,1,1,0,0,0,0,-1,0.5,0,0,1000000000,0,0,1,0,0,0,0,0,0,0,0,0,-4.512089774,-4.282109333,0,0,0,0,0
1596,1789388671121702137,41570174242402,0.0001900373172,1,0,1,0.7210733891,1,1,0,0,0,0,-1,0.5,0,0,1000000000,0,0,1,0,0,0,0,0,0,0,0,0,-4.512089774,-4.282109333,0,0,0,0,0
1597,1789388671132222551,41570184762823,3.781169653e-05,1,0,1,0.7210733891,1,1,0,0,0,0,-1,0.5,0,0,1000000000,0,0,1,0,0,0,0,0,0,0,0,0,-4.512089774,-4.282109333,0,0,0,0,0
1598,1789388671141708431,41570194248611,-0.0001319402218,1,0,1,0.7189232111,1,1,0,0,0,0,-1,0.5,0,0,1000000000,0,0,1,0,0,0,0,0,0,0,0,0,-4.512089774,-4.282109333,0,0,0,0,0
1599,1789388671151698532,41570204238799,-0.0002781974326,1,0,1,0.7189232111,1,1,0,0,0,0,-1,0.5,0,0,1000000000,0,0,1,0,0,0,0,0,0,0,0,0,-4.512089774,-4.282109333,0,0,0,0,0
1600,1789388671161697597,41570214237866,-0.0001565868733,1,0,1,0.7189232111,1,1,0,0,0,0,-1,0.5,0,0,1000000000,0,0,1,0,0,0,0,0,0,0,0,0,-4.512089774,-4.282109333,0,0,0,0,0
1601,1789388671171716601,41570224256872,2.761246151e-06,1,0,1,0.7189232111,1,1,0,0,0,0,-1,0.5,0,0,1000000000,0,0,1,0,0,0,0,0,0,0,0,0,-4.512089774,-4.282109333,0,0,0,0,0
1602,1789388671181702399,41570234242671,0.0001254209492,1,0,1,0.7189232111,1,1,0,0,0,0,-1,0.5,0,0,1000000000,0,0,1,0,0,0,0,0,0,0,0,0,-4.512089774,-4.282109333,0,0,0,0,0
1603,1789388671191696207,41570244236476,0.0001746409835,1,0,1,0.7189232111,1,1,1,0,0,0,-1,0.5,0,0,1000000000,0,0,1,0,0,0,0,0,0,0,0,0,-4.512089774,-4.282109333,0,0,0,0,0
1604,1789388671201708129,41570254248399,0.0001014009758,1,0,1,0.7189232111,1,1,0,0,0,0,-1,0.5,0,0,1000000000,0,0,1,0,0,0,0,0,0,0,0,0,-4.512089774,-4.282109333,0,0,0,0,0
1605,1789388671211711206,41570264251455,1.145984334e-05,1,0,1,0.7189232111,1,1,0,0,0,0,-1,0.5,0,0,1000000000,0,0,1,0,0,0,0,0,0,0,0,0,-4.512089774,-4.282109333,0,0,0,0,0
1606,1789388671221710404,41570274250666,-5.714085637e-05,1,0,1,0.7189232111,1,1,0,0,0,0,-1,0.5,0,0,1000000000,0,0,1,0,0,0,0,0,0,0,0,0,-4.512089774,-4.282109333,0,0,0,0,0
1607,1789388671231710884,41570284251145,-9.511986718e-05,1,0,1,0.7189232111,1,1,0,0,0,0,-1,0.5,0,0,1000000000,0,0,1,0,0,0,0,0,0,0,0,0,-4.512089774,-4.282109333,0,0,0,0,0
1608,1789388671241714125,41570294254395,-3.089879465e-05,1,0,1,0.7128717899,1,1,0,0,0,0,-1,0.5,0,0,1000000000,0,0,1,0,0,0,0,0,0,0,0,0,-4.512089774,-4.282109333,0,0,0,0,0
1609,1789388671251706909,41570304247170,2.799939648e-05,1,0,1,0.7128717899,1,1,0,0,0,0,-1,0.5,0,0,1000000000,0,0,1,0,0,0,0,0,0,0,0,0,-4.512089774,-4.282109333,0,0,0,0,0
1610,1789388671261721254,41570314261526,7.827165973e-05,1,0,1,0.7128717899,1,1,0,0,0,0,-1,0.5,0,0,1000000000,0,0,1,0,0,0,0,0,0,0,0,0,-4.512089774,-4.282109333,0,0,0,0,0
1611,1789388671271712509,41570324252762,-6.277498323e-05,1,0,1,0.7128717899,1,1,0,0,0,0,-1,0.5,0,0,1000000000,0,0,1,0,0,0,0,0,0,0,0,0,-4.512089774,-4.282109333,0,0,0,0,0
1612,1789388671281715829,41570334256085,-0.0001265229366,1,0,1,0.7128717899,1,1,0,0,0,0,-1,0.5,0,0,1000000000,0,0,1,0,0,0,0,0,0,0,0,0,-4.512089774,-4.282109333,0,0,0,0,0
1613,1789388671291763449,41570344303714,-7.947028644e-05,1,0,1,0.7128717899,1,1,1,0,0,0,-1,0.5,0,0,1000000000,0,0,1,0,0,0,0,0,0,0,0,0,-4.512089774,-4.282109333,0,0,0,0,0
1614,1789388671301697072,41570354237341,0.0001111627571,1,0,1,0.7128717899,1,1,0,0,0,0,-1,0.5,0,0,1000000000,0,0,1,0,0,0,0,0,0,0,0,0,-4.512089774,-4.282109333,0,0,0,0,0
1615,1789388671311715454,41570364255698,0.0001673496881,1,0,1,0.7128717899,1,1,0,0,0,0,-1,0.5,0,0,1000000000,0,0,1,0,0,0,0,0,0,0,0,0,-4.512089774,-4.282109333,0,0,0,0,0
1616,1789388671321731329,41570374271600,0.0002030170726,1,0,1,0.7128717899,1,1,0,0,0,0,-1,0.5,0,0,1000000000,0,0,1,0,0,0,0,0,0,0,0,0,-4.512089774,-4.282109333,0,0,0,0,0
1617,1789388671331702384,41570384242649,6.243752432e-05,1,0,1,0.7128717899,1,1,0,0,0,0,-1,0.5,0,0,1000000000,0,0,1,0,0,0,0,0,0,0,0,0,-4.512089774,-4.282109333,0,0,0,0,0
1618,1789388671341703750,41570394243894,-0.0001553231123,1,0,1,0.7179486156,1,1,0,0,0,0,-1,0.5,0,0,1000000000,0,0,1,0,0,0,0,0,0,0,0,0,-4.512089774,-4.282109333,0,0,0,0,0
1619,1789388671351693237,41570404233509,-0.0002465280413,1,0,1,0.7179486156,1,1,0,0,0,0,-1,0.5,0,0,1000000000,0,0,1,0,0,0,0,0,0,0,0,0,-4.512089774,-4.282109333,0,0,0,0,0
1620,1789388671361700882,41570414241154,-0.0002026571601,1,0,1,0.7179486156,1,1,0,0,0,0,-1,0.5,0,0,1000000000,0,0,1,0,0,0,0,0,0,0,0,0,-4.512089774,-4.282109333,0,0,0,0,0
1621,1789388671371716582,41570424256850,6.614673475e-05,1,0,1,0.7179486156,1,1,0,0,0,0,-1,0.5,0,0,1000000000,0,0,1,0,0,0,0,0,0,0,0,0,-4.512089774,-4.282109333,0,0,0,0,0
1622,1789388671381711879,41570434252137,0.0001430099219,1,0,1,0.7179486156,1,1,0,0,0,0,-1,0.5,0,0,1000000000,0,0,1,0,0,0,0,0,0,0,0,0,-4.512089774,-4.282109333,0,0,0,0,0
1623,1789388671391700940,41570444241207,0.0001856957242,1,0,1,0.7179486156,1,1,1,0,0,0,-1,0.5,0,0,1000000000,0,0,1,0,0,0,0,0,0,0,0,0,-4.512089774,-4.282109333,0,0,0,0,0
1624,1789388671401769832,41570454310105,1.883117511e-05,1,0,1,0.7179486156,1,1,0,0,0,0,-1,0.5,0,0,1000000000,0,0,1,0,0,0,0,0,0,0,0,0,-4.512089774,-4.282109333,0,0,0,0,0
1625,1789388671411711302,41570464251532,-0.0001918948547,1,0,1,0.7179486156,1,1,0,0,0,0,-1,0.5,0,0,1000000000,0,0,1,0,0,0,0,0,0,0,0,0,-4.512089774,-4.282109333,0,0,0,0,0
1626,1789388671421707443,41570474247702,-0.0002532218932,1,0,1,0.7179486156,1,1,0,0,0,0,-1,0.5,0,0,1000000000,0,0,1,0,0,0,0,0,0,0,0,0,-4.512089774,-4.282109333,0,0,0,0,0
1627,1789388671431708380,41570484248645,-6.140539335e-05,1,0,1,0.7179486156,1,1,0,0,0,0,-1,0.5,0,0,1000000000,0,0,1,0,0,0,0,0,0,0,0,0,-4.512089774,-4.282109333,0,0,0,0,0
1628,1789388671441714883,41570494255147,0.0001582460827,1,0,1,0.7200917602,1,1,0,0,0,0,-1,0.5,0,0,1000000000,0,0,1,0,0,0,0,0,0,0,0,0,-4.512089774,-4.282109333,0,0,0,0,0
1629,1789388671451708293,41570504248547,0.0004042594519,1,0,1,0.7200917602,1,1,0,0,0,0,-1,0.5,0,0,1000000000,0,0,1,0,0,0,0,0,0,0,0,0,-4.512089774,-4.282109333,0,0,0,0,0
1630,1789388671461710009,41570514250270,0.0002495888621,1,0,1,0.7200917602,1,1,0,0,0,0,-1,0.5,0,0,1000000000,0,0,1,0,0,0,0,0,0,0,0,0,-4.512089774,-4.282109333,0,0,0,0,0
1631,1789388671471713304,41570524253494,-1.378147499e-05,1,0,1,0.7200917602,1,1,0,0,0,0,-1,0.5,0,0,1000000000,0,0,1,0,0,0,0,0,0,0,0,0,-4.512089774,-4.282109333,0,0,0,0,0
1632,1789388671481732288,41570534272551,-0.0002344233362,1,0,1,0.7200917602,1,1,0,0,0,0,-1,0.5,0,0,1000000000,0,0,1,0,0,0,0,0,0,0,0,0,-4.512089774,-4.282109333,0,0,0,0,0
1633,1789388671491740363,41570544280620,-0.0002773219894,1,0,1,0.7200917602,1,1,1,0,0,0,-1,0.5,0,0,1000000000,0,0,1,0,0,0,0,0,0,0,0,0,-4.512089774,-4.282109333,0,0,0,0,0
1634,1789388671501739883,41570554280145,-0.0001062435622,1,0,1,0.7200917602,1,1,0,0,0,0,-1,0.5,0,0,1000000000,0,0,1,0,0,0,0,0,0,0,0,0,-4.512089774,-4.282109333,0,0,0,0,0
1635,1789388671511720346,41570564260610,0.0001571019675,1,0,1,0.7200917602,1,1,0,0,0,0,-1,0.5,0,0,1000000000,0,0,1,0,0,0,0,0,0,0,0,0,-4.512089774,-4.282109333,0,0,0,0,0
1636,1789388671521826718,41570574366980,0.0002693200368,1,0,1,0.7200917602,1,1,0,0,0,0,-1,0.5,0,0,1000000000,0,0,1,0,0,0,0,0,0,0,0,0,-4.512089774,-4.282109333,0,0,0,0,0
1637,1789388671531845027,41570584385295,0.0003267032444,1,0,1,0.7200917602,1,1,0,0,0,0,-1,0.5,0,0,1000000000,0,0,1,0,0,0,0,0,0,0,0,0,-4.512089774,-4.282109333,0,0,0,0,0
1638,1789388671541705945,41570594246217,0.0001014782611,1,0,1,0.7317371368,1,1,0,0,0,0,-1,0.5,0,0,1000000000,0,0,1,0,0,0,0,0,0,0,0,0,-4.512089774,-4.282109333,0,0,0,0,0
1639,1789388671551694235,41570604234505,-0.0001497333287,1,0,1,0.7317371368,1,1,0,0,0,0,-1,0.5,0,0,1000000000,0,0,1,0,0,0,0,0,0,0,0,0,-4.512089774,-4.282109333,0,0,0,0,0
1640,1789388671561696118,41570614236395,-0.0001521717786,1,0,1,0.7317371368,1,1,0,0,0,0,-1,0.5,0,0,1000000000,0,0,1,0,0,0,0,0,0,0,0,0,-4.512089774,-4.282109333,0,0,0,0,0
1641,1789388671571716888,41570624257068,4.950047514e-05,1,0,1,0.7317371368,1,1,0,0,0,0,-1,0.5,0,0,1000000000,0,0,1,0,0,0,0,0,0,0,0,0,-4.512089774,-4.282109333,0,0,0,0,0
1642,1789388671581722411,41570634262669,0.0002487026795,1,0,1,0.7317371368,1,1,0,0,0,0,-1,0.5,0,0,1000000000,0,0,1,0,0,0,0,0,0,0,0,0,-4.512089774,-4.282109333,0,0,0,0,0
1643,1789388671591701996,41570644242264,0.000283600355,1,0,1,0.7317371368,1,1,1,0,0,0,-1,0.5,0,0,1000000000,0,0,1,0,0,0,0,0,0,0,0,0,-4.512089774,-4.282109333,0,0,0,0,0
1644,1789388671601697199,41570654237473,9.373499051e-05,1,0,1,0.7317371368,1,1,0,0,0,0,-1,0.5,0,0,1000000000,0,0,1,0,0,0,0,0,0,0,0,0,-4.512089774,-4.282109333,0,0,0,0,0
1645,1789388671611707704,41570664247977,-0.0001544844999,1,0,1,0.7317371368,1,1,0,0,0,0,-1,0.5,0,0,1000000000,0,0,1,0,0,0,0,0,0,0,0,0,-4.512089774,-4.282109333,0,0,0,0,0
1646,1789388671621721775,41570674262046,-0.0003492763499,1,0,1,0.7317371368,1,1,0,0,0,0,-1,0.5,0,0,1000000000,0,0,1,0,0,0,0,0,0,0,0,0,-4.512089774,-4.282109333,0,0,0,0,0
1647,1789388671631698843,41570684239116,-0.0001734926918,1,0,1,0.7317371368,1,1,0,0,0,0,-1,0.5,0,0,1000000000,0,0,1,0,0,0,0,0,0,0,0,0,-4.512089774,-4.282109333,0,0,0,0,0
1648,1789388671641707493,41570694247765,0.0001081584051,1,0,1,0.731926322,1,1,0,0,0,0,-1,0.5,0,0,1000000000,0,0,1,0,0,0,0,0,0,0,0,0,-4.512089774,-4.282109333,0,0,0,0,0
1649,1789388671651691891,41570704232163,0.0003641105141,1,0,1,0.731926322,1,1,0,0,0,0,-1,0.5,0,0,1000000000,0,0,1,0,0,0,0,0,0,0,0,0,-4.512089774,-4.282109333,0,0,0,0,0
1650,1789388671661696381,41570714236658,0.0003985582443,1,0,1,0.731926322,1,1,0,0,0,0,-1,0.5,0,0,1000000000,0,0,1,0,0,0,0,0,0,0,0,0,-4.512089774,-4.282109333,0,0,0,0,0
1651,1789388671671699074,41570724239344,0.0002111032809,1,0,1,0.731926322,1,1,0,0,0,0,-1,0.5,0,0,1000000000,0,0,1,0,0,0,0,0,0,0,0,0,-4.512089774,-4.282109333,0,0,0,0,0
1652,1789388671681700858,41570734241128,-5.773163866e-05,1,0,1,0.731926322,1,1,0,0,0,0,-1,0.5,0,0,1000000000,0,0,1,0,0,0,0,0,0,0,0,0,-4.512089774,-4.282109333,0,0,0,0,0
1653,1789388671691702639,41570744242911,-0.0002731820859,1,0,1,0.731926322,1,1,1,0,0,0,-1,0.5,0,0,1000000000,0,0,1,0,0,0,0,0,0,0,0,0,-4.512089774,-4.282109333,0,0,0,0,0
1654,1789388671701720623,41570754260880,-0.0001006615712,1,0,1,0.731926322,1,1,0,0,0,0,-1,0.5,0,0,1000000000,0,0,1,0,0,0,0,0,0,0,0,0,-4.512089774,-4.282109333,0,0,0,0,0
1655,1789388671711716217,41570764256486,0.0001641843992,1,0,1,0.731926322,1,1,0,0,0,0,-1,0.5,0,0,1000000000,0,0,1,0,0,0,0,0,0,0,0,0,-4.512089774,-4.282109333,0,0,0,0,0
1656,1789388671721717088,41570774257336,0.0002630777308,1,0,1,0.731926322,1,1,0,0,0,0,-1,0.5,0,0,1000000000,0,0,1,0,0,0,0,0,0,0,0,0,-4.512089774,-4.282109333,0,0,0,0,0
1657,1789388671731934588,41570784474843,0.0001620139956,1,0,1,0.731926322,1,1,0,0,0,0,-1,0.5,0,0,1000000000,0,0,1,0,0,0,0,0,0,0,0,0,-4.512089774,-4.282109333,0,0,0,0,0
1658,1789388671741733823,41570794273994,1.444578447e-05,1,0,1,0.716596365,1,1,0,0,0,0,-1,0.5,0,0,1000000000,0,0,1,0,0,0,0,0,0,0,0,0,-4.512089774,-4.282109333,0,0,0,0,0
1659,1789388671751712717,41570804252976,-0.0001644549629,1,0,1,0.716596365,1,1,0,0,0,0,-1,0.5,0,0,1000000000,0,0,1,0,0,0,0,0,0,0,0,0,-4.512089774,-4.282109333,0,0,0,0,0
1660,1789388671761715391,41570814255663,-0.000175436202,1,0,1,0.716596365,1,1,0,0,0,0,-1,0.5,0,0,1000000000,0,0,1,0,0,0,0,0,0,0,0,0,-4.512089774,-4.282109333,0,0,0,0,0
1661,1789388671771718764,41570824259037,2.674280586e-05,1,0,1,0.716596365,1,1,0,0,0,0,-1,0.5,0,0,1000000000,0,0,1,0,0,0,0,0,0,0,0,0,-4.512089774,-4.282109333,0,0,0,0,0
1662,1789388671781723196,41570834263283,0.0002443734265,1,0,1,0.716596365,1,1,0,0,0,0,-1,0.5,0,0,1000000000,0,0,1,0,0,0,0,0,0,0,0,0,-4.512089774,-4.263556,0,0,0,0,0
1663,1789388671791719175,41570844259407,9.448483615e-05,1,0,1,0.716596365,1,1,1,0,0,0,-1,0.5,0,0,1000000000,0,0,1,0,0,0,0,0,0,0,0,0,-4.512089774,-4.263556,0,0,0,0,0
1664,1789388671801725443,41570854265714,-7.936699694e-05,1,0,1,0.716596365,1,1,0,0,0,0,-1,0.5,0,0,1000000000,0,0,1,0,0,0,0,0,0,0,0,0,-4.512089774,-4.263556,0,0,0,0,0
1665,1789388671811715741,41570864255994,-0.0002315372258,1,0,1,0.716596365,1,1,0,0,0,0,-1,0.5,0,0,1000000000,0,0,1,0,0,0,0,0,0,0,0,0,-4.512089774,-4.263556,0,0,0,0,0
1666,1789388671821708313,41570874248584,-0.0001435875602,1,0,1,0.716596365,1,1,0,0,0,0,-1,0.5,0,0,1000000000,0,0,1,0,0,0,0,0,0,0,0,0,-4.512089774,-4.263556,0,0,0,0,0
1667,1789388671831722607,41570884262822,3.507754082e-05,1,0,1,0.716596365,1,1,0,0,0,0,-1,0.5,0,0,1000000000,0,0,1,0,0,0,0,0,0,0,0,0,-4.512089774,-4.263556,0,0,0,0,0
1668,1789388671841716490,41570894256757,0.0002499984112,1,0,1,0.7188150883,1,1,0,0,0,0,-1,0.5,0,0,1000000000,0,0,1,0,0,0,0,0,0,0,0,0,-4.512089774,-4.263556,0,0,0,0,0
1669,1789388671851762132,41570904302398,0.000304514484,1,0,1,0.7188150883,1,1,0,0,0,0,-1,0.5,0,0,1000000000,0,0,1,0,0,0,0,0,0,0,0,0,-4.512089774,-4.263556,0,0,0,0,0
1670,1789388671861710069,41570914250340,3.239566649e-05,1,0,1,0.7188150883,1,1,0,0,0,0,-1,0.5,0,0,1000000000,0,0,1,0,0,0,0,0,0,0,0,0,-4.512089774,-4.263556,0,0,0,0,0
1671,1789388671871751362,41570924291569,-0.0002302436624,1,0,1,0.7188150883,1,1,0,0,0,0,-1,0.5,0,0,1000000000,0,0,1,0,0,0,0,0,0,0,0,0,-4.512089774,-4.263556,0,0,0,0,0
1672,1789388671881713139,41570934253407,-0.0004537267669,1,0,1,0.7188150883,1,1,0,0,0,0,-1,0.5,0,0,1000000000,0,0,1,0,0,0,0,0,0,0,0,0,-4.512089774,-4.263556,0,0,0,0,0
1673,1789388671891706750,41570944247018,-0.0002991454967,1,0,1,0.7188150883,1,1,1,0,0,0,-1,0.5,0,0,1000000000,0,0,1,0,0,0,0,0,0,0,0,0,-4.512089774,-4.263556,0,0,0,0,0
1674,1789388671901714093,41570954254363,2.83379336e-06,1,0,1,0.7188150883,1,1,0,0,0,0,-1,0.5,0,0,1000000000,0,0,1,0,0,0,0,0,0,0,0,0,-4.512089774,-4.263556,0,0,0,0,0
1675,1789388671911705278,41570964245549,0.00025749419,1,0,1,0.7188150883,1,1,0,0,0,0,-1,0.5,0,0,1000000000,0,0,1,0,0,0,0,0,0,0,0,0,-4.512089774,-4.263556,0,0,0,0,0
1676,1789388671921695949,41570974236221,0.0002996961994,1,0,1,0.7188150883,1,1,0,0,0,0,-1,0.5,0,0,1000000000,0,0,1,0,0,0,0,0,0,0,0,0,-4.512089774,-4.263556,0,0,0,0,0
1677,1789388671931700500,41570984240768,6.212970038e-05,1,0,1,0.7188150883,1,1,0,0,0,0,-1,0.5,0,0,1000000000,0,0,1,0,0,0,0,0,0,0,0,0,-4.512089774,-4.263556,0,0,0,0,0
1678,1789388671941705477,41570994245744,-0.0002023842972,1,0,1,0.7188150883,1,1,0,0,0,0,-1,0.5,0,0,1000000000,0,0,1,0,0,0,0,0,0,0,0,0,-4.512089774,-4.263556,0,0,0,0,0
1679,1789388671951696295,41571004236562,-0.0004181816767,1,0,1,0.7169035077,1,1,0,0,0,0,-1,0.5,0,0,1000000000,0,0,1,0,0,0,0,0,0,0,0,0,-4.512089774,-4.263556,0,0,0,0,0
1680,1789388671961700658,41571014240926,-0.0002513195504,1,0,1,0.7169035077,1,1,0,0,0,0,-1,0.5,0,0,1000000000,0,0,1,0,0,0,0,0,0,0,0,0,-4.512089774,-4.263556,0,0,0,0,0
1681,1789388671971703232,41571024243501,-4.399858881e-05,1,0,1,0.7169035077,1,1,0,0,0,0,-1,0.5,0,0,1000000000,0,0,1,0,0,0,0,0,0,0,0,0,-4.512089774,-4.263556,0,0,0,0,0
1682,1789388671981699380,41571034239652,0.0001811848633,1,0,1,0.7169035077,1,1,0,0,0,0,-1,0.5,0,0,1000000000,0,0,1,0,0,0,0,0,0,0,0,0,-4.512089774,-4.282109333,0,0,0,0,0
1683,1789388671991701673,41571044241941,0.0002302623179,1,0,1,0.7169035077,1,1,1,0,0,0,-1,0.5,0,0,1000000000,0,0,1,0,0,0,0,0,0,0,0,0,-4.512089774,-4.282109333,0,0,0,0,0
1684,1789388672001740134,41571054280400,4.326815179e-05,1,0,1,0.7169035077,1,1,0,0,0,0,-1,0.5,0,0,1000000000,0,0,1,0,0,0,0,0,0,0,0,0,-4.512089774,-4.282109333,0,0,0,0,0
1685,1789388672011702890,41571064243161,-0.0002107302571,1,0,1,0.7169035077,1,1,0,0,0,0,-1,0.5,0,0,1000000000,0,0,1,0,0,0,0,0,0,0,0,0,-4.512089774,-4.282109333,0,0,0,0,0
1686,1789388672021701137,41571074241408,-0.0002973557275,1,0,1,0.7169035077,1,1,0,0,0,0,-1,0.5,0,0,1000000000,0,0,1,0,0,0,0,0,0,0,0,0,-4.512089774,-4.282109333,0,0,0,0,0
1687,1789388672031699257,41571084239531,-0.0001259889832,1,0,1,0.7169035077,1,1,0,0,0,0,-1,0.5,0,0,1000000000,0,0,1,0,0,0,0,0,0,0,0,0,-4.512089774,-4.282109333,0,0,0,0,0
1688,1789388672041716417,41571094256688,9.974554996e-05,1,0,1,0.7239305377,1,1,0,0,0,0,-1,0.5,0,0,1000000000,0,0,1,0,0,0,0,0,0,0,0,0,-4.512089774,-4.282109333,0,0,0,0,0
1689,1789388672051703283,41571104243552,0.0002852088364,1,0,1,0.7239305377,1,1,0,0,0,0,-1,0.5,0,0,1000000000,0,0,1,0,0,0,0,0,0,0,0,0,-4.512089774,-4.282109333,0,0,0,0,0
1690,1789388672061703493,41571114243766,0.0002928366011,1,0,1,0.7239305377,1,1,0,0,0,0,-1,0.5,0,0,1000000000,0,0,1,0,0,0,0,0,0,0,0,0,-4.512089774,-4.282109333,0,0,0,0,0
1691,1789388672071700886,41571124241138,5.780534775e-05,1,0,1,0.7239305377,1,1,0,0,0,0,-1,0.5,0,0,1000000000,0,0,1,0,0,0,0,0,0,0,0,0,-4.512089774,-4.282109333,0,0,0,0,0
1692,1789388672081699646,41571134239822,-0.0002000864333,1,0,1,0.7239305377,1,1,0,0,0,0,-1,0.5,0,0,1000000000,0,0,1,0,0,0,0,0,0,0,0,0,-4.512089774,-4.282109333,0,0,0,0,0
1693,1789388672091704629,41571144244898,-0.0002477746166,1,0,1,0.7239305377,1,1,1,0,0,0,-1,0.5,0,0,1000000000,0,0,1,0,0,0,0,0,0,0,0,0,-4.512089774,-4.282109333,0,0,0,0,0
1694,1789388672101705470,41571154245647,-0.0001661061251,1,0,1,0.7239305377,1,1,0,0,0,0,-1,0.5,0,0,1000000000,0,0,1,0,0,0,0,0,0,0,0,0,-4.512089774,-4.282109333,0,0,0,0,0
1695,1789388672111695596,41571164235866,3.609831401e-05,1,0,1,0.7239305377,1,1,0,0,0,0,-1,0.5,0,0,1000000000,0,0,1,0,0,0,0,0,0,0,0,0,-4.512089774,-4.282109333,0,0,0,0,0
1696,1789388672121696666,41571174236937,0.0001156649305,1,0,1,0.7239305377,1,1,0,0,0,0,-1,0.5,0,0,1000000000,0,0,1,0,0,0,0,0,0,0,0,0,-4.512089774,-4.282109333,0,0,0,0,0
1697,1789388672131724816,41571184265081,0.0001150296084,1,0,1,0.7239305377,1,1,0,0,0,0,-1,0.5,0,0,1000000000,0,0,1,0,0,0,0,0,0,0,0,0,-4.512089774,-4.282109333,0,0,0,0,0
1698,1789388672141701355,41571194241623,-3.33271928e-05,1,0,1,0.7239305377,1,1,0,0,0,0,-1,0.5,0,0,1000000000,0,0,1,0,0,0,0,0,0,0,0,0,-4.512089774,-4.282109333,0,0,0,0,0
1699,1789388672151698945,41571204239217,-0.0001262010774,1,0,1,0.7243472338,1,1,0,0,0,0,-1,0.5,0,0,1000000000,0,0,1,0,0,0,0,0,0,0,0,0,-4.512089774,-4.282109333,0,0,0,0,0
1700,1789388672161690646,41571214230906,-0.0001395905856,1,0,1,0.7243472338,1,1,0,0,0,0,-1,0.5,0,0,1000000000,0,0,1,0,0,0,0,0,0,0,0,0,-4.512089774,-4.282109333,0,0,0,0,0
1701,1789388672171694846,41571224235130,-0.0001481329527,1,0,1,0.7243472338,1,1,0,0,0,0,-1,0.5,0,0,1000000000,0,0,1,0,0,0,0,0,0,0,0,0,-4.512089774,-4.282109333,0,0,0,0,0
1702,1789388672181698697,41571234238972,1.356336543e-05,1,0,1,0.7243472338,1,1,0,0,0,0,-1,0.5,0,0,1000000000,0,0,1,0,0,0,0,0,0,0,0,0,-4.512089774,-4.282109333,0,0,0,0,0
1703,1789388672191696800,41571244237063,6.389014743e-05,1,0,1,0.7243472338,1,1,1,0,0,0,-1,0.5,0,0,1000000000,0,0,1,0,0,0,0,0,0,0,0,0,-4.512089774,-4.282109333,0,0,0,0,0
1704,1789388672201693290,41571254233559,2.853211117e-05,1,0,1,0.7243472338,1,1,0,0,0,0,-1,0.5,0,0,1000000000,0,0,1,0,0,0,0,0,0,0,0,0,-4.512089774,-4.282109333,0,0,0,0,0
1705,1789388672211695900,41571264236172,2.744035737e-05,1,0,1,0.7243472338,1,1,0,0,0,0,-1,0.5,0,0,1000000000,0,0,1,0,0,0,0,0,0,0,0,0,-4.512089774,-4.282109333,0,0,0,0,0
1706,1789388672221698718,41571274238980,3.648579877e-05,1,0,1,0.7243472338,1,1,0,0,0,0,-1,0.5,0,0,1000000000,0,0,1,0,0,0,0,0,0,0,0,0,-4.512089774,-4.282109333,0,0,0,0,0
1707,1789388672231696541,41571284236814,8.472487389e-05,1,0,1,0.7243472338,1,1,0,0,0,0,-1,0.5,0,0,1000000000,0,0,1,0,0,0,0,0,0,0,0,0,-4.512089774,-4.282109333,0,0,0,0,0
1708,1789388672241698827,41571294239106,3.175630991e-05,1,0,1,0.7222174406,1,1,0,0,0,0,-1,0.5,0,0,1000000000,0,0,1,0,0,0,0,0,0,0,0,0,-4.512089774,-4.282109333,0,0,0,0,0
1709,1789388672251693926,41571304234201,1.213340329e-05,1,0,1,0.7222174406,1,1,0,0,0,0,-1,0.5,0,0,1000000000,0,0,1,0,0,0,0,0,0,0,0,0,-4.512089774,-4.282109333,0,0,0,0,0
1710,1789388672261699341,41571314239611,-5.037155643e-05,1,0,1,0.7222174406,1,1,0,0,0,0,-1,0.5,0,0,1000000000,0,0,1,0,0,0,0,0,0,0,0,0,-4.512089774,-4.282109333,0,0,0,0,0
1711,1789388672271725442,41571324265696,-2.478594797e-05,1,0,1,0.7222174406,1,1,0,0,0,0,-1,0.5,0,0,1000000000,0,0,1,0,0,0,0,0,0,0,0,0,-4.512089774,-4.282109333,0,0,0,0,0
1712,1789388672281707176,41571334247440,1.144583075e-05,1,0,1,0.7222174406,1,1,0,0,0,0,-1,0.5,0,0,1000000000,0,0,1,0,0,0,0,0,0,0,0,0,-4.512089774,-4.282109333,0,0,0,0,0
1713,1789388672292494773,41571345035042,8.466794498e-06,1,0,1,0.7222174406,1,1,1,0,0,0,-1,0.5,0,0,1000000000,0,0,1,0,0,0,0,0,0,0,0,0,-4.512089774,-4.282109333,0,0,0,0,0
1714,1789388672302181394,41571354721578,-2.365024557e-05,1,0,1,0.7222174406,1,1,0,0,0,0,-1,0.5,0,0,1000000000,0,0,1,0,0,0,0,0,0,0,0,0,-4.512089774,-4.282109333,0,0,0,0,0
1715,1789388672311697516,41571364237787,-7.705863027e-06,1,0,1,0.7222174406,1,1,0,0,0,0,-1,0.5,0,0,1000000000,0,0,1,0,0,0,0,0,0,0,0,0,-4.512089774,-4.282109333,0,0,0,0,0
1716,1789388672321719874,41571374260125,-7.752477359e-06,1,0,1,0.7222174406,1,1,0,0,0,0,-1,0.5,0,0,1000000000,0,0,1,0,0,0,0,0,0,0,0,0,-4.512089774,-4.282109333,0,0,0,0,0
1717,1789388672331791025,41571384331290,-0.0001008403196,1,0,1,0.7222174406,1,1,0,0,0,0,-1,0.5,0,0,1000000000,0,0,1,0,0,0,0,0,0,0,0,0,-4.512089774,-4.282109333,0,0,0,0,0
1718,1789388672341742583,41571394282854,-0.0001184251669,1,0,1,0.7222174406,1,1,0,0,0,0,-1,0.5,0,0,1000000000,0,0,1,0,0,0,0,0,0,0,0,0,-4.512089774,-4.282109333,0,0,0,0,0
1719,1789388672351706147,41571404246418,-0.0001317662682,1,0,1,0.7222174406,1,1,0,0,0,0,-1,0.5,0,0,1000000000,0,0,1,0,0,0,0,0,0,0,0,0,-4.512089774,-4.282109333,0,0,0,0,0
1720,1789388672361706423,41571414246693,-0.0001292677916,1,0,1,0.716567874,1,1,0,0,0,0,-1,0.5,0,0,1000000000,0,0,1,0,0,0,0,0,0,0,0,0,-4.512089774,-4.282109333,0,0,0,0,0
1721,1789388672371703501,41571424243770,-9.332137415e-05,1,0,1,0.716567874,1,1,0,0,0,0,-1,0.5,0,0,1000000000,0,0,1,0,0,0,0,0,0,0,0,0,-4.512089774,-4.282109333,0,0,0,0,0
1722,1789388672381701185,41571434241458,-4.746897685e-05,1,0,1,0.716567874,1,1,0,0,0,0,-1,0.5,0,0,1000000000,0,0,1,0,0,0,0,0,0,0,0,0,-4.512089774,-4.282109333,0,0,0,0,0
1723,1789388672391706007,41571444246278,0.0001499826758,1,0,1,0.716567874,1,1,1,0,0,0,-1,0.5,0,0,1000000000,0,0,1,0,0,0,0,0,0,0,0,0,-4.512089774,-4.282109333,0,0,0,0,0
1724,1789388672401696007,41571454236272,0.0002448938903,1,0,1,0.716567874,1,1,0,0,0,0,-1,0.5,0,0,1000000000,0,0,1,0,0,0,0,0,0,0,0,0,-4.512089774,-4.282109333,0,0,0,0,0
1725,1789388672411715271,41571464255510,0.0001908608247,1,0,1,0.716567874,1,1,0,0,0,0,-1,0.5,0,0,1000000000,0,0,1,0,0,0,0,0,0,0,0,0,-4.512089774,-4.282109333,0,0,0,0,0
1726,1789388672421706756,41571474247021,2.3461007e-05,1,0,1,0.716567874,1,1,0,0,0,0,-1,0.5,0,0,1000000000,0,0,1,0,0,0,0,0,0,0,0,0,-4.512089774,-4.282109333,0,0,0,0,0
1727,1789388672431702040,41571484242311,-0.000154825786,1,0,1,0.716567874,1,1,0,0,0,0,-1,0.5,0,0,1000000000,0,0,1,0,0,0,0,0,0,0,0,0,-4.512089774,-4.282109333,0,0,0,0,0
1728,1789388672441720349,41571494260490,-0.0002179032745,1,0,1,0.716567874,1,1,0,0,0,0,-1,0.5,0,0,1000000000,0,0,1,0,0,0,0,0,0,0,0,0,-4.512089774,-4.282109333,0,0,0,0,0
1729,1789388672451709202,41571504249467,-0.0001762328175,1,0,1,0.7249521017,1,1,0,0,0,0,-1,0.5,0,0,1000000000,0,0,1,0,0,0,0,0,0,0,0,0,-4.512089774,-4.282109333,0,0,0,0,0
1730,1789388672461717869,41571514258140,0.0001046331163,1,0,1,0.7249521017,1,1,0,0,0,0,-1,0.5,0,0,1000000000,0,0,1,0,0,0,0,0,0,0,0,0,-4.512089774,-4.282109333,0,0,0,0,0
1731,1789388672471712939,41571524253205,0.0003782337881,1,0,1,0.7249521017,1,1,0,0,0,0,-1,0.5,0,0,1000000000,0,0,1,0,0,0,0,0,0,0,0,0,-4.512089774,-4.282109333,0,0,0,0,0
1732,1789388672481715246,41571534255501,0.0004621436528,1,0,1,0.7249521017,1,1,0,0,0,0,-1,0.5,0,0,1000000000,0,0,1,0,0,0,0,0,0,0,0,0,-4.512089774,-4.282109333,0,0,0,0,0
1733,1789388672491730504,41571544270746,0.0002564725,1,0,1,0.7249521017,1,1,1,0,0,0,-1,0.5,0,0,1000000000,0,0,1,0,0,0,0,0,0,0,0,0,-4.512089774,-4.282109333,0,0,0,0,0
1734,1789388672501712932,41571554253173,-3.90619698e-06,1,0,1,0.7249521017,1,1,0,0,0,0,-1,0.5,0,0,1000000000,0,0,1,0,0,0,0,0,0,0,0,0,-4.512089774,-4.282109333,0,0,0,0,0
1735,1789388672511710242,41571564250500,-0.0002698462049,1,0,1,0.7249521017,1,1,0,0,0,0,-1,0.5,0,0,1000000000,0,0,1,0,0,0,0,0,0,0,0,0,-4.512089774,-4.282109333,0,0,0,0,0
1736,1789388672521773398,41571574313666,-0.0003689651203,1,0,1,0.7249521017,1,1,0,0,0,0,-1,0.5,0,0,1000000000,0,0,1,0,0,0,0,0,0,0,0,0,-4.512089774,-4.282109333,0,0,0,0,0
1737,1789388672531713769,41571584253928,-0.0002130237699,1,0,1,0.7249521017,1,1,0,0,0,0,-1,0.5,0,0,1000000000,0,0,1,0,0,0,0,0,0,0,0,0,-4.512089774,-4.282109333,0,0,0,0,0
1738,1789388672541716502,41571594256771,0.0001062039883,1,0,1,0.7223524451,1,1,0,0,0,0,-1,0.5,0,0,1000000000,0,0,1,0,0,0,0,0,0,0,0,0,-4.512089774,-4.282109333,0,0,0,0,0
1739,1789388672551712244,41571604252501,0.0003572600835,1,0,1,0.7223524451,1,1,0,0,0,0,-1,0.5,0,0,1000000000,0,0,1,0,0,0,0,0,0,0,0,0,-4.512089774,-4.282109333,0,0,0,0,0
1740,1789388672561669372,41571614209632,0.0002497308597,1,0,1,0.7223524451,1,1,0,0,0,0,-1,0.5,0,0,1000000000,0,0,1,0,0,0,0,0,0,0,0,0,-4.512089774,-4.282109333,0,0,0,0,0
1741,1789388672571713122,41571624253390,-2.146708175e-05,1,0,1,0.7223524451,1,1,0,0,0,0,-1,0.5,0,0,1000000000,0,0,1,0,0,0,0,0,0,0,0,0,-4.512089774,-4.282109333,0,0,0,0,0
1742,1789388672581711809,41571634252065,-0.0002555480751,1,0,1,0.7223524451,1,1,0,0,0,0,-1,0.5,0,0,1000000000,0,0,1,0,0,0,0,0,0,0,0,0,-4.512089774,-4.282109333,0,0,0,0,0
1743,1789388672591724399,41571644264658,-0.0002830102167,1,0,1,0.7223524451,1,1,1,0,0,0,-1,0.5,0,0,1000000000,0,0,1,0,0,0,0,0,0,0,0,0,-4.512089774,-4.282109333,0,0,0,0,0
1744,1789388672601723580,41571654263848,-0.0001460047642,1,0,1,0.7223524451,1,1,0,0,0,0,-1,0.5,0,0,1000000000,0,0,1,0,0,0,0,0,0,0,0,0,-4.512089774,-4.282109333,0,0,0,0,0
1745,1789388672611714099,41571664254365,8.096115198e-05,1,0,1,0.7223524451,1,1,0,0,0,0,-1,0.5,0,0,1000000000,0,0,1,0,0,0,0,0,0,0,0,0,-4.512089774,-4.282109333,0,0,0,0,0
1746,1789388672621823785,41571674364057,0.0002631020616,1,0,1,0.7223524451,1,1,0,0,0,0,-1,0.5,0,0,1000000000,0,0,1,0,0,0,0,0,0,0,0,0,-4.512089774,-4.282109333,0,0,0,0,0
1747,1789388672631710200,41571684250470,0.0001724512404,1,0,1,0.7223524451,1,1,0,0,0,0,-1,0.5,0,0,1000000000,0,0,1,0,0,0,0,0,0,0,0,0,-4.512089774,-4.282109333,0,0,0,0,0
1748,1789388672641702506,41571694242777,-6.580139598e-05,1,0,1,0.7223524451,1,1,0,0,0,0,-1,0.5,0,0,1000000000,0,0,1,0,0,0,0,0,0,0,0,0,-4.512089774,-4.282109333,0,0,0,0,0
1749,1789388672651701555,41571704241826,-0.000273224141,1,0,1,0.7108214498,1,1,0,0,0,0,-1,0.5,0,0,1000000000,0,0,1,0,0,0,0,0,0,0,0,0,-4.512089774,-4.282109333,0,0,0,0,0
1750,1789388672661711324,41571714251597,-0.0001730467484,1,0,1,0.7108214498,1,1,0,0,0,0,-1,0.5,0,0,1000000000,0,0,1,0,0,0,0,0,0,0,0,0,-4.512089774,-4.282109333,0,0,0,0,0
1751,1789388672671708477,41571724248751,-9.342783756e-07,1,0,1,0.7108214498,1,1,0,0,0,0,-1,0.5,0,0,1000000000,0,0,1,0,0,0,0,0,0,0,0,0,-4.512089774,-4.282109333,0,0,0,0,0
1752,1789388672681703588,41571734243859,0.0001826537627,1,0,1,0.7108214498,1,1,0,0,0,0,-1,0.5,0,0,1000000000,0,0,1,0,0,0,0,0,0,0,0,0,-4.512089774,-4.282109333,0,0,0,0,0
1753,1789388672691697120,41571744237371,0.0002146425541,1,0,1,0.7108214498,1,1,1,0,0,0,-1,0.5,0,0,1000000000,0,0,1,0,0,0,0,0,0,0,0,0,-4.512089774,-4.282109333,0,0,0,0,0
1754,1789388672701691704,41571754231979,4.562305912e-05,1,0,1,0.7108214498,1,1,0,0,0,0,-1,0.5,0,0,1000000000,0,0,1,0,0,0,0,0,0,0,0,0,-4.512089774,-4.282109333,0,0,0,0,0
1755,1789388672711697309,41571764237579,-0.0001860243065,1,0,1,0.7108214498,1,1,0,0,0,0,-1,0.5,0,0,1000000000,0,0,1,0,0,0,0,0,0,0,0,0,-4.512089774,-4.282109333,0,0,0,0,0
1756,1789388672721717670,41571774257946,-0.0002590366057,1,0,1,0.7108214498,1,1,0,0,0,0,-1,0.5,0,0,1000000000,0,0,1,0,0,0,0,0,0,0,0,0,-4.512089774,-4.282109333,0,0,0,0,0
1757,1789388672731699722,41571784239994,-0.0001383682975,1,0,1,0.7108214498,1,1,0,0,0,0,-1,0.5,0,0,1000000000,0,0,1,0,0,0,0,0,0,0,0,0,-4.512089774,-4.282109333,0,0,0,0,0
1758,1789388672741703086,41571794243358,4.135222844e-05,1,0,1,0.7338805199,1,1,0,0,0,0,-1,0.5,0,0,1000000000,0,0,1,0,0,0,0,0,0,0,0,0,-4.512089774,-4.282109333,0,0,0,0,0
1759,1789388672751695344,41571804235612,0.0002332972654,1,0,1,0.7338805199,1,1,0,0,0,0,-1,0.5,0,0,1000000000,0,0,1,0,0,0,0,0,0,0,0,0,-4.512089774,-4.282109333,0,0,0,0,0
1760,1789388672761693569,41571814233837,0.0002009112359,1,0,1,0.7338805199,1,1,0,0,0,0,-1,0.5,0,0,1000000000,0,0,1,0,0,0,0,0,0,0,0,0,-4.512089774,-4.282109333,0,0,0,0,0
1761,1789388672771703291,41571824243565,1.649152182e-05,1,0,1,0.7338805199,1,1,0,0,0,0,-1,0.5,0,0,1000000000,0,0,1,0,0,0,0,0,0,0,0,0,-4.512089774,-4.282109333,0,0,0,0,0
1762,1789388672781716055,41571834256314,-0.0002487886231,1,0,1,0.7338805199,1,1,0,0,0,0,-1,0.5,0,0,1000000000,0,0,1,0,0,0,0,0,0,0,0,0,-4.512089774,-4.282109333,0,0,0,0,0
1763,1789388672791726896,41571844267071,-0.0003482851898,1,0,1,0.7338805199,1,1,1,0,0,0,-1,0.5,0,0,1000000000,0,0,1,0,0,0,0,0,0,0,0,0,-4.512089774,-4.282109333,0,0,0,0,0
1764,1789388672801727166,41571854267431,-0.0003062908363,1,0,1,0.7338805199,1,1,0,0,0,0,-1,0.5,0,0,1000000000,0,0,1,0,0,0,0,0,0,0,0,0,-4.512089774,-4.282109333,0,0,0,0,0
1765,1789388672811721065,41571864261320,-2.750657768e-05,1,0,1,0.7338805199,1,1,0,0,0,0,-1,0.5,0,0,1000000000,0,0,1,0,0,0,0,0,0,0,0,0,-4.512089774,-4.282109333,0,0,0,0,0
1766,1789388672821723468,41571874263717,0.000267441239,1,0,1,0.7338805199,1,1,0,0,0,0,-1,0.5,0,0,1000000000,0,0,1,0,0,0,0,0,0,0,0,0,-4.512089774,-4.282109333,0,0,0,0,0
1767,1789388672831745545,41571884285811,0.0002952977084,1,0,1,0.7338805199,1,1,0,0,0,0,-1,0.5,0,0,1000000000,0,0,1,0,0,0,0,0,0,0,0,0,-4.512089774,-4.282109333,0,0,0,0,0
1768,1789388672841702973,41571894243230,8.261291077e-05,1,0,1,0.7338805199,1,1,0,0,0,0,-1,0.5,0,0,1000000000,0,0,1,0,0,0,0,0,0,0,0,0,-4.512089774,-4.282109333,0,0,0,0,0
1769,1789388672851707112,41571904247382,-0.0001728935749,1,0,1,0.7149370909,1,1,0,0,0,0,-1,0.5,0,0,1000000000,0,0,1,0,0,0,0,0,0,0,0,0,-4.512089774,-4.282109333,0,0,0,0,0
1770,1789388672861712391,41571914252656,-0.0002122699952,1,0,1,0.7149370909,1,1,0,0,0,0,-1,0.5,0,0,1000000000,0,0,1,0,0,0,0,0,0,0,0,0,-4.512089774,-4.282109333,0,0,0,0,0
1771,1789388672871761990,41571924302224,-0.0002044705907,1,0,1,0.7149370909,1,1,0,0,0,0,-1,0.5,0,0,1000000000,0,0,1,0,0,0,0,0,0,0,0,0,-4.512089774,-4.282109333,0,0,0,0,0
1772,1789388672881714937,41571934255177,-6.673394819e-05,1,0,1,0.7149370909,1,1,0,0,0,0,-1,0.5,0,0,1000000000,0,0,1,0,0,0,0,0,0,0,0,0,-4.512089774,-4.282109333,0,0,0,0,0
1773,1789388672891709953,41571944250214,0.0001599916723,1,0,1,0.7149370909,1,1,1,0,0,0,-1,0.5,0,0,1000000000,0,0,1,0,0,0,0,0,0,0,0,0,-4.512089774,-4.282109333,0,0,0,0,0
1774,1789388672901712771,41571954253042,0.0002305605303,1,0,1,0.7149370909,1,1,0,0,0,0,-1,0.5,0,0,1000000000,0,0,1,0,0,0,0,0,0,0,0,0,-4.512089774,-4.282109333,0,0,0,0,0
1775,1789388672911713555,41571964253814,2.877691259e-05,1,0,1,0.7149370909,1,1,0,0,0,0,-1,0.5,0,0,1000000000,0,0,1,0,0,0,0,0,0,0,0,0,-4.512089774,-4.282109333,0,0,0,0,0
1776,1789388672921713381,41571974253544,-0.0001651272032,1,0,1,0.7149370909,1,1,0,0,0,0,-1,0.5,0,0,1000000000,0,0,1,0,0,0,0,0,0,0,0,0,-4.512089774,-4.282109333,0,0,0,0,0
1777,1789388672931709887,41571984250139,-0.0002115227253,1,0,1,0.7149370909,1,1,0,0,0,0,-1,0.5,0,0,1000000000,0,0,1,0,0,0,0,0,0,0,0,0,-4.512089774,-4.282109333,0,0,0,0,0
1778,1789388672941716814,41571994257071,-4.939463179e-05,1,0,1,0.7211055756,1,1,0,0,0,0,-1,0.5,0,0,1000000000,0,0,1,0,0,0,0,0,0,0,0,0,-4.512089774,-4.282109333,0,0,0,0,0
1779,1789388672951757812,41572004298068,0.0001637575042,1,0,1,0.7211055756,1,1,0,0,0,0,-1,0.5,0,0,1000000000,0,0,1,0,0,0,0,0,0,0,0,0,-4.512089774,-4.282109333,0,0,0,0,0
1780,1789388672961707133,41572014247393,0.000211481587,1,0,1,0.7211055756,1,1,0,0,0,0,-1,0.5,0,0,1000000000,0,0,1,0,0,0,0,0,0,0,0,0,-4.512089774,-4.282109333,0,0,0,0,0
1781,1789388672971767046,41572024307299,8.617075218e-05,1,0,1,0.7211055756,1,1,0,0,0,0,-1,0.5,0,0,1000000000,0,0,1,0,0,0,0,0,0,0,0,0,-4.512089774,-4.282109333,0,0,0,0,0
1782,1789388672981704451,41572034244720,-8.910618635e-05,1,0,1,0.7211055756,1,1,0,0,0,0,-1,0.5,0,0,1000000000,0,0,1,0,0,0,0,0,0,0,0,0,-4.512089774,-4.263556,0,0,0,0,0
1783,1789388672991708506,41572044248775,-0.0002683455241,1,0,1,0.7211055756,1,1,1,0,0,0,-1,0.5,0,0,1000000000,0,0,1,0,0,0,0,0,0,0,0,0,-4.512089774,-4.263556,0,0,0,0,0
1784,1789388673001700456,41572054240718,-0.0001746739581,1,0,1,0.7211055756,1,1,0,0,0,0,-1,0.5,0,0,1000000000,0,0,1,0,0,0,0,0,0,0,0,0,-4.512089774,-4.263556,0,0,0,0,0
1785,1789388673011703429,41572064243698,6.07205402e-05,1,0,1,0.7211055756,1,1,0,0,0,0,-1,0.5,0,0,1000000000,0,0,1,0,0,0,0,0,0,0,0,0,-4.512089774,-4.263556,0,0,0,0,0
1786,1789388673022250015,41572074790285,0.0002746781392,1,0,1,0.7211055756,1,1,0,0,0,0,-1,0.5,0,0,1000000000,0,0,1,0,0,0,0,0,0,0,0,0,-4.512089774,-4.263556,0,0,0,0,0
1787,1789388673031707609,41572084247880,0.0001650297781,1,0,1,0.7211055756,1,1,0,0,0,0,-1,0.5,0,0,1000000000,0,0,1,0,0,0,0,0,0,0,0,0,-4.512089774,-4.263556,0,0,0,0,0
1788,1789388673041690501,41572094230766,-8.73447425e-06,1,0,1,0.7211055756,1,1,0,0,0,0,-1,0.5,0,0,1000000000,0,0,1,0,0,0,0,0,0,0,0,0,-4.512089774,-4.263556,0,0,0,0,0
1789,1789388673051700470,41572104240740,-0.0002234174171,1,0,1,0.7211055756,1,1,0,0,0,0,-1,0.5,0,0,1000000000,0,0,1,0,0,0,0,0,0,0,0,0,-4.512089774,-4.263556,0,0,0,0,0
1790,1789388673061700869,41572114241139,-0.0002586260962,1,0,1,0.7210819721,1,1,0,0,0,0,-1,0.5,0,0,1000000000,0,0,1,0,0,0,0,0,0,0,0,0,-4.512089774,-4.263556,0,0,0,0,0
1791,1789388673071705320,41572124245591,-0.0001511278824,1,0,1,0.7210819721,1,1,0,0,0,0,-1,0.5,0,0,1000000000,0,0,1,0,0,0,0,0,0,0,0,0,-4.512089774,-4.263556,0,0,0,0,0
1792,1789388673081700262,41572134240529,7.960126823e-05,1,0,1,0.7210819721,1,1,0,0,0,0,-1,0.5,0,0,1000000000,0,0,1,0,0,0,0,0,0,0,0,0,-4.512089774,-4.263556,0,0,0,0,0
1793,1789388673091696119,41572144236373,0.0001654967637,1,0,1,0.7210819721,1,1,1,0,0,0,-1,0.5,0,0,1000000000,0,0,1,0,0,0,0,0,0,0,0,0,-4.512089774,-4.263556,0,0,0,0,0
1794,1789388673101689953,41572154230221,0.000177104972,1,0,1,0.7210819721,1,1,0,0,0,0,-1,0.5,0,0,1000000000,0,0,1,0,0,0,0,0,0,0,0,0,-4.512089774,-4.263556,0,0,0,0,0
1795,1789388673111697506,41572164237777,-4.208434621e-05,1,0,1,0.7210819721,1,1,0,0,0,0,-1,0.5,0,0,1000000000,0,0,1,0,0,0,0,0,0,0,0,0,-4.512089774,-4.263556,0,0,0,0,0
1796,1789388673121705896,41572174246169,-0.0001396507141,1,0,1,0.7210819721,1,1,0,0,0,0,-1,0.5,0,0,1000000000,0,0,1,0,0,0,0,0,0,0,0,0,-4.512089774,-4.263556,0,0,0,0,0
1797,1789388673131700575,41572184240851,-0.000159605057,1,0,1,0.7210819721,1,1,0,0,0,0,-1,0.5,0,0,1000000000,0,0,1,0,0,0,0,0,0,0,0,0,-4.512089774,-4.263556,0,0,0,0,0
1798,1789388673141696622,41572194236886,-6.740456229e-06,1,0,1,0.7210819721,1,1,0,0,0,0,-1,0.5,0,0,1000000000,0,0,1,0,0,0,0,0,0,0,0,0,-4.512089774,-4.263556,0,0,0,0,0
1799,1789388673151702784,41572204243059,5.347302067e-05,1,0,1,0.7206531167,1,1,0,0,0,0,-1,0.5,0,0,1000000000,0,0,1,0,0,0,0,0,0,0,0,0,-4.512089774,-4.263556,0,0,0,0,0
1800,1789388673161698386,41572214238657,4.746480408e-05,1,0,1,0.7206531167,1,1,0,0,0,0,-1,0.5,0,0,1000000000,0,0,1,0,0,0,0,0,0,0,0,0,-4.512089774,-4.263556,0,0,0,0,0
1801,1789388673171702525,41572224242795,3.852474765e-05,1,0,1,0.7206531167,1,1,0,0,0,0,-1,0.5,0,0,1000000000,0,0,1,0,0,0,0,0,0,0,0,0,-4.512089774,-4.263556,0,0,0,0,0
1802,1789388673181714558,41572234254804,6.870963261e-05,1,0,1,0.7206531167,1,1,0,0,0,0,-1,0.5,0,0,1000000000,0,0,1,0,0,0,0,0,0,0,0,0,-4.512089774,-4.263556,0,0,0,0,0
1803,1789388673191717900,41572244258171,2.653135311e-07,1,0,1,0.7206531167,1,1,1,0,0,0,-1,0.5,0,0,1000000000,0,0,1,0,0,0,0,0,0,0,0,0,-4.512089774,-4.263556,0,0,0,0,0
1804,1789388673201716626,41572254256894,1.722607158e-05,1,0,1,0.7206531167,1,1,0,0,0,0,-1,0.5,0,0,1000000000,0,0,1,0,0,0,0,0,0,0,0,0,-4.512089774,-4.263556,0,0,0,0,0
1805,1789388673211715335,41572264255600,1.770549898e-05,1,0,1,0.7206531167,1,1,0,0,0,0,-1,0.5,0,0,1000000000,0,0,1,0,0,0,0,0,0,0,0,0,-4.512089774,-4.263556,0,0,0,0,0
1806,1789388673221905725,41572274445989,2.676668009e-05,1,0,1,0.7206531167,1,1,0,0,0,0,-1,0.5,0,0,1000000000,0,0,1,0,0,0,0,0,0,0,0,0,-4.512089774,-4.263556,0,0,0,0,0
1807,1789388673231720650,41572284260921,3.390613347e-05,1,0,1,0.7206531167,1,1,0,0,0,0,-1,0.5,0,0,1000000000,0,0,1,0,0,0,0,0,0,0,0,0,-4.512089774,-4.263556,0,0,0,0,0
1808,1789388673241711235,41572294251504,4.286912008e-05,1,0,1,0.7206531167,1,1,0,0,0,0,-1,0.5,0,0,1000000000,0,0,1,0,0,0,0,0,0,0,0,0,-4.512089774,-4.263556,0,0,0,0,0
1809,1789388673251704221,41572304244490,5.043321653e-05,1,0,1,0.7180120349,1,1,0,0,0,0,-1,0.5,0,0,1000000000,0,0,1,0,0,0,0,0,0,0,0,0,-4.512089774,-4.263556,0,0,0,0,0
1810,1789388673261713100,41572314253366,5.634508489e-05,1,0,1,0.7180120349,1,1,0,0,0,0,-1,0.5,0,0,1000000000,0,0,1,0,0,0,0,0,0,0,0,0,-4.512089774,-4.263556,0,0,0,0,0
1811,1789388673271711323,41572324251584,7.005321822e-05,1,0,1,0.7180120349,1,1,0,0,0,0,-1,0.5,0,0,1000000000,0,0,1,0,0,0,0,0,0,0,0,0,-4.512089774,-4.263556,0,0,0,0,0
1812,1789388673281711537,41572334251790,0.0001009795596,1,0,1,0.7180120349,1,1,0,0,0,0,-1,0.5,0,0,1000000000,0,0,1,0,0,0,0,0,0,0,0,0,-4.512089774,-4.263556,0,0,0,0,0
1813,1789388673291726428,41572344266688,7.442800415e-05,1,0,1,0.7180120349,1,1,1,0,0,0,-1,0.5,0,0,1000000000,0,0,1,0,0,0,0,0,0,0,0,0,-4.512089774,-4.263556,0,0,0,0,0
1814,1789388673301724479,41572354264739,-9.634788876e-05,1,0,1,0.7180120349,1,1,0,0,0,0,-1,0.5,0,0,1000000000,0,0,1,0,0,0,0,0,0,0,0,0,-4.512089774,-4.263556,0,0,0,0,0
1815,1789388673311720130,41572364260403,-0.0001734636899,1,0,1,0.7180120349,1,1,0,0,0,0,-1,0.5,0,0,1000000000,0,0,1,0,0,0,0,0,0,0,0,0,-4.512089774,-4.263556,0,0,0,0,0
1816,1789388673321714145,41572374254397,-0.0001254384406,1,0,1,0.7180120349,1,1,0,0,0,0,-1,0.5,0,0,1000000000,0,0,1,0,0,0,0,0,0,0,0,0,-4.512089774,-4.263556,0,0,0,0,0
1817,1789388673331718816,41572384259082,2.789883729e-05,1,0,1,0.7180120349,1,1,0,0,0,0,-1,0.5,0,0,1000000000,0,0,1,0,0,0,0,0,0,0,0,0,-4.512089774,-4.263556,0,0,0,0,0
1818,1789388673341741175,41572394281432,7.810245734e-05,1,0,1,0.7180120349,1,1,0,0,0,0,-1,0.5,0,0,1000000000,0,0,1,0,0,0,0,0,0,0,0,0,-4.512089774,-4.263556,0,0,0,0,0
1819,1789388673351709766,41572404250028,9.370256885e-05,1,0,1,0.7158167958,1,1,0,0,0,0,-1,0.5,0,0,1000000000,0,0,1,0,0,0,0,0,0,0,0,0,-4.512089774,-4.263556,0,0,0,0,0
1820,1789388673361712493,41572414252653,-4.781817188e-05,1,0,1,0.7158167958,1,1,0,0,0,0,-1,0.5,0,0,1000000000,0,0,1,0,0,0,0,0,0,0,0,0,-4.512089774,-4.263556,0,0,0,0,0
1821,1789388673371712653,41572424252905,-6.82158643e-05,1,0,1,0.7158167958,1,1,0,0,0,0,-1,0.5,0,0,1000000000,0,0,1,0,0,0,0,0,0,0,0,0,-4.512089774,-4.263556,0,0,0,0,0
1822,1789388673381698424,41572434238693,-3.259583173e-05,1,0,1,0.7158167958,1,1,0,0,0,0,-1,0.5,0,0,1000000000,0,0,1,0,0,0,0,0,0,0,0,0,-4.512089774,-4.263556,0,0,0,0,0
1823,1789388673391697746,41572444238009,0.0001327045466,1,0,1,0.7158167958,1,1,1,0,0,0,-1,0.5,0,0,1000000000,0,0,1,0,0,0,0,0,0,0,0,0,-4.512089774,-4.263556,0,0,0,0,0
1824,1789388673401699858,41572454240122,0.0001653848158,1,0,1,0.7158167958,1,1,0,0,0,0,-1,0.5,0,0,1000000000,0,0,1,0,0,0,0,0,0,0,0,0,-4.512089774,-4.263556,0,0,0,0,0
1825,1789388673411758713,41572464298878,0.0001856632298,1,0,1,0.7158167958,1,1,0,0,0,0,-1,0.5,0,0,1000000000,0,0,1,0,0,0,0,0,0,0,0,0,-4.512089774,-4.263556,0,0,0,0,0
1826,1789388673422019385,41572474559568,2.455656977e-05,1,0,1,0.7158167958,1,1,0,0,0,0,-1,0.5,0,0,1000000000,0,0,1,0,0,0,0,0,0,0,0,0,-4.512089774,-4.263556,0,0,0,0,0
1827,1789388673431709628,41572484249896,-0.0001873316796,1,0,1,0.7158167958,1,1,0,0,0,0,-1,0.5,0,0,1000000000,0,0,1,0,0,0,0,0,0,0,0,0,-4.512089774,-4.263556,0,0,0,0,0
1828,1789388673441764244,41572494304297,-0.0002528385958,1,0,1,0.7158167958,1,1,0,0,0,0,-1,0.5,0,0,1000000000,0,0,1,0,0,0,0,0,0,0,0,0,-4.512089774,-4.263556,0,0,0,0,0
1829,1789388673451712775,41572504253047,-6.114541611e-05,1,0,1,0.7202709317,1,1,0,0,0,0,-1,0.5,0,0,1000000000,0,0,1,0,0,0,0,0,0,0,0,0,-4.512089774,-4.263556,0,0,0,0,0
1830,1789388673461714986,41572514255255,0.0001580706157,1,0,1,0.7202709317,1,1,0,0,0,0,-1,0.5,0,0,1000000000,0,0,1,0,0,0,0,0,0,0,0,0,-4.512089774,-4.263556,0,0,0,0,0
1831,1789388673471707830,41572524248094,0.0002034207282,1,0,1,0.7202709317,1,1,0,0,0,0,-1,0.5,0,0,1000000000,0,0,1,0,0,0,0,0,0,0,0,0,-4.512089774,-4.263556,0,0,0,0,0
1832,1789388673481716927,41572534257199,2.897838749e-05,1,0,1,0.7202709317,1,1,1,0,0,0,-1,0.5,0,0,1000000000,0,0,1,0,0,0,0,0,0,0,0,0,-4.512089774,-4.263556,0,0,0,0,0
1833,1789388673491713717,41572544253883,-0.0001508414425,1,0,1,0.7202709317,1,1,0,0,0,0,-1,0.5,0,0,1000000000,0,0,1,0,0,0,0,0,0,0,0,0,-4.512089774,-4.263556,0,0,0,0,0
1834,1789388673501721747,41572554262011,-0.0002297227911,1,0,1,0.7202709317,1,1,0,0,0,0,-1,0.5,0,0,1000000000,0,0,1,0,0,0,0,0,0,0,0,0,-4.512089774,-4.263556,0,0,0,0,0
1835,1789388673511713491,41572564253758,-5.024463462e-05,1,0,1,0.7202709317,1,1,0,0,0,0,-1,0.5,0,0,1000000000,0,0,1,0,0,0,0,0,0,0,0,0,-4.512089774,-4.263556,0,0,0,0,0
1836,1789388673521716714,41572574256976,0.0001572162873,1,0,1,0.7202709317,1,1,0,0,0,0,-1,0.5,0,0,1000000000,0,0,1,0,0,0,0,0,0,0,0,0,-4.512089774,-4.263556,0,0,0,0,0
1837,1789388673531712937,41572584253191,0.0001965767005,1,0,1,0.7202709317,1,1,0,0,0,0,-1,0.5,0,0,1000000000,0,0,1,0,0,0,0,0,0,0,0,0,-4.512089774,-4.263556,0,0,0,0,0
1838,1789388673541720681,41572594260800,7.177447696e-05,1,0,1,0.7202709317,1,1,0,0,0,0,-1,0.5,0,0,1000000000,0,0,1,0,0,0,0,0,0,0,0,0,-4.512089774,-4.263556,0,0,0,0,0
1839,1789388673551716106,41572604256353,-0.0001621658885,1,0,1,0.7202709317,1,1,0,0,0,0,-1,0.5,0,0,1000000000,0,0,1,0,0,0,0,0,0,0,0,0,-4.512089774,-4.263556,0,0,0,0,0
1840,1789388673561717431,41572614257688,-0.0003534509451,1,0,1,0.7208609581,1,1,0,0,0,0,-1,0.5,0,0,1000000000,0,0,1,0,0,0,0,0,0,0,0,0,-4.512089774,-4.263556,0,0,0,0,0
1841,1789388673571745453,41572624285445,-0.0001858165342,1,0,1,0.7208609581,1,1,0,0,0,0,-1,0.5,0,0,1000000000,0,0,1,0,0,0,0,0,0,0,0,0,-4.512089774,-4.263556,0,0,0,0,0
1842,1789388673581784112,41572634324367,9.806754861e-06,1,0,1,0.7208609581,1,1,1,0,0,0,-1,0.5,0,0,1000000000,0,0,1,0,0,0,0,0,0,0,0,0,-4.512089774,-4.263556,0,0,0,0,0
1843,1789388673591702215,41572644242486,0.0002558624838,1,0,1,0.7208609581,1,1,0,0,0,0,-1,0.5,0,0,1000000000,0,0,1,0,0,0,0,0,0,0,0,0,-4.512089774,-4.263556,0,0,0,0,0
1844,1789388673601712039,41572654252307,0.0003189549025,1,0,1,0.7208609581,1,1,0,0,0,0,-1,0.5,0,0,1000000000,0,0,1,0,0,0,0,0,0,0,0,0,-4.512089774,-4.263556,0,0,0,0,0
1845,1789388673611700761,41572664241032,0.000150254913,1,0,1,0.7208609581,1,1,0,0,0,0,-1,0.5,0,0,1000000000,0,0,1,0,0,0,0,0,0,0,0,0,-4.512089774,-4.263556,0,0,0,0,0
1846,1789388673621707061,41572674247326,-0.00010933062,1,0,1,0.7208609581,1,1,0,0,0,0,-1,0.5,0,0,1000000000,0,0,1,0,0,0,0,0,0,0,0,0,-4.512089774,-4.263556,0,0,0,0,0
1847,1789388673631704323,41572684244592,-0.0003312756889,1,0,1,0.7208609581,1,1,0,0,0,0,-1,0.5,0,0,1000000000,0,0,1,0,0,0,0,0,0,0,0,0,-4.512089774,-4.263556,0,0,0,0,0
1848,1789388673641704565,41572694244743,-0.0001808233064,1,0,1,0.7208609581,1,1,0,0,0,0,-1,0.5,0,0,1000000000,0,0,1,0,0,0,0,0,0,0,0,0,-4.512089774,-4.263556,0,0,0,0,0
1849,1789388673651704238,41572704244505,6.750267494e-05,1,0,1,0.7208609581,1,1,0,0,0,0,-1,0.5,0,0,1000000000,0,0,1,0,0,0,0,0,0,0,0,0,-4.512089774,-4.263556,0,0,0,0,0
1850,1789388673661712783,41572714253054,0.0002897442027,1,0,1,0.7208609581,1,1,0,0,0,0,-1,0.5,0,0,1000000000,0,0,1,0,0,0,0,0,0,0,0,0,-4.512089774,-4.263556,0,0,0,0,0
1851,1789388673671707560,41572724247825,0.0001850067638,1,0,1,0.7199280262,1,1,0,0,0,0,-1,0.5,0,0,1000000000,0,0,1,0,0,0,0,0,0,0,0,0,-4.512089774,-4.263556,0,0,0,0,0
1852,1789388673681702674,41572734242937,-1.039019389e-05,1,0,1,0.7199280262,1,1,1,0,0,0,-1,0.5,0,0,1000000000,0,0,1,0,0,0,0,0,0,0,0,0,-4.512089774,-4.263556,0,0,0,0,0
1853,1789388673691711135,41572744251297,-0.0002205423225,1,0,1,0.7199280262,1,1,0,0,0,0,-1,0.5,0,0,1000000000,0,0,1,0,0,0,0,0,0,0,0,0,-4.512089774,-4.263556,0,0,0,0,0
1854,1789388673701701041,41572754241311,-0.0002649813541,1,0,1,0.7199280262,1,1,0,0,0,0,-1,0.5,0,0,1000000000,0,0,1,0,0,0,0,0,0,0,0,0,-4.512089774,-4.263556,0,0,0,0,0
1855,1789388673711709378,41572764249646,-0.0001644133736,1,0,1,0.7199280262,1,1,0,0,0,0,-1,0.5,0,0,1000000000,0,0,1,0,0,0,0,0,0,0,0,0,-4.512089774,-4.263556,0,0,0,0,0
1856,1789388673721707603,41572774247872,8.157434058e-05,1,0,1,0.7199280262,1,1,0,0,0,0,-1,0.5,0,0,1000000000,0,0,1,0,0,0,0,0,0,0,0,0,-4.512089774,-4.263556,0,0,0,0,0
1857,1789388673731707027,41572784247296,0.0003160399501,1,0,1,0.7199280262,1,1,0,0,0,0,-1,0.5,0,0,1000000000,0,0,1,0,0,0,0,0,0,0,0,0,-4.512089774,-4.263556,0,0,0,0,0
1858,1789388673741715019,41572794255290,0.0002224699128,1,0,1,0.7166793346,1,1,0,0,0,0,-1,0.5,0,0,1000000000,0,0,1,0,0,0,0,0,0,0,0,0,-4.512089774,-4.263556,0,0,0,0,0
1859,1789388673751697663,41572804237932,-2.442127152e-05,1,0,1,0.7166793346,1,1,0,0,0,0,-1,0.5,0,0,1000000000,0,0,1,0,0,0,0,0,0,0,0,0,-4.512089774,-4.263556,0,0,0,0,0
1860,1789388673768141742,41572820682018,-0.000116169962,1,0,1,0.7166793346,1,1,0,0,0,0,-1,0.5,0,0,1000000000,0,0,1,0,0,0,0,0,0,0,0,0,-4.512089774,-4.263556,0,0,0,0,0
1861,1789388673771697718,41572824237987,-0.000116169962,1,0,1,0.7166793346,1,1,0,0,0,0,-1,0.5,0,0,1000000000,0,0,1,0,0,0,0,0,0,0,0,0,-4.512089774,-4.263556,0,0,0,0,0
1862,1789388673781731363,41572834271544,5.960735507e-05,1,0,1,0.7166793346,1,1,1,0,0,0,-1,0.5,0,0,1000000000,0,0,1,0,0,0,0,0,0,0,0,0,-4.512089774,-4.263556,0,0,0,0,0
1863,1789388673791726843,41572844267010,0.0002861312241,1,0,1,0.7166793346,1,1,0,0,0,0,-1,0.5,0,0,1000000000,0,0,1,0,0,0,0,0,0,0,0,0,-4.512089774,-4.263556,0,0,0,0,0
1864,1789388673801722431,41572854262668,0.0001776800782,1,0,1,0.7166793346,1,1,0,0,0,0,-1,0.5,0,0,1000000000,0,0,1,0,0,0,0,0,0,0,0,0,-4.512089774,-4.263556,0,0,0,0,0
1865,1789388673811752247,41572864292397,-4.50539228e-05,1,0,1,0.7166793346,1,1,0,0,0,0,-1,0.5,0,0,1000000000,0,0,1,0,0,0,0,0,0,0,0,0,-4.512089774,-4.263556,0,0,0,0,0
1866,1789388673821729701,41572874269952,-0.0002568908385,1,0,1,0.7166793346,1,1,0,0,0,0,-1,0.5,0,0,1000000000,0,0,1,0,0,0,0,0,0,0,0,0,-4.512089774,-4.263556,0,0,0,0,0
1867,1789388673831719970,41572884260226,-0.0001481322834,1,0,1,0.7166793346,1,1,0,0,0,0,-1,0.5,0,0,1000000000,0,0,1,0,0,0,0,0,0,0,0,0,-4.512089774,-4.263556,0,0,0,0,0
1868,1789388673841723049,41572894263319,-2.089746886e-05,1,0,1,0.7192212343,1,1,0,0,0,0,-1,0.5,0,0,1000000000,0,0,1,0,0,0,0,0,0,0,0,0,-4.512089774,-4.263556,0,0,0,0,0
1869,1789388673851715601,41572904255865,0.0001711644873,1,0,1,0.7192212343,1,1,0,0,0,0,-1,0.5,0,0,1000000000,0,0,1,0,0,0,0,0,0,0,0,0,-4.512089774,-4.263556,0,0,0,0,0
1870,1789388673861715878,41572914256144,0.0003420471912,1,0,1,0.7192212343,1,1,0,0,0,0,-1,0.5,0,0,1000000000,0,0,1,0,0,0,0,0,0,0,0,0,-4.512089774,-4.263556,0,0,0,0,0
1871,1789388673871708828,41572924249081,0.0001876654424,1,0,1,0.7192212343,1,1,0,0,0,0,-1,0.5,0,0,1000000000,0,0,1,0,0,0,0,0,0,0,0,0,-4.512089774,-4.263556,0,0,0,0,0
1872,1789388673881717595,41572934257846,-7.432347775e-05,1,0,1,0.7192212343,1,1,1,0,0,0,-1,0.5,0,0,1000000000,0,0,1,0,0,0,0,0,0,0,0,0,-4.512089774,-4.263556,0,0,0,0,0
1873,1789388673891735195,41572944275440,-0.0003303177946,1,0,1,0.7192212343,1,1,0,0,0,0,-1,0.5,0,0,1000000000,0,0,1,0,0,0,0,0,0,0,0,0,-4.512089774,-4.263556,0,0,0,0,0
1874,1789388673901726615,41572954266785,-0.0004137489304,1,0,1,0.7192212343,1,1,0,0,0,0,-1,0.5,0,0,1000000000,0,0,1,0,0,0,0,0,0,0,0,0,-4.512089774,-4.263556,0,0,0,0,0
1875,1789388673911706748,41572964247016,-0.000181446987,1,0,1,0.7192212343,1,1,0,0,0,0,-1,0.5,0,0,1000000000,0,0,1,0,0,0,0,0,0,0,0,0,-4.512089774,-4.263556,0,0,0,0,0
1876,1789388673921700898,41572974241165,7.911862485e-05,1,0,1,0.7192212343,1,1,0,0,0,0,-1,0.5,0,0,1000000000,0,0,1,0,0,0,0,0,0,0,0,0,-4.512089774,-4.263556,0,0,0,0,0
1877,1789388673931697622,41572984237894,0.0003017109411,1,0,1,0.7192212343,1,1,0,0,0,0,-1,0.5,0,0,1000000000,0,0,1,0,0,0,0,0,0,0,0,0,-4.512089774,-4.263556,0,0,0,0,0
1878,1789388673941704059,41572994244328,0.0002913815551,1,0,1,0.7121756077,1,1,0,0,0,0,-1,0.5,0,0,1000000000,0,0,1,0,0,0,0,0,0,0,0,0,-4.512089774,-4.263556,0,0,0,0,0
1879,1789388673951702404,41573004242673,0.0001038902919,1,0,1,0.7121756077,1,1,0,0,0,0,-1,0.5,0,0,1000000000,0,0,1,0,0,0,0,0,0,0,0,0,-4.512089774,-4.263556,0,0,0,0,0
1880,1789388673961698689,41573014238960,-0.0001740032603,1,0,1,0.7121756077,1,1,0,0,0,0,-1,0.5,0,0,1000000000,0,0,1,0,0,0,0,0,0,0,0,0,-4.512089774,-4.263556,0,0,0,0,0
1881,1789388673971714199,41573024254468,-0.0002559669083,1,0,1,0.7121756077,1,1,0,0,0,0,-1,0.5,0,0,1000000000,0,0,1,0,0,0,0,0,0,0,0,0,-4.512089774,-4.263556,0,0,0,0,0
1882,1789388673981704742,41573034245012,-0.0001314965339,1,0,1,0.7121756077,1,1,1,0,0,0,-1,0.5,0,0,1000000000,0,0,1,0,0,0,0,0,0,0,0,0,-4.512089774,-4.263556,0,0,0,0,0
1883,1789388673991710103,41573044250284,5.105073069e-05,1,0,1,0.7121756077,1,1,0,0,0,0,-1,0.5,0,0,1000000000,0,0,1,0,0,0,0,0,0,0,0,0,-4.512089774,-4.263556,0,0,0,0,0
1884,1789388674001708115,41573054248383,0.0002551983926,1,0,1,0.7121756077,1,1,0,0,0,0,-1,0.5,0,0,1000000000,0,0,1,0,0,0,0,0,0,0,0,0,-4.512089774,-4.263556,0,0,0,0,0
1885,1789388674011745586,41573064285854,0.0003055999696,1,0,1,0.7121756077,1,1,0,0,0,0,-1,0.5,0,0,1000000000,0,0,1,0,0,0,0,0,0,0,0,0,-4.512089774,-4.263556,0,0,0,0,0
1886,1789388674021711599,41573074251869,0.0001240502461,1,0,1,0.7121756077,1,1,0,0,0,0,-1,0.5,0,0,1000000000,0,0,1,0,0,0,0,0,0,0,0,0,-4.512089774,-4.263556,0,0,0,0,0
1887,1789388674031698484,41573084238754,-0.0001396970183,1,0,1,0.7121756077,1,1,0,0,0,0,-1,0.5,0,0,1000000000,0,0,1,0,0,0,0,0,0,0,0,0,-4.512089774,-4.263556,0,0,0,0,0
1888,1789388674041703790,41573094244062,-0.0002228467201,1,0,1,0.7176657915,1,1,0,0,0,0,-1,0.5,0,0,1000000000,0,0,1,0,0,0,0,0,0,0,0,0,-4.512089774,-4.263556,0,0,0,0,0
1889,1789388674051697860,41573104238131,-0.0002528454061,1,0,1,0.7176657915,1,1,0,0,0,0,-1,0.5,0,0,1000000000,0,0,1,0,0,0,0,0,0,0,0,0,-4.512089774,-4.263556,0,0,0,0,0
1890,1789388674061695017,41573114235291,-4.701727448e-05,1,0,1,0.7176657915,1,1,0,0,0,0,-1,0.5,0,0,1000000000,0,0,1,0,0,0,0,0,0,0,0,0,-4.512089774,-4.263556,0,0,0,0,0
1891,1789388674071722312,41573124262553,4.662447463e-05,1,0,1,0.7176657915,1,1,0,0,0,0,-1,0.5,0,0,1000000000,0,0,1,0,0,0,0,0,0,0,0,0,-4.512089774,-4.263556,0,0,0,0,0
1892,1789388674081711953,41573134252218,8.237042493e-05,1,0,1,0.7176657915,1,1,1,0,0,0,-1,0.5,0,0,1000000000,0,0,1,0,0,0,0,0,0,0,0,0,-4.512089774,-4.263556,0,0,0,0,0
1893,1789388674091745818,41573144286048,5.274115392e-05,1,0,1,0.7176657915,1,1,0,0,0,0,-1,0.5,0,0,1000000000,0,0,1,0,0,0,0,0,0,0,0,0,-4.512089774,-4.263556,0,0,0,0,0
1894,1789388674101699846,41573154240114,7.265920431e-05,1,0,1,0.7176657915,1,1,0,0,0,0,-1,0.5,0,0,1000000000,0,0,1,0,0,0,0,0,0,0,0,0,-4.512089774,-4.263556,0,0,0,0,0
1895,1789388674111701398,41573164241650,4.020904453e-05,1,0,1,0.7176657915,1,1,0,0,0,0,-1,0.5,0,0,1000000000,0,0,1,0,0,0,0,0,0,0,0,0,-4.512089774,-4.263556,0,0,0,0,0
1896,1789388674121700469,41573174240738,-9.696319466e-06,1,0,1,0.7176657915,1,1,0,0,0,0,-1,0.5,0,0,1000000000,0,0,1,0,0,0,0,0,0,0,0,0,-4.512089774,-4.263556,0,0,0,0,0
1897,1789388674131703772,41573184244042,-0.0001708874479,1,0,1,0.7176657915,1,1,0,0,0,0,-1,0.5,0,0,1000000000,0,0,1,0,0,0,0,0,0,0,0,0,-4.512089774,-4.263556,0,0,0,0,0
1898,1789388674141699606,41573194239879,-0.0001105507909,1,0,1,0.717200458,1,1,0,0,0,0,-1,0.5,0,0,1000000000,0,0,1,0,0,0,0,0,0,0,0,0,-4.512089774,-4.263556,0,0,0,0,0
1899,1789388674151692511,41573204232787,-4.042557339e-05,1,0,1,0.717200458,1,1,0,0,0,0,-1,0.5,0,0,1000000000,0,0,1,0,0,0,0,0,0,0,0,0,-4.512089774,-4.263556,0,0,0,0,0
1900,1789388674161699734,41573214240011,3.765745987e-06,1,0,1,0.717200458,1,1,0,0,0,0,-1,0.5,0,0,1000000000,0,0,1,0,0,0,0,0,0,0,0,0,-4.512089774,-4.263556,0,0,0,0,0
1901,1789388674171701308,41573224241500,-2.127363587e-05,1,0,1,0.717200458,1,1,0,0,0,0,-1,0.5,0,0,1000000000,0,0,1,0,0,0,0,0,0,0,0,0,-4.512089774,-4.263556,0,0,0,0,0
1902,1789388674181699562,41573234239833,3.94019844e-05,1,0,1,0.717200458,1,1,1,0,0,0,-1,0.5,0,0,1000000000,0,0,1,0,0,0,0,0,0,0,0,0,-4.512089774,-4.263556,0,0,0,0,0
1903,1789388674191712885,41573244253153,6.952074182e-05,1,0,1,0.717200458,1,1,0,0,0,0,-1,0.5,0,0,1000000000,0,0,1,0,0,0,0,0,0,0,0,0,-4.512089774,-4.263556,0,0,0,0,0
1904,1789388674201699780,41573254240048,0.0001152822733,1,0,1,0.717200458,1,1,0,0,0,0,-1,0.5,0,0,1000000000,0,0,1,0,0,0,0,0,0,0,0,0,-4.512089774,-4.263556,0,0,0,0,0
1905,1789388674211696750,41573264237021,5.08046578e-05,1,0,1,0.717200458,1,1,0,0,0,0,-1,0.5,0,0,1000000000,0,0,1,0,0,0,0,0,0,0,0,0,-4.512089774,-4.263556,0,0,0,0,0
1906,1789388674221758554,41573274298824,4.645147783e-05,1,0,1,0.717200458,1,1,0,0,0,0,-1,0.5,0,0,1000000000,0,0,1,0,0,0,0,0,0,0,0,0,-4.512089774,-4.263556,0,0,0,0,0
1907,1789388674231702260,41573284242522,5.239804523e-05,1,0,1,0.717200458,1,1,0,0,0,0,-1,0.5,0,0,1000000000,0,0,1,0,0,0,0,0,0,0,0,0,-4.512089774,-4.263556,0,0,0,0,0
1908,1789388674241704738,41573294245012,-8.971603529e-05,1,0,1,0.7231262326,1,1,0,0,0,0,-1,0.5,0,0,1000000000,0,0,1,0,0,0,0,0,0,0,0,0,-4.512089774,-4.263556,0,0,0,0,0
1909,1789388674251694818,41573304235090,-0.0001594795467,1,0,1,0.7231262326,1,1,0,0,0,0,-1,0.5,0,0,1000000000,0,0,1,0,0,0,0,0,0,0,0,0,-4.512089774,-4.263556,0,0,0,0,0
1910,1789388674261697510,41573314237774,-0.0001249699417,1,0,1,0.7231262326,1,1,0,0,0,0,-1,0.5,0,0,1000000000,0,0,1,0,0,0,0,0,0,0,0,0,-4.512089774,-4.263556,0,0,0,0,0
1911,1789388674271706161,41573324246431,6.134657451e-05,1,0,1,0.7231262326,1,1,0,0,0,0,-1,0.5,0,0,1000000000,0,0,1,0,0,0,0,0,0,0,0,0,-4.512089774,-4.263556,0,0,0,0,0
1912,1789388674281712051,41573334252319,0.0001296784758,1,0,1,0.7231262326,1,1,1,0,0,0,-1,0.5,0,0,1000000000,0,0,1,0,0,0,0,0,0,0,0,0,-4.512089774,-4.263556,0,0,0,0,0
1913,1789388674291693976,41573344234251,0.0001759257575,1,0,1,0.7231262326,1,1,0,0,0,0,-1,0.5,0,0,1000000000,0,0,1,0,0,0,0,0,0,0,0,0,-4.512089774,-4.263556,0,0,0,0,0
1914,1789388674301705394,41573354245663,1.635824083e-05,1,0,1,0.7231262326,1,1,0,0,0,0,-1,0.5,0,0,1000000000,0,0,1,0,0,0,0,0,0,0,0,0,-4.512089774,-4.263556,0,0,0,0,0
1915,1789388674311709892,41573364250163,-0.0001894636516,1,0,1,0.7231262326,1,1,0,0,0,0,-1,0.5,0,0,1000000000,0,0,1,0,0,0,0,0,0,0,0,0,-4.512089774,-4.263556,0,0,0,0,0
1916,1789388674321700769,41573374241043,-0.0002443715348,1,0,1,0.7231262326,1,1,0,0,0,0,-1,0.5,0,0,1000000000,0,0,1,0,0,0,0,0,0,0,0,0,-4.512089774,-4.263556,0,0,0,0,0
1917,1789388674331752329,41573384292595,-0.0002055597433,1,0,1,0.717154026,1,1,0,0,0,0,-1,0.5,0,0,1000000000,0,0,1,0,0,0,0,0,0,0,0,0,-4.512089774,-4.263556,0,0,0,0,0
1918,1789388674341695986,41573394236263,3.694906991e-05,1,0,1,0.717154026,1,1,0,0,0,0,-1,0.5,0,0,1000000000,0,0,1,0,0,0,0,0,0,0,0,0,-4.512089774,-4.263556,0,0,0,0,0
1919,1789388674351695297,41573404235568,0.0003065502096,1,0,1,0.717154026,1,1,0,0,0,0,-1,0.5,0,0,1000000000,0,0,1,0,0,0,0,0,0,0,0,0,-4.512089774,-4.263556,0,0,0,0,0
1920,1789388674361697405,41573414237677,0.0003114619758,1,0,1,0.717154026,1,1,0,0,0,0,-1,0.5,0,0,1000000000,0,0,1,0,0,0,0,0,0,0,0,0,-4.512089774,-4.263556,0,0,0,0,0
1921,1789388674371714930,41573424255193,0.0001117615975,1,0,1,0.717154026,1,1,0,0,0,0,-1,0.5,0,0,1000000000,0,0,1,0,0,0,0,0,0,0,0,0,-4.512089774,-4.263556,0,0,0,0,0
1922,1789388674381699147,41573434239419,-0.0001100170193,1,0,1,0.717154026,1,1,1,0,0,0,-1,0.5,0,0,1000000000,0,0,1,0,0,0,0,0,0,0,0,0,-4.512089774,-4.263556,0,0,0,0,0
1923,1789388674391715941,41573444256209,-0.0003057438589,1,0,1,0.717154026,1,1,0,0,0,0,-1,0.5,0,0,1000000000,0,0,1,0,0,0,0,0,0,0,0,0,-4.512089774,-4.263556,0,0,0,0,0
1924,1789388674401710088,41573454250356,-0.000209349033,1,0,1,0.717154026,1,1,0,0,0,0,-1,0.5,0,0,1000000000,0,0,1,0,0,0,0,0,0,0,0,0,-4.512089774,-4.263556,0,0,0,0,0
1925,1789388674411702177,41573464242446,-3.714135346e-06,1,0,1,0.717154026,1,1,0,0,0,0,-1,0.5,0,0,1000000000,0,0,1,0,0,0,0,0,0,0,0,0,-4.512089774,-4.263556,0,0,0,0,0
1926,1789388674421700646,41573474240918,0.0002574109531,1,0,1,0.717154026,1,1,0,0,0,0,-1,0.5,0,0,1000000000,0,0,1,0,0,0,0,0,0,0,0,0,-4.512089774,-4.263556,0,0,0,0,0
1927,1789388674431699660,41573484239932,0.0003001047007,1,0,1,0.717154026,1,1,0,0,0,0,-1,0.5,0,0,1000000000,0,0,1,0,0,0,0,0,0,0,0,0,-4.512089774,-4.263556,0,0,0,0,0
1928,1789388674441706198,41573494246470,6.497646245e-05,1,0,1,0.7184442282,1,1,0,0,0,0,-1,0.5,0,0,1000000000,0,0,1,0,0,0,0,0,0,0,0,0,-4.512089774,-4.263556,0,0,0,0,0
1929,1789388674451711401,41573504251670,-0.000194926266,1,0,1,0.7184442282,1,1,0,0,0,0,-1,0.5,0,0,1000000000,0,0,1,0,0,0,0,0,0,0,0,0,-4.512089774,-4.263556,0,0,0,0,0
1930,1789388674461692193,41573514232457,-0.0002656538854,1,0,1,0.7184442282,1,1,0,0,0,0,-1,0.5,0,0,1000000000,0,0,1,0,0,0,0,0,0,0,0,0,-4.512089774,-4.263556,0,0,0,0,0
1931,1789388674471700122,41573524240392,-0.0001388638484,1,0,1,0.7184442282,1,1,0,0,0,0,-1,0.5,0,0,1000000000,0,0,1,0,0,0,0,0,0,0,0,0,-4.512089774,-4.263556,0,0,0,0,0
1932,1789388674481750928,41573534291171,7.64105971e-06,1,0,1,0.7184442282,1,1,1,0,0,0,-1,0.5,0,0,1000000000,0,0,1,0,0,0,0,0,0,0,0,0,-4.512089774,-4.263556,0,0,0,0,0
1933,1789388674491710366,41573544250631,0.0001897160691,1,0,1,0.7184442282,1,1,0,0,0,0,-1,0.5,0,0,1000000000,0,0,1,0,0,0,0,0,0,0,0,0,-4.512089774,-4.263556,0,0,0,0,0
1934,1789388674501719315,41573554259577,0.0002371167502,1,0,1,0.7184442282,1,1,0,0,0,0,-1,0.5,0,0,1000000000,0,0,1,0,0,0,0,0,0,0,0,0,-4.512089774,-4.263556,0,0,0,0,0
1935,1789388674511717900,41573564258142,0.0001446816168,1,0,1,0.7184442282,1,1,0,0,0,0,-1,0.5,0,0,1000000000,0,0,1,0,0,0,0,0,0,0,0,0,-4.512089774,-4.263556,0,0,0,0,0
1936,1789388674521716296,41573574256552,-0.000112984897,1,0,1,0.7184442282,1,1,0,0,0,0,-1,0.5,0,0,1000000000,0,0,1,0,0,0,0,0,0,0,0,0,-4.512089774,-4.263556,0,0,0,0,0
1937,1789388674531719634,41573584259902,-0.0003067749203,1,0,1,0.7184442282,1,1,0,0,0,0,-1,0.5,0,0,1000000000,0,0,1,0,0,0,0,0,0,0,0,0,-4.512089774,-4.263556,0,0,0,0,0
1938,1789388674541707716,41573594247981,-0.0001114333863,1,0,1,0.7093294263,1,1,0,0,0,0,-1,0.5,0,0,1000000000,0,0,1,0,0,0,0,0,0,0,0,0,-4.512089774,-4.263556,0,0,0,0,0
1939,1789388674551724669,41573604264937,0.0001342020842,1,0,1,0.7093294263,1,1,0,0,0,0,-1,0.5,0,0,1000000000,0,0,1,0,0,0,0,0,0,0,0,0,-4.512089774,-4.263556,0,0,0,0,0
1940,1789388674561718191,41573614258439,0.0003563344071,1,0,1,0.7093294263,1,1,0,0,0,0,-1,0.5,0,0,1000000000,0,0,1,0,0,0,0,0,0,0,0,0,-4.512089774,-4.263556,0,0,0,0,0
1941,1789388674571770593,41573624310760,0.0002610872907,1,0,1,0.7093294263,1,1,0,0,0,0,-1,0.5,0,0,1000000000,0,0,1,0,0,0,0,0,0,0,0,0,-4.512089774,-4.263556,0,0,0,0,0
1942,1789388674581725119,41573634265381,2.663053237e-06,1,0,1,0.7093294263,1,1,1,0,0,0,-1,0.5,0,0,1000000000,0,0,1,0,0,0,0,0,0,0,0,0,-4.512089774,-4.263556,0,0,0,0,0
1943,1789388674591731783,41573644272039,-0.0002432237379,1,0,1,0.7093294263,1,1,0,0,0,0,-1,0.5,0,0,1000000000,0,0,1,0,0,0,0,0,0,0,0,0,-4.512089774,-4.263556,0,0,0,0,0
1944,1789388674601726990,41573654267239,-0.0003211298026,1,0,1,0.7093294263,1,1,0,0,0,0,-1,0.5,0,0,1000000000,0,0,1,0,0,0,0,0,0,0,0,0,-4.512089774,-4.263556,0,0,0,0,0
1945,1789388674611722981,41573664263222,-9.8162629e-05,1,0,1,0.7093294263,1,1,0,0,0,0,-1,0.5,0,0,1000000000,0,0,1,0,0,0,0,0,0,0,0,0,-4.512089774,-4.263556,0,0,0,0,0
1946,1789388674621720811,41573674261076,0.0001572230103,1,0,1,0.7093294263,1,1,0,0,0,0,-1,0.5,0,0,1000000000,0,0,1,0,0,0,0,0,0,0,0,0,-4.512089774,-4.263556,0,0,0,0,0
1947,1789388674631707294,41573684247441,0.0003831811191,1,0,1,0.7093294263,1,1,0,0,0,0,-1,0.5,0,0,1000000000,0,0,1,0,0,0,0,0,0,0,0,0,-4.512089774,-4.263556,0,0,0,0,0
1948,1789388674641698912,41573694239182,0.0002273972495,1,0,1,0.7212215066,1,1,0,0,0,0,-1,0.5,0,0,1000000000,0,0,1,0,0,0,0,0,0,0,0,0,-4.512089774,-4.263556,0,0,0,0,0
1949,1789388674651712416,41573704252688,-2.377593955e-05,1,0,1,0.7212215066,1,1,0,0,0,0,-1,0.5,0,0,1000000000,0,0,1,0,0,0,0,0,0,0,0,0,-4.512089774,-4.263556,0,0,0,0,0
1950,1789388674661695077,41573714235347,-0.000247055199,1,0,1,0.7212215066,1,1,0,0,0,0,-1,0.5,0,0,1000000000,0,0,1,0,0,0,0,0,0,0,0,0,-4.512089774,-4.263556,0,0,0,0,0
1951,1789388674671702032,41573724242300,-0.0002871062024,1,0,1,0.7212215066,1,1,0,0,0,0,-1,0.5,0,0,1000000000,0,0,1,0,0,0,0,0,0,0,0,0,-4.512089774,-4.263556,0,0,0,0,0
1952,1789388674681703872,41573734244141,-4.808401718e-05,1,0,1,0.7212215066,1,1,1,0,0,0,-1,0.5,0,0,1000000000,0,0,1,0,0,0,0,0,0,0,0,0,-4.512089774,-4.263556,0,0,0,0,0
1953,1789388674691699955,41573744240223,0.0002009082382,1,0,1,0.7212215066,1,1,0,0,0,0,-1,0.5,0,0,1000000000,0,0,1,0,0,0,0,0,0,0,0,0,-4.512089774,-4.263556,0,0,0,0,0
1954,1789388674701765704,41573754305978,0.0002744972298,1,0,1,0.7212215066,1,1,0,0,0,0,-1,0.5,0,0,1000000000,0,0,1,0,0,0,0,0,0,0,0,0,-4.512089774,-4.263556,0,0,0,0,0
1955,1789388674711714030,41573764254280,0.000156716007,1,0,1,0.7212215066,1,1,0,0,0,0,-1,0.5,0,0,1000000000,0,0,1,0,0,0,0,0,0,0,0,0,-4.512089774,-4.263556,0,0,0,0,0
1956,1789388674721714373,41573774254618,-2.473562017e-05,1,0,1,0.7212215066,1,1,0,0,0,0,-1,0.5,0,0,1000000000,0,0,1,0,0,0,0,0,0,0,0,0,-4.512089774,-4.263556,0,0,0,0,0
1957,1789388674731724133,41573784264401,-8.896888176e-05,1,0,1,0.7212215066,1,1,0,0,0,0,-1,0.5,0,0,1000000000,0,0,1,0,0,0,0,0,0,0,0,0,-4.512089774,-4.263556,0,0,0,0,0
1958,1789388674741711418,41573794251681,-6.967763329e-05,1,0,1,0.7212449312,1,1,0,0,0,0,-1,0.5,0,0,1000000000,0,0,1,0,0,0,0,0,0,0,0,0,-4.512089774,-4.263556,0,0,0,0,0
1959,1789388674751717841,41573804258102,0.0001745487389,1,0,1,0.7212449312,1,1,0,0,0,0,-1,0.5,0,0,1000000000,0,0,1,0,0,0,0,0,0,0,0,0,-4.512089774,-4.263556,0,0,0,0,0
1960,1789388674761712999,41573814253159,0.0002741514472,1,0,1,0.7212449312,1,1,0,0,0,0,-1,0.5,0,0,1000000000,0,0,1,0,0,0,0,0,0,0,0,0,-4.512089774,-4.263556,0,0,0,0,0
1961,1789388674771714930,41573824255173,0.0001325434132,1,0,1,0.7212449312,1,1,0,0,0,0,-1,0.5,0,0,1000000000,0,0,1,0,0,0,0,0,0,0,0,0,-4.512089774,-4.263556,0,0,0,0,0
1962,1789388674781780569,41573834320840,1.656982022e-05,1,0,1,0.7212449312,1,1,1,0,0,0,-1,0.5,0,0,1000000000,0,0,1,0,0,0,0,0,0,0,0,0,-4.512089774,-4.263556,0,0,0,0,0
1963,1789388674791706365,41573844246630,-0.0001389032259,1,0,1,0.7212449312,1,1,0,0,0,0,-1,0.5,0,0,1000000000,0,0,1,0,0,0,0,0,0,0,0,0,-4.512089774,-4.263556,0,0,0,0,0
1964,1789388674801724041,41573854264308,-0.0001753447141,1,0,1,0.7212449312,1,1,0,0,0,0,-1,0.5,0,0,1000000000,0,0,1,0,0,0,0,0,0,0,0,0,-4.512089774,-4.263556,0,0,0,0,0
1965,1789388674811706788,41573864247054,-9.350924665e-05,1,0,1,0.7212449312,1,1,0,0,0,0,-1,0.5,0,0,1000000000,0,0,1,0,0,0,0,0,0,0,0,0,-4.512089774,-4.263556,0,0,0,0,0
1966,1789388674821719091,41573874259358,0.0001568815787,1,0,1,0.7212449312,1,1,0,0,0,0,-1,0.5,0,0,1000000000,0,0,1,0,0,0,0,0,0,0,0,0,-4.512089774,-4.263556,0,0,0,0,0
1967,1789388674831719242,41573884259405,0.0003500198363,1,0,1,0.7212449312,1,1,0,0,0,0,-1,0.5,0,0,1000000000,0,0,1,0,0,0,0,0,0,0,0,0,-4.512089774,-4.263556,0,0,0,0,0
1968,1789388674841706626,41573894246892,0.000157665374,1,0,1,0.7212818861,1,1,0,0,0,0,-1,0.5,0,0,1000000000,0,0,1,0,0,0,0,0,0,0,0,0,-4.512089774,-4.263556,0,0,0,0,0
1969,1789388674851743734,41573904284003,-4.516338595e-05,1,0,1,0.7212818861,1,1,0,0,0,0,-1,0.5,0,0,1000000000,0,0,1,0,0,0,0,0,0,0,0,0,-4.512089774,-4.263556,0,0,0,0,0
1970,1789388674861708118,41573914248386,-0.0002824422554,1,0,1,0.7212818861,1,1,0,0,0,0,-1,0.5,0,0,1000000000,0,0,1,0,0,0,0,0,0,0,0,0,-4.512089774,-4.263556,0,0,0,0,0
1971,1789388674871713939,41573924254201,-0.0003336807422,1,0,1,0.7212818861,1,1,0,0,0,0,-1,0.5,0,0,1000000000,0,0,1,0,0,0,0,0,0,0,0,0,-4.512089774,-4.263556,0,0,0,0,0
1972,1789388674881699062,41573934239331,-0.000160435593,1,0,1,0.7212818861,1,1,1,0,0,0,-1,0.5,0,0,1000000000,0,0,1,0,0,0,0,0,0,0,0,0,-4.512089774,-4.263556,0,0,0,0,0
1973,1789388674891764486,41573944304750,0.0001120450615,1,0,1,0.7212818861,1,1,0,0,0,0,-1,0.5,0,0,1000000000,0,0,1,0,0,0,0,0,0,0,0,0,-4.512089774,-4.263556,0,0,0,0,0
1974,1789388674901705915,41573954246185,0.0003711252939,1,0,1,0.7212818861,1,1,0,0,0,0,-1,0.5,0,0,1000000000,0,0,1,0,0,0,0,0,0,0,0,0,-4.512089774,-4.263556,0,0,0,0,0
1975,1789388674911701361,41573964241634,0.0002141545847,1,0,1,0.7212818861,1,1,0,0,0,0,-1,0.5,0,0,1000000000,0,0,1,0,0,0,0,0,0,0,0,0,-4.512089774,-4.263556,0,0,0,0,0
1976,1789388674921697272,41573974237541,-5.994415187e-05,1,0,1,0.7212818861,1,1,0,0,0,0,-1,0.5,0,0,1000000000,0,0,1,0,0,0,0,0,0,0,0,0,-4.512089774,-4.263556,0,0,0,0,0
1977,1789388674931695738,41573984236013,-0.0002901071566,1,0,1,0.7212818861,1,1,0,0,0,0,-1,0.5,0,0,1000000000,0,0,1,0,0,0,0,0,0,0,0,0,-4.512089774,-4.263556,0,0,0,0,0
1978,1789388674941702225,41573994242502,-0.0003372638603,1,0,1,0.7210067511,1,1,0,0,0,0,-1,0.5,0,0,1000000000,0,0,1,0,0,0,0,0,0,0,0,0,-4.512089774,-4.263556,0,0,0,0,0
1979,1789388674951692998,41574004233253,-0.0001808410889,1,0,1,0.7210067511,1,1,0,0,0,0,-1,0.5,0,0,1000000000,0,0,1,0,0,0,0,0,0,0,0,0,-4.512089774,-4.263556,0,0,0,0,0
1980,1789388674961705732,41574014245994,6.833925727e-05,1,0,1,0.7210067511,1,1,0,0,0,0,-1,0.5,0,0,1000000000,0,0,1,0,0,0,0,0,0,0,0,0,-4.512089774,-4.263556,0,0,0,0,0
1981,1789388674971701694,41574024241956,0.0002559720015,1,0,1,0.7210067511,1,1,0,0,0,0,-1,0.5,0,0,1000000000,0,0,1,0,0,0,0,0,0,0,0,0,-4.512089774,-4.263556,0,0,0,0,0
1982,1789388674981716541,41574034256812,0.0002042210835,1,0,1,0.7210067511,1,1,1,0,0,0,-1,0.5,0,0,1000000000,0,0,1,0,0,0,0,0,0,0,0,0,-4.512089774,-4.263556,0,0,0,0,0
1983,1789388674991709154,41574044249424,2.403014514e-05,1,0,1,0.7210067511,1,1,0,0,0,0,-1,0.5,0,0,1000000000,0,0,1,0,0,0,0,0,0,0,0,0,-4.512089774,-4.263556,0,0,0,0,0
1984,1789388675001706339,41574054246603,-0.000222023722,1,0,1,0.7210067511,1,1,0,0,0,0,-1,0.5,0,0,1000000000,0,0,1,0,0,0,0,0,0,0,0,0,-4.512089774,-4.263556,0,0,0,0,0
1985,1789388675011724584,41574064264835,-0.000318611681,1,0,1,0.7210067511,1,1,0,0,0,0,-1,0.5,0,0,1000000000,0,0,1,0,0,0,0,0,0,0,0,0,-4.512089774,-4.263556,0,0,0,0,0
1986,1789388675021705133,41574074245401,-0.0001910834253,1,0,1,0.7210067511,1,1,0,0,0,0,-1,0.5,0,0,1000000000,0,0,1,0,0,0,0,0,0,0,0,0,-4.512089774,-4.263556,0,0,0,0,0
1987,1789388675031731750,41574084272015,4.105373591e-06,1,0,1,0.7210067511,1,1,0,0,0,0,-1,0.5,0,0,1000000000,0,0,1,0,0,0,0,0,0,0,0,0,-4.512089774,-4.263556,0,0,0,0,0
1988,1789388675041711171,41574094251442,0.0001941986993,1,0,1,0.7179508805,1,1,0,0,0,0,-1,0.5,0,0,1000000000,0,0,1,0,0,0,0,0,0,0,0,0,-4.512089774,-4.263556,0,0,0,0,0
1989,1789388675051695368,41574104235633,0.0001363448537,1,0,1,0.7179508805,1,1,0,0,0,0,-1,0.5,0,0,1000000000,0,0,1,0,0,0,0,0,0,0,0,0,-4.512089774,-4.263556,0,0,0,0,0
1990,1789388675061702434,41574114242708,-5.951927233e-05,1,0,1,0.7179508805,1,1,0,0,0,0,-1,0.5,0,0,1000000000,0,0,1,0,0,0,0,0,0,0,0,0,-4.512089774,-4.263556,0,0,0,0,0
1991,1789388675071705061,41574124245328,-0.0001072934247,1,0,1,0.7179508805,1,1,0,0,0,0,-1,0.5,0,0,1000000000,0,0,1,0,0,0,0,0,0,0,0,0,-4.512089774,-4.263556,0,0,0,0,0
1992,1789388675081734440,41574134274321,-0.00021083506,1,0,1,0.7179508805,1,1,1,0,0,0,-1,0.5,0,0,1000000000,0,0,1,0,0,0,0,0,0,0,0,0,-4.512089774,-4.263556,0,0,0,0,0
1993,1789388675091703240,41574144243508,-7.071836444e-05,1,0,1,0.7179508805,1,1,0,0,0,0,-1,0.5,0,0,1000000000,0,0,1,0,0,0,0,0,0,0,0,0,-4.512089774,-4.263556,0,0,0,0,0
1994,1789388675101692334,41574154232603,8.208856161e-05,1,0,1,0.7179508805,1,1,0,0,0,0,-1,0.5,0,0,1000000000,0,0,1,0,0,0,0,0,0,0,0,0,-4.512089774,-4.263556,0,0,0,0,0
1995,1789388675111702177,41574164242448,0.0001573675981,1,0,1,0.7179508805,1,1,0,0,0,0,-1,0.5,0,0,1000000000,0,0,1,0,0,0,0,0,0,0,0,0,-4.512089774,-4.263556,0,0,0,0,0
1996,1789388675121697231,41574174237505,0.000115815179,1,0,1,0.7179508805,1,1,0,0,0,0,-1,0.5,0,0,1000000000,0,0,1,0,0,0,0,0,0,0,0,0,-4.512089774,-4.263556,0,0,0,0,0
1997,1789388675131696188,41574184236459,-3.24752109e-05,1,0,1,0.7179508805,1,1,0,0,0,0,-1,0.5,0,0,1000000000,0,0,1,0,0,0,0,0,0,0,0,0,-4.512089774,-4.263556,0,0,0,0,0
1998,1789388675141703849,41574194244122,-0.0001169117895,1,0,1,0.7189763784,1,1,0,0,0,0,-1,0.5,0,0,1000000000,0,0,1,0,0,0,0,0,0,0,0,0,-4.512089774,-4.263556,0,0,0,0,0
1999,1789388675151879180,41574204419453,-0.0001919246133,1,0,1,0.7189763784,1,1,0,0,0,0,-1,0.5,0,0,1000000000,0,0,1,0,0,0,0,0,0,0,0,0,-4.512089774,-4.263556,0,0,0,0,0
2000,1789388675161711505,41574214251772,-0.0002122167643,1,0,1,0.7189763784,1,1,0,0,0,0,-1,0.5,0,0,1000000000,0,0,1,0,0,0,0,0,0,0,0,0,-4.512089774,-4.263556,0,0,0,0,0
2001,1789388675171703703,41574224243979,-7.421243936e-05,1,0,1,0.7189763784,1,1,0,0,0,0,-1,0.5,0,0,1000000000,0,0,1,0,0,0,0,0,0,0,0,0,-4.512089774,-4.263556,0,0,0,0,0
2002,1789388675181741796,41574234282050,3.864707105e-05,1,0,1,0.7189763784,1,1,1,0,0,0,-1,0.5,0,0,1000000000,0,0,1,0,0,0,0,0,0,0,0,0,-4.512089774,-4.263556,0,0,0,0,0
2003,1789388675191711084,41574244251216,7.2313278e-06,1,0,1,0.7189763784,1,1,0,0,0,0,-1,0.5,0,0,1000000000,0,0,1,0,0,0,0,0,0,0,0,0,-4.512089774,-4.263556,0,0,0,0,0
2004,1789388675201736134,41574254276402,-3.562300844e-05,1,0,1,0.7189763784,1,1,0,0,0,0,-1,0.5,0,0,1000000000,0,0,1,0,0,0,0,0,0,0,0,0,-4.512089774,-4.263556,0,0,0,0,0
2005,1789388675211719381,41574264259640,-2.383406172e-05,1,0,1,0.7189763784,1,1,0,0,0,0,-1,0.5,0,0,1000000000,0,0,1,0,0,0,0,0,0,0,0,0,-4.512089774,-4.263556,0,0,0,0,0
2006,1789388675221716783,41574274256943,-8.607120435e-06,1,0,1,0.7189763784,1,1,0,0,0,0,-1,0.5,0,0,1000000000,0,0,1,0,0,0,0,0,0,0,0,0,-4.512089774,-4.263556,0,0,0,0,0
2007,1789388675231730164,41574284270434,0.0001738204883,1,0,1,0.7189763784,1,1,0,0,0,0,-1,0.5,0,0,1000000000,0,0,1,0,0,0,0,0,0,0,0,0,-4.512089774,-4.263556,0,0,0,0,0
2008,1789388675241706990,41574294247261,0.0003702608519,1,0,1,0.7144138813,1,1,0,0,0,0,-1,0.5,0,0,1000000000,0,0,1,0,0,0,0,0,0,0,0,0,-4.512089774,-4.263556,0,0,0,0,0
2009,1789388675251693789,41574304234060,0.0004184098798,1,0,1,0.7144138813,1,1,0,0,0,0,-1,0.5,0,0,1000000000,0,0,1,0,0,0,0,0,0,0,0,0,-4.512089774,-4.263556,0,0,0,0,0
2010,1789388675261693981,41574314234248,0.0007422639756,1,0,1,0.7144138813,1,1,0,0,0,0,-1,0.5,0,0,1000000000,0,0,1,0,0,0,0,0,0,0,0,0,-4.512089774,-4.263556,0,0,0,0,0
2011,1789388675271700205,41574324240476,0.001315884409,1,0,1,0.7144138813,1,1,0,0,0,0,-1,0.5,0,0,1000000000,0,0,1,0,0,0,0,0,0,0,0,0,-4.512089774,-4.263556,0,0,0,0,0
2012,1789388675281706707,41574334246979,0.001789236558,1,0,1,0.7144138813,1,1,1,0,0,0,-1,0.5,0,0,8975.139648,0,0,1,0,0,0,0,0,0,0,0,0,-4.512089774,-4.263556,0,0,0,0,0
2013,1789388675291702277,41574344242547,0.002156458097,1,0,1,0.7144138813,1,1,0,0,0,0,-1,0.5,0,0,8975.139648,0,0,1,0,0,0,0,0,0,0,0,0,-4.512089774,-4.263556,0,0,0,0,0
2014,1789388675301693693,41574354233959,0.002736999886,1,0,1,0.7144138813,1,1,0,0,0,0,-1,0.5,0,0,8975.139648,0,0,1,0,0,0,0,0,0,0,0,0,-4.512089774,-4.263556,0,0,0,0,0
2015,1789388675311719406,41574364259648,0.003659036476,1,0,1,0.7144138813,1,1,0,0,0,0,-1,0.5,0,0,8975.139648,0,0,1,0,0,0,0,0,0,0,0,0,-4.512089774,-4.263556,0,0,0,0,0
2016,1789388675321714987,41574374255257,0.005296115763,1,0,1,0.7144138813,1,1,0,0,0,0,-1,0.5,0,0,8975.139648,0,0,1,0,0,0,0,0,0,0,0,0,-4.512089774,-4.263556,0,0,0,0,0
2017,1789388675331711547,41574384251724,0.007455104496,1,0,1,0.7144138813,1,1,0,0,0,0,-1,0.5,0,0,8975.139648,0,0,1,0,0,0,0,0,0,0,0,0,-4.512089774,-4.263556,0,0,0,0,0
2018,1789388675341711701,41574394251972,0.01002456248,1,0,1,0.7226415277,1,1,0,0,0,0,-1,0.5,0,0,8975.139648,0,0,1,0,0,0,0,0,0,0,0,0,-4.512089774,-4.263556,0,0,0,0,0
2019,1789388675351725115,41574404265365,0.01203961018,1,0,1,0.7226415277,1,1,0,0,0,0,-1,0.5,0,0,8975.139648,0,0,1,0,0,0,0,0,0,0,0,0,-4.512089774,-4.263556,0,0,0,0,0
2020,1789388675361714050,41574414254237,0.01285380777,1,0,1,0.7226415277,1,1,0,0,0,0,-1,0.5,0,0,8975.139648,0,0,1,0,0,0,0,0,0,0,0,0,-4.512089774,-4.263556,0,0,0,0,0
2021,1789388675371760849,41574424301121,0.01432605088,1,0,1,0.7226415277,1,1,0,0,0,0,-1,0.5,0,0,8975.139648,0,0,1,0,0,0,0,0,0,0,0,0,-4.512089774,-4.263556,0,0,0,0,0
2022,1789388675381710312,41574434250565,0.01586771756,1,0,1,0.7226415277,1,1,1,0,0,0,-1,0.5,0,0,824.8026123,0,0,1,0,0,0,0,0,0,0,0,0,-4.512089774,-4.263556,0,0,0,0,0
2023,1789388675391710110,41574444250378,0.01742882282,1,0,1,0.7226415277,1,1,0,0,0,0,-1,0.5,0,0,824.8026123,0,0,1,0,0,0,0,0,0,0,0,0,-4.512089774,-4.263556,0,0,0,0,0
2024,1789388675401722233,41574454262498,0.0191830229,1,0,1,0.7226415277,1,1,0,0,0,0,-1,0.5,0,0,824.8026123,0,0,1,0,0,0,0,0,0,0,0,0,-4.512089774,-4.263556,0,0,0,0,0
2025,1789388675411708714,41574464248982,0.02113563009,1,0,1,0.7226415277,1,1,0,0,0,0,-1,0.5,0,0,824.8026123,0,0,1,0,0,0,0,0,0,0,0,0,-4.512089774,-4.263556,0,0,0,0,0
2026,1789388675421701517,41574474241789,0.02345168218,1,0,1,0.7226415277,1,1,0,0,0,0,-1,0.5,0,0,824.8026123,0,0,1,0,0,0,0,0,0,0,0,0,-4.512089774,-4.263556,0,0,0,0,0
2027,1789388675431701002,41574484241192,0.02598108537,1,0,1,0.7226415277,1,1,0,0,0,0,-1,0.5,0,0,824.8026123,0,0,1,0,0,0,0,0,0,0,0,0,-4.512089774,-4.263556,0,0,0,0,0
2028,1789388675441704950,41574494245224,0.02889998816,1,0,1,0.7220312953,1,1,0,0,0,0,-1,0.5,0,0,824.8026123,0,0,1,0,0,0,0,0,0,0,0,0,-4.512089774,-4.263556,0,0,0,0,0
2029,1789388675451701759,41574504242029,0.03218051791,1,0,1,0.7220312953,1,1,0,0,0,0,-1,0.5,0,0,824.8026123,0,0,1,0,0,0,0,0,0,0,0,0,-4.512089774,-4.263556,0,0,0,0,0
2030,1789388675461701282,41574514241551,0.03553919122,1,0,1,0.7220312953,1,1,0,0,0,0,-1,0.5,0,0,824.8026123,0,0,1,0,0,0,0,0,0,0,0,0,-4.512089774,-4.263556,0,0,0,0,0
2031,1789388675471710913,41574524251185,0.03904300183,1,0,1,0.7220312953,1,1,0,0,0,0,-1,0.5,0,0,824.8026123,0,0,1,0,0,0,0,0,0,0,0,0,-4.512089774,-4.263556,0,0,0,0,0
2032,1789388675481709202,41574534249474,0.0429536961,1,0,1,0.7220312953,1,1,1,0,0,0,-1,0.5,0,0,302.6008301,0,0,1,0,0,0,0,0,0,0,0,0,-4.512089774,-4.263556,0,0,0,0,0
2033,1789388675491694159,41574544234427,0.04699812829,1,0,1,0.7220312953,1,1,0,0,0,0,-1,0.5,0,0,302.6008301,0,0,1,0,0,0,0,0,0,0,0,0,-4.512089774,-4.263556,0,0,0,0,0
2034,1789388675501695093,41574554235362,0.05169957504,1,0,1,0.7220312953,1,1,0,0,0,0,-1,0.5,0,0,302.6008301,0,0,1,0,0,0,0,0,0,0,0,0,-4.512089774,-4.263556,0,0,0,0,0
2035,1789388675511693328,41574564233590,0.05672531575,1,0,1,0.7220312953,1,1,0,0,0,0,-1,0.5,0,0,302.6008301,0,0,1,0,0,0,0,0,0,0,0,0,-4.512089774,-4.263556,0,0,0,0,0
2036,1789388675521695006,41574574235275,0.06220508367,1,0,1,0.7220312953,1,1,0,0,0,0,-1,0.5,0,0,302.6008301,0,0,1,0,0,0,0,0,0,0,0,0,-4.512089774,-4.263556,0,0,0,0,0
2037,1789388675531693421,41574584233662,0.06780660897,1,0,1,0.7220312953,1,1,0,0,0,0,-1,0.5,0,0,302.6008301,0,0,1,0,0,0,0,0,0,0,0,0,-4.512089774,-4.263556,0,0,0,0,0
2038,1789388675541755446,41574594295628,0.07326999307,1,0,1,0.7196095586,1,1,0,0,0,0,-1,0.5,0,0,302.6008301,0,0,1,0,0,0,0,0,0,0,0,0,-4.512089774,-4.263556,0,0,0,0,0
2039,1789388675551696455,41574604236725,0.07923060656,1,0,1,0.7196095586,1,1,0,0,0,0,-1,0.5,0,0,302.6008301,0,0,1,0,0,0,0,0,0,0,0,0,-4.512089774,-4.263556,0,0,0,0,0
2040,1789388675561698615,41574614238887,0.08500021696,1,0,1,0.7196095586,1,1,0,0,0,0,-1,0.5,0,0,302.6008301,0,0,1,0,0,0,0,0,0,0,0,0,-4.512089774,-4.263556,0,0,0,0,0
2041,1789388675571700751,41574624241027,0.09092932194,1,0,1,0.7196095586,1,1,0,0,0,0,-1,0.5,0,0,302.6008301,0,0,1,0,0,0,0,0,0,0,0,0,-4.512089774,-4.263556,0,0,0,0,0
2042,1789388675581719628,41574634259895,0.09771423042,1,0,1,0.7196095586,1,1,1,0,0,0,-1,0.5,0,0,129.8288269,0,0,1,0,0,0,0,0,0,0,0,0,-4.512089774,-4.263556,0,0,0,0,0
2043,1789388675591731318,41574644271585,0.1051217318,1,0,1,0.7196095586,1,1,0,0,0,0,-1,0.5,0,0,129.8288269,0,0,1,0,0,0,0,0,0,0,0,0,-4.512089774,-4.263556,0,0,0,0,0
2044,1789388675601732754,41574654273009,0.1128064692,1,0,1,0.7196095586,1,1,0,0,0,0,-1,0.5,0,0,129.8288269,0,0,1,0,0,0,0,0,0,0,0,0,-4.512089774,-4.263556,0,0,0,0,0
2045,1789388675611719604,41574664259857,0.1203196272,1,0,1,0.7196095586,1,1,0,0,0,0,-1,0.5,0,0,129.8288269,0,0,1,0,0,0,0,0,0,0,0,0,-4.512089774,-4.263556,0,0,0,0,0
2046,1789388675621940215,41574674480486,0.1271808147,1,0,1,0.7196095586,1,1,0,0,0,0,-1,0.5,0,0,129.8288269,0,0,1,0,0,0,0,0,0,0,0,0,-4.512089774,-4.263556,0,0,0,0,0
2047,1789388675631701332,41574684241602,0.1336109191,1,0,1,0.7196095586,1,1,0,0,0,0,-1,0.5,0,0,129.8288269,0,0,1,0,0,0,0,0,0,0,0,0,-4.512089774,-4.263556,0,0,0,0,0
2048,1789388675641695735,41574694236011,0.1403685361,1,0,1,0.7134616971,1,1,0,0,0,0,-1,0.5,0,0,129.8288269,0,0,1,0,0,0,0,0,0,0,0,0,-4.512089774,-4.263556,0,0,0,0,0
2049,1789388675651692942,41574704233211,0.148388803,1,0,1,0.7134616971,1,1,0,0,0,0,-1,0.5,0,0,129.8288269,0,0,1,0,0,0,0,0,0,0,0,0,-4.512089774,-4.263556,0,0,0,0,0
2050,1789388675661699570,41574714239841,0.1576893479,1,0,1,0.7134616971,1,1,0,0,0,0,-1,0.5,0,0,129.8288269,0,0,1,0,0,0,0,0,0,0,0,0,-4.512089774,-4.263556,0,0,0,0,0
2051,1789388675671767203,41574724307360,0.1667949408,1,0,1,0.7134616971,1,1,0,0,0,0,-1,0.5,0,0,129.8288269,0,0,1,0,0,0,0,0,0,0,0,0,-4.512089774,-4.263556,0,0,0,0,0
2052,1789388675681712573,41574734252812,0.175834313,1,0,1,0.7134616971,1,1,1,0,0,0,-1,0.5,0,0,70.53839111,0,0,1,0,0,0,0,0,0,0,0,0,-4.512089774,-4.282109333,0,0,0,0,0
2053,1789388675691717680,41574744257943,0.1851476431,1,0,1,0.7134616971,1,1,0,0,0,0,-1,0.5,0,0,70.53839111,0,0,1,0,0,0,0,0,0,0,0,0,-4.512089774,-4.282109333,0,0,0,0,0
2054,1789388675701713202,41574754253461,0.195216924,1,0,1,0.7134616971,1,1,0,0,0,0,-1,0.5,0,0,70.53839111,0,0,1,0,0,0,0,0,0,0,0,0,-4.512089774,-4.282109333,0,0,0,0,0
2055,1789388675711716373,41574764256638,0.2051917315,1,0,1,0.7134616971,1,1,0,0,0,0,-1,0.5,0,0,70.53839111,0,0,1,0,0,0,0,0,0,0,0,0,-4.512089774,-4.282109333,0,0,0,0,0
2056,1789388675721711909,41574774252171,0.2148509771,1,0,1,0.7134616971,1,1,0,0,0,0,-1,0.5,0,0,70.53839111,0,0,1,0,0,0,0,0,0,0,0,0,-4.512089774,-4.282109333,0,0,0,0,0
2057,1789388675731765735,41574784306001,0.2247652411,1,0,1,0.7134616971,1,1,0,0,0,0,-1,0.5,0,0,70.53839111,0,0,1,0,0,0,0,0,0,0,0,0,-4.512089774,-4.282109333,0,0,0,0,0
2058,1789388675741715785,41574794256041,0.2351907194,1,0,1,0.7009766102,1,1,0,0,0,0,-1,0.5,0,0,70.53839111,0,0,1,0,0,0,0,0,0,0,0,0,-4.512089774,-4.282109333,0,0,0,0,0
2059,1789388675751711293,41574804251552,0.2456076294,1,0,1,0.7009766102,1,1,0,0,0,0,-1,0.5,0,0,70.53839111,0,0,1,0,0,0,0,0,0,0,0,0,-4.512089774,-4.282109333,0,0,0,0,0
2060,1789388675761712564,41574814252832,0.2557458878,1,0,1,0.7009766102,1,1,0,0,0,0,-1,0.5,0,0,70.53839111,0,0,1,0,0,0,0,0,0,0,0,0,-4.512089774,-4.282109333,0,0,0,0,0
2061,1789388675771714163,41574824254414,0.2657596171,1,0,1,0.7009766102,1,1,0,0,0,0,-1,0.5,0,0,70.53839111,0,0,1,0,0,0,0,0,0,0,0,0,-4.512089774,-4.282109333,0,0,0,0,0
2062,1789388675781722988,41574834263248,0.275996834,1,0,1,0.7009766102,1,1,1,0,0,0,-1,0.5,0,0,44.19020462,0,0,1,0,0,0,0,0,0,0,0,0,-4.541605636,-4.300662667,0,0,0,0,0
2063,1789388675791748966,41574844289226,0.2865399718,1,0,1,0.7009766102,1,1,0,0,0,0,-1,0.5,0,0,44.19020462,0,0,1,0,0,0,0,0,0,0,0,0,-4.541605636,-4.300662667,0,0,0,0,0
2064,1789388675801735795,41574854276051,0.2963923216,1,0,1,0.7009766102,1,1,0,0,0,0,-1,0.5,0,0,44.19020462,0,0,1,0,0,0,0,0,0,0,0,0,-4.541605636,-4.300662667,0,0,0,0,0
2065,1789388675811715461,41574864255706,0.3065387309,1,0,1,0.7009766102,1,1,0,0,0,0,-1,0.5,0,0,44.19020462,0,0,1,0,0,0,0,0,0,0,0,0,-4.541605636,-4.300662667,0,0,0,0,0
2066,1789388675821721831,41574874262091,0.3168003261,1,0,1,0.7009766102,1,1,0,0,0,0,-1,0.5,0,0,44.19020462,0,0,1,0,0,0,0,0,0,0,0,0,-4.541605636,-4.300662667,0,0,0,0,0
2067,1789388675831762246,41574884302509,0.3267499208,1,0,1,0.7009766102,1,1,0,0,0,0,-1,0.5,0,0,44.19020462,0,0,1,0,0,0,0,0,0,0,0,0,-4.541605636,-4.300662667,0,0,0,0,0
2068,1789388675841719757,41574894260016,0.3371664286,1,0,1,0.7018182874,1,1,0,0,0,0,-1,0.5,0,0,44.19020462,0,0,1,0,0,0,0,0,0,0,0,0,-4.541605636,-4.300662667,0,0,0,0,0
2069,1789388675851727949,41574904268217,0.3475029767,1,0,1,0.7018182874,1,1,0,0,0,0,-1,0.5,0,0,44.19020462,0,0,1,0,0,0,0,0,0,0,0,0,-4.541605636,-4.300662667,0,0,0,0,0
2070,1789388675861709069,41574914249331,0.3580878973,1,0,1,0.7018182874,1,1,0,0,0,0,-1,0.5,0,0,44.19020462,0,0,1,0,0,0,0,0,0,0,0,0,-4.541605636,-4.300662667,0,0,0,0,0
2071,1789388675871730828,41574924271099,0.3689257801,1,0,1,0.7018182874,1,1,0,0,0,0,-1,0.5,0,0,44.19020462,0,0,1,0,0,0,0,0,0,0,0,0,-4.541605636,-4.300662667,0,0,0,0,0
2072,1789388675881700462,41574934240732,0.3791622221,1,0,1,0.7018182874,1,1,1,0,0,0,-1,0.5,0,0,31.68063164,0,0,1,0,0,0,0,0,0,0,0,0,-4.571121497,-4.337769334,1,0,0,0,0
2073,1789388675891695048,41574944235313,0.3893266916,1,0,1,0.7018182874,1,1,0,0,0,0,-1,0.5,0,0,31.68063164,0,0,1,0,0,0,0,0,0,0,0,0,-4.571121497,-4.337769334,1,0,0,0,0
2074,1789388675901713462,41574954253732,0.3993838429,1,0,1,0.7018182874,1,1,0,0,0,0,-1,0.5,0,0,31.68063164,0,0,1,0,0,0,0,0,0,0,0,0,-4.571121497,-4.337769334,1,0,0,0,0
2075,1789388675911698085,41574964238355,0.4090235233,1,0,1,0.7018182874,1,1,0,0,0,0,-1,0.5,0,0,31.68063164,0,0,1,0,0,0,0,0,0,0,0,0,-4.571121497,-4.337769334,1,0,0,0,0
2076,1789388675921715443,41574974255713,0.4194194674,1,0,1,0.7018182874,1,1,0,0,0,0,-1,0.5,0,0,31.68063164,0,0,1,0,0,0,0,0,0,0,0,0,-4.571121497,-4.337769334,1,0,0,0,0
2077,1789388675931711382,41574984251635,0.4304326773,1,0,1,0.7018182874,1,1,0,0,0,0,-1,0.5,0,0,31.68063164,0,0,1,0,0,0,0,0,0,0,0,0,-4.571121497,-4.337769334,1,0,0,0,0
2078,1789388675941695367,41574994235643,0.4402178824,1,0,1,0.6887478828,1,1,0,0,0,0,-1,0.5,0,0,31.68063164,0,0,1,0,0,0,0,0,0,0,0,0,-4.571121497,-4.337769334,1,0,0,0,0
2079,1789388675951693383,41575004233656,0.4502860904,1,0,1,0.6887478828,1,1,0,0,0,0,-1,0.5,0,0,31.68063164,0,0,1,0,0,0,0,0,0,0,0,0,-4.571121497,-4.337769334,1,0,0,0,0
2080,1789388675961689777,41575014230056,0.4601181746,1,0,1,0.6887478828,1,1,0,0,0,0,-1,0.5,0,0,31.68063164,0,0,1,0,0,0,0,0,0,0,0,0,-4.571121497,-4.337769334,1,0,0,0,0
2081,1789388675971729368,41575024269637,0.4694758356,1,0,1,0.6887478828,1,1,0,0,0,0,-1,0.5,0,0,31.68063164,0,0,1,0,0,0,0,0,0,0,0,0,-4.571121497,-4.337769334,1,0,0,0,0
2082,1789388675981700443,41575034240708,0.480137825,1,0,1,0.6887478828,1,1,1,0,0,0,-1,0.5,0,0,24.82300949,0,0,1,0,0,0,0,0,0,0,0,0,-4.615395291,-4.374876001,1,0,0,0,0
2083,1789388675991716064,41575044256241,0.4899947643,1,0,1,0.6887478828,1,1,0,0,0,0,-1,0.5,0,0,24.82300949,0,0,1,0,0,0,0,0,0,0,0,0,-4.615395291,-4.374876001,1,0,0,0,0
2084,1789388676001696351,41575054236605,0.4999939203,1,0,1,0.6887478828,1,1,0,0,0,0,-1,0.5,0,0,24.82300949,0,0,1,0,0,0,0,0,0,0,0,0,-4.615395291,-4.374876001,1,0,0,0,0
2085,1789388676011695808,41575064236077,0.5093960762,1,0,1,0.6887478828,1,1,0,0,0,0,-1,0.5,0,0,24.82300949,0,0,1,0,0,0,0,0,0,0,0,0,-4.615395291,-4.374876001,1,0,0,0,0
2086,1789388676021701532,41575074241806,0.5187544227,1,0,1,0.6887478828,1,1,0,0,0,0,-1,0.5,0,0,24.82300949,0,0,1,0,0,0,0,0,0,0,0,0,-4.615395291,-4.374876001,1,0,0,0,0
2087,1789388676031712116,41575084252388,0.5289946198,1,0,1,0.6887478828,1,1,0,0,0,0,-1,0.5,0,0,24.82300949,0,0,1,0,0,0,0,0,0,0,0,0,-4.615395291,-4.374876001,1,0,0,0,0
2088,1789388676041712865,41575094253120,0.5380337238,1,0,1,0.7049752474,1,1,0,0,0,0,-1,0.5,0,0,24.82300949,0,0,1,0,0,0,0,0,0,0,0,0,-4.615395291,-4.374876001,1,0,0,0,0
2089,1789388676051719310,41575104259538,0.5480630398,1,0,1,0.7049752474,1,1,0,0,0,0,-1,0.5,0,0,24.82300949,0,0,1,0,0,0,0,0,0,0,0,0,-4.615395291,-4.374876001,1,0,0,0,0
2090,1789388676061736409,41575114276661,0.5568557382,1,0,1,0.7049752474,1,1,0,0,0,0,-1,0.5,0,0,24.82300949,0,0,1,0,0,0,0,0,0,0,0,0,-4.615395291,-4.374876001,1,0,0,0,0
2091,1789388676071711338,41575124251594,0.5669079423,1,0,1,0.7049752474,1,1,1,0,0,0,-1,0.5,0,0,20.41489601,0,0,1,0,0,0,0,0,0,0,0,0,-4.615395291,-4.374876001,1,0,0,0,0
2092,1789388676081716705,41575134256965,0.5766187906,1,0,1,0.7049752474,1,1,0,0,0,0,-1,0.5,0,0,20.41489601,0,0,1,0,0,0,0,0,0,0,0,0,-4.615395291,-4.374876001,1,0,0,0,0
2093,1789388676091712055,41575144252224,0.5867904425,1,0,1,0.7049752474,1,1,0,0,0,0,-1,0.5,0,0,20.41489601,0,0,1,0,0,0,0,0,0,0,0,0,-4.615395291,-4.374876001,1,0,0,0,0
2094,1789388676101712983,41575154253241,0.5964350104,1,0,1,0.7049752474,1,1,0,0,0,0,-1,0.5,0,0,20.41489601,0,0,1,0,0,0,0,0,0,0,0,0,-4.615395291,-4.374876001,1,0,0,0,0
2095,1789388676111715933,41575164256188,0.6054711938,1,0,1,0.7049752474,1,1,0,0,0,0,-1,0.5,0,0,20.41489601,0,0,1,0,0,0,0,0,0,0,0,0,-4.615395291,-4.374876001,1,0,0,0,0
2096,1789388676121712843,41575174253091,0.6148762703,1,0,1,0.7049752474,1,1,0,0,0,0,-1,0.5,0,0,20.41489601,0,0,1,0,0,0,0,0,0,0,0,0,-4.615395291,-4.374876001,1,0,0,0,0
2097,1789388676131765850,41575184306116,0.6247842908,1,0,1,0.7049752474,1,1,0,0,0,0,-1,0.5,0,0,20.41489601,0,0,1,0,0,0,0,0,0,0,0,0,-4.615395291,-4.374876001,1,0,0,0,0
2098,1789388676141712864,41575194253125,0.6346691847,1,0,1,0.6943625808,1,1,0,0,0,0,-1,0.5,0,0,20.41489601,0,0,1,0,0,0,0,0,0,0,0,0,-4.615395291,-4.374876001,1,0,0,0,0
2099,1789388676151712628,41575204252894,0.6439291835,1,0,1,0.6943625808,1,1,0,0,0,0,-1,0.5,0,0,20.41489601,0,0,1,0,0,0,0,0,0,0,0,0,-4.615395291,-4.374876001,1,0,0,0,0
2100,1789388676161712295,41575214252563,0.6531626582,1,0,1,0.6943625808,1,1,0,0,0,0,-1,0.5,0,0,20.41489601,0,0,1,0,0,0,0,0,0,0,0,0,-4.615395291,-4.374876001,1,0,0,0,0
2101,1789388676171731303,41575224271567,0.6625006795,1,0,1,0.6943625808,1,1,1,0,0,0,-1,0.5,0,0,17.37841606,0,0,1,0,0,0,0,0,0,0,0,0,-4.615395291,-4.374876001,1,0,0,0,0
2102,1789388676181778282,41575234318554,0.6717331409,1,0,1,0.6943625808,1,1,0,0,0,0,-1,0.5,0,0,17.37841606,0,0,1,0,0,0,0,0,0,0,0,0,-4.659669083,-4.449089334,1,0,0,0,0
2103,1789388676191705584,41575244245853,0.6804342866,1,0,1,0.6943625808,1,1,0,0,0,0,-1,0.5,0,0,17.37841606,0,0,1,0,0,0,0,0,0,0,0,0,-4.659669083,-4.449089334,1,0,0,0,0
2104,1789388676201714551,41575254254817,0.6891944408,1,0,1,0.6943625808,1,1,0,0,0,0,-1,0.5,0,0,17.37841606,0,0,1,0,0,0,0,0,0,0,0,0,-4.659669083,-4.449089334,1,0,0,0,0
2105,1789388676211720773,41575264261038,0.6993699074,1,0,1,0.6943625808,1,1,0,0,0,0,-1,0.5,0,0,17.37841606,0,0,1,0,0,0,0,0,0,0,0,0,-4.659669083,-4.449089334,1,0,0,0,0
2106,1789388676221720024,41575274260288,0.708018899,1,0,1,0.6943625808,1,1,0,0,0,0,-1,0.5,0,0,17.37841606,0,0,1,0,0,0,0,0,0,0,0,0,-4.659669083,-4.449089334,1,0,0,0,0
2107,1789388676231722292,41575284262549,0.7161282897,1,0,1,0.6943625808,1,1,0,0,0,0,-1,0.5,0,0,17.37841606,0,0,1,0,0,0,0,0,0,0,0,0,-4.659669083,-4.449089334,1,0,0,0,0
2108,1789388676241713867,41575294254134,0.7259532809,1,0,1,0.686622858,1,1,0,0,0,0,-1,0.5,0,0,17.37841606,0,0,1,0,0,0,0,0,0,0,0,0,-4.659669083,-4.449089334,1,0,0,0,0
2109,1789388676251713087,41575304253357,0.7343376279,1,0,1,0.686622858,1,1,0,0,0,0,-1,0.5,0,0,17.37841606,0,0,1,0,0,0,0,0,0,0,0,0,-4.659669083,-4.449089334,1,0,0,0,0
2110,1789388676261715290,41575314255552,0.743774116,1,0,1,0.686622858,1,1,0,0,0,0,-1,0.5,0,0,17.37841606,0,0,1,0,0,0,0,0,0,0,0,0,-4.659669083,-4.449089334,1,0,0,0,0
2111,1789388676271715922,41575324256167,0.7526530027,1,0,1,0.686622858,1,1,1,0,0,0,-1,0.5,0,0,15.26252556,0,0,1,0,0,0,0,0,0,0,0,0,-4.659669083,-4.449089334,1,0,0,0,0
2112,1789388676281723350,41575334263599,0.7616987824,1,0,1,0.686622858,1,1,0,0,0,0,-1,0.5,0,0,15.26252556,0,0,1,0,0,0,0,0,0,0,0,0,-4.733458737,-4.504749334,1,0,0,0,0
2113,1789388676291732376,41575344272637,0.7709326744,1,0,1,0.686622858,1,1,0,0,0,0,-1,0.5,0,0,15.26252556,0,0,1,0,0,0,0,0,0,0,0,0,-4.733458737,-4.504749334,1,0,0,0,0
2114,1789388676301714466,41575354254714,0.7792465687,1,0,1,0.686622858,1,1,0,0,0,0,-1,0.5,0,0,15.26252556,0,0,1,0,0,0,0,0,0,0,0,0,-4.733458737,-4.504749334,1,0,0,0,0
2115,1789388676311730177,41575364270423,0.7884962559,1,0,1,0.686622858,1,1,0,0,0,0,-1,0.5,0,0,15.26252556,0,0,1,0,0,0,0,0,0,0,0,0,-4.733458737,-4.504749334,1,0,0,0,0
2116,1789388676321718331,41575374258588,0.7979826331,1,0,1,0.686622858,1,1,0,0,0,0,-1,0.5,0,0,15.26252556,0,0,1,0,0,0,0,0,0,0,0,0,-4.733458737,-4.504749334,1,0,0,0,0
2117,1789388676331715173,41575384255433,0.8062958121,1,0,1,0.6626319885,1,1,0,0,0,0,-1,0.5,0,0,15.26252556,0,0,1,0,0,0,0,0,0,0,0,0,-4.733458737,-4.504749334,1,0,0,0,0
2118,1789388676341741328,41575394281588,0.81605196,1,0,1,0.6626319885,1,1,0,0,0,0,-1,0.5,0,0,15.26252556,0,0,1,0,0,0,0,0,0,0,0,0,-4.733458737,-4.504749334,1,0,0,0,0
2119,1789388676351714070,41575404254326,0.8242604136,1,0,1,0.6626319885,1,1,0,0,0,0,-1,0.5,0,0,15.26252556,0,0,1,0,0,0,0,0,0,0,0,0,-4.733458737,-4.504749334,1,0,0,0,0
2120,1789388676361716907,41575414257172,0.8342890739,1,0,1,0.6626319885,1,1,0,0,0,0,-1,0.5,0,0,15.26252556,0,0,1,0,0,0,0,0,0,0,0,0,-4.733458737,-4.504749334,1,0,0,0,0
2121,1789388676371724695,41575424264938,0.8435277939,1,0,1,0.6626319885,1,1,1,0,0,0,-1,0.5,0,0,1000000000,0,0,1,0,0,0,0,0,0,0,0,0,-4.733458737,-4.504749334,1,0,0,0,0
2122,1789388676381713735,41575434253987,0.8517366648,1,0,1,0.6626319885,1,1,0,0,0,0,-1,0.5,0,0,1000000000,0,0,1,0,0,0,0,0,0,0,0,0,-4.79249046,-4.597516,1,0,0,0,0
2123,1789388676391745207,41575444285465,0.8602695465,1,0,1,0.6626319885,1,1,0,0,0,0,-1,0.5,0,0,1000000000,0,0,1,0,0,0,0,0,0,0,0,0,-4.79249046,-4.597516,1,0,0,0,0
2124,1789388676401722142,41575454262391,0.8701239228,1,0,1,0.6626319885,1,1,0,0,0,0,-1,0.5,0,0,1000000000,0,0,1,0,0,0,0,0,0,0,0,0,-4.79249046,-4.597516,1,0,0,0,0
2125,1789388676411717948,41575464258219,0.8789088726,1,0,1,0.6626319885,1,1,0,0,0,0,-1,0.5,0,0,1000000000,0,0,1,0,0,0,0,0,0,0,0,0,-4.79249046,-4.597516,1,0,0,0,0
2126,1789388676421904239,41575474444509,0.8882181048,1,0,1,0.6626319885,1,1,0,0,0,0,-1,0.5,0,0,1000000000,0,0,1,0,0,0,0,0,0,0,0,0,-4.79249046,-4.597516,1,0,0,0,0
2127,1789388676431700972,41575484241240,0.8977749944,1,0,1,0.6626319885,1,1,0,0,0,0,-1,0.5,0,0,1000000000,0,0,1,0,0,0,0,0,0,0,0,0,-4.79249046,-4.597516,1,0,0,0,0
2128,1789388676441701240,41575494241509,0.9063056707,1,0,1,0.6808388233,1,1,0,0,0,0,-1,0.5,0,0,1000000000,0,0,1,0,0,0,0,0,0,0,0,0,-4.79249046,-4.597516,1,0,0,0,0
2129,1789388676451695062,41575504235330,0.9158608317,1,0,1,0.6808388233,1,1,0,0,0,0,-1,0.5,0,0,1000000000,0,0,1,0,0,0,0,0,0,0,0,0,-4.79249046,-4.597516,1,0,0,0,0
2130,1789388676461695950,41575514236229,0.9253259301,1,0,1,0.6808388233,1,1,0,0,0,0,-1,0.5,0,0,1000000000,0,0,1,0,0,0,0,0,0,0,0,0,-4.79249046,-4.597516,1,0,0,0,0
2131,1789388676471715700,41575524255968,0.934227407,1,0,1,0.6808388233,1,1,1,0,0,0,-1,0.5,0,0,1000000000,0,0,1,0,0,0,0,0,0,0,0,0,-4.79249046,-4.597516,1,0,0,0,0
2132,1789388676481702596,41575534242864,0.9433125854,1,0,1,0.6808388233,1,1,0,0,0,0,-1,0.5,0,0,1000000000,0,0,1,0,0,0,0,0,0,0,0,0,-4.866280114,-4.671729334,1,0,0,0,0
2133,1789388676491773442,41575544313370,0.9529770017,1,0,1,0.6808388233,1,1,0,0,0,0,-1,0.5,0,0,1000000000,0,0,1,0,0,0,0,0,0,0,0,0,-4.866280114,-4.671729334,1,0,0,0,0
2134,1789388676501712539,41575554252807,0.9626902938,1,0,1,0.6808388233,1,1,0,0,0,0,-1,0.5,0,0,1000000000,0,0,1,0,0,0,0,0,0,0,0,0,-4.866280114,-4.671729334,1,0,0,0,0
2135,1789388676511708533,41575564248805,0.9715547562,1,0,1,0.6808388233,1,1,0,0,0,0,-1,0.5,0,0,1000000000,0,0,1,0,0,0,0,0,0,0,0,0,-4.866280114,-4.671729334,1,0,0,0,0
2136,1789388676521713504,41575574253774,0.9812331796,1,0,1,0.6808388233,1,1,0,0,0,0,-1,0.5,0,0,1000000000,0,0,1,0,0,0,0,0,0,0,0,0,-4.866280114,-4.671729334,1,0,0,0,0
2137,1789388676531693013,41575584233289,0.9912230372,1,0,1,0.6808388233,1,1,0,0,0,0,-1,0.5,0,0,1000000000,0,0,1,0,0,0,0,0,0,0,0,0,-4.866280114,-4.671729334,1,0,0,0,0
2138,1789388676541693186,41575594233463,1.000487089,1,0,1,0.6672854424,1,1,0,0,0,0,-1,0.5,0,0,1000000000,0,0,1,0,0,0,0,0,0,0,0,0,-4.866280114,-4.671729334,1,0,0,0,0
2139,1789388676551695861,41575604236133,1.009604573,1,0,1,0.6672854424,1,1,0,0,0,0,-1,0.5,0,0,1000000000,0,0,1,0,0,0,0,0,0,0,0,0,-4.866280114,-4.671729334,1,0,0,0,0
2140,1789388676561700805,41575614241076,1.01812315,1,0,1,0.6672854424,1,1,0,0,0,0,-1,0.5,0,0,1000000000,0,0,1,0,0,0,0,0,0,0,0,0,-4.866280114,-4.671729334,1,0,0,0,0
2141,1789388676571714382,41575624254647,1.02892983,1,0,1,0.6672854424,1,1,1,0,0,0,-1,0.5,0,0,1000000000,0,0,1,0,0,0,0,0,0,0,0,0,-4.866280114,-4.671729334,1,0,0,0,0
2142,1789388676581701335,41575634241600,1.038305879,1,0,1,0.6672854424,1,1,0,0,0,0,-1,0.5,0,0,1000000000,0,0,1,0,0,0,0,0,0,0,0,0,-4.866280114,-4.671729334,1,0,0,0,0
2143,1789388676591703830,41575644244093,1.047350168,1,0,1,0.6672854424,1,1,0,0,0,0,-1,0.5,0,0,1000000000,0,0,1,0,0,0,0,0,0,0,0,0,-4.866280114,-4.671729334,1,0,0,0,0
2144,1789388676601703494,41575654243755,1.057076097,1,0,1,0.6672854424,1,1,0,0,0,0,-1,0.5,0,0,1000000000,0,0,1,0,0,0,0,0,0,0,0,0,-4.866280114,-4.671729334,1,0,0,0,0
2145,1789388676611718037,41575664258304,1.066248059,1,0,1,0.6672854424,1,1,0,0,0,0,-1,0.5,0,0,1000000000,0,0,1,0,0,0,0,0,0,0,0,0,-4.866280114,-4.671729334,1,0,0,0,0
2146,1789388676621720652,41575674260922,1.075398088,1,0,1,0.6672854424,1,1,0,0,0,0,-1,0.5,0,0,1000000000,0,0,1,0,0,0,0,0,0,0,0,0,-4.866280114,-4.671729334,1,0,0,0,0
2147,1789388676631723976,41575684264149,1.085364103,1,0,1,0.6672854424,1,1,0,0,0,0,-1,0.5,0,0,1000000000,0,0,1,0,0,0,0,0,0,0,0,0,-4.866280114,-4.671729334,1,0,0,0,0
2148,1789388676641758159,41575694298323,1.09413445,1,0,1,0.6811265945,1,1,0,0,0,0,-1,0.5,0,0,1000000000,0,0,1,0,0,0,0,0,0,0,0,0,-4.866280114,-4.671729334,1,0,0,0,0
2149,1789388676651707286,41575704247560,1.103696465,1,0,1,0.6811265945,1,1,0,0,0,0,-1,0.5,0,0,1000000000,0,0,1,0,0,0,0,0,0,0,0,0,-4.866280114,-4.671729334,1,0,0,0,0
2150,1789388676661711866,41575714252034,1.112802148,1,0,1,0.6811265945,1,1,0,0,0,0,-1,0.5,0,0,1000000000,0,0,1,0,0,0,0,0,0,0,0,0,-4.866280114,-4.671729334,1,0,0,0,0
2151,1789388676671717075,41575724257345,1.121813059,1,0,1,0.6811265945,1,1,1,0,0,0,-1,0.5,0,0,1000000000,0,0,1,0,0,0,0,0,0,0,0,0,-4.866280114,-4.671729334,1,0,0,0,0
2152,1789388676681731537,41575734271761,1.132076621,1,0,1,0.6811265945,1,1,0,0,0,0,-1,0.5,0,0,1000000000,0,0,1,0,0,0,0,0,0,0,0,0,-4.954827699,-4.764496,1,0,0,0,0
2153,1789388676691785099,41575744325363,1.141593456,1,0,1,0.6811265945,1,1,0,0,0,0,-1,0.5,0,0,1000000000,0,0,1,0,0,0,0,0,0,0,0,0,-4.954827699,-4.764496,1,0,0,0,0
2154,1789388676701710417,41575754250681,1.149930477,1,0,1,0.6811265945,1,1,0,0,0,0,-1,0.5,0,0,1000000000,0,0,1,0,0,0,0,0,0,0,0,0,-4.954827699,-4.764496,1,0,0,0,0
2155,1789388676711718479,41575764258733,1.159251094,1,0,1,0.6811265945,1,1,0,0,0,0,-1,0.5,0,0,1000000000,0,0,1,0,0,0,0,0,0,0,0,0,-4.954827699,-4.764496,1,0,0,0,0
2156,1789388676721716497,41575774256766,1.168148875,1,0,1,0.6811265945,1,1,0,0,0,0,-1,0.5,0,0,1000000000,0,0,1,0,0,0,0,0,0,0,0,0,-4.954827699,-4.764496,1,0,0,0,0
2157,1789388676731757834,41575784297953,1.176842332,1,0,1,0.6811265945,1,1,0,0,0,0,-1,0.5,0,0,1000000000,0,0,1,0,0,0,0,0,0,0,0,0,-4.954827699,-4.764496,1,0,0,0,0
2158,1789388676741707072,41575794247348,1.186813116,1,0,1,0.6950606704,1,1,0,0,0,0,-1,0.5,0,0,1000000000,0,0,1,0,0,0,0,0,0,0,0,0,-4.954827699,-4.764496,1,0,0,0,0
2159,1789388676751705967,41575804246224,1.195942879,1,0,1,0.6950606704,1,1,0,0,0,0,-1,0.5,0,0,1000000000,0,0,1,0,0,0,0,0,0,0,0,0,-4.954827699,-4.764496,1,0,0,0,0
2160,1789388676761717600,41575814257871,1.204770565,1,0,1,0.6950606704,1,1,0,0,0,0,-1,0.5,0,0,1000000000,0,0,1,0,0,0,0,0,0,0,0,0,-4.954827699,-4.764496,1,0,0,0,0
2161,1789388676771717376,41575824257626,1.213548422,1,0,1,0.6950606704,1,1,1,0,0,0,-1,0.5,0,0,1000000000,0,0,1,0,0,0,0,0,0,0,0,0,-4.954827699,-4.764496,1,0,0,0,0
2162,1789388676781732543,41575834272789,1.22343111,1,0,1,0.6950606704,1,1,0,0,0,0,-1,0.5,0,0,1000000000,0,0,1,0,0,0,0,0,0,0,0,0,-5.028617353,-4.894369333,1,0,0,0,0
2163,1789388676791743090,41575844283348,1.231961966,1,0,1,0.6950606704,1,1,0,0,0,0,-1,0.5,0,0,1000000000,0,0,1,0,0,0,0,0,0,0,0,0,-5.028617353,-4.894369333,1,0,0,0,0
2164,1789388676801746866,41575854287107,1.24097991,1,0,1,0.6950606704,1,1,0,0,0,0,-1,0.5,0,0,1000000000,0,0,1,0,0,0,0,0,0,0,0,0,-5.028617353,-4.894369333,1,0,0,0,0
2165,1789388676811719905,41575864260148,1.250397801,1,0,1,0.6950606704,1,1,0,0,0,0,-1,0.5,0,0,1000000000,0,0,1,0,0,0,0,0,0,0,0,0,-5.028617353,-4.894369333,1,0,0,0,0
2166,1789388676821722753,41575874263022,1.259445906,1,0,1,0.6950606704,1,1,0,0,0,0,-1,0.5,0,0,1000000000,0,0,1,0,0,0,0,0,0,0,0,0,-5.028617353,-4.894369333,1,0,0,0,0
2167,1789388676831822516,41575884362700,1.268357992,1,0,1,0.6950606704,1,1,0,0,0,0,-1,0.5,0,0,1000000000,0,0,1,0,0,0,0,0,0,0,0,0,-5.028617353,-4.894369333,1,0,0,0,0
2168,1789388676841713781,41575894254055,1.276633024,1,0,1,0.7189226747,1,1,0,0,0,0,-1,0.5,0,0,1000000000,0,0,1,0,0,0,0,0,0,0,0,0,-5.028617353,-4.894369333,1,0,0,0,0
2169,1789388676851753454,41575904293489,1.286834002,1,0,1,0.7189226747,1,1,0,0,0,0,-1,0.5,0,0,1000000000,0,0,1,0,0,0,0,0,0,0,0,0,-5.028617353,-4.894369333,1,0,0,0,0
2170,1789388676861716168,41575914256430,1.296770215,1,0,1,0.7189226747,1,1,0,0,0,0,-1,0.5,0,0,1000000000,0,0,1,0,0,0,0,0,0,0,0,0,-5.028617353,-4.894369333,1,0,0,0,0
2171,1789388676871711649,41575924251902,1.305279851,1,0,1,0.7189226747,1,1,1,0,0,0,-1,0.5,0,0,1000000000,0,0,1,0,0,0,0,0,0,0,0,0,-5.028617353,-4.894369333,1,0,0,0,0
2172,1789388676881723524,41575934263773,1.313951969,1,0,1,0.7189226747,1,1,0,0,0,0,-1,0.5,0,0,1000000000,0,0,1,0,0,0,0,0,0,0,0,0,-5.13192287,-5.024242667,1,0,0,0,0
2173,1789388676891718818,41575944259076,1.323762417,1,0,1,0.7189226747,1,1,0,0,0,0,-1,0.5,0,0,1000000000,0,0,1,0,0,0,0,0,0,0,0,0,-5.13192287,-5.024242667,1,0,0,0,0
2174,1789388676901706639,41575954246896,1.332568407,1,0,1,0.7189226747,1,1,0,0,0,0,-1,0.5,0,0,1000000000,0,0,1,0,0,0,0,0,0,0,0,0,-5.13192287,-5.024242667,1,0,0,0,0
2175,1789388676911713130,41575964253385,1.342065215,1,0,1,0.7189226747,1,1,0,0,0,0,-1,0.5,0,0,1000000000,0,0,1,0,0,0,0,0,0,0,0,0,-5.13192287,-5.024242667,1,0,0,0,0
2176,1789388676921714579,41575974254847,1.351579428,1,0,1,0.7189226747,1,1,0,0,0,0,-1,0.5,0,0,1000000000,0,0,1,0,0,0,0,0,0,0,0,0,-5.13192287,-5.024242667,1,0,0,0,0
2177,1789388676931710463,41575984250730,1.359905362,1,0,1,0.7189226747,1,1,0,0,0,0,-1,0.5,0,0,1000000000,0,0,1,0,0,0,0,0,0,0,0,0,-5.13192287,-5.024242667,1,0,0,0,0
2178,1789388676941758205,41575994298478,1.369785309,1,0,1,0.7464773655,1,1,0,0,0,0,-1,0.5,0,0,1000000000,0,0,1,0,0,0,0,0,0,0,0,0,-5.13192287,-5.024242667,1,0,0,0,0
2179,1789388676951717246,41576004257512,1.379050016,1,0,1,0.7464773655,1,1,0,0,0,0,-1,0.5,0,0,1000000000,0,0,1,0,0,0,0,0,0,0,0,0,-5.13192287,-5.024242667,1,0,0,0,0
2180,1789388676961716922,41576014257192,1.389141202,1,0,1,0.7464773655,1,1,0,0,0,0,-1,0.5,0,0,1000000000,0,0,1,0,0,0,0,0,0,0,0,0,-5.13192287,-5.024242667,1,0,0,0,0
2181,1789388676971714495,41576024254757,1.398433566,1,0,1,0.7464773655,1,1,1,0,0,0,-1,0.5,0,0,1000000000,0,0,1,0,0,0,0,0,0,0,0,0,-5.13192287,-5.024242667,1,0,0,0,0
2182,1789388676981711441,41576034251705,1.40824759,1,0,1,0.7464773655,1,1,0,0,0,0,-1,0.5,0,0,1000000000,0,0,1,0,0,0,0,0,0,0,0,0,-5.220470455,-5.191222667,1,0,0,0,0
2183,1789388676991721798,41576044262065,1.416459203,1,0,1,0.7464773655,1,1,0,0,0,0,-1,0.5,0,0,1000000000,0,0,1,0,0,0,0,0,0,0,0,0,-5.220470455,-5.191222667,1,0,0,0,0
2184,1789388677001704827,41576054245096,1.426929235,1,0,1,0.7464773655,1,1,0,0,0,0,-1,0.5,0,0,1000000000,0,0,1,0,0,0,0,0,0,0,0,0,-5.220470455,-5.191222667,1,0,0,0,0
2185,1789388677011709754,41576064250021,1.437403679,1,0,1,0.7464773655,1,1,0,0,0,0,-1,0.5,0,0,1000000000,0,0,1,0,0,0,0,0,0,0,0,0,-5.220470455,-5.191222667,1,0,0,0,0
2186,1789388677021720715,41576074260981,1.4475317,1,0,1,0.7464773655,1,1,0,0,0,0,-1,0.5,0,0,1000000000,0,0,1,0,0,0,0,0,0,0,0,0,-5.220470455,-5.191222667,1,0,0,0,0
2187,1789388677031721722,41576084261986,1.456632853,1,0,1,0.7464773655,1,1,0,0,0,0,-1,0.5,0,0,1000000000,0,0,1,0,0,0,0,0,0,0,0,0,-5.220470455,-5.191222667,1,0,0,0,0
2188,1789388677041722287,41576094262550,1.466083527,1,0,1,0.7420939803,1,1,0,0,0,0,-1,0.5,0,0,1000000000,0,0,1,0,0,0,0,0,0,0,0,0,-5.220470455,-5.191222667,1,0,0,0,0
2189,1789388677051737584,41576104277855,1.47526145,1,0,1,0.7420939803,1,1,0,0,0,0,-1,0.5,0,0,1000000000,0,0,1,0,0,0,0,0,0,0,0,0,-5.220470455,-5.191222667,1,0,0,0,0
2190,1789388677061719481,41576114259742,1.48484993,1,0,1,0.7420939803,1,1,0,0,0,0,-1,0.5,0,0,1000000000,0,0,1,0,0,0,0,0,0,0,0,0,-5.220470455,-5.191222667,1,0,0,0,0
2191,1789388677071720932,41576124261165,1.494287968,1,0,1,0.7420939803,1,1,1,0,0,0,-1,0.5,0,0,1000000000,0,0,1,0,0,0,0,0,0,0,0,0,-5.220470455,-5.191222667,1,0,0,0,0
2192,1789388677081726054,41576134266177,1.503292799,1,0,1,0.7420939803,1,1,0,0,0,0,-1,0.5,0,0,1000000000,0,0,1,0,0,0,0,0,0,0,0,0,-5.220470455,-5.191222667,1,0,0,0,0
2193,1789388677091722324,41576144262584,1.513385415,1,0,1,0.7420939803,1,1,0,0,0,0,-1,0.5,0,0,1000000000,0,0,1,0,0,0,0,0,0,0,0,0,-5.220470455,-5.191222667,1,0,0,0,0
2194,1789388677101729873,41576154270120,1.522280574,1,0,1,0.7420939803,1,1,0,0,0,0,-1,0.5,0,0,1000000000,0,0,1,0,0,0,0,0,0,0,0,0,-5.220470455,-5.191222667,1,0,0,0,0
2195,1789388677111715458,41576164255692,1.530815244,1,0,1,0.7420939803,1,1,0,0,0,0,-1,0.5,0,0,1000000000,0,0,1,0,0,0,0,0,0,0,0,0,-5.220470455,-5.191222667,1,0,0,0,0
2196,1789388677121712966,41576174253233,1.540680766,1,0,1,0.7420939803,1,1,0,0,0,0,-1,0.5,0,0,1000000000,0,0,1,0,0,0,0,0,0,0,0,0,-5.220470455,-5.191222667,1,0,0,0,0
2197,1789388677131703714,41576184243954,1.548888922,1,0,1,0.7420939803,1,1,0,0,0,0,-1,0.5,0,0,1000000000,0,0,1,0,0,0,0,0,0,0,0,0,-5.220470455,-5.191222667,1,0,0,0,0
2198,1789388677141709383,41576194249638,1.558287501,1,0,1,0.7968579531,1,1,0,0,0,0,-1,0.5,0,0,1000000000,0,0,1,0,0,0,0,0,0,0,0,0,-5.220470455,-5.191222667,1,0,0,0,0
2199,1789388677151742748,41576204283019,1.566213369,1,0,1,0.7968579531,1,1,0,0,0,0,-1,0.5,0,0,1000000000,0,0,1,0,0,0,0,0,0,0,0,0,-5.220470455,-5.191222667,1,0,0,0,0
2200,1789388677161710843,41576214251115,1.574621677,1,0,1,0.7968579531,1,1,0,0,0,0,-1,0.5,0,0,1000000000,0,0,1,0,0,0,0,0,0,0,0,0,-5.220470455,-5.191222667,1,0,0,0,0
2201,1789388677171714084,41576224254329,1.582607865,1,0,1,0.7968579531,1,1,1,0,0,0,-1,0.5,0,0,1000000000,0,0,1,0,0,0,0,0,0,0,0,0,-5.220470455,-5.191222667,1,0,0,0,0
2202,1789388677181737568,41576234277831,1.590216517,1,0,1,0.7968579531,1,1,0,0,0,0,-1,0.5,0,0,1000000000,0,0,1,0,0,0,0,0,0,0,0,0,-5.338533901,-5.321096,1,0,0,0,0
2203,1789388677191707633,41576244247900,1.598156452,1,0,1,0.7968579531,1,1,0,0,0,0,-1,0.5,0,0,1000000000,0,0,1,0,0,0,0,0,0,0,0,0,-5.338533901,-5.321096,1,0,0,0,0
2204,1789388677201704943,41576254245212,1.605346203,1,0,1,0.7968579531,1,1,0,0,0,0,-1,0.5,0,0,1000000000,0,0,1,0,0,0,0,0,0,0,0,0,-5.338533901,-5.321096,1,0,0,0,0
2205,1789388677211716955,41576264257211,1.613072753,1,0,1,0.7968579531,1,1,0,0,0,0,-1,0.5,0,0,1000000000,0,0,1,0,0,0,0,0,0,0,0,0,-5.338533901,-5.321096,1,0,0,0,0
2206,1789388677221720529,41576274260771,1.620507121,1,0,1,0.7968579531,1,1,0,0,0,0,-1,0.5,0,0,1000000000,0,0,1,0,0,0,0,0,0,0,0,0,-5.338533901,-5.321096,1,0,0,0,0
2207,1789388677231722592,41576284262851,1.628511906,1,0,1,0.7968579531,1,1,0,0,0,0,-1,0.5,0,0,1000000000,0,0,1,0,0,0,0,0,0,0,0,0,-5.338533901,-5.321096,1,0,0,0,0
2208,1789388677241709545,41576294249806,1.634901524,1,0,1,0.7600367069,1,1,0,0,0,0,-1,0.5,0,0,1000000000,0,0,1,0,0,0,0,0,0,0,0,0,-5.338533901,-5.321096,1,0,0,0,0
2209,1789388677251736102,41576304276375,1.641867399,1,0,1,0.7600367069,1,1,0,0,0,0,-1,0.5,0,0,1000000000,0,0,1,0,0,0,0,0,0,0,0,0,-5.338533901,-5.321096,1,0,0,0,0
2210,1789388677261715322,41576314255588,1.647830129,1,0,1,0.7600367069,1,1,0,0,0,0,-1,0.5,0,0,1000000000,0,0,1,0,0,0,0,0,0,0,0,0,-5.338533901,-5.321096,1,0,0,0,0
2211,1789388677271716988,41576324257221,1.653024912,1,0,1,0.7600367069,1,1,1,0,0,0,-1,0.5,0,0,1000000000,0,0,1,0,0,0,0,0,0,0,0,0,-5.338533901,-5.321096,1,0,0,0,0
2212,1789388677281716802,41576334257065,1.658262491,1,0,1,0.7600367069,1,1,0,0,0,0,-1,0.5,0,0,1000000000,0,0,1,0,0,0,0,0,0,0,0,0,-5.456597348,-5.506629333,1,0,0,0,0
2213,1789388677291737049,41576344277303,1.664351821,1,0,1,0.7600367069,1,1,0,0,0,0,-1,0.5,0,0,1000000000,0,0,1,0,0,0,0,0,0,0,0,0,-5.456597348,-5.506629333,1,0,0,0,0
2214,1789388677301788852,41576354329006,1.669676661,1,0,1,0.7600367069,1,1,0,0,0,0,-1,0.5,0,0,1000000000,0,0,1,0,0,0,0,0,0,0,0,0,-5.456597348,-5.506629333,1,0,0,0,0
2215,1789388677311711782,41576364252048,1.674680829,1,0,1,0.7600367069,1,1,0,0,0,0,-1,0.5,0,0,1000000000,0,0,1,0,0,0,0,0,0,0,0,0,-5.456597348,-5.506629333,1,0,0,0,0
2216,1789388677321715219,41576374255475,1.678840756,1,0,1,0.7600367069,1,1,0,0,0,0,-1,0.5,0,0,1000000000,0,0,1,0,0,0,0,0,0,0,0,0,-5.456597348,-5.506629333,1,0,0,0,0
2217,1789388677331723588,41576384263841,1.683550119,1,0,1,0.7884206176,1,1,0,0,0,0,-1,0.5,0,0,1000000000,0,0,1,0,0,0,0,0,0,0,0,0,-5.456597348,-5.506629333,1,0,0,0,0
2218,1789388677341714165,41576394254416,1.687651277,1,0,1,0.7884206176,1,1,0,0,0,0,-1,0.5,0,0,1000000000,0,0,1,0,0,0,0,0,0,0,0,0,-5.456597348,-5.506629333,1,0,0,0,0
2219,1789388677351728455,41576404268720,1.692464709,1,0,1,0.7884206176,1,1,0,0,0,0,-1,0.5,0,0,1000000000,0,0,1,0,0,0,0,0,0,0,0,0,-5.456597348,-5.506629333,1,0,0,0,0
2220,1789388677361706463,41576414246727,1.696778297,1,0,1,0.7884206176,1,1,0,0,0,0,-1,0.5,0,0,1000000000,0,0,1,0,0,0,0,0,0,0,0,0,-5.456597348,-5.506629333,1,0,0,0,0
2221,1789388677371714918,41576424255170,1.701521516,1,0,1,0.7884206176,1,1,1,0,0,0,-1,0.5,0,0,1000000000,0,0,1,0,0,0,0,0,0,0,0,0,-5.456597348,-5.506629333,1,0,0,0,0
2222,1789388677381735830,41576434276084,1.705071688,1,0,1,0.7884206176,1,1,0,0,0,0,-1,0.5,0,0,1000000000,0,0,1,0,0,0,0,0,0,0,0,0,-5.574660794,-5.673609334,1,0,0,0,0
2223,1789388677391730961,41576444271226,1.708772182,1,0,1,0.7884206176,1,1,0,0,0,0,-1,0.5,0,0,1000000000,0,0,1,0,0,0,0,0,0,0,0,0,-5.574660794,-5.673609334,1,0,0,0,0
2224,1789388677401714549,41576454254820,1.712480903,1,0,1,0.7884206176,1,1,0,0,0,0,-1,0.5,0,0,1000000000,0,0,1,0,0,0,0,0,0,0,0,0,-5.574660794,-5.673609334,1,0,0,0,0
2225,1789388677411697915,41576464238184,1.71630311,1,0,1,0.7884206176,1,1,0,0,0,0,-1,0.5,0,0,1000000000,0,0,1,0,0,0,0,0,0,0,0,0,-5.574660794,-5.673609334,1,0,0,0,0
2226,1789388677421708742,41576474249005,1.719834566,1,0,1,0.7884206176,1,1,0,0,0,0,-1,0.5,0,0,1000000000,0,0,1,0,0,0,0,0,0,0,0,0,-5.574660794,-5.673609334,1,0,0,0,0
2227,1789388677431749052,41576484289323,1.723361969,1,0,1,0.7884206176,1,1,0,0,0,0,-1,0.5,0,0,1000000000,0,0,1,0,0,0,0,0,0,0,0,0,-5.574660794,-5.673609334,1,0,0,0,0
2228,1789388677441703275,41576494243548,1.726386428,1,0,1,0.8005506396,1,1,0,0,0,0,-1,0.5,0,0,1000000000,0,0,1,0,0,0,0,0,0,0,0,0,-5.574660794,-5.673609334,1,0,0,0,0
2229,1789388677451691424,41576504231703,1.729044318,1,0,1,0.8005506396,1,1,0,0,0,0,-1,0.5,0,0,1000000000,0,0,1,0,0,0,0,0,0,0,0,0,-5.574660794,-5.673609334,1,0,0,0,0
2230,1789388677461694916,41576514235186,1.73163271,1,0,1,0.8005506396,1,1,0,0,0,0,-1,0.5,0,0,1000000000,0,0,1,0,0,0,0,0,0,0,0,0,-5.574660794,-5.673609334,1,0,0,0,0
2231,1789388677471702168,41576524242436,1.734534025,1,0,1,0.8005506396,1,1,1,0,0,0,-1,0.5,0,0,1000000000,0,0,1,0,0,0,0,0,0,0,0,0,-5.574660794,-5.673609334,1,0,0,0,0
2232,1789388677481803455,41576534343351,1.737154126,1,0,1,0.8005506396,1,1,0,0,0,0,-1,0.5,0,0,1000000000,0,0,1,0,0,0,0,0,0,0,0,0,-5.736998034,-5.840589333,1,0,0,0,0
2233,1789388677491694538,41576544234811,1.739111185,1,0,1,0.8005506396,1,1,0,0,0,0,-1,0.5,0,0,1000000000,0,0,1,0,0,0,0,0,0,0,0,0,-5.736998034,-5.840589333,1,0,0,0,0
2234,1789388677501692709,41576554232979,1.741972446,1,0,1,0.8005506396,1,1,0,0,0,0,-1,0.5,0,0,1000000000,0,0,1,0,0,0,0,0,0,0,0,0,-5.736998034,-5.840589333,1,0,0,0,0
2235,1789388677511710738,41576564250980,1.744255424,1,0,1,0.8005506396,1,1,0,0,0,0,-1,0.5,0,0,1000000000,0,0,1,0,0,0,0,0,0,0,0,0,-5.736998034,-5.840589333,1,0,0,0,0
2236,1789388677521715995,41576574256250,1.745978117,1,0,1,0.8005506396,1,1,0,0,0,0,-1,0.5,0,0,1000000000,0,0,1,0,0,0,0,0,0,0,0,0,-5.736998034,-5.840589333,1,0,0,0,0
2237,1789388677531717830,41576584258093,1.747492313,1,0,1,0.8005506396,1,1,0,0,0,0,-1,0.5,0,0,1000000000,0,0,1,0,0,0,0,0,0,0,0,0,-5.736998034,-5.840589333,1,0,0,0,0
2238,1789388677541727447,41576594267705,1.74973917,1,0,1,0.8029595017,1,1,0,0,0,0,-1,0.5,0,0,1000000000,0,0,1,0,0,0,0,0,0,0,0,0,-5.736998034,-5.840589333,1,0,0,0,0
2239,1789388677551743459,41576604283728,1.751375556,1,0,1,0.8029595017,1,1,0,0,0,0,-1,0.5,0,0,1000000000,0,0,1,0,0,0,0,0,0,0,0,0,-5.736998034,-5.840589333,1,0,0,0,0
2240,1789388677561718491,41576614258757,1.753428221,1,0,1,0.8029595017,1,1,0,0,0,0,-1,0.5,0,0,1000000000,0,0,1,0,0,0,0,0,0,0,0,0,-5.736998034,-5.840589333,1,0,0,0,0
2241,1789388677571718297,41576624258548,1.756144524,1,0,1,0.8029595017,1,1,1,0,0,0,-1,0.5,0,0,1000000000,0,0,1,0,0,0,0,0,0,0,0,0,-5.736998034,-5.840589333,1,0,0,0,0
2242,1789388677581713225,41576634253472,1.758321285,1,0,1,0.8029595017,1,1,0,0,0,0,-1,0.5,0,0,1000000000,0,0,1,0,0,0,0,0,0,0,0,0,-5.736998034,-5.840589333,1,0,0,0,0
2243,1789388677591709613,41576644249881,1.760097504,1,0,1,0.8029595017,1,1,0,0,0,0,-1,0.5,0,0,1000000000,0,0,1,0,0,0,0,0,0,0,0,0,-5.736998034,-5.840589333,1,0,0,0,0
2244,1789388677601700214,41576654240375,1.76049757,1,0,1,0.8029595017,1,1,0,0,0,0,-1,0.5,0,0,1000000000,0,0,1,0,0,0,0,0,0,0,0,0,-5.736998034,-5.840589333,1,0,0,0,0
2245,1789388677611710538,41576664250786,1.761517644,1,0,1,0.8029595017,1,1,0,0,0,0,-1,0.5,0,0,1000000000,0,0,1,0,0,0,0,0,0,0,0,0,-5.736998034,-5.840589333,1,0,0,0,0
2246,1789388677621718078,41576674258354,1.762952447,1,0,1,0.8029595017,1,1,0,0,0,0,-1,0.5,0,0,1000000000,0,0,1,0,0,0,0,0,0,0,0,0,-5.736998034,-5.840589333,1,0,0,0,0
2247,1789388677631718413,41576684258659,1.764903307,1,0,1,0.8029595017,1,1,0,0,0,0,-1,0.5,0,0,1000000000,0,0,1,0,0,0,0,0,0,0,0,0,-5.736998034,-5.840589333,1,0,0,0,0
2248,1789388677641706588,41576694246853,1.766072273,1,0,1,0.7189767361,1,1,0,0,0,0,-1,0.5,0,0,1000000000,0,0,1,0,0,0,0,0,0,0,0,0,-5.736998034,-5.840589333,1,0,0,0,0
2249,1789388677651718030,41576704258300,1.767012119,1,0,1,0.7189767361,1,1,0,0,0,0,-1,0.5,0,0,1000000000,0,0,1,0,0,0,0,0,0,0,0,0,-5.736998034,-5.840589333,1,0,0,0,0
2250,1789388677661718325,41576714258588,1.767728686,1,0,1,0.7189767361,1,1,0,0,0,0,-1,0.5,0,0,1000000000,0,0,1,0,0,0,0,0,0,0,0,0,-5.736998034,-5.840589333,1,0,0,0,0
2251,1789388677671715054,41576724255319,1.768665552,1,0,1,0.7189767361,1,1,1,0,0,0,-1,0.5,0,0,1000000000,0,0,1,0,0,0,0,0,0,0,0,0,-5.736998034,-5.840589333,1,0,0,0,0
2252,1789388677681713001,41576734253265,1.76951921,1,0,1,0.7189767361,1,1,0,0,0,0,-1,0.5,0,0,1000000000,0,0,1,0,0,0,0,0,0,0,0,0,-5.869819412,-6.007569334,1,0,0,0,0
2253,1789388677691721814,41576744262084,1.770192981,1,0,1,0.7189767361,1,1,0,0,0,0,-1,0.5,0,0,1000000000,0,0,1,0,0,0,0,0,0,0,0,0,-5.869819412,-6.007569334,1,0,0,0,0
2254,1789388677701706559,41576754246827,1.77038908,1,0,1,0.7189767361,1,1,0,0,0,0,-1,0.5,0,0,1000000000,0,0,1,0,0,0,0,0,0,0,0,0,-5.869819412,-6.007569334,1,0,0,0,0
2255,1789388677711714266,41576764254510,1.770045877,1,0,1,0.7189767361,1,1,0,0,0,0,-1,0.5,0,0,1000000000,0,0,1,0,0,0,0,0,0,0,0,0,-5.869819412,-6.007569334,1,0,0,0,0
2256,1789388677721713510,41576774253766,1.768313885,1,0,1,0.7189767361,1,1,0,0,0,0,-1,0.5,0,0,1000000000,0,0,1,0,0,0,0,0,0,0,0,0,-5.869819412,-6.007569334,1,0,0,0,0
2257,1789388677731726800,41576784267027,1.7679106,1,0,1,0.7189767361,1,1,0,0,0,0,-1,0.5,0,0,1000000000,0,0,1,0,0,0,0,0,0,0,0,0,-5.869819412,-6.007569334,1,0,0,0,0
2258,1789388677741751127,41576794291147,1.767458677,1,0,1,0.7473564744,1,1,0,0,0,0,-1,0.5,0,0,1000000000,0,0,1,0,0,0,0,0,0,0,0,0,-5.869819412,-6.007569334,1,0,0,0,0
2259,1789388677751742225,41576804282487,1.767906666,1,0,1,0.7473564744,1,1,0,0,0,0,-1,0.5,0,0,1000000000,0,0,1,0,0,0,0,0,0,0,0,0,-5.869819412,-6.007569334,1,0,0,0,0
2260,1789388677761715303,41576814255575,1.769202113,1,0,1,0.7473564744,1,1,0,0,0,0,-1,0.5,0,0,1000000000,0,0,1,0,0,0,0,0,0,0,0,0,-5.869819412,-6.007569334,1,0,0,0,0
2261,1789388677771707592,41576824247847,1.769753814,1,0,1,0.7473564744,1,1,1,0,0,0,-1,0.5,0,0,1000000000,0,0,1,0,0,0,0,0,0,0,0,0,-5.869819412,-6.007569334,1,0,0,0,0
2262,1789388677781720604,41576834260862,1.770859957,1,0,1,0.7473564744,1,1,0,0,0,0,-1,0.5,0,0,1000000000,0,0,1,0,0,0,0,0,0,0,0,0,-6.002640789,-6.174549333,1,0,0,0,0
2263,1789388677791735655,41576844275919,1.771197081,1,0,1,0.7473564744,1,1,0,0,0,0,-1,0.5,0,0,1000000000,0,0,1,0,0,0,0,0,0,0,0,0,-6.002640789,-6.174549333,1,0,0,0,0
2264,1789388677801859488,41576854399757,1.772308826,1,0,1,0.7473564744,1,1,0,0,0,0,-1,0.5,0,0,1000000000,0,0,1,0,0,0,0,0,0,0,0,0,-6.002640789,-6.174549333,1,0,0,0,0
2265,1789388677811719703,41576864259960,1.772283792,1,0,1,0.7473564744,1,1,0,0,0,0,-1,0.5,0,0,1000000000,0,0,1,0,0,0,0,0,0,0,0,0,-6.002640789,-6.174549333,1,0,0,0,0
2266,1789388677821707823,41576874248093,1.772644997,1,0,1,0.7473564744,1,1,0,0,0,0,-1,0.5,0,0,1000000000,0,0,1,0,0,0,0,0,0,0,0,0,-6.002640789,-6.174549333,1,0,0,0,0
2267,1789388677831704045,41576884244317,1.773220062,1,0,1,0.7473564744,1,1,0,0,0,0,-1,0.5,0,0,1000000000,0,0,1,0,0,0,0,0,0,0,0,0,-6.002640789,-6.174549333,1,0,0,0,0
2268,1789388677841707397,41576894247643,1.774026275,1,0,1,0.7476969957,1,1,0,0,0,0,-1,0.5,0,0,1000000000,0,0,1,0,0,0,0,0,0,0,0,0,-6.002640789,-6.174549333,1,0,0,0,0
2269,1789388677851696863,41576904237133,1.774985909,1,0,1,0.7476969957,1,1,0,0,0,0,-1,0.5,0,0,1000000000,0,0,1,0,0,0,0,0,0,0,0,0,-6.002640789,-6.174549333,1,0,0,0,0
2270,1789388677861698424,41576914238696,1.775284648,1,0,1,0.7476969957,1,1,0,0,0,0,-1,0.5,0,0,1000000000,0,0,1,0,0,0,0,0,0,0,0,0,-6.002640789,-6.174549333,1,0,0,0,0
2271,1789388677871703355,41576924243628,1.775779366,1,0,1,0.7476969957,1,1,1,0,0,0,-1,0.5,0,0,1000000000,0,0,1,0,0,0,0,0,0,0,0,0,-6.002640789,-6.174549333,1,0,0,0,0
2272,1789388677881706454,41576934246726,1.775770426,1,0,1,0.7476969957,1,1,0,0,0,0,-1,0.5,0,0,1000000000,0,0,1,0,0,0,0,0,0,0,0,0,-6.120704236,-6.360082667,1,0,0,0,0
2273,1789388677891692581,41576944232849,1.776761055,1,0,1,0.7476969957,1,1,0,0,0,0,-1,0.5,0,0,1000000000,0,0,1,0,0,0,0,0,0,0,0,0,-6.120704236,-6.360082667,1,0,0,0,0
2274,1789388677901693531,41576954233798,1.778028965,1,0,1,0.7476969957,1,1,0,0,0,0,-1,0.5,0,0,1000000000,0,0,1,0,0,0,0,0,0,0,0,0,-6.120704236,-6.360082667,1,0,0,0,0
2275,1789388677911715252,41576964255480,1.779506445,1,0,1,0.7476969957,1,1,0,0,0,0,-1,0.5,0,0,1000000000,0,0,1,0,0,0,0,0,0,0,0,0,-6.120704236,-6.360082667,1,0,0,0,0
2276,1789388677921716813,41576974257067,1.780232787,1,0,1,0.7476969957,1,1,0,0,0,0,-1,0.5,0,0,1000000000,0,0,1,0,0,0,0,0,0,0,0,0,-6.120704236,-6.360082667,1,0,0,0,0
2277,1789388677931740904,41576984281171,1.781276107,1,0,1,0.6217756867,1,1,0,0,0,0,-1,0.5,0,0,1000000000,0,0,1,0,0,0,0,0,0,0,0,0,-6.120704236,-6.360082667,1,0,0,0,0
2278,1789388677941709281,41576994249441,1.782278776,1,0,1,0.6217756867,1,1,0,0,0,0,-1,0.5,0,0,1000000000,0,0,1,0,0,0,0,0,0,0,0,0,-6.120704236,-6.360082667,1,0,0,0,0
2279,1789388677951712222,41577004252481,1.783267617,1,0,1,0.6217756867,1,1,0,0,0,0,-1,0.5,0,0,1000000000,0,0,1,0,0,0,0,0,0,0,0,0,-6.120704236,-6.360082667,1,0,0,0,0
2280,1789388677961717848,41577014258113,1.784783959,1,0,1,0.6217756867,1,1,0,0,0,0,-1,0.5,0,0,1000000000,0,0,1,0,0,0,0,0,0,0,0,0,-6.120704236,-6.360082667,1,0,0,0,0
2281,1789388677971718886,41577024259144,1.785102725,1,0,1,0.6217756867,1,1,1,0,0,0,-1,0.5,0,0,1000000000,0,0,1,0,0,0,0,0,0,0,0,0,-6.120704236,-6.360082667,1,0,0,0,0
2282,1789388677981727661,41577034267817,1.786227107,1,0,1,0.6217756867,1,1,0,0,0,0,-1,0.5,0,0,1000000000,0,0,1,0,0,0,0,0,0,0,0,0,-6.224009752,-6.545616001,1,0,0,0,0
2283,1789388677991736710,41577044276952,1.786692023,1,0,1,0.6217756867,1,1,0,0,0,0,-1,0.5,0,0,1000000000,0,0,1,0,0,0,0,0,0,0,0,0,-6.224009752,-6.545616001,1,0,0,0,0
2284,1789388678001819522,41577054359794,1.788917303,1,0,1,0.6217756867,1,1,0,0,0,0,-1,0.5,0,0,1000000000,0,0,1,0,0,0,0,0,0,0,0,0,-6.224009752,-6.545616001,1,0,0,0,0
2285,1789388678011699116,41577064239386,1.791013956,1,0,1,0.6217756867,1,1,0,0,0,0,-1,0.5,0,0,1000000000,0,0,1,0,0,0,0,0,0,0,0,0,-6.224009752,-6.545616001,1,0,0,0,0
2286,1789388678021699995,41577074240263,1.793236613,1,0,1,0.6217756867,1,1,0,0,0,0,-1,0.5,0,0,1000000000,0,0,1,0,0,0,0,0,0,0,0,0,-6.224009752,-6.545616001,1,0,0,0,0
2287,1789388678031704686,41577084244959,1.795499444,1,0,1,0.6217756867,1,1,0,0,0,0,-1,0.5,0,0,1000000000,0,0,1,0,0,0,0,0,0,0,0,0,-6.224009752,-6.545616001,1,0,0,0,0
2288,1789388678041695042,41577094235307,1.79684639,1,0,1,0.7578759789,1,1,0,0,0,0,-1,0.5,0,0,1000000000,0,0,1,0,0,0,0,0,0,0,0,0,-6.224009752,-6.545616001,1,0,0,0,0
2289,1789388678051695880,41577104236150,1.798494577,1,0,1,0.7578759789,1,1,0,0,0,0,-1,0.5,0,0,1000000000,0,0,1,0,0,0,0,0,0,0,0,0,-6.224009752,-6.545616001,1,0,0,0,0
2290,1789388678061696607,41577114236878,1.798725009,1,0,1,0.7578759789,1,1,0,0,0,0,-1,0.5,0,0,1000000000,0,0,1,0,0,0,0,0,0,0,0,0,-6.224009752,-6.545616001,1,0,0,0,0
2291,1789388678071700585,41577124240758,1.800176501,1,0,1,0.7578759789,1,1,1,0,0,0,-1,0.5,0,0,1000000000,0,0,1,0,0,0,0,0,0,0,0,0,-6.224009752,-6.545616001,1,0,0,0,0
2292,1789388678081705076,41577134245347,1.801159143,1,0,1,0.7578759789,1,1,0,0,0,0,-1,0.5,0,0,1000000000,0,0,1,0,0,0,0,0,0,0,0,0,-6.224009752,-6.545616001,1,0,0,0,0
2293,1789388678091694739,41577144235006,1.802622676,1,0,1,0.7578759789,1,1,0,0,0,0,-1,0.5,0,0,1000000000,0,0,1,0,0,0,0,0,0,0,0,0,-6.224009752,-6.545616001,1,0,0,0,0
2294,1789388678101710075,41577154250230,1.80409503,1,0,1,0.7578759789,1,1,0,0,0,0,-1,0.5,0,0,1000000000,0,0,1,0,0,0,0,0,0,0,0,0,-6.224009752,-6.545616001,1,0,0,0,0
2295,1789388678111702113,41577164242277,1.805806398,1,0,1,0.7578759789,1,1,0,0,0,0,-1,0.5,0,0,1000000000,0,0,1,0,0,0,0,0,0,0,0,0,-6.224009752,-6.545616001,1,0,0,0,0
2296,1789388678121697511,41577174237783,1.808241725,1,0,1,0.7578759789,1,1,0,0,0,0,-1,0.5,0,0,1000000000,0,0,1,0,0,0,0,0,0,0,0,0,-6.224009752,-6.545616001,1,0,0,0,0
2297,1789388678131696064,41577184236340,1.809864521,1,0,1,0.7578759789,1,1,0,0,0,0,-1,0.5,0,0,1000000000,0,0,1,0,0,0,0,0,0,0,0,0,-6.224009752,-6.545616001,1,0,0,0,0
2298,1789388678141695265,41577194235541,1.809910774,1,0,1,0.7533575892,1,1,0,0,0,0,-1,0.5,0,0,1000000000,0,0,1,0,0,0,0,0,0,0,0,0,-6.224009752,-6.545616001,1,0,0,0,0
2299,1789388678151692578,41577204232841,1.809708595,1,0,1,0.7533575892,1,1,0,0,0,0,-1,0.5,0,0,1000000000,0,0,1,0,0,0,0,0,0,0,0,0,-6.224009752,-6.545616001,1,0,0,0,0
2300,1789388678161705508,41577214245754,1.809834361,1,0,1,0.7533575892,1,1,0,0,0,0,-1,0.5,0,0,1000000000,0,0,1,0,0,0,0,0,0,0,0,0,-6.224009752,-6.545616001,1,0,0,0,0
2301,1789388678171702437,41577224242709,1.810627937,1,0,1,0.7533575892,1,1,1,0,0,0,-1,0.5,0,0,1000000000,0,0,1,0,0,0,0,0,0,0,0,0,-6.224009752,-6.545616001,1,0,0,0,0
2302,1789388678181717854,41577234258104,1.811376214,1,0,1,0.7533575892,1,1,0,0,0,0,-1,0.5,0,0,1000000000,0,0,1,0,0,0,0,0,0,0,0,0,-6.342073198,-6.749702667,1,0,0,0,0
2303,1789388678191732236,41577244272389,1.811573029,1,0,1,0.7533575892,1,1,0,0,0,0,-1,0.5,0,0,1000000000,0,0,1,0,0,0,0,0,0,0,0,0,-6.342073198,-6.749702667,1,0,0,0,0
2304,1789388678201721055,41577254261322,1.81188035,1,0,1,0.7533575892,1,1,0,0,0,0,-1,0.5,0,0,1000000000,0,0,1,0,0,0,0,0,0,0,0,0,-6.342073198,-6.749702667,1,0,0,0,0
2305,1789388678211698158,41577264238337,1.811446428,1,0,1,0.7533575892,1,1,0,0,0,0,-1,0.5,0,0,1000000000,0,0,1,0,0,0,0,0,0,0,0,0,-6.342073198,-6.749702667,1,0,0,0,0
2306,1789388678221696267,41577274236440,1.811782598,1,0,1,0.7533575892,1,1,0,0,0,0,-1,0.5,0,0,1000000000,0,0,1,0,0,0,0,0,0,0,0,0,-6.342073198,-6.749702667,1,0,0,0,0
2307,1789388678231702657,41577284242926,1.810617924,1,0,1,0.7533575892,1,1,0,0,0,0,-1,0.5,0,0,1000000000,0,0,1,0,0,0,0,0,0,0,0,0,-6.342073198,-6.749702667,1,0,0,0,0
2308,1789388678241720947,41577294261203,1.809986234,1,0,1,0.7564175129,1,1,0,0,0,0,-1,0.5,0,0,1000000000,0,0,1,0,0,0,0,0,0,0,0,0,-6.342073198,-6.749702667,1,0,0,0,0
2309,1789388678251756046,41577304296309,1.80999434,1,0,1,0.7564175129,1,1,0,0,0,0,-1,0.5,0,0,1000000000,0,0,1,0,0,0,0,0,0,0,0,0,-6.342073198,-6.749702667,1,0,0,0,0
2310,1789388678261718126,41577314258376,1.809422255,1,0,1,0.7564175129,1,1,0,0,0,0,-1,0.5,0,0,1000000000,0,0,1,0,0,0,0,0,0,0,0,0,-6.342073198,-6.749702667,1,0,0,0,0
2311,1789388678271759817,41577324300084,1.8095963,1,0,1,0.7564175129,1,1,1,0,0,0,-1,0.5,0,0,6.350093842,0,0,1,0,0,0,0,0,0,0,0,0,-6.342073198,-6.749702667,1,0,0,0,0
2312,1789388678281712477,41577334252750,1.809234023,1,0,1,0.7564175129,1,1,0,0,0,0,-1,0.5,0,0,6.350093842,0,0,1,0,0,0,0,0,0,0,0,0,-6.474894576,-6.935236,1,0,0,0,0
2313,1789388678291715963,41577344256230,1.809534311,1,0,1,0.7564175129,1,1,0,0,0,0,-1,0.5,0,0,6.350093842,0,0,1,0,0,0,0,0,0,0,0,0,-6.474894576,-6.935236,1,0,0,0,0
2314,1789388678301717495,41577354257751,1.809400678,1,0,1,0.7564175129,1,1,0,0,0,0,-1,0.5,0,0,6.350093842,0,0,1,0,0,0,0,0,0,0,0,0,-6.474894576,-6.935236,1,0,0,0,0
2315,1789388678311708555,41577364248813,1.809044003,1,0,1,0.7564175129,1,1,0,0,0,0,-1,0.5,0,0,6.350093842,0,0,1,0,0,0,0,0,0,0,0,0,-6.474894576,-6.935236,1,0,0,0,0
2316,1789388678321756687,41577374296934,1.808776379,1,0,1,0.7564175129,1,1,0,0,0,0,-1,0.5,0,0,6.350093842,0,0,1,0,0,0,0,0,0,0,0,0,-6.474894576,-6.935236,1,0,0,0,0
2317,1789388678331716973,41577384257246,1.808719039,1,0,1,0.7564175129,1,1,0,0,0,0,-1,0.5,0,0,6.350093842,0,0,1,0,0,0,0,0,0,0,0,0,-6.474894576,-6.935236,1,0,0,0,0
2318,1789388678341717209,41577394257466,1.808761716,1,0,1,0.7568097115,1,1,0,0,0,0,-1,0.5,0,0,6.350093842,0,0,1,0,0,0,0,0,0,0,0,0,-6.474894576,-6.935236,1,0,0,0,0
2319,1789388678351719465,41577404259735,1.808735728,1,0,1,0.7568097115,1,1,0,0,0,0,-1,0.5,0,0,6.350093842,0,0,1,0,0,0,0,0,0,0,0,0,-6.474894576,-6.935236,1,0,0,0,0
2320,1789388678361708827,41577414249080,1.808420181,1,0,1,0.7568097115,1,1,1,0,0,0,-1,0.5,0,0,6.187972069,0,0,1,0,0,0,0,0,0,0,0,0,-6.474894576,-6.935236,1,0,0,0,0
2321,1789388678371768335,41577424308605,1.806848288,1,0,1,0.7568097115,1,1,0,0,0,0,-1,0.5,0,0,6.187972069,0,0,1,0,0,0,0,0,0,0,0,0,-6.474894576,-6.935236,1,0,0,0,0
2322,1789388678381720075,41577434260342,1.806462288,1,0,1,0.7568097115,1,1,0,0,0,0,-1,0.5,0,0,6.187972069,0,0,1,0,0,0,0,0,0,0,0,0,-6.622473885,-7.102216,1,0,0,0,0
2323,1789388678391730059,41577444270328,1.805989742,1,0,1,0.7568097115,1,1,0,0,0,0,-1,0.5,0,0,6.187972069,0,0,1,0,0,0,0,0,0,0,0,0,-6.622473885,-7.102216,1,0,0,0,0
2324,1789388678401714054,41577454254327,1.80559206,1,0,1,0.7568097115,1,1,0,0,0,0,-1,0.5,0,0,6.187972069,0,0,1,0,0,0,0,0,0,0,0,0,-6.622473885,-7.102216,1,0,0,0,0
2325,1789388678411697572,41577464237841,1.805180311,1,0,1,0.7568097115,1,1,0,0,0,0,-1,0.5,0,0,6.187972069,0,0,1,0,0,0,0,0,0,0,0,0,-6.622473885,-7.102216,1,0,0,0,0
2326,1789388678421702322,41577474242593,1.80416441,1,0,1,0.7568097115,1,1,0,0,0,0,-1,0.5,0,0,6.187972069,0,0,1,0,0,0,0,0,0,0,0,0,-6.622473885,-7.102216,1,0,0,0,0
2327,1789388678431702128,41577484242399,1.804011464,1,0,1,0.7568097115,1,1,0,0,0,0,-1,0.5,0,0,6.187972069,0,0,1,0,0,0,0,0,0,0,0,0,-6.622473885,-7.102216,1,0,0,0,0
2328,1789388678441714066,41577494254336,1.804366946,1,0,1,0.7566460967,1,1,0,0,0,0,-1,0.5,0,0,6.187972069,0,0,1,0,0,0,0,0,0,0,0,0,-6.622473885,-7.102216,1,0,0,0,0
2329,1789388678451695658,41577504235927,1.805133581,1,0,1,0.7566460967,1,1,0,0,0,0,-1,0.5,0,0,6.187972069,0,0,1,0,0,0,0,0,0,0,0,0,-6.622473885,-7.102216,1,0,0,0,0
2330,1789388678461694238,41577514234512,1.805632353,1,0,1,0.7566460967,1,1,1,0,0,0,-1,0.5,0,0,6.092531204,0,0,1,0,0,0,0,0,0,0,0,0,-6.622473885,-7.102216,1,0,0,0,0
2331,1789388678471702325,41577524242595,1.805892587,1,0,1,0.7566460967,1,1,0,0,0,0,-1,0.5,0,0,6.092531204,0,0,1,0,0,0,0,0,0,0,0,0,-6.622473885,-7.102216,1,0,0,0,0
2332,1789388678481716795,41577534257065,1.806665301,1,0,1,0.7566460967,1,1,0,0,0,0,-1,0.5,0,0,6.092531204,0,0,1,0,0,0,0,0,0,0,0,0,-6.784811124,-7.269196,1,0,0,0,0
2333,1789388678491695733,41577544236003,1.807701826,1,0,1,0.7566460967,1,1,0,0,0,0,-1,0.5,0,0,6.092531204,0,0,1,0,0,0,0,0,0,0,0,0,-6.784811124,-7.269196,1,0,0,0,0
2334,1789388678501694244,41577554234518,1.808891416,1,0,1,0.7566460967,1,1,0,0,0,0,-1,0.5,0,0,6.092531204,0,0,1,0,0,0,0,0,0,0,0,0,-6.784811124,-7.269196,1,0,0,0,0
2335,1789388678511696101,41577564236276,1.81066668,1,0,1,0.7566460967,1,1,0,0,0,0,-1,0.5,0,0,6.092531204,0,0,1,0,0,0,0,0,0,0,0,0,-6.784811124,-7.269196,1,0,0,0,0
2336,1789388678521698794,41577574239069,1.812135935,1,0,1,0.7566460967,1,1,0,0,0,0,-1,0.5,0,0,6.092531204,0,0,1,0,0,0,0,0,0,0,0,0,-6.784811124,-7.269196,1,0,0,0,0
2337,1789388678531699671,41577584239928,1.814933538,1,0,1,0.7566460967,1,1,0,0,0,0,-1,0.5,0,0,6.092531204,0,0,1,0,0,0,0,0,0,0,0,0,-6.784811124,-7.269196,1,0,0,0,0
2338,1789388678541697729,41577594237998,1.81731689,1,0,1,0.77004987,1,1,0,0,0,0,-1,0.5,0,0,6.092531204,0,0,1,0,0,0,0,0,0,0,0,0,-6.784811124,-7.269196,1,0,0,0,0
2339,1789388678551695162,41577604235436,1.818704128,1,0,1,0.77004987,1,1,0,0,0,0,-1,0.5,0,0,6.092531204,0,0,1,0,0,0,0,0,0,0,0,0,-6.784811124,-7.269196,1,0,0,0,0
2340,1789388678561694834,41577614235108,1.820992708,1,0,1,0.77004987,1,1,1,0,0,0,-1,0.5,0,0,5.939538479,0,0,1,0,0,0,0,0,0,0,0,0,-6.784811124,-7.269196,1,0,0,0,0
2341,1789388678571701620,41577624241894,1.823078632,1,0,1,0.77004987,1,1,0,0,0,0,-1,0.5,0,0,5.939538479,0,0,1,0,0,0,0,0,0,0,0,0,-6.784811124,-7.269196,1,0,0,0,0
2342,1789388678581705829,41577634246102,1.825493693,1,0,1,0.77004987,1,1,0,0,0,0,-1,0.5,0,0,5.939538479,0,0,1,0,0,0,0,0,0,0,0,0,-6.784811124,-7.269196,1,0,0,0,0
2343,1789388678591726805,41577644267076,1.826659918,1,0,1,0.77004987,1,1,0,0,0,0,-1,0.5,0,0,5.939538479,0,0,1,0,0,0,0,0,0,0,0,0,-6.784811124,-7.269196,1,0,0,0,0
2344,1789388678601722346,41577654262617,1.826397777,1,0,1,0.77004987,1,1,0,0,0,0,-1,0.5,0,0,5.939538479,0,0,1,0,0,0,0,0,0,0,0,0,-6.784811124,-7.269196,1,0,0,0,0
2345,1789388678611707991,41577664248264,1.827310562,1,0,1,0.77004987,1,1,0,0,0,0,-1,0.5,0,0,5.939538479,0,0,1,0,0,0,0,0,0,0,0,0,-6.784811124,-7.269196,1,0,0,0,0
2346,1789388678622142909,41577674683113,1.828439474,1,0,1,0.77004987,1,1,0,0,0,0,-1,0.5,0,0,5.939538479,0,0,1,0,0,0,0,0,0,0,0,0,-6.784811124,-7.269196,1,0,0,0,0
2347,1789388678631704223,41577684244490,1.830135584,1,0,1,0.77004987,1,1,0,0,0,0,-1,0.5,0,0,5.939538479,0,0,1,0,0,0,0,0,0,0,0,0,-6.784811124,-7.269196,1,0,0,0,0
2348,1789388678641703219,41577694243410,1.831432104,1,0,1,0.7145140171,1,1,0,0,0,0,-1,0.5,0,0,5.939538479,0,0,1,0,0,0,0,0,0,0,0,0,-6.784811124,-7.269196,1,0,0,0,0
2349,1789388678651692740,41577704233011,1.832038164,1,0,1,0.7145140171,1,1,0,0,0,0,-1,0.5,0,0,5.939538479,0,0,1,0,0,0,0,0,0,0,0,0,-6.784811124,-7.269196,1,0,0,0,0
2350,1789388678661698520,41577714238792,1.833067417,1,0,1,0.7145140171,1,1,1,0,0,0,-1,0.5,0,0,5.799093723,0,0,1,0,0,0,0,0,0,0,0,0,-6.784811124,-7.269196,1,0,0,0,0
2351,1789388678671702105,41577724242307,1.834637761,1,0,1,0.7145140171,1,1,0,0,0,0,-1,0.5,0,0,5.799093723,0,0,1,0,0,0,0,0,0,0,0,0,-6.784811124,-7.269196,1,0,0,0,0
2352,1789388678681709661,41577734249932,1.835958481,1,0,1,0.7145140171,1,1,0,0,0,0,-1,0.5,0,0,5.799093723,0,0,1,0,0,0,0,0,0,0,0,0,-6.947148363,-7.436176,1,0,0,0,0
2353,1789388678691699483,41577744239754,1.837103128,1,0,1,0.7145140171,1,1,0,0,0,0,-1,0.5,0,0,5.799093723,0,0,1,0,0,0,0,0,0,0,0,0,-6.947148363,-7.436176,1,0,0,0,0
2354,1789388678701698499,41577754238772,1.837604761,1,0,1,0.7145140171,1,1,0,0,0,0,-1,0.5,0,0,5.799093723,0,0,1,0,0,0,0,0,0,0,0,0,-6.947148363,-7.436176,1,0,0,0,0
2355,1789388678711695992,41577764236263,1.837941766,1,0,1,0.7145140171,1,1,0,0,0,0,-1,0.5,0,0,5.799093723,0,0,1,0,0,0,0,0,0,0,0,0,-6.947148363,-7.436176,1,0,0,0,0
2356,1789388678721707246,41577774247516,1.838708162,1,0,1,0.7145140171,1,1,0,0,0,0,-1,0.5,0,0,5.799093723,0,0,1,0,0,0,0,0,0,0,0,0,-6.947148363,-7.436176,1,0,0,0,0
2357,1789388678731695506,41577784235783,1.838990569,1,0,1,0.7145140171,1,1,0,0,0,0,-1,0.5,0,0,5.799093723,0,0,1,0,0,0,0,0,0,0,0,0,-6.947148363,-7.436176,1,0,0,0,0
2358,1789388678741705378,41577794245649,1.83964932,1,0,1,0.7145140171,1,1,0,0,0,0,-1,0.5,0,0,5.799093723,0,0,1,0,0,0,0,0,0,0,0,0,-6.947148363,-7.436176,1,0,0,0,0
2359,1789388678751697415,41577804237678,1.840084434,1,0,1,0.7319116592,1,1,0,0,0,0,-1,0.5,0,0,5.799093723,0,0,1,0,0,0,0,0,0,0,0,0,-6.947148363,-7.436176,1,0,0,0,0
2360,1789388678761705055,41577814245324,1.84033525,1,0,1,0.7319116592,1,1,1,0,0,0,-1,0.5,0,0,5.679554939,0,0,1,0,0,0,0,0,0,0,0,0,-6.947148363,-7.436176,1,0,0,0,0
2361,1789388678771703606,41577824243880,1.840637922,1,0,1,0.7319116592,1,1,0,0,0,0,-1,0.5,0,0,5.679554939,0,0,1,0,0,0,0,0,0,0,0,0,-6.947148363,-7.436176,1,0,0,0,0
2362,1789388678781707303,41577834247495,1.84031415,1,0,1,0.7319116592,1,1,0,0,0,0,-1,0.5,0,0,5.679554939,0,0,1,0,0,0,0,0,0,0,0,0,-7.109485603,-7.584602667,1,0,0,0,0
2363,1789388678791703927,41577844244197,1.840512991,1,0,1,0.7319116592,1,1,0,0,0,0,-1,0.5,0,0,5.679554939,0,0,1,0,0,0,0,0,0,0,0,0,-7.109485603,-7.584602667,1,0,0,0,0
2364,1789388678801702396,41577854242661,1.839895368,1,0,1,0.7319116592,1,1,0,0,0,0,-1,0.5,0,0,5.679554939,0,0,1,0,0,0,0,0,0,0,0,0,-7.109485603,-7.584602667,1,0,0,0,0
2365,1789388678811720112,41577864260375,1.838856101,1,0,1,0.7319116592,1,1,0,0,0,0,-1,0.5,0,0,5.679554939,0,0,1,0,0,0,0,0,0,0,0,0,-7.109485603,-7.584602667,1,0,0,0,0
2366,1789388678821720065,41577874260323,1.8378371,1,0,1,0.7319116592,1,1,0,0,0,0,-1,0.5,0,0,5.679554939,0,0,1,0,0,0,0,0,0,0,0,0,-7.109485603,-7.584602667,1,0,0,0,0
2367,1789388678831722555,41577884262813,1.836178064,1,0,1,0.7319116592,1,1,0,0,0,0,-1,0.5,0,0,5.679554939,0,0,1,0,0,0,0,0,0,0,0,0,-7.109485603,-7.584602667,1,0,0,0,0
2368,1789388678841723184,41577894263450,1.835548043,1,0,1,0.7289004922,1,1,0,0,0,0,-1,0.5,0,0,5.679554939,0,0,1,0,0,0,0,0,0,0,0,0,-7.109485603,-7.584602667,1,0,0,0,0
2369,1789388678851707855,41577904248128,1.835029364,1,0,1,0.7289004922,1,1,0,0,0,0,-1,0.5,0,0,5.679554939,0,0,1,0,0,0,0,0,0,0,0,0,-7.109485603,-7.584602667,1,0,0,0,0
2370,1789388678861699613,41577914239884,1.834495544,1,0,1,0.7289004922,1,1,1,0,0,0,-1,0.5,0,0,5.603625298,0,0,1,0,0,0,0,0,0,0,0,0,-7.109485603,-7.584602667,1,0,0,0,0
2371,1789388678871702791,41577924243053,1.833753228,1,0,1,0.7289004922,1,1,0,0,0,0,-1,0.5,0,0,5.603625298,0,0,1,0,0,0,0,0,0,0,0,0,-7.109485603,-7.584602667,1,0,0,0,0
2372,1789388678881710689,41577934250959,1.833193779,1,0,1,0.7289004922,1,1,0,0,0,0,-1,0.5,0,0,5.603625298,0,0,1,0,0,0,0,0,0,0,0,0,-7.24230698,-7.770136,1,0,0,0,0
2373,1789388678891691918,41577944232189,1.833858252,1,0,1,0.7289004922,1,1,0,0,0,0,-1,0.5,0,0,5.603625298,0,0,1,0,0,0,0,0,0,0,0,0,-7.24230698,-7.770136,1,0,0,0,0
2374,1789388678901693713,41577954233978,1.835392594,1,0,1,0.7289004922,1,1,0,0,0,0,-1,0.5,0,0,5.603625298,0,0,1,0,0,0,0,0,0,0,0,0,-7.24230698,-7.770136,1,0,0,0,0
2375,1789388678911699412,41577964239681,1.836986184,1,0,1,0.7289004922,1,1,0,0,0,0,-1,0.5,0,0,5.603625298,0,0,1,0,0,0,0,0,0,0,0,0,-7.24230698,-7.770136,1,0,0,0,0
2376,1789388678921694553,41577974234829,1.837874055,1,0,1,0.7289004922,1,1,0,0,0,0,-1,0.5,0,0,5.603625298,0,0,1,0,0,0,0,0,0,0,0,0,-7.24230698,-7.770136,1,0,0,0,0
2377,1789388678931700245,41577984240511,1.837950587,1,0,1,0.7289004922,1,1,0,0,0,0,-1,0.5,0,0,5.603625298,0,0,1,0,0,0,0,0,0,0,0,0,-7.24230698,-7.770136,1,0,0,0,0
2378,1789388678941697601,41577994237872,1.838750243,1,0,1,0.7558281422,1,1,0,0,0,0,-1,0.5,0,0,5.603625298,0,0,1,0,0,0,0,0,0,0,0,0,-7.24230698,-7.770136,1,0,0,0,0
2379,1789388678951692523,41578004232798,1.839728236,1,0,1,0.7558281422,1,1,0,0,0,0,-1,0.5,0,0,5.603625298,0,0,1,0,0,0,0,0,0,0,0,0,-7.24230698,-7.770136,1,0,0,0,0
2380,1789388678961704315,41578014244586,1.8413378,1,0,1,0.7558281422,1,1,1,0,0,0,-1,0.5,0,0,5.488413811,0,0,1,0,0,0,0,0,0,0,0,0,-7.24230698,-7.770136,1,0,0,0,0
2381,1789388678971701327,41578024241601,1.842212081,1,0,1,0.7558281422,1,1,0,0,0,0,-1,0.5,0,0,5.488413811,0,0,1,0,0,0,0,0,0,0,0,0,-7.24230698,-7.770136,1,0,0,0,0
2382,1789388678981691086,41578034231360,1.842655063,1,0,1,0.7558281422,1,1,0,0,0,0,-1,0.5,0,0,5.488413811,0,0,1,0,0,0,0,0,0,0,0,0,-7.375128357,-7.955669333,1,0,0,0,0
2383,1789388678991727835,41578044268107,1.843063354,1,0,1,0.7558281422,1,1,0,0,0,0,-1,0.5,0,0,5.488413811,0,0,1,0,0,0,0,0,0,0,0,0,-7.375128357,-7.955669333,1,0,0,0,0
2384,1789388679001747504,41578054287772,1.843295574,1,0,1,0.7558281422,1,1,0,0,0,0,-1,0.5,0,0,5.488413811,0,0,1,0,0,0,0,0,0,0,0,0,-7.375128357,-7.955669333,1,0,0,0,0
2385,1789388679011703760,41578064244032,1.84450531,1,0,1,0.7558281422,1,1,0,0,0,0,-1,0.5,0,0,5.488413811,0,0,1,0,0,0,0,0,0,0,0,0,-7.375128357,-7.955669333,1,0,0,0,0
2386,1789388679021796727,41578074336993,1.845051289,1,0,1,0.7558281422,1,1,0,0,0,0,-1,0.5,0,0,5.488413811,0,0,1,0,0,0,0,0,0,0,0,0,-7.375128357,-7.955669333,1,0,0,0,0
2387,1789388679031711542,41578084251815,1.845725656,1,0,1,0.7558281422,1,1,0,0,0,0,-1,0.5,0,0,5.488413811,0,0,1,0,0,0,0,0,0,0,0,0,-7.375128357,-7.955669333,1,0,0,0,0
2388,1789388679041703801,41578094244075,1.845804572,1,0,1,0.7558281422,1,1,0,0,0,0,-1,0.5,0,0,5.488413811,0,0,1,0,0,0,0,0,0,0,0,0,-7.375128357,-7.955669333,1,0,0,0,0
2389,1789388679051699120,41578104239389,1.845899105,1,0,1,0.7214233279,1,1,0,0,0,0,-1,0.5,0,0,5.488413811,0,0,1,0,0,0,0,0,0,0,0,0,-7.375128357,-7.955669333,1,0,0,0,0
2390,1789388679061702309,41578114242574,1.847858906,1,0,1,0.7214233279,1,1,1,0,0,0,-1,0.5,0,0,5.361790657,0,0,1,0,0,0,0,0,0,0,0,0,-7.375128357,-7.955669333,1,0,0,0,0
2391,1789388679071755280,41578124295533,1.848693013,1,0,1,0.7214233279,1,1,0,0,0,0,-1,0.5,0,0,5.361790657,0,0,1,0,0,0,0,0,0,0,0,0,-7.375128357,-7.955669333,1,0,0,0,0
2392,1789388679081715473,41578134255736,1.849399805,1,0,1,0.7214233279,1,1,0,0,0,0,-1,0.5,0,0,5.361790657,0,0,1,0,0,0,0,0,0,0,0,0,-7.375128357,-7.955669333,1,0,0,0,0
2393,1789388679091713768,41578144254027,1.850045443,1,0,1,0.7214233279,1,1,0,0,0,0,-1,0.5,0,0,5.361790657,0,0,1,0,0,0,0,0,0,0,0,0,-7.375128357,-7.955669333,1,0,0,0,0
2394,1789388679101710141,41578154250376,1.850969672,1,0,1,0.7214233279,1,1,0,0,0,0,-1,0.5,0,0,5.361790657,0,0,1,0,0,0,0,0,0,0,0,0,-7.375128357,-7.955669333,1,0,0,0,0
2395,1789388679111710207,41578164250465,1.852593422,1,0,1,0.7214233279,1,1,0,0,0,0,-1,0.5,0,0,5.361790657,0,0,1,0,0,0,0,0,0,0,0,0,-7.375128357,-7.955669333,1,0,0,0,0
2396,1789388679121710949,41578174251213,1.853717327,1,0,1,0.7214233279,1,1,0,0,0,0,-1,0.5,0,0,5.361790657,0,0,1,0,0,0,0,0,0,0,0,0,-7.375128357,-7.955669333,1,0,0,0,0
2397,1789388679131710048,41578184250319,1.854279995,1,0,1,0.7214233279,1,1,0,0,0,0,-1,0.5,0,0,5.361790657,0,0,1,0,0,0,0,0,0,0,0,0,-7.375128357,-7.955669333,1,0,0,0,0
2398,1789388679141709544,41578194249811,1.855352521,1,0,1,0.8057089448,1,1,0,0,0,0,-1,0.5,0,0,5.361790657,0,0,1,0,0,0,0,0,0,0,0,0,-7.375128357,-7.955669333,1,0,0,0,0
2399,1789388679151714263,41578204254532,1.856005311,1,0,1,0.8057089448,1,1,0,0,0,0,-1,0.5,0,0,5.361790657,0,0,1,0,0,0,0,0,0,0,0,0,-7.375128357,-7.955669333,1,0,0,0,0
2400,1789388679161705256,41578214245518,1.855888367,1,0,1,0.8057089448,1,1,1,0,0,0,-1,0.5,0,0,5.22593832,0,0,1,0,0,0,0,0,0,0,0,0,-7.375128357,-7.955669333,1,0,0,0,0
2401,1789388679171774541,41578224314788,1.856115341,1,0,1,0.8057089448,1,1,0,0,0,0,-1,0.5,0,0,5.22593832,0,0,1,0,0,0,0,0,0,0,0,0,-7.375128357,-7.955669333,1,0,0,0,0
2402,1789388679181715686,41578234255851,1.855229855,1,0,1,0.8057089448,1,1,0,0,0,0,-1,0.5,0,0,5.22593832,0,0,1,0,0,0,0,0,0,0,0,0,-7.537465596,-8.141202667,1,0,0,0,0
2403,1789388679191711069,41578244251337,1.855417252,1,0,1,0.8057089448,1,1,0,0,0,0,-1,0.5,0,0,5.22593832,0,0,1,0,0,0,0,0,0,0,0,0,-7.537465596,-8.141202667,1,0,0,0,0
2404,1789388679201705317,41578254245591,1.8551265,1,0,1,0.8057089448,1,1,0,0,0,0,-1,0.5,0,0,5.22593832,0,0,1,0,0,0,0,0,0,0,0,0,-7.537465596,-8.141202667,1,0,0,0,0
2405,1789388679211706421,41578264246691,1.853831053,1,0,1,0.8057089448,1,1,0,0,0,0,-1,0.5,0,0,5.22593832,0,0,1,0,0,0,0,0,0,0,0,0,-7.537465596,-8.141202667,1,0,0,0,0
2406,1789388679221760586,41578274300856,1.853815675,1,0,1,0.8057089448,1,1,0,0,0,0,-1,0.5,0,0,5.22593832,0,0,1,0,0,0,0,0,0,0,0,0,-7.537465596,-8.141202667,1,0,0,0,0
2407,1789388679231701676,41578284241948,1.85409987,1,0,1,0.8057089448,1,1,0,0,0,0,-1,0.5,0,0,5.22593832,0,0,1,0,0,0,0,0,0,0,0,0,-7.537465596,-8.141202667,1,0,0,0,0
2408,1789388679241700582,41578294240854,1.854144812,1,0,1,0.8057089448,1,1,0,0,0,0,-1,0.5,0,0,5.22593832,0,0,1,0,0,0,0,0,0,0,0,0,-7.537465596,-8.141202667,1,0,0,0,0
2409,1789388679251712915,41578304253186,1.854159236,1,0,1,0.8288279176,1,1,0,0,0,0,-1,0.5,0,0,5.22593832,0,0,1,0,0,0,0,0,0,0,0,0,-7.537465596,-8.141202667,1,0,0,0,0
2410,1789388679261712260,41578314252504,1.853606582,1,0,1,0.8288279176,1,1,1,0,0,0,-1,0.5,0,0,5.1855793,0,0,1,0,0,0,0,0,0,0,0,0,-7.537465596,-8.141202667,1,0,0,0,0
2411,1789388679271776088,41578324316081,1.854575634,1,0,1,0.8288279176,1,1,0,0,0,0,-1,0.5,0,0,5.1855793,0,0,1,0,0,0,0,0,0,0,0,0,-7.537465596,-8.141202667,1,0,0,0,0
2412,1789388679281724531,41578334264796,1.855432868,1,0,1,0.8288279176,1,1,0,0,0,0,-1,0.5,0,0,5.1855793,0,0,1,0,0,0,0,0,0,0,0,0,-7.699802836,-8.289629333,1,0,0,0,0
2413,1789388679291714865,41578344255127,1.856090784,1,0,1,0.8288279176,1,1,0,0,0,0,-1,0.5,0,0,5.1855793,0,0,1,0,0,0,0,0,0,0,0,0,-7.699802836,-8.289629333,1,0,0,0,0
2414,1789388679301715355,41578354255627,1.857309699,1,0,1,0.8288279176,1,1,0,0,0,0,-1,0.5,0,0,5.1855793,0,0,1,0,0,0,0,0,0,0,0,0,-7.699802836,-8.289629333,1,0,0,0,0
2415,1789388679311718886,41578364259140,1.857728839,1,0,1,0.8288279176,1,1,0,0,0,0,-1,0.5,0,0,5.1855793,0,0,1,0,0,0,0,0,0,0,0,0,-7.699802836,-8.289629333,1,0,0,0,0
2416,1789388679321716262,41578374256529,1.858576179,1,0,1,0.8288279176,1,1,0,0,0,0,-1,0.5,0,0,5.1855793,0,0,1,0,0,0,0,0,0,0,0,0,-7.699802836,-8.289629333,1,0,0,0,0
2417,1789388679331709214,41578384249393,1.859288692,1,0,1,0.8288279176,1,1,0,0,0,0,-1,0.5,0,0,5.1855793,0,0,1,0,0,0,0,0,0,0,0,0,-7.699802836,-8.289629333,1,0,0,0,0
2418,1789388679341711533,41578394251786,1.860297561,1,0,1,0.7926199436,1,1,0,0,0,0,-1,0.5,0,0,5.1855793,0,0,1,0,0,0,0,0,0,0,0,0,-7.699802836,-8.289629333,1,0,0,0,0
2419,1789388679351758520,41578404298780,1.862357974,1,0,1,0.7926199436,1,1,0,0,0,0,-1,0.5,0,0,5.1855793,0,0,1,0,0,0,0,0,0,0,0,0,-7.699802836,-8.289629333,1,0,0,0,0
2420,1789388679361714029,41578414254297,1.862332702,1,0,1,0.7926199436,1,1,1,0,0,0,-1,0.5,0,0,3.547993183,0,0,1,0,0,0,0,0,0,0,0,0,-7.699802836,-8.289629333,1,0,0,0,0
2421,1789388679371759790,41578424300053,1.863359451,1,0,1,0.7926199436,1,1,0,0,0,0,-1,0.5,0,0,3.547993183,0,0,1,0,0,0,0,0,0,0,0,0,-7.699802836,-8.289629333,1,0,0,0,0
2422,1789388679381720651,41578434260910,1.865170717,1,0,1,0.7926199436,1,1,0,0,0,0,-1,0.5,0,0,3.547993183,0,0,1,0,0,0,0,0,0,0,0,0,-7.876898006,-8.456609334,1,0,0,0,0
2423,1789388679391706725,41578444246998,1.865891814,1,0,1,0.7926199436,1,1,0,0,0,0,-1,0.5,0,0,3.547993183,0,0,1,0,0,0,0,0,0,0,0,0,-7.876898006,-8.456609334,1,0,0,0,0
2424,1789388679401697494,41578454237764,1.867295384,1,0,1,0.7926199436,1,1,0,0,0,0,-1,0.5,0,0,3.547993183,0,0,1,0,0,0,0,0,0,0,0,0,-7.876898006,-8.456609334,1,0,0,0,0
2425,1789388679411698593,41578464238862,1.867832422,1,0,1,0.7926199436,1,1,0,0,0,0,-1,0.5,0,0,3.547993183,0,0,1,0,0,0,0,0,0,0,0,0,-7.876898006,-8.456609334,1,0,0,0,0
2426,1789388679421706153,41578474246424,1.869311571,1,0,1,0.7926199436,1,1,0,0,0,0,-1,0.5,0,0,3.547993183,0,0,1,0,0,0,0,0,0,0,0,0,-7.876898006,-8.456609334,1,0,0,0,0
2427,1789388679431701755,41578484242030,1.872505426,1,0,1,0.7926199436,1,1,0,0,0,0,-1,0.5,0,0,3.547993183,0,0,1,0,0,0,0,0,0,0,0,0,-7.876898006,-8.456609334,1,0,0,0,0
2428,1789388679441699730,41578494240001,1.873967409,1,0,1,0.7926199436,1,1,0,0,0,0,-1,0.5,0,0,3.547993183,0,0,1,0,0,0,0,0,0,0,0,0,-7.876898006,-8.456609334,1,0,0,0,0
2429,1789388679451699337,41578504239598,1.875768423,1,0,1,0.8300870657,1,1,0,0,0,0,-1,0.5,0,0,3.547993183,0,0,1,0,0,0,0,0,0,0,0,0,-7.876898006,-8.456609334,1,0,0,0,0
2430,1789388679461711411,41578514251683,1.878053784,1,0,1,0.8300870657,1,1,1,0,0,0,-1,0.5,0,0,3.310860872,0,0,1,0,0,0,0,0,0,0,0,0,-7.876898006,-8.456609334,1,0,0,0,0
2431,1789388679471700105,41578524240375,1.880024552,1,0,1,0.8300870657,1,1,0,0,0,0,-1,0.5,0,0,3.310860872,0,0,1,0,0,0,0,0,0,0,0,0,-7.876898006,-8.456609334,1,0,0,0,0
2432,1789388679481699197,41578534239466,1.882434964,1,0,1,0.8300870657,1,1,0,0,0,0,-1,0.5,0,0,3.310860872,0,0,1,0,0,0,0,0,0,0,0,0,-7.876898006,-8.456609334,1,0,0,0,0
2433,1789388679491700636,41578544240906,1.882775187,1,0,1,0.8300870657,1,1,0,0,0,0,-1,0.5,0,0,3.310860872,0,0,1,0,0,0,0,0,0,0,0,0,-7.876898006,-8.456609334,1,0,0,0,0
2434,1789388679501692035,41578554232308,1.883801818,1,0,1,0.8300870657,1,1,0,0,0,0,-1,0.5,0,0,3.310860872,0,0,1,0,0,0,0,0,0,0,0,0,-7.876898006,-8.456609334,1,0,0,0,0
2435,1789388679511722881,41578564263133,1.885067225,1,0,1,0.8300870657,1,1,0,0,0,0,-1,0.5,0,0,3.310860872,0,0,1,0,0,0,0,0,0,0,0,0,-7.876898006,-8.456609334,1,0,0,0,0
2436,1789388679521709954,41578574250220,1.885702729,1,0,1,0.8300870657,1,1,0,0,0,0,-1,0.5,0,0,3.310860872,0,0,1,0,0,0,0,0,0,0,0,0,-7.876898006,-8.456609334,1,0,0,0,0
2437,1789388679531744552,41578584284820,1.886777401,1,0,1,0.8300870657,1,1,0,0,0,0,-1,0.5,0,0,3.310860872,0,0,1,0,0,0,0,0,0,0,0,0,-7.876898006,-8.456609334,1,0,0,0,0
2438,1789388679541718461,41578594258730,1.887300611,1,0,1,0.8300870657,1,1,0,0,0,0,-1,0.5,0,0,3.310860872,0,0,1,0,0,0,0,0,0,0,0,0,-7.876898006,-8.456609334,1,0,0,0,0
2439,1789388679551705942,41578604246093,1.887996554,1,0,1,0.7955387831,1,1,0,0,0,0,-1,0.5,0,0,3.310860872,0,0,1,0,0,0,0,0,0,0,0,0,-7.876898006,-8.456609334,1,0,0,0,0
2440,1789388679561711721,41578614251987,1.888939381,1,0,1,0.7955387831,1,1,1,0,0,0,-1,0.5,0,0,3.189689159,0,0,1,0,0,0,0,0,0,0,0,0,-7.876898006,-8.456609334,1,0,0,0,0
2441,1789388679571711307,41578624251461,1.889234781,1,0,1,0.7955387831,1,1,0,0,0,0,-1,0.5,0,0,3.189689159,0,0,1,0,0,0,0,0,0,0,0,0,-7.876898006,-8.456609334,1,0,0,0,0
2442,1789388679581734216,41578634274472,1.889591813,1,0,1,0.7955387831,1,1,0,0,0,0,-1,0.5,0,0,3.189689159,0,0,1,0,0,0,0,0,0,0,0,0,-8.068751106,-8.605036,1,0,0,0,0
2443,1789388679591715941,41578644256211,1.889254093,1,0,1,0.7955387831,1,1,0,0,0,0,-1,0.5,0,0,3.189689159,0,0,1,0,0,0,0,0,0,0,0,0,-8.068751106,-8.605036,1,0,0,0,0
2444,1789388679601710241,41578654250513,1.888759136,1,0,1,0.7955387831,1,1,0,0,0,0,-1,0.5,0,0,3.189689159,0,0,1,0,0,0,0,0,0,0,0,0,-8.068751106,-8.605036,1,0,0,0,0
2445,1789388679611695312,41578664235582,1.888418913,1,0,1,0.7955387831,1,1,0,0,0,0,-1,0.5,0,0,3.189689159,0,0,1,0,0,0,0,0,0,0,0,0,-8.068751106,-8.605036,1,0,0,0,0
2446,1789388679621705145,41578674245414,1.887723565,1,0,1,0.7955387831,1,1,0,0,0,0,-1,0.5,0,0,3.189689159,0,0,1,0,0,0,0,0,0,0,0,0,-8.068751106,-8.605036,1,0,0,0,0
2447,1789388679631695737,41578684235935,1.887164593,1,0,1,0.7955387831,1,1,0,0,0,0,-1,0.5,0,0,3.189689159,0,0,1,0,0,0,0,0,0,0,0,0,-8.068751106,-8.605036,1,0,0,0,0
2448,1789388679641696005,41578694236278,1.886468768,1,0,1,0.7955387831,1,1,0,0,0,0,-1,0.5,0,0,3.189689159,0,0,1,0,0,0,0,0,0,0,0,0,-8.068751106,-8.605036,1,0,0,0,0
2449,1789388679651706695,41578704246949,1.885827184,1,0,1,0.8268663883,1,1,0,0,0,0,-1,0.5,0,0,3.189689159,0,0,1,0,0,0,0,0,0,0,0,0,-8.068751106,-8.605036,1,0,0,0,0
2450,1789388679661715314,41578714255563,1.88622725,1,0,1,0.8268663883,1,1,1,0,0,0,-1,0.5,0,0,1000000000,0,0,1,0,0,0,0,0,0,0,0,0,-8.068751106,-8.605036,1,0,0,0,0
2451,1789388679671714418,41578724254687,1.886723518,1,0,1,0.8268663883,1,1,0,0,0,0,-1,0.5,0,0,1000000000,0,0,1,0,0,0,0,0,0,0,0,0,-8.068751106,-8.605036,1,0,0,0,0
2452,1789388679681714068,41578734254334,1.886035442,1,0,1,0.8268663883,1,1,0,0,0,0,-1,0.5,0,0,1000000000,0,0,1,0,0,0,0,0,0,0,0,0,-8.231088346,-8.772016,1,0,0,0,0
2453,1789388679691711450,41578744251713,1.885793686,1,0,1,0.8268663883,1,1,0,0,0,0,-1,0.5,0,0,1000000000,0,0,1,0,0,0,0,0,0,0,0,0,-8.231088346,-8.772016,1,0,0,0,0
2454,1789388679701717138,41578754257402,1.886297941,1,0,1,0.8268663883,1,1,0,0,0,0,-1,0.5,0,0,1000000000,0,0,1,0,0,0,0,0,0,0,0,0,-8.231088346,-8.772016,1,0,0,0,0
2455,1789388679711723284,41578764263555,1.886217117,1,0,1,0.8268663883,1,1,0,0,0,0,-1,0.5,0,0,1000000000,0,0,1,0,0,0,0,0,0,0,0,0,-8.231088346,-8.772016,1,0,0,0,0
2456,1789388679721709158,41578774249426,1.886282206,1,0,1,0.8268663883,1,1,0,0,0,0,-1,0.5,0,0,1000000000,0,0,1,0,0,0,0,0,0,0,0,0,-8.231088346,-8.772016,1,0,0,0,0
2457,1789388679731710626,41578784250886,1.88530159,1,0,1,0.8268663883,1,1,0,0,0,0,-1,0.5,0,0,1000000000,0,0,1,0,0,0,0,0,0,0,0,0,-8.231088346,-8.772016,1,0,0,0,0
2458,1789388679741739519,41578794279802,1.884810209,1,0,1,0.8268663883,1,1,0,0,0,0,-1,0.5,0,0,1000000000,0,0,1,0,0,0,0,0,0,0,0,0,-8.231088346,-8.772016,1,0,0,0,0
2459,1789388679751717791,41578804258043,1.884145617,1,0,1,0.7457965612,1,1,0,0,0,0,-1,0.5,0,0,1000000000,0,0,1,0,0,0,0,0,0,0,0,0,-8.231088346,-8.772016,1,0,0,0,0
2460,1789388679761719478,41578814259653,1.882617712,1,0,1,0.7457965612,1,1,1,0,0,0,-1,0.5,0,0,4.615727425,0,0,1,0,0,0,0,0,0,0,0,0,-8.231088346,-8.772016,1,0,0,0,0
2461,1789388679771715754,41578824256002,1.882585764,1,0,1,0.7457965612,1,1,0,0,0,0,-1,0.5,0,0,4.615727425,0,0,1,0,0,0,0,0,0,0,0,0,-8.231088346,-8.772016,1,0,0,0,0
2462,1789388679781719206,41578834259477,1.88248992,1,0,1,0.7457965612,1,1,0,0,0,0,-1,0.5,0,0,4.615727425,0,0,1,0,0,0,0,0,0,0,0,0,-8.393425585,-8.938996,1,0,0,0,0
2463,1789388679791727703,41578844267827,1.883136988,1,0,1,0.7457965612,1,1,0,0,0,0,-1,0.5,0,0,4.615727425,0,0,1,0,0,0,0,0,0,0,0,0,-8.393425585,-8.938996,1,0,0,0,0
2464,1789388679801722457,41578854262723,1.883615017,1,0,1,0.7457965612,1,1,0,0,0,0,-1,0.5,0,0,4.615727425,0,0,1,0,0,0,0,0,0,0,0,0,-8.393425585,-8.938996,1,0,0,0,0
2465,1789388679811738759,41578864279023,1.884353757,1,0,1,0.7457965612,1,1,0,0,0,0,-1,0.5,0,0,4.615727425,0,0,1,0,0,0,0,0,0,0,0,0,-8.393425585,-8.938996,1,0,0,0,0
2466,1789388679821720339,41578874260589,1.885430217,1,0,1,0.7457965612,1,1,0,0,0,0,-1,0.5,0,0,4.615727425,0,0,1,0,0,0,0,0,0,0,0,0,-8.393425585,-8.938996,1,0,0,0,0
2467,1789388679831719995,41578884260249,1.88488245,1,0,1,0.7457965612,1,1,0,0,0,0,-1,0.5,0,0,4.615727425,0,0,1,0,0,0,0,0,0,0,0,0,-8.393425585,-8.938996,1,0,0,0,0
2468,1789388679841717674,41578894257936,1.885326266,1,0,1,0.7457965612,1,1,0,0,0,0,-1,0.5,0,0,4.615727425,0,0,1,0,0,0,0,0,0,0,0,0,-8.393425585,-8.938996,1,0,0,0,0
2469,1789388679851713448,41578904253709,1.885478139,1,0,1,0.7887703776,1,1,0,0,0,0,-1,0.5,0,0,4.615727425,0,0,1,0,0,0,0,0,0,0,0,0,-8.393425585,-8.938996,1,0,0,0,0
2470,1789388679861715001,41578914255256,1.88576746,1,0,1,0.7887703776,1,1,1,0,0,0,-1,0.5,0,0,4.449666977,0,0,1,0,0,0,0,0,0,0,0,0,-8.393425585,-8.938996,1,0,0,0,0
2471,1789388679871756931,41578924297202,1.886235356,1,0,1,0.7887703776,1,1,0,0,0,0,-1,0.5,0,0,4.449666977,0,0,1,0,0,0,0,0,0,0,0,0,-8.393425585,-8.938996,1,0,0,0,0
2472,1789388679881722131,41578934262392,1.886173964,1,0,1,0.7887703776,1,1,0,0,0,0,-1,0.5,0,0,4.449666977,0,0,1,0,0,0,0,0,0,0,0,0,-8.541004893,-9.105976,1,0,0,0,0
2473,1789388679891711831,41578944252087,1.887628794,1,0,1,0.7887703776,1,1,0,0,0,0,-1,0.5,0,0,4.449666977,0,0,1,0,0,0,0,0,0,0,0,0,-8.541004893,-9.105976,1,0,0,0,0
2474,1789388679901711725,41578954251996,1.888618708,1,0,1,0.7887703776,1,1,0,0,0,0,-1,0.5,0,0,4.449666977,0,0,1,0,0,0,0,0,0,0,0,0,-8.541004893,-9.105976,1,0,0,0,0
2475,1789388679911712611,41578964252884,1.889873862,1,0,1,0.7887703776,1,1,0,0,0,0,-1,0.5,0,0,4.449666977,0,0,1,0,0,0,0,0,0,0,0,0,-8.541004893,-9.105976,1,0,0,0,0
2476,1789388679921714748,41578974255021,1.891461849,1,0,1,0.7887703776,1,1,0,0,0,0,-1,0.5,0,0,4.449666977,0,0,1,0,0,0,0,0,0,0,0,0,-8.541004893,-9.105976,1,0,0,0,0
2477,1789388679931783305,41578984323387,1.892741442,1,0,1,0.7887703776,1,1,0,0,0,0,-1,0.5,0,0,4.449666977,0,0,1,0,0,0,0,0,0,0,0,0,-8.541004893,-9.105976,1,0,0,0,0
2478,1789388679941702890,41578994243163,1.895056129,1,0,1,0.7887703776,1,1,0,0,0,0,-1,0.5,0,0,4.449666977,0,0,1,0,0,0,0,0,0,0,0,0,-8.541004893,-9.105976,1,0,0,0,0
2479,1789388679951713240,41579004253479,1.895960569,1,0,1,0.8128130436,1,1,0,0,0,0,-1,0.5,0,0,4.449666977,0,0,1,0,0,0,0,0,0,0,0,0,-8.541004893,-9.105976,1,0,0,0,0
2480,1789388679961711605,41579014251766,1.896809816,1,0,1,0.8128130436,1,1,1,0,0,0,-1,0.5,0,0,4.328504086,0,0,1,0,0,0,0,0,0,0,0,0,-8.541004893,-9.105976,1,0,0,0,0
2481,1789388679971753180,41579024293441,1.897892356,1,0,1,0.8128130436,1,1,0,0,0,0,-1,0.5,0,0,4.328504086,0,0,1,0,0,0,0,0,0,0,0,0,-8.541004893,-9.105976,1,0,0,0,0
2482,1789388679981715650,41579034255914,1.898744226,1,0,1,0.8128130436,1,1,0,0,0,0,-1,0.5,0,0,4.328504086,0,0,1,0,0,0,0,0,0,0,0,0,-8.703342133,-9.310062667,1,0,0,0,0
2483,1789388679991734172,41579044274441,1.899953246,1,0,1,0.8128130436,1,1,0,0,0,0,-1,0.5,0,0,4.328504086,0,0,1,0,0,0,0,0,0,0,0,0,-8.703342133,-9.310062667,1,0,0,0,0
2484,1789388680001708687,41579054248946,1.900259137,1,0,1,0.8128130436,1,1,0,0,0,0,-1,0.5,0,0,4.328504086,0,0,1,0,0,0,0,0,0,0,0,0,-8.703342133,-9.310062667,1,0,0,0,0
2485,1789388680011746601,41579064286862,1.90152359,1,0,1,0.8128130436,1,1,0,0,0,0,-1,0.5,0,0,4.328504086,0,0,1,0,0,0,0,0,0,0,0,0,-8.703342133,-9.310062667,1,0,0,0,0
2486,1789388680021710193,41579074250465,1.90286231,1,0,1,0.8128130436,1,1,0,0,0,0,-1,0.5,0,0,4.328504086,0,0,1,0,0,0,0,0,0,0,0,0,-8.703342133,-9.310062667,1,0,0,0,0
2487,1789388680031709301,41579084249572,1.902937412,1,0,1,0.8128130436,1,1,0,0,0,0,-1,0.5,0,0,4.328504086,0,0,1,0,0,0,0,0,0,0,0,0,-8.703342133,-9.310062667,1,0,0,0,0
2488,1789388680041721103,41579094261375,1.902786374,1,0,1,0.8128130436,1,1,0,0,0,0,-1,0.5,0,0,4.328504086,0,0,1,0,0,0,0,0,0,0,0,0,-8.703342133,-9.310062667,1,0,0,0,0
2489,1789388680051702759,41579104243035,1.903312206,1,0,1,0.8291999102,1,1,0,0,0,0,-1,0.5,0,0,4.328504086,0,0,1,0,0,0,0,0,0,0,0,0,-8.703342133,-9.310062667,1,0,0,0,0
2490,1789388680061701126,41579114241390,1.904884934,1,0,1,0.8291999102,1,1,1,0,0,0,-1,0.5,0,0,4.205996037,0,0,1,0,0,0,0,0,0,0,0,0,-8.703342133,-9.310062667,1,0,0,0,0
2491,1789388680071704064,41579124244333,1.905265093,1,0,1,0.8291999102,1,1,0,0,0,0,-1,0.5,0,0,4.205996037,0,0,1,0,0,0,0,0,0,0,0,0,-8.703342133,-9.310062667,1,0,0,0,0
2492,1789388680081719241,41579134259511,1.90489459,1,0,1,0.8291999102,1,1,0,0,0,0,-1,0.5,0,0,4.205996037,0,0,1,0,0,0,0,0,0,0,0,0,-8.703342133,-9.310062667,1,0,0,0,0
2493,1789388680091705025,41579144245293,1.904339552,1,0,1,0.8291999102,1,1,0,0,0,0,-1,0.5,0,0,4.205996037,0,0,1,0,0,0,0,0,0,0,0,0,-8.703342133,-9.310062667,1,0,0,0,0
2494,1789388680101697091,41579154237360,1.904405355,1,0,1,0.8291999102,1,1,0,0,0,0,-1,0.5,0,0,4.205996037,0,0,1,0,0,0,0,0,0,0,0,0,-8.703342133,-9.310062667,1,0,0,0,0
2495,1789388680111695718,41579164235987,1.904233932,1,0,1,0.8291999102,1,1,0,0,0,0,-1,0.5,0,0,4.205996037,0,0,1,0,0,0,0,0,0,0,0,0,-8.703342133,-9.310062667,1,0,0,0,0
2496,1789388680121701868,41579174242136,1.904036641,1,0,1,0.8291999102,1,1,0,0,0,0,-1,0.5,0,0,4.205996037,0,0,1,0,0,0,0,0,0,0,0,0,-8.703342133,-9.310062667,1,0,0,0,0
2497,1789388680131703845,41579184244117,1.904481292,1,0,1,0.8291999102,1,1,0,0,0,0,-1,0.5,0,0,4.205996037,0,0,1,0,0,0,0,0,0,0,0,0,-8.703342133,-9.310062667,1,0,0,0,0
2498,1789388680141696675,41579194236944,1.904377341,1,0,1,0.8291999102,1,1,0,0,0,0,-1,0.5,0,0,4.205996037,0,0,1,0,0,0,0,0,0,0,0,0,-8.703342133,-9.310062667,1,0,0,0,0
2499,1789388680151704947,41579204245215,1.904925823,1,0,1,0.8458935618,1,1,0,0,0,0,-1,0.5,0,0,4.205996037,0,0,1,0,0,0,0,0,0,0,0,0,-8.703342133,-9.310062667,1,0,0,0,0
2500,1789388680161701317,41579214241589,1.904580712,1,0,1,0.8458935618,1,1,1,0,0,0,-1,0.5,0,0,4.136223793,0,0,1,0,0,0,0,0,0,0,0,0,-8.703342133,-9.310062667,1,0,0,0,0
2501,1789388680171695605,41579224235882,1.903834701,1,0,1,0.8458935618,1,1,0,0,0,0,-1,0.5,0,0,4.136223793,0,0,1,0,0,0,0,0,0,0,0,0,-8.703342133,-9.310062667,1,0,0,0,0
2502,1789388680181678699,41579234218944,1.904609323,1,0,1,0.8458935618,1,1,0,0,0,0,-1,0.5,0,0,4.136223793,0,0,1,0,0,0,0,0,0,0,0,0,-8.865679372,-9.458489334,1,0,0,0,0
2503,1789388680191958701,41579244498971,1.904349804,1,0,1,0.8458935618,1,1,0,0,0,0,-1,0.5,0,0,4.136223793,0,0,1,0,0,0,0,0,0,0,0,0,-8.865679372,-9.458489334,1,0,0,0,0
2504,1789388680201753208,41579254293480,1.903825641,1,0,1,0.8458935618,1,1,0,0,0,0,-1,0.5,0,0,4.136223793,0,0,1,0,0,0,0,0,0,0,0,0,-8.865679372,-9.458489334,1,0,0,0,0
2505,1789388680211706819,41579264247090,1.903385043,1,0,1,0.8458935618,1,1,0,0,0,0,-1,0.5,0,0,4.136223793,0,0,1,0,0,0,0,0,0,0,0,0,-8.865679372,-9.458489334,1,0,0,0,0
2506,1789388680221707301,41579274247569,1.902988911,1,0,1,0.8458935618,1,1,0,0,0,0,-1,0.5,0,0,4.136223793,0,0,1,0,0,0,0,0,0,0,0,0,-8.865679372,-9.458489334,1,0,0,0,0
2507,1789388680231704662,41579284244926,1.904103041,1,0,1,0.8458935618,1,1,0,0,0,0,-1,0.5,0,0,4.136223793,0,0,1,0,0,0,0,0,0,0,0,0,-8.865679372,-9.458489334,1,0,0,0,0
2508,1789388680241699739,41579294240001,1.903730035,1,0,1,0.8458935618,1,1,0,0,0,0,-1,0.5,0,0,4.136223793,0,0,1,0,0,0,0,0,0,0,0,0,-8.865679372,-9.458489334,1,0,0,0,0
2509,1789388680251698909,41579304239188,1.902871728,1,0,1,0.7794539928,1,1,0,0,0,0,-1,0.5,0,0,4.136223793,0,0,1,0,0,0,0,0,0,0,0,0,-8.865679372,-9.458489334,1,0,0,0,0
2510,1789388680261700005,41579314240256,1.902367711,1,0,1,0.7794539928,1,1,1,0,0,0,-1,0.5,0,0,2.510639668,0,0,1,0,0,0,0,0,0,0,0,0,-8.865679372,-9.458489334,1,0,0,0,0
2511,1789388680271707069,41579324247336,1.900934815,1,0,1,0.7794539928,1,1,0,0,0,0,-1,0.5,0,0,2.510639668,0,0,1,0,0,0,0,0,0,0,0,0,-8.865679372,-9.458489334,1,0,0,0,0
2512,1789388680281696724,41579334236995,1.901121616,1,0,1,0.7794539928,1,1,0,0,0,0,-1,0.5,0,0,2.510639668,0,0,1,0,0,0,0,0,0,0,0,0,-9.042774542,-9.625469333,1,0,0,0,0
2513,1789388680291694442,41579344234709,1.900865078,1,0,1,0.7794539928,1,1,0,0,0,0,-1,0.5,0,0,2.510639668,0,0,1,0,0,0,0,0,0,0,0,0,-9.042774542,-9.625469333,1,0,0,0,0
2514,1789388680301687988,41579354228257,1.899855614,1,0,1,0.7794539928,1,1,0,0,0,0,-1,0.5,0,0,2.510639668,0,0,1,0,0,0,0,0,0,0,0,0,-9.042774542,-9.625469333,1,0,0,0,0
2515,1789388680311705521,41579364245773,1.900049925,1,0,1,0.7794539928,1,1,0,0,0,0,-1,0.5,0,0,2.510639668,0,0,1,0,0,0,0,0,0,0,0,0,-9.042774542,-9.625469333,1,0,0,0,0
2516,1789388680321716279,41579374256546,1.899053574,1,0,1,0.7794539928,1,1,0,0,0,0,-1,0.5,0,0,2.510639668,0,0,1,0,0,0,0,0,0,0,0,0,-9.042774542,-9.625469333,1,0,0,0,0
2517,1789388680331737567,41579384277838,1.899162769,1,0,1,0.7794539928,1,1,0,0,0,0,-1,0.5,0,0,2.510639668,0,0,1,0,0,0,0,0,0,0,0,0,-9.042774542,-9.625469333,1,0,0,0,0
2518,1789388680341717413,41579394257666,1.899543405,1,0,1,0.7794539928,1,1,0,0,0,0,-1,0.5,0,0,2.510639668,0,0,1,0,0,0,0,0,0,0,0,0,-9.042774542,-9.625469333,1,0,0,0,0
2519,1789388680351717630,41579404257778,1.898753524,1,0,1,0.8401309848,1,1,0,0,0,0,-1,0.5,0,0,2.510639668,0,0,1,0,0,0,0,0,0,0,0,0,-9.042774542,-9.625469333,1,0,0,0,0
2520,1789388680361712594,41579414252860,1.89869678,1,0,1,0.8401309848,1,1,1,0,0,0,-1,0.5,0,0,2.457446814,0,0,1,0,0,0,0,0,0,0,0,0,-9.042774542,-9.625469333,1,0,0,0,0
2521,1789388680371775023,41579424315111,1.898461461,1,0,1,0.8401309848,1,1,0,0,0,0,-1,0.5,0,0,2.457446814,0,0,1,0,0,0,0,0,0,0,0,0,-9.042774542,-9.625469333,1,0,0,0,0
2522,1789388680381724645,41579434264920,1.89893198,1,0,1,0.8401309848,1,1,0,0,0,0,-1,0.5,0,0,2.457446814,0,0,1,0,0,0,0,0,0,0,0,0,-9.219869712,-9.792449334,1,0,0,0,0
2523,1789388680391722326,41579444262494,1.899876356,1,0,1,0.8401309848,1,1,0,0,0,0,-1,0.5,0,0,2.457446814,0,0,1,0,0,0,0,0,0,0,0,0,-9.219869712,-9.792449334,1,0,0,0,0
2524,1789388680401723336,41579454263586,1.899856091,1,0,1,0.8401309848,1,1,0,0,0,0,-1,0.5,0,0,2.457446814,0,0,1,0,0,0,0,0,0,0,0,0,-9.219869712,-9.792449334,1,0,0,0,0
2525,1789388680411700396,41579464240664,1.900602818,1,0,1,0.8401309848,1,1,0,0,0,0,-1,0.5,0,0,2.457446814,0,0,1,0,0,0,0,0,0,0,0,0,-9.219869712,-9.792449334,1,0,0,0,0
2526,1789388680421702530,41579474242799,1.900443077,1,0,1,0.8401309848,1,1,0,0,0,0,-1,0.5,0,0,2.457446814,0,0,1,0,0,0,0,0,0,0,0,0,-9.219869712,-9.792449334,1,0,0,0,0
2527,1789388680431701101,41579484241371,1.900368452,1,0,1,0.8401309848,1,1,0,0,0,0,-1,0.5,0,0,2.457446814,0,0,1,0,0,0,0,0,0,0,0,0,-9.219869712,-9.792449334,1,0,0,0,0
2528,1789388680441702151,41579494242423,1.901044965,1,0,1,0.8401309848,1,1,0,0,0,0,-1,0.5,0,0,2.457446814,0,0,1,0,0,0,0,0,0,0,0,0,-9.219869712,-9.792449334,1,0,0,0,0
2529,1789388680451701271,41579504241542,1.900487065,1,0,1,0.860257566,1,1,0,0,0,0,-1,0.5,0,0,2.457446814,0,0,1,0,0,0,0,0,0,0,0,0,-9.219869712,-9.792449334,1,0,0,0,0
2530,1789388680461703895,41579514244165,1.901311398,1,0,1,0.860257566,1,1,1,0,0,0,-1,0.5,0,0,2.277639389,0,0,1,0,0,0,0,0,0,0,0,0,-9.219869712,-9.792449334,1,0,0,0,0
2531,1789388680471705394,41579524245664,1.901914001,1,0,1,0.860257566,1,1,0,0,0,0,-1,0.5,0,0,2.277639389,0,0,1,0,0,0,0,0,0,0,0,0,-9.219869712,-9.792449334,1,0,0,0,0
2532,1789388680481703885,41579534244152,1.901733875,1,0,1,0.860257566,1,1,0,0,0,0,-1,0.5,0,0,2.277639389,0,0,1,0,0,0,0,0,0,0,0,0,-9.219869712,-9.792449334,1,0,0,0,0
2533,1789388680491715144,41579544255411,1.90295732,1,0,1,0.860257566,1,1,0,0,0,0,-1,0.5,0,0,2.277639389,0,0,1,0,0,0,0,0,0,0,0,0,-9.219869712,-9.792449334,1,0,0,0,0
2534,1789388680501700688,41579554240946,1.903381348,1,0,1,0.860257566,1,1,0,0,0,0,-1,0.5,0,0,2.277639389,0,0,1,0,0,0,0,0,0,0,0,0,-9.219869712,-9.792449334,1,0,0,0,0
2535,1789388680511742740,41579564283003,1.903050423,1,0,1,0.860257566,1,1,0,0,0,0,-1,0.5,0,0,2.277639389,0,0,1,0,0,0,0,0,0,0,0,0,-9.219869712,-9.792449334,1,0,0,0,0
2536,1789388680521711675,41579574251936,1.903191447,1,0,1,0.860257566,1,1,0,0,0,0,-1,0.5,0,0,2.277639389,0,0,1,0,0,0,0,0,0,0,0,0,-9.219869712,-9.792449334,1,0,0,0,0
2537,1789388680531726399,41579584266634,1.901914358,1,0,1,0.8775804639,1,1,0,0,0,0,-1,0.5,0,0,2.277639389,0,0,1,0,0,0,0,0,0,0,0,0,-9.219869712,-9.792449334,1,0,0,0,0
2538,1789388680541714955,41579594255226,1.901332021,1,0,1,0.8775804639,1,1,0,0,0,0,-1,0.5,0,0,2.277639389,0,0,1,0,0,0,0,0,0,0,0,0,-9.219869712,-9.792449334,1,0,0,0,0
2539,1789388680551710088,41579604250348,1.901364446,1,0,1,0.8775804639,1,1,0,0,0,0,-1,0.5,0,0,2.277639389,0,0,1,0,0,0,0,0,0,0,0,0,-9.219869712,-9.792449334,1,0,0,0,0
2540,1789388680561720762,41579614261023,1.900561333,1,0,1,0.8775804639,1,1,1,0,0,0,-1,0.5,0,0,2.224823952,0,0,1,0,0,0,0,0,0,0,0,0,-9.219869712,-9.792449334,1,0,0,0,0
2541,1789388680571708921,41579624249186,1.901038885,1,0,1,0.8775804639,1,1,0,0,0,0,-1,0.5,0,0,2.224823952,0,0,1,0,0,0,0,0,0,0,0,0,-9.219869712,-9.792449334,1,0,0,0,0
2542,1789388680581709506,41579634249763,1.899881601,1,0,1,0.8775804639,1,1,0,0,0,0,-1,0.5,0,0,2.224823952,0,0,1,0,0,0,0,0,0,0,0,0,-9.396964882,-9.959429333,1,0,0,0,0
2543,1789388680591734583,41579644274843,1.898786306,1,0,1,0.8775804639,1,1,0,0,0,0,-1,0.5,0,0,2.224823952,0,0,1,0,0,0,0,0,0,0,0,0,-9.396964882,-9.959429333,1,0,0,0,0
2544,1789388680601738563,41579654278829,1.900325179,1,0,1,0.8775804639,1,1,0,0,0,0,-1,0.5,0,0,2.224823952,0,0,1,0,0,0,0,0,0,0,0,0,-9.396964882,-9.959429333,1,0,0,0,0
2545,1789388680611705803,41579664246074,1.900248885,1,0,1,0.8775804639,1,1,0,0,0,0,-1,0.5,0,0,2.224823952,0,0,1,0,0,0,0,0,0,0,0,0,-9.396964882,-9.959429333,1,0,0,0,0
2546,1789388680621805751,41579674346020,1.900677443,1,0,1,0.8775804639,1,1,0,0,0,0,-1,0.5,0,0,2.224823952,0,0,1,0,0,0,0,0,0,0,0,0,-9.396964882,-9.959429333,1,0,0,0,0
2547,1789388680631707703,41579684247974,1.901218414,1,0,1,0.8358729482,1,1,0,0,0,0,-1,0.5,0,0,2.224823952,0,0,1,0,0,0,0,0,0,0,0,0,-9.396964882,-9.959429333,1,0,0,0,0
2548,1789388680641702791,41579694243060,1.901348591,1,0,1,0.8358729482,1,1,0,0,0,0,-1,0.5,0,0,2.224823952,0,0,1,0,0,0,0,0,0,0,0,0,-9.396964882,-9.959429333,1,0,0,0,0
2549,1789388680651690582,41579704230852,1.902631164,1,0,1,0.8358729482,1,1,0,0,0,0,-1,0.5,0,0,2.224823952,0,0,1,0,0,0,0,0,0,0,0,0,-9.396964882,-9.959429333,1,0,0,0,0
2550,1789388680661700753,41579714240996,1.902861357,1,0,1,0.8358729482,1,1,1,0,0,0,-1,0.5,0,0,2.078895807,0,0,1,0,0,0,0,0,0,0,0,0,-9.396964882,-9.959429333,1,0,0,0,0
2551,1789388680671711529,41579724251797,1.903062344,1,0,1,0.8358729482,1,1,0,0,0,0,-1,0.5,0,0,2.078895807,0,0,1,0,0,0,0,0,0,0,0,0,-9.396964882,-9.959429333,1,0,0,0,0
2552,1789388680681789723,41579734329973,1.903777957,1,0,1,0.8358729482,1,1,0,0,0,0,-1,0.5,0,0,2.078895807,0,0,1,0,0,0,0,0,0,0,0,0,-9.574060052,-10.107856,1,0,0,0,0
2553,1789388680691756506,41579744296761,1.903810859,1,0,1,0.8358729482,1,1,0,0,0,0,-1,0.5,0,0,2.078895807,0,0,1,0,0,0,0,0,0,0,0,0,-9.574060052,-10.107856,1,0,0,0,0
2554,1789388680701717089,41579754257344,1.904854894,1,0,1,0.8358729482,1,1,0,0,0,0,-1,0.5,0,0,2.078895807,0,0,1,0,0,0,0,0,0,0,0,0,-9.574060052,-10.107856,1,0,0,0,0
2555,1789388680711739886,41579764280143,1.905183673,1,0,1,0.8358729482,1,1,0,0,0,0,-1,0.5,0,0,2.078895807,0,0,1,0,0,0,0,0,0,0,0,0,-9.574060052,-10.107856,1,0,0,0,0
2556,1789388680721715499,41579774255681,1.905569315,1,0,1,0.8358729482,1,1,0,0,0,0,-1,0.5,0,0,2.078895807,0,0,1,0,0,0,0,0,0,0,0,0,-9.574060052,-10.107856,1,0,0,0,0
2557,1789388680731715656,41579784255903,1.905853748,1,0,1,0.7889046669,1,1,0,0,0,0,-1,0.5,0,0,2.078895807,0,0,1,0,0,0,0,0,0,0,0,0,-9.574060052,-10.107856,1,0,0,0,0
2558,1789388680741757358,41579794297623,1.907367229,1,0,1,0.7889046669,1,1,0,0,0,0,-1,0.5,0,0,2.078895807,0,0,1,0,0,0,0,0,0,0,0,0,-9.574060052,-10.107856,1,0,0,0,0
2559,1789388680751713608,41579804253853,1.908701181,1,0,1,0.7889046669,1,1,0,0,0,0,-1,0.5,0,0,2.078895807,0,0,1,0,0,0,0,0,0,0,0,0,-9.574060052,-10.107856,1,0,0,0,0
2560,1789388680761724360,41579814264625,1.908364654,1,0,1,0.7889046669,1,1,1,0,0,0,-1,0.5,0,0,1.973003983,0,0,1,0,0,0,0,0,0,0,0,0,-9.574060052,-10.107856,1,0,0,0,0
2561,1789388680771710679,41579824250927,1.909399033,1,0,1,0.7889046669,1,1,0,0,0,0,-1,0.5,0,0,1.973003983,0,0,1,0,0,0,0,0,0,0,0,0,-9.574060052,-10.107856,1,0,0,0,0
2562,1789388680781725175,41579834265429,1.909047246,1,0,1,0.7889046669,1,1,0,0,0,0,-1,0.5,0,0,1.973003983,0,0,1,0,0,0,0,0,0,0,0,0,-9.765913153,-10.23772933,1,0,0,0,0
2563,1789388680791730200,41579844270449,1.908652067,1,0,1,0.7889046669,1,1,0,0,0,0,-1,0.5,0,0,1.973003983,0,0,1,0,0,0,0,0,0,0,0,0,-9.765913153,-10.23772933,1,0,0,0,0
2564,1789388680801710595,41579854250858,1.909503102,1,0,1,0.7889046669,1,1,0,0,0,0,-1,0.5,0,0,1.973003983,0,0,1,0,0,0,0,0,0,0,0,0,-9.765913153,-10.23772933,1,0,0,0,0
2565,1789388680811744139,41579864284410,1.910595417,1,0,1,0.7889046669,1,1,0,0,0,0,-1,0.5,0,0,1.973003983,0,0,1,0,0,0,0,0,0,0,0,0,-9.765913153,-10.23772933,1,0,0,0,0
2566,1789388680821963679,41579874503951,1.911138535,1,0,1,0.7889046669,1,1,0,0,0,0,-1,0.5,0,0,1.973003983,0,0,1,0,0,0,0,0,0,0,0,0,-9.765913153,-10.23772933,1,0,0,0,0
2567,1789388680831707728,41579884247999,1.911734939,1,0,1,0.7889046669,1,1,0,0,0,0,-1,0.5,0,0,1.973003983,0,0,1,0,0,0,0,0,0,0,0,0,-9.765913153,-10.23772933,1,0,0,0,0
2568,1789388680841694487,41579894234760,1.912543893,1,0,1,0.7961892486,1,1,0,0,0,0,-1,0.5,0,0,1.973003983,0,0,1,0,0,0,0,0,0,0,0,0,-9.765913153,-10.23772933,1,0,0,0,0
2569,1789388680851697747,41579904238017,1.913779855,1,0,1,0.7961892486,1,1,0,0,0,0,-1,0.5,0,0,1.973003983,0,0,1,0,0,0,0,0,0,0,0,0,-9.765913153,-10.23772933,1,0,0,0,0
2570,1789388680861715915,41579914256179,1.915505767,1,0,1,0.7961892486,1,1,1,0,0,0,-1,0.5,0,0,1.878844261,0,0,1,0,0,0,0,0,0,0,0,0,-9.765913153,-10.23772933,1,0,0,0,0
2571,1789388680871729372,41579924269641,1.91644609,1,0,1,0.7961892486,1,1,0,0,0,0,-1,0.5,0,0,1.878844261,0,0,1,0,0,0,0,0,0,0,0,0,-9.765913153,-10.23772933,1,0,0,0,0
2572,1789388680881701598,41579934241865,1.918809652,1,0,1,0.7961892486,1,1,0,0,0,0,-1,0.5,0,0,1.878844261,0,0,1,0,0,0,0,0,0,0,0,0,-9.972524185,-10.36760267,1,0,0,0,0
2573,1789388680891695519,41579944235787,1.920295477,1,0,1,0.7961892486,1,1,0,0,0,0,-1,0.5,0,0,1.878844261,0,0,1,0,0,0,0,0,0,0,0,0,-9.972524185,-10.36760267,1,0,0,0,0
2574,1789388680901701911,41579954242185,1.919149756,1,0,1,0.7961892486,1,1,0,0,0,0,-1,0.5,0,0,1.878844261,0,0,1,0,0,0,0,0,0,0,0,0,-9.972524185,-10.36760267,1,0,0,0,0
2575,1789388680911743497,41579964283768,1.919575453,1,0,1,0.7961892486,1,1,0,0,0,0,-1,0.5,0,0,1.878844261,0,0,1,0,0,0,0,0,0,0,0,0,-9.972524185,-10.36760267,1,0,0,0,0
2576,1789388680921708616,41579974248877,1.919753551,1,0,1,0.7961892486,1,1,0,0,0,0,-1,0.5,0,0,1.878844261,0,0,1,0,0,0,0,0,0,0,0,0,-9.972524185,-10.36760267,1,0,0,0,0
2577,1789388680931715205,41579984255475,1.920249224,1,0,1,0.5373756289,1,1,0,0,0,0,-1,0.5,0,0,1.878844261,0,0,1,0,0,0,0,0,0,0,0,0,-9.972524185,-10.36760267,1,0,0,0,0
2578,1789388680941713456,41579994253724,1.921485543,1,0,1,0.5373756289,1,1,0,0,0,0,-1,0.5,0,0,1.878844261,0,0,1,0,0,0,0,0,0,0,0,0,-9.972524185,-10.36760267,1,0,0,0,0
2579,1789388680951742318,41580004282589,1.92190063,1,0,1,0.5373756289,1,1,0,0,0,0,-1,0.5,0,0,1.878844261,0,0,1,0,0,0,0,0,0,0,0,0,-9.972524185,-10.36760267,1,0,0,0,0
2580,1789388680961715456,41580014255614,1.922556043,1,0,1,0.5373756289,1,1,1,0,0,0,-1,0.5,1,0,1.737585068,0,0,1,0,0,0,0,0,0,0,0,0,-9.972524185,-10.36760267,1,0,0,0,0
2581,1789388680971709996,41580024250259,1.92291832,1,0,1,0.5373756289,1,1,0,0,0,0,-1,0.5,1,0,1.737585068,0,0,1,0,0,0,0,0,0,0,0,0,-9.972524185,-10.36760267,1,0,0,0,0
2582,1789388680981728657,41580034268907,1.923161268,1,0,1,0.5373756289,1,1,0,0,0,0,-1,0.5,1,0,1.737585068,0,0,1,0,0,0,0,0,0,0,0,0,-9.972524185,-10.36760267,1,0,0,0,0
2583,1789388680991730387,41580044270615,1.924774766,1,0,1,0.5373756289,1,1,0,0,0,0,-1,0.5,1,0,1.737585068,0,0,1,0,0,0,0,0,0,0,0,0,-9.972524185,-10.36760267,1,0,0,0,0
2584,1789388681001710608,41580054250874,1.924641728,1,0,1,0.5373756289,1,1,0,0,0,0,-1,0.5,1,0,1.737585068,0,0,1,0,0,0,0,0,0,0,0,0,-9.972524185,-10.36760267,1,0,0,0,0
2585,1789388681011697750,41580064238017,1.924458265,1,0,1,0.5373756289,1,1,0,0,0,0,-1,0.5,1,0,1.737585068,0,0,1,0,0,0,0,0,0,0,0,0,-9.972524185,-10.36760267,1,0,0,0,0
2586,1789388681021698667,41580074238937,1.925765872,1,0,1,0.5373756289,1,1,0,0,0,0,-1,0.5,1,0,1.737585068,0,0,1,0,0,0,0,0,0,0,0,0,-9.972524185,-10.36760267,1,0,0,0,0
2587,1789388681031705464,41580084245663,1.927157998,1,0,1,0.7653134465,1,1,0,0,0,0,-1,0.5,1,0,1.737585068,0,0,1,0,0,0,0,0,0,0,0,0,-9.972524185,-10.36760267,1,0,0,0,0
2588,1789388681041699466,41580094239738,1.926714778,1,0,1,0.7653134465,1,1,0,0,0,0,-1,0.5,1,0,1.737585068,0,0,1,0,0,0,0,0,0,0,0,0,-9.972524185,-10.36760267,1,0,0,0,0
2589,1789388681051695344,41580104235614,1.926717281,1,0,1,0.7653134465,1,1,0,0,0,0,-1,0.5,1,0,1.737585068,0,0,1,0,0,0,0,0,0,0,0,0,-9.972524185,-10.36760267,1,0,0,0,0
2590,1789388681061699210,41580114239480,1.927649856,1,0,1,0.7653134465,1,1,1,0,0,0,-1,0.5,1,0,1.684424877,0,0,1,0,0,0,0,0,0,0,0,0,-9.972524185,-10.36760267,1,0,0,0,0
2591,1789388681071702432,41580124242699,1.927937746,1,0,1,0.7653134465,1,1,0,0,0,0,-1,0.5,1,0,1.684424877,0,0,1,0,0,0,0,0,0,0,0,0,-9.972524185,-10.36760267,1,0,0,0,0
2592,1789388681081709516,41580134249786,1.925000787,1,0,1,0.7653134465,1,1,0,0,0,0,-1,0.5,1,0,1.684424877,0,0,1,0,0,0,0,0,0,0,0,0,-10.19389315,-10.47892267,1,0,0,0,0
2593,1789388681091698964,41580144239228,1.922053933,1,0,1,0.7653134465,1,1,0,0,0,0,-1,0.5,1,0,1.684424877,0,0,1,0,0,0,0,0,0,0,0,0,-10.19389315,-10.47892267,1,0,0,0,0
2594,1789388681101706360,41580154246623,1.922423124,1,0,1,0.7653134465,1,1,0,0,0,0,-1,0.5,1,0,1.684424877,0,0,1,0,0,0,0,0,0,0,0,0,-10.19389315,-10.47892267,1,0,0,0,0
2595,1789388681111717671,41580164257935,1.923997998,1,0,1,0.7653134465,1,1,0,0,0,0,-1,0.5,1,0,1.684424877,0,0,1,0,0,0,0,0,0,0,0,0,-10.19389315,-10.47892267,1,0,0,0,0
2596,1789388681121709702,41580174249971,1.925838232,1,0,1,0.7653134465,1,1,0,0,0,0,-1,0.5,1,0,1.684424877,0,0,1,0,0,0,0,0,0,0,0,0,-10.19389315,-10.47892267,1,0,0,0,0
2597,1789388681131741666,41580184281925,1.928189874,1,0,1,0.7659287453,1,1,0,0,0,0,-1,0.5,1,0,1.684424877,0,0,1,0,0,0,0,0,0,0,0,0,-10.19389315,-10.47892267,1,0,0,0,0
2598,1789388681141736113,41580194276378,1.928795815,1,0,1,0.7659287453,1,1,0,0,0,0,-1,0.5,1,0,1.684424877,0,0,1,0,0,0,0,0,0,0,0,0,-10.19389315,-10.47892267,1,0,0,0,0
2599,1789388681151751135,41580204291286,1.92875731,1,0,1,0.7659287453,1,1,0,0,0,0,-1,0.5,1,0,1.684424877,0,0,1,0,0,0,0,0,0,0,0,0,-10.19389315,-10.47892267,1,0,0,0,0
2600,1789388681161698954,41580214239116,1.927975535,1,0,1,0.7659287453,1,1,0,0,0,0,-1,0.5,1,0,1.684424877,0,0,1,0,0,0,0,0,0,0,0,0,-10.19389315,-10.47892267,1,0,0,0,0
2601,1789388681171696453,41580224236725,1.926029325,1,0,1,0.7659287453,1,1,0,0,0,0,-1,0.5,1,0,1.684424877,0,0,1,0,0,0,0,0,0,0,0,0,-10.19389315,-10.47892267,1,0,0,0,0
2602,1789388681181774025,41580234314160,1.925023437,1,0,1,0.7659287453,1,1,0,0,0,0,-1,0.5,1,0,1.684424877,0,0,1,0,0,0,0,0,0,0,0,0,-10.40050418,-10.608796,1,0,0,0,0
2603,1789388681191727636,41580244267771,1.925048709,1,0,1,0.7659287453,1,1,0,0,0,0,-1,0.5,1,0,1.684424877,0,0,1,0,0,0,0,0,0,0,0,0,-10.40050418,-10.608796,1,0,0,0,0
2604,1789388681201759719,41580254299958,1.924853802,1,0,1,0.7659287453,1,1,0,0,0,0,-1,0.5,1,0,1.684424877,0,0,1,0,0,0,0,0,0,0,0,0,-10.40050418,-10.608796,1,0,0,0,0
2605,1789388681211710672,41580264250927,1.922624707,1,0,1,0.7659287453,1,1,0,0,0,0,-1,0.5,1,0,1.684424877,0,0,1,0,0,0,0,0,0,0,0,0,-10.40050418,-10.608796,1,0,0,0,0
2606,1789388681221721359,41580274261617,1.920545936,1,0,1,0.7659287453,1,1,0,0,0,0,-1,0.5,1,0,1.684424877,0,0,1,0,0,0,0,0,0,0,0,0,-10.40050418,-10.608796,1,0,0,0,0
2607,1789388681231719433,41580284259694,1.919044495,1,0,1,0.6862305999,1,1,0,0,0,0,-1,0.5,1,0,1.684424877,0,0,1,0,0,0,0,0,0,0,0,0,-10.40050418,-10.608796,1,0,0,0,0
2608,1789388681241718995,41580294259241,1.916773677,1,0,1,0.6862305999,1,1,0,0,0,0,-1,0.5,1,0,1.684424877,0,0,1,0,0,0,0,0,0,0,0,0,-10.40050418,-10.608796,1,0,0,0,0
2609,1789388681251707835,41580304247790,1.915352583,1,0,1,0.6862305999,1,1,0,0,0,0,-1,0.5,1,0,1.684424877,0,0,1,0,0,0,0,0,0,0,0,0,-10.40050418,-10.608796,1,0,0,0,0
2610,1789388681261722030,41580314262284,1.912938118,1,0,1,0.6862305999,1,1,0,0,0,0,-1,0.5,1,0,1.684424877,0,0,1,0,0,0,0,0,0,0,0,0,-10.40050418,-10.608796,1,0,0,0,0
2611,1789388681271766626,41580324306894,1.910551667,1,0,1,0.6862305999,1,1,0,0,0,0,-1,0.5,1,0,1.684424877,0,0,1,0,0,0,0,0,0,0,0,0,-10.40050418,-10.608796,1,0,0,0,0
2612,1789388681281722055,41580334262285,1.908510208,1,0,1,0.6862305999,1,1,0,0,0,0,-1,0.5,1,0,1.684424877,0,0,1,0,0,0,0,0,0,0,0,0,-10.60711521,-10.720116,1,0,0,0,0
2613,1789388681291723163,41580344263421,1.904940963,1,0,1,0.6862305999,1,1,0,0,0,0,-1,0.5,1,0,1.684424877,0,0,1,0,0,0,0,0,0,0,0,0,-10.60711521,-10.720116,1,0,0,0,0
2614,1789388681301720614,41580354260842,1.902522802,1,0,1,0.6862305999,1,1,0,0,0,0,-1,0.5,1,0,1.684424877,0,0,1,0,0,0,0,0,0,0,0,0,-10.60711521,-10.720116,1,0,0,0,0
2615,1789388681311710558,41580364250798,1.899539471,1,0,1,0.6862305999,1,1,0,0,0,0,-1,0.5,1,0,1.684424877,0,0,1,0,0,0,0,0,0,0,0,0,-10.60711521,-10.720116,1,0,0,0,0
2616,1789388681321710213,41580374250475,1.895838261,1,0,1,0.6862305999,1,1,0,0,0,0,-1,0.5,1,0,1.684424877,0,0,1,0,0,0,0,0,0,0,0,0,-10.60711521,-10.720116,1,0,0,0,0
2617,1789388681331704343,41580384244609,1.891914129,1,0,1,0.5212380886,1,1,0,0,0,0,-1,0.5,1,0,1.684424877,0,0,1,0,0,0,0,0,0,0,0,0,-10.60711521,-10.720116,1,0,0,0,0
2618,1789388681341714043,41580394254300,1.887199879,1,0,1,0.5212380886,1,1,0,0,0,0,-1,0.5,1,0,1.684424877,0,0,1,0,0,0,0,0,0,0,0,0,-10.60711521,-10.720116,1,0,0,0,0
2619,1789388681351718181,41580404258452,1.88349092,1,0,1,0.5212380886,1,1,0,0,0,0,-1,0.5,1,0,1.684424877,0,0,1,0,0,0,0,0,0,0,0,0,-10.60711521,-10.720116,1,0,0,0,0
2620,1789388681361720596,41580414260862,1.878742933,1,0,1,0.5212380886,1,1,0,0,0,0,-1,0.5,1,0,1.684424877,0,0,1,0,0,0,0,0,0,0,0,0,-10.60711521,-10.720116,1,0,0,0,0
2621,1789388681371773517,41580424313789,1.874341249,1,0,1,0.5212380886,1,1,0,0,0,0,-1,0.5,1,0,1.684424877,0,0,1,0,0,0,0,0,0,0,0,0,-10.60711521,-10.720116,1,0,0,0,0
2622,1789388681381754993,41580434295219,1.873749495,1,0,1,0.5212380886,1,1,0,0,0,0,-1,0.5,1,0,1.684424877,0,0,1,0,0,0,0,0,0,0,0,0,-10.78421038,-10.84998933,1,0,0,0,0
2623,1789388681392025090,41580444565341,1.871701837,1,0,1,0.5212380886,1,1,0,0,0,0,-1,0.5,1,0,1.684424877,0,0,1,0,0,0,0,0,0,0,0,0,-10.78421038,-10.84998933,1,0,0,0,0
2624,1789388681401785220,41580454325489,1.866551638,1,0,1,0.5212380886,1,1,0,0,0,0,-1,0.5,1,0,1.684424877,0,0,1,0,0,0,0,0,0,0,0,0,-10.78421038,-10.84998933,1,0,0,0,0
2625,1789388681411719725,41580464259959,1.860012054,1,0,1,0.5212380886,1,1,0,0,0,0,-1,0.5,1,0,1.684424877,0,0,1,0,0,0,0,0,0,0,0,0,-10.78421038,-10.84998933,1,0,0,0,0
2626,1789388681421721207,41580474261474,1.853290677,1,0,1,0.5212380886,1,1,0,0,0,0,-1,0.5,1,0,1.684424877,0,0,1,0,0,0,0,0,0,0,0,0,-10.78421038,-10.84998933,1,0,0,0,0
2627,1789388681431707377,41580484247649,1.845794082,1,0,1,0.3388047516,1,1,0,0,0,0,-1,0.5,1,0,1.684424877,0,0,1,0,0,0,0,0,0,0,0,0,-10.78421038,-10.84998933,1,0,0,0,0
2628,1789388681441699888,41580494240159,1.840085506,1,0,1,0.3388047516,1,1,0,0,0,0,-1,0.5,1,0,1.684424877,0,0,1,0,0,0,0,0,0,0,0,0,-10.78421038,-10.84998933,1,0,0,0,0
2629,1789388681451709350,41580504249616,1.834130049,1,0,1,0.3388047516,1,1,0,0,0,0,-1,0.5,1,0,1.684424877,0,0,1,0,0,0,0,0,0,0,0,0,-10.78421038,-10.84998933,1,0,0,0,0
2630,1789388681461700135,41580514240403,1.828648686,1,0,1,0.3388047516,1,1,0,0,0,0,-1,0.5,1,0,1.684424877,0,0,1,0,0,0,0,0,0,0,0,0,-10.78421038,-10.84998933,1,0,0,0,0
2631,1789388681471697209,41580524237479,1.823652148,1,0,1,0.3388047516,1,1,0,0,0,0,-1,0.5,1,0,1.684424877,0,0,1,0,0,0,0,0,0,0,0,0,-10.78421038,-10.84998933,1,0,0,0,0
2632,1789388681481720022,41580534260288,1.816435456,1,0,1,0.3388047516,1,1,0,0,0,0,-1,0.5,1,0,1.684424877,0,0,1,0,0,0,0,0,0,0,0,0,-11.00557934,-10.96130933,1,0,0,0,0
2633,1789388681491709611,41580544249873,1.809084415,1,0,1,0.3388047516,1,1,0,0,0,0,-1,0.5,1,0,1.684424877,0,0,1,0,0,0,0,0,0,0,0,0,-11.00557934,-10.96130933,1,0,0,0,0
2634,1789388681501691700,41580554231967,1.802080274,1,0,1,0.3388047516,1,1,0,0,0,0,-1,0.5,1,0,1.684424877,0,0,1,0,0,0,0,0,0,0,0,0,-11.00557934,-10.96130933,1,0,0,0,0
2635,1789388681511710943,41580564251200,1.795500398,1,0,1,0.3388047516,1,1,0,0,0,0,-1,0.5,1,0,1.684424877,0,0,1,0,0,0,0,0,0,0,0,0,-11.00557934,-10.96130933,1,0,0,0,0
2636,1789388681521713807,41580574254077,1.788933635,1,0,1,0.3388047516,1,1,0,0,0,0,-1,0.5,1,0,1.684424877,0,0,1,0,0,0,0,0,0,0,0,0,-11.00557934,-10.96130933,1,0,0,0,0
2637,1789388681531712438,41580584252691,1.781488538,1,0,1,0.2202230841,1,1,0,0,0,0,-1,0.5,1,0,1.684424877,0,0,1,0,0,0,0,0,0,0,0,0,-11.00557934,-10.96130933,1,0,0,0,0
2638,1789388681541748664,41580594288926,1.773679376,1,0,1,0.2202230841,1,1,0,0,0,0,-1,0.5,1,0,1.684424877,0,0,1,0,0,0,0,0,0,0,0,0,-11.00557934,-10.96130933,1,0,0,0,0
2639,1789388681551737044,41580604277314,1.765216351,1,0,1,0.2202230841,1,1,0,0,0,0,-1,0.5,1,0,1.684424877,0,0,1,0,0,0,0,0,0,0,0,0,-11.00557934,-10.96130933,1,0,0,0,0
2640,1789388681561751268,41580614291381,1.756774783,1,0,1,0.2202230841,1,0,0,0,0,0,-1,0.5,0,0,1000000000,0,0,1,0,0,0,0,0,0,0,0,0,-11.00557934,-10.96130933,1,0,0,0,0
2641,1789388681571760631,41580624300659,1.748894215,1,0,1,0.2202230841,1,0,0,0,0,0,-1,0.5,0,0,1000000000,0,0,1,0,0,0,0,0,0,0,0,0,-11.00557934,-10.96130933,1,0,0,0,0
2642,1789388681581731887,41580634272137,1.73976469,1,0,1,0.2202230841,1,0,0,0,0,0,-1,0.5,0,0,1000000000,0,0,1,0,0,0,0,0,0,0,0,0,-11.00557934,-10.96130933,1,0,0,0,0
2643,1789388681591732500,41580644272659,1.731769085,1,0,1,0.2202230841,1,0,0,0,0,0,-1,0.5,0,0,1000000000,0,0,1,0,0,0,0,0,0,0,0,0,-11.00557934,-10.96130933,1,0,0,0,0
2644,1789388681601864729,41580654404953,1.723341584,1,0,1,0.2202230841,1,0,0,0,0,0,-1,0.5,0,0,1000000000,0,0,1,0,0,0,0,0,0,0,0,0,-11.00557934,-10.96130933,1,0,0,0,0
2645,1789388681611717740,41580664258001,1.715251684,1,0,1,0.2202230841,1,0,0,0,0,0,-1,0.5,0,0,1000000000,0,0,1,0,0,0,0,0,0,0,0,0,-11.00557934,-10.96130933,1,0,0,0,0
2646,1789388681621723377,41580674263642,1.705833077,1,0,1,0.2202230841,1,0,0,0,0,0,-1,0.5,0,0,1000000000,0,0,1,0,0,0,0,0,0,0,0,0,-11.00557934,-10.96130933,1,0,0,0,0
2647,1789388681631903982,41580684444252,1.697234154,1,0,1,0.1431450099,1,0,0,0,0,0,-1,0.5,0,0,1000000000,0,0,1,0,0,0,0,0,0,0,0,0,-11.00557934,-10.96130933,1,0,0,0,0
2648,1789388681641704980,41580694245249,1.689370513,1,0,1,0.1431450099,1,0,0,0,0,0,-1,0.5,0,0,1000000000,0,0,1,0,0,0,0,0,0,0,0,0,-11.00557934,-10.96130933,1,0,0,0,0
2649,1789388681651704589,41580704244862,1.68078208,1,0,1,0.1431450099,1,0,0,0,0,0,-1,0.5,0,0,1000000000,0,0,1,0,0,0,0,0,0,0,0,0,-11.00557934,-10.96130933,1,0,0,0,0
2650,1789388681661694500,41580714234772,1.672016621,1,0,1,0.1431450099,1,0,0,0,0,0,-1,0.5,0,0,1000000000,0,0,1,0,0,0,0,0,0,0,0,0,-11.00557934,-10.96130933,1,0,0,0,0
2651,1789388681671708803,41580724249074,1.662763119,1,0,1,0.1431450099,1,0,0,0,0,0,-1,0.5,0,0,1000000000,0,0,1,0,0,0,0,0,0,0,0,0,-11.00557934,-10.96130933,1,0,0,0,0
2652,1789388681681716669,41580734256929,1.654014111,1,0,1,0.1431450099,1,0,0,0,0,0,-1,0.5,0,0,1000000000,0,0,1,0,0,0,0,0,0,0,0,0,-11.16791658,-11.07262933,1,0,0,0,0
2653,1789388681691707009,41580744247273,1.645211577,1,0,1,0.1431450099,1,0,0,0,0,0,-1,0.5,0,0,1000000000,0,0,1,0,0,0,0,0,0,0,0,0,-11.16791658,-11.07262933,1,0,0,0,0
2654,1789388681701691425,41580754231691,1.634897709,1,0,1,0.1431450099,1,0,0,0,0,0,-1,0.5,0,0,1000000000,0,0,1,0,0,0,0,0,0,0,0,0,-11.16791658,-11.07262933,1,0,0,0,0
2655,1789388681711733457,41580764273693,1.625633597,1,0,1,0.1431450099,1,0,0,0,0,0,-1,0.5,0,0,1000000000,0,0,1,0,0,0,0,0,0,0,0,0,-11.16791658,-11.07262933,1,0,0,0,0
2656,1789388681721723417,41580774263668,1.615926147,1,0,1,0.1431450099,1,0,0,0,0,0,-1,0.5,0,0,1000000000,0,0,1,0,0,0,0,0,0,0,0,0,-11.16791658,-11.07262933,1,0,0,0,0
2657,1789388681731716823,41580784257089,1.606120467,1,0,1,0.0930442512,1,0,0,0,0,0,-1,0.5,0,0,1000000000,0,0,1,0,0,0,0,0,0,0,0,0,-11.16791658,-11.07262933,1,0,0,0,0
2658,1789388681741751523,41580794291788,1.595637083,1,0,1,0.0930442512,1,0,0,0,0,0,-1,0.5,0,0,1000000000,0,0,1,0,0,0,0,0,0,0,0,0,-11.16791658,-11.07262933,1,0,0,0,0
2659,1789388681751702195,41580804242467,1.585134029,1,0,1,0.0930442512,1,0,0,0,0,0,-1,0.5,0,0,1000000000,0,0,1,0,0,0,0,0,0,0,0,0,-11.16791658,-11.07262933,1,0,0,0,0
2660,1789388681761704416,41580814244689,1.575211167,1,0,1,0.0930442512,1,0,0,0,0,0,-1,0.5,0,0,1000000000,0,0,1,0,0,0,0,0,0,0,0,0,-11.16791658,-11.07262933,1,0,0,0,0
2661,1789388681771724129,41580824264396,1.564514995,1,0,1,0.0930442512,1,0,0,0,0,0,-1,0.5,0,0,1000000000,0,0,1,0,0,0,0,0,0,0,0,0,-11.16791658,-11.07262933,1,0,0,0,0
2662,1789388681781712453,41580834252717,1.554834008,1,0,1,0.0930442512,1,0,0,0,0,0,-1,0.5,0,0,1000000000,0,0,1,0,0,0,0,0,0,0,0,0,-11.35976968,-11.18394933,1,0,0,0,0
2663,1789388681791704938,41580844245204,1.544257045,1,0,1,0.0930442512,1,0,0,0,0,0,-1,0.5,0,0,1000000000,0,0,1,0,0,0,0,0,0,0,0,0,-11.35976968,-11.18394933,1,0,0,0,0
2664,1789388681801798609,41580854338866,1.534524798,1,0,1,0.0930442512,1,0,0,0,0,0,-1,0.5,0,0,1000000000,0,0,1,0,0,0,0,0,0,0,0,0,-11.35976968,-11.18394933,1,0,0,0,0
2665,1789388681811721024,41580864261262,1.525093555,1,0,1,0.0930442512,1,0,0,0,0,0,-1,0.5,0,0,1000000000,0,0,1,0,0,0,0,0,0,0,0,0,-11.35976968,-11.18394933,1,0,0,0,0
2666,1789388681821761128,41580874301396,1.515302896,1,0,1,0.0930442512,1,0,0,0,0,0,-1,0.5,0,0,1000000000,0,0,1,0,0,0,0,0,0,0,0,0,-11.35976968,-11.18394933,1,0,0,0,0
2667,1789388681831699298,41580884239569,1.50555253,1,0,1,0.4929361343,1,0,0,0,0,0,-1,0.5,0,0,1000000000,0,0,1,0,0,0,0,0,0,0,0,0,-11.35976968,-11.18394933,1,0,0,0,0
2668,1789388681841718086,41580894258272,1.495534062,1,0,1,0.4929361343,1,0,0,0,0,0,-1,0.5,0,0,1000000000,0,0,1,0,0,0,0,0,0,0,0,0,-11.35976968,-11.18394933,1,0,0,0,0
2669,1789388681851704729,41580904244925,1.486135125,1,0,1,0.4929361343,1,0,0,0,0,0,-1,0.5,0,0,1000000000,0,0,1,0,0,0,0,0,0,0,0,0,-11.35976968,-11.18394933,1,0,0,0,0
2670,1789388681861696699,41580914236969,1.476427674,1,0,1,0.4929361343,1,0,0,0,0,0,-1,0.5,0,0,1000000000,0,0,1,0,0,0,0,0,0,0,0,0,-11.35976968,-11.18394933,1,0,0,0,0
2671,1789388681871725732,41580924265995,1.466490149,1,0,1,0.4929361343,1,0,0,0,0,0,-1,0.5,0,0,1000000000,0,0,1,0,0,0,0,0,0,0,0,0,-11.35976968,-11.18394933,1,0,0,0,0
2672,1789388681881715925,41580934256195,1.457278013,1,0,1,0.4929361343,1,0,0,0,0,0,-1,0.5,0,0,1000000000,0,0,1,0,0,0,0,0,0,0,0,0,-11.50734899,-11.276716,1,0,0,0,0
2673,1789388681891730484,41580944270707,1.447295785,1,0,1,0.4929361343,1,0,0,0,0,0,-1,0.5,0,0,1000000000,0,0,1,0,0,0,0,0,0,0,0,0,-11.50734899,-11.276716,1,0,0,0,0
2674,1789388681901721997,41580954262257,1.437792301,1,0,1,0.4929361343,1,0,0,0,0,0,-1,0.5,0,0,1000000000,0,0,1,0,0,0,0,0,0,0,0,0,-11.50734899,-11.276716,1,0,0,0,0
2675,1789388681911719509,41580964259764,1.427015781,1,0,1,0.4929361343,1,0,0,0,0,0,-1,0.5,0,0,1000000000,0,0,1,0,0,0,0,0,0,0,0,0,-11.50734899,-11.276716,1,0,0,0,0
2676,1789388681921711161,41580974251428,1.417917252,1,0,1,0.4929361343,1,0,0,0,0,0,-1,0.5,0,0,1000000000,0,0,1,0,0,0,0,0,0,0,0,0,-11.50734899,-11.276716,1,0,0,0,0
2677,1789388681931715353,41580984255622,1.40784955,1,0,1,0.7277792096,1,0,0,0,0,0,-1,0.5,0,0,1000000000,0,0,1,0,0,0,0,0,0,0,0,0,-11.50734899,-11.276716,1,0,0,0,0
2678,1789388681941799377,41580994339643,1.397456646,1,0,1,0.7277792096,1,0,0,0,0,0,-1,0.5,0,0,1000000000,0,0,1,0,0,0,0,0,0,0,0,0,-11.50734899,-11.276716,1,0,0,0,0
2679,1789388681951716467,41581004256647,1.387249708,1,0,1,0.7277792096,1,0,0,0,0,0,-1,0.5,0,0,1000000000,0,0,1,0,0,0,0,0,0,0,0,0,-11.50734899,-11.276716,1,0,0,0,0
2680,1789388681961713303,41581014253559,1.376699686,1,0,1,0.7277792096,1,0,0,0,0,0,-1,0.5,0,0,1000000000,0,0,1,0,0,0,0,0,0,0,0,0,-11.50734899,-11.276716,1,0,0,0,0
2681,1789388681971715029,41581024255250,1.366311908,1,0,1,0.7277792096,1,0,0,0,0,0,-1,0.5,0,0,1000000000,0,0,1,0,0,0,0,0,0,0,0,0,-11.50734899,-11.276716,1,0,0,0,0
2682,1789388681981718672,41581034258847,1.355792522,1,0,1,0.7277792096,1,0,0,0,0,0,-1,0.5,0,0,1000000000,0,0,1,0,0,0,0,0,0,0,0,0,-11.6549283,-11.36948267,1,0,0,0,0
2683,1789388681991740212,41581044280468,1.345725775,1,0,1,0.7277792096,1,0,0,0,0,0,-1,0.5,0,0,1000000000,0,0,1,0,0,0,0,0,0,0,0,0,-11.6549283,-11.36948267,1,0,0,0,0
2684,1789388682001725348,41581054265596,1.336589932,1,0,1,0.7277792096,1,0,0,0,0,0,-1,0.5,0,0,1000000000,0,0,1,0,0,0,0,0,0,0,0,0,-11.6549283,-11.36948267,1,0,0,0,0
2685,1789388682011718634,41581064258907,1.325581551,1,0,1,0.7277792096,1,0,0,0,0,0,-1,0.5,0,0,1000000000,0,0,1,0,0,0,0,0,0,0,0,0,-11.6549283,-11.36948267,1,0,0,0,0
2686,1789388682021721056,41581074261240,1.315464735,1,0,1,0.7277792096,1,0,0,0,0,0,-1,0.5,0,0,1000000000,0,0,1,0,0,0,0,0,0,0,0,0,-11.6549283,-11.36948267,1,0,0,0,0
2687,1789388682031718839,41581084259111,1.305472016,1,0,1,0.7284538746,1,0,0,0,0,0,-1,0.5,0,0,1000000000,0,0,1,0,0,0,0,0,0,0,0,0,-11.6549283,-11.36948267,1,0,0,0,0
2688,1789388682041702192,41581094242462,1.295056105,1,0,1,0.7284538746,1,0,0,0,0,0,-1,0.5,0,0,1000000000,0,0,1,0,0,0,0,0,0,0,0,0,-11.6549283,-11.36948267,1,0,0,0,0
2689,1789388682051699427,41581104239697,1.285574079,1,0,1,0.7284538746,1,0,0,0,0,0,-1,0.5,0,0,1000000000,0,0,1,0,0,0,0,0,0,0,0,0,-11.6549283,-11.36948267,1,0,0,0,0
2690,1789388682061697408,41581114237679,1.275102615,1,0,1,0.7284538746,1,0,0,0,0,0,-1,0.5,0,0,1000000000,0,0,1,0,0,0,0,0,0,0,0,0,-11.6549283,-11.36948267,1,0,0,0,0
2691,1789388682071718608,41581124258879,1.265074372,1,0,1,0.7284538746,1,0,0,0,0,0,-1,0.5,0,0,1000000000,0,0,1,0,0,0,0,0,0,0,0,0,-11.6549283,-11.36948267,1,0,0,0,0
2692,1789388682081710694,41581134250944,1.255111814,1,0,1,0.7284538746,1,0,0,0,0,0,-1,0.5,0,0,1000000000,0,0,1,0,0,0,0,0,0,0,0,0,-11.6549283,-11.36948267,1,0,0,0,0
2693,1789388682091691129,41581144231394,1.245826244,1,0,1,0.7284538746,1,0,0,0,0,0,-1,0.5,0,0,1000000000,0,0,1,0,0,0,0,0,0,0,0,0,-11.6549283,-11.36948267,1,0,0,0,0
2694,1789388682101724217,41581154264466,1.23513484,1,0,1,0.7284538746,1,0,0,0,0,0,-1,0.5,0,0,1000000000,0,0,1,0,0,0,0,0,0,0,0,0,-11.6549283,-11.36948267,1,0,0,0,0
2695,1789388682111719541,41581164259806,1.224445343,1,0,1,0.7284538746,1,0,0,0,0,0,-1,0.5,0,0,1000000000,0,0,1,0,0,0,0,0,0,0,0,0,-11.6549283,-11.36948267,1,0,0,0,0
2696,1789388682121711629,41581174251890,1.21364665,1,0,1,0.7284538746,1,0,0,0,0,0,-1,0.5,0,0,1000000000,0,0,1,0,0,0,0,0,0,0,0,0,-11.6549283,-11.36948267,1,0,0,0,0
2697,1789388682131720448,41581184260694,1.202666283,1,0,1,0.7430975437,1,0,0,0,0,0,-1,0.5,0,0,1000000000,0,0,1,0,0,0,0,0,0,0,0,0,-11.6549283,-11.36948267,1,0,0,0,0
2698,1789388682141753636,41581194293595,1.193616152,1,0,1,0.7430975437,1,0,0,0,0,0,-1,0.5,0,0,1000000000,0,0,1,0,0,0,0,0,0,0,0,0,-11.6549283,-11.36948267,1,0,0,0,0
2699,1789388682151711089,41581204251357,1.182780147,1,0,1,0.7430975437,1,0,0,0,0,0,-1,0.5,0,0,1000000000,0,0,1,0,0,0,0,0,0,0,0,0,-11.6549283,-11.36948267,1,0,0,0,0
2700,1789388682161716594,41581214256858,1.171045303,1,0,1,0.7430975437,1,0,0,0,0,0,-1,0.5,0,0,1000000000,0,0,1,0,0,0,0,0,0,0,0,0,-11.6549283,-11.36948267,1,0,0,0,0
2701,1789388682171744045,41581224284316,1.160877228,1,0,1,0.7430975437,1,0,0,0,0,0,-1,0.5,0,0,1000000000,0,0,1,0,0,0,0,0,0,0,0,0,-11.6549283,-11.36948267,1,0,0,0,0
2702,1789388682181720935,41581234261200,1.150173187,1,0,1,0.7430975437,1,0,0,0,0,0,-1,0.5,0,0,1000000000,0,0,1,0,0,0,0,0,0,0,0,0,-11.78774968,-11.443696,1,0,0,0,0
2703,1789388682191712043,41581244252309,1.139101505,1,0,1,0.7430975437,1,0,0,0,0,0,-1,0.5,0,0,1000000000,0,0,1,0,0,0,0,0,0,0,0,0,-11.78774968,-11.443696,1,0,0,0,0
2704,1789388682201699526,41581254239794,1.128415108,1,0,1,0.7430975437,1,0,0,0,0,0,-1,0.5,0,0,1000000000,0,0,1,0,0,0,0,0,0,0,0,0,-11.78774968,-11.443696,1,0,0,0,0
2705,1789388682211694547,41581264234811,1.118225336,1,0,1,0.7430975437,1,0,0,0,0,0,-1,0.5,0,0,1000000000,0,0,1,0,0,0,0,0,0,0,0,0,-11.78774968,-11.443696,1,0,0,0,0
2706,1789388682221708953,41581274249224,1.107228994,1,0,1,0.7430975437,1,0,0,0,0,0,-1,0.5,0,0,1000000000,0,0,1,0,0,0,0,0,0,0,0,0,-11.78774968,-11.443696,1,0,0,0,0
2707,1789388682231902045,41581284442319,1.096276522,1,0,1,0.7529181838,1,0,0,0,0,0,-1,0.5,0,0,1000000000,0,0,1,0,0,0,0,0,0,0,0,0,-11.78774968,-11.443696,1,0,0,0,0
2708,1789388682241694768,41581294235037,1.085534453,1,0,1,0.7529181838,1,0,0,0,0,0,-1,0.5,0,0,1000000000,0,0,1,0,0,0,0,0,0,0,0,0,-11.78774968,-11.443696,1,0,0,0,0
2709,1789388682251697015,41581304237288,1.074475765,1,0,1,0.7529181838,1,0,0,0,0,0,-1,0.5,0,0,1000000000,0,0,1,0,0,0,0,0,0,0,0,0,-11.78774968,-11.443696,1,0,0,0,0
2710,1789388682261817203,41581314357473,1.064138889,1,0,1,0.7529181838,1,0,0,0,0,0,-1,0.5,0,0,1000000000,0,0,1,0,0,0,0,0,0,0,0,0,-11.78774968,-11.443696,1,0,0,0,0
2711,1789388682271700798,41581324241064,1.054308653,1,0,1,0.7529181838,1,0,0,0,0,0,-1,0.5,0,0,1000000000,0,0,1,0,0,0,0,0,0,0,0,0,-11.78774968,-11.443696,1,0,0,0,0
2712,1789388682281703200,41581334243466,1.043269157,1,0,1,0.7529181838,1,0,0,0,0,0,-1,0.5,0,0,1000000000,0,0,1,0,0,0,0,0,0,0,0,0,-11.87629726,-11.53646267,1,0,0,0,0
2713,1789388682291692480,41581344232743,1.032269478,1,0,1,0.7529181838,1,0,0,0,0,0,-1,0.5,0,0,1000000000,0,0,1,0,0,0,0,0,0,0,0,0,-11.87629726,-11.53646267,1,0,0,0,0
2714,1789388682301716124,41581354256363,1.021996379,1,0,1,0.7529181838,1,0,0,0,0,0,-1,0.5,0,0,1000000000,0,0,1,0,0,0,0,0,0,0,0,0,-11.87629726,-11.53646267,1,0,0,0,0
2715,1789388682311739009,41581364279112,1.012280464,1,0,1,0.7529181838,1,0,0,0,0,0,-1,0.5,0,0,1000000000,0,0,1,0,0,0,0,0,0,0,0,0,-11.87629726,-11.53646267,1,0,0,0,0
2716,1789388682321722388,41581374262628,1.00164187,1,0,1,0.7529181838,1,0,0,0,0,0,-1,0.5,0,0,1000000000,0,0,1,0,0,0,0,0,0,0,0,0,-11.87629726,-11.53646267,1,0,0,0,0
2717,1789388682331716018,41581384256277,0.9903311133,1,0,1,0.6606364846,1,0,0,0,0,0,-1,0.5,0,0,1000000000,0,0,1,0,0,0,0,0,0,0,0,0,-11.87629726,-11.53646267,1,0,0,0,0
2718,1789388682341724975,41581394265227,0.9812976122,1,0,1,0.6606364846,1,0,0,0,0,0,-1,0.5,0,0,1000000000,0,0,1,0,0,0,0,0,0,0,0,0,-11.87629726,-11.53646267,1,0,0,0,0
2719,1789388682351721818,41581404262075,0.9705022573,1,0,1,0.6606364846,1,0,0,0,0,0,-1,0.5,0,0,1000000000,0,0,1,0,0,0,0,0,0,0,0,0,-11.87629726,-11.53646267,1,0,0,0,0
2720,1789388682361720045,41581414260311,0.9601561427,1,0,1,0.6606364846,1,0,0,0,0,0,-1,0.5,0,0,1000000000,0,0,1,0,0,0,0,0,0,0,0,0,-11.87629726,-11.53646267,1,0,0,0,0
2721,1789388682371717572,41581424257713,0.9500631094,1,0,1,0.6606364846,1,0,0,0,0,0,-1,0.5,0,0,1000000000,0,0,1,0,0,0,0,0,0,0,0,0,-11.87629726,-11.53646267,1,0,0,0,0
2722,1789388682381794523,41581434334791,0.9407590032,1,0,1,0.6606364846,1,0,0,0,0,0,-1,0.5,0,0,1000000000,0,0,1,0,0,0,0,0,0,0,0,0,-11.99436071,-11.59212267,1,0,0,0,0
2723,1789388682391720460,41581444260732,0.9299805164,1,0,1,0.6606364846,1,0,0,0,0,0,-1,0.5,0,0,1000000000,0,0,1,0,0,0,0,0,0,0,0,0,-11.99436071,-11.59212267,1,0,0,0,0
2724,1789388682401699029,41581454239294,0.9201650023,1,0,1,0.6606364846,1,0,0,0,0,0,-1,0.5,0,0,1000000000,0,0,1,0,0,0,0,0,0,0,0,0,-11.99436071,-11.59212267,1,0,0,0,0
2725,1789388682411708869,41581464249113,0.9095318913,1,0,1,0.6606364846,1,0,0,0,0,0,-1,0.5,0,0,1000000000,0,0,1,0,0,0,0,0,0,0,0,0,-11.99436071,-11.59212267,1,0,0,0,0
2726,1789388682421723704,41581474263973,0.9006636143,1,0,1,0.6606364846,1,0,0,0,0,0,-1,0.5,0,0,1000000000,0,0,1,0,0,0,0,0,0,0,0,0,-11.99436071,-11.59212267,1,0,0,0,0
2727,1789388682431720777,41581484261035,0.8902512789,1,0,1,0.6331826448,1,0,0,0,0,0,-1,0.5,0,0,1000000000,0,0,1,0,0,0,0,0,0,0,0,0,-11.99436071,-11.59212267,1,0,0,0,0
2728,1789388682441725248,41581494265515,0.8794066906,1,0,1,0.6331826448,1,0,0,0,0,0,-1,0.5,0,0,1000000000,0,0,1,0,0,0,0,0,0,0,0,0,-11.99436071,-11.59212267,1,0,0,0,0
2729,1789388682451701676,41581504241944,0.8687248826,1,0,1,0.6331826448,1,0,0,0,0,0,-1,0.5,0,0,1000000000,0,0,1,0,0,0,0,0,0,0,0,0,-11.99436071,-11.59212267,1,0,0,0,0
2730,1789388682461693973,41581514234238,0.860938251,1,0,1,0.6331826448,1,0,0,0,0,0,-1,0.5,0,0,1000000000,0,0,1,0,0,0,0,0,0,0,0,0,-11.99436071,-11.59212267,1,0,0,0,0
2731,1789388682471768131,41581524308398,0.8500888348,1,0,1,0.6331826448,1,0,0,0,0,0,-1,0.5,0,0,1000000000,0,0,1,0,0,0,0,0,0,0,0,0,-11.99436071,-11.59212267,1,0,0,0,0
2732,1789388682481721521,41581534261773,0.8404164314,1,0,1,0.6331826448,1,0,0,0,0,0,-1,0.5,0,0,1000000000,0,0,1,0,0,0,0,0,0,0,0,0,-12.06815036,-11.64778267,1,0,0,0,0
2733,1789388682491731107,41581544271361,0.8303101063,1,0,1,0.6331826448,1,0,0,0,0,0,-1,0.5,0,0,1000000000,0,0,1,0,0,0,0,0,0,0,0,0,-12.06815036,-11.64778267,1,0,0,0,0
2734,1789388682501721465,41581554261715,0.8193625808,1,0,1,0.6331826448,1,0,0,0,0,0,-1,0.5,0,0,1000000000,0,0,1,0,0,0,0,0,0,0,0,0,-12.06815036,-11.64778267,1,0,0,0,0
2735,1789388682511763103,41581564303358,0.8097695708,1,0,1,0.6331826448,1,0,0,0,0,0,-1,0.5,0,0,1000000000,0,0,1,0,0,0,0,0,0,0,0,0,-12.06815036,-11.64778267,1,0,0,0,0
2736,1789388682521714311,41581574254574,0.7995199561,1,0,1,0.6331826448,1,0,0,0,0,0,-1,0.5,0,0,1000000000,0,0,1,0,0,0,0,0,0,0,0,0,-12.06815036,-11.64778267,1,0,0,0,0
2737,1789388682531715220,41581584255477,0.7902956605,1,0,1,0.3818162084,1,0,0,0,0,0,-1,0.5,0,0,1000000000,0,0,1,0,0,0,0,0,0,0,0,0,-12.06815036,-11.64778267,1,0,0,0,0
2738,1789388682541742018,41581594282160,0.7795111537,1,0,1,0.3818162084,1,0,0,0,0,0,-1,0.5,0,0,1000000000,0,0,1,0,0,0,0,0,0,0,0,0,-12.06815036,-11.64778267,1,0,0,0,0
2739,1789388682551709011,41581604249273,0.7691550255,1,0,1,0.3818162084,1,0,0,0,0,0,-1,0.5,0,0,1000000000,1,1,1,0,0,0,0,0,0,0,0,0,-12.06815036,-11.64778267,1,0,0,0,0
2740,1789388682561715409,41581614255675,0.7599536777,1,0,1,0.3818162084,1,0,0,0,0,0,-1,0.5,0,0,1000000000,1,1,1,0,0,0,0,0,0,0,0,0,-12.06815036,-11.64778267,1,0,0,0,0
2741,1789388682571744642,41581624284911,0.7487858534,1,0,1,0.3818162084,1,0,0,0,0,0,-1,0.5,0,0,1000000000,1,1,1,0,0,0,0,0,0,0,0,0,-12.06815036,-11.64778267,1,0,0,0,0
2742,1789388682581726162,41581634266423,0.7389768362,1,0,1,0.3818162084,1,0,0,0,0,0,-1,0.5,0,0,1000000000,1,1,1,0,0,0,0,0,0,0,0,0,-12.06815036,-11.64778267,1,0,0,0,0
2743,1789388682591724895,41581644265084,0.728403151,1,0,1,0.3818162084,1,0,0,0,0,0,-1,0.5,0,0,1000000000,1,1,1,0,0,0,0,0,0,0,0,0,-12.06815036,-11.64778267,1,0,0,0,0
2744,1789388682601711731,41581654251997,0.7171862125,1,0,1,0.3818162084,1,0,0,0,0,0,-1,0.5,0,0,1000000000,1,1,1,0,0,0,0,0,0,0,0,0,-12.06815036,-11.64778267,1,0,0,0,0
2745,1789388682611818716,41581664358984,0.7076577544,1,0,1,0.3818162084,1,0,0,0,0,0,-1,0.5,0,0,1000000000,1,1,1,0,0,0,0,0,0,0,0,0,-12.06815036,-11.64778267,1,0,0,0,0
2746,1789388682621701057,41581674241329,0.6974322796,1,0,1,0.3818162084,1,0,0,0,0,0,-1,0.5,0,0,1000000000,1,1,1,0,0,0,0,0,0,0,0,0,-12.06815036,-11.64778267,1,0,0,0,0
2747,1789388682631708263,41581684248436,0.6879065037,1,0,1,0.3818162084,1,0,0,0,0,0,-1,0.5,0,0,1000000000,1,1,1,0,0,0,0,0,0,0,0,0,-12.06815036,-11.64778267,1,0,0,0,0
2748,1789388682641701643,41581694241912,0.6769218445,1,0,1,0.4921664,1,0,0,0,0,0,-1,0.5,0,0,1000000000,1,1,1,0,0,0,0,0,0,0,0,0,-12.06815036,-11.64778267,1,0,0,0,0
2749,1789388682651709112,41581704249383,0.6660754681,1,0,1,0.4921664,1,0,0,0,0,0,-1,0.5,0,0,1000000000,1,1,1,0,0,0,0,0,0,0,0,0,-12.06815036,-11.64778267,1,0,0,0,0
2750,1789388682661692006,41581714232277,0.6553850174,1,0,1,0.4921664,1,0,0,0,0,0,-1,0.5,0,0,1000000000,1,1,1,0,0,0,0,0,0,0,0,0,-12.06815036,-11.64778267,1,0,0,0,0
2751,1789388682671749271,41581724289532,0.6460481882,1,0,1,0.4921664,1,0,0,0,0,0,-1,0.5,0,0,1000000000,1,1,1,0,0,0,0,0,0,0,0,0,-12.06815036,-11.64778267,1,0,0,0,0
2752,1789388682681724752,41581734264985,0.6343838573,1,0,1,0.4921664,1,0,0,0,0,0,-1,0.5,0,0,1000000000,1,1,1,0,0,0,0,0,0,0,0,0,-12.14194002,-11.68488933,1,0,0,0,0
2753,1789388682691720005,41581744260258,0.6239168644,1,0,1,0.4921664,1,0,0,0,0,0,-1,0.5,0,0,1000000000,1,1,1,0,0,0,0,0,0,0,0,0,-12.14194002,-11.68488933,1,0,0,0,0
2754,1789388682701710704,41581754250962,0.6137439609,1,0,1,0.4921664,1,0,0,0,0,0,-1,0.5,0,0,1000000000,1,1,1,0,0,0,0,0,0,0,0,0,-12.14194002,-11.68488933,1,0,0,0,0
2755,1789388682711725775,41581764266029,0.6036005616,1,0,1,0.4921664,1,0,0,0,0,0,-1,0.5,0,0,1000000000,1,1,1,0,0,0,0,0,0,0,0,0,-12.14194002,-11.68488933,1,0,0,0,0
2756,1789388682721714942,41581774255210,0.5912462473,1,0,1,0.4921664,1,0,0,0,0,0,-1,0.5,0,0,1000000000,1,1,1,0,0,0,0,0,0,0,0,0,-12.14194002,-11.68488933,1,0,0,0,0
2757,1789388682731707000,41581784247266,0.5810970068,1,0,1,0.5556430817,1,0,0,0,0,0,-1,0.5,0,0,1000000000,1,1,1,0,0,0,0,0,0,0,0,0,-12.14194002,-11.68488933,1,0,0,0,0
2758,1789388682741733342,41581794273439,0.5707548261,1,0,1,0.5556430817,1,0,0,0,0,0,-1,0.5,0,0,1000000000,1,1,1,0,0,0,0,0,0,0,0,0,-12.14194002,-11.68488933,1,0,0,0,0
2759,1789388682751749993,41581804290262,0.5604420304,1,0,1,0.5556430817,1,0,0,0,0,0,-1,0.5,0,0,1000000000,1,1,1,0,0,0,0,0,0,0,0,0,-12.14194002,-11.68488933,1,0,0,0,0
2760,1789388682761720848,41581814261115,0.5485192537,1,0,1,0.5556430817,1,0,0,0,0,0,-1,0.5,0,0,1000000000,1,1,1,0,0,0,0,0,0,0,0,0,-12.14194002,-11.68488933,1,0,0,0,0
2761,1789388682771709360,41581824249633,0.5385926366,1,0,1,0.5556430817,1,0,0,0,0,0,-1,0.5,0,0,1000000000,1,1,1,0,0,0,0,0,0,0,0,0,-12.14194002,-11.68488933,1,0,0,0,0
2762,1789388682781806887,41581834347091,0.5277001262,1,0,1,0.5556430817,1,0,0,0,0,0,-1,0.5,0,0,1000000000,1,1,1,0,0,0,0,0,0,0,0,0,-12.21572967,-11.721996,1,0,0,0,0
2763,1789388682791741497,41581844281711,0.5167863965,1,0,1,0.5556430817,1,0,0,0,0,0,-1,0.5,0,0,1000000000,1,1,1,0,0,0,0,0,0,0,0,0,-12.21572967,-11.721996,1,0,0,0,0
2764,1789388682801704933,41581854245198,0.5057118535,1,0,1,0.5556430817,1,0,0,0,0,0,-1,0.5,0,0,1000000000,1,1,1,0,0,0,0,0,0,0,0,0,-12.21572967,-11.721996,1,0,0,0,0
2765,1789388682812267246,41581864807514,0.4945278466,1,0,1,0.5556430817,1,0,0,0,0,0,-1,0.5,0,0,1000000000,1,1,1,0,0,0,0,0,0,0,0,0,-12.21572967,-11.721996,1,0,0,0,0
2766,1789388682821701566,41581874241836,0.4844268858,1,0,1,0.5556430817,1,0,0,0,0,0,-1,0.5,0,0,1000000000,1,1,1,0,0,0,0,0,0,0,0,0,-12.21572967,-11.721996,1,0,0,0,0
2767,1789388682831707468,41581884247733,0.4731542766,1,0,1,0.5429443121,1,0,0,0,0,0,-1,0.5,0,0,1000000000,1,1,1,0,0,0,0,0,0,0,0,0,-12.21572967,-11.721996,1,0,0,0,0
2768,1789388682841702913,41581894243179,0.4630420804,1,0,1,0.5429443121,1,0,0,0,0,0,-1,0.5,0,0,1000000000,1,1,1,0,0,0,0,0,0,0,0,0,-12.21572967,-11.721996,1,0,0,0,0
2769,1789388682851710717,41581904250987,0.4521257877,1,0,1,0.5429443121,1,0,0,0,0,0,-1,0.5,0,0,1000000000,1,1,1,0,0,0,0,0,0,0,0,0,-12.21572967,-11.721996,1,0,0,0,0
2770,1789388682861706890,41581914247160,0.4406743646,1,0,1,0.5429443121,1,0,0,0,0,0,-1,0.5,0,0,1000000000,1,1,1,0,0,0,0,0,0,0,0,0,-12.21572967,-11.721996,1,0,0,0,0
2771,1789388682871706215,41581924246487,0.4303401113,1,0,1,0.5429443121,1,0,0,0,0,0,-1,0.5,0,0,1000000000,1,1,1,0,0,0,0,0,0,0,0,0,-12.21572967,-11.721996,1,0,0,0,0
2772,1789388682881708578,41581934248844,0.4193852246,1,0,1,0.5429443121,1,0,0,0,0,0,-1,0.5,0,0,1000000000,1,1,1,0,0,0,0,0,0,0,0,0,-12.24524553,-11.75910267,1,0,0,0,0
2773,1789388682891692067,41581944232333,0.4087640643,1,0,1,0.5429443121,1,0,0,0,0,0,-1,0.5,0,0,1000000000,1,1,1,0,0,0,0,0,0,0,0,0,-12.24524553,-11.75910267,1,0,0,0,0
2774,1789388682901739194,41581954279459,0.3978708982,1,0,1,0.5429443121,1,0,0,0,0,0,-1,0.5,0,0,1000000000,1,1,1,0,0,0,0,0,0,0,0,0,-12.24524553,-11.75910267,1,0,0,0,0
2775,1789388682913488856,41581966029126,0.3856655657,1,0,1,0.5429443121,1,0,0,0,0,0,-1,0.5,0,0,1000000000,1,1,1,0,0,0,0,0,0,0,0,0,-12.24524553,-11.75910267,1,0,0,0,0
2776,1789388682921699183,41581974239454,0.3742861152,1,0,1,0.5429443121,1,0,0,0,0,0,-1,0.5,0,0,1000000000,1,1,1,0,0,0,0,0,0,0,0,0,-12.24524553,-11.75910267,1,0,0,0,0
2777,1789388682931697576,41581984237851,0.3632632792,1,0,1,0.4851750135,1,0,0,0,0,0,-1,0.5,0,0,1000000000,1,1,1,0,0,0,0,0,0,0,0,0,-12.24524553,-11.75910267,1,0,0,0,0
2778,1789388682941694143,41581994234397,0.3522376716,1,0,1,0.4851750135,1,0,0,0,0,0,-1,0.5,0,0,1000000000,1,1,1,0,0,0,0,0,0,0,0,0,-12.24524553,-11.75910267,1,0,0,0,0
2779,1789388682951695570,41582004235842,0.3421213031,1,0,1,0.4851750135,1,0,0,0,0,0,-1,0.5,0,0,1000000000,1,1,1,0,0,0,0,0,0,0,0,0,-12.24524553,-11.75910267,1,0,0,0,0
2780,1789388682961786537,41582014326449,0.3316861093,1,0,1,0.4851750135,1,0,0,0,0,0,-1,0.5,0,0,1000000000,1,1,1,0,0,0,0,0,0,0,0,0,-12.24524553,-11.75910267,1,0,0,0,0
2781,1789388682971715336,41582024255592,0.320071578,1,0,1,0.4851750135,1,0,0,0,0,0,-1,0.5,0,0,1000000000,1,1,1,0,0,0,0,0,0,0,0,0,-12.24524553,-11.75910267,1,0,0,0,0
2782,1789388682981725855,41582034266119,0.3090634048,1,0,1,0.4851750135,1,0,0,0,0,0,-1,0.5,0,0,1000000000,1,1,1,0,0,0,0,0,0,0,0,0,-12.28951933,-11.777656,1,0,0,0,0
2783,1789388682991723460,41582044263633,0.2984312475,1,0,1,0.4851750135,1,0,0,0,0,0,-1,0.5,0,0,1000000000,1,1,1,0,0,0,0,0,0,0,0,0,-12.28951933,-11.777656,1,0,0,0,0
2784,1789388683001777445,41582054317701,0.2873167098,1,0,1,0.4851750135,1,0,0,0,0,0,-1,0.5,0,0,1000000000,1,1,1,0,0,0,0,0,0,0,0,0,-12.28951933,-11.777656,1,0,0,0,0
2785,1789388683011734139,41582064274387,0.2769461274,1,0,1,0.4851750135,1,0,0,0,0,0,-1,0.5,0,0,1000000000,1,1,1,0,0,0,0,0,0,0,0,0,-12.28951933,-11.777656,1,0,0,0,0
2786,1789388683021722106,41582074262374,0.2673841417,1,0,1,0.4851750135,1,0,0,0,0,0,-1,0.5,0,0,1000000000,1,1,1,0,0,0,0,0,0,0,0,0,-12.28951933,-11.777656,1,0,0,0,0
2787,1789388683032046624,41582084586882,0.2568617761,1,0,1,0.5103881955,1,0,0,0,0,0,-1,0.5,0,0,1000000000,1,1,1,0,0,0,0,0,0,0,0,0,-12.28951933,-11.777656,1,0,0,0,0
2788,1789388683041694298,41582094234569,0.245973438,1,0,1,0.5103881955,1,0,0,0,0,0,-1,0.5,0,0,1000000000,1,1,1,0,0,0,0,0,0,0,0,0,-12.28951933,-11.777656,1,0,0,0,0
2789,1789388683051710690,41582104250950,0.2360939533,1,0,1,0.5103881955,1,0,0,0,0,0,-1,0.5,0,0,1000000000,1,1,1,0,0,0,0,0,0,0,0,0,-12.28951933,-11.777656,1,0,0,0,0
2790,1789388683061717549,41582114257804,0.2266698927,1,0,1,0.5103881955,1,0,0,0,0,0,-1,0.5,0,0,1000000000,1,1,1,0,0,0,0,0,0,0,0,0,-12.28951933,-11.777656,1,0,0,0,0
2791,1789388683071797665,41582124337927,0.2164301276,1,0,1,0.5103881955,1,0,0,0,0,0,-1,0.5,0,0,1000000000,1,1,1,0,0,0,0,0,0,0,0,0,-12.28951933,-11.777656,1,0,0,0,0
2792,1789388683081693895,41582134234160,0.2064047307,1,0,1,0.5103881955,1,0,0,0,0,0,-1,0.5,0,0,1000000000,1,1,1,0,0,0,0,0,0,0,0,0,-12.28951933,-11.777656,1,0,0,0,0
2793,1789388683091694671,41582144234913,0.1973116547,1,0,1,0.5103881955,1,0,0,0,0,0,-1,0.5,0,0,1000000000,1,1,1,0,0,0,0,0,0,0,0,0,-12.28951933,-11.777656,1,0,0,0,0
2794,1789388683101694002,41582154234271,0.1883716583,1,0,1,0.5103881955,1,0,0,0,0,0,-1,0.5,0,0,1000000000,1,1,1,0,0,0,0,0,0,0,0,0,-12.28951933,-11.777656,1,0,0,0,0
2795,1789388683111708150,41582164248413,0.1790113151,1,0,1,0.5103881955,1,0,0,0,0,0,-1,0.5,0,0,1000000000,1,1,1,0,0,0,0,0,0,0,0,0,-12.28951933,-11.777656,1,0,0,0,0
2796,1789388683121696836,41582174237105,0.169199869,1,0,1,0.5103881955,1,0,0,0,0,0,-1,0.5,0,0,1000000000,1,1,1,0,0,0,0,0,0,0,0,0,-12.28951933,-11.777656,1,0,0,0,0
2797,1789388683131697918,41582184238189,0.1599048227,1,0,1,0.4356361628,1,0,0,0,0,0,-1,0.5,0,0,1000000000,1,1,1,0,0,0,0,0,0,0,0,0,-12.28951933,-11.777656,1,0,0,0,0
2798,1789388683141706073,41582194246341,0.1511444002,1,0,1,0.4356361628,1,0,0,0,0,0,-1,0.5,0,0,1000000000,1,1,1,0,0,0,0,0,0,0,0,0,-12.28951933,-11.777656,1,0,0,0,0
2799,1789388683151703072,41582204243344,0.1427653432,1,0,1,0.4356361628,1,0,0,0,0,0,-1,0.5,0,0,1000000000,1,1,1,0,0,0,0,0,0,0,0,0,-12.28951933,-11.777656,1,0,0,0,0
2800,1789388683161697678,41582214237951,0.1344466656,1,0,1,0.4356361628,1,0,0,0,0,0,-1,0.5,0,0,1000000000,1,1,1,0,0,0,0,0,0,0,0,0,-12.28951933,-11.777656,1,0,0,0,0
2801,1789388683171701526,41582224241797,0.1259634644,1,0,1,0.4356361628,1,0,0,0,0,0,-1,0.5,0,0,1000000000,1,1,1,0,0,0,0,0,0,0,0,0,-12.28951933,-11.777656,1,0,0,0,0
2802,1789388683181700969,41582234241237,0.117876038,1,0,1,0.4356361628,1,0,0,0,0,0,-1,0.5,0,0,1000000000,1,1,1,0,0,0,0,0,0,0,0,0,-12.30427726,-11.79620933,1,0,0,0,0
2803,1789388683191734132,41582244274398,0.1104060858,1,0,1,0.4356361628,1,0,0,0,0,0,-1,0.5,0,0,1000000000,1,1,1,0,0,0,0,0,0,0,0,0,-12.30427726,-11.79620933,1,0,0,0,0
2804,1789388683201703132,41582254243399,0.1032723412,1,0,1,0.4356361628,1,0,0,0,0,0,-1,0.5,0,0,1000000000,1,1,1,0,0,0,0,0,0,0,0,0,-12.30427726,-11.79620933,1,0,0,0,0
2805,1789388683211697521,41582264237791,0.09645203501,1,0,1,0.4356361628,1,0,0,0,0,0,-1,0.5,0,0,1000000000,1,1,1,0,0,0,0,0,0,0,0,0,-12.30427726,-11.79620933,1,0,0,0,0
2806,1789388683221714061,41582274254325,0.08975185454,1,0,1,0.4356361628,1,0,0,0,0,0,-1,0.5,0,0,1000000000,1,1,1,0,0,0,0,0,0,0,0,0,-12.30427726,-11.79620933,1,0,0,0,0
2807,1789388683231702342,41582284242615,0.0830649808,1,0,1,0.5363920331,1,0,0,0,0,0,-1,0.5,0,0,1000000000,1,1,1,0,0,0,0,0,0,0,0,0,-12.30427726,-11.79620933,1,0,0,0,0
2808,1789388683241701103,41582294241259,0.07654082775,1,0,1,0.5363920331,1,0,0,0,0,0,-1,0.5,0,0,1000000000,1,1,1,0,0,0,0,0,0,0,0,0,-12.30427726,-11.79620933,1,0,0,0,0
2809,1789388683251700717,41582304240987,0.07041209936,1,0,1,0.5363920331,1,0,0,0,0,0,-1,0.5,0,0,1000000000,1,1,1,0,0,0,0,0,0,0,0,0,-12.30427726,-11.79620933,1,0,0,0,0
2810,1789388683261702526,41582314242797,0.06452000141,1,0,1,0.5363920331,1,0,0,0,0,0,-1,0.5,0,0,1000000000,1,1,1,0,0,0,0,0,0,0,0,0,-12.30427726,-11.79620933,1,0,0,0,0
2811,1789388683271716237,41582324256507,0.05893671885,1,0,1,0.5363920331,1,0,0,0,0,0,-1,0.5,0,0,1000000000,1,1,1,0,0,0,0,0,0,0,0,0,-12.30427726,-11.79620933,1,0,0,0,0
2812,1789388683281706798,41582334247064,0.0538534075,1,0,1,0.5363920331,1,0,0,0,0,0,-1,0.5,0,0,1000000000,1,1,1,0,0,0,0,0,0,0,0,0,-12.30427726,-11.79620933,1,0,0,0,0
2813,1789388683291701710,41582344241865,0.04908310249,1,0,1,0.5363920331,1,0,0,0,0,0,-1,0.5,0,0,1000000000,1,1,1,0,0,0,0,0,0,0,0,0,-12.30427726,-11.79620933,1,0,0,0,0
2814,1789388683301698366,41582354238634,0.04452322423,1,0,1,0.5363920331,1,0,0,0,0,0,-1,0.5,0,0,1000000000,1,1,1,0,0,0,0,0,0,0,0,0,-12.30427726,-11.79620933,1,0,0,0,0
2815,1789388683311711063,41582364251310,0.04020316154,1,0,1,0.5363920331,1,0,0,0,0,0,-1,0.5,0,0,1000000000,1,1,1,0,0,0,0,0,0,0,0,0,-12.30427726,-11.79620933,1,0,0,0,0
2816,1789388683321712618,41582374252876,0.03616080433,1,0,1,0.5363920331,1,0,0,0,0,0,-1,0.5,0,0,1000000000,1,1,1,0,0,0,0,0,0,0,0,0,-12.30427726,-11.79620933,1,0,0,0,0
2817,1789388683331759552,41582384299822,0.03240346909,1,0,1,0.5363920331,1,0,0,0,0,0,-1,0.5,0,0,1000000000,1,1,1,0,0,0,0,0,0,0,0,0,-12.30427726,-11.79620933,1,0,0,0,0
2818,1789388683341751369,41582394291559,0.02882893942,1,0,1,0.504657805,1,0,0,0,0,0,-1,0.5,0,0,1000000000,1,1,1,0,0,0,0,0,0,0,0,0,-12.30427726,-11.79620933,1,0,0,0,0
2819,1789388683351713932,41582404254181,0.02552777901,1,0,1,0.504657805,1,0,0,0,0,0,-1,0.5,0,0,1000000000,1,1,1,0,0,0,0,0,0,0,0,0,-12.30427726,-11.79620933,1,0,0,0,0
2820,1789388683361721379,41582414261634,0.02231059037,1,0,1,0.504657805,1,0,0,0,0,0,-1,0.5,0,0,1000000000,1,1,1,0,0,0,0,0,0,0,0,0,-12.30427726,-11.79620933,1,0,0,0,0
2821,1789388683371719075,41582424259321,0.0193868801,1,0,1,0.504657805,1,0,0,0,0,0,-1,0.5,0,0,1000000000,1,1,1,0,0,0,0,0,0,0,0,0,-12.30427726,-11.79620933,1,0,0,0,0
2822,1789388683381720274,41582434260518,0.01674746349,1,0,1,0.504657805,1,0,0,0,0,0,-1,0.5,0,0,1000000000,1,1,1,0,0,0,0,0,0,0,0,0,-12.30427726,-11.79620933,1,0,0,0,0
2823,1789388683391738629,41582444278884,0.01435126457,1,0,1,0.504657805,1,0,0,0,0,0,-1,0.5,0,0,1000000000,1,1,1,0,0,0,0,0,0,0,0,0,-12.30427726,-11.79620933,1,0,0,0,0
2824,1789388683401721935,41582454262188,0.01225845516,1,0,1,0.504657805,1,0,0,0,0,0,-1,0.5,0,0,1000000000,1,1,1,0,0,0,0,0,0,0,0,0,-12.30427726,-11.79620933,1,0,0,0,0
2825,1789388683411735414,41582464275657,0.01011500321,1,0,1,0.504657805,1,0,1,0,0,0,-1,0.5,1,0,1000000000,1,1,1,0,0,0,0,0,0,0,0,0,-12.30427726,-11.79620933,1,0,0,0,0
2826,1789388683421702565,41582474242836,0.008001163602,1,0,1,0.504657805,1,0,0,0,0,0,-1,0.5,1,0,1000000000,1,1,1,0,0,0,0,0,0,0,0,0,-12.30427726,-11.79620933,1,0,0,0,0
2827,1789388683431705671,41582484245941,0.005865108222,1,0,1,0.4858843088,1,0,0,0,0,0,-1,0.5,1,0,1000000000,1,1,1,0,0,0,0,0,0,0,0,0,-12.30427726,-11.79620933,1,0,0,0,0
2828,1789388683441713588,41582494253859,0.003838238772,1,0,1,0.4858843088,1,0,0,0,0,0,-1,0.5,1,0,1000000000,1,1,1,0,0,0,0,0,0,0,0,0,-12.30427726,-11.79620933,1,0,0,0,0
2829,1789388683451708014,41582504248275,0.001912062871,1,0,1,0.4858843088,1,0,0,0,0,0,-1,0.5,1,0,1000000000,1,1,1,0,0,0,0,0,0,0,0,0,-12.30427726,-11.79620933,1,0,0,0,0
2830,1789388683461716783,41582514257051,-1.602364864e-05,1,0,1,0.4858843088,1,0,0,0,0,0,-1,0.5,1,0,1000000000,1,1,1,0,0,0,0,0,0,0,0,0,-12.30427726,-11.79620933,1,0,0,0,0
2831,1789388683471714820,41582524255075,-0.001770145842,1,0,1,0.4858843088,1,0,0,0,0,0,-1,0.5,1,0,1000000000,1,1,1,0,0,0,0,0,0,0,0,0,-12.30427726,-11.79620933,1,0,0,0,0
2832,1789388683481738736,41582534278987,-0.003225286957,1,0,1,0.4858843088,1,0,0,0,0,0,-1,0.5,1,0,1000000000,1,1,1,0,0,0,0,0,0,0,0,0,-12.30427726,-11.79620933,1,0,0,0,0
2833,1789388683491714569,41582544254799,-0.004557261243,1,0,1,0.4858843088,1,0,0,0,0,0,-1,0.5,1,0,1000000000,1,1,1,0,0,0,0,0,0,0,0,0,-12.30427726,-11.79620933,1,0,0,0,0
2834,1789388683501718129,41582554258389,-0.005831317976,1,0,1,0.4858843088,1,0,0,0,0,0,-1,0.5,1,0,1000000000,1,1,1,0,0,0,0,0,0,0,0,0,-12.30427726,-11.79620933,1,0,0,0,0
2835,1789388683511714066,41582564254322,-0.006916629151,1,0,1,0.4858843088,1,0,0,0,0,0,-1,0.5,1,0,1000000000,1,1,1,0,0,0,0,0,0,0,0,0,-12.30427726,-11.79620933,1,0,0,0,0
2836,1789388683521717020,41582574257284,-0.007835435681,1,0,1,0.4858843088,1,0,0,0,0,0,-1,0.5,1,0,1000000000,1,1,1,0,0,0,0,0,0,0,0,0,-12.30427726,-11.79620933,1,0,0,0,0
2837,1789388683531716555,41582584256818,-0.008732463233,1,0,1,0.5546619892,1,0,0,0,0,0,-1,0.5,1,0,1000000000,1,1,1,0,0,0,0,0,0,0,0,0,-12.30427726,-11.79620933,1,0,0,0,0
2838,1789388683541726386,41582594266659,-0.009645564482,1,0,1,0.5546619892,1,0,0,0,0,0,-1,0.5,1,0,1000000000,1,1,1,0,0,0,0,0,0,0,0,0,-12.30427726,-11.79620933,1,0,0,0,0
2839,1789388683551700594,41582604240867,-0.010559991,1,0,1,0.5546619892,1,0,0,0,0,0,-1,0.5,1,0,1000000000,1,1,1,0,0,0,0,0,0,0,0,0,-12.30427726,-11.79620933,1,0,0,0,0
2840,1789388683561701317,41582614241589,-0.0114620747,1,0,1,0.5546619892,1,0,0,0,0,0,-1,0.5,1,0,1000000000,1,1,1,0,0,0,0,0,0,0,0,0,-12.30427726,-11.79620933,1,0,0,0,0
2841,1789388683571747464,41582624287732,-0.01222136058,1,0,1,0.5546619892,1,0,0,0,0,0,-1,0.5,1,0,1000000000,1,1,1,0,0,0,0,0,0,0,0,0,-12.30427726,-11.79620933,1,0,0,0,0
2842,1789388683581699702,41582634239972,-0.01290661842,1,0,1,0.5546619892,1,0,0,0,0,0,-1,0.5,1,0,1000000000,1,1,1,0,0,0,0,0,0,0,0,0,-12.30427726,-11.79620933,1,0,0,0,0
2843,1789388683591701305,41582644241570,-0.0135075273,1,0,1,0.5546619892,1,0,0,0,0,0,-1,0.5,1,0,1000000000,1,1,1,0,0,0,0,0,0,0,0,0,-12.30427726,-11.79620933,1,0,0,0,0
2844,1789388683601705873,41582654246140,-0.01408977248,1,0,1,0.5546619892,1,0,0,0,0,0,-1,0.5,1,0,1000000000,1,1,1,0,0,0,0,0,0,0,0,0,-12.30427726,-11.79620933,1,0,0,0,0
2845,1789388683611698060,41582664238323,-0.01464179065,1,0,1,0.5546619892,1,0,0,0,0,0,-1,0.5,1,0,1000000000,1,1,1,0,0,0,0,0,0,0,0,0,-12.30427726,-11.79620933,1,0,0,0,0
2846,1789388683621705554,41582674245826,-0.0152137978,1,0,1,0.5546619892,1,0,0,0,0,0,-1,0.5,1,0,1000000000,1,1,1,0,0,0,0,0,0,0,0,0,-12.30427726,-11.79620933,1,0,0,0,0
2847,1789388683631711670,41582684251932,-0.01573406905,1,0,1,0.5257818699,1,0,0,0,0,0,-1,0.5,1,0,1000000000,1,1,1,0,0,0,0,0,0,0,0,0,-12.30427726,-11.79620933,1,0,0,0,0
2848,1789388683641694008,41582694234282,-0.0162533056,1,0,1,0.5257818699,1,0,0,0,0,0,-1,0.5,1,0,1000000000,1,1,1,0,0,0,0,0,0,0,0,0,-12.30427726,-11.79620933,1,0,0,0,0
2849,1789388683651707611,41582704247882,-0.01675170101,1,0,1,0.5257818699,1,0,0,0,0,0,-1,0.5,1,0,1000000000,1,1,1,0,0,0,0,0,0,0,0,0,-12.30427726,-11.79620933,1,0,0,0,0
2850,1789388683661700337,41582714240609,-0.01721488684,1,0,1,0.5257818699,1,0,0,0,0,0,-1,0.5,1,0,1000000000,1,1,1,0,0,0,0,0,0,0,0,0,-12.30427726,-11.79620933,1,0,0,0,0
2851,1789388683671711121,41582724251387,-0.01756210439,1,0,1,0.5257818699,1,0,0,0,0,0,-1,0.5,1,0,1000000000,1,1,1,0,0,0,0,0,0,0,0,0,-12.30427726,-11.79620933,1,0,0,0,0
2852,1789388683681739999,41582734280265,-0.01785717905,1,0,1,0.5257818699,1,0,0,0,0,0,-1,0.5,1,0,1000000000,1,1,1,0,0,0,0,0,0,0,0,0,-12.30427726,-11.79620933,1,0,0,0,0
2853,1789388683691781702,41582744321615,-0.018073963,1,0,1,0.5257818699,1,0,0,0,0,0,-1,0.5,1,0,1000000000,1,1,1,0,0,0,0,0,0,0,0,0,-12.30427726,-11.79620933,1,0,0,0,0
2854,1789388683701698882,41582754239144,-0.01827359758,1,0,1,0.5257818699,1,0,0,0,0,0,-1,0.5,1,0,1000000000,1,1,1,0,0,0,0,0,0,0,0,0,-12.30427726,-11.79620933,1,0,0,0,0
2855,1789388683711745412,41582764285563,-0.01827911846,1,0,1,0.5257818699,1,0,0,0,0,0,-1,0.5,1,0,1000000000,1,1,1,0,0,0,0,0,0,0,0,0,-12.30427726,-11.79620933,1,0,0,0,0
2856,1789388683721713548,41582774253710,-0.01803606562,1,0,1,0.5257818699,1,0,0,0,0,0,-1,0.5,1,0,1000000000,1,1,1,0,0,0,0,0,0,0,0,0,-12.30427726,-11.79620933,1,0,0,0,0
2857,1789388683731708086,41582784248346,-0.01764306612,1,0,1,0.5482468605,1,0,0,0,0,0,-1,0.5,1,0,1000000000,1,1,1,0,0,0,0,0,0,0,0,0,-12.30427726,-11.79620933,1,0,0,0,0
2858,1789388683741760876,41582794301140,-0.01715990901,1,0,1,0.5482468605,1,0,0,0,0,0,-1,0.5,1,0,1000000000,1,1,1,0,0,0,0,0,0,0,0,0,-12.30427726,-11.79620933,1,0,0,0,0
2859,1789388683751753524,41582804293795,-0.01654642448,1,0,1,0.5482468605,1,0,0,0,0,0,-1,0.5,1,0,1000000000,1,1,1,0,0,0,0,0,0,0,0,0,-12.30427726,-11.79620933,1,0,0,0,0
2860,1789388683761716740,41582814257005,-0.01584111713,1,0,1,0.5482468605,1,0,0,0,0,0,-1,0.5,1,0,1000000000,1,1,1,0,0,0,0,0,0,0,0,0,-12.30427726,-11.79620933,1,0,0,0,0
2861,1789388683771763171,41582824303224,-0.01505218912,1,0,1,0.5482468605,1,0,0,0,0,0,-1,0.5,1,0,1000000000,1,1,1,0,0,0,0,0,0,0,0,0,-12.30427726,-11.79620933,1,0,0,0,0
2862,1789388683788214387,41582840754647,-0.01355595421,1,0,1,0.5482468605,1,0,0,0,0,0,-1,0.5,1,0,1000000000,1,1,1,0,0,0,0,0,0,0,0,0,-12.30427726,-11.777656,1,0,0,0,0
2863,1789388683791677625,41582844217884,-0.01355595421,1,0,1,0.5482468605,1,0,0,0,0,0,-1,0.5,1,0,1000000000,1,1,1,0,0,0,0,0,0,0,0,0,-12.30427726,-11.777656,1,0,0,0,0
2864,1789388683801712866,41582854253134,-0.01278678514,1,0,1,0.5482468605,1,0,0,0,0,0,-1,0.5,1,0,1000000000,1,1,1,0,0,0,0,0,0,0,0,0,-12.30427726,-11.777656,1,0,0,0,0
2865,1789388683811695772,41582864236040,-0.01214556396,1,0,1,0.5482468605,1,0,0,0,0,0,-1,0.5,1,0,1000000000,1,1,1,0,0,0,0,0,0,0,0,0,-12.30427726,-11.777656,1,0,0,0,0
2866,1789388683821699537,41582874239805,-0.0115211308,1,0,1,0.5482468605,1,0,0,0,0,0,-1,0.5,1,0,1000000000,1,1,1,0,0,0,0,0,0,0,0,0,-12.30427726,-11.777656,1,0,0,0,0
2867,1789388683831705741,41582884246002,-0.01089489087,1,0,1,0.4946245551,1,0,0,0,0,0,-1,0.5,1,0,1000000000,1,1,1,0,0,0,0,0,0,0,0,0,-12.30427726,-11.777656,1,0,0,0,0
2868,1789388683841705049,41582894245322,-0.01025005989,1,0,1,0.4946245551,1,0,0,0,0,0,-1,0.5,1,0,1000000000,1,1,1,0,0,0,0,0,0,0,0,0,-12.30427726,-11.777656,1,0,0,0,0
2869,1789388683851704489,41582904244690,-0.009596385993,1,0,1,0.4946245551,1,0,0,0,0,0,-1,0.5,1,0,1000000000,1,1,1,0,0,0,0,0,0,0,0,0,-12.30427726,-11.777656,1,0,0,0,0
2870,1789388683861706736,41582914247006,-0.008950611576,1,0,1,0.4946245551,1,0,0,0,0,0,-1,0.5,1,0,1000000000,1,1,1,0,0,0,0,0,0,0,0,0,-12.30427726,-11.777656,1,0,0,0,0
2871,1789388683871716196,41582924256467,-0.008326930925,1,0,1,0.4946245551,1,0,0,0,0,0,-1,0.5,1,0,1000000000,1,1,1,0,0,0,0,0,0,0,0,0,-12.30427726,-11.777656,1,0,0,0,0
2872,1789388683881711744,41582934252009,-0.007772632875,1,0,1,0.4946245551,1,0,0,0,0,0,-1,0.5,1,0,1000000000,1,1,1,0,0,0,0,0,0,0,0,0,-12.30427726,-11.79620933,1,0,0,0,0
2873,1789388683891731180,41582944271410,-0.007299130317,1,0,1,0.4946245551,1,0,0,0,0,0,-1,0.5,1,0,1000000000,1,1,1,0,0,0,0,0,0,0,0,0,-12.30427726,-11.79620933,1,0,0,0,0
2874,1789388683902096731,41582954636995,-0.006842829287,1,0,1,0.4946245551,1,0,0,0,0,0,-1,0.5,1,0,1000000000,1,1,1,0,0,0,0,0,0,0,0,0,-12.30427726,-11.79620933,1,0,0,0,0
2875,1789388683911758299,41582964298550,-0.00640403945,1,0,1,0.4946245551,1,0,0,0,0,0,-1,0.5,0,0,1000000000,1,1,1,0,0,0,0,0,0,0,0,0,-12.30427726,-11.79620933,1,0,0,0,0
2876,1789388683921719845,41582974260092,-0.005936053582,1,0,1,0.4946245551,1,0,0,0,0,0,-1,0.5,0,0,1000000000,1,1,1,0,0,0,0,0,0,0,0,0,-12.30427726,-11.79620933,1,0,0,0,0
2877,1789388683931708020,41582984248289,-0.005522208288,1,0,1,0.4859223664,1,0,0,0,0,0,-1,0.5,0,0,1000000000,1,1,1,0,0,0,0,0,0,0,0,0,-12.30427726,-11.79620933,1,0,0,0,0
2878,1789388683941711949,41582994252212,-0.005108747631,1,0,1,0.4859223664,1,0,0,0,0,0,-1,0.5,0,0,1000000000,1,1,1,0,0,0,0,0,0,0,0,0,-12.30427726,-11.79620933,1,0,0,0,0
2879,1789388683951742069,41583004282333,-0.004715587478,1,0,1,0.4859223664,1,0,0,0,0,0,-1,0.5,0,0,1000000000,1,1,1,0,0,0,0,0,0,0,0,0,-12.30427726,-11.79620933,1,0,0,0,0
2880,1789388683961718661,41583014258920,-0.004361361265,1,0,1,0.4859223664,1,0,0,0,0,0,-1,0.5,0,0,1000000000,1,1,1,0,0,0,0,0,0,0,0,0,-12.30427726,-11.79620933,1,0,0,0,0
2881,1789388683971771314,41583024311559,-0.004042004235,1,0,1,0.4859223664,1,0,0,0,0,0,-1,0.5,0,0,1000000000,1,1,1,0,0,0,0,0,0,0,0,0,-12.30427726,-11.79620933,1,0,0,0,0
2882,1789388683981710436,41583034250690,-0.003757480532,1,0,1,0.4859223664,1,0,0,0,0,0,-1,0.5,0,0,1000000000,1,1,1,0,0,0,0,0,0,0,0,0,-12.30427726,-11.79620933,1,0,0,0,0
2883,1789388683991726647,41583044266901,-0.003530327696,1,0,1,0.4859223664,1,0,0,0,0,0,-1,0.5,0,0,1000000000,1,1,1,0,0,0,0,0,0,0,0,0,-12.30427726,-11.79620933,1,0,0,0,0
2884,1789388684001701872,41583054242129,-0.003312549321,1,0,1,0.4859223664,1,0,0,0,0,0,-1,0.5,0,0,1000000000,1,1,1,0,0,0,0,0,0,0,0,0,-12.30427726,-11.79620933,1,0,0,0,0
2885,1789388684011720837,41583064261102,-0.003103338415,1,0,1,0.4859223664,1,0,0,0,0,0,-1,0.5,0,0,1000000000,1,1,1,0,0,0,0,0,0,0,0,0,-12.30427726,-11.79620933,1,0,0,0,0
2886,1789388684021720056,41583074260315,-0.002898545703,1,0,1,0.4859223664,1,0,0,0,0,0,-1,0.5,0,0,1000000000,1,1,1,0,0,0,0,0,0,0,0,0,-12.30427726,-11.79620933,1,0,0,0,0
2887,1789388684031713388,41583084253659,-0.002708830871,1,0,1,0.5289917588,1,0,0,0,0,0,-1,0.5,0,0,1000000000,1,1,1,0,0,0,0,0,0,0,0,0,-12.30427726,-11.79620933,1,0,0,0,0
2888,1789388684041719611,41583094259871,-0.002520899288,1,0,1,0.5289917588,1,0,0,0,0,0,-1,0.5,0,0,1000000000,1,1,1,0,0,0,0,0,0,0,0,0,-12.30427726,-11.79620933,1,0,0,0,0
2889,1789388684051706292,41583104246552,-0.002346160822,1,0,1,0.5289917588,1,0,0,0,0,0,-1,0.5,0,0,1000000000,1,1,1,0,0,0,0,0,0,0,0,0,-12.30427726,-11.79620933,1,0,0,0,0
2890,1789388684061695391,41583114235659,-0.002177568618,1,0,1,0.5289917588,1,0,0,0,0,0,-1,0.5,0,0,1000000000,1,1,1,0,0,0,0,0,0,0,0,0,-12.30427726,-11.79620933,1,0,0,0,0
2891,1789388684071776316,41583124316584,-0.002062081359,1,0,1,0.5289917588,1,0,0,0,0,0,-1,0.5,0,0,1000000000,1,1,1,0,0,0,0,0,0,0,0,0,-12.30427726,-11.79620933,1,0,0,0,0
2892,1789388684081700353,41583134240618,-0.001958414447,1,0,1,0.5289917588,1,0,0,0,0,0,-1,0.5,0,0,1000000000,1,1,1,0,0,0,0,0,0,0,0,0,-12.30427726,-11.79620933,1,0,0,0,0
2893,1789388684091698250,41583144238517,-0.001899382332,1,0,1,0.5289917588,1,0,0,0,0,0,-1,0.5,0,0,1000000000,1,1,1,0,0,0,0,0,0,0,0,0,-12.30427726,-11.79620933,1,0,0,0,0
2894,1789388684101741346,41583154281618,-0.001852265443,1,0,1,0.5289917588,1,0,0,0,0,0,-1,0.5,0,0,1000000000,1,1,1,0,0,0,0,0,0,0,0,0,-12.30427726,-11.79620933,1,0,0,0,0
2895,1789388684111740787,41583164281056,-0.001763680251,1,0,1,0.5289917588,1,0,0,0,0,0,-1,0.5,0,0,1000000000,1,1,1,0,0,0,0,0,0,0,0,0,-12.30427726,-11.79620933,1,0,0,0,0
2896,1789388684121717898,41583174258149,-0.001694235485,1,0,1,0.5289917588,1,0,0,0,0,0,-1,0.5,0,0,1000000000,1,1,1,0,0,0,0,0,0,0,0,0,-12.30427726,-11.79620933,1,0,0,0,0
2897,1789388684131716882,41583184257151,-0.001594680012,1,0,1,0.5214232206,1,0,0,0,0,0,-1,0.5,0,0,1000000000,1,1,1,0,0,0,0,0,0,0,0,0,-12.30427726,-11.79620933,1,0,0,0,0
2898,1789388684141711624,41583194251890,-0.001497642603,1,0,1,0.5214232206,1,0,0,0,0,0,-1,0.5,0,0,1000000000,1,1,1,0,0,0,0,0,0,0,0,0,-12.30427726,-11.79620933,1,0,0,0,0
2899,1789388684151746049,41583204286259,-0.001408122364,1,0,1,0.5214232206,1,0,0,0,0,0,-1,0.5,0,0,1000000000,1,1,1,0,0,0,0,0,0,0,0,0,-12.30427726,-11.79620933,1,0,0,0,0
2900,1789388684161736114,41583214276377,-0.001323046396,1,0,1,0.5214232206,1,0,0,0,0,0,-1,0.5,0,0,1000000000,1,1,1,0,0,0,0,0,0,0,0,0,-12.30427726,-11.79620933,1,0,0,0,0
2901,1789388684171792883,41583224333127,-0.001255889423,1,0,1,0.5214232206,1,0,0,0,0,0,-1,0.5,0,0,1000000000,1,1,1,0,0,0,0,0,0,0,0,0,-12.30427726,-11.79620933,1,0,0,0,0
2902,1789388684181774791,41583234315049,-0.001199807506,1,0,1,0.5214232206,1,0,0,0,0,0,-1,0.5,0,0,1000000000,1,1,1,0,0,0,0,0,0,0,0,0,-12.30427726,-11.777656,1,0,0,0,0
2903,1789388684191720258,41583244260514,-0.001151223783,1,0,1,0.5214232206,1,0,0,0,0,0,-1,0.5,0,0,1000000000,1,1,1,0,0,0,0,0,0,0,0,0,-12.30427726,-11.777656,1,0,0,0,0
2904,1789388684201739480,41583254279713,-0.001106307143,1,0,1,0.5214232206,1,0,0,0,0,0,-1,0.5,0,0,1000000000,1,1,1,0,0,0,0,0,0,0,0,0,-12.30427726,-11.777656,1,0,0,0,0
2905,1789388684211716575,41583264256825,-0.001062387135,1,0,1,0.5214232206,1,0,0,0,0,0,-1,0.5,0,0,1000000000,1,1,1,0,0,0,0,0,0,0,0,0,-12.30427726,-11.777656,1,0,0,0,0
2906,1789388684221787966,41583274328236,-0.001027674763,1,0,1,0.5214232206,1,0,0,0,0,0,-1,0.5,0,0,1000000000,1,1,1,0,0,0,0,0,0,0,0,0,-12.30427726,-11.777656,1,0,0,0,0
2907,1789388684231725456,41583284265726,-0.0009947688086,1,0,1,0.5214232206,1,0,0,0,0,0,-1,0.5,0,0,1000000000,1,1,1,0,0,0,0,0,0,0,0,0,-12.30427726,-11.777656,1,0,0,0,0
2908,1789388684241701830,41583294242092,-0.0009625116945,1,0,1,0.5531807542,1,0,0,0,0,0,-1,0.5,0,0,1000000000,1,1,1,0,0,0,0,0,0,0,0,0,-12.30427726,-11.777656,1,0,0,0,0
2909,1789388684251699359,41583304239629,-0.0009326037252,1,0,1,0.5531807542,1,0,0,0,0,0,-1,0.5,0,0,1000000000,1,1,1,0,0,0,0,0,0,0,0,0,-12.30427726,-11.777656,1,0,0,0,0
2910,1789388684261695230,41583314235499,-0.0009004085441,1,0,1,0.5531807542,1,0,0,0,0,0,-1,0.5,0,0,1000000000,1,1,1,0,0,0,0,0,0,0,0,0,-12.30427726,-11.777656,1,0,0,0,0
2911,1789388684271703103,41583324243375,-0.0008721888298,1,0,1,0.5531807542,1,0,0,0,0,0,-1,0.5,0,0,1000000000,1,1,1,0,0,0,0,0,0,0,0,0,-12.30427726,-11.777656,1,0,0,0,0
2912,1789388684281697487,41583334237751,-0.0008315072046,1,0,1,0.5531807542,1,0,0,0,0,0,-1,0.5,0,0,1000000000,1,1,1,0,0,0,0,0,0,0,0,0,-12.30427726,-11.79620933,1,0,0,0,0
2913,1789388684291693229,41583344233494,-0.0007929715212,1,0,1,0.5531807542,1,0,0,0,0,0,-1,0.5,0,0,1000000000,1,1,1,0,0,0,0,0,0,0,0,0,-12.30427726,-11.79620933,1,0,0,0,0
2914,1789388684301706485,41583354246755,-0.0007591237081,1,0,1,0.5531807542,1,0,0,0,0,0,-1,0.5,0,0,1000000000,1,1,1,0,0,0,0,0,0,0,0,0,-12.30427726,-11.79620933,1,0,0,0,0
2915,1789388684311719518,41583364259741,-0.0007260599523,1,0,1,0.5531807542,1,0,0,0,0,0,-1,0.5,0,0,1000000000,1,1,1,0,0,0,0,0,0,0,0,0,-12.30427726,-11.79620933,1,0,0,0,0
2916,1789388684321709642,41583374249907,-0.0006932930555,1,0,1,0.5531807542,1,0,0,0,0,0,-1,0.5,0,0,1000000000,1,1,1,0,0,0,0,0,0,0,0,0,-12.30427726,-11.79620933,1,0,0,0,0
2917,1789388684331713824,41583384254074,-0.0006605261588,1,0,1,0.5121537447,1,0,0,0,0,0,-1,0.5,0,0,1000000000,1,1,1,0,0,0,0,0,0,0,0,0,-12.30427726,-11.79620933,1,0,0,0,0
2918,1789388684341672598,41583394212865,-0.0006294730119,1,0,1,0.5121537447,1,0,0,0,0,0,-1,0.5,0,0,1000000000,1,1,1,0,0,0,0,0,0,0,0,0,-12.30427726,-11.79620933,1,0,0,0,0
2919,1789388684351711571,41583404251818,-0.0005984198651,1,0,1,0.5121537447,1,0,0,0,0,0,-1,0.5,0,0,1000000000,1,1,1,0,0,0,0,0,0,0,0,0,-12.30427726,-11.79620933,1,0,0,0,0
2920,1789388684361721254,41583414261411,-0.0005793628516,1,0,1,0.5121537447,1,0,0,0,0,0,-1,0.5,0,0,1000000000,1,1,1,0,0,0,0,0,0,0,0,0,-12.30427726,-11.79620933,1,0,0,0,0
2921,1789388684371717859,41583424258024,-0.000560305838,1,0,1,0.5121537447,1,0,0,0,0,0,-1,0.5,0,0,1000000000,1,1,1,0,0,0,0,0,0,0,0,0,-12.30427726,-11.79620933,1,0,0,0,0
2922,1789388684381743950,41583434284015,-0.0005412488827,1,0,1,0.5121537447,1,0,0,0,0,0,-1,0.5,0,0,1000000000,1,1,1,0,0,0,0,0,0,0,0,0,-12.30427726,-11.777656,1,0,0,0,0
2923,1789388684391730654,41583444270900,-0.0005235952558,1,0,1,0.5121537447,1,0,0,0,0,0,-1,0.5,0,0,1000000000,1,1,1,0,0,0,0,0,0,0,0,0,-12.30427726,-11.777656,1,0,0,0,0
2924,1789388684401732290,41583454272528,-0.0005059416289,1,0,1,0.5121537447,1,0,0,0,0,0,-1,0.5,0,0,1000000000,1,1,1,0,0,0,0,0,0,0,0,0,-12.30427726,-11.777656,1,0,0,0,0
2925,1789388684411720994,41583464261254,-0.0004882880021,1,0,1,0.5121537447,1,0,0,0,0,0,-1,0.5,0,0,1000000000,1,1,1,0,0,0,0,0,0,0,0,0,-12.30427726,-11.777656,1,0,0,0,0
2926,1789388684421724562,41583474264826,-0.0004706343461,1,0,1,0.5121537447,1,0,0,0,0,0,-1,0.5,0,0,1000000000,1,1,1,0,0,0,0,0,0,0,0,0,-12.30427726,-11.777656,1,0,0,0,0
2927,1789388684431728983,41583484269253,-0.0004529807193,1,0,1,0.5509105325,1,0,0,0,0,0,-1,0.5,0,0,1000000000,1,1,1,0,0,0,0,0,0,0,0,0,-12.30427726,-11.777656,1,0,0,0,0
2928,1789388684441749866,41583494290135,-0.0004353270633,1,0,1,0.5509105325,1,0,0,0,0,0,-1,0.5,0,0,1000000000,1,1,1,0,0,0,0,0,0,0,0,0,-12.30427726,-11.777656,1,0,0,0,0
2929,1789388684451700836,41583504241109,-0.0004176734365,1,0,1,0.5509105325,1,0,0,0,0,0,-1,0.5,0,0,1000000000,1,1,1,0,0,0,0,0,0,0,0,0,-12.30427726,-11.777656,1,0,0,0,0
2930,1789388684461699915,41583514240189,-0.0004000198096,1,0,1,0.5509105325,1,0,0,0,0,0,-1,0.5,0,0,1000000000,1,1,1,0,0,0,0,0,0,0,0,0,-12.30427726,-11.777656,1,0,0,0,0
2931,1789388684471701547,41583524241818,-0.0003823661827,1,0,1,0.5509105325,1,0,0,0,0,0,-1,0.5,0,0,1000000000,1,1,1,0,0,0,0,0,0,0,0,0,-12.30427726,-11.777656,1,0,0,0,0
2932,1789388684481715150,41583534255418,-0.0003647125559,1,0,1,0.5509105325,1,0,0,0,0,0,-1,0.5,0,0,1000000000,1,1,1,0,0,0,0,0,0,0,0,0,-12.30427726,-11.79620933,1,0,0,0,0
2933,1789388684491697280,41583544237544,-0.0003458511783,1,0,1,0.5509105325,1,0,0,0,0,0,-1,0.5,0,0,1000000000,1,1,1,0,0,0,0,0,0,0,0,0,-12.30427726,-11.79620933,1,0,0,0,0
2934,1789388684501716517,41583554256777,-0.0003269898007,1,0,1,0.5509105325,1,0,0,0,0,0,-1,0.5,0,0,1000000000,1,1,1,0,0,0,0,0,0,0,0,0,-12.30427726,-11.79620933,1,0,0,0,0
2935,1789388684511703620,41583564243890,-0.0003081284231,1,0,1,0.5509105325,1,0,0,0,0,0,-1,0.5,0,0,1000000000,1,1,1,0,0,0,0,0,0,0,0,0,-12.30427726,-11.79620933,1,0,0,0,0
2936,1789388684521705598,41583574245867,-0.0002892670745,1,0,1,0.5509105325,1,0,0,0,0,0,-1,0.5,0,0,1000000000,1,1,1,0,0,0,0,0,0,0,0,0,-12.30427726,-11.79620933,1,0,0,0,0
2937,1789388684531700343,41583584240611,-0.0002704056969,1,0,1,0.4905104339,1,0,0,0,0,0,-1,0.5,0,0,1000000000,1,1,1,0,0,0,0,0,0,0,0,0,-12.30427726,-11.79620933,1,0,0,0,0
2938,1789388684541692092,41583594232362,-0.0002515443193,1,0,1,0.4905104339,1,0,0,0,0,0,-1,0.5,0,0,1000000000,1,1,1,0,0,0,0,0,0,0,0,0,-12.30427726,-11.79620933,1,0,0,0,0
2939,1789388684551698655,41583604238924,-0.0002326829563,1,0,1,0.4905104339,1,0,0,0,0,0,-1,0.5,0,0,1000000000,1,1,1,0,0,0,0,0,0,0,0,0,-12.30427726,-11.79620933,1,0,0,0,0
2940,1789388684561701375,41583614241640,-0.0002138215787,1,0,1,0.4905104339,1,0,0,0,0,0,-1,0.5,0,0,1000000000,1,1,1,0,0,0,0,0,0,0,0,0,-12.30427726,-11.79620933,1,0,0,0,0
2941,1789388684571706430,41583624246688,-0.000194960201,1,0,1,0.4905104339,1,0,0,0,0,0,-1,0.5,0,0,1000000000,1,1,1,0,0,0,0,0,0,0,0,0,-12.30427726,-11.79620933,1,0,0,0,0
2942,1789388684581775830,41583634316097,-0.0001933776366,1,0,1,0.4905104339,1,0,0,0,0,0,-1,0.5,0,0,1000000000,1,1,1,0,0,0,0,0,0,0,0,0,-12.30427726,-11.79620933,1,0,0,0,0
2943,1789388684591741143,41583644281405,-0.0001917950576,1,0,1,0.4905104339,1,0,0,0,0,0,-1,0.5,0,0,1000000000,1,1,1,0,0,0,0,0,0,0,0,0,-12.30427726,-11.79620933,1,0,0,0,0
2944,1789388684601707346,41583654247613,-0.0001903580996,1,0,1,0.4905104339,1,0,0,0,0,0,-1,0.5,0,0,1000000000,1,1,1,0,0,0,0,0,0,0,0,0,-12.30427726,-11.79620933,1,0,0,0,0
2945,1789388684611722467,41583664262716,-0.0001891503634,1,0,1,0.4905104339,1,0,0,0,0,0,-1,0.5,0,0,1000000000,1,1,1,0,0,0,0,0,0,0,0,0,-12.30427726,-11.79620933,1,0,0,0,0
2946,1789388684621718346,41583674258596,-0.0001879426127,1,0,1,0.4905104339,1,0,0,0,0,0,-1,0.5,0,0,1000000000,1,1,1,0,0,0,0,0,0,0,0,0,-12.30427726,-11.79620933,1,0,0,0,0
2947,1789388684631718062,41583684258228,-0.0001867348765,1,0,1,0.5490227938,1,0,0,0,0,0,-1,0.5,0,0,1000000000,1,1,1,0,0,0,0,0,0,0,0,0,-12.30427726,-11.79620933,1,0,0,0,0
2948,1789388684641718908,41583694259096,-0.0001855271403,1,0,1,0.5490227938,1,0,0,0,0,0,-1,0.5,0,0,1000000000,1,1,1,0,0,0,0,0,0,0,0,0,-12.30427726,-11.79620933,1,0,0,0,0
2949,1789388684651708489,41583704248757,-0.0001837828895,1,0,1,0.5490227938,1,0,0,0,0,0,-1,0.5,0,0,1000000000,1,1,1,0,0,0,0,0,0,0,0,0,-12.30427726,-11.79620933,1,0,0,0,0
2950,1789388684661713828,41583714254098,-0.0001820386387,1,0,1,0.5490227938,1,0,0,0,0,0,-1,0.5,0,0,1000000000,1,1,1,0,0,0,0,0,0,0,0,0,-12.30427726,-11.79620933,1,0,0,0,0
2951,1789388684671776675,41583724316913,-0.000180294388,1,0,1,0.5490227938,1,0,0,0,0,0,-1,0.5,0,0,1000000000,1,1,1,0,0,0,0,0,0,0,0,0,-12.30427726,-11.79620933,1,0,0,0,0
2952,1789388684681781484,41583734321730,-0.0001785501372,1,0,1,0.5490227938,1,0,0,0,0,0,-1,0.5,0,0,1000000000,1,1,1,0,0,0,0,0,0,0,0,0,-12.30427726,-11.777656,1,0,0,0,0
2953,1789388684691733371,41583744273634,-0.0001768058864,1,0,1,0.5490227938,1,0,0,0,0,0,-1,0.5,0,0,1000000000,1,1,1,0,0,0,0,0,0,0,0,0,-12.30427726,-11.777656,1,0,0,0,0
2954,1789388684701709454,41583754249703,-0.0001750616357,1,0,1,0.5490227938,1,0,0,0,0,0,-1,0.5,0,0,1000000000,1,1,1,0,0,0,0,0,0,0,0,0,-12.30427726,-11.777656,1,0,0,0,0
2955,1789388684711727464,41583764267710,-0.0001715666003,1,0,1,0.5490227938,1,0,0,0,0,0,-1,0.5,0,0,1000000000,1,1,1,0,0,0,0,0,0,0,0,0,-12.30427726,-11.777656,1,0,0,0,0
2956,1789388684721714936,41583774255137,-0.0001680715795,1,0,1,0.5490227938,1,0,0,0,0,0,-1,0.5,0,0,1000000000,1,1,1,0,0,0,0,0,0,0,0,0,-12.30427726,-11.777656,1,0,0,0,0
2957,1789388684731710289,41583784250548,-0.0001645765442,1,0,1,0.5041242242,1,0,0,0,0,0,-1,0.5,0,0,1000000000,1,1,1,0,0,0,0,0,0,0,0,0,-12.30427726,-11.777656,1,0,0,0,0
2958,1789388684741717447,41583794257720,-0.0001610815088,1,0,1,0.5041242242,1,0,0,0,0,0,-1,0.5,0,0,1000000000,1,1,1,0,0,0,0,0,0,0,0,0,-12.30427726,-11.777656,1,0,0,0,0
2959,1789388684751707574,41583804247829,-0.0001575864735,1,0,1,0.5041242242,1,0,0,0,0,0,-1,0.5,0,0,1000000000,1,1,1,0,0,0,0,0,0,0,0,0,-12.30427726,-11.777656,1,0,0,0,0
2960,1789388684761717201,41583814257449,-0.0001540914382,1,0,1,0.5041242242,1,0,0,0,0,0,-1,0.5,0,0,1000000000,1,1,1,0,0,0,0,0,0,0,0,0,-12.30427726,-11.777656,1,0,0,0,0
2961,1789388684771737501,41583824277773,-0.0001505964028,1,0,1,0.5041242242,1,0,0,0,0,0,-1,0.5,0,0,1000000000,1,1,1,0,0,0,0,0,0,0,0,0,-12.30427726,-11.777656,1,0,0,0,0
2962,1789388684781727739,41583834267975,-0.000147101382,1,0,1,0.5041242242,1,0,0,0,0,0,-1,0.5,0,0,1000000000,1,1,1,0,0,0,0,0,0,0,0,0,-12.30427726,-11.777656,1,0,0,0,0
2963,1789388684791852628,41583844392897,-0.0001448140829,1,0,1,0.5041242242,1,0,0,0,0,0,-1,0.5,0,0,1000000000,1,1,1,0,0,0,0,0,0,0,0,0,-12.30427726,-11.777656,1,0,0,0,0
2964,1789388684801728535,41583854268804,-0.0001425267837,1,0,1,0.5041242242,1,0,0,0,0,0,-1,0.5,0,0,1000000000,1,1,1,0,0,0,0,0,0,0,0,0,-12.30427726,-11.777656,1,0,0,0,0
2965,1789388684811696337,41583864236501,-0.0001402394992,1,0,1,0.5041242242,1,0,0,0,0,0,-1,0.5,0,0,1000000000,1,1,1,0,0,0,0,0,0,0,0,0,-12.30427726,-11.777656,1,0,0,0,0
2966,1789388684821711324,41583874251586,-0.0001379522,1,0,1,0.5041242242,1,0,0,0,0,0,-1,0.5,0,0,1000000000,1,1,1,0,0,0,0,0,0,0,0,0,-12.30427726,-11.777656,1,0,0,0,0
2967,1789388684831705130,41583884245400,-0.0001356649009,1,0,1,0.5436831117,1,0,0,0,0,0,-1,0.5,0,0,1000000000,1,1,1,0,0,0,0,0,0,0,0,0,-12.30427726,-11.777656,1,0,0,0,0
2968,1789388684841703494,41583894243760,-0.0001333776163,1,0,1,0.5436831117,1,0,0,0,0,0,-1,0.5,0,0,1000000000,1,1,1,0,0,0,0,0,0,0,0,0,-12.30427726,-11.777656,1,0,0,0,0
2969,1789388684851704878,41583904245149,-0.0001310903172,1,0,1,0.5436831117,1,0,0,0,0,0,-1,0.5,0,0,1000000000,1,1,1,0,0,0,0,0,0,0,0,0,-12.30427726,-11.777656,1,0,0,0,0
2970,1789388684861705438,41583914245709,-0.000128803018,1,0,1,0.5436831117,1,0,0,0,0,0,-1,0.5,0,0,1000000000,1,1,1,0,0,0,0,0,0,0,0,0,-12.30427726,-11.777656,1,0,0,0,0
2971,1789388684871700002,41583924240269,-0.0001265157334,1,0,1,0.5436831117,1,0,0,0,0,0,-1,0.5,0,0,1000000000,1,1,1,0,0,0,0,0,0,0,0,0,-12.30427726,-11.777656,1,0,0,0,0
2972,1789388684881705764,41583934246033,-0.0001242612634,1,0,1,0.5436831117,1,0,0,0,0,0,-1,0.5,0,0,1000000000,1,1,1,0,0,0,0,0,0,0,0,0,-12.30427726,-11.79620933,1,0,0,0,0
2973,1789388684891694158,41583944234427,-0.0001220067934,1,0,1,0.5436831117,1,0,0,0,0,0,-1,0.5,0,0,1000000000,1,1,1,0,0,0,0,0,0,0,0,0,-12.30427726,-11.79620933,1,0,0,0,0
2974,1789388684901695565,41583954235832,-0.0001197523306,1,0,1,0.5436831117,1,0,0,0,0,0,-1,0.5,0,0,1000000000,1,1,1,0,0,0,0,0,0,0,0,0,-12.30427726,-11.79620933,1,0,0,0,0
2975,1789388684911702310,41583964242473,-0.0001174978679,1,0,1,0.5436831117,1,0,0,0,0,0,-1,0.5,0,0,1000000000,1,1,1,0,0,0,0,0,0,0,0,0,-12.30427726,-11.79620933,1,0,0,0,0
2976,1789388684921703323,41583974243595,-0.0001152433979,1,0,1,0.5436831117,1,0,0,0,0,0,-1,0.5,0,0,1000000000,1,1,1,0,0,0,0,0,0,0,0,0,-12.30427726,-11.79620933,1,0,0,0,0
2977,1789388684931708738,41583984248897,-0.0001129889351,1,0,1,0.5487294793,1,0,0,0,0,0,-1,0.5,0,0,1000000000,1,1,1,0,0,0,0,0,0,0,0,0,-12.30427726,-11.79620933,1,0,0,0,0
2978,1789388684941695073,41583994235351,-0.0001107344724,1,0,1,0.5487294793,1,0,0,0,0,0,-1,0.5,0,0,1000000000,1,1,1,0,0,0,0,0,0,0,0,0,-12.30427726,-11.79620933,1,0,0,0,0
2979,1789388684951743854,41584004284088,-0.0001090165169,1,0,1,0.5487294793,1,0,0,0,0,0,-1,0.5,0,0,1000000000,1,1,1,0,0,0,0,0,0,0,0,0,-12.30427726,-11.79620933,1,0,0,0,0
2980,1789388684961717325,41584014257597,-0.0001072985615,1,0,1,0.5487294793,1,0,0,0,0,0,-1,0.5,0,0,1000000000,1,1,1,0,0,0,0,0,0,0,0,0,-12.30427726,-11.79620933,1,0,0,0,0
2981,1789388684971741808,41584024281853,-0.0001055806133,1,0,1,0.5487294793,1,0,0,0,0,0,-1,0.5,0,0,1000000000,1,1,1,0,0,0,0,0,0,0,0,0,-12.30427726,-11.79620933,1,0,0,0,0
2982,1789388684981728447,41584034268697,-0.0001038626579,1,0,1,0.5487294793,1,0,0,0,0,0,-1,0.5,0,0,1000000000,1,1,1,0,0,0,0,0,0,0,0,0,-12.30427726,-11.777656,1,0,0,0,0
2983,1789388684991722260,41584044262526,-0.0001021447024,1,0,1,0.5487294793,1,0,0,0,0,0,-1,0.5,0,0,1000000000,1,1,1,0,0,0,0,0,0,0,0,0,-12.30427726,-11.777656,1,0,0,0,0
2984,1789388685001701831,41584054242102,-0.0001004267469,1,0,1,0.5487294793,1,0,0,0,0,0,-1,0.5,0,0,1000000000,1,1,1,0,0,0,0,0,0,0,0,0,-12.30427726,-11.777656,1,0,0,0,0
2985,1789388685011725048,41584064265290,-0.0001004595761,1,0,1,0.5487294793,1,0,0,0,0,0,-1,0.5,0,0,1000000000,1,1,1,0,0,0,0,0,0,0,0,0,-12.30427726,-11.777656,1,0,0,0,0
2986,1789388685021704713,41584074244986,-0.0001004924052,1,0,1,0.5487294793,1,0,0,0,0,0,-1,0.5,0,0,1000000000,1,1,1,0,0,0,0,0,0,0,0,0,-12.30427726,-11.777656,1,0,0,0,0
2987,1789388685031698852,41584084239007,-0.0001005252343,1,0,1,0.5097109675,1,0,0,0,0,0,-1,0.5,0,0,1000000000,1,1,1,0,0,0,0,0,0,0,0,0,-12.30427726,-11.777656,1,0,0,0,0
2988,1789388685041846449,41584094386608,-0.0001005580634,1,0,1,0.5097109675,1,0,0,0,0,0,-1,0.5,0,0,1000000000,1,1,1,0,0,0,0,0,0,0,0,0,-12.30427726,-11.777656,1,0,0,0,0
2989,1789388685051698203,41584104238475,-0.0001005908925,1,0,1,0.5097109675,1,0,0,0,0,0,-1,0.5,0,0,1000000000,1,1,1,0,0,0,0,0,0,0,0,0,-12.30427726,-11.777656,1,0,0,0,0
2990,1789388685061694662,41584114234933,-0.0001006237217,1,0,1,0.5097109675,1,0,0,0,0,0,-1,0.5,0,0,1000000000,1,1,1,0,0,0,0,0,0,0,0,0,-12.30427726,-11.777656,1,0,0,0,0
2991,1789388685071705122,41584124245390,-0.0001006565508,1,0,1,0.5097109675,1,0,0,0,0,0,-1,0.5,0,0,1000000000,1,1,1,0,0,0,0,0,0,0,0,0,-12.30427726,-11.777656,1,0,0,0,0
2992,1789388685081713013,41584134253282,-0.0001006893799,1,0,1,0.5097109675,1,0,0,0,0,0,-1,0.5,0,0,1000000000,1,1,1,0,0,0,0,0,0,0,0,0,-12.30427726,-11.777656,1,0,0,0,0
2993,1789388685091727042,41584144267290,-0.0001003157158,1,0,1,0.5097109675,1,0,0,0,0,0,-1,0.5,0,0,1000000000,1,1,1,0,0,0,0,0,0,0,0,0,-12.30427726,-11.777656,1,0,0,0,0
2994,1789388685101710770,41584154251031,-9.994204447e-05,1,0,1,0.5097109675,1,0,0,0,0,0,-1,0.5,0,0,1000000000,1,1,1,0,0,0,0,0,0,0,0,0,-12.30427726,-11.777656,1,0,0,0,0
2995,1789388685111711604,41584164251858,-9.956838039e-05,1,0,1,0.5097109675,1,0,0,0,0,0,-1,0.5,0,0,1000000000,1,1,1,0,0,0,0,0,0,0,0,0,-12.30427726,-11.777656,1,0,0,0,0
2996,1789388685121755507,41584174295674,-9.919470904e-05,1,0,1,0.5097109675,1,0,0,0,0,0,-1,0.5,0,0,1000000000,1,1,1,0,0,0,0,0,0,0,0,0,-12.30427726,-11.777656,1,0,0,0,0
2997,1789388685131722092,41584184262352,-9.882104496e-05,1,0,1,0.5097109675,1,0,0,0,0,0,-1,0.5,0,0,1000000000,1,1,1,0,0,0,0,0,0,0,0,0,-12.30427726,-11.777656,1,0,0,0,0
2998,1789388685141715711,41584194255968,-9.844738088e-05,1,0,1,0.5028637648,1,0,0,0,0,0,-1,0.5,0,0,1000000000,1,1,1,0,0,0,0,0,0,0,0,0,-12.30427726,-11.777656,1,0,0,0,0
2999,1789388685151967318,41584204507587,-9.807370952e-05,1,0,1,0.5028637648,1,0,0,0,0,0,-1,0.5,0,0,1000000000,1,1,1,0,0,0,0,0,0,0,0,0,-12.30427726,-11.777656,1,0,0,0,0
3000,1789388685161716616,41584214256884,-9.770004544e-05,1,0,1,0.5028637648,1,0,0,0,0,0,-1,0.5,0,0,1000000000,1,1,1,0,0,0,0,0,0,0,0,0,-12.30427726,-11.777656,1,0,0,0,0
3001,1789388685171773721,41584224313987,-9.732637409e-05,1,0,1,0.5028637648,1,0,0,0,0,0,-1,0.5,0,0,1000000000,1,1,1,0,0,0,0,0,0,0,0,0,-12.30427726,-11.777656,1,0,0,0,0
3002,1789388685181722420,41584234262673,-9.691988089e-05,1,0,1,0.5028637648,1,0,0,0,0,0,-1,0.5,0,0,1000000000,1,1,1,0,0,0,0,0,0,0,0,0,-12.30427726,-11.777656,1,0,0,0,0
3003,1789388685191738550,41584244278668,-9.651338041e-05,1,0,1,0.5028637648,1,0,0,0,0,0,-1,0.5,0,0,1000000000,1,1,1,0,0,0,0,0,0,0,0,0,-12.30427726,-11.777656,1,0,0,0,0
3004,1789388685201720461,41584254260695,-9.610688721e-05,1,0,1,0.5028637648,1,0,0,0,0,0,-1,0.5,0,0,1000000000,1,1,1,0,0,0,0,0,0,0,0,0,-12.30427726,-11.777656,1,0,0,0,0
3005,1789388685211723580,41584264263810,-9.570039401e-05,1,0,1,0.5028637648,1,0,0,0,0,0,-1,0.5,0,0,1000000000,1,1,1,0,0,0,0,0,0,0,0,0,-12.30427726,-11.777656,1,0,0,0,0
3006,1789388685221718936,41584274259202,-9.529389354e-05,1,0,1,0.5028637648,1,0,0,0,0,0,-1,0.5,0,0,1000000000,1,1,1,0,0,0,0,0,0,0,0,0,-12.30427726,-11.777656,1,0,0,0,0
3007,1789388685231747889,41584284288160,-9.488740034e-05,1,0,1,0.5367444754,1,0,0,0,0,0,-1,0.5,0,0,1000000000,1,1,1,0,0,0,0,0,0,0,0,0,-12.30427726,-11.777656,1,0,0,0,0
3008,1789388685241696825,41584294237099,-9.448089986e-05,1,0,1,0.5367444754,1,0,0,0,0,0,-1,0.5,0,0,1000000000,1,1,1,0,0,0,0,0,0,0,0,0,-12.30427726,-11.777656,1,0,0,0,0
3009,1789388685251699512,41584304239782,-9.407440666e-05,1,0,1,0.5367444754,1,0,0,0,0,0,-1,0.5,0,0,1000000000,1,1,1,0,0,0,0,0,0,0,0,0,-12.30427726,-11.777656,1,0,0,0,0
3010,1789388685261695770,41584314236026,-9.366791346e-05,1,0,1,0.5367444754,1,0,0,0,0,0,-1,0.5,0,0,1000000000,1,1,1,0,0,0,0,0,0,0,0,0,-12.30427726,-11.777656,1,0,0,0,0
3011,1789388685271702033,41584324242302,-9.252479504e-05,1,0,1,0.5367444754,1,0,0,0,0,0,-1,0.5,0,0,1000000000,1,1,1,0,0,0,0,0,0,0,0,0,-12.30427726,-11.777656,1,0,0,0,0
3012,1789388685281717157,41584334257424,-9.138167661e-05,1,0,1,0.5367444754,1,0,0,0,0,0,-1,0.5,0,0,1000000000,1,1,1,0,0,0,0,0,0,0,0,0,-12.30427726,-11.777656,1,0,0,0,0
3013,1789388685291707413,41584344247678,-9.023856546e-05,1,0,1,0.5367444754,1,0,0,0,0,0,-1,0.5,0,0,1000000000,1,1,1,0,0,0,0,0,0,0,0,0,-12.30427726,-11.777656,1,0,0,0,0
3014,1789388685301698011,41584354238279,-8.909544704e-05,1,0,1,0.5367444754,1,0,0,0,0,0,-1,0.5,0,0,1000000000,1,1,1,0,0,0,0,0,0,0,0,0,-12.30427726,-11.777656,1,0,0,0,0
3015,1789388685311720912,41584364261181,-8.795232861e-05,1,0,1,0.5367444754,1,0,0,0,0,0,-1,0.5,0,0,1000000000,1,1,1,0,0,0,0,0,0,0,0,0,-12.30427726,-11.777656,1,0,0,0,0
3016,1789388685321694444,41584374234716,-8.680921746e-05,1,0,1,0.5367444754,1,0,0,0,0,0,-1,0.5,0,0,1000000000,1,1,1,0,0,0,0,0,0,0,0,0,-12.30427726,-11.777656,1,0,0,0,0
3017,1789388685331710223,41584384250494,-8.566609904e-05,1,0,1,0.5471445322,1,0,0,0,0,0,-1,0.5,0,0,1000000000,1,1,1,0,0,0,0,0,0,0,0,0,-12.30427726,-11.777656,1,0,0,0,0
3018,1789388685341699896,41584394240168,-8.441443788e-05,1,0,1,0.5471445322,1,0,0,0,0,0,-1,0.5,0,0,1000000000,1,1,1,0,0,0,0,0,0,0,0,0,-12.30427726,-11.777656,1,0,0,0,0
3019,1789388685351696268,41584404236538,-8.316277672e-05,1,0,1,0.5471445322,1,0,0,0,0,0,-1,0.5,0,0,1000000000,1,1,1,0,0,0,0,0,0,0,0,0,-12.30427726,-11.777656,1,0,0,0,0
3020,1789388685361701865,41584414242139,-8.191111556e-05,1,0,1,0.5471445322,1,0,0,0,0,0,-1,0.5,0,0,1000000000,1,1,1,0,0,0,0,0,0,0,0,0,-12.30427726,-11.777656,1,0,0,0,0
3021,1789388685371700524,41584424240681,-8.06594544e-05,1,0,1,0.5471445322,1,0,0,0,0,0,-1,0.5,0,0,1000000000,1,1,1,0,0,0,0,0,0,0,0,0,-12.30427726,-11.777656,1,0,0,0,0
3022,1789388685381764657,41584434304926,-7.940779324e-05,1,0,1,0.5471445322,1,0,0,0,0,0,-1,0.5,0,0,1000000000,1,1,1,0,0,0,0,0,0,0,0,0,-12.30427726,-11.79620933,1,0,0,0,0
3023,1789388685391705968,41584444246238,-7.856263255e-05,1,0,1,0.5471445322,1,0,0,0,0,0,-1,0.5,0,0,1000000000,1,1,1,0,0,0,0,0,0,0,0,0,-12.30427726,-11.79620933,1,0,0,0,0
3024,1789388685401701757,41584454242024,-7.771746459e-05,1,0,1,0.5471445322,1,0,0,0,0,0,-1,0.5,0,0,1000000000,1,1,1,0,0,0,0,0,0,0,0,0,-12.30427726,-11.79620933,1,0,0,0,0
3025,1789388685412058512,41584464598781,-7.687229663e-05,1,0,1,0.5471445322,1,0,0,0,0,0,-1,0.5,0,0,1000000000,1,1,1,0,0,0,0,0,0,0,0,0,-12.30427726,-11.79620933,1,0,0,0,0
3026,1789388685421705986,41584474246262,-7.602713595e-05,1,0,1,0.5471445322,1,0,0,0,0,0,-1,0.5,0,0,1000000000,1,1,1,0,0,0,0,0,0,0,0,0,-12.30427726,-11.79620933,1,0,0,0,0
3027,1789388685431717409,41584484257667,-7.518196799e-05,1,0,1,0.5219101906,1,0,0,0,0,0,-1,0.5,0,0,1000000000,1,1,1,0,0,0,0,0,0,0,0,0,-12.30427726,-11.79620933,1,0,0,0,0
3028,1789388685442045107,41584494585283,-7.43368073e-05,1,0,1,0.5219101906,1,0,0,0,0,0,-1,0.5,0,0,1000000000,1,1,1,0,0,0,0,0,0,0,0,0,-12.30427726,-11.79620933,1,0,0,0,0
3029,1789388685451714227,41584504254493,-7.349163934e-05,1,0,1,0.5219101906,1,0,0,0,0,0,-1,0.5,0,0,1000000000,1,1,1,0,0,0,0,0,0,0,0,0,-12.30427726,-11.79620933,1,0,0,0,0
3030,1789388685461717402,41584514257548,-7.264647138e-05,1,0,1,0.5219101906,1,0,0,0,0,0,-1,0.5,0,0,1000000000,1,1,1,0,0,0,0,0,0,0,0,0,-12.30427726,-11.79620933,1,0,0,0,0
3031,1789388685471721275,41584524261539,-7.18013107e-05,1,0,1,0.5219101906,1,0,0,0,0,0,-1,0.5,0,0,1000000000,1,1,1,0,0,0,0,0,0,0,0,0,-12.30427726,-11.79620933,1,0,0,0,0
3032,1789388685481703307,41584534243572,-7.095614274e-05,1,0,1,0.5219101906,1,0,0,0,0,0,-1,0.5,0,0,1000000000,1,1,1,0,0,0,0,0,0,0,0,0,-12.30427726,-11.777656,1,0,0,0,0
3033,1789388685491792876,41584544332773,-7.011098205e-05,1,0,1,0.5219101906,1,0,0,0,0,0,-1,0.5,0,0,1000000000,1,1,1,0,0,0,0,0,0,0,0,0,-12.30427726,-11.777656,1,0,0,0,0
3034,1789388685501704967,41584554245236,-6.926581409e-05,1,0,1,0.5219101906,1,0,0,0,0,0,-1,0.5,0,0,1000000000,1,1,1,0,0,0,0,0,0,0,0,0,-12.30427726,-11.777656,1,0,0,0,0
3035,1789388685511710387,41584564250657,-6.842064613e-05,1,0,1,0.5219101906,1,0,0,0,0,0,-1,0.5,0,0,1000000000,1,1,1,0,0,0,0,0,0,0,0,0,-12.30427726,-11.777656,1,0,0,0,0
3036,1789388685521696721,41584574236967,-6.757548545e-05,1,0,1,0.5219101906,1,0,0,0,0,0,-1,0.5,0,0,1000000000,1,1,1,0,0,0,0,0,0,0,0,0,-12.30427726,-11.777656,1,0,0,0,0
3037,1789388685531693202,41584584233475,-6.673031749e-05,1,0,1,0.5313842893,1,0,0,0,0,0,-1,0.5,0,0,1000000000,1,1,1,0,0,0,0,0,0,0,0,0,-12.30427726,-11.777656,1,0,0,0,0
3038,1789388685541701122,41584594241391,-6.58851568e-05,1,0,1,0.5313842893,1,0,0,0,0,0,-1,0.5,0,0,1000000000,1,1,1,0,0,0,0,0,0,0,0,0,-12.30427726,-11.777656,1,0,0,0,0
3039,1789388685551708735,41584604249005,-6.503998884e-05,1,0,1,0.5313842893,1,0,0,0,0,0,-1,0.5,0,0,1000000000,1,1,1,0,0,0,0,0,0,0,0,0,-12.30427726,-11.777656,1,0,0,0,0
3040,1789388685561703682,41584614243948,-6.419482816e-05,1,0,1,0.5313842893,1,0,0,0,0,0,-1,0.5,0,0,1000000000,1,1,1,0,0,0,0,0,0,0,0,0,-12.30427726,-11.777656,1,0,0,0,0
3041,1789388685571720160,41584624260337,-6.408627814e-05,1,0,1,0.5313842893,1,0,0,0,0,0,-1,0.5,0,0,1000000000,1,1,1,0,0,0,0,0,0,0,0,0,-12.30427726,-11.777656,1,0,0,0,0
3042,1789388685581697384,41584634237649,-6.397773541e-05,1,0,1,0.5313842893,1,0,0,0,0,0,-1,0.5,0,0,1000000000,1,1,1,0,0,0,0,0,0,0,0,0,-12.30427726,-11.777656,1,0,0,0,0
3043,1789388685591705774,41584644246020,-6.38691854e-05,1,0,1,0.5313842893,1,0,0,0,0,0,-1,0.5,0,0,1000000000,1,1,1,0,0,0,0,0,0,0,0,0,-12.30427726,-11.777656,1,0,0,0,0
3044,1789388685601713387,41584654253652,-6.376064266e-05,1,0,1,0.5313842893,1,0,0,0,0,0,-1,0.5,0,0,1000000000,1,1,1,0,0,0,0,0,0,0,0,0,-12.30427726,-11.777656,1,0,0,0,0
3045,1789388685611714305,41584664254559,-6.365209993e-05,1,0,1,0.5313842893,1,0,0,0,0,0,-1,0.5,0,0,1000000000,1,1,1,0,0,0,0,0,0,0,0,0,-12.30427726,-11.777656,1,0,0,0,0
3046,1789388685621705110,41584674245378,-6.354354991e-05,1,0,1,0.5313842893,1,0,0,0,0,0,-1,0.5,0,0,1000000000,1,1,1,0,0,0,0,0,0,0,0,0,-12.30427726,-11.777656,1,0,0,0,0
3047,1789388685631707065,41584684247336,-6.343500718e-05,1,0,1,0.5148058534,1,0,0,0,0,0,-1,0.5,0,0,1000000000,1,1,1,0,0,0,0,0,0,0,0,0,-12.30427726,-11.777656,1,0,0,0,0
3048,1789388685641701372,41584694241642,-6.343500718e-05,1,0,1,0.5148058534,1,0,0,0,0,0,-1,0.5,0,0,1000000000,1,1,1,0,0,0,0,0,0,0,0,0,-12.30427726,-11.777656,1,0,0,0,0
3049,1789388685651704455,41584704244726,-6.343500718e-05,1,0,1,0.5148058534,1,0,0,0,0,0,-1,0.5,0,0,1000000000,1,1,1,0,0,0,0,0,0,0,0,0,-12.30427726,-11.777656,1,0,0,0,0
3050,1789388685661706833,41584714247102,-6.343500718e-05,1,0,1,0.5148058534,1,0,0,0,0,0,-1,0.5,0,0,1000000000,1,1,1,0,0,0,0,0,0,0,0,0,-12.30427726,-11.777656,1,0,0,0,0
3051,1789388685671715101,41584724255370,-6.343500718e-05,1,0,1,0.5148058534,1,0,0,0,0,0,-1,0.5,0,0,1000000000,1,1,1,0,0,0,0,0,0,0,0,0,-12.30427726,-11.777656,1,0,0,0,0
3052,1789388685681694978,41584734235243,-6.343500718e-05,1,0,1,0.5148058534,1,0,0,0,0,0,-1,0.5,0,0,1000000000,1,1,1,0,0,0,0,0,0,0,0,0,-12.30427726,-11.777656,1,0,0,0,0
3053,1789388685691705848,41584744246110,-6.343500718e-05,1,0,1,0.5148058534,1,0,0,0,0,0,-1,0.5,0,0,1000000000,1,1,1,0,0,0,0,0,0,0,0,0,-12.30427726,-11.777656,1,0,0,0,0
3054,1789388685701695465,41584754235723,-6.343500718e-05,1,0,1,0.5148058534,1,0,0,0,0,0,-1,0.5,0,0,1000000000,1,1,1,0,0,0,0,0,0,0,0,0,-12.30427726,-11.777656,1,0,0,0,0
3055,1789388685711712176,41584764252423,-6.343500718e-05,1,0,1,0.5148058534,1,0,0,0,0,0,-1,0.5,0,0,1000000000,1,1,1,0,0,0,0,0,0,0,0,0,-12.30427726,-11.777656,1,0,0,0,0
3056,1789388685721712649,41584774252899,-6.343500718e-05,1,0,1,0.5148058534,1,0,0,0,0,0,-1,0.5,0,0,1000000000,1,1,1,0,0,0,0,0,0,0,0,0,-12.30427726,-11.777656,1,0,0,0,0
3057,1789388685731705391,41584784245652,-6.343500718e-05,1,0,1,0.5515375137,1,0,0,0,0,0,-1,0.5,0,0,1000000000,1,1,1,0,0,0,0,0,0,0,0,0,-12.30427726,-11.777656,1,0,0,0,0
3058,1789388685741741624,41584794281887,-6.343500718e-05,1,0,1,0.5515375137,1,0,0,0,0,0,-1,0.5,0,0,1000000000,1,1,1,0,0,0,0,0,0,0,0,0,-12.30427726,-11.777656,1,0,0,0,0
3059,1789388685751746186,41584804286457,-6.343500718e-05,1,0,1,0.5515375137,1,0,0,0,0,0,-1,0.5,0,0,1000000000,1,1,1,0,0,0,0,0,0,0,0,0,-12.30427726,-11.777656,1,0,0,0,0
3060,1789388685761715125,41584814255400,-6.343500718e-05,1,0,1,0.5515375137,1,0,0,0,0,0,-1,0.5,0,0,1000000000,1,1,1,0,0,0,0,0,0,0,0,0,-12.30427726,-11.777656,1,0,0,0,0
3061,1789388685771759636,41584824299895,-6.343500718e-05,1,0,1,0.5515375137,1,0,0,0,0,0,-1,0.5,0,0,1000000000,1,1,1,0,0,0,0,0,0,0,0,0,-12.30427726,-11.777656,1,0,0,0,0
3062,1789388685781726569,41584834266820,-6.343500718e-05,1,0,1,0.5515375137,1,0,0,0,0,0,-1,0.5,0,0,1000000000,1,1,1,0,0,0,0,0,0,0,0,0,-12.28951933,-11.79620933,1,0,0,0,0
3063,1789388685791735961,41584844276217,-6.343500718e-05,1,0,1,0.5515375137,1,0,0,0,0,0,-1,0.5,0,0,1000000000,1,1,1,0,0,0,0,0,0,0,0,0,-12.28951933,-11.79620933,1,0,0,0,0
3064,1789388685801731309,41584854271567,-6.343500718e-05,1,0,1,0.5515375137,1,0,0,0,0,0,-1,0.5,0,0,1000000000,1,1,1,0,0,0,0,0,0,0,0,0,-12.28951933,-11.79620933,1,0,0,0,0
3065,1789388685811720319,41584864260561,-6.343500718e-05,1,0,1,0.5515375137,1,0,0,0,0,0,-1,0.5,0,0,1000000000,1,1,1,0,0,0,0,0,0,0,0,0,-12.28951933,-11.79620933,1,0,0,0,0
3066,1789388685821719006,41584874259273,-6.343500718e-05,1,0,1,0.5515375137,1,0,0,0,0,0,-1,0.5,0,0,1000000000,1,1,1,0,0,0,0,0,0,0,0,0,-12.28951933,-11.79620933,1,0,0,0,0
3067,1789388685831721370,41584884261629,-6.343500718e-05,1,0,1,0.5515375137,1,0,0,0,0,0,-1,0.5,0,0,1000000000,1,1,1,0,0,0,0,0,0,0,0,0,-12.28951933,-11.79620933,1,0,0,0,0
3068,1789388685841719167,41584894259424,-6.343500718e-05,1,0,1,0.5257114172,1,0,0,0,0,0,-1,0.5,0,0,1000000000,1,1,1,0,0,0,0,0,0,0,0,0,-12.28951933,-11.79620933,1,0,0,0,0
3069,1789388685851758425,41584904298668,-6.307417789e-05,1,0,1,0.5257114172,1,0,0,0,0,0,-1,0.5,0,0,1000000000,1,1,1,0,0,0,0,0,0,0,0,0,-12.28951933,-11.79620933,1,0,0,0,0
3070,1789388685861719771,41584914259927,-6.27133486e-05,1,0,1,0.5257114172,1,0,0,0,0,0,-1,0.5,0,0,1000000000,1,1,1,0,0,0,0,0,0,0,0,0,-12.28951933,-11.79620933,1,0,0,0,0
3071,1789388685871759213,41584924299479,-6.235252658e-05,1,0,1,0.5257114172,1,0,0,0,0,0,-1,0.5,0,0,1000000000,1,1,1,0,0,0,0,0,0,0,0,0,-12.28951933,-11.79620933,1,0,0,0,0
3072,1789388685881734660,41584934274920,-6.199169729e-05,1,0,1,0.5257114172,1,0,0,0,0,0,-1,0.5,0,0,1000000000,1,1,1,0,0,0,0,0,0,0,0,0,-12.30427726,-11.777656,1,0,0,0,0
3073,1789388685891768008,41584944308254,-6.1630868e-05,1,0,1,0.5257114172,1,0,0,0,0,0,-1,0.5,0,0,1000000000,1,1,1,0,0,0,0,0,0,0,0,0,-12.30427726,-11.777656,1,0,0,0,0
3074,1789388685901783318,41584954323572,-6.127004599e-05,1,0,1,0.5257114172,1,0,0,0,0,0,-1,0.5,0,0,1000000000,1,1,1,0,0,0,0,0,0,0,0,0,-12.30427726,-11.777656,1,0,0,0,0
3075,1789388685911716050,41584964256239,-6.09092167e-05,1,0,1,0.5257114172,1,0,0,0,0,0,-1,0.5,0,0,1000000000,1,1,1,0,0,0,0,0,0,0,0,0,-12.30427726,-11.777656,1,0,0,0,0
3076,1789388685921716752,41584974257020,-6.054839105e-05,1,0,1,0.5257114172,1,0,0,0,0,0,-1,0.5,0,0,1000000000,1,1,1,0,0,0,0,0,0,0,0,0,-12.30427726,-11.777656,1,0,0,0,0
3077,1789388685931706697,41584984246951,-6.01875654e-05,1,0,1,0.5595484972,1,0,0,0,0,0,-1,0.5,0,0,1000000000,1,1,1,0,0,0,0,0,0,0,0,0,-12.30427726,-11.777656,1,0,0,0,0
3078,1789388685941752162,41584994292415,-5.982673611e-05,1,0,1,0.5595484972,1,0,0,0,0,0,-1,0.5,0,0,1000000000,1,1,1,0,0,0,0,0,0,0,0,0,-12.30427726,-11.777656,1,0,0,0,0
3079,1789388685951750872,41585004291131,-5.946591045e-05,1,0,1,0.5595484972,1,0,0,0,0,0,-1,0.5,0,0,1000000000,1,1,1,0,0,0,0,0,0,0,0,0,-12.30427726,-11.777656,1,0,0,0,0
3080,1789388685961728983,41585014269235,-5.91050848e-05,1,0,1,0.5595484972,1,0,0,0,0,0,-1,0.5,0,0,1000000000,1,1,1,0,0,0,0,0,0,0,0,0,-12.30427726,-11.777656,1,0,0,0,0
3081,1789388685971716424,41585024256683,-5.874425551e-05,1,0,1,0.5595484972,1,0,0,0,0,0,-1,0.5,0,0,1000000000,1,1,1,0,0,0,0,0,0,0,0,0,-12.30427726,-11.777656,1,0,0,0,0
3082,1789388685981727235,41585034267482,-5.838342986e-05,1,0,1,0.5595484972,1,0,0,0,0,0,-1,0.5,0,0,1000000000,1,1,1,0,0,0,0,0,0,0,0,0,-12.28951933,-11.777656,1,0,0,0,0
3083,1789388685991738303,41585044278553,-5.802260421e-05,1,0,1,0.5595484972,1,0,0,0,0,0,-1,0.5,0,0,1000000000,1,1,1,0,0,0,0,0,0,0,0,0,-12.28951933,-11.777656,1,0,0,0,0
3084,1789388686001722472,41585054262646,-5.766177492e-05,1,0,1,0.5595484972,1,0,0,0,0,0,-1,0.5,0,0,1000000000,1,1,1,0,0,0,0,0,0,0,0,0,-12.28951933,-11.777656,1,0,0,0,0
3085,1789388686011715451,41585064255718,-5.730094927e-05,1,0,1,0.5595484972,1,0,0,0,0,0,-1,0.5,0,0,1000000000,1,1,1,0,0,0,0,0,0,0,0,0,-12.28951933,-11.777656,1,0,0,0,0
3086,1789388686021704183,41585074244456,-5.694012361e-05,1,0,1,0.5595484972,1,0,0,0,0,0,-1,0.5,0,0,1000000000,1,1,1,0,0,0,0,0,0,0,0,0,-12.28951933,-11.777656,1,0,0,0,0
3087,1789388686031712349,41585084252617,-5.657929432e-05,1,0,1,0.5595484972,1,0,0,0,0,0,-1,0.5,0,0,1000000000,1,1,1,0,0,0,0,0,0,0,0,0,-12.28951933,-11.777656,1,0,0,0,0
3088,1789388686041719264,41585094259534,-5.621846867e-05,1,0,1,0.510524869,1,0,0,0,0,0,-1,0.5,0,0,1000000000,1,1,1,0,0,0,0,0,0,0,0,0,-12.28951933,-11.777656,1,0,0,0,0
3089,1789388686051706068,41585104246342,-5.585764302e-05,1,0,1,0.510524869,1,0,0,0,0,0,-1,0.5,0,0,1000000000,1,1,1,0,0,0,0,0,0,0,0,0,-12.28951933,-11.777656,1,0,0,0,0
3090,1789388686061699318,41585114239588,-5.549681373e-05,1,0,1,0.510524869,1,0,0,0,0,0,-1,0.5,0,0,1000000000,1,1,1,0,0,0,0,0,0,0,0,0,-12.28951933,-11.777656,1,0,0,0,0
3091,1789388686071748122,41585124288392,-5.513598808e-05,1,0,1,0.510524869,1,0,0,0,0,0,-1,0.5,0,0,1000000000,1,1,1,0,0,0,0,0,0,0,0,0,-12.28951933,-11.777656,1,0,0,0,0
3092,1789388686081706472,41585134246737,-5.477516243e-05,1,0,1,0.510524869,1,0,0,0,0,0,-1,0.5,0,0,1000000000,1,1,1,0,0,0,0,0,0,0,0,0,-12.28951933,-11.777656,1,0,0,0,0
3093,1789388686091726071,41585144266315,-5.441433314e-05,1,0,1,0.510524869,1,0,0,0,0,0,-1,0.5,0,0,1000000000,1,1,1,0,0,0,0,0,0,0,0,0,-12.28951933,-11.777656,1,0,0,0,0
3094,1789388686101793595,41585154333856,-5.405350748e-05,1,0,1,0.510524869,1,0,0,0,0,0,-1,0.5,0,0,1000000000,1,1,1,0,0,0,0,0,0,0,0,0,-12.28951933,-11.777656,1,0,0,0,0
3095,1789388686111698992,41585164239260,-5.369268183e-05,1,0,1,0.510524869,1,0,0,0,0,0,-1,0.5,0,0,1000000000,1,1,1,0,0,0,0,0,0,0,0,0,-12.28951933,-11.777656,1,0,0,0,0
3096,1789388686121693582,41585174233846,-5.333185254e-05,1,0,1,0.510524869,1,0,0,0,0,0,-1,0.5,0,0,1000000000,1,1,1,0,0,0,0,0,0,0,0,0,-12.28951933,-11.777656,1,0,0,0,0
3097,1789388686131697798,41585184238068,-5.297102689e-05,1,0,1,0.510524869,1,0,0,0,0,0,-1,0.5,0,0,1000000000,1,1,1,0,0,0,0,0,0,0,0,0,-12.28951933,-11.777656,1,0,0,0,0
3098,1789388686141694570,41585194234839,-5.261020124e-05,1,0,1,0.5147587061,1,0,0,0,0,0,-1,0.5,0,0,1000000000,1,1,1,0,0,0,0,0,0,0,0,0,-12.28951933,-11.777656,1,0,0,0,0
3099,1789388686151692068,41585204232337,-5.261020124e-05,1,0,1,0.5147587061,1,0,0,0,0,0,-1,0.5,0,0,1000000000,1,1,1,0,0,0,0,0,0,0,0,0,-12.28951933,-11.777656,1,0,0,0,0
3100,1789388686161719558,41585214259827,-5.261020124e-05,1,0,1,0.5147587061,1,0,0,0,0,0,-1,0.5,0,0,1000000000,1,1,1,0,0,0,0,0,0,0,0,0,-12.28951933,-11.777656,1,0,0,0,0
3101,1789388686171699521,41585224239787,-5.261020124e-05,1,0,1,0.5147587061,1,0,0,0,0,0,-1,0.5,0,0,1000000000,1,1,1,0,0,0,0,0,0,0,0,0,-12.28951933,-11.777656,1,0,0,0,0
3102,1789388686181720325,41585234260591,-5.261020124e-05,1,0,1,0.5147587061,1,0,0,0,0,0,-1,0.5,0,0,1000000000,1,1,1,0,0,0,0,0,0,0,0,0,-12.30427726,-11.777656,1,0,0,0,0
3103,1789388686191703066,41585244243336,-5.227347719e-05,1,0,1,0.5147587061,1,0,0,0,0,0,-1,0.5,0,0,1000000000,1,1,1,0,0,0,0,0,0,0,0,0,-12.30427726,-11.777656,1,0,0,0,0
3104,1789388686201702541,41585254242812,-5.193675315e-05,1,0,1,0.5147587061,1,0,0,0,0,0,-1,0.5,0,0,1000000000,1,1,1,0,0,0,0,0,0,0,0,0,-12.30427726,-11.777656,1,0,0,0,0
3105,1789388686211720255,41585264260508,-5.160002911e-05,1,0,1,0.5147587061,1,0,0,0,0,0,-1,0.5,0,0,1000000000,1,1,1,0,0,0,0,0,0,0,0,0,-12.30427726,-11.777656,1,0,0,0,0
3106,1789388686221707207,41585274247479,-5.126330871e-05,1,0,1,0.5147587061,1,0,0,0,0,0,-1,0.5,0,0,1000000000,1,1,1,0,0,0,0,0,0,0,0,0,-12.30427726,-11.777656,1,0,0,0,0
3107,1789388686231817210,41585284357474,-5.092658466e-05,1,0,1,0.4945999086,1,0,0,0,0,0,-1,0.5,0,0,1000000000,1,1,1,0,0,0,0,0,0,0,0,0,-12.30427726,-11.777656,1,0,0,0,0
3108,1789388686241721313,41585294261579,-5.058986062e-05,1,0,1,0.4945999086,1,0,0,0,0,0,-1,0.5,0,0,1000000000,1,1,1,0,0,0,0,0,0,0,0,0,-12.30427726,-11.777656,1,0,0,0,0
3109,1789388686251708601,41585304248875,-5.025314022e-05,1,0,1,0.4945999086,1,0,0,0,0,0,-1,0.5,0,0,1000000000,1,1,1,0,0,0,0,0,0,0,0,0,-12.30427726,-11.777656,1,0,0,0,0
3110,1789388686261717092,41585314257367,-4.991641617e-05,1,0,1,0.4945999086,1,0,1,0,0,0,-1,0.5,1,0,1000000000,1,1,1,0,0,0,0,0,0,0,0,0,-12.30427726,-11.777656,1,0,0,0,0
3111,1789388686271770634,41585324310514,-4.957969213e-05,1,0,1,0.4945999086,1,0,0,0,0,0,-1,0.5,1,0,1000000000,1,1,1,0,0,0,0,0,0,0,0,0,-12.30427726,-11.777656,1,0,0,0,0
3112,1789388686281709457,41585334249706,-4.924296809e-05,1,0,1,0.4945999086,1,0,0,0,0,0,-1,0.5,1,0,1000000000,1,1,1,0,0,0,0,0,0,0,0,0,-12.30427726,-11.777656,1,0,0,0,0
3113,1789388686291717095,41585344257352,-4.877838364e-05,1,0,1,0.4945999086,1,0,0,0,0,0,-1,0.5,1,0,1000000000,1,1,1,0,0,0,0,0,0,0,0,0,-12.30427726,-11.777656,1,0,0,0,0
3114,1789388686301777138,41585354317396,-4.831379556e-05,1,0,1,0.4945999086,1,0,0,0,0,0,-1,0.5,1,0,1000000000,1,1,1,0,0,0,0,0,0,0,0,0,-12.30427726,-11.777656,1,0,0,0,0
3115,1789388686311740887,41585364281093,-4.784920748e-05,1,0,1,0.4945999086,1,0,0,0,0,0,-1,0.5,1,0,1000000000,1,1,1,0,0,0,0,0,0,0,0,0,-12.30427726,-11.777656,1,0,0,0,0
3116,1789388686321726738,41585374266972,-4.738462303e-05,1,0,1,0.4945999086,1,0,0,0,0,0,-1,0.5,1,0,1000000000,1,1,1,0,0,0,0,0,0,0,0,0,-12.30427726,-11.777656,1,0,0,0,0
3117,1789388686331724943,41585384265117,-4.692003495e-05,1,0,1,0.5380930901,1,0,0,0,0,0,-1,0.5,1,0,1000000000,1,1,1,0,0,0,0,0,0,0,0,0,-12.30427726,-11.777656,1,0,0,0,0
3118,1789388686341758375,41585394298638,-4.645544686e-05,1,0,1,0.5380930901,1,0,0,0,0,0,-1,0.5,1,0,1000000000,1,1,1,0,0,0,0,0,0,0,0,0,-12.30427726,-11.777656,1,0,0,0,0
3119,1789388686351706497,41585404246772,-4.599086242e-05,1,0,1,0.5380930901,1,0,0,0,0,0,-1,0.5,1,0,1000000000,1,1,1,0,0,0,0,0,0,0,0,0,-12.30427726,-11.777656,1,0,0,0,0
3120,1789388686361718684,41585414258940,-4.552627433e-05,1,0,1,0.5380930901,1,0,0,0,0,0,-1,0.5,1,0,1000000000,1,1,1,0,0,0,0,0,0,0,0,0,-12.30427726,-11.777656,1,0,0,0,0
3121,1789388686371752681,41585424292829,-4.506168989e-05,1,0,1,0.5380930901,1,0,0,0,0,0,-1,0.5,1,0,1000000000,1,1,1,0,0,0,0,0,0,0,0,0,-12.30427726,-11.777656,1,0,0,0,0
3122,1789388686381710236,41585434250483,-4.459710181e-05,1,0,1,0.5380930901,1,0,0,0,0,0,-1,0.5,1,0,1000000000,1,1,1,0,0,0,0,0,0,0,0,0,-12.30427726,-11.777656,1,0,0,0,0
3123,1789388686391733027,41585444273279,-4.413251372e-05,1,0,1,0.5380930901,1,0,0,0,0,0,-1,0.5,1,0,1000000000,1,1,1,0,0,0,0,0,0,0,0,0,-12.30427726,-11.777656,1,0,0,0,0
3124,1789388686401719860,41585454260114,-4.366792928e-05,1,0,1,0.5380930901,1,0,0,0,0,0,-1,0.5,1,0,1000000000,1,1,1,0,0,0,0,0,0,0,0,0,-12.30427726,-11.777656,1,0,0,0,0
3125,1789388686411715789,41585464256032,-4.320334119e-05,1,0,1,0.5380930901,1,0,0,0,0,0,-1,0.5,1,0,1000000000,1,1,1,0,0,0,0,0,0,0,0,0,-12.30427726,-11.777656,1,0,0,0,0
3126,1789388686421727048,41585474267306,-4.273875311e-05,1,0,1,0.5380930901,1,0,0,0,0,0,-1,0.5,1,0,1000000000,1,1,1,0,0,0,0,0,0,0,0,0,-12.30427726,-11.777656,1,0,0,0,0
3127,1789388686431711003,41585484251158,-4.227416866e-05,1,0,1,0.516423285,1,0,0,0,0,0,-1,0.5,1,0,1000000000,1,1,1,0,0,0,0,0,0,0,0,0,-12.30427726,-11.777656,1,0,0,0,0
3128,1789388686441745198,41585494285445,-4.180958058e-05,1,0,1,0.516423285,1,0,0,0,0,0,-1,0.5,1,0,1000000000,1,1,1,0,0,0,0,0,0,0,0,0,-12.30427726,-11.777656,1,0,0,0,0
3129,1789388686451710280,41585504250532,-4.13449925e-05,1,0,1,0.516423285,1,0,0,0,0,0,-1,0.5,1,0,1000000000,1,1,1,0,0,0,0,0,0,0,0,0,-12.30427726,-11.777656,1,0,0,0,0
3130,1789388686461722855,41585514263115,-4.088040805e-05,1,0,1,0.516423285,1,0,0,0,0,0,-1,0.5,1,0,1000000000,1,1,1,0,0,0,0,0,0,0,0,0,-12.30427726,-11.777656,1,0,0,0,0
3131,1789388686471752331,41585524292604,-4.041581997e-05,1,0,1,0.516423285,1,0,0,0,0,0,-1,0.5,1,0,1000000000,1,1,1,0,0,0,0,0,0,0,0,0,-12.30427726,-11.777656,1,0,0,0,0
3132,1789388686481758553,41585534298809,-3.995123188e-05,1,0,1,0.516423285,1,0,0,0,0,0,-1,0.5,1,0,1000000000,1,1,1,0,0,0,0,0,0,0,0,0,-12.30427726,-11.777656,1,0,0,0,0
3133,1789388686491732626,41585544272875,-3.982336784e-05,1,0,1,0.516423285,1,0,0,0,0,0,-1,0.5,1,0,1000000000,1,1,1,0,0,0,0,0,0,0,0,0,-12.30427726,-11.777656,1,0,0,0,0
3134,1789388686501724196,41585554264449,-3.969550744e-05,1,0,1,0.516423285,1,0,0,0,0,0,-1,0.5,1,0,1000000000,1,1,1,0,0,0,0,0,0,0,0,0,-12.30427726,-11.777656,1,0,0,0,0
3135,1789388686511710929,41585564251188,-3.95676434e-05,1,0,1,0.516423285,1,0,0,0,0,0,-1,0.5,1,0,1000000000,1,1,1,0,0,0,0,0,0,0,0,0,-12.30427726,-11.777656,1,0,0,0,0
3136,1789388686521746999,41585574287272,-3.943977936e-05,1,0,1,0.516423285,1,0,0,0,0,0,-1,0.5,1,0,1000000000,1,1,1,0,0,0,0,0,0,0,0,0,-12.30427726,-11.777656,1,0,0,0,0
3137,1789388686531724023,41585584264193,-3.931191532e-05,1,0,1,0.516423285,1,0,0,0,0,0,-1,0.5,1,0,1000000000,1,1,1,0,0,0,0,0,0,0,0,0,-12.30427726,-11.777656,1,0,0,0,0
3138,1789388686541742793,41585594283055,-3.918405127e-05,1,0,1,0.4846686125,1,0,0,0,0,0,-1,0.5,1,0,1000000000,1,1,1,0,0,0,0,0,0,0,0,0,-12.30427726,-11.777656,1,0,0,0,0
3139,1789388686551708439,41585604248691,-3.905618723e-05,1,0,1,0.4846686125,1,0,0,0,0,0,-1,0.5,1,0,1000000000,1,1,1,0,0,0,0,0,0,0,0,0,-12.30427726,-11.777656,1,0,0,0,0
3140,1789388686561715428,41585614255697,-3.892832319e-05,1,0,1,0.4846686125,1,0,0,0,0,0,-1,0.5,1,0,1000000000,1,1,1,0,0,0,0,0,0,0,0,0,-12.30427726,-11.777656,1,0,0,0,0
3141,1789388686571773734,41585624313956,-3.880045915e-05,1,0,1,0.4846686125,1,0,0,0,0,0,-1,0.5,1,0,1000000000,1,1,1,0,0,0,0,0,0,0,0,0,-12.30427726,-11.777656,1,0,0,0,0
3142,1789388686581713419,41585634253674,-3.867259511e-05,1,0,1,0.4846686125,1,0,0,0,0,0,-1,0.5,1,0,1000000000,1,1,1,0,0,0,0,0,0,0,0,0,-12.30427726,-11.777656,1,0,0,0,0
3143,1789388686591739408,41585644279661,-3.867259511e-05,1,0,1,0.4846686125,1,0,0,0,0,0,-1,0.5,1,0,1000000000,1,1,1,0,0,0,0,0,0,0,0,0,-12.30427726,-11.777656,1,0,0,0,0
3144,1789388686601719632,41585654259885,-3.867259511e-05,1,0,1,0.4846686125,1,0,0,0,0,0,-1,0.5,1,0,1000000000,1,1,1,0,0,0,0,0,0,0,0,0,-12.30427726,-11.777656,1,0,0,0,0
3145,1789388686611739294,41585664279540,-3.867259511e-05,1,0,1,0.4846686125,1,0,0,0,0,0,-1,0.5,1,0,1000000000,1,1,1,0,0,0,0,0,0,0,0,0,-12.30427726,-11.777656,1,0,0,0,0
3146,1789388686621735158,41585674275431,-3.867259511e-05,1,0,1,0.4846686125,1,0,0,0,0,0,-1,0.5,1,0,1000000000,1,1,1,0,0,0,0,0,0,0,0,0,-12.30427726,-11.777656,1,0,0,0,0
3147,1789388686631704686,41585684244867,-3.867259511e-05,1,0,1,0.4971304238,1,0,0,0,0,0,-1,0.5,1,0,1000000000,1,1,1,0,0,0,0,0,0,0,0,0,-12.30427726,-11.777656,1,0,0,0,0
3148,1789388686641705859,41585694246123,-3.867259511e-05,1,0,1,0.4971304238,1,0,0,0,0,0,-1,0.5,1,0,1000000000,1,1,1,0,0,0,0,0,0,0,0,0,-12.30427726,-11.777656,1,0,0,0,0
3149,1789388686651707219,41585704247488,-3.867259511e-05,1,0,1,0.4971304238,1,0,0,0,0,0,-1,0.5,1,0,1000000000,1,1,1,0,0,0,0,0,0,0,0,0,-12.30427726,-11.777656,1,0,0,0,0
3150,1789388686661716287,41585714256557,-3.867259511e-05,1,0,1,0.4971304238,1,0,0,0,0,0,-1,0.5,1,0,1000000000,1,1,1,0,0,0,0,0,0,0,0,0,-12.30427726,-11.777656,1,0,0,0,0
3151,1789388686671765172,41585724305260,-3.867259511e-05,1,0,1,0.4971304238,1,0,0,0,0,0,-1,0.5,1,0,1000000000,1,1,1,0,0,0,0,0,0,0,0,0,-12.30427726,-11.777656,1,0,0,0,0
3152,1789388686681716001,41585734256262,-3.867259511e-05,1,0,1,0.4971304238,1,0,0,0,0,0,-1,0.5,1,0,1000000000,1,1,1,0,0,0,0,0,0,0,0,0,-12.28951933,-11.777656,1,0,0,0,0
3153,1789388686691726575,41585744266827,-3.867259511e-05,1,0,1,0.4971304238,1,0,0,0,0,0,-1,0.5,1,0,1000000000,1,1,1,0,0,0,0,0,0,0,0,0,-12.28951933,-11.777656,1,0,0,0,0
3154,1789388686701728232,41585754268467,-3.867259511e-05,1,0,1,0.4971304238,1,0,0,0,0,0,-1,0.5,1,0,1000000000,1,1,1,0,0,0,0,0,0,0,0,0,-12.28951933,-11.777656,1,0,0,0,0
3155,1789388686711713088,41585764253337,-3.867259511e-05,1,0,1,0.4971304238,1,0,0,0,0,0,-1,0.5,1,0,1000000000,1,1,1,0,0,0,0,0,0,0,0,0,-12.28951933,-11.777656,1,0,0,0,0
3156,1789388686721712777,41585774253040,-3.867259511e-05,1,0,1,0.4971304238,1,0,0,0,0,0,-1,0.5,1,0,1000000000,1,1,1,0,0,0,0,0,0,0,0,0,-12.28951933,-11.777656,1,0,0,0,0
3157,1789388686731728785,41585784268993,-3.867259511e-05,1,0,1,0.4971304238,1,0,0,0,0,0,-1,0.5,1,0,1000000000,1,1,1,0,0,0,0,0,0,0,0,0,-12.28951933,-11.777656,1,0,0,0,0
3158,1789388686741725297,41585794265552,-3.867259511e-05,1,0,1,0.5514368415,1,0,0,0,0,0,-1,0.5,1,0,1000000000,1,1,1,0,0,0,0,0,0,0,0,0,-12.28951933,-11.777656,1,0,0,0,0
3159,1789388686751716003,41585804256265,-3.867259511e-05,1,0,1,0.5514368415,1,0,0,0,0,0,-1,0.5,1,0,1000000000,1,1,1,0,0,0,0,0,0,0,0,0,-12.28951933,-11.777656,1,0,0,0,0
3160,1789388686761714744,41585814255011,-3.867259511e-05,1,0,1,0.5514368415,1,0,0,0,0,0,-1,0.5,0,0,1000000000,1,1,1,0,0,0,0,0,0,0,0,0,-12.28951933,-11.777656,1,0,0,0,0
3161,1789388686771750548,41585824290801,-3.867259511e-05,1,0,1,0.5514368415,1,0,0,0,0,0,-1,0.5,0,0,1000000000,1,1,1,0,0,0,0,0,0,0,0,0,-12.28951933,-11.777656,1,0,0,0,0
3162,1789388686781709544,41585834249794,-3.867259511e-05,1,0,1,0.5514368415,1,0,0,0,0,0,-1,0.5,0,0,1000000000,1,1,1,0,0,0,0,0,0,0,0,0,-12.30427726,-11.777656,1,0,0,0,0
3163,1789388686791734640,41585844274905,-3.867259511e-05,1,0,1,0.5514368415,1,0,0,0,0,0,-1,0.5,0,0,1000000000,1,1,1,0,0,0,0,0,0,0,0,0,-12.30427726,-11.777656,1,0,0,0,0
3164,1789388686801845096,41585854385272,-3.867259511e-05,1,0,1,0.5514368415,1,0,0,0,0,0,-1,0.5,0,0,1000000000,1,1,1,0,0,0,0,0,0,0,0,0,-12.30427726,-11.777656,1,0,0,0,0
3165,1789388686811722346,41585864262593,-3.867259511e-05,1,0,1,0.5514368415,1,0,0,0,0,0,-1,0.5,0,0,1000000000,1,1,1,0,0,0,0,0,0,0,0,0,-12.30427726,-11.777656,1,0,0,0,0
3166,1789388686821720787,41585874261031,-3.867259511e-05,1,0,1,0.5514368415,1,0,0,0,0,0,-1,0.5,0,0,1000000000,1,1,1,0,0,0,0,0,0,0,0,0,-12.30427726,-11.777656,1,0,0,0,0
3167,1789388686831933516,41585884473771,-3.867259511e-05,1,0,1,0.5151259899,1,0,0,0,0,0,-1,0.5,0,0,1000000000,1,1,1,0,0,0,0,0,0,0,0,0,-12.30427726,-11.777656,1,0,0,0,0
3168,1789388686841783363,41585894323630,-3.867259511e-05,1,0,1,0.5151259899,1,0,0,0,0,0,-1,0.5,0,0,1000000000,1,1,1,0,0,0,0,0,0,0,0,0,-12.30427726,-11.777656,1,0,0,0,0
3169,1789388686851711760,41585904252016,-3.867259511e-05,1,0,1,0.5151259899,1,0,0,0,0,0,-1,0.5,0,0,1000000000,1,1,1,0,0,0,0,0,0,0,0,0,-12.30427726,-11.777656,1,0,0,0,0
3170,1789388686861718907,41585914259169,-3.867259511e-05,1,0,1,0.5151259899,1,0,0,0,0,0,-1,0.5,0,0,1000000000,1,1,1,0,0,0,0,0,0,0,0,0,-12.30427726,-11.777656,1,0,0,0,0
3171,1789388686871730665,41585924270920,-3.867259511e-05,1,0,1,0.5151259899,1,0,0,0,0,0,-1,0.5,0,0,1000000000,1,1,1,0,0,0,0,0,0,0,0,0,-12.30427726,-11.777656,1,0,0,0,0
3172,1789388686881724998,41585934265261,-3.867259511e-05,1,0,1,0.5151259899,1,0,0,0,0,0,-1,0.5,0,0,1000000000,1,1,1,0,0,0,0,0,0,0,0,0,-12.30427726,-11.777656,1,0,0,0,0
3173,1789388686891699007,41585944239273,-3.867259511e-05,1,0,1,0.5151259899,1,0,0,0,0,0,-1,0.5,0,0,1000000000,1,1,1,0,0,0,0,0,0,0,0,0,-12.30427726,-11.777656,1,0,0,0,0
3174,1789388686901720534,41585954260780,-3.867259511e-05,1,0,1,0.5151259899,1,0,0,0,0,0,-1,0.5,0,0,1000000000,1,1,1,0,0,0,0,0,0,0,0,0,-12.30427726,-11.777656,1,0,0,0,0
3175,1789388686911749291,41585964289547,-3.867259511e-05,1,0,1,0.5151259899,1,0,0,0,0,0,-1,0.5,0,0,1000000000,1,1,1,0,0,0,0,0,0,0,0,0,-12.30427726,-11.777656,1,0,0,0,0
3176,1789388686921715781,41585974256057,-3.867259511e-05,1,0,1,0.5151259899,1,0,0,0,0,0,-1,0.5,0,0,1000000000,1,1,1,0,0,0,0,0,0,0,0,0,-12.30427726,-11.777656,1,0,0,0,0
3177,1789388686931721024,41585984261292,-3.867259511e-05,1,0,1,0.5029243827,1,0,0,0,0,0,-1,0.5,0,0,1000000000,1,1,1,0,0,0,0,0,0,0,0,0,-12.30427726,-11.777656,1,0,0,0,0
3178,1789388686941753099,41585994293353,-3.867259511e-05,1,0,1,0.5029243827,1,0,0,0,0,0,-1,0.5,0,0,1000000000,1,1,1,0,0,0,0,0,0,0,0,0,-12.30427726,-11.777656,1,0,0,0,0
3179,1789388686951710448,41586004250719,-3.867259511e-05,1,0,1,0.5029243827,1,0,0,0,0,0,-1,0.5,0,0,1000000000,1,1,1,0,0,0,0,0,0,0,0,0,-12.30427726,-11.777656,1,0,0,0,0
3180,1789388686961719381,41586014259637,-3.867259511e-05,1,0,1,0.5029243827,1,0,0,0,0,0,-1,0.5,0,0,1000000000,1,1,1,0,0,0,0,0,0,0,0,0,-12.30427726,-11.777656,1,0,0,0,0
3181,1789388686971748783,41586024289050,-3.867259511e-05,1,0,1,0.5029243827,1,0,0,0,0,0,-1,0.5,0,0,1000000000,1,1,1,0,0,0,0,0,0,0,0,0,-12.30427726,-11.777656,1,0,0,0,0
3182,1789388686981740457,41586034280724,-3.867259511e-05,1,0,1,0.5029243827,1,0,0,0,0,0,-1,0.5,0,0,1000000000,1,1,1,0,0,0,0,0,0,0,0,0,-12.30427726,-11.79620933,1,0,0,0,0
3183,1789388686991706593,41586044246746,-3.867259511e-05,1,0,1,0.5029243827,1,0,0,0,0,0,-1,0.5,0,0,1000000000,1,1,1,0,0,0,0,0,0,0,0,0,-12.30427726,-11.79620933,1,0,0,0,0
3184,1789388687001709691,41586054249953,-3.867259511e-05,1,0,1,0.5029243827,1,0,0,0,0,0,-1,0.5,0,0,1000000000,1,1,1,0,0,0,0,0,0,0,0,0,-12.30427726,-11.79620933,1,0,0,0,0
3185,1789388687011715550,41586064255787,-3.867259511e-05,1,0,1,0.5029243827,1,0,0,0,0,0,-1,0.5,0,0,1000000000,1,1,1,0,0,0,0,0,0,0,0,0,-12.30427726,-11.79620933,1,0,0,0,0
3186,1789388687021722624,41586074262882,-3.867259511e-05,1,0,1,0.5029243827,1,0,0,0,0,0,-1,0.5,0,0,1000000000,1,1,1,0,0,0,0,0,0,0,0,0,-12.30427726,-11.79620933,1,0,0,0,0
3187,1789388687031726622,41586084266883,-3.867259511e-05,1,0,1,0.5029243827,1,0,0,0,0,0,-1,0.5,0,0,1000000000,1,1,1,0,0,0,0,0,0,0,0,0,-12.30427726,-11.79620933,1,0,0,0,0
3188,1789388687041722747,41586094263007,-3.867259511e-05,1,0,1,0.5108001828,1,0,0,0,0,0,-1,0.5,0,0,1000000000,1,1,1,0,0,0,0,0,0,0,0,0,-12.30427726,-11.79620933,1,0,0,0,0
3189,1789388687051714150,41586104254406,-3.867259511e-05,1,0,1,0.5108001828,1,0,0,0,0,0,-1,0.5,0,0,1000000000,1,1,1,0,0,0,0,0,0,0,0,0,-12.30427726,-11.79620933,1,0,0,0,0
3190,1789388687061718963,41586114259227,-3.867259511e-05,1,0,1,0.5108001828,1,0,0,0,0,0,-1,0.5,0,0,1000000000,1,1,1,0,0,0,0,0,0,0,0,0,-12.30427726,-11.79620933,1,0,0,0,0
3191,1789388687071783648,41586124323910,-3.867259511e-05,1,0,1,0.5108001828,1,0,0,0,0,0,-1,0.5,0,0,1000000000,1,1,1,0,0,0,0,0,0,0,0,0,-12.30427726,-11.79620933,1,0,0,0,0
3192,1789388687081728916,41586134269155,-3.867259511e-05,1,0,1,0.5108001828,1,0,0,0,0,0,-1,0.5,0,0,1000000000,1,1,1,0,0,0,0,0,0,0,0,0,-12.30427726,-11.79620933,1,0,0,0,0
3193,1789388687091717841,41586144257855,-3.867259511e-05,1,0,1,0.5108001828,1,0,0,0,0,0,-1,0.5,0,0,1000000000,1,1,1,0,0,0,0,0,0,0,0,0,-12.30427726,-11.79620933,1,0,0,0,0
3194,1789388687101710805,41586154251079,-3.867259511e-05,1,0,1,0.5108001828,1,0,0,0,0,0,-1,0.5,0,0,1000000000,1,1,1,0,0,0,0,0,0,0,0,0,-12.30427726,-11.79620933,1,0,0,0,0
3195,1789388687111710470,41586164250731,-3.867259511e-05,1,0,1,0.5108001828,1,0,0,0,0,0,-1,0.5,0,0,1000000000,1,1,1,0,0,0,0,0,0,0,0,0,-12.30427726,-11.79620933,1,0,0,0,0
3196,1789388687121722101,41586174262331,-3.867259511e-05,1,0,1,0.5108001828,1,0,0,0,0,0,-1,0.5,0,0,1000000000,1,1,1,0,0,0,0,0,0,0,0,0,-12.30427726,-11.79620933,1,0,0,0,0
3197,1789388687131724393,41586184264658,-3.867259511e-05,1,0,1,0.5324673653,1,0,0,0,0,0,-1,0.5,0,0,1000000000,1,1,1,0,0,0,0,0,0,0,0,0,-12.30427726,-11.79620933,1,0,0,0,0
3198,1789388687141761395,41586194301416,-3.867259511e-05,1,0,1,0.5324673653,1,0,0,0,0,0,-1,0.5,0,0,1000000000,1,1,1,0,0,0,0,0,0,0,0,0,-12.30427726,-11.79620933,1,0,0,0,0
3199,1789388687151765641,41586204305906,-3.867259511e-05,1,0,1,0.5324673653,1,0,0,0,0,0,-1,0.5,0,0,1000000000,1,1,1,0,0,0,0,0,0,0,0,0,-12.30427726,-11.79620933,1,0,0,0,0
3200,1789388687161719668,41586214259934,-3.867259511e-05,1,0,1,0.5324673653,1,0,0,0,0,0,-1,0.5,0,0,1000000000,1,1,1,0,0,0,0,0,0,0,0,0,-12.30427726,-11.79620933,1,0,0,0,0
3201,1789388687171760233,41586224300327,-3.867259511e-05,1,0,1,0.5324673653,1,0,0,0,0,0,-1,0.5,0,0,1000000000,1,1,1,0,0,0,0,0,0,0,0,0,-12.30427726,-11.79620933,1,0,0,0,0
3202,1789388687181723984,41586234264240,-3.867259511e-05,1,0,1,0.5324673653,1,0,0,0,0,0,-1,0.5,0,0,1000000000,1,1,1,0,0,0,0,0,0,0,0,0,-12.30427726,-11.777656,1,0,0,0,0
3203,1789388687191776324,41586244316590,-3.812607611e-05,1,0,1,0.5324673653,1,0,0,0,0,0,-1,0.5,0,0,1000000000,1,1,1,0,0,0,0,0,0,0,0,0,-12.30427726,-11.777656,1,0,0,0,0
3204,1789388687201733222,41586254273465,-3.757956074e-05,1,0,1,0.5324673653,1,0,0,0,0,0,-1,0.5,0,0,1000000000,1,1,1,0,0,0,0,0,0,0,0,0,-12.30427726,-11.777656,1,0,0,0,0
3205,1789388687211723766,41586264264019,-3.703304174e-05,1,0,1,0.5324673653,1,0,0,0,0,0,-1,0.5,0,0,1000000000,1,1,1,0,0,0,0,0,0,0,0,0,-12.30427726,-11.777656,1,0,0,0,0
3206,1789388687221719983,41586274260235,-3.648652637e-05,1,0,1,0.5324673653,1,0,0,0,0,0,-1,0.5,0,0,1000000000,1,1,1,0,0,0,0,0,0,0,0,0,-12.30427726,-11.777656,1,0,0,0,0
3207,1789388687231722102,41586284262372,-3.594000736e-05,1,0,1,0.5324673653,1,0,0,0,0,0,-1,0.5,0,0,1000000000,1,1,1,0,0,0,0,0,0,0,0,0,-12.30427726,-11.777656,1,0,0,0,0
3208,1789388687241717215,41586294257472,-3.539348836e-05,1,0,1,0.5416070223,1,0,0,0,0,0,-1,0.5,0,0,1000000000,1,1,1,0,0,0,0,0,0,0,0,0,-12.30427726,-11.777656,1,0,0,0,0
3209,1789388687251805143,41586304345394,-3.484697299e-05,1,0,1,0.5416070223,1,0,0,0,0,0,-1,0.5,0,0,1000000000,1,1,1,0,0,0,0,0,0,0,0,0,-12.30427726,-11.777656,1,0,0,0,0
3210,1789388687261717757,41586314258013,-3.430045399e-05,1,0,1,0.5416070223,1,0,0,0,0,0,-1,0.5,0,0,1000000000,1,1,1,0,0,0,0,0,0,0,0,0,-12.30427726,-11.777656,1,0,0,0,0
3211,1789388687271711805,41586324252058,-3.375393499e-05,1,0,1,0.5416070223,1,0,0,0,0,0,-1,0.5,0,0,1000000000,1,1,1,0,0,0,0,0,0,0,0,0,-12.30427726,-11.777656,1,0,0,0,0
3212,1789388687281709129,41586334249392,-3.320741962e-05,1,0,1,0.5416070223,1,0,0,0,0,0,-1,0.5,0,0,1000000000,1,1,1,0,0,0,0,0,0,0,0,0,-12.30427726,-11.777656,1,0,0,0,0
3213,1789388687291718780,41586344259017,-3.191833093e-05,1,0,1,0.5416070223,1,0,0,0,0,0,-1,0.5,0,0,1000000000,1,1,1,0,0,0,0,0,0,0,0,0,-12.30427726,-11.777656,1,0,0,0,0
3214,1789388687301713227,41586354253477,-3.062924588e-05,1,0,1,0.5416070223,1,0,0,0,0,0,-1,0.5,0,0,1000000000,1,1,1,0,0,0,0,0,0,0,0,0,-12.30427726,-11.777656,1,0,0,0,0
3215,1789388687311723171,41586364263435,-2.934015902e-05,1,0,1,0.5416070223,1,0,0,0,0,0,-1,0.5,0,0,1000000000,1,1,1,0,0,0,0,0,0,0,0,0,-12.30427726,-11.777656,1,0,0,0,0
3216,1789388687321710668,41586374250929,-2.805107215e-05,1,0,1,0.5416070223,1,0,0,0,0,0,-1,0.5,0,0,1000000000,1,1,1,0,0,0,0,0,0,0,0,0,-12.30427726,-11.777656,1,0,0,0,0
3217,1789388687331706120,41586384246380,-2.676198528e-05,1,0,1,0.4856002927,1,0,0,0,0,0,-1,0.5,0,0,1000000000,1,1,1,0,0,0,0,0,0,0,0,0,-12.30427726,-11.777656,1,0,0,0,0
3218,1789388687341758503,41586394298754,-2.547289841e-05,1,0,1,0.4856002927,1,0,0,0,0,0,-1,0.5,0,0,1000000000,1,1,1,0,0,0,0,0,0,0,0,0,-12.30427726,-11.777656,1,0,0,0,0
3219,1789388687351745242,41586404285490,-2.418381337e-05,1,0,1,0.4856002927,1,0,0,0,0,0,-1,0.5,0,0,1000000000,1,1,1,0,0,0,0,0,0,0,0,0,-12.30427726,-11.777656,1,0,0,0,0
3220,1789388687361718077,41586414258338,-2.28947265e-05,1,0,1,0.4856002927,1,0,0,0,0,0,-1,0.5,0,0,1000000000,1,1,1,0,0,0,0,0,0,0,0,0,-12.30427726,-11.777656,1,0,0,0,0
3221,1789388687371715643,41586424255853,-2.160563963e-05,1,0,1,0.4856002927,1,0,0,0,0,0,-1,0.5,0,0,1000000000,1,1,1,0,0,0,0,0,0,0,0,0,-12.30427726,-11.777656,1,0,0,0,0
3222,1789388687381758840,41586434299095,-2.031655276e-05,1,0,1,0.4856002927,1,0,0,0,0,0,-1,0.5,0,0,1000000000,1,1,1,0,0,0,0,0,0,0,0,0,-12.30427726,-11.777656,1,0,0,0,0
3223,1789388687391726045,41586444266307,-1.90274659e-05,1,0,1,0.4856002927,1,0,0,0,0,0,-1,0.5,0,0,1000000000,1,1,1,0,0,0,0,0,0,0,0,0,-12.30427726,-11.777656,1,0,0,0,0
3224,1789388687401729025,41586454269279,-1.773838085e-05,1,0,1,0.4856002927,1,0,0,0,0,0,-1,0.5,0,0,1000000000,1,1,1,0,0,0,0,0,0,0,0,0,-12.30427726,-11.777656,1,0,0,0,0
3225,1789388687411714574,41586464254796,-1.644929398e-05,1,0,1,0.4856002927,1,0,0,0,0,0,-1,0.5,0,0,1000000000,1,1,1,0,0,0,0,0,0,0,0,0,-12.30427726,-11.777656,1,0,0,0,0
3226,1789388687421716157,41586474256410,-1.516020711e-05,1,0,1,0.4856002927,1,0,0,0,0,0,-1,0.5,0,0,1000000000,1,1,1,0,0,0,0,0,0,0,0,0,-12.30427726,-11.777656,1,0,0,0,0
3227,1789388687431772337,41586484312601,-1.387112025e-05,1,0,1,0.4856002927,1,0,0,0,0,0,-1,0.5,0,0,1000000000,1,1,1,0,0,0,0,0,0,0,0,0,-12.30427726,-11.777656,1,0,0,0,0
3228,1789388687441717832,41586494258085,-1.258203429e-05,1,0,1,0.5358496904,1,0,0,0,0,0,-1,0.5,0,0,1000000000,1,1,1,0,0,0,0,0,0,0,0,0,-12.30427726,-11.777656,1,0,0,0,0
3229,1789388687451703957,41586504244219,-1.129294742e-05,1,0,1,0.5358496904,1,0,0,0,0,0,-1,0.5,0,0,1000000000,1,1,1,0,0,0,0,0,0,0,0,0,-12.30427726,-11.777656,1,0,0,0,0
3230,1789388687461703821,41586514244095,-1.000386146e-05,1,0,1,0.5358496904,1,0,0,0,0,0,-1,0.5,0,0,1000000000,1,1,1,0,0,0,0,0,0,0,0,0,-12.30427726,-11.777656,1,0,0,0,0
3231,1789388687471738544,41586524278811,-8.714774594e-06,1,0,1,0.5358496904,1,0,0,0,0,0,-1,0.5,0,0,1000000000,1,1,1,0,0,0,0,0,0,0,0,0,-12.30427726,-11.777656,1,0,0,0,0
3232,1789388687481697042,41586534237311,-7.425688182e-06,1,0,1,0.5358496904,1,0,0,0,0,0,-1,0.5,0,0,1000000000,1,1,1,0,0,0,0,0,0,0,0,0,-12.30427726,-11.777656,1,0,0,0,0
3233,1789388687491730550,41586544270703,-6.683119409e-06,1,0,1,0.5358496904,1,0,0,0,0,0,-1,0.5,0,0,1000000000,1,1,1,0,0,0,0,0,0,0,0,0,-12.30427726,-11.777656,1,0,0,0,0
3234,1789388687501714654,41586554254912,-5.940550636e-06,1,0,1,0.5358496904,1,0,0,0,0,0,-1,0.5,0,0,1000000000,1,1,1,0,0,0,0,0,0,0,0,0,-12.30427726,-11.777656,1,0,0,0,0
3235,1789388687511714587,41586564254855,-5.197981409e-06,1,0,1,0.5358496904,1,0,0,0,0,0,-1,0.5,0,0,1000000000,1,1,1,0,0,0,0,0,0,0,0,0,-12.30427726,-11.777656,1,0,0,0,0
3236,1789388687521746978,41586574287250,-4.455412636e-06,1,0,1,0.5358496904,1,0,0,0,0,0,-1,0.5,0,0,1000000000,1,1,1,0,0,0,0,0,0,0,0,0,-12.30427726,-11.777656,1,0,0,0,0
3237,1789388687531718220,41586584258439,-3.712844091e-06,1,0,1,0.5358496904,1,0,0,0,0,0,-1,0.5,0,0,1000000000,1,1,1,0,0,0,0,0,0,0,0,0,-12.30427726,-11.777656,1,0,0,0,0
3238,1789388687541746920,41586594287183,-2.970275318e-06,1,0,1,0.5229575038,1,0,0,0,0,0,-1,0.5,0,0,1000000000,1,1,1,0,0,0,0,0,0,0,0,0,-12.30427726,-11.777656,1,0,0,0,0
3239,1789388687551706746,41586604246954,-2.227706318e-06,1,0,1,0.5229575038,1,0,0,0,0,0,-1,0.5,0,0,1000000000,1,1,1,0,0,0,0,0,0,0,0,0,-12.30427726,-11.777656,1,0,0,0,0
3240,1789388687561721374,41586614261639,-1.485137659e-06,1,0,1,0.5229575038,1,0,0,0,0,0,-1,0.5,0,0,1000000000,1,1,1,0,0,0,0,0,0,0,0,0,-12.30427726,-11.777656,1,0,0,0,0
3241,1789388687571712270,41586624252526,-7.425688295e-07,1,0,1,0.5229575038,1,0,0,0,0,0,-1,0.5,0,0,1000000000,1,1,1,0,0,0,0,0,0,0,0,0,-12.30427726,-11.777656,1,0,0,0,0
3242,1789388687581716349,41586634256606,-3.472353757e-15,1,0,1,0.5229575038,1,0,0,0,0,0,-1,0.5,0,0,1000000000,1,1,1,0,0,0,0,0,0,0,0,0,-12.30427726,-11.777656,1,0,0,0,0
3243,1789388687591728196,41586644268460,-3.472353757e-15,1,0,1,0.5229575038,1,0,0,0,0,0,-1,0.5,0,0,1000000000,1,1,1,0,0,0,0,0,0,0,0,0,-12.30427726,-11.777656,1,0,0,0,0
3244,1789388687601734379,41586654274571,-3.472353757e-15,1,0,1,0.5229575038,1,0,0,0,0,0,-1,0.5,0,0,1000000000,1,1,1,0,0,0,0,0,0,0,0,0,-12.30427726,-11.777656,1,0,0,0,0
3245,1789388687611712754,41586664252996,-3.472353757e-15,1,0,1,0.5229575038,1,0,0,0,0,0,-1,0.5,0,0,1000000000,1,1,1,0,0,0,0,0,0,0,0,0,-12.30427726,-11.777656,1,0,0,0,0
3246,1789388687621738917,41586674279174,-3.472353757e-15,1,0,1,0.5229575038,1,0,0,0,0,0,-1,0.5,0,0,1000000000,1,1,1,0,0,0,0,0,0,0,0,0,-12.30427726,-11.777656,1,0,0,0,0
3247,1789388687631720554,41586684260746,-3.472353757e-15,1,0,1,0.5229575038,1,0,0,0,0,0,-1,0.5,0,0,1000000000,1,1,1,0,0,0,0,0,0,0,0,0,-12.30427726,-11.777656,1,0,0,0,0
3248,1789388687641721729,41586694261977,-3.472353757e-15,1,0,1,0.4912965894,1,0,0,0,0,0,-1,0.5,0,0,1000000000,1,1,1,0,0,0,0,0,0,0,0,0,-12.30427726,-11.777656,1,0,0,0,0
3249,1789388687651710676,41586704250921,-3.472353757e-15,1,0,1,0.4912965894,1,0,0,0,0,0,-1,0.5,0,0,1000000000,1,1,1,0,0,0,0,0,0,0,0,0,-12.30427726,-11.777656,1,0,0,0,0
3250,1789388687661722216,41586714262477,-3.472353757e-15,1,0,1,0.4912965894,1,0,0,0,0,0,-1,0.5,0,0,1000000000,1,1,1,0,0,0,0,0,0,0,0,0,-12.30427726,-11.777656,1,0,0,0,0
3251,1789388687671745785,41586724286056,-3.472353757e-15,1,0,1,0.4912965894,1,0,0,0,0,0,-1,0.5,0,0,1000000000,1,1,1,0,0,0,0,0,0,0,0,0,-12.30427726,-11.777656,1,0,0,0,0
3252,1789388687681680649,41586734220879,-3.472353757e-15,1,0,1,0.4912965894,1,0,0,0,0,0,-1,0.5,0,0,1000000000,1,1,1,0,0,0,0,0,0,0,0,0,-12.30427726,-11.777656,1,0,0,0,0
3253,1789388687691718123,41586744258395,-3.472353757e-15,1,0,1,0.4912965894,1,0,0,0,0,0,-1,0.5,0,0,1000000000,1,1,1,0,0,0,0,0,0,0,0,0,-12.30427726,-11.777656,1,0,0,0,0
3254,1789388687701720069,41586754260310,-3.472353757e-15,1,0,1,0.4912965894,1,0,0,0,0,0,-1,0.5,0,0,1000000000,1,1,1,0,0,0,0,0,0,0,0,0,-12.30427726,-11.777656,1,0,0,0,0
3255,1789388687711721968,41586764262225,-3.472353757e-15,1,0,1,0.4912965894,1,0,0,0,0,0,-1,0.5,0,0,1000000000,1,1,1,0,0,0,0,0,0,0,0,0,-12.30427726,-11.777656,1,0,0,0,0
3256,1789388687721756041,41586774296298,-3.472353757e-15,1,0,1,0.4912965894,1,0,0,0,0,0,-1,0.5,0,0,1000000000,1,1,1,0,0,0,0,0,0,0,0,0,-12.30427726,-11.777656,1,0,0,0,0
3257,1789388687731716882,41586784257148,-3.472353757e-15,1,0,1,0.4912965894,1,0,0,0,0,0,-1,0.5,0,0,1000000000,1,1,1,0,0,0,0,0,0,0,0,0,-12.30427726,-11.777656,1,0,0,0,0
3258,1789388687741726941,41586794267185,-3.472353757e-15,1,0,1,0.5500212312,1,0,0,0,0,0,-1,0.5,0,0,1000000000,1,1,1,0,0,0,0,0,0,0,0,0,-12.30427726,-11.777656,1,0,0,0,0
3259,1789388687751711501,41586804251764,-3.472353757e-15,1,0,1,0.5500212312,1,0,0,0,0,0,-1,0.5,0,0,1000000000,1,1,1,0,0,0,0,0,0,0,0,0,-12.30427726,-11.777656,1,0,0,0,0
3260,1789388687761713638,41586814253895,-3.472353757e-15,1,0,1,0.5500212312,1,0,0,0,0,0,-1,0.5,0,0,1000000000,1,1,1,0,0,0,0,0,0,0,0,0,-12.30427726,-11.777656,1,0,0,0,0
3261,1789388687771714491,41586824254735,-3.472353757e-15,1,0,1,0.5500212312,1,0,0,0,0,0,-1,0.5,0,0,1000000000,1,1,1,0,0,0,0,0,0,0,0,0,-12.30427726,-11.777656,1,0,0,0,0
3262,1789388687781714485,41586834254739,-3.472353757e-15,1,0,1,0.5500212312,1,0,0,0,0,0,-1,0.5,0,0,1000000000,1,1,1,0,0,0,0,0,0,0,0,0,-12.30427726,-11.777656,1,0,0,0,0
3263,1789388687791728967,41586844269182,-3.472353757e-15,1,0,1,0.5500212312,1,0,0,0,0,0,-1,0.5,0,0,1000000000,1,1,1,0,0,0,0,0,0,0,0,0,-12.30427726,-11.777656,1,0,0,0,0
3264,1789388687801698792,41586854239061,-3.472353757e-15,1,0,1,0.5500212312,1,0,0,0,0,0,-1,0.5,0,0,1000000000,1,1,1,0,0,0,0,0,0,0,0,0,-12.30427726,-11.777656,1,0,0,0,0
3265,1789388687811712601,41586864252844,-3.472353757e-15,1,0,1,0.5500212312,1,0,0,0,0,0,-1,0.5,0,0,1000000000,1,1,1,0,0,0,0,0,0,0,0,0,-12.30427726,-11.777656,1,0,0,0,0
3266,1789388687821704151,41586874244421,-3.472353757e-15,1,0,1,0.5500212312,1,0,0,0,0,0,-1,0.5,0,0,1000000000,1,1,1,0,0,0,0,0,0,0,0,0,-12.30427726,-11.777656,1,0,0,0,0
3267,1789388687831710229,41586884250499,-3.472353757e-15,1,0,1,0.5500212312,1,0,0,0,0,0,-1,0.5,0,0,1000000000,1,1,1,0,0,0,0,0,0,0,0,0,-12.30427726,-11.777656,1,0,0,0,0
3268,1789388687841702732,41586894243004,-3.472353757e-15,1,0,1,0.4861375093,1,0,0,0,0,0,-1,0.5,0,0,1000000000,1,1,1,0,0,0,0,0,0,0,0,0,-12.30427726,-11.777656,1,0,0,0,0
3269,1789388687851700210,41586904240480,-3.472353757e-15,1,0,1,0.4861375093,1,0,0,0,0,0,-1,0.5,0,0,1000000000,1,1,1,0,0,0,0,0,0,0,0,0,-12.30427726,-11.777656,1,0,0,0,0
3270,1789388687861685300,41586914225571,-3.472353757e-15,1,0,1,0.4861375093,1,0,0,0,0,0,-1,0.5,0,0,1000000000,1,1,1,0,0,0,0,0,0,0,0,0,-12.30427726,-11.777656,1,0,0,0,0
3271,1789388687871703977,41586924244242,-3.472353757e-15,1,0,1,0.4861375093,1,0,0,0,0,0,-1,0.5,0,0,1000000000,1,1,1,0,0,0,0,0,0,0,0,0,-12.30427726,-11.777656,1,0,0,0,0
3272,1789388687881693670,41586934233941,-3.472353757e-15,1,0,1,0.4861375093,1,0,0,0,0,0,-1,0.5,0,0,1000000000,1,1,1,0,0,0,0,0,0,0,0,0,-12.30427726,-11.777656,1,0,0,0,0
3273,1789388687891691120,41586944231374,-3.472353757e-15,1,0,1,0.4861375093,1,0,0,0,0,0,-1,0.5,0,0,1000000000,1,1,1,0,0,0,0,0,0,0,0,0,-12.30427726,-11.777656,1,0,0,0,0
3274,1789388687901710025,41586954250288,-3.472353757e-15,1,0,1,0.4861375093,1,0,0,0,0,0,-1,0.5,0,0,1000000000,1,1,1,0,0,0,0,0,0,0,0,0,-12.30427726,-11.777656,1,0,0,0,0
3275,1789388687911715982,41586964256225,-3.472353757e-15,1,0,1,0.4861375093,1,0,0,0,0,0,-1,0.5,0,0,1000000000,1,1,1,0,0,0,0,0,0,0,0,0,-12.30427726,-11.777656,1,0,0,0,0
3276,1789388687921717169,41586974257422,-3.472353757e-15,1,0,1,0.4861375093,1,0,0,0,0,0,-1,0.5,0,0,1000000000,1,1,1,0,0,0,0,0,0,0,0,0,-12.30427726,-11.777656,1,0,0,0,0
3277,1789388687931712149,41586984252411,-3.472353757e-15,1,0,1,0.4861375093,1,0,0,0,0,0,-1,0.5,0,0,1000000000,1,1,1,0,0,0,0,0,0,0,0,0,-12.30427726,-11.777656,1,0,0,0,0
3278,1789388687941715553,41586994255821,-3.472353757e-15,1,0,1,0.522613585,1,0,0,0,0,0,-1,0.5,0,0,1000000000,1,1,1,0,0,0,0,0,0,0,0,0,-12.30427726,-11.777656,1,0,0,0,0
3279,1789388687951713597,41587004253866,-3.472353757e-15,1,0,1,0.522613585,1,0,0,0,0,0,-1,0.5,0,0,1000000000,1,1,1,0,0,0,0,0,0,0,0,0,-12.30427726,-11.777656,1,0,0,0,0
3280,1789388687961719078,41587014259327,-3.472353757e-15,1,0,1,0.522613585,1,0,0,0,0,0,-1,0.5,0,0,1000000000,1,1,1,0,0,0,0,0,0,0,0,0,-12.30427726,-11.777656,1,0,0,0,0
3281,1789388687971716918,41587024257171,-3.472353757e-15,1,0,1,0.522613585,1,0,0,0,0,0,-1,0.5,0,0,1000000000,1,1,1,0,0,0,0,0,0,0,0,0,-12.30427726,-11.777656,1,0,0,0,0
3282,1789388687981724841,41587034265118,-3.472353757e-15,1,0,1,0.522613585,1,0,0,0,0,0,-1,0.5,0,0,1000000000,1,1,1,0,0,0,0,0,0,0,0,0,-12.30427726,-11.777656,1,0,0,0,0
3283,1789388687991733093,41587044273355,-3.472353757e-15,1,0,1,0.522613585,1,0,0,0,0,0,-1,0.5,0,0,1000000000,1,1,1,0,0,0,0,0,0,0,0,0,-12.30427726,-11.777656,1,0,0,0,0
3284,1789388688001735833,41587054276083,-3.472353757e-15,1,0,1,0.522613585,1,0,0,0,0,0,-1,0.5,0,0,1000000000,1,1,1,0,0,0,0,0,0,0,0,0,-12.30427726,-11.777656,1,0,0,0,0
3285,1789388688011714332,41587064254596,-3.472353757e-15,1,0,1,0.522613585,1,0,0,0,0,0,-1,0.5,0,0,1000000000,1,1,1,0,0,0,0,0,0,0,0,0,-12.30427726,-11.777656,1,0,0,0,0
3286,1789388688021725972,41587074266180,-3.472353757e-15,1,0,1,0.522613585,1,0,0,0,0,0,-1,0.5,0,0,1000000000,1,1,1,0,0,0,0,0,0,0,0,0,-12.30427726,-11.777656,1,0,0,0,0
3287,1789388688031720275,41587084260540,-3.472353757e-15,1,0,1,0.522613585,1,0,0,0,0,0,-1,0.5,0,0,1000000000,1,1,1,0,0,0,0,0,0,0,0,0,-12.30427726,-11.777656,1,0,0,0,0
3288,1789388688041720581,41587094260854,-3.472353757e-15,1,0,1,0.5331113338,1,0,0,0,0,0,-1,0.5,0,0,1000000000,1,1,1,0,0,0,0,0,0,0,0,0,-12.30427726,-11.777656,1,0,0,0,0
3289,1789388688051746151,41587104286111,-3.472353757e-15,1,0,1,0.5331113338,1,0,0,0,0,0,-1,0.5,0,0,1000000000,1,1,1,0,0,0,0,0,0,0,0,0,-12.30427726,-11.777656,1,0,0,0,0
3290,1789388688061719446,41587114259712,-3.472353757e-15,1,0,1,0.5331113338,1,0,0,0,0,0,-1,0.5,0,0,1000000000,1,1,1,0,0,0,0,0,0,0,0,0,-12.30427726,-11.777656,1,0,0,0,0
3291,1789388688071753802,41587124294071,-3.472353757e-15,1,0,1,0.5331113338,1,0,0,0,0,0,-1,0.5,0,0,1000000000,1,1,1,0,0,0,0,0,0,0,0,0,-12.30427726,-11.777656,1,0,0,0,0
3292,1789388688081732608,41587134272853,-3.472353757e-15,1,0,1,0.5331113338,1,0,0,0,0,0,-1,0.5,0,0,1000000000,1,1,1,0,0,0,0,0,0,0,0,0,-12.30427726,-11.777656,1,0,0,0,0
3293,1789388688091714130,41587144254386,-3.472353757e-15,1,0,1,0.5331113338,1,0,0,0,0,0,-1,0.5,0,0,1000000000,1,1,1,0,0,0,0,0,0,0,0,0,-12.30427726,-11.777656,1,0,0,0,0
3294,1789388688101709933,41587154250204,-3.472353757e-15,1,0,1,0.5331113338,1,0,0,0,0,0,-1,0.5,0,0,1000000000,1,1,1,0,0,0,0,0,0,0,0,0,-12.30427726,-11.777656,1,0,0,0,0
3295,1789388688111718524,41587164258788,-3.472353757e-15,1,0,1,0.5331113338,1,0,0,0,0,0,-1,0.5,0,0,1000000000,1,1,1,0,0,0,0,0,0,0,0,0,-12.30427726,-11.777656,1,0,0,0,0
3296,1789388688121727202,41587174267461,-3.472353757e-15,1,0,1,0.5331113338,1,0,0,0,0,0,-1,0.5,0,0,1000000000,1,1,1,0,0,0,0,0,0,0,0,0,-12.30427726,-11.777656,1,0,0,0,0
3297,1789388688131712283,41587184252553,-3.472353757e-15,1,0,1,0.5331113338,1,0,0,0,0,0,-1,0.5,0,0,1000000000,1,1,1,0,0,0,0,0,0,0,0,0,-12.30427726,-11.777656,1,0,0,0,0
3298,1789388688141723210,41587194263459,-3.472353757e-15,1,0,1,0.5263875723,1,0,0,0,0,0,-1,0.5,0,0,1000000000,1,1,1,0,0,0,0,0,0,0,0,0,-12.30427726,-11.777656,1,0,0,0,0
3299,1789388688151718345,41587204258599,-3.472353757e-15,1,0,1,0.5263875723,1,0,0,0,0,0,-1,0.5,0,0,1000000000,1,1,1,0,0,0,0,0,0,0,0,0,-12.30427726,-11.777656,1,0,0,0,0
3300,1789388688161719921,41587214260193,-3.472353757e-15,1,0,1,0.5263875723,1,0,0,0,0,0,-1,0.5,0,0,1000000000,1,1,1,0,0,0,0,0,0,0,0,0,-12.30427726,-11.777656,1,0,0,0,0
3301,1789388688171749957,41587224290217,-3.472353757e-15,1,0,1,0.5263875723,1,0,0,0,0,0,-1,0.5,0,0,1000000000,1,1,1,0,0,0,0,0,0,0,0,0,-12.30427726,-11.777656,1,0,0,0,0
3302,1789388688181707587,41587234247849,-3.472353757e-15,1,0,1,0.5263875723,1,0,0,0,0,0,-1,0.5,0,0,1000000000,1,1,1,0,0,0,0,0,0,0,0,0,-12.30427726,-11.777656,1,0,0,0,0
3303,1789388688191696590,41587244236861,-3.472353757e-15,1,0,1,0.5263875723,1,0,0,0,0,0,-1,0.5,0,0,1000000000,1,1,1,0,0,0,0,0,0,0,0,0,-12.30427726,-11.777656,1,0,0,0,0
3304,1789388688201695461,41587254235734,-3.472353757e-15,1,0,1,0.5263875723,1,0,0,0,0,0,-1,0.5,0,0,1000000000,1,1,1,0,0,0,0,0,0,0,0,0,-12.30427726,-11.777656,1,0,0,0,0
3305,1789388688211719517,41587264259761,-3.472353757e-15,1,0,1,0.5263875723,1,0,0,0,0,0,-1,0.5,0,0,1000000000,1,1,1,0,0,0,0,0,0,0,0,0,-12.30427726,-11.777656,1,0,0,0,0
3306,1789388688221720027,41587274260289,-3.472353757e-15,1,0,1,0.5263875723,1,0,0,0,0,0,-1,0.5,0,0,1000000000,1,1,1,0,0,0,0,0,0,0,0,0,-12.30427726,-11.777656,1,0,0,0,0
3307,1789388688231708586,41587284248853,-3.472353757e-15,1,0,1,0.5263875723,1,0,0,0,0,0,-1,0.5,0,0,1000000000,1,1,1,0,0,0,0,0,0,0,0,0,-12.30427726,-11.777656,1,0,0,0,0
3308,1789388688241697536,41587294237807,-3.472353757e-15,1,0,1,0.5271436572,1,0,0,0,0,0,-1,0.5,0,0,1000000000,1,1,1,0,0,0,0,0,0,0,0,0,-12.30427726,-11.777656,1,0,0,0,0
3309,1789388688251713727,41587304253996,-3.588596655e-07,1,0,1,0.5271436572,1,0,0,0,0,0,-1,0.5,0,0,1000000000,1,1,1,0,0,0,0,0,0,0,0,0,-12.30427726,-11.777656,1,0,0,0,0
3310,1789388688261699129,41587314239402,-7.177193311e-07,1,0,1,0.5271436572,1,0,0,0,0,0,-1,0.5,0,0,1000000000,1,1,1,0,0,0,0,0,0,0,0,0,-12.30427726,-11.777656,1,0,0,0,0
3311,1789388688271716679,41587324256947,-1.076578997e-06,1,0,1,0.5271436572,1,0,0,0,0,0,-1,0.5,0,0,1000000000,1,1,1,0,0,0,0,0,0,0,0,0,-12.30427726,-11.777656,1,0,0,0,0
3312,1789388688281719105,41587334259350,-1.435438662e-06,1,0,1,0.5271436572,1,0,0,0,0,0,-1,0.5,0,0,1000000000,1,1,1,0,0,0,0,0,0,0,0,0,-12.30427726,-11.777656,1,0,0,0,0
3313,1789388688291718240,41587344258506,-1.794298328e-06,1,0,1,0.5271436572,1,0,0,0,0,0,-1,0.5,0,0,1000000000,1,1,1,0,0,0,0,0,0,0,0,0,-12.30427726,-11.777656,1,0,0,0,0
3314,1789388688301711324,41587354251589,-2.153157993e-06,1,0,1,0.5271436572,1,0,0,0,0,0,-1,0.5,0,0,1000000000,1,1,1,0,0,0,0,0,0,0,0,0,-12.30427726,-11.777656,1,0,0,0,0
3315,1789388688311724662,41587364264924,-2.512017772e-06,1,0,1,0.5271436572,1,0,0,0,0,0,-1,0.5,0,0,1000000000,1,1,1,0,0,0,0,0,0,0,0,0,-12.30427726,-11.777656,1,0,0,0,0
3316,1789388688321707713,41587374247972,-2.870877324e-06,1,0,1,0.5271436572,1,0,0,0,0,0,-1,0.5,0,0,1000000000,1,1,1,0,0,0,0,0,0,0,0,0,-12.30427726,-11.777656,1,0,0,0,0
3317,1789388688331724666,41587384264939,-3.229737104e-06,1,0,1,0.5271436572,1,0,0,0,0,0,-1,0.5,0,0,1000000000,1,1,1,0,0,0,0,0,0,0,0,0,-12.30427726,-11.777656,1,0,0,0,0
3318,1789388688341702397,41587394242664,-3.588596655e-06,1,0,1,0.5096498132,1,0,0,0,0,0,-1,0.5,0,0,1000000000,1,1,1,0,0,0,0,0,0,0,0,0,-12.30427726,-11.777656,1,0,0,0,0
3319,1789388688351710355,41587404250624,-3.947456207e-06,1,0,1,0.5096498132,1,0,0,0,0,0,-1,0.5,0,0,1000000000,1,1,1,0,0,0,0,0,0,0,0,0,-12.30427726,-11.777656,1,0,0,0,0
3320,1789388688361695592,41587414235864,-4.306315986e-06,1,0,1,0.5096498132,1,0,0,0,0,0,-1,0.5,0,0,1000000000,1,1,1,0,0,0,0,0,0,0,0,0,-12.30427726,-11.777656,1,0,0,0,0
3321,1789388688371697623,41587424237893,-4.665175766e-06,1,0,1,0.5096498132,1,0,0,0,0,0,-1,0.5,0,0,1000000000,1,1,1,0,0,0,0,0,0,0,0,0,-12.30427726,-11.777656,1,0,0,0,0
3322,1789388688381735160,41587434275406,-5.024035545e-06,1,0,1,0.5096498132,1,0,0,0,0,0,-1,0.5,0,0,1000000000,1,1,1,0,0,0,0,0,0,0,0,0,-12.30427726,-11.79620933,1,0,0,0,0
3323,1789388688391733793,41587444274065,-5.382894869e-06,1,0,1,0.5096498132,1,0,0,0,0,0,-1,0.5,0,0,1000000000,1,1,1,0,0,0,0,0,0,0,0,0,-12.30427726,-11.79620933,1,0,0,0,0
3324,1789388688401707034,41587454247301,-5.741754649e-06,1,0,1,0.5096498132,1,0,0,0,0,0,-1,0.5,0,0,1000000000,1,1,1,0,0,0,0,0,0,0,0,0,-12.30427726,-11.79620933,1,0,0,0,0
3325,1789388688411699256,41587464239517,-6.100614428e-06,1,0,1,0.5096498132,1,0,0,0,0,0,-1,0.5,0,0,1000000000,1,1,1,0,0,0,0,0,0,0,0,0,-12.30427726,-11.79620933,1,0,0,0,0
3326,1789388688421702454,41587474242713,-6.459474207e-06,1,0,1,0.5096498132,1,0,0,0,0,0,-1,0.5,0,0,1000000000,1,1,1,0,0,0,0,0,0,0,0,0,-12.30427726,-11.79620933,1,0,0,0,0
3327,1789388688431703799,41587484244055,-6.818333986e-06,1,0,1,0.5245227218,1,0,0,0,0,0,-1,0.5,0,0,1000000000,1,1,1,0,0,0,0,0,0,0,0,0,-12.30427726,-11.79620933,1,0,0,0,0
3328,1789388688441700404,41587494240676,-7.177193311e-06,1,0,1,0.5245227218,1,0,0,0,0,0,-1,0.5,0,0,1000000000,1,1,1,0,0,0,0,0,0,0,0,0,-12.30427726,-11.79620933,1,0,0,0,0
3329,1789388688451708527,41587504248799,-7.53605309e-06,1,0,1,0.5245227218,1,0,0,0,0,0,-1,0.5,0,0,1000000000,1,1,1,0,0,0,0,0,0,0,0,0,-12.30427726,-11.79620933,1,0,0,0,0
3330,1789388688461703808,41587514244074,-7.894912414e-06,1,0,1,0.5245227218,1,0,0,0,0,0,-1,0.5,0,0,1000000000,1,1,1,0,0,0,0,0,0,0,0,0,-12.30427726,-11.79620933,1,0,0,0,0
3331,1789388688471693581,41587524233850,-8.253772648e-06,1,0,1,0.5245227218,1,0,0,0,0,0,-1,0.5,0,0,1000000000,1,1,1,0,0,0,0,0,0,0,0,0,-12.30427726,-11.79620933,1,0,0,0,0
3332,1789388688481761607,41587534301871,-8.612631973e-06,1,0,1,0.5245227218,1,0,0,0,0,0,-1,0.5,0,0,1000000000,1,1,1,0,0,0,0,0,0,0,0,0,-12.30427726,-11.777656,1,0,0,0,0
3333,1789388688491699269,41587544239536,-8.971492207e-06,1,0,1,0.5245227218,1,0,0,0,0,0,-1,0.5,0,0,1000000000,1,1,1,0,0,0,0,0,0,0,0,0,-12.30427726,-11.777656,1,0,0,0,0
3334,1789388688501695399,41587554235653,-9.330351531e-06,1,0,1,0.5245227218,1,0,0,0,0,0,-1,0.5,0,0,1000000000,1,1,1,0,0,0,0,0,0,0,0,0,-12.30427726,-11.777656,1,0,0,0,0
3335,1789388688511730991,41587564271243,-9.689210856e-06,1,0,1,0.5245227218,1,0,0,0,0,0,-1,0.5,0,0,1000000000,1,1,1,0,0,0,0,0,0,0,0,0,-12.30427726,-11.777656,1,0,0,0,0
3336,1789388688521711565,41587574251830,-1.004807109e-05,1,0,1,0.5245227218,1,0,0,0,0,0,-1,0.5,0,0,1000000000,1,1,1,0,0,0,0,0,0,0,0,0,-12.30427726,-11.777656,1,0,0,0,0
3337,1789388688531721079,41587584261317,-1.040693041e-05,1,0,1,0.5183258057,1,0,0,0,0,0,-1,0.5,0,0,1000000000,1,1,1,0,0,0,0,0,0,0,0,0,-12.30427726,-11.777656,1,0,0,0,0
3338,1789388688541755885,41587594296146,-1.076578974e-05,1,0,1,0.5183258057,1,0,0,0,0,0,-1,0.5,0,0,1000000000,1,1,1,0,0,0,0,0,0,0,0,0,-12.30427726,-11.777656,1,0,0,0,0
3339,1789388688551798715,41587604338747,-1.076578974e-05,1,0,1,0.5183258057,1,0,0,0,0,0,-1,0.5,0,0,1000000000,1,1,1,0,0,0,0,0,0,0,0,0,-12.30427726,-11.777656,1,0,0,0,0
3340,1789388688561704583,41587614244852,-1.076578974e-05,1,0,1,0.5183258057,1,0,0,0,0,0,-1,0.5,0,0,1000000000,1,1,1,0,0,0,0,0,0,0,0,0,-12.30427726,-11.777656,1,0,0,0,0
3341,1789388688571712880,41587624253152,-1.076578974e-05,1,0,1,0.5183258057,1,0,0,0,0,0,-1,0.5,0,0,1000000000,1,1,1,0,0,0,0,0,0,0,0,0,-12.30427726,-11.777656,1,0,0,0,0
3342,1789388688581700206,41587634240478,-1.076578974e-05,1,0,1,0.5183258057,1,0,0,0,0,0,-1,0.5,0,0,1000000000,1,1,1,0,0,0,0,0,0,0,0,0,-12.30427726,-11.777656,1,0,0,0,0
3343,1789388688591709689,41587644249957,-1.076578974e-05,1,0,1,0.5183258057,1,0,0,0,0,0,-1,0.5,0,0,1000000000,1,1,1,0,0,0,0,0,0,0,0,0,-12.30427726,-11.777656,1,0,0,0,0
3344,1789388688601722877,41587654263008,-1.076578974e-05,1,0,1,0.5183258057,1,0,0,0,0,0,-1,0.5,0,0,1000000000,1,1,1,0,0,0,0,0,0,0,0,0,-12.30427726,-11.777656,1,0,0,0,0
3345,1789388688611957347,41587664497598,-1.076578974e-05,1,0,1,0.5183258057,1,0,0,0,0,0,-1,0.5,0,0,1000000000,1,1,1,0,0,0,0,0,0,0,0,0,-12.30427726,-11.777656,1,0,0,0,0
3346,1789388688621703532,41587674243794,-1.076578974e-05,1,0,1,0.5183258057,1,0,0,0,0,0,-1,0.5,0,0,1000000000,1,1,1,0,0,0,0,0,0,0,0,0,-12.30427726,-11.777656,1,0,0,0,0
3347,1789388688631710599,41587684250870,-1.076578974e-05,1,0,1,0.5183258057,1,0,0,0,0,0,-1,0.5,0,0,1000000000,1,1,1,0,0,0,0,0,0,0,0,0,-12.30427726,-11.777656,1,0,0,0,0
3348,1789388688641699852,41587694240121,-1.076578974e-05,1,0,1,0.5505282283,1,0,0,0,0,0,-1,0.5,0,0,1000000000,1,1,1,0,0,0,0,0,0,0,0,0,-12.30427726,-11.777656,1,0,0,0,0
3349,1789388688651698931,41587704239201,-1.076578974e-05,1,0,1,0.5505282283,1,0,0,0,0,0,-1,0.5,0,0,1000000000,1,1,1,0,0,0,0,0,0,0,0,0,-12.30427726,-11.777656,1,0,0,0,0
3350,1789388688661708694,41587714248961,-1.076578974e-05,1,0,1,0.5505282283,1,0,0,0,0,0,-1,0.5,0,0,1000000000,1,1,1,0,0,0,0,0,0,0,0,0,-12.30427726,-11.777656,1,0,0,0,0
3351,1789388688671723009,41587724263262,-1.076578974e-05,1,0,1,0.5505282283,1,0,0,0,0,0,-1,0.5,0,0,1000000000,1,1,1,0,0,0,0,0,0,0,0,0,-12.30427726,-11.777656,1,0,0,0,0
3352,1789388688681716573,41587734256840,-1.076578974e-05,1,0,1,0.5505282283,1,0,0,0,0,0,-1,0.5,0,0,1000000000,1,1,1,0,0,0,0,0,0,0,0,0,-12.30427726,-11.777656,1,0,0,0,0
3353,1789388688691695724,41587744235992,-1.076578974e-05,1,0,1,0.5505282283,1,0,0,0,0,0,-1,0.5,0,0,1000000000,1,1,1,0,0,0,0,0,0,0,0,0,-12.30427726,-11.777656,1,0,0,0,0
3354,1789388688701705390,41587754245650,-1.076578974e-05,1,0,1,0.5505282283,1,0,0,0,0,0,-1,0.5,0,0,1000000000,1,1,1,0,0,0,0,0,0,0,0,0,-12.30427726,-11.777656,1,0,0,0,0
3355,1789388688711703437,41587764243708,-1.076578974e-05,1,0,1,0.5505282283,1,0,0,0,0,0,-1,0.5,0,0,1000000000,1,1,1,0,0,0,0,0,0,0,0,0,-12.30427726,-11.777656,1,0,0,0,0
3356,1789388688721692669,41587774232930,-1.076578974e-05,1,0,1,0.5505282283,1,0,0,0,0,0,-1,0.5,0,0,1000000000,1,1,1,0,0,0,0,0,0,0,0,0,-12.30427726,-11.777656,1,0,0,0,0
3357,1789388688731701322,41587784241511,-1.076578974e-05,1,0,1,0.5398940444,1,0,0,0,0,0,-1,0.5,0,0,1000000000,1,1,1,0,0,0,0,0,0,0,0,0,-12.30427726,-11.777656,1,0,0,0,0
3358,1789388688741697574,41587794237848,-1.076578974e-05,1,0,1,0.5398940444,1,0,0,0,0,0,-1,0.5,0,0,1000000000,1,1,1,0,0,0,0,0,0,0,0,0,-12.30427726,-11.777656,1,0,0,0,0
3359,1789388688751694529,41587804234801,-1.076578974e-05,1,0,1,0.5398940444,1,0,0,0,0,0,-1,0.5,0,0,1000000000,1,1,1,0,0,0,0,0,0,0,0,0,-12.30427726,-11.777656,1,0,0,0,0
3360,1789388688761695213,41587814235475,-1.076578974e-05,1,0,1,0.5398940444,1,0,0,0,0,0,-1,0.5,0,0,1000000000,1,1,1,0,0,0,0,0,0,0,0,0,-12.30427726,-11.777656,1,0,0,0,0
3361,1789388688771713517,41587824253787,-1.076578974e-05,1,0,1,0.5398940444,1,0,0,0,0,0,-1,0.5,0,0,1000000000,1,1,1,0,0,0,0,0,0,0,0,0,-12.30427726,-11.777656,1,0,0,0,0
3362,1789388688781693204,41587834233475,-1.076578974e-05,1,0,1,0.5398940444,1,0,0,0,0,0,-1,0.5,0,0,1000000000,1,1,1,0,0,0,0,0,0,0,0,0,-12.30427726,-11.777656,1,0,0,0,0
3363,1789388688798140405,41587850680678,-1.076578974e-05,1,0,1,0.5398940444,1,0,0,0,0,0,-1,0.5,0,0,1000000000,1,1,1,0,0,0,0,0,0,0,0,0,-12.30427726,-11.777656,1,0,0,0,0
3364,1789388688801689964,41587854230235,-1.076578974e-05,1,0,1,0.5398940444,1,0,0,0,0,0,-1,0.5,0,0,1000000000,1,1,1,0,0,0,0,0,0,0,0,0,-12.30427726,-11.777656,1,0,0,0,0
3365,1789388688811786334,41587864326605,-1.076578974e-05,1,0,1,0.5398940444,1,0,0,0,0,0,-1,0.5,0,0,1000000000,1,1,1,0,0,0,0,0,0,0,0,0,-12.30427726,-11.777656,1,0,0,0,0
3366,1789388688821702576,41587874242847,-1.076578974e-05,1,0,1,0.5398940444,1,0,0,0,0,0,-1,0.5,0,0,1000000000,1,1,1,0,0,0,0,0,0,0,0,0,-12.30427726,-11.777656,1,0,0,0,0
3367,1789388688831869209,41587884409483,-1.076578974e-05,1,0,1,0.5398940444,1,0,0,0,0,0,-1,0.5,0,0,1000000000,1,1,1,0,0,0,0,0,0,0,0,0,-12.30427726,-11.777656,1,0,0,0,0
3368,1789388688841698377,41587894238539,-1.076578974e-05,1,0,1,0.538780272,1,0,0,0,0,0,-1,0.5,0,0,1000000000,1,1,1,0,0,0,0,0,0,0,0,0,-12.30427726,-11.777656,1,0,0,0,0
3369,1789388688851697992,41587904238261,-1.076578974e-05,1,0,1,0.538780272,1,0,0,0,0,0,-1,0.5,0,0,1000000000,1,1,1,0,0,0,0,0,0,0,0,0,-12.30427726,-11.777656,1,0,0,0,0
3370,1789388688861697404,41587914237675,-1.076578974e-05,1,0,1,0.538780272,1,0,0,0,0,0,-1,0.5,0,0,1000000000,1,1,1,0,0,0,0,0,0,0,0,0,-12.30427726,-11.777656,1,0,0,0,0
3371,1789388688871709696,41587924249944,-1.076578974e-05,1,0,1,0.538780272,1,0,0,0,0,0,-1,0.5,0,0,1000000000,1,1,1,0,0,0,0,0,0,0,0,0,-12.30427726,-11.777656,1,0,0,0,0
3372,1789388688881701333,41587934241600,-1.076578974e-05,1,0,1,0.538780272,1,0,0,0,0,0,-1,0.5,0,0,1000000000,1,1,1,0,0,0,0,0,0,0,0,0,-12.30427726,-11.777656,1,0,0,0,0
3373,1789388688891767445,41587944307710,-1.076578974e-05,1,0,1,0.538780272,1,0,0,0,0,0,-1,0.5,0,0,1000000000,1,1,1,0,0,0,0,0,0,0,0,0,-12.30427726,-11.777656,1,0,0,0,0
3374,1789388688901698091,41587954238358,-1.076578974e-05,1,0,1,0.538780272,1,0,0,0,0,0,-1,0.5,0,0,1000000000,1,1,1,0,0,0,0,0,0,0,0,0,-12.30427726,-11.777656,1,0,0,0,0
3375,1789388688911739982,41587964280248,-1.076578974e-05,1,0,1,0.538780272,1,0,0,0,0,0,-1,0.5,0,0,1000000000,1,1,1,0,0,0,0,0,0,0,0,0,-12.30427726,-11.777656,1,0,0,0,0
3376,1789388688921716187,41587974256449,-1.076578974e-05,1,0,1,0.538780272,1,0,0,0,0,0,-1,0.5,0,0,1000000000,1,1,1,0,0,0,0,0,0,0,0,0,-12.30427726,-11.777656,1,0,0,0,0
3377,1789388688931718964,41587984259222,-1.076578974e-05,1,0,1,0.5196533799,1,0,0,0,0,0,-1,0.5,0,0,1000000000,1,1,1,0,0,0,0,0,0,0,0,0,-12.30427726,-11.777656,1,0,0,0,0
3378,1789388688941715251,41587994255522,-1.076578974e-05,1,0,1,0.5196533799,1,0,0,0,0,0,-1,0.5,0,0,1000000000,1,1,1,0,0,0,0,0,0,0,0,0,-12.30427726,-11.777656,1,0,0,0,0
3379,1789388688951712376,41588004252638,-1.076578974e-05,1,0,1,0.5196533799,1,0,0,0,0,0,-1,0.5,0,0,1000000000,1,1,1,0,0,0,0,0,0,0,0,0,-12.30427726,-11.777656,1,0,0,0,0
3380,1789388688961706998,41588014247270,-1.076578974e-05,1,0,1,0.5196533799,1,0,0,0,0,0,-1,0.5,0,0,1000000000,1,1,1,0,0,0,0,0,0,0,0,0,-12.30427726,-11.777656,1,0,0,0,0
3381,1789388688971717408,41588024257678,-1.076578974e-05,1,0,1,0.5196533799,1,0,0,0,0,0,-1,0.5,0,0,1000000000,1,1,1,0,0,0,0,0,0,0,0,0,-12.30427726,-11.777656,1,0,0,0,0
3382,1789388688981740902,41588034281163,-1.076578974e-05,1,0,1,0.5196533799,1,0,0,0,0,0,-1,0.5,0,0,1000000000,1,1,1,0,0,0,0,0,0,0,0,0,-12.30427726,-11.79620933,1,0,0,0,0
3383,1789388688991724111,41588044264371,-1.076578974e-05,1,0,1,0.5196533799,1,0,0,0,0,0,-1,0.5,0,0,1000000000,1,1,1,0,0,0,0,0,0,0,0,0,-12.30427726,-11.79620933,1,0,0,0,0
3384,1789388689001736208,41588054276454,-1.076578974e-05,1,0,1,0.5196533799,1,0,0,0,0,0,-1,0.5,0,0,1000000000,1,1,1,0,0,0,0,0,0,0,0,0,-12.30427726,-11.79620933,1,0,0,0,0
3385,1789388689011700523,41588064240779,-1.076578974e-05,1,0,1,0.5196533799,1,0,0,0,0,0,-1,0.5,0,0,1000000000,1,1,1,0,0,0,0,0,0,0,0,0,-12.30427726,-11.79620933,1,0,0,0,0
3386,1789388689021699565,41588074239835,-1.076578974e-05,1,0,1,0.5196533799,1,0,0,0,0,0,-1,0.5,0,0,1000000000,1,1,1,0,0,0,0,0,0,0,0,0,-12.30427726,-11.79620933,1,0,0,0,0
3387,1789388689031709368,41588084249639,-1.076578974e-05,1,0,1,0.5196533799,1,0,0,0,0,0,-1,0.5,0,0,1000000000,1,1,1,0,0,0,0,0,0,0,0,0,-12.30427726,-11.79620933,1,0,0,0,0
3388,1789388689041746387,41588094286544,-1.076578974e-05,1,0,1,0.5413968563,1,0,0,0,0,0,-1,0.5,0,0,1000000000,1,1,1,0,0,0,0,0,0,0,0,0,-12.30427726,-11.79620933,1,0,0,0,0
3389,1789388689051703585,41588104243856,-1.076578974e-05,1,0,1,0.5413968563,1,0,0,0,0,0,-1,0.5,0,0,1000000000,1,1,1,0,0,0,0,0,0,0,0,0,-12.30427726,-11.79620933,1,0,0,0,0
3390,1789388689061697056,41588114237328,-1.076578974e-05,1,0,1,0.5413968563,1,0,0,0,0,0,-1,0.5,0,0,1000000000,1,1,1,0,0,0,0,0,0,0,0,0,-12.30427726,-11.79620933,1,0,0,0,0
3391,1789388689071705269,41588124245518,-1.076578974e-05,1,0,1,0.5413968563,1,0,0,0,0,0,-1,0.5,0,0,1000000000,1,1,1,0,0,0,0,0,0,0,0,0,-12.30427726,-11.79620933,1,0,0,0,0
3392,1789388689081694406,41588134234673,-1.076578974e-05,1,0,1,0.5413968563,1,0,0,0,0,0,-1,0.5,0,0,1000000000,1,1,1,0,0,0,0,0,0,0,0,0,-12.30427726,-11.79620933,1,0,0,0,0
3393,1789388689091699674,41588144239941,-1.076578974e-05,1,0,1,0.5413968563,1,0,0,0,0,0,-1,0.5,0,0,1000000000,1,1,1,0,0,0,0,0,0,0,0,0,-12.30427726,-11.79620933,1,0,0,0,0
3394,1789388689101702684,41588154242949,-1.076578974e-05,1,0,1,0.5413968563,1,0,0,0,0,0,-1,0.5,0,0,1000000000,1,1,1,0,0,0,0,0,0,0,0,0,-12.30427726,-11.79620933,1,0,0,0,0
3395,1789388689111714142,41588164254392,-1.076578974e-05,1,0,1,0.5413968563,1,0,0,0,0,0,-1,0.5,0,0,1000000000,1,1,1,0,0,0,0,0,0,0,0,0,-12.30427726,-11.79620933,1,0,0,0,0
3396,1789388689121718931,41588174259182,-1.076578974e-05,1,0,1,0.5413968563,1,0,0,0,0,0,-1,0.5,0,0,1000000000,1,1,1,0,0,0,0,0,0,0,0,0,-12.30427726,-11.79620933,1,0,0,0,0
3397,1789388689131705827,41588184246088,-1.076578974e-05,1,0,1,0.5323893428,1,0,0,0,0,0,-1,0.5,0,0,1000000000,1,1,1,0,0,0,0,0,0,0,0,0,-12.30427726,-11.79620933,1,0,0,0,0
3398,1789388689141761179,41588194301447,-1.076578974e-05,1,0,1,0.5323893428,1,0,0,0,0,0,-1,0.5,0,0,1000000000,1,1,1,0,0,0,0,0,0,0,0,0,-12.30427726,-11.79620933,1,0,0,0,0
3399,1789388689151711714,41588204251979,-1.076578974e-05,1,0,1,0.5323893428,1,0,0,0,0,0,-1,0.5,0,0,1000000000,1,1,1,0,0,0,0,0,0,0,0,0,-12.30427726,-11.79620933,1,0,0,0,0
3400,1789388689161711924,41588214252197,-1.076578974e-05,1,0,1,0.5323893428,1,0,0,0,0,0,-1,0.5,0,0,1000000000,1,1,1,0,0,0,0,0,0,0,0,0,-12.30427726,-11.79620933,1,0,0,0,0
3401,1789388689171723751,41588224263993,-1.076578974e-05,1,0,1,0.5323893428,1,0,0,0,0,0,-1,0.5,0,0,1000000000,1,1,1,0,0,0,0,0,0,0,0,0,-12.30427726,-11.79620933,1,0,0,0,0
3402,1789388689181742660,41588234282787,-1.076578974e-05,1,0,1,0.5323893428,1,0,0,0,0,0,-1,0.5,0,0,1000000000,1,1,1,0,0,0,0,0,0,0,0,0,-12.30427726,-11.777656,1,0,0,0,0
3403,1789388689191728146,41588244268397,-1.076578974e-05,1,0,1,0.5323893428,1,0,0,0,0,0,-1,0.5,0,0,1000000000,1,1,1,0,0,0,0,0,0,0,0,0,-12.30427726,-11.777656,1,0,0,0,0
3404,1789388689201722192,41588254262437,-1.076578974e-05,1,0,1,0.5323893428,1,0,0,0,0,0,-1,0.5,0,0,1000000000,1,1,1,0,0,0,0,0,0,0,0,0,-12.30427726,-11.777656,1,0,0,0,0
3405,1789388689211718989,41588264259239,-1.076578974e-05,1,0,1,0.5323893428,1,0,0,0,0,0,-1,0.5,0,0,1000000000,1,1,1,0,0,0,0,0,0,0,0,0,-12.30427726,-11.777656,1,0,0,0,0
3406,1789388689221723166,41588274263428,-1.076578974e-05,1,0,1,0.5323893428,1,0,0,0,0,0,-1,0.5,0,0,1000000000,1,1,1,0,0,0,0,0,0,0,0,0,-12.30427726,-11.777656,1,0,0,0,0
3407,1789388689231713049,41588284253318,-1.076578974e-05,1,0,1,0.5304742455,1,0,0,0,0,0,-1,0.5,0,0,1000000000,1,1,1,0,0,0,0,0,0,0,0,0,-12.30427726,-11.777656,1,0,0,0,0
3408,1789388689241704382,41588294244651,-1.076578974e-05,1,0,1,0.5304742455,1,0,0,0,0,0,-1,0.5,0,0,1000000000,1,1,1,0,0,0,0,0,0,0,0,0,-12.30427726,-11.777656,1,0,0,0,0
3409,1789388689251707001,41588304247198,-1.040693041e-05,1,0,1,0.5304742455,1,0,0,0,0,0,-1,0.5,0,0,1000000000,1,1,1,0,0,0,0,0,0,0,0,0,-12.30427726,-11.777656,1,0,0,0,0
3410,1789388689261704888,41588314245161,-1.004807109e-05,1,0,1,0.5304742455,1,0,0,0,0,0,-1,0.5,0,0,1000000000,1,1,1,0,0,0,0,0,0,0,0,0,-12.30427726,-11.777656,1,0,0,0,0
3411,1789388689271706604,41588324246873,-9.689210856e-06,1,0,1,0.5304742455,1,0,0,0,0,0,-1,0.5,0,0,1000000000,1,1,1,0,0,0,0,0,0,0,0,0,-12.30427726,-11.777656,1,0,0,0,0
3412,1789388689281698000,41588334238267,-9.330351531e-06,1,0,1,0.5304742455,1,0,0,0,0,0,-1,0.5,0,0,1000000000,1,1,1,0,0,0,0,0,0,0,0,0,-12.30427726,-11.777656,1,0,0,0,0
3413,1789388689291704499,41588344244751,-8.971492207e-06,1,0,1,0.5304742455,1,0,0,0,0,0,-1,0.5,0,0,1000000000,1,1,1,0,0,0,0,0,0,0,0,0,-12.30427726,-11.777656,1,0,0,0,0
3414,1789388689301716732,41588354256974,-8.612631973e-06,1,0,1,0.5304742455,1,0,0,0,0,0,-1,0.5,0,0,1000000000,1,1,1,0,0,0,0,0,0,0,0,0,-12.30427726,-11.777656,1,0,0,0,0
3415,1789388689311712520,41588364252791,-8.253772648e-06,1,0,1,0.5304742455,1,0,0,0,0,0,-1,0.5,0,0,1000000000,1,1,1,0,0,0,0,0,0,0,0,0,-12.30427726,-11.777656,1,0,0,0,0
3416,1789388689321742380,41588374282630,-7.894912414e-06,1,0,1,0.5304742455,1,0,0,0,0,0,-1,0.5,0,0,1000000000,1,1,1,0,0,0,0,0,0,0,0,0,-12.30427726,-11.777656,1,0,0,0,0
3417,1789388689331726271,41588384266541,-7.53605309e-06,1,0,1,0.4978997707,1,0,0,0,0,0,-1,0.5,0,0,1000000000,1,1,1,0,0,0,0,0,0,0,0,0,-12.30427726,-11.777656,1,0,0,0,0
3418,1789388689341766822,41588394306812,-7.177193311e-06,1,0,1,0.4978997707,1,0,0,0,0,0,-1,0.5,0,0,1000000000,1,1,1,0,0,0,0,0,0,0,0,0,-12.30427726,-11.777656,1,0,0,0,0
3419,1789388689351713996,41588404254265,-6.818333986e-06,1,0,1,0.4978997707,1,0,0,0,0,0,-1,0.5,0,0,1000000000,1,1,1,0,0,0,0,0,0,0,0,0,-12.30427726,-11.777656,1,0,0,0,0
3420,1789388689361741374,41588414281527,-6.459474207e-06,1,0,1,0.4978997707,1,0,0,0,0,0,-1,0.5,0,0,1000000000,1,1,1,0,0,0,0,0,0,0,0,0,-12.30427726,-11.777656,1,0,0,0,0
3421,1789388689371761089,41588424301349,-6.100614428e-06,1,0,1,0.4978997707,1,0,0,0,0,0,-1,0.5,0,0,1000000000,1,1,1,0,0,0,0,0,0,0,0,0,-12.30427726,-11.777656,1,0,0,0,0
3422,1789388689381747385,41588434287638,-5.741754649e-06,1,0,1,0.4978997707,1,0,0,0,0,0,-1,0.5,0,0,1000000000,1,1,1,0,0,0,0,0,0,0,0,0,-12.30427726,-11.777656,1,0,0,0,0
3423,1789388689391740258,41588444280372,-5.382894869e-06,1,0,1,0.4978997707,1,0,0,0,0,0,-1,0.5,0,0,1000000000,1,1,1,0,0,0,0,0,0,0,0,0,-12.30427726,-11.777656,1,0,0,0,0
3424,1789388689401722161,41588454262405,-5.024035545e-06,1,0,1,0.4978997707,1,0,0,0,0,0,-1,0.5,0,0,1000000000,1,1,1,0,0,0,0,0,0,0,0,0,-12.30427726,-11.777656,1,0,0,0,0
3425,1789388689411708676,41588464248944,-4.665175766e-06,1,0,1,0.4978997707,1,0,0,0,0,0,-1,0.5,0,0,1000000000,1,1,1,0,0,0,0,0,0,0,0,0,-12.30427726,-11.777656,1,0,0,0,0
3426,1789388689421704357,41588474244547,-4.306315986e-06,1,0,1,0.4978997707,1,0,1,0,0,0,-1,0.5,1,0,1000000000,1,1,1,0,0,0,0,0,0,0,0,0,-12.30427726,-11.777656,1,0,0,0,0
3427,1789388689431697600,41588484237868,-3.947456207e-06,1,0,1,0.5449297428,1,0,0,0,0,0,-1,0.5,1,0,1000000000,1,1,1,0,0,0,0,0,0,0,0,0,-12.30427726,-11.777656,1,0,0,0,0
3428,1789388689441700388,41588494240653,-3.588596655e-06,1,0,1,0.5449297428,1,0,0,0,0,0,-1,0.5,1,0,1000000000,1,1,1,0,0,0,0,0,0,0,0,0,-12.30427726,-11.777656,1,0,0,0,0
3429,1789388689451696331,41588504236596,-3.229737104e-06,1,0,1,0.5449297428,1,0,0,0,0,0,-1,0.5,1,0,1000000000,1,1,1,0,0,0,0,0,0,0,0,0,-12.30427726,-11.777656,1,0,0,0,0
3430,1789388689461697796,41588514238066,-2.870877324e-06,1,0,1,0.5449297428,1,0,0,0,0,0,-1,0.5,1,0,1000000000,1,1,1,0,0,0,0,0,0,0,0,0,-12.30427726,-11.777656,1,0,0,0,0
3431,1789388689471713603,41588524253874,-2.512017772e-06,1,0,1,0.5449297428,1,0,0,0,0,0,-1,0.5,1,0,1000000000,1,1,1,0,0,0,0,0,0,0,0,0,-12.30427726,-11.777656,1,0,0,0,0
3432,1789388689481766323,41588534306589,-2.153157993e-06,1,0,1,0.5449297428,1,0,0,0,0,0,-1,0.5,1,0,1000000000,1,1,1,0,0,0,0,0,0,0,0,0,-12.30427726,-11.777656,1,0,0,0,0
3433,1789388689491734501,41588544274746,-1.794298328e-06,1,0,1,0.5449297428,1,0,0,0,0,0,-1,0.5,1,0,1000000000,1,1,1,0,0,0,0,0,0,0,0,0,-12.30427726,-11.777656,1,0,0,0,0
3434,1789388689501717329,41588554257594,-1.435438662e-06,1,0,1,0.5449297428,1,0,0,0,0,0,-1,0.5,1,0,1000000000,1,1,1,0,0,0,0,0,0,0,0,0,-12.30427726,-11.777656,1,0,0,0,0
3435,1789388689511708686,41588564248934,-1.076578997e-06,1,0,1,0.5449297428,1,0,0,0,0,0,-1,0.5,1,0,1000000000,1,1,1,0,0,0,0,0,0,0,0,0,-12.30427726,-11.777656,1,0,0,0,0
3436,1789388689521759418,41588574299434,-7.177193311e-07,1,0,1,0.5449297428,1,0,0,0,0,0,-1,0.5,1,0,1000000000,1,1,1,0,0,0,0,0,0,0,0,0,-12.30427726,-11.777656,1,0,0,0,0
3437,1789388689531714260,41588584254529,-3.588596655e-07,1,0,1,0.5449297428,1,0,0,0,0,0,-1,0.5,1,0,1000000000,1,1,1,0,0,0,0,0,0,0,0,0,-12.30427726,-11.777656,1,0,0,0,0
3438,1789388689541743825,41588594284084,-3.472353757e-15,1,0,1,0.5340346694,1,0,0,0,0,0,-1,0.5,1,0,1000000000,1,1,1,0,0,0,0,0,0,0,0,0,-12.30427726,-11.777656,1,0,0,0,0
3439,1789388689551704252,41588604244525,-3.472353757e-15,1,0,1,0.5340346694,1,0,0,0,0,0,-1,0.5,1,0,1000000000,1,1,1,0,0,0,0,0,0,0,0,0,-12.30427726,-11.777656,1,0,0,0,0
3440,1789388689561717884,41588614258153,-3.472353757e-15,1,0,1,0.5340346694,1,0,0,0,0,0,-1,0.5,1,0,1000000000,1,1,1,0,0,0,0,0,0,0,0,0,-12.30427726,-11.777656,1,0,0,0,0
3441,1789388689571746102,41588624286374,-3.472353757e-15,1,0,1,0.5340346694,1,0,0,0,0,0,-1,0.5,1,0,1000000000,1,1,1,0,0,0,0,0,0,0,0,0,-12.30427726,-11.777656,1,0,0,0,0
3442,1789388689581719883,41588634260146,-3.472353757e-15,1,0,1,0.5340346694,1,0,0,0,0,0,-1,0.5,1,0,1000000000,1,1,1,0,0,0,0,0,0,0,0,0,-12.30427726,-11.777656,1,0,0,0,0
3443,1789388689591742015,41588644282268,-3.472353757e-15,1,0,1,0.5340346694,1,0,0,0,0,0,-1,0.5,1,0,1000000000,1,1,1,0,0,0,0,0,0,0,0,0,-12.30427726,-11.777656,1,0,0,0,0
3444,1789388689601721688,41588654261940,-3.472353757e-15,1,0,1,0.5340346694,1,0,0,0,0,0,-1,0.5,1,0,1000000000,1,1,1,0,0,0,0,0,0,0,0,0,-12.30427726,-11.777656,1,0,0,0,0
3445,1789388689611719581,41588664259826,-3.472353757e-15,1,0,1,0.5340346694,1,0,0,0,0,0,-1,0.5,1,0,1000000000,1,1,1,0,0,0,0,0,0,0,0,0,-12.30427726,-11.777656,1,0,0,0,0
3446,1789388689621720090,41588674260340,-3.472353757e-15,1,0,1,0.5340346694,1,0,0,0,0,0,-1,0.5,1,0,1000000000,1,1,1,0,0,0,0,0,0,0,0,0,-12.30427726,-11.777656,1,0,0,0,0
3447,1789388689631719124,41588684259306,-3.472353757e-15,1,0,1,0.5489497781,1,0,0,0,0,0,-1,0.5,1,0,1000000000,1,1,1,0,0,0,0,0,0,0,0,0,-12.30427726,-11.777656,1,0,0,0,0
3448,1789388689641706036,41588694246302,-3.472353757e-15,1,0,1,0.5489497781,1,0,0,0,0,0,-1,0.5,1,0,1000000000,1,1,1,0,0,0,0,0,0,0,0,0,-12.30427726,-11.777656,1,0,0,0,0
3449,1789388689651700909,41588704241168,-3.472353757e-15,1,0,1,0.5489497781,1,0,0,0,0,0,-1,0.5,1,0,1000000000,1,1,1,0,0,0,0,0,0,0,0,0,-12.30427726,-11.777656,1,0,0,0,0
3450,1789388689661696430,41588714236701,-3.472353757e-15,1,0,1,0.5489497781,1,0,0,0,0,0,-1,0.5,1,0,1000000000,1,1,1,0,0,0,0,0,0,0,0,0,-12.30427726,-11.777656,1,0,0,0,0
3451,1789388689671706169,41588724246439,-3.472353757e-15,1,0,1,0.5489497781,1,0,0,0,0,0,-1,0.5,1,0,1000000000,1,1,1,0,0,0,0,0,0,0,0,0,-12.30427726,-11.777656,1,0,0,0,0
3452,1789388689681702707,41588734242966,-3.472353757e-15,1,0,1,0.5489497781,1,0,0,0,0,0,-1,0.5,1,0,1000000000,1,1,1,0,0,0,0,0,0,0,0,0,-12.30427726,-11.79620933,1,0,0,0,0
3453,1789388689691695870,41588744236135,-3.472353757e-15,1,0,1,0.5489497781,1,0,0,0,0,0,-1,0.5,1,0,1000000000,1,1,1,0,0,0,0,0,0,0,0,0,-12.30427726,-11.79620933,1,0,0,0,0
3454,1789388689701693069,41588754233335,-3.472353757e-15,1,0,1,0.5489497781,1,0,0,0,0,0,-1,0.5,1,0,1000000000,1,1,1,0,0,0,0,0,0,0,0,0,-12.30427726,-11.79620933,1,0,0,0,0
3455,1789388689711710493,41588764250756,-3.472353757e-15,1,0,1,0.5489497781,1,0,0,0,0,0,-1,0.5,1,0,1000000000,1,1,1,0,0,0,0,0,0,0,0,0,-12.30427726,-11.79620933,1,0,0,0,0
3456,1789388689721730770,41588774271032,-3.472353757e-15,1,0,1,0.5489497781,1,0,0,0,0,0,-1,0.5,1,0,1000000000,1,1,1,0,0,0,0,0,0,0,0,0,-12.30427726,-11.79620933,1,0,0,0,0
3457,1789388689731760657,41588784300908,-3.472353757e-15,1,0,1,0.5489497781,1,0,0,0,0,0,-1,0.5,1,0,1000000000,1,1,1,0,0,0,0,0,0,0,0,0,-12.30427726,-11.79620933,1,0,0,0,0
3458,1789388689741752844,41588794292891,-3.472353757e-15,1,0,1,0.4935157299,1,0,0,0,0,0,-1,0.5,1,0,1000000000,1,1,1,0,0,0,0,0,0,0,0,0,-12.30427726,-11.79620933,1,0,0,0,0
3459,1789388689751710735,41588804251005,-3.472353757e-15,1,0,1,0.4935157299,1,0,0,0,0,0,-1,0.5,1,0,1000000000,1,1,1,0,0,0,0,0,0,0,0,0,-12.30427726,-11.79620933,1,0,0,0,0
3460,1789388689761695683,41588814235955,-3.472353757e-15,1,0,1,0.4935157299,1,0,0,0,0,0,-1,0.5,1,0,1000000000,1,1,1,0,0,0,0,0,0,0,0,0,-12.30427726,-11.79620933,1,0,0,0,0
3461,1789388689771709183,41588824249442,-3.472353757e-15,1,0,1,0.4935157299,1,0,0,0,0,0,-1,0.5,1,0,1000000000,1,1,1,0,0,0,0,0,0,0,0,0,-12.30427726,-11.79620933,1,0,0,0,0
3462,1789388689781781623,41588834321514,-3.472353757e-15,1,0,1,0.4935157299,1,0,0,0,0,0,-1,0.5,1,0,1000000000,1,1,1,0,0,0,0,0,0,0,0,0,-12.28951933,-11.79620933,1,0,0,0,0
3463,1789388689791709383,41588844249621,-3.472353757e-15,1,0,1,0.4935157299,1,0,0,0,0,0,-1,0.5,1,0,1000000000,1,1,1,0,0,0,0,0,0,0,0,0,-12.28951933,-11.79620933,1,0,0,0,0
3464,1789388689801704231,41588854244388,-3.472353757e-15,1,0,1,0.4935157299,1,0,0,0,0,0,-1,0.5,1,0,1000000000,1,1,1,0,0,0,0,0,0,0,0,0,-12.28951933,-11.79620933,1,0,0,0,0
3465,1789388689811698257,41588864238527,-3.472353757e-15,1,0,1,0.4935157299,1,0,0,0,0,0,-1,0.5,1,0,1000000000,1,1,1,0,0,0,0,0,0,0,0,0,-12.28951933,-11.79620933,1,0,0,0,0
3466,1789388689821697874,41588874238144,-3.472353757e-15,1,0,1,0.4935157299,1,0,0,0,0,0,-1,0.5,1,0,1000000000,1,1,1,0,0,0,0,0,0,0,0,0,-12.28951933,-11.79620933,1,0,0,0,0
3467,1789388689831703485,41588884243757,-3.472353757e-15,1,0,1,0.5338836908,1,0,0,0,0,0,-1,0.5,1,0,1000000000,1,1,1,0,0,0,0,0,0,0,0,0,-12.28951933,-11.79620933,1,0,0,0,0
3468,1789388689841704139,41588894244399,-3.472353757e-15,1,0,1,0.5338836908,1,0,0,0,0,0,-1,0.5,1,0,1000000000,1,1,1,0,0,0,0,0,0,0,0,0,-12.28951933,-11.79620933,1,0,0,0,0
3469,1789388689851700202,41588904240473,-3.472353757e-15,1,0,1,0.5338836908,1,0,0,0,0,0,-1,0.5,1,0,1000000000,1,1,1,0,0,0,0,0,0,0,0,0,-12.28951933,-11.79620933,1,0,0,0,0
3470,1789388689861696040,41588914236310,-3.472353757e-15,1,0,1,0.5338836908,1,0,0,0,0,0,-1,0.5,1,0,1000000000,1,1,1,0,0,0,0,0,0,0,0,0,-12.28951933,-11.79620933,1,0,0,0,0
3471,1789388689871713986,41588924254251,-3.472353757e-15,1,0,1,0.5338836908,1,0,0,0,0,0,-1,0.5,1,0,1000000000,1,1,1,0,0,0,0,0,0,0,0,0,-12.28951933,-11.79620933,1,0,0,0,0
3472,1789388689881732453,41588934272692,-3.472353757e-15,1,0,1,0.5338836908,1,0,0,0,0,0,-1,0.5,1,0,1000000000,1,1,1,0,0,0,0,0,0,0,0,0,-12.30427726,-11.777656,1,0,0,0,0
3473,1789388689891719119,41588944259372,-3.472353757e-15,1,0,1,0.5338836908,1,0,0,0,0,0,-1,0.5,1,0,1000000000,1,1,1,0,0,0,0,0,0,0,0,0,-12.30427726,-11.777656,1,0,0,0,0
3474,1789388689901708502,41588954248752,-3.472353757e-15,1,0,1,0.5338836908,1,0,0,0,0,0,-1,0.5,1,0,1000000000,1,1,1,0,0,0,0,0,0,0,0,0,-12.30427726,-11.777656,1,0,0,0,0
3475,1789388689911711449,41588964251706,-3.472353757e-15,1,0,1,0.5338836908,1,0,0,0,0,0,-1,0.5,1,0,1000000000,1,1,1,0,0,0,0,0,0,0,0,0,-12.30427726,-11.777656,1,0,0,0,0
3476,1789388689921715708,41588974255966,-3.472353757e-15,1,0,1,0.5338836908,1,0,0,0,0,0,-1,0.5,0,0,1000000000,1,1,1,0,0,0,0,0,0,0,0,0,-12.30427726,-11.777656,1,0,0,0,0
3477,1789388689931718910,41588984259152,-3.472353757e-15,1,0,1,0.5338836908,1,0,0,0,0,0,-1,0.5,0,0,1000000000,1,1,1,0,0,0,0,0,0,0,0,0,-12.30427726,-11.777656,1,0,0,0,0
3478,1789388689941727620,41588994267836,-3.472353757e-15,1,0,1,0.4990162253,1,0,0,0,0,0,-1,0.5,0,0,1000000000,1,1,1,0,0,0,0,0,0,0,0,0,-12.30427726,-11.777656,1,0,0,0,0
3479,1789388689951708562,41589004248825,-3.472353757e-15,1,0,1,0.4990162253,1,0,0,0,0,0,-1,0.5,0,0,1000000000,1,1,1,0,0,0,0,0,0,0,0,0,-12.30427726,-11.777656,1,0,0,0,0
3480,1789388689961720476,41589014260726,-3.472353757e-15,1,0,1,0.4990162253,1,0,0,0,0,0,-1,0.5,0,0,1000000000,1,1,1,0,0,0,0,0,0,0,0,0,-12.30427726,-11.777656,1,0,0,0,0
3481,1789388689971791895,41589024332161,-3.472353757e-15,1,0,1,0.4990162253,1,0,0,0,0,0,-1,0.5,0,0,1000000000,1,1,1,0,0,0,0,0,0,0,0,0,-12.30427726,-11.777656,1,0,0,0,0
3482,1789388689981715884,41589034256056,-3.472353757e-15,1,0,1,0.4990162253,1,0,0,0,0,0,-1,0.5,0,0,1000000000,1,1,1,0,0,0,0,0,0,0,0,0,-12.30427726,-11.777656,1,0,0,0,0
3483,1789388689991862197,41589044402462,-3.472353757e-15,1,0,1,0.4990162253,1,0,0,0,0,0,-1,0.5,0,0,1000000000,1,1,1,0,0,0,0,0,0,0,0,0,-12.30427726,-11.777656,1,0,0,0,0
3484,1789388690001708048,41589054248316,-3.472353757e-15,1,0,1,0.4990162253,1,0,0,0,0,0,-1,0.5,0,0,1000000000,1,1,1,0,0,0,0,0,0,0,0,0,-12.30427726,-11.777656,1,0,0,0,0
3485,1789388690011698092,41589064238354,-3.472353757e-15,1,0,1,0.4990162253,1,0,0,0,0,0,-1,0.5,0,0,1000000000,1,1,1,0,0,0,0,0,0,0,0,0,-12.30427726,-11.777656,1,0,0,0,0
3486,1789388690021747882,41589074288152,-3.472353757e-15,1,0,1,0.4990162253,1,0,0,0,0,0,-1,0.5,0,0,1000000000,1,1,1,0,0,0,0,0,0,0,0,0,-12.30427726,-11.777656,1,0,0,0,0
3487,1789388690031697907,41589084238174,-3.472353757e-15,1,0,1,0.4873111248,1,0,0,0,0,0,-1,0.5,0,0,1000000000,1,1,1,0,0,0,0,0,0,0,0,0,-12.30427726,-11.777656,1,0,0,0,0
3488,1789388690041703582,41589094243852,-3.472353757e-15,1,0,1,0.4873111248,1,0,0,0,0,0,-1,0.5,0,0,1000000000,1,1,1,0,0,0,0,0,0,0,0,0,-12.30427726,-11.777656,1,0,0,0,0
3489,1789388690051704325,41589104244596,-3.472353757e-15,1,0,1,0.4873111248,1,0,0,0,0,0,-1,0.5,0,0,1000000000,1,1,1,0,0,0,0,0,0,0,0,0,-12.30427726,-11.777656,1,0,0,0,0
3490,1789388690061697146,41589114237417,-3.472353757e-15,1,0,1,0.4873111248,1,0,0,0,0,0,-1,0.5,0,0,1000000000,1,1,1,0,0,0,0,0,0,0,0,0,-12.30427726,-11.777656,1,0,0,0,0
3491,1789388690071717077,41589124257216,-3.472353757e-15,1,0,1,0.4873111248,1,0,0,0,0,0,-1,0.5,0,0,1000000000,1,1,1,0,0,0,0,0,0,0,0,0,-12.30427726,-11.777656,1,0,0,0,0
3492,1789388690081734652,41589134274916,-3.472353757e-15,1,0,1,0.4873111248,1,0,0,0,0,0,-1,0.5,0,0,1000000000,1,1,1,0,0,0,0,0,0,0,0,0,-12.30427726,-11.777656,1,0,0,0,0
3493,1789388690091726296,41589144266549,-3.472353757e-15,1,0,1,0.4873111248,1,0,0,0,0,0,-1,0.5,0,0,1000000000,1,1,1,0,0,0,0,0,0,0,0,0,-12.30427726,-11.777656,1,0,0,0,0
3494,1789388690101725223,41589154265462,-3.472353757e-15,1,0,1,0.4873111248,1,0,0,0,0,0,-1,0.5,0,0,1000000000,1,1,1,0,0,0,0,0,0,0,0,0,-12.30427726,-11.777656,1,0,0,0,0
3495,1789388690111717245,41589164257513,-3.472353757e-15,1,0,1,0.4873111248,1,0,0,0,0,0,-1,0.5,0,0,1000000000,1,1,1,0,0,0,0,0,0,0,0,0,-12.30427726,-11.777656,1,0,0,0,0
3496,1789388690121717539,41589174257800,-3.472353757e-15,1,0,1,0.4873111248,1,0,0,0,0,0,-1,0.5,0,0,1000000000,1,1,1,0,0,0,0,0,0,0,0,0,-12.30427726,-11.777656,1,0,0,0,0
3497,1789388690131715709,41589184255967,-3.472353757e-15,1,0,1,0.5010962486,1,0,0,0,0,0,-1,0.5,0,0,1000000000,1,1,1,0,0,0,0,0,0,0,0,0,-12.30427726,-11.777656,1,0,0,0,0
3498,1789388690141753756,41589194293724,-3.472353757e-15,1,0,1,0.5010962486,1,0,0,0,0,0,-1,0.5,0,0,1000000000,1,1,1,0,0,0,0,0,0,0,0,0,-12.30427726,-11.777656,1,0,0,0,0
3499,1789388690151725057,41589204265316,-3.472353757e-15,1,0,1,0.5010962486,1,0,0,0,0,0,-1,0.5,0,0,1000000000,1,1,1,0,0,0,0,0,0,0,0,0,-12.30427726,-11.777656,1,0,0,0,0
3500,1789388690161715300,41589214255477,-3.472353757e-15,1,0,1,0.5010962486,1,0,0,0,0,0,-1,0.5,0,0,1000000000,1,1,1,0,0,0,0,0,0,0,0,0,-12.30427726,-11.777656,1,0,0,0,0
3501,1789388690171770522,41589224310789,-3.472353757e-15,1,0,1,0.5010962486,1,0,0,0,0,0,-1,0.5,0,0,1000000000,1,1,1,0,0,0,0,0,0,0,0,0,-12.30427726,-11.777656,1,0,0,0,0
3502,1789388690181741064,41589234281304,-3.472353757e-15,1,0,1,0.5010962486,1,0,0,0,0,0,-1,0.5,0,0,1000000000,1,1,1,0,0,0,0,0,0,0,0,0,-12.30427726,-11.777656,1,0,0,0,0
3503,1789388690191868445,41589244408613,-3.472353757e-15,1,0,1,0.5010962486,1,0,0,0,0,0,-1,0.5,0,0,1000000000,1,1,1,0,0,0,0,0,0,0,0,0,-12.30427726,-11.777656,1,0,0,0,0
3504,1789388690201717533,41589254257802,-3.472353757e-15,1,0,1,0.5010962486,1,0,0,0,0,0,-1,0.5,0,0,1000000000,1,1,1,0,0,0,0,0,0,0,0,0,-12.30427726,-11.777656,1,0,0,0,0
3505,1789388690211730221,41589264270476,-3.472353757e-15,1,0,1,0.5010962486,1,0,0,0,0,0,-1,0.5,0,0,1000000000,1,1,1,0,0,0,0,0,0,0,0,0,-12.30427726,-11.777656,1,0,0,0,0
3506,1789388690221839831,41589274380095,-3.472353757e-15,1,0,1,0.5010962486,1,0,0,0,0,0,-1,0.5,0,0,1000000000,1,1,1,0,0,0,0,0,0,0,0,0,-12.30427726,-11.777656,1,0,0,0,0
3507,1789388690231766335,41589284306598,-2.657209848e-07,1,0,1,0.5010962486,1,0,0,0,0,0,-1,0.5,0,0,1000000000,1,1,1,0,0,0,0,0,0,0,0,0,-12.30427726,-11.777656,1,0,0,0,0
3508,1789388690242000098,41589294540369,-5.314419695e-07,1,0,1,0.4882012904,1,0,0,0,0,0,-1,0.5,0,0,1000000000,1,1,1,0,0,0,0,0,0,0,0,0,-12.30427726,-11.777656,1,0,0,0,0
3509,1789388690251704844,41589304245112,-7.971629543e-07,1,0,1,0.4882012904,1,0,0,0,0,0,-1,0.5,0,0,1000000000,1,1,1,0,0,0,0,0,0,0,0,0,-12.30427726,-11.777656,1,0,0,0,0
3510,1789388690261708227,41589314248493,-1.062883939e-06,1,0,1,0.4882012904,1,0,0,0,0,0,-1,0.5,0,0,1000000000,1,1,1,0,0,0,0,0,0,0,0,0,-12.30427726,-11.777656,1,0,0,0,0
3511,1789388690271711726,41589324251993,-1.328604867e-06,1,0,1,0.4882012904,1,0,0,0,0,0,-1,0.5,0,0,1000000000,1,1,1,0,0,0,0,0,0,0,0,0,-12.30427726,-11.777656,1,0,0,0,0
3512,1789388690281705415,41589334245684,-1.594325909e-06,1,0,1,0.4882012904,1,0,0,0,0,0,-1,0.5,0,0,1000000000,1,1,1,0,0,0,0,0,0,0,0,0,-12.30427726,-11.777656,1,0,0,0,0
3513,1789388690291706940,41589344247207,-1.860046837e-06,1,0,1,0.4882012904,1,0,0,0,0,0,-1,0.5,0,0,1000000000,1,1,1,0,0,0,0,0,0,0,0,0,-12.30427726,-11.777656,1,0,0,0,0
3514,1789388690301694471,41589354234741,-2.125767878e-06,1,0,1,0.4882012904,1,0,0,0,0,0,-1,0.5,0,0,1000000000,1,1,1,0,0,0,0,0,0,0,0,0,-12.30427726,-11.777656,1,0,0,0,0
3515,1789388690311750065,41589364290333,-2.391488806e-06,1,0,1,0.4882012904,1,0,0,0,0,0,-1,0.5,0,0,1000000000,1,1,1,0,0,0,0,0,0,0,0,0,-12.30427726,-11.777656,1,0,0,0,0
3516,1789388690321726818,41589374267026,-2.657209734e-06,1,0,1,0.4882012904,1,0,0,0,0,0,-1,0.5,0,0,1000000000,1,1,1,0,0,0,0,0,0,0,0,0,-12.30427726,-11.777656,1,0,0,0,0
3517,1789388690331705964,41589384246236,-2.922930889e-06,1,0,1,0.536200285,1,0,0,0,0,0,-1,0.5,0,0,1000000000,1,1,1,0,0,0,0,0,0,0,0,0,-12.30427726,-11.777656,1,0,0,0,0
3518,1789388690341760862,41589394300930,-3.188651817e-06,1,0,1,0.536200285,1,0,0,0,0,0,-1,0.5,0,0,1000000000,1,1,1,0,0,0,0,0,0,0,0,0,-12.30427726,-11.777656,1,0,0,0,0
3519,1789388690351719456,41589404259724,-3.454372745e-06,1,0,1,0.536200285,1,0,0,0,0,0,-1,0.5,0,0,1000000000,1,1,1,0,0,0,0,0,0,0,0,0,-12.30427726,-11.777656,1,0,0,0,0
3520,1789388690361724049,41589414264306,-3.720093673e-06,1,0,1,0.536200285,1,0,0,0,0,0,-1,0.5,0,0,1000000000,1,1,1,0,0,0,0,0,0,0,0,0,-12.30427726,-11.777656,1,0,0,0,0
3521,1789388690371779643,41589424319902,-3.985814601e-06,1,0,1,0.536200285,1,0,0,0,0,0,-1,0.5,0,0,1000000000,1,1,1,0,0,0,0,0,0,0,0,0,-12.30427726,-11.777656,1,0,0,0,0
3522,1789388690381738937,41589434279201,-4.251535756e-06,1,0,1,0.536200285,1,0,0,0,0,0,-1,0.5,0,0,1000000000,1,1,1,0,0,0,0,0,0,0,0,0,-12.30427726,-11.79620933,1,0,0,0,0
3523,1789388690391724279,41589444264530,-4.517256912e-06,1,0,1,0.536200285,1,0,0,0,0,0,-1,0.5,0,0,1000000000,1,1,1,0,0,0,0,0,0,0,0,0,-12.30427726,-11.79620933,1,0,0,0,0
3524,1789388690401738906,41589454279070,-4.782977612e-06,1,0,1,0.536200285,1,0,0,0,0,0,-1,0.5,0,0,1000000000,1,1,1,0,0,0,0,0,0,0,0,0,-12.30427726,-11.79620933,1,0,0,0,0
3525,1789388690411716524,41589464256766,-5.048698767e-06,1,0,1,0.536200285,1,0,0,0,0,0,-1,0.5,0,0,1000000000,1,1,1,0,0,0,0,0,0,0,0,0,-12.30427726,-11.79620933,1,0,0,0,0
3526,1789388690421720729,41589474260987,-5.314419468e-06,1,0,1,0.536200285,1,0,0,0,0,0,-1,0.5,0,0,1000000000,1,1,1,0,0,0,0,0,0,0,0,0,-12.30427726,-11.79620933,1,0,0,0,0
3527,1789388690431762407,41589484302678,-5.580140623e-06,1,0,1,0.536200285,1,0,0,0,0,0,-1,0.5,0,0,1000000000,1,1,1,0,0,0,0,0,0,0,0,0,-12.30427726,-11.79620933,1,0,0,0,0
3528,1789388690442065584,41589494605763,-5.845861779e-06,1,0,1,0.547347188,1,0,0,0,0,0,-1,0.5,0,0,1000000000,1,1,1,0,0,0,0,0,0,0,0,0,-12.30427726,-11.79620933,1,0,0,0,0
3529,1789388690451717393,41589504257645,-6.111582479e-06,1,0,1,0.547347188,1,0,0,0,0,0,-1,0.5,0,0,1000000000,1,1,1,0,0,0,0,0,0,0,0,0,-12.30427726,-11.79620933,1,0,0,0,0
3530,1789388690461718545,41589514258819,-6.377303635e-06,1,0,1,0.547347188,1,0,0,0,0,0,-1,0.5,0,0,1000000000,1,1,1,0,0,0,0,0,0,0,0,0,-12.30427726,-11.79620933,1,0,0,0,0
3531,1789388690471742771,41589524283036,-6.64302479e-06,1,0,1,0.547347188,1,0,0,0,0,0,-1,0.5,0,0,1000000000,1,1,1,0,0,0,0,0,0,0,0,0,-12.30427726,-11.79620933,1,0,0,0,0
3532,1789388690481715295,41589534255551,-6.90874549e-06,1,0,1,0.547347188,1,0,0,0,0,0,-1,0.5,0,0,1000000000,1,1,1,0,0,0,0,0,0,0,0,0,-12.30427726,-11.777656,1,0,0,0,0
3533,1789388690491720093,41589544260342,-7.174466646e-06,1,0,1,0.547347188,1,0,0,0,0,0,-1,0.5,0,0,1000000000,1,1,1,0,0,0,0,0,0,0,0,0,-12.30427726,-11.777656,1,0,0,0,0
3534,1789388690501720900,41589554261163,-7.440187346e-06,1,0,1,0.547347188,1,0,0,0,0,0,-1,0.5,0,0,1000000000,1,1,1,0,0,0,0,0,0,0,0,0,-12.30427726,-11.777656,1,0,0,0,0
3535,1789388690511711742,41589564252014,-7.705908502e-06,1,0,1,0.547347188,1,0,0,0,0,0,-1,0.5,0,0,1000000000,1,1,1,0,0,0,0,0,0,0,0,0,-12.30427726,-11.777656,1,0,0,0,0
3536,1789388690521714501,41589574254774,-7.971629202e-06,1,0,1,0.547347188,1,0,0,0,0,0,-1,0.5,0,0,1000000000,1,1,1,0,0,0,0,0,0,0,0,0,-12.30427726,-11.777656,1,0,0,0,0
3537,1789388690531741677,41589584281937,-7.971629202e-06,1,0,1,0.5030938983,1,0,0,0,0,0,-1,0.5,0,0,1000000000,1,1,1,0,0,0,0,0,0,0,0,0,-12.30427726,-11.777656,1,0,0,0,0
3538,1789388690541758295,41589594298322,-7.971629202e-06,1,0,1,0.5030938983,1,0,0,0,0,0,-1,0.5,0,0,1000000000,1,1,1,0,0,0,0,0,0,0,0,0,-12.30427726,-11.777656,1,0,0,0,0
3539,1789388690551704429,41589604244702,-7.971629202e-06,1,0,1,0.5030938983,1,0,0,0,0,0,-1,0.5,0,0,1000000000,1,1,1,0,0,0,0,0,0,0,0,0,-12.30427726,-11.777656,1,0,0,0,0
3540,1789388690561715518,41589614255781,-7.971629202e-06,1,0,1,0.5030938983,1,0,0,0,0,0,-1,0.5,0,0,1000000000,1,1,1,0,0,0,0,0,0,0,0,0,-12.30427726,-11.777656,1,0,0,0,0
3541,1789388690571746095,41589624286344,-7.971629202e-06,1,0,1,0.5030938983,1,0,0,0,0,0,-1,0.5,0,0,1000000000,1,1,1,0,0,0,0,0,0,0,0,0,-12.30427726,-11.777656,1,0,0,0,0
3542,1789388690581776661,41589634316838,-7.971629202e-06,1,0,1,0.5030938983,1,0,0,0,0,0,-1,0.5,0,0,1000000000,1,1,1,0,0,0,0,0,0,0,0,0,-12.30427726,-11.777656,1,0,0,0,0
3543,1789388690591723365,41589644263520,-7.971629202e-06,1,0,1,0.5030938983,1,0,0,0,0,0,-1,0.5,0,0,1000000000,1,1,1,0,0,0,0,0,0,0,0,0,-12.30427726,-11.777656,1,0,0,0,0
3544,1789388690601709242,41589654249503,-7.971629202e-06,1,0,1,0.5030938983,1,0,0,0,0,0,-1,0.5,0,0,1000000000,1,1,1,0,0,0,0,0,0,0,0,0,-12.30427726,-11.777656,1,0,0,0,0
3545,1789388690611703544,41589664243815,-7.971629202e-06,1,0,1,0.5030938983,1,0,0,0,0,0,-1,0.5,0,0,1000000000,1,1,1,0,0,0,0,0,0,0,0,0,-12.30427726,-11.777656,1,0,0,0,0
3546,1789388690621703087,41589674243358,-7.971629202e-06,1,0,1,0.5030938983,1,0,0,0,0,0,-1,0.5,0,0,1000000000,1,1,1,0,0,0,0,0,0,0,0,0,-12.30427726,-11.777656,1,0,0,0,0
3547,1789388690631705459,41589684245726,-7.971629202e-06,1,0,1,0.5030938983,1,0,0,0,0,0,-1,0.5,0,0,1000000000,1,1,1,0,0,0,0,0,0,0,0,0,-12.30427726,-11.777656,1,0,0,0,0
3548,1789388690641696478,41589694236743,-7.971629202e-06,1,0,1,0.5329428315,1,0,0,0,0,0,-1,0.5,0,0,1000000000,1,1,1,0,0,0,0,0,0,0,0,0,-12.30427726,-11.777656,1,0,0,0,0
3549,1789388690651703012,41589704243281,-7.971629202e-06,1,0,1,0.5329428315,1,0,0,0,0,0,-1,0.5,0,0,1000000000,1,1,1,0,0,0,0,0,0,0,0,0,-12.30427726,-11.777656,1,0,0,0,0
3550,1789388690661700375,41589714240640,-7.971629202e-06,1,0,1,0.5329428315,1,0,0,0,0,0,-1,0.5,0,0,1000000000,1,1,1,0,0,0,0,0,0,0,0,0,-12.30427726,-11.777656,1,0,0,0,0
3551,1789388690671717287,41589724257557,-7.971629202e-06,1,0,1,0.5329428315,1,0,0,0,0,0,-1,0.5,0,0,1000000000,1,1,1,0,0,0,0,0,0,0,0,0,-12.30427726,-11.777656,1,0,0,0,0
3552,1789388690681781696,41589734321963,-7.971629202e-06,1,0,1,0.5329428315,1,0,0,0,0,0,-1,0.5,0,0,1000000000,1,1,1,0,0,0,0,0,0,0,0,0,-12.30427726,-11.777656,1,0,0,0,0
3553,1789388690691701278,41589744241545,-7.971629202e-06,1,0,1,0.5329428315,1,0,0,0,0,0,-1,0.5,0,0,1000000000,1,1,1,0,0,0,0,0,0,0,0,0,-12.30427726,-11.777656,1,0,0,0,0
3554,1789388690701695992,41589754236258,-7.971629202e-06,1,0,1,0.5329428315,1,0,0,0,0,0,-1,0.5,0,0,1000000000,1,1,1,0,0,0,0,0,0,0,0,0,-12.30427726,-11.777656,1,0,0,0,0
3555,1789388690711725815,41589764266068,-7.971629202e-06,1,0,1,0.5329428315,1,0,0,0,0,0,-1,0.5,0,0,1000000000,1,1,1,0,0,0,0,0,0,0,0,0,-12.30427726,-11.777656,1,0,0,0,0
3556,1789388690721754540,41589774294807,-7.971629202e-06,1,0,1,0.5329428315,1,0,0,0,0,0,-1,0.5,0,0,1000000000,1,1,1,0,0,0,0,0,0,0,0,0,-12.30427726,-11.777656,1,0,0,0,0
3557,1789388690731706553,41589784246817,-7.971629202e-06,1,0,1,0.5069468617,1,0,0,0,0,0,-1,0.5,0,0,1000000000,1,1,1,0,0,0,0,0,0,0,0,0,-12.30427726,-11.777656,1,0,0,0,0
3558,1789388690741758561,41589794298580,-7.971629202e-06,1,0,1,0.5069468617,1,0,0,0,0,0,-1,0.5,0,0,1000000000,1,1,1,0,0,0,0,0,0,0,0,0,-12.30427726,-11.777656,1,0,0,0,0
3559,1789388690751711597,41589804251868,-7.971629202e-06,1,0,1,0.5069468617,1,0,0,0,0,0,-1,0.5,0,0,1000000000,1,1,1,0,0,0,0,0,0,0,0,0,-12.30427726,-11.777656,1,0,0,0,0
3560,1789388690761714955,41589814255219,-7.971629202e-06,1,0,1,0.5069468617,1,0,0,0,0,0,-1,0.5,0,0,1000000000,1,1,1,0,0,0,0,0,0,0,0,0,-12.30427726,-11.777656,1,0,0,0,0
3561,1789388690771719474,41589824259611,-7.971629202e-06,1,0,1,0.5069468617,1,0,0,0,0,0,-1,0.5,0,0,1000000000,1,1,1,0,0,0,0,0,0,0,0,0,-12.30427726,-11.777656,1,0,0,0,0
3562,1789388690781746188,41589834286431,-7.971629202e-06,1,0,1,0.5069468617,1,0,0,0,0,0,-1,0.5,0,0,1000000000,1,1,1,0,0,0,0,0,0,0,0,0,-12.30427726,-11.777656,1,0,0,0,0
3563,1789388690791733771,41589844274021,-7.971629202e-06,1,0,1,0.5069468617,1,0,0,0,0,0,-1,0.5,0,0,1000000000,1,1,1,0,0,0,0,0,0,0,0,0,-12.30427726,-11.777656,1,0,0,0,0
3564,1789388690801728019,41589854268275,-7.971629202e-06,1,0,1,0.5069468617,1,0,0,0,0,0,-1,0.5,0,0,1000000000,1,1,1,0,0,0,0,0,0,0,0,0,-12.30427726,-11.777656,1,0,0,0,0
3565,1789388690811719803,41589864260055,-7.971629202e-06,1,0,1,0.5069468617,1,0,0,0,0,0,-1,0.5,0,0,1000000000,1,1,1,0,0,0,0,0,0,0,0,0,-12.30427726,-11.777656,1,0,0,0,0
3566,1789388690821719197,41589874259465,-7.971629202e-06,1,0,1,0.5069468617,1,0,0,0,0,0,-1,0.5,0,0,1000000000,1,1,1,0,0,0,0,0,0,0,0,0,-12.30427726,-11.777656,1,0,0,0,0
3567,1789388690831704910,41589884245081,-7.971629202e-06,1,0,1,0.488859266,1,0,0,0,0,0,-1,0.5,0,0,1000000000,1,1,1,0,0,0,0,0,0,0,0,0,-12.30427726,-11.777656,1,0,0,0,0
3568,1789388690841705125,41589894245328,-7.971629202e-06,1,0,1,0.488859266,1,0,0,0,0,0,-1,0.5,0,0,1000000000,1,1,1,0,0,0,0,0,0,0,0,0,-12.30427726,-11.777656,1,0,0,0,0
3569,1789388690851712489,41589904252757,-7.971629202e-06,1,0,1,0.488859266,1,0,0,0,0,0,-1,0.5,0,0,1000000000,1,1,1,0,0,0,0,0,0,0,0,0,-12.30427726,-11.777656,1,0,0,0,0
3570,1789388690861717442,41589914257606,-7.971629202e-06,1,0,1,0.488859266,1,0,0,0,0,0,-1,0.5,0,0,1000000000,1,1,1,0,0,0,0,0,0,0,0,0,-12.30427726,-11.777656,1,0,0,0,0
3571,1789388690871766094,41589924306169,-7.971629202e-06,1,0,1,0.488859266,1,0,0,0,0,0,-1,0.5,0,0,1000000000,1,1,1,0,0,0,0,0,0,0,0,0,-12.30427726,-11.777656,1,0,0,0,0
3572,1789388690881718960,41589934259198,-7.971629202e-06,1,0,1,0.488859266,1,0,0,0,0,0,-1,0.5,0,0,1000000000,1,1,1,0,0,0,0,0,0,0,0,0,-12.30427726,-11.777656,1,0,0,0,0
3573,1789388690891744040,41589944284290,-7.971629202e-06,1,0,1,0.488859266,1,0,0,0,0,0,-1,0.5,0,0,1000000000,1,1,1,0,0,0,0,0,0,0,0,0,-12.30427726,-11.777656,1,0,0,0,0
3574,1789388690901747275,41589954287440,-7.971629202e-06,1,0,1,0.488859266,1,0,0,0,0,0,-1,0.5,0,0,1000000000,1,1,1,0,0,0,0,0,0,0,0,0,-12.30427726,-11.777656,1,0,0,0,0
3575,1789388690911760239,41589964300493,-7.971629202e-06,1,0,1,0.488859266,1,0,0,0,0,0,-1,0.5,0,0,1000000000,1,1,1,0,0,0,0,0,0,0,0,0,-12.30427726,-11.777656,1,0,0,0,0
3576,1789388690921699060,41589974239330,-7.971629202e-06,1,0,1,0.488859266,1,0,0,0,0,0,-1,0.5,0,0,1000000000,1,1,1,0,0,0,0,0,0,0,0,0,-12.30427726,-11.777656,1,0,0,0,0
3577,1789388690931698706,41589984238977,-7.971629202e-06,1,0,1,0.5463181734,1,0,0,0,0,0,-1,0.5,0,0,1000000000,1,1,1,0,0,0,0,0,0,0,0,0,-12.30427726,-11.777656,1,0,0,0,0
3578,1789388690941697075,41589994237347,-7.971629202e-06,1,0,1,0.5463181734,1,0,0,0,0,0,-1,0.5,0,0,1000000000,1,1,1,0,0,0,0,0,0,0,0,0,-12.30427726,-11.777656,1,0,0,0,0
3579,1789388690951698964,41590004239235,-7.971629202e-06,1,0,1,0.5463181734,1,0,0,0,0,0,-1,0.5,0,0,1000000000,1,1,1,0,0,0,0,0,0,0,0,0,-12.30427726,-11.777656,1,0,0,0,0
3580,1789388690961698745,41590014239015,-7.971629202e-06,1,0,1,0.5463181734,1,0,0,0,0,0,-1,0.5,0,0,1000000000,1,1,1,0,0,0,0,0,0,0,0,0,-12.30427726,-11.777656,1,0,0,0,0
3581,1789388690971704722,41590024244988,-7.971629202e-06,1,0,1,0.5463181734,1,0,0,0,0,0,-1,0.5,0,0,1000000000,1,1,1,0,0,0,0,0,0,0,0,0,-12.30427726,-11.777656,1,0,0,0,0
3582,1789388690981707595,41590034247865,-7.971629202e-06,1,0,1,0.5463181734,1,0,0,0,0,0,-1,0.5,0,0,1000000000,1,1,1,0,0,0,0,0,0,0,0,0,-12.28951933,-11.79620933,1,0,0,0,0
3583,1789388690991704864,41590044245130,-7.971629202e-06,1,0,1,0.5463181734,1,0,0,0,0,0,-1,0.5,0,0,1000000000,1,1,1,0,0,0,0,0,0,0,0,0,-12.28951933,-11.79620933,1,0,0,0,0
3584,1789388691001701005,41590054241271,-7.971629202e-06,1,0,1,0.5463181734,1,0,0,0,0,0,-1,0.5,0,0,1000000000,1,1,1,0,0,0,0,0,0,0,0,0,-12.28951933,-11.79620933,1,0,0,0,0
3585,1789388691011844420,41590064384689,-7.971629202e-06,1,0,1,0.5463181734,1,0,0,0,0,0,-1,0.5,0,0,1000000000,1,1,1,0,0,0,0,0,0,0,0,0,-12.28951933,-11.79620933,1,0,0,0,0
3586,1789388691021768796,41590074309065,-7.971629202e-06,1,0,1,0.5463181734,1,0,0,0,0,0,-1,0.5,0,0,1000000000,1,1,1,0,0,0,0,0,0,0,0,0,-12.28951933,-11.79620933,1,0,0,0,0
3587,1789388691031703705,41590084243976,-7.971629202e-06,1,0,1,0.556065321,1,0,0,0,0,0,-1,0.5,0,0,1000000000,1,1,1,0,0,0,0,0,0,0,0,0,-12.28951933,-11.79620933,1,0,0,0,0
3588,1789388691041708402,41590094248671,-7.971629202e-06,1,0,1,0.556065321,1,0,0,0,0,0,-1,0.5,0,0,1000000000,1,1,1,0,0,0,0,0,0,0,0,0,-12.28951933,-11.79620933,1,0,0,0,0
3589,1789388691051698827,41590104239098,-7.971629202e-06,1,0,1,0.556065321,1,0,0,0,0,0,-1,0.5,0,0,1000000000,1,1,1,0,0,0,0,0,0,0,0,0,-12.28951933,-11.79620933,1,0,0,0,0
3590,1789388691061696839,41590114237110,-7.971629202e-06,1,0,1,0.556065321,1,0,0,0,0,0,-1,0.5,0,0,1000000000,1,1,1,0,0,0,0,0,0,0,0,0,-12.28951933,-11.79620933,1,0,0,0,0
3591,1789388691072439266,41590124979535,-7.971629202e-06,1,0,1,0.556065321,1,0,0,0,0,0,-1,0.5,0,0,1000000000,1,1,1,0,0,0,0,0,0,0,0,0,-12.28951933,-11.79620933,1,0,0,0,0
3592,1789388691081701145,41590134241412,-7.971629202e-06,1,0,1,0.556065321,1,0,0,0,0,0,-1,0.5,0,0,1000000000,1,1,1,0,0,0,0,0,0,0,0,0,-12.28951933,-11.79620933,1,0,0,0,0
3593,1789388691091701830,41590144242092,-7.971629202e-06,1,0,1,0.556065321,1,0,0,0,0,0,-1,0.5,0,0,1000000000,1,1,1,0,0,0,0,0,0,0,0,0,-12.28951933,-11.79620933,1,0,0,0,0
3594,1789388691101691582,41590154231849,-7.971629202e-06,1,0,1,0.556065321,1,0,0,0,0,0,-1,0.5,0,0,1000000000,1,1,1,0,0,0,0,0,0,0,0,0,-12.28951933,-11.79620933,1,0,0,0,0
3595,1789388691111698702,41590164238972,-7.971629202e-06,1,0,1,0.556065321,1,0,0,0,0,0,-1,0.5,0,0,1000000000,1,1,1,0,0,0,0,0,0,0,0,0,-12.28951933,-11.79620933,1,0,0,0,0
3596,1789388691121704140,41590174244409,-7.971629202e-06,1,0,1,0.556065321,1,0,0,0,0,0,-1,0.5,0,0,1000000000,1,1,1,0,0,0,0,0,0,0,0,0,-12.28951933,-11.79620933,1,0,0,0,0
3597,1789388691131708716,41590184248983,-7.971629202e-06,1,0,1,0.5478399992,1,0,0,0,0,0,-1,0.5,0,0,1000000000,1,1,1,0,0,0,0,0,0,0,0,0,-12.28951933,-11.79620933,1,0,0,0,0
3598,1789388691141757469,41590194297509,-7.971629202e-06,1,0,1,0.5478399992,1,0,0,0,0,0,-1,0.5,0,0,1000000000,1,1,1,0,0,0,0,0,0,0,0,0,-12.28951933,-11.79620933,1,0,0,0,0
3599,1789388691151710149,41590204250411,-7.971629202e-06,1,0,1,0.5478399992,1,0,0,0,0,0,-1,0.5,0,0,1000000000,1,1,1,0,0,0,0,0,0,0,0,0,-12.28951933,-11.79620933,1,0,0,0,0
3600,1789388691161716974,41590214257142,-7.971629202e-06,1,0,1,0.5478399992,1,0,0,0,0,0,-1,0.5,0,0,1000000000,1,1,1,0,0,0,0,0,0,0,0,0,-12.28951933,-11.79620933,1,0,0,0,0
3601,1789388691171757327,41590224297346,-7.971629202e-06,1,0,1,0.5478399992,1,0,0,0,0,0,-1,0.5,0,0,1000000000,1,1,1,0,0,0,0,0,0,0,0,0,-12.28951933,-11.79620933,1,0,0,0,0
3602,1789388691181725292,41590234265547,-7.971629202e-06,1,0,1,0.5478399992,1,0,0,0,0,0,-1,0.5,0,0,1000000000,1,1,1,0,0,0,0,0,0,0,0,0,-12.30427726,-11.777656,1,0,0,0,0
3603,1789388691191726808,41590244267072,-7.971629202e-06,1,0,1,0.5478399992,1,0,0,0,0,0,-1,0.5,0,0,1000000000,1,1,1,0,0,0,0,0,0,0,0,0,-12.30427726,-11.777656,1,0,0,0,0
3604,1789388691201807792,41590254348041,-7.971629202e-06,1,0,1,0.5478399992,1,0,0,0,0,0,-1,0.5,0,0,1000000000,1,1,1,0,0,0,0,0,0,0,0,0,-12.30427726,-11.777656,1,0,0,0,0
3605,1789388691211712971,41590264253234,-7.971629202e-06,1,0,1,0.5478399992,1,0,0,0,0,0,-1,0.5,0,0,1000000000,1,1,1,0,0,0,0,0,0,0,0,0,-12.30427726,-11.777656,1,0,0,0,0
3606,1789388691221720309,41590274260581,-7.971629202e-06,1,0,1,0.5478399992,1,0,0,0,0,0,-1,0.5,0,0,1000000000,1,1,1,0,0,0,0,0,0,0,0,0,-12.30427726,-11.777656,1,0,0,0,0
3607,1789388691231722654,41590284262919,-7.705908502e-06,1,0,1,0.5327967405,1,0,0,0,0,0,-1,0.5,0,0,1000000000,1,1,1,0,0,0,0,0,0,0,0,0,-12.30427726,-11.777656,1,0,0,0,0
3608,1789388691241718186,41590294258436,-7.440187346e-06,1,0,1,0.5327967405,1,0,0,0,0,0,-1,0.5,0,0,1000000000,1,1,1,0,0,0,0,0,0,0,0,0,-12.30427726,-11.777656,1,0,0,0,0
3609,1789388691251706742,41590304247008,-7.174466646e-06,1,0,1,0.5327967405,1,0,0,0,0,0,-1,0.5,0,0,1000000000,1,1,1,0,0,0,0,0,0,0,0,0,-12.30427726,-11.777656,1,0,0,0,0
3610,1789388691261715825,41590314256099,-6.90874549e-06,1,0,1,0.5327967405,1,0,0,0,0,0,-1,0.5,0,0,1000000000,1,1,1,0,0,0,0,0,0,0,0,0,-12.30427726,-11.777656,1,0,0,0,0
3611,1789388691271727037,41590324267308,-6.64302479e-06,1,0,1,0.5327967405,1,0,0,0,0,0,-1,0.5,0,0,1000000000,1,1,1,0,0,0,0,0,0,0,0,0,-12.30427726,-11.777656,1,0,0,0,0
3612,1789388691281711638,41590334251906,-6.377303635e-06,1,0,1,0.5327967405,1,0,0,0,0,0,-1,0.5,0,0,1000000000,1,1,1,0,0,0,0,0,0,0,0,0,-12.30427726,-11.777656,1,0,0,0,0
3613,1789388691291694862,41590344235133,-6.111582479e-06,1,0,1,0.5327967405,1,0,0,0,0,0,-1,0.5,0,0,1000000000,1,1,1,0,0,0,0,0,0,0,0,0,-12.30427726,-11.777656,1,0,0,0,0
3614,1789388691301696097,41590354236365,-5.845861779e-06,1,0,1,0.5327967405,1,0,0,0,0,0,-1,0.5,0,0,1000000000,1,1,1,0,0,0,0,0,0,0,0,0,-12.30427726,-11.777656,1,0,0,0,0
3615,1789388691311711156,41590364251406,-5.580140623e-06,1,0,1,0.5327967405,1,0,0,0,0,0,-1,0.5,0,0,1000000000,1,1,1,0,0,0,0,0,0,0,0,0,-12.30427726,-11.777656,1,0,0,0,0
3616,1789388691321718042,41590374258265,-5.314419468e-06,1,0,1,0.5327967405,1,0,0,0,0,0,-1,0.5,0,0,1000000000,1,1,1,0,0,0,0,0,0,0,0,0,-12.30427726,-11.777656,1,0,0,0,0
3617,1789388691331709453,41590384249725,-5.048698767e-06,1,0,1,0.5327967405,1,0,0,0,0,0,-1,0.5,0,0,1000000000,1,1,1,0,0,0,0,0,0,0,0,0,-12.30427726,-11.777656,1,0,0,0,0
3618,1789388691341712437,41590394252698,-4.782977612e-06,1,0,1,0.5294965506,1,0,0,0,0,0,-1,0.5,0,0,1000000000,1,1,1,0,0,0,0,0,0,0,0,0,-12.30427726,-11.777656,1,0,0,0,0
3619,1789388691351714806,41590404255062,-4.517256912e-06,1,0,1,0.5294965506,1,0,0,0,0,0,-1,0.5,0,0,1000000000,1,1,1,0,0,0,0,0,0,0,0,0,-12.30427726,-11.777656,1,0,0,0,0
3620,1789388691361730456,41590414270686,-4.251535756e-06,1,0,1,0.5294965506,1,0,0,0,0,0,-1,0.5,0,0,1000000000,1,1,1,0,0,0,0,0,0,0,0,0,-12.30427726,-11.777656,1,0,0,0,0
3621,1789388691371745032,41590424285291,-3.985814601e-06,1,0,1,0.5294965506,1,0,0,0,0,0,-1,0.5,0,0,1000000000,1,1,1,0,0,0,0,0,0,0,0,0,-12.30427726,-11.777656,1,0,0,0,0
3622,1789388691381726431,41590434266684,-3.720093673e-06,1,0,1,0.5294965506,1,0,0,0,0,0,-1,0.5,0,0,1000000000,1,1,1,0,0,0,0,0,0,0,0,0,-12.30427726,-11.777656,1,0,0,0,0
3623,1789388691391734649,41590444274896,-3.454372745e-06,1,0,1,0.5294965506,1,0,0,0,0,0,-1,0.5,0,0,1000000000,1,1,1,0,0,0,0,0,0,0,0,0,-12.30427726,-11.777656,1,0,0,0,0
3624,1789388691401711728,41590454251995,-3.188651817e-06,1,0,1,0.5294965506,1,0,0,0,0,0,-1,0.5,0,0,1000000000,1,1,1,0,0,0,0,0,0,0,0,0,-12.30427726,-11.777656,1,0,0,0,0
3625,1789388691413206396,41590465746571,-2.922930889e-06,1,0,1,0.5294965506,1,0,0,0,0,0,-1,0.5,0,0,1000000000,1,1,1,0,0,0,0,0,0,0,0,0,-12.30427726,-11.777656,1,0,0,0,0
3626,1789388691421700152,41590474240329,-2.657209734e-06,1,0,1,0.5294965506,1,0,0,0,0,0,-1,0.5,0,0,1000000000,1,1,1,0,0,0,0,0,0,0,0,0,-12.30427726,-11.777656,1,0,0,0,0
3627,1789388691431702318,41590484242501,-2.391488806e-06,1,0,1,0.5356984735,1,0,0,0,0,0,-1,0.5,0,0,1000000000,1,1,1,0,0,0,0,0,0,0,0,0,-12.30427726,-11.777656,1,0,0,0,0
3628,1789388691441702717,41590494242904,-2.125767878e-06,1,0,1,0.5356984735,1,0,0,0,0,0,-1,0.5,0,0,1000000000,1,1,1,0,0,0,0,0,0,0,0,0,-12.30427726,-11.777656,1,0,0,0,0
3629,1789388691451701702,41590504241865,-1.860046837e-06,1,0,1,0.5356984735,1,0,0,0,0,0,-1,0.5,0,0,1000000000,1,1,1,0,0,0,0,0,0,0,0,0,-12.30427726,-11.777656,1,0,0,0,0
3630,1789388691461697576,41590514237848,-1.594325909e-06,1,0,1,0.5356984735,1,0,0,0,0,0,-1,0.5,0,0,1000000000,1,1,1,0,0,0,0,0,0,0,0,0,-12.30427726,-11.777656,1,0,0,0,0
3631,1789388691471709093,41590524249366,-1.328604867e-06,1,0,1,0.5356984735,1,0,0,0,0,0,-1,0.5,0,0,1000000000,1,1,1,0,0,0,0,0,0,0,0,0,-12.30427726,-11.777656,1,0,0,0,0
3632,1789388691481717493,41590534257705,-1.062883939e-06,1,0,1,0.5356984735,1,0,0,0,0,0,-1,0.5,0,0,1000000000,1,1,1,0,0,0,0,0,0,0,0,0,-12.30427726,-11.777656,1,0,0,0,0
3633,1789388691491719581,41590544259820,-7.971629543e-07,1,0,1,0.5356984735,1,0,0,0,0,0,-1,0.5,0,0,1000000000,1,1,1,0,0,0,0,0,0,0,0,0,-12.30427726,-11.777656,1,0,0,0,0
3634,1789388691501712267,41590554252520,-5.314419695e-07,1,0,1,0.5356984735,1,0,0,0,0,0,-1,0.5,0,0,1000000000,1,1,1,0,0,0,0,0,0,0,0,0,-12.30427726,-11.777656,1,0,0,0,0
3635,1789388691511712182,41590564252438,-2.657209848e-07,1,0,1,0.5356984735,1,0,0,0,0,0,-1,0.5,0,0,1000000000,1,1,1,0,0,0,0,0,0,0,0,0,-12.30427726,-11.777656,1,0,0,0,0
3636,1789388691521714352,41590574254610,-3.472353546e-15,1,0,1,0.5356984735,1,0,0,0,0,0,-1,0.5,0,0,1000000000,1,1,1,0,0,0,0,0,0,0,0,0,-12.30427726,-11.777656,1,0,0,0,0
3637,1789388691531718310,41590584258572,-3.472353546e-15,1,0,1,0.5356984735,1,0,0,0,0,0,-1,0.5,0,0,1000000000,1,1,1,0,0,0,0,0,0,0,0,0,-12.30427726,-11.777656,1,0,0,0,0
3638,1789388691541729596,41590594269750,-3.472353546e-15,1,0,1,0.4922569096,1,0,0,0,0,0,-1,0.5,0,0,1000000000,1,1,1,0,0,0,0,0,0,0,0,0,-12.30427726,-11.777656,1,0,0,0,0
3639,1789388691551706371,41590604246636,-3.472353546e-15,1,0,1,0.4922569096,1,0,0,0,0,0,-1,0.5,0,0,1000000000,1,1,1,0,0,0,0,0,0,0,0,0,-12.30427726,-11.777656,1,0,0,0,0
3640,1789388691561715019,41590614255278,-3.472353546e-15,1,0,1,0.4922569096,1,0,0,0,0,0,-1,0.5,0,0,1000000000,1,1,1,0,0,0,0,0,0,0,0,0,-12.30427726,-11.777656,1,0,0,0,0
3641,1789388691571747303,41590624287575,-3.472353546e-15,1,0,1,0.4922569096,1,0,0,0,0,0,-1,0.5,0,0,1000000000,1,1,1,0,0,0,0,0,0,0,0,0,-12.30427726,-11.777656,1,0,0,0,0
3642,1789388691581714315,41590634254515,-3.472353546e-15,1,0,1,0.4922569096,1,0,0,0,0,0,-1,0.5,0,0,1000000000,1,1,1,0,0,0,0,0,0,0,0,0,-12.30427726,-11.777656,1,0,0,0,0
3643,1789388691591721015,41590644261266,-3.472353546e-15,1,0,1,0.4922569096,1,0,0,0,0,0,-1,0.5,0,0,1000000000,1,1,1,0,0,0,0,0,0,0,0,0,-12.30427726,-11.777656,1,0,0,0,0
3644,1789388691601721313,41590654261568,-3.472353546e-15,1,0,1,0.4922569096,1,0,0,0,0,0,-1,0.5,0,0,1000000000,1,1,1,0,0,0,0,0,0,0,0,0,-12.30427726,-11.777656,1,0,0,0,0
3645,1789388691611725027,41590664265286,-3.472353546e-15,1,0,1,0.4922569096,1,0,0,0,0,0,-1,0.5,0,0,1000000000,1,1,1,0,0,0,0,0,0,0,0,0,-12.30427726,-11.777656,1,0,0,0,0
3646,1789388691621720066,41590674260336,-3.472353546e-15,1,0,1,0.4922569096,1,0,0,0,0,0,-1,0.5,0,0,1000000000,1,1,1,0,0,0,0,0,0,0,0,0,-12.30427726,-11.777656,1,0,0,0,0
3647,1789388691631717733,41590684257993,-3.472353546e-15,1,0,1,0.5275532007,1,0,0,0,0,0,-1,0.5,0,0,1000000000,1,1,1,0,0,0,0,0,0,0,0,0,-12.30427726,-11.777656,1,0,0,0,0
3648,1789388691641718645,41590694258914,-3.472353546e-15,1,0,1,0.5275532007,1,0,0,0,0,0,-1,0.5,0,0,1000000000,1,1,1,0,0,0,0,0,0,0,0,0,-12.30427726,-11.777656,1,0,0,0,0
3649,1789388691651717216,41590704257474,-3.472353546e-15,1,0,1,0.5275532007,1,0,0,0,0,0,-1,0.5,0,0,1000000000,1,1,1,0,0,0,0,0,0,0,0,0,-12.30427726,-11.777656,1,0,0,0,0
3650,1789388691661715774,41590714256044,-3.472353546e-15,1,0,1,0.5275532007,1,0,0,0,0,0,-1,0.5,0,0,1000000000,1,1,1,0,0,0,0,0,0,0,0,0,-12.30427726,-11.777656,1,0,0,0,0
3651,1789388691671716296,41590724256563,-3.472353546e-15,1,0,1,0.5275532007,1,0,0,0,0,0,-1,0.5,0,0,1000000000,1,1,1,0,0,0,0,0,0,0,0,0,-12.30427726,-11.777656,1,0,0,0,0
3652,1789388691681716138,41590734256403,-3.472353546e-15,1,0,1,0.5275532007,1,0,0,0,0,0,-1,0.5,0,0,1000000000,1,1,1,0,0,0,0,0,0,0,0,0,-12.30427726,-11.777656,1,0,0,0,0
3653,1789388691691736736,41590744276976,-3.472353546e-15,1,0,1,0.5275532007,1,0,0,0,0,0,-1,0.5,0,0,1000000000,1,1,1,0,0,0,0,0,0,0,0,0,-12.30427726,-11.777656,1,0,0,0,0
3654,1789388691701774452,41590754314694,-3.472353546e-15,1,0,1,0.5275532007,1,0,0,0,0,0,-1,0.5,0,0,1000000000,1,1,1,0,0,0,0,0,0,0,0,0,-12.30427726,-11.777656,1,0,0,0,0
3655,1789388691711738790,41590764279050,-3.472353546e-15,1,0,1,0.5275532007,1,0,0,0,0,0,-1,0.5,0,0,1000000000,1,1,1,0,0,0,0,0,0,0,0,0,-12.30427726,-11.777656,1,0,0,0,0
3656,1789388691721713287,41590774253550,-3.472353546e-15,1,0,1,0.5275532007,1,0,0,0,0,0,-1,0.5,0,0,1000000000,1,1,1,0,0,0,0,0,0,0,0,0,-12.30427726,-11.777656,1,0,0,0,0
3657,1789388691731718451,41590784258696,-3.472353546e-15,1,0,1,0.5363298655,1,0,0,0,0,0,-1,0.5,0,0,1000000000,1,1,1,0,0,0,0,0,0,0,0,0,-12.30427726,-11.777656,1,0,0,0,0
3658,1789388691741748366,41590794288627,-3.472353546e-15,1,0,1,0.5363298655,1,0,0,0,0,0,-1,0.5,0,0,1000000000,1,1,1,0,0,0,0,0,0,0,0,0,-12.30427726,-11.777656,1,0,0,0,0
3659,1789388691751741508,41590804281776,-3.472353546e-15,1,0,1,0.5363298655,1,0,0,0,0,0,-1,0.5,0,0,1000000000,1,1,1,0,0,0,0,0,0,0,0,0,-12.30427726,-11.777656,1,0,0,0,0
3660,1789388691761714092,41590814254267,-3.472353546e-15,1,0,1,0.5363298655,1,0,0,0,0,0,-1,0.5,0,0,1000000000,1,1,1,0,0,0,0,0,0,0,0,0,-12.30427726,-11.777656,1,0,0,0,0
3661,1789388691771722008,41590824262277,-3.472353546e-15,1,0,1,0.5363298655,1,0,0,0,0,0,-1,0.5,0,0,1000000000,1,1,1,0,0,0,0,0,0,0,0,0,-12.30427726,-11.777656,1,0,0,0,0
3662,1789388691781722145,41590834262407,-3.472353546e-15,1,0,1,0.5363298655,1,0,0,0,0,0,-1,0.5,0,0,1000000000,1,1,1,0,0,0,0,0,0,0,0,0,-12.30427726,-11.777656,1,0,0,0,0
3663,1789388691791731602,41590844271856,-3.472353546e-15,1,0,1,0.5363298655,1,0,0,0,0,0,-1,0.5,0,0,1000000000,1,1,1,0,0,0,0,0,0,0,0,0,-12.30427726,-11.777656,1,0,0,0,0
3664,1789388691801722182,41590854262428,-3.472353546e-15,1,0,1,0.5363298655,1,0,0,0,0,0,-1,0.5,0,0,1000000000,1,1,1,0,0,0,0,0,0,0,0,0,-12.30427726,-11.777656,1,0,0,0,0
3665,1789388691811697400,41590864237670,-3.472353546e-15,1,0,1,0.5363298655,1,0,0,0,0,0,-1,0.5,0,0,1000000000,1,1,1,0,0,0,0,0,0,0,0,0,-12.30427726,-11.777656,1,0,0,0,0
3666,1789388691821793261,41590874333528,-3.472353546e-15,1,0,1,0.5363298655,1,0,0,0,0,0,-1,0.5,0,0,1000000000,1,1,1,0,0,0,0,0,0,0,0,0,-12.30427726,-11.777656,1,0,0,0,0
3667,1789388691831707437,41590884247706,-3.472353546e-15,1,0,1,0.5363298655,1,0,0,0,0,0,-1,0.5,0,0,1000000000,1,1,1,0,0,0,0,0,0,0,0,0,-12.30427726,-11.777656,1,0,0,0,0
3668,1789388691841703309,41590894243580,-3.472353546e-15,1,0,1,0.5478816032,1,0,0,0,0,0,-1,0.5,0,0,1000000000,1,1,1,0,0,0,0,0,0,0,0,0,-12.30427726,-11.777656,1,0,0,0,0
3669,1789388691851700378,41590904240649,-3.472353546e-15,1,0,1,0.5478816032,1,0,0,0,0,0,-1,0.5,0,0,1000000000,1,1,1,0,0,0,0,0,0,0,0,0,-12.30427726,-11.777656,1,0,0,0,0
3670,1789388691861707908,41590914248171,-3.472353546e-15,1,0,1,0.5478816032,1,0,0,0,0,0,-1,0.5,0,0,1000000000,1,1,1,0,0,0,0,0,0,0,0,0,-12.30427726,-11.777656,1,0,0,0,0
3671,1789388691871716234,41590924256507,-3.472353546e-15,1,0,1,0.5478816032,1,0,0,0,0,0,-1,0.5,0,0,1000000000,1,1,1,0,0,0,0,0,0,0,0,0,-12.30427726,-11.777656,1,0,0,0,0
3672,1789388691881699870,41590934240137,-3.472353546e-15,1,0,1,0.5478816032,1,0,0,0,0,0,-1,0.5,0,0,1000000000,1,1,1,0,0,0,0,0,0,0,0,0,-12.30427726,-11.777656,1,0,0,0,0
3673,1789388691891699203,41590944239470,-3.472353546e-15,1,0,1,0.5478816032,1,0,0,0,0,0,-1,0.5,0,0,1000000000,1,1,1,0,0,0,0,0,0,0,0,0,-12.30427726,-11.777656,1,0,0,0,0
3674,1789388691901697412,41590954237659,-3.472353546e-15,1,0,1,0.5478816032,1,0,0,0,0,0,-1,0.5,0,0,1000000000,1,1,1,0,0,0,0,0,0,0,0,0,-12.30427726,-11.777656,1,0,0,0,0
3675,1789388691911710313,41590964250570,-3.472353546e-15,1,0,1,0.5478816032,1,0,0,0,0,0,-1,0.5,0,0,1000000000,1,1,1,0,0,0,0,0,0,0,0,0,-12.30427726,-11.777656,1,0,0,0,0
3676,1789388691921719792,41590974260038,-3.472353546e-15,1,0,1,0.5478816032,1,0,0,0,0,0,-1,0.5,0,0,1000000000,1,1,1,0,0,0,0,0,0,0,0,0,-12.30427726,-11.777656,1,0,0,0,0
3677,1789388691931745941,41590984286204,-3.472353546e-15,1,0,1,0.5109370947,1,0,0,0,0,0,-1,0.5,0,0,1000000000,1,1,1,0,0,0,0,0,0,0,0,0,-12.30427726,-11.777656,1,0,0,0,0
3678,1789388691941721235,41590994261399,-3.472353546e-15,1,0,1,0.5109370947,1,0,0,0,0,0,-1,0.5,0,0,1000000000,1,1,1,0,0,0,0,0,0,0,0,0,-12.30427726,-11.777656,1,0,0,0,0
3679,1789388691951717308,41591004257562,-3.472353546e-15,1,0,1,0.5109370947,1,0,0,0,0,0,-1,0.5,0,0,1000000000,1,1,1,0,0,0,0,0,0,0,0,0,-12.30427726,-11.777656,1,0,0,0,0
3680,1789388691961715010,41591014255282,-3.472353546e-15,1,0,1,0.5109370947,1,0,0,0,0,0,-1,0.5,0,0,1000000000,1,1,1,0,0,0,0,0,0,0,0,0,-12.30427726,-11.777656,1,0,0,0,0
3681,1789388691971720867,41591024261139,-3.472353546e-15,1,0,1,0.5109370947,1,0,0,0,0,0,-1,0.5,0,0,1000000000,1,1,1,0,0,0,0,0,0,0,0,0,-12.30427726,-11.777656,1,0,0,0,0
3682,1789388691981749942,41591034290196,-3.472353546e-15,1,0,1,0.5109370947,1,0,0,0,0,0,-1,0.5,0,0,1000000000,1,1,1,0,0,0,0,0,0,0,0,0,-12.30427726,-11.777656,1,0,0,0,0
3683,1789388691991729869,41591044270120,-3.472353546e-15,1,0,1,0.5109370947,1,0,0,0,0,0,-1,0.5,0,0,1000000000,1,1,1,0,0,0,0,0,0,0,0,0,-12.30427726,-11.777656,1,0,0,0,0
3684,1789388692001755379,41591054295619,-3.472353546e-15,1,0,1,0.5109370947,1,0,0,0,0,0,-1,0.5,0,0,1000000000,1,1,1,0,0,0,0,0,0,0,0,0,-12.30427726,-11.777656,1,0,0,0,0
3685,1789388692011714641,41591064254886,-3.472353546e-15,1,0,1,0.5109370947,1,0,0,0,0,0,-1,0.5,0,0,1000000000,1,1,1,0,0,0,0,0,0,0,0,0,-12.30427726,-11.777656,1,0,0,0,0
3686,1789388692021722299,41591074262466,-3.472353546e-15,1,0,1,0.5109370947,1,0,0,0,0,0,-1,0.5,0,0,1000000000,1,1,1,0,0,0,0,0,0,0,0,0,-12.30427726,-11.777656,1,0,0,0,0
3687,1789388692031718090,41591084258358,-3.472353546e-15,1,0,1,0.5109370947,1,0,0,0,0,0,-1,0.5,0,0,1000000000,1,1,1,0,0,0,0,0,0,0,0,0,-12.30427726,-11.777656,1,0,0,0,0
3688,1789388692042120842,41591094661093,-3.472353546e-15,1,0,1,0.5517256856,1,0,0,0,0,0,-1,0.5,0,0,1000000000,1,1,1,0,0,0,0,0,0,0,0,0,-12.30427726,-11.777656,1,0,0,0,0
3689,1789388692051716645,41591104256897,-3.472353546e-15,1,0,1,0.5517256856,1,0,0,0,0,0,-1,0.5,0,0,1000000000,1,1,1,0,0,0,0,0,0,0,0,0,-12.30427726,-11.777656,1,0,0,0,0
3690,1789388692061715469,41591114255727,-3.472353546e-15,1,0,1,0.5517256856,1,0,0,0,0,0,-1,0.5,0,0,1000000000,1,1,1,0,0,0,0,0,0,0,0,0,-12.30427726,-11.777656,1,0,0,0,0
3691,1789388692071855611,41591124395875,-3.472353546e-15,1,0,1,0.5517256856,1,0,0,0,0,0,-1,0.5,0,0,1000000000,1,1,1,0,0,0,0,0,0,0,0,0,-12.30427726,-11.777656,1,0,0,0,0
3692,1789388692081715041,41591134255223,-3.472353546e-15,1,0,1,0.5517256856,1,0,0,0,0,0,-1,0.5,0,0,1000000000,1,1,1,0,0,0,0,0,0,0,0,0,-12.30427726,-11.777656,1,0,0,0,0
3693,1789388692091737321,41591144277568,-3.472353546e-15,1,0,1,0.5517256856,1,0,0,0,0,0,-1,0.5,0,0,1000000000,1,1,1,0,0,0,0,0,0,0,0,0,-12.30427726,-11.777656,1,0,0,0,0
3694,1789388692101715220,41591154255370,-3.472353546e-15,1,0,1,0.5517256856,1,0,0,0,0,0,-1,0.5,0,0,1000000000,1,1,1,0,0,0,0,0,0,0,0,0,-12.30427726,-11.777656,1,0,0,0,0
3695,1789388692111711801,41591164252059,-3.472353546e-15,1,0,1,0.5517256856,1,0,0,0,0,0,-1,0.5,0,0,1000000000,1,1,1,0,0,0,0,0,0,0,0,0,-12.30427726,-11.777656,1,0,0,0,0
3696,1789388692121713912,41591174254177,-3.472353546e-15,1,0,1,0.5517256856,1,0,0,0,0,0,-1,0.5,0,0,1000000000,1,1,1,0,0,0,0,0,0,0,0,0,-12.30427726,-11.777656,1,0,0,0,0
3697,1789388692131705738,41591184245994,-3.472353546e-15,1,0,1,0.5128878355,1,0,0,0,0,0,-1,0.5,0,0,1000000000,1,1,1,0,0,0,0,0,0,0,0,0,-12.30427726,-11.777656,1,0,0,0,0
3698,1789388692141756569,41591194296573,-3.472353546e-15,1,0,1,0.5128878355,1,0,0,0,0,0,-1,0.5,0,0,1000000000,1,1,1,0,0,0,0,0,0,0,0,0,-12.30427726,-11.777656,1,0,0,0,0
3699,1789388692151735569,41591204275837,-3.472353546e-15,1,0,1,0.5128878355,1,0,0,0,0,0,-1,0.5,0,0,1000000000,1,1,1,0,0,0,0,0,0,0,0,0,-12.30427726,-11.777656,1,0,0,0,0
3700,1789388692161717080,41591214257349,-3.472353546e-15,1,0,1,0.5128878355,1,0,0,0,0,0,-1,0.5,0,0,1000000000,1,1,1,0,0,0,0,0,0,0,0,0,-12.30427726,-11.777656,1,0,0,0,0
3701,1789388692171723627,41591224263892,-3.472353546e-15,1,0,1,0.5128878355,1,0,0,0,0,0,-1,0.5,0,0,1000000000,1,1,1,0,0,0,0,0,0,0,0,0,-12.30427726,-11.777656,1,0,0,0,0
3702,1789388692181738176,41591234278416,-3.472353546e-15,1,0,1,0.5128878355,1,0,0,0,0,0,-1,0.5,0,0,1000000000,1,1,1,0,0,0,0,0,0,0,0,0,-12.30427726,-11.777656,1,0,0,0,0
3703,1789388692191721944,41591244262199,-3.472353546e-15,1,0,1,0.5128878355,1,0,0,0,0,0,-1,0.5,0,0,1000000000,1,1,1,0,0,0,0,0,0,0,0,0,-12.30427726,-11.777656,1,0,0,0,0
3704,1789388692201753277,41591254293538,-3.472353546e-15,1,0,1,0.5128878355,1,0,0,0,0,0,-1,0.5,0,0,1000000000,1,1,1,0,0,0,0,0,0,0,0,0,-12.30427726,-11.777656,1,0,0,0,0
3705,1789388692211715862,41591264256114,-3.472353546e-15,1,0,1,0.5128878355,1,0,0,0,0,0,-1,0.5,0,0,1000000000,1,1,1,0,0,0,0,0,0,0,0,0,-12.30427726,-11.777656,1,0,0,0,0
3706,1789388692221752967,41591274293133,-3.472353546e-15,1,0,1,0.5128878355,1,0,0,0,0,0,-1,0.5,0,0,1000000000,1,1,1,0,0,0,0,0,0,0,0,0,-12.30427726,-11.777656,1,0,0,0,0
3707,1789388692231757801,41591284298056,-3.472353546e-15,1,0,1,0.5128878355,1,0,0,0,0,0,-1,0.5,0,0,1000000000,1,1,1,0,0,0,0,0,0,0,0,0,-12.30427726,-11.777656,1,0,0,0,0
3708,1789388692241744476,41591294284658,-3.472353546e-15,1,0,1,0.5111784339,1,0,0,0,0,0,-1,0.5,0,0,1000000000,1,1,1,0,0,0,0,0,0,0,0,0,-12.30427726,-11.777656,1,0,0,0,0
3709,1789388692251715760,41591304256018,-3.472353546e-15,1,0,1,0.5111784339,1,0,0,0,0,0,-1,0.5,0,0,1000000000,1,1,1,0,0,0,0,0,0,0,0,0,-12.30427726,-11.777656,1,0,0,0,0
3710,1789388692261717584,41591314257852,-3.472353546e-15,1,0,1,0.5111784339,1,0,0,0,0,0,-1,0.5,0,0,1000000000,1,1,1,0,0,0,0,0,0,0,0,0,-12.30427726,-11.777656,1,0,0,0,0
3711,1789388692271739930,41591324279974,-3.472353546e-15,1,0,1,0.5111784339,1,0,0,0,0,0,-1,0.5,0,0,1000000000,1,1,1,0,0,0,0,0,0,0,0,0,-12.30427726,-11.777656,1,0,0,0,0
3712,1789388692281719509,41591334259774,-3.472353546e-15,1,0,1,0.5111784339,1,0,0,0,0,0,-1,0.5,0,0,1000000000,1,1,1,0,0,0,0,0,0,0,0,0,-12.30427726,-11.777656,1,0,0,0,0
3713,1789388692291731223,41591344271408,-3.472353546e-15,1,0,1,0.5111784339,1,0,0,0,0,0,-1,0.5,0,0,1000000000,1,1,1,0,0,0,0,0,0,0,0,0,-12.30427726,-11.777656,1,0,0,0,0
3714,1789388692301701045,41591354241309,-3.472353546e-15,1,0,1,0.5111784339,1,0,0,0,0,0,-1,0.5,0,0,1000000000,1,1,1,0,0,0,0,0,0,0,0,0,-12.30427726,-11.777656,1,0,0,0,0
3715,1789388692311714663,41591364254893,-3.472353546e-15,1,0,1,0.5111784339,1,0,0,0,0,0,-1,0.5,0,0,1000000000,1,1,1,0,0,0,0,0,0,0,0,0,-12.30427726,-11.777656,1,0,0,0,0
3716,1789388692321714834,41591374255106,-3.472353546e-15,1,0,1,0.5111784339,1,0,0,0,0,0,-1,0.5,0,0,1000000000,1,1,1,0,0,0,0,0,0,0,0,0,-12.30427726,-11.777656,1,0,0,0,0
3717,1789388692331718934,41591384259191,-3.472353546e-15,1,0,1,0.5492219329,1,0,0,0,0,0,-1,0.5,0,0,1000000000,1,1,1,0,0,0,0,0,0,0,0,0,-12.30427726,-11.777656,1,0,0,0,0
3718,1789388692341711993,41591394252262,-3.472353546e-15,1,0,1,0.5492219329,1,0,0,0,0,0,-1,0.5,0,0,1000000000,1,1,1,0,0,0,0,0,0,0,0,0,-12.30427726,-11.777656,1,0,0,0,0
3719,1789388692351703701,41591404243970,-3.472353546e-15,1,0,1,0.5492219329,1,0,0,0,0,0,-1,0.5,0,0,1000000000,1,1,1,0,0,0,0,0,0,0,0,0,-12.30427726,-11.777656,1,0,0,0,0
3720,1789388692361698996,41591414239267,-3.472353546e-15,1,0,1,0.5492219329,1,0,0,0,0,0,-1,0.5,0,0,1000000000,1,1,1,0,0,0,0,0,0,0,0,0,-12.30427726,-11.777656,1,0,0,0,0
3721,1789388692371699447,41591424239712,-3.472353546e-15,1,0,1,0.5492219329,1,0,0,0,0,0,-1,0.5,0,0,1000000000,1,1,1,0,0,0,0,0,0,0,0,0,-12.30427726,-11.777656,1,0,0,0,0
3722,1789388692381706522,41591434246785,-3.472353546e-15,1,0,1,0.5492219329,1,0,0,0,0,0,-1,0.5,0,0,1000000000,1,1,1,0,0,0,0,0,0,0,0,0,-12.30427726,-11.777656,1,0,0,0,0
3723,1789388692391696544,41591444236812,-3.472353546e-15,1,0,1,0.5492219329,1,0,0,0,0,0,-1,0.5,0,0,1000000000,1,1,1,0,0,0,0,0,0,0,0,0,-12.30427726,-11.777656,1,0,0,0,0
3724,1789388692401695254,41591454235511,-3.472353546e-15,1,0,1,0.5492219329,1,0,0,0,0,0,-1,0.5,0,0,1000000000,1,1,1,0,0,0,0,0,0,0,0,0,-12.30427726,-11.777656,1,0,0,0,0
3725,1789388692411714895,41591464255156,-3.472353546e-15,1,0,1,0.5492219329,1,0,0,0,0,0,-1,0.5,0,0,1000000000,1,1,1,0,0,0,0,0,0,0,0,0,-12.30427726,-11.777656,1,0,0,0,0
3726,1789388692421707165,41591474247432,-3.472353546e-15,1,0,1,0.5492219329,1,0,0,0,0,0,-1,0.5,0,0,1000000000,1,1,1,0,0,0,0,0,0,0,0,0,-12.30427726,-11.777656,1,0,0,0,0
3727,1789388692431728272,41591484268531,-3.472353546e-15,1,0,1,0.5066537857,1,0,0,0,0,0,-1,0.5,0,0,1000000000,1,1,1,0,0,0,0,0,0,0,0,0,-12.30427726,-11.777656,1,0,0,0,0
3728,1789388692441715132,41591494255391,-3.472353546e-15,1,0,1,0.5066537857,1,0,0,0,0,0,-1,0.5,0,0,1000000000,1,1,1,0,0,0,0,0,0,0,0,0,-12.30427726,-11.777656,1,0,0,0,0
3729,1789388692451726857,41591504267113,-3.472353546e-15,1,0,1,0.5066537857,1,0,0,0,0,0,-1,0.5,0,0,1000000000,1,1,1,0,0,0,0,0,0,0,0,0,-12.30427726,-11.777656,1,0,0,0,0
3730,1789388692461717901,41591514258173,-3.472353546e-15,1,0,1,0.5066537857,1,0,0,0,0,0,-1,0.5,0,0,1000000000,1,1,1,0,0,0,0,0,0,0,0,0,-12.30427726,-11.777656,1,0,0,0,0
3731,1789388692471746398,41591524286656,-3.472353546e-15,1,0,1,0.5066537857,1,0,0,0,0,0,-1,0.5,0,0,1000000000,1,1,1,0,0,0,0,0,0,0,0,0,-12.30427726,-11.777656,1,0,0,0,0
3732,1789388692481711879,41591534252144,-3.472353546e-15,1,0,1,0.5066537857,1,0,0,0,0,0,-1,0.5,0,0,1000000000,1,1,1,0,0,0,0,0,0,0,0,0,-12.30427726,-11.777656,1,0,0,0,0
3733,1789388692491743367,41591544283619,-3.472353546e-15,1,0,1,0.5066537857,1,0,0,0,0,0,-1,0.5,0,0,1000000000,1,1,1,0,0,0,0,0,0,0,0,0,-12.30427726,-11.777656,1,0,0,0,0
3734,1789388692501723479,41591554263726,-3.472353546e-15,1,0,1,0.5066537857,1,0,0,0,0,0,-1,0.5,0,0,1000000000,1,1,1,0,0,0,0,0,0,0,0,0,-12.30427726,-11.777656,1,0,0,0,0
3735,1789388692511714183,41591564254453,-3.472353546e-15,1,0,1,0.5066537857,1,0,0,0,0,0,-1,0.5,0,0,1000000000,1,1,1,0,0,0,0,0,0,0,0,0,-12.30427726,-11.777656,1,0,0,0,0
3736,1789388692521696606,41591574236810,-3.472353546e-15,1,0,1,0.5066537857,1,0,0,0,0,0,-1,0.5,0,0,1000000000,1,1,1,0,0,0,0,0,0,0,0,0,-12.30427726,-11.777656,1,0,0,0,0
3737,1789388692531705496,41591584245766,-3.472353546e-15,1,0,1,0.5066537857,1,0,0,0,0,0,-1,0.5,0,0,1000000000,1,1,1,0,0,0,0,0,0,0,0,0,-12.30427726,-11.777656,1,0,0,0,0
3738,1789388692541697046,41591594237315,-3.472353546e-15,1,0,1,0.5092529655,1,0,0,0,0,0,-1,0.5,0,0,1000000000,1,1,1,0,0,0,0,0,0,0,0,0,-12.30427726,-11.777656,1,0,0,0,0
3739,1789388692551682722,41591604222978,-3.472353546e-15,1,0,1,0.5092529655,1,0,0,0,0,0,-1,0.5,0,0,1000000000,1,1,1,0,0,0,0,0,0,0,0,0,-12.30427726,-11.777656,1,0,0,0,0
3740,1789388692561716304,41591614256575,-3.472353546e-15,1,0,1,0.5092529655,1,0,0,0,0,0,-1,0.5,0,0,1000000000,1,1,1,0,0,0,0,0,0,0,0,0,-12.30427726,-11.777656,1,0,0,0,0
3741,1789388692571711566,41591624251799,-3.472353546e-15,1,0,1,0.5092529655,1,0,0,0,0,0,-1,0.5,0,0,1000000000,1,1,1,0,0,0,0,0,0,0,0,0,-12.30427726,-11.777656,1,0,0,0,0
3742,1789388692581720411,41591634260670,-3.472353546e-15,1,0,1,0.5092529655,1,0,0,0,0,0,-1,0.5,0,0,1000000000,1,1,1,0,0,0,0,0,0,0,0,0,-12.30427726,-11.777656,1,0,0,0,0
3743,1789388692591739919,41591644280180,-3.472353546e-15,1,0,1,0.5092529655,1,0,0,0,0,0,-1,0.5,0,0,1000000000,1,1,1,0,0,0,0,0,0,0,0,0,-12.30427726,-11.777656,1,0,0,0,0
3744,1789388692601722903,41591654263053,-3.472353546e-15,1,0,1,0.5092529655,1,0,0,0,0,0,-1,0.5,0,0,1000000000,1,1,1,0,0,0,0,0,0,0,0,0,-12.30427726,-11.777656,1,0,0,0,0
3745,1789388692611724359,41591664264628,-3.472353546e-15,1,0,1,0.5092529655,1,0,0,0,0,0,-1,0.5,0,0,1000000000,1,1,1,0,0,0,0,0,0,0,0,0,-12.30427726,-11.777656,1,0,0,0,0
3746,1789388692621717953,41591674258224,-3.472353546e-15,1,0,1,0.5092529655,1,0,0,0,0,0,-1,0.5,0,0,1000000000,1,1,1,0,0,0,0,0,0,0,0,0,-12.30427726,-11.777656,1,0,0,0,0
3747,1789388692631716675,41591684256938,-3.472353546e-15,1,0,1,0.544387579,1,0,0,0,0,0,-1,0.5,0,0,1000000000,1,1,1,0,0,0,0,0,0,0,0,0,-12.30427726,-11.777656,1,0,0,0,0
3748,1789388692641763621,41591694303634,-3.472353546e-15,1,0,1,0.544387579,1,0,0,0,0,0,-1,0.5,0,0,1000000000,1,1,1,0,0,0,0,0,0,0,0,0,-12.30427726,-11.777656,1,0,0,0,0
3749,1789388692651718188,41591704258453,-5.588280146e-06,1,0,1,0.544387579,1,0,0,0,0,0,-1,0.5,0,0,1000000000,1,1,1,0,0,0,0,0,0,0,0,0,-12.30427726,-11.777656,1,0,0,0,0
3750,1789388692661718082,41591714258348,-0.002398778684,1,0,1,0.544387579,1,0,0,0,0,0,-1,0.5,0,0,1000000000,1,1,1,0,0,0,0,0,0,0,0,0,-12.30427726,-11.777656,1,0,0,0,0
3751,1789388692671743486,41591724283751,-0.006092338357,1,0,1,0.544387579,1,0,0,0,0,0,-1,0.5,0,0,1000000000,1,1,1,0,0,0,0,0,0,0,0,0,-12.30427726,-11.777656,1,0,0,0,0
3752,1789388692681732901,41591734273160,-0.01059932169,1,0,1,0.544387579,1,0,0,0,0,0,-1,0.5,0,0,1000000000,1,1,1,0,0,0,0,0,0,0,0,0,-12.30427726,-11.777656,1,0,0,0,0
3753,1789388692691751452,41591744291710,-0.01486650575,1,0,1,0.544387579,1,0,0,0,0,0,-1,0.5,0,0,1000000000,1,1,1,0,0,0,0,0,0,0,0,0,-12.30427726,-11.777656,1,0,0,0,0
3754,1789388692701706329,41591754246592,-0.0152776381,1,0,1,0.544387579,1,0,0,0,0,0,-1,0.5,0,0,1000000000,1,1,1,0,0,0,0,0,0,0,0,0,-12.30427726,-11.777656,1,0,0,0,0
3755,1789388692711693478,41591764233749,-0.0154662393,1,0,1,0.544387579,1,0,0,0,0,0,-1,0.5,0,0,1000000000,1,1,1,0,0,0,0,0,0,0,0,0,-12.30427726,-11.777656,1,0,0,0,0
3756,1789388692721748903,41591774289066,-0.01656402275,1,0,1,0.544387579,1,0,0,0,0,0,-1,0.5,0,0,1000000000,1,1,1,0,0,0,0,0,0,0,0,0,-12.30427726,-11.777656,1,0,0,0,0
3757,1789388692731705415,41591784245685,-0.01813333482,1,0,1,0.544387579,1,0,0,0,0,0,-1,0.5,0,0,1000000000,1,1,1,0,0,0,0,0,0,0,0,0,-12.30427726,-11.777656,1,0,0,0,0
3758,1789388692741853275,41591794393540,-0.01968870871,1,0,1,0.503087461,1,0,0,0,0,0,-1,0.5,0,0,1000000000,1,1,1,0,0,0,0,0,0,0,0,0,-12.30427726,-11.777656,1,0,0,0,0
3759,1789388692751700303,41591804240575,-0.02149652503,1,0,1,0.503087461,1,0,1,0,0,0,-1,0.5,1,0,1000000000,1,1,1,0,0,0,0,0,0,0,0,0,-12.30427726,-11.777656,1,0,0,0,0
3760,1789388692761704095,41591814244365,-0.02354224026,1,0,1,0.503087461,1,0,0,0,0,0,-1,0.5,1,0,1000000000,1,1,1,0,0,0,0,0,0,0,0,0,-12.30427726,-11.777656,1,0,0,0,0
3761,1789388692771715430,41591824255704,-0.02588807233,1,0,1,0.503087461,1,0,0,0,0,0,-1,0.5,1,0,1000000000,1,1,1,0,0,0,0,0,0,0,0,0,-12.30427726,-11.777656,1,0,0,0,0
3762,1789388692781714281,41591834254532,-0.02851516567,1,0,1,0.503087461,1,0,0,0,0,0,-1,0.5,1,0,1000000000,1,1,1,0,0,0,0,0,0,0,0,0,-12.30427726,-11.777656,1,0,0,0,0
3763,1789388692791755848,41591844296084,-0.03133469447,1,0,1,0.503087461,1,0,0,0,0,0,-1,0.5,1,0,1000000000,1,1,1,0,0,0,0,0,0,0,0,0,-12.30427726,-11.777656,1,0,0,0,0
3764,1789388692801717844,41591854258098,-0.03432895243,1,0,1,0.503087461,1,0,0,0,0,0,-1,0.5,1,0,1000000000,1,1,1,0,0,0,0,0,0,0,0,0,-12.30427726,-11.777656,1,0,0,0,0
3765,1789388692811715318,41591864255582,-0.03781153262,1,0,1,0.503087461,1,0,0,0,0,0,-1,0.5,1,0,1000000000,1,1,1,0,0,0,0,0,0,0,0,0,-12.30427726,-11.777656,1,0,0,0,0
3766,1789388692821695314,41591874235586,-0.04135354236,1,0,1,0.503087461,1,0,0,0,0,0,-1,0.5,1,0,1000000000,1,1,1,0,0,0,0,0,0,0,0,0,-12.30427726,-11.777656,1,0,0,0,0
3767,1789388692831706220,41591884246489,-0.04547778517,1,0,1,0.5161736608,1,0,0,0,0,0,-1,0.5,1,0,1000000000,1,1,1,0,0,0,0,0,0,0,0,0,-12.30427726,-11.777656,1,0,0,0,0
3768,1789388692841687814,41591894228085,-0.05017186329,1,0,1,0.5161736608,1,0,0,0,0,0,-1,0.5,1,0,1000000000,1,1,1,0,0,0,0,0,0,0,0,0,-12.30427726,-11.777656,1,0,0,0,0
3769,1789388692851692072,41591904232342,-0.05483226478,1,0,1,0.5161736608,1,0,0,0,0,0,-1,0.5,1,0,1000000000,1,1,1,0,0,0,0,0,0,0,0,0,-12.30427726,-11.777656,1,0,0,0,0
3770,1789388692861702994,41591914243265,-0.05974278972,1,0,1,0.5161736608,1,0,0,0,0,0,-1,0.5,1,0,1000000000,1,1,1,0,0,0,0,0,0,0,0,0,-12.30427726,-11.777656,1,0,0,0,0
3771,1789388692871703862,41591924244135,-0.06483086199,1,0,1,0.5161736608,1,0,0,0,0,0,-1,0.5,1,0,1000000000,1,1,1,0,0,0,0,0,0,0,0,0,-12.30427726,-11.777656,1,0,0,0,0
3772,1789388692881761359,41591934301631,-0.07016886026,1,0,1,0.5161736608,1,0,0,0,0,0,-1,0.5,1,0,1000000000,1,1,1,0,0,0,0,0,0,0,0,0,-12.30427726,-11.777656,1,0,0,0,0
3773,1789388692891711901,41591944252169,-0.07577122748,1,0,1,0.5161736608,1,0,0,0,0,0,-1,0.5,1,0,1000000000,1,1,1,0,0,0,0,0,0,0,0,0,-12.30427726,-11.777656,1,0,0,0,0
3774,1789388692901702246,41591954242514,-0.08159583062,1,0,1,0.5161736608,1,0,0,0,0,0,-1,0.5,1,0,1000000000,1,1,1,0,0,0,0,0,0,0,0,0,-12.30427726,-11.777656,1,0,0,0,0
3775,1789388692911718724,41591964258951,-0.0876936391,1,0,1,0.5161736608,1,0,0,0,0,0,-1,0.5,1,0,1000000000,1,1,1,0,0,0,0,0,0,0,0,0,-12.30427726,-11.777656,1,0,0,0,0
3776,1789388692921708661,41591974248929,-0.09429366887,1,0,1,0.5161736608,1,0,0,0,0,0,-1,0.5,1,0,1000000000,1,1,1,0,0,0,0,0,0,0,0,0,-12.30427726,-11.777656,1,0,0,0,0
3777,1789388692931706481,41591984246758,-0.1016579121,1,0,1,0.5161736608,1,0,0,0,0,0,-1,0.5,1,0,1000000000,1,1,1,0,0,0,0,0,0,0,0,0,-12.30427726,-11.777656,1,0,0,0,0
3778,1789388692941704853,41591994245122,-0.1093063951,1,0,1,0.5334487557,1,0,0,0,0,0,-1,0.5,1,0,1000000000,1,1,1,0,0,0,0,0,0,0,0,0,-12.30427726,-11.777656,1,0,0,0,0
3779,1789388692951718740,41592004258922,-0.1167978644,1,0,1,0.5334487557,1,0,0,0,0,0,-1,0.5,1,0,1000000000,1,1,1,0,0,0,0,0,0,0,0,0,-12.30427726,-11.777656,1,0,0,0,0
3780,1789388692961719636,41592014259907,-0.1225167811,1,0,1,0.5334487557,1,0,0,0,0,0,-1,0.5,1,0,1000000000,1,1,1,0,0,0,0,0,0,0,0,0,-12.30427726,-11.777656,1,0,0,0,0
3781,1789388692971859374,41592024399645,-0.1270940155,1,0,1,0.5334487557,1,0,0,0,0,0,-1,0.5,1,0,1000000000,1,1,1,0,0,0,0,0,0,0,0,0,-12.30427726,-11.777656,1,0,0,0,0
3782,1789388692981701403,41592034241670,-0.1311165988,1,0,1,0.5334487557,1,0,0,0,0,0,-1,0.5,1,0,1000000000,1,1,1,0,0,0,0,0,0,0,0,0,-12.28951933,-11.777656,1,0,0,0,0
3783,1789388692991708970,41592044249241,-0.1361276656,1,0,1,0.5334487557,1,0,0,0,0,0,-1,0.5,1,0,1000000000,1,1,1,0,0,0,0,0,0,0,0,0,-12.28951933,-11.777656,1,0,0,0,0
3784,1789388693001695567,41592054235835,-0.1453555971,1,0,1,0.5334487557,1,0,0,0,0,0,-1,0.5,1,0,1000000000,1,1,1,0,0,0,0,0,0,0,0,0,-12.28951933,-11.777656,1,0,0,0,0
3785,1789388693011719163,41592064259418,-0.1547622979,1,0,1,0.5334487557,1,0,0,0,0,0,-1,0.5,1,0,1000000000,1,1,1,0,0,0,0,0,0,0,0,0,-12.28951933,-11.777656,1,0,0,0,0
3786,1789388693021748123,41592074288368,-0.1635919362,1,0,1,0.5334487557,1,0,0,0,0,0,-1,0.5,1,0,1000000000,1,1,1,0,0,0,0,0,0,0,0,0,-12.28951933,-11.777656,1,0,0,0,0
3787,1789388693031703939,41592084244212,-0.1722032726,1,0,1,0.5364857912,1,0,0,0,0,0,-1,0.5,1,0,1000000000,1,1,1,0,0,0,0,0,0,0,0,0,-12.28951933,-11.777656,1,0,0,0,0
3788,1789388693041744314,41592094284584,-0.1813714206,1,0,1,0.5364857912,1,0,0,0,0,0,-1,0.5,1,0,1000000000,1,1,1,0,0,0,0,0,0,0,0,0,-12.28951933,-11.777656,1,0,0,0,0
3789,1789388693051740418,41592104280681,-0.190808326,1,0,1,0.5364857912,1,0,0,0,0,0,-1,0.5,1,0,1000000000,1,1,1,0,0,0,0,0,0,0,0,0,-12.28951933,-11.777656,1,0,0,0,0
3790,1789388693061717079,41592114257256,-0.2001908571,1,0,1,0.5364857912,1,0,0,0,0,0,-1,0.5,1,0,1000000000,1,1,1,0,0,0,0,0,0,0,0,0,-12.28951933,-11.777656,1,0,0,0,0
3791,1789388693071823431,41592124363559,-0.2095463276,1,0,1,0.5364857912,1,0,0,0,0,0,-1,0.5,1,0,1000000000,1,1,1,0,0,0,0,0,0,0,0,0,-12.28951933,-11.777656,1,0,0,0,0
3792,1789388693081779470,41592134319711,-0.219310984,1,0,1,0.5364857912,1,0,0,0,0,0,-1,0.5,1,0,1000000000,1,1,1,0,0,0,0,0,0,0,0,0,-12.28951933,-11.777656,1,0,0,0,0
3793,1789388693091747027,41592144287278,-0.2294140905,1,0,1,0.5364857912,1,0,0,0,0,0,-1,0.5,1,0,1000000000,1,1,1,0,0,0,0,0,0,0,0,0,-12.28951933,-11.777656,1,0,0,0,0
3794,1789388693101832717,41592154372868,-0.2394499183,1,0,1,0.5364857912,1,0,0,0,0,0,-1,0.5,1,0,1000000000,1,1,1,0,0,0,0,0,0,0,0,0,-12.28951933,-11.777656,1,0,0,0,0
3795,1789388693111712610,41592164252862,-0.2493066937,1,0,1,0.5364857912,1,0,0,0,0,0,-1,0.5,1,0,1000000000,1,1,1,0,0,0,0,0,0,0,0,0,-12.28951933,-11.777656,1,0,0,0,0
3796,1789388693121806519,41592174346770,-0.2595109046,1,0,1,0.5364857912,1,0,0,0,0,0,-1,0.5,1,0,1000000000,1,1,1,0,0,0,0,0,0,0,0,0,-12.28951933,-11.777656,1,0,0,0,0
3797,1789388693131709496,41592184249767,-0.269346565,1,0,1,0.5234681964,1,0,0,0,0,0,-1,0.5,1,0,1000000000,1,1,1,0,0,0,0,0,0,0,0,0,-12.28951933,-11.777656,1,0,0,0,0
3798,1789388693141702119,41592194242390,-0.2786872089,1,0,1,0.5234681964,1,0,0,0,0,0,-1,0.5,1,0,1000000000,1,1,1,0,0,0,0,0,0,0,0,0,-12.28951933,-11.777656,1,0,0,0,0
3799,1789388693151697916,41592204238089,-0.2891042829,1,0,1,0.5234681964,1,0,0,0,0,0,-1,0.5,1,0,1000000000,1,1,1,0,0,0,0,0,0,0,0,0,-12.28951933,-11.777656,1,0,0,0,0
3800,1789388693161696622,41592214236890,-0.2994601429,1,0,1,0.5234681964,1,0,0,0,0,0,-1,0.5,1,0,1000000000,1,1,1,0,0,0,0,0,0,0,0,0,-12.28951933,-11.777656,1,0,0,0,0
3801,1789388693171701157,41592224241429,-0.3094701469,1,0,1,0.5234681964,1,0,0,0,0,0,-1,0.5,1,0,1000000000,1,1,1,0,0,0,0,0,0,0,0,0,-12.28951933,-11.777656,1,0,0,0,0
3802,1789388693181697815,41592234238084,-0.3198825419,1,0,1,0.5234681964,1,0,0,0,0,0,-1,0.5,1,0,1000000000,1,1,1,0,0,0,0,0,0,0,0,0,-12.26000347,-11.75910267,1,0,0,0,0
3803,1789388693191695303,41592244235572,-0.3306590915,1,0,1,0.5234681964,1,0,0,0,0,0,-1,0.5,1,0,1000000000,1,1,1,0,0,0,0,0,0,0,0,0,-12.26000347,-11.75910267,1,0,0,0,0
3804,1789388693201701177,41592254241442,-0.3409929574,1,0,1,0.5234681964,1,0,0,0,0,0,-1,0.5,1,0,1000000000,1,1,1,0,0,0,0,0,0,0,0,0,-12.26000347,-11.75910267,1,0,0,0,0
3805,1789388693211700486,41592264240756,-0.3514858186,1,0,1,0.5234681964,1,0,0,0,0,0,-1,0.5,1,0,1000000000,1,1,1,0,0,0,0,0,0,0,0,0,-12.26000347,-11.75910267,1,0,0,0,0
3806,1789388693221700177,41592274240443,-0.3625465631,1,0,1,0.5234681964,1,0,0,0,0,0,-1,0.5,1,0,1000000000,1,1,1,0,0,0,0,0,0,0,0,0,-12.26000347,-11.75910267,1,0,0,0,0
3807,1789388693231701594,41592284241862,-0.3721385896,1,0,1,0.5144187212,1,0,0,0,0,0,-1,0.5,1,0,1000000000,1,1,1,0,0,0,0,0,0,0,0,0,-12.26000347,-11.75910267,1,0,0,0,0
3808,1789388693241712212,41592294252483,-0.3824560344,1,0,1,0.5144187212,1,0,0,0,0,0,-1,0.5,1,0,1000000000,1,1,1,0,0,0,0,0,0,0,0,0,-12.26000347,-11.75910267,1,0,0,0,0
3809,1789388693251698085,41592304238356,-0.3937146366,1,0,1,0.5144187212,1,0,0,0,0,0,-1,0.5,0,0,1000000000,1,1,1,0,0,0,0,0,0,0,0,0,-12.26000347,-11.75910267,1,0,0,0,0
3810,1789388693261695649,41592314235917,-0.4032402039,1,0,1,0.5144187212,1,0,0,0,0,0,-1,0.5,0,0,1000000000,1,1,1,0,0,0,0,0,0,0,0,0,-12.26000347,-11.75910267,1,0,0,0,0
3811,1789388693271723732,41592324264005,-0.4138951302,1,0,1,0.5144187212,1,0,0,0,0,0,-1,0.5,0,0,1000000000,1,1,1,0,0,0,0,0,0,0,0,0,-12.26000347,-11.75910267,1,0,0,0,0
3812,1789388693281697659,41592334237825,-0.4250279367,1,0,1,0.5144187212,1,0,0,0,0,0,-1,0.5,0,0,1000000000,1,1,1,0,0,0,0,0,0,0,0,0,-12.21572967,-11.721996,1,0,0,0,0
3813,1789388693291799139,41592344339407,-0.4346074462,1,0,1,0.5144187212,1,0,0,0,0,0,-1,0.5,0,0,1000000000,1,1,1,0,0,0,0,0,0,0,0,0,-12.21572967,-11.721996,1,0,0,0,0
3814,1789388693301707791,41592354247946,-0.4450834692,1,0,1,0.5144187212,1,0,0,0,0,0,-1,0.5,0,0,1000000000,1,1,1,0,0,0,0,0,0,0,0,0,-12.21572967,-11.721996,1,0,0,0,0
3815,1789388693311718693,41592364258938,-0.4551029503,1,0,1,0.5144187212,1,0,0,0,0,0,-1,0.5,0,0,1000000000,1,1,1,0,0,0,0,0,0,0,0,0,-12.21572967,-11.721996,1,0,0,0,0
3816,1789388693321722464,41592374262732,-0.4648564458,1,0,1,0.5144187212,1,0,0,0,0,0,-1,0.5,0,0,1000000000,1,1,1,0,0,0,0,0,0,0,0,0,-12.21572967,-11.721996,1,0,0,0,0
3817,1789388693331724768,41592384265012,-0.4753364027,1,0,1,0.7610408068,1,0,0,0,0,0,-1,0.5,0,0,1000000000,1,1,1,0,0,0,0,0,0,0,0,0,-12.21572967,-11.721996,1,0,0,0,0
3818,1789388693341718516,41592394258784,-0.4849413931,1,0,1,0.7610408068,1,0,0,0,0,0,-1,0.5,0,0,1000000000,1,1,1,0,0,0,0,0,0,0,0,0,-12.21572967,-11.721996,1,0,0,0,0
3819,1789388693351707745,41592404248016,-0.4950409234,1,0,1,0.7610408068,1,0,0,0,0,0,-1,0.5,0,0,1000000000,1,1,1,0,0,0,0,0,0,0,0,0,-12.21572967,-11.721996,1,0,0,0,0
3820,1789388693361718284,41592414258555,-0.5043492317,1,0,1,0.7610408068,1,0,0,0,0,0,-1,0.5,0,0,1000000000,1,1,1,0,0,0,0,0,0,0,0,0,-12.21572967,-11.721996,1,0,0,0,0
3821,1789388693371781301,41592424321326,-0.5137403607,1,0,1,0.7610408068,1,0,0,0,0,0,-1,0.5,0,0,1000000000,1,1,1,0,0,0,0,0,0,0,0,0,-12.21572967,-11.721996,1,0,0,0,0
3822,1789388693381718950,41592434259202,-0.5228258967,1,0,1,0.7610408068,1,0,0,0,0,0,-1,0.5,0,0,1000000000,1,1,1,0,0,0,0,0,0,0,0,0,-12.17145588,-11.68488933,1,0,0,0,0
3823,1789388693391734531,41592444274779,-0.5309898257,1,0,1,0.7610408068,1,0,0,0,0,0,-1,0.5,0,0,1000000000,1,1,1,0,0,0,0,0,0,0,0,0,-12.17145588,-11.68488933,1,0,0,0,0
3824,1789388693401783101,41592454323349,-0.5394513607,1,0,1,0.7610408068,1,0,0,0,0,0,-1,0.5,0,0,1000000000,1,1,1,0,0,0,0,0,0,0,0,0,-12.17145588,-11.68488933,1,0,0,0,0
3825,1789388693411714872,41592464255135,-0.5481339693,1,0,1,0.7610408068,1,0,0,0,0,0,-1,0.5,0,0,1000000000,1,1,1,0,0,0,0,0,0,0,0,0,-12.17145588,-11.68488933,1,0,0,0,0
3826,1789388693421731332,41592474271587,-0.5563306808,1,0,1,0.7610408068,1,0,0,0,0,0,-1,0.5,0,0,1000000000,1,1,1,0,0,0,0,0,0,0,0,0,-12.17145588,-11.68488933,1,0,0,0,0
3827,1789388693431719453,41592484259717,-0.5637981892,1,0,1,0.4671036005,1,0,0,0,0,0,-1,0.5,0,0,1000000000,1,1,1,0,0,0,0,0,0,0,0,0,-12.17145588,-11.68488933,1,0,0,0,0
3828,1789388693441749949,41592494290204,-0.5721393824,1,0,1,0.4671036005,1,0,0,0,0,0,-1,0.5,0,0,1000000000,1,1,1,0,0,0,0,0,0,0,0,0,-12.17145588,-11.68488933,1,0,0,0,0
3829,1789388693451740592,41592504280643,-0.5794281363,1,0,1,0.4671036005,1,0,0,0,0,0,-1,0.5,0,0,1000000000,1,1,1,0,0,0,0,0,0,0,0,0,-12.17145588,-11.68488933,1,0,0,0,0
3830,1789388693461734597,41592514274839,-0.5865805745,1,0,1,0.4671036005,1,0,0,0,0,0,-1,0.5,0,0,1000000000,1,1,1,0,0,0,0,0,0,0,0,0,-12.17145588,-11.68488933,1,0,0,0,0
3831,1789388693471720624,41592524260874,-0.5932204723,1,0,1,0.4671036005,1,0,0,0,0,0,-1,0.5,0,0,1000000000,1,1,1,0,0,0,0,0,0,0,0,0,-12.17145588,-11.68488933,1,0,0,0,0
3832,1789388693481721169,41592534261403,-0.5994288921,1,0,1,0.4671036005,1,0,0,0,0,0,-1,0.5,0,0,1000000000,1,1,1,0,0,0,0,0,0,0,0,0,-12.09766623,-11.64778267,1,0,0,0,0
3833,1789388693491730626,41592544270891,-0.6059494019,1,0,1,0.4671036005,1,0,0,0,0,0,-1,0.5,0,0,1000000000,1,1,1,0,0,0,0,0,0,0,0,0,-12.09766623,-11.64778267,1,0,0,0,0
3834,1789388693501705518,41592554245717,-0.6120340228,1,0,1,0.4671036005,1,0,0,0,0,0,-1,0.5,0,0,1000000000,1,1,1,0,0,0,0,0,0,0,0,0,-12.09766623,-11.64778267,1,0,0,0,0
3835,1789388693512333623,41592564873894,-0.6188506484,1,0,1,0.4671036005,1,0,0,0,0,0,-1,0.5,0,0,1000000000,1,1,1,0,0,0,0,0,0,0,0,0,-12.09766623,-11.64778267,1,0,0,0,0
3836,1789388693521701148,41592574241306,-0.6229797602,1,0,1,0.4671036005,1,0,0,0,0,0,-1,0.5,0,0,1000000000,1,1,1,0,0,0,0,0,0,0,0,0,-12.09766623,-11.64778267,1,0,0,0,0
3837,1789388693531674781,41592584215052,-0.6288182735,1,0,1,0.3036173284,1,0,0,0,0,0,-1,0.5,0,0,1000000000,1,1,1,0,0,0,0,0,0,0,0,0,-12.09766623,-11.64778267,1,0,0,0,0
3838,1789388693541706816,41592594247085,-0.6326702833,1,0,1,0.3036173284,1,0,0,0,0,0,-1,0.5,0,0,1000000000,1,1,1,0,0,0,0,0,0,0,0,0,-12.09766623,-11.64778267,1,0,0,0,0
3839,1789388693551708209,41592604248482,-0.6357589364,1,0,1,0.3036173284,1,0,0,0,0,0,-1,0.5,0,0,1000000000,1,1,1,0,0,0,0,0,0,0,0,0,-12.09766623,-11.64778267,1,0,0,0,0
3840,1789388693561698213,41592614238482,-0.6405967474,1,0,1,0.3036173284,1,0,0,0,0,0,-1,0.5,0,0,1000000000,1,1,1,0,0,0,0,0,0,0,0,0,-12.09766623,-11.64778267,1,0,0,0,0
3841,1789388693571723648,41592624263918,-0.6435530782,1,0,1,0.3036173284,1,0,0,0,0,0,-1,0.5,0,0,1000000000,1,1,1,0,0,0,0,0,0,0,0,0,-12.09766623,-11.64778267,1,0,0,0,0
3842,1789388693581724600,41592634264867,-0.6468028426,1,0,1,0.3036173284,1,0,0,0,0,0,-1,0.5,0,0,1000000000,1,1,1,0,0,0,0,0,0,0,0,0,-12.09766623,-11.64778267,1,0,0,0,0
3843,1789388693591717443,41592644257707,-0.6505456567,1,0,1,0.3036173284,1,0,0,0,0,0,-1,0.5,0,0,1000000000,1,1,1,0,0,0,0,0,0,0,0,0,-12.09766623,-11.64778267,1,0,0,0,0
3844,1789388693601696183,41592654236450,-0.6536512971,1,0,1,0.3036173284,1,0,0,0,0,0,-1,0.5,0,0,1000000000,1,1,1,0,0,0,0,0,0,0,0,0,-12.09766623,-11.64778267,1,0,0,0,0
3845,1789388693611695104,41592664235370,-0.6560990214,1,0,1,0.3036173284,1,0,0,0,0,0,-1,0.5,0,0,1000000000,1,1,1,0,0,0,0,0,0,0,0,0,-12.09766623,-11.64778267,1,0,0,0,0
3846,1789388693621700222,41592674240490,-0.6584185362,1,0,1,0.3036173284,1,0,0,0,0,0,-1,0.5,0,0,1000000000,1,1,1,0,0,0,0,0,0,0,0,0,-12.09766623,-11.64778267,1,0,0,0,0
3847,1789388693631701500,41592684241774,-0.6598002911,1,0,1,0.5814142823,1,0,0,0,0,0,-1,0.5,0,0,1000000000,1,1,1,0,0,0,0,0,0,0,0,0,-12.09766623,-11.64778267,1,0,0,0,0
3848,1789388693641693393,41592694233659,-0.6618872285,1,0,1,0.5814142823,1,0,0,0,0,0,-1,0.5,0,0,1000000000,1,1,1,0,0,0,0,0,0,0,0,0,-12.09766623,-11.64778267,1,0,0,0,0
3849,1789388693651705967,41592704246235,-0.6625615954,1,0,1,0.5814142823,1,0,0,0,0,0,-1,0.5,0,0,1000000000,1,1,1,0,0,0,0,0,0,0,0,0,-12.09766623,-11.64778267,1,0,0,0,0
3850,1789388693661698558,41592714238824,-0.6644411087,1,0,1,0.5814142823,1,0,0,0,0,0,-1,0.5,0,0,1000000000,1,1,1,0,0,0,0,0,0,0,0,0,-12.09766623,-11.64778267,1,0,0,0,0
3851,1789388693671724860,41592724265126,-0.6658563018,1,0,1,0.5814142823,1,0,0,0,0,0,-1,0.5,0,0,1000000000,1,1,1,0,0,0,0,0,0,0,0,0,-12.09766623,-11.64778267,1,0,0,0,0
3852,1789388693681767174,41592734307447,-0.6670590043,1,0,1,0.5814142823,1,0,0,0,0,0,-1,0.5,0,0,1000000000,1,1,1,0,0,0,0,0,0,0,0,0,-12.0386345,-11.610676,1,0,0,0,0
3853,1789388693691716712,41592744256980,-0.668903172,1,0,1,0.5814142823,1,0,0,0,0,0,-1,0.5,0,0,1000000000,1,1,1,0,0,0,0,0,0,0,0,0,-12.0386345,-11.610676,1,0,0,0,0
3854,1789388693701702361,41592754242626,-0.6696915627,1,0,1,0.5814142823,1,0,0,0,0,0,-1,0.5,0,0,1000000000,1,1,1,0,0,0,0,0,0,0,0,0,-12.0386345,-11.610676,1,0,0,0,0
3855,1789388693711713895,41592764254161,-0.6704587936,1,0,1,0.5814142823,1,0,0,0,0,0,-1,0.5,0,0,1000000000,1,1,1,0,0,0,0,0,0,0,0,0,-12.0386345,-11.610676,1,0,0,0,0
3856,1789388693721707297,41592774247565,-0.6700053811,1,0,1,0.5814142823,1,0,0,0,0,0,-1,0.5,0,0,1000000000,1,1,1,0,0,0,0,0,0,0,0,0,-12.0386345,-11.610676,1,0,0,0,0
3857,1789388693731657441,41592784197713,-0.6715728641,1,0,1,0.7359749675,1,0,0,0,0,0,-1,0.5,0,0,1000000000,1,1,1,0,0,0,0,0,0,0,0,0,-12.0386345,-11.610676,1,0,0,0,0
3858,1789388693741804819,41592794345091,-0.671679318,1,0,1,0.7359749675,1,0,0,0,0,0,-1,0.5,0,0,1000000000,1,1,1,0,0,0,0,0,0,0,0,0,-12.0386345,-11.610676,1,0,0,0,0
3859,1789388693751704079,41592804244349,-0.672570169,1,0,1,0.7359749675,1,0,0,0,0,0,-1,0.5,0,0,1000000000,1,1,1,0,0,0,0,0,0,0,0,0,-12.0386345,-11.610676,1,0,0,0,0
3860,1789388693761695993,41592814236265,-0.6730774045,1,0,1,0.7359749675,1,0,0,0,0,0,-1,0.5,0,0,1000000000,1,1,1,0,0,0,0,0,0,0,0,0,-12.0386345,-11.610676,1,0,0,0,0
3861,1789388693771702944,41592824243215,-0.6737701893,1,0,1,0.7359749675,1,0,0,0,0,0,-1,0.5,0,0,1000000000,1,1,1,0,0,0,0,0,0,0,0,0,-12.0386345,-11.610676,1,0,0,0,0
3862,1789388693781707264,41592834247526,-0.6749359369,1,0,1,0.7359749675,1,0,0,0,0,0,-1,0.5,0,0,1000000000,1,1,1,0,0,0,0,0,0,0,0,0,-11.96484485,-11.555016,1,0,0,0,0
3863,1789388693791700017,41592844240281,-0.6745753884,1,0,1,0.7359749675,1,0,0,0,0,0,-1,0.5,0,0,1000000000,1,1,1,0,0,0,0,0,0,0,0,0,-11.96484485,-11.555016,1,0,0,0,0
3864,1789388693801695507,41592854235764,-0.6763191819,1,0,1,0.7359749675,1,0,0,0,0,0,-1,0.5,0,0,1000000000,1,1,1,0,0,0,0,0,0,0,0,0,-11.96484485,-11.555016,1,0,0,0,0
3865,1789388693811718230,41592864258495,-0.6750094295,1,0,1,0.7359749675,1,0,0,0,0,0,-1,0.5,0,0,1000000000,1,1,1,0,0,0,0,0,0,0,0,0,-11.96484485,-11.555016,1,0,0,0,0
3866,1789388693821719600,41592874259871,-0.6758146882,1,0,1,0.7359749675,1,0,0,0,0,0,-1,0.5,0,0,1000000000,1,1,1,0,0,0,0,0,0,0,0,0,-11.96484485,-11.555016,1,0,0,0,0
3867,1789388693831707723,41592884247987,-0.675186038,1,0,1,0.7444684505,1,0,0,0,0,0,-1,0.5,0,0,1000000000,1,1,1,0,0,0,0,0,0,0,0,0,-11.96484485,-11.555016,1,0,0,0,0
3868,1789388693841759534,41592894299649,-0.6767062545,1,0,1,0.7444684505,1,0,0,0,0,0,-1,0.5,0,0,1000000000,1,1,1,0,0,0,0,0,0,0,0,0,-11.96484485,-11.555016,1,0,0,0,0
3869,1789388693851710446,41592904250707,-0.6783758402,1,0,1,0.7444684505,1,0,0,0,0,0,-1,0.5,0,0,1000000000,1,1,1,0,0,0,0,0,0,0,0,0,-11.96484485,-11.555016,1,0,0,0,0
3870,1789388693861714935,41592914255196,-0.679228723,1,0,1,0.7444684505,1,0,0,0,0,0,-1,0.5,0,0,1000000000,1,1,1,0,0,0,0,0,0,0,0,0,-11.96484485,-11.555016,1,0,0,0,0
3871,1789388693871719497,41592924259763,-0.6801772714,1,0,1,0.7444684505,1,0,0,0,0,0,-1,0.5,0,0,1000000000,1,1,1,0,0,0,0,0,0,0,0,0,-11.96484485,-11.555016,1,0,0,0,0
3872,1789388693881700237,41592934240410,-0.6802158952,1,0,1,0.7444684505,1,0,0,0,0,0,-1,0.5,0,0,1000000000,1,1,1,0,0,0,0,0,0,0,0,0,-11.89105519,-11.51790933,1,0,0,0,0
3873,1789388693891706022,41592944246286,-0.6804654002,1,0,1,0.7444684505,1,0,0,0,0,0,-1,0.5,0,0,1000000000,1,1,1,0,0,0,0,0,0,0,0,0,-11.89105519,-11.51790933,1,0,0,0,0
3874,1789388693901703528,41592954243795,-0.6802880764,1,0,1,0.7444684505,1,0,0,0,0,0,-1,0.5,0,0,1000000000,1,1,1,0,0,0,0,0,0,0,0,0,-11.89105519,-11.51790933,1,0,0,0,0
3875,1789388693911717372,41592964257633,-0.6808311343,1,0,1,0.7444684505,1,0,0,0,0,0,-1,0.5,0,0,1000000000,1,1,1,0,0,0,0,0,0,0,0,0,-11.89105519,-11.51790933,1,0,0,0,0
3876,1789388693921720591,41592974260860,-0.6814579964,1,0,1,0.7444684505,1,0,0,0,0,0,-1,0.5,0,0,1000000000,1,1,1,0,0,0,0,0,0,0,0,0,-11.89105519,-11.51790933,1,0,0,0,0
3877,1789388693931716225,41592984256484,-0.6828695536,1,0,1,0.669691205,1,0,0,0,0,0,-1,0.5,0,0,1000000000,1,1,1,0,0,0,0,0,0,0,0,0,-11.89105519,-11.51790933,1,0,0,0,0
3878,1789388693941721004,41592994261267,-0.6833673716,1,0,1,0.669691205,1,0,0,0,0,0,-1,0.5,0,0,1000000000,1,1,1,0,0,0,0,0,0,0,0,0,-11.89105519,-11.51790933,1,0,0,0,0
3879,1789388693951738771,41593004279040,-0.6849203706,1,0,1,0.669691205,1,0,0,0,0,0,-1,0.5,0,0,1000000000,0,0,1,0,0,0,0,0,0,0,0,0,-11.89105519,-11.51790933,1,0,0,0,0
3880,1789388693961717476,41593014257666,-0.6846232414,1,0,1,0.669691205,1,0,0,0,0,0,-1,0.5,0,0,1000000000,0,0,1,0,0,0,0,0,0,0,0,0,-11.89105519,-11.51790933,1,0,0,0,0
3881,1789388693971718525,41593024258757,-0.6859317422,1,0,1,0.669691205,1,0,0,0,0,0,-1,0.5,0,0,1000000000,0,0,1,0,0,0,0,0,0,0,0,0,-11.89105519,-11.51790933,1,0,0,0,0
3882,1789388693981756476,41593034296618,-0.6858615279,1,0,1,0.669691205,1,0,0,0,0,0,-1,0.5,0,0,1000000000,0,0,1,0,0,0,0,0,0,0,0,0,-11.81726554,-11.46224933,1,0,0,0,0
3883,1789388693991725371,41593044265629,-0.6860705614,1,0,1,0.669691205,1,0,0,0,0,0,-1,0.5,0,0,1000000000,0,0,1,0,0,0,0,0,0,0,0,0,-11.81726554,-11.46224933,1,0,0,0,0
3884,1789388694001711957,41593054252205,-0.6863741279,1,0,1,0.669691205,1,0,0,0,0,0,-1,0.5,0,0,1000000000,0,0,1,0,0,0,0,0,0,0,0,0,-11.81726554,-11.46224933,1,0,0,0,0
3885,1789388694011711627,41593064251897,-0.6860947609,1,0,1,0.669691205,1,0,0,0,0,0,-1,0.5,0,0,1000000000,0,0,1,0,0,0,0,0,0,0,0,0,-11.81726554,-11.46224933,1,0,0,0,0
3886,1789388694021715437,41593074255598,-0.6876832843,1,0,1,0.669691205,1,0,0,0,0,0,-1,0.5,0,0,1000000000,0,0,1,0,0,0,0,0,0,0,0,0,-11.81726554,-11.46224933,1,0,0,0,0
3887,1789388694031717730,41593084257996,-0.6871187091,1,0,1,0.7178359032,1,0,0,0,0,0,-1,0.5,0,0,1000000000,0,0,1,0,0,0,0,0,0,0,0,0,-11.81726554,-11.46224933,1,0,0,0,0
3888,1789388694041780896,41593094321169,-0.6876370311,1,0,1,0.7178359032,1,0,0,0,0,0,-1,0.5,0,0,1000000000,0,0,1,0,0,0,0,0,0,0,0,0,-11.81726554,-11.46224933,1,0,0,0,0
3889,1789388694051708054,41593104248325,-0.6861382723,1,0,1,0.7178359032,1,0,0,0,0,0,-1,0.5,0,0,1000000000,0,0,1,0,0,0,0,0,0,0,0,0,-11.81726554,-11.46224933,1,0,0,0,0
3890,1789388694061715408,41593114255679,-0.685513854,1,0,1,0.7178359032,1,0,0,0,0,0,-1,0.5,0,0,1000000000,0,0,1,0,0,0,0,0,0,0,0,0,-11.81726554,-11.46224933,1,0,0,0,0
3891,1789388694071712283,41593124252538,-0.6850760579,1,0,1,0.7178359032,1,0,0,0,0,0,-1,0.5,0,0,1000000000,0,0,1,0,0,0,0,0,0,0,0,0,-11.81726554,-11.46224933,1,0,0,0,0
3892,1789388694081727304,41593134267563,-0.6841959357,1,0,1,0.7178359032,1,0,0,0,0,0,-1,0.5,0,0,1000000000,0,0,1,0,0,0,0,0,0,0,0,0,-11.81726554,-11.46224933,1,0,0,0,0
3893,1789388694091726691,41593144266936,-0.6833444238,1,0,1,0.7178359032,1,0,0,0,0,0,-1,0.5,0,0,1000000000,0,0,1,0,0,0,0,0,0,0,0,0,-11.81726554,-11.46224933,1,0,0,0,0
3894,1789388694101713432,41593154253670,-0.6805662513,1,0,1,0.7178359032,1,0,0,0,0,0,-1,0.5,0,0,1000000000,0,0,1,0,0,0,0,0,0,0,0,0,-11.81726554,-11.46224933,1,0,0,0,0
3895,1789388694111704623,41593164244893,-0.6791527271,1,0,1,0.7178359032,1,0,0,0,0,0,-1,0.5,0,0,1000000000,0,0,1,0,0,0,0,0,0,0,0,0,-11.81726554,-11.46224933,1,0,0,0,0
3896,1789388694121705600,41593174245869,-0.6769656539,1,0,1,0.7178359032,1,0,0,0,0,0,-1,0.5,0,0,1000000000,0,0,1,0,0,0,0,0,0,0,0,0,-11.81726554,-11.46224933,1,0,0,0,0
3897,1789388694131696715,41593184236986,-0.6751490831,1,0,1,0.7226133943,1,0,0,0,0,0,-1,0.5,0,0,1000000000,0,0,1,0,0,0,0,0,0,0,0,0,-11.81726554,-11.46224933,1,0,0,0,0
3898,1789388694141694536,41593194234810,-0.6715558171,1,0,1,0.7226133943,1,0,0,0,0,0,-1,0.5,0,0,1000000000,0,0,1,0,0,0,0,0,0,0,0,0,-11.81726554,-11.46224933,1,0,0,0,0
3899,1789388694151700426,41593204240695,-0.6683152318,1,0,1,0.7226133943,1,0,0,0,0,0,-1,0.5,0,0,1000000000,0,0,1,0,0,0,0,0,0,0,0,0,-11.81726554,-11.46224933,1,0,0,0,0
3900,1789388694161714470,41593214254733,-0.6653563976,1,0,1,0.7226133943,1,0,0,0,0,0,-1,0.5,0,0,1000000000,0,0,1,0,0,0,0,0,0,0,0,0,-11.81726554,-11.46224933,1,0,0,0,0
3901,1789388694171713313,41593224253563,-0.6636078954,1,0,1,0.7226133943,1,0,0,0,0,0,-1,0.5,0,0,1000000000,0,0,1,0,0,0,0,0,0,0,0,0,-11.81726554,-11.46224933,1,0,0,0,0
3902,1789388694181715339,41593234255578,-0.6615151167,1,0,1,0.7226133943,1,0,0,0,0,0,-1,0.5,0,0,1000000000,0,0,1,0,0,0,0,0,0,0,0,0,-11.77299175,-11.40658933,1,0,0,0,0
3903,1789388694191730651,41593244270897,-0.6582288146,1,0,1,0.7226133943,1,0,0,0,0,0,-1,0.5,0,0,1000000000,0,0,1,0,0,0,0,0,0,0,0,0,-11.77299175,-11.40658933,1,0,0,0,0
3904,1789388694201711619,41593254251856,-0.6554538012,1,0,1,0.7226133943,1,0,0,0,0,0,-1,0.5,0,0,1000000000,0,0,1,0,0,0,0,0,0,0,0,0,-11.77299175,-11.40658933,1,0,0,0,0
3905,1789388694211740423,41593264280691,-0.6524483562,1,0,1,0.7226133943,1,0,0,0,0,0,-1,0.5,0,0,1000000000,0,0,1,0,0,0,0,0,0,0,0,0,-11.77299175,-11.40658933,1,0,0,0,0
3906,1789388694221717136,41593274257404,-0.6489061713,1,0,1,0.7226133943,1,0,0,0,0,0,-1,0.5,0,0,1000000000,0,0,1,0,0,0,0,0,0,0,0,0,-11.77299175,-11.40658933,1,0,0,0,0
3907,1789388694231738618,41593284278870,-0.6448798776,1,0,1,0.4696986973,1,0,0,0,0,0,-1,0.5,0,0,1000000000,0,0,1,0,0,0,0,0,0,0,0,0,-11.77299175,-11.40658933,1,0,0,0,0
3908,1789388694241758138,41593294298394,-0.6405584812,1,0,1,0.4696986973,1,0,0,0,0,0,-1,0.5,0,0,1000000000,0,0,1,0,0,0,0,0,0,0,0,0,-11.77299175,-11.40658933,1,0,0,0,0
3909,1789388694251709129,41593304249394,-0.6356514692,1,0,1,0.4696986973,1,0,0,0,0,0,-1,0.5,0,0,1000000000,0,0,1,0,0,0,0,0,0,0,0,0,-11.77299175,-11.40658933,1,0,0,0,0
3910,1789388694261714923,41593314255183,-0.631885469,1,0,1,0.4696986973,1,0,0,0,0,0,-1,0.5,0,0,1000000000,0,0,1,0,0,0,0,0,0,0,0,0,-11.77299175,-11.40658933,1,0,0,0,0
3911,1789388694271774680,41593324314674,-0.6251716614,1,0,1,0.4696986973,1,0,0,0,0,0,-1,0.5,0,0,1000000000,0,0,1,0,0,0,0,0,0,0,0,0,-11.77299175,-11.40658933,1,0,0,0,0
3912,1789388694281729105,41593334269373,-0.6199446321,1,0,1,0.4696986973,1,0,0,0,0,0,-1,0.5,0,0,1000000000,0,0,1,0,0,0,0,0,0,0,0,0,-11.66968623,-11.36948267,1,0,0,0,0
3913,1789388694291712521,41593344252761,-0.6144592166,1,0,1,0.4696986973,1,0,0,0,0,0,-1,0.5,0,0,1000000000,0,0,1,0,0,0,0,0,0,0,0,0,-11.66968623,-11.36948267,1,0,0,0,0
3914,1789388694301708790,41593354249058,-0.6084410548,1,0,1,0.4696986973,1,0,0,0,0,0,-1,0.5,0,0,1000000000,0,0,1,0,0,0,0,0,0,0,0,0,-11.66968623,-11.36948267,1,0,0,0,0
3915,1789388694311719717,41593364259985,-0.6026595235,1,0,1,0.4696986973,1,0,0,0,0,0,-1,0.5,0,0,1000000000,0,0,1,0,0,0,0,0,0,0,0,0,-11.66968623,-11.36948267,1,0,0,0,0
3916,1789388694321758919,41593374299193,-0.5962718725,1,0,1,0.4696986973,1,0,0,0,0,0,-1,0.5,0,0,1000000000,0,0,1,0,0,0,0,0,0,0,0,0,-11.66968623,-11.36948267,1,0,0,0,0
3917,1789388694331761577,41593384301827,-0.5890521407,1,0,1,0.4696986973,1,0,0,0,0,0,-1,0.5,0,0,1000000000,0,0,1,0,0,0,0,0,0,0,0,0,-11.66968623,-11.36948267,1,0,0,0,0
3918,1789388694341800998,41593394341269,-0.5812821984,1,0,1,0.7100824714,1,0,0,0,0,0,-1,0.5,0,0,1000000000,0,0,1,0,0,0,0,0,0,0,0,0,-11.66968623,-11.36948267,1,0,0,0,0
3919,1789388694351697778,41593404238047,-0.5752674937,1,0,1,0.7100824714,1,0,0,0,0,0,-1,0.5,0,0,1000000000,0,0,1,0,0,0,0,0,0,0,0,0,-11.66968623,-11.36948267,1,0,0,0,0
3920,1789388694361721008,41593414261248,-0.5676497817,1,0,1,0.7100824714,1,0,0,0,0,0,-1,0.5,0,0,1000000000,0,0,1,0,0,0,0,0,0,0,0,0,-11.66968623,-11.36948267,1,0,0,0,0
3921,1789388694371770782,41593424311052,-0.5596913695,1,0,1,0.7100824714,1,0,0,0,0,0,-1,0.5,0,0,1000000000,0,0,1,0,0,0,0,0,0,0,0,0,-11.66968623,-11.36948267,1,0,0,0,0
3922,1789388694381707908,41593434248179,-0.5518516898,1,0,1,0.7100824714,1,0,0,0,0,0,-1,0.5,0,0,1000000000,0,0,1,0,0,0,0,0,0,0,0,0,-11.62541244,-11.35092933,1,0,0,0,0
3923,1789388694391701421,41593444241688,-0.544397831,1,0,1,0.7100824714,1,0,0,0,0,0,-1,0.5,0,0,1000000000,0,0,1,0,0,0,0,0,0,0,0,0,-11.62541244,-11.35092933,1,0,0,0,0
3924,1789388694401689141,41593454229407,-0.5362377167,1,0,1,0.7100824714,1,0,0,0,0,0,-1,0.5,0,0,1000000000,0,0,1,0,0,0,0,0,0,0,0,0,-11.62541244,-11.35092933,1,0,0,0,0
3925,1789388694411696746,41593464237013,-0.5281597972,1,0,1,0.7100824714,1,0,0,0,0,0,-1,0.5,0,0,1000000000,0,0,1,0,0,0,0,0,0,0,0,0,-11.62541244,-11.35092933,1,0,0,0,0
3926,1789388694421697898,41593474238167,-0.5205128193,1,0,1,0.7100824714,1,0,0,0,0,0,-1,0.5,0,0,1000000000,0,0,1,0,0,0,0,0,0,0,0,0,-11.62541244,-11.35092933,1,0,0,0,0
3927,1789388694431698962,41593484239231,-0.5127657652,1,0,1,0.7183027864,1,0,0,0,0,0,-1,0.5,0,0,1000000000,0,0,1,0,0,0,0,0,0,0,0,0,-11.62541244,-11.35092933,1,0,0,0,0
3928,1789388694441698449,41593494238723,-0.5048089027,1,0,1,0.7183027864,1,0,0,0,0,0,-1,0.5,0,0,1000000000,0,0,1,0,0,0,0,0,0,0,0,0,-11.62541244,-11.35092933,1,0,0,0,0
3929,1789388694451690406,41593504230676,-0.4956227839,1,0,1,0.7183027864,1,0,0,0,0,0,-1,0.5,0,0,1000000000,0,0,1,0,0,0,0,0,0,0,0,0,-11.62541244,-11.35092933,1,0,0,0,0
3930,1789388694461698843,41593514239117,-0.4861909151,1,0,1,0.7183027864,1,0,0,0,0,0,-1,0.5,0,0,1000000000,0,0,1,0,0,0,0,0,0,0,0,0,-11.62541244,-11.35092933,1,0,0,0,0
3931,1789388694471708755,41593524249017,-0.4759966433,1,0,1,0.7183027864,1,0,0,0,0,0,-1,0.5,0,0,1000000000,0,0,1,0,0,0,0,0,0,0,0,0,-11.62541244,-11.35092933,1,0,0,0,0
3932,1789388694481723337,41593534263588,-0.4652375877,1,0,1,0.7183027864,1,0,0,0,0,0,-1,0.5,0,0,1000000000,0,0,1,0,0,0,0,0,0,0,0,0,-11.56638072,-11.332376,1,0,0,0,0
3933,1789388694491711746,41593544252009,-0.4550803602,1,0,1,0.7183027864,1,0,0,0,0,0,-1,0.5,0,0,1000000000,0,0,1,0,0,0,0,0,0,0,0,0,-11.56638072,-11.332376,1,0,0,0,0
3934,1789388694501715431,41593554255688,-0.4439007342,1,0,1,0.7183027864,1,0,0,0,0,0,-1,0.5,0,0,1000000000,0,0,1,0,0,0,0,0,0,0,0,0,-11.56638072,-11.332376,1,0,0,0,0
3935,1789388694511708326,41593564248574,-0.4332537353,1,0,1,0.7183027864,1,0,0,0,0,0,-1,0.5,0,0,1000000000,0,0,1,0,0,0,0,0,0,0,0,0,-11.56638072,-11.332376,1,0,0,0,0
3936,1789388694521742046,41593574282316,-0.4228248298,1,0,1,0.7183027864,1,0,0,0,0,0,-1,0.5,0,0,1000000000,0,0,1,0,0,0,0,0,0,0,0,0,-11.56638072,-11.332376,1,0,0,0,0
3937,1789388694531718452,41593584258718,-0.4118039608,1,0,1,0.466896832,1,0,0,0,0,0,-1,0.5,0,0,1000000000,0,0,1,0,0,0,0,0,0,0,0,0,-11.56638072,-11.332376,1,0,0,0,0
3938,1789388694541758414,41593594298673,-0.4014378786,1,0,1,0.466896832,1,0,0,0,0,0,-1,0.5,0,0,1000000000,0,0,1,0,0,0,0,0,0,0,0,0,-11.56638072,-11.332376,1,0,0,0,0
3939,1789388694551713170,41593604253318,-0.3904246986,1,0,1,0.466896832,1,0,0,0,0,0,-1,0.5,0,0,1000000000,0,0,1,0,0,0,0,0,0,0,0,0,-11.56638072,-11.332376,1,0,0,0,0
3940,1789388694561716821,41593614257082,-0.3787783086,1,0,1,0.466896832,1,0,0,0,0,0,-1,0.5,0,0,1000000000,0,0,1,0,0,0,0,0,0,0,0,0,-11.56638072,-11.332376,1,0,0,0,0
3941,1789388694571774762,41593624315032,-0.3682911098,1,0,1,0.466896832,1,0,0,0,0,0,-1,0.5,0,0,1000000000,0,0,1,0,0,0,0,0,0,0,0,0,-11.56638072,-11.332376,1,0,0,0,0
3942,1789388694581725461,41593634265715,-0.3573894799,1,0,1,0.466896832,1,0,0,0,0,0,-1,0.5,0,0,1000000000,0,0,1,0,0,0,0,0,0,0,0,0,-11.56638072,-11.332376,1,0,0,0,0
3943,1789388694591816518,41593644356745,-0.3461385071,1,0,1,0.466896832,1,0,0,0,0,0,-1,0.5,0,0,1000000000,0,0,1,0,0,0,0,0,0,0,0,0,-11.56638072,-11.332376,1,0,0,0,0
3944,1789388694601937267,41593654477495,-0.3354525268,1,0,1,0.466896832,1,0,0,0,0,0,-1,0.5,0,0,1000000000,0,0,1,0,0,0,0,0,0,0,0,0,-11.56638072,-11.332376,1,0,0,0,0
3945,1789388694611741091,41593664281316,-0.3243471682,1,0,1,0.466896832,1,0,0,0,0,0,-1,0.5,0,0,1000000000,0,0,1,0,0,0,0,0,0,0,0,0,-11.56638072,-11.332376,1,0,0,0,0
3946,1789388694621719103,41593674259374,-0.3128341138,1,0,1,0.466896832,1,0,0,0,0,0,-1,0.5,0,0,1000000000,0,0,1,0,0,0,0,0,0,0,0,0,-11.56638072,-11.332376,1,0,0,0,0
3947,1789388694631718994,41593684259262,-0.3023350537,1,0,1,0.713463068,1,0,0,0,0,0,-1,0.5,0,0,1000000000,0,0,1,0,0,0,0,0,0,0,0,0,-11.56638072,-11.332376,1,0,0,0,0
3948,1789388694641723810,41593694264072,-0.2915560901,1,0,1,0.713463068,1,0,0,0,0,0,-1,0.5,0,0,1000000000,0,0,1,0,0,0,0,0,0,0,0,0,-11.56638072,-11.332376,1,0,0,0,0
3949,1789388694651714664,41593704254928,-0.2798584104,1,0,1,0.713463068,1,0,0,0,0,0,-1,0.5,0,0,1000000000,0,0,1,0,0,0,0,0,0,0,0,0,-11.56638072,-11.332376,1,0,0,0,0
3950,1789388694661717401,41593714257549,-0.2690088451,1,0,1,0.713463068,1,0,0,0,0,0,-1,0.5,0,0,1000000000,0,0,1,0,0,0,0,0,0,0,0,0,-11.56638072,-11.332376,1,0,0,0,0
3951,1789388694671769913,41593724310020,-0.2585314214,1,0,1,0.713463068,1,0,0,0,0,0,-1,0.5,0,0,1000000000,0,0,1,0,0,0,0,0,0,0,0,0,-11.56638072,-11.332376,1,0,0,0,0
3952,1789388694681699123,41593734239385,-0.24740839,1,0,1,0.713463068,1,0,0,0,0,0,-1,0.5,0,0,1000000000,0,0,1,0,0,0,0,0,0,0,0,0,-11.52210692,-11.31382267,1,0,0,0,0
3953,1789388694691705545,41593744245812,-0.2427557409,1,0,1,0.713463068,1,0,0,0,0,0,-1,0.5,0,0,1000000000,0,0,1,0,0,0,0,0,0,0,0,0,-11.52210692,-11.31382267,1,0,0,0,0
3954,1789388694701706508,41593754246772,-0.2452971935,1,0,1,0.713463068,1,0,0,0,0,0,-1,0.5,0,0,1000000000,0,0,1,0,0,0,0,0,0,0,0,0,-11.52210692,-11.31382267,1,0,0,0,0
3955,1789388694711711468,41593764251698,-0.2352559268,1,0,1,0.713463068,1,0,0,0,0,0,-1,0.5,0,0,1000000000,0,0,1,0,0,0,0,0,0,0,0,0,-11.52210692,-11.31382267,1,0,0,0,0
3956,1789388694721758173,41593774298423,-0.2212748975,1,0,1,0.713463068,1,0,0,0,0,0,-1,0.5,0,0,1000000000,0,0,1,0,0,0,0,0,0,0,0,0,-11.52210692,-11.31382267,1,0,0,0,0
3957,1789388694731750529,41593784290693,-0.2077823132,1,0,1,0.713463068,1,0,0,0,0,0,-1,0.5,0,0,1000000000,0,0,1,0,0,0,0,0,0,0,0,0,-11.52210692,-11.31382267,1,0,0,0,0
3958,1789388694741737523,41593794277639,-0.1954919398,1,0,1,0.4637509882,1,0,0,0,0,0,-1,0.5,0,0,1000000000,0,0,1,0,0,0,0,0,0,0,0,0,-11.52210692,-11.31382267,1,0,0,0,0
3959,1789388694751708647,41593804248914,-0.1853127778,1,0,1,0.4637509882,1,0,0,0,0,0,-1,0.5,0,0,1000000000,0,0,1,0,0,0,0,0,0,0,0,0,-11.52210692,-11.31382267,1,0,0,0,0
3960,1789388694761716240,41593814256487,-0.1776927859,1,0,1,0.4637509882,1,0,0,0,0,0,-1,0.5,0,0,1000000000,0,0,1,0,0,0,0,0,0,0,0,0,-11.52210692,-11.31382267,1,0,0,0,0
3961,1789388694771720271,41593824260542,-0.1704826653,1,0,1,0.4637509882,1,0,0,0,0,0,-1,0.5,0,0,1000000000,0,0,1,0,0,0,0,0,0,0,0,0,-11.52210692,-11.31382267,1,0,0,0,0
3962,1789388694781709521,41593834249770,-0.1632344872,1,0,1,0.4637509882,1,0,0,0,0,0,-1,0.5,0,0,1000000000,0,0,1,0,0,0,0,0,0,0,0,0,-11.50734899,-11.31382267,1,0,0,0,0
3963,1789388694791744277,41593844284530,-0.155501321,1,0,1,0.4637509882,1,0,0,0,0,0,-1,0.5,0,0,1000000000,0,0,1,0,0,0,0,0,0,0,0,0,-11.50734899,-11.31382267,1,0,0,0,0
3964,1789388694801720919,41593854261076,-0.1484253705,1,0,1,0.4637509882,1,0,0,0,0,0,-1,0.5,0,0,1000000000,0,0,1,0,0,0,0,0,0,0,0,0,-11.50734899,-11.31382267,1,0,0,0,0
3965,1789388694811717000,41593864257263,-0.1416610181,1,0,1,0.4637509882,1,0,0,0,0,0,-1,0.5,0,0,1000000000,0,0,1,0,0,0,0,0,0,0,0,0,-11.50734899,-11.31382267,1,0,0,0,0
3966,1789388694821719453,41593874259720,-0.1348895729,1,0,1,0.4637509882,1,0,0,0,0,0,-1,0.5,0,0,1000000000,0,0,1,0,0,0,0,0,0,0,0,0,-11.50734899,-11.31382267,1,0,0,0,0
3967,1789388694831716073,41593884256337,-0.1280418932,1,0,1,0.6350155473,1,0,0,0,0,0,-1,0.5,0,0,1000000000,0,0,1,0,0,0,0,0,0,0,0,0,-11.50734899,-11.31382267,1,0,0,0,0
3968,1789388694841719415,41593894259679,-0.1209979132,1,0,1,0.6350155473,1,0,0,0,0,0,-1,0.5,0,0,1000000000,0,0,1,0,0,0,0,0,0,0,0,0,-11.50734899,-11.31382267,1,0,0,0,0
3969,1789388694851741295,41593904281554,-0.1144945771,1,0,1,0.6350155473,1,0,0,0,0,0,-1,0.5,0,0,1000000000,0,0,1,0,0,0,0,0,0,0,0,0,-11.50734899,-11.31382267,1,0,0,0,0
3970,1789388694861715327,41593914255592,-0.1087164804,1,0,1,0.6350155473,1,0,0,0,0,0,-1,0.5,0,0,1000000000,0,0,1,0,0,0,0,0,0,0,0,0,-11.50734899,-11.31382267,1,0,0,0,0
3971,1789388694871813272,41593924353076,-0.1030098572,1,0,1,0.6350155473,1,0,0,0,0,0,-1,0.5,0,0,1000000000,0,0,1,0,0,0,0,0,0,0,0,0,-11.50734899,-11.31382267,1,0,0,0,0
3972,1789388694881750596,41593934290856,-0.09721086174,1,0,1,0.6350155473,1,0,0,0,0,0,-1,0.5,0,0,1000000000,0,0,1,0,0,0,0,0,0,0,0,0,-11.49259106,-11.29526933,1,0,0,0,0
3973,1789388694891729352,41593944269619,-0.0914773643,1,0,1,0.6350155473,1,0,0,0,0,0,-1,0.5,0,0,1000000000,0,0,1,0,0,0,0,0,0,0,0,0,-11.49259106,-11.29526933,1,0,0,0,0
3974,1789388694901773911,41593954314170,-0.0863166824,1,0,1,0.6350155473,1,0,0,0,0,0,-1,0.5,0,0,1000000000,0,0,1,0,0,0,0,0,0,0,0,0,-11.49259106,-11.29526933,1,0,0,0,0
3975,1789388694911716389,41593964256508,-0.08135104924,1,0,1,0.6350155473,1,0,0,0,0,0,-1,0.5,0,0,1000000000,0,0,1,0,0,0,0,0,0,0,0,0,-11.49259106,-11.29526933,1,0,0,0,0
3976,1789388694921715953,41593974256212,-0.07667627931,1,0,1,0.6350155473,1,0,0,0,0,0,-1,0.5,0,0,1000000000,0,0,1,0,0,0,0,0,0,0,0,0,-11.49259106,-11.29526933,1,0,0,0,0
3977,1789388694931713234,41593984253496,-0.07230935991,1,0,1,0.6450962424,1,0,0,0,0,0,-1,0.5,0,0,1000000000,0,0,1,0,0,0,0,0,0,0,0,0,-11.49259106,-11.29526933,1,0,0,0,0
3978,1789388694941799133,41593994339386,-0.06810279936,1,0,1,0.6450962424,1,0,0,0,0,0,-1,0.5,0,0,1000000000,0,0,1,0,0,0,0,0,0,0,0,0,-11.49259106,-11.29526933,1,0,0,0,0
3979,1789388694951769873,41594004310120,-0.06430132687,1,0,1,0.6450962424,1,0,0,0,0,0,-1,0.5,0,0,1000000000,0,0,1,0,0,0,0,0,0,0,0,0,-11.49259106,-11.29526933,1,0,0,0,0
3980,1789388694961715620,41594014255794,-0.06066354737,1,0,1,0.6450962424,1,0,0,0,0,0,-1,0.5,0,0,1000000000,0,0,1,0,0,0,0,0,0,0,0,0,-11.49259106,-11.29526933,1,0,0,0,0
3981,1789388694971763417,41594024303670,-0.05724451318,1,0,1,0.6450962424,1,0,0,0,0,0,-1,0.5,0,0,1000000000,0,0,1,0,0,0,0,0,0,0,0,0,-11.49259106,-11.29526933,1,0,0,0,0
3982,1789388694981729913,41594034270068,-0.05408884212,1,0,1,0.6450962424,1,0,0,0,0,0,-1,0.5,0,0,1000000000,0,0,1,0,0,0,0,0,0,0,0,0,-11.49259106,-11.29526933,1,0,0,0,0
3983,1789388694991803792,41594044344054,-0.04461681098,1,0,1,0.6450962424,1,0,0,0,0,0,-1,0.5,0,0,1000000000,0,0,1,0,0,0,0,0,0,0,0,0,-11.49259106,-11.29526933,1,0,0,0,0
3984,1789388695001713422,41594054253689,-0.0291170273,1,0,1,0.6450962424,1,0,0,0,0,0,-1,0.5,0,0,1000000000,0,0,1,0,0,0,0,0,0,0,0,0,-11.49259106,-11.29526933,1,0,0,0,0
3985,1789388695011717562,41594064257804,-0.02664261125,1,0,1,0.6450962424,1,0,0,0,0,0,-1,0.5,0,0,1000000000,0,0,1,0,0,0,0,0,0,0,0,0,-11.49259106,-11.29526933,1,0,0,0,0
3986,1789388695021764989,41594074305259,-0.02795290761,1,0,1,0.6450962424,1,0,0,0,0,0,-1,0.5,0,0,1000000000,0,0,1,0,0,0,0,0,0,0,0,0,-11.49259106,-11.29526933,1,0,0,0,0
3987,1789388695031750664,41594084290932,-0.02893337049,1,0,1,0.6450962424,1,0,0,0,0,0,-1,0.5,0,0,1000000000,0,0,1,0,0,0,0,0,0,0,0,0,-11.49259106,-11.29526933,1,0,0,0,0
3988,1789388695041714437,41594094254705,-0.02952605486,1,0,1,0.6323738694,1,0,0,0,0,0,-1,0.5,0,0,1000000000,0,0,1,0,0,0,0,0,0,0,0,0,-11.49259106,-11.29526933,1,0,0,0,0
3989,1789388695051706566,41594104246835,-0.02870835364,1,0,1,0.6323738694,1,0,0,0,0,0,-1,0.5,0,0,1000000000,0,0,1,0,0,0,0,0,0,0,0,0,-11.49259106,-11.29526933,1,0,0,0,0
3990,1789388695061701334,41594114241598,-0.02548102848,1,0,1,0.6323738694,1,0,0,0,0,0,-1,0.5,0,0,1000000000,0,0,1,0,0,0,0,0,0,0,0,0,-11.49259106,-11.29526933,1,0,0,0,0
3991,1789388695071780131,41594124320236,-0.02189367451,1,0,1,0.6323738694,1,0,0,0,0,0,-1,0.5,0,0,1000000000,0,0,1,0,0,0,0,0,0,0,0,0,-11.49259106,-11.29526933,1,0,0,0,0
3992,1789388695081742337,41594134282590,-0.01913328655,1,0,1,0.6323738694,1,0,0,0,0,0,-1,0.5,0,0,1000000000,0,0,1,0,0,0,0,0,0,0,0,0,-11.49259106,-11.29526933,1,0,0,0,0
3993,1789388695091708527,41594144248790,-0.01755025983,1,0,1,0.6323738694,1,0,0,0,0,0,-1,0.5,0,0,1000000000,0,0,1,0,0,0,0,0,0,0,0,0,-11.49259106,-11.29526933,1,0,0,0,0
3994,1789388695101724238,41594154264487,-0.01562786661,1,0,1,0.6323738694,1,0,0,0,0,0,-1,0.5,0,0,1000000000,0,0,1,0,0,0,0,0,0,0,0,0,-11.49259106,-11.29526933,1,0,0,0,0
3995,1789388695111750979,41594164291210,-0.01352943946,1,0,1,0.6323738694,1,0,0,0,0,0,-1,0.5,0,0,1000000000,0,0,1,0,0,0,0,0,0,0,0,0,-11.49259106,-11.29526933,1,0,0,0,0
3996,1789388695121768096,41594174308361,-0.01173501648,1,0,1,0.6323738694,1,0,0,0,0,0,-1,0.5,0,0,1000000000,0,0,1,0,0,0,0,0,0,0,0,0,-11.49259106,-11.29526933,1,0,0,0,0
3997,1789388695131718674,41594184258939,-0.01026627142,1,0,1,0.6352387071,1,0,0,0,0,0,-1,0.5,0,0,1000000000,0,0,1,0,0,0,0,0,0,0,0,0,-11.49259106,-11.29526933,1,0,0,0,0
3998,1789388695141758455,41594194298725,-0.009174756706,1,0,1,0.6352387071,1,0,0,0,0,0,-1,0.5,0,0,1000000000,0,0,1,0,0,0,0,0,0,0,0,0,-11.49259106,-11.29526933,1,0,0,0,0
3999,1789388695152091411,41594204631674,-0.008117087185,1,0,1,0.6352387071,1,0,0,0,0,0,-1,0.5,0,0,1000000000,0,0,1,0,0,0,0,0,0,0,0,0,-11.49259106,-11.29526933,1,0,0,0,0
4000,1789388695161714563,41594214254823,-0.007078920491,1,0,1,0.6352387071,1,0,0,0,0,0,-1,0.5,0,0,1000000000,0,0,1,0,0,0,0,0,0,0,0,0,-11.49259106,-11.29526933,1,0,0,0,0
4001,1789388695171754848,41594224295112,-0.00626090588,1,0,1,0.6352387071,1,0,0,0,0,0,-1,0.5,0,0,1000000000,0,0,1,0,0,0,0,0,0,0,0,0,-11.49259106,-11.29526933,1,0,0,0,0
4002,1789388695181735834,41594234276073,-0.005669016391,1,0,1,0.6352387071,1,0,0,0,0,0,-1,0.5,0,0,1000000000,0,0,1,0,0,0,0,0,0,0,0,0,-11.49259106,-11.29526933,1,0,0,0,0
4003,1789388695191756565,41594244296813,-0.005089546554,1,0,1,0.6352387071,1,0,0,0,0,0,-1,0.5,0,0,1000000000,0,0,1,0,0,0,0,0,0,0,0,0,-11.49259106,-11.29526933,1,0,0,0,0
4004,1789388695201722219,41594254262473,-0.004461076576,1,0,1,0.6352387071,1,0,0,0,0,0,-1,0.5,0,0,1000000000,0,0,1,0,0,0,0,0,0,0,0,0,-11.49259106,-11.29526933,1,0,0,0,0
4005,1789388695211710576,41594264250819,-0.003894224996,1,0,1,0.6352387071,1,0,0,0,0,0,-1,0.5,0,0,1000000000,0,0,1,0,0,0,0,0,0,0,0,0,-11.49259106,-11.29526933,1,0,0,0,0
4006,1789388695221718518,41594274258785,-0.003482028143,1,0,1,0.6352387071,1,0,0,0,0,0,-1,0.5,0,0,1000000000,0,0,1,0,0,0,0,0,0,0,0,0,-11.49259106,-11.29526933,1,0,0,0,0
4007,1789388695231719460,41594284259713,-0.003227712121,1,0,1,0.6352387071,1,0,0,0,0,0,-1,0.5,0,0,1000000000,0,0,1,0,0,0,0,0,0,0,0,0,-11.49259106,-11.29526933,1,0,0,0,0
4008,1789388695241700644,41594294240913,-0.003072853433,1,0,1,0.6348531246,1,0,0,0,0,0,-1,0.5,0,0,1000000000,0,0,1,0,0,0,0,0,0,0,0,0,-11.49259106,-11.29526933,1,0,0,0,0
4009,1789388695251705849,41594304246120,-0.002918790793,1,0,1,0.6348531246,1,0,0,0,0,0,-1,0.5,0,0,1000000000,0,0,1,0,0,0,0,0,0,0,0,0,-11.49259106,-11.29526933,1,0,0,0,0
4010,1789388695261702579,41594314242847,-0.002812529681,1,0,1,0.6348531246,1,0,0,0,0,0,-1,0.5,0,0,1000000000,0,0,1,0,0,0,0,0,0,0,0,0,-11.49259106,-11.29526933,1,0,0,0,0
4011,1789388695271703494,41594324243761,-0.002764815465,1,0,1,0.6348531246,1,0,0,0,0,0,-1,0.5,0,0,1000000000,0,0,1,0,0,0,0,0,0,0,0,0,-11.49259106,-11.29526933,1,0,0,0,0
4012,1789388695281745027,41594334285295,-0.00272909319,1,0,1,0.6348531246,1,0,0,0,0,0,-1,0.5,0,0,1000000000,0,0,1,0,0,0,0,0,0,0,0,0,-11.49259106,-11.29526933,1,0,0,0,0
4013,1789388695291719600,41594344259857,-0.002710679546,1,0,1,0.6348531246,1,0,0,0,0,0,-1,0.5,0,0,1000000000,0,0,1,0,0,0,0,0,0,0,0,0,-11.49259106,-11.29526933,1,0,0,0,0
4014,1789388695301734376,41594354274623,-0.002710679546,1,0,1,0.6348531246,1,0,0,0,0,0,-1,0.5,0,0,1000000000,0,0,1,0,0,0,0,0,0,0,0,0,-11.49259106,-11.29526933,1,0,0,0,0
4015,1789388695311712381,41594364252623,-0.002710679546,1,0,1,0.6348531246,1,0,0,0,0,0,-1,0.5,0,0,1000000000,0,0,1,0,0,0,0,0,0,0,0,0,-11.49259106,-11.29526933,1,0,0,0,0
4016,1789388695321709883,41594374250134,-0.002710679546,1,0,1,0.6348531246,1,0,0,0,0,0,-1,0.5,0,0,1000000000,0,0,1,0,0,0,0,0,0,0,0,0,-11.49259106,-11.29526933,1,0,0,0,0
4017,1789388695331714912,41594384255168,-0.002710679546,1,0,1,0.6378270388,1,0,0,0,0,0,-1,0.5,0,0,1000000000,0,0,1,0,0,0,0,0,0,0,0,0,-11.49259106,-11.29526933,1,0,0,0,0
4018,1789388695341755188,41594394295244,-0.002710679546,1,0,1,0.6378270388,1,0,0,0,0,0,-1,0.5,0,0,1000000000,0,0,1,0,0,0,0,0,0,0,0,0,-11.49259106,-11.29526933,1,0,0,0,0
4019,1789388695351733515,41594404273760,-0.002710679546,1,0,1,0.6378270388,1,0,0,0,0,0,-1,0.5,0,0,1000000000,0,0,1,0,0,0,0,0,0,0,0,0,-11.49259106,-11.29526933,1,0,0,0,0
4020,1789388695361713663,41594414253927,-0.002710679546,1,0,1,0.6378270388,1,0,0,0,0,0,-1,0.5,0,0,1000000000,0,0,1,0,0,0,0,0,0,0,0,0,-11.49259106,-11.29526933,1,0,0,0,0
4021,1789388695371758991,41594424299252,-0.002710679546,1,0,1,0.6378270388,1,0,0,0,0,0,-1,0.5,0,0,1000000000,0,0,1,0,0,0,0,0,0,0,0,0,-11.49259106,-11.29526933,1,0,0,0,0
4022,1789388695381727020,41594434267283,-0.002710679546,1,0,1,0.6378270388,1,0,0,0,0,0,-1,0.5,0,0,1000000000,0,0,1,0,0,0,0,0,0,0,0,0,-11.49259106,-11.29526933,1,0,0,0,0
4023,1789388695391726914,41594444267174,-0.002710679546,1,0,1,0.6378270388,1,0,0,0,0,0,-1,0.5,0,0,1000000000,0,0,1,0,0,0,0,0,0,0,0,0,-11.49259106,-11.29526933,1,0,0,0,0
4024,1789388695401726067,41594454266323,-0.002710679546,1,0,1,0.6378270388,1,0,0,0,0,0,-1,0.5,0,0,1000000000,0,0,1,0,0,0,0,0,0,0,0,0,-11.49259106,-11.29526933,1,0,0,0,0
4025,1789388695411719322,41594464259568,-0.002710679546,1,0,1,0.6378270388,1,0,0,0,0,0,-1,0.5,0,0,1000000000,0,0,1,0,0,0,0,0,0,0,0,0,-11.49259106,-11.29526933,1,0,0,0,0
4026,1789388695421721808,41594474262014,-0.002710679546,1,0,1,0.6378270388,1,0,0,0,0,0,-1,0.5,0,0,1000000000,0,0,1,0,0,0,0,0,0,0,0,0,-11.49259106,-11.29526933,1,0,0,0,0
4027,1789388695431719211,41594484259478,-0.002710679546,1,0,1,0.6378270388,1,0,0,0,0,0,-1,0.5,0,0,1000000000,0,0,1,0,0,0,0,0,0,0,0,0,-11.49259106,-11.29526933,1,0,0,0,0
4028,1789388695441722822,41594494263053,-0.002710679546,1,0,1,0.6368726492,1,0,0,0,0,0,-1,0.5,0,0,1000000000,0,0,1,0,0,0,0,0,0,0,0,0,-11.49259106,-11.29526933,1,0,0,0,0
4029,1789388695451714644,41594504254910,-0.002710679546,1,0,1,0.6368726492,1,0,0,0,0,0,-1,0.5,0,0,1000000000,0,0,1,0,0,0,0,0,0,0,0,0,-11.49259106,-11.29526933,1,0,0,0,0
4030,1789388695461718770,41594514259038,-0.002710679546,1,0,1,0.6368726492,1,0,0,0,0,0,-1,0.5,0,0,1000000000,0,0,1,0,0,0,0,0,0,0,0,0,-11.49259106,-11.29526933,1,0,0,0,0
4031,1789388695471753093,41594524293198,-0.002710679546,1,0,1,0.6368726492,1,0,0,0,0,0,-1,0.5,0,0,1000000000,0,0,1,0,0,0,0,0,0,0,0,0,-11.49259106,-11.29526933,1,0,0,0,0
4032,1789388695481742911,41594534283170,-0.002710679546,1,0,1,0.6368726492,1,0,0,0,0,0,-1,0.5,0,0,1000000000,0,0,1,0,0,0,0,0,0,0,0,0,-11.49259106,-11.29526933,1,0,0,0,0
4033,1789388695491722383,41594544262634,-0.002710679546,1,0,1,0.6368726492,1,0,0,0,0,0,-1,0.5,0,0,1000000000,0,0,1,0,0,0,0,0,0,0,0,0,-11.49259106,-11.29526933,1,0,0,0,0
4034,1789388695501711576,41594554251832,-0.002710679546,1,0,1,0.6368726492,1,0,0,0,0,0,-1,0.5,0,0,1000000000,0,0,1,0,0,0,0,0,0,0,0,0,-11.49259106,-11.29526933,1,0,0,0,0
4035,1789388695511709270,41594564249525,-0.002710679546,1,0,1,0.6368726492,1,0,0,0,0,0,-1,0.5,0,0,1000000000,0,0,1,0,0,0,0,0,0,0,0,0,-11.49259106,-11.29526933,1,0,0,0,0
4036,1789388695521707719,41594574247987,-0.002710679546,1,0,1,0.6368726492,1,0,0,0,0,0,-1,0.5,0,0,1000000000,0,0,1,0,0,0,0,0,0,0,0,0,-11.49259106,-11.29526933,1,0,0,0,0
4037,1789388695531706383,41594584246644,-0.002710679546,1,0,1,0.7119746804,1,0,0,0,0,0,-1,0.5,0,0,1000000000,0,0,1,0,0,0,0,0,0,0,0,0,-11.49259106,-11.29526933,1,0,0,0,0
4038,1789388695541763642,41594594303913,-0.002710679546,1,0,1,0.7119746804,1,0,0,0,0,0,-1,0.5,0,0,1000000000,0,0,1,0,0,0,0,0,0,0,0,0,-11.49259106,-11.29526933,1,0,0,0,0
4039,1789388695551709634,41594604249901,-0.002710679546,1,0,1,0.7119746804,1,0,0,0,0,0,-1,0.5,0,0,1000000000,0,0,1,0,0,0,0,0,0,0,0,0,-11.49259106,-11.29526933,1,0,0,0,0
4040,1789388695561714955,41594614255218,-0.002710679546,1,0,1,0.7119746804,1,0,0,0,0,0,-1,0.5,0,0,1000000000,0,0,1,0,0,0,0,0,0,0,0,0,-11.49259106,-11.29526933,1,0,0,0,0
4041,1789388695571717106,41594624257325,-0.002710679546,1,0,1,0.7119746804,1,0,0,0,0,0,-1,0.5,0,0,1000000000,0,0,1,0,0,0,0,0,0,0,0,0,-11.49259106,-11.29526933,1,0,0,0,0
4042,1789388695581743618,41594634283864,-0.002710679546,1,0,1,0.7119746804,1,0,0,0,0,0,-1,0.5,0,0,1000000000,0,0,1,0,0,0,0,0,0,0,0,0,-11.49259106,-11.29526933,1,0,0,0,0
4043,1789388695591726192,41594644266451,-0.002710679546,1,0,1,0.7119746804,1,0,0,0,0,0,-1,0.5,0,0,1000000000,0,0,1,0,0,0,0,0,0,0,0,0,-11.49259106,-11.29526933,1,0,0,0,0
4044,1789388695601712702,41594654252964,-0.002710679546,1,0,1,0.7119746804,1,0,0,0,0,0,-1,0.5,0,0,1000000000,0,0,1,0,0,0,0,0,0,0,0,0,-11.49259106,-11.29526933,1,0,0,0,0
4045,1789388695612394864,41594664935128,-0.002710679546,1,0,1,0.7119746804,1,0,0,0,0,0,-1,0.5,0,0,1000000000,0,0,1,0,0,0,0,0,0,0,0,0,-11.49259106,-11.29526933,1,0,0,0,0
4046,1789388695621704975,41594674245244,-0.002710679546,1,0,1,0.7119746804,1,0,0,0,0,0,-1,0.5,0,0,1000000000,0,0,1,0,0,0,0,0,0,0,0,0,-11.49259106,-11.29526933,1,0,0,0,0
4047,1789388695631696226,41594684236492,-0.002710679546,1,0,1,0.6400322318,1,0,0,0,0,0,-1,0.5,0,0,1000000000,0,0,1,0,0,0,0,0,0,0,0,0,-11.49259106,-11.29526933,1,0,0,0,0
4048,1789388695641731944,41594694272213,-0.002710679546,1,0,1,0.6400322318,1,0,0,0,0,0,-1,0.5,0,0,1000000000,0,0,1,0,0,0,0,0,0,0,0,0,-11.49259106,-11.29526933,1,0,0,0,0
4049,1789388695651700635,41594704240892,-0.002710679546,1,0,1,0.6400322318,1,0,0,0,0,0,-1,0.5,0,0,1000000000,0,0,1,0,0,0,0,0,0,0,0,0,-11.49259106,-11.29526933,1,0,0,0,0
4050,1789388695661714622,41594714254893,-0.002710679546,1,0,1,0.6400322318,1,0,1,0,0,0,-1,0.5,1,0,1000000000,0,0,1,0,0,0,0,0,0,0,0,0,-11.49259106,-11.29526933,1,0,0,0,0
4051,1789388695671747917,41594724288174,-0.002710679546,1,0,1,0.6400322318,1,0,0,0,0,0,-1,0.5,1,0,1000000000,0,0,1,0,0,0,0,0,0,0,0,0,-11.49259106,-11.29526933,1,0,0,0,0
4052,1789388695681713819,41594734254075,-0.002710679546,1,0,1,0.6400322318,1,0,0,0,0,0,-1,0.5,1,0,1000000000,0,0,1,0,0,0,0,0,0,0,0,0,-11.50734899,-11.29526933,1,0,0,0,0
4053,1789388695691718990,41594744259199,-0.002710679546,1,0,1,0.6400322318,1,0,0,0,0,0,-1,0.5,1,0,1000000000,0,0,1,0,0,0,0,0,0,0,0,0,-11.50734899,-11.29526933,1,0,0,0,0
4054,1789388695701766637,41594754306871,-0.002710679546,1,0,1,0.6400322318,1,0,0,0,0,0,-1,0.5,1,0,1000000000,0,0,1,0,0,0,0,0,0,0,0,0,-11.50734899,-11.29526933,1,0,0,0,0
4055,1789388695711791926,41594764332191,-0.002710679546,1,0,1,0.6400322318,1,0,0,0,0,0,-1,0.5,1,0,1000000000,0,0,1,0,0,0,0,0,0,0,0,0,-11.50734899,-11.29526933,1,0,0,0,0
4056,1789388695721719202,41594774259459,-0.002710679546,1,0,1,0.6400322318,1,0,0,0,0,0,-1,0.5,1,0,1000000000,0,0,1,0,0,0,0,0,0,0,0,0,-11.50734899,-11.29526933,1,0,0,0,0
4057,1789388695731716791,41594784257048,-0.002710679546,1,0,1,0.6338182688,1,0,0,0,0,0,-1,0.5,1,0,1000000000,0,0,1,0,0,0,0,0,0,0,0,0,-11.50734899,-11.29526933,1,0,0,0,0
4058,1789388695741763787,41594794304049,-0.002710679546,1,0,1,0.6338182688,1,0,0,0,0,0,-1,0.5,1,0,1000000000,0,0,1,0,0,0,0,0,0,0,0,0,-11.50734899,-11.29526933,1,0,0,0,0
4059,1789388695751736434,41594804276698,-0.002710679546,1,0,1,0.6338182688,1,0,0,0,0,0,-1,0.5,1,0,1000000000,0,0,1,0,0,0,0,0,0,0,0,0,-11.50734899,-11.29526933,1,0,0,0,0
4060,1789388695761713910,41594814254158,-0.002710679546,1,0,1,0.6338182688,1,0,0,0,0,0,-1,0.5,1,0,1000000000,0,0,1,0,0,0,0,0,0,0,0,0,-11.50734899,-11.29526933,1,0,0,0,0
4061,1789388695771708175,41594824248427,-0.002710679546,1,0,1,0.6338182688,1,0,0,0,0,0,-1,0.5,1,0,1000000000,0,0,1,0,0,0,0,0,0,0,0,0,-11.50734899,-11.29526933,1,0,0,0,0
4062,1789388695781723752,41594834264006,-0.002710679546,1,0,1,0.6338182688,1,0,0,0,0,0,-1,0.5,1,0,1000000000,0,0,1,0,0,0,0,0,0,0,0,0,-11.50734899,-11.29526933,1,0,0,0,0
4063,1789388695791771047,41594844311299,-0.002710679546,1,0,1,0.6338182688,1,0,0,0,0,0,-1,0.5,1,0,1000000000,0,0,1,0,0,0,0,0,0,0,0,0,-11.50734899,-11.29526933,1,0,0,0,0
4064,1789388695801707066,41594854247333,-0.002710679546,1,0,1,0.6338182688,1,0,0,0,0,0,-1,0.5,1,0,1000000000,0,0,1,0,0,0,0,0,0,0,0,0,-11.50734899,-11.29526933,1,0,0,0,0
4065,1789388695811696477,41594864236741,-0.002710679546,1,0,1,0.6338182688,1,0,0,0,0,0,-1,0.5,1,0,1000000000,0,0,1,0,0,0,0,0,0,0,0,0,-11.50734899,-11.29526933,1,0,0,0,0
4066,1789388695821696343,41594874236614,-0.002710679546,1,0,1,0.6338182688,1,0,0,0,0,0,-1,0.5,1,0,1000000000,0,0,1,0,0,0,0,0,0,0,0,0,-11.50734899,-11.29526933,1,0,0,0,0
4067,1789388695831721134,41594884261404,-0.002710679546,1,0,1,0.6325455308,1,0,0,0,0,0,-1,0.5,1,0,1000000000,0,0,1,0,0,0,0,0,0,0,0,0,-11.50734899,-11.29526933,1,0,0,0,0
4068,1789388695841701760,41594894242027,-0.002710679546,1,0,1,0.6325455308,1,0,0,0,0,0,-1,0.5,1,0,1000000000,0,0,1,0,0,0,0,0,0,0,0,0,-11.50734899,-11.29526933,1,0,0,0,0
4069,1789388695851693098,41594904233367,-0.002710679546,1,0,1,0.6325455308,1,0,0,0,0,0,-1,0.5,1,0,1000000000,0,0,1,0,0,0,0,0,0,0,0,0,-11.50734899,-11.29526933,1,0,0,0,0
4070,1789388695861691934,41594914232205,-0.002710679546,1,0,1,0.6325455308,1,0,0,0,0,0,-1,0.5,1,0,1000000000,0,0,1,0,0,0,0,0,0,0,0,0,-11.50734899,-11.29526933,1,0,0,0,0
4071,1789388695871710236,41594924250493,-0.002710679546,1,0,1,0.6325455308,1,0,0,0,0,0,-1,0.5,1,0,1000000000,0,0,1,0,0,0,0,0,0,0,0,0,-11.50734899,-11.29526933,1,0,0,0,0
4072,1789388695881698299,41594934238568,-0.002710679546,1,0,1,0.6325455308,1,0,0,0,0,0,-1,0.5,1,0,1000000000,0,0,1,0,0,0,0,0,0,0,0,0,-11.49259106,-11.29526933,1,0,0,0,0
4073,1789388695891713678,41594944253938,-0.002710679546,1,0,1,0.6325455308,1,0,0,0,0,0,-1,0.5,1,0,1000000000,0,0,1,0,0,0,0,0,0,0,0,0,-11.49259106,-11.29526933,1,0,0,0,0
4074,1789388695901756281,41594954296531,-0.002710679546,1,0,1,0.6325455308,1,0,0,0,0,0,-1,0.5,1,0,1000000000,0,0,1,0,0,0,0,0,0,0,0,0,-11.49259106,-11.29526933,1,0,0,0,0
4075,1789388695911762981,41594964303225,-0.002710679546,1,0,1,0.6325455308,1,0,0,0,0,0,-1,0.5,1,0,1000000000,0,0,1,0,0,0,0,0,0,0,0,0,-11.49259106,-11.29526933,1,0,0,0,0
4076,1789388695921756210,41594974296477,-0.002710679546,1,0,1,0.6325455308,1,0,0,0,0,0,-1,0.5,1,0,1000000000,0,0,1,0,0,0,0,0,0,0,0,0,-11.49259106,-11.29526933,1,0,0,0,0
4077,1789388695931707546,41594984247807,-0.002710679546,1,0,1,0.6382553577,1,0,0,0,0,0,-1,0.5,1,0,1000000000,0,0,1,0,0,0,0,0,0,0,0,0,-11.49259106,-11.29526933,1,0,0,0,0
4078,1789388695941751519,41594994291787,-0.002710679546,1,0,1,0.6382553577,1,0,0,0,0,0,-1,0.5,1,0,1000000000,0,0,1,0,0,0,0,0,0,0,0,0,-11.49259106,-11.29526933,1,0,0,0,0
4079,1789388695951735810,41595004276070,-0.002710679546,1,0,1,0.6382553577,1,0,0,0,0,0,-1,0.5,1,0,1000000000,0,0,1,0,0,0,0,0,0,0,0,0,-11.49259106,-11.29526933,1,0,0,0,0
4080,1789388695961716568,41595014256809,-0.002710679546,1,0,1,0.6382553577,1,0,0,0,0,0,-1,0.5,1,0,1000000000,0,0,1,0,0,0,0,0,0,0,0,0,-11.49259106,-11.29526933,1,0,0,0,0
4081,1789388695971745713,41595024285984,-0.002710679546,1,0,1,0.6382553577,1,0,0,0,0,0,-1,0.5,1,0,1000000000,0,0,1,0,0,0,0,0,0,0,0,0,-11.49259106,-11.29526933,1,0,0,0,0
4082,1789388695981709393,41595034249658,-0.002676865086,1,0,1,0.6382553577,1,0,0,0,0,0,-1,0.5,1,0,1000000000,0,0,1,0,0,0,0,0,0,0,0,0,-11.49259106,-11.29526933,1,0,0,0,0
4083,1789388695991718853,41595044259119,-0.002643050626,1,0,1,0.6382553577,1,0,0,0,0,0,-1,0.5,1,0,1000000000,0,0,1,0,0,0,0,0,0,0,0,0,-11.49259106,-11.29526933,1,0,0,0,0
4084,1789388696001714303,41595054254570,-0.002552694641,1,0,1,0.6382553577,1,0,0,0,0,0,-1,0.5,1,0,1000000000,0,0,1,0,0,0,0,0,0,0,0,0,-11.49259106,-11.29526933,1,0,0,0,0
4085,1789388696011714847,41595064255087,-0.002462338656,1,0,1,0.6382553577,1,0,0,0,0,0,-1,0.5,1,0,1000000000,0,0,1,0,0,0,0,0,0,0,0,0,-11.49259106,-11.29526933,1,0,0,0,0
4086,1789388696021708259,41595074248410,-0.002371982671,1,0,1,0.6382553577,1,0,0,0,0,0,-1,0.5,1,0,1000000000,0,0,1,0,0,0,0,0,0,0,0,0,-11.49259106,-11.29526933,1,0,0,0,0
4087,1789388696031703728,41595084243893,-0.002281626686,1,0,1,0.6417582631,1,0,0,0,0,0,-1,0.5,1,0,1000000000,0,0,1,0,0,0,0,0,0,0,0,0,-11.49259106,-11.29526933,1,0,0,0,0
4088,1789388696041711529,41595094251802,-0.002191270702,1,0,1,0.6417582631,1,0,0,0,0,0,-1,0.5,1,0,1000000000,0,0,1,0,0,0,0,0,0,0,0,0,-11.49259106,-11.29526933,1,0,0,0,0
4089,1789388696051699895,41595104240165,-0.002100914717,1,0,1,0.6417582631,1,0,0,0,0,0,-1,0.5,1,0,1000000000,0,0,1,0,0,0,0,0,0,0,0,0,-11.49259106,-11.29526933,1,0,0,0,0
4090,1789388696061704640,41595114244915,-0.002010558732,1,0,1,0.6417582631,1,0,0,0,0,0,-1,0.5,1,0,1000000000,0,0,1,0,0,0,0,0,0,0,0,0,-11.49259106,-11.29526933,1,0,0,0,0
4091,1789388696071817490,41595124357762,-0.001920202631,1,0,1,0.6417582631,1,0,0,0,0,0,-1,0.5,1,0,1000000000,0,0,1,0,0,0,0,0,0,0,0,0,-11.49259106,-11.29526933,1,0,0,0,0
4092,1789388696081718359,41595134258628,-0.001829846646,1,0,1,0.6417582631,1,0,0,0,0,0,-1,0.5,1,0,1000000000,0,0,1,0,0,0,0,0,0,0,0,0,-11.49259106,-11.29526933,1,0,0,0,0
4093,1789388696091733196,41595144273358,-0.001739490661,1,0,1,0.6417582631,1,0,0,0,0,0,-1,0.5,1,0,1000000000,0,0,1,0,0,0,0,0,0,0,0,0,-11.49259106,-11.29526933,1,0,0,0,0
4094,1789388696101694495,41595154234763,-0.001649134676,1,0,1,0.6417582631,1,0,0,0,0,0,-1,0.5,1,0,1000000000,0,0,1,0,0,0,0,0,0,0,0,0,-11.49259106,-11.29526933,1,0,0,0,0
4095,1789388696111712472,41595164252743,-0.001558778691,1,0,1,0.6417582631,1,0,0,0,0,0,-1,0.5,1,0,1000000000,0,0,1,0,0,0,0,0,0,0,0,0,-11.49259106,-11.29526933,1,0,0,0,0
4096,1789388696121715862,41595174256133,-0.001468422706,1,0,1,0.6417582631,1,0,0,0,0,0,-1,0.5,1,0,1000000000,0,0,1,0,0,0,0,0,0,0,0,0,-11.49259106,-11.29526933,1,0,0,0,0
4097,1789388696131705295,41595184245569,-0.001378066721,1,0,1,0.6341884732,1,0,0,0,0,0,-1,0.5,1,0,1000000000,0,0,1,0,0,0,0,0,0,0,0,0,-11.49259106,-11.29526933,1,0,0,0,0
4098,1789388696141708779,41595194249052,-0.001287710737,1,0,1,0.6341884732,1,0,0,0,0,0,-1,0.5,1,0,1000000000,0,0,1,0,0,0,0,0,0,0,0,0,-11.49259106,-11.29526933,1,0,0,0,0
4099,1789388696151690233,41595204230506,-0.001197354752,1,0,1,0.6341884732,1,0,0,0,0,0,-1,0.5,1,0,1000000000,0,0,1,0,0,0,0,0,0,0,0,0,-11.49259106,-11.29526933,1,0,0,0,0
4100,1789388696161697953,41595214238223,-0.001106998767,1,0,1,0.6341884732,1,0,0,0,0,0,-1,0.5,0,0,1000000000,0,0,1,0,0,0,0,0,0,0,0,0,-11.49259106,-11.29526933,1,0,0,0,0
4101,1789388696171702935,41595224243191,-0.001016642782,1,0,1,0.6341884732,1,0,0,0,0,0,-1,0.5,0,0,1000000000,0,0,1,0,0,0,0,0,0,0,0,0,-11.49259106,-11.29526933,1,0,0,0,0
4102,1789388696181698431,41595234238698,-0.000926286797,1,0,1,0.6341884732,1,0,0,0,0,0,-1,0.5,0,0,1000000000,0,0,1,0,0,0,0,0,0,0,0,0,-11.50734899,-11.29526933,1,0,0,0,0
4103,1789388696191712039,41595244252306,-0.0008359308122,1,0,1,0.6341884732,1,0,0,0,0,0,-1,0.5,0,0,1000000000,0,0,1,0,0,0,0,0,0,0,0,0,-11.50734899,-11.29526933,1,0,0,0,0
4104,1789388696201703880,41595254244142,-0.0007455748273,1,0,1,0.6341884732,1,0,0,0,0,0,-1,0.5,0,0,1000000000,0,0,1,0,0,0,0,0,0,0,0,0,-11.50734899,-11.29526933,1,0,0,0,0
4105,1789388696211732035,41595264272274,-0.0006552188424,1,0,1,0.6341884732,1,0,0,0,0,0,-1,0.5,0,0,1000000000,0,0,1,0,0,0,0,0,0,0,0,0,-11.50734899,-11.29526933,1,0,0,0,0
4106,1789388696221719141,41595274259398,-0.0005648628576,1,0,1,0.6341884732,1,0,0,0,0,0,-1,0.5,0,0,1000000000,0,0,1,0,0,0,0,0,0,0,0,0,-11.50734899,-11.29526933,1,0,0,0,0
4107,1789388696231718626,41595284258893,-0.0004745068436,1,0,1,0.7123814225,1,0,0,0,0,0,-1,0.5,0,0,1000000000,0,0,1,0,0,0,0,0,0,0,0,0,-11.50734899,-11.29526933,1,0,0,0,0
4108,1789388696241720090,41595294260361,-0.0003841508587,1,0,1,0.7123814225,1,0,0,0,0,0,-1,0.5,0,0,1000000000,0,0,1,0,0,0,0,0,0,0,0,0,-11.50734899,-11.29526933,1,0,0,0,0
4109,1789388696251713538,41595304253806,-0.0002937948739,1,0,1,0.7123814225,1,0,0,0,0,0,-1,0.5,0,0,1000000000,0,0,1,0,0,0,0,0,0,0,0,0,-11.50734899,-11.29526933,1,0,0,0,0
4110,1789388696261715736,41595314255986,-0.0002034388745,1,0,1,0.7123814225,1,0,0,0,0,0,-1,0.5,0,0,1000000000,0,0,1,0,0,0,0,0,0,0,0,0,-11.50734899,-11.29526933,1,0,0,0,0
4111,1789388696271748622,41595324288890,-0.0001130828896,1,0,1,0.7123814225,1,0,0,0,0,0,-1,0.5,0,0,1000000000,0,0,1,0,0,0,0,0,0,0,0,0,-11.50734899,-11.29526933,1,0,0,0,0
4112,1789388696281714008,41595334254266,-5.654144479e-05,1,0,1,0.7123814225,1,0,0,0,0,0,-1,0.5,0,0,1000000000,0,0,1,0,0,0,0,0,0,0,0,0,-11.49259106,-11.29526933,1,0,0,0,0
4113,1789388696291728606,41595344268843,-3.75382217e-15,1,0,1,0.7123814225,1,0,0,0,0,0,-1,0.5,0,0,1000000000,0,0,1,0,0,0,0,0,0,0,0,0,-11.49259106,-11.29526933,1,0,0,0,0
4114,1789388696301727746,41595354267991,-3.75382217e-15,1,0,1,0.7123814225,1,0,0,0,0,0,-1,0.5,0,0,1000000000,0,0,1,0,0,0,0,0,0,0,0,0,-11.49259106,-11.29526933,1,0,0,0,0
4115,1789388696311722701,41595364262835,-3.75382217e-15,1,0,1,0.7123814225,1,0,0,0,0,0,-1,0.5,0,0,1000000000,0,0,1,0,0,0,0,0,0,0,0,0,-11.49259106,-11.29526933,1,0,0,0,0
4116,1789388696321744004,41595374284274,-3.75382217e-15,1,0,1,0.7123814225,1,0,0,0,0,0,-1,0.5,0,0,1000000000,0,0,1,0,0,0,0,0,0,0,0,0,-11.49259106,-11.29526933,1,0,0,0,0
4117,1789388696331703917,41595384244188,-3.75382217e-15,1,0,1,0.7131434083,1,0,0,0,0,0,-1,0.5,0,0,1000000000,0,0,1,0,0,0,0,0,0,0,0,0,-11.49259106,-11.29526933,1,0,0,0,0
4118,1789388696341725504,41595394265679,-3.75382217e-15,1,0,1,0.7131434083,1,0,0,0,0,0,-1,0.5,0,0,1000000000,0,0,1,0,0,0,0,0,0,0,0,0,-11.49259106,-11.29526933,1,0,0,0,0
4119,1789388696351717850,41595404258122,-3.75382217e-15,1,0,1,0.7131434083,1,0,0,0,0,0,-1,0.5,0,0,1000000000,0,0,1,0,0,0,0,0,0,0,0,0,-11.49259106,-11.29526933,1,0,0,0,0
4120,1789388696361715265,41595414255521,-3.75382217e-15,1,0,1,0.7131434083,1,0,0,0,0,0,-1,0.5,0,0,1000000000,0,0,1,0,0,0,0,0,0,0,0,0,-11.49259106,-11.29526933,1,0,0,0,0
4121,1789388696371718808,41595424259044,-3.75382217e-15,1,0,1,0.7131434083,1,0,0,0,0,0,-1,0.5,0,0,1000000000,0,0,1,0,0,0,0,0,0,0,0,0,-11.49259106,-11.29526933,1,0,0,0,0
4122,1789388696381718162,41595434258332,-3.75382217e-15,1,0,1,0.7131434083,1,0,0,0,0,0,-1,0.5,0,0,1000000000,0,0,1,0,0,0,0,0,0,0,0,0,-11.50734899,-11.29526933,1,0,0,0,0
4123,1789388696391708472,41595444248734,-3.75382217e-15,1,0,1,0.7131434083,1,0,0,0,0,0,-1,0.5,0,0,1000000000,0,0,1,0,0,0,0,0,0,0,0,0,-11.50734899,-11.29526933,1,0,0,0,0
4124,1789388696401705462,41595454245658,-3.75382217e-15,1,0,1,0.7131434083,1,0,0,0,0,0,-1,0.5,0,0,1000000000,0,0,1,0,0,0,0,0,0,0,0,0,-11.50734899,-11.29526933,1,0,0,0,0
4125,1789388696411720794,41595464261045,-3.75382217e-15,1,0,1,0.7131434083,1,0,0,0,0,0,-1,0.5,0,0,1000000000,0,0,1,0,0,0,0,0,0,0,0,0,-11.50734899,-11.29526933,1,0,0,0,0
4126,1789388696421707644,41595474247908,-3.75382217e-15,1,0,1,0.7131434083,1,0,0,0,0,0,-1,0.5,0,0,1000000000,0,0,1,0,0,0,0,0,0,0,0,0,-11.50734899,-11.29526933,1,0,0,0,0
4127,1789388696431703451,41595484243723,-3.75382217e-15,1,0,1,0.6363620162,1,0,0,0,0,0,-1,0.5,0,0,1000000000,0,0,1,0,0,0,0,0,0,0,0,0,-11.50734899,-11.29526933,1,0,0,0,0
4128,1789388696441700574,41595494240844,-3.75382217e-15,1,0,1,0.6363620162,1,0,0,0,0,0,-1,0.5,0,0,1000000000,0,0,1,0,0,0,0,0,0,0,0,0,-11.50734899,-11.29526933,1,0,0,0,0
4129,1789388696451695618,41595504235758,-3.75382217e-15,1,0,1,0.6363620162,1,0,0,0,0,0,-1,0.5,0,0,1000000000,0,0,1,0,0,0,0,0,0,0,0,0,-11.50734899,-11.29526933,1,0,0,0,0
4130,1789388696461699135,41595514239405,-3.75382217e-15,1,0,1,0.6363620162,1,0,0,0,0,0,-1,0.5,0,0,1000000000,0,0,1,0,0,0,0,0,0,0,0,0,-11.50734899,-11.29526933,1,0,0,0,0
4131,1789388696471700726,41595524240996,-3.75382217e-15,1,0,1,0.6363620162,1,0,0,0,0,0,-1,0.5,0,0,1000000000,0,0,1,0,0,0,0,0,0,0,0,0,-11.50734899,-11.29526933,1,0,0,0,0
4132,1789388696481702293,41595534242437,-3.75382217e-15,1,0,1,0.6363620162,1,0,0,0,0,0,-1,0.5,0,0,1000000000,0,0,1,0,0,0,0,0,0,0,0,0,-11.50734899,-11.29526933,1,0,0,0,0
4133,1789388696491733026,41595544273240,-3.75382217e-15,1,0,1,0.6363620162,1,0,0,0,0,0,-1,0.5,0,0,1000000000,0,0,1,0,0,0,0,0,0,0,0,0,-11.50734899,-11.29526933,1,0,0,0,0
4134,1789388696501723122,41595554263376,-3.75382217e-15,1,0,1,0.6363620162,1,0,0,0,0,0,-1,0.5,0,0,1000000000,0,0,1,0,0,0,0,0,0,0,0,0,-11.50734899,-11.29526933,1,0,0,0,0
4135,1789388696511748054,41595564288314,-3.75382217e-15,1,0,1,0.6363620162,1,0,0,0,0,0,-1,0.5,0,0,1000000000,0,0,1,0,0,0,0,0,0,0,0,0,-11.50734899,-11.29526933,1,0,0,0,0
4136,1789388696521703455,41595574243726,-3.75382217e-15,1,0,1,0.6363620162,1,0,0,0,0,0,-1,0.5,0,0,1000000000,0,0,1,0,0,0,0,0,0,0,0,0,-11.50734899,-11.29526933,1,0,0,0,0
4137,1789388696531719134,41595584259334,-3.75382217e-15,1,0,1,0.6385675669,1,0,0,0,0,0,-1,0.5,0,0,1000000000,0,0,1,0,0,0,0,0,0,0,0,0,-11.50734899,-11.29526933,1,0,0,0,0
4138,1789388696541697901,41595594238174,-3.75382217e-15,1,0,1,0.6385675669,1,0,0,0,0,0,-1,0.5,0,0,1000000000,0,0,1,0,0,0,0,0,0,0,0,0,-11.50734899,-11.29526933,1,0,0,0,0
4139,1789388696551701356,41595604241627,-3.75382217e-15,1,0,1,0.6385675669,1,0,0,0,0,0,-1,0.5,0,0,1000000000,0,0,1,0,0,0,0,0,0,0,0,0,-11.50734899,-11.29526933,1,0,0,0,0
4140,1789388696561703967,41595614244242,-3.75382217e-15,1,0,1,0.6385675669,1,0,0,0,0,0,-1,0.5,0,0,1000000000,0,0,1,0,0,0,0,0,0,0,0,0,-11.50734899,-11.29526933,1,0,0,0,0
4141,1789388696571698482,41595624238750,-3.75382217e-15,1,0,1,0.6385675669,1,0,0,0,0,0,-1,0.5,0,0,1000000000,0,0,1,0,0,0,0,0,0,0,0,0,-11.50734899,-11.29526933,1,0,0,0,0
4142,1789388696581717858,41595634258115,-3.75382217e-15,1,0,1,0.6385675669,1,0,0,0,0,0,-1,0.5,0,0,1000000000,0,0,1,0,0,0,0,0,0,0,0,0,-11.50734899,-11.29526933,1,0,0,0,0
4143,1789388696591764962,41595644305205,-3.75382217e-15,1,0,1,0.6385675669,1,0,0,0,0,0,-1,0.5,0,0,1000000000,0,0,1,0,0,0,0,0,0,0,0,0,-11.50734899,-11.29526933,1,0,0,0,0
4144,1789388696602008198,41595654548446,-3.75382217e-15,1,0,1,0.6385675669,1,0,0,0,0,0,-1,0.5,0,0,1000000000,0,0,1,0,0,0,0,0,0,0,0,0,-11.50734899,-11.29526933,1,0,0,0,0
4145,1789388696611728423,41595664268677,-3.75382217e-15,1,0,1,0.6385675669,1,0,0,0,0,0,-1,0.5,0,0,1000000000,0,0,1,0,0,0,0,0,0,0,0,0,-11.50734899,-11.29526933,1,0,0,0,0
4146,1789388696621714195,41595674254465,-3.75382217e-15,1,0,1,0.6385675669,1,0,0,0,0,0,-1,0.5,0,0,1000000000,0,0,1,0,0,0,0,0,0,0,0,0,-11.50734899,-11.29526933,1,0,0,0,0
4147,1789388696631705691,41595684245961,-3.75382217e-15,1,0,1,0.7142999768,1,0,0,0,0,0,-1,0.5,0,0,1000000000,0,0,1,0,0,0,0,0,0,0,0,0,-11.50734899,-11.29526933,1,0,0,0,0
4148,1789388696641797096,41595694337368,-3.75382217e-15,1,0,1,0.7142999768,1,0,0,0,0,0,-1,0.5,0,0,1000000000,0,0,1,0,0,0,0,0,0,0,0,0,-11.50734899,-11.29526933,1,0,0,0,0
4149,1789388696651707440,41595704247710,-3.75382217e-15,1,0,1,0.7142999768,1,0,0,0,0,0,-1,0.5,0,0,1000000000,0,0,1,0,0,0,0,0,0,0,0,0,-11.50734899,-11.29526933,1,0,0,0,0
4150,1789388696661699246,41595714239513,-3.75382217e-15,1,0,1,0.7142999768,1,0,0,0,0,0,-1,0.5,0,0,1000000000,0,0,1,0,0,0,0,0,0,0,0,0,-11.50734899,-11.29526933,1,0,0,0,0
4151,1789388696671709324,41595724249590,-3.75382217e-15,1,0,1,0.7142999768,1,0,0,0,0,0,-1,0.5,0,0,1000000000,0,0,1,0,0,0,0,0,0,0,0,0,-11.50734899,-11.29526933,1,0,0,0,0
4152,1789388696681708841,41595734249102,-3.75382217e-15,1,0,1,0.7142999768,1,0,0,0,0,0,-1,0.5,0,0,1000000000,0,0,1,0,0,0,0,0,0,0,0,0,-11.49259106,-11.29526933,1,0,0,0,0
4153,1789388696691695109,41595744235374,-3.75382217e-15,1,0,1,0.7142999768,1,0,0,0,0,0,-1,0.5,0,0,1000000000,0,0,1,0,0,0,0,0,0,0,0,0,-11.49259106,-11.29526933,1,0,0,0,0
4154,1789388696701703709,41595754243976,-3.75382217e-15,1,0,1,0.7142999768,1,0,0,0,0,0,-1,0.5,0,0,1000000000,0,0,1,0,0,0,0,0,0,0,0,0,-11.49259106,-11.29526933,1,0,0,0,0
4155,1789388696711701521,41595764241790,-3.75382217e-15,1,0,1,0.7142999768,1,0,0,0,0,0,-1,0.5,0,0,1000000000,0,0,1,0,0,0,0,0,0,0,0,0,-11.49259106,-11.29526933,1,0,0,0,0
4156,1789388696721700251,41595774240522,-3.75382217e-15,1,0,1,0.7142999768,1,0,0,0,0,0,-1,0.5,0,0,1000000000,0,0,1,0,0,0,0,0,0,0,0,0,-11.49259106,-11.29526933,1,0,0,0,0
4157,1789388696731698890,41595784239158,-3.75382217e-15,1,0,1,0.6360452175,1,0,0,0,0,0,-1,0.5,0,0,1000000000,0,0,1,0,0,0,0,0,0,0,0,0,-11.49259106,-11.29526933,1,0,0,0,0
4158,1789388696741695711,41595794235982,-3.75382217e-15,1,0,1,0.6360452175,1,0,0,0,0,0,-1,0.5,0,0,1000000000,0,0,1,0,0,0,0,0,0,0,0,0,-11.49259106,-11.29526933,1,0,0,0,0
4159,1789388696751701056,41595804241326,-3.75382217e-15,1,0,1,0.6360452175,1,0,0,0,0,0,-1,0.5,0,0,1000000000,0,0,1,0,0,0,0,0,0,0,0,0,-11.49259106,-11.29526933,1,0,0,0,0
4160,1789388696761698420,41595814238691,-3.75382217e-15,1,0,1,0.6360452175,1,0,0,0,0,0,-1,0.5,0,0,1000000000,0,0,1,0,0,0,0,0,0,0,0,0,-11.49259106,-11.29526933,1,0,0,0,0
4161,1789388696771724148,41595824264417,-3.75382217e-15,1,0,1,0.6360452175,1,0,0,0,0,0,-1,0.5,0,0,1000000000,0,0,1,0,0,0,0,0,0,0,0,0,-11.49259106,-11.29526933,1,0,0,0,0
4162,1789388696781713895,41595834254161,-3.75382217e-15,1,0,1,0.6360452175,1,0,0,0,0,0,-1,0.5,0,0,1000000000,0,0,1,0,0,0,0,0,0,0,0,0,-11.49259106,-11.29526933,1,0,0,0,0
4163,1789388696791715795,41595844256062,-3.75382217e-15,1,0,1,0.6360452175,1,0,0,0,0,0,-1,0.5,0,0,1000000000,0,0,1,0,0,0,0,0,0,0,0,0,-11.49259106,-11.29526933,1,0,0,0,0
4164,1789388696801706652,41595854246919,-3.75382217e-15,1,0,1,0.6360452175,1,0,0,0,0,0,-1,0.5,0,0,1000000000,0,0,1,0,0,0,0,0,0,0,0,0,-11.49259106,-11.29526933,1,0,0,0,0
4165,1789388696811692962,41595864233233,-3.75382217e-15,1,0,1,0.6360452175,1,0,0,0,0,0,-1,0.5,0,0,1000000000,0,0,1,0,0,0,0,0,0,0,0,0,-11.49259106,-11.29526933,1,0,0,0,0
4166,1789388696821708225,41595874248494,-3.75382217e-15,1,0,1,0.6360452175,1,0,0,0,0,0,-1,0.5,0,0,1000000000,0,0,1,0,0,0,0,0,0,0,0,0,-11.49259106,-11.29526933,1,0,0,0,0
4167,1789388696831695076,41595884235345,-3.75382217e-15,1,0,1,0.637558043,1,0,0,0,0,0,-1,0.5,0,0,1000000000,0,0,1,0,0,0,0,0,0,0,0,0,-11.49259106,-11.29526933,1,0,0,0,0
4168,1789388696841696514,41595894236692,-3.75382217e-15,1,0,1,0.637558043,1,0,0,0,0,0,-1,0.5,0,0,1000000000,0,0,1,0,0,0,0,0,0,0,0,0,-11.49259106,-11.29526933,1,0,0,0,0
4169,1789388696851698306,41595904238577,-3.75382217e-15,1,0,1,0.637558043,1,0,0,0,0,0,-1,0.5,0,0,1000000000,0,0,1,0,0,0,0,0,0,0,0,0,-11.49259106,-11.29526933,1,0,0,0,0
4170,1789388696861699063,41595914239335,-3.75382217e-15,1,0,1,0.637558043,1,0,0,0,0,0,-1,0.5,0,0,1000000000,0,0,1,0,0,0,0,0,0,0,0,0,-11.49259106,-11.29526933,1,0,0,0,0
4171,1789388696871721773,41595924261944,-3.75382217e-15,1,0,1,0.637558043,1,0,0,0,0,0,-1,0.5,0,0,1000000000,0,0,1,0,0,0,0,0,0,0,0,0,-11.49259106,-11.29526933,1,0,0,0,0
4172,1789388696881763262,41595934303407,-3.75382217e-15,1,0,1,0.637558043,1,0,0,0,0,0,-1,0.5,0,0,1000000000,0,0,1,0,0,0,0,0,0,0,0,0,-11.49259106,-11.29526933,1,0,0,0,0
4173,1789388696891743284,41595944283529,-3.75382217e-15,1,0,1,0.637558043,1,0,0,0,0,0,-1,0.5,0,0,1000000000,0,0,1,0,0,0,0,0,0,0,0,0,-11.49259106,-11.29526933,1,0,0,0,0
4174,1789388696901724005,41595954264264,-3.75382217e-15,1,0,1,0.637558043,1,0,0,0,0,0,-1,0.5,0,0,1000000000,0,0,1,0,0,0,0,0,0,0,0,0,-11.49259106,-11.29526933,1,0,0,0,0
4175,1789388696911720949,41595964261197,-3.75382217e-15,1,0,1,0.637558043,1,0,0,0,0,0,-1,0.5,0,0,1000000000,0,0,1,0,0,0,0,0,0,0,0,0,-11.49259106,-11.29526933,1,0,0,0,0
4176,1789388696921714020,41595974254289,-3.75382217e-15,1,0,1,0.637558043,1,0,0,0,0,0,-1,0.5,0,0,1000000000,0,0,1,0,0,0,0,0,0,0,0,0,-11.49259106,-11.29526933,1,0,0,0,0
4177,1789388696931705127,41595984245400,-3.75382217e-15,1,0,1,0.6403524876,1,0,0,0,0,0,-1,0.5,0,0,1000000000,0,0,1,0,0,0,0,0,0,0,0,0,-11.49259106,-11.29526933,1,0,0,0,0
4178,1789388696941718437,41595994258709,-3.75382217e-15,1,0,1,0.6403524876,1,0,0,0,0,0,-1,0.5,0,0,1000000000,0,0,1,0,0,0,0,0,0,0,0,0,-11.49259106,-11.29526933,1,0,0,0,0
4179,1789388696951707581,41596004247838,-3.75382217e-15,1,0,1,0.6403524876,1,0,0,0,0,0,-1,0.5,0,0,1000000000,0,0,1,0,0,0,0,0,0,0,0,0,-11.49259106,-11.29526933,1,0,0,0,0
4180,1789388696961715821,41596014256092,-3.75382217e-15,1,0,1,0.6403524876,1,0,0,0,0,0,-1,0.5,0,0,1000000000,0,0,1,0,0,0,0,0,0,0,0,0,-11.49259106,-11.29526933,1,0,0,0,0
4181,1789388696971761494,41596024301762,-3.75382217e-15,1,0,1,0.6403524876,1,0,0,0,0,0,-1,0.5,0,0,1000000000,0,0,1,0,0,0,0,0,0,0,0,0,-11.49259106,-11.29526933,1,0,0,0,0
4182,1789388696981740499,41596034280726,-3.75382217e-15,1,0,1,0.6403524876,1,0,0,0,0,0,-1,0.5,0,0,1000000000,0,0,1,0,0,0,0,0,0,0,0,0,-11.50734899,-11.29526933,1,0,0,0,0
4183,1789388696991735145,41596044275401,-3.75382217e-15,1,0,1,0.6403524876,1,0,0,0,0,0,-1,0.5,0,0,1000000000,0,0,1,0,0,0,0,0,0,0,0,0,-11.50734899,-11.29526933,1,0,0,0,0
4184,1789388697001704968,41596054245231,-3.75382217e-15,1,0,1,0.6403524876,1,0,0,0,0,0,-1,0.5,0,0,1000000000,0,0,1,0,0,0,0,0,0,0,0,0,-11.50734899,-11.29526933,1,0,0,0,0
4185,1789388697011717803,41596064257959,-3.75382217e-15,1,0,1,0.6403524876,1,0,0,0,0,0,-1,0.5,0,0,1000000000,0,0,1,0,0,0,0,0,0,0,0,0,-11.50734899,-11.29526933,1,0,0,0,0
4186,1789388697021904270,41596074444533,-3.75382217e-15,1,0,1,0.6403524876,1,0,0,0,0,0,-1,0.5,0,0,1000000000,0,0,1,0,0,0,0,0,0,0,0,0,-11.50734899,-11.29526933,1,0,0,0,0
4187,1789388697031719942,41596084260213,-3.75382217e-15,1,0,1,0.6403524876,1,0,0,0,0,0,-1,0.5,0,0,1000000000,0,0,1,0,0,0,0,0,0,0,0,0,-11.50734899,-11.29526933,1,0,0,0,0
4188,1789388697041706583,41596094246849,-3.75382217e-15,1,0,1,0.7107067704,1,0,0,0,0,0,-1,0.5,0,0,1000000000,0,0,1,0,0,0,0,0,0,0,0,0,-11.50734899,-11.29526933,1,0,0,0,0
4189,1789388697051702612,41596104242882,-3.75382217e-15,1,0,1,0.7107067704,1,0,0,0,0,0,-1,0.5,0,0,1000000000,0,0,1,0,0,0,0,0,0,0,0,0,-11.50734899,-11.29526933,1,0,0,0,0
4190,1789388697061703551,41596114243823,-3.75382217e-15,1,0,1,0.7107067704,1,0,0,0,0,0,-1,0.5,0,0,1000000000,0,0,1,0,0,0,0,0,0,0,0,0,-11.50734899,-11.29526933,1,0,0,0,0
4191,1789388697071717798,41596124258055,-3.75382217e-15,1,0,1,0.7107067704,1,0,0,0,0,0,-1,0.5,0,0,1000000000,0,0,1,0,0,0,0,0,0,0,0,0,-11.50734899,-11.29526933,1,0,0,0,0
4192,1789388697081744746,41596134284987,-3.75382217e-15,1,0,1,0.7107067704,1,0,0,0,0,0,-1,0.5,0,0,1000000000,0,0,1,0,0,0,0,0,0,0,0,0,-11.50734899,-11.29526933,1,0,0,0,0
4193,1789388697091724009,41596144264273,-3.75382217e-15,1,0,1,0.7107067704,1,0,0,0,0,0,-1,0.5,0,0,1000000000,0,0,1,0,0,0,0,0,0,0,0,0,-11.50734899,-11.29526933,1,0,0,0,0
4194,1789388697101719606,41596154259852,-3.75382217e-15,1,0,1,0.7107067704,1,0,0,0,0,0,-1,0.5,0,0,1000000000,0,0,1,0,0,0,0,0,0,0,0,0,-11.50734899,-11.29526933,1,0,0,0,0
4195,1789388697111736700,41596164276888,-3.75382217e-15,1,0,1,0.7107067704,1,0,0,0,0,0,-1,0.5,0,0,1000000000,0,0,1,0,0,0,0,0,0,0,0,0,-11.50734899,-11.29526933,1,0,0,0,0
4196,1789388697121711887,41596174252143,-3.75382217e-15,1,0,1,0.7107067704,1,0,0,0,0,0,-1,0.5,0,0,1000000000,0,0,1,0,0,0,0,0,0,0,0,0,-11.50734899,-11.29526933,1,0,0,0,0
4197,1789388697131713278,41596184253435,-3.75382217e-15,1,0,1,0.6426514387,1,0,0,0,0,0,-1,0.5,0,0,1000000000,0,0,1,0,0,0,0,0,0,0,0,0,-11.50734899,-11.29526933,1,0,0,0,0
4198,1789388697141760751,41596194300757,-3.75382217e-15,1,0,1,0.6426514387,1,0,0,0,0,0,-1,0.5,0,0,1000000000,0,0,1,0,0,0,0,0,0,0,0,0,-11.50734899,-11.29526933,1,0,0,0,0
4199,1789388697151752468,41596204292733,-3.75382217e-15,1,0,1,0.6426514387,1,0,0,0,0,0,-1,0.5,0,0,1000000000,0,0,1,0,0,0,0,0,0,0,0,0,-11.50734899,-11.29526933,1,0,0,0,0
4200,1789388697161717971,41596214258142,-3.75382217e-15,1,0,1,0.6426514387,1,0,0,0,0,0,-1,0.5,0,0,1000000000,0,0,1,0,0,0,0,0,0,0,0,0,-11.50734899,-11.29526933,1,0,0,0,0
4201,1789388697171713127,41596224253391,-3.75382217e-15,1,0,1,0.6426514387,1,0,0,0,0,0,-1,0.5,0,0,1000000000,0,0,1,0,0,0,0,0,0,0,0,0,-11.50734899,-11.29526933,1,0,0,0,0
4202,1789388697181742796,41596234282968,-3.75382217e-15,1,0,1,0.6426514387,1,0,0,0,0,0,-1,0.5,0,0,1000000000,0,0,1,0,0,0,0,0,0,0,0,0,-11.49259106,-11.29526933,1,0,0,0,0
4203,1789388697191710467,41596244250710,-3.75382217e-15,1,0,1,0.6426514387,1,0,0,0,0,0,-1,0.5,0,0,1000000000,0,0,1,0,0,0,0,0,0,0,0,0,-11.49259106,-11.29526933,1,0,0,0,0
4204,1789388697201709617,41596254249883,-3.75382217e-15,1,0,1,0.6426514387,1,0,0,0,0,0,-1,0.5,0,0,1000000000,0,0,1,0,0,0,0,0,0,0,0,0,-11.49259106,-11.29526933,1,0,0,0,0
4205,1789388697211719730,41596264259988,-3.75382217e-15,1,0,1,0.6426514387,1,0,0,0,0,0,-1,0.5,0,0,1000000000,0,0,1,0,0,0,0,0,0,0,0,0,-11.49259106,-11.29526933,1,0,0,0,0
4206,1789388697221720769,41596274261037,-3.75382217e-15,1,0,1,0.6426514387,1,0,0,0,0,0,-1,0.5,0,0,1000000000,0,0,1,0,0,0,0,0,0,0,0,0,-11.49259106,-11.29526933,1,0,0,0,0
4207,1789388697231970420,41596284510691,-3.75382217e-15,1,0,1,0.7145671844,1,0,0,0,0,0,-1,0.5,0,0,1000000000,0,0,1,0,0,0,0,0,0,0,0,0,-11.49259106,-11.29526933,1,0,0,0,0
4208,1789388697241702538,41596294242803,-3.75382217e-15,1,0,1,0.7145671844,1,0,0,0,0,0,-1,0.5,0,0,1000000000,0,0,1,0,0,0,0,0,0,0,0,0,-11.49259106,-11.29526933,1,0,0,0,0
4209,1789388697251701401,41596304241672,-3.75382217e-15,1,0,1,0.7145671844,1,0,0,0,0,0,-1,0.5,0,0,1000000000,0,0,1,0,0,0,0,0,0,0,0,0,-11.49259106,-11.29526933,1,0,0,0,0
4210,1789388697261698354,41596314238628,-3.75382217e-15,1,0,1,0.7145671844,1,0,0,0,0,0,-1,0.5,0,0,1000000000,0,0,1,0,0,0,0,0,0,0,0,0,-11.49259106,-11.29526933,1,0,0,0,0
4211,1789388697271714050,41596324254321,-3.75382217e-15,1,0,1,0.7145671844,1,0,0,0,0,0,-1,0.5,0,0,1000000000,0,0,1,0,0,0,0,0,0,0,0,0,-11.49259106,-11.29526933,1,0,0,0,0
4212,1789388697281720728,41596334260952,-3.75382217e-15,1,0,1,0.7145671844,1,0,0,0,0,0,-1,0.5,0,0,1000000000,0,0,1,0,0,0,0,0,0,0,0,0,-11.50734899,-11.29526933,1,0,0,0,0
4213,1789388697291718004,41596344258258,-3.75382217e-15,1,0,1,0.7145671844,1,0,0,0,0,0,-1,0.5,0,0,1000000000,0,0,1,0,0,0,0,0,0,0,0,0,-11.50734899,-11.29526933,1,0,0,0,0
4214,1789388697301714134,41596354254382,-3.75382217e-15,1,0,1,0.7145671844,1,0,0,0,0,0,-1,0.5,0,0,1000000000,0,0,1,0,0,0,0,0,0,0,0,0,-11.50734899,-11.29526933,1,0,0,0,0
4215,1789388697311781054,41596364321062,-3.75382217e-15,1,0,1,0.7145671844,1,0,0,0,0,0,-1,0.5,0,0,1000000000,0,0,1,0,0,0,0,0,0,0,0,0,-11.50734899,-11.29526933,1,0,0,0,0
4216,1789388697321717280,41596374257537,-3.75382217e-15,1,0,1,0.7145671844,1,0,0,0,0,0,-1,0.5,0,0,1000000000,0,0,1,0,0,0,0,0,0,0,0,0,-11.50734899,-11.29526933,1,0,0,0,0
4217,1789388697331710439,41596384250703,-3.75382217e-15,1,0,1,0.6340635419,1,0,0,0,0,0,-1,0.5,0,0,1000000000,0,0,1,0,0,0,0,0,0,0,0,0,-11.50734899,-11.29526933,1,0,0,0,0
4218,1789388697341756546,41596394296650,-3.75382217e-15,1,0,1,0.6340635419,1,0,0,0,0,0,-1,0.5,0,0,1000000000,0,0,1,0,0,0,0,0,0,0,0,0,-11.50734899,-11.29526933,1,0,0,0,0
4219,1789388697351717173,41596404257443,-3.75382217e-15,1,0,1,0.6340635419,1,0,0,0,0,0,-1,0.5,0,0,1000000000,0,0,1,0,0,0,0,0,0,0,0,0,-11.50734899,-11.29526933,1,0,0,0,0
4220,1789388697361719650,41596414259900,-3.75382217e-15,1,0,1,0.6340635419,1,0,0,0,0,0,-1,0.5,0,0,1000000000,0,0,1,0,0,0,0,0,0,0,0,0,-11.50734899,-11.29526933,1,0,0,0,0
4221,1789388697371710603,41596424250857,-3.75382217e-15,1,0,1,0.6340635419,1,0,0,0,0,0,-1,0.5,0,0,1000000000,0,0,1,0,0,0,0,0,0,0,0,0,-11.50734899,-11.29526933,1,0,0,0,0
4222,1789388697381734264,41596434274504,-3.75382217e-15,1,0,1,0.6340635419,1,0,0,0,0,0,-1,0.5,0,0,1000000000,0,0,1,0,0,0,0,0,0,0,0,0,-11.50734899,-11.29526933,1,0,0,0,0
4223,1789388697391734477,41596444274730,-3.75382217e-15,1,0,1,0.6340635419,1,0,0,0,0,0,-1,0.5,0,0,1000000000,0,0,1,0,0,0,0,0,0,0,0,0,-11.50734899,-11.29526933,1,0,0,0,0
4224,1789388697401717965,41596454258076,-3.75382217e-15,1,0,1,0.6340635419,1,0,0,0,0,0,-1,0.5,0,0,1000000000,0,0,1,0,0,0,0,0,0,0,0,0,-11.50734899,-11.29526933,1,0,0,0,0
4225,1789388697411717392,41596464257640,-3.75382217e-15,1,0,1,0.6340635419,1,0,0,0,0,0,-1,0.5,0,0,1000000000,0,0,1,0,0,0,0,0,0,0,0,0,-11.50734899,-11.29526933,1,0,0,0,0
4226,1789388697421719645,41596474259893,-3.75382217e-15,1,0,1,0.6340635419,1,0,0,0,0,0,-1,0.5,0,0,1000000000,0,0,1,0,0,0,0,0,0,0,0,0,-11.50734899,-11.29526933,1,0,0,0,0
4227,1789388697431755711,41596484295958,-3.75382217e-15,1,0,1,0.7126781344,1,0,0,0,0,0,-1,0.5,0,0,1000000000,0,0,1,0,0,0,0,0,0,0,0,0,-11.50734899,-11.29526933,1,0,0,0,0
4228,1789388697441720469,41596494260726,-3.75382217e-15,1,0,1,0.7126781344,1,0,0,0,0,0,-1,0.5,0,0,1000000000,0,0,1,0,0,0,0,0,0,0,0,0,-11.50734899,-11.29526933,1,0,0,0,0
4229,1789388697451707779,41596504248043,-3.75382217e-15,1,0,1,0.7126781344,1,0,0,0,0,0,-1,0.5,0,0,1000000000,0,0,1,0,0,0,0,0,0,0,0,0,-11.50734899,-11.29526933,1,0,0,0,0
4230,1789388697461711488,41596514251754,-3.75382217e-15,1,0,1,0.7126781344,1,0,0,0,0,0,-1,0.5,0,0,1000000000,0,0,1,0,0,0,0,0,0,0,0,0,-11.50734899,-11.29526933,1,0,0,0,0
4231,1789388697471748147,41596524288295,-3.75382217e-15,1,0,1,0.7126781344,1,0,0,0,0,0,-1,0.5,0,0,1000000000,0,0,1,0,0,0,0,0,0,0,0,0,-11.50734899,-11.29526933,1,0,0,0,0
4232,1789388697481728381,41596534268501,-3.75382217e-15,1,0,1,0.7126781344,1,0,0,0,0,0,-1,0.5,0,0,1000000000,0,0,1,0,0,0,0,0,0,0,0,0,-11.50734899,-11.29526933,1,0,0,0,0
4233,1789388697491732644,41596544272901,-3.75382217e-15,1,0,1,0.7126781344,1,0,0,0,0,0,-1,0.5,0,0,1000000000,0,0,1,0,0,0,0,0,0,0,0,0,-11.50734899,-11.29526933,1,0,0,0,0
4234,1789388697501711393,41596554251642,-3.75382217e-15,1,0,1,0.7126781344,1,0,0,0,0,0,-1,0.5,0,0,1000000000,0,0,1,0,0,0,0,0,0,0,0,0,-11.50734899,-11.29526933,1,0,0,0,0
4235,1789388697511712624,41596564252862,-3.75382217e-15,1,0,1,0.7126781344,1,0,0,0,0,0,-1,0.5,0,0,1000000000,0,0,1,0,0,0,0,0,0,0,0,0,-11.50734899,-11.29526933,1,0,0,0,0
4236,1789388697521750721,41596574290983,-3.75382217e-15,1,0,1,0.7126781344,1,0,0,0,0,0,-1,0.5,0,0,1000000000,0,0,1,0,0,0,0,0,0,0,0,0,-11.50734899,-11.29526933,1,0,0,0,0
4237,1789388697531712957,41596584253221,-3.75382217e-15,1,0,1,0.6374160051,1,0,0,0,0,0,-1,0.5,0,0,1000000000,0,0,1,0,0,0,0,0,0,0,0,0,-11.50734899,-11.29526933,1,0,0,0,0
4238,1789388697541758449,41596594298674,-3.75382217e-15,1,0,1,0.6374160051,1,0,0,0,0,0,-1,0.5,0,0,1000000000,0,0,1,0,0,0,0,0,0,0,0,0,-11.50734899,-11.29526933,1,0,0,0,0
4239,1789388697551750986,41596604291251,-3.75382217e-15,1,0,1,0.6374160051,1,0,0,0,0,0,-1,0.5,0,0,1000000000,0,0,1,0,0,0,0,0,0,0,0,0,-11.50734899,-11.29526933,1,0,0,0,0
4240,1789388697561739982,41596614280245,-3.75382217e-15,1,0,1,0.6374160051,1,0,0,0,0,0,-1,0.5,0,0,1000000000,0,0,1,0,0,0,0,0,0,0,0,0,-11.50734899,-11.29526933,1,0,0,0,0
4241,1789388697571755505,41596624295560,-3.75382217e-15,1,0,1,0.6374160051,1,0,0,0,0,0,-1,0.5,0,0,1000000000,0,0,1,0,0,0,0,0,0,0,0,0,-11.50734899,-11.29526933,1,0,0,0,0
4242,1789388697581723655,41596634263906,-3.75382217e-15,1,0,1,0.6374160051,1,0,0,0,0,0,-1,0.5,0,0,1000000000,0,0,1,0,0,0,0,0,0,0,0,0,-11.50734899,-11.29526933,1,0,0,0,0
4243,1789388697591708016,41596644248277,-3.75382217e-15,1,0,1,0.6374160051,1,0,0,0,0,0,-1,0.5,0,0,1000000000,0,0,1,0,0,0,0,0,0,0,0,0,-11.50734899,-11.29526933,1,0,0,0,0
4244,1789388697601699023,41596654239292,-3.75382217e-15,1,0,1,0.6374160051,1,0,0,0,0,0,-1,0.5,0,0,1000000000,0,0,1,0,0,0,0,0,0,0,0,0,-11.50734899,-11.29526933,1,0,0,0,0
4245,1789388697611718156,41596664258413,-3.75382217e-15,1,0,1,0.6374160051,1,0,0,0,0,0,-1,0.5,0,0,1000000000,0,0,1,0,0,0,0,0,0,0,0,0,-11.50734899,-11.29526933,1,0,0,0,0
4246,1789388697621726866,41596674267112,-3.75382217e-15,1,0,1,0.6374160051,1,0,0,0,0,0,-1,0.5,0,0,1000000000,0,0,1,0,0,0,0,0,0,0,0,0,-11.50734899,-11.29526933,1,0,0,0,0
4247,1789388697631870106,41596684410356,-3.75382217e-15,1,0,1,0.6422607303,1,0,0,0,0,0,-1,0.5,0,0,1000000000,0,0,1,0,0,0,0,0,0,0,0,0,-11.50734899,-11.29526933,1,0,0,0,0
4248,1789388697641717753,41596694258019,-3.75382217e-15,1,0,1,0.6422607303,1,0,0,0,0,0,-1,0.5,0,0,1000000000,0,0,1,0,0,0,0,0,0,0,0,0,-11.50734899,-11.29526933,1,0,0,0,0
4249,1789388697651710589,41596704250763,-3.75382217e-15,1,0,1,0.6422607303,1,0,0,0,0,0,-1,0.5,0,0,1000000000,0,0,1,0,0,0,0,0,0,0,0,0,-11.50734899,-11.29526933,1,0,0,0,0
4250,1789388697661697414,41596714237686,-3.75382217e-15,1,0,1,0.6422607303,1,0,0,0,0,0,-1,0.5,0,0,1000000000,0,0,1,0,0,0,0,0,0,0,0,0,-11.50734899,-11.29526933,1,0,0,0,0
4251,1789388697671705440,41596724245706,-3.75382217e-15,1,0,1,0.6422607303,1,0,0,0,0,0,-1,0.5,0,0,1000000000,0,0,1,0,0,0,0,0,0,0,0,0,-11.50734899,-11.29526933,1,0,0,0,0
4252,1789388697681705424,41596734245690,-3.75382217e-15,1,0,1,0.6422607303,1,0,0,0,0,0,-1,0.5,0,0,1000000000,0,0,1,0,0,0,0,0,0,0,0,0,-11.50734899,-11.29526933,1,0,0,0,0
4253,1789388697691698695,41596744238964,-3.75382217e-15,1,0,1,0.6422607303,1,0,0,0,0,0,-1,0.5,0,0,1000000000,0,0,1,0,0,0,0,0,0,0,0,0,-11.50734899,-11.29526933,1,0,0,0,0
4254,1789388697701740552,41596754280812,-3.75382217e-15,1,0,1,0.6422607303,1,0,0,0,0,0,-1,0.5,0,0,1000000000,0,0,1,0,0,0,0,0,0,0,0,0,-11.50734899,-11.29526933,1,0,0,0,0
4255,1789388697711696356,41596764236626,-3.75382217e-15,1,0,1,0.6422607303,1,0,0,0,0,0,-1,0.5,0,0,1000000000,0,0,1,0,0,0,0,0,0,0,0,0,-11.50734899,-11.29526933,1,0,0,0,0
4256,1789388697721693161,41596774233431,-3.75382217e-15,1,0,1,0.6422607303,1,0,0,0,0,0,-1,0.5,0,0,1000000000,0,0,1,0,0,0,0,0,0,0,0,0,-11.50734899,-11.29526933,1,0,0,0,0
4257,1789388697731710200,41596784250471,-3.75382217e-15,1,0,1,0.6422607303,1,0,0,0,0,0,-1,0.5,0,0,1000000000,0,0,1,0,0,0,0,0,0,0,0,0,-11.50734899,-11.29526933,1,0,0,0,0
4258,1789388697741691581,41596794231853,-3.75382217e-15,1,0,1,0.6361333728,1,0,0,0,0,0,-1,0.5,0,0,1000000000,0,0,1,0,0,0,0,0,0,0,0,0,-11.50734899,-11.29526933,1,0,0,0,0
4259,1789388697751696032,41596804236302,-3.75382217e-15,1,0,1,0.6361333728,1,0,0,0,0,0,-1,0.5,0,0,1000000000,0,0,1,0,0,0,0,0,0,0,0,0,-11.50734899,-11.29526933,1,0,0,0,0
4260,1789388697761696446,41596814236719,-3.75382217e-15,1,0,1,0.6361333728,1,0,0,0,0,0,-1,0.5,0,0,1000000000,0,0,1,0,0,0,0,0,0,0,0,0,-11.50734899,-11.29526933,1,0,0,0,0
4261,1789388697771708638,41596824248900,-3.75382217e-15,1,0,1,0.6361333728,1,0,0,0,0,0,-1,0.5,0,0,1000000000,0,0,1,0,0,0,0,0,0,0,0,0,-11.50734899,-11.29526933,1,0,0,0,0
4262,1789388697781701677,41596834241947,-3.75382217e-15,1,0,1,0.6361333728,1,0,0,0,0,0,-1,0.5,0,0,1000000000,0,0,1,0,0,0,0,0,0,0,0,0,-11.50734899,-11.29526933,1,0,0,0,0
4263,1789388697791729030,41596844269296,-3.75382217e-15,1,0,1,0.6361333728,1,0,0,0,0,0,-1,0.5,0,0,1000000000,0,0,1,0,0,0,0,0,0,0,0,0,-11.50734899,-11.29526933,1,0,0,0,0
4264,1789388697801711075,41596854251270,-3.75382217e-15,1,0,1,0.6361333728,1,0,0,0,0,0,-1,0.5,0,0,1000000000,0,0,1,0,0,0,0,0,0,0,0,0,-11.50734899,-11.29526933,1,0,0,0,0
4265,1789388697811837419,41596864377688,-3.75382217e-15,1,0,1,0.6361333728,1,0,0,0,0,0,-1,0.5,0,0,1000000000,0,0,1,0,0,0,0,0,0,0,0,0,-11.50734899,-11.29526933,1,0,0,0,0
4266,1789388697821684174,41596874224351,-3.75382217e-15,1,0,1,0.6361333728,1,0,0,0,0,0,-1,0.5,0,0,1000000000,0,0,1,0,0,0,0,0,0,0,0,0,-11.50734899,-11.29526933,1,0,0,0,0
4267,1789388697831703023,41596884243295,-3.75382217e-15,1,0,1,0.6354561448,1,0,0,0,0,0,-1,0.5,0,0,1000000000,0,0,1,0,0,0,0,0,0,0,0,0,-11.50734899,-11.29526933,1,0,0,0,0
4268,1789388697841704605,41596894244875,-3.75382217e-15,1,0,1,0.6354561448,1,0,0,0,0,0,-1,0.5,0,0,1000000000,0,0,1,0,0,0,0,0,0,0,0,0,-11.50734899,-11.29526933,1,0,0,0,0
4269,1789388697851703403,41596904243674,-3.75382217e-15,1,0,1,0.6354561448,1,0,0,0,0,0,-1,0.5,0,0,1000000000,0,0,1,0,0,0,0,0,0,0,0,0,-11.50734899,-11.29526933,1,0,0,0,0
4270,1789388697861698592,41596914238860,-3.75382217e-15,1,0,1,0.6354561448,1,0,0,0,0,0,-1,0.5,0,0,1000000000,0,0,1,0,0,0,0,0,0,0,0,0,-11.50734899,-11.29526933,1,0,0,0,0
4271,1789388697871712060,41596924252331,-3.75382217e-15,1,0,1,0.6354561448,1,0,0,0,0,0,-1,0.5,0,0,1000000000,0,0,1,0,0,0,0,0,0,0,0,0,-11.50734899,-11.29526933,1,0,0,0,0
4272,1789388697881710542,41596934250803,-3.75382217e-15,1,0,1,0.6354561448,1,0,0,0,0,0,-1,0.5,0,0,1000000000,0,0,1,0,0,0,0,0,0,0,0,0,-11.50734899,-11.29526933,1,0,0,0,0
4273,1789388697891820690,41596944360956,-3.75382217e-15,1,0,1,0.6354561448,1,0,0,0,0,0,-1,0.5,0,0,1000000000,0,0,1,0,0,0,0,0,0,0,0,0,-11.50734899,-11.29526933,1,0,0,0,0
4274,1789388697901695826,41596954236095,-3.75382217e-15,1,0,1,0.6354561448,1,0,0,0,0,0,-1,0.5,0,0,1000000000,0,0,1,0,0,0,0,0,0,0,0,0,-11.50734899,-11.29526933,1,0,0,0,0
4275,1789388697911719122,41596964259361,-3.75382217e-15,1,0,1,0.6354561448,1,0,0,0,0,0,-1,0.5,0,0,1000000000,0,0,1,0,0,0,0,0,0,0,0,0,-11.50734899,-11.29526933,1,0,0,0,0
4276,1789388697921712390,41596974252651,-3.75382217e-15,1,0,1,0.6354561448,1,0,0,0,0,0,-1,0.5,0,0,1000000000,0,0,1,0,0,0,0,0,0,0,0,0,-11.50734899,-11.29526933,1,0,0,0,0
4277,1789388697931760067,41596984300332,-3.75382217e-15,1,0,1,0.6354561448,1,0,0,0,0,0,-1,0.5,0,0,1000000000,0,0,1,0,0,0,0,0,0,0,0,0,-11.50734899,-11.29526933,1,0,0,0,0
4278,1789388697941727650,41596994267907,-3.75382217e-15,1,0,1,0.6360013485,1,0,0,0,0,0,-1,0.5,0,0,1000000000,0,0,1,0,0,0,0,0,0,0,0,0,-11.50734899,-11.29526933,1,0,0,0,0
4279,1789388697951724476,41597004264744,-3.75382217e-15,1,0,1,0.6360013485,1,0,0,0,0,0,-1,0.5,0,0,1000000000,0,0,1,0,0,0,0,0,0,0,0,0,-11.50734899,-11.29526933,1,0,0,0,0
4280,1789388697961717679,41597014257947,-3.75382217e-15,1,0,1,0.6360013485,1,0,0,0,0,0,-1,0.5,0,0,1000000000,0,0,1,0,0,0,0,0,0,0,0,0,-11.50734899,-11.29526933,1,0,0,0,0
4281,1789388697971765112,41597024305373,-3.75382217e-15,1,0,1,0.6360013485,1,0,0,0,0,0,-1,0.5,0,0,1000000000,0,0,1,0,0,0,0,0,0,0,0,0,-11.50734899,-11.29526933,1,0,0,0,0
4282,1789388697981745169,41597034285427,-3.75382217e-15,1,0,1,0.6360013485,1,0,0,0,0,0,-1,0.5,0,0,1000000000,0,0,1,0,0,0,0,0,0,0,0,0,-11.50734899,-11.29526933,1,0,0,0,0
4283,1789388697991713805,41597044254076,-3.75382217e-15,1,0,1,0.6360013485,1,0,0,0,0,0,-1,0.5,0,0,1000000000,0,0,1,0,0,0,0,0,0,0,0,0,-11.50734899,-11.29526933,1,0,0,0,0
4284,1789388698002219067,41597054759339,-3.75382217e-15,1,0,1,0.6360013485,1,0,0,0,0,0,-1,0.5,0,0,1000000000,0,0,1,0,0,0,0,0,0,0,0,0,-11.50734899,-11.29526933,1,0,0,0,0
4285,1789388698011710904,41597064251155,-3.75382217e-15,1,0,1,0.6360013485,1,0,0,0,0,0,-1,0.5,0,0,1000000000,0,0,1,0,0,0,0,0,0,0,0,0,-11.50734899,-11.29526933,1,0,0,0,0
4286,1789388698021708411,41597074248682,-3.75382217e-15,1,0,1,0.6360013485,1,0,0,0,0,0,-1,0.5,0,0,1000000000,0,0,1,0,0,0,0,0,0,0,0,0,-11.50734899,-11.29526933,1,0,0,0,0
4287,1789388698031747570,41597084287840,-3.75382217e-15,1,0,1,0.6360013485,1,0,0,0,0,0,-1,0.5,0,0,1000000000,0,0,1,0,0,0,0,0,0,0,0,0,-11.50734899,-11.29526933,1,0,0,0,0
4288,1789388698041700843,41597094241117,-3.75382217e-15,1,0,1,0.6348003745,1,0,0,0,0,0,-1,0.5,0,0,1000000000,0,0,1,0,0,0,0,0,0,0,0,0,-11.50734899,-11.29526933,1,0,0,0,0
4289,1789388698051697026,41597104237297,-3.75382217e-15,1,0,1,0.6348003745,1,0,0,0,0,0,-1,0.5,0,0,1000000000,0,0,1,0,0,0,0,0,0,0,0,0,-11.50734899,-11.29526933,1,0,0,0,0
4290,1789388698061698256,41597114238526,-3.75382217e-15,1,0,1,0.6348003745,1,0,0,0,0,0,-1,0.5,0,0,1000000000,0,0,1,0,0,0,0,0,0,0,0,0,-11.50734899,-11.29526933,1,0,0,0,0
4291,1789388698071703260,41597124243531,-3.75382217e-15,1,0,1,0.6348003745,1,0,0,0,0,0,-1,0.5,0,0,1000000000,0,0,1,0,0,0,0,0,0,0,0,0,-11.50734899,-11.29526933,1,0,0,0,0
4292,1789388698081695988,41597134236254,-3.75382217e-15,1,0,1,0.6348003745,1,0,0,0,0,0,-1,0.5,0,0,1000000000,0,0,1,0,0,0,0,0,0,0,0,0,-11.50734899,-11.29526933,1,0,0,0,0
4293,1789388698091696246,41597144236515,-3.75382217e-15,1,0,1,0.6348003745,1,0,0,0,0,0,-1,0.5,0,0,1000000000,0,0,1,0,0,0,0,0,0,0,0,0,-11.50734899,-11.29526933,1,0,0,0,0
4294,1789388698101735882,41597154276150,-3.75382217e-15,1,0,1,0.6348003745,1,0,0,0,0,0,-1,0.5,0,0,1000000000,0,0,1,0,0,0,0,0,0,0,0,0,-11.50734899,-11.29526933,1,0,0,0,0
4295,1789388698111685716,41597164225979,-3.75382217e-15,1,0,1,0.6348003745,1,0,0,0,0,0,-1,0.5,0,0,1000000000,0,0,1,0,0,0,0,0,0,0,0,0,-11.50734899,-11.29526933,1,0,0,0,0
4296,1789388698121754166,41597174294427,-3.75382217e-15,1,0,1,0.6348003745,1,0,0,0,0,0,-1,0.5,0,0,1000000000,0,0,1,0,0,0,0,0,0,0,0,0,-11.50734899,-11.29526933,1,0,0,0,0
4297,1789388698131720730,41597184260994,-3.75382217e-15,1,0,1,0.6351369023,1,0,0,0,0,0,-1,0.5,0,0,1000000000,0,0,1,0,0,0,0,0,0,0,0,0,-11.50734899,-11.29526933,1,0,0,0,0
4298,1789388698141763542,41597194303589,-3.75382217e-15,1,0,1,0.6351369023,1,0,0,0,0,0,-1,0.5,0,0,1000000000,0,0,1,0,0,0,0,0,0,0,0,0,-11.50734899,-11.29526933,1,0,0,0,0
4299,1789388698151751048,41597204291103,-3.75382217e-15,1,0,1,0.6351369023,1,0,0,0,0,0,-1,0.5,0,0,1000000000,0,0,1,0,0,0,0,0,0,0,0,0,-11.50734899,-11.29526933,1,0,0,0,0
4300,1789388698161710496,41597214250765,-3.75382217e-15,1,0,1,0.6351369023,1,0,0,0,0,0,-1,0.5,0,0,1000000000,0,0,1,0,0,0,0,0,0,0,0,0,-11.50734899,-11.29526933,1,0,0,0,0
4301,1789388698171768221,41597224308482,-3.75382217e-15,1,0,1,0.6351369023,1,0,0,0,0,0,-1,0.5,0,0,1000000000,0,0,1,0,0,0,0,0,0,0,0,0,-11.50734899,-11.29526933,1,0,0,0,0
4302,1789388698181743552,41597234283807,-3.75382217e-15,1,0,1,0.6351369023,1,0,0,0,0,0,-1,0.5,0,0,1000000000,0,0,1,0,0,0,0,0,0,0,0,0,-11.50734899,-11.29526933,1,0,0,0,0
4303,1789388698191715420,41597244255600,-3.75382217e-15,1,0,1,0.6351369023,1,0,0,0,0,0,-1,0.5,0,0,1000000000,0,0,1,0,0,0,0,0,0,0,0,0,-11.50734899,-11.29526933,1,0,0,0,0
4304,1789388698201705816,41597254246082,-3.75382217e-15,1,0,1,0.6351369023,1,0,0,0,0,0,-1,0.5,0,0,1000000000,0,0,1,0,0,0,0,0,0,0,0,0,-11.50734899,-11.29526933,1,0,0,0,0
4305,1789388698211718928,41597264259170,-3.75382217e-15,1,0,1,0.6351369023,1,0,0,0,0,0,-1,0.5,0,0,1000000000,0,0,1,0,0,0,0,0,0,0,0,0,-11.50734899,-11.29526933,1,0,0,0,0
4306,1789388698221711603,41597274251871,-3.75382217e-15,1,0,1,0.6351369023,1,0,0,0,0,0,-1,0.5,0,0,1000000000,0,0,1,0,0,0,0,0,0,0,0,0,-11.50734899,-11.29526933,1,0,0,0,0
4307,1789388698231705938,41597284246209,-3.75382217e-15,1,0,1,0.6351369023,1,0,0,0,0,0,-1,0.5,0,0,1000000000,0,0,1,0,0,0,0,0,0,0,0,0,-11.50734899,-11.29526933,1,0,0,0,0
4308,1789388698241705688,41597294245960,-3.75382217e-15,1,0,1,0.6397223473,1,0,0,0,0,0,-1,0.5,0,0,1000000000,0,0,1,0,0,0,0,0,0,0,0,0,-11.50734899,-11.29526933,1,0,0,0,0
4309,1789388698251700926,41597304241195,-3.75382217e-15,1,0,1,0.6397223473,1,0,0,0,0,0,-1,0.5,0,0,1000000000,0,0,1,0,0,0,0,0,0,0,0,0,-11.50734899,-11.29526933,1,0,0,0,0
4310,1789388698261720060,41597314260329,-3.75382217e-15,1,0,1,0.6397223473,1,0,0,0,0,0,-1,0.5,0,0,1000000000,0,0,1,0,0,0,0,0,0,0,0,0,-11.50734899,-11.29526933,1,0,0,0,0
4311,1789388698271713622,41597324253885,-3.75382217e-15,1,0,1,0.6397223473,1,0,0,0,0,0,-1,0.5,0,0,1000000000,0,0,1,0,0,0,0,0,0,0,0,0,-11.50734899,-11.29526933,1,0,0,0,0
4312,1789388698281709176,41597334249328,-3.75382217e-15,1,0,1,0.6397223473,1,0,0,0,0,0,-1,0.5,0,0,1000000000,0,0,1,0,0,0,0,0,0,0,0,0,-11.50734899,-11.29526933,1,0,0,0,0
4313,1789388698291693512,41597344233777,-3.75382217e-15,1,0,1,0.6397223473,1,0,0,0,0,0,-1,0.5,0,0,1000000000,0,0,1,0,0,0,0,0,0,0,0,0,-11.50734899,-11.29526933,1,0,0,0,0
4314,1789388698301759111,41597354299381,-3.75382217e-15,1,0,1,0.6397223473,1,0,0,0,0,0,-1,0.5,0,0,1000000000,0,0,1,0,0,0,0,0,0,0,0,0,-11.50734899,-11.29526933,1,0,0,0,0
4315,1789388698311694786,41597364235047,-3.75382217e-15,1,0,1,0.6397223473,1,0,0,0,0,0,-1,0.5,0,0,1000000000,0,0,1,0,0,0,0,0,0,0,0,0,-11.50734899,-11.29526933,1,0,0,0,0
4316,1789388698321696935,41597374237206,-3.75382217e-15,1,0,1,0.6397223473,1,0,0,0,0,0,-1,0.5,0,0,1000000000,0,0,1,0,0,0,0,0,0,0,0,0,-11.50734899,-11.29526933,1,0,0,0,0
4317,1789388698331702352,41597384242618,-3.75382217e-15,1,0,1,0.6412001252,1,0,0,0,0,0,-1,0.5,0,0,1000000000,0,0,1,0,0,0,0,0,0,0,0,0,-11.50734899,-11.29526933,1,0,0,0,0
4318,1789388698341700755,41597394241027,-3.75382217e-15,1,0,1,0.6412001252,1,0,0,0,0,0,-1,0.5,0,0,1000000000,0,0,1,0,0,0,0,0,0,0,0,0,-11.50734899,-11.29526933,1,0,0,0,0
4319,1789388698351695341,41597404235614,-3.75382217e-15,1,0,1,0.6412001252,1,0,0,0,0,0,-1,0.5,0,0,1000000000,0,0,1,0,0,0,0,0,0,0,0,0,-11.50734899,-11.29526933,1,0,0,0,0
4320,1789388698361702894,41597414243164,-3.75382217e-15,1,0,1,0.6412001252,1,0,0,0,0,0,-1,0.5,0,0,1000000000,0,0,1,0,0,0,0,0,0,0,0,0,-11.50734899,-11.29526933,1,0,0,0,0
4321,1789388698371699371,41597424239640,-3.75382217e-15,1,0,1,0.6412001252,1,0,0,0,0,0,-1,0.5,0,0,1000000000,0,0,1,0,0,0,0,0,0,0,0,0,-11.50734899,-11.29526933,1,0,0,0,0
4322,1789388698381725950,41597434266185,-3.75382217e-15,1,0,1,0.6412001252,1,0,0,0,0,0,-1,0.5,0,0,1000000000,0,0,1,0,0,0,0,0,0,0,0,0,-11.50734899,-11.29526933,1,0,0,0,0
4323,1789388698391730355,41597444270579,-3.75382217e-15,1,0,1,0.6412001252,1,0,0,0,0,0,-1,0.5,0,0,1000000000,0,0,1,0,0,0,0,0,0,0,0,0,-11.50734899,-11.29526933,1,0,0,0,0
4324,1789388698401725945,41597454266212,-3.75382217e-15,1,0,1,0.6412001252,1,0,0,0,0,0,-1,0.5,0,0,1000000000,0,0,1,0,0,0,0,0,0,0,0,0,-11.50734899,-11.29526933,1,0,0,0,0
4325,1789388698411707858,41597464248118,-3.75382217e-15,1,0,1,0.6412001252,1,0,0,0,0,0,-1,0.5,0,0,1000000000,0,0,1,0,0,0,0,0,0,0,0,0,-11.50734899,-11.29526933,1,0,0,0,0
4326,1789388698421699001,41597474239271,-3.75382217e-15,1,0,1,0.6412001252,1,0,0,0,0,0,-1,0.5,0,0,1000000000,0,0,1,0,0,0,0,0,0,0,0,0,-11.50734899,-11.29526933,1,0,0,0,0
4327,1789388698431704571,41597484244843,-3.75382217e-15,1,0,1,0.6412001252,1,0,0,0,0,0,-1,0.5,0,0,1000000000,0,0,1,0,0,0,0,0,0,0,0,0,-11.50734899,-11.29526933,1,0,0,0,0
4328,1789388698441870094,41597494410365,-3.75382217e-15,1,0,1,0.6316195726,1,0,0,0,0,0,-1,0.5,0,0,1000000000,0,0,1,0,0,0,0,0,0,0,0,0,-11.50734899,-11.29526933,1,0,0,0,0
4329,1789388698451717166,41597504257417,-3.75382217e-15,1,0,1,0.6316195726,1,0,0,0,0,0,-1,0.5,0,0,1000000000,0,0,1,0,0,0,0,0,0,0,0,0,-11.50734899,-11.29526933,1,0,0,0,0
4330,1789388698461718275,41597514258526,-3.75382217e-15,1,0,1,0.6316195726,1,0,0,0,0,0,-1,0.5,0,0,1000000000,0,0,1,0,0,0,0,0,0,0,0,0,-11.50734899,-11.29526933,1,0,0,0,0
4331,1789388698471800647,41597524340892,-3.75382217e-15,1,0,1,0.6316195726,1,0,0,0,0,0,-1,0.5,0,0,1000000000,0,0,1,0,0,0,0,0,0,0,0,0,-11.50734899,-11.29526933,1,0,0,0,0
4332,1789388698481729971,41597534270218,-3.75382217e-15,1,0,1,0.6316195726,1,0,0,0,0,0,-1,0.5,0,0,1000000000,0,0,1,0,0,0,0,0,0,0,0,0,-11.50734899,-11.29526933,1,0,0,0,0
4333,1789388698491712692,41597544252939,-3.75382217e-15,1,0,1,0.6316195726,1,0,0,0,0,0,-1,0.5,0,0,1000000000,0,0,1,0,0,0,0,0,0,0,0,0,-11.50734899,-11.29526933,1,0,0,0,0
4334,1789388698501715711,41597554255977,-3.75382217e-15,1,0,1,0.6316195726,1,0,0,0,0,0,-1,0.5,0,0,1000000000,0,0,1,0,0,0,0,0,0,0,0,0,-11.50734899,-11.29526933,1,0,0,0,0
4335,1789388698511708468,41597564248725,-3.75382217e-15,1,0,1,0.6316195726,1,0,0,0,0,0,-1,0.5,0,0,1000000000,0,0,1,0,0,0,0,0,0,0,0,0,-11.50734899,-11.29526933,1,0,0,0,0
4336,1789388698521713882,41597574254137,-3.75382217e-15,1,0,1,0.6316195726,1,0,0,0,0,0,-1,0.5,0,0,1000000000,0,0,1,0,0,0,0,0,0,0,0,0,-11.50734899,-11.29526933,1,0,0,0,0
4337,1789388698531716171,41597584256353,-3.75382217e-15,1,0,1,0.6402486563,1,0,0,0,0,0,-1,0.5,0,0,1000000000,0,0,1,0,0,0,0,0,0,0,0,0,-11.50734899,-11.29526933,1,0,0,0,0
4338,1789388698541765318,41597594305479,-3.75382217e-15,1,0,1,0.6402486563,1,0,0,0,0,0,-1,0.5,0,0,1000000000,0,0,1,0,0,0,0,0,0,0,0,0,-11.50734899,-11.29526933,1,0,0,0,0
4339,1789388698551736152,41597604276418,-3.75382217e-15,1,0,1,0.6402486563,1,0,0,0,0,0,-1,0.5,0,0,1000000000,0,0,1,0,0,0,0,0,0,0,0,0,-11.50734899,-11.29526933,1,0,0,0,0
4340,1789388698561715432,41597614255704,-3.75382217e-15,1,0,1,0.6402486563,1,0,0,0,0,0,-1,0.5,0,0,1000000000,0,0,1,0,0,0,0,0,0,0,0,0,-11.50734899,-11.29526933,1,0,0,0,0
4341,1789388698571726995,41597624267259,-3.75382217e-15,1,0,1,0.6402486563,1,0,0,0,0,0,-1,0.5,0,0,1000000000,0,0,1,0,0,0,0,0,0,0,0,0,-11.50734899,-11.29526933,1,0,0,0,0
4342,1789388698581762413,41597634302683,-3.75382217e-15,1,0,1,0.6402486563,1,0,0,0,0,0,-1,0.5,0,0,1000000000,0,0,1,0,0,0,0,0,0,0,0,0,-11.50734899,-11.29526933,1,0,0,0,0
4343,1789388698591701402,41597644241580,-3.75382217e-15,1,0,1,0.6402486563,1,0,0,0,0,0,-1,0.5,0,0,1000000000,0,0,1,0,0,0,0,0,0,0,0,0,-11.50734899,-11.29526933,1,0,0,0,0
4344,1789388698601700009,41597654240130,-3.75382217e-15,1,0,1,0.6402486563,1,0,0,0,0,0,-1,0.5,0,0,1000000000,0,0,1,0,0,0,0,0,0,0,0,0,-11.50734899,-11.29526933,1,0,0,0,0
4345,1789388698611894445,41597664434701,-3.75382217e-15,1,0,1,0.6402486563,1,0,0,0,0,0,-1,0.5,0,0,1000000000,0,0,1,0,0,0,0,0,0,0,0,0,-11.50734899,-11.29526933,1,0,0,0,0
4346,1789388698621701405,41597674241675,-3.75382217e-15,1,0,1,0.6402486563,1,0,0,0,0,0,-1,0.5,0,0,1000000000,0,0,1,0,0,0,0,0,0,0,0,0,-11.50734899,-11.29526933,1,0,0,0,0
4347,1789388698631708701,41597684248969,-3.75382217e-15,1,0,1,0.6402486563,1,0,0,0,0,0,-1,0.5,0,0,1000000000,0,0,1,0,0,0,0,0,0,0,0,0,-11.50734899,-11.29526933,1,0,0,0,0
4348,1789388698641706346,41597694246514,-3.75382217e-15,1,0,1,0.6356775165,1,0,0,0,0,0,-1,0.5,0,0,1000000000,0,0,1,0,0,0,0,0,0,0,0,0,-11.50734899,-11.29526933,1,0,0,0,0
4349,1789388698651700802,41597704241071,-3.75382217e-15,1,0,1,0.6356775165,1,0,0,0,0,0,-1,0.5,0,0,1000000000,0,0,1,0,0,0,0,0,0,0,0,0,-11.50734899,-11.29526933,1,0,0,0,0
4350,1789388698661693275,41597714233549,-3.75382217e-15,1,0,1,0.6356775165,1,0,0,0,0,0,-1,0.5,0,0,1000000000,0,0,1,0,0,0,0,0,0,0,0,0,-11.50734899,-11.29526933,1,0,0,0,0
4351,1789388698671704521,41597724244792,-3.75382217e-15,1,0,1,0.6356775165,1,0,0,0,0,0,-1,0.5,0,0,1000000000,0,0,1,0,0,0,0,0,0,0,0,0,-11.50734899,-11.29526933,1,0,0,0,0
4352,1789388698681720074,41597734260330,-3.75382217e-15,1,0,1,0.6356775165,1,0,0,0,0,0,-1,0.5,0,0,1000000000,0,0,1,0,0,0,0,0,0,0,0,0,-11.50734899,-11.29526933,1,0,0,0,0
4353,1789388698691735466,41597744275710,-3.75382217e-15,1,0,1,0.6356775165,1,0,0,0,0,0,-1,0.5,0,0,1000000000,0,0,1,0,0,0,0,0,0,0,0,0,-11.50734899,-11.29526933,1,0,0,0,0
4354,1789388698701717552,41597754257815,-3.75382217e-15,1,0,1,0.6356775165,1,0,0,0,0,0,-1,0.5,0,0,1000000000,0,0,1,0,0,0,0,0,0,0,0,0,-11.50734899,-11.29526933,1,0,0,0,0
4355,1789388698711711326,41597764251568,-3.75382217e-15,1,0,1,0.6356775165,1,0,0,0,0,0,-1,0.5,0,0,1000000000,0,0,1,0,0,0,0,0,0,0,0,0,-11.50734899,-11.29526933,1,0,0,0,0
4356,1789388698721726932,41597774267202,-3.75382217e-15,1,0,1,0.6356775165,1,0,0,0,0,0,-1,0.5,0,0,1000000000,0,0,1,0,0,0,0,0,0,0,0,0,-11.50734899,-11.29526933,1,0,0,0,0
4357,1789388698731742382,41597784282653,-3.75382217e-15,1,0,1,0.7150253057,1,0,0,0,0,0,-1,0.5,0,0,1000000000,0,0,1,0,0,0,0,0,0,0,0,0,-11.50734899,-11.29526933,1,0,0,0,0
4358,1789388698741753516,41597794293774,-3.75382217e-15,1,0,1,0.7150253057,1,0,0,0,0,0,-1,0.5,0,0,1000000000,0,0,1,0,0,0,0,0,0,0,0,0,-11.50734899,-11.29526933,1,0,0,0,0
4359,1789388698751752717,41597804292969,-3.75382217e-15,1,0,1,0.7150253057,1,0,0,0,0,0,-1,0.5,0,0,1000000000,0,0,1,0,0,0,0,0,0,0,0,0,-11.50734899,-11.29526933,1,0,0,0,0
4360,1789388698761715534,41597814255691,-3.75382217e-15,1,0,1,0.7150253057,1,0,0,0,0,0,-1,0.5,0,0,1000000000,0,0,1,0,0,0,0,0,0,0,0,0,-11.50734899,-11.29526933,1,0,0,0,0
4361,1789388698771727882,41597824268111,-3.75382217e-15,1,0,1,0.7150253057,1,0,0,0,0,0,-1,0.5,0,0,1000000000,0,0,1,0,0,0,0,0,0,0,0,0,-11.50734899,-11.29526933,1,0,0,0,0
4362,1789388698781741690,41597834281933,-3.75382217e-15,1,0,1,0.7150253057,1,0,0,0,0,0,-1,0.5,0,0,1000000000,0,0,1,0,0,0,0,0,0,0,0,0,-11.50734899,-11.29526933,1,0,0,0,0
4363,1789388698791724890,41597844265151,-3.75382217e-15,1,0,1,0.7150253057,1,0,0,0,0,0,-1,0.5,0,0,1000000000,0,0,1,0,0,0,0,0,0,0,0,0,-11.50734899,-11.29526933,1,0,0,0,0
4364,1789388698801724128,41597854264289,-3.75382217e-15,1,0,1,0.7150253057,1,0,0,0,0,0,-1,0.5,0,0,1000000000,0,0,1,0,0,0,0,0,0,0,0,0,-11.50734899,-11.29526933,1,0,0,0,0
4365,1789388698811769001,41597864309272,-3.75382217e-15,1,0,1,0.7150253057,1,0,1,0,0,0,-1,0.5,1,0,1000000000,0,0,1,0,0,0,0,0,0,0,0,0,-11.50734899,-11.29526933,1,0,0,0,0
4366,1789388698821756173,41597874296445,-3.75382217e-15,1,0,1,0.7150253057,1,0,0,0,0,0,-1,0.5,1,0,1000000000,0,0,1,0,0,0,0,0,0,0,0,0,-11.50734899,-11.29526933,1,0,0,0,0
4367,1789388698831696594,41597884236866,-3.75382217e-15,1,0,1,0.6360907555,1,0,0,0,0,0,-1,0.5,1,0,1000000000,0,0,1,0,0,0,0,0,0,0,0,0,-11.50734899,-11.29526933,1,0,0,0,0
4368,1789388698841695910,41597894236181,-3.75382217e-15,1,0,1,0.6360907555,1,0,0,0,0,0,-1,0.5,1,0,1000000000,0,0,1,0,0,0,0,0,0,0,0,0,-11.50734899,-11.29526933,1,0,0,0,0
4369,1789388698851706410,41597904246681,-3.75382217e-15,1,0,1,0.6360907555,1,0,0,0,0,0,-1,0.5,1,0,1000000000,0,0,1,0,0,0,0,0,0,0,0,0,-11.50734899,-11.29526933,1,0,0,0,0
4370,1789388698861690876,41597914231151,-3.75382217e-15,1,0,1,0.6360907555,1,0,0,0,0,0,-1,0.5,1,0,1000000000,0,0,1,0,0,0,0,0,0,0,0,0,-11.50734899,-11.29526933,1,0,0,0,0
4371,1789388698871702080,41597924242345,-3.75382217e-15,1,0,1,0.6360907555,1,0,0,0,0,0,-1,0.5,1,0,1000000000,0,0,1,0,0,0,0,0,0,0,0,0,-11.50734899,-11.29526933,1,0,0,0,0
4372,1789388698881699398,41597934239667,-3.75382217e-15,1,0,1,0.6360907555,1,0,0,0,0,0,-1,0.5,1,0,1000000000,0,0,1,0,0,0,0,0,0,0,0,0,-11.50734899,-11.29526933,1,0,0,0,0
4373,1789388698891697256,41597944237527,-3.75382217e-15,1,0,1,0.6360907555,1,0,0,0,0,0,-1,0.5,1,0,1000000000,0,0,1,0,0,0,0,0,0,0,0,0,-11.50734899,-11.29526933,1,0,0,0,0
4374,1789388698901711295,41597954251535,-3.75382217e-15,1,0,1,0.6360907555,1,0,0,0,0,0,-1,0.5,1,0,1000000000,0,0,1,0,0,0,0,0,0,0,0,0,-11.50734899,-11.29526933,1,0,0,0,0
4375,1789388698911720893,41597964261149,-3.75382217e-15,1,0,1,0.6360907555,1,0,0,0,0,0,-1,0.5,1,0,1000000000,0,0,1,0,0,0,0,0,0,0,0,0,-11.50734899,-11.29526933,1,0,0,0,0
4376,1789388698921709993,41597974250179,-3.75382217e-15,1,0,1,0.6360907555,1,0,0,0,0,0,-1,0.5,1,0,1000000000,0,0,1,0,0,0,0,0,0,0,0,0,-11.50734899,-11.29526933,1,0,0,0,0
4377,1789388698931721260,41597984261518,-3.75382217e-15,1,0,1,0.7118243575,1,0,0,0,0,0,-1,0.5,1,0,1000000000,0,0,1,0,0,0,0,0,0,0,0,0,-11.50734899,-11.29526933,1,0,0,0,0
4378,1789388698941745430,41597994285679,-3.75382217e-15,1,0,1,0.7118243575,1,0,0,0,0,0,-1,0.5,1,0,1000000000,0,0,1,0,0,0,0,0,0,0,0,0,-11.50734899,-11.29526933,1,0,0,0,0
4379,1789388698951716608,41598004256878,-3.75382217e-15,1,0,1,0.7118243575,1,0,0,0,0,0,-1,0.5,1,0,1000000000,0,0,1,0,0,0,0,0,0,0,0,0,-11.50734899,-11.29526933,1,0,0,0,0
4380,1789388698961717303,41598014257561,-3.75382217e-15,1,0,1,0.7118243575,1,0,0,0,0,0,-1,0.5,1,0,1000000000,0,0,1,0,0,0,0,0,0,0,0,0,-11.50734899,-11.29526933,1,0,0,0,0
4381,1789388698971705500,41598024245754,-3.75382217e-15,1,0,1,0.7118243575,1,0,0,0,0,0,-1,0.5,1,0,1000000000,0,0,1,0,0,0,0,0,0,0,0,0,-11.50734899,-11.29526933,1,0,0,0,0
4382,1789388698981714688,41598034254955,-3.75382217e-15,1,0,1,0.7118243575,1,0,0,0,0,0,-1,0.5,1,0,1000000000,0,0,1,0,0,0,0,0,0,0,0,0,-11.50734899,-11.29526933,1,0,0,0,0
4383,1789388698991729297,41598044269559,-3.75382217e-15,1,0,1,0.7118243575,1,0,0,0,0,0,-1,0.5,1,0,1000000000,0,0,1,0,0,0,0,0,0,0,0,0,-11.50734899,-11.29526933,1,0,0,0,0
4384,1789388699001722718,41598054262969,-3.75382217e-15,1,0,1,0.7118243575,1,0,0,0,0,0,-1,0.5,1,0,1000000000,0,0,1,0,0,0,0,0,0,0,0,0,-11.50734899,-11.29526933,1,0,0,0,0
4385,1789388699011723149,41598064263381,-3.75382217e-15,1,0,1,0.7118243575,1,0,0,0,0,0,-1,0.5,1,0,1000000000,0,0,1,0,0,0,0,0,0,0,0,0,-11.50734899,-11.29526933,1,0,0,0,0
4386,1789388699021721549,41598074261689,-3.75382217e-15,1,0,1,0.7118243575,1,0,0,0,0,0,-1,0.5,1,0,1000000000,0,0,1,0,0,0,0,0,0,0,0,0,-11.50734899,-11.29526933,1,0,0,0,0
4387,1789388699031704369,41598084244557,-3.75382217e-15,1,0,1,0.7109208703,1,0,0,0,0,0,-1,0.5,1,0,1000000000,0,0,1,0,0,0,0,0,0,0,0,0,-11.50734899,-11.29526933,1,0,0,0,0
4388,1789388699041703873,41598094244052,-3.75382217e-15,1,0,1,0.7109208703,1,0,0,0,0,0,-1,0.5,1,0,1000000000,0,0,1,0,0,0,0,0,0,0,0,0,-11.50734899,-11.29526933,1,0,0,0,0
4389,1789388699051704003,41598104244276,-3.75382217e-15,1,0,1,0.7109208703,1,0,0,0,0,0,-1,0.5,1,0,1000000000,0,0,1,0,0,0,0,0,0,0,0,0,-11.50734899,-11.29526933,1,0,0,0,0
4390,1789388699061701824,41598114242093,-3.75382217e-15,1,0,1,0.7109208703,1,0,0,0,0,0,-1,0.5,1,0,1000000000,0,0,1,0,0,0,0,0,0,0,0,0,-11.50734899,-11.29526933,1,0,0,0,0
4391,1789388699071752217,41598124292478,-3.75382217e-15,1,0,1,0.7109208703,1,0,0,0,0,0,-1,0.5,1,0,1000000000,0,0,1,0,0,0,0,0,0,0,0,0,-11.50734899,-11.29526933,1,0,0,0,0
4392,1789388699081717917,41598134258170,-3.75382217e-15,1,0,1,0.7109208703,1,0,0,0,0,0,-1,0.5,1,0,1000000000,0,0,1,0,0,0,0,0,0,0,0,0,-11.50734899,-11.29526933,1,0,0,0,0
4393,1789388699091725031,41598144265287,-3.75382217e-15,1,0,1,0.7109208703,1,0,0,0,0,0,-1,0.5,1,0,1000000000,0,0,1,0,0,0,0,0,0,0,0,0,-11.50734899,-11.29526933,1,0,0,0,0
4394,1789388699101723979,41598154264229,-3.75382217e-15,1,0,1,0.7109208703,1,0,0,0,0,0,-1,0.5,1,0,1000000000,0,0,1,0,0,0,0,0,0,0,0,0,-11.50734899,-11.29526933,1,0,0,0,0
4395,1789388699111711003,41598164251249,-3.75382217e-15,1,0,1,0.7109208703,1,0,0,0,0,0,-1,0.5,1,0,1000000000,0,0,1,0,0,0,0,0,0,0,0,0,-11.50734899,-11.29526933,1,0,0,0,0
4396,1789388699121716976,41598174257245,-3.75382217e-15,1,0,1,0.7109208703,1,0,0,0,0,0,-1,0.5,1,0,1000000000,0,0,1,0,0,0,0,0,0,0,0,0,-11.50734899,-11.29526933,1,0,0,0,0
4397,1789388699131729326,41598184269551,-3.75382217e-15,1,0,1,0.7109208703,1,0,0,0,0,0,-1,0.5,1,0,1000000000,0,0,1,0,0,0,0,0,0,0,0,0,-11.50734899,-11.29526933,1,0,0,0,0
4398,1789388699141752738,41598194293009,-3.75382217e-15,1,0,1,0.638453722,1,0,0,0,0,0,-1,0.5,1,0,1000000000,0,0,1,0,0,0,0,0,0,0,0,0,-11.50734899,-11.29526933,1,0,0,0,0
4399,1789388699151706252,41598204246511,-3.75382217e-15,1,0,1,0.638453722,1,0,0,0,0,0,-1,0.5,1,0,1000000000,0,0,1,0,0,0,0,0,0,0,0,0,-11.50734899,-11.29526933,1,0,0,0,0
4400,1789388699161720476,41598214260626,-3.75382217e-15,1,0,1,0.638453722,1,0,0,0,0,0,-1,0.5,1,0,1000000000,0,0,1,0,0,0,0,0,0,0,0,0,-11.50734899,-11.29526933,1,0,0,0,0
4401,1789388699171732832,41598224273103,-3.75382217e-15,1,0,1,0.638453722,1,0,0,0,0,0,-1,0.5,1,0,1000000000,0,0,1,0,0,0,0,0,0,0,0,0,-11.50734899,-11.29526933,1,0,0,0,0
4402,1789388699181702101,41598234242372,-3.75382217e-15,1,0,1,0.638453722,1,0,0,0,0,0,-1,0.5,1,0,1000000000,0,0,1,0,0,0,0,0,0,0,0,0,-11.50734899,-11.29526933,1,0,0,0,0
4403,1789388699191707437,41598244247709,-3.75382217e-15,1,0,1,0.638453722,1,0,0,0,0,0,-1,0.5,1,0,1000000000,0,0,1,0,0,0,0,0,0,0,0,0,-11.50734899,-11.29526933,1,0,0,0,0
4404,1789388699201699547,41598254239817,-3.75382217e-15,1,0,1,0.638453722,1,0,0,0,0,0,-1,0.5,1,0,1000000000,0,0,1,0,0,0,0,0,0,0,0,0,-11.50734899,-11.29526933,1,0,0,0,0
4405,1789388699211720972,41598264261171,-3.75382217e-15,1,0,1,0.638453722,1,0,0,0,0,0,-1,0.5,1,0,1000000000,0,0,1,0,0,0,0,0,0,0,0,0,-11.50734899,-11.29526933,1,0,0,0,0
4406,1789388699221716119,41598274256379,-3.75382217e-15,1,0,1,0.638453722,1,0,0,0,0,0,-1,0.5,1,0,1000000000,0,0,1,0,0,0,0,0,0,0,0,0,-11.50734899,-11.29526933,1,0,0,0,0
4407,1789388699231807339,41598284347503,-3.75382217e-15,1,0,1,0.6329550743,1,0,0,0,0,0,-1,0.5,1,0,1000000000,0,0,1,0,0,0,0,0,0,0,0,0,-11.50734899,-11.29526933,1,0,0,0,0
4408,1789388699241714334,41598294254599,-3.75382217e-15,1,0,1,0.6329550743,1,0,0,0,0,0,-1,0.5,1,0,1000000000,0,0,1,0,0,0,0,0,0,0,0,0,-11.50734899,-11.29526933,1,0,0,0,0
4409,1789388699251701491,41598304241673,-3.75382217e-15,1,0,1,0.6329550743,1,0,0,0,0,0,-1,0.5,1,0,1000000000,0,0,1,0,0,0,0,0,0,0,0,0,-11.50734899,-11.29526933,1,0,0,0,0
4410,1789388699261689833,41598314230105,-3.75382217e-15,1,0,1,0.6329550743,1,0,0,0,0,0,-1,0.5,1,0,1000000000,0,0,1,0,0,0,0,0,0,0,0,0,-11.50734899,-11.29526933,1,0,0,0,0
4411,1789388699271701514,41598324241786,-3.75382217e-15,1,0,1,0.6329550743,1,0,0,0,0,0,-1,0.5,1,0,1000000000,0,0,1,0,0,0,0,0,0,0,0,0,-11.50734899,-11.29526933,1,0,0,0,0
4412,1789388699281699010,41598334239280,-3.75382217e-15,1,0,1,0.6329550743,1,0,0,0,0,0,-1,0.5,1,0,1000000000,0,0,1,0,0,0,0,0,0,0,0,0,-11.50734899,-11.29526933,1,0,0,0,0
4413,1789388699291739333,41598344279566,-3.75382217e-15,1,0,1,0.6329550743,1,0,0,0,0,0,-1,0.5,1,0,1000000000,0,0,1,0,0,0,0,0,0,0,0,0,-11.50734899,-11.29526933,1,0,0,0,0
4414,1789388699301712425,41598354252674,-3.75382217e-15,1,0,1,0.6329550743,1,0,0,0,0,0,-1,0.5,1,0,1000000000,0,0,1,0,0,0,0,0,0,0,0,0,-11.50734899,-11.29526933,1,0,0,0,0
4415,1789388699311710258,41598364250527,-3.75382217e-15,1,0,1,0.6329550743,1,0,0,0,0,0,-1,0.5,0,0,1000000000,0,0,1,0,0,0,0,0,0,0,0,0,-11.50734899,-11.29526933,1,0,0,0,0
4416,1789388699321695096,41598374235371,-3.75382217e-15,1,0,1,0.6329550743,1,0,0,0,0,0,-1,0.5,0,0,1000000000,0,0,1,0,0,0,0,0,0,0,0,0,-11.50734899,-11.29526933,1,0,0,0,0
4417,1789388699331707751,41598384248017,-3.75382217e-15,1,0,1,0.6329550743,1,0,0,0,0,0,-1,0.5,0,0,1000000000,0,0,1,0,0,0,0,0,0,0,0,0,-11.50734899,-11.29526933,1,0,0,0,0
4418,1789388699341698112,41598394238380,-3.75382217e-15,1,0,1,0.6345630288,1,0,0,0,0,0,-1,0.5,0,0,1000000000,0,0,1,0,0,0,0,0,0,0,0,0,-11.50734899,-11.29526933,1,0,0,0,0
4419,1789388699351700462,41598404240714,-3.75382217e-15,1,0,1,0.6345630288,1,0,0,0,0,0,-1,0.5,0,0,1000000000,0,0,1,0,0,0,0,0,0,0,0,0,-11.50734899,-11.29526933,1,0,0,0,0
4420,1789388699361698509,41598414238781,-3.75382217e-15,1,0,1,0.6345630288,1,0,0,0,0,0,-1,0.5,0,0,1000000000,0,0,1,0,0,0,0,0,0,0,0,0,-11.50734899,-11.29526933,1,0,0,0,0
4421,1789388699371716576,41598424256845,-3.75382217e-15,1,0,1,0.6345630288,1,0,0,0,0,0,-1,0.5,0,0,1000000000,0,0,1,0,0,0,0,0,0,0,0,0,-11.50734899,-11.29526933,1,0,0,0,0
4422,1789388699381793583,41598434333731,-3.75382217e-15,1,0,1,0.6345630288,1,0,0,0,0,0,-1,0.5,0,0,1000000000,0,0,1,0,0,0,0,0,0,0,0,0,-11.50734899,-11.29526933,1,0,0,0,0
4423,1789388699391704019,41598444244286,-3.75382217e-15,1,0,1,0.6345630288,1,0,0,0,0,0,-1,0.5,0,0,1000000000,0,0,1,0,0,0,0,0,0,0,0,0,-11.50734899,-11.29526933,1,0,0,0,0
4424,1789388699401721139,41598454261408,-3.75382217e-15,1,0,1,0.6345630288,1,0,0,0,0,0,-1,0.5,0,0,1000000000,0,0,1,0,0,0,0,0,0,0,0,0,-11.50734899,-11.29526933,1,0,0,0,0
4425,1789388699411695315,41598464235578,-3.75382217e-15,1,0,1,0.6345630288,1,0,0,0,0,0,-1,0.5,0,0,1000000000,0,0,1,0,0,0,0,0,0,0,0,0,-11.50734899,-11.29526933,1,0,0,0,0
4426,1789388699421741288,41598474281560,-3.75382217e-15,1,0,1,0.6345630288,1,0,0,0,0,0,-1,0.5,0,0,1000000000,0,0,1,0,0,0,0,0,0,0,0,0,-11.50734899,-11.29526933,1,0,0,0,0
4427,1789388699431697887,41598484238152,-3.75382217e-15,1,0,1,0.6333488226,1,0,0,0,0,0,-1,0.5,0,0,1000000000,0,0,1,0,0,0,0,0,0,0,0,0,-11.50734899,-11.29526933,1,0,0,0,0
4428,1789388699441716517,41598494256781,-3.75382217e-15,1,0,1,0.6333488226,1,0,0,0,0,0,-1,0.5,0,0,1000000000,0,0,1,0,0,0,0,0,0,0,0,0,-11.50734899,-11.29526933,1,0,0,0,0
4429,1789388699451753505,41598504293533,-3.75382217e-15,1,0,1,0.6333488226,1,0,0,0,0,0,-1,0.5,0,0,1000000000,0,0,1,0,0,0,0,0,0,0,0,0,-11.50734899,-11.29526933,1,0,0,0,0
4430,1789388699461716641,41598514256912,-3.75382217e-15,1,0,1,0.6333488226,1,0,0,0,0,0,-1,0.5,0,0,1000000000,0,0,1,0,0,0,0,0,0,0,0,0,-11.50734899,-11.29526933,1,0,0,0,0
4431,1789388699471717259,41598524257513,-3.75382217e-15,1,0,1,0.6333488226,1,0,0,0,0,0,-1,0.5,0,0,1000000000,0,0,1,0,0,0,0,0,0,0,0,0,-11.50734899,-11.29526933,1,0,0,0,0
4432,1789388699481725086,41598534265318,-3.75382217e-15,1,0,1,0.6333488226,1,0,0,0,0,0,-1,0.5,0,0,1000000000,0,0,1,0,0,0,0,0,0,0,0,0,-11.50734899,-11.29526933,1,0,0,0,0
4433,1789388699491743113,41598544283361,-3.75382217e-15,1,0,1,0.6333488226,1,0,0,0,0,0,-1,0.5,0,0,1000000000,0,0,1,0,0,0,0,0,0,0,0,0,-11.50734899,-11.29526933,1,0,0,0,0
4434,1789388699501735052,41598554275319,-3.75382217e-15,1,0,1,0.6333488226,1,0,0,0,0,0,-1,0.5,0,0,1000000000,0,0,1,0,0,0,0,0,0,0,0,0,-11.50734899,-11.29526933,1,0,0,0,0
4435,1789388699511709668,41598564249935,-3.75382217e-15,1,0,1,0.6333488226,1,0,0,0,0,0,-1,0.5,0,0,1000000000,0,0,1,0,0,0,0,0,0,0,0,0,-11.50734899,-11.29526933,1,0,0,0,0
4436,1789388699521716550,41598574256813,-3.75382217e-15,1,0,1,0.6333488226,1,0,0,0,0,0,-1,0.5,0,0,1000000000,0,0,1,0,0,0,0,0,0,0,0,0,-11.50734899,-11.29526933,1,0,0,0,0
4437,1789388699531713195,41598584253460,-3.75382217e-15,1,0,1,0.6333488226,1,0,0,0,0,0,-1,0.5,0,0,1000000000,0,0,1,0,0,0,0,0,0,0,0,0,-11.50734899,-11.29526933,1,0,0,0,0
4438,1789388699541713337,41598594253603,-3.75382217e-15,1,0,1,0.6395583153,1,0,0,0,0,0,-1,0.5,0,0,1000000000,0,0,1,0,0,0,0,0,0,0,0,0,-11.50734899,-11.29526933,1,0,0,0,0
4439,1789388699551717887,41598604258155,-3.75382217e-15,1,0,1,0.6395583153,1,0,0,0,0,0,-1,0.5,0,0,1000000000,0,0,1,0,0,0,0,0,0,0,0,0,-11.50734899,-11.29526933,1,0,0,0,0
4440,1789388699561713334,41598614253502,-3.75382217e-15,1,0,1,0.6395583153,1,0,0,0,0,0,-1,0.5,0,0,1000000000,0,0,1,0,0,0,0,0,0,0,0,0,-11.50734899,-11.29526933,1,0,0,0,0
4441,1789388699571710497,41598624250764,-3.75382217e-15,1,0,1,0.6395583153,1,0,0,0,0,0,-1,0.5,0,0,1000000000,0,0,1,0,0,0,0,0,0,0,0,0,-11.50734899,-11.29526933,1,0,0,0,0
4442,1789388699581727208,41598634267456,-3.75382217e-15,1,0,1,0.6395583153,1,0,0,0,0,0,-1,0.5,0,0,1000000000,0,0,1,0,0,0,0,0,0,0,0,0,-11.50734899,-11.29526933,1,0,0,0,0
4443,1789388699591794772,41598644335003,-3.75382217e-15,1,0,1,0.6395583153,1,0,0,0,0,0,-1,0.5,0,0,1000000000,0,0,1,0,0,0,0,0,0,0,0,0,-11.50734899,-11.29526933,1,0,0,0,0
4444,1789388699601723898,41598654264148,-3.75382217e-15,1,0,1,0.6395583153,1,0,0,0,0,0,-1,0.5,0,0,1000000000,0,0,1,0,0,0,0,0,0,0,0,0,-11.50734899,-11.29526933,1,0,0,0,0
4445,1789388699611696626,41598664236893,-3.75382217e-15,1,0,1,0.6395583153,1,0,0,0,0,0,-1,0.5,0,0,1000000000,0,0,1,0,0,0,0,0,0,0,0,0,-11.50734899,-11.29526933,1,0,0,0,0
4446,1789388699621676824,41598674217096,-3.75382217e-15,1,0,1,0.6395583153,1,0,0,0,0,0,-1,0.5,0,0,1000000000,0,0,1,0,0,0,0,0,0,0,0,0,-11.50734899,-11.29526933,1,0,0,0,0
4447,1789388699631790343,41598684330523,-3.75382217e-15,1,0,1,0.6422449946,1,0,0,0,0,0,-1,0.5,0,0,1000000000,0,0,1,0,0,0,0,0,0,0,0,0,-11.50734899,-11.29526933,1,0,0,0,0
4448,1789388699641696169,41598694236442,-3.75382217e-15,1,0,1,0.6422449946,1,0,0,0,0,0,-1,0.5,0,0,1000000000,0,0,1,0,0,0,0,0,0,0,0,0,-11.50734899,-11.29526933,1,0,0,0,0
4449,1789388699651709283,41598704249552,-3.75382217e-15,1,0,1,0.6422449946,1,0,0,0,0,0,-1,0.5,0,0,1000000000,0,0,1,0,0,0,0,0,0,0,0,0,-11.50734899,-11.29526933,1,0,0,0,0
4450,1789388699661703197,41598714243474,-3.75382217e-15,1,0,1,0.6422449946,1,0,0,0,0,0,-1,0.5,0,0,1000000000,0,0,1,0,0,0,0,0,0,0,0,0,-11.50734899,-11.29526933,1,0,0,0,0
4451,1789388699671712476,41598724252734,-3.75382217e-15,1,0,1,0.6422449946,1,0,0,0,0,0,-1,0.5,0,0,1000000000,0,0,1,0,0,0,0,0,0,0,0,0,-11.50734899,-11.29526933,1,0,0,0,0
4452,1789388699681712072,41598734252336,-3.75382217e-15,1,0,1,0.6422449946,1,0,0,0,0,0,-1,0.5,0,0,1000000000,0,0,1,0,0,0,0,0,0,0,0,0,-11.50734899,-11.29526933,1,0,0,0,0
4453,1789388699691734029,41598744274270,-3.75382217e-15,1,0,1,0.6422449946,1,0,0,0,0,0,-1,0.5,0,0,1000000000,0,0,1,0,0,0,0,0,0,0,0,0,-11.50734899,-11.29526933,1,0,0,0,0
4454,1789388699701722961,41598754263215,-3.75382217e-15,1,0,1,0.6422449946,1,0,0,0,0,0,-1,0.5,0,0,1000000000,0,0,1,0,0,0,0,0,0,0,0,0,-11.50734899,-11.29526933,1,0,0,0,0
4455,1789388699711848812,41598764389072,-3.75382217e-15,1,0,1,0.6422449946,1,0,0,0,0,0,-1,0.5,0,0,1000000000,0,0,1,0,0,0,0,0,0,0,0,0,-11.50734899,-11.29526933,1,0,0,0,0
4456,1789388699721758195,41598774298461,-3.75382217e-15,1,0,1,0.6422449946,1,0,0,0,0,0,-1,0.5,0,0,1000000000,0,0,1,0,0,0,0,0,0,0,0,0,-11.50734899,-11.29526933,1,0,0,0,0
4457,1789388699731718821,41598784259084,-3.75382217e-15,1,0,1,0.6422033906,1,0,0,0,0,0,-1,0.5,0,0,1000000000,0,0,1,0,0,0,0,0,0,0,0,0,-11.50734899,-11.29526933,1,0,0,0,0
4458,1789388699741762886,41598794302859,-3.75382217e-15,1,0,1,0.6422033906,1,0,0,0,0,0,-1,0.5,0,0,1000000000,0,0,1,0,0,0,0,0,0,0,0,0,-11.50734899,-11.29526933,1,0,0,0,0
4459,1789388699751711070,41598804251315,-3.75382217e-15,1,0,1,0.6422033906,1,0,0,0,0,0,-1,0.5,0,0,1000000000,0,0,1,0,0,0,0,0,0,0,0,0,-11.50734899,-11.29526933,1,0,0,0,0
4460,1789388699761716483,41598814256754,-3.75382217e-15,1,0,1,0.6422033906,1,0,0,0,0,0,-1,0.5,0,0,1000000000,0,0,1,0,0,0,0,0,0,0,0,0,-11.50734899,-11.29526933,1,0,0,0,0
4461,1789388699771707874,41598824248134,-3.75382217e-15,1,0,1,0.6422033906,1,0,0,0,0,0,-1,0.5,0,0,1000000000,0,0,1,0,0,0,0,0,0,0,0,0,-11.50734899,-11.29526933,1,0,0,0,0
4462,1789388699781730229,41598834270499,-3.75382217e-15,1,0,1,0.6422033906,1,0,0,0,0,0,-1,0.5,0,0,1000000000,0,0,1,0,0,0,0,0,0,0,0,0,-11.50734899,-11.29526933,1,0,0,0,0
4463,1789388699791794888,41598844335155,-3.75382217e-15,1,0,1,0.6422033906,1,0,0,0,0,0,-1,0.5,0,0,1000000000,0,0,1,0,0,0,0,0,0,0,0,0,-11.50734899,-11.29526933,1,0,0,0,0
4464,1789388699801707062,41598854247331,-3.75382217e-15,1,0,1,0.6422033906,1,0,0,0,0,0,-1,0.5,0,0,1000000000,0,0,1,0,0,0,0,0,0,0,0,0,-11.50734899,-11.29526933,1,0,0,0,0
4465,1789388699811702504,41598864242775,-3.75382217e-15,1,0,1,0.6422033906,1,0,0,0,0,0,-1,0.5,0,0,1000000000,0,0,1,0,0,0,0,0,0,0,0,0,-11.50734899,-11.29526933,1,0,0,0,0
4466,1789388699821701679,41598874241951,-3.75382217e-15,1,0,1,0.6422033906,1,0,0,0,0,0,-1,0.5,0,0,1000000000,0,0,1,0,0,0,0,0,0,0,0,0,-11.50734899,-11.29526933,1,0,0,0,0
4467,1789388699831697184,41598884237456,-3.75382217e-15,1,0,1,0.6362603903,1,0,0,0,0,0,-1,0.5,0,0,1000000000,0,0,1,0,0,0,0,0,0,0,0,0,-11.50734899,-11.29526933,1,0,0,0,0
4468,1789388699841703715,41598894243982,-3.75382217e-15,1,0,1,0.6362603903,1,0,0,0,0,0,-1,0.5,0,0,1000000000,0,0,1,0,0,0,0,0,0,0,0,0,-11.50734899,-11.29526933,1,0,0,0,0
4469,1789388699851698205,41598904238474,-3.75382217e-15,1,0,1,0.6362603903,1,0,0,0,0,0,-1,0.5,0,0,1000000000,0,0,1,0,0,0,0,0,0,0,0,0,-11.50734899,-11.29526933,1,0,0,0,0
4470,1789388699861700694,41598914240931,-3.75382217e-15,1,0,1,0.6362603903,1,0,0,0,0,0,-1,0.5,0,0,1000000000,0,0,1,0,0,0,0,0,0,0,0,0,-11.50734899,-11.29526933,1,0,0,0,0
4471,1789388699871712382,41598924252640,-3.75382217e-15,1,0,1,0.6362603903,1,0,0,0,0,0,-1,0.5,0,0,1000000000,0,0,1,0,0,0,0,0,0,0,0,0,-11.50734899,-11.29526933,1,0,0,0,0
4472,1789388699881700122,41598934240385,-3.75382217e-15,1,0,1,0.6362603903,1,0,0,0,0,0,-1,0.5,0,0,1000000000,0,0,1,0,0,0,0,0,0,0,0,0,-11.50734899,-11.29526933,1,0,0,0,0
4473,1789388699891699003,41598944239272,-3.75382217e-15,1,0,1,0.6362603903,1,0,0,0,0,0,-1,0.5,0,0,1000000000,0,0,1,0,0,0,0,0,0,0,0,0,-11.50734899,-11.29526933,1,0,0,0,0
4474,1789388699901696651,41598954236921,-3.75382217e-15,1,0,1,0.6362603903,1,0,0,0,0,0,-1,0.5,0,0,1000000000,0,0,1,0,0,0,0,0,0,0,0,0,-11.50734899,-11.29526933,1,0,0,0,0
4475,1789388699911694951,41598964235219,-3.75382217e-15,1,0,1,0.6362603903,1,0,0,0,0,0,-1,0.5,0,0,1000000000,0,0,1,0,0,0,0,0,0,0,0,0,-11.50734899,-11.29526933,1,0,0,0,0
4476,1789388699921726494,41598974266760,-3.75382217e-15,1,0,1,0.6362603903,1,0,0,0,0,0,-1,0.5,0,0,1000000000,0,0,1,0,0,0,0,0,0,0,0,0,-11.50734899,-11.29526933,1,0,0,0,0
4477,1789388699931711839,41598984252106,-3.75382217e-15,1,0,1,0.6396899223,1,0,0,0,0,0,-1,0.5,0,0,1000000000,0,0,1,0,0,0,0,0,0,0,0,0,-11.50734899,-11.29526933,1,0,0,0,0
4478,1789388699941759449,41598994299707,-3.75382217e-15,1,0,1,0.6396899223,1,0,0,0,0,0,-1,0.5,0,0,1000000000,0,0,1,0,0,0,0,0,0,0,0,0,-11.50734899,-11.29526933,1,0,0,0,0
4479,1789388699951737150,41599004277294,-3.75382217e-15,1,0,1,0.6396899223,1,0,0,0,0,0,-1,0.5,0,0,1000000000,0,0,1,0,0,0,0,0,0,0,0,0,-11.50734899,-11.29526933,1,0,0,0,0
4480,1789388699961717074,41599014257316,-3.75382217e-15,1,0,1,0.6396899223,1,0,0,0,0,0,-1,0.5,0,0,1000000000,0,0,1,0,0,0,0,0,0,0,0,0,-11.50734899,-11.29526933,1,0,0,0,0
4481,1789388699971708374,41599024248630,-3.75382217e-15,1,0,1,0.6396899223,1,0,0,0,0,0,-1,0.5,0,0,1000000000,0,0,1,0,0,0,0,0,0,0,0,0,-11.50734899,-11.29526933,1,0,0,0,0
4482,1789388699981724763,41599034265016,-3.75382217e-15,1,0,1,0.6396899223,1,0,0,0,0,0,-1,0.5,0,0,1000000000,0,0,1,0,0,0,0,0,0,0,0,0,-11.50734899,-11.29526933,1,0,0,0,0
4483,1789388699991773427,41599044313659,-3.75382217e-15,1,0,1,0.6396899223,1,0,0,0,0,0,-1,0.5,0,0,1000000000,0,0,1,0,0,0,0,0,0,0,0,0,-11.50734899,-11.29526933,1,0,0,0,0
4484,1789388700001707614,41599054247883,-3.75382217e-15,1,0,1,0.6396899223,1,0,0,0,0,0,-1,0.5,0,0,1000000000,0,0,1,0,0,0,0,0,0,0,0,0,-11.50734899,-11.29526933,1,0,0,0,0
4485,1789388700011705399,41599064245671,-3.75382217e-15,1,0,1,0.6396899223,1,0,0,0,0,0,-1,0.5,0,0,1000000000,0,0,1,0,0,0,0,0,0,0,0,0,-11.50734899,-11.29526933,1,0,0,0,0
4486,1789388700021699798,41599074240067,-3.75382217e-15,1,0,1,0.6396899223,1,0,0,0,0,0,-1,0.5,0,0,1000000000,0,0,1,0,0,0,0,0,0,0,0,0,-11.50734899,-11.29526933,1,0,0,0,0
4487,1789388700031702240,41599084242514,-3.75382217e-15,1,0,1,0.6353417635,1,0,0,0,0,0,-1,0.5,0,0,1000000000,0,0,1,0,0,0,0,0,0,0,0,0,-11.50734899,-11.29526933,1,0,0,0,0
4488,1789388700041702149,41599094242330,-3.75382217e-15,1,0,1,0.6353417635,1,0,0,0,0,0,-1,0.5,0,0,1000000000,0,0,1,0,0,0,0,0,0,0,0,0,-11.50734899,-11.29526933,1,0,0,0,0
4489,1789388700051706286,41599104246554,-3.75382217e-15,1,0,1,0.6353417635,1,0,0,0,0,0,-1,0.5,0,0,1000000000,0,0,1,0,0,0,0,0,0,0,0,0,-11.50734899,-11.29526933,1,0,0,0,0
4490,1789388700061702043,41599114242234,-3.75382217e-15,1,0,1,0.6353417635,1,0,0,0,0,0,-1,0.5,0,0,1000000000,0,0,1,0,0,0,0,0,0,0,0,0,-11.50734899,-11.29526933,1,0,0,0,0
4491,1789388700071706726,41599124246917,-3.75382217e-15,1,0,1,0.6353417635,1,0,0,0,0,0,-1,0.5,0,0,1000000000,0,0,1,0,0,0,0,0,0,0,0,0,-11.50734899,-11.29526933,1,0,0,0,0
4492,1789388700081702226,41599134242493,-3.75382217e-15,1,0,1,0.6353417635,1,0,0,0,0,0,-1,0.5,0,0,1000000000,0,0,1,0,0,0,0,0,0,0,0,0,-11.50734899,-11.29526933,1,0,0,0,0
4493,1789388700091698322,41599144238481,-3.75382217e-15,1,0,1,0.6353417635,1,0,0,0,0,0,-1,0.5,0,0,1000000000,0,0,1,0,0,0,0,0,0,0,0,0,-11.50734899,-11.29526933,1,0,0,0,0
4494,1789388700101700341,41599154240609,-3.75382217e-15,1,0,1,0.6353417635,1,0,0,0,0,0,-1,0.5,0,0,1000000000,0,0,1,0,0,0,0,0,0,0,0,0,-11.50734899,-11.29526933,1,0,0,0,0
4495,1789388700111691815,41599164232087,-3.75382217e-15,1,0,1,0.6353417635,1,0,0,0,0,0,-1,0.5,0,0,1000000000,0,0,1,0,0,0,0,0,0,0,0,0,-11.50734899,-11.29526933,1,0,0,0,0
4496,1789388700121700606,41599174240873,-3.75382217e-15,1,0,1,0.6353417635,1,0,0,0,0,0,-1,0.5,0,0,1000000000,0,0,1,0,0,0,0,0,0,0,0,0,-11.50734899,-11.29526933,1,0,0,0,0
4497,1789388700131695173,41599184235435,-3.75382217e-15,1,0,1,0.6350314617,1,0,0,0,0,0,-1,0.5,0,0,1000000000,0,0,1,0,0,0,0,0,0,0,0,0,-11.50734899,-11.29526933,1,0,0,0,0
4498,1789388700141700117,41599194240393,-3.75382217e-15,1,0,1,0.6350314617,1,0,0,0,0,0,-1,0.5,0,0,1000000000,0,0,1,0,0,0,0,0,0,0,0,0,-11.50734899,-11.29526933,1,0,0,0,0
4499,1789388700151695269,41599204235523,-3.75382217e-15,1,0,1,0.6350314617,1,0,0,0,0,0,-1,0.5,0,0,1000000000,0,0,1,0,0,0,0,0,0,0,0,0,-11.50734899,-11.29526933,1,0,0,0,0
4500,1789388700161702373,41599214242542,-3.75382217e-15,1,0,1,0.6350314617,1,0,0,0,0,0,-1,0.5,0,0,1000000000,0,0,1,0,0,0,0,0,0,0,0,0,-11.50734899,-11.29526933,1,0,0,0,0
4501,1789388700171684519,41599224224693,-3.75382217e-15,1,0,1,0.6350314617,1,0,0,0,0,0,-1,0.5,0,0,1000000000,0,0,1,0,0,0,0,0,0,0,0,0,-11.50734899,-11.29526933,1,0,0,0,0
4502,1789388700181739614,41599234279756,-3.75382217e-15,1,0,1,0.6350314617,1,0,0,0,0,0,-1,0.5,0,0,1000000000,0,0,1,0,0,0,0,0,0,0,0,0,-11.50734899,-11.29526933,1,0,0,0,0
4503,1789388700191736229,41599244276483,-3.75382217e-15,1,0,1,0.6350314617,1,0,0,0,0,0,-1,0.5,0,0,1000000000,0,0,1,0,0,0,0,0,0,0,0,0,-11.50734899,-11.29526933,1,0,0,0,0
4504,1789388700201715967,41599254256232,-3.75382217e-15,1,0,1,0.6350314617,1,0,0,0,0,0,-1,0.5,0,0,1000000000,0,0,1,0,0,0,0,0,0,0,0,0,-11.50734899,-11.29526933,1,0,0,0,0
4505,1789388700211694486,41599264234757,-3.75382217e-15,1,0,1,0.6350314617,1,0,0,0,0,0,-1,0.5,0,0,1000000000,0,0,1,0,0,0,0,0,0,0,0,0,-11.50734899,-11.29526933,1,0,0,0,0
4506,1789388700221696454,41599274236727,-3.75382217e-15,1,0,1,0.6350314617,1,0,0,0,0,0,-1,0.5,0,0,1000000000,0,0,1,0,0,0,0,0,0,0,0,0,-11.50734899,-11.29526933,1,0,0,0,0
4507,1789388700231720964,41599284261233,-3.75382217e-15,1,0,1,0.6350314617,1,0,0,0,0,0,-1,0.5,0,0,1000000000,0,0,1,0,0,0,0,0,0,0,0,0,-11.50734899,-11.29526933,1,0,0,0,0
4508,1789388700241910658,41599294450930,-3.75382217e-15,1,0,1,0.639308691,1,0,0,0,0,0,-1,0.5,0,0,1000000000,0,0,1,0,0,0,0,0,0,0,0,0,-11.50734899,-11.29526933,1,0,0,0,0
4509,1789388700251712619,41599304252892,-3.75382217e-15,1,0,1,0.639308691,1,0,0,0,0,0,-1,0.5,0,0,1000000000,0,0,1,0,0,0,0,0,0,0,0,0,-11.50734899,-11.29526933,1,0,0,0,0
4510,1789388700261722080,41599314262339,-3.75382217e-15,1,0,1,0.639308691,1,0,0,0,0,0,-1,0.5,0,0,1000000000,0,0,1,0,0,0,0,0,0,0,0,0,-11.50734899,-11.29526933,1,0,0,0,0
4511,1789388700271729148,41599324269417,-3.75382217e-15,1,0,1,0.639308691,1,0,0,0,0,0,-1,0.5,0,0,1000000000,0,0,1,0,0,0,0,0,0,0,0,0,-11.50734899,-11.29526933,1,0,0,0,0
4512,1789388700281722388,41599334262629,-3.75382217e-15,1,0,1,0.639308691,1,0,0,0,0,0,-1,0.5,0,0,1000000000,0,0,1,0,0,0,0,0,0,0,0,0,-11.50734899,-11.29526933,1,0,0,0,0
4513,1789388700291717708,41599344257969,-3.75382217e-15,1,0,1,0.639308691,1,0,0,0,0,0,-1,0.5,0,0,1000000000,0,0,1,0,0,0,0,0,0,0,0,0,-11.50734899,-11.29526933,1,0,0,0,0
4514,1789388700301723636,41599354263881,-3.75382217e-15,1,0,1,0.639308691,1,0,0,0,0,0,-1,0.5,0,0,1000000000,0,0,1,0,0,0,0,0,0,0,0,0,-11.50734899,-11.29526933,1,0,0,0,0
4515,1789388700311716668,41599364256921,-3.75382217e-15,1,0,1,0.639308691,1,0,0,0,0,0,-1,0.5,0,0,1000000000,0,0,1,0,0,0,0,0,0,0,0,0,-11.50734899,-11.29526933,1,0,0,0,0
4516,1789388700321718343,41599374258600,-3.75382217e-15,1,0,1,0.639308691,1,0,0,0,0,0,-1,0.5,0,0,1000000000,0,0,1,0,0,0,0,0,0,0,0,0,-11.50734899,-11.29526933,1,0,0,0,0
4517,1789388700331713360,41599384253628,-3.75382217e-15,1,0,1,0.6410342455,1,0,0,0,0,0,-1,0.5,0,0,1000000000,0,0,1,0,0,0,0,0,0,0,0,0,-11.50734899,-11.29526933,1,0,0,0,0
4518,1789388700341703079,41599394243346,-3.75382217e-15,1,0,1,0.6410342455,1,0,0,0,0,0,-1,0.5,0,0,1000000000,0,0,1,0,0,0,0,0,0,0,0,0,-11.50734899,-11.29526933,1,0,0,0,0
4519,1789388700351693289,41599404233560,-3.75382217e-15,1,0,1,0.6410342455,1,0,0,0,0,0,-1,0.5,0,0,1000000000,0,0,1,0,0,0,0,0,0,0,0,0,-11.50734899,-11.29526933,1,0,0,0,0
4520,1789388700361696552,41599414236832,-3.75382217e-15,1,0,1,0.6410342455,1,0,0,0,0,0,-1,0.5,0,0,1000000000,0,0,1,0,0,0,0,0,0,0,0,0,-11.50734899,-11.29526933,1,0,0,0,0
4521,1789388700371718383,41599424258652,-3.75382217e-15,1,0,1,0.6410342455,1,0,0,0,0,0,-1,0.5,0,0,1000000000,0,0,1,0,0,0,0,0,0,0,0,0,-11.50734899,-11.29526933,1,0,0,0,0
4522,1789388700381755581,41599434295829,-3.75382217e-15,1,0,1,0.6410342455,1,0,0,0,0,0,-1,0.5,0,0,1000000000,0,0,1,0,0,0,0,0,0,0,0,0,-11.50734899,-11.29526933,1,0,0,0,0
4523,1789388700391712200,41599444252464,-3.75382217e-15,1,0,1,0.6410342455,1,0,0,0,0,0,-1,0.5,0,0,1000000000,0,0,1,0,0,0,0,0,0,0,0,0,-11.50734899,-11.29526933,1,0,0,0,0
4524,1789388700401706031,41599454246295,-3.75382217e-15,1,0,1,0.6410342455,1,0,0,0,0,0,-1,0.5,0,0,1000000000,0,0,1,0,0,0,0,0,0,0,0,0,-11.50734899,-11.29526933,1,0,0,0,0
4525,1789388700412352613,41599464892883,-3.75382217e-15,1,0,1,0.6410342455,1,0,0,0,0,0,-1,0.5,0,0,1000000000,0,0,1,0,0,0,0,0,0,0,0,0,-11.50734899,-11.29526933,1,0,0,0,0
4526,1789388700421699181,41599474239368,-3.75382217e-15,1,0,1,0.6410342455,1,0,0,0,0,0,-1,0.5,0,0,1000000000,0,0,1,0,0,0,0,0,0,0,0,0,-11.50734899,-11.29526933,1,0,0,0,0
4527,1789388700431703204,41599484243476,-3.75382217e-15,1,0,1,0.6334149241,1,0,0,0,0,0,-1,0.5,0,0,1000000000,0,0,1,0,0,0,0,0,0,0,0,0,-11.50734899,-11.29526933,1,0,0,0,0
4528,1789388700441704024,41599494244295,-3.75382217e-15,1,0,1,0.6334149241,1,0,0,0,0,0,-1,0.5,0,0,1000000000,0,0,1,0,0,0,0,0,0,0,0,0,-11.50734899,-11.29526933,1,0,0,0,0
4529,1789388700451718232,41599504258466,-3.75382217e-15,1,0,1,0.6334149241,1,0,0,0,0,0,-1,0.5,0,0,1000000000,0,0,1,0,0,0,0,0,0,0,0,0,-11.50734899,-11.29526933,1,0,0,0,0
4530,1789388700461705719,41599514245994,-3.75382217e-15,1,0,1,0.6334149241,1,0,0,0,0,0,-1,0.5,0,0,1000000000,0,0,1,0,0,0,0,0,0,0,0,0,-11.50734899,-11.29526933,1,0,0,0,0
4531,1789388700471728355,41599524268626,-3.75382217e-15,1,0,1,0.6334149241,1,0,0,0,0,0,-1,0.5,0,0,1000000000,0,0,1,0,0,0,0,0,0,0,0,0,-11.50734899,-11.29526933,1,0,0,0,0
4532,1789388700481717720,41599534257987,-3.75382217e-15,1,0,1,0.6334149241,1,0,0,0,0,0,-1,0.5,0,0,1000000000,0,0,1,0,0,0,0,0,0,0,0,0,-11.50734899,-11.29526933,1,0,0,0,0
4533,1789388700491699061,41599544239329,-3.75382217e-15,1,0,1,0.6334149241,1,0,0,0,0,0,-1,0.5,0,0,1000000000,0,0,1,0,0,0,0,0,0,0,0,0,-11.50734899,-11.29526933,1,0,0,0,0
4534,1789388700501689988,41599554230258,-3.75382217e-15,1,0,1,0.6334149241,1,0,0,0,0,0,-1,0.5,0,0,1000000000,0,0,1,0,0,0,0,0,0,0,0,0,-11.50734899,-11.29526933,1,0,0,0,0
4535,1789388700511695371,41599564235638,-3.75382217e-15,1,0,1,0.6334149241,1,0,0,0,0,0,-1,0.5,0,0,1000000000,0,0,1,0,0,0,0,0,0,0,0,0,-11.50734899,-11.29526933,1,0,0,0,0
4536,1789388700521701395,41599574241649,-3.75382217e-15,1,0,1,0.6334149241,1,0,0,0,0,0,-1,0.5,0,0,1000000000,0,0,1,0,0,0,0,0,0,0,0,0,-11.50734899,-11.29526933,1,0,0,0,0
4537,1789388700531706331,41599584246606,-3.75382217e-15,1,0,1,0.7106868029,1,0,0,0,0,0,-1,0.5,0,0,1000000000,0,0,1,0,0,0,0,0,0,0,0,0,-11.50734899,-11.29526933,1,0,0,0,0
4538,1789388700541701780,41599594242053,-3.75382217e-15,1,0,1,0.7106868029,1,0,0,0,0,0,-1,0.5,0,0,1000000000,0,0,1,0,0,0,0,0,0,0,0,0,-11.50734899,-11.29526933,1,0,0,0,0
4539,1789388700551690349,41599604230621,-3.75382217e-15,1,0,1,0.7106868029,1,0,0,0,0,0,-1,0.5,0,0,1000000000,0,0,1,0,0,0,0,0,0,0,0,0,-11.50734899,-11.29526933,1,0,0,0,0
4540,1789388700561697079,41599614237349,-3.75382217e-15,1,0,1,0.7106868029,1,0,0,0,0,0,-1,0.5,0,0,1000000000,0,0,1,0,0,0,0,0,0,0,0,0,-11.50734899,-11.29526933,1,0,0,0,0
4541,1789388700571704410,41599624244680,-3.75382217e-15,1,0,1,0.7106868029,1,0,0,0,0,0,-1,0.5,0,0,1000000000,0,0,1,0,0,0,0,0,0,0,0,0,-11.50734899,-11.29526933,1,0,0,0,0
4542,1789388700581761943,41599634302211,-3.75382217e-15,1,0,1,0.7106868029,1,0,0,0,0,0,-1,0.5,0,0,1000000000,0,0,1,0,0,0,0,0,0,0,0,0,-11.50734899,-11.29526933,1,0,0,0,0
4543,1789388700591839370,41599644379634,-3.75382217e-15,1,0,1,0.7106868029,1,0,0,0,0,0,-1,0.5,0,0,1000000000,0,0,1,0,0,0,0,0,0,0,0,0,-11.50734899,-11.29526933,1,0,0,0,0
4544,1789388700601704834,41599654245098,-3.75382217e-15,1,0,1,0.7106868029,1,0,0,0,0,0,-1,0.5,0,0,1000000000,0,0,1,0,0,0,0,0,0,0,0,0,-11.50734899,-11.29526933,1,0,0,0,0
4545,1789388700611877741,41599664417977,-3.75382217e-15,1,0,1,0.7106868029,1,0,0,0,0,0,-1,0.5,0,0,1000000000,0,0,1,0,0,0,0,0,0,0,0,0,-11.50734899,-11.29526933,1,0,0,0,0
4546,1789388700621720455,41599674260720,-3.75382217e-15,1,0,1,0.7106868029,1,0,0,0,0,0,-1,0.5,0,0,1000000000,0,0,1,0,0,0,0,0,0,0,0,0,-11.50734899,-11.29526933,1,0,0,0,0
4547,1789388700631725245,41599684265511,-3.75382217e-15,1,0,1,0.640419662,1,0,0,0,0,0,-1,0.5,0,0,1000000000,0,0,1,0,0,0,0,0,0,0,0,0,-11.50734899,-11.29526933,1,0,0,0,0
4548,1789388700641733360,41599694273622,-3.75382217e-15,1,0,1,0.640419662,1,0,0,0,0,0,-1,0.5,0,0,1000000000,0,0,1,0,0,0,0,0,0,0,0,0,-11.50734899,-11.29526933,1,0,0,0,0
4549,1789388700651710697,41599704250965,-3.75382217e-15,1,0,1,0.640419662,1,0,0,0,0,0,-1,0.5,0,0,1000000000,0,0,1,0,0,0,0,0,0,0,0,0,-11.50734899,-11.29526933,1,0,0,0,0
4550,1789388700661719420,41599714259594,-3.75382217e-15,1,0,1,0.640419662,1,0,0,0,0,0,-1,0.5,0,0,1000000000,0,0,1,0,0,0,0,0,0,0,0,0,-11.50734899,-11.29526933,1,0,0,0,0
4551,1789388700671714038,41599724254208,-3.75382217e-15,1,0,1,0.640419662,1,0,0,0,0,0,-1,0.5,0,0,1000000000,0,0,1,0,0,0,0,0,0,0,0,0,-11.50734899,-11.29526933,1,0,0,0,0
4552,1789388700681725503,41599734265764,-3.75382217e-15,1,0,1,0.640419662,1,0,0,0,0,0,-1,0.5,0,0,1000000000,0,0,1,0,0,0,0,0,0,0,0,0,-11.50734899,-11.29526933,1,0,0,0,0
4553,1789388700691728666,41599744268910,-3.75382217e-15,1,0,1,0.640419662,1,0,0,0,0,0,-1,0.5,0,0,1000000000,0,0,1,0,0,0,0,0,0,0,0,0,-11.50734899,-11.29526933,1,0,0,0,0
4554,1789388700701711817,41599754252062,-3.75382217e-15,1,0,1,0.640419662,1,0,0,0,0,0,-1,0.5,0,0,1000000000,0,0,1,0,0,0,0,0,0,0,0,0,-11.50734899,-11.29526933,1,0,0,0,0
4555,1789388700711714532,41599764254789,-3.75382217e-15,1,0,1,0.640419662,1,0,0,0,0,0,-1,0.5,0,0,1000000000,0,0,1,0,0,0,0,0,0,0,0,0,-11.50734899,-11.29526933,1,0,0,0,0
4556,1789388700721723063,41599774263324,-3.75382217e-15,1,0,1,0.640419662,1,0,0,0,0,0,-1,0.5,0,0,1000000000,0,0,1,0,0,0,0,0,0,0,0,0,-11.50734899,-11.29526933,1,0,0,0,0
4557,1789388700731713164,41599784253432,-3.75382217e-15,1,0,1,0.7148413658,1,0,0,0,0,0,-1,0.5,0,0,1000000000,0,0,1,0,0,0,0,0,0,0,0,0,-11.50734899,-11.29526933,1,0,0,0,0
4558,1789388700741746571,41599794286841,-3.75382217e-15,1,0,1,0.7148413658,1,0,0,0,0,0,-1,0.5,0,0,1000000000,0,0,1,0,0,0,0,0,0,0,0,0,-11.50734899,-11.29526933,1,0,0,0,0
4559,1789388700751743889,41599804284071,-3.75382217e-15,1,0,1,0.7148413658,1,0,0,0,0,0,-1,0.5,0,0,1000000000,0,0,1,0,0,0,0,0,0,0,0,0,-11.50734899,-11.29526933,1,0,0,0,0
4560,1789388700761733097,41599814273337,-3.75382217e-15,1,0,1,0.7148413658,1,0,0,0,0,0,-1,0.5,0,0,1000000000,0,0,1,0,0,0,0,0,0,0,0,0,-11.50734899,-11.29526933,1,0,0,0,0
4561,1789388700771764031,41599824304303,-3.75382217e-15,1,0,1,0.7148413658,1,0,0,0,0,0,-1,0.5,0,0,1000000000,0,0,1,0,0,0,0,0,0,0,0,0,-11.50734899,-11.29526933,1,0,0,0,0
4562,1789388700781729593,41599834269812,-3.75382217e-15,1,0,1,0.7148413658,1,0,0,0,0,0,-1,0.5,0,0,1000000000,0,0,1,0,0,0,0,0,0,0,0,0,-11.50734899,-11.29526933,1,0,0,0,0
4563,1789388700791727410,41599844267636,-3.75382217e-15,1,0,1,0.7148413658,1,0,0,0,0,0,-1,0.5,0,0,1000000000,0,0,1,0,0,0,0,0,0,0,0,0,-11.50734899,-11.29526933,1,0,0,0,0
4564,1789388700801725432,41599854265666,-3.75382217e-15,1,0,1,0.7148413658,1,0,0,0,0,0,-1,0.5,0,0,1000000000,0,0,1,0,0,0,0,0,0,0,0,0,-11.50734899,-11.29526933,1,0,0,0,0
4565,1789388700811723042,41599864263299,-3.75382217e-15,1,0,1,0.7148413658,1,0,0,0,0,0,-1,0.5,0,0,1000000000,0,0,1,0,0,0,0,0,0,0,0,0,-11.50734899,-11.29526933,1,0,0,0,0
4566,1789388700821721038,41599874261305,-3.75382217e-15,1,0,1,0.7148413658,1,0,0,0,0,0,-1,0.5,0,0,1000000000,0,0,1,0,0,0,0,0,0,0,0,0,-11.50734899,-11.29526933,1,0,0,0,0
4567,1789388700831719606,41599884259770,-3.75382217e-15,1,0,1,0.7169063687,1,0,0,0,0,0,-1,0.5,0,0,1000000000,0,0,1,0,0,0,0,0,0,0,0,0,-11.50734899,-11.29526933,1,0,0,0,0
4568,1789388700841718845,41599894259110,-3.75382217e-15,1,0,1,0.7169063687,1,0,0,0,0,0,-1,0.5,0,0,1000000000,0,0,1,0,0,0,0,0,0,0,0,0,-11.50734899,-11.29526933,1,0,0,0,0
4569,1789388700851764971,41599904305238,-3.75382217e-15,1,0,1,0.7169063687,1,0,0,0,0,0,-1,0.5,0,0,1000000000,0,0,1,0,0,0,0,0,0,0,0,0,-11.50734899,-11.29526933,1,0,0,0,0
4570,1789388700861709183,41599914249446,-3.75382217e-15,1,0,1,0.7169063687,1,0,0,0,0,0,-1,0.5,0,0,1000000000,0,0,1,0,0,0,0,0,0,0,0,0,-11.50734899,-11.29526933,1,0,0,0,0
4571,1789388700871775722,41599924315987,-3.75382217e-15,1,0,1,0.7169063687,1,0,0,0,0,0,-1,0.5,0,0,1000000000,0,0,1,0,0,0,0,0,0,0,0,0,-11.50734899,-11.29526933,1,0,0,0,0
4572,1789388700881753706,41599934293967,-3.75382217e-15,1,0,1,0.7169063687,1,0,0,0,0,0,-1,0.5,0,0,1000000000,0,0,1,0,0,0,0,0,0,0,0,0,-11.50734899,-11.29526933,1,0,0,0,0
4573,1789388700891726839,41599944267095,-3.75382217e-15,1,0,1,0.7169063687,1,0,0,0,0,0,-1,0.5,0,0,1000000000,0,0,1,0,0,0,0,0,0,0,0,0,-11.50734899,-11.29526933,1,0,0,0,0
4574,1789388700901738578,41599954278813,-3.75382217e-15,1,0,1,0.7169063687,1,0,0,0,0,0,-1,0.5,0,0,1000000000,0,0,1,0,0,0,0,0,0,0,0,0,-11.50734899,-11.29526933,1,0,0,0,0
4575,1789388700911717690,41599964257927,-3.75382217e-15,1,0,1,0.7169063687,1,0,0,0,0,0,-1,0.5,0,0,1000000000,0,0,1,0,0,0,0,0,0,0,0,0,-11.50734899,-11.29526933,1,0,0,0,0
4576,1789388700921707815,41599974248072,-3.75382217e-15,1,0,1,0.7169063687,1,0,0,0,0,0,-1,0.5,0,0,1000000000,0,0,1,0,0,0,0,0,0,0,0,0,-11.50734899,-11.29526933,1,0,0,0,0
4577,1789388700931721369,41599984261610,-3.75382217e-15,1,0,1,0.7169063687,1,0,0,0,0,0,-1,0.5,0,0,1000000000,0,0,1,0,0,0,0,0,0,0,0,0,-11.50734899,-11.29526933,1,0,0,0,0
4578,1789388700941753744,41599994294006,-3.75382217e-15,1,0,1,0.6357927918,1,0,0,0,0,0,-1,0.5,0,0,1000000000,0,0,1,0,0,0,0,0,0,0,0,0,-11.50734899,-11.29526933,1,0,0,0,0
4579,1789388700951716493,41600004256757,-3.75382217e-15,1,0,1,0.6357927918,1,0,0,0,0,0,-1,0.5,0,0,1000000000,0,0,1,0,0,0,0,0,0,0,0,0,-11.50734899,-11.29526933,1,0,0,0,0
4580,1789388700961713166,41600014253429,-3.75382217e-15,1,0,1,0.6357927918,1,0,0,0,0,0,-1,0.5,0,0,1000000000,0,0,1,0,0,0,0,0,0,0,0,0,-11.50734899,-11.29526933,1,0,0,0,0
4581,1789388700971767042,41600024307287,-3.75382217e-15,1,0,1,0.6357927918,1,0,0,0,0,0,-1,0.5,0,0,1000000000,0,0,1,0,0,0,0,0,0,0,0,0,-11.50734899,-11.29526933,1,0,0,0,0
4582,1789388700981735900,41600034276132,-3.75382217e-15,1,0,1,0.6357927918,1,0,0,0,0,0,-1,0.5,0,0,1000000000,0,0,1,0,0,0,0,0,0,0,0,0,-11.50734899,-11.29526933,1,0,0,0,0
4583,1789388700991734967,41600044275210,-3.75382217e-15,1,0,1,0.6357927918,1,0,0,0,0,0,-1,0.5,0,0,1000000000,0,0,1,0,0,0,0,0,0,0,0,0,-11.50734899,-11.29526933,1,0,0,0,0
4584,1789388701001729597,41600054269839,-3.75382217e-15,1,0,1,0.6357927918,1,0,0,0,0,0,-1,0.5,0,0,1000000000,0,0,1,0,0,0,0,0,0,0,0,0,-11.50734899,-11.29526933,1,0,0,0,0
4585,1789388701011721293,41600064261540,-3.75382217e-15,1,0,1,0.6357927918,1,0,0,0,0,0,-1,0.5,0,0,1000000000,0,0,1,0,0,0,0,0,0,0,0,0,-11.50734899,-11.29526933,1,0,0,0,0
4586,1789388701021726714,41600074266974,-3.75382217e-15,1,0,1,0.6357927918,1,0,0,0,0,0,-1,0.5,0,0,1000000000,0,0,1,0,0,0,0,0,0,0,0,0,-11.50734899,-11.29526933,1,0,0,0,0
4587,1789388701031719374,41600084259626,-3.75382217e-15,1,0,1,0.6370406747,1,0,0,0,0,0,-1,0.5,0,0,1000000000,0,0,1,0,0,0,0,0,0,0,0,0,-11.50734899,-11.29526933,1,0,0,0,0
4588,1789388701041720585,41600094260834,-3.75382217e-15,1,0,1,0.6370406747,1,0,0,0,0,0,-1,0.5,0,0,1000000000,0,0,1,0,0,0,0,0,0,0,0,0,-11.50734899,-11.29526933,1,0,0,0,0
4589,1789388701051710401,41600104250669,-3.75382217e-15,1,0,1,0.6370406747,1,0,0,0,0,0,-1,0.5,0,0,1000000000,0,0,1,0,0,0,0,0,0,0,0,0,-11.50734899,-11.29526933,1,0,0,0,0
4590,1789388701061715709,41600114255978,-3.75382217e-15,1,0,1,0.6370406747,1,0,0,0,0,0,-1,0.5,0,0,1000000000,0,0,1,0,0,0,0,0,0,0,0,0,-11.50734899,-11.29526933,1,0,0,0,0
4591,1789388701071831290,41600124371558,-3.75382217e-15,1,0,1,0.6370406747,1,0,0,0,0,0,-1,0.5,0,0,1000000000,0,0,1,0,0,0,0,0,0,0,0,0,-11.50734899,-11.29526933,1,0,0,0,0
4592,1789388701081942147,41600134482404,-3.75382217e-15,1,0,1,0.6370406747,1,0,1,0,0,0,-1,0.5,1,0,1000000000,0,0,1,0,0,0,0,0,0,0,0,0,-11.50734899,-11.29526933,1,0,0,0,0
4593,1789388701091731932,41600144272174,-3.75382217e-15,1,0,1,0.6370406747,1,0,0,0,0,0,-1,0.5,1,0,1000000000,0,0,1,0,0,0,0,0,0,0,0,0,-11.50734899,-11.29526933,1,0,0,0,0
4594,1789388701101741364,41600154281621,-3.75382217e-15,1,0,1,0.6370406747,1,0,0,0,0,0,-1,0.5,1,0,1000000000,0,0,1,0,0,0,0,0,0,0,0,0,-11.50734899,-11.29526933,1,0,0,0,0
4595,1789388701111717883,41600164258124,-3.75382217e-15,1,0,1,0.6370406747,1,0,0,0,0,0,-1,0.5,1,0,1000000000,0,0,1,0,0,0,0,0,0,0,0,0,-11.50734899,-11.29526933,1,0,0,0,0
4596,1789388701121750369,41600174290621,-3.75382217e-15,1,0,1,0.6370406747,1,0,0,0,0,0,-1,0.5,1,0,1000000000,0,0,1,0,0,0,0,0,0,0,0,0,-11.50734899,-11.29526933,1,0,0,0,0
4597,1789388701131711243,41600184251503,-3.75382217e-15,1,0,1,0.6370406747,1,0,0,0,0,0,-1,0.5,1,0,1000000000,0,0,1,0,0,0,0,0,0,0,0,0,-11.50734899,-11.29526933,1,0,0,0,0
4598,1789388701141720753,41600194261022,-3.75382217e-15,1,0,1,0.7135592103,1,0,0,0,0,0,-1,0.5,1,0,1000000000,0,0,1,0,0,0,0,0,0,0,0,0,-11.50734899,-11.29526933,1,0,0,0,0
4599,1789388701151710317,41600204250566,-3.75382217e-15,1,0,1,0.7135592103,1,0,0,0,0,0,-1,0.5,1,0,1000000000,0,0,1,0,0,0,0,0,0,0,0,0,-11.50734899,-11.29526933,1,0,0,0,0
4600,1789388701161714146,41600214254379,-3.75382217e-15,1,0,1,0.7135592103,1,0,0,0,0,0,-1,0.5,1,0,1000000000,0,0,1,0,0,0,0,0,0,0,0,0,-11.50734899,-11.29526933,1,0,0,0,0
4601,1789388701171726918,41600224267180,-3.75382217e-15,1,0,1,0.7135592103,1,0,0,0,0,0,-1,0.5,1,0,1000000000,0,0,1,0,0,0,0,0,0,0,0,0,-11.50734899,-11.29526933,1,0,0,0,0
4602,1789388701181703630,41600234243903,-3.75382217e-15,1,0,1,0.7135592103,1,0,0,0,0,0,-1,0.5,1,0,1000000000,0,0,1,0,0,0,0,0,0,0,0,0,-11.50734899,-11.29526933,1,0,0,0,0
4603,1789388701191699124,41600244239391,-3.75382217e-15,1,0,1,0.7135592103,1,0,0,0,0,0,-1,0.5,1,0,1000000000,0,0,1,0,0,0,0,0,0,0,0,0,-11.50734899,-11.29526933,1,0,0,0,0
4604,1789388701201997957,41600254538225,-3.75382217e-15,1,0,1,0.7135592103,1,0,0,0,0,0,-1,0.5,1,0,1000000000,0,0,1,0,0,0,0,0,0,0,0,0,-11.50734899,-11.29526933,1,0,0,0,0
4605,1789388701211754337,41600264294590,-3.75382217e-15,1,0,1,0.7135592103,1,0,0,0,0,0,-1,0.5,1,0,1000000000,0,0,1,0,0,0,0,0,0,0,0,0,-11.50734899,-11.29526933,1,0,0,0,0
4606,1789388701221705452,41600274245619,-3.75382217e-15,1,0,1,0.7135592103,1,0,0,0,0,0,-1,0.5,1,0,1000000000,0,0,1,0,0,0,0,0,0,0,0,0,-11.50734899,-11.29526933,1,0,0,0,0
4607,1789388701231785924,41600284326190,-3.75382217e-15,1,0,1,0.6383554339,1,0,0,0,0,0,-1,0.5,1,0,1000000000,0,0,1,0,0,0,0,0,0,0,0,0,-11.50734899,-11.29526933,1,0,0,0,0
4608,1789388701241698477,41600294238751,-3.75382217e-15,1,0,1,0.6383554339,1,0,0,0,0,0,-1,0.5,1,0,1000000000,0,0,1,0,0,0,0,0,0,0,0,0,-11.50734899,-11.29526933,1,0,0,0,0
4609,1789388701251708802,41600304249074,-3.75382217e-15,1,0,1,0.6383554339,1,0,0,0,0,0,-1,0.5,1,0,1000000000,0,0,1,0,0,0,0,0,0,0,0,0,-11.50734899,-11.29526933,1,0,0,0,0
4610,1789388701261700895,41600314241163,-3.75382217e-15,1,0,1,0.6383554339,1,0,0,0,0,0,-1,0.5,1,0,1000000000,0,0,1,0,0,0,0,0,0,0,0,0,-11.50734899,-11.29526933,1,0,0,0,0
4611,1789388701271705224,41600324245386,-3.75382217e-15,1,0,1,0.6383554339,1,0,0,0,0,0,-1,0.5,1,0,1000000000,0,0,1,0,0,0,0,0,0,0,0,0,-11.50734899,-11.29526933,1,0,0,0,0
4612,1789388701281714712,41600334254892,-3.75382217e-15,1,0,1,0.6383554339,1,0,0,0,0,0,-1,0.5,1,0,1000000000,0,0,1,0,0,0,0,0,0,0,0,0,-11.50734899,-11.29526933,1,0,0,0,0
4613,1789388701291699077,41600344239341,-3.75382217e-15,1,0,1,0.6383554339,1,0,0,0,0,0,-1,0.5,1,0,1000000000,0,0,1,0,0,0,0,0,0,0,0,0,-11.50734899,-11.29526933,1,0,0,0,0
4614,1789388701301696533,41600354236800,-3.75382217e-15,1,0,1,0.6383554339,1,0,0,0,0,0,-1,0.5,1,0,1000000000,0,0,1,0,0,0,0,0,0,0,0,0,-11.50734899,-11.29526933,1,0,0,0,0
4615,1789388701311750719,41600364290976,-3.75382217e-15,1,0,1,0.6383554339,1,0,0,0,0,0,-1,0.5,1,0,1000000000,0,0,1,0,0,0,0,0,0,0,0,0,-11.50734899,-11.29526933,1,0,0,0,0
4616,1789388701321711654,41600374251842,-3.75382217e-15,1,0,1,0.6383554339,1,0,0,0,0,0,-1,0.5,1,0,1000000000,0,0,1,0,0,0,0,0,0,0,0,0,-11.50734899,-11.29526933,1,0,0,0,0
4617,1789388701331777432,41600384317672,-3.75382217e-15,1,0,1,0.6425230503,1,0,0,0,0,0,-1,0.5,1,0,1000000000,0,0,1,0,0,0,0,0,0,0,0,0,-11.50734899,-11.29526933,1,0,0,0,0
4618,1789388701341764731,41600394305004,-3.75382217e-15,1,0,1,0.6425230503,1,0,0,0,0,0,-1,0.5,1,0,1000000000,0,0,1,0,0,0,0,0,0,0,0,0,-11.50734899,-11.29526933,1,0,0,0,0
4619,1789388701351758356,41600404298623,-3.75382217e-15,1,0,1,0.6425230503,1,0,0,0,0,0,-1,0.5,1,0,1000000000,0,0,1,0,0,0,0,0,0,0,0,0,-11.50734899,-11.29526933,1,0,0,0,0
4620,1789388701361742434,41600414282676,-3.75382217e-15,1,0,1,0.6425230503,1,0,0,0,0,0,-1,0.5,1,0,1000000000,0,0,1,0,0,0,0,0,0,0,0,0,-11.50734899,-11.29526933,1,0,0,0,0
4621,1789388701371849337,41600424389268,-3.75382217e-15,1,0,1,0.6425230503,1,0,0,0,0,0,-1,0.5,1,0,1000000000,0,0,1,0,0,0,0,0,0,0,0,0,-11.50734899,-11.29526933,1,0,0,0,0
4622,1789388701381727044,41600434267284,-3.75382217e-15,1,0,1,0.6425230503,1,0,0,0,0,0,-1,0.5,1,0,1000000000,0,0,1,0,0,0,0,0,0,0,0,0,-11.50734899,-11.29526933,1,0,0,0,0
4623,1789388701391730637,41600444270875,-3.75382217e-15,1,0,1,0.6425230503,1,0,0,0,0,0,-1,0.5,1,0,1000000000,0,0,1,0,0,0,0,0,0,0,0,0,-11.50734899,-11.29526933,1,0,0,0,0
4624,1789388701401788889,41600454329157,-3.75382217e-15,1,0,1,0.6425230503,1,0,0,0,0,0,-1,0.5,1,0,1000000000,0,0,1,0,0,0,0,0,0,0,0,0,-11.50734899,-11.29526933,1,0,0,0,0
4625,1789388701411697758,41600464238023,-3.75382217e-15,1,0,1,0.6425230503,1,0,0,0,0,0,-1,0.5,1,0,1000000000,0,0,1,0,0,0,0,0,0,0,0,0,-11.50734899,-11.29526933,1,0,0,0,0
4626,1789388701421790043,41600474330313,-3.75382217e-15,1,0,1,0.6425230503,1,0,0,0,0,0,-1,0.5,1,0,1000000000,0,0,1,0,0,0,0,0,0,0,0,0,-11.50734899,-11.29526933,1,0,0,0,0
4627,1789388701431706731,41600484246993,-3.75382217e-15,1,0,1,0.6425230503,1,0,0,0,0,0,-1,0.5,1,0,1000000000,0,0,1,0,0,0,0,0,0,0,0,0,-11.50734899,-11.29526933,1,0,0,0,0
4628,1789388701441771853,41600494312122,-3.75382217e-15,1,0,1,0.6388898492,1,0,0,0,0,0,-1,0.5,1,0,1000000000,0,0,1,0,0,0,0,0,0,0,0,0,-11.50734899,-11.29526933,1,0,0,0,0
4629,1789388701451696874,41600504237143,-3.75382217e-15,1,0,1,0.6388898492,1,0,0,0,0,0,-1,0.5,1,0,1000000000,0,0,1,0,0,0,0,0,0,0,0,0,-11.50734899,-11.29526933,1,0,0,0,0
4630,1789388701461697616,41600514237885,-3.75382217e-15,1,0,1,0.6388898492,1,0,0,0,0,0,-1,0.5,1,0,1000000000,0,0,1,0,0,0,0,0,0,0,0,0,-11.50734899,-11.29526933,1,0,0,0,0
4631,1789388701471709624,41600524249877,-3.75382217e-15,1,0,1,0.6388898492,1,0,0,0,0,0,-1,0.5,1,0,1000000000,0,0,1,0,0,0,0,0,0,0,0,0,-11.50734899,-11.29526933,1,0,0,0,0
4632,1789388701481714847,41600534255117,-3.75382217e-15,1,0,1,0.6388898492,1,0,0,0,0,0,-1,0.5,1,0,1000000000,0,0,1,0,0,0,0,0,0,0,0,0,-11.50734899,-11.29526933,1,0,0,0,0
4633,1789388701491727019,41600544267268,-3.75382217e-15,1,0,1,0.6388898492,1,0,0,0,0,0,-1,0.5,1,0,1000000000,0,0,1,0,0,0,0,0,0,0,0,0,-11.50734899,-11.29526933,1,0,0,0,0
4634,1789388701501718675,41600554258920,-3.75382217e-15,1,0,1,0.6388898492,1,0,0,0,0,0,-1,0.5,1,0,1000000000,0,0,1,0,0,0,0,0,0,0,0,0,-11.50734899,-11.29526933,1,0,0,0,0
4635,1789388701511738792,41600564279059,-3.75382217e-15,1,0,1,0.6388898492,1,0,0,0,0,0,-1,0.5,1,0,1000000000,0,0,1,0,0,0,0,0,0,0,0,0,-11.50734899,-11.29526933,1,0,0,0,0
4636,1789388701521724596,41600574264861,-3.75382217e-15,1,0,1,0.6388898492,1,0,0,0,0,0,-1,0.5,1,0,1000000000,0,0,1,0,0,0,0,0,0,0,0,0,-11.50734899,-11.29526933,1,0,0,0,0
4637,1789388701531714054,41600584254325,-3.75382217e-15,1,0,1,0.6381261945,1,0,0,0,0,0,-1,0.5,1,0,1000000000,0,0,1,0,0,0,0,0,0,0,0,0,-11.50734899,-11.29526933,1,0,0,0,0
4638,1789388701541732446,41600594272716,-3.75382217e-15,1,0,1,0.6381261945,1,0,0,0,0,0,-1,0.5,1,0,1000000000,0,0,1,0,0,0,0,0,0,0,0,0,-11.50734899,-11.29526933,1,0,0,0,0
4639,1789388701551720177,41600604260447,-3.75382217e-15,1,0,1,0.6381261945,1,0,0,0,0,0,-1,0.5,1,0,1000000000,0,0,1,0,0,0,0,0,0,0,0,0,-11.50734899,-11.29526933,1,0,0,0,0
4640,1789388701561717616,41600614257876,-3.75382217e-15,1,0,1,0.6381261945,1,0,0,0,0,0,-1,0.5,1,0,1000000000,0,0,1,0,0,0,0,0,0,0,0,0,-11.50734899,-11.29526933,1,0,0,0,0
4641,1789388701571756195,41600624296474,-3.75382217e-15,1,0,1,0.6381261945,1,0,0,0,0,0,-1,0.5,1,0,1000000000,0,0,1,0,0,0,0,0,0,0,0,0,-11.50734899,-11.29526933,1,0,0,0,0
4642,1789388701581717653,41600634257906,-3.75382217e-15,1,0,1,0.6381261945,1,0,0,0,0,0,-1,0.5,0,0,1000000000,0,0,1,0,0,0,0,0,0,0,0,0,-11.50734899,-11.29526933,1,0,0,0,0
4643,1789388701591727668,41600644267908,-3.75382217e-15,1,0,1,0.6381261945,1,0,0,0,0,0,-1,0.5,0,0,1000000000,0,0,1,0,0,0,0,0,0,0,0,0,-11.50734899,-11.29526933,1,0,0,0,0
4644,1789388701601725771,41600654266043,-3.75382217e-15,1,0,1,0.6381261945,1,0,0,0,0,0,-1,0.5,0,0,1000000000,0,0,1,0,0,0,0,0,0,0,0,0,-11.50734899,-11.29526933,1,0,0,0,0
4645,1789388701611728012,41600664268268,-3.75382217e-15,1,0,1,0.6381261945,1,0,0,0,0,0,-1,0.5,0,0,1000000000,0,0,1,0,0,0,0,0,0,0,0,0,-11.50734899,-11.29526933,1,0,0,0,0
4646,1789388701621716847,41600674257100,-3.75382217e-15,1,0,1,0.6381261945,1,0,0,0,0,0,-1,0.5,0,0,1000000000,0,0,1,0,0,0,0,0,0,0,0,0,-11.50734899,-11.29526933,1,0,0,0,0
4647,1789388701631714746,41600684254999,-3.75382217e-15,1,0,1,0.7150911689,1,0,0,0,0,0,-1,0.5,0,0,1000000000,0,0,1,0,0,0,0,0,0,0,0,0,-11.50734899,-11.29526933,1,0,0,0,0
4648,1789388701641728162,41600694268416,-3.75382217e-15,1,0,1,0.7150911689,1,0,0,0,0,0,-1,0.5,0,0,1000000000,0,0,1,0,0,0,0,0,0,0,0,0,-11.50734899,-11.29526933,1,0,0,0,0
4649,1789388701651722958,41600704263229,-3.75382217e-15,1,0,1,0.7150911689,1,0,0,0,0,0,-1,0.5,0,0,1000000000,0,0,1,0,0,0,0,0,0,0,0,0,-11.50734899,-11.29526933,1,0,0,0,0
4650,1789388701661697780,41600714238049,-3.75382217e-15,1,0,1,0.7150911689,1,0,0,0,0,0,-1,0.5,0,0,1000000000,0,0,1,0,0,0,0,0,0,0,0,0,-11.50734899,-11.29526933,1,0,0,0,0
4651,1789388701671707722,41600724247997,-3.75382217e-15,1,0,1,0.7150911689,1,0,0,0,0,0,-1,0.5,0,0,1000000000,0,0,1,0,0,0,0,0,0,0,0,0,-11.50734899,-11.29526933,1,0,0,0,0
4652,1789388701681697286,41600734237553,-3.75382217e-15,1,0,1,0.7150911689,1,0,0,0,0,0,-1,0.5,0,0,1000000000,0,0,1,0,0,0,0,0,0,0,0,0,-11.50734899,-11.29526933,1,0,0,0,0
4653,1789388701691696074,41600744236339,-3.75382217e-15,1,0,1,0.7150911689,1,0,0,0,0,0,-1,0.5,0,0,1000000000,0,0,1,0,0,0,0,0,0,0,0,0,-11.50734899,-11.29526933,1,0,0,0,0
4654,1789388701701696355,41600754236625,-3.75382217e-15,1,0,1,0.7150911689,1,0,0,0,0,0,-1,0.5,0,0,1000000000,0,0,1,0,0,0,0,0,0,0,0,0,-11.50734899,-11.29526933,1,0,0,0,0
4655,1789388701711749680,41600764289938,-3.75382217e-15,1,0,1,0.7150911689,1,0,0,0,0,0,-1,0.5,0,0,1000000000,0,0,1,0,0,0,0,0,0,0,0,0,-11.50734899,-11.29526933,1,0,0,0,0
4656,1789388701721718094,41600774258360,-3.75382217e-15,1,0,1,0.7150911689,1,0,0,0,0,0,-1,0.5,0,0,1000000000,0,0,1,0,0,0,0,0,0,0,0,0,-11.50734899,-11.29526933,1,0,0,0,0
4657,1789388701731715127,41600784255395,-3.75382217e-15,1,0,1,0.6367620826,1,0,0,0,0,0,-1,0.5,0,0,1000000000,0,0,1,0,0,0,0,0,0,0,0,0,-11.50734899,-11.29526933,1,0,0,0,0
4658,1789388701741756654,41600794296920,-3.75382217e-15,1,0,1,0.6367620826,1,0,0,0,0,0,-1,0.5,0,0,1000000000,0,0,1,0,0,0,0,0,0,0,0,0,-11.50734899,-11.29526933,1,0,0,0,0
4659,1789388701751707711,41600804247983,-3.75382217e-15,1,0,1,0.6367620826,1,0,0,0,0,0,-1,0.5,0,0,1000000000,0,0,1,0,0,0,0,0,0,0,0,0,-11.50734899,-11.29526933,1,0,0,0,0
4660,1789388701761715482,41600814255753,-3.75382217e-15,1,0,1,0.6367620826,1,0,0,0,0,0,-1,0.5,0,0,1000000000,0,0,1,0,0,0,0,0,0,0,0,0,-11.50734899,-11.29526933,1,0,0,0,0
4661,1789388701771746895,41600824287160,-3.75382217e-15,1,0,1,0.6367620826,1,0,0,0,0,0,-1,0.5,0,0,1000000000,0,0,1,0,0,0,0,0,0,0,0,0,-11.50734899,-11.29526933,1,0,0,0,0
4662,1789388701781734384,41600834274634,-3.75382217e-15,1,0,1,0.6367620826,1,0,0,0,0,0,-1,0.5,0,0,1000000000,0,0,1,0,0,0,0,0,0,0,0,0,-11.50734899,-11.29526933,1,0,0,0,0
4663,1789388701791741856,41600844282118,-3.75382217e-15,1,0,1,0.6367620826,1,0,0,0,0,0,-1,0.5,0,0,1000000000,0,0,1,0,0,0,0,0,0,0,0,0,-11.50734899,-11.29526933,1,0,0,0,0
4664,1789388701801732715,41600854272961,-3.75382217e-15,1,0,1,0.6367620826,1,0,0,0,0,0,-1,0.5,0,0,1000000000,0,0,1,0,0,0,0,0,0,0,0,0,-11.50734899,-11.29526933,1,0,0,0,0
4665,1789388701811719233,41600864259504,-3.75382217e-15,1,0,1,0.6367620826,1,0,0,0,0,0,-1,0.5,0,0,1000000000,0,0,1,0,0,0,0,0,0,0,0,0,-11.50734899,-11.29526933,1,0,0,0,0
4666,1789388701821721708,41600874261979,-3.75382217e-15,1,0,1,0.6367620826,1,0,0,0,0,0,-1,0.5,0,0,1000000000,0,0,1,0,0,0,0,0,0,0,0,0,-11.50734899,-11.29526933,1,0,0,0,0
4667,1789388701831726387,41600884266657,-3.75382217e-15,1,0,1,0.6367620826,1,0,0,0,0,0,-1,0.5,0,0,1000000000,0,0,1,0,0,0,0,0,0,0,0,0,-11.50734899,-11.29526933,1,0,0,0,0
4668,1789388701841726993,41600894267231,-3.75382217e-15,1,0,1,0.6382220984,1,0,0,0,0,0,-1,0.5,0,0,1000000000,0,0,1,0,0,0,0,0,0,0,0,0,-11.50734899,-11.29526933,1,0,0,0,0
4669,1789388701851715478,41600904255736,-3.75382217e-15,1,0,1,0.6382220984,1,0,0,0,0,0,-1,0.5,0,0,1000000000,0,0,1,0,0,0,0,0,0,0,0,0,-11.50734899,-11.29526933,1,0,0,0,0
4670,1789388701861725296,41600914265549,-3.75382217e-15,1,0,1,0.6382220984,1,0,0,0,0,0,-1,0.5,0,0,1000000000,0,0,1,0,0,0,0,0,0,0,0,0,-11.50734899,-11.29526933,1,0,0,0,0
4671,1789388701871765792,41600924306057,-3.75382217e-15,1,0,1,0.6382220984,1,0,0,0,0,0,-1,0.5,0,0,1000000000,0,0,1,0,0,0,0,0,0,0,0,0,-11.50734899,-11.29526933,1,0,0,0,0
4672,1789388701881719087,41600934259344,-3.75382217e-15,1,0,1,0.6382220984,1,0,0,0,0,0,-1,0.5,0,0,1000000000,0,0,1,0,0,0,0,0,0,0,0,0,-11.50734899,-11.29526933,1,0,0,0,0
4673,1789388701891717178,41600944257435,-3.75382217e-15,1,0,1,0.6382220984,1,0,0,0,0,0,-1,0.5,0,0,1000000000,0,0,1,0,0,0,0,0,0,0,0,0,-11.50734899,-11.29526933,1,0,0,0,0
4674,1789388701901723478,41600954263717,-3.75382217e-15,1,0,1,0.6382220984,1,0,0,0,0,0,-1,0.5,0,0,1000000000,0,0,1,0,0,0,0,0,0,0,0,0,-11.50734899,-11.29526933,1,0,0,0,0
4675,1789388701911725417,41600964265640,-3.75382217e-15,1,0,1,0.6382220984,1,0,0,0,0,0,-1,0.5,0,0,1000000000,0,0,1,0,0,0,0,0,0,0,0,0,-11.50734899,-11.29526933,1,0,0,0,0
4676,1789388701921755841,41600974296103,-3.75382217e-15,1,0,1,0.6382220984,1,0,0,0,0,0,-1,0.5,0,0,1000000000,0,0,1,0,0,0,0,0,0,0,0,0,-11.50734899,-11.29526933,1,0,0,0,0
4677,1789388701931713459,41600984253722,-3.75382217e-15,1,0,1,0.6370710135,1,0,0,0,0,0,-1,0.5,0,0,1000000000,0,0,1,0,0,0,0,0,0,0,0,0,-11.50734899,-11.29526933,1,0,0,0,0
4678,1789388701941756927,41600994296938,-3.75382217e-15,1,0,1,0.6370710135,1,0,0,0,0,0,-1,0.5,0,0,1000000000,0,0,1,0,0,0,0,0,0,0,0,0,-11.50734899,-11.29526933,1,0,0,0,0
4679,1789388701951770386,41601004310580,-3.75382217e-15,1,0,1,0.6370710135,1,0,0,0,0,0,-1,0.5,0,0,1000000000,0,0,1,0,0,0,0,0,0,0,0,0,-11.50734899,-11.29526933,1,0,0,0,0
4680,1789388701961716385,41601014256656,-3.75382217e-15,1,0,1,0.6370710135,1,0,0,0,0,0,-1,0.5,0,0,1000000000,0,0,1,0,0,0,0,0,0,0,0,0,-11.50734899,-11.29526933,1,0,0,0,0
4681,1789388701971712914,41601024253177,-3.75382217e-15,1,0,1,0.6370710135,1,0,0,0,0,0,-1,0.5,0,0,1000000000,0,0,1,0,0,0,0,0,0,0,0,0,-11.50734899,-11.29526933,1,0,0,0,0
4682,1789388701981721673,41601034261905,-3.75382217e-15,1,0,1,0.6370710135,1,0,0,0,0,0,-1,0.5,0,0,1000000000,0,0,1,0,0,0,0,0,0,0,0,0,-11.50734899,-11.29526933,1,0,0,0,0
4683,1789388701991722870,41601044263124,-3.75382217e-15,1,0,1,0.6370710135,1,0,0,0,0,0,-1,0.5,0,0,1000000000,0,0,1,0,0,0,0,0,0,0,0,0,-11.50734899,-11.29526933,1,0,0,0,0
4684,1789388702001724645,41601054264735,-3.75382217e-15,1,0,1,0.6370710135,1,0,0,0,0,0,-1,0.5,0,0,1000000000,0,0,1,0,0,0,0,0,0,0,0,0,-11.50734899,-11.29526933,1,0,0,0,0
4685,1789388702011707068,41601064247335,-3.75382217e-15,1,0,1,0.6370710135,1,0,0,0,0,0,-1,0.5,0,0,1000000000,0,0,1,0,0,0,0,0,0,0,0,0,-11.50734899,-11.29526933,1,0,0,0,0
4686,1789388702021699995,41601074240272,-3.75382217e-15,1,0,1,0.6370710135,1,0,0,0,0,0,-1,0.5,0,0,1000000000,0,0,1,0,0,0,0,0,0,0,0,0,-11.50734899,-11.29526933,1,0,0,0,0
4687,1789388702031697618,41601084237891,-3.75382217e-15,1,0,1,0.637614429,1,0,0,0,0,0,-1,0.5,0,0,1000000000,0,0,1,0,0,0,0,0,0,0,0,0,-11.50734899,-11.29526933,1,0,0,0,0
4688,1789388702041699422,41601094239695,-3.75382217e-15,1,0,1,0.637614429,1,0,0,0,0,0,-1,0.5,0,0,1000000000,0,0,1,0,0,0,0,0,0,0,0,0,-11.50734899,-11.29526933,1,0,0,0,0
4689,1789388702051700080,41601104240352,-3.75382217e-15,1,0,1,0.637614429,1,0,0,0,0,0,-1,0.5,0,0,1000000000,0,0,1,0,0,0,0,0,0,0,0,0,-11.50734899,-11.29526933,1,0,0,0,0
4690,1789388702061696528,41601114236800,-3.75382217e-15,1,0,1,0.637614429,1,0,0,0,0,0,-1,0.5,0,0,1000000000,0,0,1,0,0,0,0,0,0,0,0,0,-11.50734899,-11.29526933,1,0,0,0,0
4691,1789388702071949096,41601124489364,-3.75382217e-15,1,0,1,0.637614429,1,0,0,0,0,0,-1,0.5,0,0,1000000000,0,0,1,0,0,0,0,0,0,0,0,0,-11.50734899,-11.29526933,1,0,0,0,0
4692,1789388702081710933,41601134251197,-3.75382217e-15,1,0,1,0.637614429,1,0,0,0,0,0,-1,0.5,0,0,1000000000,0,0,1,0,0,0,0,0,0,0,0,0,-11.50734899,-11.29526933,1,0,0,0,0
4693,1789388702091712649,41601144252913,-3.75382217e-15,1,0,1,0.637614429,1,0,0,0,0,0,-1,0.5,0,0,1000000000,0,0,1,0,0,0,0,0,0,0,0,0,-11.50734899,-11.29526933,1,0,0,0,0
4694,1789388702101709822,41601154249976,-3.75382217e-15,1,0,1,0.637614429,1,0,0,0,0,0,-1,0.5,0,0,1000000000,0,0,1,0,0,0,0,0,0,0,0,0,-11.50734899,-11.29526933,1,0,0,0,0
4695,1789388702111715709,41601164255962,-3.75382217e-15,1,0,1,0.637614429,1,0,0,0,0,0,-1,0.5,0,0,1000000000,0,0,1,0,0,0,0,0,0,0,0,0,-11.50734899,-11.29526933,1,0,0,0,0
4696,1789388702121720495,41601174260762,-3.75382217e-15,1,0,1,0.637614429,1,0,0,0,0,0,-1,0.5,0,0,1000000000,0,0,1,0,0,0,0,0,0,0,0,0,-11.50734899,-11.29526933,1,0,0,0,0
4697,1789388702131718277,41601184258535,-3.75382217e-15,1,0,1,0.6347814798,1,0,0,0,0,0,-1,0.5,0,0,1000000000,0,0,1,0,0,0,0,0,0,0,0,0,-11.50734899,-11.29526933,1,0,0,0,0
4698,1789388702141719892,41601194260155,-3.75382217e-15,1,0,1,0.6347814798,1,0,0,0,0,0,-1,0.5,0,0,1000000000,0,0,1,0,0,0,0,0,0,0,0,0,-11.50734899,-11.29526933,1,0,0,0,0
4699,1789388702151704131,41601204244396,-3.75382217e-15,1,0,1,0.6347814798,1,0,0,0,0,0,-1,0.5,0,0,1000000000,0,0,1,0,0,0,0,0,0,0,0,0,-11.50734899,-11.29526933,1,0,0,0,0
4700,1789388702161717290,41601214257544,-3.75382217e-15,1,0,1,0.6347814798,1,0,0,0,0,0,-1,0.5,0,0,1000000000,0,0,1,0,0,0,0,0,0,0,0,0,-11.50734899,-11.29526933,1,0,0,0,0
4701,1789388702171711670,41601224251910,-3.75382217e-15,1,0,1,0.6347814798,1,0,0,0,0,0,-1,0.5,0,0,1000000000,0,0,1,0,0,0,0,0,0,0,0,0,-11.50734899,-11.29526933,1,0,0,0,0
4702,1789388702181736241,41601234276497,-3.75382217e-15,1,0,1,0.6347814798,1,0,0,0,0,0,-1,0.5,0,0,1000000000,0,0,1,0,0,0,0,0,0,0,0,0,-11.50734899,-11.29526933,1,0,0,0,0
4703,1789388702191723533,41601244263787,-3.75382217e-15,1,0,1,0.6347814798,1,0,0,0,0,0,-1,0.5,0,0,1000000000,0,0,1,0,0,0,0,0,0,0,0,0,-11.50734899,-11.29526933,1,0,0,0,0
4704,1789388702201719798,41601254260042,-3.75382217e-15,1,0,1,0.6347814798,1,0,0,0,0,0,-1,0.5,0,0,1000000000,0,0,1,0,0,0,0,0,0,0,0,0,-11.50734899,-11.29526933,1,0,0,0,0
4705,1789388702211740386,41601264280656,-3.75382217e-15,1,0,1,0.6347814798,1,0,0,0,0,0,-1,0.5,0,0,1000000000,0,0,1,0,0,0,0,0,0,0,0,0,-11.50734899,-11.29526933,1,0,0,0,0
4706,1789388702221699568,41601274239842,-3.75382217e-15,1,0,1,0.6347814798,1,0,0,0,0,0,-1,0.5,0,0,1000000000,0,0,1,0,0,0,0,0,0,0,0,0,-11.50734899,-11.29526933,1,0,0,0,0
4707,1789388702231748883,41601284289151,-3.75382217e-15,1,0,1,0.6361948848,1,0,0,0,0,0,-1,0.5,0,0,1000000000,0,0,1,0,0,0,0,0,0,0,0,0,-11.50734899,-11.29526933,1,0,0,0,0
4708,1789388702241789969,41601294329904,-3.75382217e-15,1,0,1,0.6361948848,1,0,0,0,0,0,-1,0.5,0,0,1000000000,0,0,1,0,0,0,0,0,0,0,0,0,-11.50734899,-11.29526933,1,0,0,0,0
4709,1789388702251750567,41601304290812,-3.75382217e-15,1,0,1,0.6361948848,1,0,0,0,0,0,-1,0.5,0,0,1000000000,0,0,1,0,0,0,0,0,0,0,0,0,-11.50734899,-11.29526933,1,0,0,0,0
4710,1789388702261717885,41601314258150,-3.75382217e-15,1,0,1,0.6361948848,1,0,0,0,0,0,-1,0.5,0,0,1000000000,0,0,1,0,0,0,0,0,0,0,0,0,-11.50734899,-11.29526933,1,0,0,0,0
4711,1789388702271775026,41601324315146,-3.75382217e-15,1,0,1,0.6361948848,1,0,0,0,0,0,-1,0.5,0,0,1000000000,0,0,1,0,0,0,0,0,0,0,0,0,-11.50734899,-11.29526933,1,0,0,0,0
4712,1789388702281716178,41601334256425,-3.75382217e-15,1,0,1,0.6361948848,1,0,0,0,0,0,-1,0.5,0,0,1000000000,0,0,1,0,0,0,0,0,0,0,0,0,-11.50734899,-11.29526933,1,0,0,0,0
4713,1789388702291729253,41601344269501,-3.75382217e-15,1,0,1,0.6361948848,1,0,0,0,0,0,-1,0.5,0,0,1000000000,0,0,1,0,0,0,0,0,0,0,0,0,-11.50734899,-11.29526933,1,0,0,0,0
4714,1789388702301711519,41601354251786,-3.75382217e-15,1,0,1,0.6361948848,1,0,0,0,0,0,-1,0.5,0,0,1000000000,0,0,1,0,0,0,0,0,0,0,0,0,-11.50734899,-11.29526933,1,0,0,0,0
4715,1789388702311721315,41601364261569,-3.75382217e-15,1,0,1,0.6361948848,1,0,0,0,0,0,-1,0.5,0,0,1000000000,0,0,1,0,0,0,0,0,0,0,0,0,-11.50734899,-11.29526933,1,0,0,0,0
4716,1789388702321705370,41601374245642,-3.75382217e-15,1,0,1,0.6361948848,1,0,0,0,0,0,-1,0.5,0,0,1000000000,0,0,1,0,0,0,0,0,0,0,0,0,-11.50734899,-11.29526933,1,0,0,0,0
4717,1789388702331772045,41601384312314,-3.75382217e-15,1,0,1,0.6385329366,1,0,0,0,0,0,-1,0.5,0,0,1000000000,0,0,1,0,0,0,0,0,0,0,0,0,-11.50734899,-11.29526933,1,0,0,0,0
4718,1789388702341700267,41601394240538,-3.75382217e-15,1,0,1,0.6385329366,1,0,0,0,0,0,-1,0.5,0,0,1000000000,0,0,1,0,0,0,0,0,0,0,0,0,-11.50734899,-11.29526933,1,0,0,0,0
4719,1789388702351698590,41601404238860,-3.75382217e-15,1,0,1,0.6385329366,1,0,0,0,0,0,-1,0.5,0,0,1000000000,0,0,1,0,0,0,0,0,0,0,0,0,-11.50734899,-11.29526933,1,0,0,0,0
4720,1789388702361709605,41601414249878,-3.75382217e-15,1,0,1,0.6385329366,1,0,0,0,0,0,-1,0.5,0,0,1000000000,0,0,1,0,0,0,0,0,0,0,0,0,-11.50734899,-11.29526933,1,0,0,0,0
4721,1789388702371719237,41601424259505,-3.75382217e-15,1,0,1,0.6385329366,1,0,0,0,0,0,-1,0.5,0,0,1000000000,0,0,1,0,0,0,0,0,0,0,0,0,-11.50734899,-11.29526933,1,0,0,0,0
4722,1789388702381702389,41601434242658,-3.75382217e-15,1,0,1,0.6385329366,1,0,0,0,0,0,-1,0.5,0,0,1000000000,0,0,1,0,0,0,0,0,0,0,0,0,-11.50734899,-11.29526933,1,0,0,0,0
4723,1789388702391696405,41601444236671,-3.75382217e-15,1,0,1,0.6385329366,1,0,0,0,0,0,-1,0.5,0,0,1000000000,0,0,1,0,0,0,0,0,0,0,0,0,-11.50734899,-11.29526933,1,0,0,0,0
4724,1789388702401717828,41601454258065,-3.75382217e-15,1,0,1,0.6385329366,1,0,0,0,0,0,-1,0.5,0,0,1000000000,0,0,1,0,0,0,0,0,0,0,0,0,-11.50734899,-11.29526933,1,0,0,0,0
4725,1789388702411760581,41601464300607,-3.75382217e-15,1,0,1,0.6385329366,1,0,0,0,0,0,-1,0.5,0,0,1000000000,0,0,1,0,0,0,0,0,0,0,0,0,-11.50734899,-11.29526933,1,0,0,0,0
4726,1789388702421727134,41601474267273,-3.75382217e-15,1,0,1,0.6385329366,1,0,0,0,0,0,-1,0.5,0,0,1000000000,0,0,1,0,0,0,0,0,0,0,0,0,-11.50734899,-11.29526933,1,0,0,0,0
4727,1789388702431714637,41601484254905,-3.75382217e-15,1,0,1,0.6390933394,1,0,0,0,0,0,-1,0.5,0,0,1000000000,0,0,1,0,0,0,0,0,0,0,0,0,-11.50734899,-11.29526933,1,0,0,0,0
4728,1789388702441713350,41601494253612,-3.75382217e-15,1,0,1,0.6390933394,1,0,0,0,0,0,-1,0.5,0,0,1000000000,0,0,1,0,0,0,0,0,0,0,0,0,-11.50734899,-11.29526933,1,0,0,0,0
4729,1789388702451745404,41601504285675,-3.75382217e-15,1,0,1,0.6390933394,1,0,0,0,0,0,-1,0.5,0,0,1000000000,0,0,1,0,0,0,0,0,0,0,0,0,-11.50734899,-11.29526933,1,0,0,0,0
4730,1789388702461716642,41601514256900,-3.75382217e-15,1,0,1,0.6390933394,1,0,0,0,0,0,-1,0.5,0,0,1000000000,0,0,1,0,0,0,0,0,0,0,0,0,-11.50734899,-11.29526933,1,0,0,0,0
4731,1789388702471767595,41601524307866,-3.75382217e-15,1,0,1,0.6390933394,1,0,0,0,0,0,-1,0.5,0,0,1000000000,0,0,1,0,0,0,0,0,0,0,0,0,-11.50734899,-11.29526933,1,0,0,0,0
4732,1789388702481707458,41601534247725,-3.75382217e-15,1,0,1,0.6390933394,1,0,0,0,0,0,-1,0.5,0,0,1000000000,0,0,1,0,0,0,0,0,0,0,0,0,-11.49259106,-11.29526933,1,0,0,0,0
4733,1789388702491766643,41601544306910,-3.75382217e-15,1,0,1,0.6390933394,1,0,0,0,0,0,-1,0.5,0,0,1000000000,0,0,1,0,0,0,0,0,0,0,0,0,-11.49259106,-11.29526933,1,0,0,0,0
4734,1789388702501761658,41601554301926,-3.75382217e-15,1,0,1,0.6390933394,1,0,0,0,0,0,-1,0.5,0,0,1000000000,0,0,1,0,0,0,0,0,0,0,0,0,-11.49259106,-11.29526933,1,0,0,0,0
4735,1789388702511769272,41601564309539,-3.75382217e-15,1,0,1,0.6390933394,1,0,0,0,0,0,-1,0.5,0,0,1000000000,0,0,1,0,0,0,0,0,0,0,0,0,-11.49259106,-11.29526933,1,0,0,0,0
4736,1789388702521744247,41601574284519,-3.75382217e-15,1,0,1,0.6390933394,1,0,0,0,0,0,-1,0.5,0,0,1000000000,0,0,1,0,0,0,0,0,0,0,0,0,-11.49259106,-11.29526933,1,0,0,0,0
4737,1789388702531708786,41601584249058,-3.75382217e-15,1,0,1,0.6390933394,1,0,0,0,0,0,-1,0.5,0,0,1000000000,0,0,1,0,0,0,0,0,0,0,0,0,-11.49259106,-11.29526933,1,0,0,0,0
4738,1789388702541728376,41601594268648,-3.75382217e-15,1,0,1,0.6346204281,1,0,0,0,0,0,-1,0.5,0,0,1000000000,0,0,1,0,0,0,0,0,0,0,0,0,-11.49259106,-11.29526933,1,0,0,0,0
4739,1789388702551700508,41601604240778,-3.75382217e-15,1,0,1,0.6346204281,1,0,0,0,0,0,-1,0.5,0,0,1000000000,0,0,1,0,0,0,0,0,0,0,0,0,-11.49259106,-11.29526933,1,0,0,0,0
4740,1789388702561738158,41601614278414,-3.75382217e-15,1,0,1,0.6346204281,1,0,0,0,0,0,-1,0.5,0,0,1000000000,0,0,1,0,0,0,0,0,0,0,0,0,-11.49259106,-11.29526933,1,0,0,0,0
4741,1789388702571750970,41601624291223,-3.75382217e-15,1,0,1,0.6346204281,1,0,0,0,0,0,-1,0.5,0,0,1000000000,0,0,1,0,0,0,0,0,0,0,0,0,-11.49259106,-11.29526933,1,0,0,0,0
4742,1789388702581720128,41601634260389,-3.75382217e-15,1,0,1,0.6346204281,1,0,0,0,0,0,-1,0.5,0,0,1000000000,0,0,1,0,0,0,0,0,0,0,0,0,-11.49259106,-11.29526933,1,0,0,0,0
4743,1789388702591723500,41601644263753,-3.75382217e-15,1,0,1,0.6346204281,1,0,0,0,0,0,-1,0.5,0,0,1000000000,0,0,1,0,0,0,0,0,0,0,0,0,-11.49259106,-11.29526933,1,0,0,0,0
4744,1789388702601720047,41601654260306,-3.75382217e-15,1,0,1,0.6346204281,1,0,0,0,0,0,-1,0.5,0,0,1000000000,0,0,1,0,0,0,0,0,0,0,0,0,-11.49259106,-11.29526933,1,0,0,0,0
4745,1789388702611720107,41601664260359,-3.75382217e-15,1,0,1,0.6346204281,1,0,0,0,0,0,-1,0.5,0,0,1000000000,0,0,1,0,0,0,0,0,0,0,0,0,-11.49259106,-11.29526933,1,0,0,0,0
4746,1789388702621753680,41601674293684,-3.75382217e-15,1,0,1,0.6346204281,1,0,0,0,0,0,-1,0.5,0,0,1000000000,0,0,1,0,0,0,0,0,0,0,0,0,-11.49259106,-11.29526933,1,0,0,0,0
4747,1789388702631716369,41601684256626,-3.75382217e-15,1,0,1,0.640763402,1,0,0,0,0,0,-1,0.5,0,0,1000000000,0,0,1,0,0,0,0,0,0,0,0,0,-11.49259106,-11.29526933,1,0,0,0,0
4748,1789388702641759131,41601694299356,-3.75382217e-15,1,0,1,0.640763402,1,0,0,0,0,0,-1,0.5,0,0,1000000000,0,0,1,0,0,0,0,0,0,0,0,0,-11.49259106,-11.29526933,1,0,0,0,0
4749,1789388702651717988,41601704258248,-3.75382217e-15,1,0,1,0.640763402,1,0,0,0,0,0,-1,0.5,0,0,1000000000,0,0,1,0,0,0,0,0,0,0,0,0,-11.49259106,-11.29526933,1,0,0,0,0
4750,1789388702661719219,41601714259480,-3.75382217e-15,1,0,1,0.640763402,1,0,0,0,0,0,-1,0.5,0,0,1000000000,0,0,1,0,0,0,0,0,0,0,0,0,-11.49259106,-11.29526933,1,0,0,0,0
4751,1789388702671753342,41601724293611,-3.75382217e-15,1,0,1,0.640763402,1,0,0,0,0,0,-1,0.5,0,0,1000000000,0,0,1,0,0,0,0,0,0,0,0,0,-11.49259106,-11.29526933,1,0,0,0,0
4752,1789388702681728075,41601734268320,-3.75382217e-15,1,0,1,0.640763402,1,0,0,0,0,0,-1,0.5,0,0,1000000000,0,0,1,0,0,0,0,0,0,0,0,0,-11.50734899,-11.29526933,1,0,0,0,0
4753,1789388702691733338,41601744273577,-3.75382217e-15,1,0,1,0.640763402,1,0,0,0,0,0,-1,0.5,0,0,1000000000,0,0,1,0,0,0,0,0,0,0,0,0,-11.50734899,-11.29526933,1,0,0,0,0
4754,1789388702701724623,41601754264843,-3.75382217e-15,1,0,1,0.640763402,1,0,0,0,0,0,-1,0.5,0,0,1000000000,0,0,1,0,0,0,0,0,0,0,0,0,-11.50734899,-11.29526933,1,0,0,0,0
4755,1789388702711706270,41601764246535,-3.75382217e-15,1,0,1,0.640763402,1,0,0,0,0,0,-1,0.5,0,0,1000000000,0,0,1,0,0,0,0,0,0,0,0,0,-11.50734899,-11.29526933,1,0,0,0,0
4756,1789388702721732740,41601774272800,-3.75382217e-15,1,0,1,0.640763402,1,0,0,0,0,0,-1,0.5,0,0,1000000000,0,0,1,0,0,0,0,0,0,0,0,0,-11.50734899,-11.29526933,1,0,0,0,0
4757,1789388702731707335,41601784247516,-3.75382217e-15,1,0,1,0.6330928206,1,0,0,0,0,0,-1,0.5,0,0,1000000000,0,0,1,0,0,0,0,0,0,0,0,0,-11.50734899,-11.29526933,1,0,0,0,0
4758,1789388702741809297,41601794349556,-3.75382217e-15,1,0,1,0.6330928206,1,0,0,0,0,0,-1,0.5,0,0,1000000000,0,0,1,0,0,0,0,0,0,0,0,0,-11.50734899,-11.29526933,1,0,0,0,0
4759,1789388702751714012,41601804254260,-3.75382217e-15,1,0,1,0.6330928206,1,0,0,0,0,0,-1,0.5,0,0,1000000000,0,0,1,0,0,0,0,0,0,0,0,0,-11.50734899,-11.29526933,1,0,0,0,0
4760,1789388702761716735,41601814257006,-3.75382217e-15,1,0,1,0.6330928206,1,0,0,0,0,0,-1,0.5,0,0,1000000000,0,0,1,0,0,0,0,0,0,0,0,0,-11.50734899,-11.29526933,1,0,0,0,0
4761,1789388702771778429,41601824318693,-3.75382217e-15,1,0,1,0.6330928206,1,0,0,0,0,0,-1,0.5,0,0,1000000000,0,0,1,0,0,0,0,0,0,0,0,0,-11.50734899,-11.29526933,1,0,0,0,0
4762,1789388702781715972,41601834256232,-3.75382217e-15,1,0,1,0.6330928206,1,0,0,0,0,0,-1,0.5,0,0,1000000000,0,0,1,0,0,0,0,0,0,0,0,0,-11.50734899,-11.29526933,1,0,0,0,0
4763,1789388702791741171,41601844281297,-3.75382217e-15,1,0,1,0.6330928206,1,0,0,0,0,0,-1,0.5,0,0,1000000000,0,0,1,0,0,0,0,0,0,0,0,0,-11.50734899,-11.29526933,1,0,0,0,0
4764,1789388702801720998,41601854261253,-3.75382217e-15,1,0,1,0.6330928206,1,0,0,0,0,0,-1,0.5,0,0,1000000000,0,0,1,0,0,0,0,0,0,0,0,0,-11.50734899,-11.29526933,1,0,0,0,0
4765,1789388702812024696,41601864564959,-3.75382217e-15,1,0,1,0.6330928206,1,0,0,0,0,0,-1,0.5,0,0,1000000000,0,0,1,0,0,0,0,0,0,0,0,0,-11.50734899,-11.29526933,1,0,0,0,0
4766,1789388702821721368,41601874261632,-3.75382217e-15,1,0,1,0.6330928206,1,0,0,0,0,0,-1,0.5,0,0,1000000000,0,0,1,0,0,0,0,0,0,0,0,0,-11.50734899,-11.29526933,1,0,0,0,0
4767,1789388702831719757,41601884260015,-3.75382217e-15,1,0,1,0.6453481317,1,0,0,0,0,0,-1,0.5,0,0,1000000000,0,0,1,0,0,0,0,0,0,0,0,0,-11.50734899,-11.29526933,1,0,0,0,0
4768,1789388702841719731,41601894259884,-3.75382217e-15,1,0,1,0.6453481317,1,0,0,0,0,0,-1,0.5,0,0,1000000000,0,0,1,0,0,0,0,0,0,0,0,0,-11.50734899,-11.29526933,1,0,0,0,0
4769,1789388702851712344,41601904252595,-3.75382217e-15,1,0,1,0.6453481317,1,0,0,0,0,0,-1,0.5,0,0,1000000000,0,0,1,0,0,0,0,0,0,0,0,0,-11.50734899,-11.29526933,1,0,0,0,0
4770,1789388702861712864,41601914253121,-3.75382217e-15,1,0,1,0.6453481317,1,0,0,0,0,0,-1,0.5,0,0,1000000000,0,0,1,0,0,0,0,0,0,0,0,0,-11.50734899,-11.29526933,1,0,0,0,0
4771,1789388702871723262,41601924263509,-3.75382217e-15,1,0,1,0.6453481317,1,0,0,0,0,0,-1,0.5,0,0,1000000000,0,0,1,0,0,0,0,0,0,0,0,0,-11.50734899,-11.29526933,1,0,0,0,0
4772,1789388702881745406,41601934285653,-3.75382217e-15,1,0,1,0.6453481317,1,0,0,0,0,0,-1,0.5,0,0,1000000000,0,0,1,0,0,0,0,0,0,0,0,0,-11.50734899,-11.29526933,1,0,0,0,0
4773,1789388702891720797,41601944261067,-3.75382217e-15,1,0,1,0.6453481317,1,0,0,0,0,0,-1,0.5,0,0,1000000000,0,0,1,0,0,0,0,0,0,0,0,0,-11.50734899,-11.29526933,1,0,0,0,0
4774,1789388702901720107,41601954260362,-3.75382217e-15,1,0,1,0.6453481317,1,0,0,0,0,0,-1,0.5,0,0,1000000000,0,0,1,0,0,0,0,0,0,0,0,0,-11.50734899,-11.29526933,1,0,0,0,0
4775,1789388702911781907,41601964322162,-3.75382217e-15,1,0,1,0.6453481317,1,0,0,0,0,0,-1,0.5,0,0,1000000000,0,0,1,0,0,0,0,0,0,0,0,0,-11.50734899,-11.29526933,1,0,0,0,0
4776,1789388702921720868,41601974261121,-3.75382217e-15,1,0,1,0.6453481317,1,0,0,0,0,0,-1,0.5,0,0,1000000000,0,0,1,0,0,0,0,0,0,0,0,0,-11.50734899,-11.29526933,1,0,0,0,0
4777,1789388702931714888,41601984255133,-3.75382217e-15,1,0,1,0.711956501,1,0,0,0,0,0,-1,0.5,0,0,1000000000,0,0,1,0,0,0,0,0,0,0,0,0,-11.50734899,-11.29526933,1,0,0,0,0
4778,1789388702941767201,41601994307226,-3.75382217e-15,1,0,1,0.711956501,1,0,0,0,0,0,-1,0.5,0,0,1000000000,0,0,1,0,0,0,0,0,0,0,0,0,-11.50734899,-11.29526933,1,0,0,0,0
4779,1789388702951735105,41602004275366,-3.75382217e-15,1,0,1,0.711956501,1,0,0,0,0,0,-1,0.5,0,0,1000000000,0,0,1,0,0,0,0,0,0,0,0,0,-11.50734899,-11.29526933,1,0,0,0,0
4780,1789388702961714447,41602014254711,-3.75382217e-15,1,0,1,0.711956501,1,0,0,0,0,0,-1,0.5,0,0,1000000000,0,0,1,0,0,0,0,0,0,0,0,0,-11.50734899,-11.29526933,1,0,0,0,0
4781,1789388702971754451,41602024294704,-3.75382217e-15,1,0,1,0.711956501,1,0,0,0,0,0,-1,0.5,0,0,1000000000,0,0,1,0,0,0,0,0,0,0,0,0,-11.50734899,-11.29526933,1,0,0,0,0
4782,1789388702981722675,41602034262934,-3.75382217e-15,1,0,1,0.711956501,1,0,0,0,0,0,-1,0.5,0,0,1000000000,0,0,1,0,0,0,0,0,0,0,0,0,-11.50734899,-11.29526933,1,0,0,0,0
4783,1789388702991772355,41602044312477,-3.75382217e-15,1,0,1,0.711956501,1,0,0,0,0,0,-1,0.5,0,0,1000000000,0,0,1,0,0,0,0,0,0,0,0,0,-11.50734899,-11.29526933,1,0,0,0,0
4784,1789388703001740470,41602054280729,-3.75382217e-15,1,0,1,0.711956501,1,0,0,0,0,0,-1,0.5,0,0,1000000000,0,0,1,0,0,0,0,0,0,0,0,0,-11.50734899,-11.29526933,1,0,0,0,0
4785,1789388703011729797,41602064270059,-3.75382217e-15,1,0,1,0.711956501,1,0,0,0,0,0,-1,0.5,0,0,1000000000,0,0,1,0,0,0,0,0,0,0,0,0,-11.50734899,-11.29526933,1,0,0,0,0
4786,1789388703021733713,41602074273912,-3.75382217e-15,1,0,1,0.711956501,1,0,0,0,0,0,-1,0.5,0,0,1000000000,0,0,1,0,0,0,0,0,0,0,0,0,-11.50734899,-11.29526933,1,0,0,0,0
4787,1789388703031718879,41602084259143,-3.75382217e-15,1,0,1,0.6375858188,1,0,0,0,0,0,-1,0.5,0,0,1000000000,0,0,1,0,0,0,0,0,0,0,0,0,-11.50734899,-11.29526933,1,0,0,0,0
4788,1789388703041719390,41602094259656,-3.75382217e-15,1,0,1,0.6375858188,1,0,0,0,0,0,-1,0.5,0,0,1000000000,0,0,1,0,0,0,0,0,0,0,0,0,-11.50734899,-11.29526933,1,0,0,0,0
4789,1789388703051718850,41602104259101,-3.75382217e-15,1,0,1,0.6375858188,1,0,0,0,0,0,-1,0.5,0,0,1000000000,0,0,1,0,0,0,0,0,0,0,0,0,-11.50734899,-11.29526933,1,0,0,0,0
4790,1789388703061725279,41602114265547,-3.75382217e-15,1,0,1,0.6375858188,1,0,0,0,0,0,-1,0.5,0,0,1000000000,0,0,1,0,0,0,0,0,0,0,0,0,-11.50734899,-11.29526933,1,0,0,0,0
4791,1789388703071714896,41602124255145,-3.75382217e-15,1,0,1,0.6375858188,1,0,0,0,0,0,-1,0.5,0,0,1000000000,0,0,1,0,0,0,0,0,0,0,0,0,-11.50734899,-11.29526933,1,0,0,0,0
4792,1789388703081723527,41602134263791,-3.75382217e-15,1,0,1,0.6375858188,1,0,0,0,0,0,-1,0.5,0,0,1000000000,0,0,1,0,0,0,0,0,0,0,0,0,-11.50734899,-11.29526933,1,0,0,0,0
4793,1789388703091718179,41602144258415,-3.75382217e-15,1,0,1,0.6375858188,1,0,0,0,0,0,-1,0.5,0,0,1000000000,0,0,1,0,0,0,0,0,0,0,0,0,-11.50734899,-11.29526933,1,0,0,0,0
4794,1789388703101719042,41602154259303,-3.75382217e-15,1,0,1,0.6375858188,1,0,0,0,0,0,-1,0.5,0,0,1000000000,0,0,1,0,0,0,0,0,0,0,0,0,-11.50734899,-11.29526933,1,0,0,0,0
4795,1789388703111740724,41602164280853,-3.75382217e-15,1,0,1,0.6375858188,1,0,0,0,0,0,-1,0.5,0,0,1000000000,0,0,1,0,0,0,0,0,0,0,0,0,-11.50734899,-11.29526933,1,0,0,0,0
4796,1789388703121717906,41602174258155,-3.75382217e-15,1,0,1,0.6375858188,1,0,0,0,0,0,-1,0.5,0,0,1000000000,0,0,1,0,0,0,0,0,0,0,0,0,-11.50734899,-11.29526933,1,0,0,0,0
4797,1789388703131718239,41602184258502,-3.75382217e-15,1,0,1,0.6356303692,1,0,0,0,0,0,-1,0.5,0,0,1000000000,0,0,1,0,0,0,0,0,0,0,0,0,-11.50734899,-11.29526933,1,0,0,0,0
4798,1789388703141757434,41602194297662,-3.75382217e-15,1,0,1,0.6356303692,1,0,0,0,0,0,-1,0.5,0,0,1000000000,0,0,1,0,0,0,0,0,0,0,0,0,-11.50734899,-11.29526933,1,0,0,0,0
4799,1789388703151749658,41602204289924,-3.75382217e-15,1,0,1,0.6356303692,1,0,0,0,0,0,-1,0.5,0,0,1000000000,0,0,1,0,0,0,0,0,0,0,0,0,-11.50734899,-11.29526933,1,0,0,0,0
4800,1789388703161714719,41602214254978,-3.75382217e-15,1,0,1,0.6356303692,1,0,0,0,0,0,-1,0.5,0,0,1000000000,0,0,1,0,0,0,0,0,0,0,0,0,-11.50734899,-11.29526933,1,0,0,0,0
4801,1789388703171712691,41602224252948,-3.75382217e-15,1,0,1,0.6356303692,1,0,0,0,0,0,-1,0.5,0,0,1000000000,0,0,1,0,0,0,0,0,0,0,0,0,-11.50734899,-11.29526933,1,0,0,0,0
4802,1789388703181747718,41602234287955,-3.75382217e-15,1,0,1,0.6356303692,1,0,0,0,0,0,-1,0.5,0,0,1000000000,0,0,1,0,0,0,0,0,0,0,0,0,-11.50734899,-11.29526933,1,0,0,0,0
4803,1789388703191746216,41602244286394,-3.75382217e-15,1,0,1,0.6356303692,1,0,0,0,0,0,-1,0.5,0,0,1000000000,0,0,1,0,0,0,0,0,0,0,0,0,-11.50734899,-11.29526933,1,0,0,0,0
4804,1789388703201718597,41602254258861,-3.75382217e-15,1,0,1,0.6356303692,1,0,0,0,0,0,-1,0.5,0,0,1000000000,0,0,1,0,0,0,0,0,0,0,0,0,-11.50734899,-11.29526933,1,0,0,0,0
4805,1789388703211718061,41602264258307,-3.75382217e-15,1,0,1,0.6356303692,1,0,0,0,0,0,-1,0.5,0,0,1000000000,0,0,1,0,0,0,0,0,0,0,0,0,-11.50734899,-11.29526933,1,0,0,0,0
4806,1789388703221718427,41602274258690,-3.75382217e-15,1,0,1,0.6356303692,1,0,0,0,0,0,-1,0.5,0,0,1000000000,0,0,1,0,0,0,0,0,0,0,0,0,-11.50734899,-11.29526933,1,0,0,0,0
4807,1789388703231700553,41602284240818,-3.75382217e-15,1,0,1,0.7118150592,1,0,0,0,0,0,-1,0.5,0,0,1000000000,0,0,1,0,0,0,0,0,0,0,0,0,-11.50734899,-11.29526933,1,0,0,0,0
4808,1789388703241733657,41602294273927,-3.75382217e-15,1,0,1,0.7118150592,1,0,0,0,0,0,-1,0.5,0,0,1000000000,0,0,1,0,0,0,0,0,0,0,0,0,-11.50734899,-11.29526933,1,0,0,0,0
4809,1789388703251707060,41602304247328,-3.75382217e-15,1,0,1,0.7118150592,1,0,0,0,0,0,-1,0.5,0,0,1000000000,0,0,1,0,0,0,0,0,0,0,0,0,-11.50734899,-11.29526933,1,0,0,0,0
4810,1789388703261699781,41602314240054,-3.75382217e-15,1,0,1,0.7118150592,1,0,0,0,0,0,-1,0.5,0,0,1000000000,0,0,1,0,0,0,0,0,0,0,0,0,-11.50734899,-11.29526933,1,0,0,0,0
4811,1789388703271695953,41602324236226,-3.75382217e-15,1,0,1,0.7118150592,1,0,0,0,0,0,-1,0.5,0,0,1000000000,0,0,1,0,0,0,0,0,0,0,0,0,-11.50734899,-11.29526933,1,0,0,0,0
4812,1789388703281780255,41602334320517,-3.75382217e-15,1,0,1,0.7118150592,1,0,0,0,0,0,-1,0.5,0,0,1000000000,0,0,1,0,0,0,0,0,0,0,0,0,-11.50734899,-11.29526933,1,0,0,0,0
4813,1789388703291698487,41602344238755,-3.75382217e-15,1,0,1,0.7118150592,1,0,0,0,0,0,-1,0.5,0,0,1000000000,0,0,1,0,0,0,0,0,0,0,0,0,-11.50734899,-11.29526933,1,0,0,0,0
4814,1789388703301700489,41602354240736,-3.75382217e-15,1,0,1,0.7118150592,1,0,0,0,0,0,-1,0.5,0,0,1000000000,0,0,1,0,0,0,0,0,0,0,0,0,-11.50734899,-11.29526933,1,0,0,0,0
4815,1789388703311699756,41602364240023,-3.75382217e-15,1,0,1,0.7118150592,1,0,0,0,0,0,-1,0.5,0,0,1000000000,0,0,1,0,0,0,0,0,0,0,0,0,-11.50734899,-11.29526933,1,0,0,0,0
4816,1789388703321695098,41602374235374,-3.75382217e-15,1,0,1,0.7118150592,1,0,0,0,0,0,-1,0.5,0,0,1000000000,0,0,1,0,0,0,0,0,0,0,0,0,-11.50734899,-11.29526933,1,0,0,0,0
4817,1789388703331695614,41602384235884,-3.75382217e-15,1,0,1,0.643219173,1,0,0,0,0,0,-1,0.5,0,0,1000000000,0,0,1,0,0,0,0,0,0,0,0,0,-11.50734899,-11.29526933,1,0,0,0,0
4818,1789388703341697354,41602394237628,-3.75382217e-15,1,0,1,0.643219173,1,0,0,0,0,0,-1,0.5,0,0,1000000000,0,0,1,0,0,0,0,0,0,0,0,0,-11.50734899,-11.29526933,1,0,0,0,0
4819,1789388703351694355,41602404234622,-3.75382217e-15,1,0,1,0.643219173,1,0,0,0,0,0,-1,0.5,0,0,1000000000,0,0,1,0,0,0,0,0,0,0,0,0,-11.50734899,-11.29526933,1,0,0,0,0
4820,1789388703361722709,41602414262974,-3.75382217e-15,1,0,1,0.643219173,1,0,0,0,0,0,-1,0.5,0,0,1000000000,0,0,1,0,0,0,0,0,0,0,0,0,-11.50734899,-11.29526933,1,0,0,0,0
4821,1789388703371700964,41602424241228,-3.75382217e-15,1,0,1,0.643219173,1,0,0,0,0,0,-1,0.5,0,0,1000000000,0,0,1,0,0,0,0,0,0,0,0,0,-11.50734899,-11.29526933,1,0,0,0,0
4822,1789388703381727339,41602434267566,-3.75382217e-15,1,0,1,0.643219173,1,0,0,0,0,0,-1,0.5,0,0,1000000000,0,0,1,0,0,0,0,0,0,0,0,0,-11.50734899,-11.29526933,1,0,0,0,0
4823,1789388703391741618,41602444281765,-3.75382217e-15,1,0,1,0.643219173,1,0,0,0,0,0,-1,0.5,0,0,1000000000,0,0,1,0,0,0,0,0,0,0,0,0,-11.50734899,-11.29526933,1,0,0,0,0
4824,1789388703401746554,41602454286802,-3.75382217e-15,1,0,1,0.643219173,1,0,0,0,0,0,-1,0.5,0,0,1000000000,0,0,1,0,0,0,0,0,0,0,0,0,-11.50734899,-11.29526933,1,0,0,0,0
4825,1789388703411721385,41602464261613,-3.75382217e-15,1,0,1,0.643219173,1,0,0,0,0,0,-1,0.5,0,0,1000000000,0,0,1,0,0,0,0,0,0,0,0,0,-11.50734899,-11.29526933,1,0,0,0,0
4826,1789388703421719345,41602474259612,-3.75382217e-15,1,0,1,0.643219173,1,0,0,0,0,0,-1,0.5,0,0,1000000000,0,0,1,0,0,0,0,0,0,0,0,0,-11.50734899,-11.29526933,1,0,0,0,0
4827,1789388703431725105,41602484265368,-3.75382217e-15,1,0,1,0.643219173,1,0,0,0,0,0,-1,0.5,0,0,1000000000,0,0,1,0,0,0,0,0,0,0,0,0,-11.50734899,-11.29526933,1,0,0,0,0
4828,1789388703441720064,41602494260324,-3.75382217e-15,1,0,1,0.6393441558,1,0,0,0,0,0,-1,0.5,0,0,1000000000,0,0,1,0,0,0,0,0,0,0,0,0,-11.50734899,-11.29526933,1,0,0,0,0
4829,1789388703451713735,41602504253989,-3.75382217e-15,1,0,1,0.6393441558,1,0,0,0,0,0,-1,0.5,0,0,1000000000,0,0,1,0,0,0,0,0,0,0,0,0,-11.50734899,-11.29526933,1,0,0,0,0
4830,1789388703461706930,41602514247200,-3.75382217e-15,1,0,1,0.6393441558,1,0,0,0,0,0,-1,0.5,0,0,1000000000,0,0,1,0,0,0,0,0,0,0,0,0,-11.50734899,-11.29526933,1,0,0,0,0
4831,1789388703471697863,41602524238133,-3.75382217e-15,1,0,1,0.6393441558,1,0,0,0,0,0,-1,0.5,0,0,1000000000,0,0,1,0,0,0,0,0,0,0,0,0,-11.50734899,-11.29526933,1,0,0,0,0
4832,1789388703481716931,41602534257199,-3.75382217e-15,1,0,1,0.6393441558,1,0,0,0,0,0,-1,0.5,0,0,1000000000,0,0,1,0,0,0,0,0,0,0,0,0,-11.50734899,-11.29526933,1,0,0,0,0
4833,1789388703491698568,41602544238813,-3.75382217e-15,1,0,1,0.6393441558,1,0,0,0,0,0,-1,0.5,0,0,1000000000,0,0,1,0,0,0,0,0,0,0,0,0,-11.50734899,-11.29526933,1,0,0,0,0
4834,1789388703501745323,41602554285592,-3.75382217e-15,1,0,1,0.6393441558,1,0,0,0,0,0,-1,0.5,0,0,1000000000,0,0,1,0,0,0,0,0,0,0,0,0,-11.50734899,-11.29526933,1,0,0,0,0
4835,1789388703511710931,41602564251193,-3.75382217e-15,1,0,1,0.6393441558,1,0,0,0,0,0,-1,0.5,0,0,1000000000,0,0,1,0,0,0,0,0,0,0,0,0,-11.50734899,-11.29526933,1,0,0,0,0
4836,1789388703521720987,41602574261254,-3.75382217e-15,1,0,1,0.6393441558,1,0,0,0,0,0,-1,0.5,0,0,1000000000,0,0,1,0,0,0,0,0,0,0,0,0,-11.50734899,-11.29526933,1,0,0,0,0
4837,1789388703531706382,41602584246648,-3.75382217e-15,1,0,1,0.6368538141,1,0,0,0,0,0,-1,0.5,0,0,1000000000,0,0,1,0,0,0,0,0,0,0,0,0,-11.50734899,-11.29526933,1,0,0,0,0
4838,1789388703541742377,41602594282647,-3.75382217e-15,1,0,1,0.6368538141,1,0,0,0,0,0,-1,0.5,0,0,1000000000,0,0,1,0,0,0,0,0,0,0,0,0,-11.50734899,-11.29526933,1,0,0,0,0
4839,1789388703551730545,41602604270669,-3.75382217e-15,1,0,1,0.6368538141,1,0,0,0,0,0,-1,0.5,0,0,1000000000,0,0,1,0,0,0,0,0,0,0,0,0,-11.50734899,-11.29526933,1,0,0,0,0
4840,1789388703561719210,41602614259458,-3.75382217e-15,1,0,1,0.6368538141,1,0,0,0,0,0,-1,0.5,0,0,1000000000,0,0,1,0,0,0,0,0,0,0,0,0,-11.50734899,-11.29526933,1,0,0,0,0
4841,1789388703571717206,41602624257433,-3.75382217e-15,1,0,1,0.6368538141,1,0,0,0,0,0,-1,0.5,0,0,1000000000,0,0,1,0,0,0,0,0,0,0,0,0,-11.50734899,-11.29526933,1,0,0,0,0
4842,1789388703581760794,41602634301052,-3.75382217e-15,1,0,1,0.6368538141,1,0,0,0,0,0,-1,0.5,0,0,1000000000,0,0,1,0,0,0,0,0,0,0,0,0,-11.50734899,-11.29526933,1,0,0,0,0
4843,1789388703591833712,41602644373960,-3.75382217e-15,1,0,1,0.6368538141,1,0,0,0,0,0,-1,0.5,0,0,1000000000,0,0,1,0,0,0,0,0,0,0,0,0,-11.50734899,-11.29526933,1,0,0,0,0
4844,1789388703601746579,41602654286829,-3.75382217e-15,1,0,1,0.6368538141,1,0,0,0,0,0,-1,0.5,0,0,1000000000,0,0,1,0,0,0,0,0,0,0,0,0,-11.50734899,-11.29526933,1,0,0,0,0
4845,1789388703611717452,41602664257695,-3.75382217e-15,1,0,1,0.6368538141,1,0,0,0,0,0,-1,0.5,0,0,1000000000,0,0,1,0,0,0,0,0,0,0,0,0,-11.50734899,-11.29526933,1,0,0,0,0
4846,1789388703621719178,41602674259442,-3.75382217e-15,1,0,1,0.6368538141,1,0,0,0,0,0,-1,0.5,0,0,1000000000,0,0,1,0,0,0,0,0,0,0,0,0,-11.50734899,-11.29526933,1,0,0,0,0
4847,1789388703631735654,41602684275919,-3.75382217e-15,1,0,1,0.6373960376,1,0,0,0,0,0,-1,0.5,0,0,1000000000,0,0,1,0,0,0,0,0,0,0,0,0,-11.50734899,-11.29526933,1,0,0,0,0
4848,1789388703641704080,41602694244248,-3.75382217e-15,1,0,1,0.6373960376,1,0,0,0,0,0,-1,0.5,0,0,1000000000,0,0,1,0,0,0,0,0,0,0,0,0,-11.50734899,-11.29526933,1,0,0,0,0
4849,1789388703651697819,41602704238088,-3.75382217e-15,1,0,1,0.6373960376,1,0,0,0,0,0,-1,0.5,0,0,1000000000,0,0,1,0,0,0,0,0,0,0,0,0,-11.50734899,-11.29526933,1,0,0,0,0
4850,1789388703661699294,41602714239563,-3.75382217e-15,1,0,1,0.6373960376,1,0,0,0,0,0,-1,0.5,0,0,1000000000,0,0,1,0,0,0,0,0,0,0,0,0,-11.50734899,-11.29526933,1,0,0,0,0
4851,1789388703671701323,41602724241587,-3.75382217e-15,1,0,1,0.6373960376,1,0,0,0,0,0,-1,0.5,0,0,1000000000,0,0,1,0,0,0,0,0,0,0,0,0,-11.50734899,-11.29526933,1,0,0,0,0
4852,1789388703681723365,41602734263629,-3.75382217e-15,1,0,1,0.6373960376,1,0,0,0,0,0,-1,0.5,0,0,1000000000,0,0,1,0,0,0,0,0,0,0,0,0,-11.50734899,-11.29526933,1,0,0,0,0
4853,1789388703691698624,41602744238890,-3.75382217e-15,1,0,1,0.6373960376,1,0,0,0,0,0,-1,0.5,0,0,1000000000,0,0,1,0,0,0,0,0,0,0,0,0,-11.50734899,-11.29526933,1,0,0,0,0
4854,1789388703701765015,41602754305277,-3.75382217e-15,1,0,1,0.6373960376,1,0,0,0,0,0,-1,0.5,0,0,1000000000,0,0,1,0,0,0,0,0,0,0,0,0,-11.50734899,-11.29526933,1,0,0,0,0
4855,1789388703711689452,41602764229723,-3.75382217e-15,1,0,1,0.6373960376,1,0,0,0,0,0,-1,0.5,0,0,1000000000,0,0,1,0,0,0,0,0,0,0,0,0,-11.50734899,-11.29526933,1,0,0,0,0
4856,1789388703721694411,41602774234682,-3.75382217e-15,1,0,1,0.6373960376,1,0,0,0,0,0,-1,0.5,0,0,1000000000,0,0,1,0,0,0,0,0,0,0,0,0,-11.50734899,-11.29526933,1,0,0,0,0
4857,1789388703731697432,41602784237701,-3.75382217e-15,1,0,1,0.6371660233,1,0,0,0,0,0,-1,0.5,0,0,1000000000,0,0,1,0,0,0,0,0,0,0,0,0,-11.50734899,-11.29526933,1,0,0,0,0
4858,1789388703741690152,41602794230430,-3.75382217e-15,1,0,1,0.6371660233,1,0,0,0,0,0,-1,0.5,0,0,1000000000,0,0,1,0,0,0,0,0,0,0,0,0,-11.50734899,-11.29526933,1,0,0,0,0
4859,1789388703751692987,41602804233252,-3.75382217e-15,1,0,1,0.6371660233,1,0,0,0,0,0,-1,0.5,0,0,1000000000,0,0,1,0,0,0,0,0,0,0,0,0,-11.50734899,-11.29526933,1,0,0,0,0
4860,1789388703761697823,41602814238089,-3.75382217e-15,1,0,1,0.6371660233,1,0,0,0,0,0,-1,0.5,0,0,1000000000,0,0,1,0,0,0,0,0,0,0,0,0,-11.50734899,-11.29526933,1,0,0,0,0
4861,1789388703771699907,41602824240081,-3.75382217e-15,1,0,1,0.6371660233,1,0,0,0,0,0,-1,0.5,0,0,1000000000,0,0,1,0,0,0,0,0,0,0,0,0,-11.50734899,-11.29526933,1,0,0,0,0
4862,1789388703781700319,41602834240588,-3.75382217e-15,1,0,1,0.6371660233,1,0,0,0,0,0,-1,0.5,0,0,1000000000,0,0,1,0,0,0,0,0,0,0,0,0,-11.49259106,-11.31382267,1,0,0,0,0
4863,1789388703791761574,41602844301798,-3.75382217e-15,1,0,1,0.6371660233,1,0,0,0,0,0,-1,0.5,0,0,1000000000,0,0,1,0,0,0,0,0,0,0,0,0,-11.49259106,-11.31382267,1,0,0,0,0
4864,1789388703801704121,41602854244388,-3.75382217e-15,1,0,1,0.6371660233,1,0,0,0,0,0,-1,0.5,0,0,1000000000,0,0,1,0,0,0,0,0,0,0,0,0,-11.49259106,-11.31382267,1,0,0,0,0
4865,1789388703811781698,41602864321636,-3.75382217e-15,1,0,1,0.6371660233,1,0,0,0,0,0,-1,0.5,0,0,1000000000,0,0,1,0,0,0,0,0,0,0,0,0,-11.49259106,-11.31382267,1,0,0,0,0
4866,1789388703821765623,41602874305831,-3.75382217e-15,1,0,1,0.6371660233,1,0,0,0,0,0,-1,0.5,0,0,1000000000,0,0,1,0,0,0,0,0,0,0,0,0,-11.49259106,-11.31382267,1,0,0,0,0
4867,1789388703831707315,41602884247580,-3.75382217e-15,1,0,1,0.6424883604,1,0,0,0,0,0,-1,0.5,0,0,1000000000,0,0,1,0,0,0,0,0,0,0,0,0,-11.49259106,-11.31382267,1,0,0,0,0
4868,1789388703841735630,41602894275871,-3.75382217e-15,1,0,1,0.6424883604,1,0,0,0,0,0,-1,0.5,0,0,1000000000,0,0,1,0,0,0,0,0,0,0,0,0,-11.49259106,-11.31382267,1,0,0,0,0
4869,1789388703851712575,41602904252838,-3.75382217e-15,1,0,1,0.6424883604,1,0,0,0,0,0,-1,0.5,0,0,1000000000,0,0,1,0,0,0,0,0,0,0,0,0,-11.49259106,-11.31382267,1,0,0,0,0
4870,1789388703861713901,41602914254171,-3.75382217e-15,1,0,1,0.6424883604,1,0,0,0,0,0,-1,0.5,0,0,1000000000,0,0,1,0,0,0,0,0,0,0,0,0,-11.49259106,-11.31382267,1,0,0,0,0
4871,1789388703871711109,41602924251374,-3.75382217e-15,1,0,1,0.6424883604,1,0,0,0,0,0,-1,0.5,0,0,1000000000,0,0,1,0,0,0,0,0,0,0,0,0,-11.49259106,-11.31382267,1,0,0,0,0
4872,1789388703881714934,41602934255170,-3.75382217e-15,1,0,1,0.6424883604,1,0,0,0,0,0,-1,0.5,0,0,1000000000,0,0,1,0,0,0,0,0,0,0,0,0,-11.50734899,-11.29526933,1,0,0,0,0
4873,1789388703891741297,41602944281450,-3.75382217e-15,1,0,1,0.6424883604,1,0,0,0,0,0,-1,0.5,0,0,1000000000,0,0,1,0,0,0,0,0,0,0,0,0,-11.50734899,-11.29526933,1,0,0,0,0
4874,1789388703901717434,41602954257700,-3.75382217e-15,1,0,1,0.6424883604,1,0,0,0,0,0,-1,0.5,0,0,1000000000,0,0,1,0,0,0,0,0,0,0,0,0,-11.50734899,-11.29526933,1,0,0,0,0
4875,1789388703911774389,41602964314654,-3.75382217e-15,1,0,1,0.6424883604,1,0,0,0,0,0,-1,0.5,0,0,1000000000,0,0,1,0,0,0,0,0,0,0,0,0,-11.50734899,-11.29526933,1,0,0,0,0
4876,1789388703921703236,41602974243388,-3.75382217e-15,1,0,1,0.6424883604,1,0,0,0,0,0,-1,0.5,0,0,1000000000,0,0,1,0,0,0,0,0,0,0,0,0,-11.50734899,-11.29526933,1,0,0,0,0
4877,1789388703931770492,41602984310761,-3.75382217e-15,1,0,1,0.6377049088,1,0,0,0,0,0,-1,0.5,0,0,1000000000,0,0,1,0,0,0,0,0,0,0,0,0,-11.50734899,-11.29526933,1,0,0,0,0
4878,1789388703941699284,41602994239553,-3.75382217e-15,1,0,1,0.6377049088,1,0,0,0,0,0,-1,0.5,0,0,1000000000,0,0,1,0,0,0,0,0,0,0,0,0,-11.50734899,-11.29526933,1,0,0,0,0
4879,1789388703951693919,41603004234190,-3.75382217e-15,1,0,1,0.6377049088,1,0,0,0,0,0,-1,0.5,0,0,1000000000,0,0,1,0,0,0,0,0,0,0,0,0,-11.50734899,-11.29526933,1,0,0,0,0
4880,1789388703961707935,41603014248206,-3.75382217e-15,1,0,1,0.6377049088,1,0,0,0,0,0,-1,0.5,0,0,1000000000,0,0,1,0,0,0,0,0,0,0,0,0,-11.50734899,-11.29526933,1,0,0,0,0
4881,1789388703971710011,41603024250250,-3.75382217e-15,1,0,1,0.6377049088,1,0,0,0,0,0,-1,0.5,0,0,1000000000,0,0,1,0,0,0,0,0,0,0,0,0,-11.50734899,-11.29526933,1,0,0,0,0
4882,1789388703981718394,41603034258541,-3.75382217e-15,1,0,1,0.6377049088,1,0,0,0,0,0,-1,0.5,0,0,1000000000,0,0,1,0,0,0,0,0,0,0,0,0,-11.50734899,-11.29526933,1,0,0,0,0
4883,1789388703991714399,41603044254645,-3.75382217e-15,1,0,1,0.6377049088,1,0,0,0,0,0,-1,0.5,0,0,1000000000,0,0,1,0,0,0,0,0,0,0,0,0,-11.50734899,-11.29526933,1,0,0,0,0
4884,1789388704001718283,41603054258539,-3.75382217e-15,1,0,1,0.6377049088,1,0,0,0,0,0,-1,0.5,0,0,1000000000,0,0,1,0,0,0,0,0,0,0,0,0,-11.50734899,-11.29526933,1,0,0,0,0
4885,1789388704011740506,41603064280500,-3.75382217e-15,1,0,1,0.6377049088,1,0,0,0,0,0,-1,0.5,0,0,1000000000,0,0,1,0,0,0,0,0,0,0,0,0,-11.50734899,-11.29526933,1,0,0,0,0
4886,1789388704021716870,41603074257130,-3.75382217e-15,1,0,1,0.6377049088,1,0,0,0,0,0,-1,0.5,0,0,1000000000,0,0,1,0,0,0,0,0,0,0,0,0,-11.50734899,-11.29526933,1,0,0,0,0
4887,1789388704031717129,41603084257390,-3.75382217e-15,1,0,1,0.6394813061,1,0,0,0,0,0,-1,0.5,0,0,1000000000,0,0,1,0,0,0,0,0,0,0,0,0,-11.50734899,-11.29526933,1,0,0,0,0
4888,1789388704041761530,41603094301674,-3.75382217e-15,1,0,1,0.6394813061,1,0,0,0,0,0,-1,0.5,0,0,1000000000,0,0,1,0,0,0,0,0,0,0,0,0,-11.50734899,-11.29526933,1,0,0,0,0
4889,1789388704051707843,41603104248109,-3.75382217e-15,1,0,1,0.6394813061,1,0,0,0,0,0,-1,0.5,0,0,1000000000,0,0,1,0,0,0,0,0,0,0,0,0,-11.50734899,-11.29526933,1,0,0,0,0
4890,1789388704061716942,41603114257202,-3.75382217e-15,1,0,1,0.6394813061,1,0,0,0,0,0,-1,0.5,0,0,1000000000,0,0,1,0,0,0,0,0,0,0,0,0,-11.50734899,-11.29526933,1,0,0,0,0
4891,1789388704071714459,41603124254727,-3.75382217e-15,1,0,1,0.6394813061,1,0,0,0,0,0,-1,0.5,0,0,1000000000,0,0,1,0,0,0,0,0,0,0,0,0,-11.50734899,-11.29526933,1,0,0,0,0
4892,1789388704081729217,41603134269386,-3.75382217e-15,1,0,1,0.6394813061,1,0,0,0,0,0,-1,0.5,0,0,1000000000,0,0,1,0,0,0,0,0,0,0,0,0,-11.50734899,-11.29526933,1,0,0,0,0
4893,1789388704091741319,41603144281563,-3.75382217e-15,1,0,1,0.6394813061,1,0,0,0,0,0,-1,0.5,0,0,1000000000,0,0,1,0,0,0,0,0,0,0,0,0,-11.50734899,-11.29526933,1,0,0,0,0
4894,1789388704101714551,41603154254817,-3.75382217e-15,1,0,1,0.6394813061,1,0,0,0,0,0,-1,0.5,0,0,1000000000,0,0,1,0,0,0,0,0,0,0,0,0,-11.50734899,-11.29526933,1,0,0,0,0
4895,1789388704111701715,41603164241982,-3.75382217e-15,1,0,1,0.6394813061,1,0,0,0,0,0,-1,0.5,0,0,1000000000,0,0,1,0,0,0,0,0,0,0,0,0,-11.50734899,-11.29526933,1,0,0,0,0
4896,1789388704121701171,41603174241435,-3.75382217e-15,1,0,1,0.6394813061,1,0,0,0,0,0,-1,0.5,0,0,1000000000,0,0,1,0,0,0,0,0,0,0,0,0,-11.50734899,-11.29526933,1,0,0,0,0
4897,1789388704131703996,41603184244268,-3.75382217e-15,1,0,1,0.6394813061,1,0,0,0,0,0,-1,0.5,0,0,1000000000,0,0,1,0,0,0,0,0,0,0,0,0,-11.50734899,-11.29526933,1,0,0,0,0
4898,1789388704141703832,41603194244098,-3.75382217e-15,1,0,1,0.6383785605,1,0,0,0,0,0,-1,0.5,0,0,1000000000,0,0,1,0,0,0,0,0,0,0,0,0,-11.50734899,-11.29526933,1,0,0,0,0
4899,1789388704151698561,41603204238831,-3.75382217e-15,1,0,1,0.6383785605,1,0,0,0,0,0,-1,0.5,0,0,1000000000,0,0,1,0,0,0,0,0,0,0,0,0,-11.50734899,-11.29526933,1,0,0,0,0
4900,1789388704161699980,41603214240251,-3.75382217e-15,1,0,1,0.6383785605,1,0,0,0,0,0,-1,0.5,0,0,1000000000,0,0,1,0,0,0,0,0,0,0,0,0,-11.50734899,-11.29526933,1,0,0,0,0
4901,1789388704171704630,41603224244899,-3.75382217e-15,1,0,1,0.6383785605,1,0,0,0,0,0,-1,0.5,0,0,1000000000,0,0,1,0,0,0,0,0,0,0,0,0,-11.50734899,-11.29526933,1,0,0,0,0
4902,1789388704181805888,41603234345614,-3.75382217e-15,1,0,1,0.6383785605,1,0,0,0,0,0,-1,0.5,0,0,1000000000,0,0,1,0,0,0,0,0,0,0,0,0,-11.50734899,-11.29526933,1,0,0,0,0
4903,1789388704191701769,41603244242036,-3.75382217e-15,1,0,1,0.6383785605,1,0,0,0,0,0,-1,0.5,0,0,1000000000,0,0,1,0,0,0,0,0,0,0,0,0,-11.50734899,-11.29526933,1,0,0,0,0
4904,1789388704201760712,41603254300980,-3.75382217e-15,1,0,1,0.6383785605,1,0,0,0,0,0,-1,0.5,0,0,1000000000,0,0,1,0,0,0,0,0,0,0,0,0,-11.50734899,-11.29526933,1,0,0,0,0
4905,1789388704211725841,41603264266107,-3.75382217e-15,1,0,1,0.6383785605,1,0,0,0,0,0,-1,0.5,0,0,1000000000,0,0,1,0,0,0,0,0,0,0,0,0,-11.50734899,-11.29526933,1,0,0,0,0
4906,1789388704221715105,41603274255377,-3.75382217e-15,1,0,1,0.6383785605,1,0,0,0,0,0,-1,0.5,0,0,1000000000,0,0,1,0,0,0,0,0,0,0,0,0,-11.50734899,-11.29526933,1,0,0,0,0
4907,1789388704231713361,41603284253623,-3.75382217e-15,1,0,1,0.6382485032,1,0,0,0,0,0,-1,0.5,0,0,1000000000,0,0,1,0,0,0,0,0,0,0,0,0,-11.50734899,-11.29526933,1,0,0,0,0
4908,1789388704241710971,41603294251244,-3.75382217e-15,1,0,1,0.6382485032,1,0,0,0,0,0,-1,0.5,0,0,1000000000,0,0,1,0,0,0,0,0,0,0,0,0,-11.50734899,-11.29526933,1,0,0,0,0
4909,1789388704251754693,41603304294883,-3.75382217e-15,1,0,1,0.6382485032,1,0,0,0,0,0,-1,0.5,0,0,1000000000,0,0,1,0,0,0,0,0,0,0,0,0,-11.50734899,-11.29526933,1,0,0,0,0
4910,1789388704261713531,41603314253789,-3.75382217e-15,1,0,1,0.6382485032,1,0,0,0,0,0,-1,0.5,0,0,1000000000,0,0,1,0,0,0,0,0,0,0,0,0,-11.50734899,-11.29526933,1,0,0,0,0
4911,1789388704271708912,41603324249176,-3.75382217e-15,1,0,1,0.6382485032,1,0,0,0,0,0,-1,0.5,0,0,1000000000,0,0,1,0,0,0,0,0,0,0,0,0,-11.50734899,-11.29526933,1,0,0,0,0
4912,1789388704281718813,41603334259053,-3.75382217e-15,1,0,1,0.6382485032,1,0,0,0,0,0,-1,0.5,0,0,1000000000,0,0,1,0,0,0,0,0,0,0,0,0,-11.50734899,-11.29526933,1,0,0,0,0
4913,1789388704291714448,41603344254717,-3.75382217e-15,1,0,1,0.6382485032,1,0,0,0,0,0,-1,0.5,0,0,1000000000,0,0,1,0,0,0,0,0,0,0,0,0,-11.50734899,-11.29526933,1,0,0,0,0
4914,1789388704301744109,41603354284378,-3.75382217e-15,1,0,1,0.6382485032,1,0,0,0,0,0,-1,0.5,0,0,1000000000,0,0,1,0,0,0,0,0,0,0,0,0,-11.50734899,-11.29526933,1,0,0,0,0
4915,1789388704312189289,41603364729560,-3.75382217e-15,1,0,1,0.6382485032,1,0,0,0,0,0,-1,0.5,0,0,1000000000,0,0,1,0,0,0,0,0,0,0,0,0,-11.50734899,-11.29526933,1,0,0,0,0
4916,1789388704321700967,41603374241163,-3.75382217e-15,1,0,1,0.6382485032,1,0,0,0,0,0,-1,0.5,0,0,1000000000,0,0,1,0,0,0,0,0,0,0,0,0,-11.50734899,-11.29526933,1,0,0,0,0
4917,1789388704331696877,41603384237144,-3.75382217e-15,1,0,1,0.6339576244,1,0,0,0,0,0,-1,0.5,0,0,1000000000,0,0,1,0,0,0,0,0,0,0,0,0,-11.50734899,-11.29526933,1,0,0,0,0
4918,1789388704341705752,41603394246021,-3.75382217e-15,1,0,1,0.6339576244,1,0,0,0,0,0,-1,0.5,0,0,1000000000,0,0,1,0,0,0,0,0,0,0,0,0,-11.50734899,-11.29526933,1,0,0,0,0
4919,1789388704351700638,41603404240906,-3.75382217e-15,1,0,1,0.6339576244,1,0,0,0,0,0,-1,0.5,0,0,1000000000,0,0,1,0,0,0,0,0,0,0,0,0,-11.50734899,-11.29526933,1,0,0,0,0
4920,1789388704361717169,41603414257426,-3.75382217e-15,1,0,1,0.6339576244,1,0,0,0,0,0,-1,0.5,0,0,1000000000,0,0,1,0,0,0,0,0,0,0,0,0,-11.50734899,-11.29526933,1,0,0,0,0
4921,1789388704371741581,41603424281852,-3.75382217e-15,1,0,1,0.6339576244,1,0,0,0,0,0,-1,0.5,0,0,1000000000,0,0,1,0,0,0,0,0,0,0,0,0,-11.50734899,-11.29526933,1,0,0,0,0
4922,1789388704381762840,41603434303082,-3.75382217e-15,1,0,1,0.6339576244,1,0,0,0,0,0,-1,0.5,0,0,1000000000,0,0,1,0,0,0,0,0,0,0,0,0,-11.50734899,-11.29526933,1,0,0,0,0
4923,1789388704391723351,41603444263620,-3.75382217e-15,1,0,1,0.6339576244,1,0,0,0,0,0,-1,0.5,0,0,1000000000,0,0,1,0,0,0,0,0,0,0,0,0,-11.50734899,-11.29526933,1,0,0,0,0
4924,1789388704401726106,41603454266355,-3.75382217e-15,1,0,1,0.6339576244,1,0,0,0,0,0,-1,0.5,0,0,1000000000,0,0,1,0,0,0,0,0,0,0,0,0,-11.50734899,-11.29526933,1,0,0,0,0
4925,1789388704411717350,41603464257607,-3.75382217e-15,1,0,1,0.6339576244,1,0,0,0,0,0,-1,0.5,0,0,1000000000,0,0,1,0,0,0,0,0,0,0,0,0,-11.50734899,-11.29526933,1,0,0,0,0
4926,1789388704421716281,41603474256538,-3.75382217e-15,1,0,1,0.6339576244,1,0,0,0,0,0,-1,0.5,0,0,1000000000,0,0,1,0,0,0,0,0,0,0,0,0,-11.50734899,-11.29526933,1,0,0,0,0
4927,1789388704431718733,41603484258996,-3.75382217e-15,1,0,1,0.639563024,1,0,0,0,0,0,-1,0.5,0,0,1000000000,0,0,1,0,0,0,0,0,0,0,0,0,-11.50734899,-11.29526933,1,0,0,0,0
4928,1789388704441755439,41603494295681,-3.75382217e-15,1,0,1,0.639563024,1,0,0,0,0,0,-1,0.5,0,0,1000000000,0,0,1,0,0,0,0,0,0,0,0,0,-11.50734899,-11.29526933,1,0,0,0,0
4929,1789388704451718078,41603504258352,-3.75382217e-15,1,0,1,0.639563024,1,0,0,0,0,0,-1,0.5,0,0,1000000000,0,0,1,0,0,0,0,0,0,0,0,0,-11.50734899,-11.29526933,1,0,0,0,0
4930,1789388704461716664,41603514256938,-3.75382217e-15,1,0,1,0.639563024,1,0,0,0,0,0,-1,0.5,0,0,1000000000,0,0,1,0,0,0,0,0,0,0,0,0,-11.50734899,-11.29526933,1,0,0,0,0
4931,1789388704471713007,41603524253252,-3.75382217e-15,1,0,1,0.639563024,1,0,0,0,0,0,-1,0.5,0,0,1000000000,0,0,1,0,0,0,0,0,0,0,0,0,-11.50734899,-11.29526933,1,0,0,0,0
4932,1789388704481738942,41603534279089,-3.75382217e-15,1,0,1,0.639563024,1,0,0,0,0,0,-1,0.5,0,0,1000000000,0,0,1,0,0,0,0,0,0,0,0,0,-11.50734899,-11.29526933,1,0,0,0,0
4933,1789388704491735024,41603544275285,-3.75382217e-15,1,0,1,0.639563024,1,0,0,0,0,0,-1,0.5,0,0,1000000000,0,0,1,0,0,0,0,0,0,0,0,0,-11.50734899,-11.29526933,1,0,0,0,0
4934,1789388704501721662,41603554261914,-3.75382217e-15,1,0,1,0.639563024,1,0,0,0,0,0,-1,0.5,0,0,1000000000,0,0,1,0,0,0,0,0,0,0,0,0,-11.50734899,-11.29526933,1,0,0,0,0
4935,1789388704511768463,41603564308541,-3.75382217e-15,1,0,1,0.639563024,1,0,0,0,0,0,-1,0.5,0,0,1000000000,0,0,1,0,0,0,0,0,0,0,0,0,-11.50734899,-11.29526933,1,0,0,0,0
4936,1789388704521720686,41603574260950,-3.75382217e-15,1,0,1,0.639563024,1,0,0,0,0,0,-1,0.5,0,0,1000000000,0,0,1,0,0,0,0,0,0,0,0,0,-11.50734899,-11.29526933,1,0,0,0,0
4937,1789388704531719238,41603584259486,-3.75382217e-15,1,0,1,0.6387251019,1,0,0,0,0,0,-1,0.5,0,0,1000000000,0,0,1,0,0,0,0,0,0,0,0,0,-11.50734899,-11.29526933,1,0,0,0,0
4938,1789388704541710313,41603594250584,-3.75382217e-15,1,0,1,0.6387251019,1,0,0,0,0,0,-1,0.5,0,0,1000000000,0,0,1,0,0,0,0,0,0,0,0,0,-11.50734899,-11.29526933,1,0,0,0,0
4939,1789388704551699798,41603604240067,-3.75382217e-15,1,0,1,0.6387251019,1,0,0,0,0,0,-1,0.5,0,0,1000000000,0,0,1,0,0,0,0,0,0,0,0,0,-11.50734899,-11.29526933,1,0,0,0,0
4940,1789388704561692047,41603614232316,-3.75382217e-15,1,0,1,0.6387251019,1,0,0,0,0,0,-1,0.5,0,0,1000000000,0,0,1,0,0,0,0,0,0,0,0,0,-11.50734899,-11.29526933,1,0,0,0,0
4941,1789388704571694497,41603624234769,-3.75382217e-15,1,0,1,0.6387251019,1,0,0,0,0,0,-1,0.5,0,0,1000000000,0,0,1,0,0,0,0,0,0,0,0,0,-11.50734899,-11.29526933,1,0,0,0,0
4942,1789388704581719371,41603634259626,-3.75382217e-15,1,0,1,0.6387251019,1,0,0,0,0,0,-1,0.5,0,0,1000000000,0,0,1,0,0,0,0,0,0,0,0,0,-11.50734899,-11.29526933,1,0,0,0,0
4943,1789388704591720741,41603644260980,-3.75382217e-15,1,0,1,0.6387251019,1,0,0,0,0,0,-1,0.5,0,0,1000000000,0,0,1,0,0,0,0,0,0,0,0,0,-11.50734899,-11.29526933,1,0,0,0,0
4944,1789388704601721563,41603654261803,-3.75382217e-15,1,0,1,0.6387251019,1,0,0,0,0,0,-1,0.5,0,0,1000000000,0,0,1,0,0,0,0,0,0,0,0,0,-11.50734899,-11.29526933,1,0,0,0,0
4945,1789388704611718095,41603664258351,-3.75382217e-15,1,0,1,0.6387251019,1,0,0,0,0,0,-1,0.5,0,0,1000000000,0,0,1,0,0,0,0,0,0,0,0,0,-11.50734899,-11.29526933,1,0,0,0,0
4946,1789388704621739310,41603674279578,-3.75382217e-15,1,0,1,0.6387251019,1,0,0,0,0,0,-1,0.5,0,0,1000000000,0,0,1,0,0,0,0,0,0,0,0,0,-11.50734899,-11.29526933,1,0,0,0,0
4947,1789388704631714245,41603684254509,-3.75382217e-15,1,0,1,0.642483592,1,0,1,0,0,0,-1,0.5,1,0,1000000000,0,0,1,0,0,0,0,0,0,0,0,0,-11.50734899,-11.29526933,1,0,0,0,0
4948,1789388704641745841,41603694286093,-3.75382217e-15,1,0,1,0.642483592,1,0,0,0,0,0,-1,0.5,1,0,1000000000,0,0,1,0,0,0,0,0,0,0,0,0,-11.50734899,-11.29526933,1,0,0,0,0
4949,1789388704651712751,41603704253008,-3.75382217e-15,1,0,1,0.642483592,1,0,0,0,0,0,-1,0.5,1,0,1000000000,0,0,1,0,0,0,0,0,0,0,0,0,-11.50734899,-11.29526933,1,0,0,0,0
4950,1789388704661703553,41603714243820,-3.75382217e-15,1,0,1,0.642483592,1,0,0,0,0,0,-1,0.5,1,0,1000000000,0,0,1,0,0,0,0,0,0,0,0,0,-11.50734899,-11.29526933,1,0,0,0,0
4951,1789388704671703480,41603724243751,-3.75382217e-15,1,0,1,0.642483592,1,0,0,0,0,0,-1,0.5,1,0,1000000000,0,0,1,0,0,0,0,0,0,0,0,0,-11.50734899,-11.29526933,1,0,0,0,0
4952,1789388704681710469,41603734250738,-3.75382217e-15,1,0,1,0.642483592,1,0,0,0,0,0,-1,0.5,1,0,1000000000,0,0,1,0,0,0,0,0,0,0,0,0,-11.50734899,-11.29526933,1,0,0,0,0
4953,1789388704691710315,41603744250584,-3.75382217e-15,1,0,1,0.642483592,1,0,0,0,0,0,-1,0.5,1,0,1000000000,0,0,1,0,0,0,0,0,0,0,0,0,-11.50734899,-11.29526933,1,0,0,0,0
4954,1789388704701698030,41603754238293,-3.75382217e-15,1,0,1,0.642483592,1,0,0,0,0,0,-1,0.5,1,0,1000000000,0,0,1,0,0,0,0,0,0,0,0,0,-11.50734899,-11.29526933,1,0,0,0,0
4955,1789388704711701187,41603764241457,-3.75382217e-15,1,0,1,0.642483592,1,0,0,0,0,0,-1,0.5,1,0,1000000000,0,0,1,0,0,0,0,0,0,0,0,0,-11.50734899,-11.29526933,1,0,0,0,0
4956,1789388704721704419,41603774244691,-3.75382217e-15,1,0,1,0.642483592,1,0,0,0,0,0,-1,0.5,1,0,1000000000,0,0,1,0,0,0,0,0,0,0,0,0,-11.50734899,-11.29526933,1,0,0,0,0
4957,1789388704731705301,41603784245573,-3.75382217e-15,1,0,1,0.6366251111,1,0,0,0,0,0,-1,0.5,1,0,1000000000,0,0,1,0,0,0,0,0,0,0,0,0,-11.50734899,-11.29526933,1,0,0,0,0
4958,1789388704741698482,41603794238744,-3.75382217e-15,1,0,1,0.6366251111,1,0,0,0,0,0,-1,0.5,1,0,1000000000,0,0,1,0,0,0,0,0,0,0,0,0,-11.50734899,-11.29526933,1,0,0,0,0
4959,1789388704751695773,41603804236043,-3.75382217e-15,1,0,1,0.6366251111,1,0,0,0,0,0,-1,0.5,1,0,1000000000,0,0,1,0,0,0,0,0,0,0,0,0,-11.50734899,-11.29526933,1,0,0,0,0
4960,1789388704761694983,41603814235252,-3.75382217e-15,1,0,1,0.6366251111,1,0,0,0,0,0,-1,0.5,1,0,1000000000,0,0,1,0,0,0,0,0,0,0,0,0,-11.50734899,-11.29526933,1,0,0,0,0
4961,1789388704771704413,41603824244677,-3.75382217e-15,1,0,1,0.6366251111,1,0,0,0,0,0,-1,0.5,1,0,1000000000,0,0,1,0,0,0,0,0,0,0,0,0,-11.50734899,-11.29526933,1,0,0,0,0
4962,1789388704781696647,41603834236916,-3.75382217e-15,1,0,1,0.6366251111,1,0,0,0,0,0,-1,0.5,1,0,1000000000,0,0,1,0,0,0,0,0,0,0,0,0,-11.50734899,-11.29526933,1,0,0,0,0
4963,1789388704791697549,41603844237798,-3.75382217e-15,1,0,1,0.6366251111,1,0,0,0,0,0,-1,0.5,1,0,1000000000,0,0,1,0,0,0,0,0,0,0,0,0,-11.50734899,-11.29526933,1,0,0,0,0
4964,1789388704801748645,41603854288914,-3.75382217e-15,1,0,1,0.6366251111,1,0,0,0,0,0,-1,0.5,1,0,1000000000,0,0,1,0,0,0,0,0,0,0,0,0,-11.50734899,-11.29526933,1,0,0,0,0
4965,1789388704811700226,41603864240490,-3.75382217e-15,1,0,1,0.6366251111,1,0,0,0,0,0,-1,0.5,1,0,1000000000,0,0,1,0,0,0,0,0,0,0,0,0,-11.50734899,-11.29526933,1,0,0,0,0
4966,1789388704821707379,41603874247633,-3.75382217e-15,1,0,1,0.6366251111,1,0,0,0,0,0,-1,0.5,1,0,1000000000,0,0,1,0,0,0,0,0,0,0,0,0,-11.50734899,-11.29526933,1,0,0,0,0
4967,1789388704831705702,41603884245974,-3.75382217e-15,1,0,1,0.6366251111,1,0,0,0,0,0,-1,0.5,1,0,1000000000,0,0,1,0,0,0,0,0,0,0,0,0,-11.50734899,-11.29526933,1,0,0,0,0
4968,1789388704841697609,41603894237882,-3.75382217e-15,1,0,1,0.6337265372,1,0,0,0,0,0,-1,0.5,1,0,1000000000,0,0,1,0,0,0,0,0,0,0,0,0,-11.50734899,-11.29526933,1,0,0,0,0
4969,1789388704851691991,41603904232263,-3.75382217e-15,1,0,1,0.6337265372,1,0,0,0,0,0,-1,0.5,1,0,1000000000,0,0,1,0,0,0,0,0,0,0,0,0,-11.50734899,-11.29526933,1,0,0,0,0
4970,1789388704861694137,41603914234410,-3.75382217e-15,1,0,1,0.6337265372,1,0,0,0,0,0,-1,0.5,1,0,1000000000,0,0,1,0,0,0,0,0,0,0,0,0,-11.50734899,-11.29526933,1,0,0,0,0
4971,1789388704871705566,41603924245839,-3.75382217e-15,1,0,1,0.6337265372,1,0,0,0,0,0,-1,0.5,1,0,1000000000,0,0,1,0,0,0,0,0,0,0,0,0,-11.50734899,-11.29526933,1,0,0,0,0
4972,1789388704881696787,41603934237058,-3.75382217e-15,1,0,1,0.6337265372,1,0,0,0,0,0,-1,0.5,1,0,1000000000,0,0,1,0,0,0,0,0,0,0,0,0,-11.50734899,-11.29526933,1,0,0,0,0
4973,1789388704891707234,41603944247504,-3.75382217e-15,1,0,1,0.6337265372,1,0,0,0,0,0,-1,0.5,1,0,1000000000,0,0,1,0,0,0,0,0,0,0,0,0,-11.50734899,-11.29526933,1,0,0,0,0
4974,1789388704901703447,41603954243717,-3.75382217e-15,1,0,1,0.6337265372,1,0,0,0,0,0,-1,0.5,1,0,1000000000,0,0,1,0,0,0,0,0,0,0,0,0,-11.50734899,-11.29526933,1,0,0,0,0
4975,1789388704912070370,41603964610639,-3.75382217e-15,1,0,1,0.6337265372,1,0,0,0,0,0,-1,0.5,1,0,1000000000,0,0,1,0,0,0,0,0,0,0,0,0,-11.50734899,-11.29526933,1,0,0,0,0
4976,1789388704921699968,41603974240241,-3.75382217e-15,1,0,1,0.6337265372,1,0,0,0,0,0,-1,0.5,1,0,1000000000,0,0,1,0,0,0,0,0,0,0,0,0,-11.50734899,-11.29526933,1,0,0,0,0
4977,1789388704931701994,41603984242264,-3.75382217e-15,1,0,1,0.6337265372,1,0,0,0,0,0,-1,0.5,1,0,1000000000,0,0,1,0,0,0,0,0,0,0,0,0,-11.50734899,-11.29526933,1,0,0,0,0
4978,1789388704941695272,41603994235540,-3.75382217e-15,1,0,1,0.6452159286,1,0,0,0,0,0,-1,0.5,1,0,1000000000,0,0,1,0,0,0,0,0,0,0,0,0,-11.50734899,-11.29526933,1,0,0,0,0
4979,1789388704951697642,41604004237910,-3.75382217e-15,1,0,1,0.6452159286,1,0,0,0,0,0,-1,0.5,1,0,1000000000,0,0,1,0,0,0,0,0,0,0,0,0,-11.50734899,-11.29526933,1,0,0,0,0
4980,1789388704961689734,41604014230005,-3.75382217e-15,1,0,1,0.6452159286,1,0,0,0,0,0,-1,0.5,1,0,1000000000,0,0,1,0,0,0,0,0,0,0,0,0,-11.50734899,-11.29526933,1,0,0,0,0
4981,1789388704971703219,41604024243486,-3.75382217e-15,1,0,1,0.6452159286,1,0,0,0,0,0,-1,0.5,1,0,1000000000,0,0,1,0,0,0,0,0,0,0,0,0,-11.50734899,-11.29526933,1,0,0,0,0
4982,1789388704981705424,41604034245682,-3.75382217e-15,1,0,1,0.6452159286,1,0,0,0,0,0,-1,0.5,1,0,1000000000,0,0,1,0,0,0,0,0,0,0,0,0,-11.50734899,-11.276716,1,0,0,0,0
4983,1789388704991696811,41604044237072,-3.75382217e-15,1,0,1,0.6452159286,1,0,0,0,0,0,-1,0.5,1,0,1000000000,0,0,1,0,0,0,0,0,0,0,0,0,-11.50734899,-11.276716,1,0,0,0,0
4984,1789388705001782951,41604054322785,-3.75382217e-15,1,0,1,0.6452159286,1,0,0,0,0,0,-1,0.5,1,0,1000000000,0,0,1,0,0,0,0,0,0,0,0,0,-11.50734899,-11.276716,1,0,0,0,0
4985,1789388705011707984,41604064248253,-3.75382217e-15,1,0,1,0.6452159286,1,0,0,0,0,0,-1,0.5,1,0,1000000000,0,0,1,0,0,0,0,0,0,0,0,0,-11.50734899,-11.276716,1,0,0,0,0
4986,1789388705021759129,41604074299398,-3.75382217e-15,1,0,1,0.6452159286,1,0,0,0,0,0,-1,0.5,1,0,1000000000,0,0,1,0,0,0,0,0,0,0,0,0,-11.50734899,-11.276716,1,0,0,0,0
4987,1789388705031705265,41604084245526,-3.75382217e-15,1,0,1,0.7137389779,1,0,0,0,0,0,-1,0.5,1,0,1000000000,0,0,1,0,0,0,0,0,0,0,0,0,-11.50734899,-11.276716,1,0,0,0,0
4988,1789388705041754138,41604094294397,-3.75382217e-15,1,0,1,0.7137389779,1,0,0,0,0,0,-1,0.5,1,0,1000000000,0,0,1,0,0,0,0,0,0,0,0,0,-11.50734899,-11.276716,1,0,0,0,0
4989,1789388705051716684,41604104256948,-3.75382217e-15,1,0,1,0.7137389779,1,0,0,0,0,0,-1,0.5,1,0,1000000000,0,0,1,0,0,0,0,0,0,0,0,0,-11.50734899,-11.276716,1,0,0,0,0
4990,1789388705061711601,41604114251860,-3.75382217e-15,1,0,1,0.7137389779,1,0,0,0,0,0,-1,0.5,1,0,1000000000,0,0,1,0,0,0,0,0,0,0,0,0,-11.50734899,-11.276716,1,0,0,0,0
4991,1789388705071769324,41604124309594,-3.75382217e-15,1,0,1,0.7137389779,1,0,0,0,0,0,-1,0.5,1,0,1000000000,0,0,1,0,0,0,0,0,0,0,0,0,-11.50734899,-11.276716,1,0,0,0,0
4992,1789388705081733273,41604134273514,-3.75382217e-15,1,0,1,0.7137389779,1,0,0,0,0,0,-1,0.5,1,0,1000000000,0,0,1,0,0,0,0,0,0,0,0,0,-11.50734899,-11.276716,1,0,0,0,0
4993,1789388705091731165,41604144271428,-3.75382217e-15,1,0,1,0.7137389779,1,0,0,0,0,0,-1,0.5,1,0,1000000000,0,0,1,0,0,0,0,0,0,0,0,0,-11.50734899,-11.276716,1,0,0,0,0
4994,1789388705101721562,41604154261805,-3.75382217e-15,1,0,1,0.7137389779,1,0,0,0,0,0,-1,0.5,1,0,1000000000,0,0,1,0,0,0,0,0,0,0,0,0,-11.50734899,-11.276716,1,0,0,0,0
4995,1789388705111709126,41604164249305,-3.75382217e-15,1,0,1,0.7137389779,1,0,0,0,0,0,-1,0.5,1,0,1000000000,0,0,1,0,0,0,0,0,0,0,0,0,-11.50734899,-11.276716,1,0,0,0,0
4996,1789388705121701416,41604174241687,-3.75382217e-15,1,0,1,0.7137389779,1,0,0,0,0,0,-1,0.5,1,0,1000000000,0,0,1,0,0,0,0,0,0,0,0,0,-11.50734899,-11.276716,1,0,0,0,0
4997,1789388705131702501,41604184242770,-3.75382217e-15,1,0,1,0.6485145092,1,0,0,0,0,0,-1,0.5,0,0,1000000000,0,0,1,0,0,0,0,0,0,0,0,0,-11.50734899,-11.276716,1,0,0,0,0
4998,1789388705141698783,41604194239054,-3.75382217e-15,1,0,1,0.6485145092,1,0,0,0,0,0,-1,0.5,0,0,1000000000,0,0,1,0,0,0,0,0,0,0,0,0,-11.50734899,-11.276716,1,0,0,0,0
4999,1789388705151915252,41604204455522,-3.75382217e-15,1,0,1,0.6485145092,1,0,0,0,0,0,-1,0.5,0,0,1000000000,0,0,1,0,0,0,0,0,0,0,0,0,-11.50734899,-11.276716,1,0,0,0,0
5000,1789388705161698685,41604214238957,-3.75382217e-15,1,0,1,0.6485145092,1,0,0,0,0,0,-1,0.5,0,0,1000000000,0,0,1,0,0,0,0,0,0,0,0,0,-11.50734899,-11.276716,1,0,0,0,0
5001,1789388705171717673,41604224257917,-3.75382217e-15,1,0,1,0.6485145092,1,0,0,0,0,0,-1,0.5,0,0,1000000000,0,0,1,0,0,0,0,0,0,0,0,0,-11.50734899,-11.276716,1,0,0,0,0
5002,1789388705181737546,41604234277796,-3.75382217e-15,1,0,1,0.6485145092,1,0,0,0,0,0,-1,0.5,0,0,1000000000,0,0,1,0,0,0,0,0,0,0,0,0,-11.50734899,-11.29526933,1,0,0,0,0
5003,1789388705191711816,41604244252063,-3.75382217e-15,1,0,1,0.6485145092,1,0,0,0,0,0,-1,0.5,0,0,1000000000,0,0,1,0,0,0,0,0,0,0,0,0,-11.50734899,-11.29526933,1,0,0,0,0
5004,1789388705201711707,41604254251954,-3.75382217e-15,1,0,1,0.6485145092,1,0,0,0,0,0,-1,0.5,0,0,1000000000,0,0,1,0,0,0,0,0,0,0,0,0,-11.50734899,-11.29526933,1,0,0,0,0
5005,1789388705211716643,41604264256892,-3.75382217e-15,1,0,1,0.6485145092,1,0,0,0,0,0,-1,0.5,0,0,1000000000,0,0,1,0,0,0,0,0,0,0,0,0,-11.50734899,-11.29526933,1,0,0,0,0
5006,1789388705221735783,41604274276047,-3.75382217e-15,1,0,1,0.6485145092,1,0,0,0,0,0,-1,0.5,0,0,1000000000,0,0,1,0,0,0,0,0,0,0,0,0,-11.50734899,-11.29526933,1,0,0,0,0
5007,1789388705231705998,41604284246269,-3.75382217e-15,1,0,1,0.6424455047,1,0,0,0,0,0,-1,0.5,0,0,1000000000,0,0,1,0,0,0,0,0,0,0,0,0,-11.50734899,-11.29526933,1,0,0,0,0
5008,1789388705241776433,41604294316693,-3.75382217e-15,1,0,1,0.6424455047,1,0,0,0,0,0,-1,0.5,0,0,1000000000,0,0,1,0,0,0,0,0,0,0,0,0,-11.50734899,-11.29526933,1,0,0,0,0
5009,1789388705251713731,41604304253884,-3.75382217e-15,1,0,1,0.6424455047,1,0,0,0,0,0,-1,0.5,0,0,1000000000,0,0,1,0,0,0,0,0,0,0,0,0,-11.50734899,-11.29526933,1,0,0,0,0
5010,1789388705261714303,41604314254572,-3.75382217e-15,1,0,1,0.6424455047,1,0,0,0,0,0,-1,0.5,0,0,1000000000,0,0,1,0,0,0,0,0,0,0,0,0,-11.50734899,-11.29526933,1,0,0,0,0
5011,1789388705271756440,41604324296681,-3.75382217e-15,1,0,1,0.6424455047,1,0,0,0,0,0,-1,0.5,0,0,1000000000,0,0,1,0,0,0,0,0,0,0,0,0,-11.50734899,-11.29526933,1,0,0,0,0
5012,1789388705281713330,41604334253584,-3.75382217e-15,1,0,1,0.6424455047,1,0,0,0,0,0,-1,0.5,0,0,1000000000,0,0,1,0,0,0,0,0,0,0,0,0,-11.50734899,-11.29526933,1,0,0,0,0
5013,1789388705291876766,41604344417019,-3.75382217e-15,1,0,1,0.6424455047,1,0,0,0,0,0,-1,0.5,0,0,1000000000,0,0,1,0,0,0,0,0,0,0,0,0,-11.50734899,-11.29526933,1,0,0,0,0
5014,1789388705301730703,41604354270961,-3.75382217e-15,1,0,1,0.6424455047,1,0,0,0,0,0,-1,0.5,0,0,1000000000,0,0,1,0,0,0,0,0,0,0,0,0,-11.50734899,-11.29526933,1,0,0,0,0
5015,1789388705311714661,41604364254924,-3.75382217e-15,1,0,1,0.6424455047,1,0,0,0,0,0,-1,0.5,0,0,1000000000,0,0,1,0,0,0,0,0,0,0,0,0,-11.50734899,-11.29526933,1,0,0,0,0
5016,1789388705321713826,41604374254100,-3.75382217e-15,1,0,1,0.6424455047,1,0,0,0,0,0,-1,0.5,0,0,1000000000,0,0,1,0,0,0,0,0,0,0,0,0,-11.50734899,-11.29526933,1,0,0,0,0
5017,1789388705331773967,41604384314165,-3.75382217e-15,1,0,1,0.6389347911,1,0,0,0,0,0,-1,0.5,0,0,1000000000,0,0,1,0,0,0,0,0,0,0,0,0,-11.50734899,-11.29526933,1,0,0,0,0
5018,1789388705341697963,41604394238234,-3.75382217e-15,1,0,1,0.6389347911,1,0,0,0,0,0,-1,0.5,0,0,1000000000,0,0,1,0,0,0,0,0,0,0,0,0,-11.50734899,-11.29526933,1,0,0,0,0
5019,1789388705351702839,41604404243100,-3.75382217e-15,1,0,1,0.6389347911,1,0,0,0,0,0,-1,0.5,0,0,1000000000,0,0,1,0,0,0,0,0,0,0,0,0,-11.50734899,-11.29526933,1,0,0,0,0
5020,1789388705361694732,41604414235000,-3.75382217e-15,1,0,1,0.6389347911,1,0,0,0,0,0,-1,0.5,0,0,1000000000,0,0,1,0,0,0,0,0,0,0,0,0,-11.50734899,-11.29526933,1,0,0,0,0
5021,1789388705371704786,41604424245051,-3.75382217e-15,1,0,1,0.6389347911,1,0,0,0,0,0,-1,0.5,0,0,1000000000,0,0,1,0,0,0,0,0,0,0,0,0,-11.50734899,-11.29526933,1,0,0,0,0
5022,1789388705381714657,41604434254926,-3.75382217e-15,1,0,1,0.6389347911,1,0,0,0,0,0,-1,0.5,0,0,1000000000,0,0,1,0,0,0,0,0,0,0,0,0,-11.50734899,-11.29526933,1,0,0,0,0
5023,1789388705391706494,41604444246759,-3.75382217e-15,1,0,1,0.6389347911,1,0,0,0,0,0,-1,0.5,0,0,1000000000,0,0,1,0,0,0,0,0,0,0,0,0,-11.50734899,-11.29526933,1,0,0,0,0
5024,1789388705401722424,41604454262690,-3.75382217e-15,1,0,1,0.6389347911,1,0,0,0,0,0,-1,0.5,0,0,1000000000,0,0,1,0,0,0,0,0,0,0,0,0,-11.50734899,-11.29526933,1,0,0,0,0
5025,1789388705411739841,41604464280079,-3.75382217e-15,1,0,1,0.6389347911,1,0,0,0,0,0,-1,0.5,0,0,1000000000,0,0,1,0,0,0,0,0,0,0,0,0,-11.50734899,-11.29526933,1,0,0,0,0
5026,1789388705421712192,41604474252446,-3.75382217e-15,1,0,1,0.6389347911,1,0,0,0,0,0,-1,0.5,0,0,1000000000,0,0,1,0,0,0,0,0,0,0,0,0,-11.50734899,-11.29526933,1,0,0,0,0
5027,1789388705431738034,41604484278280,-3.75382217e-15,1,0,1,0.6383544803,1,0,0,0,0,0,-1,0.5,0,0,1000000000,0,0,1,0,0,0,0,0,0,0,0,0,-11.50734899,-11.29526933,1,0,0,0,0
5028,1789388705441740904,41604494281048,-3.75382217e-15,1,0,1,0.6383544803,1,0,0,0,0,0,-1,0.5,0,0,1000000000,0,0,1,0,0,0,0,0,0,0,0,0,-11.50734899,-11.29526933,1,0,0,0,0
5029,1789388705451734357,41604504274616,-3.75382217e-15,1,0,1,0.6383544803,1,0,0,0,0,0,-1,0.5,0,0,1000000000,0,0,1,0,0,0,0,0,0,0,0,0,-11.50734899,-11.29526933,1,0,0,0,0
5030,1789388705461729179,41604514269425,-3.75382217e-15,1,0,1,0.6383544803,1,0,0,0,0,0,-1,0.5,0,0,1000000000,0,0,1,0,0,0,0,0,0,0,0,0,-11.50734899,-11.29526933,1,0,0,0,0
5031,1789388705471741785,41604524281915,-3.75382217e-15,1,0,1,0.6383544803,1,0,0,0,0,0,-1,0.5,0,0,1000000000,0,0,1,0,0,0,0,0,0,0,0,0,-11.50734899,-11.29526933,1,0,0,0,0
5032,1789388705481724012,41604534264259,-3.75382217e-15,1,0,1,0.6383544803,1,0,0,0,0,0,-1,0.5,0,0,1000000000,0,0,1,0,0,0,0,0,0,0,0,0,-11.50734899,-11.29526933,1,0,0,0,0
5033,1789388705491721444,41604544261672,-3.75382217e-15,1,0,1,0.6383544803,1,0,0,0,0,0,-1,0.5,0,0,1000000000,0,0,1,0,0,0,0,0,0,0,0,0,-11.50734899,-11.29526933,1,0,0,0,0
5034,1789388705501729312,41604554269544,-3.75382217e-15,1,0,1,0.6383544803,1,0,0,0,0,0,-1,0.5,0,0,1000000000,0,0,1,0,0,0,0,0,0,0,0,0,-11.50734899,-11.29526933,1,0,0,0,0
5035,1789388705511718976,41604564259150,-3.75382217e-15,1,0,1,0.6383544803,1,0,0,0,0,0,-1,0.5,0,0,1000000000,0,0,1,0,0,0,0,0,0,0,0,0,-11.50734899,-11.29526933,1,0,0,0,0
5036,1789388705521710141,41604574250407,-3.75382217e-15,1,0,1,0.6383544803,1,0,0,0,0,0,-1,0.5,0,0,1000000000,0,0,1,0,0,0,0,0,0,0,0,0,-11.50734899,-11.29526933,1,0,0,0,0
5037,1789388705531716052,41604584256321,-3.75382217e-15,1,0,1,0.638979435,1,0,0,0,0,0,-1,0.5,0,0,1000000000,0,0,1,0,0,0,0,0,0,0,0,0,-11.50734899,-11.29526933,1,0,0,0,0
5038,1789388705541741427,41604594281677,-3.75382217e-15,1,0,1,0.638979435,1,0,0,0,0,0,-1,0.5,0,0,1000000000,0,0,1,0,0,0,0,0,0,0,0,0,-11.50734899,-11.29526933,1,0,0,0,0
5039,1789388705551710264,41604604250519,-3.75382217e-15,1,0,1,0.638979435,1,0,0,0,0,0,-1,0.5,0,0,1000000000,0,0,1,0,0,0,0,0,0,0,0,0,-11.50734899,-11.29526933,1,0,0,0,0
5040,1789388705561726446,41604614266712,-3.75382217e-15,1,0,1,0.638979435,1,0,0,0,0,0,-1,0.5,0,0,1000000000,0,0,1,0,0,0,0,0,0,0,0,0,-11.50734899,-11.29526933,1,0,0,0,0
5041,1789388705571729234,41604624269499,-3.75382217e-15,1,0,1,0.638979435,1,0,0,0,0,0,-1,0.5,0,0,1000000000,0,0,1,0,0,0,0,0,0,0,0,0,-11.50734899,-11.29526933,1,0,0,0,0
5042,1789388705581789667,41604634329921,-3.75382217e-15,1,0,1,0.638979435,1,0,0,0,0,0,-1,0.5,0,0,1000000000,0,0,1,0,0,0,0,0,0,0,0,0,-11.50734899,-11.29526933,1,0,0,0,0
5043,1789388705591725183,41604644265447,-3.75382217e-15,1,0,1,0.638979435,1,0,0,0,0,0,-1,0.5,0,0,1000000000,0,0,1,0,0,0,0,0,0,0,0,0,-11.50734899,-11.29526933,1,0,0,0,0
5044,1789388705601722057,41604654262299,-3.75382217e-15,1,0,1,0.638979435,1,0,0,0,0,0,-1,0.5,0,0,1000000000,0,0,1,0,0,0,0,0,0,0,0,0,-11.50734899,-11.29526933,1,0,0,0,0
5045,1789388705611713711,41604664253960,-3.75382217e-15,1,0,1,0.638979435,1,0,0,0,0,0,-1,0.5,0,0,1000000000,0,0,1,0,0,0,0,0,0,0,0,0,-11.50734899,-11.29526933,1,0,0,0,0
5046,1789388705621720838,41604674261096,-3.75382217e-15,1,0,1,0.638979435,1,0,0,0,0,0,-1,0.5,0,0,1000000000,0,0,1,0,0,0,0,0,0,0,0,0,-11.50734899,-11.29526933,1,0,0,0,0
5047,1789388705631948273,41604684488545,-3.75382217e-15,1,0,1,0.6353964806,1,0,0,0,0,0,-1,0.5,0,0,1000000000,0,0,1,0,0,0,0,0,0,0,0,0,-11.50734899,-11.29526933,1,0,0,0,0
5048,1789388705641697819,41604694238086,-3.75382217e-15,1,0,1,0.6353964806,1,0,0,0,0,0,-1,0.5,0,0,1000000000,0,0,1,0,0,0,0,0,0,0,0,0,-11.50734899,-11.29526933,1,0,0,0,0
5049,1789388705651751592,41604704291844,-3.75382217e-15,1,0,1,0.6353964806,1,0,0,0,0,0,-1,0.5,0,0,1000000000,0,0,1,0,0,0,0,0,0,0,0,0,-11.50734899,-11.29526933,1,0,0,0,0
5050,1789388705661719467,41604714259727,-3.75382217e-15,1,0,1,0.6353964806,1,0,0,0,0,0,-1,0.5,0,0,1000000000,0,0,1,0,0,0,0,0,0,0,0,0,-11.50734899,-11.29526933,1,0,0,0,0
5051,1789388705671788316,41604724328573,-3.75382217e-15,1,0,1,0.6353964806,1,0,0,0,0,0,-1,0.5,0,0,1000000000,0,0,1,0,0,0,0,0,0,0,0,0,-11.50734899,-11.29526933,1,0,0,0,0
5052,1789388705681730466,41604734270630,-3.75382217e-15,1,0,1,0.6353964806,1,0,0,0,0,0,-1,0.5,0,0,1000000000,0,0,1,0,0,0,0,0,0,0,0,0,-11.50734899,-11.276716,1,0,0,0,0
5053,1789388705691723206,41604744263456,-3.75382217e-15,1,0,1,0.6353964806,1,0,0,0,0,0,-1,0.5,0,0,1000000000,0,0,1,0,0,0,0,0,0,0,0,0,-11.50734899,-11.276716,1,0,0,0,0
5054,1789388705701710095,41604754250356,-3.75382217e-15,1,0,1,0.6353964806,1,0,0,0,0,0,-1,0.5,0,0,1000000000,0,0,1,0,0,0,0,0,0,0,0,0,-11.50734899,-11.276716,1,0,0,0,0
5055,1789388705711710635,41604764250906,-3.75382217e-15,1,0,1,0.6353964806,1,0,0,0,0,0,-1,0.5,0,0,1000000000,0,0,1,0,0,0,0,0,0,0,0,0,-11.50734899,-11.276716,1,0,0,0,0
5056,1789388705721747708,41604774287974,-3.75382217e-15,1,0,1,0.6353964806,1,0,0,0,0,0,-1,0.5,0,0,1000000000,0,0,1,0,0,0,0,0,0,0,0,0,-11.50734899,-11.276716,1,0,0,0,0
5057,1789388705731710227,41604784250491,-3.75382217e-15,1,0,1,0.7103574276,1,0,0,0,0,0,-1,0.5,0,0,1000000000,0,0,1,0,0,0,0,0,0,0,0,0,-11.50734899,-11.276716,1,0,0,0,0
5058,1789388705741736791,41604794276754,-3.75382217e-15,1,0,1,0.7103574276,1,0,0,0,0,0,-1,0.5,0,0,1000000000,0,0,1,0,0,0,0,0,0,0,0,0,-11.50734899,-11.276716,1,0,0,0,0
5059,1789388705751713102,41604804253375,-3.75382217e-15,1,0,1,0.7103574276,1,0,0,0,0,0,-1,0.5,0,0,1000000000,0,0,1,0,0,0,0,0,0,0,0,0,-11.50734899,-11.276716,1,0,0,0,0
5060,1789388705761714870,41604814255136,-3.75382217e-15,1,0,1,0.7103574276,1,0,0,0,0,0,-1,0.5,0,0,1000000000,0,0,1,0,0,0,0,0,0,0,0,0,-11.50734899,-11.276716,1,0,0,0,0
5061,1789388705771726947,41604824267218,-3.75382217e-15,1,0,1,0.7103574276,1,0,0,0,0,0,-1,0.5,0,0,1000000000,0,0,1,0,0,0,0,0,0,0,0,0,-11.50734899,-11.276716,1,0,0,0,0
5062,1789388705781706287,41604834246552,-3.75382217e-15,1,0,1,0.7103574276,1,0,0,0,0,0,-1,0.5,0,0,1000000000,0,0,1,0,0,0,0,0,0,0,0,0,-11.50734899,-11.29526933,1,0,0,0,0
5063,1789388705791724947,41604844265213,-3.75382217e-15,1,0,1,0.7103574276,1,0,0,0,0,0,-1,0.5,0,0,1000000000,0,0,1,0,0,0,0,0,0,0,0,0,-11.50734899,-11.29526933,1,0,0,0,0
5064,1789388705801702220,41604854242487,-3.75382217e-15,1,0,1,0.7103574276,1,0,0,0,0,0,-1,0.5,0,0,1000000000,0,0,1,0,0,0,0,0,0,0,0,0,-11.50734899,-11.29526933,1,0,0,0,0
5065,1789388705812051577,41604864591840,-3.75382217e-15,1,0,1,0.7103574276,1,0,0,0,0,0,-1,0.5,0,0,1000000000,0,0,1,0,0,0,0,0,0,0,0,0,-11.50734899,-11.29526933,1,0,0,0,0
5066,1789388705821699610,41604874239879,-3.75382217e-15,1,0,1,0.7103574276,1,0,0,0,0,0,-1,0.5,0,0,1000000000,0,0,1,0,0,0,0,0,0,0,0,0,-11.50734899,-11.29526933,1,0,0,0,0
5067,1789388705831699968,41604884240241,-3.75382217e-15,1,0,1,0.6338986158,1,0,0,0,0,0,-1,0.5,0,0,1000000000,0,0,1,0,0,0,0,0,0,0,0,0,-11.50734899,-11.29526933,1,0,0,0,0
5068,1789388705841703081,41604894243341,-3.75382217e-15,1,0,1,0.6338986158,1,0,0,0,0,0,-1,0.5,0,0,1000000000,0,0,1,0,0,0,0,0,0,0,0,0,-11.50734899,-11.29526933,1,0,0,0,0
5069,1789388705851701077,41604904241345,-3.75382217e-15,1,0,1,0.6338986158,1,0,0,0,0,0,-1,0.5,0,0,1000000000,0,0,1,0,0,0,0,0,0,0,0,0,-11.50734899,-11.29526933,1,0,0,0,0
5070,1789388705861695286,41604914235557,-3.75382217e-15,1,0,1,0.6338986158,1,0,0,0,0,0,-1,0.5,0,0,1000000000,0,0,1,0,0,0,0,0,0,0,0,0,-11.50734899,-11.29526933,1,0,0,0,0
5071,1789388705871712835,41604924253105,-3.75382217e-15,1,0,1,0.6338986158,1,0,0,0,0,0,-1,0.5,0,0,1000000000,0,0,1,0,0,0,0,0,0,0,0,0,-11.50734899,-11.29526933,1,0,0,0,0
5072,1789388705881726254,41604934266524,-3.75382217e-15,1,0,1,0.6338986158,1,0,0,0,0,0,-1,0.5,0,0,1000000000,0,0,1,0,0,0,0,0,0,0,0,0,-11.50734899,-11.29526933,1,0,0,0,0
5073,1789388705891696797,41604944237063,-3.75382217e-15,1,0,1,0.6338986158,1,0,0,0,0,0,-1,0.5,0,0,1000000000,0,0,1,0,0,0,0,0,0,0,0,0,-11.50734899,-11.29526933,1,0,0,0,0
5074,1789388705901714683,41604954254924,-3.75382217e-15,1,0,1,0.6338986158,1,0,0,0,0,0,-1,0.5,0,0,1000000000,0,0,1,0,0,0,0,0,0,0,0,0,-11.50734899,-11.29526933,1,0,0,0,0
5075,1789388705911709903,41604964250170,-3.75382217e-15,1,0,1,0.6338986158,1,0,0,0,0,0,-1,0.5,0,0,1000000000,0,0,1,0,0,0,0,0,0,0,0,0,-11.50734899,-11.29526933,1,0,0,0,0
5076,1789388705921740691,41604974280953,-3.75382217e-15,1,0,1,0.6338986158,1,0,0,0,0,0,-1,0.5,0,0,1000000000,0,0,1,0,0,0,0,0,0,0,0,0,-11.50734899,-11.29526933,1,0,0,0,0
5077,1789388705931714286,41604984254504,-3.75382217e-15,1,0,1,0.6338986158,1,0,0,0,0,0,-1,0.5,0,0,1000000000,0,0,1,0,0,0,0,0,0,0,0,0,-11.50734899,-11.29526933,1,0,0,0,0
5078,1789388705941732606,41604994272862,-3.75382217e-15,1,0,1,0.6405537724,1,0,0,0,0,0,-1,0.5,0,0,1000000000,0,0,1,0,0,0,0,0,0,0,0,0,-11.50734899,-11.29526933,1,0,0,0,0
5079,1789388705951722104,41605004262352,-3.75382217e-15,1,0,1,0.6405537724,1,0,0,0,0,0,-1,0.5,0,0,1000000000,0,0,1,0,0,0,0,0,0,0,0,0,-11.50734899,-11.29526933,1,0,0,0,0
5080,1789388705961712116,41605014252367,-3.75382217e-15,1,0,1,0.6405537724,1,0,0,0,0,0,-1,0.5,0,0,1000000000,0,0,1,0,0,0,0,0,0,0,0,0,-11.50734899,-11.29526933,1,0,0,0,0
5081,1789388705971764509,41605024304552,-3.75382217e-15,1,0,1,0.6405537724,1,0,0,0,0,0,-1,0.5,0,0,1000000000,0,0,1,0,0,0,0,0,0,0,0,0,-11.50734899,-11.29526933,1,0,0,0,0
5082,1789388705981738910,41605034279173,-3.75382217e-15,1,0,1,0.6405537724,1,0,0,0,0,0,-1,0.5,0,0,1000000000,0,0,1,0,0,0,0,0,0,0,0,0,-11.50734899,-11.276716,1,0,0,0,0
5083,1789388705991737246,41605044277506,-3.75382217e-15,1,0,1,0.6405537724,1,0,0,0,0,0,-1,0.5,0,0,1000000000,0,0,1,0,0,0,0,0,0,0,0,0,-11.50734899,-11.276716,1,0,0,0,0
5084,1789388706001716511,41605054256781,-3.75382217e-15,1,0,1,0.6405537724,1,0,0,0,0,0,-1,0.5,0,0,1000000000,0,0,1,0,0,0,0,0,0,0,0,0,-11.50734899,-11.276716,1,0,0,0,0
5085,1789388706011693419,41605064233603,-3.75382217e-15,1,0,1,0.6405537724,1,0,0,0,0,0,-1,0.5,0,0,1000000000,0,0,1,0,0,0,0,0,0,0,0,0,-11.50734899,-11.276716,1,0,0,0,0
5086,1789388706021697976,41605074238248,-3.75382217e-15,1,0,1,0.6405537724,1,0,0,0,0,0,-1,0.5,0,0,1000000000,0,0,1,0,0,0,0,0,0,0,0,0,-11.50734899,-11.276716,1,0,0,0,0
5087,1789388706031699693,41605084239873,-3.75382217e-15,1,0,1,0.6350933909,1,0,0,0,0,0,-1,0.5,0,0,1000000000,0,0,1,0,0,0,0,0,0,0,0,0,-11.50734899,-11.276716,1,0,0,0,0
5088,1789388706041700926,41605094241195,-3.75382217e-15,1,0,1,0.6350933909,1,0,0,0,0,0,-1,0.5,0,0,1000000000,0,0,1,0,0,0,0,0,0,0,0,0,-11.50734899,-11.276716,1,0,0,0,0
5089,1789388706051708584,41605104248851,-3.75382217e-15,1,0,1,0.6350933909,1,0,0,0,0,0,-1,0.5,0,0,1000000000,0,0,1,0,0,0,0,0,0,0,0,0,-11.50734899,-11.276716,1,0,0,0,0
5090,1789388706061699662,41605114239933,-3.75382217e-15,1,0,1,0.6350933909,1,0,0,0,0,0,-1,0.5,0,0,1000000000,0,0,1,0,0,0,0,0,0,0,0,0,-11.50734899,-11.276716,1,0,0,0,0
5091,1789388706071702982,41605124243255,-3.75382217e-15,1,0,1,0.6350933909,1,0,0,0,0,0,-1,0.5,0,0,1000000000,0,0,1,0,0,0,0,0,0,0,0,0,-11.50734899,-11.276716,1,0,0,0,0
5092,1789388706081726530,41605134266789,-3.75382217e-15,1,0,1,0.6350933909,1,0,0,0,0,0,-1,0.5,0,0,1000000000,0,0,1,0,0,0,0,0,0,0,0,0,-11.50734899,-11.276716,1,0,0,0,0
5093,1789388706091722763,41605144263005,-3.75382217e-15,1,0,1,0.6350933909,1,0,0,0,0,0,-1,0.5,0,0,1000000000,0,0,1,0,0,0,0,0,0,0,0,0,-11.50734899,-11.276716,1,0,0,0,0
5094,1789388706101719543,41605154259795,-3.75382217e-15,1,0,1,0.6350933909,1,0,0,0,0,0,-1,0.5,0,0,1000000000,0,0,1,0,0,0,0,0,0,0,0,0,-11.50734899,-11.276716,1,0,0,0,0
5095,1789388706111742050,41605164282299,-3.75382217e-15,1,0,1,0.6350933909,1,0,0,0,0,0,-1,0.5,0,0,1000000000,0,0,1,0,0,0,0,0,0,0,0,0,-11.50734899,-11.276716,1,0,0,0,0
5096,1789388706121760423,41605174300456,-3.75382217e-15,1,0,1,0.6350933909,1,0,0,0,0,0,-1,0.5,0,0,1000000000,0,0,1,0,0,0,0,0,0,0,0,0,-11.50734899,-11.276716,1,0,0,0,0
5097,1789388706131718651,41605184258841,-3.75382217e-15,1,0,1,0.6369618177,1,0,0,0,0,0,-1,0.5,0,0,1000000000,0,0,1,0,0,0,0,0,0,0,0,0,-11.50734899,-11.276716,1,0,0,0,0
5098,1789388706141714596,41605194254856,-3.75382217e-15,1,0,1,0.6369618177,1,0,0,0,0,0,-1,0.5,0,0,1000000000,0,0,1,0,0,0,0,0,0,0,0,0,-11.50734899,-11.276716,1,0,0,0,0
5099,1789388706151712966,41605204253236,-3.75382217e-15,1,0,1,0.6369618177,1,0,0,0,0,0,-1,0.5,0,0,1000000000,0,0,1,0,0,0,0,0,0,0,0,0,-11.50734899,-11.276716,1,0,0,0,0
5100,1789388706161715465,41605214255600,-3.75382217e-15,1,0,1,0.6369618177,1,0,0,0,0,0,-1,0.5,0,0,1000000000,0,0,1,0,0,0,0,0,0,0,0,0,-11.50734899,-11.276716,1,0,0,0,0
5101,1789388706171780365,41605224320494,-3.75382217e-15,1,0,1,0.6369618177,1,0,0,0,0,0,-1,0.5,0,0,1000000000,0,0,1,0,0,0,0,0,0,0,0,0,-11.50734899,-11.276716,1,0,0,0,0
5102,1789388706181715560,41605234255827,-3.75382217e-15,1,0,1,0.6369618177,1,0,0,0,0,0,-1,0.5,0,0,1000000000,0,0,1,0,0,0,0,0,0,0,0,0,-11.50734899,-11.276716,1,0,0,0,0
5103,1789388706191777199,41605244317458,-3.75382217e-15,1,0,1,0.6369618177,1,0,0,0,0,0,-1,0.5,0,0,1000000000,0,0,1,0,0,0,0,0,0,0,0,0,-11.50734899,-11.276716,1,0,0,0,0
5104,1789388706201727905,41605254268170,-3.75382217e-15,1,0,1,0.6369618177,1,0,0,0,0,0,-1,0.5,0,0,1000000000,0,0,1,0,0,0,0,0,0,0,0,0,-11.50734899,-11.276716,1,0,0,0,0
5105,1789388706211693597,41605264233865,-3.75382217e-15,1,0,1,0.6369618177,1,0,0,0,0,0,-1,0.5,0,0,1000000000,0,0,1,0,0,0,0,0,0,0,0,0,-11.50734899,-11.276716,1,0,0,0,0
5106,1789388706221746524,41605274286706,-3.75382217e-15,1,0,1,0.6369618177,1,0,0,0,0,0,-1,0.5,0,0,1000000000,0,0,1,0,0,0,0,0,0,0,0,0,-11.50734899,-11.276716,1,0,0,0,0
5107,1789388706231695968,41605284236237,-3.75382217e-15,1,0,1,0.6342637539,1,0,0,0,0,0,-1,0.5,0,0,1000000000,0,0,1,0,0,0,0,0,0,0,0,0,-11.50734899,-11.276716,1,0,0,0,0
5108,1789388706241700369,41605294240562,-3.75382217e-15,1,0,1,0.6342637539,1,0,0,0,0,0,-1,0.5,0,0,1000000000,0,0,1,0,0,0,0,0,0,0,0,0,-11.50734899,-11.276716,1,0,0,0,0
5109,1789388706251703891,41605304244164,-3.75382217e-15,1,0,1,0.6342637539,1,0,0,0,0,0,-1,0.5,0,0,1000000000,0,0,1,0,0,0,0,0,0,0,0,0,-11.50734899,-11.276716,1,0,0,0,0
5110,1789388706261720447,41605314260677,-3.75382217e-15,1,0,1,0.6342637539,1,0,0,0,0,0,-1,0.5,0,0,1000000000,0,0,1,0,0,0,0,0,0,0,0,0,-11.50734899,-11.276716,1,0,0,0,0
5111,1789388706271789639,41605324329898,-3.75382217e-15,1,0,1,0.6342637539,1,0,0,0,0,0,-1,0.5,0,0,1000000000,0,0,1,0,0,0,0,0,0,0,0,0,-11.50734899,-11.276716,1,0,0,0,0
5112,1789388706281752297,41605334292551,-3.75382217e-15,1,0,1,0.6342637539,1,0,0,0,0,0,-1,0.5,0,0,1000000000,0,0,1,0,0,0,0,0,0,0,0,0,-11.50734899,-11.276716,1,0,0,0,0
5113,1789388706291718884,41605344259133,-3.75382217e-15,1,0,1,0.6342637539,1,0,0,0,0,0,-1,0.5,0,0,1000000000,0,0,1,0,0,0,0,0,0,0,0,0,-11.50734899,-11.276716,1,0,0,0,0
5114,1789388706301718559,41605354258822,-3.75382217e-15,1,0,1,0.6342637539,1,0,0,0,0,0,-1,0.5,0,0,1000000000,0,0,1,0,0,0,0,0,0,0,0,0,-11.50734899,-11.276716,1,0,0,0,0
5115,1789388706311714981,41605364255238,-3.75382217e-15,1,0,1,0.6342637539,1,0,0,0,0,0,-1,0.5,0,0,1000000000,0,0,1,0,0,0,0,0,0,0,0,0,-11.50734899,-11.276716,1,0,0,0,0
5116,1789388706321717770,41605374258027,-3.75382217e-15,1,0,1,0.6342637539,1,0,0,0,0,0,-1,0.5,0,0,1000000000,0,0,1,0,0,0,0,0,0,0,0,0,-11.50734899,-11.276716,1,0,0,0,0
5117,1789388706331716422,41605384256669,-3.75382217e-15,1,0,1,0.6377663016,1,0,0,0,0,0,-1,0.5,0,0,1000000000,0,0,1,0,0,0,0,0,0,0,0,0,-11.50734899,-11.276716,1,0,0,0,0
5118,1789388706341715785,41605394256049,-3.75382217e-15,1,0,1,0.6377663016,1,0,0,0,0,0,-1,0.5,0,0,1000000000,0,0,1,0,0,0,0,0,0,0,0,0,-11.50734899,-11.276716,1,0,0,0,0
5119,1789388706351742877,41605404283141,-3.75382217e-15,1,0,1,0.6377663016,1,0,0,0,0,0,-1,0.5,0,0,1000000000,0,0,1,0,0,0,0,0,0,0,0,0,-11.50734899,-11.276716,1,0,0,0,0
5120,1789388706361729375,41605414269625,-3.75382217e-15,1,0,1,0.6377663016,1,0,0,0,0,0,-1,0.5,0,0,1000000000,0,0,1,0,0,0,0,0,0,0,0,0,-11.50734899,-11.276716,1,0,0,0,0
5121,1789388706371737072,41605424277341,-3.75382217e-15,1,0,1,0.6377663016,1,0,0,0,0,0,-1,0.5,0,0,1000000000,0,0,1,0,0,0,0,0,0,0,0,0,-11.50734899,-11.276716,1,0,0,0,0
5122,1789388706381707435,41605434247704,-3.75382217e-15,1,0,1,0.6377663016,1,0,0,0,0,0,-1,0.5,0,0,1000000000,0,0,1,0,0,0,0,0,0,0,0,0,-11.50734899,-11.276716,1,0,0,0,0
5123,1789388706391777585,41605444317830,-3.75382217e-15,1,0,1,0.6377663016,1,0,0,0,0,0,-1,0.5,0,0,1000000000,0,0,1,0,0,0,0,0,0,0,0,0,-11.50734899,-11.276716,1,0,0,0,0
5124,1789388706401767492,41605454307762,-3.75382217e-15,1,0,1,0.6377663016,1,0,0,0,0,0,-1,0.5,0,0,1000000000,0,0,1,0,0,0,0,0,0,0,0,0,-11.50734899,-11.276716,1,0,0,0,0
5125,1789388706411717122,41605464257374,-3.75382217e-15,1,0,1,0.6377663016,1,0,0,0,0,0,-1,0.5,0,0,1000000000,0,0,1,0,0,0,0,0,0,0,0,0,-11.50734899,-11.276716,1,0,0,0,0
5126,1789388706421756160,41605474296275,-3.75382217e-15,1,0,1,0.6377663016,1,0,0,0,0,0,-1,0.5,0,0,1000000000,0,0,1,0,0,0,0,0,0,0,0,0,-11.50734899,-11.276716,1,0,0,0,0
5127,1789388706431728438,41605484268685,-3.75382217e-15,1,0,1,0.6377663016,1,0,0,0,0,0,-1,0.5,0,0,1000000000,0,0,1,0,0,0,0,0,0,0,0,0,-11.50734899,-11.276716,1,0,0,0,0
5128,1789388706441787735,41605494328010,-3.75382217e-15,1,0,1,0.6356021762,1,0,0,0,0,0,-1,0.5,0,0,1000000000,0,0,1,0,0,0,0,0,0,0,0,0,-11.50734899,-11.276716,1,0,0,0,0
5129,1789388706451717581,41605504257757,-3.75382217e-15,1,0,1,0.6356021762,1,0,0,0,0,0,-1,0.5,0,0,1000000000,0,0,1,0,0,0,0,0,0,0,0,0,-11.50734899,-11.276716,1,0,0,0,0
5130,1789388706461714699,41605514254859,-3.75382217e-15,1,0,1,0.6356021762,1,0,0,0,0,0,-1,0.5,0,0,1000000000,0,0,1,0,0,0,0,0,0,0,0,0,-11.50734899,-11.276716,1,0,0,0,0
5131,1789388706471869346,41605524409605,-3.75382217e-15,1,0,1,0.6356021762,1,0,0,0,0,0,-1,0.5,0,0,1000000000,0,0,1,0,0,0,0,0,0,0,0,0,-11.50734899,-11.276716,1,0,0,0,0
5132,1789388706481720667,41605534260921,-3.75382217e-15,1,0,1,0.6356021762,1,0,0,0,0,0,-1,0.5,0,0,1000000000,0,0,1,0,0,0,0,0,0,0,0,0,-11.50734899,-11.276716,1,0,0,0,0
5133,1789388706491742524,41605544282664,-3.75382217e-15,1,0,1,0.6356021762,1,0,0,0,0,0,-1,0.5,0,0,1000000000,0,0,1,0,0,0,0,0,0,0,0,0,-11.50734899,-11.276716,1,0,0,0,0
5134,1789388706501719242,41605554259473,-3.75382217e-15,1,0,1,0.6356021762,1,0,0,0,0,0,-1,0.5,0,0,1000000000,0,0,1,0,0,0,0,0,0,0,0,0,-11.50734899,-11.276716,1,0,0,0,0
5135,1789388706511722225,41605564262473,-3.75382217e-15,1,0,1,0.6356021762,1,0,0,0,0,0,-1,0.5,0,0,1000000000,0,0,1,0,0,0,0,0,0,0,0,0,-11.50734899,-11.276716,1,0,0,0,0
5136,1789388706521721748,41605574261912,-3.75382217e-15,1,0,1,0.6356021762,1,0,0,0,0,0,-1,0.5,0,0,1000000000,0,0,1,0,0,0,0,0,0,0,0,0,-11.50734899,-11.276716,1,0,0,0,0
5137,1789388706531715013,41605584255261,-3.75382217e-15,1,0,1,0.6409913301,1,0,0,0,0,0,-1,0.5,0,0,1000000000,0,0,1,0,0,0,0,0,0,0,0,0,-11.50734899,-11.276716,1,0,0,0,0
5138,1789388706541818777,41605594359046,-3.75382217e-15,1,0,1,0.6409913301,1,0,0,0,0,0,-1,0.5,0,0,1000000000,0,0,1,0,0,0,0,0,0,0,0,0,-11.50734899,-11.276716,1,0,0,0,0
5139,1789388706551696789,41605604237056,-3.75382217e-15,1,0,1,0.6409913301,1,0,0,0,0,0,-1,0.5,0,0,1000000000,0,0,1,0,0,0,0,0,0,0,0,0,-11.50734899,-11.276716,1,0,0,0,0
5140,1789388706561701364,41605614241634,-3.75382217e-15,1,0,1,0.6409913301,1,0,0,0,0,0,-1,0.5,0,0,1000000000,0,0,1,0,0,0,0,0,0,0,0,0,-11.50734899,-11.276716,1,0,0,0,0
5141,1789388706571712730,41605624252975,-3.75382217e-15,1,0,1,0.6409913301,1,0,0,0,0,0,-1,0.5,0,0,1000000000,0,0,1,0,0,0,0,0,0,0,0,0,-11.50734899,-11.276716,1,0,0,0,0
5142,1789388706581785780,41605634326039,-3.75382217e-15,1,0,1,0.6409913301,1,0,0,0,0,0,-1,0.5,0,0,1000000000,0,0,1,0,0,0,0,0,0,0,0,0,-11.50734899,-11.276716,1,0,0,0,0
5143,1789388706591705975,41605644246244,-3.75382217e-15,1,0,1,0.6409913301,1,0,0,0,0,0,-1,0.5,0,0,1000000000,0,0,1,0,0,0,0,0,0,0,0,0,-11.50734899,-11.276716,1,0,0,0,0
5144,1789388706601700227,41605654240478,-3.75382217e-15,1,0,1,0.6409913301,1,0,0,0,0,0,-1,0.5,0,0,1000000000,0,0,1,0,0,0,0,0,0,0,0,0,-11.50734899,-11.276716,1,0,0,0,0
5145,1789388706611710541,41605664250774,-3.75382217e-15,1,0,1,0.6409913301,1,0,0,0,0,0,-1,0.5,0,0,1000000000,0,0,1,0,0,0,0,0,0,0,0,0,-11.50734899,-11.276716,1,0,0,0,0
5146,1789388706621728651,41605674268914,-3.75382217e-15,1,0,1,0.6409913301,1,0,0,0,0,0,-1,0.5,0,0,1000000000,0,0,1,0,0,0,0,0,0,0,0,0,-11.50734899,-11.276716,1,0,0,0,0
5147,1789388706631725354,41605684265614,-3.75382217e-15,1,0,1,0.6388614178,1,0,0,0,0,0,-1,0.5,0,0,1000000000,0,0,1,0,0,0,0,0,0,0,0,0,-11.50734899,-11.276716,1,0,0,0,0
5148,1789388706641713182,41605694253438,-3.75382217e-15,1,0,1,0.6388614178,1,0,0,0,0,0,-1,0.5,0,0,1000000000,0,0,1,0,0,0,0,0,0,0,0,0,-11.50734899,-11.276716,1,0,0,0,0
5149,1789388706651706062,41605704246328,-3.75382217e-15,1,0,1,0.6388614178,1,0,0,0,0,0,-1,0.5,0,0,1000000000,0,0,1,0,0,0,0,0,0,0,0,0,-11.50734899,-11.276716,1,0,0,0,0
5150,1789388706661713942,41605714254200,-3.75382217e-15,1,0,1,0.6388614178,1,0,0,0,0,0,-1,0.5,0,0,1000000000,0,0,1,0,0,0,0,0,0,0,0,0,-11.50734899,-11.276716,1,0,0,0,0
5151,1789388706671768277,41605724308533,-3.75382217e-15,1,0,1,0.6388614178,1,0,0,0,0,0,-1,0.5,0,0,1000000000,0,0,1,0,0,0,0,0,0,0,0,0,-11.50734899,-11.276716,1,0,0,0,0
5152,1789388706681719402,41605734259615,-3.75382217e-15,1,0,1,0.6388614178,1,0,0,0,0,0,-1,0.5,0,0,1000000000,0,0,1,0,0,0,0,0,0,0,0,0,-11.50734899,-11.276716,1,0,0,0,0
5153,1789388706691736797,41605744276940,-3.75382217e-15,1,0,1,0.6388614178,1,0,0,0,0,0,-1,0.5,0,0,1000000000,0,0,1,0,0,0,0,0,0,0,0,0,-11.50734899,-11.276716,1,0,0,0,0
5154,1789388706701760417,41605754300672,-3.75382217e-15,1,0,1,0.6388614178,1,0,0,0,0,0,-1,0.5,0,0,1000000000,0,0,1,0,0,0,0,0,0,0,0,0,-11.50734899,-11.276716,1,0,0,0,0
5155,1789388706711715253,41605764255524,-3.75382217e-15,1,0,1,0.6388614178,1,0,0,0,0,0,-1,0.5,0,0,1000000000,0,0,1,0,0,0,0,0,0,0,0,0,-11.50734899,-11.276716,1,0,0,0,0
5156,1789388706721719982,41605774260245,-3.75382217e-15,1,0,1,0.6388614178,1,0,0,0,0,0,-1,0.5,0,0,1000000000,0,0,1,0,0,0,0,0,0,0,0,0,-11.50734899,-11.276716,1,0,0,0,0
5157,1789388706731802865,41605784343127,-3.75382217e-15,1,0,1,0.6424539685,1,0,0,0,0,0,-1,0.5,0,0,1000000000,0,0,1,0,0,0,0,0,0,0,0,0,-11.50734899,-11.276716,1,0,0,0,0
5158,1789388706741703051,41605794243306,-3.75382217e-15,1,0,1,0.6424539685,1,0,0,0,0,0,-1,0.5,0,0,1000000000,0,0,1,0,0,0,0,0,0,0,0,0,-11.50734899,-11.276716,1,0,0,0,0
5159,1789388706751703937,41605804244205,-3.75382217e-15,1,0,1,0.6424539685,1,0,0,0,0,0,-1,0.5,0,0,1000000000,0,0,1,0,0,0,0,0,0,0,0,0,-11.50734899,-11.276716,1,0,0,0,0
5160,1789388706761697744,41605814238010,-3.75382217e-15,1,0,1,0.6424539685,1,0,0,0,0,0,-1,0.5,0,0,1000000000,0,0,1,0,0,0,0,0,0,0,0,0,-11.50734899,-11.276716,1,0,0,0,0
5161,1789388706771707729,41605824247997,-3.75382217e-15,1,0,1,0.6424539685,1,0,0,0,0,0,-1,0.5,0,0,1000000000,0,0,1,0,0,0,0,0,0,0,0,0,-11.50734899,-11.276716,1,0,0,0,0
5162,1789388706781749790,41605834290045,-3.75382217e-15,1,0,1,0.6424539685,1,0,0,0,0,0,-1,0.5,0,0,1000000000,0,0,1,0,0,0,0,0,0,0,0,0,-11.50734899,-11.276716,1,0,0,0,0
5163,1789388706791726397,41605844266544,-3.75382217e-15,1,0,1,0.6424539685,1,0,0,0,0,0,-1,0.5,0,0,1000000000,0,0,1,0,0,0,0,0,0,0,0,0,-11.50734899,-11.276716,1,0,0,0,0
5164,1789388706801714609,41605854254865,-3.75382217e-15,1,0,1,0.6424539685,1,0,0,0,0,0,-1,0.5,0,0,1000000000,0,0,1,0,0,0,0,0,0,0,0,0,-11.50734899,-11.276716,1,0,0,0,0
5165,1789388706811745331,41605864285424,-3.75382217e-15,1,0,1,0.6424539685,1,0,0,0,0,0,-1,0.5,0,0,1000000000,0,0,1,0,0,0,0,0,0,0,0,0,-11.50734899,-11.276716,1,0,0,0,0
5166,1789388706821729883,41605874270077,-3.75382217e-15,1,0,1,0.6424539685,1,0,0,0,0,0,-1,0.5,0,0,1000000000,0,0,1,0,0,0,0,0,0,0,0,0,-11.50734899,-11.276716,1,0,0,0,0
5167,1789388706831713882,41605884254152,-3.75382217e-15,1,0,1,0.6337938309,1,0,0,0,0,0,-1,0.5,0,0,1000000000,0,0,1,0,0,0,0,0,0,0,0,0,-11.50734899,-11.276716,1,0,0,0,0
5168,1789388706841715316,41605894255569,-3.75382217e-15,1,0,1,0.6337938309,1,0,0,0,0,0,-1,0.5,0,0,1000000000,0,0,1,0,0,0,0,0,0,0,0,0,-11.50734899,-11.276716,1,0,0,0,0
5169,1789388706851714598,41605904254854,-3.75382217e-15,1,0,1,0.6337938309,1,0,0,0,0,0,-1,0.5,0,0,1000000000,0,0,1,0,0,0,0,0,0,0,0,0,-11.50734899,-11.276716,1,0,0,0,0
5170,1789388706861717807,41605914258078,-3.75382217e-15,1,0,1,0.6337938309,1,0,0,0,0,0,-1,0.5,0,0,1000000000,0,0,1,0,0,0,0,0,0,0,0,0,-11.50734899,-11.276716,1,0,0,0,0
5171,1789388706871787652,41605924327685,-3.75382217e-15,1,0,1,0.6337938309,1,0,0,0,0,0,-1,0.5,0,0,1000000000,0,0,1,0,0,0,0,0,0,0,0,0,-11.50734899,-11.276716,1,0,0,0,0
5172,1789388706881721974,41605934262228,-3.75382217e-15,1,0,1,0.6337938309,1,0,0,0,0,0,-1,0.5,0,0,1000000000,0,0,1,0,0,0,0,0,0,0,0,0,-11.50734899,-11.276716,1,0,0,0,0
5173,1789388706891740022,41605944280274,-3.75382217e-15,1,0,1,0.6337938309,1,0,0,0,0,0,-1,0.5,0,0,1000000000,0,0,1,0,0,0,0,0,0,0,0,0,-11.50734899,-11.276716,1,0,0,0,0
5174,1789388706901717439,41605954257678,-3.75382217e-15,1,0,1,0.6337938309,1,0,0,0,0,0,-1,0.5,0,0,1000000000,0,0,1,0,0,0,0,0,0,0,0,0,-11.50734899,-11.276716,1,0,0,0,0
5175,1789388706911716331,41605964256444,-3.75382217e-15,1,0,1,0.6337938309,1,0,0,0,0,0,-1,0.5,0,0,1000000000,0,0,1,0,0,0,0,0,0,0,0,0,-11.50734899,-11.276716,1,0,0,0,0
5176,1789388706921720560,41605974260826,-3.75382217e-15,1,0,1,0.6337938309,1,0,0,0,0,0,-1,0.5,0,0,1000000000,0,0,1,0,0,0,0,0,0,0,0,0,-11.50734899,-11.276716,1,0,0,0,0
5177,1789388706931720035,41605984260308,-3.75382217e-15,1,0,1,0.6377421021,1,0,0,0,0,0,-1,0.5,0,0,1000000000,0,0,1,0,0,0,0,0,0,0,0,0,-11.50734899,-11.276716,1,0,0,0,0
5178,1789388706941851234,41605994391499,-3.75382217e-15,1,0,1,0.6377421021,1,0,0,0,0,0,-1,0.5,0,0,1000000000,0,0,1,0,0,0,0,0,0,0,0,0,-11.50734899,-11.276716,1,0,0,0,0
5179,1789388706951696027,41606004236298,-3.75382217e-15,1,0,1,0.6377421021,1,0,0,0,0,0,-1,0.5,0,0,1000000000,0,0,1,0,0,0,0,0,0,0,0,0,-11.50734899,-11.276716,1,0,0,0,0
5180,1789388706961705964,41606014246225,-3.75382217e-15,1,0,1,0.6377421021,1,0,0,0,0,0,-1,0.5,0,0,1000000000,0,0,1,0,0,0,0,0,0,0,0,0,-11.50734899,-11.276716,1,0,0,0,0
5181,1789388706971696088,41606024236358,-3.75382217e-15,1,0,1,0.6377421021,1,0,0,0,0,0,-1,0.5,0,0,1000000000,0,0,1,0,0,0,0,0,0,0,0,0,-11.50734899,-11.276716,1,0,0,0,0
5182,1789388706981734679,41606034274916,-3.75382217e-15,1,0,1,0.6377421021,1,0,0,0,0,0,-1,0.5,0,0,1000000000,0,0,1,0,0,0,0,0,0,0,0,0,-11.50734899,-11.276716,1,0,0,0,0
5183,1789388706991733710,41606044273956,-3.75382217e-15,1,0,1,0.6377421021,1,0,0,0,0,0,-1,0.5,0,0,1000000000,0,0,1,0,0,0,0,0,0,0,0,0,-11.50734899,-11.276716,1,0,0,0,0
5184,1789388707001717793,41606054257949,-3.75382217e-15,1,0,1,0.6377421021,1,0,0,0,0,0,-1,0.5,0,0,1000000000,0,0,1,0,0,0,0,0,0,0,0,0,-11.50734899,-11.276716,1,0,0,0,0
5185,1789388707011760629,41606064300897,-3.75382217e-15,1,0,1,0.6377421021,1,0,0,0,0,0,-1,0.5,0,0,1000000000,0,0,1,0,0,0,0,0,0,0,0,0,-11.50734899,-11.276716,1,0,0,0,0
5186,1789388707021720885,41606074261146,-3.75382217e-15,1,0,1,0.6377421021,1,0,0,0,0,0,-1,0.5,0,0,1000000000,0,0,1,0,0,0,0,0,0,0,0,0,-11.50734899,-11.276716,1,0,0,0,0
5187,1789388707031719463,41606084259733,-3.75382217e-15,1,0,1,0.6394150853,1,0,0,0,0,0,-1,0.5,0,0,1000000000,0,0,1,0,0,0,0,0,0,0,0,0,-11.50734899,-11.276716,1,0,0,0,0
5188,1789388707041761773,41606094301858,-3.75382217e-15,1,0,1,0.6394150853,1,0,0,0,0,0,-1,0.5,0,0,1000000000,0,0,1,0,0,0,0,0,0,0,0,0,-11.50734899,-11.276716,1,0,0,0,0
5189,1789388707051718058,41606104258324,-3.75382217e-15,1,0,1,0.6394150853,1,0,0,0,0,0,-1,0.5,0,0,1000000000,0,0,1,0,0,0,0,0,0,0,0,0,-11.50734899,-11.276716,1,0,0,0,0
5190,1789388707061719550,41606114259816,-3.75382217e-15,1,0,1,0.6394150853,1,0,0,0,0,0,-1,0.5,0,0,1000000000,0,0,1,0,0,0,0,0,0,0,0,0,-11.50734899,-11.276716,1,0,0,0,0
5191,1789388707071746926,41606124287177,-3.75382217e-15,1,0,1,0.6394150853,1,0,0,0,0,0,-1,0.5,0,0,1000000000,0,0,1,0,0,0,0,0,0,0,0,0,-11.50734899,-11.276716,1,0,0,0,0
5192,1789388707081726239,41606134266427,-3.75382217e-15,1,0,1,0.6394150853,1,0,0,0,0,0,-1,0.5,0,0,1000000000,0,0,1,0,0,0,0,0,0,0,0,0,-11.50734899,-11.276716,1,0,0,0,0
5193,1789388707091729439,41606144269695,-3.75382217e-15,1,0,1,0.6394150853,1,0,0,0,0,0,-1,0.5,0,0,1000000000,0,0,1,0,0,0,0,0,0,0,0,0,-11.50734899,-11.276716,1,0,0,0,0
5194,1789388707101733756,41606154274002,-3.75382217e-15,1,0,1,0.6394150853,1,0,0,0,0,0,-1,0.5,0,0,1000000000,0,0,1,0,0,0,0,0,0,0,0,0,-11.50734899,-11.276716,1,0,0,0,0
5195,1789388707111823869,41606164364136,-3.75382217e-15,1,0,1,0.6394150853,1,0,0,0,0,0,-1,0.5,0,0,1000000000,0,0,1,0,0,0,0,0,0,0,0,0,-11.50734899,-11.276716,1,0,0,0,0
5196,1789388707121701339,41606174241607,-3.75382217e-15,1,0,1,0.6394150853,1,0,0,0,0,0,-1,0.5,0,0,1000000000,0,0,1,0,0,0,0,0,0,0,0,0,-11.50734899,-11.276716,1,0,0,0,0
5197,1789388707131703135,41606184243406,-3.75382217e-15,1,0,1,0.6357904077,1,0,0,0,0,0,-1,0.5,0,0,1000000000,0,0,1,0,0,0,0,0,0,0,0,0,-11.50734899,-11.276716,1,0,0,0,0
5198,1789388707141811413,41606194351675,-3.75382217e-15,1,0,1,0.6357904077,1,0,0,0,0,0,-1,0.5,0,0,1000000000,0,0,1,0,0,0,0,0,0,0,0,0,-11.50734899,-11.276716,1,0,0,0,0
5199,1789388707151704030,41606204244298,-3.75382217e-15,1,0,1,0.6357904077,1,0,0,0,0,0,-1,0.5,0,0,1000000000,0,0,1,0,0,0,0,0,0,0,0,0,-11.50734899,-11.276716,1,0,0,0,0
5200,1789388707161707136,41606214247402,-3.75382217e-15,1,0,1,0.6357904077,1,0,0,0,0,0,-1,0.5,0,0,1000000000,0,0,1,0,0,0,0,0,0,0,0,0,-11.50734899,-11.276716,1,0,0,0,0
5201,1789388707171719265,41606224259533,-3.75382217e-15,1,0,1,0.6357904077,1,0,0,0,0,0,-1,0.5,0,0,1000000000,0,0,1,0,0,0,0,0,0,0,0,0,-11.50734899,-11.276716,1,0,0,0,0
5202,1789388707181712115,41606234252378,-3.75382217e-15,1,0,1,0.6357904077,1,0,0,0,0,0,-1,0.5,0,0,1000000000,0,0,1,0,0,0,0,0,0,0,0,0,-11.50734899,-11.276716,1,0,0,0,0
5203,1789388707191705042,41606244245311,-3.75382217e-15,1,0,1,0.6357904077,1,0,0,0,0,0,-1,0.5,0,0,1000000000,0,0,1,0,0,0,0,0,0,0,0,0,-11.50734899,-11.276716,1,0,0,0,0
5204,1789388707201697612,41606254237881,-3.75382217e-15,1,0,1,0.6357904077,1,0,0,0,0,0,-1,0.5,0,0,1000000000,0,0,1,0,0,0,0,0,0,0,0,0,-11.50734899,-11.276716,1,0,0,0,0
5205,1789388707211734122,41606264274223,-3.75382217e-15,1,0,1,0.6357904077,1,0,0,0,0,0,-1,0.5,0,0,1000000000,0,0,1,0,0,0,0,0,0,0,0,0,-11.50734899,-11.276716,1,0,0,0,0
5206,1789388707221725597,41606274265791,-3.75382217e-15,1,0,1,0.6357904077,1,0,0,0,0,0,-1,0.5,0,0,1000000000,0,0,1,0,0,0,0,0,0,0,0,0,-11.50734899,-11.276716,1,0,0,0,0
5207,1789388707231709366,41606284249630,-3.75382217e-15,1,0,1,0.7135065198,1,0,0,0,0,0,-1,0.5,0,0,1000000000,0,0,1,0,0,0,0,0,0,0,0,0,-11.50734899,-11.276716,1,0,0,0,0
5208,1789388707241749115,41606294289378,-3.75382217e-15,1,0,1,0.7135065198,1,0,0,0,0,0,-1,0.5,0,0,1000000000,0,0,1,0,0,0,0,0,0,0,0,0,-11.50734899,-11.276716,1,0,0,0,0
5209,1789388707251817297,41606304357564,-3.75382217e-15,1,0,1,0.7135065198,1,0,0,0,0,0,-1,0.5,0,0,1000000000,0,0,1,0,0,0,0,0,0,0,0,0,-11.50734899,-11.276716,1,0,0,0,0
5210,1789388707261714129,41606314254400,-3.75382217e-15,1,0,1,0.7135065198,1,0,0,0,0,0,-1,0.5,0,0,1000000000,0,0,1,0,0,0,0,0,0,0,0,0,-11.50734899,-11.276716,1,0,0,0,0
5211,1789388707271750655,41606324290781,-3.75382217e-15,1,0,1,0.7135065198,1,0,0,0,0,0,-1,0.5,0,0,1000000000,0,0,1,0,0,0,0,0,0,0,0,0,-11.50734899,-11.276716,1,0,0,0,0
5212,1789388707281726478,41606334266734,-3.75382217e-15,1,0,1,0.7135065198,1,0,0,0,0,0,-1,0.5,0,0,1000000000,0,0,1,0,0,0,0,0,0,0,0,0,-11.50734899,-11.276716,1,0,0,0,0
5213,1789388707291728049,41606344268186,-3.75382217e-15,1,0,1,0.7135065198,1,0,0,0,0,0,-1,0.5,0,0,1000000000,0,0,1,0,0,0,0,0,0,0,0,0,-11.50734899,-11.276716,1,0,0,0,0
5214,1789388707301711093,41606354251347,-3.75382217e-15,1,0,1,0.7135065198,1,0,0,0,0,0,-1,0.5,0,0,1000000000,0,0,1,0,0,0,0,0,0,0,0,0,-11.50734899,-11.276716,1,0,0,0,0
5215,1789388707311715517,41606364255731,-3.75382217e-15,1,0,1,0.7135065198,1,0,0,0,0,0,-1,0.5,0,0,1000000000,0,0,1,0,0,0,0,0,0,0,0,0,-11.50734899,-11.276716,1,0,0,0,0
5216,1789388707321748985,41606374289234,-3.75382217e-15,1,0,1,0.7135065198,1,0,0,0,0,0,-1,0.5,0,0,1000000000,0,0,1,0,0,0,0,0,0,0,0,0,-11.50734899,-11.276716,1,0,0,0,0
5217,1789388707331709602,41606384249844,-3.75382217e-15,1,0,1,0.7153221369,1,0,0,0,0,0,-1,0.5,0,0,1000000000,0,0,1,0,0,0,0,0,0,0,0,0,-11.50734899,-11.276716,1,0,0,0,0
5218,1789388707341732419,41606394272510,-3.75382217e-15,1,0,1,0.7153221369,1,0,0,0,0,0,-1,0.5,0,0,1000000000,0,0,1,0,0,0,0,0,0,0,0,0,-11.50734899,-11.276716,1,0,0,0,0
5219,1789388707351720499,41606404260757,-3.75382217e-15,1,0,1,0.7153221369,1,0,0,0,0,0,-1,0.5,0,0,1000000000,0,0,1,0,0,0,0,0,0,0,0,0,-11.50734899,-11.276716,1,0,0,0,0
5220,1789388707361721392,41606414261656,-3.75382217e-15,1,0,1,0.7153221369,1,0,0,0,0,0,-1,0.5,0,0,1000000000,0,0,1,0,0,0,0,0,0,0,0,0,-11.50734899,-11.276716,1,0,0,0,0
5221,1789388707371750716,41606424290980,-3.75382217e-15,1,0,1,0.7153221369,1,0,0,0,0,0,-1,0.5,0,0,1000000000,0,0,1,0,0,0,0,0,0,0,0,0,-11.50734899,-11.276716,1,0,0,0,0
5222,1789388707381724454,41606434264609,-3.75382217e-15,1,0,1,0.7153221369,1,0,0,0,0,0,-1,0.5,0,0,1000000000,0,0,1,0,0,0,0,0,0,0,0,0,-11.50734899,-11.276716,1,0,0,0,0
5223,1789388707391737885,41606444278111,-3.75382217e-15,1,0,1,0.7153221369,1,0,0,0,0,0,-1,0.5,0,0,1000000000,0,0,1,0,0,0,0,0,0,0,0,0,-11.50734899,-11.276716,1,0,0,0,0
5224,1789388707401721521,41606454261778,-3.75382217e-15,1,0,1,0.7153221369,1,0,0,0,0,0,-1,0.5,0,0,1000000000,0,0,1,0,0,0,0,0,0,0,0,0,-11.50734899,-11.276716,1,0,0,0,0
5225,1789388707411740857,41606464281100,-3.75382217e-15,1,0,1,0.7153221369,1,0,0,0,0,0,-1,0.5,0,0,1000000000,0,0,1,0,0,0,0,0,0,0,0,0,-11.50734899,-11.276716,1,0,0,0,0
5226,1789388707421721073,41606474261340,-3.75382217e-15,1,0,1,0.7153221369,1,0,0,0,0,0,-1,0.5,0,0,1000000000,0,0,1,0,0,0,0,0,0,0,0,0,-11.50734899,-11.276716,1,0,0,0,0
5227,1789388707431716630,41606484256900,-3.75382217e-15,1,0,1,0.6356652975,1,0,0,0,0,0,-1,0.5,0,0,1000000000,0,0,1,0,0,0,0,0,0,0,0,0,-11.50734899,-11.276716,1,0,0,0,0
5228,1789388707441715441,41606494255692,-3.75382217e-15,1,0,1,0.6356652975,1,0,0,0,0,0,-1,0.5,0,0,1000000000,0,0,1,0,0,0,0,0,0,0,0,0,-11.50734899,-11.276716,1,0,0,0,0
5229,1789388707451708381,41606504248618,-3.75382217e-15,1,0,1,0.6356652975,1,0,1,0,0,0,-1,0.5,1,0,1000000000,0,0,1,0,0,0,0,0,0,0,0,0,-11.50734899,-11.276716,1,0,0,0,0
5230,1789388707461714525,41606514254782,-3.75382217e-15,1,0,1,0.6356652975,1,0,0,0,0,0,-1,0.5,1,0,1000000000,0,0,1,0,0,0,0,0,0,0,0,0,-11.50734899,-11.276716,1,0,0,0,0
5231,1789388707471768169,41606524308343,-3.75382217e-15,1,0,1,0.6356652975,1,0,0,0,0,0,-1,0.5,1,0,1000000000,0,0,1,0,0,0,0,0,0,0,0,0,-11.50734899,-11.276716,1,0,0,0,0
5232,1789388707481726838,41606534267071,-3.75382217e-15,1,0,1,0.6356652975,1,0,0,0,0,0,-1,0.5,1,0,1000000000,0,0,1,0,0,0,0,0,0,0,0,0,-11.50734899,-11.276716,1,0,0,0,0
5233,1789388707491720634,41606544260879,-3.75382217e-15,1,0,1,0.6356652975,1,0,0,0,0,0,-1,0.5,1,0,1000000000,0,0,1,0,0,0,0,0,0,0,0,0,-11.50734899,-11.276716,1,0,0,0,0
5234,1789388707501734310,41606554274566,-3.75382217e-15,1,0,1,0.6356652975,1,0,0,0,0,0,-1,0.5,1,0,1000000000,0,0,1,0,0,0,0,0,0,0,0,0,-11.50734899,-11.276716,1,0,0,0,0
5235,1789388707511722464,41606564262708,-3.75382217e-15,1,0,1,0.6356652975,1,0,0,0,0,0,-1,0.5,1,0,1000000000,0,0,1,0,0,0,0,0,0,0,0,0,-11.50734899,-11.276716,1,0,0,0,0
5236,1789388707521748352,41606574288318,-3.75382217e-15,1,0,1,0.6356652975,1,0,0,0,0,0,-1,0.5,1,0,1000000000,0,0,1,0,0,0,0,0,0,0,0,0,-11.50734899,-11.276716,1,0,0,0,0
5237,1789388707531720234,41606584260505,-3.75382217e-15,1,0,1,0.6356652975,1,0,0,0,0,0,-1,0.5,1,0,1000000000,0,0,1,0,0,0,0,0,0,0,0,0,-11.50734899,-11.276716,1,0,0,0,0
5238,1789388707541785252,41606594325394,-3.75382217e-15,1,0,1,0.6349054575,1,0,0,0,0,0,-1,0.5,1,0,1000000000,0,0,1,0,0,0,0,0,0,0,0,0,-11.50734899,-11.276716,1,0,0,0,0
5239,1789388707551716531,41606604256801,-3.75382217e-15,1,0,1,0.6349054575,1,0,0,0,0,0,-1,0.5,1,0,1000000000,0,0,1,0,0,0,0,0,0,0,0,0,-11.50734899,-11.276716,1,0,0,0,0
5240,1789388707561716988,41606614257260,-3.75382217e-15,1,0,1,0.6349054575,1,0,0,0,0,0,-1,0.5,1,0,1000000000,0,0,1,0,0,0,0,0,0,0,0,0,-11.50734899,-11.276716,1,0,0,0,0
5241,1789388707571757328,41606624297398,-3.75382217e-15,1,0,1,0.6349054575,1,0,0,0,0,0,-1,0.5,1,0,1000000000,0,0,1,0,0,0,0,0,0,0,0,0,-11.50734899,-11.276716,1,0,0,0,0
5242,1789388707581739550,41606634279817,-3.75382217e-15,1,0,1,0.6349054575,1,0,0,0,0,0,-1,0.5,1,0,1000000000,0,0,1,0,0,0,0,0,0,0,0,0,-11.50734899,-11.276716,1,0,0,0,0
5243,1789388707591726551,41606644266812,-3.75382217e-15,1,0,1,0.6349054575,1,0,0,0,0,0,-1,0.5,1,0,1000000000,0,0,1,0,0,0,0,0,0,0,0,0,-11.50734899,-11.276716,1,0,0,0,0
5244,1789388707601719829,41606654260092,-3.75382217e-15,1,0,1,0.6349054575,1,0,0,0,0,0,-1,0.5,1,0,1000000000,0,0,1,0,0,0,0,0,0,0,0,0,-11.50734899,-11.276716,1,0,0,0,0
5245,1789388707611751763,41606664292024,-3.75382217e-15,1,0,1,0.6349054575,1,0,0,0,0,0,-1,0.5,1,0,1000000000,0,0,1,0,0,0,0,0,0,0,0,0,-11.50734899,-11.276716,1,0,0,0,0
5246,1789388707621712724,41606674252992,-3.75382217e-15,1,0,1,0.6349054575,1,0,0,0,0,0,-1,0.5,1,0,1000000000,0,0,1,0,0,0,0,0,0,0,0,0,-11.50734899,-11.276716,1,0,0,0,0
5247,1789388707631705819,41606684246080,-3.75382217e-15,1,0,1,0.6384587288,1,0,0,0,0,0,-1,0.5,1,0,1000000000,0,0,1,0,0,0,0,0,0,0,0,0,-11.50734899,-11.276716,1,0,0,0,0
5248,1789388707641720083,41606694260336,-3.75382217e-15,1,0,1,0.6384587288,1,0,0,0,0,0,-1,0.5,1,0,1000000000,0,0,1,0,0,0,0,0,0,0,0,0,-11.50734899,-11.276716,1,0,0,0,0
5249,1789388707651714592,41606704254848,-3.75382217e-15,1,0,1,0.6384587288,1,0,0,0,0,0,-1,0.5,1,0,1000000000,0,0,1,0,0,0,0,0,0,0,0,0,-11.50734899,-11.276716,1,0,0,0,0
5250,1789388707661729954,41606714270214,-3.75382217e-15,1,0,1,0.6384587288,1,0,0,0,0,0,-1,0.5,1,0,1000000000,0,0,1,0,0,0,0,0,0,0,0,0,-11.50734899,-11.276716,1,0,0,0,0
5251,1789388707671715727,41606724255976,-3.75382217e-15,1,0,1,0.6384587288,1,0,0,0,0,0,-1,0.5,1,0,1000000000,0,0,1,0,0,0,0,0,0,0,0,0,-11.50734899,-11.276716,1,0,0,0,0
5252,1789388707681726370,41606734266612,-3.75382217e-15,1,0,1,0.6384587288,1,0,0,0,0,0,-1,0.5,1,0,1000000000,0,0,1,0,0,0,0,0,0,0,0,0,-11.50734899,-11.276716,1,0,0,0,0
5253,1789388707691890496,41606744430619,-3.75382217e-15,1,0,1,0.6384587288,1,0,0,0,0,0,-1,0.5,1,0,1000000000,0,0,1,0,0,0,0,0,0,0,0,0,-11.50734899,-11.276716,1,0,0,0,0
5254,1789388707701747844,41606754288098,-3.75382217e-15,1,0,1,0.6384587288,1,0,0,0,0,0,-1,0.5,1,0,1000000000,0,0,1,0,0,0,0,0,0,0,0,0,-11.50734899,-11.276716,1,0,0,0,0
5255,1789388707711720098,41606764260347,-3.75382217e-15,1,0,1,0.6384587288,1,0,0,0,0,0,-1,0.5,1,0,1000000000,0,0,1,0,0,0,0,0,0,0,0,0,-11.50734899,-11.276716,1,0,0,0,0
5256,1789388707721923280,41606774463513,-3.75382217e-15,1,0,1,0.6384587288,1,0,0,0,0,0,-1,0.5,1,0,1000000000,0,0,1,0,0,0,0,0,0,0,0,0,-11.50734899,-11.276716,1,0,0,0,0
5257,1789388707731726157,41606784266399,-3.75382217e-15,1,0,1,0.6457986832,1,0,0,0,0,0,-1,0.5,1,0,1000000000,0,0,1,0,0,0,0,0,0,0,0,0,-11.50734899,-11.276716,1,0,0,0,0
5258,1789388707741722278,41606794262453,-3.75382217e-15,1,0,1,0.6457986832,1,0,0,0,0,0,-1,0.5,1,0,1000000000,0,0,1,0,0,0,0,0,0,0,0,0,-11.50734899,-11.276716,1,0,0,0,0
5259,1789388707751718918,41606804259153,-3.75382217e-15,1,0,1,0.6457986832,1,0,0,0,0,0,-1,0.5,1,0,1000000000,0,0,1,0,0,0,0,0,0,0,0,0,-11.50734899,-11.276716,1,0,0,0,0
5260,1789388707761713210,41606814253462,-3.75382217e-15,1,0,1,0.6457986832,1,0,0,0,0,0,-1,0.5,1,0,1000000000,0,0,1,0,0,0,0,0,0,0,0,0,-11.50734899,-11.276716,1,0,0,0,0
5261,1789388707771717928,41606824258182,-3.75382217e-15,1,0,1,0.6457986832,1,0,0,0,0,0,-1,0.5,1,0,1000000000,0,0,1,0,0,0,0,0,0,0,0,0,-11.50734899,-11.276716,1,0,0,0,0
5262,1789388707781735944,41606834276183,-3.75382217e-15,1,0,1,0.6457986832,1,0,0,0,0,0,-1,0.5,1,0,1000000000,0,0,1,0,0,0,0,0,0,0,0,0,-11.50734899,-11.29526933,1,0,0,0,0
5263,1789388707791730865,41606844271112,-3.75382217e-15,1,0,1,0.6457986832,1,0,0,0,0,0,-1,0.5,1,0,1000000000,0,0,1,0,0,0,0,0,0,0,0,0,-11.50734899,-11.29526933,1,0,0,0,0
5264,1789388707801736325,41606854276550,-3.75382217e-15,1,0,1,0.6457986832,1,0,0,0,0,0,-1,0.5,1,0,1000000000,0,0,1,0,0,0,0,0,0,0,0,0,-11.50734899,-11.29526933,1,0,0,0,0
5265,1789388707811703441,41606864243628,-3.75382217e-15,1,0,1,0.6457986832,1,0,0,0,0,0,-1,0.5,1,0,1000000000,0,0,1,0,0,0,0,0,0,0,0,0,-11.50734899,-11.29526933,1,0,0,0,0
5266,1789388707821694541,41606874234806,-3.75382217e-15,1,0,1,0.6457986832,1,0,0,0,0,0,-1,0.5,1,0,1000000000,0,0,1,0,0,0,0,0,0,0,0,0,-11.50734899,-11.29526933,1,0,0,0,0
5267,1789388707831708087,41606884248356,-3.75382217e-15,1,0,1,0.6351562738,1,0,0,0,0,0,-1,0.5,1,0,1000000000,0,0,1,0,0,0,0,0,0,0,0,0,-11.50734899,-11.29526933,1,0,0,0,0
5268,1789388707841710382,41606894250650,-3.75382217e-15,1,0,1,0.6351562738,1,0,0,0,0,0,-1,0.5,1,0,1000000000,0,0,1,0,0,0,0,0,0,0,0,0,-11.50734899,-11.29526933,1,0,0,0,0
5269,1789388707851704672,41606904244939,-3.75382217e-15,1,0,1,0.6351562738,1,0,0,0,0,0,-1,0.5,1,0,1000000000,0,0,1,0,0,0,0,0,0,0,0,0,-11.50734899,-11.29526933,1,0,0,0,0
5270,1789388707861714211,41606914254390,-3.75382217e-15,1,0,1,0.6351562738,1,0,0,0,0,0,-1,0.5,1,0,1000000000,0,0,1,0,0,0,0,0,0,0,0,0,-11.50734899,-11.29526933,1,0,0,0,0
5271,1789388707871761627,41606924301900,-3.75382217e-15,1,0,1,0.6351562738,1,0,0,0,0,0,-1,0.5,1,0,1000000000,0,0,1,0,0,0,0,0,0,0,0,0,-11.50734899,-11.29526933,1,0,0,0,0
5272,1789388707881746578,41606934286823,-3.75382217e-15,1,0,1,0.6351562738,1,0,0,0,0,0,-1,0.5,1,0,1000000000,0,0,1,0,0,0,0,0,0,0,0,0,-11.50734899,-11.276716,1,0,0,0,0
5273,1789388707891721791,41606944262025,-3.75382217e-15,1,0,1,0.6351562738,1,0,0,0,0,0,-1,0.5,1,0,1000000000,0,0,1,0,0,0,0,0,0,0,0,0,-11.50734899,-11.276716,1,0,0,0,0
5274,1789388707901739242,41606954279482,-3.75382217e-15,1,0,1,0.6351562738,1,0,0,0,0,0,-1,0.5,1,0,1000000000,0,0,1,0,0,0,0,0,0,0,0,0,-11.50734899,-11.276716,1,0,0,0,0
5275,1789388707911731496,41606964271629,-3.75382217e-15,1,0,1,0.6351562738,1,0,0,0,0,0,-1,0.5,1,0,1000000000,0,0,1,0,0,0,0,0,0,0,0,0,-11.50734899,-11.276716,1,0,0,0,0
5276,1789388707921716054,41606974256201,-3.75382217e-15,1,0,1,0.6351562738,1,0,0,0,0,0,-1,0.5,1,0,1000000000,0,0,1,0,0,0,0,0,0,0,0,0,-11.50734899,-11.276716,1,0,0,0,0
5277,1789388707931758892,41606984299056,-3.75382217e-15,1,0,1,0.6362473369,1,0,0,0,0,0,-1,0.5,1,0,1000000000,0,0,1,0,0,0,0,0,0,0,0,0,-11.50734899,-11.276716,1,0,0,0,0
5278,1789388707941757009,41606994297264,-3.75382217e-15,1,0,1,0.6362473369,1,0,0,0,0,0,-1,0.5,1,0,1000000000,0,0,1,0,0,0,0,0,0,0,0,0,-11.50734899,-11.276716,1,0,0,0,0
5279,1789388707951719794,41607004260066,-3.75382217e-15,1,0,1,0.6362473369,1,0,0,0,0,0,-1,0.5,0,0,1000000000,0,0,1,0,0,0,0,0,0,0,0,0,-11.50734899,-11.276716,1,0,0,0,0
5280,1789388707961725950,41607014266197,-3.75382217e-15,1,0,1,0.6362473369,1,0,0,0,0,0,-1,0.5,0,0,1000000000,0,0,1,0,0,0,0,0,0,0,0,0,-11.50734899,-11.276716,1,0,0,0,0
5281,1789388707971764222,41607024304464,-3.75382217e-15,1,0,1,0.6362473369,1,0,0,0,0,0,-1,0.5,0,0,1000000000,0,0,1,0,0,0,0,0,0,0,0,0,-11.50734899,-11.276716,1,0,0,0,0
5282,1789388707981773164,41607034313402,-3.75382217e-15,1,0,1,0.6362473369,1,0,0,0,0,0,-1,0.5,0,0,1000000000,0,0,1,0,0,0,0,0,0,0,0,0,-11.50734899,-11.29526933,1,0,0,0,0
5283,1789388707991754013,41607044294145,-3.75382217e-15,1,0,1,0.6362473369,1,0,0,0,0,0,-1,0.5,0,0,1000000000,0,0,1,0,0,0,0,0,0,0,0,0,-11.50734899,-11.29526933,1,0,0,0,0
5284,1789388708001819835,41607054359972,-3.75382217e-15,1,0,1,0.6362473369,1,0,0,0,0,0,-1,0.5,0,0,1000000000,0,0,1,0,0,0,0,0,0,0,0,0,-11.50734899,-11.29526933,1,0,0,0,0
5285,1789388708011721685,41607064261935,-3.75382217e-15,1,0,1,0.6362473369,1,0,0,0,0,0,-1,0.5,0,0,1000000000,0,0,1,0,0,0,0,0,0,0,0,0,-11.50734899,-11.29526933,1,0,0,0,0
5286,1789388708021719109,41607074259326,-3.75382217e-15,1,0,1,0.6362473369,1,0,0,0,0,0,-1,0.5,0,0,1000000000,0,0,1,0,0,0,0,0,0,0,0,0,-11.50734899,-11.29526933,1,0,0,0,0
5287,1789388708031841858,41607084382117,-3.75382217e-15,1,0,1,0.6362473369,1,0,0,0,0,0,-1,0.5,0,0,1000000000,0,0,1,0,0,0,0,0,0,0,0,0,-11.50734899,-11.29526933,1,0,0,0,0
5288,1789388708041717644,41607094257804,-3.75382217e-15,1,0,1,0.6344965696,1,0,0,0,0,0,-1,0.5,0,0,1000000000,0,0,1,0,0,0,0,0,0,0,0,0,-11.50734899,-11.29526933,1,0,0,0,0
5289,1789388708051700878,41607104241145,-3.75382217e-15,1,0,1,0.6344965696,1,0,0,0,0,0,-1,0.5,0,0,1000000000,0,0,1,0,0,0,0,0,0,0,0,0,-11.50734899,-11.29526933,1,0,0,0,0
5290,1789388708061697741,41607114238008,-3.75382217e-15,1,0,1,0.6344965696,1,0,0,0,0,0,-1,0.5,0,0,1000000000,0,0,1,0,0,0,0,0,0,0,0,0,-11.50734899,-11.29526933,1,0,0,0,0
5291,1789388708071703945,41607124244208,-3.75382217e-15,1,0,1,0.6344965696,1,0,0,0,0,0,-1,0.5,0,0,1000000000,0,0,1,0,0,0,0,0,0,0,0,0,-11.50734899,-11.29526933,1,0,0,0,0
5292,1789388708081696518,41607134236788,-3.75382217e-15,1,0,1,0.6344965696,1,0,0,0,0,0,-1,0.5,0,0,1000000000,0,0,1,0,0,0,0,0,0,0,0,0,-11.50734899,-11.29526933,1,0,0,0,0
5293,1789388708091699280,41607144239523,-3.75382217e-15,1,0,1,0.6344965696,1,0,0,0,0,0,-1,0.5,0,0,1000000000,0,0,1,0,0,0,0,0,0,0,0,0,-11.50734899,-11.29526933,1,0,0,0,0
5294,1789388708101707298,41607154247565,-3.75382217e-15,1,0,1,0.6344965696,1,0,0,0,0,0,-1,0.5,0,0,1000000000,0,0,1,0,0,0,0,0,0,0,0,0,-11.50734899,-11.29526933,1,0,0,0,0
5295,1789388708111699502,41607164239773,-3.75382217e-15,1,0,1,0.6344965696,1,0,0,0,0,0,-1,0.5,0,0,1000000000,0,0,1,0,0,0,0,0,0,0,0,0,-11.50734899,-11.29526933,1,0,0,0,0
5296,1789388708121694873,41607174235143,-3.75382217e-15,1,0,1,0.6344965696,1,0,0,0,0,0,-1,0.5,0,0,1000000000,0,0,1,0,0,0,0,0,0,0,0,0,-11.50734899,-11.29526933,1,0,0,0,0
5297,1789388708131693981,41607184234252,-3.75382217e-15,1,0,1,0.7131128907,1,0,0,0,0,0,-1,0.5,0,0,1000000000,0,0,1,0,0,0,0,0,0,0,0,0,-11.50734899,-11.29526933,1,0,0,0,0
5298,1789388708141705158,41607194245428,-3.75382217e-15,1,0,1,0.7131128907,1,0,0,0,0,0,-1,0.5,0,0,1000000000,0,0,1,0,0,0,0,0,0,0,0,0,-11.50734899,-11.29526933,1,0,0,0,0
5299,1789388708151699081,41607204239352,-3.75382217e-15,1,0,1,0.7131128907,1,0,0,0,0,0,-1,0.5,0,0,1000000000,0,0,1,0,0,0,0,0,0,0,0,0,-11.50734899,-11.29526933,1,0,0,0,0
5300,1789388708161695361,41607214235635,-3.75382217e-15,1,0,1,0.7131128907,1,0,0,0,0,0,-1,0.5,0,0,1000000000,0,0,1,0,0,0,0,0,0,0,0,0,-11.50734899,-11.29526933,1,0,0,0,0
5301,1789388708171705493,41607224245763,-3.75382217e-15,1,0,1,0.7131128907,1,0,0,0,0,0,-1,0.5,0,0,1000000000,0,0,1,0,0,0,0,0,0,0,0,0,-11.50734899,-11.29526933,1,0,0,0,0
5302,1789388708181705961,41607234246231,-3.75382217e-15,1,0,1,0.7131128907,1,0,0,0,0,0,-1,0.5,0,0,1000000000,0,0,1,0,0,0,0,0,0,0,0,0,-11.50734899,-11.29526933,1,0,0,0,0
5303,1789388708191697903,41607244238173,-3.75382217e-15,1,0,1,0.7131128907,1,0,0,0,0,0,-1,0.5,0,0,1000000000,0,0,1,0,0,0,0,0,0,0,0,0,-11.50734899,-11.29526933,1,0,0,0,0
5304,1789388708201695531,41607254235802,-3.75382217e-15,1,0,1,0.7131128907,1,0,0,0,0,0,-1,0.5,0,0,1000000000,0,0,1,0,0,0,0,0,0,0,0,0,-11.50734899,-11.29526933,1,0,0,0,0
5305,1789388708211708653,41607264248904,-3.75382217e-15,1,0,1,0.7131128907,1,0,0,0,0,0,-1,0.5,0,0,1000000000,0,0,1,0,0,0,0,0,0,0,0,0,-11.50734899,-11.29526933,1,0,0,0,0
5306,1789388708221757193,41607274297371,-3.75382217e-15,1,0,1,0.7131128907,1,0,0,0,0,0,-1,0.5,0,0,1000000000,0,0,1,0,0,0,0,0,0,0,0,0,-11.50734899,-11.29526933,1,0,0,0,0
5307,1789388708231715072,41607284255332,-3.75382217e-15,1,0,1,0.6387808323,1,0,0,0,0,0,-1,0.5,0,0,1000000000,0,0,1,0,0,0,0,0,0,0,0,0,-11.50734899,-11.29526933,1,0,0,0,0
5308,1789388708241735493,41607294275744,-3.75382217e-15,1,0,1,0.6387808323,1,0,0,0,0,0,-1,0.5,0,0,1000000000,0,0,1,0,0,0,0,0,0,0,0,0,-11.50734899,-11.29526933,1,0,0,0,0
5309,1789388708251712895,41607304253150,-3.75382217e-15,1,0,1,0.6387808323,1,0,0,0,0,0,-1,0.5,0,0,1000000000,0,0,1,0,0,0,0,0,0,0,0,0,-11.50734899,-11.29526933,1,0,0,0,0
5310,1789388708261731337,41607314271603,-3.75382217e-15,1,0,1,0.6387808323,1,0,0,0,0,0,-1,0.5,0,0,1000000000,0,0,1,0,0,0,0,0,0,0,0,0,-11.50734899,-11.29526933,1,0,0,0,0
5311,1789388708271769110,41607324309151,-3.75382217e-15,1,0,1,0.6387808323,1,0,0,0,0,0,-1,0.5,0,0,1000000000,0,0,1,0,0,0,0,0,0,0,0,0,-11.50734899,-11.29526933,1,0,0,0,0
5312,1789388708281759252,41607334299511,-3.75382217e-15,1,0,1,0.6387808323,1,0,0,0,0,0,-1,0.5,0,0,1000000000,0,0,1,0,0,0,0,0,0,0,0,0,-11.50734899,-11.276716,1,0,0,0,0
5313,1789388708291724680,41607344264922,-3.75382217e-15,1,0,1,0.6387808323,1,0,0,0,0,0,-1,0.5,0,0,1000000000,0,0,1,0,0,0,0,0,0,0,0,0,-11.50734899,-11.276716,1,0,0,0,0
5314,1789388708301747303,41607354287557,-3.75382217e-15,1,0,1,0.6387808323,1,0,0,0,0,0,-1,0.5,0,0,1000000000,0,0,1,0,0,0,0,0,0,0,0,0,-11.50734899,-11.276716,1,0,0,0,0
5315,1789388708311712226,41607364252500,-3.75382217e-15,1,0,1,0.6387808323,1,0,0,0,0,0,-1,0.5,0,0,1000000000,0,0,1,0,0,0,0,0,0,0,0,0,-11.50734899,-11.276716,1,0,0,0,0
5316,1789388708321719538,41607374259683,-3.75382217e-15,1,0,1,0.6387808323,1,0,0,0,0,0,-1,0.5,0,0,1000000000,0,0,1,0,0,0,0,0,0,0,0,0,-11.50734899,-11.276716,1,0,0,0,0
5317,1789388708331719369,41607384259615,-3.75382217e-15,1,0,1,0.6327967048,1,0,0,0,0,0,-1,0.5,0,0,1000000000,0,0,1,0,0,0,0,0,0,0,0,0,-11.50734899,-11.276716,1,0,0,0,0
5318,1789388708341803548,41607394343700,-3.75382217e-15,1,0,1,0.6327967048,1,0,0,0,0,0,-1,0.5,0,0,1000000000,0,0,1,0,0,0,0,0,0,0,0,0,-11.50734899,-11.276716,1,0,0,0,0
5319,1789388708351702340,41607404242609,-3.75382217e-15,1,0,1,0.6327967048,1,0,0,0,0,0,-1,0.5,0,0,1000000000,0,0,1,0,0,0,0,0,0,0,0,0,-11.50734899,-11.276716,1,0,0,0,0
5320,1789388708361702227,41607414242493,-3.75382217e-15,1,0,1,0.6327967048,1,0,0,0,0,0,-1,0.5,0,0,1000000000,0,0,1,0,0,0,0,0,0,0,0,0,-11.50734899,-11.276716,1,0,0,0,0
5321,1789388708371711846,41607424252104,-3.75382217e-15,1,0,1,0.6327967048,1,0,0,0,0,0,-1,0.5,0,0,1000000000,0,0,1,0,0,0,0,0,0,0,0,0,-11.50734899,-11.276716,1,0,0,0,0
5322,1789388708381720651,41607434260889,-3.75382217e-15,1,0,1,0.6327967048,1,0,0,0,0,0,-1,0.5,0,0,1000000000,0,0,1,0,0,0,0,0,0,0,0,0,-11.50734899,-11.276716,1,0,0,0,0
5323,1789388708391712805,41607444253062,-3.75382217e-15,1,0,1,0.6327967048,1,0,0,0,0,0,-1,0.5,0,0,1000000000,0,0,1,0,0,0,0,0,0,0,0,0,-11.50734899,-11.276716,1,0,0,0,0
5324,1789388708401709877,41607454250138,-3.75382217e-15,1,0,1,0.6327967048,1,0,0,0,0,0,-1,0.5,0,0,1000000000,0,0,1,0,0,0,0,0,0,0,0,0,-11.50734899,-11.276716,1,0,0,0,0
5325,1789388708411709807,41607464250057,-3.75382217e-15,1,0,1,0.6327967048,1,0,0,0,0,0,-1,0.5,0,0,1000000000,0,0,1,0,0,0,0,0,0,0,0,0,-11.50734899,-11.276716,1,0,0,0,0
5326,1789388708421747193,41607474287453,-3.75382217e-15,1,0,1,0.6327967048,1,0,0,0,0,0,-1,0.5,0,0,1000000000,0,0,1,0,0,0,0,0,0,0,0,0,-11.50734899,-11.276716,1,0,0,0,0
5327,1789388708431709874,41607484250137,-3.75382217e-15,1,0,1,0.6382155418,1,0,0,0,0,0,-1,0.5,0,0,1000000000,0,0,1,0,0,0,0,0,0,0,0,0,-11.50734899,-11.276716,1,0,0,0,0
5328,1789388708441707487,41607494247743,-3.75382217e-15,1,0,1,0.6382155418,1,0,0,0,0,0,-1,0.5,0,0,1000000000,0,0,1,0,0,0,0,0,0,0,0,0,-11.50734899,-11.276716,1,0,0,0,0
5329,1789388708451708767,41607504249039,-3.75382217e-15,1,0,1,0.6382155418,1,0,0,0,0,0,-1,0.5,0,0,1000000000,0,0,1,0,0,0,0,0,0,0,0,0,-11.50734899,-11.276716,1,0,0,0,0
5330,1789388708461738278,41607514278447,-3.75382217e-15,1,0,1,0.6382155418,1,0,0,0,0,0,-1,0.5,0,0,1000000000,0,0,1,0,0,0,0,0,0,0,0,0,-11.50734899,-11.276716,1,0,0,0,0
5331,1789388708471718115,41607524258244,-3.75382217e-15,1,0,1,0.6382155418,1,0,0,0,0,0,-1,0.5,0,0,1000000000,0,0,1,0,0,0,0,0,0,0,0,0,-11.50734899,-11.276716,1,0,0,0,0
5332,1789388708481721414,41607534261657,-3.75382217e-15,1,0,1,0.6382155418,1,0,0,0,0,0,-1,0.5,0,0,1000000000,0,0,1,0,0,0,0,0,0,0,0,0,-11.50734899,-11.29526933,1,0,0,0,0
5333,1789388708491722347,41607544262537,-3.75382217e-15,1,0,1,0.6382155418,1,0,0,0,0,0,-1,0.5,0,0,1000000000,0,0,1,0,0,0,0,0,0,0,0,0,-11.50734899,-11.29526933,1,0,0,0,0
5334,1789388708501719777,41607554260010,-3.75382217e-15,1,0,1,0.6382155418,1,0,0,0,0,0,-1,0.5,0,0,1000000000,0,0,1,0,0,0,0,0,0,0,0,0,-11.50734899,-11.29526933,1,0,0,0,0
5335,1789388708511721251,41607564261514,-3.75382217e-15,1,0,1,0.6382155418,1,0,0,0,0,0,-1,0.5,0,0,1000000000,0,0,1,0,0,0,0,0,0,0,0,0,-11.50734899,-11.29526933,1,0,0,0,0
5336,1789388708521715997,41607574256263,-3.75382217e-15,1,0,1,0.6382155418,1,0,0,0,0,0,-1,0.5,0,0,1000000000,0,0,1,0,0,0,0,0,0,0,0,0,-11.50734899,-11.29526933,1,0,0,0,0
5337,1789388708531710002,41607584250274,-3.75382217e-15,1,0,1,0.6403774023,1,0,0,0,0,0,-1,0.5,0,0,1000000000,0,0,1,0,0,0,0,0,0,0,0,0,-11.50734899,-11.29526933,1,0,0,0,0
5338,1789388708541713077,41607594253262,-3.75382217e-15,1,0,1,0.6403774023,1,0,0,0,0,0,-1,0.5,0,0,1000000000,0,0,1,0,0,0,0,0,0,0,0,0,-11.50734899,-11.29526933,1,0,0,0,0
5339,1789388708551716643,41607604256916,-3.75382217e-15,1,0,1,0.6403774023,1,0,0,0,0,0,-1,0.5,0,0,1000000000,0,0,1,0,0,0,0,0,0,0,0,0,-11.50734899,-11.29526933,1,0,0,0,0
5340,1789388708561718301,41607614258550,-3.75382217e-15,1,0,1,0.6403774023,1,0,0,0,0,0,-1,0.5,0,0,1000000000,0,0,1,0,0,0,0,0,0,0,0,0,-11.50734899,-11.29526933,1,0,0,0,0
5341,1789388708571715910,41607624256146,-3.75382217e-15,1,0,1,0.6403774023,1,0,0,0,0,0,-1,0.5,0,0,1000000000,0,0,1,0,0,0,0,0,0,0,0,0,-11.50734899,-11.29526933,1,0,0,0,0
5342,1789388708581730378,41607634270629,-3.75382217e-15,1,0,1,0.6403774023,1,0,0,0,0,0,-1,0.5,0,0,1000000000,0,0,1,0,0,0,0,0,0,0,0,0,-11.50734899,-11.29526933,1,0,0,0,0
5343,1789388708591735552,41607644275788,-3.75382217e-15,1,0,1,0.6403774023,1,0,0,0,0,0,-1,0.5,0,0,1000000000,0,0,1,0,0,0,0,0,0,0,0,0,-11.50734899,-11.29526933,1,0,0,0,0
5344,1789388708601722755,41607654263003,-3.75382217e-15,1,0,1,0.6403774023,1,0,0,0,0,0,-1,0.5,0,0,1000000000,0,0,1,0,0,0,0,0,0,0,0,0,-11.50734899,-11.29526933,1,0,0,0,0
5345,1789388708611722342,41607664262583,-3.75382217e-15,1,0,1,0.6403774023,1,0,0,0,0,0,-1,0.5,0,0,1000000000,0,0,1,0,0,0,0,0,0,0,0,0,-11.50734899,-11.29526933,1,0,0,0,0
5346,1789388708621720597,41607674260860,-3.75382217e-15,1,0,1,0.6403774023,1,0,0,0,0,0,-1,0.5,0,0,1000000000,0,0,1,0,0,0,0,0,0,0,0,0,-11.50734899,-11.29526933,1,0,0,0,0
5347,1789388708631717565,41607684257764,-3.75382217e-15,1,0,1,0.6373138428,1,0,0,0,0,0,-1,0.5,0,0,1000000000,0,0,1,0,0,0,0,0,0,0,0,0,-11.50734899,-11.29526933,1,0,0,0,0
5348,1789388708641791094,41607694331228,-3.75382217e-15,1,0,1,0.6373138428,1,0,0,0,0,0,-1,0.5,0,0,1000000000,0,0,1,0,0,0,0,0,0,0,0,0,-11.50734899,-11.29526933,1,0,0,0,0
5349,1789388708651718457,41607704258725,-3.75382217e-15,1,0,1,0.6373138428,1,0,0,0,0,0,-1,0.5,0,0,1000000000,0,0,1,0,0,0,0,0,0,0,0,0,-11.50734899,-11.29526933,1,0,0,0,0
5350,1789388708661715459,41607714255732,-3.75382217e-15,1,0,1,0.6373138428,1,0,0,0,0,0,-1,0.5,0,0,1000000000,0,0,1,0,0,0,0,0,0,0,0,0,-11.50734899,-11.29526933,1,0,0,0,0
5351,1789388708671720856,41607724261112,-3.75382217e-15,1,0,1,0.6373138428,1,0,0,0,0,0,-1,0.5,0,0,1000000000,0,0,1,0,0,0,0,0,0,0,0,0,-11.50734899,-11.29526933,1,0,0,0,0
5352,1789388708681727899,41607734268147,-3.75382217e-15,1,0,1,0.6373138428,1,0,0,0,0,0,-1,0.5,0,0,1000000000,0,0,1,0,0,0,0,0,0,0,0,0,-11.50734899,-11.29526933,1,0,0,0,0
5353,1789388708691718403,41607744258651,-3.75382217e-15,1,0,1,0.6373138428,1,0,0,0,0,0,-1,0.5,0,0,1000000000,0,0,1,0,0,0,0,0,0,0,0,0,-11.50734899,-11.29526933,1,0,0,0,0
5354,1789388708701718586,41607754258834,-3.75382217e-15,1,0,1,0.6373138428,1,0,0,0,0,0,-1,0.5,0,0,1000000000,0,0,1,0,0,0,0,0,0,0,0,0,-11.50734899,-11.29526933,1,0,0,0,0
5355,1789388708711717179,41607764257329,-3.75382217e-15,1,0,1,0.6373138428,1,0,0,0,0,0,-1,0.5,0,0,1000000000,0,0,1,0,0,0,0,0,0,0,0,0,-11.50734899,-11.29526933,1,0,0,0,0
5356,1789388708721759303,41607774299334,-3.75382217e-15,1,0,1,0.6373138428,1,0,0,0,0,0,-1,0.5,0,0,1000000000,0,0,1,0,0,0,0,0,0,0,0,0,-11.50734899,-11.29526933,1,0,0,0,0
5357,1789388708731716946,41607784257216,-3.75382217e-15,1,0,1,0.6373138428,1,0,0,0,0,0,-1,0.5,0,0,1000000000,0,0,1,0,0,0,0,0,0,0,0,0,-11.50734899,-11.29526933,1,0,0,0,0
5358,1789388708741746370,41607794286603,-3.75382217e-15,1,0,1,0.7136982083,1,0,0,0,0,0,-1,0.5,0,0,1000000000,0,0,1,0,0,0,0,0,0,0,0,0,-11.50734899,-11.29526933,1,0,0,0,0
5359,1789388708751763515,41607804303785,-3.75382217e-15,1,0,1,0.7136982083,1,0,0,0,0,0,-1,0.5,0,0,1000000000,0,0,1,0,0,0,0,0,0,0,0,0,-11.50734899,-11.29526933,1,0,0,0,0
5360,1789388708761721029,41607814261291,-3.75382217e-15,1,0,1,0.7136982083,1,0,0,0,0,0,-1,0.5,0,0,1000000000,0,0,1,0,0,0,0,0,0,0,0,0,-11.50734899,-11.29526933,1,0,0,0,0
5361,1789388708771770203,41607824310460,-3.75382217e-15,1,0,1,0.7136982083,1,0,0,0,0,0,-1,0.5,0,0,1000000000,0,0,1,0,0,0,0,0,0,0,0,0,-11.50734899,-11.29526933,1,0,0,0,0
5362,1789388708781728814,41607834268970,-3.75382217e-15,1,0,1,0.7136982083,1,0,0,0,0,0,-1,0.5,0,0,1000000000,0,0,1,0,0,0,0,0,0,0,0,0,-11.50734899,-11.29526933,1,0,0,0,0
5363,1789388708791725739,41607844266005,-3.75382217e-15,1,0,1,0.7136982083,1,0,0,0,0,0,-1,0.5,0,0,1000000000,0,0,1,0,0,0,0,0,0,0,0,0,-11.50734899,-11.29526933,1,0,0,0,0
5364,1789388708801714033,41607854254292,-3.75382217e-15,1,0,1,0.7136982083,1,0,0,0,0,0,-1,0.5,0,0,1000000000,0,0,1,0,0,0,0,0,0,0,0,0,-11.50734899,-11.29526933,1,0,0,0,0
5365,1789388708811727977,41607864268248,-3.75382217e-15,1,0,1,0.7136982083,1,0,0,0,0,0,-1,0.5,0,0,1000000000,0,0,1,0,0,0,0,0,0,0,0,0,-11.50734899,-11.29526933,1,0,0,0,0
5366,1789388708821706260,41607874246524,-3.75382217e-15,1,0,1,0.7136982083,1,0,0,0,0,0,-1,0.5,0,0,1000000000,0,0,1,0,0,0,0,0,0,0,0,0,-11.50734899,-11.29526933,1,0,0,0,0
5367,1789388708831694865,41607884235137,-3.75382217e-15,1,0,1,0.6367166638,1,0,0,0,0,0,-1,0.5,0,0,1000000000,0,0,1,0,0,0,0,0,0,0,0,0,-11.50734899,-11.29526933,1,0,0,0,0
5368,1789388708841690112,41607894230383,-3.75382217e-15,1,0,1,0.6367166638,1,0,0,0,0,0,-1,0.5,0,0,1000000000,0,0,1,0,0,0,0,0,0,0,0,0,-11.50734899,-11.29526933,1,0,0,0,0
5369,1789388708851695241,41607904235512,-3.75382217e-15,1,0,1,0.6367166638,1,0,0,0,0,0,-1,0.5,0,0,1000000000,0,0,1,0,0,0,0,0,0,0,0,0,-11.50734899,-11.29526933,1,0,0,0,0
5370,1789388708861701299,41607914241573,-3.75382217e-15,1,0,1,0.6367166638,1,0,0,0,0,0,-1,0.5,0,0,1000000000,0,0,1,0,0,0,0,0,0,0,0,0,-11.50734899,-11.29526933,1,0,0,0,0
5371,1789388708871709321,41607924249591,-3.75382217e-15,1,0,1,0.6367166638,1,0,0,0,0,0,-1,0.5,0,0,1000000000,0,0,1,0,0,0,0,0,0,0,0,0,-11.50734899,-11.29526933,1,0,0,0,0
5372,1789388708881717051,41607934257225,-3.75382217e-15,1,0,1,0.6367166638,1,0,0,0,0,0,-1,0.5,0,0,1000000000,0,0,1,0,0,0,0,0,0,0,0,0,-11.50734899,-11.29526933,1,0,0,0,0
5373,1789388708891747147,41607944287291,-3.75382217e-15,1,0,1,0.6367166638,1,0,0,0,0,0,-1,0.5,0,0,1000000000,0,0,1,0,0,0,0,0,0,0,0,0,-11.50734899,-11.29526933,1,0,0,0,0
5374,1789388708901718698,41607954258962,-3.75382217e-15,1,0,1,0.6367166638,1,0,0,0,0,0,-1,0.5,0,0,1000000000,0,0,1,0,0,0,0,0,0,0,0,0,-11.50734899,-11.29526933,1,0,0,0,0
5375,1789388708912473375,41607965013647,-3.75382217e-15,1,0,1,0.6367166638,1,0,0,0,0,0,-1,0.5,0,0,1000000000,0,0,1,0,0,0,0,0,0,0,0,0,-11.50734899,-11.29526933,1,0,0,0,0
5376,1789388708921705386,41607974245659,-3.75382217e-15,1,0,1,0.6367166638,1,0,0,0,0,0,-1,0.5,0,0,1000000000,0,0,1,0,0,0,0,0,0,0,0,0,-11.50734899,-11.29526933,1,0,0,0,0
5377,1789388708931723364,41607984263635,-3.75382217e-15,1,0,1,0.6367166638,1,0,0,0,0,0,-1,0.5,0,0,1000000000,0,0,1,0,0,0,0,0,0,0,0,0,-11.50734899,-11.29526933,1,0,0,0,0
5378,1789388708941705749,41607994245906,-3.75382217e-15,1,0,1,0.6401430368,1,0,0,0,0,0,-1,0.5,0,0,1000000000,0,0,1,0,0,0,0,0,0,0,0,0,-11.50734899,-11.29526933,1,0,0,0,0
5379,1789388708951699202,41608004239462,-3.75382217e-15,1,0,1,0.6401430368,1,0,0,0,0,0,-1,0.5,0,0,1000000000,0,0,1,0,0,0,0,0,0,0,0,0,-11.50734899,-11.29526933,1,0,0,0,0
5380,1789388708961697125,41608014237394,-3.75382217e-15,1,0,1,0.6401430368,1,0,0,0,0,0,-1,0.5,0,0,1000000000,0,0,1,0,0,0,0,0,0,0,0,0,-11.50734899,-11.29526933,1,0,0,0,0
5381,1789388708971730693,41608024270959,-3.75382217e-15,1,0,1,0.6401430368,1,0,0,0,0,0,-1,0.5,0,0,1000000000,0,0,1,0,0,0,0,0,0,0,0,0,-11.50734899,-11.29526933,1,0,0,0,0
5382,1789388708981719855,41608034260118,-3.75382217e-15,1,0,1,0.6401430368,1,0,0,0,0,0,-1,0.5,0,0,1000000000,0,0,1,0,0,0,0,0,0,0,0,0,-11.50734899,-11.29526933,1,0,0,0,0
5383,1789388708991734254,41608044274517,-3.75382217e-15,1,0,1,0.6401430368,1,0,0,0,0,0,-1,0.5,0,0,1000000000,0,0,1,0,0,0,0,0,0,0,0,0,-11.50734899,-11.29526933,1,0,0,0,0
5384,1789388709001721353,41608054261606,-3.75382217e-15,1,0,1,0.6401430368,1,0,0,0,0,0,-1,0.5,0,0,1000000000,0,0,1,0,0,0,0,0,0,0,0,0,-11.50734899,-11.29526933,1,0,0,0,0
5385,1789388709011734369,41608064274622,-3.75382217e-15,1,0,1,0.6401430368,1,0,0,0,0,0,-1,0.5,0,0,1000000000,0,0,1,0,0,0,0,0,0,0,0,0,-11.50734899,-11.29526933,1,0,0,0,0
5386,1789388709021711181,41608074251447,-3.75382217e-15,1,0,1,0.6401430368,1,0,0,0,0,0,-1,0.5,0,0,1000000000,0,0,1,0,0,0,0,0,0,0,0,0,-11.50734899,-11.29526933,1,0,0,0,0
5387,1789388709031762516,41608084302782,-3.75382217e-15,1,0,1,0.6402284503,1,0,0,0,0,0,-1,0.5,0,0,1000000000,0,0,1,0,0,0,0,0,0,0,0,0,-11.50734899,-11.29526933,1,0,0,0,0
5388,1789388709041757950,41608094298214,-3.75382217e-15,1,0,1,0.6402284503,1,0,0,0,0,0,-1,0.5,0,0,1000000000,0,0,1,0,0,0,0,0,0,0,0,0,-11.50734899,-11.29526933,1,0,0,0,0
5389,1789388709051716802,41608104257068,-3.75382217e-15,1,0,1,0.6402284503,1,0,0,0,0,0,-1,0.5,0,0,1000000000,0,0,1,0,0,0,0,0,0,0,0,0,-11.50734899,-11.29526933,1,0,0,0,0
5390,1789388709061719043,41608114259295,-3.75382217e-15,1,0,1,0.6402284503,1,0,0,0,0,0,-1,0.5,0,0,1000000000,0,0,1,0,0,0,0,0,0,0,0,0,-11.50734899,-11.29526933,1,0,0,0,0
5391,1789388709071760387,41608124300660,-3.75382217e-15,1,0,1,0.6402284503,1,0,0,0,0,0,-1,0.5,0,0,1000000000,0,0,1,0,0,0,0,0,0,0,0,0,-11.50734899,-11.29526933,1,0,0,0,0
5392,1789388709081776303,41608134316332,-3.75382217e-15,1,0,1,0.6402284503,1,0,0,0,0,0,-1,0.5,0,0,1000000000,0,0,1,0,0,0,0,0,0,0,0,0,-11.50734899,-11.29526933,1,0,0,0,0
5393,1789388709091721060,41608144261308,-3.75382217e-15,1,0,1,0.6402284503,1,0,0,0,0,0,-1,0.5,0,0,1000000000,0,0,1,0,0,0,0,0,0,0,0,0,-11.50734899,-11.29526933,1,0,0,0,0
5394,1789388709101730826,41608154271079,-3.75382217e-15,1,0,1,0.6402284503,1,0,0,0,0,0,-1,0.5,0,0,1000000000,0,0,1,0,0,0,0,0,0,0,0,0,-11.50734899,-11.29526933,1,0,0,0,0
5395,1789388709111713133,41608164253392,-3.75382217e-15,1,0,1,0.6402284503,1,0,0,0,0,0,-1,0.5,0,0,1000000000,0,0,1,0,0,0,0,0,0,0,0,0,-11.50734899,-11.29526933,1,0,0,0,0
5396,1789388709121754243,41608174294497,-3.75382217e-15,1,0,1,0.6402284503,1,0,0,0,0,0,-1,0.5,0,0,1000000000,0,0,1,0,0,0,0,0,0,0,0,0,-11.50734899,-11.29526933,1,0,0,0,0
5397,1789388709131714599,41608184254868,-3.75382217e-15,1,0,1,0.7118998766,1,0,0,0,0,0,-1,0.5,0,0,1000000000,0,0,1,0,0,0,0,0,0,0,0,0,-11.50734899,-11.29526933,1,0,0,0,0
5398,1789388709141833145,41608194373126,-3.75382217e-15,1,0,1,0.7118998766,1,0,0,0,0,0,-1,0.5,0,0,1000000000,0,0,1,0,0,0,0,0,0,0,0,0,-11.50734899,-11.29526933,1,0,0,0,0
5399,1789388709151712287,41608204252554,-3.75382217e-15,1,0,1,0.7118998766,1,0,0,0,0,0,-1,0.5,0,0,1000000000,0,0,1,0,0,0,0,0,0,0,0,0,-11.50734899,-11.29526933,1,0,0,0,0
5400,1789388709161697854,41608214238124,-3.75382217e-15,1,0,1,0.7118998766,1,0,0,0,0,0,-1,0.5,0,0,1000000000,0,0,1,0,0,0,0,0,0,0,0,0,-11.50734899,-11.29526933,1,0,0,0,0
5401,1789388709171705273,41608224245545,-3.75382217e-15,1,0,1,0.7118998766,1,0,0,0,0,0,-1,0.5,0,0,1000000000,0,0,1,0,0,0,0,0,0,0,0,0,-11.50734899,-11.29526933,1,0,0,0,0
5402,1789388709181770306,41608234310578,-3.75382217e-15,1,0,1,0.7118998766,1,0,0,0,0,0,-1,0.5,0,0,1000000000,0,0,1,0,0,0,0,0,0,0,0,0,-11.50734899,-11.29526933,1,0,0,0,0
5403,1789388709191710901,41608244251167,-3.75382217e-15,1,0,1,0.7118998766,1,0,0,0,0,0,-1,0.5,0,0,1000000000,0,0,1,0,0,0,0,0,0,0,0,0,-11.50734899,-11.29526933,1,0,0,0,0
5404,1789388709201703409,41608254243679,-3.75382217e-15,1,0,1,0.7118998766,1,0,0,0,0,0,-1,0.5,0,0,1000000000,0,0,1,0,0,0,0,0,0,0,0,0,-11.50734899,-11.29526933,1,0,0,0,0
5405,1789388709211704323,41608264244590,-3.75382217e-15,1,0,1,0.7118998766,1,0,0,0,0,0,-1,0.5,0,0,1000000000,0,0,1,0,0,0,0,0,0,0,0,0,-11.50734899,-11.29526933,1,0,0,0,0
5406,1789388709221740018,41608274280288,-3.75382217e-15,1,0,1,0.7118998766,1,0,0,0,0,0,-1,0.5,0,0,1000000000,0,0,1,0,0,0,0,0,0,0,0,0,-11.50734899,-11.29526933,1,0,0,0,0
5407,1789388709231718966,41608284259226,-3.75382217e-15,1,0,1,0.6387793422,1,0,0,0,0,0,-1,0.5,0,0,1000000000,0,0,1,0,0,0,0,0,0,0,0,0,-11.50734899,-11.29526933,1,0,0,0,0
5408,1789388709241721568,41608294261730,-3.75382217e-15,1,0,1,0.6387793422,1,0,0,0,0,0,-1,0.5,0,0,1000000000,0,0,1,0,0,0,0,0,0,0,0,0,-11.50734899,-11.29526933,1,0,0,0,0
5409,1789388709251706251,41608304246510,-3.75382217e-15,1,0,1,0.6387793422,1,0,0,0,0,0,-1,0.5,0,0,1000000000,0,0,1,0,0,0,0,0,0,0,0,0,-11.50734899,-11.29526933,1,0,0,0,0
5410,1789388709261716319,41608314256591,-3.75382217e-15,1,0,1,0.6387793422,1,0,0,0,0,0,-1,0.5,0,0,1000000000,0,0,1,0,0,0,0,0,0,0,0,0,-11.50734899,-11.29526933,1,0,0,0,0
5411,1789388709271719097,41608324259361,-3.75382217e-15,1,0,1,0.6387793422,1,0,0,0,0,0,-1,0.5,0,0,1000000000,0,0,1,0,0,0,0,0,0,0,0,0,-11.50734899,-11.29526933,1,0,0,0,0
5412,1789388709281742442,41608334282698,-3.75382217e-15,1,0,1,0.6387793422,1,0,0,0,0,0,-1,0.5,0,0,1000000000,0,0,1,0,0,0,0,0,0,0,0,0,-11.50734899,-11.29526933,1,0,0,0,0
5413,1789388709291719881,41608344260127,-3.75382217e-15,1,0,1,0.6387793422,1,0,0,0,0,0,-1,0.5,0,0,1000000000,0,0,1,0,0,0,0,0,0,0,0,0,-11.50734899,-11.29526933,1,0,0,0,0
5414,1789388709301720962,41608354261226,-3.75382217e-15,1,0,1,0.6387793422,1,0,0,0,0,0,-1,0.5,0,0,1000000000,0,0,1,0,0,0,0,0,0,0,0,0,-11.50734899,-11.29526933,1,0,0,0,0
5415,1789388709311715571,41608364255833,-3.75382217e-15,1,0,1,0.6387793422,1,0,0,0,0,0,-1,0.5,0,0,1000000000,0,0,1,0,0,0,0,0,0,0,0,0,-11.50734899,-11.29526933,1,0,0,0,0
5416,1789388709321720602,41608374260830,-3.75382217e-15,1,0,1,0.6387793422,1,0,0,0,0,0,-1,0.5,0,0,1000000000,0,0,1,0,0,0,0,0,0,0,0,0,-11.50734899,-11.29526933,1,0,0,0,0
5417,1789388709331721801,41608384262046,-3.75382217e-15,1,0,1,0.6373850107,1,0,0,0,0,0,-1,0.5,0,0,1000000000,0,0,1,0,0,0,0,0,0,0,0,0,-11.50734899,-11.29526933,1,0,0,0,0
5418,1789388709341740408,41608394280655,-3.75382217e-15,1,0,1,0.6373850107,1,0,0,0,0,0,-1,0.5,0,0,1000000000,0,0,1,0,0,0,0,0,0,0,0,0,-11.50734899,-11.29526933,1,0,0,0,0
5419,1789388709351716951,41608404257215,-3.75382217e-15,1,0,1,0.6373850107,1,0,0,0,0,0,-1,0.5,0,0,1000000000,0,0,1,0,0,0,0,0,0,0,0,0,-11.50734899,-11.29526933,1,0,0,0,0
5420,1789388709361725292,41608414265530,-3.75382217e-15,1,0,1,0.6373850107,1,0,0,0,0,0,-1,0.5,0,0,1000000000,0,0,1,0,0,0,0,0,0,0,0,0,-11.50734899,-11.29526933,1,0,0,0,0
5421,1789388709371719091,41608424259362,-3.75382217e-15,1,0,1,0.6373850107,1,0,0,0,0,0,-1,0.5,0,0,1000000000,0,0,1,0,0,0,0,0,0,0,0,0,-11.50734899,-11.29526933,1,0,0,0,0
5422,1789388709381721250,41608434261480,-3.75382217e-15,1,0,1,0.6373850107,1,0,0,0,0,0,-1,0.5,0,0,1000000000,0,0,1,0,0,0,0,0,0,0,0,0,-11.50734899,-11.276716,1,0,0,0,0
5423,1789388709391752979,41608444293211,-3.75382217e-15,1,0,1,0.6373850107,1,0,0,0,0,0,-1,0.5,0,0,1000000000,0,0,1,0,0,0,0,0,0,0,0,0,-11.50734899,-11.276716,1,0,0,0,0
5424,1789388709401728677,41608454268920,-3.75382217e-15,1,0,1,0.6373850107,1,0,0,0,0,0,-1,0.5,0,0,1000000000,0,0,1,0,0,0,0,0,0,0,0,0,-11.50734899,-11.276716,1,0,0,0,0
5425,1789388709411702343,41608464242609,-3.75382217e-15,1,0,1,0.6373850107,1,0,0,0,0,0,-1,0.5,0,0,1000000000,0,0,1,0,0,0,0,0,0,0,0,0,-11.50734899,-11.276716,1,0,0,0,0
5426,1789388709421703094,41608474243362,-3.75382217e-15,1,0,1,0.6373850107,1,0,0,0,0,0,-1,0.5,0,0,1000000000,0,0,1,0,0,0,0,0,0,0,0,0,-11.50734899,-11.276716,1,0,0,0,0
5427,1789388709431707632,41608484247872,-3.75382217e-15,1,0,1,0.6373850107,1,0,0,0,0,0,-1,0.5,0,0,1000000000,0,0,1,0,0,0,0,0,0,0,0,0,-11.50734899,-11.276716,1,0,0,0,0
5428,1789388709441701993,41608494242261,-3.75382217e-15,1,0,1,0.6373850107,1,0,0,0,0,0,-1,0.5,0,0,1000000000,0,0,1,0,0,0,0,0,0,0,0,0,-11.50734899,-11.276716,1,0,0,0,0
5429,1789388709451700930,41608504241200,-3.75382217e-15,1,0,1,0.6343366504,1,0,0,0,0,0,-1,0.5,0,0,1000000000,0,0,1,0,0,0,0,0,0,0,0,0,-11.50734899,-11.276716,1,0,0,0,0
5430,1789388709461745462,41608514285723,-3.75382217e-15,1,0,1,0.6343366504,1,0,0,0,0,0,-1,0.5,0,0,1000000000,0,0,1,0,0,0,0,0,0,0,0,0,-11.50734899,-11.276716,1,0,0,0,0
5431,1789388709471720164,41608524260403,-3.75382217e-15,1,0,1,0.6343366504,1,0,0,0,0,0,-1,0.5,0,0,1000000000,0,0,1,0,0,0,0,0,0,0,0,0,-11.50734899,-11.276716,1,0,0,0,0
5432,1789388709481744357,41608534284619,-3.75382217e-15,1,0,1,0.6343366504,1,0,0,0,0,0,-1,0.5,0,0,1000000000,0,0,1,0,0,0,0,0,0,0,0,0,-11.50734899,-11.29526933,1,0,0,0,0
5433,1789388709491723207,41608544263454,-3.75382217e-15,1,0,1,0.6343366504,1,0,0,0,0,0,-1,0.5,0,0,1000000000,0,0,1,0,0,0,0,0,0,0,0,0,-11.50734899,-11.29526933,1,0,0,0,0
5434,1789388709501742706,41608554282939,-3.75382217e-15,1,0,1,0.6343366504,1,0,0,0,0,0,-1,0.5,0,0,1000000000,0,0,1,0,0,0,0,0,0,0,0,0,-11.50734899,-11.29526933,1,0,0,0,0
5435,1789388709511716293,41608564256541,-3.75382217e-15,1,0,1,0.6343366504,1,0,0,0,0,0,-1,0.5,0,0,1000000000,0,0,1,0,0,0,0,0,0,0,0,0,-11.50734899,-11.29526933,1,0,0,0,0
5436,1789388709521712993,41608574253258,-3.75382217e-15,1,0,1,0.6343366504,1,0,0,0,0,0,-1,0.5,0,0,1000000000,0,0,1,0,0,0,0,0,0,0,0,0,-11.50734899,-11.29526933,1,0,0,0,0
5437,1789388709531722398,41608584262652,-3.75382217e-15,1,0,1,0.6343366504,1,0,0,0,0,0,-1,0.5,0,0,1000000000,0,0,1,0,0,0,0,0,0,0,0,0,-11.50734899,-11.29526933,1,0,0,0,0
5438,1789388709541764090,41608594304356,-3.75382217e-15,1,0,1,0.6408705115,1,0,0,0,0,0,-1,0.5,0,0,1000000000,0,0,1,0,0,0,0,0,0,0,0,0,-11.50734899,-11.29526933,1,0,0,0,0
5439,1789388709551719716,41608604259977,-3.75382217e-15,1,0,1,0.6408705115,1,0,0,0,0,0,-1,0.5,0,0,1000000000,0,0,1,0,0,0,0,0,0,0,0,0,-11.50734899,-11.29526933,1,0,0,0,0
5440,1789388709561715862,41608614256130,-3.75382217e-15,1,0,1,0.6408705115,1,0,0,0,0,0,-1,0.5,0,0,1000000000,0,0,1,0,0,0,0,0,0,0,0,0,-11.50734899,-11.29526933,1,0,0,0,0
5441,1789388709571717360,41608624257615,-3.75382217e-15,1,0,1,0.6408705115,1,0,0,0,0,0,-1,0.5,0,0,1000000000,0,0,1,0,0,0,0,0,0,0,0,0,-11.50734899,-11.29526933,1,0,0,0,0
5442,1789388709581740854,41608634281108,-3.75382217e-15,1,0,1,0.6408705115,1,0,0,0,0,0,-1,0.5,0,0,1000000000,0,0,1,0,0,0,0,0,0,0,0,0,-11.50734899,-11.29526933,1,0,0,0,0
5443,1789388709591720539,41608644260806,-3.75382217e-15,1,0,1,0.6408705115,1,0,0,0,0,0,-1,0.5,0,0,1000000000,0,0,1,0,0,0,0,0,0,0,0,0,-11.50734899,-11.29526933,1,0,0,0,0
5444,1789388709601705794,41608654246066,-3.75382217e-15,1,0,1,0.6408705115,1,0,0,0,0,0,-1,0.5,0,0,1000000000,0,0,1,0,0,0,0,0,0,0,0,0,-11.50734899,-11.29526933,1,0,0,0,0
5445,1789388709611706283,41608664246552,-3.75382217e-15,1,0,1,0.6408705115,1,0,0,0,0,0,-1,0.5,0,0,1000000000,0,0,1,0,0,0,0,0,0,0,0,0,-11.50734899,-11.29526933,1,0,0,0,0
5446,1789388709621693344,41608674233613,-3.75382217e-15,1,0,1,0.6408705115,1,0,0,0,0,0,-1,0.5,0,0,1000000000,0,0,1,0,0,0,0,0,0,0,0,0,-11.50734899,-11.29526933,1,0,0,0,0
5447,1789388709631704933,41608684245203,-3.75382217e-15,1,0,1,0.6408705115,1,0,0,0,0,0,-1,0.5,0,0,1000000000,0,0,1,0,0,0,0,0,0,0,0,0,-11.50734899,-11.29526933,1,0,0,0,0
5448,1789388709641710173,41608694250446,-3.75382217e-15,1,0,1,0.6359695792,1,0,0,0,0,0,-1,0.5,0,0,1000000000,0,0,1,0,0,0,0,0,0,0,0,0,-11.50734899,-11.29526933,1,0,0,0,0
5449,1789388709651696853,41608704237122,-3.75382217e-15,1,0,1,0.6359695792,1,0,0,0,0,0,-1,0.5,0,0,1000000000,0,0,1,0,0,0,0,0,0,0,0,0,-11.50734899,-11.29526933,1,0,0,0,0
5450,1789388709661696663,41608714236935,-3.75382217e-15,1,0,1,0.6359695792,1,0,0,0,0,0,-1,0.5,0,0,1000000000,0,0,1,0,0,0,0,0,0,0,0,0,-11.50734899,-11.29526933,1,0,0,0,0
5451,1789388709671698437,41608724238703,-3.75382217e-15,1,0,1,0.6359695792,1,0,0,0,0,0,-1,0.5,0,0,1000000000,0,0,1,0,0,0,0,0,0,0,0,0,-11.50734899,-11.29526933,1,0,0,0,0
5452,1789388709681769598,41608734309861,-3.75382217e-15,1,0,1,0.6359695792,1,0,0,0,0,0,-1,0.5,0,0,1000000000,0,0,1,0,0,0,0,0,0,0,0,0,-11.50734899,-11.276716,1,0,0,0,0
5453,1789388709691703871,41608744244138,-3.75382217e-15,1,0,1,0.6359695792,1,0,0,0,0,0,-1,0.5,0,0,1000000000,0,0,1,0,0,0,0,0,0,0,0,0,-11.50734899,-11.276716,1,0,0,0,0
5454,1789388709701777887,41608754318137,-3.75382217e-15,1,0,1,0.6359695792,1,0,0,0,0,0,-1,0.5,0,0,1000000000,0,0,1,0,0,0,0,0,0,0,0,0,-11.50734899,-11.276716,1,0,0,0,0
5455,1789388709711929609,41608764469338,-3.75382217e-15,1,0,1,0.6359695792,1,0,0,0,0,0,-1,0.5,0,0,1000000000,0,0,1,0,0,0,0,0,0,0,0,0,-11.50734899,-11.276716,1,0,0,0,0
5456,1789388709721724758,41608774265030,-3.75382217e-15,1,0,1,0.6359695792,1,0,0,0,0,0,-1,0.5,0,0,1000000000,0,0,1,0,0,0,0,0,0,0,0,0,-11.50734899,-11.276716,1,0,0,0,0
5457,1789388709731702576,41608784242845,-3.75382217e-15,1,0,1,0.6359695792,1,0,0,0,0,0,-1,0.5,0,0,1000000000,0,0,1,0,0,0,0,0,0,0,0,0,-11.50734899,-11.276716,1,0,0,0,0
5458,1789388709741700425,41608794240606,-3.75382217e-15,1,0,1,0.6406651139,1,0,0,0,0,0,-1,0.5,0,0,1000000000,0,0,1,0,0,0,0,0,0,0,0,0,-11.50734899,-11.276716,1,0,0,0,0
5459,1789388709751704035,41608804244308,-3.75382217e-15,1,0,1,0.6406651139,1,0,0,0,0,0,-1,0.5,0,0,1000000000,0,0,1,0,0,0,0,0,0,0,0,0,-11.50734899,-11.276716,1,0,0,0,0
5460,1789388709761698383,41608814238657,-3.75382217e-15,1,0,1,0.6406651139,1,0,0,0,0,0,-1,0.5,0,0,1000000000,0,0,1,0,0,0,0,0,0,0,0,0,-11.50734899,-11.276716,1,0,0,0,0
5461,1789388709771739458,41608824279719,-3.75382217e-15,1,0,1,0.6406651139,1,0,0,0,0,0,-1,0.5,0,0,1000000000,0,0,1,0,0,0,0,0,0,0,0,0,-11.50734899,-11.276716,1,0,0,0,0
5462,1789388709781707076,41608834247340,-3.75382217e-15,1,0,1,0.6406651139,1,0,0,0,0,0,-1,0.5,0,0,1000000000,0,0,1,0,0,0,0,0,0,0,0,0,-11.50734899,-11.29526933,1,0,0,0,0
5463,1789388709791699004,41608844239265,-3.75382217e-15,1,0,1,0.6406651139,1,0,0,0,0,0,-1,0.5,0,0,1000000000,0,0,1,0,0,0,0,0,0,0,0,0,-11.50734899,-11.29526933,1,0,0,0,0
5464,1789388709801701460,41608854241727,-3.75382217e-15,1,0,1,0.6406651139,1,0,0,0,0,0,-1,0.5,0,0,1000000000,0,0,1,0,0,0,0,0,0,0,0,0,-11.50734899,-11.29526933,1,0,0,0,0
5465,1789388709811719041,41608864259205,-3.75382217e-15,1,0,1,0.6406651139,1,0,0,0,0,0,-1,0.5,0,0,1000000000,0,0,1,0,0,0,0,0,0,0,0,0,-11.50734899,-11.29526933,1,0,0,0,0
5466,1789388709821715881,41608874256148,-3.75382217e-15,1,0,1,0.6406651139,1,0,0,0,0,0,-1,0.5,0,0,1000000000,0,0,1,0,0,0,0,0,0,0,0,0,-11.50734899,-11.29526933,1,0,0,0,0
5467,1789388709831708766,41608884249037,-3.75382217e-15,1,0,1,0.6406651139,1,0,0,0,0,0,-1,0.5,0,0,1000000000,0,0,1,0,0,0,0,0,0,0,0,0,-11.50734899,-11.29526933,1,0,0,0,0
5468,1789388709841761547,41608894301815,-3.75382217e-15,1,0,1,0.6384017467,1,0,0,0,0,0,-1,0.5,0,0,1000000000,0,0,1,0,0,0,0,0,0,0,0,0,-11.50734899,-11.29526933,1,0,0,0,0
5469,1789388709851715599,41608904255765,-3.75382217e-15,1,0,1,0.6384017467,1,0,0,0,0,0,-1,0.5,0,0,1000000000,0,0,1,0,0,0,0,0,0,0,0,0,-11.50734899,-11.29526933,1,0,0,0,0
5470,1789388709861717531,41608914257791,-3.75382217e-15,1,0,1,0.6384017467,1,0,0,0,0,0,-1,0.5,0,0,1000000000,0,0,1,0,0,0,0,0,0,0,0,0,-11.50734899,-11.29526933,1,0,0,0,0
5471,1789388709871731568,41608924271841,-3.75382217e-15,1,0,1,0.6384017467,1,0,0,0,0,0,-1,0.5,0,0,1000000000,0,0,1,0,0,0,0,0,0,0,0,0,-11.50734899,-11.29526933,1,0,0,0,0
5472,1789388709881718838,41608934259107,-3.75382217e-15,1,0,1,0.6384017467,1,0,0,0,0,0,-1,0.5,0,0,1000000000,0,0,1,0,0,0,0,0,0,0,0,0,-11.50734899,-11.29526933,1,0,0,0,0
5473,1789388709891701401,41608944241670,-3.75382217e-15,1,0,1,0.6384017467,1,0,0,0,0,0,-1,0.5,0,0,1000000000,0,0,1,0,0,0,0,0,0,0,0,0,-11.50734899,-11.29526933,1,0,0,0,0
5474,1789388709901698989,41608954239258,-3.75382217e-15,1,0,1,0.6384017467,1,0,0,0,0,0,-1,0.5,0,0,1000000000,0,0,1,0,0,0,0,0,0,0,0,0,-11.50734899,-11.29526933,1,0,0,0,0
5475,1789388709911704202,41608964244469,-3.75382217e-15,1,0,1,0.6384017467,1,0,0,0,0,0,-1,0.5,0,0,1000000000,0,0,1,0,0,0,0,0,0,0,0,0,-11.50734899,-11.29526933,1,0,0,0,0
5476,1789388709921712373,41608974252646,-3.75382217e-15,1,0,1,0.6384017467,1,0,0,0,0,0,-1,0.5,0,0,1000000000,0,0,1,0,0,0,0,0,0,0,0,0,-11.50734899,-11.29526933,1,0,0,0,0
5477,1789388709931695243,41608984235516,-3.75382217e-15,1,0,1,0.6441784501,1,0,0,0,0,0,-1,0.5,0,0,1000000000,0,0,1,0,0,0,0,0,0,0,0,0,-11.50734899,-11.29526933,1,0,0,0,0
5478,1789388709941700889,41608994241161,-3.75382217e-15,1,0,1,0.6441784501,1,0,0,0,0,0,-1,0.5,0,0,1000000000,0,0,1,0,0,0,0,0,0,0,0,0,-11.50734899,-11.29526933,1,0,0,0,0
5479,1789388709951711172,41609004251444,-3.75382217e-15,1,0,1,0.6441784501,1,0,0,0,0,0,-1,0.5,0,0,1000000000,0,0,1,0,0,0,0,0,0,0,0,0,-11.50734899,-11.29526933,1,0,0,0,0
5480,1789388709961702040,41609014242308,-3.75382217e-15,1,0,1,0.6441784501,1,0,0,0,0,0,-1,0.5,0,0,1000000000,0,0,1,0,0,0,0,0,0,0,0,0,-11.50734899,-11.29526933,1,0,0,0,0
5481,1789388709971704268,41609024244538,-3.75382217e-15,1,0,1,0.6441784501,1,0,0,0,0,0,-1,0.5,0,0,1000000000,0,0,1,0,0,0,0,0,0,0,0,0,-11.50734899,-11.29526933,1,0,0,0,0
5482,1789388709981726217,41609034266488,-3.75382217e-15,1,0,1,0.6441784501,1,0,0,0,0,0,-1,0.5,0,0,1000000000,0,0,1,0,0,0,0,0,0,0,0,0,-11.50734899,-11.29526933,1,0,0,0,0
5483,1789388709991698398,41609044238665,-3.75382217e-15,1,0,1,0.6441784501,1,0,0,0,0,0,-1,0.5,0,0,1000000000,0,0,1,0,0,0,0,0,0,0,0,0,-11.50734899,-11.29526933,1,0,0,0,0
5484,1789388710001762067,41609054302335,-3.75382217e-15,1,0,1,0.6441784501,1,0,0,0,0,0,-1,0.5,0,0,1000000000,0,0,1,0,0,0,0,0,0,0,0,0,-11.50734899,-11.29526933,1,0,0,0,0
5485,1789388710011713119,41609064253373,-3.75382217e-15,1,0,1,0.6441784501,1,0,0,0,0,0,-1,0.5,0,0,1000000000,0,0,1,0,0,0,0,0,0,0,0,0,-11.50734899,-11.29526933,1,0,0,0,0
5486,1789388710021719130,41609074259403,-3.75382217e-15,1,0,1,0.6441784501,1,0,0,0,0,0,-1,0.5,0,0,1000000000,0,0,1,0,0,0,0,0,0,0,0,0,-11.50734899,-11.29526933,1,0,0,0,0
5487,1789388710031717078,41609084257316,-3.75382217e-15,1,0,1,0.6442391276,1,0,0,0,0,0,-1,0.5,0,0,1000000000,0,0,1,0,0,0,0,0,0,0,0,0,-11.50734899,-11.29526933,1,0,0,0,0
5488,1789388710041721936,41609094262208,-3.75382217e-15,1,0,1,0.6442391276,1,0,0,0,0,0,-1,0.5,0,0,1000000000,0,0,1,0,0,0,0,0,0,0,0,0,-11.50734899,-11.29526933,1,0,0,0,0
5489,1789388710051713730,41609104253994,-3.75382217e-15,1,0,1,0.6442391276,1,0,0,0,0,0,-1,0.5,0,0,1000000000,0,0,1,0,0,0,0,0,0,0,0,0,-11.50734899,-11.29526933,1,0,0,0,0
5490,1789388710061718530,41609114258793,-3.75382217e-15,1,0,1,0.6442391276,1,0,0,0,0,0,-1,0.5,0,0,1000000000,0,0,1,0,0,0,0,0,0,0,0,0,-11.50734899,-11.29526933,1,0,0,0,0
5491,1789388710071738352,41609124278619,-3.75382217e-15,1,0,1,0.6442391276,1,0,0,0,0,0,-1,0.5,0,0,1000000000,0,0,1,0,0,0,0,0,0,0,0,0,-11.50734899,-11.29526933,1,0,0,0,0
5492,1789388710081746063,41609134286323,-3.75382217e-15,1,0,1,0.6442391276,1,0,0,0,0,0,-1,0.5,0,0,1000000000,0,0,1,0,0,0,0,0,0,0,0,0,-11.50734899,-11.29526933,1,0,0,0,0
5493,1789388710091729370,41609144269628,-3.75382217e-15,1,0,1,0.6442391276,1,0,0,0,0,0,-1,0.5,0,0,1000000000,0,0,1,0,0,0,0,0,0,0,0,0,-11.50734899,-11.29526933,1,0,0,0,0
5494,1789388710101725576,41609154265823,-3.75382217e-15,1,0,1,0.6442391276,1,0,0,0,0,0,-1,0.5,0,0,1000000000,0,0,1,0,0,0,0,0,0,0,0,0,-11.50734899,-11.29526933,1,0,0,0,0
5495,1789388710111712364,41609164252600,-3.75382217e-15,1,0,1,0.6442391276,1,0,0,0,0,0,-1,0.5,0,0,1000000000,0,0,1,0,0,0,0,0,0,0,0,0,-11.50734899,-11.29526933,1,0,0,0,0
5496,1789388710121713193,41609174253441,-3.75382217e-15,1,0,1,0.6442391276,1,0,0,0,0,0,-1,0.5,0,0,1000000000,0,0,1,0,0,0,0,0,0,0,0,0,-11.50734899,-11.29526933,1,0,0,0,0
5497,1789388710131711842,41609184252097,-3.75382217e-15,1,0,1,0.6442391276,1,0,0,0,0,0,-1,0.5,0,0,1000000000,0,0,1,0,0,0,0,0,0,0,0,0,-11.50734899,-11.29526933,1,0,0,0,0
5498,1789388710141749137,41609194289369,-3.75382217e-15,1,0,1,0.6378650665,1,0,0,0,0,0,-1,0.5,0,0,1000000000,0,0,1,0,0,0,0,0,0,0,0,0,-11.50734899,-11.29526933,1,0,0,0,0
5499,1789388710151761770,41609204302033,-3.75382217e-15,1,0,1,0.6378650665,1,0,0,0,0,0,-1,0.5,0,0,1000000000,0,0,1,0,0,0,0,0,0,0,0,0,-11.50734899,-11.29526933,1,0,0,0,0
5500,1789388710161719235,41609214259490,-3.75382217e-15,1,0,1,0.6378650665,1,0,0,0,0,0,-1,0.5,0,0,1000000000,0,0,1,0,0,0,0,0,0,0,0,0,-11.50734899,-11.29526933,1,0,0,0,0
5501,1789388710171715635,41609224255896,-3.75382217e-15,1,0,1,0.6378650665,1,0,0,0,0,0,-1,0.5,0,0,1000000000,0,0,1,0,0,0,0,0,0,0,0,0,-11.50734899,-11.29526933,1,0,0,0,0
5502,1789388710181731191,41609234271310,-3.75382217e-15,1,0,1,0.6378650665,1,0,0,0,0,0,-1,0.5,0,0,1000000000,0,0,1,0,0,0,0,0,0,0,0,0,-11.50734899,-11.29526933,1,0,0,0,0
5503,1789388710191724260,41609244264527,-3.75382217e-15,1,0,1,0.6378650665,1,0,0,0,0,0,-1,0.5,0,0,1000000000,0,0,1,0,0,0,0,0,0,0,0,0,-11.50734899,-11.29526933,1,0,0,0,0
5504,1789388710201719290,41609254259553,-3.75382217e-15,1,0,1,0.6378650665,1,0,0,0,0,0,-1,0.5,0,0,1000000000,0,0,1,0,0,0,0,0,0,0,0,0,-11.50734899,-11.29526933,1,0,0,0,0
5505,1789388710211711106,41609264251357,-3.75382217e-15,1,0,1,0.6378650665,1,0,0,0,0,0,-1,0.5,0,0,1000000000,0,0,1,0,0,0,0,0,0,0,0,0,-11.50734899,-11.29526933,1,0,0,0,0
5506,1789388710221722493,41609274262755,-3.75382217e-15,1,0,1,0.6378650665,1,0,0,0,0,0,-1,0.5,0,0,1000000000,0,0,1,0,0,0,0,0,0,0,0,0,-11.50734899,-11.29526933,1,0,0,0,0
5507,1789388710231722752,41609284263023,-3.75382217e-15,1,0,1,0.6357601881,1,0,1,0,0,0,-1,0.5,1,0,1000000000,0,0,1,0,0,0,0,0,0,0,0,0,-11.50734899,-11.29526933,1,0,0,0,0
5508,1789388710241756365,41609294296637,-3.75382217e-15,1,0,1,0.6357601881,1,0,0,0,0,0,-1,0.5,1,0,1000000000,0,0,1,0,0,0,0,0,0,0,0,0,-11.50734899,-11.29526933,1,0,0,0,0
5509,1789388710251760960,41609304301020,-3.75382217e-15,1,0,1,0.6357601881,1,0,0,0,0,0,-1,0.5,1,0,1000000000,0,0,1,0,0,0,0,0,0,0,0,0,-11.50734899,-11.29526933,1,0,0,0,0
5510,1789388710261708032,41609314248299,-3.75382217e-15,1,0,1,0.6357601881,1,0,0,0,0,0,-1,0.5,1,0,1000000000,0,0,1,0,0,0,0,0,0,0,0,0,-11.50734899,-11.29526933,1,0,0,0,0
5511,1789388710271752645,41609324292705,-3.75382217e-15,1,0,1,0.6357601881,1,0,0,0,0,0,-1,0.5,1,0,1000000000,0,0,1,0,0,0,0,0,0,0,0,0,-11.50734899,-11.29526933,1,0,0,0,0
5512,1789388710281716454,41609334256704,-3.75382217e-15,1,0,1,0.6357601881,1,0,0,0,0,0,-1,0.5,1,0,1000000000,0,0,1,0,0,0,0,0,0,0,0,0,-11.50734899,-11.29526933,1,0,0,0,0
5513,1789388710291706196,41609344246464,-3.75382217e-15,1,0,1,0.6357601881,1,0,0,0,0,0,-1,0.5,1,0,1000000000,0,0,1,0,0,0,0,0,0,0,0,0,-11.50734899,-11.29526933,1,0,0,0,0
5514,1789388710301696195,41609354236467,-3.75382217e-15,1,0,1,0.6357601881,1,0,0,0,0,0,-1,0.5,1,0,1000000000,0,0,1,0,0,0,0,0,0,0,0,0,-11.50734899,-11.29526933,1,0,0,0,0
5515,1789388710311813928,41609364354197,-3.75382217e-15,1,0,1,0.6357601881,1,0,0,0,0,0,-1,0.5,1,0,1000000000,0,0,1,0,0,0,0,0,0,0,0,0,-11.50734899,-11.29526933,1,0,0,0,0
5516,1789388710321694723,41609374234986,-3.75382217e-15,1,0,1,0.6357601881,1,0,0,0,0,0,-1,0.5,1,0,1000000000,0,0,1,0,0,0,0,0,0,0,0,0,-11.50734899,-11.29526933,1,0,0,0,0
5517,1789388710331722809,41609384263060,-3.75382217e-15,1,0,1,0.6357601881,1,0,0,0,0,0,-1,0.5,1,0,1000000000,0,0,1,0,0,0,0,0,0,0,0,0,-11.50734899,-11.29526933,1,0,0,0,0
5518,1789388710341712864,41609394253136,-3.75382217e-15,1,0,1,0.639164567,1,0,0,0,0,0,-1,0.5,1,0,1000000000,0,0,1,0,0,0,0,0,0,0,0,0,-11.50734899,-11.29526933,1,0,0,0,0
5519,1789388710351742324,41609404282578,-3.75382217e-15,1,0,1,0.639164567,1,0,0,0,0,0,-1,0.5,1,0,1000000000,0,0,1,0,0,0,0,0,0,0,0,0,-11.50734899,-11.29526933,1,0,0,0,0
5520,1789388710361736039,41609414276137,-3.75382217e-15,1,0,1,0.639164567,1,0,0,0,0,0,-1,0.5,1,0,1000000000,0,0,1,0,0,0,0,0,0,0,0,0,-11.50734899,-11.29526933,1,0,0,0,0
5521,1789388710371718734,41609424258964,-3.75382217e-15,1,0,1,0.639164567,1,0,0,0,0,0,-1,0.5,1,0,1000000000,0,0,1,0,0,0,0,0,0,0,0,0,-11.50734899,-11.29526933,1,0,0,0,0
5522,1789388710381742660,41609434282891,-3.75382217e-15,1,0,1,0.639164567,1,0,0,0,0,0,-1,0.5,1,0,1000000000,0,0,1,0,0,0,0,0,0,0,0,0,-11.50734899,-11.29526933,1,0,0,0,0
5523,1789388710391727797,41609444268039,-3.75382217e-15,1,0,1,0.639164567,1,0,0,0,0,0,-1,0.5,1,0,1000000000,0,0,1,0,0,0,0,0,0,0,0,0,-11.50734899,-11.29526933,1,0,0,0,0
5524,1789388710401734577,41609454274615,-3.75382217e-15,1,0,1,0.639164567,1,0,0,0,0,0,-1,0.5,1,0,1000000000,0,0,1,0,0,0,0,0,0,0,0,0,-11.50734899,-11.29526933,1,0,0,0,0
5525,1789388710411720169,41609464260414,-3.75382217e-15,1,0,1,0.639164567,1,0,0,0,0,0,-1,0.5,1,0,1000000000,0,0,1,0,0,0,0,0,0,0,0,0,-11.50734899,-11.29526933,1,0,0,0,0
5526,1789388710421712600,41609474252867,-3.75382217e-15,1,0,1,0.639164567,1,0,0,0,0,0,-1,0.5,1,0,1000000000,0,0,1,0,0,0,0,0,0,0,0,0,-11.50734899,-11.29526933,1,0,0,0,0
5527,1789388710431728548,41609484268818,-3.75382217e-15,1,0,1,0.639164567,1,0,0,0,0,0,-1,0.5,1,0,1000000000,0,0,1,0,0,0,0,0,0,0,0,0,-11.50734899,-11.29526933,1,0,0,0,0
5528,1789388710441749524,41609494289795,-3.75382217e-15,1,0,1,0.6363981962,1,0,0,0,0,0,-1,0.5,1,0,1000000000,0,0,1,0,0,0,0,0,0,0,0,0,-11.50734899,-11.29526933,1,0,0,0,0
5529,1789388710451722256,41609504262416,-3.75382217e-15,1,0,1,0.6363981962,1,0,0,0,0,0,-1,0.5,1,0,1000000000,0,0,1,0,0,0,0,0,0,0,0,0,-11.50734899,-11.29526933,1,0,0,0,0
5530,1789388710461714549,41609514254797,-3.75382217e-15,1,0,1,0.6363981962,1,0,0,0,0,0,-1,0.5,1,0,1000000000,0,0,1,0,0,0,0,0,0,0,0,0,-11.50734899,-11.29526933,1,0,0,0,0
5531,1789388710471714790,41609524255050,-3.75382217e-15,1,0,1,0.6363981962,1,0,0,0,0,0,-1,0.5,1,0,1000000000,0,0,1,0,0,0,0,0,0,0,0,0,-11.50734899,-11.29526933,1,0,0,0,0
5532,1789388710481733347,41609534273606,-3.75382217e-15,1,0,1,0.6363981962,1,0,0,0,0,0,-1,0.5,1,0,1000000000,0,0,1,0,0,0,0,0,0,0,0,0,-11.50734899,-11.29526933,1,0,0,0,0
5533,1789388710491730726,41609544270874,-3.75382217e-15,1,0,1,0.6363981962,1,0,0,0,0,0,-1,0.5,1,0,1000000000,0,0,1,0,0,0,0,0,0,0,0,0,-11.50734899,-11.29526933,1,0,0,0,0
5534,1789388710501730472,41609554270736,-3.75382217e-15,1,0,1,0.6363981962,1,0,0,0,0,0,-1,0.5,1,0,1000000000,0,0,1,0,0,0,0,0,0,0,0,0,-11.50734899,-11.29526933,1,0,0,0,0
5535,1789388710511708644,41609564248898,-3.75382217e-15,1,0,1,0.6363981962,1,0,0,0,0,0,-1,0.5,1,0,1000000000,0,0,1,0,0,0,0,0,0,0,0,0,-11.50734899,-11.29526933,1,0,0,0,0
5536,1789388710521751723,41609574291795,-3.75382217e-15,1,0,1,0.6363981962,1,0,0,0,0,0,-1,0.5,1,0,1000000000,0,0,1,0,0,0,0,0,0,0,0,0,-11.50734899,-11.29526933,1,0,0,0,0
5537,1789388710531715215,41609584255487,-3.75382217e-15,1,0,1,0.6363981962,1,0,0,0,0,0,-1,0.5,1,0,1000000000,0,0,1,0,0,0,0,0,0,0,0,0,-11.50734899,-11.29526933,1,0,0,0,0
5538,1789388710541718077,41609594258342,-3.75382217e-15,1,0,1,0.6353686452,1,0,0,0,0,0,-1,0.5,1,0,1000000000,0,0,1,0,0,0,0,0,0,0,0,0,-11.50734899,-11.29526933,1,0,0,0,0
5539,1789388710551729807,41609604270062,-3.75382217e-15,1,0,1,0.6353686452,1,0,0,0,0,0,-1,0.5,1,0,1000000000,0,0,1,0,0,0,0,0,0,0,0,0,-11.50734899,-11.29526933,1,0,0,0,0
5540,1789388710561712383,41609614252655,-3.75382217e-15,1,0,1,0.6353686452,1,0,0,0,0,0,-1,0.5,1,0,1000000000,0,0,1,0,0,0,0,0,0,0,0,0,-11.50734899,-11.29526933,1,0,0,0,0
5541,1789388710571717194,41609624257362,-3.75382217e-15,1,0,1,0.6353686452,1,0,0,0,0,0,-1,0.5,1,0,1000000000,0,0,1,0,0,0,0,0,0,0,0,0,-11.50734899,-11.29526933,1,0,0,0,0
5542,1789388710581718796,41609634259056,-3.75382217e-15,1,0,1,0.6353686452,1,0,0,0,0,0,-1,0.5,1,0,1000000000,0,0,1,0,0,0,0,0,0,0,0,0,-11.50734899,-11.29526933,1,0,0,0,0
5543,1789388710592022158,41609644562422,-3.75382217e-15,1,0,1,0.6353686452,1,0,0,0,0,0,-1,0.5,1,0,1000000000,0,0,1,0,0,0,0,0,0,0,0,0,-11.50734899,-11.29526933,1,0,0,0,0
5544,1789388710601703183,41609654243452,-3.75382217e-15,1,0,1,0.6353686452,1,0,0,0,0,0,-1,0.5,1,0,1000000000,0,0,1,0,0,0,0,0,0,0,0,0,-11.50734899,-11.29526933,1,0,0,0,0
5545,1789388710611695277,41609664235539,-3.75382217e-15,1,0,1,0.6353686452,1,0,0,0,0,0,-1,0.5,1,0,1000000000,0,0,1,0,0,0,0,0,0,0,0,0,-11.50734899,-11.29526933,1,0,0,0,0
5546,1789388710621699602,41609674239872,-3.75382217e-15,1,0,1,0.6353686452,1,0,0,0,0,0,-1,0.5,1,0,1000000000,0,0,1,0,0,0,0,0,0,0,0,0,-11.50734899,-11.29526933,1,0,0,0,0
5547,1789388710631702414,41609684242679,-3.75382217e-15,1,0,1,0.64027071,1,0,0,0,0,0,-1,0.5,1,0,1000000000,0,0,1,0,0,0,0,0,0,0,0,0,-11.50734899,-11.29526933,1,0,0,0,0
5548,1789388710641698557,41609694238824,-3.75382217e-15,1,0,1,0.64027071,1,0,0,0,0,0,-1,0.5,1,0,1000000000,0,0,1,0,0,0,0,0,0,0,0,0,-11.50734899,-11.29526933,1,0,0,0,0
5549,1789388710651706480,41609704246750,-3.75382217e-15,1,0,1,0.64027071,1,0,0,0,0,0,-1,0.5,1,0,1000000000,0,0,1,0,0,0,0,0,0,0,0,0,-11.50734899,-11.29526933,1,0,0,0,0
5550,1789388710661703445,41609714243717,-3.75382217e-15,1,0,1,0.64027071,1,0,0,0,0,0,-1,0.5,1,0,1000000000,0,0,1,0,0,0,0,0,0,0,0,0,-11.50734899,-11.29526933,1,0,0,0,0
5551,1789388710671791099,41609724331362,-3.75382217e-15,1,0,1,0.64027071,1,0,0,0,0,0,-1,0.5,1,0,1000000000,0,0,1,0,0,0,0,0,0,0,0,0,-11.50734899,-11.29526933,1,0,0,0,0
5552,1789388710681705520,41609734245789,-3.75382217e-15,1,0,1,0.64027071,1,0,0,0,0,0,-1,0.5,1,0,1000000000,0,0,1,0,0,0,0,0,0,0,0,0,-11.50734899,-11.276716,1,0,0,0,0
5553,1789388710691737938,41609744278171,-3.75382217e-15,1,0,1,0.64027071,1,0,0,0,0,0,-1,0.5,1,0,1000000000,0,0,1,0,0,0,0,0,0,0,0,0,-11.50734899,-11.276716,1,0,0,0,0
5554,1789388710701726436,41609754266694,-3.75382217e-15,1,0,1,0.64027071,1,0,0,0,0,0,-1,0.5,1,0,1000000000,0,0,1,0,0,0,0,0,0,0,0,0,-11.50734899,-11.276716,1,0,0,0,0
5555,1789388710711715125,41609764255296,-3.75382217e-15,1,0,1,0.64027071,1,0,0,0,0,0,-1,0.5,1,0,1000000000,0,0,1,0,0,0,0,0,0,0,0,0,-11.50734899,-11.276716,1,0,0,0,0
5556,1789388710721710742,41609774251009,-3.75382217e-15,1,0,1,0.64027071,1,0,0,0,0,0,-1,0.5,1,0,1000000000,0,0,1,0,0,0,0,0,0,0,0,0,-11.50734899,-11.276716,1,0,0,0,0
5557,1789388710731736219,41609784276377,-3.75382217e-15,1,0,1,0.64027071,1,0,0,0,0,0,-1,0.5,0,0,1000000000,0,0,1,0,0,0,0,0,0,0,0,0,-11.50734899,-11.276716,1,0,0,0,0
5558,1789388710741716419,41609794256677,-3.75382217e-15,1,0,1,0.6353651285,1,0,0,0,0,0,-1,0.5,0,0,1000000000,0,0,1,0,0,0,0,0,0,0,0,0,-11.50734899,-11.276716,1,0,0,0,0
5559,1789388710751766013,41609804305972,-3.75382217e-15,1,0,1,0.6353651285,1,0,0,0,0,0,-1,0.5,0,0,1000000000,0,0,1,0,0,0,0,0,0,0,0,0,-11.50734899,-11.276716,1,0,0,0,0
5560,1789388710761716202,41609814256406,-3.75382217e-15,1,0,1,0.6353651285,1,0,0,0,0,0,-1,0.5,0,0,1000000000,0,0,1,0,0,0,0,0,0,0,0,0,-11.50734899,-11.276716,1,0,0,0,0
5561,1789388710771765331,41609824305596,-3.75382217e-15,1,0,1,0.6353651285,1,0,0,0,0,0,-1,0.5,0,0,1000000000,0,0,1,0,0,0,0,0,0,0,0,0,-11.50734899,-11.276716,1,0,0,0,0
5562,1789388710781745756,41609834286005,-3.75382217e-15,1,0,1,0.6353651285,1,0,0,0,0,0,-1,0.5,0,0,1000000000,0,0,1,0,0,0,0,0,0,0,0,0,-11.50734899,-11.29526933,1,0,0,0,0
5563,1789388710791719997,41609844260259,-3.75382217e-15,1,0,1,0.6353651285,1,0,0,0,0,0,-1,0.5,0,0,1000000000,0,0,1,0,0,0,0,0,0,0,0,0,-11.50734899,-11.29526933,1,0,0,0,0
5564,1789388710801727625,41609854267882,-3.75382217e-15,1,0,1,0.6353651285,1,0,0,0,0,0,-1,0.5,0,0,1000000000,0,0,1,0,0,0,0,0,0,0,0,0,-11.50734899,-11.29526933,1,0,0,0,0
5565,1789388710811720629,41609864260869,-3.75382217e-15,1,0,1,0.6353651285,1,0,0,0,0,0,-1,0.5,0,0,1000000000,0,0,1,0,0,0,0,0,0,0,0,0,-11.50734899,-11.29526933,1,0,0,0,0
5566,1789388710821755113,41609874295068,-3.75382217e-15,1,0,1,0.6353651285,1,0,0,0,0,0,-1,0.5,0,0,1000000000,0,0,1,0,0,0,0,0,0,0,0,0,-11.50734899,-11.29526933,1,0,0,0,0
5567,1789388710831719185,41609884259450,-3.75382217e-15,1,0,1,0.636999011,1,0,0,0,0,0,-1,0.5,0,0,1000000000,0,0,1,0,0,0,0,0,0,0,0,0,-11.50734899,-11.29526933,1,0,0,0,0
5568,1789388710841769912,41609894310176,-3.75382217e-15,1,0,1,0.636999011,1,0,0,0,0,0,-1,0.5,0,0,1000000000,0,0,1,0,0,0,0,0,0,0,0,0,-11.50734899,-11.29526933,1,0,0,0,0
5569,1789388710851762785,41609904303032,-3.75382217e-15,1,0,1,0.636999011,1,0,0,0,0,0,-1,0.5,0,0,1000000000,0,0,1,0,0,0,0,0,0,0,0,0,-11.50734899,-11.29526933,1,0,0,0,0
5570,1789388710861713832,41609914254020,-3.75382217e-15,1,0,1,0.636999011,1,0,0,0,0,0,-1,0.5,0,0,1000000000,0,0,1,0,0,0,0,0,0,0,0,0,-11.50734899,-11.29526933,1,0,0,0,0
5571,1789388710871718767,41609924259012,-3.75382217e-15,1,0,1,0.636999011,1,0,0,0,0,0,-1,0.5,0,0,1000000000,0,0,1,0,0,0,0,0,0,0,0,0,-11.50734899,-11.29526933,1,0,0,0,0
5572,1789388710881739655,41609934279905,-3.75382217e-15,1,0,1,0.636999011,1,0,0,0,0,0,-1,0.5,0,0,1000000000,0,0,1,0,0,0,0,0,0,0,0,0,-11.50734899,-11.276716,1,0,0,0,0
5573,1789388710891767336,41609944307604,-3.75382217e-15,1,0,1,0.636999011,1,0,0,0,0,0,-1,0.5,0,0,1000000000,0,0,1,0,0,0,0,0,0,0,0,0,-11.50734899,-11.276716,1,0,0,0,0
5574,1789388710901713558,41609954253826,-3.75382217e-15,1,0,1,0.636999011,1,0,0,0,0,0,-1,0.5,0,0,1000000000,0,0,1,0,0,0,0,0,0,0,0,0,-11.50734899,-11.276716,1,0,0,0,0
5575,1789388710911788119,41609964328383,-3.75382217e-15,1,0,1,0.636999011,1,0,0,0,0,0,-1,0.5,0,0,1000000000,0,0,1,0,0,0,0,0,0,0,0,0,-11.50734899,-11.276716,1,0,0,0,0
5576,1789388710921722821,41609974263093,-3.75382217e-15,1,0,1,0.636999011,1,0,0,0,0,0,-1,0.5,0,0,1000000000,0,0,1,0,0,0,0,0,0,0,0,0,-11.50734899,-11.276716,1,0,0,0,0
5577,1789388710931720828,41609984261066,-3.75382217e-15,1,0,1,0.642470181,1,0,0,0,0,0,-1,0.5,0,0,1000000000,0,0,1,0,0,0,0,0,0,0,0,0,-11.50734899,-11.276716,1,0,0,0,0
5578,1789388710941730802,41609994271072,-3.75382217e-15,1,0,1,0.642470181,1,0,0,0,0,0,-1,0.5,0,0,1000000000,0,0,1,0,0,0,0,0,0,0,0,0,-11.50734899,-11.276716,1,0,0,0,0
5579,1789388710951707210,41610004247482,-3.75382217e-15,1,0,1,0.642470181,1,0,0,0,0,0,-1,0.5,0,0,1000000000,0,0,1,0,0,0,0,0,0,0,0,0,-11.50734899,-11.276716,1,0,0,0,0
5580,1789388710961701412,41610014241682,-3.75382217e-15,1,0,1,0.642470181,1,0,0,0,0,0,-1,0.5,0,0,1000000000,0,0,1,0,0,0,0,0,0,0,0,0,-11.50734899,-11.276716,1,0,0,0,0
5581,1789388710971768520,41610024308789,-3.75382217e-15,1,0,1,0.642470181,1,0,0,0,0,0,-1,0.5,0,0,1000000000,0,0,1,0,0,0,0,0,0,0,0,0,-11.50734899,-11.276716,1,0,0,0,0
5582,1789388710981718856,41610034259116,-3.75382217e-15,1,0,1,0.642470181,1,0,0,0,0,0,-1,0.5,0,0,1000000000,0,0,1,0,0,0,0,0,0,0,0,0,-11.50734899,-11.29526933,1,0,0,0,0
5583,1789388710991721375,41610044261624,-3.75382217e-15,1,0,1,0.642470181,1,0,0,0,0,0,-1,0.5,0,0,1000000000,0,0,1,0,0,0,0,0,0,0,0,0,-11.50734899,-11.29526933,1,0,0,0,0
5584,1789388711001711246,41610054251500,-3.75382217e-15,1,0,1,0.642470181,1,0,0,0,0,0,-1,0.5,0,0,1000000000,0,0,1,0,0,0,0,0,0,0,0,0,-11.50734899,-11.29526933,1,0,0,0,0
5585,1789388711011712999,41610064253246,-3.75382217e-15,1,0,1,0.642470181,1,0,0,0,0,0,-1,0.5,0,0,1000000000,0,0,1,0,0,0,0,0,0,0,0,0,-11.50734899,-11.29526933,1,0,0,0,0
5586,1789388711021775828,41610074316087,-3.75382217e-15,1,0,1,0.642470181,1,0,0,0,0,0,-1,0.5,0,0,1000000000,0,0,1,0,0,0,0,0,0,0,0,0,-11.50734899,-11.29526933,1,0,0,0,0
5587,1789388711031722067,41610084262220,-3.75382217e-15,1,0,1,0.642470181,1,0,0,0,0,0,-1,0.5,0,0,1000000000,0,0,1,0,0,0,0,0,0,0,0,0,-11.50734899,-11.29526933,1,0,0,0,0
5588,1789388711041707965,41610094248232,-3.75382217e-15,1,0,1,0.6310397387,1,0,0,0,0,0,-1,0.5,0,0,1000000000,0,0,1,0,0,0,0,0,0,0,0,0,-11.50734899,-11.29526933,1,0,0,0,0
5589,1789388711051728930,41610104269058,-3.75382217e-15,1,0,1,0.6310397387,1,0,0,0,0,0,-1,0.5,0,0,1000000000,0,0,1,0,0,0,0,0,0,0,0,0,-11.50734899,-11.29526933,1,0,0,0,0
5590,1789388711061716669,41610114256922,-3.75382217e-15,1,0,1,0.6310397387,1,0,0,0,0,0,-1,0.5,0,0,1000000000,0,0,1,0,0,0,0,0,0,0,0,0,-11.50734899,-11.29526933,1,0,0,0,0
5591,1789388711071764842,41610124304991,-3.75382217e-15,1,0,1,0.6310397387,1,0,0,0,0,0,-1,0.5,0,0,1000000000,0,0,1,0,0,0,0,0,0,0,0,0,-11.50734899,-11.29526933,1,0,0,0,0
5592,1789388711081730553,41610134270718,-3.75382217e-15,1,0,1,0.6310397387,1,0,0,0,0,0,-1,0.5,0,0,1000000000,0,0,1,0,0,0,0,0,0,0,0,0,-11.50734899,-11.29526933,1,0,0,0,0
5593,1789388711091720044,41610144260294,-3.75382217e-15,1,0,1,0.6310397387,1,0,0,0,0,0,-1,0.5,0,0,1000000000,0,0,1,0,0,0,0,0,0,0,0,0,-11.50734899,-11.29526933,1,0,0,0,0
5594,1789388711101731571,41610154271822,-3.75382217e-15,1,0,1,0.6310397387,1,0,0,0,0,0,-1,0.5,0,0,1000000000,0,0,1,0,0,0,0,0,0,0,0,0,-11.50734899,-11.29526933,1,0,0,0,0
5595,1789388711111674161,41610164214399,-3.75382217e-15,1,0,1,0.6310397387,1,0,0,0,0,0,-1,0.5,0,0,1000000000,0,0,1,0,0,0,0,0,0,0,0,0,-11.50734899,-11.29526933,1,0,0,0,0
5596,1789388711121707944,41610174248208,-3.75382217e-15,1,0,1,0.6310397387,1,0,0,0,0,0,-1,0.5,0,0,1000000000,0,0,1,0,0,0,0,0,0,0,0,0,-11.50734899,-11.29526933,1,0,0,0,0
5597,1789388711131709088,41610184249353,-3.75382217e-15,1,0,1,0.6392098665,1,0,0,0,0,0,-1,0.5,0,0,1000000000,0,0,1,0,0,0,0,0,0,0,0,0,-11.50734899,-11.29526933,1,0,0,0,0
5598,1789388711141764637,41610194304782,-3.75382217e-15,1,0,1,0.6392098665,1,0,0,0,0,0,-1,0.5,0,0,1000000000,0,0,1,0,0,0,0,0,0,0,0,0,-11.50734899,-11.29526933,1,0,0,0,0
5599,1789388711151760228,41610204300485,-3.75382217e-15,1,0,1,0.6392098665,1,0,0,0,0,0,-1,0.5,0,0,1000000000,0,0,1,0,0,0,0,0,0,0,0,0,-11.50734899,-11.29526933,1,0,0,0,0
5600,1789388711161723571,41610214263814,-3.75382217e-15,1,0,1,0.6392098665,1,0,0,0,0,0,-1,0.5,0,0,1000000000,0,0,1,0,0,0,0,0,0,0,0,0,-11.50734899,-11.29526933,1,0,0,0,0
5601,1789388711171727846,41610224268109,-3.75382217e-15,1,0,1,0.6392098665,1,0,0,0,0,0,-1,0.5,0,0,1000000000,0,0,1,0,0,0,0,0,0,0,0,0,-11.50734899,-11.29526933,1,0,0,0,0
5602,1789388711181771920,41610234312175,-3.75382217e-15,1,0,1,0.6392098665,1,0,0,0,0,0,-1,0.5,0,0,1000000000,0,0,1,0,0,0,0,0,0,0,0,0,-11.50734899,-11.29526933,1,0,0,0,0
5603,1789388711191736336,41610244276577,-3.75382217e-15,1,0,1,0.6392098665,1,0,0,0,0,0,-1,0.5,0,0,1000000000,0,0,1,0,0,0,0,0,0,0,0,0,-11.50734899,-11.29526933,1,0,0,0,0
5604,1789388711201802929,41610254343196,-3.75382217e-15,1,0,1,0.6392098665,1,0,0,0,0,0,-1,0.5,0,0,1000000000,0,0,1,0,0,0,0,0,0,0,0,0,-11.50734899,-11.29526933,1,0,0,0,0
5605,1789388711211704090,41610264244363,-3.75382217e-15,1,0,1,0.6392098665,1,0,0,0,0,0,-1,0.5,0,0,1000000000,0,0,1,0,0,0,0,0,0,0,0,0,-11.50734899,-11.29526933,1,0,0,0,0
5606,1789388711221694876,41610274235145,-3.75382217e-15,1,0,1,0.6392098665,1,0,0,0,0,0,-1,0.5,0,0,1000000000,0,0,1,0,0,0,0,0,0,0,0,0,-11.50734899,-11.29526933,1,0,0,0,0
5607,1789388711231705354,41610284245631,-3.75382217e-15,1,0,1,0.6392098665,1,0,0,0,0,0,-1,0.5,0,0,1000000000,0,0,1,0,0,0,0,0,0,0,0,0,-11.50734899,-11.29526933,1,0,0,0,0
5608,1789388711241702146,41610294242416,-3.75382217e-15,1,0,1,0.4154863954,1,0,0,0,0,0,-1,0.5,0,0,1000000000,0,0,1,0,0,0,0,0,0,0,0,0,-11.50734899,-11.29526933,1,0,0,0,0
5609,1789388711251695627,41610304235895,-3.75382217e-15,1,0,1,0.4154863954,1,0,0,0,0,0,-1,0.5,0,0,1000000000,0,0,1,0,0,0,0,0,0,0,0,0,-11.50734899,-11.29526933,1,0,0,0,0
5610,1789388711261692187,41610314232457,-3.75382217e-15,1,0,1,0.4154863954,1,0,0,0,0,0,-1,0.5,0,0,1000000000,0,0,1,0,0,0,0,0,0,0,0,0,-11.50734899,-11.29526933,1,0,0,0,0
5611,1789388711271707033,41610324247305,-3.75382217e-15,1,0,1,0.4154863954,1,0,0,0,0,0,-1,0.5,0,0,1000000000,0,0,1,0,0,0,0,0,0,0,0,0,-11.50734899,-11.29526933,1,0,0,0,0
5612,1789388711281699448,41610334239714,-3.75382217e-15,1,0,1,0.4154863954,1,0,0,0,0,0,-1,0.5,0,0,1000000000,0,0,1,0,0,0,0,0,0,0,0,0,-11.50734899,-11.29526933,1,0,0,0,0
5613,1789388711291694158,41610344234430,-3.75382217e-15,1,0,1,0.4154863954,1,0,0,0,0,0,-1,0.5,0,0,1000000000,0,0,1,0,0,0,0,0,0,0,0,0,-11.50734899,-11.29526933,1,0,0,0,0
5614,1789388711301690257,41610354230528,-3.75382217e-15,1,0,1,0.4154863954,1,0,0,0,0,0,-1,0.5,0,0,1000000000,0,0,1,0,0,0,0,0,0,0,0,0,-11.50734899,-11.29526933,1,0,0,0,0
5615,1789388711311707569,41610364247833,-3.75382217e-15,1,0,1,0.4154863954,1,0,0,0,0,0,-1,0.5,0,0,1000000000,0,0,1,0,0,0,0,0,0,0,0,0,-11.50734899,-11.29526933,1,0,0,0,0
5616,1789388711321707823,41610374248020,-3.75382217e-15,1,0,1,0.4154863954,1,0,0,0,0,0,-1,0.5,0,0,1000000000,0,0,1,0,0,0,0,0,0,0,0,0,-11.50734899,-11.29526933,1,0,0,0,0
5617,1789388711331705198,41610384245470,-3.75382217e-15,1,0,1,0.6374956369,1,0,0,0,0,0,-1,0.5,0,0,1000000000,0,0,1,0,0,0,0,0,0,0,0,0,-11.50734899,-11.29526933,1,0,0,0,0
5618,1789388711341714177,41610394254444,-3.75382217e-15,1,0,1,0.6374956369,1,0,0,0,0,0,-1,0.5,0,0,1000000000,0,0,1,0,0,0,0,0,0,0,0,0,-11.50734899,-11.29526933,1,0,0,0,0
5619,1789388711351713351,41610404253620,-3.75382217e-15,1,0,1,0.6374956369,1,0,0,0,0,0,-1,0.5,0,0,1000000000,0,0,1,0,0,0,0,0,0,0,0,0,-11.50734899,-11.29526933,1,0,0,0,0
5620,1789388711361712984,41610414253255,-3.75382217e-15,1,0,1,0.6374956369,1,0,0,0,0,0,-1,0.5,0,0,1000000000,0,0,1,0,0,0,0,0,0,0,0,0,-11.50734899,-11.29526933,1,0,0,0,0
5621,1789388711371709636,41610424249897,-3.75382217e-15,1,0,1,0.6374956369,1,0,0,0,0,0,-1,0.5,0,0,1000000000,0,0,1,0,0,0,0,0,0,0,0,0,-11.50734899,-11.29526933,1,0,0,0,0
5622,1789388711381753731,41610434293854,-3.75382217e-15,1,0,1,0.6374956369,1,0,0,0,0,0,-1,0.5,0,0,1000000000,0,0,1,0,0,0,0,0,0,0,0,0,-11.50734899,-11.29526933,1,0,0,0,0
5623,1789388711391726204,41610444266451,-3.75382217e-15,1,0,1,0.6374956369,1,0,0,0,0,0,-1,0.5,0,0,1000000000,0,0,1,0,0,0,0,0,0,0,0,0,-11.50734899,-11.29526933,1,0,0,0,0
5624,1789388711401712778,41610454253040,-3.75382217e-15,1,0,1,0.6374956369,1,0,0,0,0,0,-1,0.5,0,0,1000000000,0,0,1,0,0,0,0,0,0,0,0,0,-11.50734899,-11.29526933,1,0,0,0,0
5625,1789388711411707124,41610464247377,-3.75382217e-15,1,0,1,0.6374956369,1,0,0,0,0,0,-1,0.5,0,0,1000000000,0,0,1,0,0,0,0,0,0,0,0,0,-11.50734899,-11.29526933,1,0,0,0,0
5626,1789388711421741838,41610474282104,-3.75382217e-15,1,0,1,0.6374956369,1,0,0,0,0,0,-1,0.5,0,0,1000000000,0,0,1,0,0,0,0,0,0,0,0,0,-11.50734899,-11.29526933,1,0,0,0,0
5627,1789388711431716399,41610484256668,-3.75382217e-15,1,0,1,0.6374956369,1,0,0,0,0,0,-1,0.5,0,0,1000000000,0,0,1,0,0,0,0,0,0,0,0,0,-11.50734899,-11.29526933,1,0,0,0,0
5628,1789388711441716512,41610494256777,-3.75382217e-15,1,0,1,0.636231482,1,0,0,0,0,0,-1,0.5,0,0,1000000000,0,0,1,0,0,0,0,0,0,0,0,0,-11.50734899,-11.29526933,1,0,0,0,0
5629,1789388711451756767,41610504297015,-3.75382217e-15,1,0,1,0.636231482,1,0,0,0,0,0,-1,0.5,0,0,1000000000,0,0,1,0,0,0,0,0,0,0,0,0,-11.50734899,-11.29526933,1,0,0,0,0
5630,1789388711461714783,41610514255049,-3.75382217e-15,1,0,1,0.636231482,1,0,0,0,0,0,-1,0.5,0,0,1000000000,0,0,1,0,0,0,0,0,0,0,0,0,-11.50734899,-11.29526933,1,0,0,0,0
5631,1789388711471713838,41610524254099,-3.75382217e-15,1,0,1,0.636231482,1,0,0,0,0,0,-1,0.5,0,0,1000000000,0,0,1,0,0,0,0,0,0,0,0,0,-11.50734899,-11.29526933,1,0,0,0,0
5632,1789388711481717269,41610534257521,-3.75382217e-15,1,0,1,0.636231482,1,0,0,0,0,0,-1,0.5,0,0,1000000000,0,0,1,0,0,0,0,0,0,0,0,0,-11.50734899,-11.276716,1,0,0,0,0
5633,1789388711491737207,41610544277461,-3.75382217e-15,1,0,1,0.636231482,1,0,0,0,0,0,-1,0.5,0,0,1000000000,0,0,1,0,0,0,0,0,0,0,0,0,-11.50734899,-11.276716,1,0,0,0,0
5634,1789388711501722108,41610554262373,-3.75382217e-15,1,0,1,0.636231482,1,0,0,0,0,0,-1,0.5,0,0,1000000000,0,0,1,0,0,0,0,0,0,0,0,0,-11.50734899,-11.276716,1,0,0,0,0
5635,1789388711511720283,41610564260525,-3.75382217e-15,1,0,1,0.636231482,1,0,0,0,0,0,-1,0.5,0,0,1000000000,0,0,1,0,0,0,0,0,0,0,0,0,-11.50734899,-11.276716,1,0,0,0,0
5636,1789388711521720338,41610574260599,-3.75382217e-15,1,0,1,0.636231482,1,0,0,0,0,0,-1,0.5,0,0,1000000000,0,0,1,0,0,0,0,0,0,0,0,0,-11.50734899,-11.276716,1,0,0,0,0
5637,1789388711531719756,41610584260016,-3.75382217e-15,1,0,1,0.634468317,1,0,0,0,0,0,-1,0.5,0,0,1000000000,0,0,1,0,0,0,0,0,0,0,0,0,-11.50734899,-11.276716,1,0,0,0,0
5638,1789388711541718985,41610594259246,-3.75382217e-15,1,0,1,0.634468317,1,0,0,0,0,0,-1,0.5,0,0,1000000000,0,0,1,0,0,0,0,0,0,0,0,0,-11.50734899,-11.276716,1,0,0,0,0
5639,1789388711551710043,41610604250309,-3.75382217e-15,1,0,1,0.634468317,1,0,0,0,0,0,-1,0.5,0,0,1000000000,0,0,1,0,0,0,0,0,0,0,0,0,-11.50734899,-11.276716,1,0,0,0,0
5640,1789388711561713167,41610614253441,-3.75382217e-15,1,0,1,0.634468317,1,0,0,0,0,0,-1,0.5,0,0,1000000000,0,0,1,0,0,0,0,0,0,0,0,0,-11.50734899,-11.276716,1,0,0,0,0
5641,1789388711571719496,41610624259770,-3.75382217e-15,1,0,1,0.634468317,1,0,0,0,0,0,-1,0.5,0,0,1000000000,0,0,1,0,0,0,0,0,0,0,0,0,-11.50734899,-11.276716,1,0,0,0,0
5642,1789388711581726719,41610634266979,-3.75382217e-15,1,0,1,0.634468317,1,0,0,0,0,0,-1,0.5,0,0,1000000000,0,0,1,0,0,0,0,0,0,0,0,0,-11.50734899,-11.276716,1,0,0,0,0
5643,1789388711591715154,41610644255410,-3.75382217e-15,1,0,1,0.634468317,1,0,0,0,0,0,-1,0.5,0,0,1000000000,0,0,1,0,0,0,0,0,0,0,0,0,-11.50734899,-11.276716,1,0,0,0,0
5644,1789388711601736145,41610654276301,-3.75382217e-15,1,0,1,0.634468317,1,0,0,0,0,0,-1,0.5,0,0,1000000000,0,0,1,0,0,0,0,0,0,0,0,0,-11.50734899,-11.276716,1,0,0,0,0
5645,1789388711611713220,41610664253466,-3.75382217e-15,1,0,1,0.634468317,1,0,0,0,0,0,-1,0.5,0,0,1000000000,0,0,1,0,0,0,0,0,0,0,0,0,-11.50734899,-11.276716,1,0,0,0,0
5646,1789388711621764974,41610674305220,-3.75382217e-15,1,0,1,0.634468317,1,0,0,0,0,0,-1,0.5,0,0,1000000000,0,0,1,0,0,0,0,0,0,0,0,0,-11.50734899,-11.276716,1,0,0,0,0
5647,1789388711631768660,41610684308694,-3.75382217e-15,1,0,1,0.634468317,1,0,0,0,0,0,-1,0.5,0,0,1000000000,0,0,1,0,0,0,0,0,0,0,0,0,-11.50734899,-11.276716,1,0,0,0,0
5648,1789388711641716191,41610694256445,-3.75382217e-15,1,0,1,0.6345056891,1,0,0,0,0,0,-1,0.5,0,0,1000000000,0,0,1,0,0,0,0,0,0,0,0,0,-11.50734899,-11.276716,1,0,0,0,0
5649,1789388711651765841,41610704306114,-3.75382217e-15,1,0,1,0.6345056891,1,0,0,0,0,0,-1,0.5,0,0,1000000000,0,0,1,0,0,0,0,0,0,0,0,0,-11.50734899,-11.276716,1,0,0,0,0
5650,1789388711661714505,41610714254775,-3.75382217e-15,1,0,1,0.6345056891,1,0,0,0,0,0,-1,0.5,0,0,1000000000,0,0,1,0,0,0,0,0,0,0,0,0,-11.50734899,-11.276716,1,0,0,0,0
5651,1789388711671750808,41610724291064,-3.75382217e-15,1,0,1,0.6345056891,1,0,0,0,0,0,-1,0.5,0,0,1000000000,0,0,1,0,0,0,0,0,0,0,0,0,-11.50734899,-11.276716,1,0,0,0,0
5652,1789388711681721383,41610734261643,-3.75382217e-15,1,0,1,0.6345056891,1,0,0,0,0,0,-1,0.5,0,0,1000000000,0,0,1,0,0,0,0,0,0,0,0,0,-11.50734899,-11.276716,1,0,0,0,0
5653,1789388711691711413,41610744251675,-3.75382217e-15,1,0,1,0.6345056891,1,0,0,0,0,0,-1,0.5,0,0,1000000000,0,0,1,0,0,0,0,0,0,0,0,0,-11.50734899,-11.276716,1,0,0,0,0
5654,1789388711701719182,41610754259424,-3.75382217e-15,1,0,1,0.6345056891,1,0,0,0,0,0,-1,0.5,0,0,1000000000,0,0,1,0,0,0,0,0,0,0,0,0,-11.50734899,-11.276716,1,0,0,0,0
5655,1789388711711717364,41610764257622,-3.75382217e-15,1,0,1,0.6345056891,1,0,0,0,0,0,-1,0.5,0,0,1000000000,0,0,1,0,0,0,0,0,0,0,0,0,-11.50734899,-11.276716,1,0,0,0,0
5656,1789388711721707609,41610774247866,-3.75382217e-15,1,0,1,0.6345056891,1,0,0,0,0,0,-1,0.5,0,0,1000000000,0,0,1,0,0,0,0,0,0,0,0,0,-11.50734899,-11.276716,1,0,0,0,0
5657,1789388711731715622,41610784255792,-3.75382217e-15,1,0,1,0.6345056891,1,0,0,0,0,0,-1,0.5,0,0,1000000000,0,0,1,0,0,0,0,0,0,0,0,0,-11.50734899,-11.276716,1,0,0,0,0
5658,1789388711741721244,41610794261509,-3.75382217e-15,1,0,1,0.7151176333,1,0,0,0,0,0,-1,0.5,0,0,1000000000,0,0,1,0,0,0,0,0,0,0,0,0,-11.50734899,-11.276716,1,0,0,0,0
5659,1789388711751720100,41610804260366,-3.75382217e-15,1,0,1,0.7151176333,1,0,0,0,0,0,-1,0.5,0,0,1000000000,0,0,1,0,0,0,0,0,0,0,0,0,-11.50734899,-11.276716,1,0,0,0,0
5660,1789388711761716422,41610814256690,-3.75382217e-15,1,0,1,0.7151176333,1,0,0,0,0,0,-1,0.5,0,0,1000000000,0,0,1,0,0,0,0,0,0,0,0,0,-11.50734899,-11.276716,1,0,0,0,0
5661,1789388711771713697,41610824253951,-3.75382217e-15,1,0,1,0.7151176333,1,0,0,0,0,0,-1,0.5,0,0,1000000000,0,0,1,0,0,0,0,0,0,0,0,0,-11.50734899,-11.276716,1,0,0,0,0
5662,1789388711781721581,41610834261842,-3.75382217e-15,1,0,1,0.7151176333,1,0,0,0,0,0,-1,0.5,0,0,1000000000,0,0,1,0,0,0,0,0,0,0,0,0,-11.50734899,-11.29526933,1,0,0,0,0
5663,1789388711791728056,41610844268312,-3.75382217e-15,1,0,1,0.7151176333,1,0,0,0,0,0,-1,0.5,0,0,1000000000,0,0,1,0,0,0,0,0,0,0,0,0,-11.50734899,-11.29526933,1,0,0,0,0
5664,1789388711801731038,41610854271295,-3.75382217e-15,1,0,1,0.7151176333,1,0,0,0,0,0,-1,0.5,0,0,1000000000,0,0,1,0,0,0,0,0,0,0,0,0,-11.50734899,-11.29526933,1,0,0,0,0
5665,1789388711811719939,41610864260199,-3.75382217e-15,1,0,1,0.7151176333,1,0,0,0,0,0,-1,0.5,0,0,1000000000,0,0,1,0,0,0,0,0,0,0,0,0,-11.50734899,-11.29526933,1,0,0,0,0
5666,1789388711821720425,41610874260679,-3.75382217e-15,1,0,1,0.7151176333,1,0,0,0,0,0,-1,0.5,0,0,1000000000,0,0,1,0,0,0,0,0,0,0,0,0,-11.50734899,-11.29526933,1,0,0,0,0
5667,1789388711831733506,41610884273763,-3.75382217e-15,1,0,1,0.7151176333,1,0,0,0,0,0,-1,0.5,0,0,1000000000,0,0,1,0,0,0,0,0,0,0,0,0,-11.50734899,-11.29526933,1,0,0,0,0
5668,1789388711841721459,41610894261632,-3.75382217e-15,1,0,1,0.6432732344,1,0,0,0,0,0,-1,0.5,0,0,1000000000,0,0,1,0,0,0,0,0,0,0,0,0,-11.50734899,-11.29526933,1,0,0,0,0
5669,1789388711851709751,41610904250010,-3.75382217e-15,1,0,1,0.6432732344,1,0,0,0,0,0,-1,0.5,0,0,1000000000,0,0,1,0,0,0,0,0,0,0,0,0,-11.50734899,-11.29526933,1,0,0,0,0
5670,1789388711861720300,41610914260573,-3.75382217e-15,1,0,1,0.6432732344,1,0,0,0,0,0,-1,0.5,0,0,1000000000,0,0,1,0,0,0,0,0,0,0,0,0,-11.50734899,-11.29526933,1,0,0,0,0
5671,1789388711871754831,41610924294940,-3.75382217e-15,1,0,1,0.6432732344,1,0,0,0,0,0,-1,0.5,0,0,1000000000,0,0,1,0,0,0,0,0,0,0,0,0,-11.50734899,-11.29526933,1,0,0,0,0
5672,1789388711881883304,41610934423356,-3.75382217e-15,1,0,1,0.6432732344,1,0,0,0,0,0,-1,0.5,0,0,1000000000,0,0,1,0,0,0,0,0,0,0,0,0,-11.50734899,-11.276716,1,0,0,0,0
