stamp_s,ref_x,ref_y,ref_yaw,ref_curvature,target_str,act_str,v_ref,act_v,dx,dy,dyaw
1788436431.8562083,,,,,0.0,-0.0038488004356622696,,-7.299704528449143e-16,,,
1788436431.866211,,,,,0.0,-0.0040884846821427345,,-7.299704528449143e-16,,,
1788436431.8762136,,,,,0.0,-0.004328169394284487,,-7.299704528449143e-16,,,
1788436431.8864188,,,,,0.0,-0.004567854106426239,,-7.299704528449143e-16,,,
1788436431.896293,,,,,0.0,-0.005340170580893755,,-7.299704528449143e-16,,,
1788436431.906263,,,,,0.0,-0.004487959202378988,,-7.299704528449143e-16,,,
1788436431.9164107,,,,,0.0,-0.004487959202378988,,-7.299704528449143e-16,,,
1788436431.9282935,,,,,0.0,-0.0024639565963298082,,-7.299704528449143e-16,,,
1788436431.9362037,,,,,0.0,-0.002570483135059476,,-7.299704528449143e-16,,,
1788436431.9483817,,,,,0.0,-0.0034759577829390764,,-7.299704528449143e-16,,,
1788436431.956193,,,,,0.0,-0.004195011220872402,,-7.299704528449143e-16,,,
1788436431.9661963,,,,,0.0,-0.003662379225715995,,-7.299704528449143e-16,,,
1788436431.9763916,,,,,0.0,-0.003662379225715995,,-7.299704528449143e-16,,,
1788436431.9874237,,,,,0.0,-0.0021177458111196756,,-7.299704528449143e-16,,,
1788436431.9964757,,,,,0.0,-0.003236273303627968,,-7.299704528449143e-16,,,
1788436432.0084567,,,,,0.0,-0.004487959202378988,,-7.299704528449143e-16,,,
1788436432.0163715,,,,,0.0,-0.0044080642983317375,,-7.299704528449143e-16,,,
1788436432.0261972,,,,,0.0,-0.0037955371662974358,,-7.299704528449143e-16,,,
1788436432.0363698,,,,,0.0,-0.0034493261482566595,,-7.299704528449143e-16,,,
1788436432.0469203,,,,,0.0,-0.0034493261482566595,,-7.299704528449143e-16,,,
1788436432.0563798,,,,,0.0,-0.0033427998423576355,,-7.299704528449143e-16,,,
1788436432.066384,,,,,0.0,-0.0028634308837354183,,-7.299704528449143e-16,,,
1788436432.0781682,,,,,0.0,-0.0028634308837354183,,-7.299704528449143e-16,,,
1788436432.086368,,,,,0.0,-0.003609115956351161,,-7.299704528449143e-16,,,
1788436432.0962029,,,,,0.0,-0.0049673281610012054,,-7.299704528449143e-16,,,
1788436432.1063485,,,,,0.0,-0.0040884846821427345,,-7.299704528449143e-16,,,
1788436432.1161978,,,,,0.0,-0.003609115956351161,,-7.299704528449143e-16,,,
1788436432.1261864,,,,,0.0,-0.0037955371662974358,,-7.299704528449143e-16,,,
1788436432.136644,,,,,0.0,-0.0037955371662974358,,-7.299704528449143e-16,,,
1788436432.1461902,,,,,0.0,-0.0013720606220886111,,-7.299704528449143e-16,,,
1788436432.1561916,,,,,0.0,-0.00043995422311127186,,-7.299704528449143e-16,,,
1788436432.168448,,,,,0.0,-0.00022690132027491927,,-7.299704528449143e-16,,,
1788436432.1762066,,,,,0.0,-0.0038221688009798527,,-7.299704528449143e-16,,,
1788436432.1862192,,,,,0.0,-0.004567854106426239,,-7.299704528449143e-16,,,
1788436432.1962142,,,,,0.0,-0.004195011220872402,,-7.299704528449143e-16,,,
1788436432.2069242,,,,,0.0,-0.0033694314770400524,,-7.299704528449143e-16,,,
1788436432.2166047,,,,,0.0,-0.0032629049383103848,,-7.299704528449143e-16,,,
1788436432.2265701,,,,,0.0,-0.003689010627567768,,-7.299704528449143e-16,,,
1788436432.2379804,,,,,0.0,-0.003689010627567768,,-7.299704528449143e-16,,,
1788436432.246481,,,,,0.0,-0.004168379586189985,,-7.299704528449143e-16,,,
1788436432.2561927,,,,,0.0,-0.004674380179494619,,-7.299704528449143e-16,,,
1788436432.266356,,,,,0.0,-0.004674380179494619,,-7.299704528449143e-16,,,
1788436432.2771494,,,,,0.0,-0.009095227345824242,,-7.299704528449143e-16,,,
1788436432.2861938,,,,,0.0,-0.008056594990193844,,-7.299704528449143e-16,,,
1788436432.2963386,,,,,0.0,-0.008056594990193844,,-7.299704528449143e-16,,,
1788436432.306255,,,,,0.0,-0.002703641075640917,,-7.299704528449143e-16,,,
1788436432.3162103,,,,,0.0,-0.0038221688009798527,,-7.299704528449143e-16,,,
1788436432.326226,,,,,0.0,-0.0038221688009798527,,-7.299704528449143e-16,,,
1788436432.337483,,,,,0.0,-0.0038221688009798527,,-7.299704528449143e-16,,,
1788436432.3463373,,,,,0.0,-0.004008590243756771,,-7.299704528449143e-16,,,
1788436432.356188,,,,,0.0,-0.0038488004356622696,,-7.299704528449143e-16,,,
1788436432.366325,,,,,0.0,-0.0038488004356622696,,-7.299704528449143e-16,,,
1788436432.3764086,,,,,0.0,-0.003742273896932602,,-7.299704528449143e-16,,,
1788436432.3861706,,,,,0.0,-0.0032895365729928017,,-7.299704528449143e-16,,,
1788436432.396336,,,,,0.0,-0.0032895365729928017,,-7.299704528449143e-16,,,
1788436432.4061937,,,,,0.0,-0.0032895365729928017,,-7.299704528449143e-16,,,
1788436432.4162028,,,,,0.0,-0.002490588231012225,,-7.299704528449143e-16,,,
1788436432.4275045,,,,,0.0,-0.002490588231012225,,-7.299704528449143e-16,,,
1788436432.4361994,,,,,0.0,-0.004008590243756771,,-7.299704528449143e-16,,,
1788436432.44635,,,,,0.0,-0.003582484321668744,,-7.299704528449143e-16,,,
1788436432.4564247,,,,,0.0,-0.003582484321668744,,-7.299704528449143e-16,,,
1788436432.4665172,,,,,0.0,-0.0014253237750381231,,-7.299704528449143e-16,,,
1788436432.476197,,,,,0.0,-0.002650377806276083,,-7.299704528449143e-16,,,
1788436432.4861965,,,,,0.0,-0.0033694314770400524,,-7.299704528449143e-16,,,
1788436432.496438,,,,,0.0,-0.0033694314770400524,,-7.299704528449143e-16,,,
1788436432.5062308,,,,,0.0,-0.003715642262250185,,-7.299704528449143e-16,,,
1788436432.5161552,,,,,0.0,-0.003768905531615019,,-7.299704528449143e-16,,,
1788436432.5302944,,,,,0.0,-0.0034493261482566595,,-7.299704528449143e-16,,,
1788436432.5374436,,,,,0.0,-0.0034493261482566595,,-7.299704528449143e-16,,,
1788436432.5463495,,,,,0.0,-0.003742273896932602,,-7.299704528449143e-16,,,
1788436432.5563283,,,,,0.0,-0.0033960631117224693,,-7.299704528449143e-16,,,
1788436432.566293,,,,,0.0,-0.0040884846821427345,,-7.299704528449143e-16,,,
1788436432.5762465,,,,,0.0,-0.004594485741108656,,-7.299704528449143e-16,,,
1788436432.586139,,,,,0.0,-0.004221642855554819,,-7.299704528449143e-16,,,
1788436432.5983877,1.5,0.0,0.0,0.0,0.0,-0.0026770094409585,0.75,-7.299704528449143e-16,0.0,0.0,0.0
1788436432.6061637,1.5,0.0,0.0,0.0,0.0,-0.0026770094409585,0.75,-7.299704528449143e-16,0.0,0.0,0.0
1788436432.617128,1.5,0.0,0.0,0.0,0.0,-0.003023220458999276,0.75,-7.299704528449143e-16,0.0,0.0,0.0
1788436432.6261995,1.5,0.0,0.0,0.0,0.0,-0.004008590243756771,0.75,-7.299704528449143e-16,0.0,0.0,0.0
1788436432.6361704,1.5,0.0,0.0,0.0,0.0,-0.003742273896932602,0.75,-7.299704528449143e-16,0.0,0.0,0.0
1788436432.6461809,1.5,0.0,0.0,0.0,0.0,-0.0038221688009798527,0.75,-7.299704528449143e-16,0.0,0.0,0.0
1788436432.6562243,1.5,0.0,0.0,0.0,0.0,-0.0038488004356622696,0.75,-7.299704528449143e-16,0.0,0.0,0.0
1788436432.6664388,1.5,0.0,0.0,0.0,0.0,-0.0031563786324113607,0.75,-7.299704528449143e-16,0.0,0.0,0.0
1788436432.6762013,1.5,0.0,0.0,0.0,0.0,-0.002037850907072425,0.75,-7.299704528449143e-16,0.0,0.0,0.0
1788436432.686264,1.5,0.0,0.0,0.0,0.0,-0.002037850907072425,0.75,-7.299704528449143e-16,0.0,0.0,0.0
1788436432.6961896,1.5,0.0,0.0,0.0,0.0,-0.0029965888243168592,0.75,-7.299704528449143e-16,0.0,0.0,0.0
1788436432.7061994,1.5,0.0,0.0,0.0,0.0,-0.0039020637050271034,0.75,-7.299704528449143e-16,0.0,0.0,0.0
1788436432.7161882,1.5,0.0,0.0,0.0,0.0,-0.004274906124919653,0.75,-7.299704528449143e-16,0.0,0.0,0.0
1788436432.7262855,1.5,0.0,0.0,0.0,0.0,-0.0038754320703446865,0.75,-7.299704528449143e-16,0.0,0.0,0.0
1788436432.736214,1.5,0.0,0.0,0.0,0.0,-0.003049852093681693,0.75,-7.299704528449143e-16,0.0,0.0,0.0
1788436432.7462137,1.5,0.0,0.0,0.0,0.0,-0.003049852093681693,0.75,-7.299704528449143e-16,0.0,0.0,0.0
1788436432.7594278,1.5,0.0,0.0,0.0,0.0,-0.004061853513121605,0.75,-7.299704528449143e-16,0.0,0.0,0.0
1788436432.7661977,1.5,0.0,0.0,0.0,0.0,-0.004381432663649321,0.75,-7.299704528449143e-16,0.0,0.0,0.0
1788436432.7766564,1.5,0.0,0.0,0.0,0.0,-0.0041151163168251514,0.75,-7.299704528449143e-16,0.0,0.0,0.0
1788436432.7862754,1.5,0.0,0.0,0.0,0.0,-0.0041151163168251514,0.75,-7.299704528449143e-16,0.0,0.0,0.0
1788436432.7962105,1.5,0.0,0.0,0.0,0.0,-0.003715642262250185,0.75,-7.299704528449143e-16,0.0,0.0,0.0
1788436432.8062663,1.5,0.0,0.0,0.0,0.0,-0.0044080642983317375,0.75,-7.299704528449143e-16,0.0,0.0,0.0
1788436432.8165565,1.5,0.0,0.0,0.0,0.0,-0.0044080642983317375,0.75,-7.299704528449143e-16,0.0,0.0,0.0
1788436432.8280754,1.5,0.0,0.0,0.0,0.0,-0.003236273303627968,0.75,-7.299704528449143e-16,0.0,0.0,0.0
1788436432.8363097,1.5,0.0,0.0,0.0,0.0,-0.003742273896932602,0.75,-7.299704528449143e-16,0.0,0.0,0.0
1788436432.8463955,1.5,0.0,0.0,0.0,0.0,-0.0046477485448122025,0.75,-7.299704528449143e-16,0.0,0.0,0.0
1788436432.8562088,1.5,0.0,0.0,0.0,0.0,-0.004274906124919653,0.75,-7.299704528449143e-16,0.0,0.0,0.0
1788436432.8678916,1.5,0.0,0.0,0.0,0.0,-0.004807538352906704,0.75,-7.299704528449143e-16,0.0,0.0,0.0
1788436432.8762174,1.5,0.0,0.0,0.0,0.0,-0.004248274490237236,0.75,-7.299704528449143e-16,0.0,0.0,0.0
1788436432.8869638,1.5,0.0,0.0,0.0,0.0,-0.0032629049383103848,0.75,-7.299704528449143e-16,0.0,0.0,0.0
1788436432.8961916,1.5,0.0,0.0,0.0,0.0,-0.0023574302904307842,0.75,-7.299704528449143e-16,0.0,0.0,0.0
1788436432.9061782,1.5,0.0,0.0,0.0,0.0,-0.003049852093681693,0.75,-7.299704528449143e-16,0.0,0.0,0.0
1788436432.9161887,1.5,0.0,0.0,0.0,0.0,-0.003662379225715995,0.75,-7.299704528449143e-16,0.0,0.0,0.0
1788436432.9262092,1.5,0.0,0.0,0.0,0.0,-0.003689010627567768,0.75,-7.299704528449143e-16,0.0,0.0,0.0
1788436432.9364302,1.5,0.0,0.0,0.0,0.0,-0.0029699571896344423,0.75,-7.299704528449143e-16,0.0,0.0,0.0
1788436432.9462004,1.5,0.0,0.0,0.0,0.0,-0.004168379586189985,0.75,-7.299704528449143e-16,0.0,0.0,0.0
1788436432.9561956,1.5,0.0,0.0,0.0,0.0,-0.003955326974391937,0.75,-7.299704528449143e-16,0.0,0.0,0.0
1788436432.9684274,1.5,0.0,0.0,0.0,0.0,-0.005260275676846504,0.75,-7.299704528449143e-16,0.0,0.0,0.0
1788436432.9762874,1.5,0.0,0.0,0.0,0.0,-0.0038488004356622696,0.75,-7.299704528449143e-16,0.0,0.0,0.0
1788436432.9862096,1.5,0.0,0.0,0.0,0.0,-0.004141747951507568,0.75,-7.299704528449143e-16,0.0,0.0,0.0
1788436432.9962108,1.5,0.0,0.0,0.0,0.0,-0.003609115956351161,0.75,-7.299704528449143e-16,0.0,0.0,0.0
1788436433.006221,1.5,0.0,0.0,0.0,0.0,-0.003609115956351161,0.75,-7.299704528449143e-16,0.0,0.0,0.0
1788436433.016468,1.5,0.0,0.0,0.0,0.0,-0.003609115956351161,0.75,-7.299704528449143e-16,0.0,0.0,0.0
1788436433.026237,1.5,0.0,0.0,0.0,0.0,-0.003023220458999276,0.75,-7.299704528449143e-16,0.0,0.0,0.0
1788436433.0363975,1.5,0.0,0.0,0.0,0.0,-0.003023220458999276,0.75,-7.299704528449143e-16,0.0,0.0,0.0
1788436433.0471854,1.5,0.0,0.0,0.0,0.0,-0.0031563786324113607,0.75,-7.299704528449143e-16,0.0,0.0,0.0
1788436433.0562449,1.5,0.0,0.0,0.0,0.0,-0.0039020637050271034,0.75,-7.299704528449143e-16,0.0,0.0,0.0
1788436433.0694754,1.5,0.0,0.0,0.0,0.0,-0.0039020637050271034,0.75,-7.299704528449143e-16,0.0,0.0,0.0
1788436433.0772836,1.5,0.0,0.0,0.0,0.0,-0.0038488004356622696,0.75,-7.299704528449143e-16,0.0,0.0,0.0
1788436433.0862112,1.5,0.0,0.0,0.0,0.0,-0.000892691605258733,0.75,-7.299704528449143e-16,0.0,0.0,0.0
1788436433.0966017,1.5,0.0,0.0,0.0,0.0,-0.000945954816415906,0.75,-7.299704528449143e-16,0.0,0.0,0.0
1788436433.1070452,1.5,0.0,0.0,0.0,0.0,-0.0024373249616473913,0.75,-7.299704528449143e-16,0.0,0.0,0.0
1788436433.117122,1.5,0.0,0.0,0.0,0.0,-0.0027302727103233337,0.75,-7.299704528449143e-16,0.0,0.0,0.0
1788436433.126264,1.5,0.0,0.0,0.0,0.0,-0.003103115363046527,0.75,-7.299704528449143e-16,0.0,0.0,0.0
1788436433.1362202,1.5,0.0,0.0,0.0,0.0,-0.003103115363046527,0.75,-7.299704528449143e-16,0.0,0.0,0.0
1788436433.1462903,1.5,0.0,0.0,0.0,0.0,-0.0033960631117224693,0.75,-7.299704528449143e-16,0.0,0.0,0.0
1788436433.1561964,1.5,0.0,0.0,0.0,0.0,-0.0023307986557483673,0.75,-7.299704528449143e-16,0.0,0.0,0.0
1788436433.166482,1.5,0.0,0.0,0.0,0.0,-0.0023307986557483673,0.75,-7.299704528449143e-16,0.0,0.0,0.0
1788436433.1764348,1.5,0.0,0.0,0.0,0.0,-0.002490588231012225,0.75,-7.299704528449143e-16,0.0,0.0,0.0
1788436433.1863482,1.5,0.0,0.0,0.0,0.0,-0.0032895365729928017,0.75,-7.299704528449143e-16,0.0,0.0,0.0
1788436433.1962686,1.5,0.0,0.0,0.0,0.0,-0.0031563786324113607,0.75,-7.299704528449143e-16,0.0,0.0,0.0
1788436433.2064133,1.5,0.0,0.0,0.0,0.0,-0.0046211169101297855,0.75,-7.299704528449143e-16,0.0,0.0,0.0
1788436433.2162387,1.5,0.0,0.0,0.0,0.0,-0.005340170580893755,0.75,-7.299704528449143e-16,0.0,0.0,0.0
1788436433.2263753,1.5,0.0,0.0,0.0,0.0,-0.005340170580893755,0.75,-7.299704528449143e-16,0.0,0.0,0.0
1788436433.2362041,1.5,0.0,0.0,0.0,0.0,-0.003715642262250185,0.75,-7.299704528449143e-16,0.0,0.0,0.0
1788436433.2462404,1.5,0.0,0.0,0.0,0.0,-0.003742273896932602,0.75,-7.299704528449143e-16,0.0,0.0,0.0
1788436433.2567852,1.5,0.0,0.0,0.0,0.0,-0.003742273896932602,0.75,-7.299704528449143e-16,0.0,0.0,0.0
1788436433.2664518,1.5,0.0,0.0,0.0,0.0,-0.0034493261482566595,0.75,-7.299704528449143e-16,0.0,0.0,0.0
1788436433.2762659,1.5,0.0,0.0,0.0,0.0,-0.003555852686986327,0.75,-7.299704528449143e-16,0.0,0.0,0.0
1788436433.2871575,1.5,0.0,0.0,0.0,0.0,-0.0037955371662974358,0.75,-7.299704528449143e-16,0.0,0.0,0.0
1788436433.2961206,1.5,0.0,0.0,0.0,0.0,-0.0033427998423576355,0.75,-7.299704528449143e-16,0.0,0.0,0.0
1788436433.3081706,1.5,0.0,0.0,0.0,0.0,-0.003236273303627968,0.75,-7.299704528449143e-16,0.0,0.0,0.0
1788436433.3161883,1.5,0.0,0.0,0.0,0.0,-0.0034493261482566595,0.75,-7.299704528449143e-16,0.0,0.0,0.0
1788436433.3262868,1.5,0.0,0.0,0.0,0.0,-0.0034493261482566595,0.75,-7.299704528449143e-16,0.0,0.0,0.0
1788436433.3364966,1.5,0.0,0.0,0.0,0.0,-0.004035221878439188,0.75,-7.299704528449143e-16,0.0,0.0,0.0
1788436433.3462298,1.5,0.0,0.0,0.0,0.0,-0.004860801622271538,0.75,-7.299704528449143e-16,0.0,0.0,0.0
1788436433.3574836,1.5,0.0,0.0,0.0,0.0,-0.004860801622271538,0.75,-7.299704528449143e-16,0.0,0.0,0.0
1788436433.3694532,1.5,0.0,0.0,0.0,0.0,-0.004993959795683622,0.75,-7.299704528449143e-16,0.0,0.0,0.0
1788436433.3762033,1.5,0.0,0.0,0.0,0.0,0.0009735333151184022,0.75,-7.299704528449143e-16,0.0,0.0,0.0
1788436433.3867176,1.5,0.0,0.0,0.0,0.0,0.0009735333151184022,0.75,-7.299704528449143e-16,0.0,0.0,0.0
1788436433.3966467,1.5,0.0,0.0,0.0,0.0,0.002699656179174781,0.75,-7.299704528449143e-16,0.0,0.0,0.0
1788436433.4072032,1.5,0.0,0.0,0.0,0.0,0.002699656179174781,0.75,-7.299704528449143e-16,0.0,0.0,0.0
1788436433.4166975,1.5,0.0,0.0,0.0,0.0,-0.002650377806276083,0.75,-7.299704528449143e-16,0.0,0.0,0.0
1788436433.4262652,1.5,0.0,0.0,0.0,0.0,-0.0031563786324113607,0.75,-7.299704528449143e-16,0.0,0.0,0.0
1788436433.4363844,1.5,0.0,0.0,0.0,0.0,-0.003129746997728944,0.75,-7.299704528449143e-16,0.0,0.0,0.0
1788436433.4462302,1.5,0.0,0.0,0.0,0.0,-0.003129746997728944,0.75,-7.299704528449143e-16,0.0,0.0,0.0
1788436433.4593818,1.5,0.0,0.0,0.0,0.0,-0.0024639565963298082,0.75,-7.299704528449143e-16,0.0,0.0,0.0
1788436433.4686334,1.5,0.0,0.0,0.0,0.0,-0.0023574302904307842,0.75,-7.299704528449143e-16,0.0,0.0,0.0
1788436433.4762273,1.5,0.0,0.0,0.0,0.0,-0.0033960631117224693,0.75,-7.299704528449143e-16,0.0,0.0,0.0
1788436433.486214,1.5,0.0,0.0,0.0,0.0,-0.0041151163168251514,0.75,-7.299704528449143e-16,0.0,0.0,0.0
1788436433.4962294,1.5,0.0,0.0,0.0,0.0,-0.004354801028966904,0.75,-7.299704528449143e-16,0.0,0.0,0.0
1788436433.5062675,1.5,0.0,0.0,0.0,0.0,-0.004354801028966904,0.75,-7.299704528449143e-16,0.0,0.0,0.0
1788436433.5163925,1.5,0.0,0.0,0.0,0.0,-0.0018780612153932452,0.75,-7.299704528449143e-16,0.0,0.0,0.0
1788436433.5263033,1.5,0.0,0.0,0.0,0.0,-0.002703641075640917,0.75,-7.299704528449143e-16,0.0,0.0,0.0
1788436433.5362616,1.5,0.0,0.0,0.0,0.0,-0.0038754320703446865,0.75,-7.299704528449143e-16,0.0,0.0,0.0
1788436433.5490525,1.5,0.0,0.0,0.0,0.0,-0.0040884846821427345,0.75,-7.299704528449143e-16,0.0,0.0,0.0
1788436433.556214,1.5,0.0,0.0,0.0,0.0,-0.0039020637050271034,0.75,-7.299704528449143e-16,0.0,0.0,0.0
1788436433.5664265,1.5,0.0,0.0,0.0,0.0,-0.0039020637050271034,0.75,-7.299704528449143e-16,0.0,0.0,0.0
1788436433.576567,1.5,0.0,0.0,0.0,0.0,-0.004141747951507568,0.75,-7.299704528449143e-16,0.0,0.0,0.0
1788436433.586353,1.5,0.0,0.0,0.0,0.0,-0.009308280423283577,0.75,-7.299704528449143e-16,0.0,0.0,0.0
1788436433.597436,1.5,0.0,0.0,0.0,0.0,-0.009308280423283577,0.75,-7.299704528449143e-16,0.0,0.0,0.0
1788436433.6062202,1.5,0.0,0.0,0.0,0.0,-0.0011856392957270145,0.75,-7.299704528449143e-16,0.0,0.0,0.0
1788436433.6185699,1.5,0.0,0.0,0.0,0.0,-0.0011856392957270145,0.75,-7.299704528449143e-16,0.0,0.0,0.0
1788436433.6284125,1.5,0.0,0.0,0.0,0.0,-0.0012655341997742653,0.75,-7.299704528449143e-16,0.0,0.0,0.0
1788436433.636323,1.5,0.0,0.0,0.0,0.0,-0.0005198490689508617,0.75,-7.299704528449143e-16,0.0,0.0,0.0
1788436433.6462708,1.5,0.0,0.0,0.0,0.0,-0.0028101676143705845,0.75,-7.299704528449143e-16,0.0,0.0,0.0
1788436433.6562352,1.5,0.0,0.0,0.0,0.0,-0.003689010627567768,0.75,-7.299704528449143e-16,0.0,0.0,0.0
1788436433.6662078,1.5,0.0,0.0,0.0,0.0,-0.0033694314770400524,0.75,-7.299704528449143e-16,0.0,0.0,0.0
1788436433.6763875,1.5,0.0,0.0,0.0,0.0,-0.0010258496040478349,0.75,-7.299704528449143e-16,0.0,0.0,0.0
1788436433.6866522,1.5,0.0,0.0,0.0,0.0,-0.0010258496040478349,0.75,-7.299704528449143e-16,0.0,0.0,0.0
1788436433.697348,1.5,0.0,0.0,0.0,0.0,-0.000892691605258733,0.75,-7.299704528449143e-16,0.0,0.0,0.0
1788436433.7063305,1.5,0.0,0.0,0.0,0.0,-0.0010791128734126687,0.75,-7.299704528449143e-16,0.0,0.0,0.0
1788436433.7179284,1.5,0.0,0.0,0.0,0.0,-0.0010791128734126687,0.75,-7.299704528449143e-16,0.0,0.0,0.0
1788436433.726209,1.5,0.0,0.0,0.0,0.0,-0.0010258496040478349,0.75,-7.299704528449143e-16,0.0,0.0,0.0
1788436433.737509,1.5,0.0,0.0,0.0,0.0,-0.0010258496040478349,0.75,-7.299704528449143e-16,0.0,0.0,0.0
1788436433.7474961,1.5,0.0,0.0,0.0,0.0,-0.00307648372836411,0.75,-7.299704528449143e-16,0.0,0.0,0.0
1788436433.756255,1.5,0.0,0.0,0.0,0.0,-0.0035292210523039103,0.75,-7.299704528449143e-16,0.0,0.0,0.0
1788436433.7663746,1.5,0.0,0.0,0.0,0.0,-0.0041151163168251514,0.75,-7.299704528449143e-16,0.0,0.0,0.0
1788436433.7768073,1.5,0.0,0.0,0.0,0.0,-0.0041151163168251514,0.75,-7.299704528449143e-16,0.0,0.0,0.0
1788436433.7861836,1.5,0.0,0.0,0.0,0.0,-0.0029433255549520254,0.75,-7.299704528449143e-16,0.0,0.0,0.0
1788436433.7961867,1.5,0.0,0.0,0.0,0.0,-0.0022509037517011166,0.75,-7.299704528449143e-16,0.0,0.0,0.0
1788436433.8061874,1.5,0.0,0.0,0.0,0.0,-0.004248274490237236,0.75,-7.299704528449143e-16,0.0,0.0,0.0
1788436433.8174756,1.5,0.0,0.0,0.0,0.0,-0.004248274490237236,0.75,-7.299704528449143e-16,0.0,0.0,0.0
1788436433.826756,1.5,0.0,0.0,0.0,0.0,-0.0033960631117224693,0.75,-7.299704528449143e-16,0.0,0.0,0.0
1788436433.8362007,1.5,0.0,0.0,0.0,0.0,-0.0024373249616473913,0.75,-7.299704528449143e-16,0.0,0.0,0.0
1788436433.8461974,1.5,0.0,0.0,0.0,0.0,-0.0028900625184178352,0.75,-7.299704528449143e-16,0.0,0.0,0.0
1788436433.856196,1.5,0.0,0.0,0.0,0.0,-0.002543851500377059,0.75,-7.299704528449143e-16,0.0,0.0,0.0
1788436433.8694189,1.5,0.0,0.0,0.0,0.0,-0.0021976404823362827,0.75,-7.299704528449143e-16,0.0,0.0,0.0
1788436433.8764877,1.5,0.0,0.0,0.0,0.0,-0.0021976404823362827,0.75,-7.299704528449143e-16,0.0,0.0,0.0
1788436433.8862278,1.5,0.0,0.0,0.0,0.0,-0.002037850907072425,0.75,-7.299704528449143e-16,0.0,0.0,0.0
1788436433.898471,1.5,0.0,0.0,0.0,0.0,-0.002037850907072425,0.75,-7.299704528449143e-16,0.0,0.0,0.0
1788436433.906173,1.5,0.0,0.0,0.0,0.0,-0.005233644042164087,0.75,-7.299704528449143e-16,0.0,0.0,0.0
1788436433.9161935,1.5,0.0,0.0,0.0,0.0,-0.004807538352906704,0.75,-7.299704528449143e-16,0.0,0.0,0.0
1788436433.9282515,1.5,0.0,0.0,0.0,0.0,-0.004807538352906704,0.75,-7.299704528449143e-16,0.0,0.0,0.0
1788436433.9363463,1.5,0.0,0.0,0.0,0.0,-0.006059224251657724,0.75,-7.299704528449143e-16,0.0,0.0,0.0
1788436433.9471476,1.5,0.0,0.0,0.0,0.0,-0.00510048633441329,0.75,-7.299704528449143e-16,0.0,0.0,0.0
1788436433.9562016,1.5,0.0,0.0,0.0,0.0,-0.0031563786324113607,0.75,-7.299704528449143e-16,0.0,0.0,0.0
1788436433.9664462,1.5,0.0,0.0,0.0,0.0,-0.0031563786324113607,0.75,-7.299704528449143e-16,0.0,0.0,0.0
1788436433.9761937,1.5,0.0,0.0,0.0,0.0,-0.0006263754912652075,0.75,-7.299704528449143e-16,0.0,0.0,0.0
1788436433.9862857,1.5,0.0,0.0,0.0,0.0,-0.0006796387024223804,0.75,-7.299704528449143e-16,0.0,0.0,0.0
1788436433.9962876,1.5,0.0,0.0,0.0,0.0,-0.0006796387024223804,0.75,-7.299704528449143e-16,0.0,0.0,0.0
1788436434.0065186,1.5,0.0,0.0,0.0,0.0,-0.0007595335482619703,0.75,-7.299704528449143e-16,0.0,0.0,0.0
1788436434.016199,1.5,0.0,0.0,0.0,0.0,-0.0035292210523039103,0.75,-7.299704528449143e-16,0.0,0.0,0.0
1788436434.026414,1.5,0.0,0.0,0.0,0.0,-0.0035292210523039103,0.75,-7.299704528449143e-16,0.0,0.0,0.0
1788436434.0365305,1.5,0.0,0.0,0.0,0.0,-0.0029433255549520254,0.75,-7.299704528449143e-16,0.0,0.0,0.0
1788436434.0462134,1.5,0.0,0.0,0.0,0.0,-0.0034493261482566595,0.75,-7.299704528449143e-16,0.0,0.0,0.0
1788436434.0574956,1.5,0.0,0.0,0.0,0.0,-0.0034493261482566595,0.75,-7.299704528449143e-16,0.0,0.0,0.0
1788436434.0683858,1.5,0.0,0.0,0.0,0.0,-0.0024373249616473913,0.75,-7.299704528449143e-16,0.0,0.0,0.0
1788436434.076196,1.5,0.0,0.0,0.0,0.0,-0.0010524812387302518,0.75,-7.299704528449143e-16,0.0,0.0,0.0
1788436434.0894063,1.5,0.0,0.0,0.0,0.0,-0.0023041670210659504,0.75,-7.299704528449143e-16,0.0,0.0,0.0
1788436434.096188,1.5,0.0,0.0,0.0,0.0,-0.002064482541754842,0.75,-7.299704528449143e-16,0.0,0.0,0.0
1788436434.1062078,1.5,0.0,0.0,0.0,0.0,-0.0034759577829390764,0.75,-7.299704528449143e-16,0.0,0.0,0.0
1788436434.116857,1.5,0.0,0.0,0.0,0.0,-0.0023307986557483673,0.75,-7.299704528449143e-16,0.0,0.0,0.0
1788436434.1265635,1.5,0.0,0.0,0.0,0.0,-0.002597114769741893,0.75,-7.299704528449143e-16,0.0,0.0,0.0
1788436434.1366634,1.5,0.0,0.0,0.0,0.0,-0.002597114769741893,0.75,-7.299704528449143e-16,0.0,0.0,0.0
1788436434.1461868,1.5,0.0,0.0,0.0,0.0,-0.003609115956351161,0.75,-7.299704528449143e-16,0.0,0.0,0.0
1788436434.1568716,1.5,0.0,0.0,0.0,0.0,-0.003609115956351161,0.75,-7.299704528449143e-16,0.0,0.0,0.0
1788436434.1673818,1.5,0.0,0.0,0.0,0.0,-0.003689010627567768,0.75,-7.299704528449143e-16,0.0,0.0,0.0
1788436434.1761951,1.5,0.0,0.0,0.0,0.0,-0.0028900625184178352,0.75,-7.299704528449143e-16,0.0,0.0,0.0
1788436434.1861217,1.5,0.0,0.0,0.0,0.0,-0.002570483135059476,0.75,-7.299704528449143e-16,0.0,0.0,0.0
1788436434.19848,1.5,0.0,0.0,0.0,0.0,-0.001984587637707591,0.75,-7.299704528449143e-16,0.0,0.0,0.0
1788436434.2062058,1.5,0.0,0.0,0.0,0.0,-0.0015851134667173028,0.75,-7.299704528449143e-16,0.0,0.0,0.0
1788436434.2165396,1.5,0.0,0.0,0.0,0.0,-0.0015851134667173028,0.75,-7.299704528449143e-16,0.0,0.0,0.0
1788436434.226221,1.5,0.0,0.0,0.0,0.0,-0.0016383767360821366,0.75,-7.299704528449143e-16,0.0,0.0,0.0
1788436434.2362022,1.5,0.0,0.0,0.0,0.0,-0.002144377212971449,0.75,-7.299704528449143e-16,0.0,0.0,0.0
1788436434.24847,1.5,0.0,0.0,0.0,0.0,-0.0022242721170186996,0.75,-7.299704528449143e-16,0.0,0.0,0.0
1788436434.256724,1.5,0.0,0.0,0.0,0.0,-0.003103115363046527,0.75,-7.299704528449143e-16,0.0,0.0,0.0
1788436434.2665374,1.5,0.0,0.0,0.0,0.0,-0.004061853513121605,0.75,-7.299704528449143e-16,0.0,0.0,0.0
1788436434.276197,1.5,0.0,0.0,0.0,0.0,-0.00307648372836411,0.75,-7.299704528449143e-16,0.0,0.0,0.0
1788436434.2862341,1.5,0.0,0.0,0.0,0.0,-0.00307648372836411,0.75,-7.299704528449143e-16,0.0,0.0,0.0
1788436434.296236,1.5,0.0,0.0,0.0,0.0,-0.0023307986557483673,0.75,-7.299704528449143e-16,0.0,0.0,0.0
1788436434.3061926,1.5,0.0,0.0,0.0,0.0,-0.0076304893009364605,0.75,-7.299704528449143e-16,0.0,0.0,0.0
1788436434.3177574,1.5,0.0,0.0,0.0,0.0,-0.008163121528923512,0.75,-7.299704528449143e-16,0.0,0.0,0.0
1788436434.326443,1.5,0.0,0.0,0.0,0.0,-0.008136489428579807,0.75,-7.299704528449143e-16,0.0,0.0,0.0
1788436434.336315,1.5,0.0,0.0,0.0,0.0,-0.003236273303627968,0.75,-7.299704528449143e-16,0.0,0.0,0.0
1788436434.3466344,1.5,0.0,0.0,0.0,0.0,-0.0033694314770400524,0.75,-7.299704528449143e-16,0.0,0.0,0.0
1788436434.3563538,1.5,0.0,0.0,0.0,0.0,-0.0038221688009798527,0.75,-7.299704528449143e-16,0.0,0.0,0.0
1788436434.3663106,1.5,0.0,0.0,0.0,0.0,-0.004328169394284487,0.75,-7.299704528449143e-16,0.0,0.0,0.0
1788436434.3763452,1.5,0.0,0.0,0.0,0.0,-0.004914064891636372,0.75,-7.299704528449143e-16,0.0,0.0,0.0
1788436434.3862514,1.5,0.0,0.0,0.0,0.0,-0.0039020637050271034,0.75,-7.299704528449143e-16,0.0,0.0,0.0
1788436434.3962111,1.5,0.0,0.0,0.0,0.0,-0.004141747951507568,0.75,-7.299704528449143e-16,0.0,0.0,0.0
1788436434.4061947,1.5,0.0,0.0,0.0,0.0,-0.0015318503137677908,0.75,-7.299704528449143e-16,0.0,0.0,0.0
1788436434.41756,1.5,0.0,0.0,0.0,0.0,-0.0015318503137677908,0.75,-7.299704528449143e-16,0.0,0.0,0.0
1788436434.4264948,1.5,0.0,0.0,0.0,0.0,-0.0013187973527237773,0.75,-7.299704528449143e-16,0.0,0.0,0.0
1788436434.4362397,1.5,0.0,0.0,0.0,0.0,0.00040637864731252193,0.75,-7.299704528449143e-16,0.0,0.0,0.0
1788436434.4488914,1.5,0.0,0.0,0.0,0.0,0.00013513077283278108,0.75,-7.299704528449143e-16,0.0,0.0,0.0
1788436434.4575248,1.5,0.0,0.0,0.0,0.0,0.00013513077283278108,0.75,-7.299704528449143e-16,0.0,0.0,0.0
1788436434.4661996,1.5,0.0,0.0,0.0,0.0,-0.003236273303627968,0.75,-7.299704528449143e-16,0.0,0.0,0.0
1788436434.478496,1.5,0.0,0.0,0.0,0.0,-0.003236273303627968,0.75,-7.299704528449143e-16,0.0,0.0,0.0
1788436434.4862783,1.5,0.0,0.0,0.0,0.0,-0.0034226947464048862,0.75,-7.299704528449143e-16,0.0,0.0,0.0
1788436434.4962046,1.5,0.0,0.0,0.0,0.0,-0.0032895365729928017,0.75,-7.299704528449143e-16,0.0,0.0,0.0
1788436434.5063221,1.5,0.0,0.0,0.0,0.0,-0.0032895365729928017,0.75,-7.299704528449143e-16,0.0,0.0,0.0
1788436434.516182,1.5,0.0,0.0,0.0,0.0,-0.0017449031583964825,0.75,-7.299704528449143e-16,0.0,0.0,0.0
1788436434.526203,1.5,0.0,0.0,0.0,0.0,-0.0010791128734126687,0.75,-7.299704528449143e-16,0.0,0.0,0.0
1788436434.5363107,1.5,0.0,0.0,0.0,0.0,-0.0010791128734126687,0.75,-7.299704528449143e-16,0.0,0.0,0.0
1788436434.5461948,1.5,0.0,0.0,0.0,0.0,0.001047510071657598,0.75,-7.299704528449143e-16,0.0,0.0,0.0
1788436434.5561867,1.5,0.0,0.0,0.0,0.0,0.0003817197575699538,0.75,-7.299704528449143e-16,0.0,0.0,0.0
1788436434.5666213,1.5,0.0,0.0,0.0,0.0,-0.0028101676143705845,0.75,-7.299704528449143e-16,0.0,0.0,0.0
1788436434.5768542,1.5,0.0,0.0,0.0,0.0,-0.0026237464044243097,0.75,-7.299704528449143e-16,0.0,0.0,0.0
1788436434.5861826,1.5,0.0,0.0,0.0,0.0,-0.002011219272390008,0.75,-7.299704528449143e-16,0.0,0.0,0.0
1788436434.5961895,1.5,0.0,0.0,0.0,0.0,-0.0033427998423576355,0.75,-7.299704528449143e-16,0.0,0.0,0.0
1788436434.6078627,1.5,0.0,0.0,0.0,0.0,-0.006112487521022558,0.75,-7.299704528449143e-16,0.0,0.0,0.0
1788436434.6163507,1.5,0.0,0.0,0.0,0.0,-0.006112487521022558,0.75,-7.299704528449143e-16,0.0,0.0,0.0
1788436434.6261952,1.5,0.0,0.0,0.0,0.0,-0.005446697119623423,0.75,-7.299704528449143e-16,0.0,0.0,0.0
1788436434.6383898,1.5,0.0,0.0,0.0,0.0,-0.0029433255549520254,0.75,-7.299704528449143e-16,0.0,0.0,0.0
1788436434.6464922,1.5,0.0,0.0,0.0,0.0,-0.0029433255549520254,0.75,-7.299704528449143e-16,0.0,0.0,0.0
1788436434.6562116,1.5,0.0,0.0,0.0,0.0,-0.0021976404823362827,0.75,-7.299704528449143e-16,0.0,0.0,0.0
1788436434.6683552,1.5,0.0,0.0,0.0,0.0,-0.0021976404823362827,0.75,-7.299704528449143e-16,0.0,0.0,0.0
1788436434.6763034,1.5,0.0,0.0,0.0,0.0,-0.003609115956351161,0.75,-7.299704528449143e-16,0.0,0.0,0.0
1788436434.686307,1.5,0.0,0.0,0.0,0.0,-0.004381432663649321,0.75,-7.299704528449143e-16,0.0,0.0,0.0
1788436434.6964076,1.5,0.0,0.0,0.0,0.0,-0.004381432663649321,0.75,-7.299704528449143e-16,0.0,0.0,0.0
1788436434.7072897,1.5,0.0,0.0,0.0,0.0,-0.005233644042164087,0.75,-7.299704528449143e-16,0.0,0.0,0.0
1788436434.716202,1.5,0.0,0.0,0.0,0.0,-0.003609115956351161,0.75,-7.299704528449143e-16,0.0,0.0,0.0
1788436434.7262235,1.5,0.0,0.0,0.0,0.0,-0.003049852093681693,0.75,-7.299704528449143e-16,0.0,0.0,0.0
1788436434.7362328,1.5,0.0,0.0,0.0,0.0,-0.003555852686986327,0.75,-7.299704528449143e-16,0.0,0.0,0.0
1788436434.7462435,1.5,0.0,0.0,0.0,0.0,-0.003555852686986327,0.75,-7.299704528449143e-16,0.0,0.0,0.0
1788436434.7561865,1.5,0.0,0.0,0.0,0.0,-0.003582484321668744,0.75,-7.299704528449143e-16,0.0,0.0,0.0
1788436434.7665274,1.5,0.0,0.0,0.0,0.0,-0.003582484321668744,0.75,-7.299704528449143e-16,0.0,0.0,0.0
1788436434.776201,1.5,0.0,0.0,0.0,0.0,-0.003635747591033578,0.75,-7.299704528449143e-16,0.0,0.0,0.0
1788436434.7861974,1.5,0.0,0.0,0.0,0.0,-0.004274906124919653,0.75,-7.299704528449143e-16,0.0,0.0,0.0
1788436434.7963312,1.5,0.0,0.0,0.0,0.0,-0.004274906124919653,0.75,-7.299704528449143e-16,0.0,0.0,0.0
1788436434.8062272,1.5,0.0,0.0,0.0,0.0,-0.00755059439688921,0.75,-7.299704528449143e-16,0.0,0.0,0.0
1788436434.816193,1.5,0.0,0.0,0.0,0.0,-0.007124488707631826,0.75,-7.299704528449143e-16,0.0,0.0,0.0
1788436434.8274329,1.5,0.0,0.0,0.0,0.0,-0.007124488707631826,0.75,-7.299704528449143e-16,0.0,0.0,0.0
1788436434.8362062,1.5,0.0,0.0,0.0,0.0,-0.005633118562400341,0.75,-7.299704528449143e-16,0.0,0.0,0.0
1788436434.846606,1.5,0.0,0.0,0.0,0.0,-0.004567854106426239,0.75,-7.299704528449143e-16,0.0,0.0,0.0
1788436434.8564053,1.5,0.0,0.0,0.0,0.0,-0.004567854106426239,0.75,-7.299704528449143e-16,0.0,0.0,0.0
1788436434.8663435,1.5,0.0,0.0,0.0,0.0,-0.0033161682076752186,0.75,-7.299704528449143e-16,0.0,0.0,0.0
1788436434.8763678,1.5,0.0,0.0,0.0,0.0,-0.0033960631117224693,0.75,-7.299704528449143e-16,0.0,0.0,0.0
1788436434.8895147,1.5,0.0,0.0,0.0,0.0,-0.0038488004356622696,0.75,-7.299704528449143e-16,0.0,0.0,0.0
1788436434.89942,1.5,0.0,0.0,0.0,0.0,-0.003582484321668744,0.75,-7.299704528449143e-16,0.0,0.0,0.0
1788436434.9064019,1.5,0.0,0.0,0.0,0.0,-0.002597114769741893,0.75,-7.299704528449143e-16,0.0,0.0,0.0
1788436434.91622,1.5,0.0,0.0,0.0,0.0,-0.0018247979460284114,0.75,-7.299704528449143e-16,0.0,0.0,0.0
1788436434.9263175,1.5,0.0,0.0,0.0,0.0,-0.0018247979460284114,0.75,-7.299704528449143e-16,0.0,0.0,0.0
1788436434.9361827,1.5,0.0,0.0,0.0,0.0,-0.003555852686986327,0.75,-7.299704528449143e-16,0.0,0.0,0.0
1788436434.9461894,1.5,0.0,0.0,0.0,0.0,-0.003635747591033578,0.75,-7.299704528449143e-16,0.0,0.0,0.0
1788436434.9575634,1.5,0.0,0.0,0.0,0.0,-0.003635747591033578,0.75,-7.299704528449143e-16,0.0,0.0,0.0
1788436434.9661834,1.5,0.0,0.0,0.0,0.0,-0.0026770094409585,0.75,-7.299704528449143e-16,0.0,0.0,0.0
1788436434.9762583,1.5,0.0,0.0,0.0,0.0,-0.0033161682076752186,0.75,-7.299704528449143e-16,0.0,0.0,0.0
1788436434.9865074,1.5,0.0,0.0,0.0,0.0,-0.0033161682076752186,0.75,-7.299704528449143e-16,0.0,0.0,0.0
1788436434.996314,1.5,0.0,0.0,0.0,0.0,-0.00510048633441329,0.75,-7.299704528449143e-16,0.0,0.0,0.0
1788436435.006187,1.5,0.0,0.0,0.0,0.0,-0.004195011220872402,0.75,-7.299704528449143e-16,0.0,0.0,0.0
1788436435.0163984,1.5,0.0,0.0,0.0,0.0,-0.004195011220872402,0.75,-7.299704528449143e-16,0.0,0.0,0.0
1788436435.027514,1.5,0.0,0.0,0.0,0.0,-0.003689010627567768,0.75,-7.299704528449143e-16,0.0,0.0,0.0
1788436435.0362108,1.5,0.0,0.0,0.0,0.0,-0.0017981663113459945,0.75,-7.299704528449143e-16,0.0,0.0,0.0
1788436435.0494316,1.5,0.0,0.0,0.0,0.0,-0.0017182715237140656,0.75,-7.299704528449143e-16,0.0,0.0,0.0
1788436435.0571973,1.5,0.0,0.0,0.0,0.0,-0.0024106933269649744,0.75,-7.299704528449143e-16,0.0,0.0,0.0
1788436435.0661905,1.5,0.0,0.0,0.0,0.0,-0.004168379586189985,0.75,-7.299704528449143e-16,0.0,0.0,0.0
1788436435.0763652,1.5,0.0,0.0,0.0,0.0,-0.003609115956351161,0.75,-7.299704528449143e-16,0.0,0.0,0.0
1788436435.0863755,1.5,0.0,0.0,0.0,0.0,-0.003609115956351161,0.75,-7.299704528449143e-16,0.0,0.0,0.0
1788436435.0961769,1.5,0.0,0.0,0.0,0.0,-0.003662379225715995,0.75,-7.299704528449143e-16,0.0,0.0,0.0
1788436435.1061938,1.5,0.0,0.0,0.0,0.0,-0.004354801028966904,0.75,-7.299704528449143e-16,0.0,0.0,0.0
1788436435.1172013,1.5,0.0,0.0,0.0,0.0,-0.004354801028966904,0.75,-7.299704528449143e-16,0.0,0.0,0.0
1788436435.126739,1.5,0.0,0.0,0.0,0.0,-0.003049852093681693,0.75,-7.299704528449143e-16,0.0,0.0,0.0
1788436435.1361837,1.5,0.0,0.0,0.0,0.0,-0.0015318503137677908,0.75,-7.299704528449143e-16,0.0,0.0,0.0
1788436435.1463053,1.5,0.0,0.0,0.0,0.0,-0.0015318503137677908,0.75,-7.299704528449143e-16,0.0,0.0,0.0
1788436435.1564033,1.5,0.0,0.0,0.0,0.0,-0.0016117451013997197,0.75,-7.299704528449143e-16,0.0,0.0,0.0
1788436435.1662061,1.5,0.0,0.0,0.0,0.0,-0.003129746997728944,0.75,-7.299704528449143e-16,0.0,0.0,0.0
1788436435.1775103,1.5,0.0,0.0,0.0,0.0,-0.003129746997728944,0.75,-7.299704528449143e-16,0.0,0.0,0.0
1788436435.1862016,1.5,0.0,0.0,0.0,0.0,-0.0027569043450057507,0.75,-7.299704528449143e-16,0.0,0.0,0.0
1788436435.1962347,1.5,0.0,0.0,0.0,0.0,-0.0023307986557483673,0.75,-7.299704528449143e-16,0.0,0.0,0.0
1788436435.2063046,1.5,0.0,0.0,0.0,0.0,-0.002517219865694642,0.75,-7.299704528449143e-16,0.0,0.0,0.0
1788436435.2162101,1.5,0.0,0.0,0.0,0.0,-0.0026237464044243097,0.75,-7.299704528449143e-16,0.0,0.0,0.0
1788436435.226724,1.5,0.0,0.0,0.0,0.0,-0.0029699571896344423,0.75,-7.299704528449143e-16,0.0,0.0,0.0
1788436435.2362292,1.5,0.0,0.0,0.0,0.0,-0.0015052186790853739,0.75,-7.299704528449143e-16,0.0,0.0,0.0
1788436435.2462168,1.5,0.0,0.0,0.0,0.0,-0.002037850907072425,0.75,-7.299704528449143e-16,0.0,0.0,0.0
1788436435.2578669,1.5,0.0,0.0,0.0,0.0,-0.003183010034263134,0.75,-7.299704528449143e-16,0.0,0.0,0.0
1788436435.2662375,1.5,0.0,0.0,0.0,0.0,-0.003662379225715995,0.75,-7.299704528449143e-16,0.0,0.0,0.0
1788436435.277531,1.5,0.0,0.0,0.0,0.0,-0.003662379225715995,0.75,-7.299704528449143e-16,0.0,0.0,0.0
1788436435.286189,1.5,0.0,0.0,0.0,0.0,-0.0035025894176214933,0.75,-7.299704528449143e-16,0.0,0.0,0.0
1788436435.2963207,1.5,0.0,0.0,0.0,0.0,-0.003742273896932602,0.75,-7.299704528449143e-16,0.0,0.0,0.0
1788436435.308434,1.5,0.0,0.0,0.0,0.0,-0.0028101676143705845,0.75,-7.299704528449143e-16,0.0,0.0,0.0
1788436435.3161893,1.5,0.0,0.0,0.0,0.0,-0.0023840616922825575,0.75,-7.299704528449143e-16,0.0,0.0,0.0
1788436435.3261986,1.5,0.0,0.0,0.0,0.0,-0.0031563786324113607,0.75,-7.299704528449143e-16,0.0,0.0,0.0
1788436435.3363338,1.5,0.0,0.0,0.0,0.0,-0.0031563786324113607,0.75,-7.299704528449143e-16,0.0,0.0,0.0
1788436435.3465612,1.5,0.0,0.0,0.0,0.0,-0.003689010627567768,0.75,-7.299704528449143e-16,0.0,0.0,0.0
1788436435.3562255,1.5,0.0,0.0,0.0,0.0,-0.0032895365729928017,0.75,-7.299704528449143e-16,0.0,0.0,0.0
1788436435.368439,1.5,0.0,0.0,0.0,0.0,-0.004248274490237236,0.75,-7.299704528449143e-16,0.0,0.0,0.0
1788436435.3763895,1.5,0.0,0.0,0.0,0.0,-0.0044080642983317375,0.75,-7.299704528449143e-16,0.0,0.0,0.0
1788436435.3861823,1.5,0.0,0.0,0.0,0.0,-0.004168379586189985,0.75,-7.299704528449143e-16,0.0,0.0,0.0
1788436435.3962228,1.5,0.0,0.0,0.0,0.0,-0.0033427998423576355,0.75,-7.299704528449143e-16,0.0,0.0,0.0
1788436435.406555,1.5,0.0,0.0,0.0,0.0,-0.0033427998423576355,0.75,-7.299704528449143e-16,0.0,0.0,0.0
1788436435.4172788,1.5,0.0,0.0,0.0,0.0,-0.0023041670210659504,0.75,-7.299704528449143e-16,0.0,0.0,0.0
1788436435.42627,1.5,0.0,0.0,0.0,0.0,-0.0029166939202696085,0.75,-7.299704528449143e-16,0.0,0.0,0.0
1788436435.4384613,1.5,0.0,0.0,0.0,0.0,-0.0029166939202696085,0.75,-7.299704528449143e-16,0.0,0.0,0.0
1788436435.4462368,1.5,0.0,0.0,0.0,0.0,-0.0039020637050271034,0.75,-7.299704528449143e-16,0.0,0.0,0.0
1788436435.4561877,1.5,0.0,0.0,0.0,0.0,-0.0029699571896344423,0.75,-7.299704528449143e-16,0.0,0.0,0.0
1788436435.4674935,1.5,0.0,0.0,0.0,0.0,-0.0029699571896344423,0.75,-7.299704528449143e-16,0.0,0.0,0.0
1788436435.4762707,1.5,0.0,0.0,0.0,0.0,-0.0034226947464048862,0.75,-7.299704528449143e-16,0.0,0.0,0.0
1788436435.486191,1.5,0.0,0.0,0.0,0.0,-0.004594485741108656,0.75,-7.299704528449143e-16,0.0,0.0,0.0
1788436435.4964347,1.5,0.0,0.0,0.0,0.0,-0.004594485741108656,0.75,-7.299704528449143e-16,0.0,0.0,0.0
1788436435.5061965,1.5,0.0,0.0,0.0,0.0,-0.002570483135059476,0.75,-7.299704528449143e-16,0.0,0.0,0.0
1788436435.5164754,1.5,0.0,0.0,0.0,0.0,-0.002650377806276083,0.75,-7.299704528449143e-16,0.0,0.0,0.0
1788436435.5285032,1.5,0.0,0.0,0.0,0.0,-0.003183010034263134,0.75,-7.299704528449143e-16,0.0,0.0,0.0
1788436435.5384634,1.5,0.0,0.0,0.0,0.0,-0.0044346959330141544,0.75,-7.299704528449143e-16,0.0,0.0,0.0
1788436435.5461981,1.5,0.0,0.0,0.0,0.0,-0.004834169987589121,0.75,-7.299704528449143e-16,0.0,0.0,0.0
1788436435.5561695,1.5,0.0,0.0,0.0,0.0,-0.006272276863455772,0.75,-7.299704528449143e-16,0.0,0.0,0.0
1788436435.5675828,1.5,0.0,0.0,0.0,0.0,-0.006272276863455772,0.75,-7.299704528449143e-16,0.0,0.0,0.0
1788436435.5761988,1.5,0.0,0.0,0.0,0.0,-0.005766276270151138,0.75,-7.299704528449143e-16,0.0,0.0,0.0
1788436435.5863287,1.5,0.0,0.0,0.0,0.0,-0.0034493261482566595,0.75,-7.299704528449143e-16,0.0,0.0,0.0
1788436435.5963178,1.5,0.0,0.0,0.0,0.0,-0.0034493261482566595,0.75,-7.299704528449143e-16,0.0,0.0,0.0
1788436435.6075163,1.5,0.0,0.0,0.0,0.0,-0.004008590243756771,0.75,-7.299704528449143e-16,0.0,0.0,0.0
1788436435.616192,1.5,0.0,0.0,0.0,0.0,-0.003635747591033578,0.75,-7.299704528449143e-16,0.0,0.0,0.0
1788436435.6262004,1.5,0.0,0.0,0.0,0.0,-0.0033161682076752186,0.75,-7.299704528449143e-16,0.0,0.0,0.0
1788436435.6395032,1.5,0.0,0.0,0.0,0.0,-0.0035025894176214933,0.75,-7.299704528449143e-16,0.0,0.0,0.0
1788436435.6463706,1.5,0.0,0.0,0.0,0.0,-0.004168379586189985,0.75,-7.299704528449143e-16,0.0,0.0,0.0
1788436435.6574242,1.5,0.0,0.0,0.0,0.0,-0.0046211169101297855,0.75,-7.299704528449143e-16,0.0,0.0,0.0
1788436435.6687284,1.5,0.0,0.0,0.0,0.0,-0.004248274490237236,0.75,-7.299704528449143e-16,0.0,0.0,0.0
1788436435.6763532,1.5,0.0,0.0,0.0,0.0,-0.004248274490237236,0.75,-7.299704528449143e-16,0.0,0.0,0.0
1788436435.686295,1.5,0.0,0.0,0.0,0.0,-0.003555852686986327,0.75,-7.299704528449143e-16,0.0,0.0,0.0
1788436435.696192,1.5,0.0,0.0,0.0,0.0,-0.0034759577829390764,0.75,-7.299704528449143e-16,0.0,0.0,0.0
1788436435.7063081,1.5,0.0,0.0,0.0,0.0,-0.0039020637050271034,0.75,-7.299704528449143e-16,0.0,0.0,0.0
1788436435.716288,1.5,0.0,0.0,0.0,0.0,-0.0039020637050271034,0.75,-7.299704528449143e-16,0.0,0.0,0.0
1788436435.7261987,1.5,0.0,0.0,0.0,0.0,-0.004354801028966904,0.75,-7.299704528449143e-16,0.0,0.0,0.0
1788436435.7361863,1.5,0.0,0.0,0.0,0.0,-0.00025353292585350573,0.75,-7.299704528449143e-16,0.0,0.0,0.0
1788436435.7463105,1.5,0.0,0.0,0.0,0.0,-0.0004932174342684448,0.75,-7.299704528449143e-16,0.0,0.0,0.0
1788436435.7572184,1.5,0.0,0.0,0.0,0.0,-0.0004932174342684448,0.75,-7.299704528449143e-16,0.0,0.0,0.0
1788436435.766266,1.5,0.0,0.0,0.0,0.0,-0.006645119749009609,0.75,-7.299704528449143e-16,0.0,0.0,0.0
1788436435.7761948,1.5,0.0,0.0,0.0,0.0,-0.005420065484941006,0.75,-7.299704528449143e-16,0.0,0.0,0.0
1788436435.7863865,1.5,0.0,0.0,0.0,0.0,-0.005420065484941006,0.75,-7.299704528449143e-16,0.0,0.0,0.0
1788436435.7962255,1.5,0.0,0.0,0.0,0.0,-0.0023574302904307842,0.75,-7.299704528449143e-16,0.0,0.0,0.0
1788436435.8062077,1.5,0.0,0.0,0.0,0.0,-0.0028101676143705845,0.75,-7.299704528449143e-16,0.0,0.0,0.0
1788436435.8165178,1.5,0.0,0.0,0.0,0.0,-0.0028101676143705845,0.75,-7.299704528449143e-16,0.0,0.0,0.0
1788436435.8262463,1.5,0.0,0.0,0.0,0.0,-0.002543851500377059,0.75,-7.299704528449143e-16,0.0,0.0,0.0
1788436435.8361742,1.5,0.0,0.0,0.0,0.0,-0.004567854106426239,0.75,-7.299704528449143e-16,0.0,0.0,0.0
1788436435.846314,1.5,0.0,0.0,0.0,0.0,-0.004274906124919653,0.75,-7.299704528449143e-16,0.0,0.0,0.0
1788436435.856937,1.5,0.0,0.0,0.0,0.0,-0.004780906718224287,0.75,-7.299704528449143e-16,0.0,0.0,0.0
1788436435.866327,1.5,0.0,0.0,0.0,0.0,-0.004780906718224287,0.75,-7.299704528449143e-16,0.0,0.0,0.0
1788436435.8761888,1.5,0.0,0.0,0.0,0.0,-0.0015584818320348859,0.75,-7.299704528449143e-16,0.0,0.0,0.0
1788436435.886265,1.5,0.0,0.0,0.0,0.0,-0.0015584818320348859,0.75,-7.299704528449143e-16,0.0,0.0,0.0
1788436435.8961797,1.5,0.0,0.0,0.0,0.0,-0.0033161682076752186,0.75,-7.299704528449143e-16,0.0,0.0,0.0
1788436435.9062052,1.5,0.0,0.0,0.0,0.0,-0.0032629049383103848,0.75,-7.299704528449143e-16,0.0,0.0,0.0
1788436435.9162743,1.5,0.0,0.0,0.0,0.0,-0.0032629049383103848,0.75,-7.299704528449143e-16,0.0,0.0,0.0
1788436435.9274585,1.5,0.0,0.0,0.0,0.0,-0.0033694314770400524,0.75,-7.299704528449143e-16,0.0,0.0,0.0
1788436435.9362018,1.5,0.0,0.0,0.0,0.0,-0.002490588231012225,0.75,-7.299704528449143e-16,0.0,0.0,0.0
1788436435.9474444,1.5,0.0,0.0,0.0,0.0,-0.002490588231012225,0.75,-7.299704528449143e-16,0.0,0.0,0.0
1788436435.95618,1.5,0.0,0.0,0.0,0.0,-0.003715642262250185,0.75,-7.299704528449143e-16,0.0,0.0,0.0
1788436435.9662066,1.5,0.0,0.0,0.0,0.0,-0.004168379586189985,0.75,-7.299704528449143e-16,0.0,0.0,0.0
1788436435.977575,1.5,0.0,0.0,0.0,0.0,-0.003103115363046527,0.75,-7.299704528449143e-16,0.0,0.0,0.0
1788436435.989574,1.5,0.0,0.0,0.0,0.0,-0.003742273896932602,0.75,-7.299704528449143e-16,0.0,0.0,0.0
1788436435.996731,1.5,0.0,0.0,0.0,0.0,-0.0032895365729928017,0.75,-7.299704528449143e-16,0.0,0.0,0.0
1788436436.0094175,1.5,0.0,0.0,0.0,0.0,-0.0037955371662974358,0.75,-7.299704528449143e-16,0.0,0.0,0.0
1788436436.016385,1.5,0.0,0.0,0.0,0.0,-0.003981958609074354,0.75,-7.299704528449143e-16,0.0,0.0,0.0
1788436436.0261939,1.5,0.0,0.0,0.0,0.0,-0.004195011220872402,0.75,-7.299704528449143e-16,0.0,0.0,0.0
1788436436.0365252,1.5,0.0,0.0,0.0,0.0,-0.005020591430366039,0.75,-7.299704528449143e-16,0.0,0.0,0.0
1788436436.0466523,1.5,0.0,0.0,0.0,0.0,-0.004008590243756771,0.75,-7.299704528449143e-16,0.0,0.0,0.0
1788436436.0561922,1.5,0.0,0.0,0.0,0.0,-0.003742273896932602,0.75,-7.299704528449143e-16,0.0,0.0,0.0
1788436436.0663786,1.5,0.0,0.0,0.0,0.0,-0.001478587044402957,0.75,-7.299704528449143e-16,0.0,0.0,0.0
1788436436.0787523,1.5,0.0,0.0,0.0,0.0,-0.001478587044402957,0.75,-7.299704528449143e-16,0.0,0.0,0.0
1788436436.0867252,1.5,0.0,0.0,0.0,0.0,-0.0028634308837354183,0.75,-7.299704528449143e-16,0.0,0.0,0.0
1788436436.0961845,1.5,0.0,0.0,0.0,0.0,-0.003768905531615019,0.75,-7.299704528449143e-16,0.0,0.0,0.0
1788436436.1068408,1.5,0.0,0.0,0.0,0.0,-0.00307648372836411,0.75,-7.299704528449143e-16,0.0,0.0,0.0
1788436436.1165404,1.5,0.0,0.0,0.0,0.0,-0.0033161682076752186,0.75,-7.299704528449143e-16,0.0,0.0,0.0
1788436436.126577,1.5,0.0,0.0,0.0,0.0,-0.003236273303627968,0.75,-7.299704528449143e-16,0.0,0.0,0.0
1788436436.1375074,1.5,0.0,0.0,0.0,0.0,-0.003236273303627968,0.75,-7.299704528449143e-16,0.0,0.0,0.0
1788436436.1471698,1.5,0.0,0.0,0.0,0.0,0.0002091074566124007,0.75,-7.299704528449143e-16,0.0,0.0,0.0
1788436436.1571586,1.5,0.0,0.0,0.0,0.0,-0.0003866909828502685,0.75,-7.299704528449143e-16,0.0,0.0,0.0
1788436436.166327,1.5,0.0,0.0,0.0,0.0,-0.0017981663113459945,0.75,-7.299704528449143e-16,0.0,0.0,0.0
1788436436.1764307,1.5,0.0,0.0,0.0,0.0,-0.0017981663113459945,0.75,-7.299704528449143e-16,0.0,0.0,0.0
1788436436.1861882,1.5,0.0,0.0,0.0,0.0,-0.0017715347930788994,0.75,-7.299704528449143e-16,0.0,0.0,0.0
1788436436.1962812,1.5,0.0,0.0,0.0,0.0,-0.003129746997728944,0.75,-7.299704528449143e-16,0.0,0.0,0.0
1788436436.2062743,1.5,0.0,0.0,0.0,0.0,-0.003129746997728944,0.75,-7.299704528449143e-16,0.0,0.0,0.0
1788436436.2162056,1.5,0.0,0.0,0.0,0.0,-0.0034493261482566595,0.75,-7.299704528449143e-16,0.0,0.0,0.0
1788436436.226574,1.5,0.0,0.0,0.0,0.0,-0.0038488004356622696,0.75,-7.299704528449143e-16,0.0,0.0,0.0
1788436436.2375295,1.5,0.0,0.0,0.0,0.0,-0.0038488004356622696,0.75,-7.299704528449143e-16,0.0,0.0,0.0
1788436436.24633,1.5,0.0,0.0,0.0,0.0,-0.0024106933269649744,0.75,-7.299704528449143e-16,0.0,0.0,0.0
1788436436.2561955,1.5,0.0,0.0,0.0,0.0,-0.0028367992490530014,0.75,-7.299704528449143e-16,0.0,0.0,0.0
1788436436.2661839,1.5,0.0,0.0,0.0,0.0,-0.004008590243756771,0.75,-7.299704528449143e-16,0.0,0.0,0.0
1788436436.2763586,1.5,0.0,0.0,0.0,0.0,-0.004008590243756771,0.75,-7.299704528449143e-16,0.0,0.0,0.0
1788436436.2862034,1.5,0.0,0.0,0.0,0.0,-0.004274906124919653,0.75,-7.299704528449143e-16,0.0,0.0,0.0
1788436436.2974708,1.5,0.0,0.0,0.0,0.0,-0.004274906124919653,0.75,-7.299704528449143e-16,0.0,0.0,0.0
1788436436.3084133,1.5,0.0,0.0,0.0,0.0,-0.004381432663649321,0.75,-7.299704528449143e-16,0.0,0.0,0.0
1788436436.3161402,1.5,0.0,0.0,0.0,0.0,-0.003981958609074354,0.75,-7.299704528449143e-16,0.0,0.0,0.0
1788436436.3284397,1.5,0.0,0.0,0.0,0.0,-0.004035221878439188,0.75,-7.299704528449143e-16,0.0,0.0,0.0
1788436436.3363266,1.5,0.0,0.0,0.0,0.0,-0.0012389025650918484,0.75,-7.299704528449143e-16,0.0,0.0,0.0
1788436436.3462224,1.5,0.0,0.0,0.0,0.0,-0.0015318503137677908,0.75,-7.299704528449143e-16,0.0,0.0,0.0
1788436436.3561924,1.5,0.0,0.0,0.0,0.0,-0.00043995422311127186,0.75,-7.299704528449143e-16,0.0,0.0,0.0
1788436436.366237,1.5,0.0,0.0,0.0,0.0,-0.00043995422311127186,0.75,-7.299704528449143e-16,0.0,0.0,0.0
1788436436.3761985,1.5,0.0,0.0,0.0,0.0,-0.002543851500377059,0.75,-7.299704528449143e-16,0.0,0.0,0.0
1788436436.3863328,1.5,0.0,0.0,0.0,0.0,-0.0029433255549520254,0.75,-7.299704528449143e-16,0.0,0.0,0.0
1788436436.3971796,1.5,0.0,0.0,0.0,0.0,-0.0027569043450057507,0.75,-7.299704528449143e-16,0.0,0.0,0.0
1788436436.4075022,1.5,0.0,0.0,0.0,0.0,-0.0027569043450057507,0.75,-7.299704528449143e-16,0.0,0.0,0.0
1788436436.4163694,1.5,0.0,0.0,0.0,0.0,-0.0029433255549520254,0.75,-7.299704528449143e-16,0.0,0.0,0.0
1788436436.4261966,1.5,0.0,0.0,0.0,0.0,-0.004141747951507568,0.75,-7.299704528449143e-16,0.0,0.0,0.0
1788436436.4363005,1.5,0.0,0.0,0.0,0.0,-0.00675164582207799,0.75,-7.299704528449143e-16,0.0,0.0,0.0
1788436436.4461997,1.5,0.0,0.0,0.0,0.0,-0.006165750324726105,0.75,-7.299704528449143e-16,0.0,0.0,0.0
1788436436.456453,1.5,0.0,0.0,0.0,0.0,-0.006165750324726105,0.75,-7.299704528449143e-16,0.0,0.0,0.0
1788436436.4663713,1.5,0.0,0.0,0.0,0.0,-0.003609115956351161,0.75,-7.299704528449143e-16,0.0,0.0,0.0
1788436436.4761925,1.5,0.0,0.0,0.0,0.0,-0.003609115956351161,0.75,-7.299704528449143e-16,0.0,0.0,0.0
1788436436.4862437,1.5,0.0,0.0,0.0,0.0,-0.004914064891636372,0.75,-7.299704528449143e-16,0.0,0.0,0.0
1788436436.4966824,1.5,0.0,0.0,0.0,0.0,-0.004914064891636372,0.75,-7.299704528449143e-16,0.0,0.0,0.0
1788436436.5062335,1.5,0.0,0.0,0.0,0.0,-0.0028367992490530014,0.75,-7.299704528449143e-16,0.0,0.0,0.0
1788436436.5161982,1.5,0.0,0.0,0.0,0.0,-0.0021976404823362827,0.75,-7.299704528449143e-16,0.0,0.0,0.0
1788436436.5264251,1.5,0.0,0.0,0.0,0.0,-0.002597114769741893,0.75,-7.299704528449143e-16,0.0,0.0,0.0
1788436436.536178,1.5,0.0,0.0,0.0,0.0,-0.005340170580893755,0.75,-7.299704528449143e-16,0.0,0.0,0.0
1788436436.546645,1.5,0.0,0.0,0.0,0.0,-0.006591856479644775,0.75,-7.299704528449143e-16,0.0,0.0,0.0
1788436436.5564153,1.5,0.0,0.0,0.0,0.0,-0.006591856479644775,0.75,-7.299704528449143e-16,0.0,0.0,0.0
1788436436.5664802,1.5,0.0,0.0,0.0,0.0,-0.0044346959330141544,0.75,-7.299704528449143e-16,0.0,0.0,0.0
1788436436.5761936,1.5,0.0,0.0,0.0,0.0,-0.002703641075640917,0.75,-7.299704528449143e-16,0.0,0.0,0.0
1788436436.5862439,1.5,0.0,0.0,0.0,0.0,-0.002703641075640917,0.75,-7.299704528449143e-16,0.0,0.0,0.0
1788436436.5964944,1.5,0.0,0.0,0.0,0.0,-0.0023307986557483673,0.75,-7.299704528449143e-16,0.0,0.0,0.0
1788436436.6061943,1.5,0.0,0.0,0.0,0.0,-0.0033427998423576355,0.75,-7.299704528449143e-16,0.0,0.0,0.0
1788436436.6175318,1.5,0.0,0.0,0.0,0.0,-0.0033427998423576355,0.75,-7.299704528449143e-16,0.0,0.0,0.0
1788436436.6283777,1.5,0.0,0.0,0.0,0.0,-0.002597114769741893,0.75,-7.299704528449143e-16,0.0,0.0,0.0
1788436436.636359,1.5,0.0,0.0,0.0,0.0,-0.0051803807727992535,0.75,-7.299704528449143e-16,0.0,0.0,0.0
1788436436.648464,1.5,0.0,0.0,0.0,0.0,-0.005899434443563223,0.75,-7.299704528449143e-16,0.0,0.0,0.0
1788436436.6567128,1.5,0.0,0.0,0.0,0.0,-0.006591856479644775,0.75,-7.299704528449143e-16,0.0,0.0,0.0
1788436436.6661873,1.5,0.0,0.0,0.0,0.0,-0.004541222471743822,0.75,-7.299704528449143e-16,0.0,0.0,0.0
1788436436.6763217,1.5,0.0,0.0,0.0,0.0,-0.003635747591033578,0.75,-7.299704528449143e-16,0.0,0.0,0.0
1788436436.6864274,1.5,0.0,0.0,0.0,0.0,-0.0028367992490530014,0.75,-7.299704528449143e-16,0.0,0.0,0.0
1788436436.6961884,1.5,0.0,0.0,0.0,0.0,-0.0024639565963298082,0.75,-7.299704528449143e-16,0.0,0.0,0.0
1788436436.7062035,1.5,0.0,0.0,0.0,0.0,-0.0029433255549520254,0.75,-7.299704528449143e-16,0.0,0.0,0.0
1788436436.7166052,1.5,0.0,0.0,0.0,0.0,-0.003183010034263134,0.75,-7.299704528449143e-16,0.0,0.0,0.0
1788436436.7261908,1.5,0.0,0.0,0.0,0.0,-0.0034226947464048862,0.75,-7.299704528449143e-16,0.0,0.0,0.0
1788436436.736195,1.5,0.0,0.0,0.0,0.0,-0.003582484321668744,0.75,-7.299704528449143e-16,0.0,0.0,0.0
1788436436.7490144,1.5,0.0,0.0,0.0,0.0,-0.0038488004356622696,0.75,-7.299704528449143e-16,0.0,0.0,0.0
1788436436.7561808,1.5,0.0,0.0,0.0,0.0,-0.0032895365729928017,0.75,-7.299704528449143e-16,0.0,0.0,0.0
1788436436.7661831,1.5,0.0,0.0,0.0,0.0,-0.0039020637050271034,0.75,-7.299704528449143e-16,0.0,0.0,0.0
1788436436.7762914,1.5,0.0,0.0,0.0,0.0,-0.0038488004356622696,0.75,-7.299704528449143e-16,0.0,0.0,0.0
1788436436.788302,1.5,0.0,0.0,0.0,0.0,-0.004274906124919653,0.75,-7.299704528449143e-16,0.0,0.0,0.0
1788436436.7961915,1.5,0.0,0.0,0.0,0.0,-0.00392869533970952,0.75,-7.299704528449143e-16,0.0,0.0,0.0
1788436436.8062012,1.5,0.0,0.0,0.0,0.0,-0.0034759577829390764,0.75,-7.299704528449143e-16,0.0,0.0,0.0
1788436436.8162053,1.5,0.0,0.0,0.0,0.0,-0.004168379586189985,0.75,-7.299704528449143e-16,0.0,0.0,0.0
1788436436.826168,1.5,0.0,0.0,0.0,0.0,-0.0034226947464048862,0.75,-7.299704528449143e-16,0.0,0.0,0.0
1788436436.8362849,1.5,0.0,0.0,0.0,0.0,-0.0029965888243168592,0.75,-7.299704528449143e-16,0.0,0.0,0.0
1788436436.8462074,1.5,0.0,0.0,0.0,0.0,-0.0024373249616473913,0.75,-7.299704528449143e-16,0.0,0.0,0.0
1788436436.8561747,1.5,0.0,0.0,0.0,0.0,-0.002650377806276083,0.75,-7.299704528449143e-16,0.0,0.0,0.0
1788436436.8661768,1.5,0.0,0.0,0.0,0.0,-0.008482701145112514,0.75,-7.299704528449143e-16,0.0,0.0,0.0
1788436436.8763447,1.5,0.0,0.0,0.0,0.0,-0.008482701145112514,0.75,-7.299704528449143e-16,0.0,0.0,0.0
1788436436.8884583,1.5,0.0,0.0,0.0,0.0,-0.008935438469052315,0.75,-7.299704528449143e-16,0.0,0.0,0.0
1788436436.8961973,1.5,0.0,0.0,0.0,0.0,-0.0028634308837354183,0.75,-7.299704528449143e-16,0.0,0.0,0.0
1788436436.9074862,1.5,0.0,0.0,0.0,0.0,-0.0028634308837354183,0.75,-7.299704528449143e-16,0.0,0.0,0.0
1788436436.9162073,1.5,0.0,0.0,0.0,0.0,-0.003129746997728944,0.75,-7.299704528449143e-16,0.0,0.0,0.0
1788436436.9270267,1.5,0.0,0.0,0.0,0.0,-0.003955326974391937,0.75,-7.299704528449143e-16,0.0,0.0,0.0
1788436436.936185,1.5,0.0,0.0,0.0,0.0,-0.005579855293035507,0.75,-7.299704528449143e-16,0.0,0.0,0.0
1788436436.946285,1.5,0.0,0.0,0.0,0.0,-0.005579855293035507,0.75,-7.299704528449143e-16,0.0,0.0,0.0
1788436436.9562204,1.5,0.0,0.0,0.0,0.0,-0.004354801028966904,0.75,-7.299704528449143e-16,0.0,0.0,0.0
1788436436.9695258,1.5,0.0,0.0,0.0,0.0,-4.0480048483004794e-05,0.75,-7.299704528449143e-16,0.0,0.0,0.0
1788436436.977604,1.5,0.0,0.0,0.0,0.0,-4.0480048483004794e-05,0.75,-7.299704528449143e-16,0.0,0.0,0.0
1788436436.9862044,1.5,0.0,0.0,0.0,0.0,-6.711165769957006e-05,0.75,-7.299704528449143e-16,0.0,0.0,0.0
1788436436.9962833,1.5,0.0,0.0,0.0,0.0,-0.0016916398890316486,0.75,-7.299704528449143e-16,0.0,0.0,0.0
1788436437.0062404,1.5,0.0,0.0,0.0,0.0,-0.0013187973527237773,0.75,-7.299704528449143e-16,0.0,0.0,0.0
1788436437.0165932,1.5,0.0,0.0,0.0,0.0,-0.0013720606220886111,0.75,-7.299704528449143e-16,0.0,0.0,0.0
1788436437.0262897,1.5,0.0,0.0,0.0,0.0,-0.003209641668945551,0.75,-7.299704528449143e-16,0.0,0.0,0.0
1788436437.0363042,1.5,0.0,0.0,0.0,0.0,-0.003209641668945551,0.75,-7.299704528449143e-16,0.0,0.0,0.0
1788436437.0461388,1.5,0.0,0.0,0.0,0.0,-0.0038221688009798527,0.75,-7.299704528449143e-16,0.0,0.0,0.0
1788436437.0562022,1.5,0.0,0.0,0.0,0.0,-0.00307648372836411,0.75,-7.299704528449143e-16,0.0,0.0,0.0
1788436437.0662682,1.5,0.0,0.0,0.0,0.0,-0.00307648372836411,0.75,-7.299704528449143e-16,0.0,0.0,0.0
1788436437.0761757,1.5,0.0,0.0,0.0,0.0,-0.0010258496040478349,0.75,-7.299704528449143e-16,0.0,0.0,0.0
1788436437.0862026,1.5,0.0,0.0,0.0,0.0,-0.0006530071259476244,0.75,-7.299704528449143e-16,0.0,0.0,0.0
1788436437.096242,1.5,0.0,0.0,0.0,0.0,-0.005739644635468721,0.75,-7.299704528449143e-16,0.0,0.0,0.0
1788436437.1075172,1.5,0.0,0.0,0.0,0.0,-0.005739644635468721,0.75,-7.299704528449143e-16,0.0,0.0,0.0
1788436437.1161983,1.5,0.0,0.0,0.0,0.0,-0.005819539539515972,0.75,-7.299704528449143e-16,0.0,0.0,0.0
1788436437.1262326,1.5,0.0,0.0,0.0,0.0,-0.003129746997728944,0.75,-7.299704528449143e-16,0.0,0.0,0.0
1788436437.1384134,1.5,0.0,0.0,0.0,0.0,-0.003103115363046527,0.75,-7.299704528449143e-16,0.0,0.0,0.0
1788436437.1461992,1.5,0.0,0.0,0.0,0.0,-0.003582484321668744,0.75,-7.299704528449143e-16,0.0,0.0,0.0
1788436437.1562135,1.5,0.0,0.0,0.0,0.0,-0.003768905531615019,0.75,-7.299704528449143e-16,0.0,0.0,0.0
1788436437.166232,1.5,0.0,0.0,0.0,0.0,-0.003768905531615019,0.75,-7.299704528449143e-16,0.0,0.0,0.0
1788436437.1761682,1.5,0.0,0.0,0.0,0.0,-0.003662379225715995,0.75,-7.299704528449143e-16,0.0,0.0,0.0
1788436437.1863527,1.5,0.0,0.0,0.0,0.0,-0.0034493261482566595,0.75,-7.299704528449143e-16,0.0,0.0,0.0
1788436437.196373,1.5,0.0,0.0,0.0,0.0,-0.0029433255549520254,0.75,-7.299704528449143e-16,0.0,0.0,0.0
1788436437.2079628,1.5,0.0,0.0,0.0,0.0,-0.0029166939202696085,0.75,-7.299704528449143e-16,0.0,0.0,0.0
1788436437.2161653,1.5,0.0,0.0,0.0,0.0,-0.002703641075640917,0.75,-7.299704528449143e-16,0.0,0.0,0.0
1788436437.2262528,1.5,0.0,0.0,0.0,0.0,-0.003981958609074354,0.75,-7.299704528449143e-16,0.0,0.0,0.0
1788436437.2362921,1.5,0.0,0.0,0.0,0.0,-0.0023840616922825575,0.75,-7.299704528449143e-16,0.0,0.0,0.0
1788436437.2463872,1.5,0.0,0.0,0.0,0.0,-0.002597114769741893,0.75,-7.299704528449143e-16,0.0,0.0,0.0
1788436437.2568,1.5,0.0,0.0,0.0,0.0,-0.002597114769741893,0.75,-7.299704528449143e-16,0.0,0.0,0.0
1788436437.2665951,1.5,0.0,0.0,0.0,0.0,-0.004701011814177036,0.75,-7.299704528449143e-16,0.0,0.0,0.0
1788436437.276204,1.5,0.0,0.0,0.0,0.0,-0.005872802808880806,0.75,-7.299704528449143e-16,0.0,0.0,0.0
1788436437.2861829,1.5,0.0,0.0,0.0,0.0,-0.0060059609822928905,0.75,-7.299704528449143e-16,0.0,0.0,0.0
1788436437.296433,1.5,0.0,0.0,0.0,0.0,-0.0035025894176214933,0.75,-7.299704528449143e-16,0.0,0.0,0.0
1788436437.30628,1.5,0.0,0.0,0.0,0.0,-0.003049852093681693,0.75,-7.299704528449143e-16,0.0,0.0,0.0
1788436437.3162754,1.5,0.0,0.0,0.0,0.0,-0.0026237464044243097,0.75,-7.299704528449143e-16,0.0,0.0,0.0
1788436437.3264804,1.5,0.0,0.0,0.0,0.0,-0.0027569043450057507,0.75,-7.299704528449143e-16,0.0,0.0,0.0
1788436437.3361125,1.5,0.0,0.0,0.0,0.0,-0.0018247979460284114,0.75,-7.299704528449143e-16,0.0,0.0,0.0
1788436437.3462007,1.5,0.0,0.0,0.0,0.0,-0.0028101676143705845,0.75,-7.299704528449143e-16,0.0,0.0,0.0
1788436437.3573766,1.5,0.0,0.0,0.0,0.0,-0.0028634308837354183,0.75,-7.299704528449143e-16,0.0,0.0,0.0
1788436437.366547,1.5,0.0,0.0,0.0,0.0,-0.0028634308837354183,0.75,-7.299704528449143e-16,0.0,0.0,0.0
1788436437.3762012,1.5,0.0,0.0,0.0,0.0,0.002354431664571166,0.75,-7.299704528449143e-16,0.0,0.0,0.0
1788436437.3861911,1.5,0.0,0.0,0.0,0.0,0.0017379592172801495,0.75,-7.299704528449143e-16,0.0,0.0,0.0
1788436437.3961954,1.5,0.0,0.0,0.0,0.0,-0.002597114769741893,0.75,-7.299704528449143e-16,0.0,0.0,0.0
1788436437.4062066,1.5,0.0,0.0,0.0,0.0,-0.003129746997728944,0.75,-7.299704528449143e-16,0.0,0.0,0.0
1788436437.4162908,1.5,0.0,0.0,0.0,0.0,-0.003129746997728944,0.75,-7.299704528449143e-16,0.0,0.0,0.0
1788436437.4261951,1.5,0.0,0.0,0.0,0.0,-0.0023307986557483673,0.75,-7.299704528449143e-16,0.0,0.0,0.0
1788436437.4361951,1.5,0.0,0.0,0.0,0.0,-0.003103115363046527,0.75,-7.299704528449143e-16,0.0,0.0,0.0
1788436437.4461858,1.5,0.0,0.0,0.0,0.0,-0.003609115956351161,0.75,-7.299704528449143e-16,0.0,0.0,0.0
1788436437.4562595,1.5,0.0,0.0,0.0,0.0,-0.004195011220872402,0.75,-7.299704528449143e-16,0.0,0.0,0.0
1788436437.466219,1.5,0.0,0.0,0.0,0.0,-0.006511961575597525,0.75,-7.299704528449143e-16,0.0,0.0,0.0
1788436437.4761822,1.5,0.0,0.0,0.0,0.0,-0.006325540132820606,0.75,-7.299704528449143e-16,0.0,0.0,0.0
1788436437.4868271,1.5,0.0,0.0,0.0,0.0,-0.006325540132820606,0.75,-7.299704528449143e-16,0.0,0.0,0.0
1788436437.4962013,1.5,0.0,0.0,0.0,0.0,-0.006858172360807657,0.75,-7.299704528449143e-16,0.0,0.0,0.0
1788436437.5061836,1.5,0.0,0.0,0.0,0.0,-0.007151120342314243,0.75,-7.299704528449143e-16,0.0,0.0,0.0
1788436437.5184026,1.5,0.0,0.0,0.0,0.0,-0.0051803807727992535,0.75,-7.299704528449143e-16,0.0,0.0,0.0
1788436437.5261865,1.5,0.0,0.0,0.0,0.0,-0.002597114769741893,0.75,-7.299704528449143e-16,0.0,0.0,0.0
1788436437.536333,1.5,0.0,0.0,0.0,0.0,-0.0028634308837354183,0.75,-7.299704528449143e-16,0.0,0.0,0.0
1788436437.5475152,1.5,0.0,0.0,0.0,0.0,-0.0028634308837354183,0.75,-7.299704528449143e-16,0.0,0.0,0.0
1788436437.5561726,1.5,0.0,0.0,0.0,0.0,-0.0034493261482566595,0.75,-7.299704528449143e-16,0.0,0.0,0.0
1788436437.5661979,1.5,0.0,0.0,0.0,0.0,-0.001984587637707591,0.75,-7.299704528449143e-16,0.0,0.0,0.0
1788436437.5774796,1.5,0.0,0.0,0.0,0.0,-0.001984587637707591,0.75,-7.299704528449143e-16,0.0,0.0,0.0
1788436437.5861845,1.5,0.0,0.0,0.0,0.0,-0.0019313243683427572,0.75,-7.299704528449143e-16,0.0,0.0,0.0
1788436437.5961945,1.5,0.0,0.0,0.0,0.0,-0.003049852093681693,0.75,-7.299704528449143e-16,0.0,0.0,0.0
1788436437.6084073,1.5,0.0,0.0,0.0,0.0,-0.003955326974391937,0.75,-7.299704528449143e-16,0.0,0.0,0.0
1788436437.616347,1.5,0.0,0.0,0.0,0.0,-0.0032895365729928017,0.75,-7.299704528449143e-16,0.0,0.0,0.0
1788436437.626462,1.5,0.0,0.0,0.0,0.0,-0.0032895365729928017,0.75,-7.299704528449143e-16,0.0,0.0,0.0
1788436437.6361759,1.5,0.0,0.0,0.0,0.0,-0.0017981663113459945,0.75,-7.299704528449143e-16,0.0,0.0,0.0
1788436437.6462517,1.5,0.0,0.0,0.0,0.0,-0.0017981663113459945,0.75,-7.299704528449143e-16,0.0,0.0,0.0
1788436437.6589575,1.5,0.0,0.0,0.0,0.0,-0.0027302727103233337,0.75,-7.299704528449143e-16,0.0,0.0,0.0
1788436437.666191,1.5,0.0,0.0,0.0,0.0,-0.0051803807727992535,0.75,-7.299704528449143e-16,0.0,0.0,0.0
1788436437.6785076,1.5,0.0,0.0,0.0,0.0,-0.0051803807727992535,0.75,-7.299704528449143e-16,0.0,0.0,0.0
1788436437.6863177,1.5,0.0,0.0,0.0,0.0,-0.00637880340218544,0.75,-7.299704528449143e-16,0.0,0.0,0.0
1788436437.6964467,1.5,0.0,0.0,0.0,0.0,-0.004780906718224287,0.75,-7.299704528449143e-16,0.0,0.0,0.0
1788436437.7071762,1.5,0.0,0.0,0.0,0.0,-0.004780906718224287,0.75,-7.299704528449143e-16,0.0,0.0,0.0
1788436437.7162871,1.5,0.0,0.0,0.0,0.0,-0.004993959795683622,0.75,-7.299704528449143e-16,0.0,0.0,0.0
1788436437.7264807,1.5,0.0,0.0,0.0,0.0,-0.00510048633441329,0.75,-7.299704528449143e-16,0.0,0.0,0.0
1788436437.7363153,1.5,0.0,0.0,0.0,0.0,-0.004860801622271538,0.75,-7.299704528449143e-16,0.0,0.0,0.0
1788436437.7483406,1.5,0.0,0.0,0.0,0.0,-0.004168379586189985,0.75,-7.299704528449143e-16,0.0,0.0,0.0
1788436437.7615438,1.5,0.0,0.0,0.0,0.0,-0.001984587637707591,0.75,-7.299704528449143e-16,0.0,0.0,0.0
1788436437.7663512,1.5,0.0,0.0,0.0,0.0,-0.0009992180857807398,0.75,-7.299704528449143e-16,0.0,0.0,0.0
1788436437.7770708,1.5,0.0,0.0,0.0,0.0,-0.0009992180857807398,0.75,-7.299704528449143e-16,0.0,0.0,0.0
1788436437.7862582,1.5,0.0,0.0,0.0,0.0,-0.0019046928500756621,0.75,-7.299704528449143e-16,0.0,0.0,0.0
1788436437.7961829,1.5,0.0,0.0,0.0,0.0,-0.004381432663649321,0.75,-7.299704528449143e-16,0.0,0.0,0.0
1788436437.8062465,1.5,0.0,0.0,0.0,0.0,-0.0038488004356622696,0.75,-7.299704528449143e-16,0.0,0.0,0.0
1788436437.8162136,1.5,0.0,0.0,0.0,0.0,-0.005047223065048456,0.75,-7.299704528449143e-16,0.0,0.0,0.0
1788436437.826216,1.5,0.0,0.0,0.0,0.0,-0.004354801028966904,0.75,-7.299704528449143e-16,0.0,0.0,0.0
1788436437.8363545,1.5,0.0,0.0,0.0,0.0,-0.004567854106426239,0.75,-7.299704528449143e-16,0.0,0.0,0.0
1788436437.8464954,1.5,0.0,0.0,0.0,0.0,-0.003555852686986327,0.75,-7.299704528449143e-16,0.0,0.0,0.0
1788436437.8562267,1.5,0.0,0.0,0.0,0.0,-0.003236273303627968,0.75,-7.299704528449143e-16,0.0,0.0,0.0
1788436437.8674064,1.5,0.0,0.0,0.0,0.0,-0.0032895365729928017,0.75,-7.299704528449143e-16,0.0,0.0,0.0
1788436437.8763611,1.5,0.0,0.0,0.0,0.0,-0.0032895365729928017,0.75,-7.299704528449143e-16,0.0,0.0,0.0
1788436437.8861825,1.5,0.0,0.0,0.0,0.0,-0.002650377806276083,0.75,-7.299704528449143e-16,0.0,0.0,0.0
1788436437.8963718,1.5,0.0,0.0,0.0,0.0,-0.002650377806276083,0.75,-7.299704528449143e-16,0.0,0.0,0.0
1788436437.906196,1.5,0.0,0.0,0.0,0.0,-0.003689010627567768,0.75,-7.299704528449143e-16,0.0,0.0,0.0
1788436437.91632,1.5,0.0,0.0,0.0,0.0,-0.0027569043450057507,0.75,-7.299704528449143e-16,0.0,0.0,0.0
1788436437.9265275,1.5,0.0,0.0,0.0,0.0,-0.002543851500377059,0.75,-7.299704528449143e-16,0.0,0.0,0.0
1788436437.9361954,1.5,0.0,0.0,0.0,0.0,-0.0023574302904307842,0.75,-7.299704528449143e-16,0.0,0.0,0.0
1788436437.9461844,1.5,0.0,0.0,0.0,0.0,-0.0024106933269649744,0.75,-7.299704528449143e-16,0.0,0.0,0.0
1788436437.9561553,1.5,0.0,0.0,0.0,0.0,-0.0022242721170186996,0.75,-7.299704528449143e-16,0.0,0.0,0.0
1788436437.9675033,1.5,0.0,0.0,0.0,0.0,-0.0022242721170186996,0.75,-7.299704528449143e-16,0.0,0.0,0.0
1788436437.9771311,1.5,0.0,0.0,0.0,0.0,-0.003023220458999276,0.75,-7.299704528449143e-16,0.0,0.0,0.0
1788436437.9862478,1.5,0.0,0.0,0.0,0.0,-0.004834169987589121,0.75,-7.299704528449143e-16,0.0,0.0,0.0
1788436437.9962318,1.5,0.0,0.0,0.0,0.0,-0.004834169987589121,0.75,-7.299704528449143e-16,0.0,0.0,0.0
1788436438.0065184,1.5,0.0,0.0,0.0,0.0,-0.003209641668945551,0.75,-7.299704528449143e-16,0.0,0.0,0.0
1788436438.016316,1.5,0.0,0.0,0.0,0.0,-0.0027835359796881676,0.75,-7.299704528449143e-16,0.0,0.0,0.0
1788436438.0264213,1.5,0.0,0.0,0.0,0.0,-0.0027835359796881676,0.75,-7.299704528449143e-16,0.0,0.0,0.0
1788436438.036186,1.5,0.0,0.0,0.0,0.0,-0.002517219865694642,0.75,-7.299704528449143e-16,0.0,0.0,0.0
1788436438.0462873,1.5,0.0,0.0,0.0,0.0,-0.0033161682076752186,0.75,-7.299704528449143e-16,0.0,0.0,0.0
1788436438.057546,1.5,0.0,0.0,0.0,0.0,-0.0033161682076752186,0.75,-7.299704528449143e-16,0.0,0.0,0.0
1788436438.0661888,1.5,0.0,0.0,0.0,0.0,-0.00307648372836411,0.75,-7.299704528449143e-16,0.0,0.0,0.0
1788436438.0763376,1.5,0.0,0.0,0.0,0.0,-0.00307648372836411,0.75,-7.299704528449143e-16,0.0,0.0,0.0
1788436438.0895994,1.5,0.0,0.0,0.0,0.0,-0.0034759577829390764,0.75,-7.299704528449143e-16,0.0,0.0,0.0
1788436438.09621,1.5,0.0,0.0,0.0,0.0,-0.004195011220872402,0.75,-7.299704528449143e-16,0.0,0.0,0.0
1788436438.1061997,1.5,0.0,0.0,0.0,0.0,-0.0037955371662974358,0.75,-7.299704528449143e-16,0.0,0.0,0.0
1788436438.1162946,1.5,0.0,0.0,0.0,0.0,-0.0038221688009798527,0.75,-7.299704528449143e-16,0.0,0.0,0.0
1788436438.1276002,1.5,0.0,0.0,0.0,0.0,-0.0038221688009798527,0.75,-7.299704528449143e-16,0.0,0.0,0.0
1788436438.1366012,1.5,0.0,0.0,0.0,0.0,-0.0032895365729928017,0.75,-7.299704528449143e-16,0.0,0.0,0.0
1788436438.1462083,1.5,0.0,0.0,0.0,0.0,-0.003742273896932602,0.75,-7.299704528449143e-16,0.0,0.0,0.0
1788436438.1561697,1.5,0.0,0.0,0.0,0.0,-0.003689010627567768,0.75,-7.299704528449143e-16,0.0,0.0,0.0
1788436438.1662967,1.5,0.0,0.0,0.0,0.0,-0.002597114769741893,0.75,-7.299704528449143e-16,0.0,0.0,0.0
1788436438.1761978,1.5,0.0,0.0,0.0,0.0,-0.0015584818320348859,0.75,-7.299704528449143e-16,0.0,0.0,0.0
1788436438.1863332,1.5,0.0,0.0,0.0,0.0,-0.0015584818320348859,0.75,-7.299704528449143e-16,0.0,0.0,0.0
1788436438.1972969,1.5,0.0,0.0,0.0,0.0,-0.0070978570729494095,0.75,-7.299704528449143e-16,0.0,0.0,0.0
1788436438.2064075,1.5,0.0,0.0,0.0,0.0,-0.008402805775403976,0.75,-7.299704528449143e-16,0.0,0.0,0.0
1788436438.2164245,1.5,0.0,0.0,0.0,0.0,-0.008402805775403976,0.75,-7.299704528449143e-16,0.0,0.0,0.0
1788436438.226328,1.5,0.0,0.0,0.0,0.0,-0.002037850907072425,0.75,-7.299704528449143e-16,0.0,0.0,0.0
1788436438.2361944,1.5,0.0,0.0,0.0,0.0,-0.0011590076610445976,0.75,-7.299704528449143e-16,0.0,0.0,0.0
1788436438.2488523,1.5,0.0,0.0,0.0,0.0,-0.0022242721170186996,0.75,-7.299704528449143e-16,0.0,0.0,0.0
1788436438.2593913,1.5,0.0,0.0,0.0,0.0,-0.004061853513121605,0.75,-7.299704528449143e-16,0.0,0.0,0.0
1788436438.2663,1.5,0.0,0.0,0.0,0.0,-0.003555852686986327,0.75,-7.299704528449143e-16,0.0,0.0,0.0
1788436438.276278,1.5,0.0,0.0,0.0,0.0,-0.0024373249616473913,0.75,-7.299704528449143e-16,0.0,0.0,0.0
1788436438.2863014,1.5,0.0,0.0,0.0,0.0,-0.0024373249616473913,0.75,-7.299704528449143e-16,0.0,0.0,0.0
1788436438.296187,1.5,0.0,0.0,0.0,0.0,-0.0029699571896344423,0.75,-7.299704528449143e-16,0.0,0.0,0.0
1788436438.3061895,1.5,0.0,0.0,0.0,0.0,-0.003236273303627968,0.75,-7.299704528449143e-16,0.0,0.0,0.0
1788436438.316614,1.5,0.0,0.0,0.0,0.0,-0.003103115363046527,0.75,-7.299704528449143e-16,0.0,0.0,0.0
1788436438.3273513,1.5,0.0,0.0,0.0,0.0,-0.004274906124919653,0.75,-7.299704528449143e-16,0.0,0.0,0.0
1788436438.3361843,1.5,0.0,0.0,0.0,0.0,-0.004141747951507568,0.75,-7.299704528449143e-16,0.0,0.0,0.0
1788436438.3474076,1.5,0.0,0.0,0.0,0.0,-0.004141747951507568,0.75,-7.299704528449143e-16,0.0,0.0,0.0
1788436438.3576443,1.5,0.0,0.0,0.0,0.0,-0.0032629049383103848,0.75,-7.299704528449143e-16,0.0,0.0,0.0
1788436438.3662016,1.5,0.0,0.0,0.0,0.0,-0.0034226947464048862,0.75,-7.299704528449143e-16,0.0,0.0,0.0
1788436438.3763008,1.5,0.0,0.0,0.0,0.0,-0.0034226947464048862,0.75,-7.299704528449143e-16,0.0,0.0,0.0
1788436438.3867395,1.5,0.0,0.0,0.0,0.0,-0.0032895365729928017,0.75,-7.299704528449143e-16,0.0,0.0,0.0
1788436438.3964372,1.5,0.0,0.0,0.0,0.0,-0.0028101676143705845,0.75,-7.299704528449143e-16,0.0,0.0,0.0
1788436438.4084308,1.5,0.0,0.0,0.0,0.0,-0.0029433255549520254,0.75,-7.299704528449143e-16,0.0,0.0,0.0
1788436438.416278,1.5,0.0,0.0,0.0,0.0,-0.0029433255549520254,0.75,-7.299704528449143e-16,0.0,0.0,0.0
1788436438.426257,1.5,0.0,0.0,0.0,0.0,-0.003049852093681693,0.75,-7.299704528449143e-16,0.0,0.0,0.0
1788436438.437059,1.5,0.0,0.0,0.0,0.0,-0.004514590837061405,0.75,-7.299704528449143e-16,0.0,0.0,0.0
1788436438.446308,1.5,0.0,0.0,0.0,0.0,-0.0033960631117224693,0.75,-7.299704528449143e-16,0.0,0.0,0.0
1788436438.4561877,1.5,0.0,0.0,0.0,0.0,-0.0023574302904307842,0.75,-7.299704528449143e-16,0.0,0.0,0.0
1788436438.4661794,1.5,0.0,0.0,0.0,0.0,-0.002517219865694642,0.75,-7.299704528449143e-16,0.0,0.0,0.0
1788436438.4761786,1.5,0.0,0.0,0.0,0.0,-0.004141747951507568,0.75,-7.299704528449143e-16,0.0,0.0,0.0
1788436438.486189,1.5,0.0,0.0,0.0,0.0,-0.004701011814177036,0.75,-7.299704528449143e-16,0.0,0.0,0.0
1788436438.4963553,1.5,0.0,0.0,0.0,0.0,-0.011785020120441914,0.75,-7.299704528449143e-16,0.0,0.0,0.0
1788436438.507831,1.5,0.0,0.0,0.0,0.0,-0.01079965103417635,0.75,-7.299704528449143e-16,0.0,0.0,0.0
1788436438.5171385,1.5,0.0,0.0,0.0,0.0,-0.009920807555317879,0.75,-7.299704528449143e-16,0.0,0.0,0.0
1788436438.5273595,1.5,0.0,0.0,0.0,0.0,-0.0023574302904307842,0.75,-7.299704528449143e-16,0.0,0.0,0.0
1788436438.5363069,1.5,0.0,0.0,0.0,0.0,-0.0023574302904307842,0.75,-7.299704528449143e-16,0.0,0.0,0.0
1788436438.5472596,1.5,0.0,0.0,0.0,0.0,-0.002517219865694642,0.75,-7.299704528449143e-16,0.0,0.0,0.0
1788436438.5561984,1.5,0.0,0.0,0.0,0.0,-0.0032629049383103848,0.75,-7.299704528449143e-16,0.0,0.0,0.0
1788436438.569491,1.5,0.0,0.0,0.0,0.0,-0.003129746997728944,0.75,-7.299704528449143e-16,0.0,0.0,0.0
1788436438.5775757,1.5,0.0,0.0,0.0,0.0,-0.003129746997728944,0.75,-7.299704528449143e-16,0.0,0.0,0.0
1788436438.5865703,1.5,0.0,0.0,0.0,0.0,-0.0037955371662974358,0.75,-7.299704528449143e-16,0.0,0.0,0.0
1788436438.5962055,1.5,0.0,0.0,0.0,0.0,-0.006938067264854908,0.75,-7.299704528449143e-16,0.0,0.0,0.0
1788436438.6061785,1.5,0.0,0.0,0.0,0.0,-0.005446697119623423,0.75,-7.299704528449143e-16,0.0,0.0,0.0
1788436438.6171696,1.5,0.0,0.0,0.0,0.0,-0.005659749731421471,0.75,-7.299704528449143e-16,0.0,0.0,0.0
1788436438.626194,1.5,0.0,0.0,0.0,0.0,-0.002597114769741893,0.75,-7.299704528449143e-16,0.0,0.0,0.0
1788436438.6375453,1.5,0.0,0.0,0.0,0.0,-0.002597114769741893,0.75,-7.299704528449143e-16,0.0,0.0,0.0
1788436438.6467175,1.5,0.0,0.0,0.0,0.0,-0.003955326974391937,0.75,-7.299704528449143e-16,0.0,0.0,0.0
1788436438.6561832,1.5,0.0,0.0,0.0,0.0,-0.0039020637050271034,0.75,-7.299704528449143e-16,0.0,0.0,0.0
1788436438.6661956,1.5,0.0,0.0,0.0,0.0,-0.00392869533970952,0.75,-7.299704528449143e-16,0.0,0.0,0.0
1788436438.6774921,1.5,0.0,0.0,0.0,0.0,-0.00392869533970952,0.75,-7.299704528449143e-16,0.0,0.0,0.0
1788436438.6862037,1.5,0.0,0.0,0.0,0.0,-0.003742273896932602,0.75,-7.299704528449143e-16,0.0,0.0,0.0
1788436438.696261,1.5,0.0,0.0,0.0,0.0,-0.003742273896932602,0.75,-7.299704528449143e-16,0.0,0.0,0.0
1788436438.706197,1.5,0.0,0.0,0.0,0.0,-9.374327055411413e-05,0.75,-7.299704528449143e-16,0.0,0.0,0.0
1788436438.7161827,1.5,0.0,0.0,0.0,0.0,1.1836271369247697e-05,0.75,-7.299704528449143e-16,0.0,0.0,0.0
1788436438.7294106,1.5,0.0,0.0,0.0,0.0,-0.0015318503137677908,0.75,-7.299704528449143e-16,0.0,0.0,0.0
1788436438.738414,1.5,0.0,0.0,0.0,0.0,-0.0006530071259476244,0.75,-7.299704528449143e-16,0.0,0.0,0.0
1788436438.7461755,1.5,0.0,0.0,0.0,0.0,-0.0011590076610445976,0.75,-7.299704528449143e-16,0.0,0.0,0.0
1788436438.756189,1.5,0.0,0.0,0.0,0.0,-0.0024106933269649744,0.75,-7.299704528449143e-16,0.0,0.0,0.0
1788436438.7684288,1.5,0.0,0.0,0.0,0.0,-0.0034493261482566595,0.75,-7.299704528449143e-16,0.0,0.0,0.0
1788436438.7767875,1.5,0.0,0.0,0.0,0.0,-0.0029699571896344423,0.75,-7.299704528449143e-16,0.0,0.0,0.0
1788436438.7861898,1.5,0.0,0.0,0.0,0.0,-0.003662379225715995,0.75,-7.299704528449143e-16,0.0,0.0,0.0
1788436438.7962844,1.5,0.0,0.0,0.0,0.0,-0.003662379225715995,0.75,-7.299704528449143e-16,0.0,0.0,0.0
1788436438.8071218,1.5,0.0,0.0,0.0,0.0,-0.0002002697146963328,0.75,-7.299704528449143e-16,0.0,0.0,0.0
1788436438.8164933,1.5,0.0,0.0,0.0,0.0,-0.0010258496040478349,0.75,-7.299704528449143e-16,0.0,0.0,0.0
1788436438.8261967,1.5,0.0,0.0,0.0,0.0,-0.004195011220872402,0.75,-7.299704528449143e-16,0.0,0.0,0.0
1788436438.837346,1.5,0.0,0.0,0.0,0.0,-0.004195011220872402,0.75,-7.299704528449143e-16,0.0,0.0,0.0
1788436438.8461745,1.5,0.0,0.0,0.0,0.0,-0.0038754320703446865,0.75,-7.299704528449143e-16,0.0,0.0,0.0
1788436438.85742,1.5,0.0,0.0,0.0,0.0,-0.0038754320703446865,0.75,-7.299704528449143e-16,0.0,0.0,0.0
1788436438.8662014,1.5,0.0,0.0,0.0,0.0,-0.0035292210523039103,0.75,-7.299704528449143e-16,0.0,0.0,0.0
1788436438.8761964,1.5,0.0,0.0,0.0,0.0,-0.0027835359796881676,0.75,-7.299704528449143e-16,0.0,0.0,0.0
1788436438.8861976,1.5,0.0,0.0,0.0,0.0,-0.002650377806276083,0.75,-7.299704528449143e-16,0.0,0.0,0.0
1788436438.8961666,1.5,0.0,0.0,0.0,0.0,-0.0007329019135795534,0.75,-7.299704528449143e-16,0.0,0.0,0.0
1788436438.906184,1.5,0.0,0.0,0.0,0.0,-0.0016650083707645535,0.75,-7.299704528449143e-16,0.0,0.0,0.0
1788436438.9161923,1.5,0.0,0.0,0.0,0.0,-0.002517219865694642,0.75,-7.299704528449143e-16,0.0,0.0,0.0
1788436438.9261885,1.5,0.0,0.0,0.0,0.0,-0.004168379586189985,0.75,-7.299704528449143e-16,0.0,0.0,0.0
1788436438.9376204,1.5,0.0,0.0,0.0,0.0,-0.004168379586189985,0.75,-7.299704528449143e-16,0.0,0.0,0.0
1788436438.9461968,1.5,0.0,0.0,0.0,0.0,-0.0032895365729928017,0.75,-7.299704528449143e-16,0.0,0.0,0.0
1788436438.9565248,1.5,0.0,0.0,0.0,0.0,-0.0032895365729928017,0.75,-7.299704528449143e-16,0.0,0.0,0.0
1788436438.966203,1.5,0.0,0.0,0.0,0.0,-0.0040884846821427345,0.75,-7.299704528449143e-16,0.0,0.0,0.0
1788436438.9766479,1.5,0.0,0.0,0.0,0.0,-0.003981958609074354,0.75,-7.299704528449143e-16,0.0,0.0,0.0
1788436438.989396,1.5,0.0,0.0,0.0,0.0,-0.003981958609074354,0.75,-7.299704528449143e-16,0.0,0.0,0.0
1788436438.9961843,1.5,0.0,0.0,0.0,0.0,-0.00683154072612524,0.75,-7.299704528449143e-16,0.0,0.0,0.0
1788436439.0064502,1.5,0.0,0.0,0.0,0.0,-0.006991330534219742,0.75,-7.299704528449143e-16,0.0,0.0,0.0
1788436439.0164096,1.5,0.0,0.0,0.0,0.0,-0.006991330534219742,0.75,-7.299704528449143e-16,0.0,0.0,0.0
1788436439.0284865,1.5,0.0,0.0,0.0,0.0,-0.0038488004356622696,0.75,-7.299704528449143e-16,0.0,0.0,0.0
1788436439.036198,1.5,0.0,0.0,0.0,0.0,-0.004195011220872402,0.75,-7.299704528449143e-16,0.0,0.0,0.0
1788436439.0462596,1.5,0.0,0.0,0.0,0.0,-0.004195011220872402,0.75,-7.299704528449143e-16,0.0,0.0,0.0
1788436439.061485,1.5,0.0,0.0,0.0,0.0,-0.003129746997728944,0.75,-7.299704528449143e-16,0.0,0.0,0.0
1788436439.0663033,1.5,0.0,0.0,0.0,0.0,-0.003768905531615019,0.75,-7.299704528449143e-16,0.0,0.0,0.0
1788436439.076317,1.5,0.0,0.0,0.0,0.0,-0.003768905531615019,0.75,-7.299704528449143e-16,0.0,0.0,0.0
1788436439.086351,1.5,0.0,0.0,0.0,0.0,-0.003103115363046527,0.75,-7.299704528449143e-16,0.0,0.0,0.0
1788436439.0964801,1.5,0.0,0.0,0.0,0.0,-0.0026770094409585,0.75,-7.299704528449143e-16,0.0,0.0,0.0
1788436439.108489,1.5,0.0,0.0,0.0,0.0,-0.002543851500377059,0.75,-7.299704528449143e-16,0.0,0.0,0.0
1788436439.1165824,1.5,0.0,0.0,0.0,0.0,-0.002543851500377059,0.75,-7.299704528449143e-16,0.0,0.0,0.0
1788436439.1271985,1.5,0.0,0.0,0.0,0.0,-0.0024639565963298082,0.75,-7.299704528449143e-16,0.0,0.0,0.0
1788436439.1361787,1.5,0.0,0.0,0.0,0.0,-0.0022242721170186996,0.75,-7.299704528449143e-16,0.0,0.0,0.0
1788436439.1484728,1.5,0.0,0.0,0.0,0.0,-0.0033960631117224693,0.75,-7.299704528449143e-16,0.0,0.0,0.0
1788436439.1561942,1.5,0.0,0.0,0.0,0.0,-0.003715642262250185,0.75,-7.299704528449143e-16,0.0,0.0,0.0
1788436439.1691093,1.5,0.0,0.0,0.0,0.0,-0.003768905531615019,0.75,-7.299704528449143e-16,0.0,0.0,0.0
1788436439.1772454,1.5,0.0,0.0,0.0,0.0,-0.003768905531615019,0.75,-7.299704528449143e-16,0.0,0.0,0.0
1788436439.1864648,1.5,0.0,0.0,0.0,0.0,-0.003049852093681693,0.75,-7.299704528449143e-16,0.0,0.0,0.0
1788436439.1961906,1.5,0.0,0.0,0.0,0.0,-0.00041332258842885494,0.75,-7.299704528449143e-16,0.0,0.0,0.0
1788436439.2062118,1.5,0.0,0.0,0.0,0.0,0.00033240194898098707,0.75,-7.299704528449143e-16,0.0,0.0,0.0
1788436439.216513,1.5,0.0,0.0,0.0,0.0,-0.0004665858286898583,0.75,-7.299704528449143e-16,0.0,0.0,0.0
1788436439.2261891,1.5,0.0,0.0,0.0,0.0,-0.0026770094409585,0.75,-7.299704528449143e-16,0.0,0.0,0.0
1788436439.2362466,1.5,0.0,0.0,0.0,0.0,-0.0033161682076752186,0.75,-7.299704528449143e-16,0.0,0.0,0.0
1788436439.2476456,1.5,0.0,0.0,0.0,0.0,-0.0033161682076752186,0.75,-7.299704528449143e-16,0.0,0.0,0.0
1788436439.2585757,1.5,0.0,0.0,0.0,0.0,-0.0032629049383103848,0.75,-7.299704528449143e-16,0.0,0.0,0.0
1788436439.2662833,1.5,0.0,0.0,0.0,0.0,-0.0038221688009798527,0.75,-7.299704528449143e-16,0.0,0.0,0.0
1788436439.2764034,1.5,0.0,0.0,0.0,0.0,-0.0038221688009798527,0.75,-7.299704528449143e-16,0.0,0.0,0.0
1788436439.286503,1.5,0.0,0.0,0.0,0.0,-0.0034226947464048862,0.75,-7.299704528449143e-16,0.0,0.0,0.0
1788436439.298372,1.5,0.0,0.0,0.0,0.0,-0.003609115956351161,0.75,-7.299704528449143e-16,0.0,0.0,0.0
1788436439.3062737,1.5,0.0,0.0,0.0,0.0,-0.00475427508354187,0.75,-7.299704528449143e-16,0.0,0.0,0.0
1788436439.316377,1.5,0.0,0.0,0.0,0.0,-0.00475427508354187,0.75,-7.299704528449143e-16,0.0,0.0,0.0
1788436439.3261805,1.5,0.0,0.0,0.0,0.0,-0.004008590243756771,0.75,-7.299704528449143e-16,0.0,0.0,0.0
1788436439.3361745,1.5,0.0,0.0,0.0,0.0,-0.0029965888243168592,0.75,-7.299704528449143e-16,0.0,0.0,0.0
1788436439.3474574,1.5,0.0,0.0,0.0,0.0,-0.0029965888243168592,0.75,-7.299704528449143e-16,0.0,0.0,0.0
1788436439.3564174,1.5,0.0,0.0,0.0,0.0,-0.0044080642983317375,0.75,-7.299704528449143e-16,0.0,0.0,0.0
1788436439.366286,1.5,0.0,0.0,0.0,0.0,-0.004674380179494619,0.75,-7.299704528449143e-16,0.0,0.0,0.0
1788436439.3777046,1.5,0.0,0.0,0.0,0.0,-0.0040884846821427345,0.75,-7.299704528449143e-16,0.0,0.0,0.0
1788436439.3865168,1.5,0.0,0.0,0.0,0.0,-0.0040884846821427345,0.75,-7.299704528449143e-16,0.0,0.0,0.0
1788436439.3962452,1.5,0.0,0.0,0.0,0.0,-0.003129746997728944,0.75,-7.299704528449143e-16,0.0,0.0,0.0
1788436439.4062238,1.5,0.0,0.0,0.0,0.0,-0.0029433255549520254,0.75,-7.299704528449143e-16,0.0,0.0,0.0
1788436439.4161937,1.5,0.0,0.0,0.0,0.0,-0.0022509037517011166,0.75,-7.299704528449143e-16,0.0,0.0,0.0
1788436439.4263628,1.5,0.0,0.0,0.0,0.0,-0.006804909091442823,0.75,-7.299704528449143e-16,0.0,0.0,0.0
1788436439.4361818,1.5,0.0,0.0,0.0,0.0,-0.007710384204983711,0.75,-7.299704528449143e-16,0.0,0.0,0.0
1788436439.4461942,1.5,0.0,0.0,0.0,0.0,-0.008535963483154774,0.75,-7.299704528449143e-16,0.0,0.0,0.0
1788436439.4564397,1.5,0.0,0.0,0.0,0.0,-0.001478587044402957,0.75,-7.299704528449143e-16,0.0,0.0,0.0
1788436439.4674518,1.5,0.0,0.0,0.0,0.0,-0.001478587044402957,0.75,-7.299704528449143e-16,0.0,0.0,0.0
1788436439.4762847,1.5,0.0,0.0,0.0,0.0,-0.0012122709304094315,0.75,-7.299704528449143e-16,0.0,0.0,0.0
1788436439.4862912,1.5,0.0,0.0,0.0,0.0,-0.0040884846821427345,0.75,-7.299704528449143e-16,0.0,0.0,0.0
1788436439.4966092,1.5,0.0,0.0,0.0,0.0,-0.0029166939202696085,0.75,-7.299704528449143e-16,0.0,0.0,0.0
1788436439.5062196,1.5,0.0,0.0,0.0,0.0,-0.002144377212971449,0.75,-7.299704528449143e-16,0.0,0.0,0.0
1788436439.5163367,1.5,0.0,0.0,0.0,0.0,-0.0018247979460284114,0.75,-7.299704528449143e-16,0.0,0.0,0.0
1788436439.5284963,1.5,0.0,0.0,0.0,0.0,-0.0009992180857807398,0.75,-7.299704528449143e-16,0.0,0.0,0.0
1788436439.5362723,1.5,0.0,0.0,0.0,0.0,-0.00014700648898724467,0.75,-7.299704528449143e-16,0.0,0.0,0.0
1788436439.5462132,1.5,0.0,0.0,0.0,0.0,-0.0003067961661145091,0.75,-7.299704528449143e-16,0.0,0.0,0.0
1788436439.5561988,1.5,0.0,0.0,0.0,0.0,-0.0022242721170186996,0.75,-7.299704528449143e-16,0.0,0.0,0.0
1788436439.566527,1.5,0.0,0.0,0.0,0.0,-0.0034759577829390764,0.75,-7.299704528449143e-16,0.0,0.0,0.0
1788436439.5764623,1.5,0.0,0.0,0.0,0.0,-0.0034759577829390764,0.75,-7.299704528449143e-16,0.0,0.0,0.0
1788436439.5861845,1.5,0.0,0.0,0.0,0.0,-0.003049852093681693,0.75,-7.299704528449143e-16,0.0,0.0,0.0
1788436439.5984998,1.5,0.0,0.0,0.0,0.0,-0.003049852093681693,0.75,-7.299704528449143e-16,0.0,0.0,0.0
1788436439.6061819,1.5,0.0,0.0,0.0,0.0,-0.004035221878439188,0.75,-7.299704528449143e-16,0.0,0.0,0.0
1788436439.6163855,1.5,0.0,0.0,0.0,0.0,-0.004487959202378988,0.75,-7.299704528449143e-16,0.0,0.0,0.0
1788436439.6263921,1.5,0.0,0.0,0.0,0.0,-0.004487959202378988,0.75,-7.299704528449143e-16,0.0,0.0,0.0
1788436439.6361814,1.5,0.0,0.0,0.0,0.0,-0.0015851134667173028,0.75,-7.299704528449143e-16,0.0,0.0,0.0
1788436439.64621,1.5,0.0,0.0,0.0,0.0,-0.0013454289874061942,0.75,-7.299704528449143e-16,0.0,0.0,0.0
1788436439.6562164,1.5,0.0,0.0,0.0,0.0,-0.003555852686986327,0.75,-7.299704528449143e-16,0.0,0.0,0.0
1788436439.667778,1.5,0.0,0.0,0.0,0.0,-0.003981958609074354,0.75,-7.299704528449143e-16,0.0,0.0,0.0
1788436439.6761997,1.5,0.0,0.0,0.0,0.0,-0.004195011220872402,0.75,-7.299704528449143e-16,0.0,0.0,0.0
1788436439.6894262,1.5,0.0,0.0,0.0,0.0,-0.004328169394284487,0.75,-7.299704528449143e-16,0.0,0.0,0.0
1788436439.6961887,1.5,0.0,0.0,0.0,0.0,-0.004195011220872402,0.75,-7.299704528449143e-16,0.0,0.0,0.0
1788436439.7063334,1.5,0.0,0.0,0.0,0.0,-0.004168379586189985,0.75,-7.299704528449143e-16,0.0,0.0,0.0
1788436439.7161949,1.5,0.0,0.0,0.0,0.0,-0.0034493261482566595,0.75,-7.299704528449143e-16,0.0,0.0,0.0
1788436439.726609,1.5,0.0,0.0,0.0,0.0,-0.0033694314770400524,0.75,-7.299704528449143e-16,0.0,0.0,0.0
1788436439.7372942,1.5,0.0,0.0,0.0,0.0,-0.0039020637050271034,0.75,-7.299704528449143e-16,0.0,0.0,0.0
1788436439.7464833,1.5,0.0,0.0,0.0,0.0,-0.004168379586189985,0.75,-7.299704528449143e-16,0.0,0.0,0.0
1788436439.7565002,1.5,0.0,0.0,0.0,0.0,-0.004168379586189985,0.75,-7.299704528449143e-16,0.0,0.0,0.0
1788436439.7665045,1.5,0.0,0.0,0.0,0.0,-0.0038754320703446865,0.75,-7.299704528449143e-16,0.0,0.0,0.0
1788436439.7762046,1.5,0.0,0.0,0.0,0.0,-0.0031563786324113607,0.75,-7.299704528449143e-16,0.0,0.0,0.0
1788436439.7861974,1.5,0.0,0.0,0.0,0.0,-0.0037955371662974358,0.75,-7.299704528449143e-16,0.0,0.0,0.0
1788436439.7964656,1.5,0.0,0.0,0.0,0.0,-0.0038754320703446865,0.75,-7.299704528449143e-16,0.0,0.0,0.0
1788436439.8063605,1.5,0.0,0.0,0.0,0.0,-0.003236273303627968,0.75,-7.299704528449143e-16,0.0,0.0,0.0
1788436439.8161917,1.5,0.0,0.0,0.0,0.0,-0.0027569043450057507,0.75,-7.299704528449143e-16,0.0,0.0,0.0
1788436439.8274174,1.5,0.0,0.0,0.0,0.0,-0.0035292210523039103,0.75,-7.299704528449143e-16,0.0,0.0,0.0
1788436439.8362308,1.5,0.0,0.0,0.0,0.0,-0.005047223065048456,0.75,-7.299704528449143e-16,0.0,0.0,0.0
1788436439.8462436,1.5,0.0,0.0,0.0,0.0,-0.004834169987589121,0.75,-7.299704528449143e-16,0.0,0.0,0.0
1788436439.8562264,1.5,0.0,0.0,0.0,0.0,-0.00430153775960207,0.75,-7.299704528449143e-16,0.0,0.0,0.0
1788436439.8662043,1.5,0.0,0.0,0.0,0.0,-0.0032629049383103848,0.75,-7.299704528449143e-16,0.0,0.0,0.0
1788436439.8773584,1.5,0.0,0.0,0.0,0.0,-0.0029166939202696085,0.75,-7.299704528449143e-16,0.0,0.0,0.0
1788436439.8874292,1.5,0.0,0.0,0.0,0.0,-0.002490588231012225,0.75,-7.299704528449143e-16,0.0,0.0,0.0
1788436439.896279,1.5,0.0,0.0,0.0,0.0,-0.0022242721170186996,0.75,-7.299704528449143e-16,0.0,0.0,0.0
1788436439.9089296,1.5,0.0,0.0,0.0,0.0,-0.0034759577829390764,0.75,-7.299704528449143e-16,0.0,0.0,0.0
1788436439.916378,1.5,0.0,0.0,0.0,0.0,-0.0034759577829390764,0.75,-7.299704528449143e-16,0.0,0.0,0.0
1788436439.9262066,1.5,0.0,0.0,0.0,0.0,-0.0012655341997742653,0.75,-7.299704528449143e-16,0.0,0.0,0.0
1788436439.9362688,1.5,0.0,0.0,0.0,0.0,-0.0012655341997742653,0.75,-7.299704528449143e-16,0.0,0.0,0.0
1788436439.9462087,1.5,0.0,0.0,0.0,0.0,-0.0010524812387302518,0.75,-7.299704528449143e-16,0.0,0.0,0.0
1788436439.956273,1.5,0.0,0.0,0.0,0.0,-0.0010524812387302518,0.75,-7.299704528449143e-16,0.0,0.0,0.0
1788436439.9662132,1.5,0.0,0.0,0.0,0.0,-0.0041151163168251514,0.75,-7.299704528449143e-16,0.0,0.0,0.0
1788436439.9767797,1.5,0.0,0.0,0.0,0.0,-0.0041151163168251514,0.75,-7.299704528449143e-16,0.0,0.0,0.0
1788436439.9862754,1.5,0.0,0.0,0.0,0.0,-0.0041151163168251514,0.75,-7.299704528449143e-16,0.0,0.0,0.0
1788436439.9962199,1.5,0.0,0.0,0.0,0.0,-0.003635747591033578,0.75,-7.299704528449143e-16,0.0,0.0,0.0
1788436440.0065515,1.5,0.0,0.0,0.0,0.0,-0.0033427998423576355,0.75,-7.299704528449143e-16,0.0,0.0,0.0
1788436440.0165868,1.5,0.0,0.0,0.0,0.0,-0.0033427998423576355,0.75,-7.299704528449143e-16,0.0,0.0,0.0
1788436440.0262306,1.5,0.0,0.0,0.0,0.0,-0.001957956003025174,0.75,-7.299704528449143e-16,0.0,0.0,0.0
1788436440.0363793,1.5,0.0,0.0,0.0,0.0,-0.001957956003025174,0.75,-7.299704528449143e-16,0.0,0.0,0.0
1788436440.0475688,1.5,0.0,0.0,0.0,0.0,-0.002011219272390008,0.75,-7.299704528449143e-16,0.0,0.0,0.0
1788436440.0562894,1.5,0.0,0.0,0.0,0.0,-0.004195011220872402,0.75,-7.299704528449143e-16,0.0,0.0,0.0
1788436440.0662892,1.5,0.0,0.0,0.0,0.0,-0.00475427508354187,0.75,-7.299704528449143e-16,0.0,0.0,0.0
1788436440.0762084,1.5,0.0,0.0,0.0,0.0,-0.004168379586189985,0.75,-7.299704528449143e-16,0.0,0.0,0.0
1788436440.0874567,1.5,0.0,0.0,0.0,0.0,-0.004168379586189985,0.75,-7.299704528449143e-16,0.0,0.0,0.0
1788436440.096331,1.5,0.0,0.0,0.0,0.0,-0.00392869533970952,0.75,-7.299704528449143e-16,0.0,0.0,0.0
1788436440.1061728,1.5,0.0,0.0,0.0,0.0,-0.00392869533970952,0.75,-7.299704528449143e-16,0.0,0.0,0.0
1788436440.116211,1.5,0.0,0.0,0.0,0.0,-0.0038754320703446865,0.75,-7.299704528449143e-16,0.0,0.0,0.0
1788436440.1263335,1.5,0.0,0.0,0.0,0.0,-0.0038754320703446865,0.75,-7.299704528449143e-16,0.0,0.0,0.0
1788436440.136331,1.5,0.0,0.0,0.0,0.0,-0.0028367992490530014,0.75,-7.299704528449143e-16,0.0,0.0,0.0
1788436440.146488,1.5,0.0,0.0,0.0,0.0,-0.0028367992490530014,0.75,-7.299704528449143e-16,0.0,0.0,0.0
1788436440.1561651,1.5,0.0,0.0,0.0,0.0,-0.002650377806276083,0.75,-7.299704528449143e-16,0.0,0.0,0.0
1788436440.168576,1.5,0.0,0.0,0.0,0.0,-0.002650377806276083,0.75,-7.299704528449143e-16,0.0,0.0,0.0
1788436440.1761792,1.5,0.0,0.0,0.0,0.0,-0.0028900625184178352,0.75,-7.299704528449143e-16,0.0,0.0,0.0
1788436440.1861966,1.5,0.0,0.0,0.0,0.0,-0.003183010034263134,0.75,-7.299704528449143e-16,0.0,0.0,0.0
1788436440.1974719,1.5,0.0,0.0,0.0,0.0,-0.003183010034263134,0.75,-7.299704528449143e-16,0.0,0.0,0.0
1788436440.206368,1.5,0.0,0.0,0.0,0.0,-0.003689010627567768,0.75,-7.299704528449143e-16,0.0,0.0,0.0
1788436440.2162187,1.5,0.0,0.0,0.0,0.0,-0.0032629049383103848,0.75,-7.299704528449143e-16,0.0,0.0,0.0
1788436440.226179,1.5,0.0,0.0,0.0,0.0,-0.0033427998423576355,0.75,-7.299704528449143e-16,0.0,0.0,0.0
1788436440.2362251,1.5,0.0,0.0,0.0,0.0,-0.003768905531615019,0.75,-7.299704528449143e-16,0.0,0.0,0.0
1788436440.2461963,1.5,0.0,0.0,0.0,0.0,-0.004594485741108656,0.75,-7.299704528449143e-16,0.0,0.0,0.0
1788436440.256193,1.5,0.0,0.0,0.0,0.0,-0.004541222471743822,0.75,-7.299704528449143e-16,0.0,0.0,0.0
1788436440.266933,1.5,0.0,0.0,0.0,0.0,-0.003689010627567768,0.75,-7.299704528449143e-16,0.0,0.0,0.0
1788436440.2763784,1.5,0.0,0.0,0.0,0.0,-0.003689010627567768,0.75,-7.299704528449143e-16,0.0,0.0,0.0
1788436440.2861733,1.5,0.0,0.0,0.0,0.0,-0.002064482541754842,0.75,-7.299704528449143e-16,0.0,0.0,0.0
1788436440.2961762,1.5,0.0,0.0,0.0,0.0,-0.0028101676143705845,0.75,-7.299704528449143e-16,0.0,0.0,0.0
1788436440.3062208,1.5,0.0,0.0,0.0,0.0,-0.0028101676143705845,0.75,-7.299704528449143e-16,0.0,0.0,0.0
1788436440.3162413,1.5,0.0,0.0,0.0,0.0,-0.0033427998423576355,0.75,-7.299704528449143e-16,0.0,0.0,0.0
1788436440.3262532,1.5,0.0,0.0,0.0,0.0,-0.004594485741108656,0.75,-7.299704528449143e-16,0.0,0.0,0.0
1788436440.3375685,1.5,0.0,0.0,0.0,0.0,-0.004594485741108656,0.75,-7.299704528449143e-16,0.0,0.0,0.0
1788436440.3462055,1.5,0.0,0.0,0.0,0.0,-0.004035221878439188,0.75,-7.299704528449143e-16,0.0,0.0,0.0
1788436440.356207,1.5,0.0,0.0,0.0,0.0,-0.0028101676143705845,0.75,-7.299704528449143e-16,0.0,0.0,0.0
1788436440.3662274,1.5,0.0,0.0,0.0,0.0,-0.0028101676143705845,0.75,-7.299704528449143e-16,0.0,0.0,0.0
1788436440.376534,1.5,0.0,0.0,0.0,0.0,-0.003049852093681693,0.75,-7.299704528449143e-16,0.0,0.0,0.0
1788436440.3862143,1.5,0.0,0.0,0.0,0.0,-0.00145195540972054,0.75,-7.299704528449143e-16,0.0,0.0,0.0
1788436440.3967788,1.5,0.0,0.0,0.0,0.0,-0.0018247979460284114,0.75,-7.299704528449143e-16,0.0,0.0,0.0
1788436440.4062936,1.5,0.0,0.0,0.0,0.0,-0.0018247979460284114,0.75,-7.299704528449143e-16,0.0,0.0,0.0
1788436440.4163737,1.5,0.0,0.0,0.0,0.0,-0.00392869533970952,0.75,-7.299704528449143e-16,0.0,0.0,0.0
1788436440.4262173,1.5,0.0,0.0,0.0,0.0,-0.004381432663649321,0.75,-7.299704528449143e-16,0.0,0.0,0.0
1788436440.4363465,1.5,0.0,0.0,0.0,0.0,-0.0039020637050271034,0.75,-7.299704528449143e-16,0.0,0.0,0.0
1788436440.4462445,1.5,0.0,0.0,0.0,0.0,-0.003555852686986327,0.75,-7.299704528449143e-16,0.0,0.0,0.0
1788436440.4562037,1.5,0.0,0.0,0.0,0.0,-0.003129746997728944,0.75,-7.299704528449143e-16,0.0,0.0,0.0
1788436440.4662592,1.5,0.0,0.0,0.0,0.0,-0.0035025894176214933,0.75,-7.299704528449143e-16,0.0,0.0,0.0
1788436440.4762924,1.5,0.0,0.0,0.0,0.0,-0.0035025894176214933,0.75,-7.299704528449143e-16,0.0,0.0,0.0
1788436440.4884582,1.5,0.0,0.0,0.0,0.0,-0.004061853513121605,0.75,-7.299704528449143e-16,0.0,0.0,0.0
1788436440.496467,1.5,0.0,0.0,0.0,0.0,-0.004061853513121605,0.75,-7.299704528449143e-16,0.0,0.0,0.0
1788436440.5075428,1.5,0.0,0.0,0.0,0.0,-0.003742273896932602,0.75,-7.299704528449143e-16,0.0,0.0,0.0
1788436440.5163398,1.5,0.0,0.0,0.0,0.0,-0.002650377806276083,0.75,-7.299704528449143e-16,0.0,0.0,0.0
1788436440.5261776,1.5,0.0,0.0,0.0,0.0,-0.004168379586189985,0.75,-7.299704528449143e-16,0.0,0.0,0.0
1788436440.536321,1.5,0.0,0.0,0.0,0.0,-0.004168379586189985,0.75,-7.299704528449143e-16,0.0,0.0,0.0
1788436440.5461664,1.5,0.0,0.0,0.0,0.0,-0.004887433256953955,0.75,-7.299704528449143e-16,0.0,0.0,0.0
1788436440.5570126,1.5,0.0,0.0,0.0,0.0,-0.004887433256953955,0.75,-7.299704528449143e-16,0.0,0.0,0.0
1788436440.5663898,1.5,0.0,0.0,0.0,0.0,-0.005260275676846504,0.75,-7.299704528449143e-16,0.0,0.0,0.0
1788436440.5766735,1.5,0.0,0.0,0.0,0.0,-0.0035292210523039103,0.75,-7.299704528449143e-16,0.0,0.0,0.0
1788436440.5861835,1.5,0.0,0.0,0.0,0.0,-0.003689010627567768,0.75,-7.299704528449143e-16,0.0,0.0,0.0
1788436440.5962298,1.5,0.0,0.0,0.0,0.0,-0.002037850907072425,0.75,-7.299704528449143e-16,0.0,0.0,0.0
1788436440.6062627,1.5,0.0,0.0,0.0,0.0,-0.002490588231012225,0.75,-7.299704528449143e-16,0.0,0.0,0.0
1788436440.61629,1.5,0.0,0.0,0.0,0.0,-0.0028634308837354183,0.75,-7.299704528449143e-16,0.0,0.0,0.0
1788436440.6273887,1.5,0.0,0.0,0.0,0.0,-0.0028634308837354183,0.75,-7.299704528449143e-16,0.0,0.0,0.0
1788436440.636379,1.5,0.0,0.0,0.0,0.0,-0.003023220458999276,0.75,-7.299704528449143e-16,0.0,0.0,0.0
1788436440.646757,1.5,0.0,0.0,0.0,0.0,-0.0037955371662974358,0.75,-7.299704528449143e-16,0.0,0.0,0.0
1788436440.656183,1.5,0.0,0.0,0.0,0.0,-0.003955326974391937,0.75,-7.299704528449143e-16,0.0,0.0,0.0
1788436440.6662335,1.5,0.0,0.0,0.0,0.0,-0.004274906124919653,0.75,-7.299704528449143e-16,0.0,0.0,0.0
1788436440.6773787,1.5,0.0,0.0,0.0,0.0,-0.0040884846821427345,0.75,-7.299704528449143e-16,0.0,0.0,0.0
1788436440.686175,1.5,0.0,0.0,0.0,0.0,-0.0033960631117224693,0.75,-7.299704528449143e-16,0.0,0.0,0.0
1788436440.6961577,1.5,0.0,0.0,0.0,0.0,-0.0033694314770400524,0.75,-7.299704528449143e-16,0.0,0.0,0.0
1788436440.7063904,1.5,0.0,0.0,0.0,0.0,-0.0033694314770400524,0.75,-7.299704528449143e-16,0.0,0.0,0.0
1788436440.716185,1.5,0.0,0.0,0.0,0.0,-0.003662379225715995,0.75,-7.299704528449143e-16,0.0,0.0,0.0
1788436440.7264643,1.5,0.0,0.0,0.0,0.0,-0.003662379225715995,0.75,-7.299704528449143e-16,0.0,0.0,0.0
1788436440.7361784,1.5,0.0,0.0,0.0,0.0,-0.003715642262250185,0.75,-7.299704528449143e-16,0.0,0.0,0.0
1788436440.7461877,1.5,0.0,0.0,0.0,0.0,-0.00430153775960207,0.75,-7.299704528449143e-16,0.0,0.0,0.0
1788436440.7563422,1.5,0.0,0.0,0.0,0.0,-0.00430153775960207,0.75,-7.299704528449143e-16,0.0,0.0,0.0
1788436440.767149,1.5,0.0,0.0,0.0,0.0,-0.006591856479644775,0.75,-7.299704528449143e-16,0.0,0.0,0.0
1788436440.7761986,1.5,0.0,0.0,0.0,0.0,-0.005633118562400341,0.75,-7.299704528449143e-16,0.0,0.0,0.0
1788436440.7862034,1.5,0.0,0.0,0.0,0.0,-0.005633118562400341,0.75,-7.299704528449143e-16,0.0,0.0,0.0
1788436440.796184,1.5,0.0,0.0,0.0,0.0,-0.003662379225715995,0.75,-7.299704528449143e-16,0.0,0.0,0.0
1788436440.8074744,1.5,0.0,0.0,0.0,0.0,-0.003662379225715995,0.75,-7.299704528449143e-16,0.0,0.0,0.0
1788436440.8161955,1.5,0.0,0.0,0.0,0.0,-0.003955326974391937,0.75,-7.299704528449143e-16,0.0,0.0,0.0
1788436440.8273666,1.5,0.0,0.0,0.0,0.0,-0.003955326974391937,0.75,-7.299704528449143e-16,0.0,0.0,0.0
1788436440.8361683,1.5,0.0,0.0,0.0,0.0,-0.0035025894176214933,0.75,-7.299704528449143e-16,0.0,0.0,0.0
1788436440.8461745,1.5,0.0,0.0,0.0,0.0,-0.003183010034263134,0.75,-7.299704528449143e-16,0.0,0.0,0.0
1788436440.8563333,1.5,0.0,0.0,0.0,0.0,-0.003183010034263134,0.75,-7.299704528449143e-16,0.0,0.0,0.0
1788436440.8663926,1.5,0.0,0.0,0.0,0.0,-0.00962786003947258,0.75,-7.299704528449143e-16,0.0,0.0,0.0
1788436440.8761747,1.5,0.0,0.0,0.0,0.0,-0.00965449120849371,0.75,-7.299704528449143e-16,0.0,0.0,0.0
1788436440.886242,1.5,0.0,0.0,0.0,0.0,-0.003635747591033578,0.75,-7.299704528449143e-16,0.0,0.0,0.0
1788436440.8977215,1.5,0.0,0.0,0.0,0.0,-0.004461327567696571,0.75,-7.299704528449143e-16,0.0,0.0,0.0
1788436440.9063432,1.5,0.0,0.0,0.0,0.0,-0.0039020637050271034,0.75,-7.299704528449143e-16,0.0,0.0,0.0
1788436440.9171736,1.5,0.0,0.0,0.0,0.0,-0.0039020637050271034,0.75,-7.299704528449143e-16,0.0,0.0,0.0
1788436440.9286273,1.5,0.0,0.0,0.0,0.0,-0.003715642262250185,0.75,-7.299704528449143e-16,0.0,0.0,0.0
1788436440.936862,1.5,0.0,0.0,0.0,0.0,-0.0039020637050271034,0.75,-7.299704528449143e-16,0.0,0.0,0.0
1788436440.9463825,1.5,0.0,0.0,0.0,0.0,-0.0033694314770400524,0.75,-7.299704528449143e-16,0.0,0.0,0.0
1788436440.9562027,1.5,0.0,0.0,0.0,0.0,-0.0001203748834086582,0.75,-7.299704528449143e-16,0.0,0.0,0.0
1788436440.968376,1.5,0.0,0.0,0.0,0.0,-0.00017363810911774635,0.75,-7.299704528449143e-16,0.0,0.0,0.0
1788436440.976167,1.5,0.0,0.0,0.0,0.0,-0.000945954816415906,0.75,-7.299704528449143e-16,0.0,0.0,0.0
1788436440.9872324,1.5,0.0,0.0,0.0,0.0,-0.000945954816415906,0.75,-7.299704528449143e-16,0.0,0.0,0.0
1788436440.9985118,1.5,0.0,0.0,0.0,0.0,-0.004248274490237236,0.75,-7.299704528449143e-16,0.0,0.0,0.0
1788436441.0061984,1.5,0.0,0.0,0.0,0.0,-0.003955326974391937,0.75,-7.299704528449143e-16,0.0,0.0,0.0
1788436441.0162907,1.5,0.0,0.0,0.0,0.0,-0.003955326974391937,0.75,-7.299704528449143e-16,0.0,0.0,0.0
1788436441.026263,1.5,0.0,0.0,0.0,0.0,-0.003129746997728944,0.75,-7.299704528449143e-16,0.0,0.0,0.0
1788436441.0362067,1.5,0.0,0.0,0.0,0.0,-0.002597114769741893,0.75,-7.299704528449143e-16,0.0,0.0,0.0
1788436441.0480251,1.5,0.0,0.0,0.0,0.0,-0.0023840616922825575,0.75,-7.299704528449143e-16,0.0,0.0,0.0
1788436441.0562086,1.5,0.0,0.0,0.0,0.0,-0.004487959202378988,0.75,-7.299704528449143e-16,0.0,0.0,0.0
1788436441.0664,1.5,0.0,0.0,0.0,0.0,-0.00510048633441329,0.75,-7.299704528449143e-16,0.0,0.0,0.0
1788436441.076303,1.5,0.0,0.0,0.0,0.0,-0.005766276270151138,0.75,-7.299704528449143e-16,0.0,0.0,0.0
1788436441.086199,1.5,0.0,0.0,0.0,0.0,-0.003689010627567768,0.75,-7.299704528449143e-16,0.0,0.0,0.0
1788436441.0962143,1.5,0.0,0.0,0.0,0.0,-0.0033960631117224693,0.75,-7.299704528449143e-16,0.0,0.0,0.0
1788436441.1062424,1.5,0.0,0.0,0.0,0.0,-0.0026770094409585,0.75,-7.299704528449143e-16,0.0,0.0,0.0
1788436441.1162226,1.5,0.0,0.0,0.0,0.0,-0.0026770094409585,0.75,-7.299704528449143e-16,0.0,0.0,0.0
1788436441.1261756,1.5,0.0,0.0,0.0,0.0,-0.0035292210523039103,0.75,-7.299704528449143e-16,0.0,0.0,0.0
1788436441.1362534,1.5,0.0,0.0,0.0,0.0,-0.003742273896932602,0.75,-7.299704528449143e-16,0.0,0.0,0.0
1788436441.1461768,1.5,0.0,0.0,0.0,0.0,-0.0033960631117224693,0.75,-7.299704528449143e-16,0.0,0.0,0.0
1788436441.1593952,1.5,0.0,0.0,0.0,0.0,-0.00800333172082901,0.75,-7.299704528449143e-16,0.0,0.0,0.0
1788436441.166224,1.5,0.0,0.0,0.0,0.0,-0.00800333172082901,0.75,-7.299704528449143e-16,0.0,0.0,0.0
1788436441.1783984,1.5,0.0,0.0,0.0,0.0,-0.00965449120849371,0.75,-7.299704528449143e-16,0.0,0.0,0.0
1788436441.1863418,1.5,0.0,0.0,0.0,0.0,-0.00965449120849371,0.75,-7.299704528449143e-16,0.0,0.0,0.0
1788436441.1961973,1.5,0.0,0.0,0.0,0.0,-0.0029433255549520254,0.75,-7.299704528449143e-16,0.0,0.0,0.0
1788436441.2061088,1.5,0.0,0.0,0.0,0.0,-0.0027302727103233337,0.75,-7.299704528449143e-16,0.0,0.0,0.0
1788436441.2163172,1.5,0.0,0.0,0.0,0.0,-0.0027302727103233337,0.75,-7.299704528449143e-16,0.0,0.0,0.0
1788436441.2280135,1.5,0.0,0.0,0.0,0.0,-0.0018780612153932452,0.75,-7.299704528449143e-16,0.0,0.0,0.0
1788436441.2374103,1.5,0.0,0.0,0.0,0.0,-0.0018780612153932452,0.75,-7.299704528449143e-16,0.0,0.0,0.0
1788436441.2462282,1.5,0.0,0.0,0.0,0.0,-0.0023840616922825575,0.75,-7.299704528449143e-16,0.0,0.0,0.0
1788436441.2574017,1.5,0.0,0.0,0.0,0.0,-0.0034226947464048862,0.75,-7.299704528449143e-16,0.0,0.0,0.0
1788436441.2663841,1.5,0.0,0.0,0.0,0.0,-0.0022509037517011166,0.75,-7.299704528449143e-16,0.0,0.0,0.0
1788436441.2763186,1.5,0.0,0.0,0.0,0.0,-0.0022509037517011166,0.75,-7.299704528449143e-16,0.0,0.0,0.0
1788436441.2861843,1.5,0.0,0.0,0.0,0.0,-0.0027569043450057507,0.75,-7.299704528449143e-16,0.0,0.0,0.0
1788436441.2961936,1.5,0.0,0.0,0.0,0.0,-0.003023220458999276,0.75,-7.299704528449143e-16,0.0,0.0,0.0
1788436441.3061812,1.5,0.0,0.0,0.0,0.0,-0.0022775353863835335,0.75,-7.299704528449143e-16,0.0,0.0,0.0
1788436441.3172834,1.5,0.0,0.0,0.0,0.0,-0.0024639565963298082,0.75,-7.299704528449143e-16,0.0,0.0,0.0
1788436441.3262126,1.5,0.0,0.0,0.0,0.0,-0.003689010627567768,0.75,-7.299704528449143e-16,0.0,0.0,0.0
1788436441.338222,1.5,0.0,0.0,0.0,0.0,-0.003689010627567768,0.75,-7.299704528449143e-16,0.0,0.0,0.0
1788436441.3474603,1.5,0.0,0.0,0.0,0.0,-0.005260275676846504,0.75,-7.299704528449143e-16,0.0,0.0,0.0
1788436441.357342,1.5,0.0,0.0,0.0,0.0,-0.004887433256953955,0.75,-7.299704528449143e-16,0.0,0.0,0.0
1788436441.3662088,1.5,0.0,0.0,0.0,0.0,-0.005340170580893755,0.75,-7.299704528449143e-16,0.0,0.0,0.0
1788436441.37618,1.5,0.0,0.0,0.0,0.0,-0.0062456452287733555,0.75,-7.299704528449143e-16,0.0,0.0,0.0
1788436441.3863122,1.5,0.0,0.0,0.0,0.0,-0.0033161682076752186,0.75,-7.299704528449143e-16,0.0,0.0,0.0
1788436441.3963141,1.5,0.0,0.0,0.0,0.0,-0.0033161682076752186,0.75,-7.299704528449143e-16,0.0,0.0,0.0
1788436441.4064639,1.5,0.0,0.0,0.0,0.0,-0.004381432663649321,0.75,-7.299704528449143e-16,0.0,0.0,0.0
1788436441.4174302,1.5,0.0,0.0,0.0,0.0,-0.004381432663649321,0.75,-7.299704528449143e-16,0.0,0.0,0.0
1788436441.4264205,1.5,0.0,0.0,0.0,0.0,-0.003635747591033578,0.75,-7.299704528449143e-16,0.0,0.0,0.0
1788436441.436457,1.5,0.0,0.0,0.0,0.0,-0.003635747591033578,0.75,-7.299704528449143e-16,0.0,0.0,0.0
1788436441.446194,1.5,0.0,0.0,0.0,0.0,-0.0027835359796881676,0.75,-7.299704528449143e-16,0.0,0.0,0.0
1788436441.4561903,1.5,0.0,0.0,0.0,0.0,-0.0023307986557483673,0.75,-7.299704528449143e-16,0.0,0.0,0.0
1788436441.4672766,1.5,0.0,0.0,0.0,0.0,-0.0035292210523039103,0.75,-7.299704528449143e-16,0.0,0.0,0.0
1788436441.477809,1.5,0.0,0.0,0.0,0.0,-0.0023574302904307842,0.75,-7.299704528449143e-16,0.0,0.0,0.0
1788436441.4861815,1.5,0.0,0.0,0.0,0.0,-0.003689010627567768,0.75,-7.299704528449143e-16,0.0,0.0,0.0
1788436441.4965208,1.5,0.0,0.0,0.0,0.0,-0.003689010627567768,0.75,-7.299704528449143e-16,0.0,0.0,0.0
1788436441.5061972,1.5,0.0,0.0,0.0,0.0,-0.003049852093681693,0.75,-7.299704528449143e-16,0.0,0.0,0.0
1788436441.5161934,1.5,0.0,0.0,0.0,0.0,-0.002703641075640917,0.75,-7.299704528449143e-16,0.0,0.0,0.0
1788436441.5262365,1.5,0.0,0.0,0.0,0.0,-0.0037955371662974358,0.75,-7.299704528449143e-16,0.0,0.0,0.0
1788436441.53634,1.5,0.0,0.0,0.0,0.0,-0.0037955371662974358,0.75,-7.299704528449143e-16,0.0,0.0,0.0
1788436441.5461726,1.5,0.0,0.0,0.0,0.0,-0.0039020637050271034,0.75,-7.299704528449143e-16,0.0,0.0,0.0
1788436441.556278,1.5,0.0,0.0,0.0,0.0,-0.002171008847653866,0.75,-7.299704528449143e-16,0.0,0.0,0.0
1788436441.5666542,1.5,0.0,0.0,0.0,0.0,-0.0017182715237140656,0.75,-7.299704528449143e-16,0.0,0.0,0.0
1788436441.5773623,1.5,0.0,0.0,0.0,0.0,-0.0021976404823362827,0.75,-7.299704528449143e-16,0.0,0.0,0.0
1788436441.5893738,1.5,0.0,0.0,0.0,0.0,-0.0028367992490530014,0.75,-7.299704528449143e-16,0.0,0.0,0.0
1788436441.596192,1.5,0.0,0.0,0.0,0.0,-0.0028367992490530014,0.75,-7.299704528449143e-16,0.0,0.0,0.0
1788436441.6064243,1.5,0.0,0.0,0.0,0.0,-0.0023574302904307842,0.75,-7.299704528449143e-16,0.0,0.0,0.0
1788436441.6174064,1.5,0.0,0.0,0.0,0.0,-0.0034493261482566595,0.75,-7.299704528449143e-16,0.0,0.0,0.0
1788436441.626293,1.5,0.0,0.0,0.0,0.0,-0.0039020637050271034,0.75,-7.299704528449143e-16,0.0,0.0,0.0
1788436441.636188,1.5,0.0,0.0,0.0,0.0,-0.005020591430366039,0.75,-7.299704528449143e-16,0.0,0.0,0.0
1788436441.646341,1.5,0.0,0.0,0.0,0.0,-0.004487959202378988,0.75,-7.299704528449143e-16,0.0,0.0,0.0
1788436441.6584072,1.5,0.0,0.0,0.0,0.0,-0.004727643448859453,0.75,-7.299704528449143e-16,0.0,0.0,0.0
1788436441.6661997,1.5,0.0,0.0,0.0,0.0,-0.003742273896932602,0.75,-7.299704528449143e-16,0.0,0.0,0.0
1788436441.676182,1.5,0.0,0.0,0.0,0.0,-0.0033161682076752186,0.75,-7.299704528449143e-16,0.0,0.0,0.0
1788436441.6874838,1.5,0.0,0.0,0.0,0.0,-0.0033161682076752186,0.75,-7.299704528449143e-16,0.0,0.0,0.0
1788436441.6961937,1.5,0.0,0.0,0.0,0.0,-0.0018247979460284114,0.75,-7.299704528449143e-16,0.0,0.0,0.0
1788436441.7085023,1.5,0.0,0.0,0.0,0.0,-0.0015851134667173028,0.75,-7.299704528449143e-16,0.0,0.0,0.0
1788436441.7161717,1.5,0.0,0.0,0.0,0.0,-0.0023041670210659504,0.75,-7.299704528449143e-16,0.0,0.0,0.0
1788436441.7263236,1.5,0.0,0.0,0.0,0.0,-0.002543851500377059,0.75,-7.299704528449143e-16,0.0,0.0,0.0
1788436441.7361808,1.5,0.0,0.0,0.0,0.0,-0.003103115363046527,0.75,-7.299704528449143e-16,0.0,0.0,0.0
1788436441.7483664,1.5,0.0,0.0,0.0,0.0,-0.004221642855554819,0.75,-7.299704528449143e-16,0.0,0.0,0.0
1788436441.7561898,1.5,0.0,0.0,0.0,0.0,-0.002570483135059476,0.75,-7.299704528449143e-16,0.0,0.0,0.0
1788436441.7675164,1.5,0.0,0.0,0.0,0.0,-0.002570483135059476,0.75,-7.299704528449143e-16,0.0,0.0,0.0
1788436441.7766945,1.5,0.0,0.0,0.0,0.0,-0.003103115363046527,0.75,-7.299704528449143e-16,0.0,0.0,0.0
1788436441.7883477,1.5,0.0,0.0,0.0,0.0,-0.003662379225715995,0.75,-7.299704528449143e-16,0.0,0.0,0.0
1788436441.796324,1.5,0.0,0.0,0.0,0.0,-0.002703641075640917,0.75,-7.299704528449143e-16,0.0,0.0,0.0
1788436441.807215,1.5,0.0,0.0,0.0,0.0,-0.002703641075640917,0.75,-7.299704528449143e-16,0.0,0.0,0.0
1788436441.8176298,1.5,0.0,0.0,0.0,0.0,-0.004195011220872402,0.75,-7.299704528449143e-16,0.0,0.0,0.0
1788436441.826199,1.5,0.0,0.0,0.0,0.0,-0.0038221688009798527,0.75,-7.299704528449143e-16,0.0,0.0,0.0
1788436441.8364995,1.5,0.0,0.0,0.0,0.0,-0.0021976404823362827,0.75,-7.299704528449143e-16,0.0,0.0,0.0
1788436441.8462949,1.5,0.0,0.0,0.0,0.0,-0.0021976404823362827,0.75,-7.299704528449143e-16,0.0,0.0,0.0
1788436441.8594277,1.5,0.0,0.0,0.0,0.0,-0.00392869533970952,0.75,-7.299704528449143e-16,0.0,0.0,0.0
1788436441.8694057,1.5,0.0,0.0,0.0,0.0,-0.00392869533970952,0.75,-7.299704528449143e-16,0.0,0.0,0.0
1788436441.8761694,1.5,0.0,0.0,0.0,0.0,-0.002597114769741893,0.75,-7.299704528449143e-16,0.0,0.0,0.0
1788436441.8884497,1.5,0.0,0.0,0.0,0.0,-0.002597114769741893,0.75,-7.299704528449143e-16,0.0,0.0,0.0
1788436441.896211,1.5,0.0,0.0,0.0,0.0,-0.006059224251657724,0.75,-7.299704528449143e-16,0.0,0.0,0.0
1788436441.9074101,1.5,0.0,0.0,0.0,0.0,-0.006059224251657724,0.75,-7.299704528449143e-16,0.0,0.0,0.0
1788436441.9161768,1.5,0.0,0.0,0.0,0.0,-0.002650377806276083,0.75,-7.299704528449143e-16,0.0,0.0,0.0
1788436441.9261782,1.5,0.0,0.0,0.0,0.0,-0.0029433255549520254,0.75,-7.299704528449143e-16,0.0,0.0,0.0
1788436441.9361467,1.5,0.0,0.0,0.0,0.0,-0.0023840616922825575,0.75,-7.299704528449143e-16,0.0,0.0,0.0
1788436441.9461887,1.5,0.0,0.0,0.0,0.0,-0.002543851500377059,0.75,-7.299704528449143e-16,0.0,0.0,0.0
1788436441.9563415,1.5,0.0,0.0,0.0,0.0,-0.002543851500377059,0.75,-7.299704528449143e-16,0.0,0.0,0.0
1788436441.967402,1.5,0.0,0.0,0.0,0.0,-0.002597114769741893,0.75,-7.299704528449143e-16,0.0,0.0,0.0
1788436441.9762383,1.5,0.0,0.0,0.0,0.0,-0.002597114769741893,0.75,-7.299704528449143e-16,0.0,0.0,0.0
1788436441.9862022,1.5,0.0,0.0,0.0,0.0,0.0005543320439755917,0.75,-7.299704528449143e-16,0.0,0.0,0.0
1788436441.9963515,1.5,0.0,0.0,0.0,0.0,0.0005543320439755917,0.75,-7.299704528449143e-16,0.0,0.0,0.0
1788436442.008367,1.5,0.0,0.0,0.0,0.0,-6.711165769957006e-05,0.75,-7.299704528449143e-16,0.0,0.0,0.0
1788436442.0175064,1.5,0.0,0.0,0.0,0.0,-6.711165769957006e-05,0.75,-7.299704528449143e-16,0.0,0.0,0.0
1788436442.0261889,1.5,0.0,0.0,0.0,0.0,-0.002543851500377059,0.75,-7.299704528449143e-16,0.0,0.0,0.0
1788436442.0362787,1.5,0.0,0.0,0.0,0.0,-0.002543851500377059,0.75,-7.299704528449143e-16,0.0,0.0,0.0
1788436442.0461836,1.5,0.0,0.0,0.0,0.0,-0.003689010627567768,0.75,-7.299704528449143e-16,0.0,0.0,0.0
1788436442.0565739,1.5,0.0,0.0,0.0,0.0,-0.003689010627567768,0.75,-7.299704528449143e-16,0.0,0.0,0.0
1788436442.0661724,1.5,0.0,0.0,0.0,0.0,-0.0054733287543058395,0.75,-7.299704528449143e-16,0.0,0.0,0.0
1788436442.0761726,1.5,0.0,0.0,0.0,0.0,-0.005073854699730873,0.75,-7.299704528449143e-16,0.0,0.0,0.0
1788436442.0863678,1.5,0.0,0.0,0.0,0.0,0.00018444856686983258,0.75,-7.299704528449143e-16,0.0,0.0,0.0
1788436442.0966065,1.5,0.0,0.0,0.0,0.0,0.001639323658309877,0.75,-7.299704528449143e-16,0.0,0.0,0.0
1788436442.1061702,1.5,0.0,0.0,0.0,0.0,0.0012694401666522026,0.75,-7.299704528449143e-16,0.0,0.0,0.0
1788436442.1163573,1.5,0.0,0.0,0.0,0.0,0.0012694401666522026,0.75,-7.299704528449143e-16,0.0,0.0,0.0
1788436442.127414,1.5,0.0,0.0,0.0,0.0,-0.0037955371662974358,0.75,-7.299704528449143e-16,0.0,0.0,0.0
1788436442.1361833,1.5,0.0,0.0,0.0,0.0,-0.005526592023670673,0.75,-7.299704528449143e-16,0.0,0.0,0.0
1788436442.1461957,1.5,0.0,0.0,0.0,0.0,-0.0044346959330141544,0.75,-7.299704528449143e-16,0.0,0.0,0.0
1788436442.1563294,1.5,0.0,0.0,0.0,0.0,-0.0032895365729928017,0.75,-7.299704528449143e-16,0.0,0.0,0.0
1788436442.1664069,1.5,0.0,0.0,0.0,0.0,-0.0032895365729928017,0.75,-7.299704528449143e-16,0.0,0.0,0.0
1788436442.177435,1.5,0.0,0.0,0.0,0.0,-0.0023041670210659504,0.75,-7.299704528449143e-16,0.0,0.0,0.0
1788436442.1862826,1.5,0.0,0.0,0.0,0.0,0.0012694401666522026,0.75,-7.299704528449143e-16,0.0,0.0,0.0
1788436442.199374,1.5,0.0,0.0,0.0,0.0,-9.374327055411413e-05,0.75,-7.299704528449143e-16,0.0,0.0,0.0
1788436442.206197,1.5,0.0,0.0,0.0,0.0,-9.374327055411413e-05,0.75,-7.299704528449143e-16,0.0,0.0,0.0
1788436442.2174673,1.5,0.0,0.0,0.0,0.0,-0.003689010627567768,0.75,-7.299704528449143e-16,0.0,0.0,0.0
1788436442.22637,1.5,0.0,0.0,0.0,0.0,-0.003689010627567768,0.75,-7.299704528449143e-16,0.0,0.0,0.0
1788436442.2362716,1.5,0.0,0.0,0.0,0.0,-0.0033960631117224693,0.75,-7.299704528449143e-16,0.0,0.0,0.0
1788436442.2469103,1.5,0.0,0.0,0.0,0.0,-0.0035025894176214933,0.75,-7.299704528449143e-16,0.0,0.0,0.0
1788436442.2563617,1.5,0.0,0.0,0.0,0.0,-0.002011219272390008,0.75,-7.299704528449143e-16,0.0,0.0,0.0
1788436442.2661877,1.5,0.0,0.0,0.0,0.0,-0.0021177458111196756,0.75,-7.299704528449143e-16,0.0,0.0,0.0
1788436442.276382,1.5,0.0,0.0,0.0,0.0,-0.0024106933269649744,0.75,-7.299704528449143e-16,0.0,0.0,0.0
1788436442.2861745,1.5,0.0,0.0,0.0,0.0,-0.006511961575597525,0.75,-7.299704528449143e-16,0.0,0.0,0.0
1788436442.2962465,1.5,0.0,0.0,0.0,0.0,-0.006911435630172491,0.75,-7.299704528449143e-16,0.0,0.0,0.0
1788436442.3063042,1.5,0.0,0.0,0.0,0.0,-0.0070978570729494095,0.75,-7.299704528449143e-16,0.0,0.0,0.0
1788436442.3162034,1.5,0.0,0.0,0.0,0.0,-0.0033960631117224693,0.75,-7.299704528449143e-16,0.0,0.0,0.0
1788436442.326285,1.5,0.0,0.0,0.0,0.0,-0.0033960631117224693,0.75,-7.299704528449143e-16,0.0,0.0,0.0
1788436442.336202,1.5,0.0,0.0,0.0,0.0,-0.0026770094409585,0.75,-7.299704528449143e-16,0.0,0.0,0.0
1788436442.3467674,1.5,0.0,0.0,0.0,0.0,-0.0026770094409585,0.75,-7.299704528449143e-16,0.0,0.0,0.0
1788436442.3584583,1.5,0.0,0.0,0.0,0.0,-0.0029699571896344423,0.75,-7.299704528449143e-16,0.0,0.0,0.0
1788436442.366786,1.5,0.0,0.0,0.0,0.0,-0.0034226947464048862,0.75,-7.299704528449143e-16,0.0,0.0,0.0
1788436442.376177,1.5,0.0,0.0,0.0,0.0,-0.003715642262250185,0.75,-7.299704528449143e-16,0.0,0.0,0.0
1788436442.3875134,1.5,0.0,0.0,0.0,0.0,-0.003715642262250185,0.75,-7.299704528449143e-16,0.0,0.0,0.0
1788436442.3975508,1.5,0.0,0.0,0.0,0.0,-0.00637880340218544,0.75,-7.299704528449143e-16,0.0,0.0,0.0
1788436442.4065006,1.5,0.0,0.0,0.0,0.0,-0.005446697119623423,0.75,-7.299704528449143e-16,0.0,0.0,0.0
1788436442.416191,1.5,0.0,0.0,0.0,0.0,-0.0033960631117224693,0.75,-7.299704528449143e-16,0.0,0.0,0.0
1788436442.4265637,1.5,0.0,0.0,0.0,0.0,-0.0033960631117224693,0.75,-7.299704528449143e-16,0.0,0.0,0.0
1788436442.437559,1.5,0.0,0.0,0.0,0.0,-0.004594485741108656,0.75,-7.299704528449143e-16,0.0,0.0,0.0
1788436442.446329,1.5,0.0,0.0,0.0,0.0,-0.003555852686986327,0.75,-7.299704528449143e-16,0.0,0.0,0.0
1788436442.4571319,1.5,0.0,0.0,0.0,0.0,-0.004274906124919653,0.75,-7.299704528449143e-16,0.0,0.0,0.0
1788436442.4663692,1.5,0.0,0.0,0.0,0.0,-0.004274906124919653,0.75,-7.299704528449143e-16,0.0,0.0,0.0
1788436442.4763756,1.5,0.0,0.0,0.0,0.0,-0.0034493261482566595,0.75,-7.299704528449143e-16,0.0,0.0,0.0
1788436442.4862583,1.5,0.0,0.0,0.0,0.0,-0.006405435036867857,0.75,-7.299704528449143e-16,0.0,0.0,0.0
1788436442.4962158,1.5,0.0,0.0,0.0,0.0,-0.006405435036867857,0.75,-7.299704528449143e-16,0.0,0.0,0.0
1788436442.5084844,1.5,0.0,0.0,0.0,0.0,-0.007071225438266993,0.75,-7.299704528449143e-16,0.0,0.0,0.0
1788436442.5162876,1.5,0.0,0.0,0.0,0.0,-0.004141747951507568,0.75,-7.299704528449143e-16,0.0,0.0,0.0
1788436442.5262926,1.5,0.0,0.0,0.0,0.0,-0.003236273303627968,0.75,-7.299704528449143e-16,0.0,0.0,0.0
1788436442.539533,1.5,0.0,0.0,0.0,0.0,-0.003049852093681693,0.75,-7.299704528449143e-16,0.0,0.0,0.0
1788436442.5462947,1.5,0.0,0.0,0.0,0.0,-0.0024106933269649744,0.75,-7.299704528449143e-16,0.0,0.0,0.0
1788436442.5563166,1.5,0.0,0.0,0.0,0.0,-0.0028367992490530014,0.75,-7.299704528449143e-16,0.0,0.0,0.0
1788436442.5662043,1.5,0.0,0.0,0.0,0.0,-0.0033427998423576355,0.75,-7.299704528449143e-16,0.0,0.0,0.0
1788436442.5786119,1.5,0.0,0.0,0.0,0.0,-0.0044080642983317375,0.75,-7.299704528449143e-16,0.0,0.0,0.0
1788436442.586191,1.5,0.0,0.0,0.0,0.0,-0.0038754320703446865,0.75,-7.299704528449143e-16,0.0,0.0,0.0
1788436442.5962129,1.5,0.0,0.0,0.0,0.0,-0.004381432663649321,0.75,-7.299704528449143e-16,0.0,0.0,0.0
1788436442.6061924,1.5,0.0,0.0,0.0,0.0,-0.0034226947464048862,0.75,-7.299704528449143e-16,0.0,0.0,0.0
1788436442.6162107,1.5,0.0,0.0,0.0,0.0,-0.003955326974391937,0.75,-7.299704528449143e-16,0.0,0.0,0.0
1788436442.6261866,1.5,0.0,0.0,0.0,0.0,-0.003103115363046527,0.75,-7.299704528449143e-16,0.0,0.0,0.0
1788436442.6361835,1.5,0.0,0.0,0.0,0.0,-0.00307648372836411,0.75,-7.299704528449143e-16,0.0,0.0,0.0
1788436442.6474802,1.5,0.0,0.0,0.0,0.0,-0.0029433255549520254,0.75,-7.299704528449143e-16,0.0,0.0,0.0
1788436442.6561904,1.5,0.0,0.0,0.0,0.0,-0.003183010034263134,0.75,-7.299704528449143e-16,0.0,0.0,0.0
1788436442.6663086,1.5,0.0,0.0,0.0,0.0,-0.003183010034263134,0.75,-7.299704528449143e-16,0.0,0.0,0.0
1788436442.6761854,1.5,0.0,0.0,0.0,0.0,-0.004328169394284487,0.75,-7.299704528449143e-16,0.0,0.0,0.0
1788436442.6861908,1.5,0.0,0.0,0.0,0.0,-0.004168379586189985,0.75,-7.299704528449143e-16,0.0,0.0,0.0
1788436442.696441,1.5,0.0,0.0,0.0,0.0,-0.004168379586189985,0.75,-7.299704528449143e-16,0.0,0.0,0.0
1788436442.7065148,1.5,0.0,0.0,0.0,0.0,-0.003129746997728944,0.75,-7.299704528449143e-16,0.0,0.0,0.0
1788436442.7161698,1.5,0.0,0.0,0.0,0.0,-0.0034759577829390764,0.75,-7.299704528449143e-16,0.0,0.0,0.0
1788436442.7263815,1.5,0.0,0.0,0.0,0.0,-0.003981958609074354,0.75,-7.299704528449143e-16,0.0,0.0,0.0
1788436442.7376556,1.5,0.0,0.0,0.0,0.0,-0.0038221688009798527,0.75,-7.299704528449143e-16,0.0,0.0,0.0
1788436442.746369,1.5,0.0,0.0,0.0,0.0,-0.0029433255549520254,0.75,-7.299704528449143e-16,0.0,0.0,0.0
1788436442.7562413,1.5,0.0,0.0,0.0,0.0,-0.0028367992490530014,0.75,-7.299704528449143e-16,0.0,0.0,0.0
1788436442.7663949,1.5,0.0,0.0,0.0,0.0,-0.0039020637050271034,0.75,-7.299704528449143e-16,0.0,0.0,0.0
1788436442.776167,1.5,0.0,0.0,0.0,0.0,-0.0039020637050271034,0.75,-7.299704528449143e-16,0.0,0.0,0.0
1788436442.7865794,1.5,0.0,0.0,0.0,0.0,-0.004274906124919653,0.75,-7.299704528449143e-16,0.0,0.0,0.0
1788436442.796241,1.5,0.0,0.0,0.0,0.0,-0.004008590243756771,0.75,-7.299704528449143e-16,0.0,0.0,0.0
1788436442.809468,1.5,0.0,0.0,0.0,0.0,-0.0040884846821427345,0.75,-7.299704528449143e-16,0.0,0.0,0.0
1788436442.8163188,1.5,0.0,0.0,0.0,0.0,-0.004381432663649321,0.75,-7.299704528449143e-16,0.0,0.0,0.0
1788436442.8284476,1.5,0.0,0.0,0.0,0.0,-0.004381432663649321,0.75,-7.299704528449143e-16,0.0,0.0,0.0
1788436442.8361943,1.5,0.0,0.0,0.0,0.0,-0.00392869533970952,0.75,-7.299704528449143e-16,0.0,0.0,0.0
1788436442.8484774,1.5,0.0,0.0,0.0,0.0,-0.0035025894176214933,0.75,-7.299704528449143e-16,0.0,0.0,0.0
1788436442.8584695,1.5,0.0,0.0,0.0,0.0,-0.004221642855554819,0.75,-7.299704528449143e-16,0.0,0.0,0.0
1788436442.8661792,1.5,0.0,0.0,0.0,0.0,-0.0035025894176214933,0.75,-7.299704528449143e-16,0.0,0.0,0.0
1788436442.8763828,1.5,0.0,0.0,0.0,0.0,-0.003981958609074354,0.75,-7.299704528449143e-16,0.0,0.0,0.0
1788436442.8861804,1.5,0.0,0.0,0.0,0.0,-0.0033960631117224693,0.75,-7.299704528449143e-16,0.0,0.0,0.0
1788436442.8961818,1.5,0.0,0.0,0.0,0.0,-0.003236273303627968,0.75,-7.299704528449143e-16,0.0,0.0,0.0
1788436442.9064333,1.5,0.0,0.0,0.0,0.0,-0.0033161682076752186,0.75,-7.299704528449143e-16,0.0,0.0,0.0
1788436442.9172952,1.5,0.0,0.0,0.0,0.0,-0.002543851500377059,0.75,-7.299704528449143e-16,0.0,0.0,0.0
1788436442.9274998,1.5,0.0,0.0,0.0,0.0,-0.002543851500377059,0.75,-7.299704528449143e-16,0.0,0.0,0.0
1788436442.9363759,1.5,0.0,0.0,0.0,0.0,-0.0031563786324113607,0.75,-7.299704528449143e-16,0.0,0.0,0.0
1788436442.9483984,1.5,0.0,0.0,0.0,0.0,-0.002597114769741893,0.75,-7.299704528449143e-16,0.0,0.0,0.0
1788436442.9562404,1.5,0.0,0.0,0.0,0.0,-0.003183010034263134,0.75,-7.299704528449143e-16,0.0,0.0,0.0
1788436442.9661696,1.5,0.0,0.0,0.0,0.0,-0.0024373249616473913,0.75,-7.299704528449143e-16,0.0,0.0,0.0
1788436442.976337,1.5,0.0,0.0,0.0,0.0,-0.0024373249616473913,0.75,-7.299704528449143e-16,0.0,0.0,0.0
1788436442.9887235,1.5,0.0,0.0,0.0,0.0,-0.0028634308837354183,0.75,-7.299704528449143e-16,0.0,0.0,0.0
1788436442.9961731,1.5,0.0,0.0,0.0,0.0,-0.002703641075640917,0.75,-7.299704528449143e-16,0.0,0.0,0.0
1788436443.007573,1.5,0.0,0.0,0.0,0.0,-0.002570483135059476,0.75,-7.299704528449143e-16,0.0,0.0,0.0
1788436443.0163066,1.5,0.0,0.0,0.0,0.0,-0.002570483135059476,0.75,-7.299704528449143e-16,0.0,0.0,0.0
1788436443.0261972,1.5,0.0,0.0,0.0,0.0,-0.0028367992490530014,0.75,-7.299704528449143e-16,0.0,0.0,0.0
1788436443.0361876,1.5,0.0,0.0,0.0,0.0,-0.004195011220872402,0.75,-7.299704528449143e-16,0.0,0.0,0.0
1788436443.0477116,1.5,0.0,0.0,0.0,0.0,-0.004195011220872402,0.75,-7.299704528449143e-16,0.0,0.0,0.0
1788436443.0562925,1.5,0.0,0.0,0.0,0.0,-0.0028101676143705845,0.75,-7.299704528449143e-16,0.0,0.0,0.0
1788436443.0663762,1.5,0.0,0.0,0.0,0.0,-0.002490588231012225,0.75,-7.299704528449143e-16,0.0,0.0,0.0
1788436443.0762432,1.5,0.0,0.0,0.0,0.0,-0.0029166939202696085,0.75,-7.299704528449143e-16,0.0,0.0,0.0
1788436443.086171,1.5,0.0,0.0,0.0,0.0,-0.0029166939202696085,0.75,-7.299704528449143e-16,0.0,0.0,0.0
1788436443.0985088,1.5,0.0,0.0,0.0,0.0,-0.003023220458999276,0.75,-7.299704528449143e-16,0.0,0.0,0.0
1788436443.1063154,1.5,0.0,0.0,0.0,0.0,-0.0024106933269649744,0.75,-7.299704528449143e-16,0.0,0.0,0.0
1788436443.1164577,1.5,0.0,0.0,0.0,0.0,-0.0024106933269649744,0.75,-7.299704528449143e-16,0.0,0.0,0.0
1788436443.1272244,1.5,0.0,0.0,0.0,0.0,-0.0015584818320348859,0.75,-7.299704528449143e-16,0.0,0.0,0.0
1788436443.1364834,1.5,0.0,0.0,0.0,0.0,-0.0019313243683427572,0.75,-7.299704528449143e-16,0.0,0.0,0.0
1788436443.146193,1.5,0.0,0.0,0.0,0.0,-0.004168379586189985,0.75,-7.299704528449143e-16,0.0,0.0,0.0
1788436443.1563754,1.5,0.0,0.0,0.0,0.0,-0.003555852686986327,0.75,-7.299704528449143e-16,0.0,0.0,0.0
1788436443.1663935,1.5,0.0,0.0,0.0,0.0,-0.001478587044402957,0.75,-7.299704528449143e-16,0.0,0.0,0.0
1788436443.176694,1.5,0.0,0.0,0.0,0.0,-0.001478587044402957,0.75,-7.299704528449143e-16,0.0,0.0,0.0
1788436443.1862094,1.5,0.0,0.0,0.0,0.0,-0.0023307986557483673,0.75,-7.299704528449143e-16,0.0,0.0,0.0
1788436443.1962707,1.5,0.0,0.0,0.0,0.0,-0.0033694314770400524,0.75,-7.299704528449143e-16,0.0,0.0,0.0
1788436443.2061586,1.5,0.0,0.0,0.0,0.0,-0.003236273303627968,0.75,-7.299704528449143e-16,0.0,0.0,0.0
1788436443.2162158,1.5,0.0,0.0,0.0,0.0,-0.004514590837061405,0.75,-7.299704528449143e-16,0.0,0.0,0.0
1788436443.226198,1.5,0.0,0.0,0.0,0.0,-0.004328169394284487,0.75,-7.299704528449143e-16,0.0,0.0,0.0
1788436443.2375195,1.5,0.0,0.0,0.0,0.0,-0.004328169394284487,0.75,-7.299704528449143e-16,0.0,0.0,0.0
1788436443.2472246,1.5,0.0,0.0,0.0,0.0,-0.004541222471743822,0.75,-7.299704528449143e-16,0.0,0.0,0.0
1788436443.2561984,1.5,0.0,0.0,0.0,0.0,-0.0027569043450057507,0.75,-7.299704528449143e-16,0.0,0.0,0.0
1788436443.2662675,1.5,0.0,0.0,0.0,0.0,-0.0017981663113459945,0.75,-7.299704528449143e-16,0.0,0.0,0.0
1788436443.27748,1.5,0.0,0.0,0.0,0.0,-0.0017981663113459945,0.75,-7.299704528449143e-16,0.0,0.0,0.0
1788436443.2862387,1.5,0.0,0.0,0.0,0.0,-0.0023307986557483673,0.75,-7.299704528449143e-16,0.0,0.0,0.0
1788436443.2985272,1.5,0.0,0.0,0.0,0.0,-0.0023307986557483673,0.75,-7.299704528449143e-16,0.0,0.0,0.0
1788436443.3072386,1.5,0.0,0.0,0.0,0.0,-0.0032895365729928017,0.75,-7.299704528449143e-16,0.0,0.0,0.0
1788436443.316208,1.5,0.0,0.0,0.0,0.0,-0.0032895365729928017,0.75,-7.299704528449143e-16,0.0,0.0,0.0
1788436443.3294775,1.5,0.0,0.0,0.0,0.0,-0.0026237464044243097,0.75,-7.299704528449143e-16,0.0,0.0,0.0
1788436443.3361726,1.5,0.0,0.0,0.0,0.0,-0.003183010034263134,0.75,-7.299704528449143e-16,0.0,0.0,0.0
1788436443.346234,1.5,0.0,0.0,0.0,0.0,-0.0035025894176214933,0.75,-7.299704528449143e-16,0.0,0.0,0.0
1788436443.3563745,1.5,0.0,0.0,0.0,0.0,-0.0039020637050271034,0.75,-7.299704528449143e-16,0.0,0.0,0.0
1788436443.3673215,1.5,0.0,0.0,0.0,0.0,-0.0039020637050271034,0.75,-7.299704528449143e-16,0.0,0.0,0.0
1788436443.376181,1.5,0.0,0.0,0.0,0.0,-0.003981958609074354,0.75,-7.299704528449143e-16,0.0,0.0,0.0
1788436443.3862042,1.5,0.0,0.0,0.0,0.0,-0.004061853513121605,0.75,-7.299704528449143e-16,0.0,0.0,0.0
1788436443.3963559,1.5,0.0,0.0,0.0,0.0,-0.004061853513121605,0.75,-7.299704528449143e-16,0.0,0.0,0.0
1788436443.4062264,1.5,0.0,0.0,0.0,0.0,-0.003582484321668744,0.75,-7.299704528449143e-16,0.0,0.0,0.0
1788436443.4162235,1.5,0.0,0.0,0.0,0.0,-0.003023220458999276,0.75,-7.299704528449143e-16,0.0,0.0,0.0
1788436443.4274242,1.5,0.0,0.0,0.0,0.0,-0.003023220458999276,0.75,-7.299704528449143e-16,0.0,0.0,0.0
1788436443.4361827,1.5,0.0,0.0,0.0,0.0,-0.0033694314770400524,0.75,-7.299704528449143e-16,0.0,0.0,0.0
1788436443.4463913,1.5,0.0,0.0,0.0,0.0,-0.00430153775960207,0.75,-7.299704528449143e-16,0.0,0.0,0.0
1788436443.4594564,1.5,0.0,0.0,0.0,0.0,-0.003129746997728944,0.75,-7.299704528449143e-16,0.0,0.0,0.0
1788436443.4661915,1.5,0.0,0.0,0.0,0.0,-0.00307648372836411,0.75,-7.299704528449143e-16,0.0,0.0,0.0
1788436443.4761918,1.5,0.0,0.0,0.0,0.0,-0.0029965888243168592,0.75,-7.299704528449143e-16,0.0,0.0,0.0
1788436443.487723,1.5,0.0,0.0,0.0,0.0,-0.0029965888243168592,0.75,-7.299704528449143e-16,0.0,0.0,0.0
1788436443.4961698,1.5,0.0,0.0,0.0,0.0,-0.003049852093681693,0.75,-7.299704528449143e-16,0.0,0.0,0.0
1788436443.506421,1.5,0.0,0.0,0.0,0.0,-0.003236273303627968,0.75,-7.299704528449143e-16,0.0,0.0,0.0
1788436443.5162106,1.5,0.0,0.0,0.0,0.0,-0.008402805775403976,0.75,-7.299704528449143e-16,0.0,0.0,0.0
1788436443.5272684,1.5,0.0,0.0,0.0,0.0,-0.008402805775403976,0.75,-7.299704528449143e-16,0.0,0.0,0.0
1788436443.5379686,1.5,0.0,0.0,0.0,0.0,-0.009787649847567081,0.75,-7.299704528449143e-16,0.0,0.0,0.0
1788436443.546192,1.5,0.0,0.0,0.0,0.0,-0.004594485741108656,0.75,-7.299704528449143e-16,0.0,0.0,0.0
1788436443.5585055,1.5,0.0,0.0,0.0,0.0,-0.004594485741108656,0.75,-7.299704528449143e-16,0.0,0.0,0.0
1788436443.5662746,1.5,0.0,0.0,0.0,0.0,-0.004195011220872402,0.75,-7.299704528449143e-16,0.0,0.0,0.0
1788436443.5761974,1.5,0.0,0.0,0.0,0.0,-0.0044346959330141544,0.75,-7.299704528449143e-16,0.0,0.0,0.0
1788436443.5874615,1.5,0.0,0.0,0.0,0.0,-0.0044346959330141544,0.75,-7.299704528449143e-16,0.0,0.0,0.0
1788436443.596318,1.5,0.0,0.0,0.0,0.0,-0.0034493261482566595,0.75,-7.299704528449143e-16,0.0,0.0,0.0
1788436443.6062002,1.5,0.0,0.0,0.0,0.0,-0.0039020637050271034,0.75,-7.299704528449143e-16,0.0,0.0,0.0
1788436443.6164782,1.5,0.0,0.0,0.0,0.0,-0.0039020637050271034,0.75,-7.299704528449143e-16,0.0,0.0,0.0
1788436443.6263368,1.5,0.0,0.0,0.0,0.0,-0.0019313243683427572,0.75,-7.299704528449143e-16,0.0,0.0,0.0
1788436443.6361353,1.5,0.0,0.0,0.0,0.0,-0.00041332258842885494,0.75,-7.299704528449143e-16,0.0,0.0,0.0
1788436443.6468992,1.5,0.0,0.0,0.0,0.0,-0.0017715347930788994,0.75,-7.299704528449143e-16,0.0,0.0,0.0
1788436443.658548,1.5,0.0,0.0,0.0,0.0,-0.002064482541754842,0.75,-7.299704528449143e-16,0.0,0.0,0.0
1788436443.666224,1.5,0.0,0.0,0.0,0.0,-0.003209641668945551,0.75,-7.299704528449143e-16,0.0,0.0,0.0
1788436443.676278,1.5,0.0,0.0,0.0,0.0,-0.003209641668945551,0.75,-7.299704528449143e-16,0.0,0.0,0.0
1788436443.6874745,1.5,0.0,0.0,0.0,0.0,-0.003555852686986327,0.75,-7.299704528449143e-16,0.0,0.0,0.0
1788436443.696594,1.5,0.0,0.0,0.0,0.0,-0.0028101676143705845,0.75,-7.299704528449143e-16,0.0,0.0,0.0
1788436443.7063189,1.5,0.0,0.0,0.0,0.0,-0.003209641668945551,0.75,-7.299704528449143e-16,0.0,0.0,0.0
1788436443.7172892,1.5,0.0,0.0,0.0,0.0,-0.006458698306232691,0.75,-7.299704528449143e-16,0.0,0.0,0.0
1788436443.726387,1.5,0.0,0.0,0.0,0.0,-0.006458698306232691,0.75,-7.299704528449143e-16,0.0,0.0,0.0
1788436443.7361991,1.5,0.0,0.0,0.0,0.0,-0.006432066671550274,0.75,-7.299704528449143e-16,0.0,0.0,0.0
1788436443.7474182,1.5,0.0,0.0,0.0,0.0,-0.006432066671550274,0.75,-7.299704528449143e-16,0.0,0.0,0.0
1788436443.7564917,1.5,0.0,0.0,0.0,0.0,-0.0041151163168251514,0.75,-7.299704528449143e-16,0.0,0.0,0.0
1788436443.7661977,1.5,0.0,0.0,0.0,0.0,-0.003689010627567768,0.75,-7.299704528449143e-16,0.0,0.0,0.0
1788436443.7763176,1.5,0.0,0.0,0.0,0.0,-0.003689010627567768,0.75,-7.299704528449143e-16,0.0,0.0,0.0
1788436443.786191,1.5,0.0,0.0,0.0,0.0,-0.003023220458999276,0.75,-7.299704528449143e-16,0.0,0.0,0.0
1788436443.7962008,1.5,0.0,0.0,0.0,0.0,-0.002650377806276083,0.75,-7.299704528449143e-16,0.0,0.0,0.0
1788436443.8062065,1.5,0.0,0.0,0.0,0.0,-0.0032629049383103848,0.75,-7.299704528449143e-16,0.0,0.0,0.0
1788436443.8161933,1.5,0.0,0.0,0.0,0.0,-0.007044593803584576,0.75,-7.299704528449143e-16,0.0,0.0,0.0
1788436443.8264477,1.5,0.0,0.0,0.0,0.0,-0.007044593803584576,0.75,-7.299704528449143e-16,0.0,0.0,0.0
1788436443.836187,1.5,0.0,0.0,0.0,0.0,-0.0067782774567604065,0.75,-7.299704528449143e-16,0.0,0.0,0.0
1788436443.8463016,1.5,0.0,0.0,0.0,0.0,-0.0067782774567604065,0.75,-7.299704528449143e-16,0.0,0.0,0.0
1788436443.8563771,1.5,0.0,0.0,0.0,0.0,-0.002144377212971449,0.75,-7.299704528449143e-16,0.0,0.0,0.0
1788436443.866232,1.5,0.0,0.0,0.0,0.0,-0.002650377806276083,0.75,-7.299704528449143e-16,0.0,0.0,0.0
1788436443.8765988,1.5,0.0,0.0,0.0,0.0,-0.003183010034263134,0.75,-7.299704528449143e-16,0.0,0.0,0.0
1788436443.886604,1.5,0.0,0.0,0.0,0.0,-0.0034493261482566595,0.75,-7.299704528449143e-16,0.0,0.0,0.0
1788436443.896191,1.5,0.0,0.0,0.0,0.0,-0.0038754320703446865,0.75,-7.299704528449143e-16,0.0,0.0,0.0
1788436443.9074583,1.5,0.0,0.0,0.0,0.0,-0.0038754320703446865,0.75,-7.299704528449143e-16,0.0,0.0,0.0
1788436443.9186962,1.5,0.0,0.0,0.0,0.0,-0.0039020637050271034,0.75,-7.299704528449143e-16,0.0,0.0,0.0
1788436443.9261954,1.5,0.0,0.0,0.0,0.0,-0.0004665858286898583,0.75,-7.299704528449143e-16,0.0,0.0,0.0
1788436443.9362085,1.5,0.0,0.0,0.0,0.0,-0.0004665858286898583,0.75,-7.299704528449143e-16,0.0,0.0,0.0
1788436443.9461591,1.5,0.0,0.0,0.0,0.0,-0.003183010034263134,0.75,-7.299704528449143e-16,0.0,0.0,0.0
1788436443.956198,1.5,0.0,0.0,0.0,0.0,-0.003582484321668744,0.75,-7.299704528449143e-16,0.0,0.0,0.0
1788436443.9661932,1.5,0.0,0.0,0.0,0.0,-0.0033694314770400524,0.75,-7.299704528449143e-16,0.0,0.0,0.0
1788436443.977704,1.5,0.0,0.0,0.0,0.0,-0.0033694314770400524,0.75,-7.299704528449143e-16,0.0,0.0,0.0
1788436443.9862084,1.5,0.0,0.0,0.0,0.0,-0.0032629049383103848,0.75,-7.299704528449143e-16,0.0,0.0,0.0
1788436443.9962046,1.5,0.0,0.0,0.0,0.0,-0.0018780612153932452,0.75,-7.299704528449143e-16,0.0,0.0,0.0
1788436444.0063019,1.5,0.0,0.0,0.0,0.0,-0.0020911141764372587,0.75,-7.299704528449143e-16,0.0,0.0,0.0
1788436444.0161688,1.5,0.0,0.0,0.0,0.0,-0.004993959795683622,0.75,-7.299704528449143e-16,0.0,0.0,0.0
1788436444.0261896,1.5,0.0,0.0,0.0,0.0,-0.005899434443563223,0.75,-7.299704528449143e-16,0.0,0.0,0.0
1788436444.0362735,1.5,0.0,0.0,0.0,0.0,-0.005899434443563223,0.75,-7.299704528449143e-16,0.0,0.0,0.0
1788436444.0478933,1.5,0.0,0.0,0.0,0.0,-0.0032629049383103848,0.75,-7.299704528449143e-16,0.0,0.0,0.0
1788436444.0561814,1.5,0.0,0.0,0.0,0.0,-0.0033427998423576355,0.75,-7.299704528449143e-16,0.0,0.0,0.0
1788436444.0673997,1.5,0.0,0.0,0.0,0.0,-0.0033427998423576355,0.75,-7.299704528449143e-16,0.0,0.0,0.0
1788436444.076224,1.5,0.0,0.0,0.0,0.0,-0.0034759577829390764,0.75,-7.299704528449143e-16,0.0,0.0,0.0
1788436444.086195,1.5,0.0,0.0,0.0,0.0,-0.00430153775960207,0.75,-7.299704528449143e-16,0.0,0.0,0.0
1788436444.0973961,1.5,0.0,0.0,0.0,0.0,-0.0035025894176214933,0.75,-7.299704528449143e-16,0.0,0.0,0.0
1788436444.1063266,1.5,0.0,0.0,0.0,0.0,-0.0033161682076752186,0.75,-7.299704528449143e-16,0.0,0.0,0.0
1788436444.1162279,1.5,0.0,0.0,0.0,0.0,-0.0046477485448122025,0.75,-7.299704528449143e-16,0.0,0.0,0.0
1788436444.1262095,1.5,0.0,0.0,0.0,0.0,-0.005393433850258589,0.75,-7.299704528449143e-16,0.0,0.0,0.0
1788436444.1362062,1.5,0.0,0.0,0.0,0.0,-0.005633118562400341,0.75,-7.299704528449143e-16,0.0,0.0,0.0
1788436444.1462045,1.5,0.0,0.0,0.0,0.003662785515189171,-0.0044346959330141544,0.75,-7.299704528449143e-16,0.0,0.0,0.0
1788436444.1561918,1.5,0.0,0.0,0.0,0.003397305030375719,-0.00392869533970952,0.75,-7.299704528449143e-16,0.0,0.0,0.0
1788436444.1661146,1.5,0.0,0.0,0.0,0.0030860158149152994,-0.0027302727103233337,0.75,-7.299704528449143e-16,0.0,0.0,0.0
1788436444.176819,1.5,0.0,0.0,0.0,0.0030860158149152994,-0.0027302727103233337,0.75,-7.299704528449143e-16,0.0,0.0,0.0
1788436444.1862233,1.5,0.0,0.0,0.0,0.0022932374849915504,-0.0028101676143705845,0.75,-7.299704528449143e-16,0.0,0.0,0.0
1788436444.197662,1.5,0.0,0.0,0.0,0.0022932374849915504,-0.0028101676143705845,0.75,-7.299704528449143e-16,0.0,0.0,0.0
1788436444.206483,1.5,0.0,0.0,0.0,0.0021388791501522064,-0.0033161682076752186,0.75,0.00011764503142330796,0.0,0.0,0.0
1788436444.216204,1.5,0.0,0.0,0.0,0.0022060335613787174,-0.0033161682076752186,0.75,0.0009991376427933574,0.0,0.0,0.0
1788436444.2284503,1.5,0.0,0.0,0.0,0.002273542108014226,-0.0034493261482566595,0.75,0.002162038581445813,0.0,0.0,0.0
1788436444.2361872,1.5,0.0,0.0,0.0,0.002354281023144722,-0.003129746997728944,0.75,0.003622267162427306,0.0,0.0,0.0
1788436444.2461848,1.5,0.0,0.0,0.0,0.002282082801684737,-0.004701011814177036,0.75,0.004932188428938389,0.0,0.0,0.0
1788436444.256604,1.5,0.0,0.0,0.0,0.002282082801684737,-0.004701011814177036,0.75,0.004932188428938389,0.0,0.0,0.0
1788436444.2662683,1.5,0.0,0.0,0.0,0.0030026137828826904,-0.004834169987589121,0.75,0.008471903391182423,0.0,0.0,0.0
1788436444.2761786,1.5,0.0,0.0,0.0,0.00320747890509665,-0.0021976404823362827,0.75,0.011603360064327717,0.0,0.0,0.0
1788436444.2861774,1.5,0.0,0.0,0.0,0.0023808565456420183,-0.0017715347930788994,0.75,0.013140453957021236,0.0,0.0,0.0
1788436444.2962034,1.5,0.0,0.0,0.0,0.0023808565456420183,-0.0017715347930788994,0.75,0.013140453957021236,0.0,0.0,0.0
1788436444.3101144,1.5,0.0,0.0,0.0,0.0018167034722864628,-0.0024373249616473913,0.75,0.013386799022555351,0.0,0.0,0.0
1788436444.3161814,1.5,0.0,0.0,0.0,0.0018293202156201005,-0.0019313243683427572,0.75,0.015871979296207428,0.0,0.0,0.0
1788436444.3263137,1.5,0.0,0.0,0.0,0.0018293202156201005,-0.0019313243683427572,0.75,0.015871979296207428,0.0,0.0,0.0
1788436444.336408,1.5,0.0,0.0,0.0,0.0015968077350407839,0.00040637864731252193,0.75,0.01718948595225811,0.0,0.0,0.0
1788436444.3462024,1.5,0.0,0.0,0.0,5.517511090147309e-05,-0.0012921657180413604,0.75,0.020613012835383415,0.0,0.0,0.0
1788436444.3562202,1.5,0.0,0.0,0.0,0.00048304247320629656,-0.0021976404823362827,0.75,0.022888727486133575,0.0,0.0,0.0
1788436444.3685129,1.5,0.0,0.0,0.0,0.00048304247320629656,-0.0021976404823362827,0.75,0.022888727486133575,0.0,0.0,0.0
1788436444.3761764,1.5,0.0,0.0,0.0,0.0013868233654648066,-0.0007329019135795534,0.75,0.02756263129413128,0.0,0.0,0.0
1788436444.3869004,1.5,0.0,0.0,0.0,0.0013868233654648066,-0.0007329019135795534,0.75,0.02756263129413128,0.0,0.0,0.0
1788436444.3961957,1.5,0.0,0.0,0.0,0.0005665375501848757,-0.00033342777169309556,0.75,0.03332898020744324,0.0,0.0,0.0
1788436444.4061718,1.5,0.0,0.0,0.0,0.00040123783401213586,-0.00041332258842885494,0.75,0.03632131591439247,0.0,0.0,0.0
1788436444.4174159,1.5,0.0,0.0,0.0,0.00040123783401213586,-0.00041332258842885494,0.75,0.03632131591439247,0.0,0.0,0.0
1788436444.426196,1.5,0.0,0.0,0.0,0.0006196099566295743,-0.0007595335482619703,0.75,0.04334614798426628,0.0,0.0,0.0
1788436444.436184,1.5,0.0,0.0,0.0,0.0005779933417215943,-0.001398692256771028,0.75,0.04741484671831131,0.0,0.0,0.0
1788436444.447569,1.5,0.0,0.0,0.0,0.0007824164931662381,-0.0029965888243168592,0.75,0.05161863565444946,0.0,0.0,0.0
1788436444.4562001,1.5,0.0,0.0,0.0,0.0014479552628472447,-0.00307648372836411,0.75,0.056405067443847656,0.0,0.0,0.0
1788436444.4678009,1.5,0.0,0.0,0.0,0.0018094184342771769,-0.002570483135059476,0.75,0.061834126710891724,0.0,0.0,0.0
1788436444.4761696,1.5,0.0,0.0,0.0,0.0018121058819815516,-0.00014700648898724467,0.75,0.06731050461530685,0.0,0.0,0.0
1788436444.48619,1.5,0.0,0.0,0.0,0.0009593220893293619,6.11540672252886e-05,0.75,0.07311054319143295,0.0,0.0,0.0
1788436444.496343,1.5,0.0,0.0,0.0,0.0009593220893293619,6.11540672252886e-05,0.75,0.07311054319143295,0.0,0.0,0.0
1788436444.506279,1.5,0.0,0.0,0.0,0.00011265758075751364,0.0005543320439755917,0.75,0.08531606197357178,0.0,0.0,0.0
1788436444.5165625,1.5,0.0,0.0,0.0,0.00011265758075751364,0.0005543320439755917,0.75,0.08531606197357178,0.0,0.0,0.0
1788436444.5262938,1.5,0.0,0.0,0.0,0.00021687544358428568,-0.0006263754912652075,0.75,0.09718687832355499,0.0,0.0,0.0
1788436444.536221,1.5,0.0,0.0,0.0,0.0003293718327768147,-0.0006530071259476244,0.75,0.10332038998603821,0.0,0.0,0.0
1788436444.5478544,1.5,0.0,0.0,0.0,0.00039509657653979957,0.0006283087423071265,0.75,0.11049415916204453,0.0,0.0,0.0
1788436444.5561728,1.5,0.0,0.0,0.0,-2.3574706574436277e-05,0.0007762621389701962,0.75,0.11787612736225128,0.0,0.0,0.0
1788436444.56631,1.5,0.0,0.0,0.0,-0.0002853918995242566,0.0005296731251291931,0.75,0.12408255785703659,0.0,0.0,0.0
1788436444.5773695,1.5,0.0,0.0,0.0,-0.0003296034410595894,0.0002091074566124007,0.75,0.1296691745519638,0.0,0.0,0.0
1788436444.5863261,1.5,0.0,0.0,0.0,-0.0003296034410595894,0.0002091074566124007,0.75,0.1296691745519638,0.0,0.0,0.0
1788436444.596212,1.5,0.0,0.0,0.0,-0.00023672613315284252,0.0002584252506494522,0.75,0.1469380408525467,0.0,0.0,0.0
1788436444.6094532,1.5,0.0,0.0,0.0,-0.00020963288261555135,0.0004803553456440568,0.75,0.1566644161939621,0.0,0.0,0.0
1788436444.6161847,1.5,0.0,0.0,0.0,-0.0002742814249359071,6.11540672252886e-05,0.75,0.1659671813249588,0.0,0.0,0.0
1788436444.6261985,1.5,0.0,0.0,0.0,-0.00015891455404926091,0.0001597896625753492,0.75,0.17559151351451874,0.0,0.0,0.0
1788436444.636475,1.5,0.0,0.0,0.0,-0.00013590136950369924,-0.00025353292585350573,0.75,0.18535953760147095,0.0,0.0,0.0
1788436444.6484485,1.5,0.0,0.0,0.0,-0.00013590136950369924,-0.00025353292585350573,0.75,0.18535953760147095,0.0,0.0,0.0
1788436444.6563227,1.5,0.0,0.0,0.0,-7.172389450715855e-05,-0.00028016456053592265,0.75,0.2059977948665619,0.0,0.0,0.0
1788436444.6661916,1.5,0.0,0.0,0.0,6.28214402240701e-05,-0.00022690132027491927,0.75,0.21607664227485657,0.0,0.0,0.0
1788436444.6761918,1.5,0.0,0.0,0.0,0.00011143030133098364,-0.0005464806454256177,0.75,0.22618715465068817,0.0,0.0,0.0
1788436444.6873784,1.5,0.0,0.0,0.0,0.0002484062861185521,0.00035706086782738566,0.75,0.2369154840707779,0.0,0.0,0.0
1788436444.696211,1.5,0.0,0.0,0.0,-1.4393732499229372e-06,0.0004803553456440568,0.75,0.24810831248760223,0.0,0.0,0.0
1788436444.7073066,1.5,0.0,0.0,0.0,-0.00017001712694764137,0.0006529676611535251,0.75,0.259402334690094,0.0,0.0,0.0
1788436444.716183,1.5,0.0,0.0,0.0,-0.0003152770805172622,-0.00028016456053592265,0.75,0.27054792642593384,0.0,0.0,0.0
1788436444.7261856,1.5,0.0,0.0,0.0,-5.915115252719261e-05,6.11540672252886e-05,0.75,0.2820515036582947,0.0,0.0,0.0
1788436444.7384892,1.5,0.0,0.0,0.0,-5.915115252719261e-05,6.11540672252886e-05,0.75,0.2820515036582947,0.0,0.0,0.0
1788436444.7462106,1.5,0.0,0.0,0.0,-0.0002209979429608211,-0.000919323181733489,0.75,0.3042605221271515,0.0,0.0,0.0
1788436444.7561924,1.5,0.0,0.0,0.0,0.00021332918549887836,-0.001478587044402957,0.75,0.3155120015144348,0.0,0.0,0.0
1788436444.7662146,1.5,0.0,0.0,0.0,0.0006279490771703422,-0.0028367992490530014,0.75,0.32710954546928406,0.0,0.0,0.0
1788436444.778608,1.5,0.0,0.0,0.0,0.0006279490771703422,-0.0028367992490530014,0.75,0.32710954546928406,0.0,0.0,0.0
1788436444.7861726,1.5,0.0,0.0,0.0,0.0011511527700349689,-0.0016117451013997197,0.75,0.34963661432266235,0.0,0.0,0.0
1788436444.796165,1.5,0.0,0.0,0.0,0.001144545734860003,-0.0012655341997742653,0.75,0.3616873025894165,0.0,0.0,0.0
1788436444.8063369,1.5,0.0,0.0,0.0,0.001019218354485929,-0.0012389025650918484,0.75,0.3726828992366791,0.0,0.0,0.0
1788436444.8161752,1.5,0.0,0.0,0.0,0.0009470678051002324,-0.0013187973527237773,0.75,0.3841705620288849,0.0,0.0,0.0
1788436444.8261814,1.5,0.0,0.0,0.0,0.0009390925988554955,-0.002650377806276083,0.75,0.39630135893821716,0.0,0.0,0.0
1788436444.8373446,1.5,0.0,0.0,0.0,0.0009390925988554955,-0.002650377806276083,0.75,0.39630135893821716,0.0,0.0,0.0
1788436444.8463333,1.5,0.0,0.0,0.0,0.0016843595076352358,-0.004674380179494619,0.75,0.41813597083091736,0.0,0.0,0.0
1788436444.8561826,1.5,0.0,0.0,0.0,0.0024909747298806906,-0.0029433255549520254,0.75,0.42919838428497314,0.0,0.0,0.0
1788436444.8666074,1.5,0.0,0.0,0.0,0.0024909747298806906,-0.0029433255549520254,0.75,0.42919838428497314,0.0,0.0,0.0
1788436444.8769174,1.5,0.0,0.0,0.0,0.0022848371881991625,-0.0032895365729928017,0.75,0.439496248960495,0.0,0.0,0.0
1788436444.886286,1.5,0.0,0.0,0.0,0.0026603126898407936,-0.005313538946211338,0.75,0.4620828926563263,0.0,0.0,0.0
1788436444.896933,1.5,0.0,0.0,0.0,0.0032050025183707476,-0.0040884846821427345,0.75,0.47264158725738525,0.0,0.0,0.0
1788436444.9075727,1.5,0.0,0.0,0.0,0.0032050025183707476,-0.0040884846821427345,0.75,0.47264158725738525,0.0,0.0,0.0
1788436444.9161866,1.5,0.0,0.0,0.0,0.0016523635713383555,-4.0480048483004794e-05,0.75,0.49204444885253906,0.0,0.0,0.0
1788436444.926211,1.5,0.0,0.0,0.0,0.0008417782373726368,-0.0009725864510983229,0.75,0.5024322867393494,0.0,0.0,0.0
1788436444.939389,1.5,0.0,0.0,0.0,0.0007643445860594511,-0.009228385984897614,0.75,0.5121004581451416,0.0,0.0,0.0
1788436444.94623,1.5,0.0,0.0,0.0,0.0036352549213916063,-0.014155234210193157,0.75,0.5209330320358276,0.0,0.0,0.0
1788436444.9561949,1.5,0.0,0.0,0.0,0.006809484679251909,-0.021132715046405792,0.75,0.5299917459487915,0.0,0.0,0.0
1788436444.9674227,1.5,0.0,0.0,0.0,0.006809484679251909,-0.021132715046405792,0.75,0.5299917459487915,0.0,0.0,0.0
1788436444.9777792,1.5,0.0,0.0,0.0,0.013177182525396347,-0.023582823574543,0.75,0.5475414991378784,0.0,0.0,0.0
1788436444.9861667,1.5,0.0,0.0,0.0,0.014911022037267685,-0.024035561829805374,0.75,0.5555694103240967,0.0,0.0,0.0
1788436444.9964256,1.5,0.0,0.0,0.0,0.014911022037267685,-0.024035561829805374,0.75,0.5555694103240967,0.0,0.0,0.0
1788436445.007567,1.5,0.0,0.0,0.0,0.015177066437900066,-0.01612597331404686,0.75,0.5708426833152771,0.0,0.0,0.0
1788436445.0161936,1.5,0.0,0.0,0.0,0.013284276239573956,-0.009095227345824242,0.75,0.5774312615394592,0.0,0.0,0.0
1788436445.0284033,1.5,0.0,0.0,0.0,0.009858365170657635,-0.005739644635468721,0.75,0.5844650268554688,0.0,0.0,0.0
1788436445.0361986,1.5,0.0,0.0,0.0,0.009858365170657635,-0.005739644635468721,0.75,0.5844650268554688,0.0,0.0,0.0
1788436445.0461912,1.5,0.0,0.0,0.0,0.00411934545263648,-0.0001203748834086582,0.75,0.597953736782074,0.0,0.0,0.0
1788436445.0563684,1.5,0.0,0.0,0.0,0.00411934545263648,-0.0001203748834086582,0.75,0.597953736782074,0.0,0.0,0.0
1788436445.0662298,1.5,0.0,0.0,0.0,-0.0007400736794807017,0.006793033331632614,0.75,0.6078537106513977,0.0,0.0,0.0
1788436445.0761833,1.5,0.0,0.0,0.0,-0.002764774253591895,0.010048008523881435,0.75,0.6137223243713379,0.0,0.0,0.0
1788436445.0862682,1.5,0.0,0.0,0.0,-0.004925952292978764,0.010713797993957996,0.75,0.6180327534675598,0.0,0.0,0.0
1788436445.0970922,1.5,0.0,0.0,0.0,-0.006242936011403799,0.009974031709134579,0.75,0.6225070357322693,0.0,0.0,0.0
1788436445.1062098,1.5,0.0,0.0,0.0,-0.006641759071499109,0.010590503923594952,0.75,0.6264832615852356,0.0,0.0,0.0
1788436445.116194,1.5,0.0,0.0,0.0,-0.007058765739202499,0.010837092995643616,0.75,0.6301078796386719,0.0,0.0,0.0
1788436445.1263688,1.5,0.0,0.0,0.0,-0.007058765739202499,0.010837092995643616,0.75,0.6301078796386719,0.0,0.0,0.0
1788436445.136279,1.5,0.0,0.0,0.0,-0.008319582790136337,0.01357423048466444,0.75,0.6364467144012451,0.0,0.0,0.0
1788436445.1463287,1.5,0.0,0.0,0.0,-0.008950641378760338,0.013746842741966248,0.75,0.6395873427391052,0.0,0.0,0.0
1788436445.1562788,1.5,0.0,0.0,0.0,-0.008950641378760338,0.013746842741966248,0.75,0.6395873427391052,0.0,0.0,0.0
1788436445.1664476,1.5,0.0,0.0,0.0,-0.00932751689106226,0.014683880843222141,0.75,0.6410266757011414,0.0,0.0,0.0
1788436445.1762671,1.5,0.0,0.0,0.0,-0.01015858631581068,0.014116726815700531,0.75,0.645736813545227,0.0,0.0,0.0
1788436445.1895993,1.5,0.0,0.0,0.0,-0.01015858631581068,0.014116726815700531,0.75,0.645736813545227,0.0,0.0,0.0
1788436445.1962032,1.5,0.0,0.0,0.0,-0.009380422532558441,0.009875396266579628,0.75,0.6498925089836121,0.0,0.0,0.0
1788436445.2062137,1.5,0.0,0.0,0.0,-0.008178263902664185,0.007631435990333557,0.75,0.6498001217842102,0.0,0.0,0.0
1788436445.2163353,1.5,0.0,0.0,0.0,-0.008178263902664185,0.007631435990333557,0.75,0.6498001217842102,0.0,0.0,0.0
1788436445.2261767,1.5,0.0,0.0,0.0,-0.005392495542764664,0.0029955629725009203,0.75,0.6524336934089661,0.0,0.0,0.0
1788436445.236169,1.5,0.0,0.0,0.0,-0.0037563429214060307,0.0011954634683206677,0.75,0.6537127494812012,0.0,0.0,0.0
1788436445.2462778,1.5,0.0,0.0,0.0,-0.0023025230038911104,-0.000945954816415906,0.75,0.6544915437698364,0.0,0.0,0.0
1788436445.2593997,1.5,0.0,0.0,0.0,-0.0008197223651222885,-0.0029166939202696085,0.75,0.6537759900093079,0.0,0.0,0.0
1788436445.266448,1.5,0.0,0.0,0.0,0.0006174384616315365,-0.004514590837061405,0.75,0.6555741429328918,0.0,0.0,0.0
1788436445.2762017,1.5,0.0,0.0,0.0,0.0019003390334546566,-0.0067782774567604065,0.75,0.6549603343009949,0.0,0.0,0.0
1788436445.2862473,1.5,0.0,0.0,0.0,0.0019003390334546566,-0.0067782774567604065,0.75,0.6549603343009949,0.0,0.0,0.0
1788436445.296182,1.5,0.0,0.0,0.0,0.004343533422797918,-0.007390804588794708,0.75,0.6556036472320557,0.0,0.0,0.0
1788436445.3061845,1.5,0.0,0.0,0.0,0.004780083894729614,-0.0049406965263187885,0.75,0.6550751328468323,0.0,0.0,0.0
1788436445.3185077,1.5,0.0,0.0,0.0,0.004135189112275839,-0.0032895365729928017,0.75,0.6566109657287598,0.0,0.0,0.0
1788436445.32626,1.5,0.0,0.0,0.0,0.004135189112275839,-0.0032895365729928017,0.75,0.6566109657287598,0.0,0.0,0.0
1788436445.336189,1.5,0.0,0.0,0.0,0.0029460557270795107,-0.004541222471743822,0.75,0.6564373970031738,0.0,0.0,0.0
1788436445.3463256,1.5,0.0,0.0,0.0,0.0029460557270795107,-0.004541222471743822,0.75,0.6564373970031738,0.0,0.0,0.0
1788436445.3562088,1.5,0.0,0.0,0.0,0.002934444462880492,-0.007870174013078213,0.75,0.6549813747406006,0.0,0.0,0.0
1788436445.366187,1.5,0.0,0.0,0.0,0.004243356641381979,-0.008083226159214973,0.75,0.6557384729385376,0.0,0.0,0.0
1788436445.3763037,1.5,0.0,0.0,0.0,0.004243356641381979,-0.008083226159214973,0.75,0.6557384729385376,0.0,0.0,0.0
1788436445.3884804,1.5,0.0,0.0,0.0,0.005931171588599682,-0.006618488114327192,0.75,0.6557799577713013,0.0,0.0,0.0
1788436445.3961983,1.5,0.0,0.0,0.0,0.005302983336150646,-0.007470699492841959,0.75,0.6539543271064758,0.0,0.0,0.0
1788436445.406211,1.5,0.0,0.0,0.0,0.005288739688694477,-0.00675164582207799,0.75,0.6545794606208801,0.0,0.0,0.0
1788436445.4161816,1.5,0.0,0.0,0.0,0.005028180778026581,-0.004914064891636372,0.75,0.6545549035072327,0.0,0.0,0.0
1788436445.426175,1.5,0.0,0.0,0.0,0.004250050988048315,-0.004487959202378988,0.75,0.654025137424469,0.0,0.0,0.0
1788436445.436195,1.5,0.0,0.0,0.0,0.0037101823836565018,-0.004248274490237236,0.75,0.6544747352600098,0.0,0.0,0.0
1788436445.4466054,1.5,0.0,0.0,0.0,0.0037101823836565018,-0.004248274490237236,0.75,0.6544747352600098,0.0,0.0,0.0
1788436445.4561806,1.5,0.0,0.0,0.0,0.003111929399892688,-0.0029699571896344423,0.75,0.6539736986160278,0.0,0.0,0.0
1788436445.4661932,1.5,0.0,0.0,0.0,0.0026052002795040607,-0.0019313243683427572,0.75,0.6534465551376343,0.0,0.0,0.0
1788436445.4761758,1.5,0.0,0.0,0.0,0.001985372044146061,-0.000919323181733489,0.75,0.6534687280654907,0.0,0.0,0.0
1788436445.486393,1.5,0.0,0.0,0.0,0.001985372044146061,-0.000919323181733489,0.75,0.6534687280654907,0.0,0.0,0.0
1788436445.4961936,1.5,0.0,0.0,0.0,0.0008997373515740037,-0.0007861651247367263,0.75,0.6519687175750732,0.0,0.0,0.0
1788436445.5061946,1.5,0.0,0.0,0.0,0.0007276685209944844,-0.0010524812387302518,0.75,0.6533589959144592,0.0,0.0,0.0
1788436445.5164113,1.5,0.0,0.0,0.0,0.0007276685209944844,-0.0010524812387302518,0.75,0.6533589959144592,0.0,0.0,0.0
1788436445.526199,1.5,0.0,0.0,0.0,0.0003825365274678916,0.00030774305923841894,0.75,0.6533855199813843,0.0,0.0,0.0
1788436445.5364263,1.5,0.0,0.0,0.0,0.0003825365274678916,0.00030774305923841894,0.75,0.6533855199813843,0.0,0.0,0.0
1788436445.5462892,1.5,0.0,0.0,0.0,8.40493812575005e-05,-0.0006530071259476244,0.75,0.6527318954467773,0.0,0.0,0.0
1788436445.556376,1.5,0.0,0.0,0.0,0.0002722379576880485,-0.0033427998423576355,0.75,0.6541715264320374,0.0,0.0,0.0
1788436445.568423,1.5,0.0,0.0,0.0,0.0002722379576880485,-0.0033427998423576355,0.75,0.6541715264320374,0.0,0.0,0.0
1788436445.5776212,1.5,0.0,0.0,0.0,0.0013144741533324122,-0.0027835359796881676,0.75,0.653382420539856,0.0,0.0,0.0
1788436445.5862157,1.5,0.0,0.0,0.0,0.0019334148382768035,-0.0004665858286898583,0.75,0.6540905237197876,0.0,0.0,0.0
1788436445.5962055,1.5,0.0,0.0,0.0,0.0011327066458761692,-0.0006796387024223804,0.75,0.6548767685890198,0.0,0.0,0.0
1788436445.6062665,1.5,0.0,0.0,0.0,0.0008067964809015393,0.0009735333151184022,0.75,0.6556938290596008,0.0,0.0,0.0
1788436445.6163836,1.5,0.0,0.0,0.0,6.09356866334565e-05,0.0013434168649837375,0.75,0.6553142666816711,0.0,0.0,0.0
1788436445.6261835,1.5,0.0,0.0,0.0,-0.0004429565742611885,0.0005296731251291931,0.75,0.6568096876144409,0.0,0.0,0.0
1788436445.636326,1.5,0.0,0.0,0.0,-0.0004429565742611885,0.0005296731251291931,0.75,0.6568096876144409,0.0,0.0,0.0
1788436445.646174,1.5,0.0,0.0,0.0,-2.136958937626332e-05,-0.0005731122801080346,0.75,0.6579283475875854,0.0,0.0,0.0
1788436445.6562793,1.5,0.0,0.0,0.0,0.0001912855077534914,0.0002584252506494522,0.75,0.6582549214363098,0.0,0.0,0.0
1788436445.667476,1.5,0.0,0.0,0.0,0.0001912855077534914,0.0002584252506494522,0.75,0.6582549214363098,0.0,0.0,0.0
1788436445.6763608,1.5,0.0,0.0,0.0,4.717371666629333e-06,-6.711165769957006e-05,0.75,0.6590205430984497,0.0,0.0,0.0
1788436445.6861954,1.5,0.0,0.0,0.0,0.0009940576273947954,-0.0022242721170186996,0.75,0.6597278714179993,0.0,0.0,0.0
1788436445.6966944,1.5,0.0,0.0,0.0,0.0009940576273947954,-0.0022242721170186996,0.75,0.6597278714179993,0.0,0.0,0.0
1788436445.7061753,1.5,0.0,0.0,0.0,0.0011536335805431008,0.00011047186853829771,0.75,0.6620600819587708,0.0,0.0,0.0
1788436445.7162154,1.5,0.0,0.0,0.0,0.0005388104473240674,-0.0011590076610445976,0.75,0.6636207103729248,0.0,0.0,0.0
1788436445.7261992,1.5,0.0,0.0,0.0,0.0006783191347494721,-0.0018514295807108283,0.75,0.664030909538269,0.0,0.0,0.0
1788436445.7394397,1.5,0.0,0.0,0.0,0.000992222805507481,-0.0010791128734126687,0.75,0.6648324728012085,0.0,0.0,0.0
1788436445.7462323,1.5,0.0,0.0,0.0,0.0008772320579737425,0.00072694435948506,0.75,0.6667267680168152,0.0,0.0,0.0
1788436445.7562122,1.5,0.0,0.0,0.0,0.00018311792518943548,0.00013513077283278108,0.75,0.6669307351112366,0.0,0.0,0.0
1788436445.7662997,1.5,0.0,0.0,0.0,4.4080876250518486e-05,6.11540672252886e-05,0.75,0.6684516072273254,0.0,0.0,0.0
1788436445.7764654,1.5,0.0,0.0,0.0,4.4080876250518486e-05,6.11540672252886e-05,0.75,0.6684516072273254,0.0,0.0,0.0
1788436445.7862093,1.5,0.0,0.0,0.0,0.00039935612585395575,-9.374327055411413e-05,0.75,0.6694280505180359,0.0,0.0,0.0
1788436445.7962978,1.5,0.0,0.0,0.0,0.00023303827038034797,0.0001597896625753492,0.75,0.6705573201179504,0.0,0.0,0.0
1788436445.8072245,1.5,0.0,0.0,0.0,0.00023303827038034797,0.0001597896625753492,0.75,0.6705573201179504,0.0,0.0,0.0
1788436445.816177,1.5,0.0,0.0,0.0,-6.0835493059130386e-05,0.0002584252506494522,0.75,0.67254239320755,0.0,0.0,0.0
1788436445.827447,1.5,0.0,0.0,0.0,-6.0835493059130386e-05,0.0002584252506494522,0.75,0.67254239320755,0.0,0.0,0.0
1788436445.8361816,1.5,0.0,0.0,0.0,-0.0002910025359597057,-0.00028016456053592265,0.75,0.6731621623039246,0.0,0.0,0.0
1788436445.8461788,1.5,0.0,0.0,0.0,-4.6994337026262656e-05,-0.0011323761427775025,0.75,0.6738700866699219,0.0,0.0,0.0
1788436445.8564456,1.5,0.0,0.0,0.0,-4.6994337026262656e-05,-0.0011323761427775025,0.75,0.6738700866699219,0.0,0.0,0.0
1788436445.866202,1.5,0.0,0.0,0.0,0.0007373528205789626,-0.000919323181733489,0.75,0.6752021312713623,0.0,0.0,0.0
1788436445.8761845,1.5,0.0,0.0,0.0,0.0006932757678441703,0.0024037493858486414,0.75,0.6751118898391724,0.0,0.0,0.0
1788436445.8861947,1.5,0.0,0.0,0.0,-0.0004999812226742506,0.0051408871077001095,0.75,0.6758882403373718,0.0,0.0,0.0
1788436445.8961887,1.5,0.0,0.0,0.0,-0.0020622487645596266,0.003192834323272109,0.75,0.6763015389442444,0.0,0.0,0.0
1788436445.9062176,1.5,0.0,0.0,0.0,-0.002158066025003791,-0.0005997438565827906,0.75,0.6769207715988159,0.0,0.0,0.0
1788436445.9161973,1.5,0.0,0.0,0.0,-0.0008693961426615715,-0.003609115956351161,0.75,0.6766268610954285,0.0,0.0,0.0
1788436445.9266117,1.5,0.0,0.0,0.0,0.0008365990361198783,0.002551702782511711,0.75,0.6766652464866638,0.0,0.0,0.0
1788436445.936183,1.5,0.0,0.0,0.0,-0.00048034897190518677,0.003464082023128867,0.75,0.6770899891853333,0.0,0.0,0.0
1788436445.9465473,1.5,0.0,0.0,0.0,-0.0014614419778808951,0.0034394231624901295,0.75,0.6772498488426208,0.0,0.0,0.0
1788436445.956514,1.5,0.0,0.0,0.0,-0.0014614419778808951,0.0034394231624901295,0.75,0.6772498488426208,0.0,0.0,0.0
1788436445.9675612,1.5,0.0,0.0,0.0,-0.0019440872129052877,0.0005789909628219903,0.75,0.6771907210350037,0.0,0.0,0.0
1788436445.9764993,1.5,0.0,0.0,0.0,-0.0011776674073189497,0.0009488744544796646,0.75,0.6764160990715027,0.0,0.0,0.0
1788436445.9884908,1.5,0.0,0.0,0.0,-0.0009242023807018995,-0.0029699571896344423,0.75,0.6761682033538818,0.0,0.0,0.0
1788436445.9962823,1.5,0.0,0.0,0.0,0.0015550237149000168,-0.003582484321668744,0.75,0.675966739654541,0.0,0.0,0.0
1788436446.006228,1.5,0.0,0.0,0.0,0.0020413738675415516,0.00040637864731252193,0.75,0.6753649115562439,0.0,0.0,0.0
1788436446.0163286,1.5,0.0,0.0,0.0,0.0020413738675415516,0.00040637864731252193,0.75,0.6753649115562439,0.0,0.0,0.0
1788436446.0264795,1.5,0.0,0.0,0.0,0.0008791057043708861,0.00018444856686983258,0.75,0.6743544936180115,0.0,0.0,0.0
1788436446.0362077,1.5,0.0,0.0,0.0,9.941554708348121e-06,0.0010228510946035385,0.75,0.6741366386413574,0.0,0.0,0.0
1788436446.0461953,1.5,0.0,0.0,0.0,-0.00035551455221138895,0.0014667112845927477,0.75,0.6740199327468872,0.0,0.0,0.0
1788436446.056183,1.5,0.0,0.0,0.0,-0.0006949707167223096,0.0006776265217922628,0.75,0.6727955937385559,0.0,0.0,0.0
1788436446.0661967,1.5,0.0,0.0,0.0,-0.0005868670996278524,-1.3848437447450124e-05,0.75,0.6721615195274353,0.0,0.0,0.0
1788436446.0761716,1.5,0.0,0.0,0.0,-0.00028902507619932294,-0.0054733287543058395,0.75,0.6721806526184082,0.0,0.0,0.0
1788436446.0862052,1.5,0.0,0.0,0.0,0.0017842769157141447,-0.0054999603889882565,0.75,0.6716738939285278,0.0,0.0,0.0
1788436446.0961995,1.5,0.0,0.0,0.0,0.0028319822158664465,-0.005526592023670673,0.75,0.6715098023414612,0.0,0.0,0.0
1788436446.1061838,1.5,0.0,0.0,0.0,0.00336606428027153,-0.000945954816415906,0.75,0.6697516441345215,0.0,0.0,0.0
1788436446.1162872,1.5,0.0,0.0,0.0,0.00336606428027153,-0.000945954816415906,0.75,0.6697516441345215,0.0,0.0,0.0
1788436446.1275856,1.5,0.0,0.0,0.0,0.001494759926572442,-0.0019313243683427572,0.75,0.6693671941757202,0.0,0.0,0.0
1788436446.136196,1.5,0.0,0.0,0.0,0.0014292583800852299,-0.005286907311528921,0.75,0.6694924235343933,0.0,0.0,0.0
1788436446.1462626,1.5,0.0,0.0,0.0,0.0014292583800852299,-0.005286907311528921,0.75,0.6694924235343933,0.0,0.0,0.0
1788436446.158371,1.5,0.0,0.0,0.0,0.004553478676825762,-0.009041964076459408,0.75,0.6673287153244019,0.0,0.0,0.0
1788436446.1661747,1.5,0.0,0.0,0.0,0.005467167589813471,-0.00475427508354187,0.75,0.6680400967597961,0.0,0.0,0.0
1788436446.1771939,1.5,0.0,0.0,0.0,0.005467167589813471,-0.00475427508354187,0.75,0.6680400967597961,0.0,0.0,0.0
1788436446.1861916,1.5,0.0,0.0,0.0,0.0018585396464914083,0.0014667112845927477,0.75,0.6675232648849487,0.0,0.0,0.0
1788436446.1962016,1.5,0.0,0.0,0.0,0.0004138380754739046,0.008346544578671455,0.75,0.6661314368247986,0.0,0.0,0.0
1788436446.2063618,1.5,0.0,0.0,0.0,-0.002734414767473936,0.006620421074330807,0.75,0.665902853012085,0.0,0.0,0.0
1788436446.2183123,1.5,0.0,0.0,0.0,-0.003702713642269373,0.019418390467762947,0.75,0.6661986708641052,0.0,0.0,0.0
1788436446.2261992,1.5,0.0,0.0,0.0,-0.008698317222297192,0.019319754093885422,0.75,0.665705144405365,0.0,0.0,0.0
1788436446.2361827,1.5,0.0,0.0,0.0,-0.011165373027324677,0.029183313250541687,0.75,0.6659818291664124,0.0,0.0,0.0
1788436446.247475,1.5,0.0,0.0,0.0,-0.011165373027324677,0.029183313250541687,0.75,0.6659818291664124,0.0,0.0,0.0
1788436446.2574093,1.5,0.0,0.0,0.0,-0.015877604484558105,0.020404744893312454,0.75,0.6643861532211304,0.0,0.0,0.0
1788436446.2662063,1.5,0.0,0.0,0.0,-0.014366935938596725,0.014313997700810432,0.75,0.6648995280265808,0.0,0.0,0.0
1788436446.278463,1.5,0.0,0.0,0.0,-0.014366935938596725,0.014313997700810432,0.75,0.6648995280265808,0.0,0.0,0.0
1788436446.288479,1.5,0.0,0.0,0.0,-0.008715149015188217,0.001244781189598143,0.75,0.6651642322540283,0.0,0.0,0.0
1788436446.296275,1.5,0.0,0.0,0.0,-0.00480329804122448,-0.003129746997728944,0.75,0.6640913486480713,0.0,0.0,0.0
1788436446.3061414,1.5,0.0,0.0,0.0,-0.0013024667277932167,-0.000892691605258733,0.75,0.6651579737663269,0.0,0.0,0.0
1788436446.3162956,1.5,0.0,0.0,0.0,-0.0003376615059096366,-0.0009992180857807398,0.75,0.6648359298706055,0.0,0.0,0.0
1788436446.3261976,1.5,0.0,0.0,0.0,0.00018306163838133216,-0.0044346959330141544,0.75,0.6654942631721497,0.0,0.0,0.0
1788436446.3374443,1.5,0.0,0.0,0.0,0.00018306163838133216,-0.0044346959330141544,0.75,0.6654942631721497,0.0,0.0,0.0
1788436446.3463352,1.5,0.0,0.0,0.0,0.001654642866924405,-0.004248274490237236,0.75,0.6647932529449463,0.0,0.0,0.0
1788436446.3561826,1.5,0.0,0.0,0.0,0.0037133346777409315,-0.007683752570301294,0.75,0.6656515598297119,0.0,0.0,0.0
1788436446.368442,1.5,0.0,0.0,0.0,0.004567725118249655,-0.01522049866616726,0.75,0.6654706597328186,0.0,0.0,0.0
1788436446.3761601,1.5,0.0,0.0,0.0,0.007651927415281534,-0.0181766077876091,0.75,0.6664260029792786,0.0,0.0,0.0
1788436446.3862014,1.5,0.0,0.0,0.0,0.010238418355584145,-0.017910290509462357,0.75,0.6654196977615356,0.0,0.0,0.0
1788436446.3961756,1.5,0.0,0.0,0.0,0.01143987849354744,-0.013649233616888523,0.75,0.6660860776901245,0.0,0.0,0.0
1788436446.4075701,1.5,0.0,0.0,0.0,0.01143987849354744,-0.013649233616888523,0.75,0.6660860776901245,0.0,0.0,0.0
1788436446.4167163,1.5,0.0,0.0,0.0,0.009563304483890533,-0.013036706484854221,0.75,0.6675001978874207,0.0,0.0,0.0
1788436446.42621,1.5,0.0,0.0,0.0,0.009384051896631718,-0.01378239132463932,0.75,0.6682685017585754,0.0,0.0,0.0
1788436446.4361787,1.5,0.0,0.0,0.0,0.00955709908157587,-0.01245081052184105,0.75,0.6674920320510864,0.0,0.0,0.0
1788436446.4464152,1.5,0.0,0.0,0.0,0.00955709908157587,-0.01245081052184105,0.75,0.6674920320510864,0.0,0.0,0.0
1788436446.456173,1.5,0.0,0.0,0.0,0.00812865886837244,-0.0076304893009364605,0.75,0.6692991852760315,0.0,0.0,0.0
1788436446.4672625,1.5,0.0,0.0,0.0,0.006760168354958296,-0.007151120342314243,0.75,0.670106053352356,0.0,0.0,0.0
1788436446.4784026,1.5,0.0,0.0,0.0,0.0059058708138763905,-0.008349542506039143,0.75,0.6702110767364502,0.0,0.0,0.0
1788436446.4861603,1.5,0.0,0.0,0.0,0.0059004114009439945,-0.007870174013078213,0.75,0.670555591583252,0.0,0.0,0.0
1788436446.4974997,1.5,0.0,0.0,0.0,0.0059004114009439945,-0.007870174013078213,0.75,0.670555591583252,0.0,0.0,0.0
1788436446.5072796,1.5,0.0,0.0,0.0,0.005728726740926504,-0.006698382552713156,0.75,0.6718067526817322,0.0,0.0,0.0
1788436446.5161693,1.5,0.0,0.0,0.0,0.0027647577226161957,0.0006529676611535251,0.75,0.673332929611206,0.0,0.0,0.0
1788436446.5261927,1.5,0.0,0.0,0.0,0.0011544720036908984,0.0023790905252099037,0.75,0.673416793346405,0.0,0.0,0.0
1788436446.5361903,1.5,0.0,0.0,0.0,-0.00026032119058072567,0.0005543320439755917,0.75,0.6742796897888184,0.0,0.0,0.0
1788436446.5461946,1.5,0.0,0.0,0.0,-0.0003257386852055788,0.0014913702616468072,0.75,0.6755035519599915,0.0,0.0,0.0
1788436446.5562115,1.5,0.0,0.0,0.0,-0.0006887495983392,0.00072694435948506,0.75,0.6763036251068115,0.0,0.0,0.0
1788436446.5668094,1.5,0.0,0.0,0.0,-0.0006011330988258123,-0.00014700648898724467,0.75,0.676832914352417,0.0,0.0,0.0
1788436446.5764897,1.5,0.0,0.0,0.0,-0.00024923935416154563,-0.004141747951507568,0.75,0.6768773794174194,0.0,0.0,0.0
1788436446.5861769,1.5,0.0,0.0,0.0,0.0013348977081477642,-0.003609115956351161,0.75,0.6780290007591248,0.0,0.0,0.0
1788436446.5979712,1.5,0.0,0.0,0.0,0.0019405197817832232,-0.004035221878439188,0.75,0.6793268322944641,0.0,0.0,0.0
1788436446.6064148,1.5,0.0,0.0,0.0,0.0019405197817832232,-0.004035221878439188,0.75,0.6793268322944641,0.0,0.0,0.0
1788436446.616198,1.5,0.0,0.0,0.0,0.0011252262629568577,0.00045569645590148866,0.75,0.6803344488143921,0.0,0.0,0.0
1788436446.6262963,1.5,0.0,0.0,0.0,0.0011252262629568577,0.00045569645590148866,0.75,0.6803344488143921,0.0,0.0,0.0
1788436446.6361704,1.5,0.0,0.0,0.0,5.855683411937207e-05,-0.0008394283941015601,0.75,0.6814888119697571,0.0,0.0,0.0
1788436446.6476872,1.5,0.0,0.0,0.0,0.00032517340150661767,-0.001957956003025174,0.75,0.6823398470878601,0.0,0.0,0.0
1788436446.6563098,1.5,0.0,0.0,0.0,0.00032517340150661767,-0.001957956003025174,0.75,0.6823398470878601,0.0,0.0,0.0
1788436446.6665285,1.5,0.0,0.0,0.0,0.0012767656007781625,-0.0018514295807108283,0.75,0.6832051277160645,0.0,0.0,0.0
1788436446.6764233,1.5,0.0,0.0,0.0,0.0012767656007781625,-0.0018514295807108283,0.75,0.6832051277160645,0.0,0.0,0.0
1788436446.6862047,1.5,0.0,0.0,0.0,0.0011305720545351505,-0.00028016456053592265,0.75,0.6845930218696594,0.0,0.0,0.0
1788436446.6964219,1.5,0.0,0.0,0.0,0.0011305720545351505,-0.00028016456053592265,0.75,0.6845930218696594,0.0,0.0,0.0
1788436446.7062418,1.5,0.0,0.0,0.0,0.00045051673077978194,0.00033240194898098707,0.75,0.6852987408638,0.0,0.0,0.0
1788436446.7169888,1.5,0.0,0.0,0.0,0.00010846926306840032,-0.0005464806454256177,0.75,0.6852036714553833,0.0,0.0,0.0
1788436446.7266538,1.5,0.0,0.0,0.0,0.0002469233877491206,-1.3848437447450124e-05,0.75,0.6854866743087769,0.0,0.0,0.0
1788436446.7385247,1.5,0.0,0.0,0.0,0.0002469233877491206,-1.3848437447450124e-05,0.75,0.6854866743087769,0.0,0.0,0.0
1788436446.7462265,1.5,0.0,0.0,0.0,0.0005291705601848662,-0.000892691605258733,0.75,0.6865913271903992,0.0,0.0,0.0
1788436446.7562587,1.5,0.0,0.0,0.0,0.0005796310724690557,-0.0011856392957270145,0.75,0.6866459846496582,0.0,0.0,0.0
1788436446.7683725,1.5,0.0,0.0,0.0,0.0005796310724690557,-0.0011856392957270145,0.75,0.6866459846496582,0.0,0.0,0.0
1788436446.7761703,1.5,0.0,0.0,0.0,0.0005847896682098508,-9.374327055411413e-05,0.75,0.6868743896484375,0.0,0.0,0.0
1788436446.7863252,1.5,0.0,0.0,0.0,0.0005847896682098508,-9.374327055411413e-05,0.75,0.6868743896484375,0.0,0.0,0.0
1788436446.7961824,1.5,0.0,0.0,0.0,0.00023379738559015095,0.0006529676611535251,0.75,0.6872301697731018,0.0,0.0,0.0
1788436446.8061965,1.5,0.0,0.0,0.0,-0.00011304487998131663,0.0030448809266090393,0.75,0.6871210932731628,0.0,0.0,0.0
1788436446.81639,1.5,0.0,0.0,0.0,-0.00011304487998131663,0.0030448809266090393,0.75,0.6871210932731628,0.0,0.0,0.0
1788436446.8272276,1.5,0.0,0.0,0.0,-0.0011297508608549833,0.0032174931839108467,0.75,0.6868345141410828,0.0,0.0,0.0
1788436446.8361957,1.5,0.0,0.0,0.0,-0.0016288973856717348,-0.0021976404823362827,0.75,0.687515139579773,0.0,0.0,0.0
1788436446.8462098,1.5,0.0,0.0,0.0,-4.1223505832022056e-05,-0.001957956003025174,0.75,0.6873891353607178,0.0,0.0,0.0
1788436446.8562975,1.5,0.0,0.0,0.0,0.0006694166222587228,-0.0021177458111196756,0.75,0.6869945526123047,0.0,0.0,0.0
1788436446.8662846,1.5,0.0,0.0,0.0,0.0006694166222587228,-0.0021177458111196756,0.75,0.6869945526123047,0.0,0.0,0.0
1788436446.876181,1.5,0.0,0.0,0.0,0.0009032329544425011,-0.0010791128734126687,0.75,0.6883339881896973,0.0,0.0,0.0
1788436446.8863683,1.5,0.0,0.0,0.0,0.0009032329544425011,-0.0010791128734126687,0.75,0.6883339881896973,0.0,0.0,0.0
1788436446.8966186,1.5,0.0,0.0,0.0,0.0008326655370183289,-0.0004665858286898583,0.75,0.6880017518997192,0.0,0.0,0.0
1788436446.9063716,1.5,0.0,0.0,0.0,0.000793531711678952,0.0005543320439755917,0.75,0.687477171421051,0.0,0.0,0.0
1788436446.9176373,1.5,0.0,0.0,0.0,0.000793531711678952,0.0005543320439755917,0.75,0.687477171421051,0.0,0.0,0.0
1788436446.9275079,1.5,0.0,0.0,0.0,-0.00017240509623661637,0.0029215863905847073,0.75,0.6885537505149841,0.0,0.0,0.0
1788436446.9362013,1.5,0.0,0.0,0.0,-0.0011160247959196568,0.0004310375661589205,0.75,0.6884759068489075,0.0,0.0,0.0
1788436446.9463394,1.5,0.0,0.0,0.0,-0.0011160247959196568,0.0004310375661589205,0.75,0.6884759068489075,0.0,0.0,0.0
1788436446.9561741,1.5,0.0,0.0,0.0,-0.00027601560577750206,-0.0015052186790853739,0.75,0.6882094740867615,0.0,0.0,0.0
1788436446.9662173,1.5,0.0,0.0,0.0,0.0003922689356841147,-0.0010258496040478349,0.75,0.6891772747039795,0.0,0.0,0.0
1788436446.9774342,1.5,0.0,0.0,0.0,0.0003922689356841147,-0.0010258496040478349,0.75,0.6891772747039795,0.0,0.0,0.0
1788436446.9862235,1.5,0.0,0.0,0.0,-0.0013933535665273666,0.004820321686565876,0.75,0.6892526745796204,0.0,0.0,0.0
1788436446.9961925,1.5,0.0,0.0,0.0,-0.002396673196926713,0.004573732614517212,0.75,0.6892481446266174,0.0,0.0,0.0
1788436447.0094218,1.5,0.0,0.0,0.0,-0.002812232356518507,0.0022064782679080963,0.75,0.6904683709144592,0.0,0.0,0.0
1788436447.0163984,1.5,0.0,0.0,0.0,-0.002186029916629195,0.0017626180779188871,0.75,0.6907280087471008,0.0,0.0,0.0
1788436447.0264006,1.5,0.0,0.0,0.0,-0.0017159907147288322,0.002477726200595498,0.75,0.6904083490371704,0.0,0.0,0.0
1788436447.036192,1.5,0.0,0.0,0.0,-0.0017326256493106484,0.0007022854406386614,0.75,0.6903263926506042,0.0,0.0,0.0
1788436447.0462766,1.5,0.0,0.0,0.0,-0.0011152203660458326,0.0014913702616468072,0.75,0.6905691027641296,0.0,0.0,0.0
1788436447.0562003,1.5,0.0,0.0,0.0,-0.0010841257171705365,0.0008748977561481297,0.75,0.6918840408325195,0.0,0.0,0.0
1788436447.066157,1.5,0.0,0.0,0.0,-0.0008512839558534324,-0.0007861651247367263,0.75,0.6917927265167236,0.0,0.0,0.0
1788436447.0765498,1.5,0.0,0.0,0.0,-0.0008512839558534324,-0.0007861651247367263,0.75,0.6917927265167236,0.0,0.0,0.0
1788436447.086371,1.5,0.0,0.0,0.0,-0.00014925120922271162,-0.0012122709304094315,0.75,0.692233145236969,0.0,0.0,0.0
1788436447.0961852,1.5,0.0,0.0,0.0,0.0007351940148510039,-0.0013187973527237773,0.75,0.6929349303245544,0.0,0.0,0.0
1788436447.1082287,1.5,0.0,0.0,0.0,0.0008329852134920657,-0.0011323761427775025,0.75,0.6934415102005005,0.0,0.0,0.0
1788436447.1162984,1.5,0.0,0.0,0.0,0.0008329852134920657,-0.0011323761427775025,0.75,0.6934415102005005,0.0,0.0,0.0
1788436447.1263235,1.5,0.0,0.0,0.0,0.000601386942435056,-0.0010791128734126687,0.75,0.6937023997306824,0.0,0.0,0.0
1788436447.1362813,1.5,0.0,0.0,0.0,0.000601386942435056,-0.0010791128734126687,0.75,0.6937023997306824,0.0,0.0,0.0
1788436447.1494522,1.5,0.0,0.0,0.0,0.000681499601341784,-0.0008394283941015601,0.75,0.693875253200531,0.0,0.0,0.0
1788436447.1561925,1.5,0.0,0.0,0.0,0.0007181800901889801,3.649517020676285e-05,0.75,0.694774329662323,0.0,0.0,0.0
1788436447.1664183,1.5,0.0,0.0,0.0,0.0003468056092970073,0.001565346959978342,0.75,0.6950628161430359,0.0,0.0,0.0
1788436447.1761947,1.5,0.0,0.0,0.0,-0.00037800855352543294,0.0018119359156116843,0.75,0.6947405934333801,0.0,0.0,0.0
1788436447.18619,1.5,0.0,0.0,0.0,-0.0008279067114926875,0.0019845482893288136,0.75,0.6956188678741455,0.0,0.0,0.0
1788436447.1963851,1.5,0.0,0.0,0.0,-0.0011140533024445176,8.581297151977196e-05,0.75,0.6960715651512146,0.0,0.0,0.0
1788436447.2061973,1.5,0.0,0.0,0.0,-0.0011140533024445176,8.581297151977196e-05,0.75,0.6960715651512146,0.0,0.0,0.0
1788436447.2161913,1.5,0.0,0.0,0.0,0.0015687624691054225,-0.006059224251657724,0.75,0.6960877180099487,0.0,0.0,0.0
1788436447.2263865,1.5,0.0,0.0,0.0,0.0029211598448455334,-0.006618488114327192,0.75,0.6960448026657104,0.0,0.0,0.0
1788436447.2381835,1.5,0.0,0.0,0.0,0.0029211598448455334,-0.006618488114327192,0.75,0.6960448026657104,0.0,0.0,0.0
1788436447.2462194,1.5,0.0,0.0,0.0,0.002440716838464141,-0.001984587637707591,0.75,0.697354793548584,0.0,0.0,0.0
1788436447.256227,1.5,0.0,0.0,0.0,0.0019217700464650989,-0.0012122709304094315,0.75,0.6978586912155151,0.0,0.0,0.0
1788436447.2665277,1.5,0.0,0.0,0.0,0.001389683922752738,-0.000919323181733489,0.75,0.6975595951080322,0.0,0.0,0.0
1788436447.2769034,1.5,0.0,0.0,0.0,0.001389683922752738,-0.000919323181733489,0.75,0.6975595951080322,0.0,0.0,0.0
1788436447.2862031,1.5,0.0,0.0,0.0,0.0006470891530625522,-0.0005731122801080346,0.75,0.69867342710495,0.0,0.0,0.0
1788436447.2963572,1.5,0.0,0.0,0.0,0.0006470891530625522,-0.0005731122801080346,0.75,0.69867342710495,0.0,0.0,0.0
1788436447.3093863,1.5,0.0,0.0,0.0,0.0004748232604470104,-0.005233644042164087,0.75,0.6985549926757812,0.0,0.0,0.0
1788436447.3161883,1.5,0.0,0.0,0.0,0.0020823408849537373,-0.005952697712928057,0.75,0.6988138556480408,0.0,0.0,0.0
1788436447.3267155,1.5,0.0,0.0,0.0,0.0031408178620040417,-0.006511961575597525,0.75,0.7001035213470459,0.0,0.0,0.0
1788436447.336229,1.5,0.0,0.0,0.0,0.0038680164143443108,-0.0010791128734126687,0.75,0.7000206112861633,0.0,0.0,0.0
1788436447.3461998,1.5,0.0,0.0,0.0,0.002317443024367094,0.0034394231624901295,0.75,0.7003445625305176,0.0,0.0,0.0
1788436447.3564394,1.5,0.0,0.0,0.0,-5.160373984836042e-05,0.003192834323272109,0.75,0.699804961681366,0.0,0.0,0.0
1788436447.3663085,1.5,0.0,0.0,0.0,-5.160373984836042e-05,0.003192834323272109,0.75,0.699804961681366,0.0,0.0,0.0
1788436447.3762927,1.5,0.0,0.0,0.0,-0.0008674562559463084,-0.006325540132820606,0.75,0.7007250785827637,0.0,0.0,0.0
1788436447.3862002,1.5,0.0,0.0,0.0,0.0017949510365724564,-0.00555322365835309,0.75,0.700656533241272,0.0,0.0,0.0
1788436447.39648,1.5,0.0,0.0,0.0,0.0017949510365724564,-0.00555322365835309,0.75,0.700656533241272,0.0,0.0,0.0
1788436447.4061854,1.5,0.0,0.0,0.0,0.002768047619611025,-0.002037850907072425,0.75,0.700349748134613,0.0,0.0,0.0
1788436447.416185,1.5,0.0,0.0,0.0,0.0021044709719717503,-0.0022509037517011166,0.75,0.7010091543197632,0.0,0.0,0.0
1788436447.4275417,1.5,0.0,0.0,0.0,0.0021044709719717503,-0.0022509037517011166,0.75,0.7010091543197632,0.0,0.0,0.0
1788436447.4361782,1.5,0.0,0.0,0.0,0.0016527107218280435,-0.000945954816415906,0.75,0.7005487084388733,0.0,0.0,0.0
1788436447.4461884,1.5,0.0,0.0,0.0,0.0011610774090513587,-0.0015318503137677908,0.75,0.7000534534454346,0.0,0.0,0.0
1788436447.4563236,1.5,0.0,0.0,0.0,0.0011610774090513587,-0.0015318503137677908,0.75,0.7000534534454346,0.0,0.0,0.0
1788436447.4664676,1.5,0.0,0.0,0.0,0.0010357638821005821,0.0005789909628219903,0.75,0.70065838098526,0.0,0.0,0.0
1788436447.4766238,1.5,0.0,0.0,0.0,0.00031465606298297644,0.0014173935633152723,0.75,0.7004523873329163,0.0,0.0,0.0
1788436447.4863207,1.5,0.0,0.0,0.0,-0.00034196453634649515,0.0028969275299459696,0.75,0.6998342871665955,0.0,0.0,0.0
1788436447.4962142,1.5,0.0,0.0,0.0,-0.0011922501726076007,-0.00041332258842885494,0.75,0.6999011039733887,0.0,0.0,0.0
1788436447.506184,1.5,0.0,0.0,0.0,-0.0004514132160693407,0.000924215535633266,0.75,0.7003347873687744,0.0,0.0,0.0
1788436447.516172,1.5,0.0,0.0,0.0,-0.0005518001271411777,-0.0007329019135795534,0.75,0.700151801109314,0.0,0.0,0.0
1788436447.5274749,1.5,0.0,0.0,0.0,-0.0005518001271411777,-0.0007329019135795534,0.75,0.700151801109314,0.0,0.0,0.0
1788436447.5364592,1.5,0.0,0.0,0.0,-0.0006910868105478585,8.581297151977196e-05,0.75,0.6990589499473572,0.0,0.0,0.0
1788436447.546213,1.5,0.0,0.0,0.0,-0.00037634343607351184,-0.00033342777169309556,0.75,0.6993910670280457,0.0,0.0,0.0
1788436447.5562885,1.5,0.0,0.0,0.0,-0.00037634343607351184,-0.00033342777169309556,0.75,0.6993910670280457,0.0,0.0,0.0
1788436447.566224,1.5,0.0,0.0,0.0,0.0003729425370693207,-0.00043995422311127186,0.75,0.6988266110420227,0.0,0.0,0.0
1788436447.5761878,1.5,0.0,0.0,0.0,0.0003418287087697536,0.0002091074566124007,0.75,0.6981242895126343,0.0,0.0,0.0
1788436447.5862174,1.5,0.0,0.0,0.0,0.0003418287087697536,0.0002091074566124007,0.75,0.6981242895126343,0.0,0.0,0.0
1788436447.5964081,1.5,0.0,0.0,0.0,9.749165474204347e-05,-0.0007329019135795534,0.75,0.6980865597724915,0.0,0.0,0.0
1788436447.6061926,1.5,0.0,0.0,0.0,0.0007406262448057532,-0.0017449031583964825,0.75,0.6977459192276001,0.0,0.0,0.0
1788436447.6181507,1.5,0.0,0.0,0.0,0.0007406262448057532,-0.0017449031583964825,0.75,0.6977459192276001,0.0,0.0,0.0
1788436447.6261835,1.5,0.0,0.0,0.0,0.0009491450618952513,-0.0015318503137677908,0.75,0.6964491009712219,0.0,0.0,0.0
1788436447.6366005,1.5,0.0,0.0,0.0,0.0010152212344110012,-0.0016117451013997197,0.75,0.6968430876731873,0.0,0.0,0.0
1788436447.6477387,1.5,0.0,0.0,0.0,0.0010764705948531628,-0.0019313243683427572,0.75,0.696746826171875,0.0,0.0,0.0
1788436447.6561744,1.5,0.0,0.0,0.0,0.0012197770411148667,-0.0017715347930788994,0.75,0.6967347860336304,0.0,0.0,0.0
1788436447.666303,1.5,0.0,0.0,0.0,0.0012197770411148667,-0.0017715347930788994,0.75,0.6967347860336304,0.0,0.0,0.0
1788436447.6764753,1.5,0.0,0.0,0.0,0.0009801588021218777,-0.0007861651247367263,0.75,0.6963865160942078,0.0,0.0,0.0
1788436447.686313,1.5,0.0,0.0,0.0,0.0009801588021218777,-0.0007861651247367263,0.75,0.6963865160942078,0.0,0.0,0.0
1788436447.696178,1.5,0.0,0.0,0.0,0.0003456552803982049,-0.0006263754912652075,0.75,0.6973040699958801,0.0,0.0,0.0
1788436447.706193,1.5,0.0,0.0,0.0,0.0003938653680961579,-0.0007062703371047974,0.75,0.6969899535179138,0.0,0.0,0.0
1788436447.7177844,1.5,0.0,0.0,0.0,0.0003938653680961579,-0.0007062703371047974,0.75,0.6969899535179138,0.0,0.0,0.0
1788436447.7261815,1.5,0.0,0.0,0.0,8.890950994100422e-05,0.00023376636090688407,0.75,0.6975046992301941,0.0,0.0,0.0
1788436447.7365294,1.5,0.0,0.0,0.0,-3.786223896895535e-05,-0.00033342777169309556,0.75,0.6977317929267883,0.0,0.0,0.0
1788436447.747464,1.5,0.0,0.0,0.0,-3.786223896895535e-05,-0.00033342777169309556,0.75,0.6977317929267883,0.0,0.0,0.0
1788436447.7563295,1.5,0.0,0.0,0.0,9.855158714344725e-05,-0.0019046928500756621,0.75,0.6980308294296265,0.0,0.0,0.0
1788436447.7661936,1.5,0.0,0.0,0.0,0.0011729823891073465,-0.0008660599705763161,0.75,0.6981161832809448,0.0,0.0,0.0
1788436447.7762756,1.5,0.0,0.0,0.0,0.0011729823891073465,-0.0008660599705763161,0.75,0.6981161832809448,0.0,0.0,0.0
1788436447.7883668,1.5,0.0,0.0,0.0,-0.00029583476134575903,0.002157160546630621,0.75,0.6991181373596191,0.0,0.0,0.0
1788436447.7961946,1.5,0.0,0.0,0.0,-0.000908424612134695,0.0010968277929350734,0.75,0.6987770795822144,0.0,0.0,0.0
1788436447.808405,1.5,0.0,0.0,0.0,-0.000841509026940912,-0.002490588231012225,0.75,0.6990405917167664,0.0,0.0,0.0
1788436447.816588,1.5,0.0,0.0,0.0,0.0004563507973216474,-0.003023220458999276,0.75,0.6998303532600403,0.0,0.0,0.0
1788436447.8262002,1.5,0.0,0.0,0.0,0.001294046058319509,-0.002144377212971449,0.75,0.7002095580101013,0.0,0.0,0.0
1788436447.8362029,1.5,0.0,0.0,0.0,0.0014038282679393888,-0.0017981663113459945,0.75,0.7002321481704712,0.0,0.0,0.0
1788436447.84635,1.5,0.0,0.0,0.0,0.0014038282679393888,-0.0017981663113459945,0.75,0.7002321481704712,0.0,0.0,0.0
1788436447.8562026,1.5,0.0,0.0,0.0,0.0008808438433334231,-0.0027835359796881676,0.75,0.70015549659729,0.0,0.0,0.0
1788436447.8661861,1.5,0.0,0.0,0.0,0.0014221597230061889,-0.000919323181733489,0.75,0.7003769874572754,0.0,0.0,0.0
1788436447.876396,1.5,0.0,0.0,0.0,0.0010362302418798208,-0.002064482541754842,0.75,0.7006477117538452,0.0,0.0,0.0
1788436447.8875241,1.5,0.0,0.0,0.0,0.0010362302418798208,-0.002064482541754842,0.75,0.7006477117538452,0.0,0.0,0.0
1788436447.8963509,1.5,0.0,0.0,0.0,0.000585345842409879,-0.0016650083707645535,0.75,0.7001276016235352,0.0,0.0,0.0
1788436447.9084003,1.5,0.0,0.0,0.0,0.0008799590286798775,-0.00014700648898724467,0.75,0.7004867792129517,0.0,0.0,0.0
1788436447.9161954,1.5,0.0,0.0,0.0,0.0004924985696561635,-0.0009725864510983229,0.75,0.7003797292709351,0.0,0.0,0.0
1788436447.927966,1.5,0.0,0.0,0.0,0.0005894236383028328,-0.0013187973527237773,0.75,0.7004056572914124,0.0,0.0,0.0
1788436447.9375565,1.5,0.0,0.0,0.0,0.0005894236383028328,-0.0013187973527237773,0.75,0.7004056572914124,0.0,0.0,0.0
1788436447.9461827,1.5,0.0,0.0,0.0,0.001868479186668992,-0.0035025894176214933,0.75,0.7000609636306763,0.0,0.0,0.0
1788436447.956183,1.5,0.0,0.0,0.0,0.002170195570215583,-0.003689010627567768,0.75,0.699727475643158,0.0,0.0,0.0
1788436447.9684339,1.5,0.0,0.0,0.0,0.0023869990836828947,-0.0012122709304094315,0.75,0.6998772621154785,0.0,0.0,0.0
1788436447.976233,2.8970375061035156,-0.41661831736564636,-0.011411497369408607,-0.0,0.0016226727748289704,-0.0018247979460284114,0.0,0.6989856362342834,0.0,0.0,0.0
1788436447.9863586,2.8970375061035156,-0.41661831736564636,-0.011411497369408607,-0.0,0.0016226727748289704,-0.0018247979460284114,0.0,0.6989856362342834,0.0,0.0,0.0
1788436447.996194,2.8970375061035156,-0.41661831736564636,-0.011411497369408607,-0.0,0.0,-0.0006263754912652075,0.0,0.6985247135162354,0.0,0.0,0.0
1788436448.006192,2.8970375061035156,-0.41661831736564636,-0.011411497369408607,-0.0,0.0,-0.0004665858286898583,0.0,0.6981469392776489,0.0,0.0,0.0
1788436448.0184052,2.8970375061035156,-0.41661831736564636,-0.011411497369408607,-0.0,0.0,-0.0011590076610445976,0.0,0.6977477669715881,0.0,0.0,0.0
1788436448.026336,2.8970375061035156,-0.41661831736564636,-0.011411497369408607,-0.0,0.0,-0.0005997438565827906,0.0,0.6962206363677979,0.0,0.0,0.0
1788436448.036172,2.8970375061035156,-0.41661831736564636,-0.011411497369408607,-0.0,0.0,-0.0005198490689508617,0.0,0.6958560943603516,0.0,0.0,0.0
1788436448.046313,2.8970375061035156,-0.41661831736564636,-0.011411497369408607,-0.0,0.0,-0.0005198490689508617,0.0,0.6958560943603516,0.0,0.0,0.0
1788436448.0561998,2.8228883743286133,-0.42551252245903015,-0.009004578925669193,-0.0,0.0,-0.0006530071259476244,0.0,0.6947832107543945,0.0731330181176407,0.002098514662651773,0.002406918945608627
1788436448.0662158,2.8228883743286133,-0.42551252245903015,-0.009004578925669193,-0.0,0.0,-0.003209641668945551,0.0,0.6915482878684998,0.0731330181176407,0.002098514662651773,0.002406918945608627
1788436448.0762424,2.8228883743286133,-0.42551252245903015,-0.009004578925669193,-0.0,0.0,-0.002650377806276083,0.0,0.6891831755638123,0.0731330181176407,0.002098514662651773,0.002406918945608627
1788436448.0861907,2.8228883743286133,-0.42551252245903015,-0.009004578925669193,-0.0,0.0,-0.0027302727103233337,0.0,0.6870891451835632,0.0731330181176407,0.002098514662651773,0.002406918945608627
1788436448.0974283,2.8228883743286133,-0.42551252245903015,-0.009004578925669193,-0.0,0.0,-0.0027302727103233337,0.0,0.6870891451835632,0.0731330181176407,0.002098514662651773,0.002406918945608627
1788436448.106333,2.8228883743286133,-0.42551252245903015,-0.009004578925669193,-0.0,0.0,-0.001984587637707591,0.0,0.6821566820144653,0.0731330181176407,0.002098514662651773,0.002406918945608627
1788436448.1162646,2.8228883743286133,-0.42551252245903015,-0.009004578925669193,-0.0,0.0,-0.0012655341997742653,0.0,0.6795329451560974,0.0731330181176407,0.002098514662651773,0.002406918945608627
1788436448.1262033,2.8228883743286133,-0.42551252245903015,-0.009004578925669193,-0.0,0.0,-0.0012655341997742653,0.0,0.6795329451560974,0.0731330181176407,0.002098514662651773,0.002406918945608627
1788436448.1364207,2.8228883743286133,-0.42551252245903015,-0.009004578925669193,-0.0,0.0,-0.0018514295807108283,0.0,0.6768837571144104,0.0731330181176407,0.002098514662651773,0.002406918945608627
1788436448.146169,2.8228883743286133,-0.42551252245903015,-0.009004578925669193,-0.0,0.0,-0.008216384798288345,0.0,0.6755551695823669,0.0731330181176407,0.002098514662651773,0.002406918945608627
1788436448.1561918,2.7570083141326904,-0.4297151565551758,-0.006667317356914282,-0.0,0.0,-0.008056594990193844,0.0,0.6743006706237793,0.06488325287383521,-0.0022423680920623766,0.002337261341496699
1788436448.1670356,2.7570083141326904,-0.4297151565551758,-0.006667317356914282,-0.0,0.0,-0.008056594990193844,0.0,0.6743006706237793,0.06488325287383521,-0.0022423680920623766,0.002337261341496699
1788436448.1797614,2.7570083141326904,-0.4297151565551758,-0.006667317356914282,-0.0,0.0,-0.002543851500377059,0.0,0.6700224280357361,0.06488325287383521,-0.0022423680920623766,0.002337261341496699
1788436448.186193,2.7570083141326904,-0.4297151565551758,-0.006667317356914282,-0.0,0.0,-0.0018514295807108283,0.0,0.6689919233322144,0.06488325287383521,-0.0022423680920623766,0.002337261341496699
1788436448.1964493,2.7570083141326904,-0.4297151565551758,-0.006667317356914282,-0.0,0.0,-0.0018514295807108283,0.0,0.6689919233322144,0.06488325287383521,-0.0022423680920623766,0.002337261341496699
1788436448.2085984,2.7570083141326904,-0.4297151565551758,-0.006667317356914282,-0.0,0.0,-0.0015851134667173028,0.0,0.6664685606956482,0.06488325287383521,-0.0022423680920623766,0.002337261341496699
1788436448.2161674,2.7570083141326904,-0.4297151565551758,-0.006667317356914282,-0.0,0.0,-0.0026770094409585,0.0,0.6612420082092285,0.06488325287383521,-0.0022423680920623766,0.002337261341496699
1788436448.226293,2.7570083141326904,-0.4297151565551758,-0.006667317356914282,-0.0,0.0,-0.0026770094409585,0.0,0.6612420082092285,0.06488325287383521,-0.0022423680920623766,0.002337261341496699
1788436448.2361774,2.7570083141326904,-0.4297151565551758,-0.006667317356914282,-0.0,0.0,-0.004914064891636372,0.0,0.6563062071800232,0.06488325287383521,-0.0022423680920623766,0.002337261341496699
1788436448.2461894,2.7570083141326904,-0.4297151565551758,-0.006667317356914282,-0.0,0.0,-0.0035025894176214933,0.0,0.6521635055541992,0.06488325287383521,-0.0022423680920623766,0.002337261341496699
1788436448.2567966,2.7570083141326904,-0.4297151565551758,-0.006667317356914282,-0.0,0.0,-0.0035025894176214933,0.0,0.6521635055541992,0.06488325287383521,-0.0022423680920623766,0.002337261341496699
1788436448.2665827,2.69126296043396,-0.4338490962982178,-0.00438661128282547,-0.0,0.0,-0.008562595583498478,0.0,0.6445383429527283,0.06476287008697663,-0.0020051819102264827,0.0022807061960348207
1788436448.2762067,2.69126296043396,-0.4338490962982178,-0.00438661128282547,-0.0,0.0,-0.009255017153918743,0.0,0.640147864818573,0.06476287008697663,-0.0020051819102264827,0.0022807061960348207
1788436448.2894237,2.69126296043396,-0.4338490962982178,-0.00438661128282547,-0.0,0.0,-0.009121859446167946,0.0,0.6362057328224182,0.06476287008697663,-0.0020051819102264827,0.0022807061960348207
1788436448.2961857,2.69126296043396,-0.4338490962982178,-0.00438661128282547,-0.0,0.0,-0.0017449031583964825,0.0,0.6310463547706604,0.06476287008697663,-0.0020051819102264827,0.0022807061960348207
1788436448.3062086,2.69126296043396,-0.4338490962982178,-0.00438661128282547,-0.0,0.0,-0.0004665858286898583,0.0,0.6258201599121094,0.06476287008697663,-0.0020051819102264827,0.0022807061960348207
1788436448.3162026,2.69126296043396,-0.4338490962982178,-0.00438661128282547,-0.0,0.0,-0.0012921657180413604,0.0,0.6205976009368896,0.06476287008697663,-0.0020051819102264827,0.0022807061960348207
1788436448.3262215,2.69126296043396,-0.4338490962982178,-0.00438661128282547,-0.0,0.0,-0.0005731122801080346,0.0,0.6151899695396423,0.06476287008697663,-0.0020051819102264827,0.0022807061960348207
1788436448.336183,2.69126296043396,-0.4338490962982178,-0.00438661128282547,-0.0,0.0,0.004351802635937929,0.0,0.6086923480033875,0.06476287008697663,-0.0020051819102264827,0.0022807061960348207
1788436448.3462281,2.69126296043396,-0.4338490962982178,-0.00438661128282547,-0.0,0.0,0.004623050335794687,0.0,0.6033463478088379,0.06476287008697663,-0.0020051819102264827,0.0022807061960348207
1788436448.35858,2.69126296043396,-0.4338490962982178,-0.00438661128282547,-0.0,0.0,0.004623050335794687,0.0,0.6033463478088379,0.06476287008697663,-0.0020051819102264827,0.0022807061960348207
1788436448.3662715,2.69126296043396,-0.4338490962982178,-0.00438661128282547,-0.0,0.0,-0.002517219865694642,0.0,0.5909758806228638,0.06476287008697663,-0.0020051819102264827,0.0022807061960348207
1788436448.3783114,2.69126296043396,-0.4338490962982178,-0.00438661128282547,-0.0,0.0,-0.002517219865694642,0.0,0.5909758806228638,0.06476287008697663,-0.0020051819102264827,0.0022807061960348207
1788436448.3864222,2.6161348819732666,-0.4351925253868103,-0.0034998178016394377,-0.0,0.0,-0.001957956003025174,0.0,0.5853774547576904,0.07474316865335125,-0.0009766899995059287,0.0008867934300114122
1788436448.3965,2.6161348819732666,-0.4351925253868103,-0.0034998178016394377,-0.0,0.0,0.00033240194898098707,0.0,0.5721083283424377,0.07474316865335125,-0.0009766899995059287,0.0008867934300114122
1788436448.4061973,2.6161348819732666,-0.4351925253868103,-0.0034998178016394377,-0.0,0.0,-0.00014700648898724467,0.0,0.5649190545082092,0.07474316865335125,-0.0009766899995059287,0.0008867934300114122
1788436448.4162645,2.6161348819732666,-0.4351925253868103,-0.0034998178016394377,-0.0,0.0,-0.00014700648898724467,0.0,0.5649190545082092,0.07474316865335125,-0.0009766899995059287,0.0008867934300114122
1788436448.4271312,2.6161348819732666,-0.4351925253868103,-0.0034998178016394377,-0.0,0.0,-0.003049852093681693,0.0,0.5508052110671997,0.07474316865335125,-0.0009766899995059287,0.0008867934300114122
1788436448.436177,2.6161348819732666,-0.4351925253868103,-0.0034998178016394377,-0.0,0.0,-0.0026237464044243097,0.0,0.5410570502281189,0.07474316865335125,-0.0009766899995059287,0.0008867934300114122
1788436448.4462364,2.6161348819732666,-0.4351925253868103,-0.0034998178016394377,-0.0,0.0,-0.0019313243683427572,0.0,0.5313135981559753,0.07474316865335125,-0.0009766899995059287,0.0008867934300114122
1788436448.4563925,2.6161348819732666,-0.4351925253868103,-0.0034998178016394377,-0.0,0.0,-0.0019313243683427572,0.0,0.5313135981559753,0.07474316865335125,-0.0009766899995059287,0.0008867934300114122
1788436448.467506,2.557823419570923,-0.4348422884941101,-0.00220433808863163,-0.0,0.0,-0.00028016456053592265,0.0,0.5212961435317993,0.057750221112521385,-0.0036642332892130626,0.001295479568158786
1788436448.4761837,2.557823419570923,-0.4348422884941101,-0.00220433808863163,-0.0,0.0,-0.00430153775960207,0.0,0.5011603236198425,0.057750221112521385,-0.0036642332892130626,0.001295479568158786
1788436448.486415,2.557823419570923,-0.4348422884941101,-0.00220433808863163,-0.0,0.0,-0.00430153775960207,0.0,0.5011603236198425,0.057750221112521385,-0.0036642332892130626,0.001295479568158786
1788436448.4974995,2.557823419570923,-0.4348422884941101,-0.00220433808863163,-0.0,0.0,-0.005792907904833555,0.0,0.48969778418540955,0.057750221112521385,-0.0036642332892130626,0.001295479568158786
1788436448.5063112,2.557823419570923,-0.4348422884941101,-0.00220433808863163,-0.0,0.0,-0.0018780612153932452,0.0,0.4687042236328125,0.057750221112521385,-0.0036642332892130626,0.001295479568158786
1788436448.516296,2.557823419570923,-0.4348422884941101,-0.00220433808863163,-0.0,0.0,-0.0018780612153932452,0.0,0.4687042236328125,0.057750221112521385,-0.0036642332892130626,0.001295479568158786
1788436448.5264409,2.557823419570923,-0.4348422884941101,-0.00220433808863163,-0.0,0.0,-0.0013454289874061942,0.0,0.4582478106021881,0.057750221112521385,-0.0036642332892130626,0.001295479568158786
1788436448.5361867,2.557823419570923,-0.4348422884941101,-0.00220433808863163,-0.0,0.0,-0.008189752697944641,0.0,0.4345379173755646,0.057750221112521385,-0.0036642332892130626,0.001295479568158786
1788436448.5462682,2.5117764472961426,-0.4417516589164734,-0.00046230602310970426,-0.0,0.0,-0.008189752697944641,0.0,0.4345379173755646,0.04528127714360648,0.0025331066685449558,0.0017420321729564314
1788436448.5562375,2.5117764472961426,-0.4417516589164734,-0.00046230602310970426,-0.0,0.0,-0.008882175199687481,0.0,0.4234229028224945,0.04528127714360648,0.0025331066685449558,0.0017420321729564314
1788436448.5661786,2.5117764472961426,-0.4417516589164734,-0.00046230602310970426,-0.0,0.0,-0.0029699571896344423,0.0,0.4008067548274994,0.04528127714360648,0.0025331066685449558,0.0017420321729564314
1788436448.5789118,2.5117764472961426,-0.4417516589164734,-0.00046230602310970426,-0.0,0.0,-0.0029699571896344423,0.0,0.4008067548274994,0.04528127714360648,0.0025331066685449558,0.0017420321729564314
1788436448.5862188,2.5117764472961426,-0.4417516589164734,-0.00046230602310970426,-0.0,0.0,-0.0023307986557483673,0.0,0.37705734372138977,0.04528127714360648,0.0025331066685449558,0.0017420321729564314
1788436448.5961983,2.5117764472961426,-0.4417516589164734,-0.00046230602310970426,-0.0,0.0,-0.000360059377271682,0.0,0.36507460474967957,0.04528127714360648,0.0025331066685449558,0.0017420321729564314
1788436448.608394,2.5117764472961426,-0.4417516589164734,-0.00046230602310970426,-0.0,0.0,0.00013513077283278108,0.0,0.35366547107696533,0.04528127714360648,0.0025331066685449558,0.0017420321729564314
1788436448.6162198,2.5117764472961426,-0.4417516589164734,-0.00046230602310970426,-0.0,0.0,0.001836594776250422,0.0,0.3420496881008148,0.04528127714360648,0.0025331066685449558,0.0017420321729564314
1788436448.6262178,2.5117764472961426,-0.4417516589164734,-0.00046230602310970426,-0.0,0.0,0.0004310375661589205,0.0,0.33107733726501465,0.04528127714360648,0.0025331066685449558,0.0017420321729564314
1788436448.636278,2.5117764472961426,-0.4417516589164734,-0.00046230602310970426,-0.0,0.0,-0.005260275676846504,0.0,0.3202102482318878,0.04528127714360648,0.0025331066685449558,0.0017420321729564314
1788436448.646429,2.5117764472961426,-0.4417516589164734,-0.00046230602310970426,-0.0,0.0,-0.005260275676846504,0.0,0.3202102482318878,0.04528127714360648,0.0025331066685449558,0.0017420321729564314
1788436448.6562808,2.5117764472961426,-0.4417516589164734,-0.00046230602310970426,-0.0,0.0,-0.010373544879257679,0.0,0.29781386256217957,0.04528127714360648,0.0025331066685449558,0.0017420321729564314
1788436448.6662002,2.4704997539520264,-0.44444918632507324,0.002152116736397147,-0.0,0.0,-0.005633118562400341,0.0,0.28761935234069824,0.040123256163613535,-0.003762899011371862,0.0026144227486897265
1788436448.6763515,2.4704997539520264,-0.44444918632507324,0.002152116736397147,-0.0,0.0,-0.005633118562400341,0.0,0.28761935234069824,0.040123256163613535,-0.003762899011371862,0.0026144227486897265
1788436448.6861904,2.4704997539520264,-0.44444918632507324,0.002152116736397147,-0.0,0.0,-0.0040884846821427345,0.0,0.2659672498703003,0.040123256163613535,-0.003762899011371862,0.0026144227486897265
1788436448.6961875,2.4704997539520264,-0.44444918632507324,0.002152116736397147,-0.0,0.0,-0.005792907904833555,0.0,0.2563830018043518,0.040123256163613535,-0.003762899011371862,0.0026144227486897265
1788436448.706179,2.4704997539520264,-0.44444918632507324,0.002152116736397147,-0.0,0.0,-0.00592606607824564,0.0,0.2462478131055832,0.040123256163613535,-0.003762899011371862,0.0026144227486897265
1788436448.716357,2.4704997539520264,-0.44444918632507324,0.002152116736397147,-0.0,0.0,-0.00592606607824564,0.0,0.2462478131055832,0.040123256163613535,-0.003762899011371862,0.0026144227486897265
1788436448.7262063,2.4704997539520264,-0.44444918632507324,0.002152116736397147,-0.0,0.0,-0.0029699571896344423,0.0,0.2256723791360855,0.040123256163613535,-0.003762899011371862,0.0026144227486897265
1788436448.7383695,2.4704997539520264,-0.44444918632507324,0.002152116736397147,-0.0,0.0,-0.0067782774567604065,0.0,0.21640107035636902,0.040123256163613535,-0.003762899011371862,0.0026144227486897265
1788436448.7463367,2.4704997539520264,-0.44444918632507324,0.002152116736397147,-0.0,0.0,-0.00683154072612524,0.0,0.20701956748962402,0.040123256163613535,-0.003762899011371862,0.0026144227486897265
1788436448.7565906,2.4704997539520264,-0.44444918632507324,0.002152116736397147,-0.0,0.0,-0.006964698899537325,0.0,0.19767636060714722,0.040123256163613535,-0.003762899011371862,0.0026144227486897265
1788436448.7684484,2.4368977546691895,-0.44921424984931946,0.005047856364399195,-0.0,0.0,-0.0022509037517011166,0.0,0.18905840814113617,0.03231145330128609,-0.002293450539774304,0.002895739847152079
1788436448.7796435,2.4368977546691895,-0.44921424984931946,0.005047856364399195,-0.0,0.0,-0.0019046928500756621,0.0,0.18125766515731812,0.03231145330128609,-0.002293450539774304,0.002895739847152079
1788436448.7861762,2.4368977546691895,-0.44921424984931946,0.005047856364399195,-0.0,0.0,-0.0007329019135795534,0.0,0.17349156737327576,0.03231145330128609,-0.002293450539774304,0.002895739847152079
1788436448.7962232,2.4368977546691895,-0.44921424984931946,0.005047856364399195,-0.0,0.0,-0.0010524812387302518,0.0,0.16548693180084229,0.03231145330128609,-0.002293450539774304,0.002895739847152079
1788436448.8073192,2.4368977546691895,-0.44921424984931946,0.005047856364399195,-0.0,0.0,-0.0010524812387302518,0.0,0.16548693180084229,0.03231145330128609,-0.002293450539774304,0.002895739847152079
1788436448.8161693,2.4368977546691895,-0.44921424984931946,0.005047856364399195,-0.0,0.0,-0.0027835359796881676,0.0,0.15017473697662354,0.03231145330128609,-0.002293450539774304,0.002895739847152079
1788436448.8265264,2.4368977546691895,-0.44921424984931946,0.005047856364399195,-0.0,0.0,-0.002703641075640917,0.0,0.14315325021743774,0.03231145330128609,-0.002293450539774304,0.002895739847152079
1788436448.8364704,2.4368977546691895,-0.44921424984931946,0.005047856364399195,-0.0,0.0,-0.002703641075640917,0.0,0.14315325021743774,0.03231145330128609,-0.002293450539774304,0.002895739847152079
1788436448.8463905,2.4368977546691895,-0.44921424984931946,0.005047856364399195,-0.0,0.0,-0.0038488004356622696,0.0,0.12992043793201447,0.03231145330128609,-0.002293450539774304,0.002895739847152079
1788436448.8561718,2.414405345916748,-0.44761571288108826,0.004955620970577002,-0.0,0.0,-0.003955326974391937,0.0,0.12376147508621216,0.022533526305249765,-0.0013758286313148155,-9.223578097738994e-05
1788436448.868524,2.414405345916748,-0.44761571288108826,0.004955620970577002,-0.0,0.0,-0.003955326974391937,0.0,0.12376147508621216,0.022533526305249765,-0.0013758286313148155,-9.223578097738994e-05
1788436448.8761878,2.414405345916748,-0.44761571288108826,0.004955620970577002,-0.0,0.0,-0.0019313243683427572,0.0,0.11156599223613739,0.022533526305249765,-0.0013758286313148155,-9.223578097738994e-05
1788436448.886346,2.414405345916748,-0.44761571288108826,0.004955620970577002,-0.0,0.0,-0.0010791128734126687,0.0,0.10615276545286179,0.022533526305249765,-0.0013758286313148155,-9.223578097738994e-05
1788436448.8962815,2.414405345916748,-0.44761571288108826,0.004955620970577002,-0.0,0.0,-0.0021177458111196756,0.0,0.10114873945713043,0.022533526305249765,-0.0013758286313148155,-9.223578097738994e-05
1788436448.906317,2.414405345916748,-0.44761571288108826,0.004955620970577002,-0.0,0.0,-0.0021177458111196756,0.0,0.10114873945713043,0.022533526305249765,-0.0013758286313148155,-9.223578097738994e-05
1788436448.9161832,2.414405345916748,-0.44761571288108826,0.004955620970577002,-0.0,0.0,-0.0023574302904307842,0.0,0.09119819104671478,0.022533526305249765,-0.0013758286313148155,-9.223578097738994e-05
1788436448.9261851,2.414405345916748,-0.44761571288108826,0.004955620970577002,-0.0,0.0,-0.0017715347930788994,0.0,0.08635512739419937,0.022533526305249765,-0.0013758286313148155,-9.223578097738994e-05
1788436448.93715,2.414405345916748,-0.44761571288108826,0.004955620970577002,-0.0,0.0,-0.001478587044402957,0.0,0.08154825121164322,0.022533526305249765,-0.0013758286313148155,-9.223578097738994e-05
1788436448.9461896,2.4054884910583496,-0.4459869861602783,0.004489587619900703,-0.0,0.0,-0.0012655341997742653,0.0,0.07673923671245575,0.009125132379027049,-0.0005077270628441738,-0.0004660332221995134
1788436448.956295,2.4054884910583496,-0.4459869861602783,0.004489587619900703,-0.0,0.0,-0.0006796387024223804,0.0,0.07228073477745056,0.009125132379027049,-0.0005077270628441738,-0.0004660332221995134
1788436448.9663157,2.4054884910583496,-0.4459869861602783,0.004489587619900703,-0.0,0.0,-0.0006796387024223804,0.0,0.07228073477745056,0.009125132379027049,-0.0005077270628441738,-0.0004660332221995134
1788436448.9774551,2.4054884910583496,-0.4459869861602783,0.004489587619900703,-0.0,0.0,-0.00025353292585350573,0.75,0.06806348264217377,0.009125132379027049,-0.0005077270628441738,-0.0004660332221995134
1788436448.9861925,2.4054884910583496,-0.4459869861602783,0.004489587619900703,-0.0,0.008726646192371845,-0.0019313243683427572,0.75,0.06050626188516617,0.009125132379027049,-0.0005077270628441738,-0.0004660332221995134
1788436448.9975588,2.4054884910583496,-0.4459869861602783,0.004489587619900703,-0.0,0.008726646192371845,-0.0019313243683427572,0.75,0.06050626188516617,0.009125132379027049,-0.0005077270628441738,-0.0004660332221995134
1788436449.0061867,2.4054884910583496,-0.4459869861602783,0.004489587619900703,-0.0,0.02617993950843811,-0.001957956003025174,0.75,0.053316034376621246,0.009125132379027049,-0.0005077270628441738,-0.0004660332221995134
1788436449.0161948,2.4054884910583496,-0.4459869861602783,0.004489587619900703,-0.0,0.03490658476948738,-0.0010258496040478349,0.75,0.050115954130887985,0.009125132379027049,-0.0005077270628441738,-0.0004660332221995134
1788436449.0262604,2.4054884910583496,-0.4459869861602783,0.004489587619900703,-0.0,0.03490658476948738,-0.0010258496040478349,0.75,0.050115954130887985,0.009125132379027049,-0.0005077270628441738,-0.0004660332221995134
1788436449.0383568,2.4054884910583496,-0.4459869861602783,0.004489587619900703,-0.0,0.05235987901687622,-0.001478587044402957,0.75,0.0440739281475544,0.009125132379027049,-0.0005077270628441738,-0.0004660332221995134
1788436449.046195,2.401353120803833,-0.4432542324066162,0.004027143120765686,-0.0,0.06108652427792549,-0.007284278050065041,0.75,0.04143174737691879,0.00434050479098539,-0.0016223094034284145,-0.00046244436940279243
1788436449.0574133,2.401353120803833,-0.4432542324066162,0.004027143120765686,-0.0,0.06108652427792549,-0.007284278050065041,0.75,0.04143174737691879,0.00434050479098539,-0.0016223094034284145,-0.00046244436940279243
1788436449.0662665,2.401353120803833,-0.4432542324066162,0.004027143120765686,-0.0,0.07853981852531433,-0.014394918456673622,0.75,0.03795645013451576,0.00434050479098539,-0.0016223094034284145,-0.00046244436940279243
1788436449.076196,2.401353120803833,-0.4432542324066162,0.004027143120765686,-0.0,0.0872664600610733,-0.014821023680269718,0.75,0.03727150335907936,0.00434050479098539,-0.0016223094034284145,-0.00046244436940279243
1788436449.086201,2.401353120803833,-0.4432542324066162,0.004027143120765686,-0.0,0.09599310904741287,-0.018070081248879433,0.75,0.03740150108933449,0.00434050479098539,-0.0016223094034284145,-0.00046244436940279243
1788436449.096111,2.401353120803833,-0.4432542324066162,0.004027143120765686,-0.0,0.09599310904741287,-0.018070081248879433,0.75,0.03740150108933449,0.00434050479098539,-0.0016223094034284145,-0.00046244436940279243
1788436449.106177,2.401353120803833,-0.4432542324066162,0.004027143120765686,-0.0,0.09696435183286667,0.0023790905252099037,0.75,0.03959137946367264,0.00434050479098539,-0.0016223094034284145,-0.00046244436940279243
1788436449.1163008,2.401353120803833,-0.4432542324066162,0.004027143120765686,-0.0,0.0898778960108757,0.014412633143365383,0.75,0.03956369310617447,0.00434050479098539,-0.0016223094034284145,-0.00046244436940279243
1788436449.1262872,2.401353120803833,-0.4432542324066162,0.004027143120765686,-0.0,0.0898778960108757,0.014412633143365383,0.75,0.03956369310617447,0.00434050479098539,-0.0016223094034284145,-0.00046244436940279243
1788436449.1361754,2.401353120803833,-0.4432542324066162,0.004027143120765686,-0.0,0.07464548200368881,0.039219487458467484,0.75,0.03670050576329231,0.00434050479098539,-0.0016223094034284145,-0.00046244436940279243
1788436449.146192,2.401353120803833,-0.4432542324066162,0.004027143120765686,-0.0,0.06763717532157898,0.05263392627239227,0.75,0.03612065687775612,0.00434050479098539,-0.0016223094034284145,-0.00046244436940279243
1788436449.157434,2.3992114067077637,-0.44607582688331604,0.005112029146403074,-0.0,0.06763717532157898,0.05263392627239227,0.75,0.03612065687775612,0.0016592554011342357,0.00021844561620939368,0.0010848859627858864
1788436449.166205,2.3992114067077637,-0.44607582688331604,0.005112029146403074,-0.0,0.05420413985848427,0.07401318848133087,0.75,0.03565187752246857,0.0016592554011342357,0.00021844561620939368,0.0010848859627858864
1788436449.1769128,2.3992114067077637,-0.44607582688331604,0.005112029146403074,-0.0,0.05420413985848427,0.07401318848133087,0.75,0.03565187752246857,0.0016592554011342357,0.00021844561620939368,0.0010848859627858864
1788436449.1863415,2.3992114067077637,-0.44607582688331604,0.005112029146403074,-0.0,0.04759392887353897,0.07852577418088913,0.75,0.03641006723046303,0.0016592554011342357,0.00021844561620939368,0.0010848859627858864
1788436449.1968927,2.3992114067077637,-0.44607582688331604,0.005112029146403074,-0.0,0.04291650652885437,0.07894497364759445,0.75,0.03815659135580063,0.0016592554011342357,0.00021844561620939368,0.0010848859627858864
1788436449.2061841,2.3992114067077637,-0.44607582688331604,0.005112029146403074,-0.0,0.04368666559457779,0.07879702001810074,0.75,0.03939613699913025,0.0016592554011342357,0.00021844561620939368,0.0010848859627858864
1788436449.2172787,2.3992114067077637,-0.44607582688331604,0.005112029146403074,-0.0,0.04368666559457779,0.07879702001810074,0.75,0.03939613699913025,0.0016592554011342357,0.00021844561620939368,0.0010848859627858864
1788436449.229387,2.3992114067077637,-0.44607582688331604,0.005112029146403074,-0.0,0.042800094932317734,0.08121359348297119,0.75,0.043289247900247574,0.0016592554011342357,0.00021844561620939368,0.0010848859627858864
1788436449.2362185,2.3992114067077637,-0.44607582688331604,0.005112029146403074,-0.0,0.04244439676403999,0.08281642198562622,0.75,0.045638557523489,0.0016592554011342357,0.00021844561620939368,0.0010848859627858864
1788436449.2469726,2.3992114067077637,-0.44607582688331604,0.005112029146403074,-0.0,0.041536469012498856,0.0814848393201828,0.75,0.048477236181497574,0.0016592554011342357,0.00021844561620939368,0.0010848859627858864
1788436449.2562342,2.3992114067077637,-0.44607582688331604,0.005112029146403074,-0.0,0.041536469012498856,0.0814848393201828,0.75,0.048477236181497574,0.0016592554011342357,0.00021844561620939368,0.0010848859627858864
1788436449.2668557,2.3992114067077637,-0.44607582688331604,0.005112029146403074,-0.0,0.04240092635154724,0.08486311137676239,0.75,0.05469304695725441,0.0016592554011342357,0.00021844561620939368,0.0010848859627858864
1788436449.2761848,2.3992114067077637,-0.44607582688331604,0.005112029146403074,-0.0,0.040421731770038605,0.08311232924461365,0.75,0.058486223220825195,0.0016592554011342357,0.00021844561620939368,0.0010848859627858864
1788436449.2890484,2.4061479568481445,-0.451095849275589,0.007043689955025911,-0.0,0.040421731770038605,0.08311232924461365,0.75,0.058486223220825195,-0.007803430762758575,0.00037132902462199205,0.001931660797944712
1788436449.2983186,2.4061479568481445,-0.451095849275589,0.007043689955025911,-0.0,0.04319338873028755,0.07088150829076767,0.75,0.0673164650797844,-0.007803430762758575,0.00037132902462199205,0.001931660797944712
1788436449.3061817,2.4061479568481445,-0.451095849275589,0.007043689955025911,-0.0,0.04863318055868149,0.06913073360919952,0.75,0.07249818742275238,-0.007803430762758575,0.00037132902462199205,0.001931660797944712
1788436449.316349,2.4061479568481445,-0.451095849275589,0.007043689955025911,-0.0,0.04863318055868149,0.06913073360919952,0.75,0.07249818742275238,-0.007803430762758575,0.00037132902462199205,0.001931660797944712
1788436449.3261795,2.4061479568481445,-0.451095849275589,0.007043689955025911,-0.0,0.051442138850688934,0.06572780013084412,0.75,0.08391796052455902,-0.007803430762758575,0.00037132902462199205,0.001931660797944712
1788436449.3361897,2.4061479568481445,-0.451095849275589,0.007043689955025911,-0.0,0.05232847109436989,0.06252214312553406,0.75,0.08986305445432663,-0.007803430762758575,0.00037132902462199205,0.001931660797944712
1788436449.3463116,2.4061479568481445,-0.451095849275589,0.007043689955025911,-0.0,0.05232847109436989,0.06252214312553406,0.75,0.08986305445432663,-0.007803430762758575,0.00037132902462199205,0.001931660797944712
1788436449.3561797,2.395024061203003,-0.45015305280685425,0.006601077504456043,-0.0,0.05517565831542015,0.06020420789718628,0.75,0.10155542194843292,0.011323322200029608,0.00011721889505110494,-0.00044261234495523993
1788436449.3661833,2.395024061203003,-0.45015305280685425,0.006601077504456043,-0.0,0.056702643632888794,0.06064806878566742,0.75,0.10740048438310623,0.011323322200029608,0.00011721889505110494,-0.00044261234495523993
1788436449.3763616,2.395024061203003,-0.45015305280685425,0.006601077504456043,-0.0,0.05663032457232475,0.06045079603791237,0.75,0.11294692754745483,0.011323322200029608,0.00011721889505110494,-0.00044261234495523993
1788436449.3862653,2.395024061203003,-0.45015305280685425,0.006601077504456043,-0.0,0.05672886595129967,0.060968633741140366,0.75,0.11864503473043442,0.011323322200029608,0.00011721889505110494,-0.00044261234495523993
1788436449.396192,2.395024061203003,-0.45015305280685425,0.006601077504456043,-0.0,0.0564601868391037,0.06037681922316551,0.75,0.12412962317466736,0.011323322200029608,0.00011721889505110494,-0.00044261234495523993
1788436449.4094748,2.395024061203003,-0.45015305280685425,0.006601077504456043,-0.0,0.056750159710645676,0.05988364294171333,0.75,0.12904173135757446,0.011323322200029608,0.00011721889505110494,-0.00044261234495523993
1788436449.4163487,2.395024061203003,-0.45015305280685425,0.006601077504456043,-0.0,0.056750159710645676,0.05988364294171333,0.75,0.12904173135757446,0.011323322200029608,0.00011721889505110494,-0.00044261234495523993
1788436449.4261422,2.395024061203003,-0.45015305280685425,0.006601077504456043,-0.0,0.05749313905835152,0.057565707713365555,0.75,0.1451033055782318,0.011323322200029608,0.00011721889505110494,-0.00044261234495523993
1788436449.4362972,2.395024061203003,-0.45015305280685425,0.006601077504456043,-0.0,0.058379966765642166,0.057343777269124985,0.75,0.15441641211509705,0.011323322200029608,0.00011721889505110494,-0.00044261234495523993
1788436449.446899,2.395024061203003,-0.45015305280685425,0.006601077504456043,-0.0,0.058379966765642166,0.057343777269124985,0.75,0.15441641211509705,0.011323322200029608,0.00011721889505110494,-0.00044261234495523993
1788436449.4582665,2.3894171714782715,-0.447878897190094,0.004592500627040863,-0.0,0.05858062952756882,0.0593164898455143,0.75,0.17278645932674408,0.006511355344703161,0.002524284479758058,-0.002008576985940369
1788436449.4662454,2.3894171714782715,-0.447878897190094,0.004592500627040863,-0.0,0.057356785982847214,0.05820683762431145,0.75,0.18174824118614197,0.006511355344703161,0.002524284479758058,-0.002008576985940369
1788436449.4774282,2.3894171714782715,-0.447878897190094,0.004592500627040863,-0.0,0.057356785982847214,0.05820683762431145,0.75,0.18174824118614197,0.006511355344703161,0.002524284479758058,-0.002008576985940369
1788436449.486285,2.3894171714782715,-0.447878897190094,0.004592500627040863,-0.0,0.05767219886183739,0.05793559178709984,0.75,0.20048955082893372,0.006511355344703161,0.002524284479758058,-0.002008576985940369
1788436449.4961932,2.3894171714782715,-0.447878897190094,0.004592500627040863,-0.0,0.058001380413770676,0.05943978205323219,0.75,0.21098491549491882,0.006511355344703161,0.002524284479758058,-0.002008576985940369
1788436449.508408,2.3894171714782715,-0.447878897190094,0.004592500627040863,-0.0,0.057226911187171936,0.060278184711933136,0.75,0.22100785374641418,0.006511355344703161,0.002524284479758058,-0.002008576985940369
1788436449.5163367,2.3894171714782715,-0.447878897190094,0.004592500627040863,-0.0,0.057226911187171936,0.060278184711933136,0.75,0.22100785374641418,0.006511355344703161,0.002524284479758058,-0.002008576985940369
1788436449.526177,2.3894171714782715,-0.447878897190094,0.004592500627040863,-0.0,0.056099824607372284,0.06091931834816933,0.75,0.24078789353370667,0.006511355344703161,0.002524284479758058,-0.002008576985940369
1788436449.5362005,2.3894171714782715,-0.447878897190094,0.004592500627040863,-0.0,0.056099824607372284,0.06091931834816933,0.75,0.24078789353370667,0.006511355344703161,0.002524284479758058,-0.002008576985940369
1788436449.5483737,2.3678221702575684,-0.4464564919471741,0.0032371345441788435,-0.0,0.057018689811229706,0.05929182842373848,0.75,0.2612832188606262,0.0222022462546074,0.001786431494577783,-0.0013553659895340076
1788436449.5561962,2.3678221702575684,-0.4464564919471741,0.0032371345441788435,-0.0,0.059112221002578735,0.05909455940127373,0.75,0.27165287733078003,0.0222022462546074,0.001786431494577783,-0.0013553659895340076
1788436449.5674927,2.3678221702575684,-0.4464564919471741,0.0032371345441788435,-0.0,0.05944724753499031,0.05729445815086365,0.75,0.2825709879398346,0.0222022462546074,0.001786431494577783,-0.0013553659895340076
1788436449.580872,2.3678221702575684,-0.4464564919471741,0.0032371345441788435,-0.0,0.05944724753499031,0.05729445815086365,0.75,0.2825709879398346,0.0222022462546074,0.001786431494577783,-0.0013553659895340076
1788436449.5861914,2.3678221702575684,-0.4464564919471741,0.0032371345441788435,-0.0,0.0607304573059082,0.057368434965610504,0.75,0.30331915616989136,0.0222022462546074,0.001786431494577783,-0.0013553659895340076
1788436449.5961761,2.3678221702575684,-0.4464564919471741,0.0032371345441788435,-0.0,0.06054981052875519,0.058946605771780014,0.75,0.3136633038520813,0.0222022462546074,0.001786431494577783,-0.0013553659895340076
1788436449.6063204,2.3678221702575684,-0.4464564919471741,0.0032371345441788435,-0.0,0.06054981052875519,0.058946605771780014,0.75,0.3136633038520813,0.0222022462546074,0.001786431494577783,-0.0013553659895340076
1788436449.6163342,2.3678221702575684,-0.4464564919471741,0.0032371345441788435,-0.0,0.05968399718403816,0.05948910117149353,0.75,0.32366523146629333,0.0222022462546074,0.001786431494577783,-0.0013553659895340076
1788436449.6261833,2.3678221702575684,-0.4464564919471741,0.0032371345441788435,-0.0,0.059176743030548096,0.06429758667945862,0.75,0.3433626592159271,0.0222022462546074,0.001786431494577783,-0.0013553659895340076
1788436449.6362448,2.3678221702575684,-0.4464564919471741,0.0032371345441788435,-0.0,0.059176743030548096,0.06429758667945862,0.75,0.3433626592159271,0.0222022462546074,0.001786431494577783,-0.0013553659895340076
1788436449.6463425,2.3678221702575684,-0.4464564919471741,0.0032371345441788435,-0.0,0.05666343867778778,0.06331122666597366,0.75,0.3539188504219055,0.0222022462546074,0.001786431494577783,-0.0013553659895340076
1788436449.6562874,2.3361616134643555,-0.4411512017250061,0.0017799249617382884,-0.0,0.05601903051137924,0.06086999922990799,0.75,0.375131756067276,0.032305987563224205,-0.0019014726174385738,-0.0014572096744149832
1788436449.6662326,2.3361616134643555,-0.4411512017250061,0.0017799249617382884,-0.0,0.05601903051137924,0.06086999922990799,0.75,0.375131756067276,0.032305987563224205,-0.0019014726174385738,-0.0014572096744149832
1788436449.676328,2.3361616134643555,-0.4411512017250061,0.0017799249617382884,-0.0,0.061374153941869736,0.058724675327539444,0.75,0.39510345458984375,0.032305987563224205,-0.0019014726174385738,-0.0014572096744149832
1788436449.6862001,2.3361616134643555,-0.4411512017250061,0.0017799249617382884,-0.0,0.06224245950579643,0.05887262895703316,0.75,0.40466615557670593,0.032305987563224205,-0.0019014726174385738,-0.0014572096744149832
1788436449.6974275,2.3361616134643555,-0.4411512017250061,0.0017799249617382884,-0.0,0.06224245950579643,0.05887262895703316,0.75,0.40466615557670593,0.032305987563224205,-0.0019014726174385738,-0.0014572096744149832
1788436449.7080479,2.3361616134643555,-0.4411512017250061,0.0017799249617382884,-0.0,0.06128958612680435,0.06123988330364227,0.75,0.42461463809013367,0.032305987563224205,-0.0019014726174385738,-0.0014572096744149832
1788436449.7161746,2.3361616134643555,-0.4411512017250061,0.0017799249617382884,-0.0,0.06089470535516739,0.06020420789718628,0.75,0.43454793095588684,0.032305987563224205,-0.0019014726174385738,-0.0014572096744149832
1788436449.7289822,2.3361616134643555,-0.4411512017250061,0.0017799249617382884,-0.0,0.06140267476439476,0.059365805238485336,0.75,0.44378942251205444,0.032305987563224205,-0.0019014726174385738,-0.0014572096744149832
1788436449.7361562,2.3361616134643555,-0.4411512017250061,0.0017799249617382884,-0.0,0.06190445274114609,0.057097189128398895,0.75,0.453307569026947,0.032305987563224205,-0.0019014726174385738,-0.0014572096744149832
1788436449.7463624,2.3361616134643555,-0.4411512017250061,0.0017799249617382884,-0.0,0.06316632032394409,0.05837944895029068,0.75,0.46253442764282227,0.032305987563224205,-0.0019014726174385738,-0.0014572096744149832
1788436449.7561798,2.3054120540618896,-0.43845197558403015,-0.0006922713364474475,-0.0,0.06262238323688507,0.05867535620927811,0.75,0.47192710638046265,0.0318403598837689,0.0029988432519082106,-0.0024721963001934633
1788436449.7662334,2.3054120540618896,-0.43845197558403015,-0.0006922713364474475,-0.0,0.06262238323688507,0.05867535620927811,0.75,0.47192710638046265,0.0318403598837689,0.0029988432519082106,-0.0024721963001934633
1788436449.7790926,2.3054120540618896,-0.43845197558403015,-0.0006922713364474475,-0.0,0.06506422162055969,0.0597110316157341,0.75,0.4816393256187439,0.0318403598837689,0.0029988432519082106,-0.0024721963001934633
1788436449.7861993,2.3054120540618896,-0.43845197558403015,-0.0006922713364474475,-0.0,0.06498848646879196,0.05904524028301239,0.75,0.4985825717449188,0.0318403598837689,0.0029988432519082106,-0.0024721963001934633
1788436449.797874,2.3054120540618896,-0.43845197558403015,-0.0006922713364474475,-0.0,0.06498848646879196,0.05904524028301239,0.75,0.4985825717449188,0.0318403598837689,0.0029988432519082106,-0.0024721963001934633
1788436449.8062036,2.3054120540618896,-0.43845197558403015,-0.0006922713364474475,-0.0,0.06479167938232422,0.05990830063819885,0.75,0.5145830512046814,0.0318403598837689,0.0029988432519082106,-0.0024721963001934633
1788436449.8161838,2.3054120540618896,-0.43845197558403015,-0.0006922713364474475,-0.0,0.06465066224336624,0.06025352701544762,0.75,0.5231624245643616,0.0318403598837689,0.0029988432519082106,-0.0024721963001934633
1788436449.8284483,2.3054120540618896,-0.43845197558403015,-0.0006922713364474475,-0.0,0.06465066224336624,0.06025352701544762,0.75,0.5231624245643616,0.0318403598837689,0.0029988432519082106,-0.0024721963001934633
1788436449.8361788,2.3054120540618896,-0.43845197558403015,-0.0006922713364474475,-0.0,0.06525164842605591,0.05835479125380516,0.75,0.5375704765319824,0.0318403598837689,0.0029988432519082106,-0.0024721963001934633
1788436449.8461676,2.3054120540618896,-0.43845197558403015,-0.0006922713364474475,-0.0,0.06552140414714813,0.05837944895029068,0.75,0.5450944304466248,0.0318403598837689,0.0029988432519082106,-0.0024721963001934633
1788436449.8574004,2.2606327533721924,-0.43218564987182617,-0.00438414141535759,-0.0,0.06552140414714813,0.05837944895029068,0.75,0.5450944304466248,0.046390317125129976,0.0020766928244177058,-0.0036918700012740224
1788436449.866401,2.2606327533721924,-0.43218564987182617,-0.00438414141535759,-0.0,0.06849464029073715,0.06045079603791237,0.75,0.55893874168396,0.046390317125129976,0.0020766928244177058,-0.0036918700012740224
1788436449.876345,2.2606327533721924,-0.43218564987182617,-0.00438414141535759,-0.0,0.06830339878797531,0.059834323823451996,0.75,0.5646731853485107,0.046390317125129976,0.0020766928244177058,-0.0036918700012740224
1788436449.8862014,2.2606327533721924,-0.43218564987182617,-0.00438414141535759,-0.0,0.06860435009002686,0.05978500843048096,0.75,0.5709038376808167,0.046390317125129976,0.0020766928244177058,-0.0036918700012740224
1788436449.8961837,2.2606327533721924,-0.43218564987182617,-0.00438414141535759,-0.0,0.06866306066513062,0.059834323823451996,0.75,0.5768364667892456,0.046390317125129976,0.0020766928244177058,-0.0036918700012740224
1788436449.9061944,2.2606327533721924,-0.43218564987182617,-0.00438414141535759,-0.0,0.06864374130964279,0.05995761975646019,0.75,0.5825725793838501,0.046390317125129976,0.0020766928244177058,-0.0036918700012740224
1788436449.9161859,2.2606327533721924,-0.43218564987182617,-0.00438414141535759,-0.0,0.06857724487781525,0.06017955020070076,0.75,0.5892273187637329,0.046390317125129976,0.0020766928244177058,-0.0036918700012740224
1788436449.9294486,2.2606327533721924,-0.43218564987182617,-0.00438414141535759,-0.0,0.06857724487781525,0.06017955020070076,0.75,0.5892273187637329,0.046390317125129976,0.0020766928244177058,-0.0036918700012740224
1788436449.9361818,2.2606327533721924,-0.43218564987182617,-0.00438414141535759,-0.0,0.06855648010969162,0.06104261055588722,0.75,0.5989333391189575,0.046390317125129976,0.0020766928244177058,-0.0036918700012740224
1788436449.946434,2.205065965652466,-0.4192107915878296,-0.010128205642104149,-0.0,0.06800111383199692,0.0624481700360775,0.75,0.6035888195037842,0.05801107301292519,-0.00031581936148605827,-0.005744064459573206
1788436449.959231,2.205065965652466,-0.4192107915878296,-0.010128205642104149,-0.0,0.06800111383199692,0.0624481700360775,0.75,0.6035888195037842,0.05801107301292519,-0.00031581936148605827,-0.005744064459573206
1788436449.9663193,2.205065965652466,-0.4192107915878296,-0.010128205642104149,-0.0,0.07037270069122314,0.06380441039800644,0.75,0.6081101298332214,0.05801107301292519,-0.00031581936148605827,-0.005744064459573206
1788436449.9779673,2.205065965652466,-0.4192107915878296,-0.010128205642104149,-0.0,0.06993435323238373,0.06491405516862869,0.75,0.6131847500801086,0.05801107301292519,-0.00031581936148605827,-0.005744064459573206
1788436449.9863176,2.205065965652466,-0.4192107915878296,-0.010128205642104149,-0.0,0.0693150982260704,0.06434690207242966,0.75,0.6169752478599548,0.05801107301292519,-0.00031581936148605827,-0.005744064459573206
1788436449.99641,2.205065965652466,-0.4192107915878296,-0.010128205642104149,-0.0,0.06927183270454407,0.06488940119743347,0.75,0.6248537302017212,0.05801107301292519,-0.00031581936148605827,-0.005744064459573206
1788436450.006386,2.205065965652466,-0.4192107915878296,-0.010128205642104149,-0.0,0.06925524771213531,0.06582643836736679,0.75,0.6284324526786804,0.05801107301292519,-0.00031581936148605827,-0.005744064459573206
1788436450.0185983,2.205065965652466,-0.4192107915878296,-0.010128205642104149,-0.0,0.06925524771213531,0.06582643836736679,0.75,0.6284324526786804,0.05801107301292519,-0.00031581936148605827,-0.005744064459573206
1788436450.0281231,2.205065965652466,-0.4192107915878296,-0.010128205642104149,-0.0,0.0688575878739357,0.06656620651483536,0.75,0.6349788904190063,0.05801107301292519,-0.00031581936148605827,-0.005744064459573206
1788436450.0361722,2.205065965652466,-0.4192107915878296,-0.010128205642104149,-0.0,0.06834644824266434,0.0659743919968605,0.75,0.6385663151741028,0.05801107301292519,-0.00031581936148605827,-0.005744064459573206
1788436450.0462193,2.205065965652466,-0.4192107915878296,-0.010128205642104149,-0.0,0.06859524548053741,0.06631961464881897,0.75,0.6406987905502319,0.05801107301292519,-0.00031581936148605827,-0.005744064459573206
1788436450.0567307,2.205065965652466,-0.4192107915878296,-0.010128205642104149,-0.0,0.06859524548053741,0.06631961464881897,0.75,0.6406987905502319,0.05801107301292519,-0.00031581936148605827,-0.005744064459573206
1788436450.0662014,2.205065965652466,-0.4192107915878296,-0.010128205642104149,-0.0,0.06788212805986404,0.06750324368476868,0.75,0.6452559232711792,0.05801107301292519,-0.00031581936148605827,-0.005744064459573206
1788436450.076226,2.1524300575256348,-0.41768860816955566,-0.009131824597716331,-0.0,0.0677570104598999,0.06683745235204697,0.75,0.6478044986724854,0.05222081835190416,-0.0036670100576732256,0.000996381136987523
1788436450.0862355,2.1524300575256348,-0.41768860816955566,-0.009131824597716331,-0.0,0.07543370872735977,0.06538257747888565,0.75,0.6500436663627625,0.05222081835190416,-0.0036670100576732256,0.000996381136987523
1788436450.096366,2.1524300575256348,-0.41768860816955566,-0.009131824597716331,-0.0,0.07543370872735977,0.06538257747888565,0.75,0.6500436663627625,0.05222081835190416,-0.0036670100576732256,0.000996381136987523
1788436450.106303,2.1524300575256348,-0.41768860816955566,-0.009131824597716331,-0.0,0.07722273468971252,0.0655798465013504,0.75,0.6537430286407471,0.05222081835190416,-0.0036670100576732256,0.000996381136987523
1788436450.1164994,2.1524300575256348,-0.41768860816955566,-0.009131824597716331,-0.0,0.07722273468971252,0.0655798465013504,0.75,0.6537430286407471,0.05222081835190416,-0.0036670100576732256,0.000996381136987523
1788436450.1261928,2.1524300575256348,-0.41768860816955566,-0.009131824597716331,-0.0,0.07752086967229843,0.06326191127300262,0.75,0.6566272377967834,0.05222081835190416,-0.0036670100576732256,0.000996381136987523
1788436450.13629,2.1524300575256348,-0.41768860816955566,-0.009131824597716331,-0.0,0.07831627130508423,0.06419894844293594,0.75,0.6579015851020813,0.05222081835190416,-0.0036670100576732256,0.000996381136987523
1788436450.1462312,2.092736005783081,-0.40278860926628113,-0.015516364015638828,-0.0,0.07792825996875763,0.06525928527116776,0.75,0.659020721912384,0.06230844226531234,-0.00154714444852376,-0.006384539081304208
1788436450.1563408,2.092736005783081,-0.40278860926628113,-0.015516364015638828,-0.0,0.07792825996875763,0.06525928527116776,0.75,0.659020721912384,0.06230844226531234,-0.00154714444852376,-0.006384539081304208
1788436450.1662078,2.092736005783081,-0.40278860926628113,-0.015516364015638828,-0.0,0.07958123832941055,0.07004310935735703,0.75,0.6605405211448669,0.06230844226531234,-0.00154714444852376,-0.006384539081304208
1788436450.1762464,2.092736005783081,-0.40278860926628113,-0.015516364015638828,-0.0,0.07879865914583206,0.07068423926830292,0.75,0.6624710559844971,0.06230844226531234,-0.00154714444852376,-0.006384539081304208
1788436450.1861835,2.092736005783081,-0.40278860926628113,-0.015516364015638828,-0.0,0.07839325815439224,0.0720897987484932,0.75,0.663348376750946,0.06230844226531234,-0.00154714444852376,-0.006384539081304208
1788436450.1965153,2.092736005783081,-0.40278860926628113,-0.015516364015638828,-0.0,0.07764784246683121,0.07527079433202744,0.75,0.664456307888031,0.06230844226531234,-0.00154714444852376,-0.006384539081304208
1788436450.206189,2.092736005783081,-0.40278860926628113,-0.015516364015638828,-0.0,0.07597901672124863,0.07896962761878967,0.75,0.6653891801834106,0.06230844226531234,-0.00154714444852376,-0.006384539081304208
1788436450.2175326,2.092736005783081,-0.40278860926628113,-0.015516364015638828,-0.0,0.07597901672124863,0.07896962761878967,0.75,0.6653891801834106,0.06230844226531234,-0.00154714444852376,-0.006384539081304208
1788436450.2263305,2.092736005783081,-0.40278860926628113,-0.015516364015638828,-0.0,0.07394949346780777,0.07933951169252396,0.75,0.6654137372970581,0.06230844226531234,-0.00154714444852376,-0.006384539081304208
1788436450.2361875,2.092736005783081,-0.40278860926628113,-0.015516364015638828,-0.0,0.07273416966199875,0.08313698321580887,0.75,0.6675134897232056,0.06230844226531234,-0.00154714444852376,-0.006384539081304208
1788436450.2462595,2.092736005783081,-0.40278860926628113,-0.015516364015638828,-0.0,0.07273416966199875,0.08313698321580887,0.75,0.6675134897232056,0.06230844226531234,-0.00154714444852376,-0.006384539081304208
1788436450.2562041,2.092736005783081,-0.40278860926628113,-0.015516364015638828,-0.0,0.06946680694818497,0.08713172376155853,0.75,0.6682039499282837,0.06230844226531234,-0.00154714444852376,-0.006384539081304208
1788436450.2664938,2.020129442214966,-0.39087557792663574,-0.02234046533703804,-0.0,0.06915651261806488,0.08626866340637207,0.75,0.6678357124328613,0.07532095859822045,0.001863300747359617,-0.006824102398768961
1788436450.2774417,2.020129442214966,-0.39087557792663574,-0.02234046533703804,-0.0,0.06915651261806488,0.08626866340637207,0.75,0.6678357124328613,0.07532095859822045,0.001863300747359617,-0.006824102398768961
1788436450.2865007,2.020129442214966,-0.39087557792663574,-0.02234046533703804,-0.0,0.07650525122880936,0.08688513934612274,0.75,0.6690348386764526,0.07532095859822045,0.001863300747359617,-0.006824102398768961
1788436450.2962008,2.020129442214966,-0.39087557792663574,-0.02234046533703804,-0.0,0.0765816792845726,0.08737831562757492,0.75,0.6686546802520752,0.07532095859822045,0.001863300747359617,-0.006824102398768961
1788436450.3063974,2.020129442214966,-0.39087557792663574,-0.02234046533703804,-0.0,0.0765816792845726,0.08737831562757492,0.75,0.6686546802520752,0.07532095859822045,0.001863300747359617,-0.006824102398768961
1788436450.3164203,2.020129442214966,-0.39087557792663574,-0.02234046533703804,-0.0,0.07677600532770157,0.08730433881282806,0.75,0.6686609387397766,0.07532095859822045,0.001863300747359617,-0.006824102398768961
1788436450.3261933,2.020129442214966,-0.39087557792663574,-0.02234046533703804,-0.0,0.0765986517071724,0.0895729586482048,0.75,0.6693410873413086,0.07532095859822045,0.001863300747359617,-0.006824102398768961
1788436450.3373752,2.020129442214966,-0.39087557792663574,-0.02234046533703804,-0.0,0.0765986517071724,0.0895729586482048,0.75,0.6693410873413086,0.07532095859822045,0.001863300747359617,-0.006824102398768961
1788436450.3483589,2.020129442214966,-0.39087557792663574,-0.02234046533703804,-0.0,0.07549843937158585,0.08779751509428024,0.75,0.6685814261436462,0.07532095859822045,0.001863300747359617,-0.006824102398768961
1788436450.3561668,1.956329107284546,-0.3755354583263397,-0.028380218893289566,-0.0,0.07645246386528015,0.08533162623643875,0.75,0.6681051850318909,0.06610403143914195,-0.0035312949728411105,-0.006039753182311092
1788436450.3694422,1.956329107284546,-0.3755354583263397,-0.028380218893289566,-0.0,0.08275675028562546,0.08353152871131897,0.75,0.6681981086730957,0.06610403143914195,-0.0035312949728411105,-0.006039753182311092
1788436450.3764315,1.956329107284546,-0.3755354583263397,-0.028380218893289566,-0.0,0.08275675028562546,0.08353152871131897,0.75,0.6681981086730957,0.06610403143914195,-0.0035312949728411105,-0.006039753182311092
1788436450.3861969,1.956329107284546,-0.3755354583263397,-0.028380218893289566,-0.0,0.08540785312652588,0.08104097843170166,0.75,0.6670510768890381,0.06610403143914195,-0.0035312949728411105,-0.006039753182311092
1788436450.396171,1.956329107284546,-0.3755354583263397,-0.028380218893289566,-0.0,0.08578746765851974,0.08067109435796738,0.75,0.6676468253135681,0.06610403143914195,-0.0035312949728411105,-0.006039753182311092
1788436450.4061515,1.956329107284546,-0.3755354583263397,-0.028380218893289566,-0.0,0.08600568026304245,0.08059711754322052,0.75,0.6667013764381409,0.06610403143914195,-0.0035312949728411105,-0.006039753182311092
1788436450.4183567,1.956329107284546,-0.3755354583263397,-0.028380218893289566,-0.0,0.0860649049282074,0.08022723346948624,0.75,0.6671505570411682,0.06610403143914195,-0.0035312949728411105,-0.006039753182311092
1788436450.4261887,1.956329107284546,-0.3755354583263397,-0.028380218893289566,-0.0,0.08624802529811859,0.07916690409183502,0.75,0.666675329208374,0.06610403143914195,-0.0035312949728411105,-0.006039753182311092
1788436450.436166,1.956329107284546,-0.3755354583263397,-0.028380218893289566,-0.0,0.08677434921264648,0.07850111275911331,0.75,0.6658018827438354,0.06610403143914195,-0.0035312949728411105,-0.006039753182311092
1788436450.4461975,1.956329107284546,-0.3755354583263397,-0.028380218893289566,-0.0,0.08677434921264648,0.07850111275911331,0.75,0.6658018827438354,0.06610403143914195,-0.0035312949728411105,-0.006039753182311092
1788436450.4561846,1.885751485824585,-0.36645808815956116,-0.03628845512866974,-0.0,0.0872851014137268,0.07181855291128159,0.75,0.6657217741012573,0.07353469327519954,0.00582398654233985,-0.0079082353240989
1788436450.4662988,1.885751485824585,-0.36645808815956116,-0.03628845512866974,-0.0,0.0872851014137268,0.07181855291128159,0.75,0.6657217741012573,0.07353469327519954,0.00582398654233985,-0.0079082353240989
1788436450.476487,1.885751485824585,-0.36645808815956116,-0.03628845512866974,-0.0,0.09945555031299591,0.07110343873500824,0.75,0.6653118133544922,0.07353469327519954,0.00582398654233985,-0.0079082353240989
1788436450.486292,1.885751485824585,-0.36645808815956116,-0.03628845512866974,-0.0,0.10016480833292007,0.07682430744171143,0.75,0.6648297309875488,0.07353469327519954,0.00582398654233985,-0.0079082353240989
1788436450.4963267,1.885751485824585,-0.36645808815956116,-0.03628845512866974,-0.0,0.10016480833292007,0.07682430744171143,0.75,0.6648297309875488,0.07353469327519954,0.00582398654233985,-0.0079082353240989
1788436450.506172,1.885751485824585,-0.36645808815956116,-0.03628845512866974,-0.0,0.09475481510162354,0.08289039880037308,0.75,0.6635860800743103,0.07353469327519954,0.00582398654233985,-0.0079082353240989
1788436450.5162227,1.885751485824585,-0.36645808815956116,-0.03628845512866974,-0.0,0.09416951984167099,0.08234789967536926,0.75,0.6633659601211548,0.07353469327519954,0.00582398654233985,-0.0079082353240989
1788436450.5284352,1.885751485824585,-0.36645808815956116,-0.03628845512866974,-0.0,0.0943579450249672,0.07778600603342056,0.75,0.6620053052902222,0.07353469327519954,0.00582398654233985,-0.0079082353240989
1788436450.5362139,1.885751485824585,-0.36645808815956116,-0.03628845512866974,-0.0,0.09650100022554398,0.0787476971745491,0.75,0.6616354584693909,0.07353469327519954,0.00582398654233985,-0.0079082353240989
1788436450.5461695,1.8205816745758057,-0.35741379857063293,-0.04219074174761772,-0.0,0.09628840535879135,0.08141086250543594,0.75,0.6617330312728882,0.06731098984060506,0.0016950182618104478,-0.005902286974481363
1788436450.5561824,1.8205816745758057,-0.35741379857063293,-0.04219074174761772,-0.0,0.10349689424037933,0.0833095982670784,0.75,0.6610242128372192,0.06731098984060506,0.0016950182618104478,-0.005902286974481363
1788436450.5663218,1.8205816745758057,-0.35741379857063293,-0.04219074174761772,-0.0,0.10349689424037933,0.0833095982670784,0.75,0.6610242128372192,0.06731098984060506,0.0016950182618104478,-0.005902286974481363
1788436450.5841863,1.8205816745758057,-0.35741379857063293,-0.04219074174761772,-0.0,0.10342517495155334,0.08439458906650543,0.75,0.6605865955352783,0.06731098984060506,0.0016950182618104478,-0.005902286974481363
1788436450.586262,1.8205816745758057,-0.35741379857063293,-0.04219074174761772,-0.0,0.1024228036403656,0.0842219740152359,0.75,0.6593254208564758,0.06731098984060506,0.0016950182618104478,-0.005902286974481363
1788436450.5974538,1.8205816745758057,-0.35741379857063293,-0.04219074174761772,-0.0,0.1024228036403656,0.0842219740152359,0.75,0.6593254208564758,0.06731098984060506,0.0016950182618104478,-0.005902286974481363
1788436450.608406,1.8205816745758057,-0.35741379857063293,-0.04219074174761772,-0.0,0.10376174747943878,0.08562753349542618,0.75,0.6585577726364136,0.06731098984060506,0.0016950182618104478,-0.005902286974481363
1788436450.6161823,1.8205816745758057,-0.35741379857063293,-0.04219074174761772,-0.0,0.10240251570940018,0.0893017128109932,0.75,0.6581120491027832,0.06731098984060506,0.0016950182618104478,-0.005902286974481363
1788436450.6261797,1.8205816745758057,-0.35741379857063293,-0.04219074174761772,-0.0,0.10058562457561493,0.09455405175685883,0.75,0.6571149826049805,0.06731098984060506,0.0016950182618104478,-0.005902286974481363
1788436450.639756,1.8205816745758057,-0.35741379857063293,-0.04219074174761772,-0.0,0.10058562457561493,0.09455405175685883,0.75,0.6571149826049805,0.06731098984060506,0.0016950182618104478,-0.005902286974481363
1788436450.6462584,1.8205816745758057,-0.35741379857063293,-0.04219074174761772,-0.0,0.09740276634693146,0.09684733301401138,0.75,0.6573941111564636,0.06731098984060506,0.0016950182618104478,-0.005902286974481363
1788436450.6569288,1.752219557762146,-0.34236761927604675,-0.04841334745287895,-0.0,0.09740276634693146,0.09684733301401138,0.75,0.6573941111564636,0.07052653440642721,-0.004149488723057752,-0.006222606681167253
1788436450.6666505,1.752219557762146,-0.34236761927604675,-0.04841334745287895,-0.0,0.10472257435321808,0.09586097300052643,0.75,0.6559253931045532,0.07052653440642721,-0.004149488723057752,-0.006222606681167253
1788436450.676175,1.752219557762146,-0.34236761927604675,-0.04841334745287895,-0.0,0.10538247972726822,0.09677335619926453,0.75,0.6552999019622803,0.07052653440642721,-0.004149488723057752,-0.006222606681167253
1788436450.6866047,1.752219557762146,-0.34236761927604675,-0.04841334745287895,-0.0,0.10505180805921555,0.09936253726482391,0.75,0.6559897065162659,0.07052653440642721,-0.004149488723057752,-0.006222606681167253
1788436450.6962867,1.752219557762146,-0.34236761927604675,-0.04841334745287895,-0.0,0.10387169569730759,0.10232160985469818,0.75,0.6557905077934265,0.07052653440642721,-0.004149488723057752,-0.006222606681167253
1788436450.706189,1.752219557762146,-0.34236761927604675,-0.04841334745287895,-0.0,0.10243434458971024,0.10123661905527115,0.75,0.6553779244422913,0.07052653440642721,-0.004149488723057752,-0.006222606681167253
1788436450.7161877,1.752219557762146,-0.34236761927604675,-0.04841334745287895,-0.0,0.10275668650865555,0.10172979533672333,0.75,0.655297040939331,0.07052653440642721,-0.004149488723057752,-0.006222606681167253
1788436450.7272773,1.752219557762146,-0.34236761927604675,-0.04841334745287895,-0.0,0.10275668650865555,0.10172979533672333,0.75,0.655297040939331,0.07052653440642721,-0.004149488723057752,-0.006222606681167253
1788436450.7364635,1.752219557762146,-0.34236761927604675,-0.04841334745287895,-0.0,0.1042105183005333,0.09832686930894852,0.75,0.6557449698448181,0.07052653440642721,-0.004149488723057752,-0.006222606681167253
1788436450.7461839,1.752219557762146,-0.34236761927604675,-0.04841334745287895,-0.0,0.10423720628023148,0.09808027744293213,0.75,0.6555758714675903,0.07052653440642721,-0.004149488723057752,-0.006222606681167253
1788436450.7562354,1.7054821252822876,-0.3351629078388214,-0.05543997511267662,-0.0,0.10423720628023148,0.09808027744293213,0.75,0.6555758714675903,0.049134517242757685,0.004770696219547378,-0.007026625183109925
1788436450.7665467,1.7054821252822876,-0.3351629078388214,-0.05543997511267662,-0.0,0.10434907674789429,0.09884470701217651,0.75,0.6552740931510925,0.049134517242757685,0.004770696219547378,-0.007026625183109925
1788436450.7766747,1.7054821252822876,-0.3351629078388214,-0.05543997511267662,-0.0,0.11000210046768188,0.09931322187185287,0.75,0.6553471684455872,0.049134517242757685,0.004770696219547378,-0.007026625183109925
1788436450.7874684,1.7054821252822876,-0.3351629078388214,-0.05543997511267662,-0.0,0.11041847616434097,0.09911595284938812,0.75,0.6555222868919373,0.049134517242757685,0.004770696219547378,-0.007026625183109925
1788436450.7961757,1.7054821252822876,-0.3351629078388214,-0.05543997511267662,-0.0,0.11060640960931778,0.09536779671907425,0.75,0.6561776995658875,0.049134517242757685,0.004770696219547378,-0.007026625183109925
1788436450.8061924,1.7054821252822876,-0.3351629078388214,-0.05543997511267662,-0.0,0.1121906265616417,0.09623085707426071,0.75,0.6566210985183716,0.049134517242757685,0.004770696219547378,-0.007026625183109925
1788436450.8170578,1.7054821252822876,-0.3351629078388214,-0.05543997511267662,-0.0,0.1121906265616417,0.09623085707426071,0.75,0.6566210985183716,0.049134517242757685,0.004770696219547378,-0.007026625183109925
1788436450.8267975,1.7054821252822876,-0.3351629078388214,-0.05543997511267662,-0.0,0.11103092133998871,0.10283944755792618,0.75,0.6579477190971375,0.049134517242757685,0.004770696219547378,-0.007026625183109925
1788436450.8365989,1.7054821252822876,-0.3351629078388214,-0.05543997511267662,-0.0,0.1090051457285881,0.10577385127544403,0.75,0.6588248014450073,0.049134517242757685,0.004770696219547378,-0.007026625183109925
1788436450.8494997,1.7054821252822876,-0.3351629078388214,-0.05543997511267662,-0.0,0.10751249641180038,0.10478749871253967,0.75,0.6588020920753479,0.049134517242757685,0.004770696219547378,-0.007026625183109925
1788436450.856332,1.7054821252822876,-0.3351629078388214,-0.05543997511267662,-0.0,0.10777629911899567,0.10488613694906235,0.75,0.6597597599029541,0.049134517242757685,0.004770696219547378,-0.007026625183109925
1788436450.8663142,1.6332859992980957,-0.32008206844329834,-0.06174568459391594,-0.0,0.10776246339082718,0.10436829924583435,0.75,0.6611624360084534,0.0742469495930603,-0.004788231760518166,-0.006305710635142958
1788436450.876184,1.6332859992980957,-0.32008206844329834,-0.06174568459391594,-0.0,0.11648911237716675,0.10352989286184311,0.75,0.6620864272117615,0.0742469495930603,-0.004788231760518166,-0.006305710635142958
1788436450.8863277,1.6332859992980957,-0.32008206844329834,-0.06174568459391594,-0.0,0.11648911237716675,0.10352989286184311,0.75,0.6620864272117615,0.0742469495930603,-0.004788231760518166,-0.006305710635142958
1788436450.8962114,1.6332859992980957,-0.32008206844329834,-0.06174568459391594,-0.0,0.11856459826231003,0.1032586470246315,0.75,0.6631959676742554,0.0742469495930603,-0.004788231760518166,-0.006305710635142958
1788436450.9062119,1.6332859992980957,-0.32008206844329834,-0.06174568459391594,-0.0,0.11922963708639145,0.10419568419456482,0.75,0.6645205020904541,0.0742469495930603,-0.004788231760518166,-0.006305710635142958
1788436450.91635,1.6332859992980957,-0.32008206844329834,-0.06174568459391594,-0.0,0.11922963708639145,0.10419568419456482,0.75,0.6645205020904541,0.0742469495930603,-0.004788231760518166,-0.006305710635142958
1788436450.9263432,1.6332859992980957,-0.32008206844329834,-0.06174568459391594,-0.0,0.1189110055565834,0.10409704595804214,0.75,0.665797233581543,0.0742469495930603,-0.004788231760518166,-0.006305710635142958
1788436450.936181,1.6332859992980957,-0.32008206844329834,-0.06174568459391594,-0.0,0.11802147328853607,0.10784520208835602,0.75,0.6674081087112427,0.0742469495930603,-0.004788231760518166,-0.006305710635142958
1788436450.946374,1.6332859992980957,-0.32008206844329834,-0.06174568459391594,-0.0,0.11802147328853607,0.10784520208835602,0.75,0.6674081087112427,0.0742469495930603,-0.004788231760518166,-0.006305710635142958
1788436450.957404,1.5774019956588745,-0.299090713262558,-0.07347151637077332,-0.0,0.1169525757431984,0.10915212333202362,0.75,0.6693911552429199,0.05949939853542115,-0.0025159874170527924,-0.011725833754994586
1788436450.9662063,1.5774019956588745,-0.299090713262558,-0.07347151637077332,-0.0,0.11689568310976028,0.10971927642822266,0.75,0.6706424355506897,0.05949939853542115,-0.0025159874170527924,-0.011725833754994586
1788436450.9761794,1.5774019956588745,-0.299090713262558,-0.07347151637077332,-0.0,0.11665914952754974,0.1109522208571434,0.75,0.6712853908538818,0.05949939853542115,-0.0025159874170527924,-0.011725833754994586
1788436450.98626,1.5774019956588745,-0.299090713262558,-0.07347151637077332,-0.0,0.11665914952754974,0.1109522208571434,0.75,0.6712853908538818,0.05949939853542115,-0.0025159874170527924,-0.011725833754994586
1788436450.9964352,1.5774019956588745,-0.299090713262558,-0.07347151637077332,-0.0,0.11617497354745865,0.11127278953790665,0.75,0.6724067330360413,0.05949939853542115,-0.0025159874170527924,-0.011725833754994586
1788436451.0094297,1.5774019956588745,-0.299090713262558,-0.07347151637077332,-0.0,0.11594924330711365,0.11085359007120132,0.75,0.6738300919532776,0.05949939853542115,-0.0025159874170527924,-0.011725833754994586
1788436451.0161798,1.5774019956588745,-0.299090713262558,-0.07347151637077332,-0.0,0.11609481275081635,0.11058233678340912,0.75,0.674525260925293,0.05949939853542115,-0.0025159874170527924,-0.011725833754994586
1788436451.0262234,1.5774019956588745,-0.299090713262558,-0.07347151637077332,-0.0,0.11622092872858047,0.1105576828122139,0.75,0.674506425857544,0.05949939853542115,-0.0025159874170527924,-0.011725833754994586
1788436451.0364702,1.5774019956588745,-0.299090713262558,-0.07347151637077332,-0.0,0.11624475568532944,0.1106809750199318,0.75,0.6758461594581604,0.05949939853542115,-0.0025159874170527924,-0.011725833754994586
1788436451.0484388,1.5774019956588745,-0.299090713262558,-0.07347151637077332,-0.0,0.11624475568532944,0.1106809750199318,0.75,0.6758461594581604,0.05949939853542115,-0.0025159874170527924,-0.011725833754994586
1788436451.05632,1.5774019956588745,-0.299090713262558,-0.07347151637077332,-0.0,0.11619728803634644,0.11077961325645447,0.75,0.6759896874427795,0.05949939853542115,-0.0025159874170527924,-0.011725833754994586
1788436451.0661664,1.5221248865127563,-0.28442761301994324,-0.0812883973121643,-0.0,0.11439331620931625,0.11514423787593842,0.75,0.677887499332428,0.057546929784810394,-0.002773648797325716,-0.007816877346651374
1788436451.076482,1.5221248865127563,-0.28442761301994324,-0.0812883973121643,-0.0,0.11439331620931625,0.11514423787593842,0.75,0.677887499332428,0.057546929784810394,-0.002773648797325716,-0.007816877346651374
1788436451.0863843,1.5221248865127563,-0.28442761301994324,-0.0812883973121643,-0.0,0.11954256147146225,0.11058233678340912,0.75,0.6800580620765686,0.057546929784810394,-0.002773648797325716,-0.007816877346651374
1788436451.0961883,1.5221248865127563,-0.28442761301994324,-0.0812883973121643,-0.0,0.12135032564401627,0.10762327164411545,0.75,0.6799570322036743,0.057546929784810394,-0.002773648797325716,-0.007816877346651374
1788436451.1068993,1.5221248865127563,-0.28442761301994324,-0.0812883973121643,-0.0,0.12135032564401627,0.10762327164411545,0.75,0.6799570322036743,0.057546929784810394,-0.002773648797325716,-0.007816877346651374
1788436451.116665,1.5221248865127563,-0.28442761301994324,-0.0812883973121643,-0.0,0.12302611023187637,0.10715474933385849,0.75,0.6804757714271545,0.057546929784810394,-0.002773648797325716,-0.007816877346651374
1788436451.1262052,1.5221248865127563,-0.28442761301994324,-0.0812883973121643,-0.0,0.12307987362146378,0.11036040633916855,0.75,0.6820168495178223,0.057546929784810394,-0.002773648797325716,-0.007816877346651374
1788436451.1385014,1.5221248865127563,-0.28442761301994324,-0.0812883973121643,-0.0,0.12307987362146378,0.11036040633916855,0.75,0.6820168495178223,0.057546929784810394,-0.002773648797325716,-0.007816877346651374
1788436451.1461923,1.5221248865127563,-0.28442761301994324,-0.0812883973121643,-0.0,0.12116361409425735,0.11260437220335007,0.75,0.6836016774177551,0.057546929784810394,-0.002773648797325716,-0.007816877346651374
1788436451.1562262,1.5221248865127563,-0.28442761301994324,-0.0812883973121643,-0.0,0.12073206901550293,0.11561275273561478,0.75,0.6843231916427612,0.057546929784810394,-0.002773648797325716,-0.007816877346651374
1788436451.1694784,1.5221248865127563,-0.28442761301994324,-0.0812883973121643,-0.0,0.11950015276670456,0.11709228903055191,0.75,0.6841146945953369,0.057546929784810394,-0.002773648797325716,-0.007816877346651374
1788436451.180366,1.5221248865127563,-0.28442761301994324,-0.0812883973121643,-0.0,0.11950015276670456,0.11709228903055191,0.75,0.6841146945953369,0.057546929784810394,-0.002773648797325716,-0.007816877346651374
1788436451.1871727,1.5494424104690552,-0.2629888653755188,-0.08776753395795822,-0.0,0.11849964410066605,0.1155141219496727,0.75,0.685151994228363,0.07245476817641233,-0.003418531902690397,-0.006479140289379348
1788436451.1963644,1.5494424104690552,-0.2629888653755188,-0.08776753395795822,-0.0,0.10977299511432648,0.11378799378871918,0.75,0.6864677667617798,0.07245476817641233,-0.003418531902690397,-0.006479140289379348
1788436451.2080839,1.5494424104690552,-0.2629888653755188,-0.08776753395795822,-0.0,0.1010463535785675,0.11240709573030472,0.75,0.6859442591667175,0.07245476817641233,-0.003418531902690397,-0.006479140289379348
1788436451.2164643,1.5494424104690552,-0.2629888653755188,-0.08776753395795822,-0.0,0.1010463535785675,0.11240709573030472,0.75,0.6859442591667175,0.07245476817641233,-0.003418531902690397,-0.006479140289379348
1788436451.2261755,1.5494424104690552,-0.2629888653755188,-0.08776753395795822,-0.0,0.0944008007645607,0.11299891024827957,0.75,0.6874861121177673,0.07245476817641233,-0.003418531902690397,-0.006479140289379348
1788436451.2375538,1.5494424104690552,-0.2629888653755188,-0.08776753395795822,-0.0,0.0944008007645607,0.11299891024827957,0.75,0.6874861121177673,0.07245476817641233,-0.003418531902690397,-0.006479140289379348
1788436451.246182,1.5494424104690552,-0.2629888653755188,-0.08776753395795822,-0.0,0.09370338171720505,0.11405924707651138,0.75,0.6883779168128967,0.07245476817641233,-0.003418531902690397,-0.006479140289379348
1788436451.2561846,1.5494424104690552,-0.2629888653755188,-0.08776753395795822,-0.0,0.09360063076019287,0.11373867839574814,0.75,0.688230037689209,0.07245476817641233,-0.003418531902690397,-0.006479140289379348
1788436451.2684457,1.5340238809585571,-0.24736924469470978,-0.10408986359834671,-0.0,0.09371762722730637,0.11425651609897614,0.75,0.6890832185745239,0.06865144710709763,0.013696070243909376,-0.01632232656343513
1788436451.2773597,1.5340238809585571,-0.24736924469470978,-0.10408986359834671,-0.0,0.0849909782409668,0.11884307116270065,0.75,0.6900110244750977,0.06865144710709763,0.013696070243909376,-0.01632232656343513
1788436451.2861848,1.5340238809585571,-0.24736924469470978,-0.10408986359834671,-0.0,0.07881320267915726,0.11906500160694122,0.75,0.6900359392166138,0.06865144710709763,0.013696070243909376,-0.01632232656343513
1788436451.296583,1.5340238809585571,-0.24736924469470978,-0.10408986359834671,-0.0,0.07804860174655914,0.11854716390371323,0.75,0.6911355257034302,0.06865144710709763,0.013696070243909376,-0.01632232656343513
1788436451.3061986,1.5340238809585571,-0.24736924469470978,-0.10408986359834671,-0.0,0.07817042618989944,0.11388663202524185,0.75,0.6911942958831787,0.06865144710709763,0.013696070243909376,-0.01632232656343513
1788436451.316179,1.5340238809585571,-0.24736924469470978,-0.10408986359834671,-0.0,0.08003278076648712,0.11396060883998871,0.75,0.6920269131660461,0.06865144710709763,0.013696070243909376,-0.01632232656343513
1788436451.326305,1.5340238809585571,-0.24736924469470978,-0.10408986359834671,-0.0,0.08020738512277603,0.11679638177156448,0.75,0.6921420693397522,0.06865144710709763,0.013696070243909376,-0.01632232656343513
1788436451.3362546,1.5340238809585571,-0.24736924469470978,-0.10408986359834671,-0.0,0.07910164445638657,0.11235778033733368,0.75,0.6916070580482483,0.06865144710709763,0.013696070243909376,-0.01632232656343513
1788436451.3462632,1.5340238809585571,-0.24736924469470978,-0.10408986359834671,-0.0,0.08074092119932175,0.1076972484588623,0.75,0.6918971538543701,0.06865144710709763,0.013696070243909376,-0.01632232656343513
1788436451.3562763,1.523486614227295,-0.21339115500450134,-0.12074977159500122,-0.0,0.08276710659265518,0.09800630062818527,0.75,0.690950334072113,0.06321771275383216,-0.0035178043550008198,-0.01665990729348188
1788436451.3684616,1.523486614227295,-0.21339115500450134,-0.12074977159500122,-0.0,0.08276710659265518,0.09800630062818527,0.75,0.690950334072113,0.06321771275383216,-0.0035178043550008198,-0.01665990729348188
1788436451.3785725,1.523486614227295,-0.21339115500450134,-0.12074977159500122,-0.0,0.07404045760631561,0.09531848132610321,0.75,0.6920332908630371,0.06321771275383216,-0.0035178043550008198,-0.01665990729348188
1788436451.3861868,1.523486614227295,-0.21339115500450134,-0.12074977159500122,-0.0,0.06065531075000763,0.09147169440984726,0.75,0.6912850141525269,0.06321771275383216,-0.0035178043550008198,-0.01665990729348188
1788436451.3963156,1.523486614227295,-0.21339115500450134,-0.12074977159500122,-0.0,0.06065531075000763,0.09147169440984726,0.75,0.6912850141525269,0.06321771275383216,-0.0035178043550008198,-0.01665990729348188
1788436451.4061747,1.523486614227295,-0.21339115500450134,-0.12074977159500122,-0.0,0.06253817677497864,0.08454254269599915,0.75,0.6919568777084351,0.06321771275383216,-0.0035178043550008198,-0.01665990729348188
1788436451.4161913,1.523486614227295,-0.21339115500450134,-0.12074977159500122,-0.0,0.06354038417339325,0.08212596923112869,0.75,0.6929386854171753,0.06321771275383216,-0.0035178043550008198,-0.01665990729348188
1788436451.4281788,1.523486614227295,-0.21339115500450134,-0.12074977159500122,-0.0,0.06354038417339325,0.08212596923112869,0.75,0.6929386854171753,0.06321771275383216,-0.0035178043550008198,-0.01665990729348188
1788436451.4361882,1.523486614227295,-0.21339115500450134,-0.12074977159500122,-0.0,0.062258750200271606,0.08518367260694504,0.75,0.6925097107887268,0.06321771275383216,-0.0035178043550008198,-0.01665990729348188
1788436451.4461834,1.523486614227295,-0.21339115500450134,-0.12074977159500122,-0.0,0.06325867772102356,0.08183006197214127,0.75,0.6912709474563599,0.06321771275383216,-0.0035178043550008198,-0.01665990729348188
1788436451.4574172,1.523486614227295,-0.21339115500450134,-0.12074977159500122,-0.0,0.06325867772102356,0.08183006197214127,0.75,0.6912709474563599,0.06321771275383216,-0.0035178043550008198,-0.01665990729348188
1788436451.4661784,1.5603621006011963,-0.18771103024482727,-0.13044987618923187,-0.0,0.06855101883411407,0.07075821608304977,0.75,0.6910830140113831,0.06266314423015107,0.0012946769958676607,-0.009700104530901754
1788436451.4771998,1.5603621006011963,-0.18771103024482727,-0.13044987618923187,-0.0,0.06855101883411407,0.07075821608304977,0.75,0.6910830140113831,0.06266314423015107,0.0012946769958676607,-0.009700104530901754
1788436451.4861872,1.5603621006011963,-0.18771103024482727,-0.13044987618923187,-0.0,0.05109772831201553,0.06816903501749039,0.75,0.6909545660018921,0.06266314423015107,0.0012946769958676607,-0.009700104530901754
1788436451.4964998,1.5603621006011963,-0.18771103024482727,-0.13044987618923187,-0.0,0.04237108305096626,0.06523462384939194,0.75,0.6906596422195435,0.06266314423015107,0.0012946769958676607,-0.009700104530901754
1788436451.5061967,1.5603621006011963,-0.18771103024482727,-0.13044987618923187,-0.0,0.040912479162216187,0.0653086006641388,0.75,0.6914210319519043,0.06266314423015107,0.0012946769958676607,-0.009700104530901754
1788436451.516169,1.5603621006011963,-0.18771103024482727,-0.13044987618923187,-0.0,0.04072325676679611,0.0638783872127533,0.75,0.690311849117279,0.06266314423015107,0.0012946769958676607,-0.009700104530901754
1788436451.5279844,1.5603621006011963,-0.18771103024482727,-0.13044987618923187,-0.0,0.04072325676679611,0.0638783872127533,0.75,0.690311849117279,0.06266314423015107,0.0012946769958676607,-0.009700104530901754
1788436451.5361912,1.5603621006011963,-0.18771103024482727,-0.13044987618923187,-0.0,0.03925801068544388,0.0671333596110344,0.75,0.6898071765899658,0.06266314423015107,0.0012946769958676607,-0.009700104530901754
1788436451.5463543,1.5603621006011963,-0.18771103024482727,-0.13044987618923187,-0.0,0.03981440141797066,0.06555519253015518,0.75,0.6900303363800049,0.06266314423015107,0.0012946769958676607,-0.009700104530901754
1788436451.5563016,1.5367271900177002,-0.16493088006973267,-0.14126531779766083,-0.0,0.03981440141797066,0.06555519253015518,0.75,0.6900303363800049,0.0742710740336768,0.0002276518239724759,-0.010815446968436504
1788436451.5664127,1.5367271900177002,-0.16493088006973267,-0.14126531779766083,-0.0,0.040504682809114456,0.05694923549890518,0.75,0.6897889375686646,0.0742710740336768,0.0002276518239724759,-0.010815446968436504
1788436451.5781548,1.5367271900177002,-0.16493088006973267,-0.14126531779766083,-0.0,0.031778037548065186,0.05275722220540047,0.75,0.6892103552818298,0.0742710740336768,0.0002276518239724759,-0.010815446968436504
1788436451.5863369,1.5367271900177002,-0.16493088006973267,-0.14126531779766083,-0.0,0.02900335006415844,0.049428269267082214,0.75,0.6891357898712158,0.0742710740336768,0.0002276518239724759,-0.010815446968436504
1788436451.5969641,1.5367271900177002,-0.16493088006973267,-0.14126531779766083,-0.0,0.03148886561393738,0.04294297844171524,0.75,0.6886135935783386,0.0742710740336768,0.0002276518239724759,-0.010815446968436504
1788436451.606409,1.5367271900177002,-0.16493088006973267,-0.14126531779766083,-0.0,0.03282129019498825,0.03993459418416023,0.75,0.6885497570037842,0.0742710740336768,0.0002276518239724759,-0.010815446968436504
1788436451.617448,1.5367271900177002,-0.16493088006973267,-0.14126531779766083,-0.0,0.03282129019498825,0.03993459418416023,0.75,0.6885497570037842,0.0742710740336768,0.0002276518239724759,-0.010815446968436504
1788436451.6287105,1.5367271900177002,-0.16493088006973267,-0.14126531779766083,-0.0,0.03346037119626999,0.03704950213432312,0.75,0.6892746090888977,0.0742710740336768,0.0002276518239724759,-0.010815446968436504
1788436451.6361847,1.5367271900177002,-0.16493088006973267,-0.14126531779766083,-0.0,0.03534731641411781,0.03450963646173477,0.75,0.689753532409668,0.0742710740336768,0.0002276518239724759,-0.010815446968436504
1788436451.6483798,1.5367271900177002,-0.16493088006973267,-0.14126531779766083,-0.0,0.03654918447136879,0.027432531118392944,0.75,0.6900619268417358,0.0742710740336768,0.0002276518239724759,-0.010815446968436504
1788436451.6562705,1.5367271900177002,-0.16493088006973267,-0.14126531779766083,-0.0,0.03654918447136879,0.027432531118392944,0.75,0.6900619268417358,0.0742710740336768,0.0002276518239724759,-0.010815446968436504
1788436451.6663203,1.5367271900177002,-0.16493088006973267,-0.14126531779766083,-0.0,0.03938460722565651,0.026076292619109154,0.75,0.6905629634857178,0.0742710740336768,0.0002276518239724759,-0.010815446968436504
1788436451.676192,1.5250340700149536,-0.14282995462417603,-0.1497812122106552,-0.0,0.04029446840286255,0.025114595890045166,0.75,0.6915156245231628,0.06165516416425327,-0.002194858807616381,-0.0085158859354304
1788436451.6883981,1.5250340700149536,-0.14282995462417603,-0.1497812122106552,-0.0,0.04029446840286255,0.025114595890045166,0.75,0.6915156245231628,0.06165516416425327,-0.002194858807616381,-0.0085158859354304
1788436451.6962256,1.5250340700149536,-0.14282995462417603,-0.1497812122106552,-0.0,0.03156782314181328,0.02415289916098118,0.75,0.6910781860351562,0.06165516416425327,-0.002194858807616381,-0.0085158859354304
1788436451.7063208,1.5250340700149536,-0.14282995462417603,-0.1497812122106552,-0.0,0.02196861431002617,0.023733697831630707,0.75,0.6921896934509277,0.06165516416425327,-0.002194858807616381,-0.0085158859354304
1788436451.716516,1.5250340700149536,-0.14282995462417603,-0.1497812122106552,-0.0,0.02196861431002617,0.023733697831630707,0.75,0.6921896934509277,0.06165516416425327,-0.002194858807616381,-0.0085158859354304
1788436451.7272782,1.5250340700149536,-0.14282995462417603,-0.1497812122106552,-0.0,0.022011971101164818,0.02341313101351261,0.75,0.6933937668800354,0.06165516416425327,-0.002194858807616381,-0.0085158859354304
1788436451.7362363,1.5250340700149536,-0.14282995462417603,-0.1497812122106552,-0.0,0.02182970568537712,0.02412823960185051,0.75,0.6947706341743469,0.06165516416425327,-0.002194858807616381,-0.0085158859354304
1788436451.7461739,1.5250340700149536,-0.14282995462417603,-0.1497812122106552,-0.0,0.02184348739683628,0.02410358004271984,0.75,0.6957225799560547,0.06165516416425327,-0.002194858807616381,-0.0085158859354304
1788436451.7565253,1.5510895252227783,-0.1237158253788948,-0.15336643159389496,-0.0,0.02184348739683628,0.02410358004271984,0.75,0.6957225799560547,0.07165744429485597,0.0011236256640005209,-0.00358522441499165
1788436451.7663646,1.5510895252227783,-0.1237158253788948,-0.15336643159389496,-0.0,0.013127929531037807,0.02114451304078102,0.75,0.6967317461967468,0.07165744429485597,0.0011236256640005209,-0.00358522441499165
1788436451.7774034,1.5510895252227783,-0.1237158253788948,-0.15336643159389496,-0.0,0.007718151435256004,0.020602017641067505,0.75,0.6965792775154114,0.07165744429485597,0.0011236256640005209,-0.00358522441499165
1788436451.7862065,1.5510895252227783,-0.1237158253788948,-0.15336643159389496,-0.0,0.005576932802796364,0.01892521232366562,0.75,0.6969273090362549,0.07165744429485597,0.0011236256640005209,-0.00358522441499165
1788436451.7962008,1.5510895252227783,-0.1237158253788948,-0.15336643159389496,-0.0,0.005212877411395311,0.018407374620437622,0.75,0.6969639658927917,0.07165744429485597,0.0011236256640005209,-0.00358522441499165
1788436451.8061984,1.5510895252227783,-0.1237158253788948,-0.15336643159389496,-0.0,0.00522793410345912,0.015349671244621277,0.75,0.697357714176178,0.07165744429485597,0.0011236256640005209,-0.00358522441499165
1788436451.8163278,1.5510895252227783,-0.1237158253788948,-0.15336643159389496,-0.0,0.00522793410345912,0.015349671244621277,0.75,0.697357714176178,0.07165744429485597,0.0011236256640005209,-0.00358522441499165
1788436451.8269174,1.5510895252227783,-0.1237158253788948,-0.15336643159389496,-0.0,0.007007949519902468,0.013278324156999588,0.75,0.6976414322853088,0.07165744429485597,0.0011236256640005209,-0.00358522441499165
1788436451.836285,1.5510895252227783,-0.1237158253788948,-0.15336643159389496,-0.0,0.00769377825781703,0.013648207299411297,0.75,0.6979653239250183,0.07165744429485597,0.0011236256640005209,-0.00358522441499165
1788436451.8470078,1.5264605283737183,-0.1128057986497879,-0.15458783507347107,-0.0,0.00769377825781703,0.013648207299411297,0.75,0.6979653239250183,0.0733708961089478,-0.0015326124334002506,-0.0012214034435196197
1788436451.8564584,1.5264605283737183,-0.1128057986497879,-0.15458783507347107,-0.0,0.00786568596959114,0.010220620781183243,0.75,0.6982101202011108,0.0733708961089478,-0.0015326124334002506,-0.0012214034435196197
1788436451.8661964,1.5264605283737183,-0.1128057986497879,-0.15458783507347107,-0.0,0.007554556243121624,-0.001984587637707591,0.75,0.6982317566871643,0.0733708961089478,-0.0015326124334002506,-0.0012214034435196197
1788436451.8762944,1.5264605283737183,-0.1128057986497879,-0.15458783507347107,-0.0,0.007554556243121624,-0.001984587637707591,0.75,0.6982317566871643,0.0733708961089478,-0.0015326124334002506,-0.0012214034435196197
1788436451.8874753,1.5264605283737183,-0.1128057986497879,-0.15458783507347107,-0.0,0.00997006893157959,-0.003236273303627968,0.75,0.6982482671737671,0.0733708961089478,-0.0015326124334002506,-0.0012214034435196197
1788436451.8963923,1.5264605283737183,-0.1128057986497879,-0.15458783507347107,-0.0,0.011810093186795712,-0.0021976404823362827,0.75,0.6990155577659607,0.0733708961089478,-0.0015326124334002506,-0.0012214034435196197
1788436451.9061215,1.5264605283737183,-0.1128057986497879,-0.15458783507347107,-0.0,0.012076495215296745,-0.003023220458999276,0.75,0.6988300085067749,0.0733708961089478,-0.0015326124334002506,-0.0012214034435196197
1788436451.916177,1.5264605283737183,-0.1128057986497879,-0.15458783507347107,-0.0,0.012502620927989483,-0.003236273303627968,0.75,0.6986916661262512,0.0733708961089478,-0.0015326124334002506,-0.0012214034435196197
1788436451.9261882,1.5264605283737183,-0.1128057986497879,-0.15458783507347107,-0.0,0.012791565619409084,-0.00430153775960207,0.75,0.698594331741333,0.0733708961089478,-0.0015326124334002506,-0.0012214034435196197
1788436451.9363778,1.5264605283737183,-0.1128057986497879,-0.15458783507347107,-0.0,0.012791565619409084,-0.00430153775960207,0.75,0.698594331741333,0.0733708961089478,-0.0015326124334002506,-0.0012214034435196197
1788436451.946503,1.5264605283737183,-0.1128057986497879,-0.15458783507347107,-0.0,0.013313958421349525,-0.003981958609074354,0.75,0.6989110708236694,0.0733708961089478,-0.0015326124334002506,-0.0012214034435196197
1788436451.9561946,1.5264605283737183,-0.1128057986497879,-0.15458783507347107,-0.0,0.013612080365419388,-0.003183010034263134,0.75,0.6986728310585022,0.0733708961089478,-0.0015326124334002506,-0.0012214034435196197
1788436451.9661984,1.557578444480896,-0.09245680272579193,-0.15699461102485657,-0.0,0.013328303582966328,-0.003715642262250185,0.75,0.698650598526001,0.06629685776708444,-0.0014556506577952486,-0.002406775987037868
1788436451.9766905,1.557578444480896,-0.09245680272579193,-0.15699461102485657,-0.0,0.013328303582966328,-0.003715642262250185,0.75,0.698650598526001,0.06629685776708444,-0.0014556506577952486,-0.002406775987037868
1788436451.9863305,1.557578444480896,-0.09245680272579193,-0.15699461102485657,-0.0,0.006354228127747774,-0.0016117451013997197,0.75,0.6992793083190918,0.06629685776708444,-0.0014556506577952486,-0.002406775987037868
1788436451.996182,1.557578444480896,-0.09245680272579193,-0.15699461102485657,-0.0,0.004109393805265427,-0.0008394283941015601,0.75,0.6984723210334778,0.06629685776708444,-0.0014556506577952486,-0.002406775987037868
1788436452.0083063,1.557578444480896,-0.09245680272579193,-0.15699461102485657,-0.0,0.004109393805265427,-0.0008394283941015601,0.75,0.6984723210334778,0.06629685776708444,-0.0014556506577952486,-0.002406775987037868
1788436452.0184433,1.557578444480896,-0.09245680272579193,-0.15699461102485657,-0.0,0.002709744730964303,0.0009981922339648008,0.75,0.6980064511299133,0.06629685776708444,-0.0014556506577952486,-0.002406775987037868
1788436452.0261848,1.557578444480896,-0.09245680272579193,-0.15699461102485657,-0.0,0.001794933108612895,-0.004914064891636372,0.75,0.6969169974327087,0.06629685776708444,-0.0014556506577952486,-0.002406775987037868
1788436452.0375934,1.557578444480896,-0.09245680272579193,-0.15699461102485657,-0.0,0.001794933108612895,-0.004914064891636372,0.75,0.6969169974327087,0.06629685776708444,-0.0014556506577952486,-0.002406775987037868
1788436452.0494504,1.557578444480896,-0.09245680272579193,-0.15699461102485657,-0.0,0.0030037639662623405,-0.004195011220872402,0.75,0.6962301731109619,0.06629685776708444,-0.0014556506577952486,-0.002406775987037868
1788436452.0561695,1.5401358604431152,-0.08203623443841934,-0.1575288474559784,-0.0,0.0036034584045410156,-0.0017182715237140656,0.75,0.6954270005226135,0.06606213401815568,-0.0019084125093235121,-0.0005342374751822199
1788436452.067471,1.5401358604431152,-0.08203623443841934,-0.1575288474559784,-0.0,0.0036034584045410156,-0.0017182715237140656,0.75,0.6954270005226135,0.06606213401815568,-0.0019084125093235121,-0.0005342374751822199
1788436452.0761776,1.5401358604431152,-0.08203623443841934,-0.1575288474559784,-0.0,-9.74130816757679e-05,-0.003555852686986327,0.75,0.6963471174240112,0.06606213401815568,-0.0019084125093235121,-0.0005342374751822199
1788436452.08619,1.5401358604431152,-0.08203623443841934,-0.1575288474559784,-0.0,-0.0004160103271715343,-0.003981958609074354,0.75,0.6959235072135925,0.06606213401815568,-0.0019084125093235121,-0.0005342374751822199
1788436452.0962892,1.5401358604431152,-0.08203623443841934,-0.1575288474559784,-0.0,-0.0004160103271715343,-0.003981958609074354,0.75,0.6959235072135925,0.06606213401815568,-0.0019084125093235121,-0.0005342374751822199
1788436452.1061947,1.5401358604431152,-0.08203623443841934,-0.1575288474559784,-0.0,-0.0005512493662536144,-0.0034493261482566595,0.75,0.6952286958694458,0.06606213401815568,-0.0019084125093235121,-0.0005342374751822199
1788436452.1162126,1.5401358604431152,-0.08203623443841934,-0.1575288474559784,-0.0,-0.0006811481434851885,-0.0034226947464048862,0.75,0.6960673928260803,0.06606213401815568,-0.0019084125093235121,-0.0005342374751822199
1788436452.1261709,1.5401358604431152,-0.08203623443841934,-0.1575288474559784,-0.0,-0.0007556657074019313,-0.0028367992490530014,0.75,0.6958447098731995,0.06606213401815568,-0.0019084125093235121,-0.0005342374751822199
1788436452.1362414,1.5401358604431152,-0.08203623443841934,-0.1575288474559784,-0.0,-0.0007556657074019313,-0.0028367992490530014,0.75,0.6958447098731995,0.06606213401815568,-0.0019084125093235121,-0.0005342374751822199
1788436452.1461947,1.5202553272247314,-0.0778643935918808,-0.1568976193666458,-0.0,-0.00130394846200943,-0.007284278050065041,0.75,0.6957610249519348,0.0684031005087676,0.002583839811725207,0.0006312217608543946
1788436452.156176,1.5202553272247314,-0.0778643935918808,-0.1568976193666458,-0.0,-0.00030867764144204557,-0.006804909091442823,0.75,0.6962470412254333,0.0684031005087676,0.002583839811725207,0.0006312217608543946
1788436452.167096,1.5202553272247314,-0.0778643935918808,-0.1568976193666458,-0.0,-0.00030867764144204557,-0.006804909091442823,0.75,0.6962470412254333,0.0684031005087676,0.002583839811725207,0.0006312217608543946
1788436452.1787953,1.5202553272247314,-0.0778643935918808,-0.1568976193666458,-0.0,2.0094370484002866e-05,-0.007364172954112291,0.75,0.6966161131858826,0.0684031005087676,0.002583839811725207,0.0006312217608543946
1788436452.1861863,1.5202553272247314,-0.0778643935918808,-0.1568976193666458,-0.0,-0.0009626848041079938,-0.003555852686986327,0.75,0.6962499618530273,0.0684031005087676,0.002583839811725207,0.0006312217608543946
1788436452.1985307,1.5202553272247314,-0.0778643935918808,-0.1568976193666458,-0.0,-0.0009626848041079938,-0.003555852686986327,0.75,0.6962499618530273,0.0684031005087676,0.002583839811725207,0.0006312217608543946
1788436452.2063808,1.5202553272247314,-0.0778643935918808,-0.1568976193666458,-0.0,-0.0014573675580322742,-0.0032629049383103848,0.75,0.6958568096160889,0.0684031005087676,0.002583839811725207,0.0006312217608543946
1788436452.2161698,1.5202553272247314,-0.0778643935918808,-0.1568976193666458,-0.0,-0.0019565047696232796,-0.003955326974391937,0.75,0.6960952281951904,0.0684031005087676,0.002583839811725207,0.0006312217608543946
1788436452.2276106,1.5202553272247314,-0.0778643935918808,-0.1568976193666458,-0.0,-0.0019565047696232796,-0.003955326974391937,0.75,0.6960952281951904,0.0684031005087676,0.002583839811725207,0.0006312217608543946
1788436452.2374406,1.5202553272247314,-0.0778643935918808,-0.1568976193666458,-0.0,-0.0018136934377253056,-0.0046211169101297855,0.75,0.6962028741836548,0.0684031005087676,0.002583839811725207,0.0006312217608543946
1788436452.2462082,1.5202553272247314,-0.0778643935918808,-0.1568976193666458,-0.0,-0.0015035148244351149,-0.003662379225715995,0.75,0.6960825324058533,0.0684031005087676,0.002583839811725207,0.0006312217608543946
1788436452.2563007,1.5503222942352295,-0.0705980509519577,-0.15253427624702454,-0.0,-0.0016905154334381223,-0.004461327567696571,0.75,0.6960208415985107,0.06679216523784455,0.001337724821304745,0.004363350317582615
1788436452.2664754,1.5503222942352295,-0.0705980509519577,-0.15253427624702454,-0.0,-0.0027475205715745687,-0.004834169987589121,0.75,0.695767879486084,0.06679216523784455,0.001337724821304745,0.004363350317582615
1788436452.2763238,1.5503222942352295,-0.0705980509519577,-0.15253427624702454,-0.0,-0.0031441356986761093,-0.005899434443563223,0.75,0.6957879066467285,0.06679216523784455,0.001337724821304745,0.004363350317582615
1788436452.2894707,1.5503222942352295,-0.0705980509519577,-0.15253427624702454,-0.0,-0.0029635096434503794,-0.0008660599705763161,0.75,0.6955646276473999,0.06679216523784455,0.001337724821304745,0.004363350317582615
1788436452.2964451,1.5503222942352295,-0.0705980509519577,-0.15253427624702454,-0.0,-0.004664993844926357,-0.0001203748834086582,0.75,0.696029782295227,0.06679216523784455,0.001337724821304745,0.004363350317582615
1788436452.3061857,1.5503222942352295,-0.0705980509519577,-0.15253427624702454,-0.0,-0.005782572086900473,0.0008748977561481297,0.75,0.6957786083221436,0.06679216523784455,0.001337724821304745,0.004363350317582615
1788436452.3161798,1.5503222942352295,-0.0705980509519577,-0.15253427624702454,-0.0,-0.006696580443531275,-0.003209641668945551,0.75,0.6960219740867615,0.06679216523784455,0.001337724821304745,0.004363350317582615
1788436452.3295934,1.5503222942352295,-0.0705980509519577,-0.15253427624702454,-0.0,-0.005700198467820883,-0.006165750324726105,0.75,0.695646345615387,0.06679216523784455,0.001337724821304745,0.004363350317582615
1788436452.33617,1.5503222942352295,-0.0705980509519577,-0.15253427624702454,-0.0,-0.004148784093558788,-0.006298908498138189,0.75,0.695926308631897,0.06679216523784455,0.001337724821304745,0.004363350317582615
1788436452.3461955,1.5503222942352295,-0.0705980509519577,-0.15253427624702454,-0.0,-0.0033244213555008173,-0.0051803807727992535,0.75,0.696173369884491,0.06679216523784455,0.001337724821304745,0.004363350317582615
1788436452.3574677,1.5279953479766846,-0.06243767589330673,-0.15036797523498535,-0.0,-0.0033244213555008173,-0.0051803807727992535,0.75,0.696173369884491,0.07080456591500184,-0.003997993180716829,0.0021663044174786705
1788436452.366339,1.5279953479766846,-0.06243767589330673,-0.15036797523498535,-0.0,-0.0033097935374826193,-0.0004665858286898583,0.75,0.696105420589447,0.07080456591500184,-0.003997993180716829,0.0021663044174786705
1788436452.3761904,1.5279953479766846,-0.06243767589330673,-0.15036797523498535,-0.0,-0.007291041314601898,-0.003955326974391937,0.75,0.6952694058418274,0.07080456591500184,-0.003997993180716829,0.0021663044174786705
1788436452.3874266,1.5279953479766846,-0.06243767589330673,-0.15036797523498535,-0.0,-0.007291041314601898,-0.003955326974391937,0.75,0.6952694058418274,0.07080456591500184,-0.003997993180716829,0.0021663044174786705
1788436452.3963609,1.5279953479766846,-0.06243767589330673,-0.15036797523498535,-0.0,-0.007053259760141373,-0.007843541912734509,0.75,0.6958193778991699,0.07080456591500184,-0.003997993180716829,0.0021663044174786705
1788436452.4065692,1.5279953479766846,-0.06243767589330673,-0.15036797523498535,-0.0,-0.004796949680894613,-0.009441439062356949,0.75,0.6962142586708069,0.07080456591500184,-0.003997993180716829,0.0021663044174786705
1788436452.4174032,1.5279953479766846,-0.06243767589330673,-0.15036797523498535,-0.0,-0.004796949680894613,-0.009441439062356949,0.75,0.6962142586708069,0.07080456591500184,-0.003997993180716829,0.0021663044174786705
1788436452.4275677,1.5279953479766846,-0.06243767589330673,-0.15036797523498535,-0.0,-0.003859847318381071,-0.012024705298244953,0.75,0.6958636045455933,0.07080456591500184,-0.003997993180716829,0.0021663044174786705
1788436452.436192,1.5279953479766846,-0.06243767589330673,-0.15036797523498535,-0.0,-0.0010356788989156485,-0.015566709451377392,0.75,0.6962645649909973,0.07080456591500184,-0.003997993180716829,0.0021663044174786705
1788436452.4461637,1.5279953479766846,-0.06243767589330673,-0.15036797523498535,-0.0,0.00014743188512511551,-0.014474812895059586,0.75,0.6964710354804993,0.07080456591500184,-0.003997993180716829,0.0021663044174786705
1788436452.456817,1.5112780332565308,-0.057328961789608,-0.15034380555152893,-0.0,0.00014743188512511551,-0.014474812895059586,0.75,0.6964710354804993,0.06534136138595298,0.002222074280325226,2.416472365140976e-05
1788436452.466171,1.5112780332565308,-0.057328961789608,-0.15034380555152893,-0.0,-0.0007280203863047063,-0.014874286949634552,0.75,0.6964625716209412,0.06534136138595298,0.002222074280325226,2.416472365140976e-05
1788436452.4761996,1.5112780332565308,-0.057328961789608,-0.15034380555152893,-0.0,-0.0016619630623608828,-0.014288391917943954,0.75,0.6970316171646118,0.06534136138595298,0.002222074280325226,2.416472365140976e-05
1788436452.486315,1.5112780332565308,-0.057328961789608,-0.15034380555152893,-0.0,-0.002253282815217972,-0.013089969754219055,0.75,0.6969693899154663,0.06534136138595298,0.002222074280325226,2.416472365140976e-05
1788436452.49629,1.5112780332565308,-0.057328961789608,-0.15034380555152893,-0.0,-0.0028969813138246536,-0.013116600923240185,0.75,0.6974819898605347,0.06534136138595298,0.002222074280325226,2.416472365140976e-05
1788436452.5061972,1.5112780332565308,-0.057328961789608,-0.15034380555152893,-0.0,-0.003164437832310796,-0.013036706484854221,0.75,0.6971774697303772,0.06534136138595298,0.002222074280325226,2.416472365140976e-05
1788436452.5175781,1.5112780332565308,-0.057328961789608,-0.15034380555152893,-0.0,-0.003164437832310796,-0.013036706484854221,0.75,0.6971774697303772,0.06534136138595298,0.002222074280325226,2.416472365140976e-05
1788436452.5261838,1.5112780332565308,-0.057328961789608,-0.15034380555152893,-0.0,-0.003772907191887498,-0.011651862412691116,0.75,0.6978799104690552,0.06534136138595298,0.002222074280325226,2.416472365140976e-05
1788436452.5363142,1.5112780332565308,-0.057328961789608,-0.15034380555152893,-0.0,-0.004016886465251446,-0.011199125088751316,0.75,0.6983731985092163,0.06534136138595298,0.002222074280325226,2.416472365140976e-05
1788436452.5485733,1.5397663116455078,-0.04195607081055641,-0.14943359792232513,-0.0,-0.004016886465251446,-0.011199125088751316,0.75,0.6983731985092163,0.06872523135826972,-0.002042142008952884,0.0009102064869912496
1788436452.556181,1.5397663116455078,-0.04195607081055641,-0.14943359792232513,-0.0,-0.011956200934946537,-0.009707754477858543,0.75,0.698513388633728,0.06872523135826972,-0.002042142008952884,0.0009102064869912496
1788436452.566186,1.5397663116455078,-0.04195607081055641,-0.14943359792232513,-0.0,-0.013462494127452374,-0.010426808148622513,0.75,0.6988786458969116,0.06872523135826972,-0.002042142008952884,0.0009102064869912496
1788436452.5783982,1.5397663116455078,-0.04195607081055641,-0.14943359792232513,-0.0,-0.013828759081661701,-0.010373544879257679,0.75,0.6987628936767578,0.06872523135826972,-0.002042142008952884,0.0009102064869912496
1788436452.586572,1.5397663116455078,-0.04195607081055641,-0.14943359792232513,-0.0,-0.014003375545144081,-0.011385546065866947,0.75,0.6991920471191406,0.06872523135826972,-0.002042142008952884,0.0009102064869912496
1788436452.5962048,1.5397663116455078,-0.04195607081055641,-0.14943359792232513,-0.0,-0.013745751231908798,-0.010906177572906017,0.75,0.6988011002540588,0.06872523135826972,-0.002042142008952884,0.0009102064869912496
1788436452.609487,1.5397663116455078,-0.04195607081055641,-0.14943359792232513,-0.0,-0.013792754150927067,-0.01125238835811615,0.75,0.6996381878852844,0.06872523135826972,-0.002042142008952884,0.0009102064869912496
1788436452.6161573,1.5397663116455078,-0.04195607081055641,-0.14943359792232513,-0.0,-0.013699156232178211,-0.011918178759515285,0.75,0.6993715763092041,0.06872523135826972,-0.002042142008952884,0.0009102064869912496
1788436452.6262758,1.5397663116455078,-0.04195607081055641,-0.14943359792232513,-0.0,-0.01344023272395134,-0.01242417935281992,0.75,0.7002206444740295,0.06872523135826972,-0.002042142008952884,0.0009102064869912496
1788436452.636273,1.5397663116455078,-0.04195607081055641,-0.14943359792232513,-0.0,-0.013162894174456596,-0.012583969160914421,0.75,0.6998936533927917,0.06872523135826972,-0.002042142008952884,0.0009102064869912496
1788436452.646301,1.520702838897705,-0.04155212268233299,-0.14676640927791595,-0.0,-0.013162894174456596,-0.012583969160914421,0.75,0.6998936533927917,0.06759026485889907,0.0028617702921651597,0.002667194587176791
1788436452.656322,1.520702838897705,-0.04155212268233299,-0.14676640927791595,-0.0,-0.012991419062018394,-0.01287691667675972,0.75,0.7002466320991516,0.06759026485889907,0.0028617702921651597,0.002667194587176791
1788436452.6666656,1.520702838897705,-0.04155212268233299,-0.14676640927791595,-0.0,-0.013457942754030228,-0.010133860632777214,0.75,0.7007831335067749,0.06759026485889907,0.0028617702921651597,0.002667194587176791
1788436452.6765118,1.520702838897705,-0.04155212268233299,-0.14676640927791595,-0.0,-0.013457942754030228,-0.010133860632777214,0.75,0.7007831335067749,0.06759026485889907,0.0028617702921651597,0.002667194587176791
1788436452.6865795,1.520702838897705,-0.04155212268233299,-0.14676640927791595,-0.0,-0.013622557744383812,-0.010133860632777214,0.75,0.7012224793434143,0.06759026485889907,0.0028617702921651597,0.002667194587176791
1788436452.6962037,1.520702838897705,-0.04155212268233299,-0.14676640927791595,-0.0,-0.012654226273298264,-0.012344283983111382,0.75,0.7014889717102051,0.06759026485889907,0.0028617702921651597,0.002667194587176791
1788436452.7063024,1.520702838897705,-0.04155212268233299,-0.14676640927791595,-0.0,-0.012654226273298264,-0.012344283983111382,0.75,0.7014889717102051,0.06759026485889907,0.0028617702921651597,0.002667194587176791
1788436452.7166345,1.520702838897705,-0.04155212268233299,-0.14676640927791595,-0.0,-0.012418645434081554,-0.012477442622184753,0.75,0.7020053863525391,0.06759026485889907,0.0028617702921651597,0.002667194587176791
1788436452.7267673,1.520702838897705,-0.04155212268233299,-0.14676640927791595,-0.0,-0.012411762960255146,-0.012770390138030052,0.75,0.7012518644332886,0.06759026485889907,0.0028617702921651597,0.002667194587176791
1788436452.7362666,1.520702838897705,-0.04155212268233299,-0.14676640927791595,-0.0,-0.012313185259699821,-0.01261060032993555,0.75,0.7017937898635864,0.06759026485889907,0.0028617702921651597,0.002667194587176791
1788436452.746181,1.4969110488891602,-0.03524196520447731,-0.14571966230869293,-0.0,-0.01232305821031332,-0.013649233616888523,0.75,0.7019550204277039,0.07240736970027198,-0.0006849345172017796,0.001046750452526446
1788436452.7563705,1.4969110488891602,-0.03524196520447731,-0.14571966230869293,-0.0,-0.01587272435426712,-0.016445552930235863,0.75,0.7024018168449402,0.07240736970027198,-0.0006849345172017796,0.001046750452526446
1788436452.7662854,1.4969110488891602,-0.03524196520447731,-0.14571966230869293,-0.0,-0.015199624933302402,-0.01625913195312023,0.75,0.7027835845947266,0.07240736970027198,-0.0006849345172017796,0.001046750452526446
1788436452.7764316,1.4969110488891602,-0.03524196520447731,-0.14571966230869293,-0.0,-0.015196708030998707,-0.015966182574629784,0.75,0.7022876143455505,0.07240736970027198,-0.0006849345172017796,0.001046750452526446
1788436452.7862043,1.4969110488891602,-0.03524196520447731,-0.14571966230869293,-0.0,-0.015307631343603134,-0.013036706484854221,0.75,0.7033789753913879,0.07240736970027198,-0.0006849345172017796,0.001046750452526446
1788436452.79622,1.4969110488891602,-0.03524196520447731,-0.14571966230869293,-0.0,-0.016432123258709908,-0.013569338247179985,0.75,0.7029261589050293,0.07240736970027198,-0.0006849345172017796,0.001046750452526446
1788436452.806307,1.4969110488891602,-0.03524196520447731,-0.14571966230869293,-0.0,-0.016432123258709908,-0.013569338247179985,0.75,0.7029261589050293,0.07240736970027198,-0.0006849345172017796,0.001046750452526446
1788436452.816355,1.4969110488891602,-0.03524196520447731,-0.14571966230869293,-0.0,-0.016353027895092964,-0.014208497479557991,0.75,0.7042366862297058,0.07240736970027198,-0.0006849345172017796,0.001046750452526446
1788436452.8262002,1.4969110488891602,-0.03524196520447731,-0.14571966230869293,-0.0,-0.01612471602857113,-0.014714498072862625,0.75,0.7042914032936096,0.07240736970027198,-0.0006849345172017796,0.001046750452526446
1788436452.8383715,1.4969110488891602,-0.03524196520447731,-0.14571966230869293,-0.0,-0.01588454656302929,-0.013995444402098656,0.75,0.7040008902549744,0.07240736970027198,-0.0006849345172017796,0.001046750452526446
1788436452.8463287,1.4969110488891602,-0.03524196520447731,-0.14571966230869293,-0.0,-0.01588454656302929,-0.013995444402098656,0.75,0.7040008902549744,0.07240736970027198,-0.0006849345172017796,0.001046750452526446
1788436452.8561716,1.5249661207199097,-0.019619228318333626,-0.14293552935123444,-0.0,-0.016057172790169716,-0.010160491801798344,0.75,0.7046765089035034,0.06921447081163652,-0.0055860917712586,0.0027841225556901605
1788436452.8661456,1.5249661207199097,-0.019619228318333626,-0.14293552935123444,-0.0,-0.024783818051218987,-0.012104599736630917,0.75,0.7045930027961731,0.06921447081163652,-0.0055860917712586,0.0027841225556901605
1788436452.8761764,1.5249661207199097,-0.019619228318333626,-0.14293552935123444,-0.0,-0.027621055021882057,-0.0196679774671793,0.75,0.7055603265762329,0.06921447081163652,-0.0055860917712586,0.0027841225556901605
1788436452.886192,1.5249661207199097,-0.019619228318333626,-0.14293552935123444,-0.0,-0.025011451914906502,-0.024328509345650673,0.75,0.7053149342536926,0.06921447081163652,-0.0055860917712586,0.0027841225556901605
1788436452.8964021,1.5249661207199097,-0.019619228318333626,-0.14293552935123444,-0.0,-0.025011451914906502,-0.024328509345650673,0.75,0.7053149342536926,0.06921447081163652,-0.0055860917712586,0.0027841225556901605
1788436452.9064312,1.5249661207199097,-0.019619228318333626,-0.14293552935123444,-0.0,-0.02273833565413952,-0.018442923203110695,0.75,0.7053165435791016,0.06921447081163652,-0.0055860917712586,0.0027841225556901605
1788436452.9165652,1.5249661207199097,-0.019619228318333626,-0.14293552935123444,-0.0,-0.024949850514531136,-0.019907662644982338,0.75,0.706221342086792,0.06921447081163652,-0.0055860917712586,0.0027841225556901605
1788436452.9294205,1.5249661207199097,-0.019619228318333626,-0.14293552935123444,-0.0,-0.02462637424468994,-0.02105282060801983,0.75,0.7051901817321777,0.06921447081163652,-0.0055860917712586,0.0027841225556901605
1788436452.9362044,1.5249661207199097,-0.019619228318333626,-0.14293552935123444,-0.0,-0.02414868399500847,-0.022544192150235176,0.75,0.7059586644172668,0.06921447081163652,-0.0055860917712586,0.0027841225556901605
1788436452.9463243,1.5010414123535156,-0.011036152951419353,-0.14044791460037231,-0.0,-0.02414868399500847,-0.022544192150235176,0.75,0.7059586644172668,0.07258060906385631,-0.005311426891096441,0.0024876239104201225
1788436452.9562,1.5010414123535156,-0.011036152951419353,-0.14044791460037231,-0.0,-0.029504725709557533,-0.021159347146749496,0.75,0.7052924036979675,0.07258060906385631,-0.005311426891096441,0.0024876239104201225
1788436452.96627,1.5010414123535156,-0.011036152951419353,-0.14044791460037231,-0.0,-0.029504725709557533,-0.021159347146749496,0.75,0.7052924036979675,0.07258060906385631,-0.005311426891096441,0.0024876239104201225
1788436452.9783156,1.5010414123535156,-0.011036152951419353,-0.14044791460037231,-0.0,-0.03089962713420391,-0.02334314025938511,0.75,0.7055881023406982,0.07258060906385631,-0.005311426891096441,0.0024876239104201225
1788436452.9861896,1.5010414123535156,-0.011036152951419353,-0.14044791460037231,-0.0,-0.03214303031563759,-0.022224612534046173,0.75,0.7058744430541992,0.07258060906385631,-0.005311426891096441,0.0024876239104201225
1788436452.9974146,1.5010414123535156,-0.011036152951419353,-0.14044791460037231,-0.0,-0.03214303031563759,-0.022224612534046173,0.75,0.7058744430541992,0.07258060906385631,-0.005311426891096441,0.0024876239104201225
1788436453.0061808,1.5010414123535156,-0.011036152951419353,-0.14044791460037231,-0.0,-0.030502697452902794,-0.03032062202692032,0.75,0.704883337020874,0.07258060906385631,-0.005311426891096441,0.0024876239104201225
1788436453.0163295,1.5010414123535156,-0.011036152951419353,-0.14044791460037231,-0.0,-0.0275229774415493,-0.033250097185373306,0.75,0.7036176919937134,0.07258060906385631,-0.005311426891096441,0.0024876239104201225
1788436453.0262034,1.5010414123535156,-0.011036152951419353,-0.14044791460037231,-0.0,-0.02608153223991394,-0.03455504775047302,0.75,0.7046821117401123,0.07258060906385631,-0.005311426891096441,0.0024876239104201225
1788436453.0362937,1.5010414123535156,-0.011036152951419353,-0.14044791460037231,-0.0,-0.02608153223991394,-0.03455504775047302,0.75,0.7046821117401123,0.07258060906385631,-0.005311426891096441,0.0024876239104201225
1788436453.0461955,1.529371738433838,-0.002957159886136651,-0.13642087578773499,-0.0,-0.0244425218552351,-0.037031788378953934,0.75,0.7035133242607117,0.06906236484647625,-0.00046865325061122565,0.004027032126477259
1788436453.0573688,1.529371738433838,-0.002957159886136651,-0.13642087578773499,-0.0,-0.0244425218552351,-0.037031788378953934,0.75,0.7035133242607117,0.06906236484647625,-0.00046865325061122565,0.004027032126477259
1788436453.0661812,1.529371738433838,-0.002957159886136651,-0.13642087578773499,-0.0,-0.026518311351537704,-0.04020094871520996,0.75,0.7026419639587402,0.06906236484647625,-0.00046865325061122565,0.004027032126477259
1788436453.0761786,1.529371738433838,-0.002957159886136651,-0.13642087578773499,-0.0,-0.026159077882766724,-0.0398547388613224,0.75,0.7034419178962708,0.06906236484647625,-0.00046865325061122565,0.004027032126477259
1788436453.086282,1.529371738433838,-0.002957159886136651,-0.13642087578773499,-0.0,-0.02625391259789467,-0.03825684264302254,0.75,0.7018047571182251,0.06906236484647625,-0.00046865325061122565,0.004027032126477259
1788436453.0962293,1.529371738433838,-0.002957159886136651,-0.13642087578773499,-0.0,-0.026883509010076523,-0.037884000688791275,0.75,0.7024683356285095,0.06906236484647625,-0.00046865325061122565,0.004027032126477259
1788436453.1062949,1.529371738433838,-0.002957159886136651,-0.13642087578773499,-0.0,-0.027096927165985107,-0.037644315510988235,0.75,0.7012301683425903,0.06906236484647625,-0.00046865325061122565,0.004027032126477259
1788436453.1161735,1.529371738433838,-0.002957159886136651,-0.13642087578773499,-0.0,-0.027213169261813164,-0.03831010311841965,0.75,0.7025109529495239,0.06906236484647625,-0.00046865325061122565,0.004027032126477259
1788436453.1262734,1.529371738433838,-0.002957159886136651,-0.13642087578773499,-0.0,-0.027213169261813164,-0.03831010311841965,0.75,0.7025109529495239,0.06906236484647625,-0.00046865325061122565,0.004027032126477259
1788436453.1378438,1.529371738433838,-0.002957159886136651,-0.13642087578773499,-0.0,-0.027549877762794495,-0.03753778710961342,0.75,0.7013410329818726,0.06906236484647625,-0.00046865325061122565,0.004027032126477259
1788436453.1464336,1.529371738433838,-0.002957159886136651,-0.13642087578773499,-0.0,-0.027304045855998993,-0.036365997046232224,0.75,0.7008806467056274,0.06906236484647625,-0.00046865325061122565,0.004027032126477259
1788436453.1563487,1.5103015899658203,-0.00261502293869853,-0.13232333958148956,-0.0,-0.027304045855998993,-0.036365997046232224,0.75,0.7008806467056274,0.06779545761222107,0.00015777537442077105,0.00409753606817409
1788436453.1665452,1.5103015899658203,-0.00261502293869853,-0.13232333958148956,-0.0,-0.025664344429969788,-0.0416390560567379,0.75,0.7016692757606506,0.06779545761222107,0.00015777537442077105,0.00409753606817409
1788436453.1763835,1.5103015899658203,-0.00261502293869853,-0.13232333958148956,-0.0,-0.02519313432276249,-0.05037422478199005,0.75,0.7005617618560791,0.06779545761222107,0.00015777537442077105,0.00409753606817409
1788436453.187397,1.5103015899658203,-0.00261502293869853,-0.13232333958148956,-0.0,-0.02519313432276249,-0.05037422478199005,0.75,0.7005617618560791,0.06779545761222107,0.00015777537442077105,0.00409753606817409
1788436453.1963415,1.5103015899658203,-0.00261502293869853,-0.13232333958148956,-0.0,-0.021793494001030922,-0.05167917534708977,0.75,0.701000452041626,0.06779545761222107,0.00015777537442077105,0.00409753606817409
1788436453.206173,1.5103015899658203,-0.00261502293869853,-0.13232333958148956,-0.0,-0.01844511181116104,-0.05633970722556114,0.75,0.70183265209198,0.06779545761222107,0.00015777537442077105,0.00409753606817409
1788436453.2175853,1.5103015899658203,-0.00261502293869853,-0.13232333958148956,-0.0,-0.01844511181116104,-0.05633970722556114,0.75,0.70183265209198,0.06779545761222107,0.00015777537442077105,0.00409753606817409
1788436453.2261763,1.5103015899658203,-0.00261502293869853,-0.13232333958148956,-0.0,-0.018045717850327492,-0.058763183653354645,0.75,0.7018083930015564,0.06779545761222107,0.00015777537442077105,0.00409753606817409
1788436453.2365644,1.5103015899658203,-0.00261502293869853,-0.13232333958148956,-0.0,-0.01779305562376976,-0.056286443024873734,0.75,0.7015158534049988,0.06779545761222107,0.00015777537442077105,0.00409753606817409
1788436453.2461672,-1.4434832334518433,-0.3751234710216522,-0.12581691145896912,-0.0,-0.018715646117925644,-0.0542624406516552,-0.75,0.7024514079093933,0.07504030397137607,-0.0009427652225060951,0.0065064313937361895
1788436453.2562325,-1.4434832334518433,-0.3751234710216522,-0.12581691145896912,-0.0,-0.018715646117925644,-0.0542624406516552,-0.75,0.7024514079093933,0.07504030397137607,-0.0009427652225060951,0.0065064313937361895
1788436453.2669582,-1.4434832334518433,-0.3751234710216522,-0.12581691145896912,-0.0,-0.001262353966012597,-0.04571369290351868,-0.75,0.7023118734359741,0.07504030397137607,-0.0009427652225060951,0.0065064313937361895
1788436453.27619,-1.4434832334518433,-0.3751234710216522,-0.12581691145896912,-0.0,0.007464292459189892,-0.04036073759198189,-0.75,0.7023122310638428,0.07504030397137607,-0.0009427652225060951,0.0065064313937361895
1788436453.2885067,-1.4434832334518433,-0.3751234710216522,-0.12581691145896912,-0.0,0.007464292459189892,-0.04036073759198189,-0.75,0.7023122310638428,0.07504030397137607,-0.0009427652225060951,0.0065064313937361895
1788436453.2961838,-1.4434832334518433,-0.3751234710216522,-0.12581691145896912,-0.0,0.024917583912611008,-0.02901567332446575,-0.75,0.7025662660598755,0.07504030397137607,-0.0009427652225060951,0.0065064313937361895
1788436453.3062665,-1.4434832334518433,-0.3751234710216522,-0.12581691145896912,-0.0,0.024917583912611008,-0.02901567332446575,-0.75,0.7025662660598755,0.07504030397137607,-0.0009427652225060951,0.0065064313937361895
1788436453.3194673,-1.4434832334518433,-0.3751234710216522,-0.12581691145896912,-0.0,0.03364423289895058,-0.02406219393014908,-0.75,0.70125812292099,0.07504030397137607,-0.0009427652225060951,0.0065064313937361895
1788436453.3274329,-1.4434832334518433,-0.3751234710216522,-0.12581691145896912,-0.0,0.04237087815999985,-0.021345768123865128,-0.75,0.7006076574325562,0.07504030397137607,-0.0009427652225060951,0.0065064313937361895
1788436453.3377092,-1.4434832334518433,-0.3751234710216522,-0.12581691145896912,-0.0,0.05982416868209839,-0.016951553523540497,-0.75,0.6974761486053467,0.07504030397137607,-0.0009427652225060951,0.0065064313937361895
1788436453.348434,-1.4434832334518433,-0.3751234710216522,-0.12581691145896912,-0.0,0.05982416868209839,-0.016951553523540497,-0.75,0.6974761486053467,0.07504030397137607,-0.0009427652225060951,0.0065064313937361895
1788436453.3561916,-1.513968586921692,-0.367534875869751,-0.122167207300663,-0.0,0.07727745920419693,0.006028607487678528,-0.75,0.6934897303581238,0.06913384332281584,-0.002065508300966412,0.003649699721274935
1788436453.366165,-1.513968586921692,-0.367534875869751,-0.122167207300663,-0.0,0.0860041081905365,0.014215362258255482,-0.75,0.6916602253913879,0.06913384332281584,-0.002065508300966412,0.003649699721274935
1788436453.3764687,-1.513968586921692,-0.367534875869751,-0.122167207300663,-0.0,0.09473075717687607,0.019714295864105225,-0.75,0.6898674964904785,0.06913384332281584,-0.002065508300966412,0.003649699721274935
1788436453.386285,-1.513968586921692,-0.367534875869751,-0.122167207300663,-0.0,0.10345739871263504,0.028246276080608368,-0.75,0.6910475492477417,0.06913384332281584,-0.002065508300966412,0.003649699721274935
1788436453.39631,-1.513968586921692,-0.367534875869751,-0.122167207300663,-0.0,0.10345739871263504,0.028246276080608368,-0.75,0.6910475492477417,0.06913384332281584,-0.002065508300966412,0.003649699721274935
1788436453.4061902,-1.513968586921692,-0.367534875869751,-0.122167207300663,-0.0,0.12091069668531418,0.04627193138003349,-0.75,0.6892713904380798,0.06913384332281584,-0.002065508300966412,0.003649699721274935
1788436453.4164255,-1.513968586921692,-0.367534875869751,-0.122167207300663,-0.0,0.12091069668531418,0.04627193138003349,-0.75,0.6892713904380798,0.06913384332281584,-0.002065508300966412,0.003649699721274935
1788436453.4262462,-1.513968586921692,-0.367534875869751,-0.122167207300663,-0.0,0.12963734567165375,0.056184809654951096,-0.75,0.6869276762008667,0.06913384332281584,-0.002065508300966412,0.003649699721274935
1788436453.4361746,-1.513968586921692,-0.367534875869751,-0.122167207300663,-0.0,0.1470906287431717,0.0716952532529831,-0.75,0.6852095127105713,0.06913384332281584,-0.002065508300966412,0.003649699721274935
1788436453.4463062,-1.513968586921692,-0.367534875869751,-0.122167207300663,-0.0,0.1470906287431717,0.0716952532529831,-0.75,0.6852095127105713,0.06913384332281584,-0.002065508300966412,0.003649699721274935
1788436453.456305,-1.513968586921692,-0.367534875869751,-0.122167207300663,-0.0,0.16454392671585083,0.09068261086940765,-0.75,0.6808016300201416,0.06913384332281584,-0.002065508300966412,0.003649699721274935
1788436453.4669392,-1.5818617343902588,-0.3678801357746124,-0.12166974693536758,-0.0,0.1732705682516098,0.09995435178279877,-0.75,0.678127110004425,0.06770991494888214,0.001132118664602652,0.0004974656012852741
1788436453.4785225,-1.5818617343902588,-0.3678801357746124,-0.12166974693536758,-0.0,0.1732705682516098,0.09995435178279877,-0.75,0.678127110004425,0.06770991494888214,0.001132118664602652,0.0004974656012852741
1788436453.4861758,-1.5818617343902588,-0.3678801357746124,-0.12166974693536758,-0.0,0.19072386622428894,0.11376333981752396,-0.75,0.6733307242393494,0.06770991494888214,0.001132118664602652,0.0004974656012852741
1788436453.4962082,-1.5818617343902588,-0.3678801357746124,-0.12166974693536758,-0.0,0.1994505077600479,0.12101305276155472,-0.75,0.6699610948562622,0.06770991494888214,0.001132118664602652,0.0004974656012852741
1788436453.5061243,-1.5818617343902588,-0.3678801357746124,-0.12166974693536758,-0.0,0.20817714929580688,0.12870663404464722,-0.75,0.6659335494041443,0.06770991494888214,0.001132118664602652,0.0004974656012852741
1788436453.5162632,-1.5818617343902588,-0.3678801357746124,-0.12166974693536758,-0.0,0.20817714929580688,0.12870663404464722,-0.75,0.6659335494041443,0.06770991494888214,0.001132118664602652,0.0004974656012852741
1788436453.526196,-1.5818617343902588,-0.3678801357746124,-0.12166974693536758,-0.0,0.21612520515918732,0.14298413693904877,-0.75,0.6581880450248718,0.06770991494888214,0.001132118664602652,0.0004974656012852741
1788436453.5375228,-1.5818617343902588,-0.3678801357746124,-0.12166974693536758,-0.0,0.21612520515918732,0.14298413693904877,-0.75,0.6581880450248718,0.06770991494888214,0.001132118664602652,0.0004974656012852741
1788436453.5461793,-1.5818617343902588,-0.3678801357746124,-0.12166974693536758,-0.0,0.2100944221019745,0.15726163983345032,-0.75,0.6487151384353638,0.06770991494888214,0.001132118664602652,0.0004974656012852741
1788436453.5572207,-1.5818617343902588,-0.3678801357746124,-0.12166974693536758,-0.0,0.2067941576242447,0.16394419968128204,-0.75,0.642895519733429,0.06770991494888214,0.001132118664602652,0.0004974656012852741
1788436453.5661917,-1.6528561115264893,-0.36731573939323425,-0.12336927652359009,-0.0,0.2037263959646225,0.16978836059570312,-0.75,0.637765645980835,0.07161624670680046,-0.0033739924133526084,-0.0016995293045440896
1788436453.5766175,-1.6528561115264893,-0.36731573939323425,-0.12336927652359009,-0.0,0.2037263959646225,0.16978836059570312,-0.75,0.637765645980835,0.07161624670680046,-0.0033739924133526084,-0.0016995293045440896
1788436453.586306,-1.6528561115264893,-0.36731573939323425,-0.12336927652359009,-0.0,0.19499973952770233,0.1804410070180893,-0.75,0.6325491070747375,0.07161624670680046,-0.0033739924133526084,-0.0016995293045440896
1788436453.5962944,-1.6528561115264893,-0.36731573939323425,-0.12336927652359009,-0.0,0.1775464564561844,0.1968638300895691,-0.75,0.6207827925682068,0.07161624670680046,-0.0033739924133526084,-0.0016995293045440896
1788436453.6084094,-1.6528561115264893,-0.36731573939323425,-0.12336927652359009,-0.0,0.1775464564561844,0.1968638300895691,-0.75,0.6207827925682068,0.07161624670680046,-0.0033739924133526084,-0.0016995293045440896
1788436453.617361,-1.6528561115264893,-0.36731573939323425,-0.12336927652359009,-0.0,0.16017550230026245,0.19888585805892944,-0.75,0.6080107092857361,0.07161624670680046,-0.0033739924133526084,-0.0016995293045440896
1788436453.6261983,-1.6528561115264893,-0.36731573939323425,-0.12336927652359009,-0.0,0.1589234620332718,0.2033984363079071,-0.75,0.6019759774208069,0.07161624670680046,-0.0033739924133526084,-0.0016995293045440896
1788436453.6363838,-1.6528561115264893,-0.36731573939323425,-0.12336927652359009,-0.0,0.1589234620332718,0.2033984363079071,-0.75,0.6019759774208069,0.07161624670680046,-0.0033739924133526084,-0.0016995293045440896
1788436453.648488,-1.6528561115264893,-0.36731573939323425,-0.12336927652359009,-0.0,0.15685702860355377,0.20216548442840576,-0.75,0.5959435105323792,0.07161624670680046,-0.0033739924133526084,-0.0016995293045440896
1788436453.6561902,-1.6528561115264893,-0.36731573939323425,-0.12336927652359009,-0.0,0.15747591853141785,0.1917840987443924,-0.75,0.5822177529335022,0.07161624670680046,-0.0033739924133526084,-0.0016995293045440896
1788436453.6664505,-1.6528561115264893,-0.36731573939323425,-0.12336927652359009,-0.0,0.15747591853141785,0.1917840987443924,-0.75,0.5822177529335022,0.07161624670680046,-0.0033739924133526084,-0.0016995293045440896
1788436453.6765337,-1.707087755203247,-0.37170737981796265,-0.13263173401355743,-0.0,0.1616574227809906,0.19121694564819336,-0.75,0.5752242803573608,0.05760129811005928,-0.011435895167489968,-0.009262456751616188
1788436453.6861749,-1.707087755203247,-0.37170737981796265,-0.13263173401355743,-0.0,0.15363027155399323,0.1974063217639923,-0.75,0.5556561946868896,0.05760129811005928,-0.011435895167489968,-0.009262456751616188
1788436453.696406,-1.707087755203247,-0.37170737981796265,-0.13263173401355743,-0.0,0.15363027155399323,0.1974063217639923,-0.75,0.5556561946868896,0.05760129811005928,-0.011435895167489968,-0.009262456751616188
1788436453.706571,-1.707087755203247,-0.37170737981796265,-0.13263173401355743,-0.0,0.14521637558937073,0.19318965077400208,-0.75,0.5360605716705322,0.05760129811005928,-0.011435895167489968,-0.009262456751616188
1788436453.7169256,-1.707087755203247,-0.37170737981796265,-0.13263173401355743,-0.0,0.14627131819725037,0.18569333851337433,-0.75,0.5261702537536621,0.05760129811005928,-0.011435895167489968,-0.009262456751616188
1788436453.7261605,-1.707087755203247,-0.37170737981796265,-0.13263173401355743,-0.0,0.14966364204883575,0.1838192641735077,-0.75,0.5152381658554077,0.05760129811005928,-0.011435895167489968,-0.009262456751616188
1788436453.736488,-1.707087755203247,-0.37170737981796265,-0.13263173401355743,-0.0,0.14966364204883575,0.1838192641735077,-0.75,0.5152381658554077,0.05760129811005928,-0.011435895167489968,-0.009262456751616188
1788436453.7462237,-1.707087755203247,-0.37170737981796265,-0.13263173401355743,-0.0,0.15085291862487793,0.18261098861694336,-0.75,0.5040513277053833,0.05760129811005928,-0.011435895167489968,-0.009262456751616188
1788436453.7561648,-1.7634334564208984,-0.40039417147636414,-0.14811138808727264,-0.0,0.1522807627916336,0.17669284343719482,-0.75,0.4814841151237488,0.06233219928429889,0.0013425468593583623,-0.015479659924435563
1788436453.768312,-1.7634334564208984,-0.40039417147636414,-0.14811138808727264,-0.0,0.1522807627916336,0.17669284343719482,-0.75,0.4814841151237488,0.06233219928429889,0.0013425468593583623,-0.015479659924435563
1788436453.7763019,-1.7634334564208984,-0.40039417147636414,-0.14811138808727264,-0.0,0.15203671157360077,0.17242686450481415,-0.75,0.4702015519142151,0.06233219928429889,0.0013425468593583623,-0.015479659924435563
1788436453.7861922,-1.7634334564208984,-0.40039417147636414,-0.14811138808727264,-0.0,0.15525954961776733,0.16951711475849152,-0.75,0.4467388689517975,0.06233219928429889,0.0013425468593583623,-0.015479659924435563
1788436453.7974484,-1.7634334564208984,-0.40039417147636414,-0.14811138808727264,-0.0,0.15525954961776733,0.16951711475849152,-0.75,0.4467388689517975,0.06233219928429889,0.0013425468593583623,-0.015479659924435563
1788436453.8062272,-1.7634334564208984,-0.40039417147636414,-0.14811138808727264,-0.0,0.156263068318367,0.1663607656955719,-0.75,0.4231562316417694,0.06233219928429889,0.0013425468593583623,-0.015479659924435563
1788436453.8161898,-1.7634334564208984,-0.40039417147636414,-0.14811138808727264,-0.0,0.1570746898651123,0.1638948768377304,-0.75,0.41148269176483154,0.06233219928429889,0.0013425468593583623,-0.015479659924435563
1788436453.8271322,-1.7634334564208984,-0.40039417147636414,-0.14811138808727264,-0.0,0.1570746898651123,0.1638948768377304,-0.75,0.41148269176483154,0.06233219928429889,0.0013425468593583623,-0.015479659924435563
1788436453.8361979,-1.7634334564208984,-0.40039417147636414,-0.14811138808727264,-0.0,0.15894761681556702,0.1620701253414154,-0.75,0.3877463936805725,0.06233219928429889,0.0013425468593583623,-0.015479659924435563
1788436453.8467731,-1.7634334564208984,-0.40039417147636414,-0.14811138808727264,-0.0,0.15927477180957794,0.16184818744659424,-0.75,0.37630340456962585,0.06233219928429889,0.0013425468593583623,-0.015479659924435563
1788436453.8562074,-1.796459436416626,-0.4190865457057953,-0.1593724936246872,-0.0,0.15940912067890167,0.16110841929912567,-0.75,0.3650999069213867,0.037631368694315354,-0.0015638754301549318,-0.011261104705946323
1788436453.8664858,-1.796459436416626,-0.4190865457057953,-0.1593724936246872,-0.0,0.15944784879684448,0.1602206975221634,-0.75,0.35304632782936096,0.037631368694315354,-0.0015638754301549318,-0.011261104705946323
1788436453.8763285,-1.796459436416626,-0.4190865457057953,-0.1593724936246872,-0.0,0.15944784879684448,0.1602206975221634,-0.75,0.35304632782936096,0.037631368694315354,-0.0015638754301549318,-0.011261104705946323
1788436453.8862457,-1.796459436416626,-0.4190865457057953,-0.1593724936246872,-0.0,0.1603613793849945,0.15800140798091888,-0.75,0.32921385765075684,0.037631368694315354,-0.0015638754301549318,-0.011261104705946323
1788436453.8994691,-1.796459436416626,-0.4190865457057953,-0.1593724936246872,-0.0,0.16094930469989777,0.15965354442596436,-0.75,0.3168758451938629,0.037631368694315354,-0.0015638754301549318,-0.011261104705946323
1788436453.90618,-1.796459436416626,-0.4190865457057953,-0.1593724936246872,-0.0,0.16027092933654785,0.16051660478115082,-0.75,0.3050691783428192,0.037631368694315354,-0.0015638754301549318,-0.011261104705946323
1788436453.916169,-1.796459436416626,-0.4190865457057953,-0.1593724936246872,-0.0,0.1598084717988968,0.16091115772724152,-0.75,0.29454800486564636,0.037631368694315354,-0.0015638754301549318,-0.011261104705946323
1788436453.9262955,-1.796459436416626,-0.4190865457057953,-0.1593724936246872,-0.0,0.1598084717988968,0.16091115772724152,-0.75,0.29454800486564636,0.037631368694315354,-0.0015638754301549318,-0.011261104705946323
1788436453.936175,-1.796459436416626,-0.4190865457057953,-0.1593724936246872,-0.0,0.1601431965827942,0.15871651470661163,-0.75,0.27132874727249146,0.037631368694315354,-0.0015638754301549318,-0.011261104705946323
1788436453.9462142,-1.796459436416626,-0.4190865457057953,-0.1593724936246872,-0.0,0.16060397028923035,0.16293318569660187,-0.75,0.26070424914360046,0.037631368694315354,-0.0015638754301549318,-0.011261104705946323
1788436453.957466,-1.8234333992004395,-0.4318474233150482,-0.16754065454006195,-0.0,0.16060397028923035,0.16293318569660187,-0.75,0.26070424914360046,0.030440492137088816,-0.0021474726514270903,-0.008168158937198466
1788436453.9661834,-1.8234333992004395,-0.4318474233150482,-0.16754065454006195,-0.0,0.15478073060512543,0.1723528802394867,-0.75,0.23955471813678741,0.030440492137088816,-0.0021474726514270903,-0.008168158937198466
1788436453.9765458,-1.8234333992004395,-0.4318474233150482,-0.16754065454006195,-0.0,0.15478073060512543,0.1723528802394867,-0.75,0.23955471813678741,0.030440492137088816,-0.0021474726514270903,-0.008168158937198466
1788436453.9874187,-1.8234333992004395,-0.4318474233150482,-0.16754065454006195,-0.0,0.15225200355052948,0.1761256903409958,-0.75,0.22921709716320038,0.030440492137088816,-0.0021474726514270903,-0.008168158937198466
1788436453.9963007,-1.8234333992004395,-0.4318474233150482,-0.16754065454006195,-0.0,0.14990735054016113,0.17918339371681213,-0.75,0.2091122269630432,0.030440492137088816,-0.0021474726514270903,-0.008168158937198466
1788436454.006176,-1.8234333992004395,-0.4318474233150482,-0.16754065454006195,-0.0,0.148594468832016,0.17896147072315216,-0.75,0.19921205937862396,0.030440492137088816,-0.0021474726514270903,-0.008168158937198466
1788436454.0192285,-1.8234333992004395,-0.4318474233150482,-0.16754065454006195,-0.0,0.148594468832016,0.17896147072315216,-0.75,0.19921205937862396,0.030440492137088816,-0.0021474726514270903,-0.008168158937198466
1788436454.0263891,-1.8234333992004395,-0.4318474233150482,-0.16754065454006195,-0.0,0.14916853606700897,0.176914781332016,-0.75,0.17518359422683716,0.030440492137088816,-0.0021474726514270903,-0.008168158937198466
1788436454.0362318,-1.8234333992004395,-0.4318474233150482,-0.16754065454006195,-0.0,0.14955195784568787,0.17489275336265564,-0.75,0.164586141705513,0.030440492137088816,-0.0021474726514270903,-0.008168158937198466
1788436454.046203,-1.8410160541534424,-0.4428081214427948,-0.1728726178407669,-0.0,0.1505187451839447,0.1740543395280838,-0.75,0.15458841621875763,0.019917450018587496,0.00113824682226496,-0.00533195983153556
1788436454.05635,-1.8410160541534424,-0.4428081214427948,-0.1728726178407669,-0.0,0.1505187451839447,0.1740543395280838,-0.75,0.15458841621875763,0.019917450018587496,0.00113824682226496,-0.00533195983153556
1788436454.066491,-1.8410160541534424,-0.4428081214427948,-0.1728726178407669,-0.0,0.1517903357744217,0.16448669135570526,-0.75,0.1347542703151703,0.019917450018587496,0.00113824682226496,-0.00533195983153556
1788436454.0762155,-1.8410160541534424,-0.4428081214427948,-0.1728726178407669,-0.0,0.1552697867155075,0.16160160303115845,-0.75,0.1246732622385025,0.019917450018587496,0.00113824682226496,-0.00533195983153556
1788436454.0861888,-1.8410160541534424,-0.4428081214427948,-0.1728726178407669,-0.0,0.15697351098060608,0.1575082242488861,-0.75,0.11356163769960403,0.019917450018587496,0.00113824682226496,-0.00533195983153556
1788436454.0987554,-1.8410160541534424,-0.4428081214427948,-0.1728726178407669,-0.0,0.15903443098068237,0.15733560919761658,-0.75,0.10252821445465088,0.019917450018587496,0.00113824682226496,-0.00533195983153556
1788436454.1061926,-1.8410160541534424,-0.4428081214427948,-0.1728726178407669,-0.0,0.1593390852212906,0.15304496884346008,-0.75,0.09150157123804092,0.019917450018587496,0.00113824682226496,-0.00533195983153556
1788436454.1179028,-1.8410160541534424,-0.4428081214427948,-0.1728726178407669,-0.0,0.1593390852212906,0.15304496884346008,-0.75,0.09150157123804092,0.019917450018587496,0.00113824682226496,-0.00533195983153556
1788436454.1265585,-1.8410160541534424,-0.4428081214427948,-0.1728726178407669,-0.0,0.1613341122865677,0.14946942031383514,-0.75,0.07990947365760803,0.019917450018587496,0.00113824682226496,-0.00533195983153556
1788436454.136174,-1.8410160541534424,-0.4428081214427948,-0.1728726178407669,-0.0,0.1640401929616928,0.1481131762266159,-0.75,0.055910561233758926,0.019917450018587496,0.00113824682226496,-0.00533195983153556
1788436454.1463263,-1.8410160541534424,-0.4428081214427948,-0.1728726178407669,-0.0,0.1640401929616928,0.1481131762266159,-0.75,0.055910561233758926,0.019917450018587496,0.00113824682226496,-0.00533195983153556
1788436454.1576447,-1.8581886291503906,-0.44784998893737793,-0.17313285171985626,-0.0,0.16410009562969208,0.14858169853687286,-0.75,0.044091466814279556,0.017289135642119716,0.004558286789844684,-0.0002602374162039567
1788436454.1662939,-1.8581886291503906,-0.44784998893737793,-0.17313285171985626,-0.0,0.16090381145477295,0.14781728386878967,-0.75,0.020278295502066612,0.017289135642119716,0.004558286789844684,-0.0002602374162039567
1788436454.1761596,-1.8581886291503906,-0.44784998893737793,-0.17313285171985626,-0.0,0.16066712141036987,0.14675694704055786,-0.75,0.008550373837351799,0.017289135642119716,0.004558286789844684,-0.0002602374162039567
1788436454.1862473,-1.8581886291503906,-0.44784998893737793,-0.17313285171985626,-0.0,0.16066712141036987,0.14675694704055786,-0.75,0.008550373837351799,0.017289135642119716,0.004558286789844684,-0.0002602374162039567
1788436454.1961968,-1.8581886291503906,-0.44784998893737793,-0.17313285171985626,-0.0,0.16029514372348785,0.1489022672176361,-0.75,-0.014533255249261856,0.017289135642119716,0.004558286789844684,-0.0002602374162039567
1788436454.2062628,-1.8581886291503906,-0.44784998893737793,-0.17313285171985626,-0.0,0.16010193526744843,0.14880363643169403,-0.75,-0.026675958186388016,0.017289135642119716,0.004558286789844684,-0.0002602374162039567
1788436454.217052,-1.8581886291503906,-0.44784998893737793,-0.17313285171985626,-0.0,0.16010193526744843,0.14880363643169403,-0.75,-0.026675958186388016,0.017289135642119716,0.004558286789844684,-0.0002602374162039567
1788436454.2269783,-1.8581886291503906,-0.44784998893737793,-0.17313285171985626,-0.0,0.1603553742170334,0.14826112985610962,-0.75,-0.05227131024003029,0.017289135642119716,0.004558286789844684,-0.0002602374162039567
1788436454.2361994,-1.8581886291503906,-0.44784998893737793,-0.17313285171985626,-0.0,0.16040313243865967,0.14868034422397614,-0.75,-0.0652306005358696,0.017289135642119716,0.004558286789844684,-0.0002602374162039567
1788436454.2463243,-1.8581886291503906,-0.44784998893737793,-0.17313285171985626,-0.0,0.16040313243865967,0.14868034422397614,-0.75,-0.0652306005358696,0.017289135642119716,0.004558286789844684,-0.0002602374162039567
1788436454.2562597,-1.8581886291503906,-0.44784998893737793,-0.17313285171985626,-0.0,0.1603425294160843,0.14813783764839172,-0.75,-0.0910983681678772,0.017289135642119716,0.004558286789844684,-0.0002602374162039567
1788436454.266165,-1.8621740341186523,-0.44092196226119995,-0.17080950736999512,-0.0,0.16045837104320526,0.1479652374982834,-0.75,-0.1047137975692749,0.0029559450637860335,-0.00260275706208396,0.0023233465100935824
1788436454.2774768,-1.8621740341186523,-0.44092196226119995,-0.17080950736999512,-0.0,0.16045837104320526,0.1479652374982834,-0.75,-0.1047137975692749,0.0029559450637860335,-0.00260275706208396,0.0023233465100935824
1788436454.2861388,-1.8621740341186523,-0.44092196226119995,-0.17080950736999512,-0.0,0.15700991451740265,0.1469295620918274,-0.75,-0.13184890151023865,0.0029559450637860335,-0.00260275706208396,0.0023233465100935824
1788436454.2961962,-1.8621740341186523,-0.44092196226119995,-0.17080950736999512,-0.0,0.15681515634059906,0.14697887003421783,-0.75,-0.14541654288768768,0.0029559450637860335,-0.00260275706208396,0.0023233465100935824
1788436454.3075628,-1.8621740341186523,-0.44092196226119995,-0.17080950736999512,-0.0,0.15681515634059906,0.14697887003421783,-0.75,-0.14541654288768768,0.0029559450637860335,-0.00260275706208396,0.0023233465100935824
1788436454.3161862,-1.8621740341186523,-0.44092196226119995,-0.17080950736999512,-0.0,0.15603986382484436,0.14843374490737915,-0.75,-0.1707269698381424,0.0029559450637860335,-0.00260275706208396,0.0023233465100935824
1788436454.3261988,-1.8621740341186523,-0.44092196226119995,-0.17080950736999512,-0.0,0.15601655840873718,0.14697887003421783,-0.75,-0.18178431689739227,0.0029559450637860335,-0.00260275706208396,0.0023233465100935824
1788436454.3375397,-1.8621740341186523,-0.44092196226119995,-0.17080950736999512,-0.0,0.15601655840873718,0.14697887003421783,-0.75,-0.18178431689739227,0.0029559450637860335,-0.00260275706208396,0.0023233465100935824
1788436454.346232,-1.8621740341186523,-0.44092196226119995,-0.17080950736999512,-0.0,0.15667730569839478,0.1465350091457367,-0.75,-0.20778943598270416,0.0029559450637860335,-0.00260275706208396,0.0023233465100935824
1788436454.356172,-1.8621740341186523,-0.44092196226119995,-0.17080950736999512,-0.0,0.15696029365062714,0.14766933023929596,-0.75,-0.22082272171974182,0.0029559450637860335,-0.00260275706208396,0.0023233465100935824
1788436454.3694954,-1.8621740341186523,-0.44092196226119995,-0.17080950736999512,-0.0,0.15646925568580627,0.14762000739574432,-0.75,-0.23416510224342346,0.0029559450637860335,-0.00260275706208396,0.0023233465100935824
1788436454.3777997,-1.8621740341186523,-0.44092196226119995,-0.17080950736999512,-0.0,0.15646925568580627,0.14762000739574432,-0.75,-0.23416510224342346,0.0029559450637860335,-0.00260275706208396,0.0023233465100935824
1788436454.3862817,-1.8507986068725586,-0.44552865624427795,-0.1713811308145523,-0.0,0.16057807207107544,0.14900089800357819,-0.75,-0.2589018940925598,-0.011121068551547222,0.0035486568882254765,-0.0005716320742763514
1788436454.3961818,-1.8507986068725586,-0.44552865624427795,-0.1713811308145523,-0.0,0.16102011501789093,0.14909954369068146,-0.75,-0.2703849673271179,-0.011121068551547222,0.0035486568882254765,-0.0005716320742763514
1788436454.4063923,-1.8507986068725586,-0.44552865624427795,-0.1713811308145523,-0.0,0.1610233187675476,0.1475706845521927,-0.75,-0.28208237886428833,-0.011121068551547222,0.0035486568882254765,-0.0005716320742763514
1788436454.4161727,-1.8507986068725586,-0.44552865624427795,-0.1713811308145523,-0.0,0.16172407567501068,0.1487543135881424,-0.75,-0.29372262954711914,-0.011121068551547222,0.0035486568882254765,-0.0005716320742763514
1788436454.426314,-1.8507986068725586,-0.44552865624427795,-0.1713811308145523,-0.0,0.16125859320163727,0.14853239059448242,-0.75,-0.3048689663410187,-0.011121068551547222,0.0035486568882254765,-0.0005716320742763514
1788436454.4374175,-1.8507986068725586,-0.44552865624427795,-0.1713811308145523,-0.0,0.16125859320163727,0.14853239059448242,-0.75,-0.3048689663410187,-0.011121068551547222,0.0035486568882254765,-0.0005716320742763514
1788436454.446195,-1.8507986068725586,-0.44552865624427795,-0.1713811308145523,-0.0,0.16059161722660065,0.1508503258228302,-0.75,-0.32696691155433655,-0.011121068551547222,0.0035486568882254765,-0.0005716320742763514
1788436454.4561746,-1.8507986068725586,-0.44552865624427795,-0.1713811308145523,-0.0,0.16017386317253113,0.15038180351257324,-0.75,-0.3379451334476471,-0.011121068551547222,0.0035486568882254765,-0.0005716320742763514
1788436454.466465,-1.8216198682785034,-0.43017852306365967,-0.16215772926807404,-0.0,0.16034293174743652,0.15077634155750275,-0.75,-0.34860309958457947,-0.03322388683811205,0.0014328587607429777,0.009223402460488916
1788436454.4765043,-1.8216198682785034,-0.43017852306365967,-0.16215772926807404,-0.0,0.16129326820373535,0.1502091884613037,-0.75,-0.35940900444984436,-0.03322388683811205,0.0014328587607429777,0.009223402460488916
1788436454.4862173,-1.8216198682785034,-0.43017852306365967,-0.16215772926807404,-0.0,0.16165436804294586,0.15198463201522827,-0.75,-0.37120696902275085,-0.03322388683811205,0.0014328587607429777,0.009223402460488916
1788436454.4976056,-1.8216198682785034,-0.43017852306365967,-0.16215772926807404,-0.0,0.16165436804294586,0.15198463201522827,-0.75,-0.37120696902275085,-0.03322388683811205,0.0014328587607429777,0.009223402460488916
1788436454.5084677,-1.8216198682785034,-0.43017852306365967,-0.16215772926807404,-0.0,0.16064880788326263,0.15299564599990845,-0.75,-0.39178168773651123,-0.03322388683811205,0.0014328587607429777,0.009223402460488916
1788436454.5162249,-1.8216198682785034,-0.43017852306365967,-0.16215772926807404,-0.0,0.16032053530216217,0.15213258564472198,-0.75,-0.4024188816547394,-0.03322388683811205,0.0014328587607429777,0.009223402460488916
1788436454.526236,-1.8216198682785034,-0.43017852306365967,-0.16215772926807404,-0.0,0.1606759876012802,0.1521572470664978,-0.75,-0.4123475253582001,-0.03322388683811205,0.0014328587607429777,0.009223402460488916
1788436454.5363019,-1.8216198682785034,-0.43017852306365967,-0.16215772926807404,-0.0,0.1606759876012802,0.1521572470664978,-0.75,-0.4123475253582001,-0.03322388683811205,0.0014328587607429777,0.009223402460488916
1788436454.5463915,-1.7879846096038818,-0.4073202908039093,-0.15141983330249786,-0.0,0.16070373356342316,0.15247781574726105,-0.75,-0.42213302850723267,-0.03811198518447191,-0.003682882981683011,0.010737905429298422
1788436454.5561893,-1.7879846096038818,-0.4073202908039093,-0.15141983330249786,-0.0,0.1588352620601654,0.15472176671028137,-0.75,-0.44265127182006836,-0.03811198518447191,-0.003682882981683011,0.010737905429298422
1788436454.5695367,-1.7879846096038818,-0.4073202908039093,-0.15141983330249786,-0.0,0.158580020070076,0.1546231359243393,-0.75,-0.4524930417537689,-0.03811198518447191,-0.003682882981683011,0.010737905429298422
1788436454.5763063,-1.7879846096038818,-0.4073202908039093,-0.15141983330249786,-0.0,0.158580020070076,0.1546231359243393,-0.75,-0.4524930417537689,-0.03811198518447191,-0.003682882981683011,0.010737905429298422
1788436454.58616,-1.7879846096038818,-0.4073202908039093,-0.15141983330249786,-0.0,0.15946973860263824,0.15314359962940216,-0.75,-0.4719204306602478,-0.03811198518447191,-0.003682882981683011,0.010737905429298422
1788436454.5993867,-1.7879846096038818,-0.4073202908039093,-0.15141983330249786,-0.0,0.1593557894229889,0.15363678336143494,-0.75,-0.4819070100784302,-0.03811198518447191,-0.003682882981683011,0.010737905429298422
1788436454.6063333,-1.7879846096038818,-0.4073202908039093,-0.15141983330249786,-0.0,0.1593557894229889,0.15363678336143494,-0.75,-0.4819070100784302,-0.03811198518447191,-0.003682882981683011,0.010737905429298422
1788436454.6162064,-1.7879846096038818,-0.4073202908039093,-0.15141983330249786,-0.0,0.1588211953639984,0.156842440366745,-0.75,-0.5017321109771729,-0.03811198518447191,-0.003682882981683011,0.010737905429298422
1788436454.6263142,-1.7879846096038818,-0.4073202908039093,-0.15141983330249786,-0.0,0.1588211953639984,0.156842440366745,-0.75,-0.5017321109771729,-0.03811198518447191,-0.003682882981683011,0.010737905429298422
1788436454.6361718,-1.7879846096038818,-0.4073202908039093,-0.15141983330249786,-0.0,0.15784062445163727,0.1562013030052185,-0.75,-0.5199837684631348,-0.03811198518447191,-0.003682882981683011,0.010737905429298422
1788436454.6461766,-1.7879846096038818,-0.4073202908039093,-0.15141983330249786,-0.0,0.1578086018562317,0.1489022672176361,-0.75,-0.528938889503479,-0.03811198518447191,-0.003682882981683011,0.010737905429298422
1788436454.6594307,-1.7411428689956665,-0.38820338249206543,-0.14002513885498047,-0.0,0.16107016801834106,0.15378473699092865,-0.75,-0.5379574298858643,-0.051378121432134646,0.0006972477120610332,0.01139468575580116
1788436454.667786,-1.7411428689956665,-0.38820338249206543,-0.14002513885498047,-0.0,0.16318397223949432,0.15785345435142517,-0.75,-0.5465391278266907,-0.051378121432134646,0.0006972477120610332,0.01139468575580116
1788436454.6762059,-1.7411428689956665,-0.38820338249206543,-0.14002513885498047,-0.0,0.1616303026676178,0.16539907455444336,-0.75,-0.555489718914032,-0.051378121432134646,0.0006972477120610332,0.01139468575580116
1788436454.6861637,-1.7411428689956665,-0.38820338249206543,-0.14002513885498047,-0.0,0.15814287960529327,0.1647825986146927,-0.75,-0.5644221901893616,-0.051378121432134646,0.0006972477120610332,0.01139468575580116
1788436454.6963222,-1.7411428689956665,-0.38820338249206543,-0.14002513885498047,-0.0,0.1580323427915573,0.16251398622989655,-0.75,-0.5726876854896545,-0.051378121432134646,0.0006972477120610332,0.01139468575580116
1788436454.7061965,-1.7411428689956665,-0.38820338249206543,-0.14002513885498047,-0.0,0.15901827812194824,0.16054126620292664,-0.75,-0.5812894701957703,-0.051378121432134646,0.0006972477120610332,0.01139468575580116
1788436454.7161756,-1.7411428689956665,-0.38820338249206543,-0.14002513885498047,-0.0,0.1599934846162796,0.15412995219230652,-0.75,-0.5886672139167786,-0.051378121432134646,0.0006972477120610332,0.01139468575580116
1788436454.7275436,-1.7411428689956665,-0.38820338249206543,-0.14002513885498047,-0.0,0.1599934846162796,0.15412995219230652,-0.75,-0.5886672139167786,-0.051378121432134646,0.0006972477120610332,0.01139468575580116
1788436454.737517,-1.7411428689956665,-0.38820338249206543,-0.14002513885498047,-0.0,0.1634940803050995,0.15435189008712769,-0.75,-0.6043844223022461,-0.051378121432134646,0.0006972477120610332,0.01139468575580116
1788436454.7461889,-1.7411428689956665,-0.38820338249206543,-0.14002513885498047,-0.0,0.1632007211446762,0.15856856107711792,-0.75,-0.6119949221611023,-0.051378121432134646,0.0006972477120610332,0.01139468575580116
1788436454.756274,-1.7411428689956665,-0.38820338249206543,-0.14002513885498047,-0.0,0.1632007211446762,0.15856856107711792,-0.75,-0.6119949221611023,-0.051378121432134646,0.0006972477120610332,0.01139468575580116
1788436454.766177,-1.6902449131011963,-0.3674169182777405,-0.13008049130439758,-0.0,0.16046203672885895,0.15874117612838745,-0.75,-0.6266553401947021,-0.05463538212443369,-0.00399602953415093,0.009944646312370242
1788436454.7769234,-1.6902449131011963,-0.3674169182777405,-0.13008049130439758,-0.0,0.16046203672885895,0.15874117612838745,-0.75,-0.6266553401947021,-0.05463538212443369,-0.00399602953415093,0.009944646312370242
1788436454.7864232,-1.6902449131011963,-0.3674169182777405,-0.13008049130439758,-0.0,0.1657547503709793,0.15844526886940002,-0.75,-0.6337316036224365,-0.05463538212443369,-0.00399602953415093,0.009944646312370242
1788436454.7964644,-1.6902449131011963,-0.3674169182777405,-0.13008049130439758,-0.0,0.16646124422550201,0.15662050247192383,-0.75,-0.6390780806541443,-0.05463538212443369,-0.00399602953415093,0.009944646312370242
1788436454.8061812,-1.6902449131011963,-0.3674169182777405,-0.13008049130439758,-0.0,0.16698165237903595,0.1556834727525711,-0.75,-0.6521920561790466,-0.05463538212443369,-0.00399602953415093,0.009944646312370242
1788436454.817518,-1.6902449131011963,-0.3674169182777405,-0.13008049130439758,-0.0,0.16698165237903595,0.1556834727525711,-0.75,-0.6521920561790466,-0.05463538212443369,-0.00399602953415093,0.009944646312370242
1788436454.826177,-1.6902449131011963,-0.3674169182777405,-0.13008049130439758,-0.0,0.16612237691879272,0.15908639132976532,-0.75,-0.6631918549537659,-0.05463538212443369,-0.00399602953415093,0.009944646312370242
1788436454.8361669,-1.6902449131011963,-0.3674169182777405,-0.13008049130439758,-0.0,0.16622653603553772,0.15849457681179047,-0.75,-0.6684892773628235,-0.05463538212443369,-0.00399602953415093,0.009944646312370242
1788436454.8494291,-1.6902449131011963,-0.3674169182777405,-0.13008049130439758,-0.0,0.16649176180362701,0.1527983695268631,-0.75,-0.6731187105178833,-0.05463538212443369,-0.00399602953415093,0.009944646312370242
1788436454.8563159,-1.635045051574707,-0.33021146059036255,-0.11071201413869858,-0.0,0.16896118223667145,0.15166406333446503,-0.75,-0.6782217025756836,-0.06190181310792859,-0.005601043885303136,0.01936848007017966
1788436454.8674953,-1.635045051574707,-0.33021146059036255,-0.11071201413869858,-0.0,0.16896118223667145,0.15166406333446503,-0.75,-0.6782217025756836,-0.06190181310792859,-0.005601043885303136,0.01936848007017966
1788436454.876179,-1.635045051574707,-0.33021146059036255,-0.11071201413869858,-0.0,0.16441747546195984,0.1533408761024475,-0.75,-0.6857654452323914,-0.06190181310792859,-0.005601043885303136,0.01936848007017966
1788436454.8861666,-1.635045051574707,-0.33021146059036255,-0.11071201413869858,-0.0,0.16399350762367249,0.15376007556915283,-0.75,-0.6899815201759338,-0.06190181310792859,-0.005601043885303136,0.01936848007017966
1788436454.8962774,-1.635045051574707,-0.33021146059036255,-0.11071201413869858,-0.0,0.16399350762367249,0.15376007556915283,-0.75,-0.6899815201759338,-0.06190181310792859,-0.005601043885303136,0.01936848007017966
1788436454.906186,-1.635045051574707,-0.33021146059036255,-0.11071201413869858,-0.0,0.16320271790027618,0.15602868795394897,-0.75,-0.696338415145874,-0.06190181310792859,-0.005601043885303136,0.01936848007017966
1788436454.9162037,-1.635045051574707,-0.33021146059036255,-0.11071201413869858,-0.0,0.16273894906044006,0.1524284929037094,-0.75,-0.6994245052337646,-0.06190181310792859,-0.005601043885303136,0.01936848007017966
1788436454.926341,-1.635045051574707,-0.33021146059036255,-0.11071201413869858,-0.0,0.1641901731491089,0.1524284929037094,-0.75,-0.7015912532806396,-0.06190181310792859,-0.005601043885303136,0.01936848007017966
1788436454.9362154,-1.635045051574707,-0.33021146059036255,-0.11071201413869858,-0.0,0.16434909403324127,0.1525517851114273,-0.75,-0.7046540379524231,-0.06190181310792859,-0.005601043885303136,0.01936848007017966
1788436454.946494,-1.635045051574707,-0.33021146059036255,-0.11071201413869858,-0.0,0.16434909403324127,0.1525517851114273,-0.75,-0.7046540379524231,-0.06190181310792859,-0.005601043885303136,0.01936848007017966
1788436454.9593925,-1.635045051574707,-0.33021146059036255,-0.11071201413869858,-0.0,0.16311807930469513,0.1546477973461151,-0.75,-0.7081841826438904,-0.06190181310792859,-0.005601043885303136,0.01936848007017966
1788436454.966212,-1.635045051574707,-0.33021146059036255,-0.11071201413869858,-0.0,0.16330599784851074,0.15329155325889587,-0.75,-0.7097229361534119,-0.06190181310792859,-0.005601043885303136,0.01936848007017966
1788436454.9763052,-1.5580193996429443,-0.31308501958847046,-0.09542565792798996,-0.0,0.16389235854148865,0.15435189008712769,-0.75,-0.7113871574401855,-0.0819933796814546,0.006652483710300527,0.015286354846877348
1788436454.9863195,-1.5580193996429443,-0.31308501958847046,-0.09542565792798996,-0.0,0.16389235854148865,0.15435189008712769,-0.75,-0.7113871574401855,-0.0819933796814546,0.006652483710300527,0.015286354846877348
1788436454.9961958,-1.5580193996429443,-0.31308501958847046,-0.09542565792798996,-0.0,0.17743676900863647,0.15380938351154327,-0.75,-0.7137244939804077,-0.0819933796814546,0.006652483710300527,0.015286354846877348
1788436455.0062106,-1.5580193996429443,-0.31308501958847046,-0.09542565792798996,-0.0,0.177757129073143,0.15363678336143494,-0.75,-0.7149509787559509,-0.0819933796814546,0.006652483710300527,0.015286354846877348
1788436455.0162683,-1.5580193996429443,-0.31308501958847046,-0.09542565792798996,-0.0,0.177757129073143,0.15363678336143494,-0.75,-0.7149509787559509,-0.0819933796814546,0.006652483710300527,0.015286354846877348
1788436455.0261889,-1.5580193996429443,-0.31308501958847046,-0.09542565792798996,-0.0,0.1762433499097824,0.1647825986146927,-0.75,-0.7173764705657959,-0.0819933796814546,0.006652483710300527,0.015286354846877348
1788436455.0361974,-1.5580193996429443,-0.31308501958847046,-0.09542565792798996,-0.0,0.17322680354118347,0.16579361259937286,-0.75,-0.7189456820487976,-0.0819933796814546,0.006652483710300527,0.015286354846877348
1788436455.0465236,-1.5580193996429443,-0.31308501958847046,-0.09542565792798996,-0.0,0.17322680354118347,0.16579361259937286,-0.75,-0.7189456820487976,-0.0819933796814546,0.006652483710300527,0.015286354846877348
1788436455.0575027,-1.5580193996429443,-0.31308501958847046,-0.09542565792798996,-0.0,0.17249029874801636,0.16372226178646088,-0.75,-0.7201192378997803,-0.0819933796814546,0.006652483710300527,0.015286354846877348
1788436455.066417,-1.4975364208221436,-0.2839532196521759,-0.07999211549758911,-0.0,0.17520375549793243,0.15999877452850342,-0.75,-0.7213541269302368,-0.06504355195478882,-0.0060542227862363795,0.015433545286647643
1788436455.0773866,-1.4975364208221436,-0.2839532196521759,-0.07999211549758911,-0.0,0.17520375549793243,0.15999877452850342,-0.75,-0.7213541269302368,-0.06504355195478882,-0.0060542227862363795,0.015433545286647643
1788436455.0864727,-1.4975364208221436,-0.2839532196521759,-0.07999211549758911,-0.0,0.17512047290802002,0.1621934175491333,-0.75,-0.7218345403671265,-0.06504355195478882,-0.0060542227862363795,0.015433545286647643
1788436455.0961852,-1.4975364208221436,-0.2839532196521759,-0.07999211549758911,-0.0,0.17378444969654083,0.16342635452747345,-0.75,-0.7240361571311951,-0.06504355195478882,-0.0060542227862363795,0.015433545286647643
1788436455.106236,-1.4975364208221436,-0.2839532196521759,-0.07999211549758911,-0.0,0.17378444969654083,0.16342635452747345,-0.75,-0.7240361571311951,-0.06504355195478882,-0.0060542227862363795,0.015433545286647643
1788436455.118473,-1.4975364208221436,-0.2839532196521759,-0.07999211549758911,-0.0,0.17363664507865906,0.16369760036468506,-0.75,-0.7241602540016174,-0.06504355195478882,-0.0060542227862363795,0.015433545286647643
1788436455.126169,-1.4975364208221436,-0.2839532196521759,-0.07999211549758911,-0.0,0.17322461307048798,0.16554702818393707,-0.75,-0.7254106998443604,-0.06504355195478882,-0.0060542227862363795,0.015433545286647643
1788436455.1372128,-1.4975364208221436,-0.2839532196521759,-0.07999211549758911,-0.0,0.17322461307048798,0.16554702818393707,-0.75,-0.7254106998443604,-0.06504355195478882,-0.0060542227862363795,0.015433545286647643
1788436455.1461954,-1.4975364208221436,-0.2839532196521759,-0.07999211549758911,-0.0,0.17256703972816467,0.1659662276506424,-0.75,-0.7264895439147949,-0.06504355195478882,-0.0060542227862363795,0.015433545286647643
1788436455.1561842,-1.4735643863677979,-0.26329702138900757,-0.039024919271469116,-0.27230656147003174,0.17251800000667572,0.16613884270191193,-0.75,-0.7266327142715454,-0.07848547130640933,0.005052453997305473,0.0195802901123745
1788436455.1664498,-1.4735643863677979,-0.26329702138900757,-0.039024919271469116,-0.27230656147003174,0.17074842751026154,0.16685394942760468,-0.75,-0.7272947430610657,-0.07848547130640933,0.005052453997305473,0.0195802901123745
1788436455.1765692,-1.4735643863677979,-0.26329702138900757,-0.039024919271469116,-0.27230656147003174,0.17074842751026154,0.16685394942760468,-0.75,-0.7272947430610657,-0.07848547130640933,0.005052453997305473,0.0195802901123745
1788436455.186315,-1.4735643863677979,-0.26329702138900757,-0.039024919271469116,-0.27230656147003174,0.16990980505943298,0.16764302551746368,-0.75,-0.7288092970848083,-0.07848547130640933,0.005052453997305473,0.0195802901123745
1788436455.1963716,-1.4735643863677979,-0.26329702138900757,-0.039024919271469116,-0.27230656147003174,0.169887974858284,0.1675197333097458,-0.75,-0.7288053035736084,-0.07848547130640933,0.005052453997305473,0.0195802901123745
1788436455.2063274,-1.4735643863677979,-0.26329702138900757,-0.039024919271469116,-0.27230656147003174,0.169887974858284,0.1675197333097458,-0.75,-0.7288053035736084,-0.07848547130640933,0.005052453997305473,0.0195802901123745
1788436455.2162347,-1.4735643863677979,-0.26329702138900757,-0.039024919271469116,-0.27230656147003174,0.16993270814418793,0.1670019030570984,-0.75,-0.7301377058029175,-0.07848547130640933,0.005052453997305473,0.0195802901123745
1788436455.2262104,-1.4735643863677979,-0.26329702138900757,-0.039024919271469116,-0.27230656147003174,0.16997866332530975,0.16727314889431,-0.75,-0.7315521240234375,-0.07848547130640933,0.005052453997305473,0.0195802901123745
1788436455.2361925,-1.4735643863677979,-0.26329702138900757,-0.039024919271469116,-0.27230656147003174,0.1700368970632553,0.16690325736999512,-0.75,-0.7317425012588501,-0.07848547130640933,0.005052453997305473,0.0195802901123745
1788436455.2483716,-1.4735643863677979,-0.26329702138900757,-0.039024919271469116,-0.27230656147003174,0.17018462717533112,0.16653338074684143,-0.75,-0.733255922794342,-0.07848547130640933,0.005052453997305473,0.0195802901123745
1788436455.2561872,-1.4735643863677979,-0.26329702138900757,-0.039024919271469116,-0.27230656147003174,0.17034214735031128,0.1657196432352066,-0.75,-0.7340602874755859,-0.07848547130640933,0.005052453997305473,0.0195802901123745
1788436455.2663527,-1.4973818063735962,-0.23376765847206116,0.06875426322221756,-0.8695651888847351,0.17034214735031128,0.1657196432352066,-0.75,-0.7340602874755859,-0.08005201895215752,0.004149632666302555,0.02223155248099351
1788436455.276473,-1.4973818063735962,-0.23376765847206116,0.06875426322221756,-0.8695651888847351,0.1706703007221222,0.1656949818134308,-0.75,-0.7346824407577515,-0.08005201895215752,0.004149632666302555,0.02223155248099351
1788436455.2861938,-1.4973818063735962,-0.23376765847206116,0.06875426322221756,-0.8695651888847351,0.15321700274944305,0.1660895198583603,-0.75,-0.7359766364097595,-0.08005201895215752,0.004149632666302555,0.02223155248099351
1788436455.2962077,-1.4973818063735962,-0.23376765847206116,0.06875426322221756,-0.8695651888847351,0.14449036121368408,0.165201798081398,-0.75,-0.7371709942817688,-0.08005201895215752,0.004149632666302555,0.02223155248099351
1788436455.30617,-1.4973818063735962,-0.23376765847206116,0.06875426322221756,-0.8695651888847351,0.14055496454238892,0.16589224338531494,-0.75,-0.736965000629425,-0.08005201895215752,0.004149632666302555,0.02223155248099351
1788436455.3167665,-1.4973818063735962,-0.23376765847206116,0.06875426322221756,-0.8695651888847351,0.13985575735569,0.16808688640594482,-0.75,-0.7370867729187012,-0.08005201895215752,0.004149632666302555,0.02223155248099351
1788436455.3261895,-1.4973818063735962,-0.23376765847206116,0.06875426322221756,-0.8695651888847351,0.13892614841461182,0.1687280237674713,-0.75,-0.73701411485672,-0.08005201895215752,0.004149632666302555,0.02223155248099351
1788436455.3362153,-1.4973818063735962,-0.23376765847206116,0.06875426322221756,-0.8695651888847351,0.13892614841461182,0.1687280237674713,-0.75,-0.73701411485672,-0.08005201895215752,0.004149632666302555,0.02223155248099351
1788436455.3464615,-1.4973818063735962,-0.23376765847206116,0.06875426322221756,-0.8695651888847351,0.13857503235340118,0.1677909791469574,-0.75,-0.7373715043067932,-0.08005201895215752,0.004149632666302555,0.02223155248099351
1788436455.356205,-1.4973818063735962,-0.23376765847206116,0.06875426322221756,-0.8695651888847351,0.13950215280056,0.1666320115327835,-0.75,-0.7371032238006592,-0.08005201895215752,0.004149632666302555,0.02223155248099351
1788436455.3674464,-1.4973818063735962,-0.23376765847206116,0.06875426322221756,-0.8695651888847351,0.13950215280056,0.1666320115327835,-0.75,-0.7371032238006592,-0.08005201895215752,0.004149632666302555,0.02223155248099351
1788436455.3780046,-1.4973818063735962,-0.23376765847206116,0.06875426322221756,-0.8695651888847351,0.1394529938697815,0.1674211025238037,-0.75,-0.7379776835441589,-0.08005201895215752,0.004149632666302555,0.02223155248099351
1788436455.3861876,-1.474604606628418,-0.21265354752540588,0.12300170212984085,-0.8695651888847351,0.1397775560617447,0.16431407630443573,-0.75,-0.7380587458610535,-0.07429179258853319,-2.627616565174795e-05,0.01147362641724703
1788436455.398432,-1.474604606628418,-0.21265354752540588,0.12300170212984085,-0.8695651888847351,0.1397775560617447,0.16431407630443573,-0.75,-0.7380587458610535,-0.07429179258853319,-2.627616565174795e-05,0.01147362641724703
1788436455.4061835,-1.474604606628418,-0.21265354752540588,0.12300170212984085,-0.8695651888847351,0.12232426553964615,0.15980149805545807,-0.75,-0.7376261353492737,-0.07429179258853319,-2.627616565174795e-05,0.01147362641724703
1788436455.4161901,-1.474604606628418,-0.21265354752540588,0.12300170212984085,-0.8695651888847351,0.11359761655330658,0.15425324440002441,-0.75,-0.7377572655677795,-0.07429179258853319,-2.627616565174795e-05,0.01147362641724703
1788436455.4262533,-1.474604606628418,-0.21265354752540588,0.12300170212984085,-0.8695651888847351,0.11359761655330658,0.15425324440002441,-0.75,-0.7377572655677795,-0.07429179258853319,-2.627616565174795e-05,0.01147362641724703
1788436455.4361947,-1.474604606628418,-0.21265354752540588,0.12300170212984085,-0.8695651888847351,0.11364054679870605,0.1487789750099182,-0.75,-0.7365807294845581,-0.07429179258853319,-2.627616565174795e-05,0.01147362641724703
1788436455.4461892,-1.474604606628418,-0.21265354752540588,0.12300170212984085,-0.8695651888847351,0.11468209326267242,0.14870499074459076,-0.75,-0.7365143895149231,-0.07429179258853319,-2.627616565174795e-05,0.01147362641724703
1788436455.4575758,-1.5033925771713257,-0.16699880361557007,0.22805564105510712,-0.8695651888847351,0.11468209326267242,0.14870499074459076,-0.75,-0.7365143895149231,-0.07167486868108532,0.0001019523460633609,0.019506300363238083
1788436455.466195,-1.5033925771713257,-0.16699880361557007,0.22805564105510712,-0.8695651888847351,0.10609781742095947,0.14150460064411163,-0.75,-0.7371209859848022,-0.07167486868108532,0.0001019523460633609,0.019506300363238083
1788436455.4761918,-1.5033925771713257,-0.16699880361557007,0.22805564105510712,-0.8695651888847351,0.0973711758852005,0.13748519122600555,-0.75,-0.7368695139884949,-0.07167486868108532,0.0001019523460633609,0.019506300363238083
1788436455.4894764,-1.5033925771713257,-0.16699880361557007,0.22805564105510712,-0.8695651888847351,0.08864452689886093,0.13287398219108582,-0.75,-0.7364161610603333,-0.07167486868108532,0.0001019523460633609,0.019506300363238083
1788436455.4961634,-1.5033925771713257,-0.16699880361557007,0.22805564105510712,-0.8695651888847351,0.07991787791252136,0.12949571013450623,-0.75,-0.7369792461395264,-0.07167486868108532,0.0001019523460633609,0.019506300363238083
1788436455.506205,-1.5033925771713257,-0.16699880361557007,0.22805564105510712,-0.8695651888847351,0.07119123637676239,0.12693119049072266,-0.75,-0.7369016408920288,-0.07167486868108532,0.0001019523460633609,0.019506300363238083
1788436455.5162349,-1.5033925771713257,-0.16699880361557007,0.22805564105510712,-0.8695651888847351,0.06246458739042282,0.12574756145477295,-0.75,-0.7362382411956787,-0.07167486868108532,0.0001019523460633609,0.019506300363238083
1788436455.5269613,-1.5033925771713257,-0.16699880361557007,0.22805564105510712,-0.8695651888847351,0.05373794212937355,0.12204872816801071,-0.75,-0.736546516418457,-0.07167486868108532,0.0001019523460633609,0.019506300363238083
1788436455.5362778,-1.5033925771713257,-0.16699880361557007,0.22805564105510712,-0.8695651888847351,0.05373794212937355,0.12204872816801071,-0.75,-0.736546516418457,-0.07167486868108532,0.0001019523460633609,0.019506300363238083
1788436455.5462008,-1.5033925771713257,-0.16699880361557007,0.22805564105510712,-0.8695651888847351,0.03814372047781944,0.10942336916923523,-0.75,-0.7369343042373657,-0.07167486868108532,0.0001019523460633609,0.019506300363238083
1788436455.5561845,-1.4779452085494995,-0.13287650048732758,0.286895751953125,-0.8695651888847351,0.04011858254671097,0.1049601137638092,-0.75,-0.7358180284500122,-0.07553742462619964,0.0012716744308507028,0.016066310064646316
1788436455.5667958,-1.4779452085494995,-0.13287650048732758,0.286895751953125,-0.8695651888847351,0.0313919372856617,0.09815425425767899,-0.75,-0.7367360591888428,-0.07553742462619964,0.0012716744308507028,0.016066310064646316
1788436455.5763476,-1.4779452085494995,-0.13287650048732758,0.286895751953125,-0.8695651888847351,0.022665290161967278,0.09763641655445099,-0.75,-0.7365020513534546,-0.07553742462619964,0.0012716744308507028,0.016066310064646316
1788436455.5865872,-1.4779452085494995,-0.13287650048732758,0.286895751953125,-0.8695651888847351,0.022665290161967278,0.09763641655445099,-0.75,-0.7365020513534546,-0.07553742462619964,0.0012716744308507028,0.016066310064646316
1788436455.5961804,-1.4779452085494995,-0.13287650048732758,0.286895751953125,-0.8695651888847351,0.0052119973115623,0.08178074657917023,-0.75,-0.7363200187683105,-0.07553742462619964,0.0012716744308507028,0.016066310064646316
1788436455.6062098,-1.4779452085494995,-0.13287650048732758,0.286895751953125,-0.8695651888847351,3.189040216966532e-05,0.06866221129894257,-0.75,-0.7367205023765564,-0.07553742462619964,0.0012716744308507028,0.016066310064646316
1788436455.617435,-1.4779452085494995,-0.13287650048732758,0.286895751953125,-0.8695651888847351,3.189040216966532e-05,0.06866221129894257,-0.75,-0.7367205023765564,-0.07553742462619964,0.0012716744308507028,0.016066310064646316
1788436455.6261904,-1.4779452085494995,-0.13287650048732758,0.286895751953125,-0.8695651888847351,0.0076933084055781364,0.05295449122786522,-0.75,-0.7371286153793335,-0.07553742462619964,0.0012716744308507028,0.016066310064646316
1788436455.6361868,-1.4779452085494995,-0.13287650048732758,0.286895751953125,-0.8695651888847351,0.011222701519727707,0.043510135263204575,-0.75,-0.7372256517410278,-0.07553742462619964,0.0012716744308507028,0.016066310064646316
1788436455.647215,-1.4779452085494995,-0.13287650048732758,0.286895751953125,-0.8695651888847351,0.015180760063230991,0.02910933643579483,-0.75,-0.7368611097335815,-0.07553742462619964,0.0012716744308507028,0.016066310064646316
1788436455.6562433,-1.5038714408874512,-0.09212803095579147,0.3821849524974823,-0.8695651888847351,0.015180760063230991,0.02910933643579483,-0.75,-0.7368611097335815,-0.06793150199060563,0.006112212111456128,0.00974157059474745
1788436455.666197,-1.5038714408874512,-0.09212803095579147,0.3821849524974823,-0.8695651888847351,0.021055476740002632,0.019886909052729607,-0.75,-0.7376329898834229,-0.06793150199060563,0.006112212111456128,0.00974157059474745
1788436455.6761842,-1.5038714408874512,-0.09212803095579147,0.3821849524974823,-0.8695651888847351,0.003602184820920229,0.010442550294101238,-0.75,-0.7374891638755798,-0.06793150199060563,0.006112212111456128,0.00974157059474745
1788436455.6888242,-1.5038714408874512,-0.09212803095579147,0.3821849524974823,-0.8695651888847351,0.003602184820920229,0.010442550294101238,-0.75,-0.7374891638755798,-0.06793150199060563,0.006112212111456128,0.00974157059474745
1788436455.6963267,-1.5038714408874512,-0.09212803095579147,0.3821849524974823,-0.8695651888847351,-0.005124461371451616,0.008075295947492123,-0.75,-0.736967146396637,-0.06793150199060563,0.006112212111456128,0.00974157059474745
1788436455.7061915,-1.5038714408874512,-0.09212803095579147,0.3821849524974823,-0.8695651888847351,-0.01849568448960781,0.0077793896198272705,-0.75,-0.7380193471908569,-0.06793150199060563,0.006112212111456128,0.00974157059474745
1788436455.7163327,-1.5038714408874512,-0.09212803095579147,0.3821849524974823,-0.8695651888847351,-0.01849568448960781,0.0077793896198272705,-0.75,-0.7380193471908569,-0.06793150199060563,0.006112212111456128,0.00974157059474745
1788436455.7261648,-1.5038714408874512,-0.09212803095579147,0.3821849524974823,-0.8695651888847351,-0.020927708595991135,0.004179190378636122,-0.75,-0.7379522323608398,-0.06793150199060563,0.006112212111456128,0.00974157059474745
1788436455.7361736,-1.5038714408874512,-0.09212803095579147,0.3821849524974823,-0.8695651888847351,-0.020570797845721245,1.1836271369247697e-05,-0.75,-0.7387101054191589,-0.06793150199060563,0.006112212111456128,0.00974157059474745
1788436455.747431,-1.5038714408874512,-0.09212803095579147,0.3821849524974823,-0.8695651888847351,-0.020570797845721245,1.1836271369247697e-05,-0.75,-0.7387101054191589,-0.06793150199060563,0.006112212111456128,0.00974157059474745
1788436455.756652,-1.5038714408874512,-0.09212803095579147,0.3821849524974823,-0.8695651888847351,-0.017580650746822357,-0.007337541319429874,-0.75,-0.7387127876281738,-0.06793150199060563,0.006112212111456128,0.00974157059474745
1788436455.7661955,-1.4754706621170044,-0.05999738350510597,0.4329530894756317,-0.8695651888847351,-0.015396310947835445,-0.012823653407394886,-0.75,-0.7385962605476379,-0.07433533549412792,-0.001447163108989527,0.007994310697371443
1788436455.7800148,-1.4754706621170044,-0.05999738350510597,0.4329530894756317,-0.8695651888847351,-0.015396310947835445,-0.012823653407394886,-0.75,-0.7385962605476379,-0.07433533549412792,-0.001447163108989527,0.007994310697371443
1788436455.7861736,-1.4754706621170044,-0.05999738350510597,0.4329530894756317,-0.8695651888847351,-0.03284960240125656,-0.021691979840397835,-0.75,-0.7387710213661194,-0.07433533549412792,-0.001447163108989527,0.007994310697371443
1788436455.7964268,-1.4754706621170044,-0.05999738350510597,0.4329530894756317,-0.8695651888847351,-0.04157624766230583,-0.02185176871716976,-0.75,-0.7387444972991943,-0.07433533549412792,-0.001447163108989527,0.007994310697371443
1788436455.8095605,-1.4754706621170044,-0.05999738350510597,0.4329530894756317,-0.8695651888847351,-0.0503028966486454,-0.023929035291075706,-0.75,-0.7382736802101135,-0.07433533549412792,-0.001447163108989527,0.007994310697371443
1788436455.8163369,-1.4754706621170044,-0.05999738350510597,0.4329530894756317,-0.8695651888847351,-0.055866342037916183,-0.025846511125564575,-0.75,-0.7385693192481995,-0.07433533549412792,-0.001447163108989527,0.007994310697371443
1788436455.8263524,-1.4754706621170044,-0.05999738350510597,0.4329530894756317,-0.8695651888847351,-0.055866342037916183,-0.025846511125564575,-0.75,-0.7385693192481995,-0.07433533549412792,-0.001447163108989527,0.007994310697371443
1788436455.8361762,-1.4754706621170044,-0.05999738350510597,0.4329530894756317,-0.8695651888847351,-0.051743846386671066,-0.035833366215229034,-0.75,-0.7387641072273254,-0.07433533549412792,-0.001447163108989527,0.007994310697371443
1788436455.8463986,-1.4754706621170044,-0.05999738350510597,0.4329530894756317,-0.8695651888847351,-0.051582396030426025,-0.03852315619587898,-0.75,-0.7382464408874512,-0.07433533549412792,-0.001447163108989527,0.007994310697371443
1788436455.8562746,-1.4754706621170044,-0.05999738350510597,0.4329530894756317,-0.8695651888847351,-0.05056042969226837,-0.03671220690011978,-0.75,-0.738474428653717,-0.07433533549412792,-0.001447163108989527,0.007994310697371443
1788436455.8661687,-1.4754706621170044,-0.05999738350510597,0.4329530894756317,-0.8695651888847351,-0.0511246994137764,-0.04536748304963112,-0.75,-0.7387022376060486,-0.07433533549412792,-0.001447163108989527,0.007994310697371443
1788436455.8774416,-1.4754706621170044,-0.05999738350510597,0.4329530894756317,-0.8695651888847351,-0.0511246994137764,-0.04536748304963112,-0.75,-0.7387022376060486,-0.07433533549412792,-0.001447163108989527,0.007994310697371443
1788436455.886183,-1.483140468597412,-0.006456957198679447,0.5240918397903442,-0.8695651888847351,-0.04458984360098839,-0.058044128119945526,-0.75,-0.7395715117454529,-0.07964995939523928,5.082140900296295e-05,0.0055911033486824024
1788436455.8961773,-1.483140468597412,-0.006456957198679447,0.5240918397903442,-0.8695651888847351,-0.05331648886203766,-0.06118666008114815,-0.75,-0.739987850189209,-0.07964995939523928,5.082140900296295e-05,0.0055911033486824024
1788436455.9063876,-1.483140468597412,-0.006456957198679447,0.5240918397903442,-0.8695651888847351,-0.05331648886203766,-0.06118666008114815,-0.75,-0.739987850189209,-0.07964995939523928,5.082140900296295e-05,0.0055911033486824024
1788436455.916177,-1.483140468597412,-0.006456957198679447,0.5240918397903442,-0.8695651888847351,-0.0707697793841362,-0.060574132949113846,-0.75,-0.7405763864517212,-0.07964995939523928,5.082140900296295e-05,0.0055911033486824024
1788436455.9261937,-1.483140468597412,-0.006456957198679447,0.5240918397903442,-0.8695651888847351,-0.07949642837047577,-0.06139971315860748,-0.75,-0.7406172752380371,-0.07964995939523928,5.082140900296295e-05,0.0055911033486824024
1788436455.937429,-1.483140468597412,-0.006456957198679447,0.5240918397903442,-0.8695651888847351,-0.07949642837047577,-0.06139971315860748,-0.75,-0.7406172752380371,-0.07964995939523928,5.082140900296295e-05,0.0055911033486824024
1788436455.94618,-1.483140468597412,-0.006456957198679447,0.5240918397903442,-0.8695651888847351,-0.09694971889257431,-0.0632639229297638,-0.75,-0.7396314144134521,-0.07964995939523928,5.082140900296295e-05,0.0055911033486824024
1788436455.956273,-1.483140468597412,-0.006456957198679447,0.5240918397903442,-0.8695651888847351,-0.10567636787891388,-0.06494171917438507,-0.75,-0.7389072775840759,-0.07964995939523928,5.082140900296295e-05,0.0055911033486824024
1788436455.9663134,-1.4599629640579224,0.005795476026833057,0.561608076095581,-0.8695651888847351,-0.11440300941467285,-0.0645422413945198,-0.75,-0.7392485737800598,-0.06529868934251229,0.00554294621509592,-0.005257567880161851
1788436455.976202,-1.4599629640579224,0.005795476026833057,0.561608076095581,-0.8695651888847351,-0.11440300941467285,-0.0645422413945198,-0.75,-0.7392485737800598,-0.06529868934251229,0.00554294621509592,-0.005257567880161851
1788436455.986182,-1.4599629640579224,0.005795476026833057,0.561608076095581,-0.8695651888847351,-0.131856307387352,-0.0764998346567154,-0.75,-0.7387045621871948,-0.06529868934251229,0.00554294621509592,-0.005257567880161851
1788436455.9961734,-1.4599629640579224,0.005795476026833057,0.561608076095581,-0.8695651888847351,-0.14058294892311096,-0.08353058248758316,-0.75,-0.7382315993309021,-0.06529868934251229,0.00554294621509592,-0.005257567880161851
1788436456.0092258,-1.4599629640579224,0.005795476026833057,0.561608076095581,-0.8695651888847351,-0.14058294892311096,-0.08353058248758316,-0.75,-0.7382315993309021,-0.06529868934251229,0.00554294621509592,-0.005257567880161851
1788436456.0185637,-1.4599629640579224,0.005795476026833057,0.561608076095581,-0.8695651888847351,-0.1400400698184967,-0.09705943614244461,-0.75,-0.7377464771270752,-0.06529868934251229,0.00554294621509592,-0.005257567880161851
1788436456.0262003,-1.4599629640579224,0.005795476026833057,0.561608076095581,-0.8695651888847351,-0.13740089535713196,-0.10321134328842163,-0.75,-0.7374212145805359,-0.06529868934251229,0.00554294621509592,-0.005257567880161851
1788436456.0364444,-1.4599629640579224,0.005795476026833057,0.561608076095581,-0.8695651888847351,-0.13740089535713196,-0.10321134328842163,-0.75,-0.7374212145805359,-0.06529868934251229,0.00554294621509592,-0.005257567880161851
1788436456.046893,-1.467170000076294,0.04580003768205643,0.634807825088501,-0.8695651888847351,-0.13195312023162842,-0.11879083514213562,-0.75,-0.7365071773529053,-0.07447159605251458,-0.0023967811144582907,-0.012347874970272343
1788436456.0561938,-1.467170000076294,0.04580003768205643,0.634807825088501,-0.8695651888847351,-0.1406797617673874,-0.12694010138511658,-0.75,-0.7365412712097168,-0.07447159605251458,-0.0023967811144582907,-0.012347874970272343
1788436456.0675035,-1.467170000076294,0.04580003768205643,0.634807825088501,-0.8695651888847351,-0.1406797617673874,-0.12694010138511658,-0.75,-0.7365412712097168,-0.07447159605251458,-0.0023967811144582907,-0.012347874970272343
1788436456.0762293,-1.467170000076294,0.04580003768205643,0.634807825088501,-0.8695651888847351,-0.15813305974006653,-0.13817864656448364,-0.75,-0.7359732389450073,-0.07447159605251458,-0.0023967811144582907,-0.012347874970272343
1788436456.0863745,-1.467170000076294,0.04580003768205643,0.634807825088501,-0.8695651888847351,-0.1668597012758255,-0.1416141241788864,-0.75,-0.735413670539856,-0.07447159605251458,-0.0023967811144582907,-0.012347874970272343
1788436456.0974607,-1.467170000076294,0.04580003768205643,0.634807825088501,-0.8695651888847351,-0.1668597012758255,-0.1416141241788864,-0.75,-0.735413670539856,-0.07447159605251458,-0.0023967811144582907,-0.012347874970272343
1788436456.1074097,-1.467170000076294,0.04580003768205643,0.634807825088501,-0.8695651888847351,-0.17268645763397217,-0.1463279128074646,-0.75,-0.7348034381866455,-0.07447159605251458,-0.0023967811144582907,-0.012347874970272343
1788436456.1162305,-1.467170000076294,0.04580003768205643,0.634807825088501,-0.8695651888847351,-0.17193737626075745,-0.14893782138824463,-0.75,-0.7346580028533936,-0.07447159605251458,-0.0023967811144582907,-0.012347874970272343
1788436456.1263206,-1.467170000076294,0.04580003768205643,0.634807825088501,-0.8695651888847351,-0.17089881002902985,-0.14923076331615448,-0.75,-0.733995258808136,-0.07447159605251458,-0.0023967811144582907,-0.012347874970272343
1788436456.1362426,-1.467170000076294,0.04580003768205643,0.634807825088501,-0.8695651888847351,-0.17067767679691315,-0.15426413714885712,-0.75,-0.733852207660675,-0.07447159605251458,-0.0023967811144582907,-0.012347874970272343
1788436456.14635,-1.467170000076294,0.04580003768205643,0.634807825088501,-0.8695651888847351,-0.1688063144683838,-0.15029603242874146,-0.75,-0.7333294153213501,-0.07447159605251458,-0.0023967811144582907,-0.012347874970272343
1788436456.1561687,-1.467170000076294,0.04580003768205643,0.634807825088501,-0.8695651888847351,-0.17005784809589386,-0.15785939991474152,-0.75,-0.73372882604599,-0.07447159605251458,-0.0023967811144582907,-0.012347874970272343
1788436456.1663668,-1.467170000076294,0.04580003768205643,0.634807825088501,-0.8695651888847351,-0.17005784809589386,-0.15785939991474152,-0.75,-0.73372882604599,-0.07447159605251458,-0.0023967811144582907,-0.012347874970272343
1788436456.1764398,-1.467170000076294,0.04580003768205643,0.634807825088501,-0.8695651888847351,-0.1674172282218933,-0.16222698986530304,-0.75,-0.7321423888206482,-0.07447159605251458,-0.0023967811144582907,-0.012347874970272343
1788436456.186211,-1.4267809391021729,0.057456329464912415,0.6642068028450012,-0.8695651888847351,-0.1609213501214981,-0.17711405456066132,-0.75,-0.7303025126457214,-0.08003467081284982,-0.00044856741630677766,-0.013374853880932847
1788436456.1963217,-1.4267809391021729,0.057456329464912415,0.6642068028450012,-0.8695651888847351,-0.1609213501214981,-0.17711405456066132,-0.75,-0.7303025126457214,-0.08003467081284982,-0.00044856741630677766,-0.013374853880932847
1788436456.2062433,-1.4267809391021729,0.057456329464912415,0.6642068028450012,-0.8695651888847351,-0.17837463319301605,-0.18158817291259766,-0.75,-0.7287580966949463,-0.08003467081284982,-0.00044856741630677766,-0.013374853880932847
1788436456.2161708,-1.4267809391021729,0.057456329464912415,0.6642068028450012,-0.8695651888847351,-0.18710128962993622,-0.18286648392677307,-0.75,-0.7291649580001831,-0.08003467081284982,-0.00044856741630677766,-0.013374853880932847
1788436456.226408,-1.4267809391021729,0.057456329464912415,0.6642068028450012,-0.8695651888847351,-0.18710128962993622,-0.18286648392677307,-0.75,-0.7291649580001831,-0.08003467081284982,-0.00044856741630677766,-0.013374853880932847
1788436456.238395,-1.4267809391021729,0.057456329464912415,0.6642068028450012,-0.8695651888847351,-0.1880645602941513,-0.18414480984210968,-0.75,-0.7294254899024963,-0.08003467081284982,-0.00044856741630677766,-0.013374853880932847
1788436456.2463174,-1.4267809391021729,0.057456329464912415,0.6642068028450012,-0.8695651888847351,-0.187754288315773,-0.18212080001831055,-0.75,-0.7288077473640442,-0.08003467081284982,-0.00044856741630677766,-0.013374853880932847
1788436456.2564056,-1.4267809391021729,0.057456329464912415,0.6642068028450012,-0.8695651888847351,-0.187754288315773,-0.18212080001831055,-0.75,-0.7288077473640442,-0.08003467081284982,-0.00044856741630677766,-0.013374853880932847
1788436456.2661798,-1.4267809391021729,0.057456329464912415,0.6642068028450012,-0.8695651888847351,-0.1870889663696289,-0.18616880476474762,-0.75,-0.7280131578445435,-0.08003467081284982,-0.00044856741630677766,-0.013374853880932847
1788436456.2763662,-1.4267809391021729,0.057456329464912415,0.6642068028450012,-0.8695651888847351,-0.1870889663696289,-0.18616880476474762,-0.75,-0.7280131578445435,-0.08003467081284982,-0.00044856741630677766,-0.013374853880932847
1788436456.2862065,-1.4312852621078491,0.0986354872584343,0.738935649394989,-0.8695651888847351,-0.1859273761510849,-0.18981733918190002,-0.75,-0.7286235094070435,-0.07169420396916518,0.006860595163672989,-0.010818763371369666
1788436456.2962785,-1.4312852621078491,0.0986354872584343,0.738935649394989,-0.8695651888847351,-0.1859273761510849,-0.18981733918190002,-0.75,-0.7286235094070435,-0.07169420396916518,0.006860595163672989,-0.010818763371369666
1788436456.3063776,-1.4312852621078491,0.0986354872584343,0.738935649394989,-0.8695651888847351,-0.19465403258800507,-0.19378544390201569,-0.75,-0.7286362051963806,-0.07169420396916518,0.006860595163672989,-0.010818763371369666
1788436456.3161998,-1.4312852621078491,0.0986354872584343,0.738935649394989,-0.8695651888847351,-0.212107315659523,-0.19716766476631165,-0.75,-0.7277920246124268,-0.07169420396916518,0.006860595163672989,-0.010818763371369666
1788436456.3274372,-1.4312852621078491,0.0986354872584343,0.738935649394989,-0.8695651888847351,-0.212107315659523,-0.19716766476631165,-0.75,-0.7277920246124268,-0.07169420396916518,0.006860595163672989,-0.010818763371369666
1788436456.336342,-1.4312852621078491,0.0986354872584343,0.738935649394989,-0.8695651888847351,-0.22083397209644318,-0.19602251052856445,-0.75,-0.727817177772522,-0.07169420396916518,0.006860595163672989,-0.010818763371369666
1788436456.3461795,-1.4312852621078491,0.0986354872584343,0.738935649394989,-0.8695651888847351,-0.23228558897972107,-0.20145535469055176,-0.75,-0.7274803519248962,-0.07169420396916518,0.006860595163672989,-0.010818763371369666
1788436456.3563583,-1.4312852621078491,0.0986354872584343,0.738935649394989,-0.8695651888847351,-0.23228558897972107,-0.20145535469055176,-0.75,-0.7274803519248962,-0.07169420396916518,0.006860595163672989,-0.010818763371369666
1788436456.3674986,-1.3944660425186157,0.10816343128681183,0.7616143226623535,-0.8695651888847351,-0.23098169267177582,-0.2059827297925949,-0.75,-0.7269084453582764,-0.07452606960334228,-0.003242928931122463,-0.020095142859261728
1788436456.3787093,-1.3944660425186157,0.10816343128681183,0.7616143226623535,-0.8695651888847351,-0.2292240858078003,-0.2101638913154602,-0.75,-0.7268893122673035,-0.07452606960334228,-0.003242928931122463,-0.020095142859261728
1788436456.3864067,-1.3944660425186157,0.10816343128681183,0.7616143226623535,-0.8695651888847351,-0.23795074224472046,-0.2136792689561844,-0.75,-0.7270578145980835,-0.07452606960334228,-0.003242928931122463,-0.020095142859261728
1788436456.396344,-1.3944660425186157,0.10816343128681183,0.7616143226623535,-0.8695651888847351,-0.24667738378047943,-0.2185528427362442,-0.75,-0.7270342707633972,-0.07452606960334228,-0.003242928931122463,-0.020095142859261728
1788436456.4062023,-1.3944660425186157,0.10816343128681183,0.7616143226623535,-0.8695651888847351,-0.24935553967952728,-0.22736790776252747,-0.75,-0.7260268330574036,-0.07452606960334228,-0.003242928931122463,-0.020095142859261728
1788436456.417396,-1.3944660425186157,0.10816343128681183,0.7616143226623535,-0.8695651888847351,-0.24935553967952728,-0.22736790776252747,-0.75,-0.7260268330574036,-0.07452606960334228,-0.003242928931122463,-0.020095142859261728
1788436456.4283664,-1.3944660425186157,0.10816343128681183,0.7616143226623535,-0.8695651888847351,-0.24636398255825043,-0.23676887154579163,-0.75,-0.7257920503616333,-0.07452606960334228,-0.003242928931122463,-0.020095142859261728
1788436456.4361804,-1.3944660425186157,0.10816343128681183,0.7616143226623535,-0.8695651888847351,-0.24441835284233093,-0.24118971824645996,-0.75,-0.7256271839141846,-0.07452606960334228,-0.003242928931122463,-0.020095142859261728
1788436456.4461951,-1.3944660425186157,0.10816343128681183,0.7616143226623535,-0.8695651888847351,-0.2426537126302719,-0.24542413651943207,-0.75,-0.724895179271698,-0.07452606960334228,-0.003242928931122463,-0.020095142859261728
1788436456.4563007,-1.3953368663787842,0.13722242414951324,0.8181214928627014,-0.8695651888847351,-0.24097129702568054,-0.2486998289823532,-0.75,-0.7252137064933777,-0.07209215335124305,0.0011064367613444481,-0.02904046679130845
1788436456.466154,-1.3953368663787842,0.13722242414951324,0.8181214928627014,-0.8695651888847351,-0.2496979534626007,-0.25208204984664917,-0.75,-0.7250545620918274,-0.07209215335124305,0.0011064367613444481,-0.02904046679130845
1788436456.4763,-1.3953368663787842,0.13722242414951324,0.8181214928627014,-0.8695651888847351,-0.2584246098995209,-0.25490498542785645,-0.75,-0.7249712347984314,-0.07209215335124305,0.0011064367613444481,-0.02904046679130845
1788436456.487436,-1.3953368663787842,0.13722242414951324,0.8181214928627014,-0.8695651888847351,-0.2584246098995209,-0.25490498542785645,-0.75,-0.7249712347984314,-0.07209215335124305,0.0011064367613444481,-0.02904046679130845
1788436456.4965189,-1.3953368663787842,0.13722242414951324,0.8181214928627014,-0.8695651888847351,-0.26715123653411865,-0.25732848048210144,-0.75,-0.7249552607536316,-0.07209215335124305,0.0011064367613444481,-0.02904046679130845
1788436456.5061755,-1.3953368663787842,0.13722242414951324,0.8181214928627014,-0.8695651888847351,-0.2683856189250946,-0.2594057321548462,-0.75,-0.7247341275215149,-0.07209215335124305,0.0011064367613444481,-0.02904046679130845
1788436456.5162652,-1.3953368663787842,0.13722242414951324,0.8181214928627014,-0.8695651888847351,-0.2683856189250946,-0.2594057321548462,-0.75,-0.7247341275215149,-0.07209215335124305,0.0011064367613444481,-0.02904046679130845
1788436456.526179,-1.3953368663787842,0.13722242414951324,0.8181214928627014,-0.8695651888847351,-0.2677702009677887,-0.261968195438385,-0.75,-0.7247713208198547,-0.07209215335124305,0.0011064367613444481,-0.02904046679130845
1788436456.5361836,-1.3953368663787842,0.13722242414951324,0.8181214928627014,-0.8695651888847351,-0.26695746183395386,-0.26713061332702637,-0.75,-0.7244831323623657,-0.07209215335124305,0.0011064367613444481,-0.02904046679130845
1788436456.5484333,-1.3953368663787842,0.13722242414951324,0.8181214928627014,-0.8695651888847351,-0.26695746183395386,-0.26713061332702637,-0.75,-0.7244831323623657,-0.07209215335124305,0.0011064367613444481,-0.02904046679130845
1788436456.5561821,-1.3953368663787842,0.13722242414951324,0.8181214928627014,-0.8695651888847351,-0.26340290904045105,-0.2774145305156708,-0.75,-0.7245094776153564,-0.07209215335124305,0.0011064367613444481,-0.02904046679130845
1788436456.566182,-1.3675482273101807,0.12639833986759186,0.8286970853805542,-0.8695651888847351,-0.26103702187538147,-0.2798318564891815,-0.75,-0.724288821220398,-0.06516792705357032,0.003657292952386537,-0.03219821672746548
1788436456.57621,-1.3675482273101807,0.12639833986759186,0.8286970853805542,-0.8695651888847351,-0.26103702187538147,-0.2798318564891815,-0.75,-0.724288821220398,-0.06516792705357032,0.003657292952386537,-0.03219821672746548
1788436456.5863843,-1.3675482273101807,0.12639833986759186,0.8286970853805542,-0.8695651888847351,-0.2666306495666504,-0.2849533259868622,-0.75,-0.7245031595230103,-0.06516792705357032,0.003657292952386537,-0.03219821672746548
1788436456.5961995,-1.3675482273101807,0.12639833986759186,0.8286970853805542,-0.8695651888847351,-0.264496386051178,-0.28810814023017883,-0.75,-0.723888099193573,-0.06516792705357032,0.003657292952386537,-0.03219821672746548
1788436456.606184,-1.3675482273101807,0.12639833986759186,0.8286970853805542,-0.8695651888847351,-0.2641335129737854,-0.2856908142566681,-0.75,-0.7246602773666382,-0.06516792705357032,0.003657292952386537,-0.03219821672746548
1788436456.6163974,-1.3675482273101807,0.12639833986759186,0.8286970853805542,-0.8695651888847351,-0.2641335129737854,-0.2856908142566681,-0.75,-0.7246602773666382,-0.06516792705357032,0.003657292952386537,-0.03219821672746548
1788436456.6261923,-1.3675482273101807,0.12639833986759186,0.8286970853805542,-0.8695651888847351,-0.26594850420951843,-0.28229016065597534,-0.75,-0.7249553799629211,-0.06516792705357032,0.003657292952386537,-0.03219821672746548
1788436456.6365237,-1.3675482273101807,0.12639833986759186,0.8286970853805542,-0.8695651888847351,-0.2663155794143677,-0.2831915318965912,-0.75,-0.7240074872970581,-0.06516792705357032,0.003657292952386537,-0.03219821672746548
1788436456.6485312,-1.3675482273101807,0.12639833986759186,0.8286970853805542,-0.8695651888847351,-0.2663155794143677,-0.2831915318965912,-0.75,-0.7240074872970581,-0.06516792705357032,0.003657292952386537,-0.03219821672746548
1788436456.656697,-1.3675482273101807,0.12639833986759186,0.8286970853805542,-0.8695651888847351,-0.2660427689552307,-0.28204432129859924,-0.75,-0.7251248359680176,-0.06516792705357032,0.003657292952386537,-0.03219821672746548
1788436456.6662242,-1.3603020906448364,0.15757763385772705,0.8824434876441956,-0.8695651888847351,-0.2661813199520111,-0.28249502182006836,-0.75,-0.7255588173866272,-0.07631805205021823,0.0007985921670156104,-0.03180120412633025
1788436456.6775913,-1.3603020906448364,0.15757763385772705,0.8824434876441956,-0.8695651888847351,-0.2661813199520111,-0.28249502182006836,-0.75,-0.7255588173866272,-0.07631805205021823,0.0007985921670156104,-0.03180120412633025
1788436456.686223,-1.3603020906448364,0.15757763385772705,0.8824434876441956,-0.8695651888847351,-0.28363460302352905,-0.2809380888938904,-0.75,-0.7256182432174683,-0.07631805205021823,0.0007985921670156104,-0.03180120412633025
1788436456.696189,-1.3603020906448364,0.15757763385772705,0.8824434876441956,-0.8695651888847351,-0.2923612594604492,-0.27970895171165466,-0.75,-0.7254912257194519,-0.07631805205021823,0.0007985921670156104,-0.03180120412633025
1788436456.7066128,-1.3603020906448364,0.15757763385772705,0.8824434876441956,-0.8695651888847351,-0.2923612594604492,-0.27970895171165466,-0.75,-0.7254912257194519,-0.07631805205021823,0.0007985921670156104,-0.03180120412633025
1788436456.7171135,-1.3603020906448364,0.15757763385772705,0.8824434876441956,-0.8695651888847351,-0.30069276690483093,-0.2874526083469391,-0.75,-0.7263408899307251,-0.07631805205021823,0.0007985921670156104,-0.03180120412633025
1788436456.7272365,-1.3603020906448364,0.15757763385772705,0.8824434876441956,-0.8695651888847351,-0.2991461157798767,-0.29863786697387695,-0.75,-0.727766215801239,-0.07631805205021823,0.0007985921670156104,-0.03180120412633025
1788436456.7362647,-1.3603020906448364,0.15757763385772705,0.8824434876441956,-0.8695651888847351,-0.2991461157798767,-0.29863786697387695,-0.75,-0.727766215801239,-0.07631805205021823,0.0007985921670156104,-0.03180120412633025
1788436456.7483883,-1.3603020906448364,0.15757763385772705,0.8824434876441956,-0.8695651888847351,-0.2951367497444153,-0.2955240309238434,-0.75,-0.7267184257507324,-0.07631805205021823,0.0007985921670156104,-0.03180120412633025
1788436456.756182,-1.3603020906448364,0.15757763385772705,0.8824434876441956,-0.8695651888847351,-0.29749825596809387,-0.2826589047908783,-0.75,-0.7270721793174744,-0.07631805205021823,0.0007985921670156104,-0.03180120412633025
1788436456.7662091,-1.3603020906448364,0.15757763385772705,0.8824434876441956,-0.8695651888847351,-0.30043455958366394,-0.2866741418838501,-0.75,-0.7284249663352966,-0.07631805205021823,0.0007985921670156104,-0.03180120412633025
1788436456.7812006,-1.3272868394851685,0.1468588411808014,0.8937780261039734,-0.8695651888847351,-0.30043455958366394,-0.2866741418838501,-0.75,-0.7284249663352966,-0.0686437635679554,0.007726860590831233,-0.03143931778244946
1788436456.786279,-1.3272868394851685,0.1468588411808014,0.8937780261039734,-0.8695651888847351,-0.2993841767311096,-0.29986703395843506,-0.75,-0.7277288436889648,-0.0686437635679554,0.007726860590831233,-0.03143931778244946
1788436456.7961695,-1.3272868394851685,0.1468588411808014,0.8937780261039734,-0.8695651888847351,-0.30332842469215393,-0.30347251892089844,-0.75,-0.7284159064292908,-0.0686437635679554,0.007726860590831233,-0.03143931778244946
1788436456.8083117,-1.3272868394851685,0.1468588411808014,0.8937780261039734,-0.8695651888847351,-0.30332842469215393,-0.30347251892089844,-0.75,-0.7284159064292908,-0.0686437635679554,0.007726860590831233,-0.03143931778244946
1788436456.8161752,-1.3272868394851685,0.1468588411808014,0.8937780261039734,-0.8695651888847351,-0.3067706823348999,-0.2947455644607544,-0.75,-0.729175329208374,-0.0686437635679554,0.007726860590831233,-0.03143931778244946
1788436456.8261771,-1.3272868394851685,0.1468588411808014,0.8937780261039734,-0.8695651888847351,-0.30702269077301025,-0.29687607288360596,-0.75,-0.7298595905303955,-0.0686437635679554,0.007726860590831233,-0.03143931778244946
1788436456.8361828,-1.3272868394851685,0.1468588411808014,0.8937780261039734,-0.8695651888847351,-0.306336909532547,-0.29835107922554016,-0.75,-0.7298592925071716,-0.0686437635679554,0.007726860590831233,-0.03143931778244946
1788436456.8464046,-1.3272868394851685,0.1468588411808014,0.8937780261039734,-0.8695651888847351,-0.3057674169540405,-0.30035868287086487,-0.75,-0.7307565808296204,-0.0686437635679554,0.007726860590831233,-0.03143931778244946
1788436456.856193,-1.2920620441436768,0.136177197098732,0.8995880484580994,-0.8695651888847351,-0.3050314486026764,-0.3017517328262329,-0.75,-0.7306289076805115,-0.07154101252275531,0.0016844424904872562,-0.03696378453019822
1788436456.8688614,-1.2920620441436768,0.136177197098732,0.8995880484580994,-0.8695651888847351,-0.3050314486026764,-0.3017517328262329,-0.75,-0.7306289076805115,-0.07154101252275531,0.0016844424904872562,-0.03696378453019822
1788436456.8794863,-1.2920620441436768,0.136177197098732,0.8995880484580994,-0.8695651888847351,-0.31485864520072937,-0.3176897168159485,-0.75,-0.7317172288894653,-0.07154101252275531,0.0016844424904872562,-0.03696378453019822
1788436456.8862221,-1.2920620441436768,0.136177197098732,0.8995880484580994,-0.8695651888847351,-0.31009772419929504,-0.321950763463974,-0.75,-0.7318019270896912,-0.07154101252275531,0.0016844424904872562,-0.03696378453019822
1788436456.8962753,-1.2920620441436768,0.136177197098732,0.8995880484580994,-0.8695651888847351,-0.31009772419929504,-0.321950763463974,-0.75,-0.7318019270896912,-0.07154101252275531,0.0016844424904872562,-0.03696378453019822
1788436456.9062479,-1.2920620441436768,0.136177197098732,0.8995880484580994,-0.8695651888847351,-0.3062904179096222,-0.3234667181968689,-0.75,-0.7325252294540405,-0.07154101252275531,0.0016844424904872562,-0.03696378453019822
1788436456.9161735,-1.2920620441436768,0.136177197098732,0.8995880484580994,-0.8695651888847351,-0.30725157260894775,-0.3247778117656708,-0.75,-0.733791708946228,-0.07154101252275531,0.0016844424904872562,-0.03696378453019822
1788436456.9263659,-1.2920620441436768,0.136177197098732,0.8995880484580994,-0.8695651888847351,-0.30692288279533386,-0.32387644052505493,-0.75,-0.7329568862915039,-0.07154101252275531,0.0016844424904872562,-0.03696378453019822
1788436456.9363427,-1.2920620441436768,0.136177197098732,0.8995880484580994,-0.8695651888847351,-0.30692288279533386,-0.32387644052505493,-0.75,-0.7329568862915039,-0.07154101252275531,0.0016844424904872562,-0.03696378453019822
1788436456.9461954,-1.2920620441436768,0.136177197098732,0.8995880484580994,-0.8695651888847351,-0.30862221121788025,-0.3181404173374176,-0.75,-0.7338443398475647,-0.07154101252275531,0.0016844424904872562,-0.03696378453019822
1788436456.9561923,-1.2920620441436768,0.136177197098732,0.8995880484580994,-0.8695651888847351,-0.30926617980003357,-0.3186320662498474,-0.75,-0.7345464825630188,-0.07154101252275531,0.0016844424904872562,-0.03696378453019822
1788436456.9661758,-1.290277123451233,0.1661587804555893,0.9469391703605652,-0.8695651888847351,-0.3091745376586914,-0.3188779056072235,-0.75,-0.7347139120101929,-0.06655664737123101,0.0006311165919033468,-0.03819652327026812
1788436456.9819732,-1.290277123451233,0.1661587804555893,0.9469391703605652,-0.8695651888847351,-0.3091745376586914,-0.3188779056072235,-0.75,-0.7347139120101929,-0.06655664737123101,0.0006311165919033468,-0.03819652327026812
1788436456.9861672,-1.290277123451233,0.1661587804555893,0.9469391703605652,-0.8695651888847351,-0.32662785053253174,-0.32150009274482727,-0.75,-0.7348280549049377,-0.06655664737123101,0.0006311165919033468,-0.03819652327026812
1788436456.997544,-1.290277123451233,0.1661587804555893,0.9469391703605652,-0.8695651888847351,-0.32662785053253174,-0.32150009274482727,-0.75,-0.7348280549049377,-0.06655664737123101,0.0006311165919033468,-0.03819652327026812
1788436457.0063565,-1.290277123451233,0.1661587804555893,0.9469391703605652,-0.8695651888847351,-0.3353544771671295,-0.31859108805656433,-0.75,-0.7359973788261414,-0.06655664737123101,0.0006311165919033468,-0.03819652327026812
1788436457.0161703,-1.290277123451233,0.1661587804555893,0.9469391703605652,-0.8695651888847351,-0.33698028326034546,-0.3181813657283783,-0.75,-0.7366231083869934,-0.06655664737123101,0.0006311165919033468,-0.03819652327026812
1788436457.028444,-1.290277123451233,0.1661587804555893,0.9469391703605652,-0.8695651888847351,-0.33698028326034546,-0.3181813657283783,-0.75,-0.7366231083869934,-0.06655664737123101,0.0006311165919033468,-0.03819652327026812
1788436457.0361805,-1.290277123451233,0.1661587804555893,0.9469391703605652,-0.8695651888847351,-0.3385777175426483,-0.3176897168159485,-0.75,-0.7365575432777405,-0.06655664737123101,0.0006311165919033468,-0.03819652327026812
1788436457.046271,-1.290277123451233,0.1661587804555893,0.9469391703605652,-0.8695651888847351,-0.3383100926876068,-0.3214181363582611,-0.75,-0.7365264892578125,-0.06655664737123101,0.0006311165919033468,-0.03819652327026812
1788436457.056268,-1.2502609491348267,0.15485785901546478,0.9512320160865784,-0.8695651888847351,-0.3383100926876068,-0.3214181363582611,-0.75,-0.7365264892578125,-0.07486981007857313,0.0037680989361252165,-0.03848092468067987
1788436457.066171,-1.2502609491348267,0.15485785901546478,0.9512320160865784,-0.8695651888847351,-0.34579116106033325,-0.33215272426605225,-0.75,-0.7366589903831482,-0.07486981007857313,0.0037680989361252165,-0.03848092468067987
1788436457.0761707,-1.2502609491348267,0.15485785901546478,0.9512320160865784,-0.8695651888847351,-0.346819669008255,-0.3318249583244324,-0.75,-0.7363660931587219,-0.07486981007857313,0.0037680989361252165,-0.03848092468067987
1788436457.0894039,-1.2502609491348267,0.15485785901546478,0.9512320160865784,-0.8695651888847351,-0.34703654050827026,-0.34276440739631653,-0.75,-0.7368832230567932,-0.07486981007857313,0.0037680989361252165,-0.03848092468067987
1788436457.096177,-1.2502609491348267,0.15485785901546478,0.9512320160865784,-0.8695651888847351,-0.3435697853565216,-0.3460831046104431,-0.75,-0.7363315224647522,-0.07486981007857313,0.0037680989361252165,-0.03848092468067987
1788436457.1065016,-1.2502609491348267,0.15485785901546478,0.9512320160865784,-0.8695651888847351,-0.3435697853565216,-0.3460831046104431,-0.75,-0.7363315224647522,-0.07486981007857313,0.0037680989361252165,-0.03848092468067987
1788436457.1161916,-1.2502609491348267,0.15485785901546478,0.9512320160865784,-0.8695651888847351,-0.338961124420166,-0.3514504134654999,-0.75,-0.7362654209136963,-0.07486981007857313,0.0037680989361252165,-0.03848092468067987
1788436457.1261716,-1.2502609491348267,0.15485785901546478,0.9512320160865784,-0.8695651888847351,-0.33989614248275757,-0.3544823229312897,-0.75,-0.7354033589363098,-0.07486981007857313,0.0037680989361252165,-0.03848092468067987
1788436457.1364696,-1.2502609491348267,0.15485785901546478,0.9512320160865784,-0.8695651888847351,-0.33989614248275757,-0.3544823229312897,-0.75,-0.7354033589363098,-0.07486981007857313,0.0037680989361252165,-0.03848092468067987
1788436457.1461906,-1.2502609491348267,0.15485785901546478,0.9512320160865784,-0.8695651888847351,-0.33850201964378357,-0.35661283135414124,-0.75,-0.7351595759391785,-0.07486981007857313,0.0037680989361252165,-0.03848092468067987
1788436457.1574552,-1.2502609491348267,0.15485785901546478,0.9512320160865784,-0.8695651888847351,-0.33850201964378357,-0.35661283135414124,-0.75,-0.7351595759391785,-0.07486981007857313,0.0037680989361252165,-0.03848092468067987
1788436457.1661777,-1.2502609491348267,0.15485785901546478,0.9512320160865784,-0.8695651888847351,-0.3379465639591217,-0.35804685950279236,-0.75,-0.7346380352973938,-0.07486981007857313,0.0037680989361252165,-0.03848092468067987
1788436457.178947,-1.2502609491348267,0.15485785901546478,0.9512320160865784,-0.8695651888847351,-0.3379465639591217,-0.35804685950279236,-0.75,-0.7346380352973938,-0.07486981007857313,0.0037680989361252165,-0.03848092468067987
1788436457.189624,-1.2345067262649536,0.19748003780841827,1.0052716732025146,-0.8695651888847351,-0.3376559615135193,-0.35726839303970337,-0.75,-0.7336874008178711,-0.07628335761007987,0.0009421147502696181,-0.03150800707617307
1788436457.1961782,-1.2345067262649536,0.19748003780841827,1.0052716732025146,-0.8695651888847351,-0.34660252928733826,-0.3559163212776184,-0.75,-0.7332987189292908,-0.07628335761007987,0.0009421147502696181,-0.03150800707617307
1788436457.2061853,-1.2345067262649536,0.19748003780841827,1.0052716732025146,-0.8695651888847351,-0.3553291857242584,-0.35755518078804016,-0.75,-0.7340139150619507,-0.07628335761007987,0.0009421147502696181,-0.03150800707617307
1788436457.2174807,-1.2345067262649536,0.19748003780841827,1.0052716732025146,-0.8695651888847351,-0.3553291857242584,-0.35755518078804016,-0.75,-0.7340139150619507,-0.07628335761007987,0.0009421147502696181,-0.03150800707617307
1788436457.2261748,-1.2345067262649536,0.19748003780841827,1.0052716732025146,-0.8695651888847351,-0.37278246879577637,-0.3589072525501251,-0.75,-0.7333362698554993,-0.07628335761007987,0.0009421147502696181,-0.03150800707617307
1788436457.2361732,-1.2345067262649536,0.19748003780841827,1.0052716732025146,-0.8695651888847351,-0.37990713119506836,-0.359235018491745,-0.75,-0.7329906225204468,-0.07628335761007987,0.0009421147502696181,-0.03150800707617307
1788436457.2461646,-1.2345067262649536,0.19748003780841827,1.0052716732025146,-0.8695651888847351,-0.38058385252952576,-0.36083292961120605,-0.75,-0.732900083065033,-0.07628335761007987,0.0009421147502696181,-0.03150800707617307
1788436457.2565079,-1.2345067262649536,0.19748003780841827,1.0052716732025146,-0.8695651888847351,-0.38058385252952576,-0.36083292961120605,-0.75,-0.732900083065033,-0.07628335761007987,0.0009421147502696181,-0.03150800707617307
1788436457.2661219,-1.2345067262649536,0.19748003780841827,1.0052716732025146,-0.8695651888847351,-0.38138625025749207,-0.35661283135414124,-0.75,-0.7327018976211548,-0.07628335761007987,0.0009421147502696181,-0.03150800707617307
1788436457.2761836,-1.2109432220458984,0.21255335211753845,1.033076286315918,-0.8695651888847351,-0.3815729022026062,-0.3552607595920563,-0.75,-0.7325938940048218,-0.072941844027812,0.0037643702818455776,-0.04049083603559289
1788436457.286916,-1.2109432220458984,0.21255335211753845,1.033076286315918,-0.8695651888847351,-0.3815729022026062,-0.3552607595920563,-0.75,-0.7325938940048218,-0.072941844027812,0.0037643702818455776,-0.04049083603559289
1788436457.2964144,-1.2109432220458984,0.21255335211753845,1.033076286315918,-0.8695651888847351,-0.39029955863952637,-0.35780102014541626,-0.75,-0.7327609062194824,-0.072941844027812,0.0037643702818455776,-0.04049083603559289
1788436457.3061757,-1.2109432220458984,0.21255335211753845,1.033076286315918,-0.8695651888847351,-0.40419435501098633,-0.3750500977039337,-0.75,-0.7323673963546753,-0.072941844027812,0.0037643702818455776,-0.04049083603559289
1788436457.3161962,-1.2109432220458984,0.21255335211753845,1.033076286315918,-0.8695651888847351,-0.40092724561691284,-0.39160266518592834,-0.75,-0.732449471950531,-0.072941844027812,0.0037643702818455776,-0.04049083603559289
1788436457.3261797,-1.2109432220458984,0.21255335211753845,1.033076286315918,-0.8695651888847351,-0.3953867554664612,-0.4014768600463867,-0.75,-0.732005774974823,-0.072941844027812,0.0037643702818455776,-0.04049083603559289
1788436457.336247,-1.2109432220458984,0.21255335211753845,1.033076286315918,-0.8695651888847351,-0.39165759086608887,-0.4068031907081604,-0.75,-0.7325553297996521,-0.072941844027812,0.0037643702818455776,-0.04049083603559289
1788436457.3484716,-1.2109432220458984,0.21255335211753845,1.033076286315918,-0.8695651888847351,-0.39165759086608887,-0.4068031907081604,-0.75,-0.7325553297996521,-0.072941844027812,0.0037643702818455776,-0.04049083603559289
1788436457.3561764,-1.2109432220458984,0.21255335211753845,1.033076286315918,-0.8695651888847351,-0.3923952281475067,-0.39815816283226013,-0.75,-0.7327795624732971,-0.072941844027812,0.0037643702818455776,-0.04049083603559289
1788436457.3661869,-1.192350149154663,0.23255054652690887,1.0559931993484497,-0.8695651888847351,-0.39238205552101135,-0.3961915075778961,-0.75,-0.732111394405365,-0.06825447269684162,-0.005084502803786254,-0.04537865427745391
1788436457.3779693,-1.192350149154663,0.23255054652690887,1.0559931993484497,-0.8695651888847351,-0.39238205552101135,-0.3961915075778961,-0.75,-0.732111394405365,-0.06825447269684162,-0.005084502803786254,-0.04537865427745391
1788436457.3864484,-1.192350149154663,0.23255054652690887,1.0559931993484497,-0.8695651888847351,-0.4098353385925293,-0.40237823128700256,-0.75,-0.7322819232940674,-0.06825447269684162,-0.005084502803786254,-0.04537865427745391
1788436457.3961923,-1.192350149154663,0.23255054652690887,1.0559931993484497,-0.8695651888847351,-0.41508808732032776,-0.4015178382396698,-0.75,-0.7325527667999268,-0.06825447269684162,-0.005084502803786254,-0.04537865427745391
1788436457.4065356,-1.192350149154663,0.23255054652690887,1.0559931993484497,-0.8695651888847351,-0.41593092679977417,-0.39967411756515503,-0.75,-0.7327842116355896,-0.06825447269684162,-0.005084502803786254,-0.04537865427745391
1788436457.416185,-1.192350149154663,0.23255054652690887,1.0559931993484497,-0.8695651888847351,-0.41659605503082275,-0.4015997648239136,-0.75,-0.7328497767448425,-0.06825447269684162,-0.005084502803786254,-0.04537865427745391
1788436457.4261892,-1.192350149154663,0.23255054652690887,1.0559931993484497,-0.8695651888847351,-0.4160705506801605,-0.40041160583496094,-0.75,-0.7332558035850525,-0.06825447269684162,-0.005084502803786254,-0.04537865427745391
1788436457.436182,-1.192350149154663,0.23255054652690887,1.0559931993484497,-0.8695651888847351,-0.4163823127746582,-0.40168172121047974,-0.75,-0.733704149723053,-0.06825447269684162,-0.005084502803786254,-0.04537865427745391
1788436457.4485407,-1.192350149154663,0.23255054652690887,1.0559931993484497,-0.8695651888847351,-0.4163823127746582,-0.40168172121047974,-0.75,-0.733704149723053,-0.06825447269684162,-0.005084502803786254,-0.04537865427745391
1788436457.458425,-1.192350149154663,0.23255054652690887,1.0559931993484497,-0.8695651888847351,-0.4160216748714447,-0.4025011658668518,-0.75,-0.733980119228363,-0.06825447269684162,-0.005084502803786254,-0.04537865427745391
1788436457.4661915,-1.192350149154663,0.23255054652690887,1.0559931993484497,-0.8695651888847351,-0.41542723774909973,-0.4050004184246063,-0.75,-0.7344943284988403,-0.06825447269684162,-0.005084502803786254,-0.04537865427745391
1788436457.4775624,-1.192350149154663,0.23255054652690887,1.0559931993484497,-0.8695651888847351,-0.41542723774909973,-0.4050004184246063,-0.75,-0.7344943284988403,-0.06825447269684162,-0.005084502803786254,-0.04537865427745391
1788436457.4863546,-1.192350149154663,0.23255054652690887,1.0559931993484497,-0.8695651888847351,-0.41488373279571533,-0.40643444657325745,-0.75,-0.7349604368209839,-0.06825447269684162,-0.005084502803786254,-0.04537865427745391
1788436457.4961948,-1.174509882926941,0.2520851492881775,1.0820308923721313,-0.8695651888847351,-0.41282230615615845,-0.41397324204444885,-0.75,-0.735956609249115,-0.06583730868315932,0.0006851384777022615,-0.042257720449018876
1788436457.509378,-1.174509882926941,0.2520851492881775,1.0820308923721313,-0.8695651888847351,-0.4215489625930786,-0.4170870780944824,-0.75,-0.7363418340682983,-0.06583730868315932,0.0006851384777022615,-0.042257720449018876
1788436457.516183,-1.174509882926941,0.2520851492881775,1.0820308923721313,-0.8695651888847351,-0.4302756190299988,-0.4188898503780365,-0.75,-0.7369292378425598,-0.06583730868315932,0.0006851384777022615,-0.042257720449018876
1788436457.5261734,-1.174509882926941,0.2520851492881775,1.0820308923721313,-0.8695651888847351,-0.4332970678806305,-0.4219217300415039,-0.75,-0.7373005747795105,-0.06583730868315932,0.0006851384777022615,-0.042257720449018876
1788436457.5373979,-1.174509882926941,0.2520851492881775,1.0820308923721313,-0.8695651888847351,-0.4332970678806305,-0.4219217300415039,-0.75,-0.7373005747795105,-0.06583730868315932,0.0006851384777022615,-0.042257720449018876
1788436457.5480561,-1.174509882926941,0.2520851492881775,1.0820308923721313,-0.8695651888847351,-0.4320901930332184,-0.42224952578544617,-0.75,-0.7381538152694702,-0.06583730868315932,0.0006851384777022615,-0.042257720449018876
1788436457.5561724,-1.174509882926941,0.2520851492881775,1.0820308923721313,-0.8695651888847351,-0.4324563443660736,-0.4324514865875244,-0.75,-0.7390287518501282,-0.06583730868315932,0.0006851384777022615,-0.042257720449018876
1788436457.5661812,-1.1950608491897583,0.33220174908638,1.091160535812378,-0.0,-0.4293224811553955,-0.43339383602142334,-0.75,-0.739313542842865,-0.06568061714754013,-0.0001098363601879631,-0.05217883656505551
1788436457.5764182,-1.1950608491897583,0.33220174908638,1.091160535812378,-0.0,-0.4293224811553955,-0.43339383602142334,-0.75,-0.739313542842865,-0.06568061714754013,-0.0001098363601879631,-0.05217883656505551
1788436457.5871801,-1.1950608491897583,0.33220174908638,1.091160535812378,-0.0,-0.4380491077899933,-0.43466395139694214,-0.75,-0.7395309209823608,-0.06568061714754013,-0.0001098363601879631,-0.05217883656505551
1788436457.5963194,-1.1950608491897583,0.33220174908638,1.091160535812378,-0.0,-0.4555024206638336,-0.4325334131717682,-0.75,-0.7402997612953186,-0.06568061714754013,-0.0001098363601879631,-0.05217883656505551
1788436457.6074886,-1.1950608491897583,0.33220174908638,1.091160535812378,-0.0,-0.4555024206638336,-0.4325334131717682,-0.75,-0.7402997612953186,-0.06568061714754013,-0.0001098363601879631,-0.05217883656505551
1788436457.6185694,-1.1950608491897583,0.33220174908638,1.091160535812378,-0.0,-0.45775142312049866,-0.4383513927459717,-0.75,-0.7413028478622437,-0.06568061714754013,-0.0001098363601879631,-0.05217883656505551
1788436457.6262052,-1.1950608491897583,0.33220174908638,1.091160535812378,-0.0,-0.45548003911972046,-0.4392527639865875,-0.75,-0.7424356937408447,-0.06568061714754013,-0.0001098363601879631,-0.05217883656505551
1788436457.6362693,-1.1950608491897583,0.33220174908638,1.091160535812378,-0.0,-0.45548003911972046,-0.4392527639865875,-0.75,-0.7424356937408447,-0.06568061714754013,-0.0001098363601879631,-0.05217883656505551
1788436457.648496,-1.1950608491897583,0.33220174908638,1.091160535812378,-0.0,-0.45563703775405884,-0.4438006281852722,-0.75,-0.7418091297149658,-0.06568061714754013,-0.0001098363601879631,-0.05217883656505551
1788436457.6564476,-1.1950608491897583,0.33220174908638,1.091160535812378,-0.0,-0.4528805911540985,-0.4513394236564636,-0.75,-0.7425093650817871,-0.06568061714754013,-0.0001098363601879631,-0.05217883656505551
1788436457.6665123,-1.1950608491897583,0.33220174908638,1.091160535812378,-0.0,-0.4528805911540985,-0.4513394236564636,-0.75,-0.7425093650817871,-0.06568061714754013,-0.0001098363601879631,-0.05217883656505551
1788436457.6781409,-1.1950608491897583,0.33220174908638,1.091160535812378,-0.0,-0.4515223801136017,-0.45359286665916443,-0.75,-0.7432807683944702,-0.06568061714754013,-0.0001098363601879631,-0.05217883656505551
1788436457.6862166,-1.1721549034118652,0.34756919741630554,1.048086404800415,-0.0,-0.44861945509910583,-0.46436843276023865,-0.75,-0.7436981201171875,-0.0751954823595525,0.004144989931062153,-0.04307419603240703
1788436457.6974268,-1.1721549034118652,0.34756919741630554,1.048086404800415,-0.0,-0.44861945509910583,-0.46436843276023865,-0.75,-0.7436981201171875,-0.0751954823595525,0.004144989931062153,-0.04307419603240703
1788436457.7061763,-1.1721549034118652,0.34756919741630554,1.048086404800415,-0.0,-0.46549540758132935,-0.4671954810619354,-0.75,-0.7440345287322998,-0.0751954823595525,0.004144989931062153,-0.04307419603240703
1788436457.7161698,-1.1721549034118652,0.34756919741630554,1.048086404800415,-0.0,-0.4660487771034241,-0.4677281081676483,-0.75,-0.7447198629379272,-0.0751954823595525,0.004144989931062153,-0.04307419603240703
1788436457.7265391,-1.1721549034118652,0.34756919741630554,1.048086404800415,-0.0,-0.4660487771034241,-0.4677281081676483,-0.75,-0.7447198629379272,-0.0751954823595525,0.004144989931062153,-0.04307419603240703
1788436457.7362325,-1.1721549034118652,0.34756919741630554,1.048086404800415,-0.0,-0.4659397602081299,-0.4679739475250244,-0.75,-0.7443693280220032,-0.0751954823595525,0.004144989931062153,-0.04307419603240703
1788436457.7461927,-1.1721549034118652,0.34756919741630554,1.048086404800415,-0.0,-0.4662179946899414,-0.46785104274749756,-0.75,-0.744019091129303,-0.0751954823595525,0.004144989931062153,-0.04307419603240703
1788436457.7561936,-1.1721549034118652,0.34756919741630554,1.048086404800415,-0.0,-0.4659191370010376,-0.4685065746307373,-0.75,-0.7447586059570312,-0.0751954823595525,0.004144989931062153,-0.04307419603240703
1788436457.7684622,-1.1721549034118652,0.34756919741630554,1.048086404800415,-0.0,-0.4659191370010376,-0.4685065746307373,-0.75,-0.7447586059570312,-0.0751954823595525,0.004144989931062153,-0.04307419603240703
1788436457.778051,-1.1721549034118652,0.34756919741630554,1.048086404800415,-0.0,-0.46567752957344055,-0.4687524139881134,-0.75,-0.744381844997406,-0.0751954823595525,0.004144989931062153,-0.04307419603240703
1788436457.7863374,-1.1721549034118652,0.34756919741630554,1.048086404800415,-0.0,-0.4653390645980835,-0.4708009958267212,-0.75,-0.7442051768302917,-0.0751954823595525,0.004144989931062153,-0.04307419603240703
1788436457.7963808,-1.1721549034118652,0.34756919741630554,1.048086404800415,-0.0,-0.4653390645980835,-0.4708009958267212,-0.75,-0.7442051768302917,-0.0751954823595525,0.004144989931062153,-0.04307419603240703
1788436457.8061771,-1.1721549034118652,0.34756919741630554,1.048086404800415,-0.0,-0.46477943658828735,-0.46862947940826416,-0.75,-0.7436389327049255,-0.0751954823595525,0.004144989931062153,-0.04307419603240703
1788436457.8161845,-1.1721549034118652,0.34756919741630554,1.048086404800415,-0.0,-0.46551352739334106,-0.4675232470035553,-0.75,-0.7428538203239441,-0.0751954823595525,0.004144989931062153,-0.04307419603240703
1788436457.826313,-1.1721549034118652,0.34756919741630554,1.048086404800415,-0.0,-0.46551352739334106,-0.4675232470035553,-0.75,-0.7428538203239441,-0.0751954823595525,0.004144989931062153,-0.04307419603240703
1788436457.837348,-1.1721549034118652,0.34756919741630554,1.048086404800415,-0.0,-0.4660068452358246,-0.46760520339012146,-0.75,-0.7414878606796265,-0.0751954823595525,0.004144989931062153,-0.04307419603240703
1788436457.8462012,-1.1602609157562256,0.3626489043235779,1.0044894218444824,-0.0,-0.4659743309020996,-0.4689572751522064,-0.75,-0.7416400909423828,-0.0680035868493874,0.002736206846773323,-0.043596932340735695
1788436457.8563035,-1.1602609157562256,0.3626489043235779,1.0044894218444824,-0.0,-0.4659743309020996,-0.4689572751522064,-0.75,-0.7416400909423828,-0.0680035868493874,0.002736206846773323,-0.043596932340735695
1788436457.8684256,-1.1602609157562256,0.3626489043235779,1.0044894218444824,-0.0,-0.4747009873390198,-0.46707257628440857,-0.75,-0.7398893237113953,-0.0680035868493874,0.002736206846773323,-0.043596932340735695
1788436457.8762887,-1.1602609157562256,0.3626489043235779,1.0044894218444824,-0.0,-0.4790666401386261,-0.4662121534347534,-0.75,-0.7393121719360352,-0.0680035868493874,0.002736206846773323,-0.043596932340735695
1788436457.8863864,-1.1602609157562256,0.3626489043235779,1.0044894218444824,-0.0,-0.47945648431777954,-0.4670315980911255,-0.75,-0.7389315962791443,-0.0680035868493874,0.002736206846773323,-0.043596932340735695
1788436457.8962555,-1.1602609157562256,0.3626489043235779,1.0044894218444824,-0.0,-0.47945648431777954,-0.4670315980911255,-0.75,-0.7389315962791443,-0.0680035868493874,0.002736206846773323,-0.043596932340735695
1788436457.9061959,-1.1602609157562256,0.3626489043235779,1.0044894218444824,-0.0,-0.4792289137840271,-0.4608858525753021,-0.75,-0.7370249032974243,-0.0680035868493874,0.002736206846773323,-0.043596932340735695
1788436457.9164803,-1.1602609157562256,0.3626489043235779,1.0044894218444824,-0.0,-0.48115625977516174,-0.4642864763736725,-0.75,-0.7368362545967102,-0.0680035868493874,0.002736206846773323,-0.043596932340735695
1788436457.9262462,-1.1602609157562256,0.3626489043235779,1.0044894218444824,-0.0,-0.48115625977516174,-0.4642864763736725,-0.75,-0.7368362545967102,-0.0680035868493874,0.002736206846773323,-0.043596932340735695
1788436457.936175,-1.1602609157562256,0.3626489043235779,1.0044894218444824,-0.0,-0.480018675327301,-0.4757995307445526,-0.75,-0.7351356148719788,-0.0680035868493874,0.002736206846773323,-0.043596932340735695
1788436457.9461832,-1.1602609157562256,0.3626489043235779,1.0044894218444824,-0.0,-0.47651243209838867,-0.47993767261505127,-0.75,-0.734053909778595,-0.0680035868493874,0.002736206846773323,-0.043596932340735695
1788436457.9566422,-1.1602609157562256,0.3626489043235779,1.0044894218444824,-0.0,-0.47651243209838867,-0.47993767261505127,-0.75,-0.734053909778595,-0.0680035868493874,0.002736206846773323,-0.043596932340735695
1788436457.9661825,-1.1602609157562256,0.3626489043235779,1.0044894218444824,-0.0,-0.4720996022224426,-0.4879681468009949,-0.75,-0.7324494123458862,-0.0680035868493874,0.002736206846773323,-0.043596932340735695
1788436457.9761767,-1.1602609157562256,0.3626489043235779,1.0044894218444824,-0.0,-0.47173723578453064,-0.4866980016231537,-0.75,-0.7326071858406067,-0.0680035868493874,0.002736206846773323,-0.043596932340735695
1788436457.9873543,-1.1602609157562256,0.3626489043235779,1.0044894218444824,-0.0,-0.47173723578453064,-0.4866980016231537,-0.75,-0.7326071858406067,-0.0680035868493874,0.002736206846773323,-0.043596932340735695
1788436457.9961927,-1.1877813339233398,0.4253169894218445,0.8950608372688293,-0.0,-0.4727555513381958,-0.49153268337249756,-0.75,-0.731061577796936,-0.15242291794453305,0.008955664121674839,-0.10942863286559357
1788436458.0061893,-1.1877813339233398,0.4253169894218445,0.8950608372688293,-0.0,-0.4718308746814728,-0.48751744627952576,-0.75,-0.7294529676437378,-0.15242291794453305,0.008955664121674839,-0.10942863286559357
1788436458.0174036,-1.1877813339233398,0.4253169894218445,0.8950608372688293,-0.0,-0.4718308746814728,-0.48751744627952576,-0.75,-0.7294529676437378,-0.15242291794453305,0.008955664121674839,-0.10942863286559357
1788436458.0261683,-1.1877813339233398,0.4253169894218445,0.8950608372688293,-0.0,-0.47418051958084106,-0.4800606071949005,-0.75,-0.7288744449615479,-0.15242291794453305,0.008955664121674839,-0.10942863286559357
1788436458.0361803,-1.1877813339233398,0.4253169894218445,0.8950608372688293,-0.0,-0.47583532333374023,-0.4845674932003021,-0.75,-0.7274566888809204,-0.15242291794453305,0.008955664121674839,-0.10942863286559357
1788436458.0473557,-1.1877813339233398,0.4253169894218445,0.8950608372688293,-0.0,-0.4745095670223236,-0.48727160692214966,-0.75,-0.7277256846427917,-0.15242291794453305,0.008955664121674839,-0.10942863286559357
1788436458.056328,-1.1877813339233398,0.4253169894218445,0.8950608372688293,-0.0,-0.4734571576118469,-0.48497721552848816,-0.75,-0.7263432741165161,-0.15242291794453305,0.008955664121674839,-0.10942863286559357
1788436458.0661855,-1.1877813339233398,0.4253169894218445,0.8950608372688293,-0.0,-0.4741118252277374,-0.48477235436439514,-0.75,-0.7269353866577148,-0.15242291794453305,0.008955664121674839,-0.10942863286559357
1788436458.0762053,-1.1877813339233398,0.4253169894218445,0.8950608372688293,-0.0,-0.4742521643638611,-0.48571470379829407,-0.75,-0.726749837398529,-0.15242291794453305,0.008955664121674839,-0.10942863286559357
1788436458.0862,-1.1877813339233398,0.4253169894218445,0.8950608372688293,-0.0,-0.4739516079425812,-0.4889104962348938,-0.75,-0.7263808250427246,-0.15242291794453305,0.008955664121674839,-0.10942863286559357
1788436458.096316,-1.1877813339233398,0.4253169894218445,0.8950608372688293,-0.0,-0.4739516079425812,-0.4889104962348938,-0.75,-0.7263808250427246,-0.15242291794453305,0.008955664121674839,-0.10942863286559357
1788436458.106196,-1.192092776298523,0.4109734296798706,0.8433797955513,-0.0,-0.472613662481308,-0.48075711727142334,-0.75,-0.7260819673538208,-0.06762514815089729,0.01457973507541041,-0.05168100132848297
1788436458.1163135,-1.192092776298523,0.4109734296798706,0.8433797955513,-0.0,-0.472613662481308,-0.48075711727142334,-0.75,-0.7260819673538208,-0.06762514815089729,0.01457973507541041,-0.05168100132848297
1788436458.1262827,-1.192092776298523,0.4109734296798706,0.8433797955513,-0.0,-0.4646769165992737,-0.48022449016571045,-0.75,-0.7264187335968018,-0.06762514815089729,0.01457973507541041,-0.05168100132848297
1788436458.1362305,-1.192092776298523,0.4109734296798706,0.8433797955513,-0.0,-0.46489495038986206,-0.4929257035255432,-0.75,-0.7266395092010498,-0.06762514815089729,0.01457973507541041,-0.05168100132848297
1788436458.146351,-1.192092776298523,0.4109734296798706,0.8433797955513,-0.0,-0.46489495038986206,-0.4929257035255432,-0.75,-0.7266395092010498,-0.06762514815089729,0.01457973507541041,-0.05168100132848297
1788436458.1561778,-1.192092776298523,0.4109734296798706,0.8433797955513,-0.0,-0.4607622027397156,-0.4912049174308777,-0.75,-0.7273397445678711,-0.06762514815089729,0.01457973507541041,-0.05168100132848297
1788436458.1661997,-1.192092776298523,0.4109734296798706,0.8433797955513,-0.0,-0.4607502222061157,-0.48800912499427795,-0.75,-0.7269085049629211,-0.06762514815089729,0.01457973507541041,-0.05168100132848297
1788436458.176216,-1.2502623796463013,0.46668198704719543,0.7922140955924988,-0.0,-0.4618343412876129,-0.48874661326408386,-0.75,-0.728551983833313,-0.07176286560066658,-0.0017413200001038243,-0.051165712726680024
1788436458.1863189,-1.2502623796463013,0.46668198704719543,0.7922140955924988,-0.0,-0.45310768485069275,-0.49001672863960266,-0.75,-0.7280702590942383,-0.07176286560066658,-0.0017413200001038243,-0.051165712726680024
1788436458.1961691,-1.2502623796463013,0.46668198704719543,0.7922140955924988,-0.0,-0.4443810284137726,-0.48809105157852173,-0.75,-0.7288576364517212,-0.07176286560066658,-0.0017413200001038243,-0.051165712726680024
1788436458.2094834,-1.2502623796463013,0.46668198704719543,0.7922140955924988,-0.0,-0.43934375047683716,-0.4845674932003021,-0.75,-0.7290377616882324,-0.07176286560066658,-0.0017413200001038243,-0.051165712726680024
1788436458.2161741,-1.2502623796463013,0.46668198704719543,0.7922140955924988,-0.0,-0.44005563855171204,-0.4876403510570526,-0.75,-0.7293436527252197,-0.07176286560066658,-0.0017413200001038243,-0.051165712726680024
1788436458.2265384,-1.2502623796463013,0.46668198704719543,0.7922140955924988,-0.0,-0.44005563855171204,-0.4876403510570526,-0.75,-0.7293436527252197,-0.07176286560066658,-0.0017413200001038243,-0.051165712726680024
1788436458.2361903,-1.2502623796463013,0.46668198704719543,0.7922140955924988,-0.0,-0.4418799579143524,-0.4767828583717346,-0.75,-0.7310441136360168,-0.07176286560066658,-0.0017413200001038243,-0.051165712726680024
1788436458.2474096,-1.2502623796463013,0.46668198704719543,0.7922140955924988,-0.0,-0.4418799579143524,-0.4767828583717346,-0.75,-0.7310441136360168,-0.07176286560066658,-0.0017413200001038243,-0.051165712726680024
1788436458.2565558,-1.2502623796463013,0.46668198704719543,0.7922140955924988,-0.0,-0.44311049580574036,-0.4677690863609314,-0.75,-0.7315922379493713,-0.07176286560066658,-0.0017413200001038243,-0.051165712726680024
1788436458.2661686,-1.2502623796463013,0.46668198704719543,0.7922140955924988,-0.0,-0.446916401386261,-0.4627295732498169,-0.75,-0.7331205010414124,-0.07176286560066658,-0.0017413200001038243,-0.051165712726680024
1788436458.279332,-1.2502623796463013,0.46668198704719543,0.7922140955924988,-0.0,-0.446916401386261,-0.4627295732498169,-0.75,-0.7331205010414124,-0.07176286560066658,-0.0017413200001038243,-0.051165712726680024
1788436458.2861812,-1.2502623796463013,0.46668198704719543,0.7922140955924988,-0.0,-0.45069342851638794,-0.4546171724796295,-0.75,-0.7352071404457092,-0.07176286560066658,-0.0017413200001038243,-0.051165712726680024
1788436458.296309,-1.257743000984192,0.45606130361557007,0.7400531768798828,-0.0,-0.4518777132034302,-0.4533880054950714,-0.75,-0.7345947027206421,-0.07315326193303312,0.0015680188645129378,-0.052160950080810675
1788436458.3062367,-1.257743000984192,0.45606130361557007,0.7400531768798828,-0.0,-0.4518777132034302,-0.4533880054950714,-0.75,-0.7345947027206421,-0.07315326193303312,0.0015680188645129378,-0.052160950080810675
1788436458.316349,-1.257743000984192,0.45606130361557007,0.7400531768798828,-0.0,-0.44315105676651,-0.45277345180511475,-0.75,-0.7364510297775269,-0.07315326193303312,0.0015680188645129378,-0.052160950080810675
1788436458.3263152,-1.257743000984192,0.45606130361557007,0.7400531768798828,-0.0,-0.4394363462924957,-0.4521998465061188,-0.75,-0.7377608418464661,-0.07315326193303312,0.0015680188645129378,-0.052160950080810675
1788436458.3374069,-1.257743000984192,0.45606130361557007,0.7400531768798828,-0.0,-0.4394363462924957,-0.4521998465061188,-0.75,-0.7377608418464661,-0.07315326193303312,0.0015680188645129378,-0.052160950080810675
1788436458.3461764,-1.257743000984192,0.45606130361557007,0.7400531768798828,-0.0,-0.44065427780151367,-0.4473242163658142,-0.75,-0.7390739321708679,-0.07315326193303312,0.0015680188645129378,-0.052160950080810675
1788436458.3561714,-1.257743000984192,0.45606130361557007,0.7400531768798828,-0.0,-0.4417698085308075,-0.4435138404369354,-0.75,-0.7402457594871521,-0.07315326193303312,0.0015680188645129378,-0.052160950080810675
1788436458.3664958,-1.274616003036499,0.43477779626846313,0.6861345767974854,-0.0,-0.4432256519794464,-0.4443742334842682,-0.75,-0.739871621131897,-0.06639568430589587,0.006174437253631371,-0.0539185479715818
1788436458.3819904,-1.274616003036499,0.43477779626846313,0.6861345767974854,-0.0,-0.4432256519794464,-0.4443742334842682,-0.75,-0.739871621131897,-0.06639568430589587,0.006174437253631371,-0.0539185479715818
1788436458.3864613,-1.274616003036499,0.43477779626846313,0.6861345767974854,-0.0,-0.43449899554252625,-0.44150620698928833,-0.75,-0.7410455346107483,-0.06639568430589587,0.006174437253631371,-0.0539185479715818
1788436458.3961926,-1.274616003036499,0.43477779626846313,0.6861345767974854,-0.0,-0.42044171690940857,-0.43892499804496765,-0.75,-0.7418760657310486,-0.06639568430589587,0.006174437253631371,-0.0539185479715818
1788436458.4062777,-1.274616003036499,0.43477779626846313,0.6861345767974854,-0.0,-0.42044171690940857,-0.43892499804496765,-0.75,-0.7418760657310486,-0.06639568430589587,0.006174437253631371,-0.0539185479715818
1788436458.4175098,-1.274616003036499,0.43477779626846313,0.6861345767974854,-0.0,-0.42078977823257446,-0.4348278343677521,-0.75,-0.741503894329071,-0.06639568430589587,0.006174437253631371,-0.0539185479715818
1788436458.4261956,-1.274616003036499,0.43477779626846313,0.6861345767974854,-0.0,-0.42208045721054077,-0.4352785348892212,-0.75,-0.7422727942466736,-0.06639568430589587,0.006174437253631371,-0.0539185479715818
1788436458.4364018,-1.274616003036499,0.43477779626846313,0.6861345767974854,-0.0,-0.42208045721054077,-0.4352785348892212,-0.75,-0.7422727942466736,-0.06639568430589587,0.006174437253631371,-0.0539185479715818
1788436458.4462125,-1.274616003036499,0.43477779626846313,0.6861345767974854,-0.0,-0.4197072982788086,-0.4397444427013397,-0.75,-0.7425737977027893,-0.06639568430589587,0.006174437253631371,-0.0539185479715818
1788436458.456191,-1.3510860204696655,0.45170506834983826,0.6280053853988647,-0.0,-0.420418381690979,-0.4398673474788666,-0.75,-0.7426672577857971,-0.07356357869543378,0.004840945184377166,-0.05812924950099152
1788436458.466375,-1.3510860204696655,0.45170506834983826,0.6280053853988647,-0.0,-0.420418381690979,-0.4398673474788666,-0.75,-0.7426672577857971,-0.07356357869543378,0.004840945184377166,-0.05812924950099152
1788436458.478501,-1.3510860204696655,0.45170506834983826,0.6280053853988647,-0.0,-0.4116917550563812,-0.43212369084358215,-0.75,-0.7427273392677307,-0.07356357869543378,0.004840945184377166,-0.05812924950099152
1788436458.4861646,-1.3510860204696655,0.45170506834983826,0.6280053853988647,-0.0,-0.3942384421825409,-0.42204466462135315,-0.75,-0.7427308559417725,-0.07356357869543378,0.004840945184377166,-0.05812924950099152
1788436458.496412,-1.3510860204696655,0.45170506834983826,0.6280053853988647,-0.0,-0.3942384421825409,-0.42204466462135315,-0.75,-0.7427308559417725,-0.07356357869543378,0.004840945184377166,-0.05812924950099152
1788436458.506189,-1.3510860204696655,0.45170506834983826,0.6280053853988647,-0.0,-0.3801887035369873,-0.4143419861793518,-0.75,-0.7418834567070007,-0.07356357869543378,0.004840945184377166,-0.05812924950099152
1788436458.5169933,-1.3510860204696655,0.45170506834983826,0.6280053853988647,-0.0,-0.3808117210865021,-0.40995800495147705,-0.75,-0.7407565116882324,-0.07356357869543378,0.004840945184377166,-0.05812924950099152
1788436458.5262287,-1.3510860204696655,0.45170506834983826,0.6280053853988647,-0.0,-0.38250842690467834,-0.40721291303634644,-0.75,-0.7413023114204407,-0.07356357869543378,0.004840945184377166,-0.05812924950099152
1788436458.5370011,-1.3510860204696655,0.45170506834983826,0.6280053853988647,-0.0,-0.3837110996246338,-0.4068031907081604,-0.75,-0.7407925724983215,-0.07356357869543378,0.004840945184377166,-0.05812924950099152
1788436458.5461957,-1.3510860204696655,0.45170506834983826,0.6280053853988647,-0.0,-0.38399437069892883,-0.4027469754219055,-0.75,-0.7408749461174011,-0.07356357869543378,0.004840945184377166,-0.05812924950099152
1788436458.556421,-1.3673549890518188,0.4303404688835144,0.575149655342102,-0.0,-0.3855234682559967,-0.39914146065711975,-0.75,-0.740346372127533,-0.07191807965686792,-0.004137595183022591,-0.052855698866940415
1788436458.5663714,-1.3673549890518188,0.4303404688835144,0.575149655342102,-0.0,-0.3855234682559967,-0.39914146065711975,-0.75,-0.740346372127533,-0.07191807965686792,-0.004137595183022591,-0.052855698866940415
1788436458.577525,-1.3673549890518188,0.4303404688835144,0.575149655342102,-0.0,-0.37679681181907654,-0.39029157161712646,-0.75,-0.7400016784667969,-0.07191807965686792,-0.004137595183022591,-0.052855698866940415
1788436458.586194,-1.3673549890518188,0.4303404688835144,0.575149655342102,-0.0,-0.3679351508617401,-0.37750840187072754,-0.75,-0.7396093606948853,-0.07191807965686792,-0.004137595183022591,-0.052855698866940415
1788436458.5962572,-1.3673549890518188,0.4303404688835144,0.575149655342102,-0.0,-0.3679351508617401,-0.37750840187072754,-0.75,-0.7396093606948853,-0.07191807965686792,-0.004137595183022591,-0.052855698866940415
1788436458.6073525,-1.3673549890518188,0.4303404688835144,0.575149655342102,-0.0,-0.3704865872859955,-0.3803764283657074,-0.75,-0.7397468686103821,-0.07191807965686792,-0.004137595183022591,-0.052855698866940415
1788436458.6161911,-1.3673549890518188,0.4303404688835144,0.575149655342102,-0.0,-0.3688969612121582,-0.3791063129901886,-0.75,-0.7403817772865295,-0.07191807965686792,-0.004137595183022591,-0.052855698866940415
1788436458.6263108,-1.3673549890518188,0.4303404688835144,0.575149655342102,-0.0,-0.3688969612121582,-0.3791063129901886,-0.75,-0.7403817772865295,-0.07191807965686792,-0.004137595183022591,-0.052855698866940415
1788436458.6364486,-1.3673549890518188,0.4303404688835144,0.575149655342102,-0.0,-0.3691921532154083,-0.3739028871059418,-0.75,-0.7399476170539856,-0.07191807965686792,-0.004137595183022591,-0.052855698866940415
1788436458.6461952,-1.3673549890518188,0.4303404688835144,0.575149655342102,-0.0,-0.3731617331504822,-0.36386483907699585,-0.75,-0.7404313683509827,-0.07191807965686792,-0.004137595183022591,-0.052855698866940415
1788436458.6562777,-1.3753578662872314,0.4003475308418274,0.5266721248626709,-0.0,-0.3731617331504822,-0.36386483907699585,-0.75,-0.7404313683509827,-0.07890389695509276,0.006529647690795559,-0.04847755486464678
1788436458.6663764,-1.3753578662872314,0.4003475308418274,0.5266721248626709,-0.0,-0.36653029918670654,-0.35702255368232727,-0.75,-0.7409371733665466,-0.07890389695509276,0.006529647690795559,-0.04847755486464678
1788436458.6763291,-1.3753578662872314,0.4003475308418274,0.5266721248626709,-0.0,-0.3578036427497864,-0.3577600419521332,-0.75,-0.7411724925041199,-0.07890389695509276,0.006529647690795559,-0.04847755486464678
1788436458.6875885,-1.3753578662872314,0.4003475308418274,0.5266721248626709,-0.0,-0.35266223549842834,-0.3574732542037964,-0.75,-0.7412310838699341,-0.07890389695509276,0.006529647690795559,-0.04847755486464678
1788436458.6976473,-1.3753578662872314,0.4003475308418274,0.5266721248626709,-0.0,-0.35266223549842834,-0.3574732542037964,-0.75,-0.7412310838699341,-0.07890389695509276,0.006529647690795559,-0.04847755486464678
1788436458.7063856,-1.3753578662872314,0.4003475308418274,0.5266721248626709,-0.0,-0.3522048890590668,-0.35980862379074097,-0.75,-0.741593599319458,-0.07890389695509276,0.006529647690795559,-0.04847755486464678
1788436458.7161772,-1.3753578662872314,0.4003475308418274,0.5266721248626709,-0.0,-0.35205501317977905,-0.35505592823028564,-0.75,-0.7418739199638367,-0.07890389695509276,0.006529647690795559,-0.04847755486464678
1788436458.7284641,-1.3753578662872314,0.4003475308418274,0.5266721248626709,-0.0,-0.35205501317977905,-0.35505592823028564,-0.75,-0.7418739199638367,-0.07890389695509276,0.006529647690795559,-0.04847755486464678
1788436458.736791,-1.3753578662872314,0.4003475308418274,0.5266721248626709,-0.0,-0.3546096682548523,-0.3478448987007141,-0.75,-0.742392897605896,-0.07890389695509276,0.006529647690795559,-0.04847755486464678
1788436458.7465293,-1.3753578662872314,0.4003475308418274,0.5266721248626709,-0.0,-0.3546096682548523,-0.3478448987007141,-0.75,-0.742392897605896,-0.07890389695509276,0.006529647690795559,-0.04847755486464678
1788436458.7565384,-1.3753578662872314,0.4003475308418274,0.5266721248626709,-0.0,-0.35595378279685974,-0.34677961468696594,-0.75,-0.7432149648666382,-0.07890389695509276,0.006529647690795559,-0.04847755486464678
1788436458.7661965,-1.4582240581512451,0.41141512989997864,0.4810032546520233,-0.0,-0.3561747670173645,-0.34972959756851196,-0.75,-0.7436807155609131,-0.07320316608503685,0.0017312645143235383,-0.0456688485046044
1788436458.7795532,-1.4582240581512451,0.41141512989997864,0.4810032546520233,-0.0,-0.3561747670173645,-0.34972959756851196,-0.75,-0.7436807155609131,-0.07320316608503685,0.0017312645143235383,-0.0456688485046044
1788436458.7861953,-1.4582240581512451,0.41141512989997864,0.4810032546520233,-0.0,-0.3474481403827667,-0.35026222467422485,-0.75,-0.7434283494949341,-0.07320316608503685,0.0017312645143235383,-0.0456688485046044
1788436458.796334,-1.4582240581512451,0.41141512989997864,0.4810032546520233,-0.0,-0.33872148394584656,-0.35046708583831787,-0.75,-0.7437896132469177,-0.07320316608503685,0.0017312645143235383,-0.0456688485046044
1788436458.8061588,-1.4582240581512451,0.41141512989997864,0.4810032546520233,-0.0,-0.3212682008743286,-0.349155992269516,-0.75,-0.745208203792572,-0.07320316608503685,0.0017312645143235383,-0.0456688485046044
1788436458.8174045,-1.4582240581512451,0.41141512989997864,0.4810032546520233,-0.0,-0.3212682008743286,-0.349155992269516,-0.75,-0.745208203792572,-0.07320316608503685,0.0017312645143235383,-0.0456688485046044
1788436458.82618,-1.4582240581512451,0.41141512989997864,0.4810032546520233,-0.0,-0.30412912368774414,-0.3474351763725281,-0.75,-0.7462047934532166,-0.07320316608503685,0.0017312645143235383,-0.0456688485046044
1788436458.8364031,-1.4582240581512451,0.41141512989997864,0.4810032546520233,-0.0,-0.30405673384666443,-0.34542757272720337,-0.75,-0.7466732859611511,-0.07320316608503685,0.0017312645143235383,-0.0456688485046044
1788436458.846187,-1.4582240581512451,0.41141512989997864,0.4810032546520233,-0.0,-0.30483245849609375,-0.3398144245147705,-0.75,-0.7472312450408936,-0.07320316608503685,0.0017312645143235383,-0.0456688485046044
1788436458.8565674,-1.4582240581512451,0.41141512989997864,0.4810032546520233,-0.0,-0.30710306763648987,-0.3390769362449646,-0.75,-0.7475018501281738,-0.07320316608503685,0.0017312645143235383,-0.0456688485046044
1788436458.8663588,-1.463130235671997,0.38620030879974365,0.4368398189544678,-0.0,-0.3076382875442505,-0.33313605189323425,-0.75,-0.7479680180549622,-0.0831852279608053,-0.002673586482233481,-0.044163421902140954
1788436458.8761792,-1.463130235671997,0.38620030879974365,0.4368398189544678,-0.0,-0.2989116311073303,-0.32010704278945923,-0.75,-0.7479439377784729,-0.0831852279608053,-0.002673586482233481,-0.044163421902140954
1788436458.8868353,-1.463130235671997,0.38620030879974365,0.4368398189544678,-0.0,-0.2989116311073303,-0.32010704278945923,-0.75,-0.7479439377784729,-0.0831852279608053,-0.002673586482233481,-0.044163421902140954
1788436458.896178,-1.463130235671997,0.38620030879974365,0.4368398189544678,-0.0,-0.29648497700691223,-0.2939261198043823,-0.75,-0.7484060525894165,-0.0831852279608053,-0.002673586482233481,-0.044163421902140954
1788436458.9061859,-1.463130235671997,0.38620030879974365,0.4368398189544678,-0.0,-0.30283474922180176,-0.2851581871509552,-0.75,-0.7481349110603333,-0.0831852279608053,-0.002673586482233481,-0.044163421902140954
1788436458.9174716,-1.463130235671997,0.38620030879974365,0.4368398189544678,-0.0,-0.30283474922180176,-0.2851581871509552,-0.75,-0.7481349110603333,-0.0831852279608053,-0.002673586482233481,-0.044163421902140954
1788436458.9285922,-1.463130235671997,0.38620030879974365,0.4368398189544678,-0.0,-0.30686864256858826,-0.27593955397605896,-0.75,-0.7489112615585327,-0.0831852279608053,-0.002673586482233481,-0.044163421902140954
1788436458.9361863,-1.463130235671997,0.38620030879974365,0.4368398189544678,-0.0,-0.3117591142654419,-0.27622634172439575,-0.75,-0.7484135627746582,-0.0831852279608053,-0.002673586482233481,-0.044163421902140954
1788436458.9463458,-1.463130235671997,0.38620030879974365,0.4368398189544678,-0.0,-0.3117591142654419,-0.27622634172439575,-0.75,-0.7484135627746582,-0.0831852279608053,-0.002673586482233481,-0.044163421902140954
1788436458.9575992,-1.4787013530731201,0.36293381452560425,0.4014296531677246,-0.0,-0.3112294673919678,-0.27520206570625305,-0.75,-0.7482674717903137,-0.06935523486532635,0.004365919319504141,-0.03541016842993905
1788436458.966182,-1.4787013530731201,0.36293381452560425,0.4014296531677246,-0.0,-0.3028317391872406,-0.27643120288848877,-0.75,-0.748558759689331,-0.06935523486532635,0.004365919319504141,-0.03541016842993905
1788436458.9800732,-1.4787013530731201,0.36293381452560425,0.4014296531677246,-0.0,-0.3028317391872406,-0.27643120288848877,-0.75,-0.748558759689331,-0.06935523486532635,0.004365919319504141,-0.03541016842993905
1788436458.98617,-1.4787013530731201,0.36293381452560425,0.4014296531677246,-0.0,-0.28537845611572266,-0.2799138128757477,-0.75,-0.7485314011573792,-0.06935523486532635,0.004365919319504141,-0.03541016842993905
1788436458.9965549,-1.4787013530731201,0.36293381452560425,0.4014296531677246,-0.0,-0.28222283720970154,-0.27929922938346863,-0.75,-0.7484070062637329,-0.06935523486532635,0.004365919319504141,-0.03541016842993905
1788436459.0062008,-1.4787013530731201,0.36293381452560425,0.4014296531677246,-0.0,-0.2821138799190521,-0.27905339002609253,-0.75,-0.7489793300628662,-0.06935523486532635,0.004365919319504141,-0.03541016842993905
1788436459.0161858,-1.4787013530731201,0.36293381452560425,0.4014296531677246,-0.0,-0.2821965515613556,-0.2822082042694092,-0.75,-0.7486425042152405,-0.06935523486532635,0.004365919319504141,-0.03541016842993905
1788436459.029166,-1.4787013530731201,0.36293381452560425,0.4014296531677246,-0.0,-0.2809904217720032,-0.28880465030670166,-0.75,-0.7483283281326294,-0.06935523486532635,0.004365919319504141,-0.03541016842993905
1788436459.0361753,-1.4787013530731201,0.36293381452560425,0.4014296531677246,-0.0,-0.27831050753593445,-0.2808151841163635,-0.75,-0.7487109899520874,-0.06935523486532635,0.004365919319504141,-0.03541016842993905
1788436459.046345,-1.4640017747879028,0.3285939693450928,0.3643338680267334,-0.0,-0.27831050753593445,-0.2808151841163635,-0.75,-0.7487109899520874,-0.07391859856867822,-0.00019320886394791348,-0.037095790212812396
1788436459.0584955,-1.4640017747879028,0.3285939693450928,0.3643338680267334,-0.0,-0.28110170364379883,-0.2828637659549713,-0.75,-0.7486222982406616,-0.07391859856867822,-0.00019320886394791348,-0.037095790212812396
1788436459.0661478,-1.4640017747879028,0.3285939693450928,0.3643338680267334,-0.0,-0.2636484205722809,-0.29253309965133667,-0.75,-0.7486463189125061,-0.07391859856867822,-0.00019320886394791348,-0.037095790212812396
1788436459.0771377,-1.4640017747879028,0.3285939693450928,0.3643338680267334,-0.0,-0.2636484205722809,-0.29253309965133667,-0.75,-0.7486463189125061,-0.07391859856867822,-0.00019320886394791348,-0.037095790212812396
1788436459.086321,-1.4640017747879028,0.3285939693450928,0.3643338680267334,-0.0,-0.2572990953922272,-0.29286086559295654,-0.75,-0.7486564517021179,-0.07391859856867822,-0.00019320886394791348,-0.037095790212812396
1788436459.0962865,-1.4640017747879028,0.3285939693450928,0.3643338680267334,-0.0,-0.25647711753845215,-0.2929837703704834,-0.75,-0.7491583824157715,-0.07391859856867822,-0.00019320886394791348,-0.037095790212812396
1788436459.1063201,-1.4640017747879028,0.3285939693450928,0.3643338680267334,-0.0,-0.25633957982063293,-0.28978797793388367,-0.75,-0.749453067779541,-0.07391859856867822,-0.00019320886394791348,-0.037095790212812396
1788436459.1166074,-1.4640017747879028,0.3285939693450928,0.3643338680267334,-0.0,-0.25988665223121643,-0.28077420592308044,-0.75,-0.7486392855644226,-0.07391859856867822,-0.00019320886394791348,-0.037095790212812396
1788436459.126174,-1.4640017747879028,0.3285939693450928,0.3643338680267334,-0.0,-0.26141709089279175,-0.26786813139915466,-0.75,-0.7494680881500244,-0.07391859856867822,-0.00019320886394791348,-0.037095790212812396
1788436459.1362183,-1.4640017747879028,0.3285939693450928,0.3643338680267334,-0.0,-0.2665235698223114,-0.26713061332702637,-0.75,-0.7494872808456421,-0.07391859856867822,-0.00019320886394791348,-0.037095790212812396
1788436459.1462133,-1.4640017747879028,0.3285939693450928,0.3643338680267334,-0.0,-0.267363965511322,-0.2607106864452362,-0.75,-0.7501401305198669,-0.07391859856867822,-0.00019320886394791348,-0.037095790212812396
1788436459.1561615,-1.4955861568450928,0.3103664815425873,0.3267054557800293,-0.0,-0.26989924907684326,-0.2601780593395233,-0.75,-0.7503119707107544,-0.07458632848496394,-0.0021833521344863938,-0.037628407957114085
1788436459.1694882,-1.4955861568450928,0.3103664815425873,0.3267054557800293,-0.0,-0.2611726224422455,-0.25487837195396423,-0.75,-0.7504321336746216,-0.07458632848496394,-0.0021833521344863938,-0.037628407957114085
1788436459.1762443,-1.4955861568450928,0.3103664815425873,0.3267054557800293,-0.0,-0.2524459660053253,-0.254638671875,-0.75,-0.750590980052948,-0.07458632848496394,-0.0021833521344863938,-0.037628407957114085
1788436459.1863966,-1.4955861568450928,0.3103664815425873,0.3267054557800293,-0.0,-0.2524459660053253,-0.254638671875,-0.75,-0.750590980052948,-0.07458632848496394,-0.0021833521344863938,-0.037628407957114085
1788436459.1961818,-1.4955861568450928,0.3103664815425873,0.3267054557800293,-0.0,-0.2367788553237915,-0.2557838261127472,-0.75,-0.7515954375267029,-0.07458632848496394,-0.0021833521344863938,-0.037628407957114085
1788436459.2062738,-1.4955861568450928,0.3103664815425873,0.3267054557800293,-0.0,-0.2367788553237915,-0.2557838261127472,-0.75,-0.7515954375267029,-0.07458632848496394,-0.0021833521344863938,-0.037628407957114085
1788436459.216232,-1.4955861568450928,0.3103664815425873,0.3267054557800293,-0.0,-0.236113041639328,-0.2545321583747864,-0.75,-0.7516546249389648,-0.07458632848496394,-0.0021833521344863938,-0.037628407957114085
1788436459.2261715,-1.4955861568450928,0.3103664815425873,0.3267054557800293,-0.0,-0.23644359409809113,-0.25439900159835815,-0.75,-0.7524497509002686,-0.07458632848496394,-0.0021833521344863938,-0.037628407957114085
1788436459.237475,-1.4955861568450928,0.3103664815425873,0.3267054557800293,-0.0,-0.23644359409809113,-0.25439900159835815,-0.75,-0.7524497509002686,-0.07458632848496394,-0.0021833521344863938,-0.037628407957114085
1788436459.2461836,-1.4955861568450928,0.3103664815425873,0.3267054557800293,-0.0,-0.23772193491458893,-0.24827373027801514,-0.75,-0.7531712651252747,-0.07458632848496394,-0.0021833521344863938,-0.037628407957114085
1788436459.2561784,-1.4782861471176147,0.2772643566131592,0.29430997371673584,-0.0,-0.23905184864997864,-0.2432403564453125,-0.75,-0.7528731226921082,-0.07441140510450195,0.0014123712379138231,-0.032395505906929856
1788436459.2662158,-1.4782861471176147,0.2772643566131592,0.29430997371673584,-0.0,-0.23032520711421967,-0.24121634662151337,-0.75,-0.7531763911247253,-0.07441140510450195,0.0014123712379138231,-0.032395505906929856
1788436459.2762067,-1.4782861471176147,0.2772643566131592,0.29430997371673584,-0.0,-0.22213613986968994,-0.23849992454051971,-0.75,-0.7539384961128235,-0.07441140510450195,0.0014123712379138231,-0.032395505906929856
1788436459.286192,-1.4782861471176147,0.2772643566131592,0.29430997371673584,-0.0,-0.22228357195854187,-0.23740802705287933,-0.75,-0.7542933821678162,-0.07441140510450195,0.0014123712379138231,-0.032395505906929856
1788436459.2974668,-1.4782861471176147,0.2772643566131592,0.29430997371673584,-0.0,-0.22228357195854187,-0.23740802705287933,-0.75,-0.7542933821678162,-0.07441140510450195,0.0014123712379138231,-0.032395505906929856
1788436459.3061657,-1.4782861471176147,0.2772643566131592,0.29430997371673584,-0.0,-0.22368654608726501,-0.2335198074579239,-0.75,-0.7541815042495728,-0.07441140510450195,0.0014123712379138231,-0.032395505906929856
1788436459.3162107,-1.4782861471176147,0.2772643566131592,0.29430997371673584,-0.0,-0.22436431050300598,-0.23027075827121735,-0.75,-0.7549818158149719,-0.07441140510450195,0.0014123712379138231,-0.032395505906929856
1788436459.3268042,-1.4782861471176147,0.2772643566131592,0.29430997371673584,-0.0,-0.22568289935588837,-0.22843317687511444,-0.75,-0.7553195953369141,-0.07441140510450195,0.0014123712379138231,-0.032395505906929856
1788436459.3364334,-1.4782861471176147,0.2772643566131592,0.29430997371673584,-0.0,-0.22568289935588837,-0.22843317687511444,-0.75,-0.7553195953369141,-0.07441140510450195,0.0014123712379138231,-0.032395505906929856
1788436459.3465357,-1.4782861471176147,0.2772643566131592,0.29430997371673584,-0.0,-0.2265302836894989,-0.22145569324493408,-0.75,-0.7557823061943054,-0.07441140510450195,0.0014123712379138231,-0.032395505906929856
1788436459.3565724,-1.4782861471176147,0.2772643566131592,0.29430997371673584,-0.0,-0.2300659716129303,-0.21828652918338776,-0.75,-0.7552527189254761,-0.07441140510450195,0.0014123712379138231,-0.032395505906929856
1788436459.3684444,-1.5085586309432983,0.2508764863014221,0.26021119952201843,-0.0,-0.2300659716129303,-0.21828652918338776,-0.75,-0.7552527189254761,-0.0748575874114713,0.0041116382586330325,-0.03409876732559436
1788436459.3792768,-1.5085586309432983,0.2508764863014221,0.26021119952201843,-0.0,-0.2308814972639084,-0.22116275131702423,-0.75,-0.7554604411125183,-0.0748575874114713,0.0041116382586330325,-0.03409876732559436
1788436459.3864415,-1.5085586309432983,0.2508764863014221,0.26021119952201843,-0.0,-0.21342821419239044,-0.21873927116394043,-0.75,-0.7562835812568665,-0.0748575874114713,0.0041116382586330325,-0.03409876732559436
1788436459.3963263,-1.5085586309432983,0.2508764863014221,0.26021119952201843,-0.0,-0.21342821419239044,-0.21873927116394043,-0.75,-0.7562835812568665,-0.0748575874114713,0.0041116382586330325,-0.03409876732559436
1788436459.406184,-1.5085586309432983,0.2508764863014221,0.26021119952201843,-0.0,-0.1959749162197113,-0.21948495507240295,-0.75,-0.7565177083015442,-0.0748575874114713,0.0041116382586330325,-0.03409876732559436
1788436459.416177,-1.5085586309432983,0.2508764863014221,0.26021119952201843,-0.0,-0.19021344184875488,-0.21884579956531525,-0.75,-0.757162868976593,-0.0748575874114713,0.0041116382586330325,-0.03409876732559436
1788436459.4263413,-1.5085586309432983,0.2508764863014221,0.26021119952201843,-0.0,-0.19021344184875488,-0.21884579956531525,-0.75,-0.757162868976593,-0.0748575874114713,0.0041116382586330325,-0.03409876732559436
1788436459.43846,-1.5085586309432983,0.2508764863014221,0.26021119952201843,-0.0,-0.18983221054077148,-0.21743431687355042,-0.75,-0.7569329738616943,-0.0748575874114713,0.0041116382586330325,-0.03409876732559436
1788436459.446199,-1.5085586309432983,0.2508764863014221,0.26021119952201843,-0.0,-0.1906052976846695,-0.21418526768684387,-0.75,-0.7566376328468323,-0.0748575874114713,0.0041116382586330325,-0.03409876732559436
1788436459.4562652,-1.5085586309432983,0.2508764863014221,0.26021119952201843,-0.0,-0.1906052976846695,-0.21418526768684387,-0.75,-0.7566376328468323,-0.0748575874114713,0.0041116382586330325,-0.03409876732559436
1788436459.4661818,-1.5085586309432983,0.2508764863014221,0.26021119952201843,-0.0,-0.19342079758644104,-0.20262713730335236,-0.75,-0.757327139377594,-0.0748575874114713,0.0041116382586330325,-0.03409876732559436
1788436459.4761753,-1.4843069314956665,0.21884410083293915,0.22872787714004517,-0.0,-0.19649729132652283,-0.19740734994411469,-0.75,-0.7567036747932434,-0.08019288464080065,-0.0017181253193923607,-0.031483315621157804
1788436459.4893186,-1.4843069314956665,0.21884410083293915,0.22872787714004517,-0.0,-0.18777064979076385,-0.19410502910614014,-0.75,-0.7570281028747559,-0.08019288464080065,-0.0017181253193923607,-0.031483315621157804
1788436459.4961739,-1.4843069314956665,0.21884410083293915,0.22872787714004517,-0.0,-0.17926843464374542,-0.192081019282341,-0.75,-0.7561567425727844,-0.08019288464080065,-0.0017181253193923607,-0.031483315621157804
1788436459.5061781,-1.4843069314956665,0.21884410083293915,0.22872787714004517,-0.0,-0.17911197245121002,-0.19599586725234985,-0.75,-0.7572018504142761,-0.08019288464080065,-0.0017181253193923607,-0.031483315621157804
1788436459.516187,-1.4843069314956665,0.21884410083293915,0.22872787714004517,-0.0,-0.1775960922241211,-0.19343924522399902,-0.75,-0.756494402885437,-0.08019288464080065,-0.0017181253193923607,-0.031483315621157804
1788436459.5264285,-1.4843069314956665,0.21884410083293915,0.22872787714004517,-0.0,-0.1775960922241211,-0.19343924522399902,-0.75,-0.756494402885437,-0.08019288464080065,-0.0017181253193923607,-0.031483315621157804
1788436459.5365014,-1.4843069314956665,0.21884410083293915,0.22872787714004517,-0.0,-0.17840911448001862,-0.1926402896642685,-0.75,-0.7566553354263306,-0.08019288464080065,-0.0017181253193923607,-0.031483315621157804
1788436459.5461893,-1.4843069314956665,0.21884410083293915,0.22872787714004517,-0.0,-0.18232634663581848,-0.18204091489315033,-0.75,-0.7560591101646423,-0.08019288464080065,-0.0017181253193923607,-0.031483315621157804
1788436459.5566337,-1.5140410661697388,0.19251444935798645,0.19959476590156555,-0.0,-0.18232634663581848,-0.18204091489315033,-0.75,-0.7560591101646423,-0.07391167652220787,0.004982743106875687,-0.029133104569134982
1788436459.5662549,-1.5140410661697388,0.19251444935798645,0.19959476590156555,-0.0,-0.1745540201663971,-0.1745307892560959,-0.75,-0.755764365196228,-0.07391167652220787,0.004982743106875687,-0.029133104569134982
1788436459.5789268,-1.5140410661697388,0.19251444935798645,0.19959476590156555,-0.0,-0.1745540201663971,-0.1745307892560959,-0.75,-0.755764365196228,-0.07391167652220787,0.004982743106875687,-0.029133104569134982
1788436459.5866256,-1.5140410661697388,0.19251444935798645,0.19959476590156555,-0.0,-0.16582737863063812,-0.17200079560279846,-0.75,-0.7550420761108398,-0.07391167652220787,0.004982743106875687,-0.029133104569134982
1788436459.597449,-1.5140410661697388,0.19251444935798645,0.19959476590156555,-0.0,-0.1489361971616745,-0.17181436717510223,-0.75,-0.7546140551567078,-0.07391167652220787,0.004982743106875687,-0.029133104569134982
1788436459.606157,-1.5140410661697388,0.19251444935798645,0.19959476590156555,-0.0,-0.14775216579437256,-0.1661684662103653,-0.75,-0.7550976276397705,-0.07391167652220787,0.004982743106875687,-0.029133104569134982
1788436459.6174,-1.5140410661697388,0.19251444935798645,0.19959476590156555,-0.0,-0.14775216579437256,-0.1661684662103653,-0.75,-0.7550976276397705,-0.07391167652220787,0.004982743106875687,-0.029133104569134982
1788436459.6293654,-1.5140410661697388,0.19251444935798645,0.19959476590156555,-0.0,-0.1502179056406021,-0.16489015519618988,-0.75,-0.7541933655738831,-0.07391167652220787,0.004982743106875687,-0.029133104569134982
1788436459.6361916,-1.5140410661697388,0.19251444935798645,0.19959476590156555,-0.0,-0.15058228373527527,-0.16875173151493073,-0.75,-0.7536817193031311,-0.07391167652220787,0.004982743106875687,-0.029133104569134982
1788436459.6461756,-1.5140410661697388,0.19251444935798645,0.19959476590156555,-0.0,-0.14912286400794983,-0.16520972549915314,-0.75,-0.7551385164260864,-0.07391167652220787,0.004982743106875687,-0.029133104569134982
1788436459.6567051,-1.4947593212127686,0.17612113058567047,0.17677508294582367,-0.0,-0.14912286400794983,-0.16520972549915314,0.0,-0.7551385164260864,-0.07269692684038231,-0.007754214307336027,-0.022819696784611487
1788436459.666339,-1.4947593212127686,0.17612113058567047,0.17677508294582367,-0.0,-0.15033836662769318,-0.15996330976486206,0.0,-0.7545467615127563,-0.07269692684038231,-0.007754214307336027,-0.022819696784611487
1788436459.6761925,-1.4947593212127686,0.17612113058567047,0.17677508294582367,-0.0,0.0,-0.15253308415412903,0.0,-0.753961980342865,-0.07269692684038231,-0.007754214307336027,-0.022819696784611487
1788436459.686346,-1.4947593212127686,0.17612113058567047,0.17677508294582367,-0.0,0.0,-0.15253308415412903,0.0,-0.753961980342865,-0.07269692684038231,-0.007754214307336027,-0.022819696784611487
1788436459.6963418,-1.4947593212127686,0.17612113058567047,0.17677508294582367,-0.0,0.0,-0.15032266080379486,0.0,-0.7540944814682007,-0.07269692684038231,-0.007754214307336027,-0.022819696784611487
1788436459.7061863,-1.4947593212127686,0.17612113058567047,0.17677508294582367,-0.0,0.0,-0.12957663834095,0.0,-0.7531131505966187,-0.07269692684038231,-0.007754214307336027,-0.022819696784611487
1788436459.7174459,-1.4947593212127686,0.17612113058567047,0.17677508294582367,-0.0,0.0,-0.12957663834095,0.0,-0.7531131505966187,-0.07269692684038231,-0.007754214307336027,-0.022819696784611487
1788436459.7273805,-1.4947593212127686,0.17612113058567047,0.17677508294582367,-0.0,0.0,-0.0831577405333519,0.0,-0.7519254088401794,-0.07269692684038231,-0.007754214307336027,-0.022819696784611487
1788436459.736189,-1.4947593212127686,0.17612113058567047,0.17677508294582367,-0.0,0.0,-0.059002865105867386,0.0,-0.7517765164375305,-0.07269692684038231,-0.007754214307336027,-0.022819696784611487
1788436459.7462664,-1.4947593212127686,0.17612113058567047,0.17677508294582367,-0.0,0.0,-0.059002865105867386,0.0,-0.7517765164375305,-0.07269692684038231,-0.007754214307336027,-0.022819696784611487
1788436459.7561786,-1.4947593212127686,0.17612113058567047,0.17677508294582367,-0.0,0.0,-0.02803030237555504,0.0,-0.7497209906578064,-0.07269692684038231,-0.007754214307336027,-0.022819696784611487
1788436459.7662017,-1.4218369722366333,0.145237535238266,0.15690651535987854,-0.0,0.0,-0.019907662644982338,0.0,-0.7477770447731018,-0.0760884782575264,0.0026642752996102748,-0.019868556181492192
1788436459.7767947,-1.4218369722366333,0.145237535238266,0.15690651535987854,-0.0,0.0,-0.019907662644982338,0.0,-0.7477770447731018,-0.0760884782575264,0.0026642752996102748,-0.019868556181492192
1788436459.787242,-1.4218369722366333,0.145237535238266,0.15690651535987854,-0.0,0.0,-0.006618488114327192,0.0,-0.7453538775444031,-0.0760884782575264,0.0026642752996102748,-0.019868556181492192
1788436459.7963083,-1.4218369722366333,0.145237535238266,0.15690651535987854,-0.0,0.0,0.00013513077283278108,0.0,-0.7438014149665833,-0.0760884782575264,0.0026642752996102748,-0.019868556181492192
1788436459.8061905,-1.4218369722366333,0.145237535238266,0.15690651535987854,-0.0,0.0,0.006373832002282143,0.0,-0.7416133284568787,-0.0760884782575264,0.0026642752996102748,-0.019868556181492192
1788436459.8166919,-1.4218369722366333,0.145237535238266,0.15690651535987854,-0.0,0.0,0.009776759892702103,0.0,-0.7397044897079468,-0.0760884782575264,0.0026642752996102748,-0.019868556181492192
1788436459.8262627,-1.4218369722366333,0.145237535238266,0.15690651535987854,-0.0,0.0,0.009776759892702103,0.0,-0.7397044897079468,-0.0760884782575264,0.0026642752996102748,-0.019868556181492192
1788436459.836197,-1.4218369722366333,0.145237535238266,0.15690651535987854,-0.0,0.0,0.007384846918284893,0.0,-0.73428875207901,-0.0760884782575264,0.0026642752996102748,-0.019868556181492192
1788436459.846245,-1.4218369722366333,0.145237535238266,0.15690651535987854,-0.0,0.0,0.007384846918284893,0.0,-0.73428875207901,-0.0760884782575264,0.0026642752996102748,-0.019868556181492192
1788436459.8561714,-1.4218369722366333,0.145237535238266,0.15690651535987854,-0.0,0.0,0.009357558563351631,0.0,-0.7275684475898743,-0.0760884782575264,0.0026642752996102748,-0.019868556181492192
1788436459.8661783,-1.4218369722366333,0.145237535238266,0.15690651535987854,-0.0,0.0,0.01155220065265894,0.0,-0.7234700322151184,-0.0760884782575264,0.0026642752996102748,-0.019868556181492192
1788436459.8793833,-1.4218369722366333,0.145237535238266,0.15690651535987854,-0.0,0.0,0.012612533755600452,0.0,-0.7193441987037659,-0.0760884782575264,0.0026642752996102748,-0.019868556181492192
1788436459.886328,-1.4218369722366333,0.145237535238266,0.15690651535987854,-0.0,0.0,0.012612533755600452,0.0,-0.7193441987037659,-0.0760884782575264,0.0026642752996102748,-0.019868556181492192
1788436459.8967152,-1.4218369722366333,0.145237535238266,0.15690651535987854,-0.0,0.0,0.013229005970060825,0.0,-0.7095075845718384,-0.0760884782575264,0.0026642752996102748,-0.019868556181492192
1788436459.9062684,-1.3562332391738892,0.1208859533071518,0.13859573006629944,-0.0,0.0,0.013229005970060825,0.0,-0.7095075845718384,-0.06804443386633974,-0.00046047089684886355,-0.018310790054178128
1788436459.9161863,-1.3562332391738892,0.1208859533071518,0.13859573006629944,-0.0,0.0,0.010689139366149902,0.0,-0.7015370726585388,-0.06804443386633974,-0.00046047089684886355,-0.018310790054178128
1788436459.9261577,-1.3562332391738892,0.1208859533071518,0.13859573006629944,-0.0,0.0,0.01118231751024723,0.0,-0.6965721845626831,-0.06804443386633974,-0.00046047089684886355,-0.018310790054178128
1788436459.9362054,-1.3562332391738892,0.1208859533071518,0.13859573006629944,-0.0,0.0,0.01118231751024723,0.0,-0.6965721845626831,-0.06804443386633974,-0.00046047089684886355,-0.018310790054178128
1788436459.9471657,-1.3562332391738892,0.1208859533071518,0.13859573006629944,-0.0,0.0,0.01266185101121664,0.0,-0.6847405433654785,-0.06804443386633974,-0.00046047089684886355,-0.018310790054178128
1788436459.956305,-1.2858158349990845,0.11073094606399536,0.13355664908885956,-0.0,0.0,0.012859122827649117,0.0,-0.6799196600914001,-0.07099174428377264,0.00367711779350699,-0.005039073077005796
1788436459.966175,-1.2858158349990845,0.11073094606399536,0.13355664908885956,-0.0,0.0,0.011798789724707603,0.0,-0.6737629771232605,-0.07099174428377264,0.00367711779350699,-0.005039073077005796
1788436459.9761684,-1.2858158349990845,0.11073094606399536,0.13355664908885956,-0.0,0.0,0.011626177467405796,0.0,-0.6674988865852356,-0.07099174428377264,0.00367711779350699,-0.005039073077005796
1788436459.9861715,-1.2858158349990845,0.11073094606399536,0.13355664908885956,-0.0,0.0,0.011798789724707603,0.0,-0.6606422662734985,-0.07099174428377264,0.00367711779350699,-0.005039073077005796
1788436459.9961648,-1.2858158349990845,0.11073094606399536,0.13355664908885956,-0.0,0.0,0.014166044071316719,0.0,-0.6538058519363403,-0.07099174428377264,0.00367711779350699,-0.005039073077005796
1788436460.0064588,-1.2858158349990845,0.11073094606399536,0.13355664908885956,-0.0,0.0,0.014166044071316719,0.0,-0.6538058519363403,-0.07099174428377264,0.00367711779350699,-0.005039073077005796
1788436460.0174184,-1.2858158349990845,0.11073094606399536,0.13355664908885956,-0.0,0.0,0.013771502301096916,0.0,-0.6463531255722046,-0.07099174428377264,0.00367711779350699,-0.005039073077005796
1788436460.0261915,-1.2858158349990845,0.11073094606399536,0.13355664908885956,-0.0,0.0,0.012809804640710354,0.0,-0.6316015720367432,-0.07099174428377264,0.00367711779350699,-0.005039073077005796
1788436460.03669,-1.2858158349990845,0.11073094606399536,0.13355664908885956,-0.0,0.0,0.012809804640710354,0.0,-0.6316015720367432,-0.07099174428377264,0.00367711779350699,-0.005039073077005796
1788436460.0464509,-1.2858158349990845,0.11073094606399536,0.13355664908885956,-0.0,0.0,0.013130370527505875,0.0,-0.6159749627113342,-0.07099174428377264,0.00367711779350699,-0.005039073077005796
1788436460.0562785,-1.220388650894165,0.1153566911816597,0.1356383115053177,-0.0,0.0,0.01256321556866169,0.0,-0.6078260540962219,-0.0651896827941596,-0.002085062534762372,0.0020816600317106193
1788436460.0664341,-1.220388650894165,0.1153566911816597,0.1356383115053177,-0.0,0.0,0.01256321556866169,0.0,-0.6078260540962219,-0.0651896827941596,-0.002085062534762372,0.0020816600317106193
1788436460.0762572,-1.220388650894165,0.1153566911816597,0.1356383115053177,-0.0,0.0,0.013968773186206818,0.0,-0.5909329652786255,-0.0651896827941596,-0.002085062534762372,0.0020816600317106193
1788436460.0861757,-1.220388650894165,0.1153566911816597,0.1356383115053177,-0.0,0.0,0.014733199030160904,0.0,-0.5818801522254944,-0.0651896827941596,-0.002085062534762372,0.0020816600317106193
1788436460.097434,-1.220388650894165,0.1153566911816597,0.1356383115053177,-0.0,0.0,0.014733199030160904,0.0,-0.5818801522254944,-0.0651896827941596,-0.002085062534762372,0.0020816600317106193
1788436460.1073568,-1.220388650894165,0.1153566911816597,0.1356383115053177,-0.0,0.0,0.014659222215414047,0.0,-0.5630317330360413,-0.0651896827941596,-0.002085062534762372,0.0020816600317106193
1788436460.116179,-1.220388650894165,0.1153566911816597,0.1356383115053177,-0.0,0.0,0.014683880843222141,0.0,-0.55331951379776,-0.0651896827941596,-0.002085062534762372,0.0020816600317106193
1788436460.126175,-1.220388650894165,0.1153566911816597,0.1356383115053177,-0.0,0.0,0.013549571856856346,0.0,-0.5438423752784729,-0.0651896827941596,-0.002085062534762372,0.0020816600317106193
1788436460.1364033,-1.220388650894165,0.1153566911816597,0.1356383115053177,-0.0,0.0,0.013549571856856346,0.0,-0.5438423752784729,-0.0651896827941596,-0.002085062534762372,0.0020816600317106193
1788436460.1466587,-1.1620442867279053,0.11757642775774002,0.1362379491329193,-0.0,0.0,0.013524913229048252,0.0,-0.5256299376487732,-0.0582740267946964,-0.001522912252125086,0.0005996346472176839
1788436460.1562648,-1.1620442867279053,0.11757642775774002,0.1362379491329193,-0.0,0.0,0.012760487385094166,0.0,-0.5157935619354248,-0.0582740267946964,-0.001522912252125086,0.0005996346472176839
1788436460.1661744,-1.1620442867279053,0.11757642775774002,0.1362379491329193,-0.0,0.0,0.008839721791446209,0.0,-0.5064155459403992,-0.0582740267946964,-0.001522912252125086,0.0005996346472176839
1788436460.1799262,-1.1620442867279053,0.11757642775774002,0.1362379491329193,-0.0,0.0,0.008839721791446209,0.0,-0.5064155459403992,-0.0582740267946964,-0.001522912252125086,0.0005996346472176839
1788436460.186168,-1.1620442867279053,0.11757642775774002,0.1362379491329193,-0.0,0.0,0.008519156835973263,0.0,-0.4877704083919525,-0.0582740267946964,-0.001522912252125086,0.0005996346472176839
1788436460.1974378,-1.1620442867279053,0.11757642775774002,0.1362379491329193,-0.0,0.0,0.008519156835973263,0.0,-0.4877704083919525,-0.0582740267946964,-0.001522912252125086,0.0005996346472176839
1788436460.2063437,-1.1620442867279053,0.11757642775774002,0.1362379491329193,-0.0,0.0,0.013352300971746445,0.0,-0.46622955799102783,-0.0582740267946964,-0.001522912252125086,0.0005996346472176839
1788436460.2161806,-1.1620442867279053,0.11757642775774002,0.1362379491329193,-0.0,0.0,0.012760487385094166,0.0,-0.45511290431022644,-0.0582740267946964,-0.001522912252125086,0.0005996346472176839
1788436460.2265766,-1.1620442867279053,0.11757642775774002,0.1362379491329193,-0.0,0.0,0.012760487385094166,0.0,-0.45511290431022644,-0.0582740267946964,-0.001522912252125086,0.0005996346472176839
1788436460.2362983,-1.1620442867279053,0.11757642775774002,0.1362379491329193,-0.0,0.0,0.01187276653945446,0.0,-0.4443157911300659,-0.0582740267946964,-0.001522912252125086,0.0005996346472176839
1788436460.246172,-1.1620442867279053,0.11757642775774002,0.1362379491329193,-0.0,0.0,0.012735827825963497,0.0,-0.4227930009365082,-0.0582740267946964,-0.001522912252125086,0.0005996346472176839
1788436460.2584014,-1.1103637218475342,0.1251562237739563,0.14082099497318268,-0.0,0.0,0.012735827825963497,0.0,-0.4227930009365082,-0.05111867618291588,-0.002489659936725619,0.004583041965044554
1788436460.2661994,-1.1103637218475342,0.1251562237739563,0.14082099497318268,-0.0,0.0,0.014190703630447388,0.0,-0.40030255913734436,-0.05111867618291588,-0.002489659936725619,0.004583041965044554
1788436460.27618,-1.1103637218475342,0.1251562237739563,0.14082099497318268,-0.0,0.0,0.013278324156999588,0.0,-0.3900951147079468,-0.05111867618291588,-0.002489659936725619,0.004583041965044554
1788436460.2864523,-1.1103637218475342,0.1251562237739563,0.14082099497318268,-0.0,0.0,0.01086175162345171,0.0,-0.37950414419174194,-0.05111867618291588,-0.002489659936725619,0.004583041965044554
1788436460.297407,-1.1103637218475342,0.1251562237739563,0.14082099497318268,-0.0,0.0,0.01086175162345171,0.0,-0.37950414419174194,-0.05111867618291588,-0.002489659936725619,0.004583041965044554
1788436460.3063824,-1.1103637218475342,0.1251562237739563,0.14082099497318268,-0.0,0.0,0.009801419451832771,0.0,-0.3688089847564697,-0.05111867618291588,-0.002489659936725619,0.004583041965044554
1788436460.3162239,-1.1103637218475342,0.1251562237739563,0.14082099497318268,-0.0,0.0,0.008938358165323734,0.0,-0.34647437930107117,-0.05111867618291588,-0.002489659936725619,0.004583041965044554
1788436460.3285794,-1.1103637218475342,0.1251562237739563,0.14082099497318268,-0.0,0.0,0.008938358165323734,0.0,-0.34647437930107117,-0.05111867618291588,-0.002489659936725619,0.004583041965044554
1788436460.3375034,-1.1103637218475342,0.1251562237739563,0.14082099497318268,-0.0,0.0,0.008321885019540787,0.0,-0.33563560247421265,-0.05111867618291588,-0.002489659936725619,0.004583041965044554
1788436460.3461854,-1.0730929374694824,0.12404432892799377,0.14197520911693573,-0.0,0.0,0.011231635697185993,0.0,-0.32286322116851807,-0.03712827846624189,0.002350564986744186,0.0011542160465802809
1788436460.3563554,-1.0730929374694824,0.12404432892799377,0.14197520911693573,-0.0,0.0,0.011231635697185993,0.0,-0.32286322116851807,-0.03712827846624189,0.002350564986744186,0.0011542160465802809
1788436460.3661969,-1.0730929374694824,0.12404432892799377,0.14197520911693573,-0.0,0.0,0.011700154282152653,0.0,-0.3145206868648529,-0.03712827846624189,0.002350564986744186,0.0011542160465802809
1788436460.3769276,-1.0730929374694824,0.12404432892799377,0.14197520911693573,-0.0,0.0,0.011700154282152653,0.0,-0.3145206868648529,-0.03712827846624189,0.002350564986744186,0.0011542160465802809
1788436460.3864274,-1.0730929374694824,0.12404432892799377,0.14197520911693573,-0.0,0.0,0.009678124450147152,0.0,-0.3002427816390991,-0.03712827846624189,0.002350564986744186,0.0011542160465802809
1788436460.3961573,-1.0730929374694824,0.12404432892799377,0.14197520911693573,-0.0,0.0,0.009406876750290394,0.0,-0.27329954504966736,-0.03712827846624189,0.002350564986744186,0.0011542160465802809
1788436460.406164,-1.0730929374694824,0.12404432892799377,0.14197520911693573,-0.0,0.0,0.007360188290476799,0.0,-0.2661147117614746,-0.03712827846624189,0.002350564986744186,0.0011542160465802809
1788436460.4164824,-1.0730929374694824,0.12404432892799377,0.14197520911693573,-0.0,0.0,0.007360188290476799,0.0,-0.2661147117614746,-0.03712827846624189,0.002350564986744186,0.0011542160465802809
1788436460.4286346,-1.0730929374694824,0.12404432892799377,0.14197520911693573,-0.0,0.0,0.0069409869611263275,0.0,-0.2596956789493561,-0.03712827846624189,0.002350564986744186,0.0011542160465802809
1788436460.4361846,-1.0730929374694824,0.12404432892799377,0.14197520911693573,-0.0,0.0,0.007187576033174992,0.0,-0.24272385239601135,-0.03712827846624189,0.002350564986744186,0.0011542160465802809
1788436460.447232,-1.045185923576355,0.12643444538116455,0.14486707746982574,-0.0,0.0,0.007187576033174992,0.0,-0.24272385239601135,-0.02754580684318686,0.0006329420908817718,0.00289186177025913
1788436460.4563658,-1.045185923576355,0.12643444538116455,0.14486707746982574,-0.0,0.0,0.006275196559727192,0.0,-0.23298287391662598,-0.02754580684318686,0.0006329420908817718,0.00289186177025913
1788436460.4672127,-1.045185923576355,0.12643444538116455,0.14486707746982574,-0.0,0.0,0.005929972045123577,0.0,-0.22491012513637543,-0.02754580684318686,0.0006329420908817718,0.00289186177025913
1788436460.476178,-1.045185923576355,0.12643444538116455,0.14486707746982574,-0.0,0.0,0.005387476179748774,0.0,-0.2080499529838562,-0.02754580684318686,0.0006329420908817718,0.00289186177025913
1788436460.4863849,-1.045185923576355,0.12643444538116455,0.14486707746982574,-0.0,0.0,0.005387476179748774,0.0,-0.2080499529838562,-0.02754580684318686,0.0006329420908817718,0.00289186177025913
1788436460.4972236,-1.045185923576355,0.12643444538116455,0.14486707746982574,-0.0,0.0,0.0029709041118621826,0.0,-0.19156773388385773,-0.02754580684318686,0.0006329420908817718,0.00289186177025913
1788436460.5061793,-1.045185923576355,0.12643444538116455,0.14486707746982574,-0.0,0.0,0.0029709041118621826,0.0,-0.18354876339435577,-0.02754580684318686,0.0006329420908817718,0.00289186177025913
1788436460.5184145,-1.045185923576355,0.12643444538116455,0.14486707746982574,-0.0,0.0,0.0034394231624901295,0.0,-0.17504793405532837,-0.02754580684318686,0.0006329420908817718,0.00289186177025913
1788436460.526197,-1.045185923576355,0.12643444538116455,0.14486707746982574,-0.0,0.0,0.0059546311385929585,0.0,-0.1661880910396576,-0.02754580684318686,0.0006329420908817718,0.00289186177025913
1788436460.5361812,-1.045185923576355,0.12643444538116455,0.14486707746982574,-0.0,0.0,0.006201219744980335,0.0,-0.15787824988365173,-0.02754580684318686,0.0006329420908817718,0.00289186177025913
1788436460.5493934,-1.045185923576355,0.12643444538116455,0.14486707746982574,-0.0,0.0,0.005708042066544294,0.0,-0.1499885767698288,-0.02754580684318686,0.0006329420908817718,0.00289186177025913
1788436460.5584931,-1.0267030000686646,0.1253887116909027,0.14692671597003937,-0.0,0.0,0.005708042066544294,0.0,-0.1499885767698288,-0.01822678284337753,0.0031606370921567484,0.0020596435884732145
1788436460.566192,-1.0267030000686646,0.1253887116909027,0.14692671597003937,-0.0,0.0,0.005732700694352388,0.0,-0.13402414321899414,-0.01822678284337753,0.0031606370921567484,0.0020596435884732145
1788436460.5761607,-1.0267030000686646,0.1253887116909027,0.14692671597003937,-0.0,0.0,0.005806677509099245,0.0,-0.12602029740810394,-0.01822678284337753,0.0031606370921567484,0.0020596435884732145
1788436460.5861754,-1.0267030000686646,0.1253887116909027,0.14692671597003937,-0.0,0.0,0.005831336602568626,0.0,-0.11863799393177032,-0.01822678284337753,0.0031606370921567484,0.0020596435884732145
1788436460.596446,-1.0267030000686646,0.1253887116909027,0.14692671597003937,-0.0,0.0,0.006275196559727192,0.0,-0.11165385693311691,-0.01822678284337753,0.0031606370921567484,0.0020596435884732145
1788436460.6063771,-1.0267030000686646,0.1253887116909027,0.14692671597003937,-0.0,0.0,0.006275196559727192,0.0,-0.10501774400472641,-0.01822678284337753,0.0031606370921567484,0.0020596435884732145
1788436460.6162174,-1.0267030000686646,0.1253887116909027,0.14692671597003937,-0.0,0.0,0.006275196559727192,0.0,-0.10501774400472641,-0.01822678284337753,0.0031606370921567484,0.0020596435884732145
1788436460.6262338,-1.0267030000686646,0.1253887116909027,0.14692671597003937,-0.0,0.0,0.006003948859870434,0.0,-0.09162130206823349,-0.01822678284337753,0.0031606370921567484,0.0020596435884732145
1788436460.6361606,-1.0267030000686646,0.1253887116909027,0.14692671597003937,-0.0,0.0,0.006077925208956003,0.0,-0.08515021950006485,-0.01822678284337753,0.0031606370921567484,0.0020596435884732145
1788436460.6462278,-1.0157142877578735,0.12827040255069733,0.14761047065258026,-0.0,0.0,0.006077925208956003,0.0,-0.08515021950006485,-0.010901248280489995,-0.0021871597850341984,0.0006837614890295995
1788436460.6574872,-1.0157142877578735,0.12827040255069733,0.14761047065258026,-0.0,0.0,0.005338158458471298,0.0,-0.07086487114429474,-0.010901248280489995,-0.0021871597850341984,0.0006837614890295995
1788436460.6661842,-1.0157142877578735,0.12827040255069733,0.14761047065258026,-0.0,0.0,0.004697027150541544,0.0,-0.04752560704946518,-0.010901248280489995,-0.0021871597850341984,0.0006837614890295995
1788436460.6774352,-1.0157142877578735,0.12827040255069733,0.14761047065258026,-0.0,0.0,0.004697027150541544,0.0,-0.04752560704946518,-0.010901248280489995,-0.0021871597850341984,0.0006837614890295995
1788436460.6863432,-1.0157142877578735,0.12827040255069733,0.14761047065258026,-0.0,0.0,0.004992933943867683,0.0,-0.04634310305118561,-0.010901248280489995,-0.0021871597850341984,0.0006837614890295995
1788436460.6961842,-1.0157142877578735,0.12827040255069733,0.14761047065258026,-0.0,0.0,0.004549073521047831,0.0,-0.04390493035316467,-0.010901248280489995,-0.0021871597850341984,0.0006837614890295995
1788436460.7061863,-1.0157142877578735,0.12827040255069733,0.14761047065258026,-0.0,0.0,0.003957259934395552,0.0,-0.037188492715358734,-0.010901248280489995,-0.0021871597850341984,0.0006837614890295995
1788436460.7172215,-1.0157142877578735,0.12827040255069733,0.14761047065258026,-0.0,0.0,0.003957259934395552,0.0,-0.037188492715358734,-0.010901248280489995,-0.0021871597850341984,0.0006837614890295995
1788436460.726168,-1.0157142877578735,0.12827040255069733,0.14761047065258026,-0.0,0.0,0.00314351636916399,0.0,-0.024638062343001366,-0.010901248280489995,-0.0021871597850341984,0.0006837614890295995
1788436460.7383564,-1.0157142877578735,0.12827040255069733,0.14761047065258026,-0.0,0.0,0.0032174931839108467,0.0,-0.02057800255715847,-0.010901248280489995,-0.0021871597850341984,0.0006837614890295995
1788436460.7463195,-1.0157142877578735,0.12827040255069733,0.14761047065258026,-0.0,0.0,0.0032174931839108467,0.0,-0.02057800255715847,-0.010901248280489995,-0.0021871597850341984,0.0006837614890295995
1788436460.7568939,-1.0128930807113647,0.1312011331319809,0.14920958876609802,-0.0,0.0,0.0029215863905847073,0.0,-0.011453217826783657,-0.002612758559633388,-0.001310823165207864,0.0015991099349297322
1788436460.7661765,-1.0128930807113647,0.1312011331319809,0.14920958876609802,-0.0,0.0,0.0018859126139432192,0.0,-0.006545628421008587,-0.002612758559633388,-0.001310823165207864,0.0015991099349297322
1788436460.7764094,-1.0128930807113647,0.1312011331319809,0.14920958876609802,-0.0,0.0,0.0018859126139432192,0.0,-0.006545628421008587,-0.002612758559633388,-0.001310823165207864,0.0015991099349297322
1788436460.7861726,-1.0128930807113647,0.1312011331319809,0.14920958876609802,-0.0,0.0,0.0026503384578973055,0.0,0.0008967754547484219,-0.002612758559633388,-0.001310823165207864,0.0015991099349297322
1788436460.7961822,-1.0128930807113647,0.1312011331319809,0.14920958876609802,-0.0,0.0,0.0013434168649837375,0.0,0.003898189403116703,-0.002612758559633388,-0.001310823165207864,0.0015991099349297322
1788436460.8064587,-1.0128930807113647,0.1312011331319809,0.14920958876609802,-0.0,0.0,0.0013434168649837375,0.0,0.003898189403116703,-0.002612758559633388,-0.001310823165207864,0.0015991099349297322
1788436460.8163738,-1.0128930807113647,0.1312011331319809,0.14920958876609802,-0.0,0.0,0.0016886413795873523,0.0,0.006935760844498873,-0.002612758559633388,-0.001310823165207864,0.0015991099349297322
1788436460.8261836,-1.0128930807113647,0.1312011331319809,0.14920958876609802,-0.0,0.0,0.004129872191697359,0.0,0.011292670853435993,-0.002612758559633388,-0.001310823165207864,0.0015991099349297322
1788436460.8362067,-1.0128930807113647,0.1312011331319809,0.14920958876609802,-0.0,0.0,0.004129872191697359,0.0,0.011292670853435993,-0.002612758559633388,-0.001310823165207864,0.0015991099349297322
1788436460.8463037,-1.0128930807113647,0.1312011331319809,0.14920958876609802,-0.0,0.0,0.004179190378636122,0.0,0.0130678815767169,-0.002612758559633388,-0.001310823165207864,0.0015991099349297322
1788436460.8561711,-1.0128930807113647,0.1312011331319809,0.14920958876609802,-0.0,0.0,0.003784647909924388,0.0,0.016247350722551346,-0.002612758559633388,-0.001310823165207864,0.0015991099349297322
1788436460.8664446,-1.0128930807113647,0.1312011331319809,0.14920958876609802,-0.0,0.0,0.003784647909924388,0.0,0.016247350722551346,-0.002612758559633388,-0.001310823165207864,0.0015991099349297322
1788436460.8763273,-1.0128930807113647,0.1312011331319809,0.14920958876609802,-0.0,0.0,0.00484498031437397,0.0,0.017460685223340988,-0.002612758559633388,-0.001310823165207864,0.0015991099349297322
1788436460.88657,-1.0128930807113647,0.1312011331319809,0.14920958876609802,-0.0,0.0,0.005214863922446966,0.0,0.019754702225327492,-0.002612758559633388,-0.001310823165207864,0.0015991099349297322
1788436460.8963292,-1.0128930807113647,0.1312011331319809,0.14920958876609802,-0.0,0.0,0.005214863922446966,0.0,0.019754702225327492,-0.002612758559633388,-0.001310823165207864,0.0015991099349297322
1788436460.9062328,-1.015460729598999,0.1426234394311905,0.1617002934217453,-0.0,0.0,0.003587376559153199,0.0,0.02161446213722229,0.004269918558207131,0.0012723112957640503,0.012490714521117052
1788436460.9161646,-1.015460729598999,0.1426234394311905,0.1617002934217453,-0.0,0.0,0.00415453128516674,0.0,0.02211422100663185,0.004269918558207131,0.0012723112957640503,0.012490714521117052
1788436460.9261806,-1.015460729598999,0.1426234394311905,0.1617002934217453,-0.0,0.0,0.0025763618759810925,0.0,0.02246875688433647,0.004269918558207131,0.0012723112957640503,0.012490714521117052
1788436460.9363053,-1.015460729598999,0.1426234394311905,0.1617002934217453,-0.0,0.0,0.0025763618759810925,0.0,0.02246875688433647,0.004269918558207131,0.0012723112957640503,0.012490714521117052
1788436460.9464197,-1.015460729598999,0.1426234394311905,0.1617002934217453,-0.0,0.0,0.002477726200595498,0.0,0.02289520390331745,0.004269918558207131,0.0012723112957640503,0.012490714521117052
1788436460.9563081,-1.015460729598999,0.1426234394311905,0.1617002934217453,-0.0,0.0,0.0008995566167868674,0.0,0.024045569822192192,0.004269918558207131,0.0012723112957640503,0.012490714521117052
1788436460.968526,-1.015460729598999,0.1426234394311905,0.1617002934217453,-0.0,0.0,0.0008995566167868674,0.0,0.024045569822192192,0.004269918558207131,0.0012723112957640503,0.012490714521117052
1788436460.981555,-1.015460729598999,0.1426234394311905,0.1617002934217453,-0.0,0.0,0.0016146646812558174,0.0,0.024452244862914085,0.004269918558207131,0.0012723112957640503,0.012490714521117052
1788436460.9864502,-1.0133274793624878,0.13910791277885437,0.15606926381587982,-0.0,0.0,0.001318757887929678,0.0,0.02510111965239048,-0.0029327063411630494,-0.0021883100704160885,-0.005631032206783182
1788436460.9974344,-1.0133274793624878,0.13910791277885437,0.15606926381587982,-0.0,0.0,0.001318757887929678,0.0,0.02510111965239048,-0.0029327063411630494,-0.0021883100704160885,-0.005631032206783182
1788436461.0063362,-1.0133274793624878,0.13910791277885437,0.15606926381587982,-0.0,0.0,0.0008255799184553325,0.0,0.02538326196372509,-0.0029327063411630494,-0.0021883100704160885,-0.005631032206783182
1788436461.0161822,-1.0133274793624878,0.13910791277885437,0.15606926381587982,-0.0,0.0,0.0011708044912666082,0.0,0.02591714821755886,-0.0029327063411630494,-0.0021883100704160885,-0.005631032206783182
1788436461.0274007,-1.0133274793624878,0.13910791277885437,0.15606926381587982,-0.0,0.0,0.0011708044912666082,0.0,0.02591714821755886,-0.0029327063411630494,-0.0021883100704160885,-0.005631032206783182
1788436461.0361438,-1.0133274793624878,0.13910791277885437,0.15606926381587982,-0.0,0.0,-0.0022509037517011166,0.0,0.0263852309435606,-0.0029327063411630494,-0.0021883100704160885,-0.005631032206783182
1788436461.0462081,-1.0133274793624878,0.13910791277885437,0.15606926381587982,-0.0,0.0,-0.0022509037517011166,0.0,0.0263852309435606,-0.0029327063411630494,-0.0021883100704160885,-0.005631032206783182
1788436461.0563128,-1.0165661573410034,0.14029118418693542,0.1571667343378067,-0.0,0.0,-0.002490588231012225,0.0,0.025609275326132774,0.0033920821579747074,-6.755043126477345e-05,0.0010974602956341784
1788436461.0663373,-1.0165661573410034,0.14029118418693542,0.1571667343378067,-0.0,0.0,-0.000892691605258733,0.0,0.023109832778573036,0.0033920821579747074,-6.755043126477345e-05,0.0010974602956341784
1788436461.0761986,-1.0165661573410034,0.14029118418693542,0.1571667343378067,-0.0,0.0,-0.0005997438565827906,0.0,0.022090205922722816,0.0033920821579747074,-6.755043126477345e-05,0.0010974602956341784
1788436461.086686,-1.0165661573410034,0.14029118418693542,0.1571667343378067,-0.0,0.0,0.00023376636090688407,0.0,0.021163931116461754,0.0033920821579747074,-6.755043126477345e-05,0.0010974602956341784
1788436461.0962255,-1.0165661573410034,0.14029118418693542,0.1571667343378067,-0.0,0.0,0.00023376636090688407,0.0,0.021163931116461754,0.0033920821579747074,-6.755043126477345e-05,0.0010974602956341784
1788436461.106216,-1.0165661573410034,0.14029118418693542,0.1571667343378067,-0.0,0.0,0.0004803553456440568,0.0,0.019138239324092865,0.0033920821579747074,-6.755043126477345e-05,0.0010974602956341784
1788436461.1161835,-1.0165661573410034,0.14029118418693542,0.1571667343378067,-0.0,0.0,-6.711165769957006e-05,0.0,0.018130498006939888,0.0033920821579747074,-6.755043126477345e-05,0.0010974602956341784
1788436461.1284027,-1.0165661573410034,0.14029118418693542,0.1571667343378067,-0.0,0.0,-6.711165769957006e-05,0.0,0.018130498006939888,0.0033920821579747074,-6.755043126477345e-05,0.0010974602956341784
1788436461.136285,-1.0165661573410034,0.14029118418693542,0.1571667343378067,-0.0,0.0,0.0004803553456440568,0.0,0.017288310453295708,0.0033920821579747074,-6.755043126477345e-05,0.0010974602956341784
1788436461.14618,-1.0165661573410034,0.14029118418693542,0.1571667343378067,-0.0,0.0,0.0029215863905847073,0.0,0.015350120142102242,0.0033920821579747074,-6.755043126477345e-05,0.0010974602956341784
1788436461.156296,-1.021962285041809,0.1499384194612503,0.163064107298851,-0.0,0.0,0.0029215863905847073,0.0,0.015350120142102242,0.006262584238206026,-0.0036177684017513756,0.005897377520053926
1788436461.1693625,-1.021962285041809,0.1499384194612503,0.163064107298851,-0.0,0.0,0.00030774305923841894,0.0,0.013393512926995754,0.006262584238206026,-0.0036177684017513756,0.005897377520053926
1788436461.1782296,-1.021962285041809,0.1499384194612503,0.163064107298851,-0.0,0.0,0.00030774305923841894,0.0,0.013393512926995754,0.006262584238206026,-0.0036177684017513756,0.005897377520053926
1788436461.1863914,-1.021962285041809,0.1499384194612503,0.163064107298851,-0.0,0.0,-0.0004665858286898583,0.0,0.012587262317538261,0.006262584238206026,-0.0036177684017513756,0.005897377520053926
1788436461.1978292,-1.021962285041809,0.1499384194612503,0.163064107298851,-0.0,0.0,-0.0006263754912652075,0.0,0.011674637906253338,0.006262584238206026,-0.0036177684017513756,0.005897377520053926
1788436461.2061834,-1.021962285041809,0.1499384194612503,0.163064107298851,-0.0,0.0,0.0023051139432936907,0.0,0.009776290506124496,0.006262584238206026,-0.0036177684017513756,0.005897377520053926
1788436461.2178311,-1.021962285041809,0.1499384194612503,0.163064107298851,-0.0,0.0,0.0023051139432936907,0.0,0.009776290506124496,0.006262584238206026,-0.0036177684017513756,0.005897377520053926
1788436461.2261868,-1.021962285041809,0.1499384194612503,0.163064107298851,-0.0,0.0,0.00040637864731252193,0.0,0.008109641261398792,0.006262584238206026,-0.0036177684017513756,0.005897377520053926
1788436461.2365375,-1.021962285041809,0.1499384194612503,0.163064107298851,-0.0,0.0,0.00040637864731252193,0.0,0.008109641261398792,0.006262584238206026,-0.0036177684017513756,0.005897377520053926
1788436461.2462115,-1.021962285041809,0.1499384194612503,0.163064107298851,-0.0,0.0,0.00045569645590148866,0.0,0.0064802272245287895,0.006262584238206026,-0.0036177684017513756,0.005897377520053926
1788436461.256465,-1.0244300365447998,0.14852140843868256,0.16139690577983856,-0.0,0.0,0.00018444856686983258,0.0,0.005716715008020401,0.0022187292554609606,-0.00029070919560580943,-0.001667193269681011
1788436461.2662048,-1.0244300365447998,0.14852140843868256,0.16139690577983856,-0.0,0.0,1.1836271369247697e-05,0.0,0.005089363548904657,0.0022187292554609606,-0.00029070919560580943,-0.001667193269681011
1788436461.2765296,-1.0244300365447998,0.14852140843868256,0.16139690577983856,-0.0,0.0,0.0003817197575699538,0.0,0.004520186688750982,0.0022187292554609606,-0.00029070919560580943,-0.001667193269681011
1788436461.2867544,-1.0244300365447998,0.14852140843868256,0.16139690577983856,-0.0,0.0,0.0003817197575699538,0.0,0.004520186688750982,0.0022187292554609606,-0.00029070919560580943,-0.001667193269681011
1788436461.2966485,-1.0244300365447998,0.14852140843868256,0.16139690577983856,-0.0,0.0,0.0002091074566124007,0.0,0.003999135922640562,0.0022187292554609606,-0.00029070919560580943,-0.001667193269681011
1788436461.3061726,-1.0244300365447998,0.14852140843868256,0.16139690577983856,-0.0,0.0,-0.008882175199687481,0.0,0.002990890759974718,0.0022187292554609606,-0.00029070919560580943,-0.001667193269681011
1788436461.3163083,-1.0244300365447998,0.14852140843868256,0.16139690577983856,-0.0,0.0,-0.008882175199687481,0.0,0.002990890759974718,0.0022187292554609606,-0.00029070919560580943,-0.001667193269681011
1788436461.3264244,-1.0244300365447998,0.14852140843868256,0.16139690577983856,-0.0,0.0,-0.008988701738417149,0.0,0.0025210792664438486,0.0022187292554609606,-0.00029070919560580943,-0.001667193269681011
1788436461.3363864,-1.0244300365447998,0.14852140843868256,0.16139690577983856,-0.0,0.0,-0.0006263754912652075,0.0,0.0017795762978494167,0.0022187292554609606,-0.00029070919560580943,-0.001667193269681011
1788436461.3463318,-1.0251809358596802,0.1463448852300644,0.16076777875423431,-0.0,0.0,-0.0006263754912652075,0.0,0.0017795762978494167,0.0006585725524375086,0.001531583159124994,-0.0006291392533013251
1788436461.3568573,-1.0251809358596802,0.1463448852300644,0.16076777875423431,-0.0,0.0,6.11540672252886e-05,0.0,0.0012214281596243382,0.0006585725524375086,0.001531583159124994,-0.0006291392533013251
1788436461.3662,-1.0251809358596802,0.1463448852300644,0.16076777875423431,-0.0,0.0,6.11540672252886e-05,0.0,0.0012214281596243382,0.0006585725524375086,0.001531583159124994,-0.0006291392533013251
1788436461.377104,-1.0251809358596802,0.1463448852300644,0.16076777875423431,-0.0,0.0,0.0010968277929350734,0.0,0.0007602054974995553,0.0006585725524375086,0.001531583159124994,-0.0006291392533013251
1788436461.3864226,-1.0251809358596802,0.1463448852300644,0.16076777875423431,-0.0,0.0,0.0011214867699891329,0.0,0.0005789208225905895,0.0006585725524375086,0.001531583159124994,-0.0006291392533013251
1788436461.3962805,-1.0251809358596802,0.1463448852300644,0.16076777875423431,-0.0,0.0,-0.0023574302904307842,0.0,0.00040665638516657054,0.0006585725524375086,0.001531583159124994,-0.0006291392533013251
1788436461.4094334,-1.0251809358596802,0.1463448852300644,0.16076777875423431,-0.0,0.0,-0.0029433255549520254,0.0,0.0002675599534995854,0.0006585725524375086,0.001531583159124994,-0.0006291392533013251
1788436461.4164016,-1.0251809358596802,0.1463448852300644,0.16076777875423431,-0.0,0.0,-0.003955326974391937,0.0,0.00014784926315769553,0.0006585725524375086,0.001531583159124994,-0.0006291392533013251
1788436461.4262025,-1.0251809358596802,0.1463448852300644,0.16076777875423431,-0.0,0.0,-0.000945954816415906,0.0,3.7476020224858075e-05,0.0006585725524375086,0.001531583159124994,-0.0006291392533013251
1788436461.4361904,-1.0251809358596802,0.1463448852300644,0.16076777875423431,-0.0,0.0,-0.0015851134667173028,0.0,-4.9832167860586196e-05,0.0006585725524375086,0.001531583159124994,-0.0006291392533013251
1788436461.4481204,-1.023205280303955,0.14633333683013916,0.16369837522506714,-0.0,0.0,-0.0015851134667173028,0.0,-4.9832167860586196e-05,-0.0015512035895146603,0.0030107708151438373,0.0029305986403151962
1788436461.4563136,-1.023205280303955,0.14633333683013916,0.16369837522506714,-0.0,0.0,-0.0008127967594191432,0.0,-0.00013714036322198808,-0.0015512035895146603,0.0030107708151438373,0.0029305986403151962
1788436461.466192,-1.023205280303955,0.14633333683013916,0.16369837522506714,-0.0,0.0,0.0016146646812558174,0.0,-0.0003117567393928766,-0.0015512035895146603,0.0030107708151438373,0.0029305986403151962
1788436461.4774122,-1.023205280303955,0.14633333683013916,0.16369837522506714,-0.0,0.0,0.0016146646812558174,0.0,-0.0003117567393928766,-0.0015512035895146603,0.0030107708151438373,0.0029305986403151962
1788436461.4861755,-1.023205280303955,0.14633333683013916,0.16369837522506714,-0.0,0.0,-0.0001203748834086582,0.0,-0.00048637311556376517,-0.0015512035895146603,0.0030107708151438373,0.0029305986403151962
1788436461.4961357,-1.023205280303955,0.14633333683013916,0.16369837522506714,-0.0,0.0,0.0018119359156116843,0.0,-0.0005736813182011247,-0.0015512035895146603,0.0030107708151438373,0.0029305986403151962
1788436461.506875,-1.023205280303955,0.14633333683013916,0.16369837522506714,-0.0,0.0,0.0018119359156116843,0.0,-0.0005736813182011247,-0.0015512035895146603,0.0030107708151438373,0.0029305986403151962
1788436461.516303,-1.023205280303955,0.14633333683013916,0.16369837522506714,-0.0,0.0,0.0018119359156116843,0.0,-0.0006059754523448646,-0.0015512035895146603,0.0030107708151438373,0.0029305986403151962
1788436461.5261824,-1.023205280303955,0.14633333683013916,0.16369837522506714,-0.0,0.0,-0.0006263754912652075,0.0,-0.000640067330095917,-0.0015512035895146603,0.0030107708151438373,0.0029305986403151962
1788436461.53741,-1.023205280303955,0.14633333683013916,0.16369837522506714,-0.0,0.0,-0.0006263754912652075,0.0,-0.000640067330095917,-0.0015512035895146603,0.0030107708151438373,0.0029305986403151962
1788436461.546178,-1.0249414443969727,0.1455867439508438,0.16262850165367126,-0.0,0.0,0.00045569645590148866,0.0,-0.000640067330095917,0.0015798913687565808,-0.000349878362444489,-0.00106987220538457
1788436461.556171,-1.0249414443969727,0.1455867439508438,0.16262850165367126,-0.0,0.0,0.0009735333151184022,0.0,-0.000640067330095917,0.0015798913687565808,-0.000349878362444489,-0.00106987220538457
1788436461.566187,-1.0249414443969727,0.1455867439508438,0.16262850165367126,-0.0,0.0,0.0017626180779188871,0.0,-0.000640067330095917,0.0015798913687565808,-0.000349878362444489,-0.00106987220538457
1788436461.5788727,-1.0249414443969727,0.1455867439508438,0.16262850165367126,-0.0,0.0,0.0017626180779188871,0.0,-0.000640067330095917,0.0015798913687565808,-0.000349878362444489,-0.00106987220538457
1788436461.5861123,-1.0249414443969727,0.1455867439508438,0.16262850165367126,-0.0,0.0,0.001565346959978342,0.0,-0.000640067330095917,0.0015798913687565808,-0.000349878362444489,-0.00106987220538457
1788436461.5961764,-1.0249414443969727,0.1455867439508438,0.16262850165367126,-0.0,0.0,0.0018119359156116843,0.0,-0.000640067330095917,0.0015798913687565808,-0.000349878362444489,-0.00106987220538457
1788436461.6064632,-1.0249414443969727,0.1455867439508438,0.16262850165367126,-0.0,0.0,0.0018119359156116843,0.0,-0.000640067330095917,0.0015798913687565808,-0.000349878362444489,-0.00106987220538457
1788436461.6179523,-1.0249414443969727,0.1455867439508438,0.16262850165367126,-0.0,0.0,0.0024530673399567604,0.0,-0.000640067330095917,0.0015798913687565808,-0.000349878362444489,-0.00106987220538457
1788436461.6261525,-1.0249414443969727,0.1455867439508438,0.16262850165367126,-0.0,0.0,3.649517020676285e-05,0.0,-0.000640067330095917,0.0015798913687565808,-0.000349878362444489,-0.00106987220538457
1788436461.6384609,-1.0249414443969727,0.1455867439508438,0.16262850165367126,-0.0,0.0,3.649517020676285e-05,0.0,-0.000640067330095917,0.0015798913687565808,-0.000349878362444489,-0.00106987220538457
1788436461.6464117,-1.0230765342712402,0.14722000062465668,0.1631956398487091,-0.0,0.0,-0.0021976404823362827,0.0,-0.000640067330095917,-0.0017816162112473943,-0.0010530081738363561,0.0005671356492915614
1788436461.6561801,-1.0230765342712402,0.14722000062465668,0.1631956398487091,-0.0,0.0,-0.0008660599705763161,0.0,-0.000640067330095917,-0.0017816162112473943,-0.0010530081738363561,0.0005671356492915614
1788436461.6685052,-1.0230765342712402,0.14722000062465668,0.1631956398487091,-0.0,0.0,-0.0008660599705763161,0.0,-0.000640067330095917,-0.0017816162112473943,-0.0010530081738363561,0.0005671356492915614
1788436461.6762474,-1.0230765342712402,0.14722000062465668,0.1631956398487091,-0.0,0.0,-0.0004665858286898583,0.0,-0.000640067330095917,-0.0017816162112473943,-0.0010530081738363561,0.0005671356492915614
1788436461.686174,-1.0230765342712402,0.14722000062465668,0.1631956398487091,-0.0,0.0,-0.0008660599705763161,0.0,-0.000640067330095917,-0.0017816162112473943,-0.0010530081738363561,0.0005671356492915614
1788436461.6972647,-1.0230765342712402,0.14722000062465668,0.1631956398487091,-0.0,0.0,-0.0008660599705763161,0.0,-0.000640067330095917,-0.0017816162112473943,-0.0010530081738363561,0.0005671356492915614
1788436461.7065709,-1.0230765342712402,0.14722000062465668,0.1631956398487091,-0.0,0.0,-0.005899434443563223,0.0,-0.000640067330095917,-0.0017816162112473943,-0.0010530081738363561,0.0005671356492915614
1788436461.7162142,-1.0230765342712402,0.14722000062465668,0.1631956398487091,-0.0,0.0,-0.004914064891636372,0.0,-0.000640067330095917,-0.0017816162112473943,-0.0010530081738363561,0.0005671356492915614
1788436461.7262926,-1.0230765342712402,0.14722000062465668,0.1631956398487091,-0.0,0.0,0.0008009210578165948,0.0,-0.000640067330095917,-0.0017816162112473943,-0.0010530081738363561,0.0005671356492915614
1788436461.736139,-1.0230765342712402,0.14722000062465668,0.1631956398487091,-0.0,0.0,0.0010228510946035385,0.0,-0.000640067330095917,-0.0017816162112473943,-0.0010530081738363561,0.0005671356492915614
1788436461.7461638,-1.0230329036712646,0.14828738570213318,0.16192375123500824,-0.0,0.0,0.0008255799184553325,0.0,-0.000640067330095917,-0.0002330692415943858,-0.002368444761372268,-0.0012718853466653357
1788436461.7561736,-1.0230329036712646,0.14828738570213318,0.16192375123500824,-0.0,0.0,0.00072694435948506,0.0,-0.000640067330095917,-0.0002330692415943858,-0.002368444761372268,-0.0012718853466653357
1788436461.7664127,-1.0230329036712646,0.14828738570213318,0.16192375123500824,-0.0,0.0,0.00072694435948506,0.0,-0.000640067330095917,-0.0002330692415943858,-0.002368444761372268,-0.0012718853466653357
1788436461.7769308,-1.0230329036712646,0.14828738570213318,0.16192375123500824,-0.0,0.0,-0.0007861651247367263,0.0,-0.000640067330095917,-0.0002330692415943858,-0.002368444761372268,-0.0012718853466653357
1788436461.7865057,-1.0230329036712646,0.14828738570213318,0.16192375123500824,-0.0,0.0,-0.00028016456053592265,0.0,-0.000640067330095917,-0.0002330692415943858,-0.002368444761372268,-0.0012718853466653357
1788436461.797505,-1.0230329036712646,0.14828738570213318,0.16192375123500824,-0.0,0.0,-0.00028016456053592265,0.0,-0.000640067330095917,-0.0002330692415943858,-0.002368444761372268,-0.0012718853466653357
1788436461.80916,-1.0230329036712646,0.14828738570213318,0.16192375123500824,-0.0,0.0,0.0014667112845927477,0.0,-0.000640067330095917,-0.0002330692415943858,-0.002368444761372268,-0.0012718853466653357
1788436461.8162923,-1.0230329036712646,0.14828738570213318,0.16192375123500824,-0.0,0.0,0.0017872770549729466,0.0,-0.000640067330095917,-0.0002330692415943858,-0.002368444761372268,-0.0012718853466653357
1788436461.827452,-1.0230329036712646,0.14828738570213318,0.16192375123500824,-0.0,0.0,0.0017872770549729466,0.0,-0.000640067330095917,-0.0002330692415943858,-0.002368444761372268,-0.0012718853466653357
1788436461.8362582,-1.0230329036712646,0.14828738570213318,0.16192375123500824,-0.0,0.0,0.0002091074566124007,0.0,-0.000640067330095917,-0.0002330692415943858,-0.002368444761372268,-0.0012718853466653357
1788436461.8463187,-1.0235581398010254,0.1468798667192459,0.16181689500808716,-0.0,0.0,-0.00033342777169309556,0.0,-0.000640067330095917,0.000509525680672196,0.0012981356545828104,-0.00010685909860264076
1788436461.8564465,-1.0235581398010254,0.1468798667192459,0.16181689500808716,-0.0,0.0,-0.0011057445080950856,0.0,-0.000640067330095917,0.000509525680672196,0.0012981356545828104,-0.00010685909860264076
1788436461.8662698,-1.0235581398010254,0.1468798667192459,0.16181689500808716,-0.0,0.0,-0.00043995422311127186,0.0,-0.000640067330095917,0.000509525680672196,0.0012981356545828104,-0.00010685909860264076
1788436461.876355,-1.0235581398010254,0.1468798667192459,0.16181689500808716,-0.0,0.0,0.0008502388373017311,0.0,-0.000640067330095917,0.000509525680672196,0.0012981356545828104,-0.00010685909860264076
1788436461.8861775,-1.0235581398010254,0.1468798667192459,0.16181689500808716,-0.0,0.0,0.00072694435948506,0.0,-0.000640067330095917,0.000509525680672196,0.0012981356545828104,-0.00010685909860264076
1788436461.896209,-1.0235581398010254,0.1468798667192459,0.16181689500808716,-0.0,0.0,0.0003817197575699538,0.0,-0.000640067330095917,0.000509525680672196,0.0012981356545828104,-0.00010685909860264076
1788436461.906255,-1.0235581398010254,0.1468798667192459,0.16181689500808716,-0.0,0.0,0.0003817197575699538,0.0,-0.000640067330095917,0.000509525680672196,0.0012981356545828104,-0.00010685909860264076
1788436461.916327,-1.0235581398010254,0.1468798667192459,0.16181689500808716,-0.0,0.0,0.0014173935633152723,0.0,-0.000640067330095917,0.000509525680672196,0.0012981356545828104,-0.00010685909860264076
1788436461.9284508,-1.0235581398010254,0.1468798667192459,0.16181689500808716,-0.0,0.0,0.0014173935633152723,0.0,-0.000640067330095917,0.000509525680672196,0.0012981356545828104,-0.00010685909860264076
1788436461.9361842,-1.0235581398010254,0.1468798667192459,0.16181689500808716,-0.0,0.0,0.0008009210578165948,0.0,-0.000640067330095917,0.000509525680672196,0.0012981356545828104,-0.00010685909860264076
1788436461.9462264,-1.0235581398010254,0.1468798667192459,0.16181689500808716,-0.0,0.0,0.00011047186853829771,0.0,-0.000640067330095917,0.000509525680672196,0.0012981356545828104,-0.00010685909860264076
1788436461.957537,-1.0221292972564697,0.14566642045974731,0.1616239994764328,-0.0,0.0,0.00011047186853829771,0.0,-0.000640067330095917,-0.0014569921343570158,0.0010162848741366859,-0.0001928972607059265
1788436461.9662778,-1.0221292972564697,0.14566642045974731,0.1616239994764328,-0.0,0.0,-0.00043995422311127186,0.0,-0.000640067330095917,-0.0014569921343570158,0.0010162848741366859,-0.0001928972607059265
1788436461.9804,-1.0221292972564697,0.14566642045974731,0.1616239994764328,-0.0,0.0,-0.00043995422311127186,0.0,-0.000640067330095917,-0.0014569921343570158,0.0010162848741366859,-0.0001928972607059265
1788436461.9866958,-1.0221292972564697,0.14566642045974731,0.1616239994764328,-0.0,0.0,-0.00022690132027491927,0.0,-0.000640067330095917,-0.0014569921343570158,0.0010162848741366859,-0.0001928972607059265
1788436461.9964604,-1.0221292972564697,0.14566642045974731,0.1616239994764328,-0.0,0.0,-0.000919323181733489,0.0,-0.000640067330095917,-0.0014569921343570158,0.0010162848741366859,-0.0001928972607059265
1788436462.0061626,-1.0221292972564697,0.14566642045974731,0.1616239994764328,-0.0,0.0,-0.0011856392957270145,0.0,-0.000640067330095917,-0.0014569921343570158,0.0010162848741366859,-0.0001928972607059265
1788436462.0174868,-1.0221292972564697,0.14566642045974731,0.1616239994764328,-0.0,0.0,-0.0011856392957270145,0.0,-0.000640067330095917,-0.0014569921343570158,0.0010162848741366859,-0.0001928972607059265
1788436462.0262616,-1.0221292972564697,0.14566642045974731,0.1616239994764328,-0.0,0.0,0.00035706086782738566,0.0,-0.000640067330095917,-0.0014569921343570158,0.0010162848741366859,-0.0001928972607059265
1788436462.0361955,-1.0221292972564697,0.14566642045974731,0.1616239994764328,-0.0,0.0,0.0001597896625753492,0.0,-0.000640067330095917,-0.0014569921343570158,0.0010162848741366859,-0.0001928972607059265
1788436462.046339,-1.0221292972564697,0.14566642045974731,0.1616239994764328,-0.0,0.0,0.0006283087423071265,0.0,-0.000640067330095917,-0.0014569921343570158,0.0010162848741366859,-0.0001928972607059265
1788436462.0562794,-1.0250798463821411,0.14611025154590607,0.16151092946529388,-0.0,0.0,-0.0005464806454256177,0.0,-0.000640067330095917,0.0029340711544720843,-0.0005597288593828798,-0.00011305952791662577
1788436462.0661685,-1.0250798463821411,0.14611025154590607,0.16151092946529388,-0.0,0.0,0.0005543320439755917,0.0,-0.000640067330095917,0.0029340711544720843,-0.0005597288593828798,-0.00011305952791662577
1788436462.0761833,-1.0250798463821411,0.14611025154590607,0.16151092946529388,-0.0,0.0,-0.0006796387024223804,0.0,-0.000640067330095917,0.0029340711544720843,-0.0005597288593828798,-0.00011305952791662577
1788436462.0863688,-1.0250798463821411,0.14611025154590607,0.16151092946529388,-0.0,0.0,-0.0006796387024223804,0.0,-0.000640067330095917,0.0029340711544720843,-0.0005597288593828798,-0.00011305952791662577
1788436462.0962005,-1.0250798463821411,0.14611025154590607,0.16151092946529388,-0.0,0.0,0.0002830841694958508,0.0,-0.000640067330095917,0.0029340711544720843,-0.0005597288593828798,-0.00011305952791662577
1788436462.1061795,-1.0250798463821411,0.14611025154590607,0.16151092946529388,-0.0,0.0,0.0003817197575699538,0.0,-0.000640067330095917,0.0029340711544720843,-0.0005597288593828798,-0.00011305952791662577
1788436462.1162772,-1.0250798463821411,0.14611025154590607,0.16151092946529388,-0.0,0.0,0.0003817197575699538,0.0,-0.000640067330095917,0.0029340711544720843,-0.0005597288593828798,-0.00011305952791662577
1788436462.1261816,-1.0250798463821411,0.14611025154590607,0.16151092946529388,-0.0,0.0,0.0021818194072693586,0.0,-0.000640067330095917,0.0029340711544720843,-0.0005597288593828798,-0.00011305952791662577
1788436462.1361723,-1.0250798463821411,0.14611025154590607,0.16151092946529388,-0.0,0.0,0.0024037493858486414,0.0,-0.000640067330095917,0.0029340711544720843,-0.0005597288593828798,-0.00011305952791662577
1788436462.1462235,-1.0250798463821411,0.14611025154590607,0.16151092946529388,-0.0,0.0,0.0024037493858486414,0.0,-0.000640067330095917,0.0029340711544720843,-0.0005597288593828798,-0.00011305952791662577
1788436462.157465,-1.0239789485931396,0.14452357590198517,0.16098181903362274,-0.0,0.0,0.0020585248712450266,0.0,-0.000640067330095917,-0.001177565306882844,0.0010449041927970693,-0.0005291137658329781
1788436462.166173,-1.0239789485931396,0.14452357590198517,0.16098181903362274,-0.0,0.0,0.00018444856686983258,0.0,-0.000640067330095917,-0.001177565306882844,0.0010449041927970693,-0.0005291137658329781
1788436462.1795883,-1.0239789485931396,0.14452357590198517,0.16098181903362274,-0.0,0.0,0.00018444856686983258,0.0,-0.000640067330095917,-0.001177565306882844,0.0010449041927970693,-0.0005291137658329781
1788436462.1861823,-1.0239789485931396,0.14452357590198517,0.16098181903362274,-0.0,0.0,-0.00043995422311127186,0.0,-0.000640067330095917,-0.001177565306882844,0.0010449041927970693,-0.0005291137658329781
1788436462.196188,-1.0239789485931396,0.14452357590198517,0.16098181903362274,-0.0,0.0,0.0008502388373017311,0.0,-0.000640067330095917,-0.001177565306882844,0.0010449041927970693,-0.0005291137658329781
1788436462.2061725,-1.0239789485931396,0.14452357590198517,0.16098181903362274,-0.0,0.0,0.0011214867699891329,0.0,-0.000640067330095917,-0.001177565306882844,0.0010449041927970693,-0.0005291137658329781
1788436462.2171164,-1.0239789485931396,0.14452357590198517,0.16098181903362274,-0.0,0.0,0.0011214867699891329,0.0,-0.000640067330095917,-0.001177565306882844,0.0010449041927970693,-0.0005291137658329781
1788436462.2263389,-1.0239789485931396,0.14452357590198517,0.16098181903362274,-0.0,0.0,0.0014667112845927477,0.0,-0.000640067330095917,-0.001177565306882844,0.0010449041927970693,-0.0005291137658329781
1788436462.236197,-1.0239789485931396,0.14452357590198517,0.16098181903362274,-0.0,0.0,-0.003662379225715995,0.0,-0.0005973961669951677,-0.001177565306882844,0.0010449041927970693,-0.0005291137658329781
1788436462.2474098,-1.0216933488845825,0.14554506540298462,0.16129043698310852,-0.0,0.0,-0.003662379225715995,0.0,-0.0005973961669951677,-0.002240701293728886,-0.0007061753125590653,0.0003086232317115467
1788436462.256235,-1.0216933488845825,0.14554506540298462,0.16129043698310852,-0.0,0.0,0.0009981922339648008,0.0,-0.0005547250038944185,-0.002240701293728886,-0.0007061753125590653,0.0003086232317115467
1788436462.266173,-1.0216933488845825,0.14554506540298462,0.16129043698310852,-0.0,0.0,0.0017872770549729466,0.0,-0.0005333894514478743,-0.002240701293728886,-0.0007061753125590653,0.0003086232317115467
1788436462.2765865,-1.0216933488845825,0.14554506540298462,0.16129043698310852,-0.0,0.0,0.0017872770549729466,0.0,-0.0005333894514478743,-0.002240701293728886,-0.0007061753125590653,0.0003086232317115467
1788436462.286373,-1.0216933488845825,0.14554506540298462,0.16129043698310852,-0.0,0.0,0.0010721689322963357,0.0,-0.0005120538407936692,-0.002240701293728886,-0.0007061753125590653,0.0003086232317115467
1788436462.2961702,-1.0216933488845825,0.14554506540298462,0.16129043698310852,-0.0,0.0,0.00011047186853829771,0.0,-0.0004693827067967504,-0.002240701293728886,-0.0007061753125590653,0.0003086232317115467
1788436462.3077013,-1.0216933488845825,0.14554506540298462,0.16129043698310852,-0.0,0.0,-0.0008660599705763161,0.0,-0.0004480471252463758,-0.002240701293728886,-0.0007061753125590653,0.0003086232317115467
1788436462.3162987,-1.0216933488845825,0.14554506540298462,0.16129043698310852,-0.0,0.0,-0.0008660599705763161,0.0,-0.0004480471252463758,-0.002240701293728886,-0.0007061753125590653,0.0003086232317115467
1788436462.3261714,-1.0216933488845825,0.14554506540298462,0.16129043698310852,-0.0,0.0,0.0006776265217922628,0.0,-0.00040537596214562654,-0.002240701293728886,-0.0007061753125590653,0.0003086232317115467
1788436462.3361902,-1.0216933488845825,0.14554506540298462,0.16129043698310852,-0.0,0.0,0.0012694401666522026,0.0,-0.0003840403805952519,-0.002240701293728886,-0.0007061753125590653,0.0003086232317115467
1788436462.3461716,-1.0216933488845825,0.14554506540298462,0.16129043698310852,-0.0,0.0,0.0007762621389701962,0.0,-0.0003627047990448773,-0.002240701293728886,-0.0007061753125590653,0.0003086232317115467
1788436462.356212,-1.0219051837921143,0.1425648331642151,0.16105146706104279,-0.0,0.0,-0.0017449031583964825,0.0,-0.0003413692465983331,0.0001778008968384981,0.002736037099401345,-0.00023897436122677362
1788436462.3664536,-1.0219051837921143,0.1425648331642151,0.16105146706104279,-0.0,0.0,-0.0011856392957270145,0.0,-0.0003200336650479585,0.0001778008968384981,0.002736037099401345,-0.00023897436122677362
1788436462.3783338,-1.0219051837921143,0.1425648331642151,0.16105146706104279,-0.0,0.0,-0.0011856392957270145,0.0,-0.0003200336650479585,0.0001778008968384981,0.002736037099401345,-0.00023897436122677362
1788436462.3878574,-1.0219051837921143,0.1425648331642151,0.16105146706104279,-0.0,0.0,-0.0014253237750381231,0.0,-0.00029869808349758387,0.0001778008968384981,0.002736037099401345,-0.00023897436122677362
1788436462.3961852,-1.0219051837921143,0.1425648331642151,0.16105146706104279,-0.0,0.0,-9.374327055411413e-05,0.0,-0.0002560269203968346,0.0001778008968384981,0.002736037099401345,-0.00023897436122677362
1788436462.4062982,-1.0219051837921143,0.1425648331642151,0.16105146706104279,-0.0,0.0,-9.374327055411413e-05,0.0,-0.0002560269203968346,0.0001778008968384981,0.002736037099401345,-0.00023897436122677362
1788436462.4161763,-1.0219051837921143,0.1425648331642151,0.16105146706104279,-0.0,0.0,8.581297151977196e-05,0.0,-0.00021335577184800059,0.0001778008968384981,0.002736037099401345,-0.00023897436122677362
1788436462.4261713,-1.0219051837921143,0.1425648331642151,0.16105146706104279,-0.0,0.0,-0.003209641668945551,0.0,-0.00019202019029762596,0.0001778008968384981,0.002736037099401345,-0.00023897436122677362
1788436462.4364314,-1.0219051837921143,0.1425648331642151,0.16105146706104279,-0.0,0.0,-0.003209641668945551,0.0,-0.00019202019029762596,0.0001778008968384981,0.002736037099401345,-0.00023897436122677362
1788436462.4463346,-1.0219051837921143,0.1425648331642151,0.16105146706104279,-0.0,0.0,-0.0016383767360821366,0.0,-0.00017068462329916656,0.0001778008968384981,0.002736037099401345,-0.00023897436122677362
1788436462.4563327,-1.0221561193466187,0.14324872195720673,0.1617063730955124,-0.0,0.0,0.0010968277929350734,0.0,-0.0001280134601984173,0.0003445057314015454,-1.4444013248182674e-05,0.0006549062529539462
1788436462.468504,-1.0221561193466187,0.14324872195720673,0.1617063730955124,-0.0,0.0,0.0010968277929350734,0.0,-0.0001280134601984173,0.0003445057314015454,-1.4444013248182674e-05,0.0006549062529539462
1788436462.4764345,-1.0221561193466187,0.14324872195720673,0.1617063730955124,-0.0,0.0,-0.0003866909828502685,0.0,-0.00010667788592400029,0.0003445057314015454,-1.4444013248182674e-05,0.0006549062529539462
1788436462.486406,-1.0221561193466187,0.14324872195720673,0.1617063730955124,-0.0,0.0,-0.00017363810911774635,0.0,-6.400673009920865e-05,0.0003445057314015454,-1.4444013248182674e-05,0.0006549062529539462
1788436462.497496,-1.0221561193466187,0.14324872195720673,0.1617063730955124,-0.0,0.0,-0.00017363810911774635,0.0,-6.400673009920865e-05,0.0003445057314015454,-1.4444013248182674e-05,0.0006549062529539462
1788436462.5061922,-1.0221561193466187,0.14324872195720673,0.1617063730955124,-0.0,0.0,-0.0009725864510983229,0.0,-2.133557791239582e-05,0.0003445057314015454,-1.4444013248182674e-05,0.0006549062529539462
1788436462.5161753,-1.0221561193466187,0.14324872195720673,0.1617063730955124,-0.0,0.0,-9.374327055411413e-05,0.0,-1.8027683854868236e-15,0.0003445057314015454,-1.4444013248182674e-05,0.0006549062529539462
1788436462.5262213,-1.0221561193466187,0.14324872195720673,0.1617063730955124,-0.0,0.0,-0.0013720606220886111,0.0,-1.8027683854868236e-15,0.0003445057314015454,-1.4444013248182674e-05,0.0006549062529539462
1788436462.537429,-1.0221561193466187,0.14324872195720673,0.1617063730955124,-0.0,0.0,-0.0013720606220886111,0.0,-1.8027683854868236e-15,0.0003445057314015454,-1.4444013248182674e-05,0.0006549062529539462
1788436462.5461812,-1.0221561193466187,0.14324872195720673,0.1617063730955124,-0.0,0.0,-0.0013454289874061942,0.0,-1.8027683854868236e-15,0.0003445057314015454,-1.4444013248182674e-05,0.0006549062529539462
1788436462.5561683,-1.0245294570922852,0.14633125066757202,0.16228331625461578,-0.0,0.0,-0.002011219272390008,0.0,-1.8027683854868236e-15,0.0024575356903526746,-0.0024914078644755477,0.0005769465619147596
1788436462.5663655,-1.0245294570922852,0.14633125066757202,0.16228331625461578,-0.0,0.0,-0.002011219272390008,0.0,-1.8027683854868236e-15,0.0024575356903526746,-0.0024914078644755477,0.0005769465619147596
1788436462.5784192,-1.0245294570922852,0.14633125066757202,0.16228331625461578,-0.0,0.0,-0.002171008847653866,0.0,-1.8027683854868236e-15,0.0024575356903526746,-0.0024914078644755477,0.0005769465619147596
1788436462.5861657,-1.0245294570922852,0.14633125066757202,0.16228331625461578,-0.0,0.0,0.00023376636090688407,0.0,-1.8027683854868236e-15,0.0024575356903526746,-0.0024914078644755477,0.0005769465619147596
1788436462.5983877,-1.0245294570922852,0.14633125066757202,0.16228331625461578,-0.0,0.0,0.0008009210578165948,0.0,-1.8027683854868236e-15,0.0024575356903526746,-0.0024914078644755477,0.0005769465619147596
1788436462.609376,-1.0245294570922852,0.14633125066757202,0.16228331625461578,-0.0,0.0,0.00033240194898098707,0.0,-1.8027683854868236e-15,0.0024575356903526746,-0.0024914078644755477,0.0005769465619147596
1788436462.6161847,-1.0245294570922852,0.14633125066757202,0.16228331625461578,-0.0,0.0,-0.0004665858286898583,0.0,-1.8027683854868236e-15,0.0024575356903526746,-0.0024914078644755477,0.0005769465619147596
1788436462.6262174,-1.0245294570922852,0.14633125066757202,0.16228331625461578,-0.0,0.0,-0.0003067961661145091,0.0,-1.8027683854868236e-15,0.0024575356903526746,-0.0024914078644755477,0.0005769465619147596
1788436462.6364117,-1.0245294570922852,0.14633125066757202,0.16228331625461578,-0.0,0.0,0.0014173935633152723,0.0,-1.8027683854868236e-15,0.0024575356903526746,-0.0024914078644755477,0.0005769465619147596
1788436462.6461713,-1.0262246131896973,0.14701299369335175,0.162454754114151,-0.0,0.0,0.0016146646812558174,0.0,-1.8027683854868236e-15,0.0017203143046680136,-0.0005058113970834999,0.00017143523408869044
1788436462.6605694,-1.0262246131896973,0.14701299369335175,0.162454754114151,-0.0,0.0,0.0016146646812558174,0.0,-1.8027683854868236e-15,0.0017203143046680136,-0.0005058113970834999,0.00017143523408869044
1788436462.6661744,-1.0262246131896973,0.14701299369335175,0.162454754114151,-0.0,0.0,0.00018444856686983258,0.0,-1.8027683854868236e-15,0.0017203143046680136,-0.0005058113970834999,0.00017143523408869044
1788436462.6761856,-1.0262246131896973,0.14701299369335175,0.162454754114151,-0.0,0.0,-0.0003067961661145091,0.0,-1.8027683854868236e-15,0.0017203143046680136,-0.0005058113970834999,0.00017143523408869044
1788436462.6861677,-1.0262246131896973,0.14701299369335175,0.162454754114151,-0.0,0.0,3.649517020676285e-05,0.0,-1.8027683854868236e-15,0.0017203143046680136,-0.0005058113970834999,0.00017143523408869044
1788436462.697115,-1.0262246131896973,0.14701299369335175,0.162454754114151,-0.0,0.0,3.649517020676285e-05,0.0,-1.8027683854868236e-15,0.0017203143046680136,-0.0005058113970834999,0.00017143523408869044
1788436462.7061746,-1.0262246131896973,0.14701299369335175,0.162454754114151,-0.0,0.0,0.0023297728039324284,0.0,-1.8027683854868236e-15,0.0017203143046680136,-0.0005058113970834999,0.00017143523408869044
1788436462.716163,-1.0262246131896973,0.14701299369335175,0.162454754114151,-0.0,0.0,0.0017133003566414118,0.0,-1.8027683854868236e-15,0.0017203143046680136,-0.0005058113970834999,0.00017143523408869044
1788436462.726411,-1.0262246131896973,0.14701299369335175,0.162454754114151,-0.0,0.0,0.0017133003566414118,0.0,-1.8027683854868236e-15,0.0017203143046680136,-0.0005058113970834999,0.00017143523408869044
1788436462.7383776,-1.0262246131896973,0.14701299369335175,0.162454754114151,-0.0,0.0,0.002477726200595498,0.0,-1.8027683854868236e-15,0.0017203143046680136,-0.0005058113970834999,0.00017143523408869044
1788436462.7461843,-1.0253173112869263,0.1480444371700287,0.1622224897146225,-0.0,0.0,0.00035706086782738566,0.0,-1.8027683854868236e-15,-0.0009416824476946584,-0.0012695789287867076,-0.00023226938484643966
1788436462.756454,-1.0253173112869263,0.1480444371700287,0.1622224897146225,-0.0,0.0,0.00035706086782738566,0.0,-1.8027683854868236e-15,-0.0009416824476946584,-0.0012695789287867076,-0.00023226938484643966
1788436462.7662816,-1.0253173112869263,0.1480444371700287,0.1622224897146225,-0.0,0.0,-0.0010791128734126687,0.0,-1.8027683854868236e-15,-0.0009416824476946584,-0.0012695789287867076,-0.00023226938484643966
1788436462.7800434,-1.0253173112869263,0.1480444371700287,0.1622224897146225,-0.0,0.0,-0.0010791128734126687,0.0,-1.8027683854868236e-15,-0.0009416824476946584,-0.0012695789287867076,-0.00023226938484643966
1788436462.7864869,-1.0253173112869263,0.1480444371700287,0.1622224897146225,-0.0,0.0,-0.004674380179494619,0.0,-1.8027683854868236e-15,-0.0009416824476946584,-0.0012695789287867076,-0.00023226938484643966
1788436462.7985616,-1.0253173112869263,0.1480444371700287,0.1622224897146225,-0.0,0.0,-0.004674380179494619,0.0,-1.8027683854868236e-15,-0.0009416824476946584,-0.0012695789287867076,-0.00023226938484643966
1788436462.8062196,-1.0253173112869263,0.1480444371700287,0.1622224897146225,-0.0,0.0,-0.005446697119623423,0.0,-1.8027683854868236e-15,-0.0009416824476946584,-0.0012695789287867076,-0.00023226938484643966
1788436462.8174188,-1.0253173112869263,0.1480444371700287,0.1622224897146225,-0.0,0.0,-0.005446697119623423,0.0,-1.8027683854868236e-15,-0.0009416824476946584,-0.0012695789287867076,-0.00023226938484643966
1788436462.826172,-1.0253173112869263,0.1480444371700287,0.1622224897146225,-0.0,0.0,-0.0028101676143705845,0.0,-1.8027683854868236e-15,-0.0009416824476946584,-0.0012695789287867076,-0.00023226938484643966
1788436462.8361616,-1.0253173112869263,0.1480444371700287,0.1622224897146225,-0.0,0.0,-0.0015318503137677908,0.0,-1.8027683854868236e-15,-0.0009416824476946584,-0.0012695789287867076,-0.00023226938484643966
1788436462.846163,-1.0253173112869263,0.1480444371700287,0.1622224897146225,-0.0,0.0,-0.0015318503137677908,0.0,-1.8027683854868236e-15,-0.0009416824476946584,-0.0012695789287867076,-0.00023226938484643966
1788436462.856351,-1.023486614227295,0.14264123141765594,0.16255496442317963,-0.0,0.0,-0.0015318503137677908,0.0,-1.8027683854868236e-15,-0.00178327081854035,0.005743483317514453,0.0003324749084079315
1788436462.8665836,-1.023486614227295,0.14264123141765594,0.16255496442317963,-0.0,0.0,-0.0022775353863835335,0.0,-1.8027683854868236e-15,-0.00178327081854035,0.005743483317514453,0.0003324749084079315
1788436462.876765,-1.023486614227295,0.14264123141765594,0.16255496442317963,-0.0,0.0,-0.004381432663649321,0.0,-1.8027683854868236e-15,-0.00178327081854035,0.005743483317514453,0.0003324749084079315
1788436462.886284,-1.023486614227295,0.14264123141765594,0.16255496442317963,-0.0,0.0,-0.004381432663649321,0.0,-1.8027683854868236e-15,-0.00178327081854035,0.005743483317514453,0.0003324749084079315
1788436462.8985083,-1.023486614227295,0.14264123141765594,0.16255496442317963,-0.0,0.0,-0.005340170580893755,0.0,-1.8027683854868236e-15,-0.00178327081854035,0.005743483317514453,0.0003324749084079315
1788436462.9062924,-1.023486614227295,0.14264123141765594,0.16255496442317963,-0.0,0.0,-0.004567854106426239,0.0,-1.8027683854868236e-15,-0.00178327081854035,0.005743483317514453,0.0003324749084079315
1788436462.916302,-1.023486614227295,0.14264123141765594,0.16255496442317963,-0.0,0.0,-0.004567854106426239,0.0,-1.8027683854868236e-15,-0.00178327081854035,0.005743483317514453,0.0003324749084079315
1788436462.9274821,-1.023486614227295,0.14264123141765594,0.16255496442317963,-0.0,0.0,-0.0040884846821427345,0.0,-1.8027683854868236e-15,-0.00178327081854035,0.005743483317514453,0.0003324749084079315
1788436462.936171,-1.023486614227295,0.14264123141765594,0.16255496442317963,-0.0,0.0,-0.005073854699730873,0.0,-1.8027683854868236e-15,-0.00178327081854035,0.005743483317514453,0.0003324749084079315
1788436462.9462566,-1.023486614227295,0.14264123141765594,0.16255496442317963,-0.0,0.0,-0.005073854699730873,0.0,-1.8027683854868236e-15,-0.00178327081854035,0.005743483317514453,0.0003324749084079315
1788436462.9584322,-1.0203750133514404,0.14791736006736755,0.16353777050971985,-0.0,0.0,-0.005233644042164087,0.0,-1.8027683854868236e-15,-0.002966738904267352,-0.004273217539255081,0.0009828056966441068
1788436462.966499,-1.0203750133514404,0.14791736006736755,0.16353777050971985,-0.0,0.0,-0.003609115956351161,0.0,-1.8027683854868236e-15,-0.002966738904267352,-0.004273217539255081,0.0009828056966441068
1788436462.9804823,-1.0203750133514404,0.14791736006736755,0.16353777050971985,-0.0,0.0,-0.003609115956351161,0.0,-1.8027683854868236e-15,-0.002966738904267352,-0.004273217539255081,0.0009828056966441068
1788436462.9862716,-1.0203750133514404,0.14791736006736755,0.16353777050971985,-0.0,0.0,-0.0029965888243168592,0.0,-1.8027683854868236e-15,-0.002966738904267352,-0.004273217539255081,0.0009828056966441068
1788436462.9964225,-1.0203750133514404,0.14791736006736755,0.16353777050971985,-0.0,0.0,-0.004727643448859453,0.0,-1.8027683854868236e-15,-0.002966738904267352,-0.004273217539255081,0.0009828056966441068
1788436463.006175,-1.0203750133514404,0.14791736006736755,0.16353777050971985,-0.0,0.0,-0.004860801622271538,0.0,-1.8027683854868236e-15,-0.002966738904267352,-0.004273217539255081,0.0009828056966441068
1788436463.0161874,-1.0203750133514404,0.14791736006736755,0.16353777050971985,-0.0,0.0,-0.0034759577829390764,0.0,-1.8027683854868236e-15,-0.002966738904267352,-0.004273217539255081,0.0009828056966441068
1788436463.0261817,-1.0203750133514404,0.14791736006736755,0.16353777050971985,-0.0,0.0,-0.0034226947464048862,0.0,-1.8027683854868236e-15,-0.002966738904267352,-0.004273217539255081,0.0009828056966441068
1788436463.0361817,-1.0203750133514404,0.14791736006736755,0.16353777050971985,-0.0,0.0,-0.003129746997728944,0.0,-1.8027683854868236e-15,-0.002966738904267352,-0.004273217539255081,0.0009828056966441068
1788436463.046222,-1.0203750133514404,0.14791736006736755,0.16353777050971985,-0.0,0.0,-0.003129746997728944,0.0,-1.8027683854868236e-15,-0.002966738904267352,-0.004273217539255081,0.0009828056966441068
1788436463.0573254,-1.0221189260482788,0.14430385828018188,0.16114076972007751,-0.0,0.0,-0.0033960631117224693,0.0,-1.8027683854868236e-15,0.0013950725928704166,0.001163891127736294,-0.002397004241162737
1788436463.0661829,-1.0221189260482788,0.14430385828018188,0.16114076972007751,-0.0,0.0,-0.004035221878439188,0.0,-1.8027683854868236e-15,0.0013950725928704166,0.001163891127736294,-0.002397004241162737
1788436463.0764472,-1.0221189260482788,0.14430385828018188,0.16114076972007751,-0.0,0.0,-0.004035221878439188,0.0,-1.8027683854868236e-15,0.0013950725928704166,0.001163891127736294,-0.002397004241162737
1788436463.0874722,-1.0221189260482788,0.14430385828018188,0.16114076972007751,-0.0,0.0,-0.005233644042164087,0.0,-1.8027683854868236e-15,0.0013950725928704166,0.001163891127736294,-0.002397004241162737
1788436463.096177,-1.0221189260482788,0.14430385828018188,0.16114076972007751,-0.0,0.0,-0.0054733287543058395,0.0,-1.8027683854868236e-15,0.0013950725928704166,0.001163891127736294,-0.002397004241162737
1788436463.1080441,-1.0221189260482788,0.14430385828018188,0.16114076972007751,-0.0,0.0,-0.0054733287543058395,0.0,-1.8027683854868236e-15,0.0013950725928704166,0.001163891127736294,-0.002397004241162737
1788436463.1170866,-1.0221189260482788,0.14430385828018188,0.16114076972007751,-0.0,0.0,-0.004487959202378988,0.0,-1.8027683854868236e-15,0.0013950725928704166,0.001163891127736294,-0.002397004241162737
1788436463.1264129,-1.0221189260482788,0.14430385828018188,0.16114076972007751,-0.0,0.0,-0.003955326974391937,0.0,-1.8027683854868236e-15,0.0013950725928704166,0.001163891127736294,-0.002397004241162737
1788436463.1379702,-1.0221189260482788,0.14430385828018188,0.16114076972007751,-0.0,0.0,-0.003955326974391937,0.0,-1.8027683854868236e-15,0.0013950725928704166,0.001163891127736294,-0.002397004241162737
1788436463.1461763,-1.0221189260482788,0.14430385828018188,0.16114076972007751,-0.0,0.0,-0.004274906124919653,0.0,-1.8027683854868236e-15,0.0013950725928704166,0.001163891127736294,-0.002397004241162737
1788436463.156181,-1.0227031707763672,0.14498090744018555,0.16283538937568665,-0.0,0.0,-0.008562595583498478,0.0,-1.8027683854868236e-15,0.0008284446164488202,0.0010562496902002394,0.0016946199451686184
1788436463.1663604,-1.0227031707763672,0.14498090744018555,0.16283538937568665,-0.0,0.0,-0.008562595583498478,0.0,-1.8027683854868236e-15,0.0008284446164488202,0.0010562496902002394,0.0016946199451686184
1788436463.1764627,-1.0227031707763672,0.14498090744018555,0.16283538937568665,-0.0,0.0,-0.008695753291249275,0.0,-1.8027683854868236e-15,0.0008284446164488202,0.0010562496902002394,0.0016946199451686184
1788436463.1865087,-1.0227031707763672,0.14498090744018555,0.16283538937568665,-0.0,0.0,-0.0032895365729928017,0.0,-1.8027683854868236e-15,0.0008284446164488202,0.0010562496902002394,0.0016946199451686184
1788436463.1962044,-1.0227031707763672,0.14498090744018555,0.16283538937568665,-0.0,0.0,-0.0034759577829390764,0.0,-1.8027683854868236e-15,0.0008284446164488202,0.0010562496902002394,0.0016946199451686184
1788436463.2061956,-1.0227031707763672,0.14498090744018555,0.16283538937568665,-0.0,0.0,-0.0046211169101297855,0.0,-1.8027683854868236e-15,0.0008284446164488202,0.0010562496902002394,0.0016946199451686184
1788436463.2172694,-1.0227031707763672,0.14498090744018555,0.16283538937568665,-0.0,0.0,-0.0046211169101297855,0.0,-1.8027683854868236e-15,0.0008284446164488202,0.0010562496902002394,0.0016946199451686184
1788436463.226195,-1.0227031707763672,0.14498090744018555,0.16283538937568665,-0.0,0.0,-0.0027835359796881676,0.0,-1.8027683854868236e-15,0.0008284446164488202,0.0010562496902002394,0.0016946199451686184
1788436463.2381055,-1.0227031707763672,0.14498090744018555,0.16283538937568665,-0.0,0.0,-0.0027835359796881676,0.0,-1.8027683854868236e-15,0.0008284446164488202,0.0010562496902002394,0.0016946199451686184
1788436463.2463102,-1.023485779762268,0.14624740183353424,0.16275638341903687,-0.0,0.0,-0.0035025894176214933,0.0,-1.8027683854868236e-15,0.0007710286750131079,-0.0013473482286030514,-7.900181857900535e-05
1788436463.2564573,-1.023485779762268,0.14624740183353424,0.16275638341903687,-0.0,0.0,-0.004914064891636372,0.0,-1.8027683854868236e-15,0.0007710286750131079,-0.0013473482286030514,-7.900181857900535e-05
1788436463.266197,-1.023485779762268,0.14624740183353424,0.16275638341903687,-0.0,0.0,-0.004248274490237236,0.0,-1.8027683854868236e-15,0.0007710286750131079,-0.0013473482286030514,-7.900181857900535e-05
1788436463.2763658,-1.023485779762268,0.14624740183353424,0.16275638341903687,-0.0,0.0,-0.004248274490237236,0.0,-1.8027683854868236e-15,0.0007710286750131079,-0.0013473482286030514,-7.900181857900535e-05
1788436463.2861843,-1.023485779762268,0.14624740183353424,0.16275638341903687,-0.0,0.0,-0.004328169394284487,0.0,-1.8027683854868236e-15,0.0007710286750131079,-0.0013473482286030514,-7.900181857900535e-05
1788436463.297464,-1.023485779762268,0.14624740183353424,0.16275638341903687,-0.0,0.0,-0.004328169394284487,0.0,-1.8027683854868236e-15,0.0007710286750131079,-0.0013473482286030514,-7.900181857900535e-05
1788436463.3075771,-1.023485779762268,0.14624740183353424,0.16275638341903687,-0.0,0.0,-0.004993959795683622,0.0,-1.8027683854868236e-15,0.0007710286750131079,-0.0013473482286030514,-7.900181857900535e-05
1788436463.3161778,-1.023485779762268,0.14624740183353424,0.16275638341903687,-0.0,0.0,-0.00430153775960207,0.0,-1.8027683854868236e-15,0.0007710286750131079,-0.0013473482286030514,-7.900181857900535e-05
1788436463.326171,-1.023485779762268,0.14624740183353424,0.16275638341903687,-0.0,0.0,-0.0046211169101297855,0.0,-1.8027683854868236e-15,0.0007710286750131079,-0.0013473482286030514,-7.900181857900535e-05
1788436463.3383307,-1.023485779762268,0.14624740183353424,0.16275638341903687,-0.0,0.0,-0.0046211169101297855,0.0,-1.8027683854868236e-15,0.0007710286750131079,-0.0013473482286030514,-7.900181857900535e-05
1788436463.3479562,-1.023485779762268,0.14624740183353424,0.16275638341903687,-0.0,0.0,-0.004780906718224287,0.0,-1.8027683854868236e-15,0.0007710286750131079,-0.0013473482286030514,-7.900181857900535e-05
1788436463.3561754,-1.023332953453064,0.1457250565290451,0.16366343200206757,-0.0,0.0,-0.004567854106426239,0.0,-1.8027683854868236e-15,-2.0999130695864565e-05,0.0014506209139290571,0.000907044940538615
1788436463.366292,-1.023332953453064,0.1457250565290451,0.16366343200206757,-0.0,0.0,-0.004567854106426239,0.0,-1.8027683854868236e-15,-2.0999130695864565e-05,0.0014506209139290571,0.000907044940538615
1788436463.3787344,-1.023332953453064,0.1457250565290451,0.16366343200206757,-0.0,0.0,-0.004541222471743822,0.0,-1.8027683854868236e-15,-2.0999130695864565e-05,0.0014506209139290571,0.000907044940538615
1788436463.3861828,-1.023332953453064,0.1457250565290451,0.16366343200206757,-0.0,0.0,-0.0046477485448122025,0.0,-1.8027683854868236e-15,-2.0999130695864565e-05,0.0014506209139290571,0.000907044940538615
1788436463.3985395,-1.023332953453064,0.1457250565290451,0.16366343200206757,-0.0,0.0,-0.0046477485448122025,0.0,-1.8027683854868236e-15,-2.0999130695864565e-05,0.0014506209139290571,0.000907044940538615
1788436463.4062626,-1.023332953453064,0.1457250565290451,0.16366343200206757,-0.0,0.0,-0.004727643448859453,0.0,-1.8027683854868236e-15,-2.0999130695864565e-05,0.0014506209139290571,0.000907044940538615
1788436463.4161828,-1.023332953453064,0.1457250565290451,0.16366343200206757,-0.0,0.0,-0.004487959202378988,0.0,-1.8027683854868236e-15,-2.0999130695864565e-05,0.0014506209139290571,0.000907044940538615
1788436463.4264987,-1.023332953453064,0.1457250565290451,0.16366343200206757,-0.0,0.0,-0.004487959202378988,0.0,-1.8027683854868236e-15,-2.0999130695864565e-05,0.0014506209139290571,0.000907044940538615
1788436463.4361837,-1.023332953453064,0.1457250565290451,0.16366343200206757,-0.0,0.0,-0.0040884846821427345,0.0,-1.8027683854868236e-15,-2.0999130695864565e-05,0.0014506209139290571,0.000907044940538615
1788436463.446192,-1.0235339403152466,0.14591708779335022,0.16254748404026031,-0.0,0.0,-0.0038754320703446865,0.0,-1.8027683854868236e-15,3.749576439537883e-05,-0.0013341587140078826,-0.0011159486482652525
1788436463.456644,-1.0235339403152466,0.14591708779335022,0.16254748404026031,-0.0,0.0,-0.0038754320703446865,0.0,-1.8027683854868236e-15,3.749576439537883e-05,-0.0013341587140078826,-0.0011159486482652525
1788436463.4662242,-1.0235339403152466,0.14591708779335022,0.16254748404026031,-0.0,0.0,-0.007470699492841959,0.0,-1.8027683854868236e-15,3.749576439537883e-05,-0.0013341587140078826,-0.0011159486482652525
1788436463.4762642,-1.0235339403152466,0.14591708779335022,0.16254748404026031,-0.0,0.0,-0.008402805775403976,0.0,-1.8027683854868236e-15,3.749576439537883e-05,-0.0013341587140078826,-0.0011159486482652525
1788436463.486185,-1.0235339403152466,0.14591708779335022,0.16254748404026031,-0.0,0.0,-0.0038221688009798527,0.0,-1.8027683854868236e-15,3.749576439537883e-05,-0.0013341587140078826,-0.0011159486482652525
1788436463.4963052,-1.0235339403152466,0.14591708779335022,0.16254748404026031,-0.0,0.0,-0.0038221688009798527,0.0,-1.8027683854868236e-15,3.749576439537883e-05,-0.0013341587140078826,-0.0011159486482652525
1788436463.5061874,-1.0235339403152466,0.14591708779335022,0.16254748404026031,-0.0,0.0,-0.0032895365729928017,0.0,-1.8027683854868236e-15,3.749576439537883e-05,-0.0013341587140078826,-0.0011159486482652525
1788436463.5161903,-1.0235339403152466,0.14591708779335022,0.16254748404026031,-0.0,0.0,-0.0044346959330141544,0.0,-1.8027683854868236e-15,3.749576439537883e-05,-0.0013341587140078826,-0.0011159486482652525
1788436463.5275033,-1.0235339403152466,0.14591708779335022,0.16254748404026031,-0.0,0.0,-0.0044346959330141544,0.0,-1.8027683854868236e-15,3.749576439537883e-05,-0.0013341587140078826,-0.0011159486482652525
1788436463.5362637,-1.0235339403152466,0.14591708779335022,0.16254748404026031,-0.0,0.0,-0.004860801622271538,0.0,-1.8027683854868236e-15,3.749576439537883e-05,-0.0013341587140078826,-0.0011159486482652525
1788436463.5461762,-1.0236674547195435,0.14657407999038696,0.16261319816112518,-0.0,0.0,-0.005659749731421471,0.0,-1.8027683854868236e-15,0.00014314908870605159,-0.00058972400684143,6.571770281116329e-05
1788436463.5572684,-1.0236674547195435,0.14657407999038696,0.16261319816112518,-0.0,0.0,-0.005659749731421471,0.0,-1.8027683854868236e-15,0.00014314908870605159,-0.00058972400684143,6.571770281116329e-05
1788436463.567039,-1.0236674547195435,0.14657407999038696,0.16261319816112518,-0.0,0.0,-0.0040884846821427345,0.0,-1.8027683854868236e-15,0.00014314908870605159,-0.00058972400684143,6.571770281116329e-05
1788436463.578421,-1.0236674547195435,0.14657407999038696,0.16261319816112518,-0.0,0.0,-0.004141747951507568,0.0,-1.8027683854868236e-15,0.00014314908870605159,-0.00058972400684143,6.571770281116329e-05
1788436463.5863664,-1.0236674547195435,0.14657407999038696,0.16261319816112518,-0.0,0.0,-0.0032895365729928017,0.0,-1.8027683854868236e-15,0.00014314908870605159,-0.00058972400684143,6.571770281116329e-05
1788436463.5973532,-1.0236674547195435,0.14657407999038696,0.16261319816112518,-0.0,0.0,-0.003662379225715995,0.0,-1.8027683854868236e-15,0.00014314908870605159,-0.00058972400684143,6.571770281116329e-05
1788436463.6061914,-1.0236674547195435,0.14657407999038696,0.16261319816112518,-0.0,0.0,-0.0033960631117224693,0.0,-1.8027683854868236e-15,0.00014314908870605159,-0.00058972400684143,6.571770281116329e-05
1788436463.6174054,-1.0236674547195435,0.14657407999038696,0.16261319816112518,-0.0,0.0,-0.0033960631117224693,0.0,-1.8027683854868236e-15,0.00014314908870605159,-0.00058972400684143,6.571770281116329e-05
1788436463.6261747,-1.0236674547195435,0.14657407999038696,0.16261319816112518,-0.0,0.0,-0.004035221878439188,0.0,-1.8027683854868236e-15,0.00014314908870605159,-0.00058972400684143,6.571770281116329e-05
1788436463.6361954,-1.0236674547195435,0.14657407999038696,0.16261319816112518,-0.0,0.0,-0.004541222471743822,0.0,-1.8027683854868236e-15,0.00014314908870605159,-0.00058972400684143,6.571770281116329e-05
1788436463.6494222,-1.0236674547195435,0.14657407999038696,0.16261319816112518,-0.0,0.0,-0.003582484321668744,0.0,-1.8027683854868236e-15,0.00014314908870605159,-0.00058972400684143,6.571770281116329e-05
1788436463.656164,-1.023595929145813,0.14411473274230957,0.16121898591518402,-0.0,0.0,-0.008349542506039143,0.0,-1.8027683854868236e-15,-0.0002735147247694414,0.001032384030561495,-0.0013942079100397464
1788436463.666498,-1.023595929145813,0.14411473274230957,0.16121898591518402,-0.0,0.0,-0.008349542506039143,0.0,-1.8027683854868236e-15,-0.0002735147247694414,0.001032384030561495,-0.0013942079100397464
1788436463.676192,-1.023595929145813,0.14411473274230957,0.16121898591518402,-0.0,0.0,-0.008562595583498478,0.0,-1.8027683854868236e-15,-0.0002735147247694414,0.001032384030561495,-0.0013942079100397464
1788436463.6862285,-1.023595929145813,0.14411473274230957,0.16121898591518402,-0.0,0.0,-0.008562595583498478,0.0,-1.8027683854868236e-15,-0.0002735147247694414,0.001032384030561495,-0.0013942079100397464
1788436463.6973128,-1.023595929145813,0.14411473274230957,0.16121898591518402,-0.0,0.0,-0.004328169394284487,0.0,-1.8027683854868236e-15,-0.0002735147247694414,0.001032384030561495,-0.0013942079100397464
1788436463.7061605,-1.023595929145813,0.14411473274230957,0.16121898591518402,-0.0,0.0,-0.003662379225715995,0.0,-1.8027683854868236e-15,-0.0002735147247694414,0.001032384030561495,-0.0013942079100397464
1788436463.7176638,-1.023595929145813,0.14411473274230957,0.16121898591518402,-0.0,0.0,-0.003662379225715995,0.0,-1.8027683854868236e-15,-0.0002735147247694414,0.001032384030561495,-0.0013942079100397464
1788436463.7263696,-1.023595929145813,0.14411473274230957,0.16121898591518402,-0.0,0.0,-0.00475427508354187,0.0,-1.8027683854868236e-15,-0.0002735147247694414,0.001032384030561495,-0.0013942079100397464
1788436463.7361708,-1.023595929145813,0.14411473274230957,0.16121898591518402,-0.0,0.0,-0.004594485741108656,0.0,-1.8027683854868236e-15,-0.0002735147247694414,0.001032384030561495,-0.0013942079100397464
1788436463.7462373,-1.0244392156600952,0.14315076172351837,0.1613980233669281,-0.0,0.0,-0.004594485741108656,0.0,-1.8027683854868236e-15,0.0008688974237893721,0.0011473898492662116,0.00017903168723432117
1788436463.7561793,-1.0244392156600952,0.14315076172351837,0.1613980233669281,-0.0,0.0,-0.006272276863455772,0.0,-1.8027683854868236e-15,0.0008688974237893721,0.0011473898492662116,0.00017903168723432117
1788436463.7661932,-1.0244392156600952,0.14315076172351837,0.1613980233669281,-0.0,0.0,-0.005819539539515972,0.0,-1.8027683854868236e-15,0.0008688974237893721,0.0011473898492662116,0.00017903168723432117
1788436463.7762249,-1.0244392156600952,0.14315076172351837,0.1613980233669281,-0.0,0.0,-0.005952697712928057,0.0,-1.8027683854868236e-15,0.0008688974237893721,0.0011473898492662116,0.00017903168723432117
1788436463.7863626,-1.0244392156600952,0.14315076172351837,0.1613980233669281,-0.0,0.0,-0.005659749731421471,0.0,-1.8027683854868236e-15,0.0008688974237893721,0.0011473898492662116,0.00017903168723432117
1788436463.7962265,-1.0244392156600952,0.14315076172351837,0.1613980233669281,-0.0,0.0,-0.0062456452287733555,0.0,-1.8027683854868236e-15,0.0008688974237893721,0.0011473898492662116,0.00017903168723432117
1788436463.8061812,-1.0244392156600952,0.14315076172351837,0.1613980233669281,-0.0,0.0,-0.0051803807727992535,0.0,-1.8027683854868236e-15,0.0008688974237893721,0.0011473898492662116,0.00017903168723432117
1788436463.816171,-1.0244392156600952,0.14315076172351837,0.1613980233669281,-0.0,0.0,-0.003981958609074354,0.0,-1.8027683854868236e-15,0.0008688974237893721,0.0011473898492662116,0.00017903168723432117
1788436463.8261685,-1.0244392156600952,0.14315076172351837,0.1613980233669281,-0.0,0.0,-0.0040884846821427345,0.0,-1.8027683854868236e-15,0.0008688974237893721,0.0011473898492662116,0.00017903168723432117
1788436463.836214,-1.0244392156600952,0.14315076172351837,0.1613980233669281,-0.0,0.0,-0.00430153775960207,0.0,-1.8027683854868236e-15,0.0008688974237893721,0.0011473898492662116,0.00017903168723432117
1788436463.8474472,-1.0244392156600952,0.14315076172351837,0.1613980233669281,-0.0,0.0,-0.00430153775960207,0.0,-1.8027683854868236e-15,0.0008688974237893721,0.0011473898492662116,0.00017903168723432117
1788436463.8569152,-1.0244768857955933,0.14484862983226776,0.1610727310180664,-0.0,0.0,-0.003955326974391937,0.0,-1.8027683854868236e-15,-9.459940849554371e-06,-0.002031117128768467,-0.00032528374362339463
1788436463.8661876,-1.0244768857955933,0.14484862983226776,0.1610727310180664,-0.0,0.0,-0.005233644042164087,0.0,-1.8027683854868236e-15,-9.459940849554371e-06,-0.002031117128768467,-0.00032528374362339463
1788436463.8763669,-1.0244768857955933,0.14484862983226776,0.1610727310180664,-0.0,0.0,-0.005233644042164087,0.0,-1.8027683854868236e-15,-9.459940849554371e-06,-0.002031117128768467,-0.00032528374362339463
1788436463.8863811,-1.0244768857955933,0.14484862983226776,0.1610727310180664,-0.0,0.0,-0.0060059609822928905,0.0,-1.8027683854868236e-15,-9.459940849554371e-06,-0.002031117128768467,-0.00032528374362339463
1788436463.8967023,-1.0244768857955933,0.14484862983226776,0.1610727310180664,-0.0,0.0,-0.00430153775960207,0.0,-1.8027683854868236e-15,-9.459940849554371e-06,-0.002031117128768467,-0.00032528374362339463
1788436463.9062912,-1.0244768857955933,0.14484862983226776,0.1610727310180664,-0.0,0.0,-0.00430153775960207,0.0,-1.8027683854868236e-15,-9.459940849554371e-06,-0.002031117128768467,-0.00032528374362339463
1788436463.916172,-1.0244768857955933,0.14484862983226776,0.1610727310180664,-0.0,0.0,-0.003981958609074354,0.0,-1.8027683854868236e-15,-9.459940849554371e-06,-0.002031117128768467,-0.00032528374362339463
1788436463.9263961,-1.0244768857955933,0.14484862983226776,0.1610727310180664,-0.0,0.0,-0.003981958609074354,0.0,-1.8027683854868236e-15,-9.459940849554371e-06,-0.002031117128768467,-0.00032528374362339463
1788436463.936263,-1.0244768857955933,0.14484862983226776,0.1610727310180664,-0.0,0.0,-0.00475427508354187,0.0,-1.8027683854868236e-15,-9.459940849554371e-06,-0.002031117128768467,-0.00032528374362339463
1788436463.9464717,-1.024816632270813,0.14588592946529388,0.16262319684028625,-0.0,0.0,-0.004035221878439188,0.0,-1.8027683854868236e-15,0.0005647120557588092,0.0005518178292178155,0.0015504635697896063
1788436463.9561667,-1.024816632270813,0.14588592946529388,0.16262319684028625,-0.0,0.0,-0.0009992180857807398,0.0,-1.8027683854868236e-15,0.0005647120557588092,0.0005518178292178155,0.0015504635697896063
1788436463.9664366,-1.024816632270813,0.14588592946529388,0.16262319684028625,-0.0,0.0,-0.002543851500377059,0.0,-1.8027683854868236e-15,0.0005647120557588092,0.0005518178292178155,0.0015504635697896063
1788436463.9762075,-1.024816632270813,0.14588592946529388,0.16262319684028625,-0.0,0.0,-0.0013454289874061942,0.0,-1.8027683854868236e-15,0.0005647120557588092,0.0005518178292178155,0.0015504635697896063
1788436463.9870872,-1.024816632270813,0.14588592946529388,0.16262319684028625,-0.0,0.0,-0.0013454289874061942,0.0,-1.8027683854868236e-15,0.0005647120557588092,0.0005518178292178155,0.0015504635697896063
1788436463.9961715,-1.024816632270813,0.14588592946529388,0.16262319684028625,-0.0,0.0,-0.003635747591033578,0.0,-1.8027683854868236e-15,0.0005647120557588092,0.0005518178292178155,0.0015504635697896063
1788436464.0062342,-1.024816632270813,0.14588592946529388,0.16262319684028625,-0.0,0.0,-0.003635747591033578,0.0,-1.8027683854868236e-15,0.0005647120557588092,0.0005518178292178155,0.0015504635697896063
1788436464.0162349,-1.024816632270813,0.14588592946529388,0.16262319684028625,-0.0,0.0,-0.004567854106426239,0.0,-1.8027683854868236e-15,0.0005647120557588092,0.0005518178292178155,0.0015504635697896063
1788436464.0261908,-1.024816632270813,0.14588592946529388,0.16262319684028625,-0.0,0.0,-0.004381432663649321,0.0,-1.8027683854868236e-15,0.0005647120557588092,0.0005518178292178155,0.0015504635697896063
1788436464.0362542,-1.024816632270813,0.14588592946529388,0.16262319684028625,-0.0,0.0,-0.004381432663649321,0.0,-1.8027683854868236e-15,0.0005647120557588092,0.0005518178292178155,0.0015504635697896063
1788436464.0473788,-1.024816632270813,0.14588592946529388,0.16262319684028625,-0.0,0.0,-0.0035292210523039103,0.0,-1.8027683854868236e-15,0.0005647120557588092,0.0005518178292178155,0.0015504635697896063
1788436464.056195,-1.0252859592437744,0.14911767840385437,0.16478820145130157,-0.0,0.0,-0.0018247979460284114,0.0,-1.8027683854868236e-15,0.0007897934650640259,-0.0010116454309450074,0.002165008618225883
1788436464.0663517,-1.0252859592437744,0.14911767840385437,0.16478820145130157,-0.0,0.0,-1.3848437447450124e-05,0.0,-1.8027683854868236e-15,0.0007897934650640259,-0.0010116454309450074,0.002165008618225883
1788436464.0763388,-1.0252859592437744,0.14911767840385437,0.16478820145130157,-0.0,0.0,-1.3848437447450124e-05,0.0,-1.8027683854868236e-15,0.0007897934650640259,-0.0010116454309450074,0.002165008618225883
1788436464.0863442,-1.0252859592437744,0.14911767840385437,0.16478820145130157,-0.0,0.0,-0.002171008847653866,0.0,-1.8027683854868236e-15,0.0007897934650640259,-0.0010116454309450074,0.002165008618225883
1788436464.0962813,-1.0252859592437744,0.14911767840385437,0.16478820145130157,-0.0,0.0,-0.002171008847653866,0.0,-1.8027683854868236e-15,0.0007897934650640259,-0.0010116454309450074,0.002165008618225883
1788436464.108456,-1.0252859592437744,0.14911767840385437,0.16478820145130157,-0.0,0.0,-0.004834169987589121,0.0,-1.8027683854868236e-15,0.0007897934650640259,-0.0010116454309450074,0.002165008618225883
1788436464.1161776,-1.0252859592437744,0.14911767840385437,0.16478820145130157,-0.0,0.0,-0.0051803807727992535,0.0,-1.8027683854868236e-15,0.0007897934650640259,-0.0010116454309450074,0.002165008618225883
1788436464.126205,-1.0252859592437744,0.14911767840385437,0.16478820145130157,-0.0,0.0,-0.005020591430366039,0.0,-1.8027683854868236e-15,0.0007897934650640259,-0.0010116454309450074,0.002165008618225883
1788436464.1365054,-1.0252859592437744,0.14911767840385437,0.16478820145130157,-0.0,0.0,-0.005020591430366039,0.0,-1.8027683854868236e-15,0.0007897934650640259,-0.0010116454309450074,0.002165008618225883
1788436464.1463094,-1.0252859592437744,0.14911767840385437,0.16478820145130157,-0.0,0.0,-0.0038488004356622696,0.0,-1.8027683854868236e-15,0.0007897934650640259,-0.0010116454309450074,0.002165008618225883
1788436464.156171,-1.021500587463379,0.14753080904483795,0.16541124880313873,-0.0,0.0,-0.005579855293035507,0.0,-1.8027683854868236e-15,-0.003693723292720108,0.0022233392432172705,0.0006230402514253441
1788436464.1666396,-1.021500587463379,0.14753080904483795,0.16541124880313873,-0.0,0.0,-0.005579855293035507,0.0,-1.8027683854868236e-15,-0.003693723292720108,0.0022233392432172705,0.0006230402514253441
1788436464.1792204,-1.021500587463379,0.14753080904483795,0.16541124880313873,-0.0,0.0,-0.006219013594090939,0.0,-1.8027683854868236e-15,-0.003693723292720108,0.0022233392432172705,0.0006230402514253441
1788436464.1863363,-1.021500587463379,0.14753080904483795,0.16541124880313873,-0.0,0.0,-0.004221642855554819,0.0,-1.8027683854868236e-15,-0.003693723292720108,0.0022233392432172705,0.0006230402514253441
1788436464.1963313,-1.021500587463379,0.14753080904483795,0.16541124880313873,-0.0,0.0,-0.004221642855554819,0.0,-1.8027683854868236e-15,-0.003693723292720108,0.0022233392432172705,0.0006230402514253441
1788436464.2074366,-1.021500587463379,0.14753080904483795,0.16541124880313873,-0.0,0.0,-0.004328169394284487,0.0,-1.8027683854868236e-15,-0.003693723292720108,0.0022233392432172705,0.0006230402514253441
1788436464.21619,-1.021500587463379,0.14753080904483795,0.16541124880313873,-0.0,0.0,-0.005020591430366039,0.0,-1.8027683854868236e-15,-0.003693723292720108,0.0022233392432172705,0.0006230402514253441
1788436464.2284482,-1.021500587463379,0.14753080904483795,0.16541124880313873,-0.0,0.0,-0.005020591430366039,0.0,-1.8027683854868236e-15,-0.003693723292720108,0.0022233392432172705,0.0006230402514253441
1788436464.2362046,-1.021500587463379,0.14753080904483795,0.16541124880313873,-0.0,0.0,-0.004168379586189985,0.0,-1.8027683854868236e-15,-0.003693723292720108,0.0022233392432172705,0.0006230402514253441
1788436464.2461834,-1.0231677293777466,0.1471519023180008,0.16462117433547974,-0.0,0.0,-0.003955326974391937,0.0,-1.8027683854868236e-15,0.0015505978669398957,-0.00042942427095848945,-0.0007900741608430906
1788436464.2567735,-1.0231677293777466,0.1471519023180008,0.16462117433547974,-0.0,0.0,-0.003955326974391937,0.0,-1.8027683854868236e-15,0.0015505978669398957,-0.00042942427095848945,-0.0007900741608430906
1788436464.266174,-1.0231677293777466,0.1471519023180008,0.16462117433547974,-0.0,0.0,-0.0022775353863835335,0.0,-1.8027683854868236e-15,0.0015505978669398957,-0.00042942427095848945,-0.0007900741608430906
1788436464.2768414,-1.0231677293777466,0.1471519023180008,0.16462117433547974,-0.0,0.0,-0.0019313243683427572,0.0,-1.8027683854868236e-15,0.0015505978669398957,-0.00042942427095848945,-0.0007900741608430906
1788436464.2862165,-1.0231677293777466,0.1471519023180008,0.16462117433547974,-0.0,0.0,-0.004221642855554819,0.0,-1.8027683854868236e-15,0.0015505978669398957,-0.00042942427095848945,-0.0007900741608430906
1788436464.2963948,-1.0231677293777466,0.1471519023180008,0.16462117433547974,-0.0,0.0,-0.004221642855554819,0.0,-1.8027683854868236e-15,0.0015505978669398957,-0.00042942427095848945,-0.0007900741608430906
1788436464.3061633,-1.0231677293777466,0.1471519023180008,0.16462117433547974,-0.0,0.0,-0.003103115363046527,0.0,-1.8027683854868236e-15,0.0015505978669398957,-0.00042942427095848945,-0.0007900741608430906
1788436464.3161812,-1.0231677293777466,0.1471519023180008,0.16462117433547974,-0.0,0.0,-0.0037955371662974358,0.0,-1.8027683854868236e-15,0.0015505978669398957,-0.00042942427095848945,-0.0007900741608430906
1788436464.3278909,-1.0231677293777466,0.1471519023180008,0.16462117433547974,-0.0,0.0,-0.0037955371662974358,0.0,-1.8027683854868236e-15,0.0015505978669398957,-0.00042942427095848945,-0.0007900741608430906
1788436464.3363984,-1.0231677293777466,0.1471519023180008,0.16462117433547974,-0.0,0.0,-0.0038754320703446865,0.0,-1.8027683854868236e-15,0.0015505978669398957,-0.00042942427095848945,-0.0007900741608430906
1788436464.3461761,-1.0233641862869263,0.1457141786813736,0.16414660215377808,-0.0,0.0,-0.0029965888243168592,0.0,-1.8027683854868236e-15,0.0001272300678933913,0.0009520824514842041,-0.00047456623267594367
1788436464.3574655,-1.0233641862869263,0.1457141786813736,0.16414660215377808,-0.0,0.0,-0.0029965888243168592,0.0,-1.8027683854868236e-15,0.0001272300678933913,0.0009520824514842041,-0.00047456623267594367
1788436464.3661795,-1.0233641862869263,0.1457141786813736,0.16414660215377808,-0.0,0.0,-0.004487959202378988,0.0,-1.8027683854868236e-15,0.0001272300678933913,0.0009520824514842041,-0.00047456623267594367
1788436464.3789854,-1.0233641862869263,0.1457141786813736,0.16414660215377808,-0.0,0.0,-0.004487959202378988,0.0,-1.8027683854868236e-15,0.0001272300678933913,0.0009520824514842041,-0.00047456623267594367
1788436464.38731,-1.0233641862869263,0.1457141786813736,0.16414660215377808,-0.0,0.0,-0.005020591430366039,0.0,-1.8027683854868236e-15,0.0001272300678933913,0.0009520824514842041,-0.00047456623267594367
1788436464.3964524,-1.0233641862869263,0.1457141786813736,0.16414660215377808,-0.0,0.0,-0.004701011814177036,0.0,-1.8027683854868236e-15,0.0001272300678933913,0.0009520824514842041,-0.00047456623267594367
1788436464.406197,-1.0233641862869263,0.1457141786813736,0.16414660215377808,-0.0,0.0,-0.004834169987589121,0.0,-1.8027683854868236e-15,0.0001272300678933913,0.0009520824514842041,-0.00047456623267594367
1788436464.4183762,-1.0233641862869263,0.1457141786813736,0.16414660215377808,-0.0,0.0,-0.004887433256953955,0.0,-1.8027683854868236e-15,0.0001272300678933913,0.0009520824514842041,-0.00047456623267594367
1788436464.426394,-1.0233641862869263,0.1457141786813736,0.16414660215377808,-0.0,0.0,-0.0044346959330141544,0.0,-1.8027683854868236e-15,0.0001272300678933913,0.0009520824514842041,-0.00047456623267594367
1788436464.4362955,-1.0233641862869263,0.1457141786813736,0.16414660215377808,-0.0,0.0,-0.004487959202378988,0.0,-1.8027683854868236e-15,0.0001272300678933913,0.0009520824514842041,-0.00047456623267594367
1788436464.446194,-1.0233641862869263,0.1457141786813736,0.16414660215377808,-0.0,0.0,-0.0038221688009798527,0.0,-1.8027683854868236e-15,0.0001272300678933913,0.0009520824514842041,-0.00047456623267594367
1788436464.4562624,-1.023979663848877,0.1449888050556183,0.1621863842010498,-0.0,0.0,-0.004195011220872402,0.0,-1.8027683854868236e-15,0.000329281348815158,-0.001281585475856939,-0.001960226047408309
1788436464.4664621,-1.023979663848877,0.1449888050556183,0.1621863842010498,-0.0,0.0,-0.004195011220872402,0.0,-1.8027683854868236e-15,0.000329281348815158,-0.001281585475856939,-0.001960226047408309
1788436464.4761899,-1.023979663848877,0.1449888050556183,0.1621863842010498,-0.0,0.0,-0.00430153775960207,0.0,-1.8027683854868236e-15,0.000329281348815158,-0.001281585475856939,-0.001960226047408309
1788436464.4863873,-1.023979663848877,0.1449888050556183,0.1621863842010498,-0.0,0.0,-0.00430153775960207,0.0,-1.8027683854868236e-15,0.000329281348815158,-0.001281585475856939,-0.001960226047408309
1788436464.49632,-1.023979663848877,0.1449888050556183,0.1621863842010498,-0.0,0.0,-0.003023220458999276,0.0,-1.8027683854868236e-15,0.000329281348815158,-0.001281585475856939,-0.001960226047408309
1788436464.5061946,-1.023979663848877,0.1449888050556183,0.1621863842010498,-0.0,0.0,-0.0033161682076752186,0.0,-1.8027683854868236e-15,0.000329281348815158,-0.001281585475856939,-0.001960226047408309
1788436464.5162544,-1.023979663848877,0.1449888050556183,0.1621863842010498,-0.0,0.0,-0.0033161682076752186,0.0,-1.8027683854868236e-15,0.000329281348815158,-0.001281585475856939,-0.001960226047408309
1788436464.5261729,-1.023979663848877,0.1449888050556183,0.1621863842010498,-0.0,0.0,-0.002597114769741893,0.0,-1.8027683854868236e-15,0.000329281348815158,-0.001281585475856939,-0.001960226047408309
1788436464.5361862,-1.023979663848877,0.1449888050556183,0.1621863842010498,-0.0,0.0,-0.0027835359796881676,0.0,-1.8027683854868236e-15,0.000329281348815158,-0.001281585475856939,-0.001960226047408309
1788436464.549457,-1.0237337350845337,0.14448018372058868,0.1620621532201767,-0.0,0.0,-0.0029965888243168592,0.0,-1.8027683854868236e-15,-0.00026389245700908504,0.00038144551804242255,-0.00012423397421468252
1788436464.5563447,-1.0237337350845337,0.14448018372058868,0.1620621532201767,-0.0,0.0,-0.0029965888243168592,0.0,-1.8027683854868236e-15,-0.00026389245700908504,0.00038144551804242255,-0.00012423397421468252
1788436464.5661712,-1.0237337350845337,0.14448018372058868,0.1620621532201767,-0.0,0.0,-0.0033427998423576355,0.0,-1.8027683854868236e-15,-0.00026389245700908504,0.00038144551804242255,-0.00012423397421468252
1788436464.5781102,-1.0237337350845337,0.14448018372058868,0.1620621532201767,-0.0,0.0,-0.0033427998423576355,0.0,-1.8027683854868236e-15,-0.00026389245700908504,0.00038144551804242255,-0.00012423397421468252
1788436464.5864615,-1.0237337350845337,0.14448018372058868,0.1620621532201767,-0.0,0.0,-0.0026237464044243097,0.0,-1.8027683854868236e-15,-0.00026389245700908504,0.00038144551804242255,-0.00012423397421468252
1788436464.5961688,-1.0237337350845337,0.14448018372058868,0.1620621532201767,-0.0,0.0,-0.0023307986557483673,0.0,-1.8027683854868236e-15,-0.00026389245700908504,0.00038144551804242255,-0.00012423397421468252
1788436464.6062934,-1.0237337350845337,0.14448018372058868,0.1620621532201767,-0.0,0.0,-0.001957956003025174,0.0,-1.8027683854868236e-15,-0.00026389245700908504,0.00038144551804242255,-0.00012423397421468252
1788436464.616944,-1.0237337350845337,0.14448018372058868,0.1620621532201767,-0.0,0.0,-0.001957956003025174,0.0,-1.8027683854868236e-15,-0.00026389245700908504,0.00038144551804242255,-0.00012423397421468252
1788436464.6278274,-1.0237337350845337,0.14448018372058868,0.1620621532201767,-0.0,0.0,-0.003662379225715995,0.0,-1.8027683854868236e-15,-0.00026389245700908504,0.00038144551804242255,-0.00012423397421468252
1788436464.636168,-1.0237337350845337,0.14448018372058868,0.1620621532201767,-0.0,0.0,-0.003609115956351161,0.0,-1.8027683854868236e-15,-0.00026389245700908504,0.00038144551804242255,-0.00012423397421468252
1788436464.6464512,-1.0221632719039917,0.14474603533744812,0.1623568832874298,-0.0,0.0,-0.003609115956351161,0.0,-1.8027683854868236e-15,-0.0015279120671736202,3.541760473124711e-05,0.00029473252382494763
1788436464.656894,-1.0221632719039917,0.14474603533744812,0.1623568832874298,-0.0,0.0,-0.0038488004356622696,0.0,-1.8027683854868236e-15,-0.0015279120671736202,3.541760473124711e-05,0.00029473252382494763
1788436464.6662006,-1.0221632719039917,0.14474603533744812,0.1623568832874298,-0.0,0.0,-0.004487959202378988,0.0,-1.8027683854868236e-15,-0.0015279120671736202,3.541760473124711e-05,0.00029473252382494763
1788436464.676323,-1.0221632719039917,0.14474603533744812,0.1623568832874298,-0.0,0.0,-0.004487959202378988,0.0,-1.8027683854868236e-15,-0.0015279120671736202,3.541760473124711e-05,0.00029473252382494763
1788436464.6885717,-1.0221632719039917,0.14474603533744812,0.1623568832874298,-0.0,0.0,-0.004487959202378988,0.0,-1.8027683854868236e-15,-0.0015279120671736202,3.541760473124711e-05,0.00029473252382494763
1788436464.6961637,-1.0221632719039917,0.14474603533744812,0.1623568832874298,-0.0,0.0,-0.0038488004356622696,0.0,-1.8027683854868236e-15,-0.0015279120671736202,3.541760473124711e-05,0.00029473252382494763
1788436464.7066205,-1.0221632719039917,0.14474603533744812,0.1623568832874298,-0.0,0.0,-0.0038488004356622696,0.0,-1.8027683854868236e-15,-0.0015279120671736202,3.541760473124711e-05,0.00029473252382494763
1788436464.7163632,-1.0221632719039917,0.14474603533744812,0.1623568832874298,-0.0,0.0,-0.0038754320703446865,0.0,-1.8027683854868236e-15,-0.0015279120671736202,3.541760473124711e-05,0.00029473252382494763
1788436464.7261677,-1.0221632719039917,0.14474603533744812,0.1623568832874298,-0.0,0.0,-0.00555322365835309,0.0,-1.8027683854868236e-15,-0.0015279120671736202,3.541760473124711e-05,0.00029473252382494763
1788436464.7363844,-1.0221632719039917,0.14474603533744812,0.1623568832874298,-0.0,0.0,-0.0049673281610012054,0.0,-1.8027683854868236e-15,-0.0015279120671736202,3.541760473124711e-05,0.00029473252382494763
1788436464.7463198,-1.0221632719039917,0.14474603533744812,0.1623568832874298,-0.0,0.0,-0.004487959202378988,0.0,-1.8027683854868236e-15,-0.0015279120671736202,3.541760473124711e-05,0.00029473252382494763
1788436464.756188,-1.0226848125457764,0.14489133656024933,0.16339388489723206,-0.0,0.0,-0.0046477485448122025,0.0,-1.8027683854868236e-15,0.0006712426036050712,0.0009153071720827688,0.0010370041646146078
1788436464.766173,-1.0226848125457764,0.14489133656024933,0.16339388489723206,-0.0,0.0,-0.0049406965263187885,0.0,-1.8027683854868236e-15,0.0006712426036050712,0.0009153071720827688,0.0010370041646146078
1788436464.7777696,-1.0226848125457764,0.14489133656024933,0.16339388489723206,-0.0,0.0,-0.0049406965263187885,0.0,-1.8027683854868236e-15,0.0006712426036050712,0.0009153071720827688,0.0010370041646146078
1788436464.786175,-1.0226848125457764,0.14489133656024933,0.16339388489723206,-0.0,0.0,-0.0029166939202696085,0.0,-1.8027683854868236e-15,0.0006712426036050712,0.0009153071720827688,0.0010370041646146078
1788436464.7961724,-1.0226848125457764,0.14489133656024933,0.16339388489723206,-0.0,0.0,-0.003768905531615019,0.0,-1.8027683854868236e-15,0.0006712426036050712,0.0009153071720827688,0.0010370041646146078
1788436464.8064525,-1.0226848125457764,0.14489133656024933,0.16339388489723206,-0.0,0.0,-0.003768905531615019,0.0,-1.8027683854868236e-15,0.0006712426036050712,0.0009153071720827688,0.0010370041646146078
1788436464.8161821,-1.0226848125457764,0.14489133656024933,0.16339388489723206,-0.0,0.0,-0.004834169987589121,0.0,-1.8027683854868236e-15,0.0006712426036050712,0.0009153071720827688,0.0010370041646146078
1788436464.8261874,-1.0226848125457764,0.14489133656024933,0.16339388489723206,-0.0,0.0,-0.003981958609074354,0.0,-1.8027683854868236e-15,0.0006712426036050712,0.0009153071720827688,0.0010370041646146078
1788436464.8362713,-1.0226848125457764,0.14489133656024933,0.16339388489723206,-0.0,0.0,-0.003981958609074354,0.0,-1.8027683854868236e-15,0.0006712426036050712,0.0009153071720827688,0.0010370041646146078
1788436464.8462162,-1.0226848125457764,0.14489133656024933,0.16339388489723206,-0.0,0.0,-0.004594485741108656,0.0,-1.8027683854868236e-15,0.0006712426036050712,0.0009153071720827688,0.0010370041646146078
1788436464.8561761,-1.022955060005188,0.14432071149349213,0.1630462110042572,-0.0,0.0,-0.004248274490237236,0.0,-1.8027683854868236e-15,0.0002200598331354442,0.00021497772700967976,-0.00034766898269555924
1788436464.8661807,-1.022955060005188,0.14432071149349213,0.1630462110042572,-0.0,0.0,-0.003981958609074354,0.0,-1.8027683854868236e-15,0.0002200598331354442,0.00021497772700967976,-0.00034766898269555924
1788436464.8762107,-1.022955060005188,0.14432071149349213,0.1630462110042572,-0.0,0.0,-0.004035221878439188,0.0,-1.8027683854868236e-15,0.0002200598331354442,0.00021497772700967976,-0.00034766898269555924
1788436464.8861694,-1.022955060005188,0.14432071149349213,0.1630462110042572,-0.0,0.0,-0.007790278643369675,0.0,-1.8027683854868236e-15,0.0002200598331354442,0.00021497772700967976,-0.00034766898269555924
1788436464.89848,-1.022955060005188,0.14432071149349213,0.1630462110042572,-0.0,0.0,-0.007790278643369675,0.0,-1.8027683854868236e-15,0.0002200598331354442,0.00021497772700967976,-0.00034766898269555924
1788436464.9062324,-1.022955060005188,0.14432071149349213,0.1630462110042572,-0.0,0.0,-0.009015332907438278,0.0,-1.8027683854868236e-15,0.0002200598331354442,0.00021497772700967976,-0.00034766898269555924
1788436464.916178,-1.022955060005188,0.14432071149349213,0.1630462110042572,-0.0,0.0,-0.005846171174198389,0.0,-1.8027683854868236e-15,0.0002200598331354442,0.00021497772700967976,-0.00034766898269555924
1788436464.9261742,-1.022955060005188,0.14432071149349213,0.1630462110042572,-0.0,0.0,-0.0046211169101297855,0.0,-1.8027683854868236e-15,0.0002200598331354442,0.00021497772700967976,-0.00034766898269555924
1788436464.9374316,-1.022955060005188,0.14432071149349213,0.1630462110042572,-0.0,0.0,-0.0046211169101297855,0.0,-1.8027683854868236e-15,0.0002200598331354442,0.00021497772700967976,-0.00034766898269555924
1788436464.9480896,-1.024566411972046,0.1456241011619568,0.16293850541114807,-0.0,0.0,-0.00475427508354187,0.0,-1.8027683854868236e-15,0.001595695476456216,-0.0014137429817753788,-0.00010771285405652975
1788436464.9561546,-1.024566411972046,0.1456241011619568,0.16293850541114807,-0.0,0.0,-0.0038221688009798527,0.0,-1.8027683854868236e-15,0.001595695476456216,-0.0014137429817753788,-0.00010771285405652975
1788436464.9674633,-1.024566411972046,0.1456241011619568,0.16293850541114807,-0.0,0.0,-0.004141747951507568,0.0,-1.8027683854868236e-15,0.001595695476456216,-0.0014137429817753788,-0.00010771285405652975
1788436464.9806664,-1.024566411972046,0.1456241011619568,0.16293850541114807,-0.0,0.0,-0.004141747951507568,0.0,-1.8027683854868236e-15,0.001595695476456216,-0.0014137429817753788,-0.00010771285405652975
1788436464.9861784,-1.024566411972046,0.1456241011619568,0.16293850541114807,-0.0,0.0,-0.002703641075640917,0.0,-1.8027683854868236e-15,0.001595695476456216,-0.0014137429817753788,-0.00010771285405652975
1788436464.9962842,-1.024566411972046,0.1456241011619568,0.16293850541114807,-0.0,0.0,-0.002703641075640917,0.0,-1.8027683854868236e-15,0.001595695476456216,-0.0014137429817753788,-0.00010771285405652975
1788436465.0062146,-1.024566411972046,0.1456241011619568,0.16293850541114807,-0.0,0.0,-0.0010791128734126687,0.0,-1.8027683854868236e-15,0.001595695476456216,-0.0014137429817753788,-0.00010771285405652975
1788436465.0164115,-1.024566411972046,0.1456241011619568,0.16293850541114807,-0.0,0.0,-0.0022775353863835335,0.0,-1.8027683854868236e-15,0.001595695476456216,-0.0014137429817753788,-0.00010771285405652975
1788436465.0286133,-1.024566411972046,0.1456241011619568,0.16293850541114807,-0.0,0.0,-0.003023220458999276,0.0,-1.8027683854868236e-15,0.001595695476456216,-0.0014137429817753788,-0.00010771285405652975
1788436465.036201,-1.024566411972046,0.1456241011619568,0.16293850541114807,-0.0,0.0,-0.003689010627567768,0.0,-1.8027683854868236e-15,0.001595695476456216,-0.0014137429817753788,-0.00010771285405652975
1788436465.0461712,-1.0246080160140991,0.14408180117607117,0.16232623159885406,-0.0,0.0,-0.004727643448859453,0.0,-1.8027683854868236e-15,-4.685150122107906e-05,0.000914977673447559,-0.0006122769649472559
1788436465.0574784,-1.0246080160140991,0.14408180117607117,0.16232623159885406,-0.0,0.0,-0.004727643448859453,0.0,-1.8027683854868236e-15,-4.685150122107906e-05,0.000914977673447559,-0.0006122769649472559
1788436465.0661862,-1.0246080160140991,0.14408180117607117,0.16232623159885406,-0.0,0.0,-0.004354801028966904,0.0,-1.8027683854868236e-15,-4.685150122107906e-05,0.000914977673447559,-0.0006122769649472559
1788436465.0761714,-1.0246080160140991,0.14408180117607117,0.16232623159885406,-0.0,0.0,-0.003236273303627968,0.0,-1.8027683854868236e-15,-4.685150122107906e-05,0.000914977673447559,-0.0006122769649472559
1788436465.0862586,-1.0246080160140991,0.14408180117607117,0.16232623159885406,-0.0,0.0,-0.003236273303627968,0.0,-1.8027683854868236e-15,-4.685150122107906e-05,0.000914977673447559,-0.0006122769649472559
1788436465.096511,-1.0246080160140991,0.14408180117607117,0.16232623159885406,-0.0,0.0,-0.001398692256771028,0.0,-1.8027683854868236e-15,-4.685150122107906e-05,0.000914977673447559,-0.0006122769649472559
1788436465.1064095,-1.0246080160140991,0.14408180117607117,0.16232623159885406,-0.0,0.0,-0.003129746997728944,0.0,-1.8027683854868236e-15,-4.685150122107906e-05,0.000914977673447559,-0.0006122769649472559
1788436465.1161957,-1.0246080160140991,0.14408180117607117,0.16232623159885406,-0.0,0.0,-0.0046211169101297855,0.0,-1.8027683854868236e-15,-4.685150122107906e-05,0.000914977673447559,-0.0006122769649472559
1788436465.1276233,-1.0246080160140991,0.14408180117607117,0.16232623159885406,-0.0,0.0,-0.0046211169101297855,0.0,-1.8027683854868236e-15,-4.685150122107906e-05,0.000914977673447559,-0.0006122769649472559
1788436465.1390758,-1.0246080160140991,0.14408180117607117,0.16232623159885406,-0.0,0.0,-0.003555852686986327,0.0,-1.8027683854868236e-15,-4.685150122107906e-05,0.000914977673447559,-0.0006122769649472559
1788436465.146189,-1.0256004333496094,0.14238108694553375,0.16231390833854675,-0.0,0.0,-0.00307648372836411,0.0,-1.8027683854868236e-15,0.0009907368719934695,0.001688086102452524,-1.231616208041686e-05
1788436465.1596792,-1.0256004333496094,0.14238108694553375,0.16231390833854675,-0.0,0.0,-0.00307648372836411,0.0,-1.8027683854868236e-15,0.0009907368719934695,0.001688086102452524,-1.231616208041686e-05
1788436465.1673648,-1.0256004333496094,0.14238108694553375,0.16231390833854675,-0.0,0.0,-0.0028101676143705845,0.0,-1.8027683854868236e-15,0.0009907368719934695,0.001688086102452524,-1.231616208041686e-05
1788436465.1786695,-1.0256004333496094,0.14238108694553375,0.16231390833854675,-0.0,0.0,-0.0032895365729928017,0.0,-1.8027683854868236e-15,0.0009907368719934695,0.001688086102452524,-1.231616208041686e-05
1788436465.186805,-1.0256004333496094,0.14238108694553375,0.16231390833854675,-0.0,0.0,-0.004354801028966904,0.0,-1.8027683854868236e-15,0.0009907368719934695,0.001688086102452524,-1.231616208041686e-05
1788436465.1962852,-1.0256004333496094,0.14238108694553375,0.16231390833854675,-0.0,0.0,-0.00755059439688921,0.0,-1.8027683854868236e-15,0.0009907368719934695,0.001688086102452524,-1.231616208041686e-05
1788436465.2061677,-1.0256004333496094,0.14238108694553375,0.16231390833854675,-0.0,0.0,-0.00717775197699666,0.0,-1.8027683854868236e-15,0.0009907368719934695,0.001688086102452524,-1.231616208041686e-05
1788436465.216312,-1.0256004333496094,0.14238108694553375,0.16231390833854675,-0.0,0.0,-0.00717775197699666,0.0,-1.8027683854868236e-15,0.0009907368719934695,0.001688086102452524,-1.231616208041686e-05
1788436465.2264292,-1.0256004333496094,0.14238108694553375,0.16231390833854675,-0.0,0.0,-0.004381432663649321,0.0,-1.8027683854868236e-15,0.0009907368719934695,0.001688086102452524,-1.231616208041686e-05
1788436465.2363436,-1.0256004333496094,0.14238108694553375,0.16231390833854675,-0.0,0.0,-0.004008590243756771,0.0,-1.8027683854868236e-15,0.0009907368719934695,0.001688086102452524,-1.231616208041686e-05
1788436465.246197,-1.0256004333496094,0.14238108694553375,0.16231390833854675,-0.0,0.0,-0.003768905531615019,0.0,-1.8027683854868236e-15,0.0009907368719934695,0.001688086102452524,-1.231616208041686e-05
1788436465.2571328,-1.0245811939239502,0.14521166682243347,0.1639321744441986,-0.0,0.0,-0.0028367992490530014,0.0,-1.8027683854868236e-15,-0.0007856840776407914,-0.0011723407270942121,0.001618263933934827
1788436465.2662284,-1.0245811939239502,0.14521166682243347,0.1639321744441986,-0.0,0.0,-0.003689010627567768,0.0,-1.8027683854868236e-15,-0.0007856840776407914,-0.0011723407270942121,0.001618263933934827
1788436465.2761827,-1.0245811939239502,0.14521166682243347,0.1639321744441986,-0.0,0.0,-0.005047223065048456,0.0,-1.8027683854868236e-15,-0.0007856840776407914,-0.0011723407270942121,0.001618263933934827
1788436465.28642,-1.0245811939239502,0.14521166682243347,0.1639321744441986,-0.0,0.0,-0.005047223065048456,0.0,-1.8027683854868236e-15,-0.0007856840776407914,-0.0011723407270942121,0.001618263933934827
1788436465.296426,-1.0245811939239502,0.14521166682243347,0.1639321744441986,-0.0,0.0,-0.004354801028966904,0.0,-1.8027683854868236e-15,-0.0007856840776407914,-0.0011723407270942121,0.001618263933934827
1788436465.3061771,-1.0245811939239502,0.14521166682243347,0.1639321744441986,-0.0,0.0,-0.0029166939202696085,0.0,-1.8027683854868236e-15,-0.0007856840776407914,-0.0011723407270942121,0.001618263933934827
1788436465.3162785,-1.0245811939239502,0.14521166682243347,0.1639321744441986,-0.0,0.0,-0.0029166939202696085,0.0,-1.8027683854868236e-15,-0.0007856840776407914,-0.0011723407270942121,0.001618263933934827
1788436465.326181,-1.0245811939239502,0.14521166682243347,0.1639321744441986,-0.0,0.0,-0.0049673281610012054,0.0,-1.8027683854868236e-15,-0.0007856840776407914,-0.0011723407270942121,0.001618263933934827
1788436465.33617,-1.0245811939239502,0.14521166682243347,0.1639321744441986,-0.0,0.0,-0.004727643448859453,0.0,-1.8027683854868236e-15,-0.0007856840776407914,-0.0011723407270942121,0.001618263933934827
1788436465.3494499,-1.0253537893295288,0.14498479664325714,0.16420641541481018,-0.0,0.0,-0.004727643448859453,0.0,-1.8027683854868236e-15,0.0008122953446942915,0.0005080633041356086,0.0002742424162427426
1788436465.3563497,-1.0253537893295288,0.14498479664325714,0.16420641541481018,-0.0,0.0,-0.005526592023670673,0.0,-1.8027683854868236e-15,0.0008122953446942915,0.0005080633041356086,0.0002742424162427426
1788436465.3662298,-1.0253537893295288,0.14498479664325714,0.16420641541481018,-0.0,0.0,-0.005526592023670673,0.0,-1.8027683854868236e-15,0.0008122953446942915,0.0005080633041356086,0.0002742424162427426
1788436465.3762414,-1.0253537893295288,0.14498479664325714,0.16420641541481018,-0.0,0.0,-0.003582484321668744,0.0,-1.8027683854868236e-15,0.0008122953446942915,0.0005080633041356086,0.0002742424162427426
1788436465.3861666,-1.0253537893295288,0.14498479664325714,0.16420641541481018,-0.0,0.0,-0.003555852686986327,0.0,-1.8027683854868236e-15,0.0008122953446942915,0.0005080633041356086,0.0002742424162427426
1788436465.396176,-1.0253537893295288,0.14498479664325714,0.16420641541481018,-0.0,0.0,-0.003689010627567768,0.0,-1.8027683854868236e-15,0.0008122953446942915,0.0005080633041356086,0.0002742424162427426
1788436465.4093966,-1.0253537893295288,0.14498479664325714,0.16420641541481018,-0.0,0.0,-0.003981958609074354,0.0,-1.8027683854868236e-15,0.0008122953446942915,0.0005080633041356086,0.0002742424162427426
1788436465.4161522,-1.0253537893295288,0.14498479664325714,0.16420641541481018,-0.0,0.0,-0.004035221878439188,0.0,-1.8027683854868236e-15,0.0008122953446942915,0.0005080633041356086,0.0002742424162427426
1788436465.4271932,-1.0253537893295288,0.14498479664325714,0.16420641541481018,-0.0,0.0,-0.004141747951507568,0.0,-1.8027683854868236e-15,0.0008122953446942915,0.0005080633041356086,0.0002742424162427426
1788436465.4361706,-1.0253537893295288,0.14498479664325714,0.16420641541481018,-0.0,0.0,-0.003555852686986327,0.0,-1.8027683854868236e-15,0.0008122953446942915,0.0005080633041356086,0.0002742424162427426
1788436465.4486153,-1.0253537893295288,0.14498479664325714,0.16420641541481018,-0.0,0.0,-0.002144377212971449,0.0,-1.8027683854868236e-15,0.0008122953446942915,0.0005080633041356086,0.0002742424162427426
1788436465.4562726,-1.0253537893295288,0.14498479664325714,0.16420641541481018,-0.0,0.0,-0.0013720606220886111,0.0,-1.8027683854868236e-15,0.0008122953446942915,0.0005080633041356086,0.0002742424162427426
1788436465.4661713,-1.0250840187072754,0.14392007887363434,0.16307666897773743,-0.0,0.0,-0.00145195540972054,0.0,-1.8027683854868236e-15,-0.0004329507258309384,-9.326199595133255e-05,-0.001129742083831875
1788436465.477498,-1.0250840187072754,0.14392007887363434,0.16307666897773743,-0.0,0.0,-0.00145195540972054,0.0,-1.8027683854868236e-15,-0.0004329507258309384,-9.326199595133255e-05,-0.001129742083831875
1788436465.4865081,-1.0250840187072754,0.14392007887363434,0.16307666897773743,-0.0,0.0,-0.004274906124919653,0.0,-1.8027683854868236e-15,-0.0004329507258309384,-9.326199595133255e-05,-0.001129742083831875
1788436465.4961708,-1.0250840187072754,0.14392007887363434,0.16307666897773743,-0.0,0.0,-0.003689010627567768,0.0,-1.8027683854868236e-15,-0.0004329507258309384,-9.326199595133255e-05,-0.001129742083831875
1788436465.5067534,-1.0250840187072754,0.14392007887363434,0.16307666897773743,-0.0,0.0,-0.003662379225715995,0.0,-1.8027683854868236e-15,-0.0004329507258309384,-9.326199595133255e-05,-0.001129742083831875
1788436465.5172656,-1.0250840187072754,0.14392007887363434,0.16307666897773743,-0.0,0.0,-0.0023574302904307842,0.0,-1.8027683854868236e-15,-0.0004329507258309384,-9.326199595133255e-05,-0.001129742083831875
1788436465.5263302,-1.0250840187072754,0.14392007887363434,0.16307666897773743,-0.0,0.0,-0.003715642262250185,0.0,-1.8027683854868236e-15,-0.0004329507258309384,-9.326199595133255e-05,-0.001129742083831875
1788436465.5362027,-1.0250840187072754,0.14392007887363434,0.16307666897773743,-0.0,0.0,-0.00430153775960207,0.0,-1.8027683854868236e-15,-0.0004329507258309384,-9.326199595133255e-05,-0.001129742083831875
1788436465.5463755,-1.0254532098770142,0.14403069019317627,0.16276773810386658,-0.0,0.0,-0.00430153775960207,0.0,-1.8027683854868236e-15,0.0003246520645736606,-0.000427404896818806,-0.00030893717927593656
1788436465.5563073,-1.0254532098770142,0.14403069019317627,0.16276773810386658,-0.0,0.0,-0.005446697119623423,0.0,-1.8027683854868236e-15,0.0003246520645736606,-0.000427404896818806,-0.00030893717927593656
1788436465.5664227,-1.0254532098770142,0.14403069019317627,0.16276773810386658,-0.0,0.0,-0.004993959795683622,0.0,-1.8027683854868236e-15,0.0003246520645736606,-0.000427404896818806,-0.00030893717927593656
1788436465.5761206,-1.0254532098770142,0.14403069019317627,0.16276773810386658,-0.0,0.0,-0.003209641668945551,0.0,-1.8027683854868236e-15,0.0003246520645736606,-0.000427404896818806,-0.00030893717927593656
1788436465.5861669,-1.0254532098770142,0.14403069019317627,0.16276773810386658,-0.0,0.0,-0.003236273303627968,0.0,-1.8027683854868236e-15,0.0003246520645736606,-0.000427404896818806,-0.00030893717927593656
1788436465.5961747,-1.0254532098770142,0.14403069019317627,0.16276773810386658,-0.0,0.0,-0.0033694314770400524,0.0,-1.8027683854868236e-15,0.0003246520645736606,-0.000427404896818806,-0.00030893717927593656
1788436465.6083755,-1.0254532098770142,0.14403069019317627,0.16276773810386658,-0.0,0.0,-0.003689010627567768,0.0,-1.8027683854868236e-15,0.0003246520645736606,-0.000427404896818806,-0.00030893717927593656
1788436465.6161804,-1.0254532098770142,0.14403069019317627,0.16276773810386658,-0.0,0.0,-0.006938067264854908,0.0,-1.8027683854868236e-15,0.0003246520645736606,-0.000427404896818806,-0.00030893717927593656
1788436465.6261942,-1.0254532098770142,0.14403069019317627,0.16276773810386658,-0.0,0.0,-0.006352171767503023,0.0,-1.8027683854868236e-15,0.0003246520645736606,-0.000427404896818806,-0.00030893717927593656
1788436465.6362598,-1.0254532098770142,0.14403069019317627,0.16276773810386658,-0.0,0.0,-0.006352171767503023,0.0,-1.8027683854868236e-15,0.0003246520645736606,-0.000427404896818806,-0.00030893717927593656
1788436465.6461797,-1.0254532098770142,0.14403069019317627,0.16276773810386658,-0.0,0.0,-0.003609115956351161,0.0,-1.8027683854868236e-15,0.0003246520645736606,-0.000427404896818806,-0.00030893717927593656
1788436465.657698,-1.0249823331832886,0.14524206519126892,0.16364286839962006,-0.0,0.0,-0.003635747591033578,0.0,-1.8027683854868236e-15,-0.00034411987171734104,-0.0003143291882008459,0.0008751271672888805
1788436465.6661968,-1.0249823331832886,0.14524206519126892,0.16364286839962006,-0.0,0.0,-0.0041151163168251514,0.0,-1.8027683854868236e-15,-0.00034411987171734104,-0.0003143291882008459,0.0008751271672888805
1788436465.6784222,-1.0249823331832886,0.14524206519126892,0.16364286839962006,-0.0,0.0,-0.0041151163168251514,0.0,-1.8027683854868236e-15,-0.00034411987171734104,-0.0003143291882008459,0.0008751271672888805
1788436465.6861575,-1.0249823331832886,0.14524206519126892,0.16364286839962006,-0.0,0.0,-0.0041151163168251514,0.0,-1.8027683854868236e-15,-0.00034411987171734104,-0.0003143291882008459,0.0008751271672888805
1788436465.698396,-1.0249823331832886,0.14524206519126892,0.16364286839962006,-0.0,0.0,-0.004487959202378988,0.0,-1.8027683854868236e-15,-0.00034411987171734104,-0.0003143291882008459,0.0008751271672888805
1788436465.7061772,-1.0249823331832886,0.14524206519126892,0.16364286839962006,-0.0,0.0,-0.004168379586189985,0.0,-1.8027683854868236e-15,-0.00034411987171734104,-0.0003143291882008459,0.0008751271672888805
1788436465.7161663,-1.0249823331832886,0.14524206519126892,0.16364286839962006,-0.0,0.0,-0.005872802808880806,0.0,-1.8027683854868236e-15,-0.00034411987171734104,-0.0003143291882008459,0.0008751271672888805
1788436465.7261877,-1.0249823331832886,0.14524206519126892,0.16364286839962006,-0.0,0.0,-0.005393433850258589,0.0,-1.8027683854868236e-15,-0.00034411987171734104,-0.0003143291882008459,0.0008751271672888805
1788436465.7362807,-1.0249823331832886,0.14524206519126892,0.16364286839962006,-0.0,0.0,-0.005393433850258589,0.0,-1.8027683854868236e-15,-0.00034411987171734104,-0.0003143291882008459,0.0008751271672888805
1788436465.746165,-1.0266034603118896,0.14566051959991455,0.16288639605045319,-0.0,0.0,-0.0033161682076752186,0.0,-1.8027683854868236e-15,0.001510633165009212,-0.0011950070205519747,-0.0007564642439836788
1788436465.7561638,-1.0266034603118896,0.14566051959991455,0.16288639605045319,-0.0,0.0,-0.003715642262250185,0.0,-1.8027683854868236e-15,0.001510633165009212,-0.0011950070205519747,-0.0007564642439836788
1788436465.766532,-1.0266034603118896,0.14566051959991455,0.16288639605045319,-0.0,0.0,-0.003715642262250185,0.0,-1.8027683854868236e-15,0.001510633165009212,-0.0011950070205519747,-0.0007564642439836788
1788436465.7764454,-1.0266034603118896,0.14566051959991455,0.16288639605045319,-0.0,0.0,-0.005020591430366039,0.0,-1.8027683854868236e-15,0.001510633165009212,-0.0011950070205519747,-0.0007564642439836788
1788436465.7861679,-1.0266034603118896,0.14566051959991455,0.16288639605045319,-0.0,0.0,-0.0049673281610012054,0.0,-1.8027683854868236e-15,0.001510633165009212,-0.0011950070205519747,-0.0007564642439836788
1788436465.7962599,-1.0266034603118896,0.14566051959991455,0.16288639605045319,-0.0,0.0,-0.0049673281610012054,0.0,-1.8027683854868236e-15,0.001510633165009212,-0.0011950070205519747,-0.0007564642439836788
1788436465.8061993,-1.0266034603118896,0.14566051959991455,0.16288639605045319,-0.0,0.0,-0.0034226947464048862,0.0,-1.8027683854868236e-15,0.001510633165009212,-0.0011950070205519747,-0.0007564642439836788
1788436465.8161707,-1.0266034603118896,0.14566051959991455,0.16288639605045319,-0.0,0.0,-0.0057130130007863045,0.0,-1.8027683854868236e-15,0.001510633165009212,-0.0011950070205519747,-0.0007564642439836788
1788436465.8266795,-1.0266034603118896,0.14566051959991455,0.16288639605045319,-0.0,0.0,-0.0057130130007863045,0.0,-1.8027683854868236e-15,0.001510633165009212,-0.0011950070205519747,-0.0007564642439836788
1788436465.8361835,-1.0266034603118896,0.14566051959991455,0.16288639605045319,-0.0,0.0,-0.007231014780700207,0.0,-1.8027683854868236e-15,0.001510633165009212,-0.0011950070205519747,-0.0007564642439836788
1788436465.8461711,-1.0266034603118896,0.14566051959991455,0.16288639605045319,-0.0,0.0,-0.00430153775960207,0.0,-1.8027683854868236e-15,0.001510633165009212,-0.0011950070205519747,-0.0007564642439836788
1788436465.857522,-1.02410089969635,0.1467718482017517,0.16413280367851257,-0.0,0.0,-0.00430153775960207,0.0,-1.8027683854868236e-15,-0.002320489465955866,0.0001652330644945077,0.0012464071490949635
1788436465.8663964,-1.02410089969635,0.1467718482017517,0.16413280367851257,-0.0,0.0,-0.0046211169101297855,0.0,-1.8027683854868236e-15,-0.002320489465955866,0.0001652330644945077,0.0012464071490949635
1788436465.8763661,-1.02410089969635,0.1467718482017517,0.16413280367851257,-0.0,0.0,-0.0046211169101297855,0.0,-1.8027683854868236e-15,-0.002320489465955866,0.0001652330644945077,0.0012464071490949635
1788436465.8863716,-1.02410089969635,0.1467718482017517,0.16413280367851257,-0.0,0.0,-0.004248274490237236,0.0,-1.8027683854868236e-15,-0.002320489465955866,0.0001652330644945077,0.0012464071490949635
1788436465.8966472,-1.02410089969635,0.1467718482017517,0.16413280367851257,-0.0,0.0,-0.004248274490237236,0.0,-1.8027683854868236e-15,-0.002320489465955866,0.0001652330644945077,0.0012464071490949635
1788436465.9068244,-1.02410089969635,0.1467718482017517,0.16413280367851257,-0.0,0.0,-0.004354801028966904,0.0,-1.8027683854868236e-15,-0.002320489465955866,0.0001652330644945077,0.0012464071490949635
1788436465.9161837,-1.02410089969635,0.1467718482017517,0.16413280367851257,-0.0,0.0,0.00030774305923841894,0.0,-1.8027683854868236e-15,-0.002320489465955866,0.0001652330644945077,0.0012464071490949635
1788436465.928069,-1.02410089969635,0.1467718482017517,0.16413280367851257,-0.0,0.0,0.00030774305923841894,0.0,-1.8027683854868236e-15,-0.002320489465955866,0.0001652330644945077,0.0012464071490949635
1788436465.9364672,-1.02410089969635,0.1467718482017517,0.16413280367851257,-0.0,0.0,0.0001597896625753492,0.0,-1.8027683854868236e-15,-0.002320489465955866,0.0001652330644945077,0.0012464071490949635
1788436465.9461687,-1.02410089969635,0.1467718482017517,0.16413280367851257,-0.0,0.0,-0.005766276270151138,0.0,-1.8027683854868236e-15,-0.002320489465955866,0.0001652330644945077,0.0012464071490949635
1788436465.95844,-1.022364616394043,0.146115243434906,0.16314662992954254,-0.0,0.0,-0.005766276270151138,0.0,-1.8027683854868236e-15,-0.0018808006882888861,-0.0003515561348362284,-0.0009861706430531747
1788436465.9661715,-1.022364616394043,0.146115243434906,0.16314662992954254,-0.0,0.0,-0.004594485741108656,0.0,-1.8027683854868236e-15,-0.0018808006882888861,-0.0003515561348362284,-0.0009861706430531747
1788436465.976497,-1.022364616394043,0.146115243434906,0.16314662992954254,-0.0,0.0,-0.0044080642983317375,0.0,-1.8027683854868236e-15,-0.0018808006882888861,-0.0003515561348362284,-0.0009861706430531747
1788436465.9874947,-1.022364616394043,0.146115243434906,0.16314662992954254,-0.0,0.0,-0.0044080642983317375,0.0,-1.8027683854868236e-15,-0.0018808006882888861,-0.0003515561348362284,-0.0009861706430531747
1788436465.9962065,-1.022364616394043,0.146115243434906,0.16314662992954254,-0.0,0.0,-0.0035292210523039103,0.0,-1.8027683854868236e-15,-0.0018808006882888861,-0.0003515561348362284,-0.0009861706430531747
1788436466.0061734,-1.022364616394043,0.146115243434906,0.16314662992954254,-0.0,0.0,-0.00430153775960207,0.0,-1.8027683854868236e-15,-0.0018808006882888861,-0.0003515561348362284,-0.0009861706430531747
1788436466.0174825,-1.022364616394043,0.146115243434906,0.16314662992954254,-0.0,0.0,-0.00430153775960207,0.0,-1.8027683854868236e-15,-0.0018808006882888861,-0.0003515561348362284,-0.0009861706430531747
1788436466.0287995,-1.022364616394043,0.146115243434906,0.16314662992954254,-0.0,0.0,-0.003715642262250185,0.0,-1.8027683854868236e-15,-0.0018808006882888861,-0.0003515561348362284,-0.0009861706430531747
1788436466.0361676,-1.022364616394043,0.146115243434906,0.16314662992954254,-0.0,0.0,-0.003236273303627968,0.0,-1.8027683854868236e-15,-0.0018808006882888861,-0.0003515561348362284,-0.0009861706430531747
1788436466.0463789,-1.0243152379989624,0.14590875804424286,0.16223058104515076,-0.0,0.0,-0.0046211169101297855,0.0,-1.8027683854868236e-15,0.001816524343010606,-0.0007317801783877642,-0.0009160627750284256
1788436466.0595877,-1.0243152379989624,0.14590875804424286,0.16223058104515076,-0.0,0.0,-0.0046211169101297855,0.0,-1.8027683854868236e-15,0.001816524343010606,-0.0007317801783877642,-0.0009160627750284256
1788436466.066254,-1.0243152379989624,0.14590875804424286,0.16223058104515076,-0.0,0.0,-0.004274906124919653,0.0,-1.8027683854868236e-15,0.001816524343010606,-0.0007317801783877642,-0.0009160627750284256
1788436466.0764499,-1.0243152379989624,0.14590875804424286,0.16223058104515076,-0.0,0.0,-0.003768905531615019,0.0,-1.8027683854868236e-15,0.001816524343010606,-0.0007317801783877642,-0.0009160627750284256
1788436466.0874653,-1.0243152379989624,0.14590875804424286,0.16223058104515076,-0.0,0.0,-0.003768905531615019,0.0,-1.8027683854868236e-15,0.001816524343010606,-0.0007317801783877642,-0.0009160627750284256
1788436466.096429,-1.0243152379989624,0.14590875804424286,0.16223058104515076,-0.0,0.0,-0.0029699571896344423,0.0,-1.8027683854868236e-15,0.001816524343010606,-0.0007317801783877642,-0.0009160627750284256
1788436466.1061716,-1.0243152379989624,0.14590875804424286,0.16223058104515076,-0.0,0.0,-0.003981958609074354,0.0,-1.8027683854868236e-15,0.001816524343010606,-0.0007317801783877642,-0.0009160627750284256
1788436466.116226,-1.0243152379989624,0.14590875804424286,0.16223058104515076,-0.0,0.0,-0.003981958609074354,0.0,-1.8027683854868236e-15,0.001816524343010606,-0.0007317801783877642,-0.0009160627750284256
1788436466.1270385,-1.0243152379989624,0.14590875804424286,0.16223058104515076,-0.0,0.0,-0.007444067858159542,0.0,-1.8027683854868236e-15,0.001816524343010606,-0.0007317801783877642,-0.0009160627750284256
1788436466.1361666,-1.0243152379989624,0.14590875804424286,0.16223058104515076,-0.0,0.0,-0.006671751383692026,0.0,-1.8027683854868236e-15,0.001816524343010606,-0.0007317801783877642,-0.0009160627750284256
1788436466.1462383,-1.024177074432373,0.14466436207294464,0.16209259629249573,-0.0,0.0,-0.006671751383692026,0.0,-1.8027683854868236e-15,-0.00015816861842998797,0.001103085315659058,-0.00013797136225957018
1788436466.1564364,-1.024177074432373,0.14466436207294464,0.16209259629249573,-0.0,0.0,-0.0040884846821427345,0.0,-1.8027683854868236e-15,-0.00015816861842998797,0.001103085315659058,-0.00013797136225957018
1788436466.1661701,-1.024177074432373,0.14466436207294464,0.16209259629249573,-0.0,0.0,-0.004354801028966904,0.0,-1.8027683854868236e-15,-0.00015816861842998797,0.001103085315659058,-0.00013797136225957018
1788436466.1801038,-1.024177074432373,0.14466436207294464,0.16209259629249573,-0.0,0.0,-0.004354801028966904,0.0,-1.8027683854868236e-15,-0.00015816861842998797,0.001103085315659058,-0.00013797136225957018
1788436466.1861682,-1.024177074432373,0.14466436207294464,0.16209259629249573,-0.0,0.0,-0.0041151163168251514,0.0,-1.8027683854868236e-15,-0.00015816861842998797,0.001103085315659058,-0.00013797136225957018
1788436466.1961598,-1.024177074432373,0.14466436207294464,0.16209259629249573,-0.0,0.0,-0.0040884846821427345,0.0,-1.8027683854868236e-15,-0.00015816861842998797,0.001103085315659058,-0.00013797136225957018
1788436466.209394,-1.024177074432373,0.14466436207294464,0.16209259629249573,-0.0,0.0,-0.0038754320703446865,0.0,-1.8027683854868236e-15,-0.00015816861842998797,0.001103085315659058,-0.00013797136225957018
1788436466.2161813,-1.024177074432373,0.14466436207294464,0.16209259629249573,-0.0,0.0,-0.004701011814177036,0.0,-1.8027683854868236e-15,-0.00015816861842998797,0.001103085315659058,-0.00013797136225957018
1788436466.2272727,-1.024177074432373,0.14466436207294464,0.16209259629249573,-0.0,0.0,-0.004701011814177036,0.0,-1.8027683854868236e-15,-0.00015816861842998797,0.001103085315659058,-0.00013797136225957018
1788436466.2361884,-1.024177074432373,0.14466436207294464,0.16209259629249573,-0.0,0.0,-0.005393433850258589,0.0,-1.8027683854868236e-15,-0.00015816861842998797,0.001103085315659058,-0.00013797136225957018
1788436466.246653,-1.0224186182022095,0.1474006325006485,0.1646793782711029,-0.0,0.0,-0.005393433850258589,0.0,-1.8027683854868236e-15,-0.0013805334679442005,-9.101176572007263e-05,0.0025867773783931902
1788436466.256173,-1.0224186182022095,0.1474006325006485,0.1646793782711029,-0.0,0.0,-0.0046211169101297855,0.0,-1.8027683854868236e-15,-0.0013805334679442005,-9.101176572007263e-05,0.0025867773783931902
1788436466.2661715,-1.0224186182022095,0.1474006325006485,0.1646793782711029,-0.0,0.0,-0.004328169394284487,0.0,-1.8027683854868236e-15,-0.0013805334679442005,-9.101176572007263e-05,0.0025867773783931902
1788436466.2765012,-1.0224186182022095,0.1474006325006485,0.1646793782711029,-0.0,0.0,-0.004328169394284487,0.0,-1.8027683854868236e-15,-0.0013805334679442005,-9.101176572007263e-05,0.0025867773783931902
1788436466.286175,-1.0224186182022095,0.1474006325006485,0.1646793782711029,-0.0,0.0,-0.003183010034263134,0.0,-1.8027683854868236e-15,-0.0013805334679442005,-9.101176572007263e-05,0.0025867773783931902
1788436466.2961962,-1.0224186182022095,0.1474006325006485,0.1646793782711029,-0.0,0.0,-0.002703641075640917,0.0,-1.8027683854868236e-15,-0.0013805334679442005,-9.101176572007263e-05,0.0025867773783931902
1788436466.3063107,-1.0224186182022095,0.1474006325006485,0.1646793782711029,-0.0,0.0,-0.002703641075640917,0.0,-1.8027683854868236e-15,-0.0013805334679442005,-9.101176572007263e-05,0.0025867773783931902
1788436466.3180716,-1.0224186182022095,0.1474006325006485,0.1646793782711029,-0.0,0.0,-0.0032895365729928017,0.0,-1.8027683854868236e-15,-0.0013805334679442005,-9.101176572007263e-05,0.0025867773783931902
1788436466.3277423,-1.0224186182022095,0.1474006325006485,0.1646793782711029,-0.0,0.0,-0.0051803807727992535,0.0,-1.8027683854868236e-15,-0.0013805334679442005,-9.101176572007263e-05,0.0025867773783931902
1788436466.3363874,-1.0224186182022095,0.1474006325006485,0.1646793782711029,-0.0,0.0,-0.0051803807727992535,0.0,-1.8027683854868236e-15,-0.0013805334679442005,-9.101176572007263e-05,0.0025867773783931902
1788436466.3463433,-1.0224186182022095,0.1474006325006485,0.1646793782711029,-0.0,0.0,-0.004487959202378988,0.0,-1.8027683854868236e-15,-0.0013805334679442005,-9.101176572007263e-05,0.0025867773783931902
1788436466.3566184,-1.0239049196243286,0.14583706855773926,0.16352485120296478,-0.0,0.0,-0.004567854106426239,0.0,-1.8027683854868236e-15,0.0013171990369895692,0.0003815330240824477,-0.0011545330533104803
1788436466.3665557,-1.0239049196243286,0.14583706855773926,0.16352485120296478,-0.0,0.0,-0.004541222471743822,0.0,-1.8027683854868236e-15,0.0013171990369895692,0.0003815330240824477,-0.0011545330533104803
1788436466.3766038,-1.0239049196243286,0.14583706855773926,0.16352485120296478,-0.0,0.0,-0.004567854106426239,0.0,-1.8027683854868236e-15,0.0013171990369895692,0.0003815330240824477,-0.0011545330533104803
1788436466.3866217,-1.0239049196243286,0.14583706855773926,0.16352485120296478,-0.0,0.0,-0.004567854106426239,0.0,-1.8027683854868236e-15,0.0013171990369895692,0.0003815330240824477,-0.0011545330533104803
1788436466.396197,-1.0239049196243286,0.14583706855773926,0.16352485120296478,-0.0,0.0,-0.004674380179494619,0.0,-1.8027683854868236e-15,0.0013171990369895692,0.0003815330240824477,-0.0011545330533104803
1788436466.4063215,-1.0239049196243286,0.14583706855773926,0.16352485120296478,-0.0,0.0,-0.004674380179494619,0.0,-1.8027683854868236e-15,0.0013171990369895692,0.0003815330240824477,-0.0011545330533104803
1788436466.416305,-1.0239049196243286,0.14583706855773926,0.16352485120296478,-0.0,0.0,-0.004780906718224287,0.0,-1.8027683854868236e-15,0.0013171990369895692,0.0003815330240824477,-0.0011545330533104803
1788436466.4261708,-1.0239049196243286,0.14583706855773926,0.16352485120296478,-0.0,0.0,-0.004195011220872402,0.0,-1.8027683854868236e-15,0.0013171990369895692,0.0003815330240824477,-0.0011545330533104803
1788436466.43627,-1.0239049196243286,0.14583706855773926,0.16352485120296478,-0.0,0.0,-0.004195011220872402,0.0,-1.8027683854868236e-15,0.0013171990369895692,0.0003815330240824477,-0.0011545330533104803
1788436466.4463239,-1.025736689567566,0.14535404741764069,0.16304361820220947,-0.0,0.0,-0.003582484321668744,0.0,-1.8027683854868236e-15,0.0017617029306331577,-1.0570203480220197e-05,-0.00048122271582595744
1788436466.4561737,-1.025736689567566,0.14535404741764069,0.16304361820220947,-0.0,0.0,-0.0024106933269649744,0.0,-1.8027683854868236e-15,0.0017617029306331577,-1.0570203480220197e-05,-0.00048122271582595744
1788436466.4663582,-1.025736689567566,0.14535404741764069,0.16304361820220947,-0.0,0.0,-0.0024106933269649744,0.0,-1.8027683854868236e-15,0.0017617029306331577,-1.0570203480220197e-05,-0.00048122271582595744
1788436466.476577,-1.025736689567566,0.14535404741764069,0.16304361820220947,-0.0,0.0,-0.0028900625184178352,0.0,-1.8027683854868236e-15,0.0017617029306331577,-1.0570203480220197e-05,-0.00048122271582595744
1788436466.4861796,-1.025736689567566,0.14535404741764069,0.16304361820220947,-0.0,0.0,-0.003768905531615019,0.0,-1.8027683854868236e-15,0.0017617029306331577,-1.0570203480220197e-05,-0.00048122271582595744
1788436466.4974155,-1.025736689567566,0.14535404741764069,0.16304361820220947,-0.0,0.0,-0.003768905531615019,0.0,-1.8027683854868236e-15,0.0017617029306331577,-1.0570203480220197e-05,-0.00048122271582595744
1788436466.506162,-1.025736689567566,0.14535404741764069,0.16304361820220947,-0.0,0.0,-0.004061853513121605,0.0,-1.8027683854868236e-15,0.0017617029306331577,-1.0570203480220197e-05,-0.00048122271582595744
1788436466.51617,-1.025736689567566,0.14535404741764069,0.16304361820220947,-0.0,0.0,-0.0028634308837354183,0.0,-1.8027683854868236e-15,0.0017617029306331577,-1.0570203480220197e-05,-0.00048122271582595744
1788436466.5261734,-1.025736689567566,0.14535404741764069,0.16304361820220947,-0.0,0.0,-0.003049852093681693,0.0,-1.8027683854868236e-15,0.0017617029306331577,-1.0570203480220197e-05,-0.00048122271582595744
1788436466.5373087,-1.025736689567566,0.14535404741764069,0.16304361820220947,-0.0,0.0,-0.003555852686986327,0.0,-1.8027683854868236e-15,0.0017617029306331577,-1.0570203480220197e-05,-0.00048122271582595744
1788436466.546265,-1.025736689567566,0.14535404741764069,0.16304361820220947,-0.0,0.0,-0.003555852686986327,0.0,-1.8027683854868236e-15,0.0017617029306331577,-1.0570203480220197e-05,-0.00048122271582595744
1788436466.5561752,-1.0233120918273926,0.14684489369392395,0.16442875564098358,-0.0,0.0,-0.005047223065048456,0.0,-1.8027683854868236e-15,-0.002222190409230773,-7.328928476807439e-05,0.0013851300117506682
1788436466.566739,-1.0233120918273926,0.14684489369392395,0.16442875564098358,-0.0,0.0,-0.005047223065048456,0.0,-1.8027683854868236e-15,-0.002222190409230773,-7.328928476807439e-05,0.0013851300117506682
1788436466.5766795,-1.0233120918273926,0.14684489369392395,0.16442875564098358,-0.0,0.0,-0.004860801622271538,0.0,-1.8027683854868236e-15,-0.002222190409230773,-7.328928476807439e-05,0.0013851300117506682
1788436466.5862005,-1.0233120918273926,0.14684489369392395,0.16442875564098358,-0.0,0.0,-0.005659749731421471,0.0,-1.8027683854868236e-15,-0.002222190409230773,-7.328928476807439e-05,0.0013851300117506682
1788436466.5961847,-1.0233120918273926,0.14684489369392395,0.16442875564098358,-0.0,0.0,-0.005739644635468721,0.0,-1.8027683854868236e-15,-0.002222190409230773,-7.328928476807439e-05,0.0013851300117506682
1788436466.6063225,-1.0233120918273926,0.14684489369392395,0.16442875564098358,-0.0,0.0,-0.005739644635468721,0.0,-1.8027683854868236e-15,-0.002222190409230773,-7.328928476807439e-05,0.0013851300117506682
1788436466.6161973,-1.0233120918273926,0.14684489369392395,0.16442875564098358,-0.0,0.0,-0.004035221878439188,0.0,-1.8027683854868236e-15,-0.002222190409230773,-7.328928476807439e-05,0.0013851300117506682
1788436466.626521,-1.0233120918273926,0.14684489369392395,0.16442875564098358,-0.0,0.0,-0.003236273303627968,0.0,-1.8027683854868236e-15,-0.002222190409230773,-7.328928476807439e-05,0.0013851300117506682
1788436466.636223,-1.0233120918273926,0.14684489369392395,0.16442875564098358,-0.0,0.0,-0.004727643448859453,0.0,-1.8027683854868236e-15,-0.002222190409230773,-7.328928476807439e-05,0.0013851300117506682
1788436466.6461983,-1.0233120918273926,0.14684489369392395,0.16442875564098358,-0.0,0.0,-0.0038754320703446865,0.0,-1.8027683854868236e-15,-0.002222190409230773,-7.328928476807439e-05,0.0013851300117506682
1788436466.6564775,-1.0236529111862183,0.14470505714416504,0.16289004683494568,-0.0,0.0,-0.0038754320703446865,0.0,-1.8027683854868236e-15,0.00011692821078979065,0.0005649093177901854,-0.0015387076292903146
1788436466.666185,-1.0236529111862183,0.14470505714416504,0.16289004683494568,-0.0,0.0,-0.003129746997728944,0.0,-1.8027683854868236e-15,0.00011692821078979065,0.0005649093177901854,-0.0015387076292903146
1788436466.6761765,-1.0236529111862183,0.14470505714416504,0.16289004683494568,-0.0,0.0,-0.0028634308837354183,0.0,-1.8027683854868236e-15,0.00011692821078979065,0.0005649093177901854,-0.0015387076292903146
1788436466.6861854,-1.0236529111862183,0.14470505714416504,0.16289004683494568,-0.0,0.0,-0.003049852093681693,0.0,-1.8027683854868236e-15,0.00011692821078979065,0.0005649093177901854,-0.0015387076292903146
1788436466.6961834,-1.0236529111862183,0.14470505714416504,0.16289004683494568,-0.0,0.0,-0.0034493261482566595,0.0,-1.8027683854868236e-15,0.00011692821078979065,0.0005649093177901854,-0.0015387076292903146
1788436466.706172,-1.0236529111862183,0.14470505714416504,0.16289004683494568,-0.0,0.0,-0.004727643448859453,0.0,-1.8027683854868236e-15,0.00011692821078979065,0.0005649093177901854,-0.0015387076292903146
1788436466.7165546,-1.0236529111862183,0.14470505714416504,0.16289004683494568,-0.0,0.0,-0.00520701240748167,0.0,-1.8027683854868236e-15,0.00011692821078979065,0.0005649093177901854,-0.0015387076292903146
1788436466.7263465,-1.0236529111862183,0.14470505714416504,0.16289004683494568,-0.0,0.0,-0.00520701240748167,0.0,-1.8027683854868236e-15,0.00011692821078979065,0.0005649093177901854,-0.0015387076292903146
1788436466.737976,-1.0236529111862183,0.14470505714416504,0.16289004683494568,-0.0,0.0,-0.0065652248449623585,0.0,-1.8027683854868236e-15,0.00011692821078979065,0.0005649093177901854,-0.0015387076292903146
1788436466.7461722,-1.024857759475708,0.14506672322750092,0.16382259130477905,-0.0,0.0,-0.01008059736341238,0.0,-1.8027683854868236e-15,0.001339668517886805,0.0005941233683161018,0.0009325510192859099
1788436466.7562664,-1.024857759475708,0.14506672322750092,0.16382259130477905,-0.0,0.0,-0.01008059736341238,0.0,-1.8027683854868236e-15,0.001339668517886805,0.0005941233683161018,0.0009325510192859099
1788436466.766175,-1.024857759475708,0.14506672322750092,0.16382259130477905,-0.0,0.0,-0.009148490615189075,0.0,-1.8027683854868236e-15,0.001339668517886805,0.0005941233683161018,0.0009325510192859099
1788436466.7777221,-1.024857759475708,0.14506672322750092,0.16382259130477905,-0.0,0.0,-0.009148490615189075,0.0,-1.8027683854868236e-15,0.001339668517886805,0.0005941233683161018,0.0009325510192859099
1788436466.7875118,-1.024857759475708,0.14506672322750092,0.16382259130477905,-0.0,0.0,-0.0033161682076752186,0.0,-1.8027683854868236e-15,0.001339668517886805,0.0005941233683161018,0.0009325510192859099
1788436466.7967722,-1.024857759475708,0.14506672322750092,0.16382259130477905,-0.0,0.0,-0.0005731122801080346,0.0,-1.8027683854868236e-15,0.001339668517886805,0.0005941233683161018,0.0009325510192859099
1788436466.8061743,-1.024857759475708,0.14506672322750092,0.16382259130477905,-0.0,0.0,-0.0008660599705763161,0.0,-1.8027683854868236e-15,0.001339668517886805,0.0005941233683161018,0.0009325510192859099
1788436466.8163607,-1.024857759475708,0.14506672322750092,0.16382259130477905,-0.0,0.0,-0.0008660599705763161,0.0,-1.8027683854868236e-15,0.001339668517886805,0.0005941233683161018,0.0009325510192859099
1788436466.8261805,-1.024857759475708,0.14506672322750092,0.16382259130477905,-0.0,0.0,-0.0028367992490530014,0.0,-1.8027683854868236e-15,0.001339668517886805,0.0005941233683161018,0.0009325510192859099
1788436466.8361816,-1.024857759475708,0.14506672322750092,0.16382259130477905,-0.0,0.0,-0.0020911141764372587,0.0,-1.8027683854868236e-15,0.001339668517886805,0.0005941233683161018,0.0009325510192859099
1788436466.8461773,-1.023962378501892,0.14679914712905884,0.16414399445056915,-0.0,0.0,-0.006964698899537325,0.0,-1.8027683854868236e-15,-0.0008482283242350341,-0.0014033240174531336,0.00032139135410691466
1788436466.8571107,-1.023962378501892,0.14679914712905884,0.16414399445056915,-0.0,0.0,-0.006964698899537325,0.0,-1.8027683854868236e-15,-0.0008482283242350341,-0.0014033240174531336,0.00032139135410691466
1788436466.8662672,-1.023962378501892,0.14679914712905884,0.16414399445056915,-0.0,0.0,-0.009601227939128876,0.0,-1.8027683854868236e-15,-0.0008482283242350341,-0.0014033240174531336,0.00032139135410691466
1788436466.8776703,-1.023962378501892,0.14679914712905884,0.16414399445056915,-0.0,0.0,-0.004461327567696571,0.0,-1.8027683854868236e-15,-0.0008482283242350341,-0.0014033240174531336,0.00032139135410691466
1788436466.8861833,-1.023962378501892,0.14679914712905884,0.16414399445056915,-0.0,0.0,-0.0034759577829390764,0.0,-1.8027683854868236e-15,-0.0008482283242350341,-0.0014033240174531336,0.00032139135410691466
1788436466.8962922,-1.023962378501892,0.14679914712905884,0.16414399445056915,-0.0,0.0,-0.0034759577829390764,0.0,-1.8027683854868236e-15,-0.0008482283242350341,-0.0014033240174531336,0.00032139135410691466
1788436466.9062204,-1.023962378501892,0.14679914712905884,0.16414399445056915,-0.0,0.0,-0.0024373249616473913,0.0,-1.8027683854868236e-15,-0.0008482283242350341,-0.0014033240174531336,0.00032139135410691466
1788436466.9195056,-1.023962378501892,0.14679914712905884,0.16414399445056915,-0.0,0.0,-0.0024373249616473913,0.0,-1.8027683854868236e-15,-0.0008482283242350341,-0.0014033240174531336,0.00032139135410691466
1788436466.926209,-1.023962378501892,0.14679914712905884,0.16414399445056915,-0.0,0.0,-0.0028900625184178352,0.0,-1.8027683854868236e-15,-0.0008482283242350341,-0.0014033240174531336,0.00032139135410691466
1788436466.9363399,-1.023962378501892,0.14679914712905884,0.16414399445056915,-0.0,0.0,-0.0022509037517011166,0.0,-1.8027683854868236e-15,-0.0008482283242350341,-0.0014033240174531336,0.00032139135410691466
1788436466.946335,-1.0229015350341797,0.14601044356822968,0.16382141411304474,-0.0,0.0,-0.003955326974391937,0.0,-1.8027683854868236e-15,-0.0011079433421146145,0.0004587541730424194,-0.00032257673603641734
1788436466.9561918,-1.0229015350341797,0.14601044356822968,0.16382141411304474,-0.0,0.0,-0.00392869533970952,0.0,-1.8027683854868236e-15,-0.0011079433421146145,0.0004587541730424194,-0.00032257673603641734
1788436466.966187,-1.0229015350341797,0.14601044356822968,0.16382141411304474,-0.0,0.0,-0.004914064891636372,0.0,-1.8027683854868236e-15,-0.0011079433421146145,0.0004587541730424194,-0.00032257673603641734
1788436466.979496,-1.0229015350341797,0.14601044356822968,0.16382141411304474,-0.0,0.0,-0.003981958609074354,0.0,-1.8027683854868236e-15,-0.0011079433421146145,0.0004587541730424194,-0.00032257673603641734
1788436466.9861634,-1.0229015350341797,0.14601044356822968,0.16382141411304474,-0.0,0.0,-0.004701011814177036,0.0,-1.8027683854868236e-15,-0.0011079433421146145,0.0004587541730424194,-0.00032257673603641734
1788436466.9961834,-1.0229015350341797,0.14601044356822968,0.16382141411304474,-0.0,0.0,-0.004328169394284487,0.0,-1.8027683854868236e-15,-0.0011079433421146145,0.0004587541730424194,-0.00032257673603641734
1788436467.006174,-1.0229015350341797,0.14601044356822968,0.16382141411304474,-0.0,0.0,-0.0033694314770400524,0.0,-1.8027683854868236e-15,-0.0011079433421146145,0.0004587541730424194,-0.00032257673603641734
1788436467.016381,-1.0229015350341797,0.14601044356822968,0.16382141411304474,-0.0,0.0,-0.0033694314770400524,0.0,-1.8027683854868236e-15,-0.0011079433421146145,0.0004587541730424194,-0.00032257673603641734
1788436467.026174,-1.0229015350341797,0.14601044356822968,0.16382141411304474,-0.0,0.0,-0.004354801028966904,0.0,-1.8027683854868236e-15,-0.0011079433421146145,0.0004587541730424194,-0.00032257673603641734
1788436467.0361722,-1.0229015350341797,0.14601044356822968,0.16382141411304474,-0.0,0.0,-0.00392869533970952,0.0,-1.8027683854868236e-15,-0.0011079433421146145,0.0004587541730424194,-0.00032257673603641734
1788436467.0474563,-1.0237536430358887,0.1458461880683899,0.16377457976341248,-0.0,0.0,-0.0026237464044243097,0.0,-1.8027683854868236e-15,0.0008452835794861002,0.00011630578162974414,-4.682675496203714e-05
1788436467.0566456,-1.0237536430358887,0.1458461880683899,0.16377457976341248,-0.0,0.0,-0.0027302727103233337,0.0,-1.8027683854868236e-15,0.0008452835794861002,0.00011630578162974414,-4.682675496203714e-05
1788436467.0661924,-1.0237536430358887,0.1458461880683899,0.16377457976341248,-0.0,0.0,-0.0037955371662974358,0.0,-1.8027683854868236e-15,0.0008452835794861002,0.00011630578162974414,-4.682675496203714e-05
1788436467.0784714,-1.0237536430358887,0.1458461880683899,0.16377457976341248,-0.0,0.0,-0.0037955371662974358,0.0,-1.8027683854868236e-15,0.0008452835794861002,0.00011630578162974414,-4.682675496203714e-05
1788436467.0863514,-1.0237536430358887,0.1458461880683899,0.16377457976341248,-0.0,0.0,-0.004487959202378988,0.0,-1.8027683854868236e-15,0.0008452835794861002,0.00011630578162974414,-4.682675496203714e-05
1788436467.0961757,-1.0237536430358887,0.1458461880683899,0.16377457976341248,-0.0,0.0,-0.0038221688009798527,0.0,-1.8027683854868236e-15,0.0008452835794861002,0.00011630578162974414,-4.682675496203714e-05
1788436467.1061046,-1.0237536430358887,0.1458461880683899,0.16377457976341248,-0.0,0.0,-0.0035292210523039103,0.0,-1.8027683854868236e-15,0.0008452835794861002,0.00011630578162974414,-4.682675496203714e-05
1788436467.1161704,-1.0237536430358887,0.1458461880683899,0.16377457976341248,-0.0,0.0,-0.0033960631117224693,0.0,-1.8027683854868236e-15,0.0008452835794861002,0.00011630578162974414,-4.682675496203714e-05
1788436467.1261735,-1.0237536430358887,0.1458461880683899,0.16377457976341248,-0.0,0.0,-0.0035292210523039103,0.0,-1.8027683854868236e-15,0.0008452835794861002,0.00011630578162974414,-4.682675496203714e-05
1788436467.136349,-1.0237536430358887,0.1458461880683899,0.16377457976341248,-0.0,0.0,-0.0028367992490530014,0.0,-1.8027683854868236e-15,0.0008452835794861002,0.00011630578162974414,-4.682675496203714e-05
1788436467.1461935,-1.0237536430358887,0.1458461880683899,0.16377457976341248,-0.0,0.0,-0.0005731122801080346,0.0,-1.8027683854868236e-15,0.0008452835794861002,0.00011630578162974414,-4.682675496203714e-05
1788436467.1562595,-1.0247323513031006,0.14988616108894348,0.16526161134243011,-0.0,0.0,-0.0014253237750381231,0.0,-1.8027683854868236e-15,0.0012004543896564357,-0.0025159891096380727,0.0014870323080384829
1788436467.1664038,-1.0247323513031006,0.14988616108894348,0.16526161134243011,-0.0,0.0,-0.0020911141764372587,0.0,-1.8027683854868236e-15,0.0012004543896564357,-0.0025159891096380727,0.0014870323080384829
1788436467.1801746,-1.0247323513031006,0.14988616108894348,0.16526161134243011,-0.0,0.0,-0.0020911141764372587,0.0,-1.8027683854868236e-15,0.0012004543896564357,-0.0025159891096380727,0.0014870323080384829
1788436467.1861997,-1.0247323513031006,0.14988616108894348,0.16526161134243011,-0.0,0.0,-0.0029965888243168592,0.0,-1.8027683854868236e-15,0.0012004543896564357,-0.0025159891096380727,0.0014870323080384829
1788436467.196189,-1.0247323513031006,0.14988616108894348,0.16526161134243011,-0.0,0.0,-0.0027835359796881676,0.0,-1.8027683854868236e-15,0.0012004543896564357,-0.0025159891096380727,0.0014870323080384829
1788436467.2067654,-1.0247323513031006,0.14988616108894348,0.16526161134243011,-0.0,0.0,-0.002517219865694642,0.0,-1.8027683854868236e-15,0.0012004543896564357,-0.0025159891096380727,0.0014870323080384829
1788436467.2162018,-1.0247323513031006,0.14988616108894348,0.16526161134243011,-0.0,0.0,-0.002517219865694642,0.0,-1.8027683854868236e-15,0.0012004543896564357,-0.0025159891096380727,0.0014870323080384829
1788436467.226181,-1.0247323513031006,0.14988616108894348,0.16526161134243011,-0.0,0.0,-0.002650377806276083,0.0,-1.8027683854868236e-15,0.0012004543896564357,-0.0025159891096380727,0.0014870323080384829
1788436467.236582,-1.0247323513031006,0.14988616108894348,0.16526161134243011,-0.0,0.0,-0.002650377806276083,0.0,-1.8027683854868236e-15,0.0012004543896564357,-0.0025159891096380727,0.0014870323080384829
1788436467.2483697,-1.0247323513031006,0.14988616108894348,0.16526161134243011,-0.0,0.0,-0.003209641668945551,0.0,-1.8027683854868236e-15,0.0012004543896564357,-0.0025159891096380727,0.0014870323080384829
1788436467.2561803,-1.024056077003479,0.14655275642871857,0.16451169550418854,-0.0,0.0,-0.00028016456053592265,0.0,-1.8027683854868236e-15,-0.0007864908480710309,0.002565488516767356,-0.0007499189310067322
1788436467.2663457,-1.024056077003479,0.14655275642871857,0.16451169550418854,-0.0,0.0,-0.00028016456053592265,0.0,-1.8027683854868236e-15,-0.0007864908480710309,0.002565488516767356,-0.0007499189310067322
1788436467.276568,-1.024056077003479,0.14655275642871857,0.16451169550418854,-0.0,0.0,-6.711165769957006e-05,0.0,-1.8027683854868236e-15,-0.0007864908480710309,0.002565488516767356,-0.0007499189310067322
1788436467.2861748,-1.024056077003479,0.14655275642871857,0.16451169550418854,-0.0,0.0,-0.002490588231012225,0.0,-1.8027683854868236e-15,-0.0007864908480710309,0.002565488516767356,-0.0007499189310067322
1788436467.2963402,-1.024056077003479,0.14655275642871857,0.16451169550418854,-0.0,0.0,-0.002490588231012225,0.0,-1.8027683854868236e-15,-0.0007864908480710309,0.002565488516767356,-0.0007499189310067322
1788436467.3063233,-1.024056077003479,0.14655275642871857,0.16451169550418854,-0.0,0.0,-0.001478587044402957,0.0,-1.8027683854868236e-15,-0.0007864908480710309,0.002565488516767356,-0.0007499189310067322
1788436467.3161664,-1.024056077003479,0.14655275642871857,0.16451169550418854,-0.0,0.0,-0.0029166939202696085,0.0,-1.8027683854868236e-15,-0.0007864908480710309,0.002565488516767356,-0.0007499189310067322
1788436467.3262343,-1.024056077003479,0.14655275642871857,0.16451169550418854,-0.0,0.0,-0.00512711750343442,0.0,-1.8027683854868236e-15,-0.0007864908480710309,0.002565488516767356,-0.0007499189310067322
1788436467.3368614,-1.024056077003479,0.14655275642871857,0.16451169550418854,-0.0,0.0,-0.0054999603889882565,0.0,-1.8027683854868236e-15,-0.0007864908480710309,0.002565488516767356,-0.0007499189310067322
1788436467.3461626,-1.0242136716842651,0.14532268047332764,0.16391369700431824,-0.0,0.0,-0.005899434443563223,0.0,-1.8027683854868236e-15,7.050515318063333e-05,0.0006176033687241289,-0.0005980082412877508
1788436467.3561656,-1.0242136716842651,0.14532268047332764,0.16391369700431824,-0.0,0.0,-0.004727643448859453,0.0,-1.8027683854868236e-15,7.050515318063333e-05,0.0006176033687241289,-0.0005980082412877508
1788436467.3684893,-1.0242136716842651,0.14532268047332764,0.16391369700431824,-0.0,0.0,-0.004727643448859453,0.0,-1.8027683854868236e-15,7.050515318063333e-05,0.0006176033687241289,-0.0005980082412877508
1788436467.3813133,-1.0242136716842651,0.14532268047332764,0.16391369700431824,-0.0,0.0,-0.003183010034263134,0.0,-1.8027683854868236e-15,7.050515318063333e-05,0.0006176033687241289,-0.0005980082412877508
1788436467.3861876,-1.0242136716842651,0.14532268047332764,0.16391369700431824,-0.0,0.0,-0.0033694314770400524,0.0,-1.8027683854868236e-15,7.050515318063333e-05,0.0006176033687241289,-0.0005980082412877508
1788436467.3962445,-1.0242136716842651,0.14532268047332764,0.16391369700431824,-0.0,0.0,-0.0033694314770400524,0.0,-1.8027683854868236e-15,7.050515318063333e-05,0.0006176033687241289,-0.0005980082412877508
1788436467.406925,-1.0242136716842651,0.14532268047332764,0.16391369700431824,-0.0,0.0,-0.004061853513121605,0.0,-1.8027683854868236e-15,7.050515318063333e-05,0.0006176033687241289,-0.0005980082412877508
1788436467.4161882,-1.0242136716842651,0.14532268047332764,0.16391369700431824,-0.0,0.0,-0.00307648372836411,0.0,-1.8027683854868236e-15,7.050515318063333e-05,0.0006176033687241289,-0.0005980082412877508
1788436467.4293647,-1.0242136716842651,0.14532268047332764,0.16391369700431824,-0.0,0.0,-0.00307648372836411,0.0,-1.8027683854868236e-15,7.050515318063333e-05,0.0006176033687241289,-0.0005980082412877508
1788436467.436241,-1.0242136716842651,0.14532268047332764,0.16391369700431824,-0.0,0.0,-0.0029965888243168592,0.0,-1.8027683854868236e-15,7.050515318063333e-05,0.0006176033687241289,-0.0005980082412877508
1788436467.4461684,-1.0248425006866455,0.14576606452465057,0.1636907160282135,-0.0,0.0,-0.0038221688009798527,0.0,-1.8027683854868236e-15,0.0005963435399194417,-0.0006718761795324046,-0.00022296842870472844
1788436467.4565907,-1.0248425006866455,0.14576606452465057,0.1636907160282135,-0.0,0.0,-0.0038221688009798527,0.0,-1.8027683854868236e-15,0.0005963435399194417,-0.0006718761795324046,-0.00022296842870472844
1788436467.4687152,-1.0248425006866455,0.14576606452465057,0.1636907160282135,-0.0,0.0,-0.004061853513121605,0.0,-1.8027683854868236e-15,0.0005963435399194417,-0.0006718761795324046,-0.00022296842870472844
1788436467.4764361,-1.0248425006866455,0.14576606452465057,0.1636907160282135,-0.0,0.0,-0.003742273896932602,0.0,-1.8027683854868236e-15,0.0005963435399194417,-0.0006718761795324046,-0.00022296842870472844
1788436467.4882257,-1.0248425006866455,0.14576606452465057,0.1636907160282135,-0.0,0.0,-0.003662379225715995,0.0,-1.8027683854868236e-15,0.0005963435399194417,-0.0006718761795324046,-0.00022296842870472844
1788436467.4965692,-1.0248425006866455,0.14576606452465057,0.1636907160282135,-0.0,0.0,-0.00307648372836411,0.0,-1.8027683854868236e-15,0.0005963435399194417,-0.0006718761795324046,-0.00022296842870472844
1788436467.5061502,-1.0248425006866455,0.14576606452465057,0.1636907160282135,-0.0,0.0,-0.0033427998423576355,0.0,-1.8027683854868236e-15,0.0005963435399194417,-0.0006718761795324046,-0.00022296842870472844
1788436467.5164328,-1.0248425006866455,0.14576606452465057,0.1636907160282135,-0.0,0.0,-0.0029699571896344423,0.0,-1.8027683854868236e-15,0.0005963435399194417,-0.0006718761795324046,-0.00022296842870472844
1788436467.5285387,-1.0248425006866455,0.14576606452465057,0.1636907160282135,-0.0,0.0,-0.0029699571896344423,0.0,-1.8027683854868236e-15,0.0005963435399194417,-0.0006718761795324046,-0.00022296842870472844
1788436467.5363426,-1.0248425006866455,0.14576606452465057,0.1636907160282135,-0.0,0.0,-0.0026770094409585,0.0,-1.8027683854868236e-15,0.0005963435399194417,-0.0006718761795324046,-0.00022296842870472844
1788436467.546185,-1.0248425006866455,0.14576606452465057,0.1636907160282135,-0.0,0.0,-0.004221642855554819,0.0,-1.8027683854868236e-15,0.0005963435399194417,-0.0006718761795324046,-0.00022296842870472844
1788436467.556273,-1.0244721174240112,0.14342911541461945,0.1636313498020172,-0.0,0.0,-0.004221642855554819,0.0,-1.8027683854868236e-15,-0.0003789474694921857,0.0022761218808021177,-5.937437438063853e-05
1788436467.5674977,-1.0244721174240112,0.14342911541461945,0.1636313498020172,-0.0,0.0,-0.0038754320703446865,0.0,-1.8027683854868236e-15,-0.0003789474694921857,0.0022761218808021177,-5.937437438063853e-05
1788436467.5781944,-1.0244721174240112,0.14342911541461945,0.1636313498020172,-0.0,0.0,-0.003049852093681693,0.0,-1.8027683854868236e-15,-0.0003789474694921857,0.0022761218808021177,-5.937437438063853e-05
1788436467.5875092,-1.0244721174240112,0.14342911541461945,0.1636313498020172,-0.0,0.0,-0.0029166939202696085,0.0,-1.8027683854868236e-15,-0.0003789474694921857,0.0022761218808021177,-5.937437438063853e-05
1788436467.596177,-1.0244721174240112,0.14342911541461945,0.1636313498020172,-0.0,0.0,-0.004168379586189985,0.0,-1.8027683854868236e-15,-0.0003789474694921857,0.0022761218808021177,-5.937437438063853e-05
1788436467.6061928,-1.0244721174240112,0.14342911541461945,0.1636313498020172,-0.0,0.0,-0.004274906124919653,0.0,-1.8027683854868236e-15,-0.0003789474694921857,0.0022761218808021177,-5.937437438063853e-05
1788436467.6173904,-1.0244721174240112,0.14342911541461945,0.1636313498020172,-0.0,0.0,-0.004274906124919653,0.0,-1.8027683854868236e-15,-0.0003789474694921857,0.0022761218808021177,-5.937437438063853e-05
1788436467.6263587,-1.0244721174240112,0.14342911541461945,0.1636313498020172,-0.0,0.0,-0.004061853513121605,0.0,-1.8027683854868236e-15,-0.0003789474694921857,0.0022761218808021177,-5.937437438063853e-05
1788436467.6378226,-1.0244721174240112,0.14342911541461945,0.1636313498020172,-0.0,0.0,-0.0023574302904307842,0.0,-1.8027683854868236e-15,-0.0003789474694921857,0.0022761218808021177,-5.937437438063853e-05
1788436467.6462154,-1.0244969129562378,0.14476877450942993,0.16341425478458405,-0.0,0.0,-0.0023574302904307842,0.0,-1.8027683854868236e-15,-6.709728424425521e-06,-0.001562070884431277,-0.00021708927171282255
1788436467.6561925,-1.0244969129562378,0.14476877450942993,0.16341425478458405,-0.0,0.0,-0.003236273303627968,0.0,-1.8027683854868236e-15,-6.709728424425521e-06,-0.001562070884431277,-0.00021708927171282255
1788436467.66617,-1.0244969129562378,0.14476877450942993,0.16341425478458405,-0.0,0.0,-0.004061853513121605,0.0,-1.8027683854868236e-15,-6.709728424425521e-06,-0.001562070884431277,-0.00021708927171282255
1788436467.6761763,-1.0244969129562378,0.14476877450942993,0.16341425478458405,-0.0,0.0,-0.002570483135059476,0.0,-1.8027683854868236e-15,-6.709728424425521e-06,-0.001562070884431277,-0.00021708927171282255
1788436467.6863694,-1.0244969129562378,0.14476877450942993,0.16341425478458405,-0.0,0.0,-0.002570483135059476,0.0,-1.8027683854868236e-15,-6.709728424425521e-06,-0.001562070884431277,-0.00021708927171282255
1788436467.6963356,-1.0244969129562378,0.14476877450942993,0.16341425478458405,-0.0,0.0,-0.0034226947464048862,0.0,-1.8027683854868236e-15,-6.709728424425521e-06,-0.001562070884431277,-0.00021708927171282255
1788436467.7061853,-1.0244969129562378,0.14476877450942993,0.16341425478458405,-0.0,0.0,-0.003183010034263134,0.0,-1.8027683854868236e-15,-6.709728424425521e-06,-0.001562070884431277,-0.00021708927171282255
1788436467.7184243,-1.0244969129562378,0.14476877450942993,0.16341425478458405,-0.0,0.0,-0.003183010034263134,0.0,-1.8027683854868236e-15,-6.709728424425521e-06,-0.001562070884431277,-0.00021708927171282255
1788436467.726438,-1.0244969129562378,0.14476877450942993,0.16341425478458405,-0.0,0.0,-0.003555852686986327,0.0,-1.8027683854868236e-15,-6.709728424425521e-06,-0.001562070884431277,-0.00021708927171282255
1788436467.7361722,-1.0244969129562378,0.14476877450942993,0.16341425478458405,-0.0,0.0,-0.004061853513121605,0.0,-1.8027683854868236e-15,-6.709728424425521e-06,-0.001562070884431277,-0.00021708927171282255
1788436467.7493887,-1.0251595973968506,0.14508220553398132,0.1632000058889389,-0.0,0.0,-0.0029166939202696085,0.0,-1.8027683854868236e-15,0.0006316309737324222,-0.0005330752715453357,-0.00021425570793809356
1788436467.7564611,-1.0251595973968506,0.14508220553398132,0.1632000058889389,-0.0,0.0,-0.0029166939202696085,0.0,-1.8027683854868236e-15,0.0006316309737324222,-0.0005330752715453357,-0.00021425570793809356
1788436467.7662551,-1.0251595973968506,0.14508220553398132,0.1632000058889389,-0.0,0.0,-0.0018514295807108283,0.0,-1.8027683854868236e-15,0.0006316309737324222,-0.0005330752715453357,-0.00021425570793809356
1788436467.779473,-1.0251595973968506,0.14508220553398132,0.1632000058889389,-0.0,0.0,-0.0018514295807108283,0.0,-1.8027683854868236e-15,0.0006316309737324222,-0.0005330752715453357,-0.00021425570793809356
1788436467.7861657,-1.0251595973968506,0.14508220553398132,0.1632000058889389,-0.0,0.0,-0.007151120342314243,0.0,-1.8027683854868236e-15,0.0006316309737324222,-0.0005330752715453357,-0.00021425570793809356
1788436467.7961676,-1.0251595973968506,0.14508220553398132,0.1632000058889389,-0.0,0.0,-0.007204383611679077,0.0,-1.8027683854868236e-15,0.0006316309737324222,-0.0005330752715453357,-0.00021425570793809356
1788436467.806136,-1.0251595973968506,0.14508220553398132,0.1632000058889389,-0.0,0.0,-0.0049406965263187885,0.0,-1.8027683854868236e-15,0.0006316309737324222,-0.0005330752715453357,-0.00021425570793809356
1788436467.8165066,-1.0251595973968506,0.14508220553398132,0.1632000058889389,-0.0,0.0,-0.004594485741108656,0.0,-1.8027683854868236e-15,0.0006316309737324222,-0.0005330752715453357,-0.00021425570793809356
1788436467.8267713,-1.0251595973968506,0.14508220553398132,0.1632000058889389,-0.0,0.0,-0.00512711750343442,0.0,-1.8027683854868236e-15,0.0006316309737324222,-0.0005330752715453357,-0.00021425570793809356
1788436467.8361814,-1.0251595973968506,0.14508220553398132,0.1632000058889389,-0.0,0.0,-0.0035025894176214933,0.0,-1.8027683854868236e-15,0.0006316309737324222,-0.0005330752715453357,-0.00021425570793809356
1788436467.8475652,-1.0251595973968506,0.14508220553398132,0.1632000058889389,-0.0,0.0,-0.0035025894176214933,0.0,-1.8027683854868236e-15,0.0006316309737324222,-0.0005330752715453357,-0.00021425570793809356
1788436467.8564365,-1.0243587493896484,0.14871180057525635,0.16465520858764648,-0.0,0.0,-0.003742273896932602,0.0,-1.8027683854868236e-15,-0.0005855399044660814,-0.002138791534580853,0.001455198534349389
1788436467.8661864,-1.0243587493896484,0.14871180057525635,0.16465520858764648,-0.0,0.0,-0.004061853513121605,0.0,-1.8027683854868236e-15,-0.0005855399044660814,-0.002138791534580853,0.001455198534349389
1788436467.8764515,-1.0243587493896484,0.14871180057525635,0.16465520858764648,-0.0,0.0,-0.004061853513121605,0.0,-1.8027683854868236e-15,-0.0005855399044660814,-0.002138791534580853,0.001455198534349389
1788436467.8864386,-1.0243587493896484,0.14871180057525635,0.16465520858764648,-0.0,0.0,0.0017379592172801495,0.0,-1.8027683854868236e-15,-0.0005855399044660814,-0.002138791534580853,0.001455198534349389
1788436467.8961954,-1.0243587493896484,0.14871180057525635,0.16465520858764648,-0.0,0.0,0.0020831837318837643,0.0,-1.8027683854868236e-15,-0.0005855399044660814,-0.002138791534580853,0.001455198534349389
1788436467.906436,-1.0243587493896484,0.14871180057525635,0.16465520858764648,-0.0,0.0,0.0020831837318837643,0.0,-1.8027683854868236e-15,-0.0005855399044660814,-0.002138791534580853,0.001455198534349389
1788436467.9161708,-1.0243587493896484,0.14871180057525635,0.16465520858764648,-0.0,0.0,-0.0032629049383103848,0.0,-1.8027683854868236e-15,-0.0005855399044660814,-0.002138791534580853,0.001455198534349389
1788436467.9261804,-1.0243587493896484,0.14871180057525635,0.16465520858764648,-0.0,0.0,-0.0029965888243168592,0.0,-1.8027683854868236e-15,-0.0005855399044660814,-0.002138791534580853,0.001455198534349389
1788436467.9363832,-1.0243587493896484,0.14871180057525635,0.16465520858764648,-0.0,0.0,-0.0029965888243168592,0.0,-1.8027683854868236e-15,-0.0005855399044660814,-0.002138791534580853,0.001455198534349389
1788436467.9461138,-1.0243587493896484,0.14871180057525635,0.16465520858764648,-0.0,0.0,-0.002543851500377059,0.0,-1.8027683854868236e-15,-0.0005855399044660814,-0.002138791534580853,0.001455198534349389
1788436467.9565358,-1.0253369808197021,0.14539474248886108,0.16269658505916595,-0.0,0.0,-0.0029166939202696085,0.0,-1.8027683854868236e-15,0.0006914384907588111,0.001309099975269179,-0.0019586175144277185
1788436467.9662082,-1.0253369808197021,0.14539474248886108,0.16269658505916595,-0.0,0.0,-0.0028634308837354183,0.0,-1.8027683854868236e-15,0.0006914384907588111,0.001309099975269179,-0.0019586175144277185
1788436467.9765296,-1.0253369808197021,0.14539474248886108,0.16269658505916595,-0.0,0.0,-0.007843541912734509,0.0,-1.8027683854868236e-15,0.0006914384907588111,0.001309099975269179,-0.0019586175144277185
1788436467.9865263,-1.0253369808197021,0.14539474248886108,0.16269658505916595,-0.0,0.0,-0.007843541912734509,0.0,-1.8027683854868236e-15,0.0006914384907588111,0.001309099975269179,-0.0019586175144277185
1788436467.9961727,-1.0253369808197021,0.14539474248886108,0.16269658505916595,-0.0,0.0,-0.008749016560614109,0.0,-1.8027683854868236e-15,0.0006914384907588111,0.001309099975269179,-0.0019586175144277185
1788436468.0062313,-1.0253369808197021,0.14539474248886108,0.16269658505916595,-0.0,0.0,-0.008749016560614109,0.0,-1.8027683854868236e-15,0.0006914384907588111,0.001309099975269179,-0.0019586175144277185
1788436468.018456,-1.0253369808197021,0.14539474248886108,0.16269658505916595,-0.0,0.0,-0.00307648372836411,0.0,-1.8027683854868236e-15,0.0006914384907588111,0.001309099975269179,-0.0019586175144277185
1788436468.0261924,-1.0253369808197021,0.14539474248886108,0.16269658505916595,-0.0,0.0,-0.0029699571896344423,0.0,-1.8027683854868236e-15,0.0006914384907588111,0.001309099975269179,-0.0019586175144277185
1788436468.036355,-1.0253369808197021,0.14539474248886108,0.16269658505916595,-0.0,0.0,-0.0029699571896344423,0.0,-1.8027683854868236e-15,0.0006914384907588111,0.001309099975269179,-0.0019586175144277185
1788436468.0462747,-1.0253369808197021,0.14539474248886108,0.16269658505916595,-0.0,0.0,-0.003103115363046527,0.0,-1.8027683854868236e-15,0.0006914384907588111,0.001309099975269179,-0.0019586175144277185
1788436468.0561717,-1.0221198797225952,0.14824602007865906,0.16521769762039185,-0.0,0.0,-0.0023041670210659504,0.0,-1.8027683854868236e-15,-0.0028465791421932174,-0.00027393181223012153,0.0025211158035434167
1788436468.0661964,-1.0221198797225952,0.14824602007865906,0.16521769762039185,-0.0,0.0,-0.0023041670210659504,0.0,-1.8027683854868236e-15,-0.0028465791421932174,-0.00027393181223012153,0.0025211158035434167
1788436468.0761871,-1.0221198797225952,0.14824602007865906,0.16521769762039185,-0.0,0.0,-0.003742273896932602,0.0,-1.8027683854868236e-15,-0.0028465791421932174,-0.00027393181223012153,0.0025211158035434167
1788436468.086188,-1.0221198797225952,0.14824602007865906,0.16521769762039185,-0.0,0.0,-0.0033427998423576355,0.0,-1.8027683854868236e-15,-0.0028465791421932174,-0.00027393181223012153,0.0025211158035434167
1788436468.0984046,-1.0221198797225952,0.14824602007865906,0.16521769762039185,-0.0,0.0,-0.0033427998423576355,0.0,-1.8027683854868236e-15,-0.0028465791421932174,-0.00027393181223012153,0.0025211158035434167
1788436468.106173,-1.0221198797225952,0.14824602007865906,0.16521769762039185,-0.0,0.0,-0.002543851500377059,0.0,-1.8027683854868236e-15,-0.0028465791421932174,-0.00027393181223012153,0.0025211158035434167
1788436468.1161747,-1.0221198797225952,0.14824602007865906,0.16521769762039185,-0.0,0.0,-0.002650377806276083,0.0,-1.8027683854868236e-15,-0.0028465791421932174,-0.00027393181223012153,0.0025211158035434167
1788436468.1294148,-1.0221198797225952,0.14824602007865906,0.16521769762039185,-0.0,0.0,-0.003049852093681693,0.0,-1.8027683854868236e-15,-0.0028465791421932174,-0.00027393181223012153,0.0025211158035434167
1788436468.1361704,-1.0221198797225952,0.14824602007865906,0.16521769762039185,-0.0,0.0,-0.003635747591033578,0.0,-1.8027683854868236e-15,-0.0028465791421932174,-0.00027393181223012153,0.0025211158035434167
1788436468.1461632,-1.0222426652908325,0.14476993680000305,0.1638219952583313,-0.0,0.0,-0.003635747591033578,0.0,-1.8027683854868236e-15,-8.023166451431862e-05,0.002049480650156421,-0.0013957058898439456
1788436468.156184,-1.0222426652908325,0.14476993680000305,0.1638219952583313,-0.0,0.0,-0.002650377806276083,0.0,-1.8027683854868236e-15,-8.023166451431862e-05,0.002049480650156421,-0.0013957058898439456
1788436468.168445,-1.0222426652908325,0.14476993680000305,0.1638219952583313,-0.0,0.0,-0.002650377806276083,0.0,-1.8027683854868236e-15,-8.023166451431862e-05,0.002049480650156421,-0.0013957058898439456
1788436468.1792524,-1.0222426652908325,0.14476993680000305,0.1638219952583313,-0.0,0.0,-0.0016650083707645535,0.0,-1.8027683854868236e-15,-8.023166451431862e-05,0.002049480650156421,-0.0013957058898439456
1788436468.186166,-1.0222426652908325,0.14476993680000305,0.1638219952583313,-0.0,0.0,-0.0033694314770400524,0.0,-1.8027683854868236e-15,-8.023166451431862e-05,0.002049480650156421,-0.0013957058898439456
1788436468.1961575,-1.0222426652908325,0.14476993680000305,0.1638219952583313,-0.0,0.0,-0.003662379225715995,0.0,-1.8027683854868236e-15,-8.023166451431862e-05,0.002049480650156421,-0.0013957058898439456
1788436468.2090976,-1.0222426652908325,0.14476993680000305,0.1638219952583313,-0.0,0.0,-0.0029965888243168592,0.0,-1.8027683854868236e-15,-8.023166451431862e-05,0.002049480650156421,-0.0013957058898439456
1788436468.2161708,-1.0222426652908325,0.14476993680000305,0.1638219952583313,-0.0,0.0,-0.0033427998423576355,0.0,-1.8027683854868236e-15,-8.023166451431862e-05,0.002049480650156421,-0.0013957058898439456
1788436468.2293873,-1.0222426652908325,0.14476993680000305,0.1638219952583313,-0.0,0.0,-0.0038488004356622696,0.0,-1.8027683854868236e-15,-8.023166451431862e-05,0.002049480650156421,-0.0013957058898439456
1788436468.236267,-1.0222426652908325,0.14476993680000305,0.1638219952583313,-0.0,0.0,-0.0038488004356622696,0.0,-1.8027683854868236e-15,-8.023166451431862e-05,0.002049480650156421,-0.0013957058898439456
1788436468.246169,-1.0230755805969238,0.1450919359922409,0.16325874626636505,-0.0,0.0,-0.0028367992490530014,0.0,-1.8027683854868236e-15,0.0007510495448350696,-0.0008982172935612098,-0.0005632489289899567
1788436468.257466,-1.0230755805969238,0.1450919359922409,0.16325874626636505,-0.0,0.0,-0.0028367992490530014,0.0,-1.8027683854868236e-15,0.0007510495448350696,-0.0008982172935612098,-0.0005632489289899567
1788436468.2663262,-1.0230755805969238,0.1450919359922409,0.16325874626636505,-0.0,0.0,-0.0020911141764372587,0.0,-1.8027683854868236e-15,0.0007510495448350696,-0.0008982172935612098,-0.0005632489289899567
1788436468.2761655,-1.0230755805969238,0.1450919359922409,0.16325874626636505,-0.0,0.0,-0.0005997438565827906,0.0,-1.8027683854868236e-15,0.0007510495448350696,-0.0008982172935612098,-0.0005632489289899567
1788436468.287371,-1.0230755805969238,0.1450919359922409,0.16325874626636505,-0.0,0.0,0.0007762621389701962,0.0,-1.8027683854868236e-15,0.0007510495448350696,-0.0008982172935612098,-0.0005632489289899567
1788436468.2962422,-1.0230755805969238,0.1450919359922409,0.16325874626636505,-0.0,0.0,-0.00043995422311127186,0.0,-1.8027683854868236e-15,0.0007510495448350696,-0.0008982172935612098,-0.0005632489289899567
1788436468.3062305,-1.0230755805969238,0.1450919359922409,0.16325874626636505,-0.0,0.0,-0.0019313243683427572,0.0,-1.8027683854868236e-15,0.0007510495448350696,-0.0008982172935612098,-0.0005632489289899567
1788436468.3161795,-1.0230755805969238,0.1450919359922409,0.16325874626636505,-0.0,0.0,-0.0031563786324113607,0.0,-1.8027683854868236e-15,0.0007510495448350696,-0.0008982172935612098,-0.0005632489289899567
1788436468.3271406,-1.0230755805969238,0.1450919359922409,0.16325874626636505,-0.0,0.0,-0.0031563786324113607,0.0,-1.8027683854868236e-15,0.0007510495448350696,-0.0008982172935612098,-0.0005632489289899567
1788436468.3361695,-1.0230755805969238,0.1450919359922409,0.16325874626636505,-0.0,0.0,-0.0034759577829390764,0.0,-1.8027683854868236e-15,0.0007510495448350696,-0.0008982172935612098,-0.0005632489289899567
1788436468.3461764,-1.0239312648773193,0.1461992710828781,0.1644289493560791,-0.0,0.0,-0.0027569043450057507,0.0,-1.8027683854868236e-15,0.0010260300839817216,9.096140521830387e-05,0.0011702052405810903
1788436468.358533,-1.0239312648773193,0.1461992710828781,0.1644289493560791,-0.0,0.0,-0.0027569043450057507,0.0,-1.8027683854868236e-15,0.0010260300839817216,9.096140521830387e-05,0.0011702052405810903
1788436468.3674703,-1.0239312648773193,0.1461992710828781,0.1644289493560791,-0.0,0.0,-0.0020911141764372587,0.0,-1.8027683854868236e-15,0.0010260300839817216,9.096140521830387e-05,0.0011702052405810903
1788436468.3764005,-1.0239312648773193,0.1461992710828781,0.1644289493560791,-0.0,0.0,-0.002650377806276083,0.0,-1.8027683854868236e-15,0.0010260300839817216,9.096140521830387e-05,0.0011702052405810903
1788436468.386489,-1.0239312648773193,0.1461992710828781,0.1644289493560791,-0.0,0.0,-0.0007861651247367263,0.0,-1.8027683854868236e-15,0.0010260300839817216,9.096140521830387e-05,0.0011702052405810903
1788436468.3967533,-1.0239312648773193,0.1461992710828781,0.1644289493560791,-0.0,0.0,0.0005789909628219903,0.0,-1.8027683854868236e-15,0.0010260300839817216,9.096140521830387e-05,0.0011702052405810903
1788436468.4061763,-1.0239312648773193,0.1461992710828781,0.1644289493560791,-0.0,0.0,-0.0016117451013997197,0.0,-1.8027683854868236e-15,0.0010260300839817216,9.096140521830387e-05,0.0011702052405810903
1788436468.4162323,-1.0239312648773193,0.1461992710828781,0.1644289493560791,-0.0,0.0,-0.0016117451013997197,0.0,-1.8027683854868236e-15,0.0010260300839817216,9.096140521830387e-05,0.0011702052405810903
1788436468.4261675,-1.0239312648773193,0.1461992710828781,0.1644289493560791,-0.0,0.0,-0.0015318503137677908,0.0,-1.8027683854868236e-15,0.0010260300839817216,9.096140521830387e-05,0.0011702052405810903
1788436468.4366972,-1.0239312648773193,0.1461992710828781,0.1644289493560791,-0.0,0.0,-0.0010524812387302518,0.0,-1.8027683854868236e-15,0.0010260300839817216,9.096140521830387e-05,0.0011702052405810903
1788436468.4461896,-1.024817705154419,0.14517557621002197,0.16374123096466064,-0.0,0.0,-0.0026770094409585,0.0,-1.8027683854868236e-15,0.0007863181625906712,0.00031894951944505534,-0.0006877204194837283
1788436468.4561622,-1.024817705154419,0.14517557621002197,0.16374123096466064,-0.0,0.0,-0.001984587637707591,0.0,-1.8027683854868236e-15,0.0007863181625906712,0.00031894951944505534,-0.0006877204194837283
1788436468.466366,-1.024817705154419,0.14517557621002197,0.16374123096466064,-0.0,0.0,-0.0022775353863835335,0.0,-1.8027683854868236e-15,0.0007863181625906712,0.00031894951944505534,-0.0006877204194837283
1788436468.4761698,-1.024817705154419,0.14517557621002197,0.16374123096466064,-0.0,0.0,-0.0012389025650918484,0.0,-1.8027683854868236e-15,0.0007863181625906712,0.00031894951944505534,-0.0006877204194837283
1788436468.487457,-1.024817705154419,0.14517557621002197,0.16374123096466064,-0.0,0.0,-0.0012389025650918484,0.0,-1.8027683854868236e-15,0.0007863181625906712,0.00031894951944505534,-0.0006877204194837283
1788436468.4965925,-1.024817705154419,0.14517557621002197,0.16374123096466064,-0.0,0.0,-0.0028367992490530014,0.0,-1.8027683854868236e-15,0.0007863181625906712,0.00031894951944505534,-0.0006877204194837283
1788436468.506168,-1.024817705154419,0.14517557621002197,0.16374123096466064,-0.0,0.0,-0.003609115956351161,0.0,-1.8027683854868236e-15,0.0007863181625906712,0.00031894951944505534,-0.0006877204194837283
1788436468.5164313,-1.024817705154419,0.14517557621002197,0.16374123096466064,-0.0,0.0,-0.003609115956351161,0.0,-1.8027683854868236e-15,0.0007863181625906712,0.00031894951944505534,-0.0006877204194837283
1788436468.5274265,-1.024817705154419,0.14517557621002197,0.16374123096466064,-0.0,0.0,-0.003236273303627968,0.0,-1.8027683854868236e-15,0.0007863181625906712,0.00031894951944505534,-0.0006877204194837283
1788436468.5361686,-1.024817705154419,0.14517557621002197,0.16374123096466064,-0.0,0.0,-0.002703641075640917,0.0,-1.8027683854868236e-15,0.0007863181625906712,0.00031894951944505534,-0.0006877204194837283
1788436468.546397,-1.0235825777053833,0.14708927273750305,0.16484718024730682,-0.0,0.0,-0.002703641075640917,0.0,-1.8027683854868236e-15,-0.0010729711015253773,-0.0007815768828275949,0.0011059548579552825
1788436468.5574663,-1.0235825777053833,0.14708927273750305,0.16484718024730682,-0.0,0.0,-0.0019313243683427572,0.0,-1.8027683854868236e-15,-0.0010729711015253773,-0.0007815768828275949,0.0011059548579552825
1788436468.5663977,-1.0235825777053833,0.14708927273750305,0.16484718024730682,-0.0,0.0,-0.001957956003025174,0.0,-1.8027683854868236e-15,-0.0010729711015253773,-0.0007815768828275949,0.0011059548579552825
1788436468.5794594,-1.0235825777053833,0.14708927273750305,0.16484718024730682,-0.0,0.0,-0.002037850907072425,0.0,-1.8027683854868236e-15,-0.0010729711015253773,-0.0007815768828275949,0.0011059548579552825
1788436468.5864918,-1.0235825777053833,0.14708927273750305,0.16484718024730682,-0.0,0.0,-0.0008660599705763161,0.0,-1.8027683854868236e-15,-0.0010729711015253773,-0.0007815768828275949,0.0011059548579552825
1788436468.5961907,-1.0235825777053833,0.14708927273750305,0.16484718024730682,-0.0,0.0,-0.00028016456053592265,0.0,-1.8027683854868236e-15,-0.0010729711015253773,-0.0007815768828275949,0.0011059548579552825
1788436468.6063857,-1.0235825777053833,0.14708927273750305,0.16484718024730682,-0.0,0.0,-0.00028016456053592265,0.0,-1.8027683854868236e-15,-0.0010729711015253773,-0.0007815768828275949,0.0011059548579552825
1788436468.6161766,-1.0235825777053833,0.14708927273750305,0.16484718024730682,-0.0,0.0,-0.002703641075640917,0.0,-1.8027683854868236e-15,-0.0010729711015253773,-0.0007815768828275949,0.0011059548579552825
1788436468.6262228,-1.0235825777053833,0.14708927273750305,0.16484718024730682,-0.0,0.0,-0.0029965888243168592,0.0,-1.8027683854868236e-15,-0.0010729711015253773,-0.0007815768828275949,0.0011059548579552825
1788436468.636195,-1.0235825777053833,0.14708927273750305,0.16484718024730682,-0.0,0.0,-0.003236273303627968,0.0,-1.8027683854868236e-15,-0.0010729711015253773,-0.0007815768828275949,0.0011059548579552825
1788436468.6463828,-1.023404836654663,0.14752601087093353,0.1651597023010254,-0.0,0.0,-0.003236273303627968,0.0,-1.8027683854868236e-15,-0.00013178364469035309,-0.00011689072842996362,0.00031251742323989973
1788436468.6563811,-1.023404836654663,0.14752601087093353,0.1651597023010254,-0.0,0.0,-0.0038221688009798527,0.0,-1.8027683854868236e-15,-0.00013178364469035309,-0.00011689072842996362,0.00031251742323989973
1788436468.6661806,-1.023404836654663,0.14752601087093353,0.1651597023010254,-0.0,0.0,-0.003129746997728944,0.0,-1.8027683854868236e-15,-0.00013178364469035309,-0.00011689072842996362,0.00031251742323989973
1788436468.676176,-1.023404836654663,0.14752601087093353,0.1651597023010254,-0.0,0.0,-0.0024373249616473913,0.0,-1.8027683854868236e-15,-0.00013178364469035309,-0.00011689072842996362,0.00031251742323989973
1788436468.6883767,-1.023404836654663,0.14752601087093353,0.1651597023010254,-0.0,0.0,-0.0024373249616473913,0.0,-1.8027683854868236e-15,-0.00013178364469035309,-0.00011689072842996362,0.00031251742323989973
1788436468.6961737,-1.023404836654663,0.14752601087093353,0.1651597023010254,-0.0,0.0,-0.002543851500377059,0.0,-1.8027683854868236e-15,-0.00013178364469035309,-0.00011689072842996362,0.00031251742323989973
1788436468.7064579,-1.023404836654663,0.14752601087093353,0.1651597023010254,-0.0,0.0,-0.002543851500377059,0.0,-1.8027683854868236e-15,-0.00013178364469035309,-0.00011689072842996362,0.00031251742323989973
1788436468.716169,-1.023404836654663,0.14752601087093353,0.1651597023010254,-0.0,0.0,-0.0029166939202696085,0.0,-1.8027683854868236e-15,-0.00013178364469035309,-0.00011689072842996362,0.00031251742323989973
1788436468.7261877,-1.023404836654663,0.14752601087093353,0.1651597023010254,-0.0,0.0,-0.0032629049383103848,0.0,-1.8027683854868236e-15,-0.00013178364469035309,-0.00011689072842996362,0.00031251742323989973
1788436468.7362044,-1.023404836654663,0.14752601087093353,0.1651597023010254,-0.0,0.0,-0.0032629049383103848,0.0,-1.8027683854868236e-15,-0.00013178364469035309,-0.00011689072842996362,0.00031251742323989973
1788436468.7461886,-1.023404836654663,0.14752601087093353,0.1651597023010254,-0.0,0.0,-0.0016650083707645535,0.0,-1.8027683854868236e-15,-0.00013178364469035309,-0.00011689072842996362,0.00031251742323989973
1788436468.7561712,-1.0222269296646118,0.1461453139781952,0.16444210708141327,-0.0,0.0,-0.0018514295807108283,0.0,-1.8027683854868236e-15,-0.0012830303136799337,0.0006471974295747529,-0.0007175884809775823
1788436468.766189,-1.0222269296646118,0.1461453139781952,0.16444210708141327,-0.0,0.0,-0.002703641075640917,0.0,-1.8027683854868236e-15,-0.0012830303136799337,0.0006471974295747529,-0.0007175884809775823
1788436468.781992,-1.0222269296646118,0.1461453139781952,0.16444210708141327,-0.0,0.0,-0.002703641075640917,0.0,-1.8027683854868236e-15,-0.0012830303136799337,0.0006471974295747529,-0.0007175884809775823
1788436468.786219,-1.0222269296646118,0.1461453139781952,0.16444210708141327,-0.0,0.0,-0.003689010627567768,0.0,-1.8027683854868236e-15,-0.0012830303136799337,0.0006471974295747529,-0.0007175884809775823
1788436468.7961857,-1.0222269296646118,0.1461453139781952,0.16444210708141327,-0.0,0.0,-0.0040884846821427345,0.0,-1.8027683854868236e-15,-0.0012830303136799337,0.0006471974295747529,-0.0007175884809775823
1788436468.806449,-1.0222269296646118,0.1461453139781952,0.16444210708141327,-0.0,0.0,-0.0040884846821427345,0.0,-1.8027683854868236e-15,-0.0012830303136799337,0.0006471974295747529,-0.0007175884809775823
1788436468.8175082,-1.0222269296646118,0.1461453139781952,0.16444210708141327,-0.0,0.0,-0.004141747951507568,0.0,-1.8027683854868236e-15,-0.0012830303136799337,0.0006471974295747529,-0.0007175884809775823
1788436468.8261633,-1.0222269296646118,0.1461453139781952,0.16444210708141327,-0.0,0.0,-0.0035025894176214933,0.0,-1.8027683854868236e-15,-0.0012830303136799337,0.0006471974295747529,-0.0007175884809775823
1788436468.836269,-1.0222269296646118,0.1461453139781952,0.16444210708141327,-0.0,0.0,-0.0035025894176214933,0.0,-1.8027683854868236e-15,-0.0012830303136799337,0.0006471974295747529,-0.0007175884809775823
1788436468.848364,-1.0219966173171997,0.14740100502967834,0.16492143273353577,-0.0,0.0,-0.0019046928500756621,0.0,-1.8027683854868236e-15,-0.00015975270756984905,-0.0007658229200967481,0.00047931523985766944
1788436468.8561704,-1.0219966173171997,0.14740100502967834,0.16492143273353577,-0.0,0.0,-0.0022775353863835335,0.0,-1.8027683854868236e-15,-0.00015975270756984905,-0.0007658229200967481,0.00047931523985766944
1788436468.8679583,-1.0219966173171997,0.14740100502967834,0.16492143273353577,-0.0,0.0,-0.0028101676143705845,0.0,-1.8027683854868236e-15,-0.00015975270756984905,-0.0007658229200967481,0.00047931523985766944
1788436468.8764038,-1.0219966173171997,0.14740100502967834,0.16492143273353577,-0.0,0.0,-0.0028101676143705845,0.0,-1.8027683854868236e-15,-0.00015975270756984905,-0.0007658229200967481,0.00047931523985766944
1788436468.8861938,-1.0219966173171997,0.14740100502967834,0.16492143273353577,-0.0,0.0,-0.003209641668945551,0.0,-1.8027683854868236e-15,-0.00015975270756984905,-0.0007658229200967481,0.00047931523985766944
1788436468.8979876,-1.0219966173171997,0.14740100502967834,0.16492143273353577,-0.0,0.0,-0.0040884846821427345,0.0,-1.8027683854868236e-15,-0.00015975270756984905,-0.0007658229200967481,0.00047931523985766944
1788436468.9063082,-1.0219966173171997,0.14740100502967834,0.16492143273353577,-0.0,0.0,-0.002064482541754842,0.0,-1.8027683854868236e-15,-0.00015975270756984905,-0.0007658229200967481,0.00047931523985766944
1788436468.9164565,-1.0219966173171997,0.14740100502967834,0.16492143273353577,-0.0,0.0,-0.002064482541754842,0.0,-1.8027683854868236e-15,-0.00015975270756984905,-0.0007658229200967481,0.00047931523985766944
1788436468.9261692,-1.0219966173171997,0.14740100502967834,0.16492143273353577,-0.0,0.0,-0.0005464806454256177,0.0,-1.8027683854868236e-15,-0.00015975270756984905,-0.0007658229200967481,0.00047931523985766944
1788436468.936208,-1.0219966173171997,0.14740100502967834,0.16492143273353577,-0.0,0.0,-0.0005464806454256177,0.0,-1.8027683854868236e-15,-0.00015975270756984905,-0.0007658229200967481,0.00047931523985766944
1788436468.9467976,-1.0219966173171997,0.14740100502967834,0.16492143273353577,-0.0,0.0,-0.0029433255549520254,0.0,-1.8027683854868236e-15,-0.00015975270756984905,-0.0007658229200967481,0.00047931523985766944
1788436468.956235,-1.022402286529541,0.15036432445049286,0.16625626385211945,-0.0,0.0,-0.002011219272390008,0.0,-1.8027683854868236e-15,0.0006055089008154546,-0.001598450024333009,0.0013348305317348874
1788436468.9662147,-1.022402286529541,0.15036432445049286,0.16625626385211945,-0.0,0.0,-0.002011219272390008,0.0,-1.8027683854868236e-15,0.0006055089008154546,-0.001598450024333009,0.0013348305317348874
1788436468.9809957,-1.022402286529541,0.15036432445049286,0.16625626385211945,-0.0,0.0,-0.002650377806276083,0.0,-1.8027683854868236e-15,0.0006055089008154546,-0.001598450024333009,0.0013348305317348874
1788436468.9861777,-1.022402286529541,0.15036432445049286,0.16625626385211945,-0.0,0.0,-0.003715642262250185,0.0,-1.8027683854868236e-15,0.0006055089008154546,-0.001598450024333009,0.0013348305317348874
1788436468.99745,-1.022402286529541,0.15036432445049286,0.16625626385211945,-0.0,0.0,-0.003715642262250185,0.0,-1.8027683854868236e-15,0.0006055089008154546,-0.001598450024333009,0.0013348305317348874
1788436469.0084445,-1.022402286529541,0.15036432445049286,0.16625626385211945,-0.0,0.0,-0.0040884846821427345,0.0,-1.8027683854868236e-15,0.0006055089008154546,-0.001598450024333009,0.0013348305317348874
1788436469.0161757,-1.022402286529541,0.15036432445049286,0.16625626385211945,-0.0,0.0,-0.0006796387024223804,0.0,-1.8027683854868236e-15,0.0006055089008154546,-0.001598450024333009,0.0013348305317348874
1788436469.028273,-1.022402286529541,0.15036432445049286,0.16625626385211945,-0.0,0.0,-0.0006796387024223804,0.0,-1.8027683854868236e-15,0.0006055089008154546,-0.001598450024333009,0.0013348305317348874
1788436469.0361726,-1.022402286529541,0.15036432445049286,0.16625626385211945,-0.0,0.0,-0.0034226947464048862,0.0,-1.8027683854868236e-15,0.0006055089008154546,-0.001598450024333009,0.0013348305317348874
1788436469.0461802,-1.0249618291854858,0.14850836992263794,0.16422493755817413,-0.0,0.0,-0.003662379225715995,0.0,-1.8027683854868236e-15,0.0022556759880045796,-0.00022576718292066644,-0.0020313216037317616
1788436469.057511,-1.0249618291854858,0.14850836992263794,0.16422493755817413,-0.0,0.0,-0.003662379225715995,0.0,-1.8027683854868236e-15,0.0022556759880045796,-0.00022576718292066644,-0.0020313216037317616
1788436469.0663724,-1.0249618291854858,0.14850836992263794,0.16422493755817413,-0.0,0.0,-0.0028900625184178352,0.0,-1.8027683854868236e-15,0.0022556759880045796,-0.00022576718292066644,-0.0020313216037317616
1788436469.0761693,-1.0249618291854858,0.14850836992263794,0.16422493755817413,-0.0,0.0,-0.0033960631117224693,0.0,-1.8027683854868236e-15,0.0022556759880045796,-0.00022576718292066644,-0.0020313216037317616
1788436469.089401,-1.0249618291854858,0.14850836992263794,0.16422493755817413,-0.0,0.0,-0.0032895365729928017,0.0,-1.8027683854868236e-15,0.0022556759880045796,-0.00022576718292066644,-0.0020313216037317616
1788436469.0961637,-1.0249618291854858,0.14850836992263794,0.16422493755817413,-0.0,0.0,-0.002543851500377059,0.0,-1.8027683854868236e-15,0.0022556759880045796,-0.00022576718292066644,-0.0020313216037317616
1788436469.1061695,-1.0249618291854858,0.14850836992263794,0.16422493755817413,-0.0,0.0,-0.0015851134667173028,0.0,-1.8027683854868236e-15,0.0022556759880045796,-0.00022576718292066644,-0.0020313216037317616
1788436469.116148,-1.0249618291854858,0.14850836992263794,0.16422493755817413,-0.0,0.0,-0.0005731122801080346,0.0,-1.8027683854868236e-15,0.0022556759880045796,-0.00022576718292066644,-0.0020313216037317616
1788436469.1273868,-1.0249618291854858,0.14850836992263794,0.16422493755817413,-0.0,0.0,-0.0005731122801080346,0.0,-1.8027683854868236e-15,0.0022556759880045796,-0.00022576718292066644,-0.0020313216037317616
1788436469.136221,-1.0249618291854858,0.14850836992263794,0.16422493755817413,-0.0,0.0,-0.000945954816415906,0.0,-1.8027683854868236e-15,0.0022556759880045796,-0.00022576718292066644,-0.0020313216037317616
1788436469.1461618,-1.0249618291854858,0.14850836992263794,0.16422493755817413,-0.0,0.0,-0.0023041670210659504,0.0,-1.8027683854868236e-15,0.0022556759880045796,-0.00022576718292066644,-0.0020313216037317616
1788436469.1595669,-1.024402379989624,0.1493750661611557,0.16516993939876556,-0.0,0.0,-0.003049852093681693,0.0,-1.8027683854868236e-15,-0.00041865412803421265,0.00010144351202662216,0.0009450078468455914
1788436469.16618,-1.024402379989624,0.1493750661611557,0.16516993939876556,-0.0,0.0,-0.0034226947464048862,0.0,-1.8027683854868236e-15,-0.00041865412803421265,0.00010144351202662216,0.0009450078468455914
1788436469.1786795,-1.024402379989624,0.1493750661611557,0.16516993939876556,-0.0,0.0,-0.0034226947464048862,0.0,-1.8027683854868236e-15,-0.00041865412803421265,0.00010144351202662216,0.0009450078468455914
1788436469.1874855,-1.024402379989624,0.1493750661611557,0.16516993939876556,-0.0,0.0,-0.003609115956351161,0.0,-1.8027683854868236e-15,-0.00041865412803421265,0.00010144351202662216,0.0009450078468455914
1788436469.1984797,-1.024402379989624,0.1493750661611557,0.16516993939876556,-0.0,0.0,-0.002597114769741893,0.0,-1.8027683854868236e-15,-0.00041865412803421265,0.00010144351202662216,0.0009450078468455914
1788436469.2061722,-1.024402379989624,0.1493750661611557,0.16516993939876556,-0.0,0.0,0.00144205242395401,0.0,-1.8027683854868236e-15,-0.00041865412803421265,0.00010144351202662216,0.0009450078468455914
1788436469.2174487,-1.024402379989624,0.1493750661611557,0.16516993939876556,-0.0,0.0,0.00144205242395401,0.0,-1.8027683854868236e-15,-0.00041865412803421265,0.00010144351202662216,0.0009450078468455914
1788436469.2293782,-1.024402379989624,0.1493750661611557,0.16516993939876556,-0.0,0.0,0.0016146646812558174,0.0,-1.8027683854868236e-15,-0.00041865412803421265,0.00010144351202662216,0.0009450078468455914
1788436469.2361693,-1.024402379989624,0.1493750661611557,0.16516993939876556,-0.0,0.0,-0.0026237464044243097,0.0,-1.8027683854868236e-15,-0.00041865412803421265,0.00010144351202662216,0.0009450078468455914
1788436469.2494092,-1.024402379989624,0.1493750661611557,0.16516993939876556,-0.0,0.0,-0.002597114769741893,0.0,-1.8027683854868236e-15,-0.00041865412803421265,0.00010144351202662216,0.0009450078468455914
1788436469.256356,-1.0241934061050415,0.14845387637615204,0.1645308881998062,-0.0,0.0,-0.002597114769741893,0.0,-1.8027683854868236e-15,-0.00030410985495343823,0.00026668829989506815,-0.0006390631539296976
1788436469.2661734,-1.0241934061050415,0.14845387637615204,0.1645308881998062,-0.0,0.0,-0.0035292210523039103,0.0,-1.8027683854868236e-15,-0.00030410985495343823,0.00026668829989506815,-0.0006390631539296976
1788436469.276301,-1.0241934061050415,0.14845387637615204,0.1645308881998062,-0.0,0.0,-0.0034759577829390764,0.0,-1.8027683854868236e-15,-0.00030410985495343823,0.00026668829989506815,-0.0006390631539296976
1788436469.286478,-1.0241934061050415,0.14845387637615204,0.1645308881998062,-0.0,0.0,-0.0034759577829390764,0.0,-1.8027683854868236e-15,-0.00030410985495343823,0.00026668829989506815,-0.0006390631539296976
1788436469.2965262,-1.0241934061050415,0.14845387637615204,0.1645308881998062,-0.0,0.0,-0.002703641075640917,0.0,-1.8027683854868236e-15,-0.00030410985495343823,0.00026668829989506815,-0.0006390631539296976
1788436469.306185,-1.0241934061050415,0.14845387637615204,0.1645308881998062,-0.0,0.0,-0.003555852686986327,0.0,-1.8027683854868236e-15,-0.00030410985495343823,0.00026668829989506815,-0.0006390631539296976
1788436469.3174877,-1.0241934061050415,0.14845387637615204,0.1645308881998062,-0.0,0.0,-0.003555852686986327,0.0,-1.8027683854868236e-15,-0.00030410985495343823,0.00026668829989506815,-0.0006390631539296976
1788436469.3263435,-1.0241934061050415,0.14845387637615204,0.1645308881998062,-0.0,0.0,-0.003023220458999276,0.0,-1.8027683854868236e-15,-0.00030410985495343823,0.00026668829989506815,-0.0006390631539296976
1788436469.336172,-1.0241934061050415,0.14845387637615204,0.1645308881998062,-0.0,0.0,-0.0028634308837354183,0.0,-1.8027683854868236e-15,-0.00030410985495343823,0.00026668829989506815,-0.0006390631539296976
1788436469.3462284,-1.0240607261657715,0.15003618597984314,0.1651679128408432,-0.0,0.0,-0.0028634308837354183,0.0,-1.8027683854868236e-15,-3.729614884950827e-05,-0.0009299166636864697,0.0006370282855407972
1788436469.3563335,-1.0240607261657715,0.15003618597984314,0.1651679128408432,-0.0,0.0,-0.00392869533970952,0.0,-1.8027683854868236e-15,-3.729614884950827e-05,-0.0009299166636864697,0.0006370282855407972
1788436469.366603,-1.0240607261657715,0.15003618597984314,0.1651679128408432,-0.0,0.0,-0.0012389025650918484,0.0,-1.8027683854868236e-15,-3.729614884950827e-05,-0.0009299166636864697,0.0006370282855407972
1788436469.378172,-1.0240607261657715,0.15003618597984314,0.1651679128408432,-0.0,0.0,-0.0012389025650918484,0.0,-1.8027683854868236e-15,-3.729614884950827e-05,-0.0009299166636864697,0.0006370282855407972
1788436469.3861606,-1.0240607261657715,0.15003618597984314,0.1651679128408432,-0.0,0.0,-0.002064482541754842,0.0,-1.8027683854868236e-15,-3.729614884950827e-05,-0.0009299166636864697,0.0006370282855407972
1788436469.3961706,-1.0240607261657715,0.15003618597984314,0.1651679128408432,-0.0,0.0,-0.0033960631117224693,0.0,-1.8027683854868236e-15,-3.729614884950827e-05,-0.0009299166636864697,0.0006370282855407972
1788436469.409407,-1.0240607261657715,0.15003618597984314,0.1651679128408432,-0.0,0.0,-0.005073854699730873,0.0,-1.8027683854868236e-15,-3.729614884950827e-05,-0.0009299166636864697,0.0006370282855407972
1788436469.416302,-1.0240607261657715,0.15003618597984314,0.1651679128408432,-0.0,0.0,-0.00520701240748167,0.0,-1.8027683854868236e-15,-3.729614884950827e-05,-0.0009299166636864697,0.0006370282855407972
1788436469.4261618,-1.0240607261657715,0.15003618597984314,0.1651679128408432,-0.0,0.0,-0.004887433256953955,0.0,-1.8027683854868236e-15,-3.729614884950827e-05,-0.0009299166636864697,0.0006370282855407972
1788436469.4361696,-1.0240607261657715,0.15003618597984314,0.1651679128408432,-0.0,0.0,-0.0022509037517011166,0.0,-1.8027683854868236e-15,-3.729614884950827e-05,-0.0009299166636864697,0.0006370282855407972
1788436469.4474242,-1.0240041017532349,0.1466907262802124,0.16394653916358948,-0.0,0.0,-0.0022509037517011166,0.0,-1.8027683854868236e-15,-0.0002365186622164117,0.0020948794022387363,-0.001221367307954413
1788436469.4562652,-1.0240041017532349,0.1466907262802124,0.16394653916358948,-0.0,0.0,-0.002064482541754842,0.0,-1.8027683854868236e-15,-0.0002365186622164117,0.0020948794022387363,-0.001221367307954413
1788436469.4661596,-1.0240041017532349,0.1466907262802124,0.16394653916358948,-0.0,0.0,-0.0022242721170186996,0.0,-1.8027683854868236e-15,-0.0002365186622164117,0.0020948794022387363,-0.001221367307954413
1788436469.4761875,-1.0240041017532349,0.1466907262802124,0.16394653916358948,-0.0,0.0,-0.0022775353863835335,0.0,-1.8027683854868236e-15,-0.0002365186622164117,0.0020948794022387363,-0.001221367307954413
1788436469.4884198,-1.0240041017532349,0.1466907262802124,0.16394653916358948,-0.0,0.0,-0.0022775353863835335,0.0,-1.8027683854868236e-15,-0.0002365186622164117,0.0020948794022387363,-0.001221367307954413
1788436469.4961758,-1.0240041017532349,0.1466907262802124,0.16394653916358948,-0.0,0.0,-0.0032895365729928017,0.0,-1.8027683854868236e-15,-0.0002365186622164117,0.0020948794022387363,-0.001221367307954413
1788436469.5084968,-1.0240041017532349,0.1466907262802124,0.16394653916358948,-0.0,0.0,-0.0032895365729928017,0.0,-1.8027683854868236e-15,-0.0002365186622164117,0.0020948794022387363,-0.001221367307954413
1788436469.516177,-1.0240041017532349,0.1466907262802124,0.16394653916358948,-0.0,0.0,-0.005979329347610474,0.0,-1.8027683854868236e-15,-0.0002365186622164117,0.0020948794022387363,-0.001221367307954413
1788436469.5261695,-1.0240041017532349,0.1466907262802124,0.16394653916358948,-0.0,0.0,-0.006804909091442823,0.0,-1.8027683854868236e-15,-0.0002365186622164117,0.0020948794022387363,-0.001221367307954413
1788436469.537385,-1.0240041017532349,0.1466907262802124,0.16394653916358948,-0.0,0.0,-0.006804909091442823,0.0,-1.8027683854868236e-15,-0.0002365186622164117,0.0020948794022387363,-0.001221367307954413
1788436469.5467165,-1.0232172012329102,0.14872685074806213,0.16479913890361786,-0.0,0.0,-0.0028900625184178352,0.0,-1.8027683854868236e-15,-0.0006605620031545634,-0.001163675563773614,0.0008525906033933772
1788436469.5567205,-1.0232172012329102,0.14872685074806213,0.16479913890361786,-0.0,0.0,-0.001984587637707591,0.0,-1.8027683854868236e-15,-0.0006605620031545634,-0.001163675563773614,0.0008525906033933772
1788436469.5663035,-1.0232172012329102,0.14872685074806213,0.16479913890361786,-0.0,0.0,-0.0011856392957270145,0.0,-1.8027683854868236e-15,-0.0006605620031545634,-0.001163675563773614,0.0008525906033933772
1788436469.5806475,-1.0232172012329102,0.14872685074806213,0.16479913890361786,-0.0,0.0,-0.0011856392957270145,0.0,-1.8027683854868236e-15,-0.0006605620031545634,-0.001163675563773614,0.0008525906033933772
1788436469.5866833,-1.0232172012329102,0.14872685074806213,0.16479913890361786,-0.0,0.0,-0.0010524812387302518,0.0,-1.8027683854868236e-15,-0.0006605620031545634,-0.001163675563773614,0.0008525906033933772
1788436469.5961752,-1.0232172012329102,0.14872685074806213,0.16479913890361786,-0.0,0.0,-0.0022242721170186996,0.0,-1.8027683854868236e-15,-0.0006605620031545634,-0.001163675563773614,0.0008525906033933772
1788436469.6095474,-1.0232172012329102,0.14872685074806213,0.16479913890361786,-0.0,0.0,-0.0022242721170186996,0.0,-1.8027683854868236e-15,-0.0006605620031545634,-0.001163675563773614,0.0008525906033933772
1788436469.6162665,-1.0232172012329102,0.14872685074806213,0.16479913890361786,-0.0,0.0,-0.002064482541754842,0.0,-1.8027683854868236e-15,-0.0006605620031545634,-0.001163675563773614,0.0008525906033933772
1788436469.6261806,-1.0232172012329102,0.14872685074806213,0.16479913890361786,-0.0,0.0,-0.003635747591033578,0.0,-1.8027683854868236e-15,-0.0006605620031545634,-0.001163675563773614,0.0008525906033933772
1788436469.6367645,-1.0232172012329102,0.14872685074806213,0.16479913890361786,-0.0,0.0,-0.003635747591033578,0.0,-1.8027683854868236e-15,-0.0006605620031545634,-0.001163675563773614,0.0008525906033933772
1788436469.6462593,-1.02395498752594,0.1466151624917984,0.16323140263557434,-0.0,0.0,-0.004487959202378988,0.0,-1.8027683854868236e-15,0.0005066755189566674,0.0005065738180668466,-0.0015677358382282236
1788436469.65618,-1.02395498752594,0.1466151624917984,0.16323140263557434,-0.0,0.0,-0.003981958609074354,0.0,-1.8027683854868236e-15,0.0005066755189566674,0.0005065738180668466,-0.0015677358382282236
1788436469.6663003,-1.02395498752594,0.1466151624917984,0.16323140263557434,-0.0,0.0,-0.003981958609074354,0.0,-1.8027683854868236e-15,0.0005066755189566674,0.0005065738180668466,-0.0015677358382282236
1788436469.6762116,-1.02395498752594,0.1466151624917984,0.16323140263557434,-0.0,0.0,-0.0035025894176214933,0.0,-1.8027683854868236e-15,0.0005066755189566674,0.0005065738180668466,-0.0015677358382282236
1788436469.6861567,-1.02395498752594,0.1466151624917984,0.16323140263557434,-0.0,0.0,-0.0029433255549520254,0.0,-1.8027683854868236e-15,0.0005066755189566674,0.0005065738180668466,-0.0015677358382282236
1788436469.6964517,-1.02395498752594,0.1466151624917984,0.16323140263557434,-0.0,0.0,-0.0029433255549520254,0.0,-1.8027683854868236e-15,0.0005066755189566674,0.0005065738180668466,-0.0015677358382282236
1788436469.7061875,-1.02395498752594,0.1466151624917984,0.16323140263557434,-0.0,0.0,-0.0010791128734126687,0.0,-1.8027683854868236e-15,0.0005066755189566674,0.0005065738180668466,-0.0015677358382282236
1788436469.7162817,-1.02395498752594,0.1466151624917984,0.16323140263557434,-0.0,0.0,-0.0006530071259476244,0.0,-1.8027683854868236e-15,0.0005066755189566674,0.0005065738180668466,-0.0015677358382282236
1788436469.7294917,-1.02395498752594,0.1466151624917984,0.16323140263557434,-0.0,0.0,-0.0006530071259476244,0.0,-1.8027683854868236e-15,0.0005066755189566674,0.0005065738180668466,-0.0015677358382282236
1788436469.736242,-1.02395498752594,0.1466151624917984,0.16323140263557434,-0.0,0.0,-0.0033161682076752186,0.0,-1.8027683854868236e-15,0.0005066755189566674,0.0005065738180668466,-0.0015677358382282236
1788436469.74642,-1.02395498752594,0.1466151624917984,0.16323140263557434,-0.0,0.0,-0.0033161682076752186,0.0,-1.8027683854868236e-15,0.0005066755189566674,0.0005065738180668466,-0.0015677358382282236
1788436469.7563818,-1.0253316164016724,0.14835043251514435,0.16441331803798676,-0.0,0.0,-0.003955326974391937,0.0,-1.8027683854868236e-15,0.0015512883842005998,-0.0005233154054314348,0.0011819204013487905
1788436469.7675574,-1.0253316164016724,0.14835043251514435,0.16441331803798676,-0.0,0.0,-0.00475427508354187,0.0,-1.8027683854868236e-15,0.0015512883842005998,-0.0005233154054314348,0.0011819204013487905
1788436469.7807763,-1.0253316164016724,0.14835043251514435,0.16441331803798676,-0.0,0.0,-0.0023307986557483673,0.0,-1.8027683854868236e-15,0.0015512883842005998,-0.0005233154054314348,0.0011819204013487905
1788436469.786694,-1.0253316164016724,0.14835043251514435,0.16441331803798676,-0.0,0.0,-0.001398692256771028,0.0,-1.8027683854868236e-15,0.0015512883842005998,-0.0005233154054314348,0.0011819204013487905
1788436469.7970371,-1.0253316164016724,0.14835043251514435,0.16441331803798676,-0.0,0.0,-0.0018247979460284114,0.0,-1.8027683854868236e-15,0.0015512883842005998,-0.0005233154054314348,0.0011819204013487905
1788436469.8068948,-1.0253316164016724,0.14835043251514435,0.16441331803798676,-0.0,0.0,-0.0018247979460284114,0.0,-1.8027683854868236e-15,0.0015512883842005998,-0.0005233154054314348,0.0011819204013487905
1788436469.8161685,-1.0253316164016724,0.14835043251514435,0.16441331803798676,-0.0,0.0,-0.0034759577829390764,0.0,-1.8027683854868236e-15,0.0015512883842005998,-0.0005233154054314348,0.0011819204013487905
1788436469.827502,-1.0253316164016724,0.14835043251514435,0.16441331803798676,-0.0,0.0,-0.0034759577829390764,0.0,-1.8027683854868236e-15,0.0015512883842005998,-0.0005233154054314348,0.0011819204013487905
1788436469.8362064,-1.0253316164016724,0.14835043251514435,0.16441331803798676,-0.0,0.0,-0.004035221878439188,0.0,-1.8027683854868236e-15,0.0015512883842005998,-0.0005233154054314348,0.0011819204013487905
1788436469.8464828,-1.0253316164016724,0.14835043251514435,0.16441331803798676,-0.0,0.0,-0.004035221878439188,0.0,-1.8027683854868236e-15,0.0015512883842005998,-0.0005233154054314348,0.0011819204013487905
1788436469.8566344,-1.0234992504119873,0.1466614305973053,0.16384194791316986,-0.0,0.0,-0.003049852093681693,0.0,-1.8027683854868236e-15,-0.0019163186053896553,0.001104233092065643,-0.0005713682328885028
1788436469.8663979,-1.0234992504119873,0.1466614305973053,0.16384194791316986,-0.0,0.0,-0.003023220458999276,0.0,-1.8027683854868236e-15,-0.0019163186053896553,0.001104233092065643,-0.0005713682328885028
1788436469.8761528,-1.0234992504119873,0.1466614305973053,0.16384194791316986,-0.0,0.0,-0.003635747591033578,0.0,-1.8027683854868236e-15,-0.0019163186053896553,0.001104233092065643,-0.0005713682328885028
1788436469.8878367,-1.0234992504119873,0.1466614305973053,0.16384194791316986,-0.0,0.0,-0.0034759577829390764,0.0,-1.8027683854868236e-15,-0.0019163186053896553,0.001104233092065643,-0.0005713682328885028
1788436469.8961842,-1.0234992504119873,0.1466614305973053,0.16384194791316986,-0.0,0.0,-0.0035025894176214933,0.0,-1.8027683854868236e-15,-0.0019163186053896553,0.001104233092065643,-0.0005713682328885028
1788436469.906193,-1.0234992504119873,0.1466614305973053,0.16384194791316986,-0.0,0.0,-0.0038488004356622696,0.0,-1.8027683854868236e-15,-0.0019163186053896553,0.001104233092065643,-0.0005713682328885028
1788436469.9161985,-1.0234992504119873,0.1466614305973053,0.16384194791316986,-0.0,0.0,-0.004541222471743822,0.0,-1.8027683854868236e-15,-0.0019163186053896553,0.001104233092065643,-0.0005713682328885028
1788436469.9284675,-1.0234992504119873,0.1466614305973053,0.16384194791316986,-0.0,0.0,-0.004541222471743822,0.0,-1.8027683854868236e-15,-0.0019163186053896553,0.001104233092065643,-0.0005713682328885028
1788436469.9373667,-1.0234992504119873,0.1466614305973053,0.16384194791316986,-0.0,0.0,-0.004727643448859453,0.0,-1.8027683854868236e-15,-0.0019163186053896553,0.001104233092065643,-0.0005713682328885028
1788436469.9461768,-1.0232073068618774,0.14638088643550873,0.16422772407531738,-0.0,0.0,-0.002703641075640917,0.0,-1.8027683854868236e-15,-0.00023553010307963973,0.0006752966838237673,0.00038577832817043856
1788436469.956384,-1.0232073068618774,0.14638088643550873,0.16422772407531738,-0.0,0.0,-0.002703641075640917,0.0,-1.8027683854868236e-15,-0.00023553010307963973,0.0006752966838237673,0.00038577832817043856
1788436469.966332,-1.0232073068618774,0.14638088643550873,0.16422772407531738,-0.0,0.0,-0.0023574302904307842,0.0,-1.8027683854868236e-15,-0.00023553010307963973,0.0006752966838237673,0.00038577832817043856
1788436469.980187,-1.0232073068618774,0.14638088643550873,0.16422772407531738,-0.0,0.0,-0.003662379225715995,0.0,-1.8027683854868236e-15,-0.00023553010307963973,0.0006752966838237673,0.00038577832817043856
1788436469.9884245,-1.0232073068618774,0.14638088643550873,0.16422772407531738,-0.0,0.0,-0.004221642855554819,0.0,-1.8027683854868236e-15,-0.00023553010307963973,0.0006752966838237673,0.00038577832817043856
1788436469.9961767,-1.0232073068618774,0.14638088643550873,0.16422772407531738,-0.0,0.0,-0.003236273303627968,0.0,-1.8027683854868236e-15,-0.00023553010307963973,0.0006752966838237673,0.00038577832817043856
1788436470.0061765,-1.0232073068618774,0.14638088643550873,0.16422772407531738,-0.0,0.0,-0.0044346959330141544,0.0,-1.8027683854868236e-15,-0.00023553010307963973,0.0006752966838237673,0.00038577832817043856
1788436470.016212,-1.0232073068618774,0.14638088643550873,0.16422772407531738,-0.0,0.0,-0.0044346959330141544,0.0,-1.8027683854868236e-15,-0.00023553010307963973,0.0006752966838237673,0.00038577832817043856
1788436470.0261703,-1.0232073068618774,0.14638088643550873,0.16422772407531738,-0.0,0.0,-0.004514590837061405,0.0,-1.8027683854868236e-15,-0.00023553010307963973,0.0006752966838237673,0.00038577832817043856
1788436470.036194,-1.0232073068618774,0.14638088643550873,0.16422772407531738,-0.0,0.0,-0.005340170580893755,0.0,-1.8027683854868236e-15,-0.00023553010307963973,0.0006752966838237673,0.00038577832817043856
1788436470.0464234,-1.0232073068618774,0.14638088643550873,0.16422772407531738,-0.0,0.0,-0.005340170580893755,0.0,-1.8027683854868236e-15,-0.00023553010307963973,0.0006752966838237673,0.00038577832817043856
1788436470.05632,-1.0222336053848267,0.14957720041275024,0.16630806028842926,-0.0,0.0,-0.0051803807727992535,0.0,-1.8027683854868236e-15,-0.0006647440564913065,-0.001069406014837404,0.002080338702233675
1788436470.0662763,-1.0222336053848267,0.14957720041275024,0.16630806028842926,-0.0,0.0,-0.0019046928500756621,0.0,-1.8027683854868236e-15,-0.0006647440564913065,-0.001069406014837404,0.002080338702233675
1788436470.0761764,-1.0222336053848267,0.14957720041275024,0.16630806028842926,-0.0,0.0,-0.0017981663113459945,0.0,-1.8027683854868236e-15,-0.0006647440564913065,-0.001069406014837404,0.002080338702233675
1788436470.0868907,-1.0222336053848267,0.14957720041275024,0.16630806028842926,-0.0,0.0,-0.0017981663113459945,0.0,-1.8027683854868236e-15,-0.0006647440564913065,-0.001069406014837404,0.002080338702233675
1788436470.0970032,-1.0222336053848267,0.14957720041275024,0.16630806028842926,-0.0,0.0,-0.0012655341997742653,0.0,-1.8027683854868236e-15,-0.0006647440564913065,-0.001069406014837404,0.002080338702233675
1788436470.1062667,-1.0222336053848267,0.14957720041275024,0.16630806028842926,-0.0,0.0,-0.002650377806276083,0.0,-1.8027683854868236e-15,-0.0006647440564913065,-0.001069406014837404,0.002080338702233675
1788436470.1183572,-1.0222336053848267,0.14957720041275024,0.16630806028842926,-0.0,0.0,-0.002650377806276083,0.0,-1.8027683854868236e-15,-0.0006647440564913065,-0.001069406014837404,0.002080338702233675
1788436470.1263437,-1.0222336053848267,0.14957720041275024,0.16630806028842926,-0.0,0.0,-0.003236273303627968,0.0,-1.8027683854868236e-15,-0.0006647440564913065,-0.001069406014837404,0.002080338702233675
1788436470.1361415,-1.0222336053848267,0.14957720041275024,0.16630806028842926,-0.0,0.0,-0.00014700648898724467,0.0,-1.8027683854868236e-15,-0.0006647440564913065,-0.001069406014837404,0.002080338702233675
1788436470.1484559,-1.0222336053848267,0.14957720041275024,0.16630806028842926,-0.0,0.0,-0.0003866909828502685,0.0,-1.8027683854868236e-15,-0.0006647440564913065,-0.001069406014837404,0.002080338702233675
1788436470.156158,-1.021702527999878,0.14990101754665375,0.16653795540332794,-0.0,0.0,0.0001597896625753492,0.0,-1.8027683854868236e-15,-0.0004966977025189223,-8.893979558577403e-05,0.00022988711117610805
1788436470.1662133,-1.021702527999878,0.14990101754665375,0.16653795540332794,-0.0,0.0,-0.003662379225715995,0.0,-1.8027683854868236e-15,-0.0004966977025189223,-8.893979558577403e-05,0.00022988711117610805
1788436470.1798723,-1.021702527999878,0.14990101754665375,0.16653795540332794,-0.0,0.0,-0.003662379225715995,0.0,-1.8027683854868236e-15,-0.0004966977025189223,-8.893979558577403e-05,0.00022988711117610805
1788436470.1863558,-1.021702527999878,0.14990101754665375,0.16653795540332794,-0.0,0.0,-0.002517219865694642,0.0,-1.8027683854868236e-15,-0.0004966977025189223,-8.893979558577403e-05,0.00022988711117610805
1788436470.196169,-1.021702527999878,0.14990101754665375,0.16653795540332794,-0.0,0.0,-0.0017715347930788994,0.0,-1.8027683854868236e-15,-0.0004966977025189223,-8.893979558577403e-05,0.00022988711117610805
1788436470.2061794,-1.021702527999878,0.14990101754665375,0.16653795540332794,-0.0,0.0,-0.0023840616922825575,0.0,-1.8027683854868236e-15,-0.0004966977025189223,-8.893979558577403e-05,0.00022988711117610805
1788436470.2166207,-1.021702527999878,0.14990101754665375,0.16653795540332794,-0.0,0.0,-0.0023840616922825575,0.0,-1.8027683854868236e-15,-0.0004966977025189223,-8.893979558577403e-05,0.00022988711117610805
1788436470.2265027,-1.021702527999878,0.14990101754665375,0.16653795540332794,-0.0,0.0,-0.0024373249616473913,0.0,-1.8027683854868236e-15,-0.0004966977025189223,-8.893979558577403e-05,0.00022988711117610805
1788436470.2364452,-1.021702527999878,0.14990101754665375,0.16653795540332794,-0.0,0.0,-0.004061853513121605,0.0,-1.8027683854868236e-15,-0.0004966977025189223,-8.893979558577403e-05,0.00022988711117610805
1788436470.2463164,-1.0225785970687866,0.14493507146835327,0.16442078351974487,-0.0,0.0,-0.004061853513121605,0.0,-1.8027683854868236e-15,0.0005670233433026084,0.002801306506312995,-0.002117171828676767
1788436470.2574883,-1.0225785970687866,0.14493507146835327,0.16442078351974487,-0.0,0.0,-0.005846171174198389,0.0,-1.8027683854868236e-15,0.0005670233433026084,0.002801306506312995,-0.002117171828676767
1788436470.2661746,-1.0225785970687866,0.14493507146835327,0.16442078351974487,-0.0,0.0,-0.004993959795683622,0.0,-1.8027683854868236e-15,0.0005670233433026084,0.002801306506312995,-0.002117171828676767
1788436470.2775273,-1.0225785970687866,0.14493507146835327,0.16442078351974487,-0.0,0.0,-0.004993959795683622,0.0,-1.8027683854868236e-15,0.0005670233433026084,0.002801306506312995,-0.002117171828676767
1788436470.2861729,-1.0225785970687866,0.14493507146835327,0.16442078351974487,-0.0,0.0,-0.0046211169101297855,0.0,-1.8027683854868236e-15,0.0005670233433026084,0.002801306506312995,-0.002117171828676767
1788436470.2965865,-1.0225785970687866,0.14493507146835327,0.16442078351974487,-0.0,0.0,-0.00392869533970952,0.0,-1.8027683854868236e-15,0.0005670233433026084,0.002801306506312995,-0.002117171828676767
1788436470.3084972,-1.0225785970687866,0.14493507146835327,0.16442078351974487,-0.0,0.0,-0.00392869533970952,0.0,-1.8027683854868236e-15,0.0005670233433026084,0.002801306506312995,-0.002117171828676767
1788436470.3161714,-1.0225785970687866,0.14493507146835327,0.16442078351974487,-0.0,0.0,-0.003635747591033578,0.0,-1.8027683854868236e-15,0.0005670233433026084,0.002801306506312995,-0.002117171828676767
1788436470.3261738,-1.0225785970687866,0.14493507146835327,0.16442078351974487,-0.0,0.0,-0.0032895365729928017,0.0,-1.8027683854868236e-15,0.0005670233433026084,0.002801306506312995,-0.002117171828676767
1788436470.338601,-1.0225785970687866,0.14493507146835327,0.16442078351974487,-0.0,0.0,-0.009814281016588211,0.0,-1.8027683854868236e-15,0.0005670233433026084,0.002801306506312995,-0.002117171828676767
1788436470.3463306,-1.0225785970687866,0.14493507146835327,0.16442078351974487,-0.0,0.0,-0.009814281016588211,0.0,-1.8027683854868236e-15,0.0005670233433026084,0.002801306506312995,-0.002117171828676767
1788436470.3562813,-1.0223461389541626,0.14760947227478027,0.16422584652900696,-0.0,0.0,-0.009867544285953045,0.0,-1.8027683854868236e-15,-0.00026128803532055045,-0.002873691977406445,-0.00019493461985131688
1788436470.3663113,-1.0223461389541626,0.14760947227478027,0.16422584652900696,-0.0,0.0,-0.0033427998423576355,0.0,-1.8027683854868236e-15,-0.00026128803532055045,-0.002873691977406445,-0.00019493461985131688
1788436470.3782122,-1.0223461389541626,0.14760947227478027,0.16422584652900696,-0.0,0.0,-0.0033427998423576355,0.0,-1.8027683854868236e-15,-0.00026128803532055045,-0.002873691977406445,-0.00019493461985131688
1788436470.3869948,-1.0223461389541626,0.14760947227478027,0.16422584652900696,-0.0,0.0,-0.003209641668945551,0.0,-1.8027683854868236e-15,-0.00026128803532055045,-0.002873691977406445,-0.00019493461985131688
1788436470.3961737,-1.0223461389541626,0.14760947227478027,0.16422584652900696,-0.0,0.0,-0.002011219272390008,0.0,-1.8027683854868236e-15,-0.00026128803532055045,-0.002873691977406445,-0.00019493461985131688
1788436470.4082835,-1.0223461389541626,0.14760947227478027,0.16422584652900696,-0.0,0.0,-0.002011219272390008,0.0,-1.8027683854868236e-15,-0.00026128803532055045,-0.002873691977406445,-0.00019493461985131688
1788436470.4171584,-1.0223461389541626,0.14760947227478027,0.16422584652900696,-0.0,0.0,-0.0032895365729928017,0.0,-1.8027683854868236e-15,-0.00026128803532055045,-0.002873691977406445,-0.00019493461985131688
1788436470.4261916,-1.0223461389541626,0.14760947227478027,0.16422584652900696,-0.0,0.0,-0.004035221878439188,0.0,-1.8027683854868236e-15,-0.00026128803532055045,-0.002873691977406445,-0.00019493461985131688
1788436470.4362376,-1.0223461389541626,0.14760947227478027,0.16422584652900696,-0.0,0.0,-0.004035221878439188,0.0,-1.8027683854868236e-15,-0.00026128803532055045,-0.002873691977406445,-0.00019493461985131688
1788436470.446262,-1.0223461389541626,0.14760947227478027,0.16422584652900696,-0.0,0.0,-0.004594485741108656,0.0,-1.8027683854868236e-15,-0.00026128803532055045,-0.002873691977406445,-0.00019493461985131688
1788436470.4561615,-1.0202546119689941,0.14313016831874847,0.1625708043575287,-0.0,0.0,-0.004541222471743822,0.0,-1.8027683854868236e-15,-0.0023298816200651995,0.0027909387385434137,-0.0016550448595511469
1788436470.4664216,-1.0202546119689941,0.14313016831874847,0.1625708043575287,-0.0,0.0,-0.004541222471743822,0.0,-1.8027683854868236e-15,-0.0023298816200651995,0.0027909387385434137,-0.0016550448595511469
1788436470.4779344,-1.0202546119689941,0.14313016831874847,0.1625708043575287,-0.0,0.0,-0.003049852093681693,0.0,-1.8027683854868236e-15,-0.0023298816200651995,0.0027909387385434137,-0.0016550448595511469
1788436470.4863245,-1.0202546119689941,0.14313016831874847,0.1625708043575287,-0.0,0.0,-0.003981958609074354,0.0,-1.8027683854868236e-15,-0.0023298816200651995,0.0027909387385434137,-0.0016550448595511469
1788436470.4974473,-1.0202546119689941,0.14313016831874847,0.1625708043575287,-0.0,0.0,-0.003981958609074354,0.0,-1.8027683854868236e-15,-0.0023298816200651995,0.0027909387385434137,-0.0016550448595511469
1788436470.5083601,-1.0202546119689941,0.14313016831874847,0.1625708043575287,-0.0,0.0,-0.004221642855554819,0.0,-1.8027683854868236e-15,-0.0023298816200651995,0.0027909387385434137,-0.0016550448595511469
1788436470.5161717,-1.0202546119689941,0.14313016831874847,0.1625708043575287,-0.0,0.0,-0.0020911141764372587,0.0,-1.8027683854868236e-15,-0.0023298816200651995,0.0027909387385434137,-0.0016550448595511469
1788436470.5261695,-1.0202546119689941,0.14313016831874847,0.1625708043575287,-0.0,0.0,-0.0029699571896344423,0.0,-1.8027683854868236e-15,-0.0023298816200651995,0.0027909387385434137,-0.0016550448595511469
1788436470.5363653,-1.0202546119689941,0.14313016831874847,0.1625708043575287,-0.0,0.0,-0.0029699571896344423,0.0,-1.8027683854868236e-15,-0.0023298816200651995,0.0027909387385434137,-0.0016550448595511469
1788436470.5471883,-1.022780418395996,0.14964397251605988,0.16480480134487152,-0.0,0.0,-0.004674380179494619,0.0,-1.8027683854868236e-15,0.002857595195054463,-0.00422855285764534,0.002234002062699858
1788436470.5562909,-1.022780418395996,0.14964397251605988,0.16480480134487152,-0.0,0.0,-0.005819539539515972,0.0,-1.8027683854868236e-15,0.002857595195054463,-0.00422855285764534,0.002234002062699858
1788436470.5685725,-1.022780418395996,0.14964397251605988,0.16480480134487152,-0.0,0.0,-0.005819539539515972,0.0,-1.8027683854868236e-15,0.002857595195054463,-0.00422855285764534,0.002234002062699858
1788436470.580581,-1.022780418395996,0.14964397251605988,0.16480480134487152,-0.0,0.0,-0.0044080642983317375,0.0,-1.8027683854868236e-15,0.002857595195054463,-0.00422855285764534,0.002234002062699858
1788436470.586165,-1.022780418395996,0.14964397251605988,0.16480480134487152,-0.0,0.0,-0.003768905531615019,0.0,-1.8027683854868236e-15,0.002857595195054463,-0.00422855285764534,0.002234002062699858
1788436470.5974314,-1.022780418395996,0.14964397251605988,0.16480480134487152,-0.0,0.0,-0.003768905531615019,0.0,-1.8027683854868236e-15,0.002857595195054463,-0.00422855285764534,0.002234002062699858
1788436470.6061826,-1.022780418395996,0.14964397251605988,0.16480480134487152,-0.0,0.0,-0.003635747591033578,0.0,-1.8027683854868236e-15,0.002857595195054463,-0.00422855285764534,0.002234002062699858
1788436470.6161711,-1.022780418395996,0.14964397251605988,0.16480480134487152,-0.0,0.0,-0.002037850907072425,0.0,-1.8027683854868236e-15,0.002857595195054463,-0.00422855285764534,0.002234002062699858
1788436470.6262906,-1.022780418395996,0.14964397251605988,0.16480480134487152,-0.0,0.0,-0.002037850907072425,0.0,-1.8027683854868236e-15,0.002857595195054463,-0.00422855285764534,0.002234002062699858
1788436470.6363595,-1.022780418395996,0.14964397251605988,0.16480480134487152,-0.0,0.0,-0.00520701240748167,0.0,-1.8027683854868236e-15,0.002857595195054463,-0.00422855285764534,0.002234002062699858
1788436470.6461601,-1.0224957466125488,0.14943844079971313,0.1646474450826645,-0.0,0.0,-0.006645119749009609,0.0,-1.8900052509707166e-06,-0.00030819979692653376,4.463746315935824e-05,-0.00015736567898283482
1788436470.6575012,-1.0224957466125488,0.14943844079971313,0.1646474450826645,-0.0,0.0,-0.006645119749009609,0.0,-1.8900052509707166e-06,-0.00030819979692653376,4.463746315935824e-05,-0.00015736567898283482
1788436470.6662233,-1.0224957466125488,0.14943844079971313,0.1646474450826645,-0.0,0.0,-0.00475427508354187,0.0,-5.670015980285825e-06,-0.00030819979692653376,4.463746315935824e-05,-0.00015736567898283482
1788436470.6761947,-1.0224957466125488,0.14943844079971313,0.1646474450826645,-0.0,0.0,-0.00475427508354187,0.0,-5.670015980285825e-06,-0.00030819979692653376,4.463746315935824e-05,-0.00015736567898283482
1788436470.6894598,-1.0224957466125488,0.14943844079971313,0.1646474450826645,-0.0,0.0,-0.003981958609074354,0.0,-7.560021003882866e-06,-0.00030819979692653376,4.463746315935824e-05,-0.00015736567898283482
1788436470.6963174,-1.0224957466125488,0.14943844079971313,0.1646474450826645,-0.0,0.0,-0.003555852686986327,0.0,-9.450026482227258e-06,-0.00030819979692653376,4.463746315935824e-05,-0.00015736567898283482
1788436470.7062113,-1.0224957466125488,0.14943844079971313,0.1646474450826645,-0.0,0.0,0.0002584252506494522,0.0,-1.3230037438916042e-05,-0.00030819979692653376,4.463746315935824e-05,-0.00015736567898283482
1788436470.7161767,-1.0224957466125488,0.14943844079971313,0.1646474450826645,-0.0,0.0,0.001318757887929678,0.0,-1.5120042007765733e-05,-0.00030819979692653376,4.463746315935824e-05,-0.00015736567898283482
1788436470.7262592,-1.0224957466125488,0.14943844079971313,0.1646474450826645,-0.0,0.0,-0.0018780612153932452,0.0,-1.7010048395604827e-05,-0.00030819979692653376,4.463746315935824e-05,-0.00015736567898283482
1788436470.7373958,-1.0224957466125488,0.14943844079971313,0.1646474450826645,-0.0,0.0,-0.0018780612153932452,0.0,-1.7010048395604827e-05,-0.00030819979692653376,4.463746315935824e-05,-0.00015736567898283482
1788436470.7461708,-1.022863507270813,0.1488974690437317,0.1658972054719925,-0.0,0.0,-0.0038754320703446865,0.0,-2.0790057533304207e-05,0.0005531056050378513,0.0018194256342656256,0.0012497709648569
1788436470.756273,-1.022863507270813,0.1488974690437317,0.1658972054719925,-0.0,0.0,-0.0038754320703446865,0.0,-2.0790057533304207e-05,0.0005531056050378513,0.0018194256342656256,0.0012497709648569
1788436470.766335,-1.022863507270813,0.1488974690437317,0.1658972054719925,-0.0,0.0,-0.003635747591033578,0.0,-2.26800639211433e-05,0.0005531056050378513,0.0018194256342656256,0.0012497709648569
1788436470.7800076,-1.022863507270813,0.1488974690437317,0.1658972054719925,-0.0,0.0,-0.0028367992490530014,0.0,-2.457006848999299e-05,0.0005531056050378513,0.0018194256342656256,0.0012497709648569
1788436470.7864623,-1.022863507270813,0.1488974690437317,0.1658972054719925,-0.0,0.0,-0.0028367992490530014,0.0,-2.6460074877832085e-05,0.0005531056050378513,0.0018194256342656256,0.0012497709648569
1788436470.7963245,-1.022863507270813,0.1488974690437317,0.1658972054719925,-0.0,0.0,-0.0027569043450057507,0.0,-2.8350079446681775e-05,0.0005531056050378513,0.0018194256342656256,0.0012497709648569
1788436470.8063104,-1.022863507270813,0.1488974690437317,0.1658972054719925,-0.0,0.0,-0.000945954816415906,0.0,-3.0240084015531465e-05,0.0005531056050378513,0.0018194256342656256,0.0012497709648569
1788436470.817425,-1.022863507270813,0.1488974690437317,0.1658972054719925,-0.0,0.0,-0.0011856392957270145,0.0,-3.213009040337056e-05,0.0005531056050378513,0.0018194256342656256,0.0012497709648569
1788436470.8285103,-1.022863507270813,0.1488974690437317,0.1658972054719925,-0.0,0.0,-0.0018247979460284114,0.0,-3.402009679120965e-05,0.0005531056050378513,0.0018194256342656256,0.0012497709648569
1788436470.8361719,-1.022863507270813,0.1488974690437317,0.1658972054719925,-0.0,0.0,-0.004354801028966904,0.0,-3.7800105928909034e-05,0.0005531056050378513,0.0018194256342656256,0.0012497709648569
1788436470.8462412,-1.022863507270813,0.1488974690437317,0.1658972054719925,-0.0,0.0,-0.004701011814177036,0.0,-3.969011231674813e-05,0.0005531056050378513,0.0018194256342656256,0.0012497709648569
1788436470.8562925,-1.0218991041183472,0.14959116280078888,0.16532930731773376,-0.0,0.0,-0.004701011814177036,0.0,-3.969011231674813e-05,-0.0010495140888209242,-0.0012740135648227069,-0.0005679047184132813
1788436470.8663454,-1.0218991041183472,0.14959116280078888,0.16532930731773376,-0.0,0.0,-0.00555322365835309,0.0,-4.1580115066608414e-05,-0.0010495140888209242,-0.0012740135648227069,-0.0005679047184132813
1788436470.8761735,-1.0218991041183472,0.14959116280078888,0.16532930731773376,-0.0,0.0,-0.003955326974391937,0.0,-4.53601278422866e-05,-0.0010495140888209242,-0.0012740135648227069,-0.0005679047184132813
1788436470.8863828,-1.0218991041183472,0.14959116280078888,0.16532930731773376,-0.0,0.0,-0.003955326974391937,0.0,-4.53601278422866e-05,-0.0010495140888209242,-0.0012740135648227069,-0.0005679047184132813
1788436470.8963401,-1.0218991041183472,0.14959116280078888,0.16532930731773376,-0.0,0.0,-0.0027302727103233337,0.0,-4.725013059214689e-05,-0.0010495140888209242,-0.0012740135648227069,-0.0005679047184132813
1788436470.9067795,-1.0218991041183472,0.14959116280078888,0.16532930731773376,-0.0,0.0,1.1836271369247697e-05,0.0,-5.1030143367825076e-05,-0.0010495140888209242,-0.0012740135648227069,-0.0005679047184132813
1788436470.917517,-1.0218991041183472,0.14959116280078888,0.16532930731773376,-0.0,0.0,1.1836271369247697e-05,0.0,-5.1030143367825076e-05,-0.0010495140888209242,-0.0012740135648227069,-0.0005679047184132813
1788436470.9261796,-1.0218991041183472,0.14959116280078888,0.16532930731773376,-0.0,0.0,-0.002597114769741893,0.0,-5.4810152505524457e-05,-0.0010495140888209242,-0.0012740135648227069,-0.0005679047184132813
1788436470.9361818,-1.0218991041183472,0.14959116280078888,0.16532930731773376,-0.0,0.0,-0.0017981663113459945,0.0,-5.670015889336355e-05,-0.0010495140888209242,-0.0012740135648227069,-0.0005679047184132813
1788436470.9463286,-1.0218991041183472,0.14959116280078888,0.16532930731773376,-0.0,0.0,-0.0017981663113459945,0.0,-5.670015889336355e-05,-0.0010495140888209242,-0.0012740135648227069,-0.0005679047184132813
1788436470.9566011,-1.0218991041183472,0.14959116280078888,0.16532930731773376,-0.0,0.0,-0.0033427998423576355,0.0,-5.670015889336355e-05,-0.0010495140888209242,-0.0012740135648227069,-0.0005679047184132813
1788436470.9666047,-1.0210987329483032,0.14702551066875458,0.16322685778141022,-0.0,0.0,-0.0057130130007863045,0.0,-5.670015889336355e-05,-0.0011117818033388183,0.00041917045974493305,-0.0021024525242712144
1788436470.976849,-1.0210987329483032,0.14702551066875458,0.16322685778141022,-0.0,0.0,-0.0057130130007863045,0.0,-5.670015889336355e-05,-0.0011117818033388183,0.00041917045974493305,-0.0021024525242712144
1788436470.9881496,-1.0210987329483032,0.14702551066875458,0.16322685778141022,-0.0,0.0,-0.005393433850258589,0.0,-5.670015889336355e-05,-0.0011117818033388183,0.00041917045974493305,-0.0021024525242712144
1788436470.9964678,-1.0210987329483032,0.14702551066875458,0.16322685778141022,-0.0,0.0,-0.00520701240748167,0.0,-5.670015889336355e-05,-0.0011117818033388183,0.00041917045974493305,-0.0021024525242712144
1788436471.0063355,-1.0210987329483032,0.14702551066875458,0.16322685778141022,-0.0,0.0,-0.004567854106426239,0.0,-5.670015889336355e-05,-0.0011117818033388183,0.00041917045974493305,-0.0021024525242712144
1788436471.016416,-1.0210987329483032,0.14702551066875458,0.16322685778141022,-0.0,0.0,-0.004701011814177036,0.0,-5.670015889336355e-05,-0.0011117818033388183,0.00041917045974493305,-0.0021024525242712144
1788436471.0264177,-1.0210987329483032,0.14702551066875458,0.16322685778141022,-0.0,0.0,-0.003955326974391937,0.0,-5.670015889336355e-05,-0.0011117818033388183,0.00041917045974493305,-0.0021024525242712144
1788436471.0363028,-1.0210987329483032,0.14702551066875458,0.16322685778141022,-0.0,0.0,-0.004035221878439188,0.0,-5.670015889336355e-05,-0.0011117818033388183,0.00041917045974493305,-0.0021024525242712144
1788436471.0475743,-1.0210987329483032,0.14702551066875458,0.16322685778141022,-0.0,0.0,-0.004035221878439188,0.0,-5.670015889336355e-05,-0.0011117818033388183,0.00041917045974493305,-0.0021024525242712144
1788436471.0564349,-1.0210987329483032,0.14702551066875458,0.16322685778141022,-0.0,0.0,-0.003955326974391937,0.0,-5.670015889336355e-05,-0.0011117818033388183,0.00041917045974493305,-0.0021024525242712144
1788436471.0663993,-1.0218489170074463,0.150703564286232,0.1656240075826645,-0.0,0.0,-0.0040884846821427345,0.0,-5.670015889336355e-05,0.00110850655513417,-0.0012280911925976468,0.0023971488449143763
1788436471.077094,-1.0218489170074463,0.150703564286232,0.1656240075826645,-0.0,0.0,-0.004674380179494619,0.0,-5.670015889336355e-05,0.00110850655513417,-0.0012280911925976468,0.0023971488449143763
1788436471.0864232,-1.0218489170074463,0.150703564286232,0.1656240075826645,-0.0,0.0,-0.004674380179494619,0.0,-5.670015889336355e-05,0.00110850655513417,-0.0012280911925976468,0.0023971488449143763
1788436471.0975692,-1.0218489170074463,0.150703564286232,0.1656240075826645,-0.0,0.0,-0.005313538946211338,0.0,-5.670015889336355e-05,0.00110850655513417,-0.0012280911925976468,0.0023971488449143763
1788436471.1063204,-1.0218489170074463,0.150703564286232,0.1656240075826645,-0.0,0.0,-0.0041151163168251514,0.0,-5.670015889336355e-05,0.00110850655513417,-0.0012280911925976468,0.0023971488449143763
1788436471.1163504,-1.0218489170074463,0.150703564286232,0.1656240075826645,-0.0,0.0,-0.0041151163168251514,0.0,-5.670015889336355e-05,0.00110850655513417,-0.0012280911925976468,0.0023971488449143763
1788436471.1261733,-1.0218489170074463,0.150703564286232,0.1656240075826645,-0.0,0.0,-0.0015851134667173028,0.0,-5.670015889336355e-05,0.00110850655513417,-0.0012280911925976468,0.0023971488449143763
1788436471.136343,-1.0218489170074463,0.150703564286232,0.1656240075826645,-0.0,0.0,-0.0023840616922825575,0.0,-5.670015889336355e-05,0.00110850655513417,-0.0012280911925976468,0.0023971488449143763
1788436471.1475265,-1.0218489170074463,0.150703564286232,0.1656240075826645,-0.0,0.0,-0.0023840616922825575,0.0,-5.670015889336355e-05,0.00110850655513417,-0.0012280911925976468,0.0023971488449143763
1788436471.1583076,-1.0228561162948608,0.14971686899662018,0.16522805392742157,-0.0,0.0,-0.0041151163168251514,0.0,-5.670015889336355e-05,0.0009478671942517725,0.0005817064217559231,-0.00039594842574963707
1788436471.1661797,-1.0228561162948608,0.14971686899662018,0.16522805392742157,-0.0,0.0,-0.0016916398890316486,0.0,-5.670015889336355e-05,0.0009478671942517725,0.0005817064217559231,-0.00039594842574963707
1788436471.177489,-1.0228561162948608,0.14971686899662018,0.16522805392742157,-0.0,0.0,-0.0016916398890316486,0.0,-5.670015889336355e-05,0.0009478671942517725,0.0005817064217559231,-0.00039594842574963707
1788436471.1862936,-1.0228561162948608,0.14971686899662018,0.16522805392742157,-0.0,0.0,-0.0013720606220886111,0.0,-5.670015889336355e-05,0.0009478671942517725,0.0005817064217559231,-0.00039594842574963707
1788436471.1964424,-1.0228561162948608,0.14971686899662018,0.16522805392742157,-0.0,0.0,-0.0013720606220886111,0.0,-5.670015889336355e-05,0.0009478671942517725,0.0005817064217559231,-0.00039594842574963707
1788436471.2061815,-1.0228561162948608,0.14971686899662018,0.16522805392742157,-0.0,0.0,-0.004008590243756771,0.0,-5.670015889336355e-05,0.0009478671942517725,0.0005817064217559231,-0.00039594842574963707
1788436471.219575,-1.0228561162948608,0.14971686899662018,0.16522805392742157,-0.0,0.0,-0.004008590243756771,0.0,-5.670015889336355e-05,0.0009478671942517725,0.0005817064217559231,-0.00039594842574963707
1788436471.226297,-1.0228561162948608,0.14971686899662018,0.16522805392742157,-0.0,0.0,-0.0029965888243168592,0.0,-5.670015889336355e-05,0.0009478671942517725,0.0005817064217559231,-0.00039594842574963707
1788436471.2373278,-1.0228561162948608,0.14971686899662018,0.16522805392742157,-0.0,0.0,-0.0027302727103233337,0.0,-5.670015889336355e-05,0.0009478671942517725,0.0005817064217559231,-0.00039594842574963707
1788436471.2463543,-1.023402452468872,0.14914248883724213,0.16506226360797882,-0.0,0.0,-0.0027302727103233337,0.0,-5.670015889336355e-05,0.0005215108294471804,0.0004047168706425297,-0.00016578367730257781
1788436471.2573347,-1.023402452468872,0.14914248883724213,0.16506226360797882,-0.0,0.0,-0.0038754320703446865,0.0,-5.670015889336355e-05,0.0005215108294471804,0.0004047168706425297,-0.00016578367730257781
1788436471.266178,-1.023402452468872,0.14914248883724213,0.16506226360797882,-0.0,0.0,-0.002517219865694642,0.0,-5.670015889336355e-05,0.0005215108294471804,0.0004047168706425297,-0.00016578367730257781
1788436471.276477,-1.023402452468872,0.14914248883724213,0.16506226360797882,-0.0,0.0,-0.002517219865694642,0.0,-5.670015889336355e-05,0.0005215108294471804,0.0004047168706425297,-0.00016578367730257781
1788436471.286319,-1.023402452468872,0.14914248883724213,0.16506226360797882,-0.0,0.0,-0.0029433255549520254,0.0,-5.670015889336355e-05,0.0005215108294471804,0.0004047168706425297,-0.00016578367730257781
1788436471.2962637,-1.023402452468872,0.14914248883724213,0.16506226360797882,-0.0,0.0,-0.0024639565963298082,0.0,-5.670015889336355e-05,0.0005215108294471804,0.0004047168706425297,-0.00016578367730257781
1788436471.3065197,-1.023402452468872,0.14914248883724213,0.16506226360797882,-0.0,0.0,-0.0017981663113459945,0.0,-5.670015889336355e-05,0.0005215108294471804,0.0004047168706425297,-0.00016578367730257781
1788436471.316588,-1.023402452468872,0.14914248883724213,0.16506226360797882,-0.0,0.0,-0.0004665858286898583,0.0,-5.670015889336355e-05,0.0005215108294471804,0.0004047168706425297,-0.00016578367730257781
1788436471.3262825,-1.023402452468872,0.14914248883724213,0.16506226360797882,-0.0,0.0,-0.0023840616922825575,0.0,-5.670015889336355e-05,0.0005215108294471804,0.0004047168706425297,-0.00016578367730257781
1788436471.3364213,-1.023402452468872,0.14914248883724213,0.16506226360797882,-0.0,0.0,-0.0023840616922825575,0.0,-5.670015889336355e-05,0.0005215108294471804,0.0004047168706425297,-0.00016578367730257781
1788436471.3469553,-1.0216038227081299,0.1485709846019745,0.1651357263326645,-0.0,0.0,-0.0023840616922825575,0.0,-5.670015889336355e-05,-0.0017876411659711877,0.0006465576722041178,7.346138291364213e-05
1788436471.3562627,-1.0216038227081299,0.1485709846019745,0.1651357263326645,-0.0,0.0,-0.0023840616922825575,0.0,-5.670015889336355e-05,-0.0017876411659711877,0.0006465576722041178,7.346138291364213e-05
1788436471.3661733,-1.0216038227081299,0.1485709846019745,0.1651357263326645,-0.0,0.0,-0.0013454289874061942,0.0,-5.670015889336355e-05,-0.0017876411659711877,0.0006465576722041178,7.346138291364213e-05
1788436471.3803968,-1.0216038227081299,0.1485709846019745,0.1651357263326645,-0.0,0.0,-0.0013454289874061942,0.0,-5.670015889336355e-05,-0.0017876411659711877,0.0006465576722041178,7.346138291364213e-05
1788436471.3862169,-1.0216038227081299,0.1485709846019745,0.1651357263326645,-0.0,0.0,-0.0006263754912652075,0.0,-5.670015889336355e-05,-0.0017876411659711877,0.0006465576722041178,7.346138291364213e-05
1788436471.396229,-1.0216038227081299,0.1485709846019745,0.1651357263326645,-0.0,0.0,-0.0006263754912652075,0.0,-5.670015889336355e-05,-0.0017876411659711877,0.0006465576722041178,7.346138291364213e-05
1788436471.406354,-1.0216038227081299,0.1485709846019745,0.1651357263326645,-0.0,0.0,-0.0015851134667173028,0.0,-5.670015889336355e-05,-0.0017876411659711877,0.0006465576722041178,7.346138291364213e-05
1788436471.4164438,-1.0216038227081299,0.1485709846019745,0.1651357263326645,-0.0,0.0,-0.0026237464044243097,0.0,-5.670015889336355e-05,-0.0017876411659711877,0.0006465576722041178,7.346138291364213e-05
1788436471.4262109,-1.0216038227081299,0.1485709846019745,0.1651357263326645,-0.0,0.0,-0.0009725864510983229,0.0,-5.670015889336355e-05,-0.0017876411659711877,0.0006465576722041178,7.346138291364213e-05
1788436471.4363503,-1.0216038227081299,0.1485709846019745,0.1651357263326645,-0.0,0.0,-0.0009725864510983229,0.0,-5.670015889336355e-05,-0.0017876411659711877,0.0006465576722041178,7.346138291364213e-05
1788436471.4476056,-1.0209041833877563,0.14906305074691772,0.16548770666122437,-0.0,0.0,-0.0011057445080950856,0.0,-5.670015889336355e-05,-0.0006472372096233414,-0.00013273029878979603,0.0003519685515995796
1788436471.456351,-1.0209041833877563,0.14906305074691772,0.16548770666122437,-0.0,0.0,-0.0011057445080950856,0.0,-5.670015889336355e-05,-0.0006472372096233414,-0.00013273029878979603,0.0003519685515995796
1788436471.4663422,-1.0209041833877563,0.14906305074691772,0.16548770666122437,-0.0,0.0,-0.003742273896932602,0.0,-5.670015889336355e-05,-0.0006472372096233414,-0.00013273029878979603,0.0003519685515995796
1788436471.476273,-1.0209041833877563,0.14906305074691772,0.16548770666122437,-0.0,0.0,-0.0022509037517011166,0.0,-5.670015889336355e-05,-0.0006472372096233414,-0.00013273029878979603,0.0003519685515995796
1788436471.486265,-1.0209041833877563,0.14906305074691772,0.16548770666122437,-0.0,0.0,-0.0029965888243168592,0.0,-5.670015889336355e-05,-0.0006472372096233414,-0.00013273029878979603,0.0003519685515995796
1788436471.4962656,-1.0209041833877563,0.14906305074691772,0.16548770666122437,-0.0,0.0,-0.0029965888243168592,0.0,-5.670015889336355e-05,-0.0006472372096233414,-0.00013273029878979603,0.0003519685515995796
1788436471.506171,-1.0209041833877563,0.14906305074691772,0.16548770666122437,-0.0,0.0,-0.003023220458999276,0.0,-5.670015889336355e-05,-0.0006472372096233414,-0.00013273029878979603,0.0003519685515995796
1788436471.516265,-1.0209041833877563,0.14906305074691772,0.16548770666122437,-0.0,0.0,-0.0018247979460284114,0.0,-5.670015889336355e-05,-0.0006472372096233414,-0.00013273029878979603,0.0003519685515995796
1788436471.5261707,-1.0209041833877563,0.14906305074691772,0.16548770666122437,-0.0,0.0,-0.002517219865694642,0.0,-5.670015889336355e-05,-0.0006472372096233414,-0.00013273029878979603,0.0003519685515995796
1788436471.5362172,-1.0209041833877563,0.14906305074691772,0.16548770666122437,-0.0,0.0,-0.002517219865694642,0.0,-5.670015889336355e-05,-0.0006472372096233414,-0.00013273029878979603,0.0003519685515995796
1788436471.546351,-1.0222382545471191,0.1493566930294037,0.16535131633281708,-0.0,0.0,-0.0039020637050271034,0.0,-5.670015889336355e-05,0.0013137161875449443,-0.0004330670604740794,-0.00013638177025754317
1788436471.5562398,-1.0222382545471191,0.1493566930294037,0.16535131633281708,-0.0,0.0,-0.003023220458999276,0.0,-5.670015889336355e-05,0.0013137161875449443,-0.0004330670604740794,-0.00013638177025754317
1788436471.5663621,-1.0222382545471191,0.1493566930294037,0.16535131633281708,-0.0,0.0,-0.003023220458999276,0.0,-5.670015889336355e-05,0.0013137161875449443,-0.0004330670604740794,-0.00013638177025754317
1788436471.5837774,-1.0222382545471191,0.1493566930294037,0.16535131633281708,-0.0,0.0,-0.0022509037517011166,0.0,-5.670015889336355e-05,0.0013137161875449443,-0.0004330670604740794,-0.00013638177025754317
1788436471.5861604,-1.0222382545471191,0.1493566930294037,0.16535131633281708,-0.0,0.0,-0.002171008847653866,0.0,-5.670015889336355e-05,0.0013137161875449443,-0.0004330670604740794,-0.00013638177025754317
1788436471.5961874,-1.0222382545471191,0.1493566930294037,0.16535131633281708,-0.0,0.0,-0.0041151163168251514,0.0,-5.670015889336355e-05,0.0013137161875449443,-0.0004330670604740794,-0.00013638177025754317
1788436471.6063037,-1.0222382545471191,0.1493566930294037,0.16535131633281708,-0.0,0.0,-0.0041151163168251514,0.0,-5.670015889336355e-05,0.0013137161875449443,-0.0004330670604740794,-0.00013638177025754317
1788436471.6161895,-1.0222382545471191,0.1493566930294037,0.16535131633281708,-0.0,0.0,-0.0049406965263187885,0.0,-5.670015889336355e-05,0.0013137161875449443,-0.0004330670604740794,-0.00013638177025754317
1788436471.6284823,-1.0222382545471191,0.1493566930294037,0.16535131633281708,-0.0,0.0,-0.0049406965263187885,0.0,-5.670015889336355e-05,0.0013137161875449443,-0.0004330670604740794,-0.00013638177025754317
1788436471.636324,-1.0222382545471191,0.1493566930294037,0.16535131633281708,-0.0,0.0,-0.005073854699730873,0.0,-5.670015889336355e-05,0.0013137161875449443,-0.0004330670604740794,-0.00013638177025754317
1788436471.6462362,-1.0222705602645874,0.15026693046092987,0.16521868109703064,-0.0,0.0,-0.004674380179494619,0.0,-5.4810152505524457e-05,1.2342113110408448e-05,-0.0010458159998431027,-0.00013263854413292364
1788436471.6584923,-1.0222705602645874,0.15026693046092987,0.16521868109703064,-0.0,0.0,-0.004674380179494619,0.0,-5.4810152505524457e-05,1.2342113110408448e-05,-0.0010458159998431027,-0.00013263854413292364
1788436471.666185,-1.0222705602645874,0.15026693046092987,0.16521868109703064,-0.0,0.0,-0.007231014780700207,0.0,-5.1030143367825076e-05,1.2342113110408448e-05,-0.0010458159998431027,-0.00013263854413292364
1788436471.6762464,-1.0222705602645874,0.15026693046092987,0.16521868109703064,-0.0,0.0,-0.007231014780700207,0.0,-5.1030143367825076e-05,1.2342113110408448e-05,-0.0010458159998431027,-0.00013263854413292364
1788436471.6862378,-1.0222705602645874,0.15026693046092987,0.16521868109703064,-0.0,0.0,-0.006405435036867857,0.0,-4.725013059214689e-05,1.2342113110408448e-05,-0.0010458159998431027,-0.00013263854413292364
1788436471.6962857,-1.0222705602645874,0.15026693046092987,0.16521868109703064,-0.0,0.0,-0.006405435036867857,0.0,-4.725013059214689e-05,1.2342113110408448e-05,-0.0010458159998431027,-0.00013263854413292364
1788436471.7069726,-1.0222705602645874,0.15026693046092987,0.16521868109703064,-0.0,0.0,-0.0020911141764372587,0.0,-4.53601278422866e-05,1.2342113110408448e-05,-0.0010458159998431027,-0.00013263854413292364
1788436471.7161722,-1.0222705602645874,0.15026693046092987,0.16521868109703064,-0.0,0.0,-0.0034759577829390764,0.0,-4.1580115066608414e-05,1.2342113110408448e-05,-0.0010458159998431027,-0.00013263854413292364
1788436471.7263474,-1.0222705602645874,0.15026693046092987,0.16521868109703064,-0.0,0.0,-0.0034759577829390764,0.0,-4.1580115066608414e-05,1.2342113110408448e-05,-0.0010458159998431027,-0.00013263854413292364
1788436471.737452,-1.0222705602645874,0.15026693046092987,0.16521868109703064,-0.0,0.0,-0.007124488707631826,0.0,-3.7800105928909034e-05,1.2342113110408448e-05,-0.0010458159998431027,-0.00013263854413292364
1788436471.7465663,-1.0222705602645874,0.15026693046092987,0.16521868109703064,-0.0,0.0,-0.0062456452287733555,0.0,-3.591009954106994e-05,1.2342113110408448e-05,-0.0010458159998431027,-0.00013263854413292364
1788436471.7563388,-1.02240788936615,0.14938999712467194,0.16531433165073395,-0.0,0.0,-0.0062456452287733555,0.0,-3.591009954106994e-05,0.00015161647907779852,0.0009747319504317953,9.56562758513968e-05
1788436471.766226,-1.02240788936615,0.14938999712467194,0.16531433165073395,-0.0,0.0,-0.002597114769741893,0.0,-3.213009040337056e-05,0.00015161647907779852,0.0009747319504317953,9.56562758513968e-05
1788436471.7763515,-1.02240788936615,0.14938999712467194,0.16531433165073395,-0.0,0.0,-0.002597114769741893,0.0,-3.213009040337056e-05,0.00015161647907779852,0.0009747319504317953,9.56562758513968e-05
1788436471.7861981,-1.02240788936615,0.14938999712467194,0.16531433165073395,-0.0,0.0,-0.004035221878439188,0.0,-2.8350079446681775e-05,0.00015161647907779852,0.0009747319504317953,9.56562758513968e-05
1788436471.7985156,-1.02240788936615,0.14938999712467194,0.16531433165073395,-0.0,0.0,-0.004035221878439188,0.0,-2.8350079446681775e-05,0.00015161647907779852,0.0009747319504317953,9.56562758513968e-05
1788436471.8061635,-1.02240788936615,0.14938999712467194,0.16531433165073395,-0.0,0.0,-0.002570483135059476,0.0,-2.457006848999299e-05,0.00015161647907779852,0.0009747319504317953,9.56562758513968e-05
1788436471.8185375,-1.02240788936615,0.14938999712467194,0.16531433165073395,-0.0,0.0,-0.002570483135059476,0.0,-2.457006848999299e-05,0.00015161647907779852,0.0009747319504317953,9.56562758513968e-05
1788436471.8261795,-1.02240788936615,0.14938999712467194,0.16531433165073395,-0.0,0.0,-0.0029433255549520254,0.0,-2.0790057533304207e-05,0.00015161647907779852,0.0009747319504317953,9.56562758513968e-05
1788436471.8366117,-1.02240788936615,0.14938999712467194,0.16531433165073395,-0.0,0.0,-0.0029433255549520254,0.0,-2.0790057533304207e-05,0.00015161647907779852,0.0009747319504317953,9.56562758513968e-05
1788436471.8464947,-1.02240788936615,0.14938999712467194,0.16531433165073395,-0.0,0.0,-0.004541222471743822,0.0,-1.7010048395604827e-05,0.00015161647907779852,0.0009747319504317953,9.56562758513968e-05
1788436471.8562672,-1.0217756032943726,0.1477338820695877,0.16406875848770142,-0.0,0.0,-0.004541222471743822,0.0,-1.7010048395604827e-05,-0.0008170994452589841,0.0003835211189377463,-0.0012455800964046304
1788436471.8663251,-1.0217756032943726,0.1477338820695877,0.16406875848770142,-0.0,0.0,-0.003715642262250185,0.0,-1.3230037438916042e-05,-0.0008170994452589841,0.0003835211189377463,-0.0012455800964046304
1788436471.8763027,-1.0217756032943726,0.1477338820695877,0.16406875848770142,-0.0,0.0,-0.003715642262250185,0.0,-1.3230037438916042e-05,-0.0008170994452589841,0.0003835211189377463,-0.0012455800964046304
1788436471.8874266,-1.0217756032943726,0.1477338820695877,0.16406875848770142,-0.0,0.0,-0.003555852686986327,0.0,-1.134003196057165e-05,-0.0008170994452589841,0.0003835211189377463,-0.0012455800964046304
1788436471.896284,-1.0217756032943726,0.1477338820695877,0.16406875848770142,-0.0,0.0,-0.003582484321668744,0.0,-7.560021003882866e-06,-0.0008170994452589841,0.0003835211189377463,-0.0012455800964046304
1788436471.906164,-1.0217756032943726,0.1477338820695877,0.16406875848770142,-0.0,0.0,-0.0020911141764372587,0.0,-5.670015980285825e-06,-0.0008170994452589841,0.0003835211189377463,-0.0012455800964046304
1788436471.916273,-1.0217756032943726,0.1477338820695877,0.16406875848770142,-0.0,0.0,-0.0020911141764372587,0.0,-5.670015980285825e-06,-0.0008170994452589841,0.0003835211189377463,-0.0012455800964046304
1788436471.9263227,-1.0217756032943726,0.1477338820695877,0.16406875848770142,-0.0,0.0,-0.002570483135059476,0.0,-3.780010501941433e-06,-0.0008170994452589841,0.0003835211189377463,-0.0012455800964046304
1788436471.9364421,-1.0217756032943726,0.1477338820695877,0.16406875848770142,-0.0,0.0,-0.0038754320703446865,0.0,-1.8900052509707166e-06,-0.0008170994452589841,0.0003835211189377463,-0.0012455800964046304
1788436471.9462287,-1.0224084854125977,0.14928396046161652,0.16496217250823975,-0.0,0.0,-0.005020591430366039,0.0,-1.802769020761534e-15,0.0007657842174730867,-0.0006365835552883392,0.0008934209179622954
1788436471.9561782,-1.0224084854125977,0.14928396046161652,0.16496217250823975,-0.0,0.0,-0.0029699571896344423,0.0,-1.802769020761534e-15,0.0007657842174730867,-0.0006365835552883392,0.0008934209179622954
1788436471.966152,-1.0224084854125977,0.14928396046161652,0.16496217250823975,-0.0,0.0,-0.0024106933269649744,0.0,-1.802769020761534e-15,0.0007657842174730867,-0.0006365835552883392,0.0008934209179622954
1788436471.976299,-1.0224084854125977,0.14928396046161652,0.16496217250823975,-0.0,0.0,-0.001957956003025174,0.0,-1.802769020761534e-15,0.0007657842174730867,-0.0006365835552883392,0.0008934209179622954
1788436471.9874265,-1.0224084854125977,0.14928396046161652,0.16496217250823975,-0.0,0.0,-0.001957956003025174,0.0,-1.802769020761534e-15,0.0007657842174730867,-0.0006365835552883392,0.0008934209179622954
1788436471.9963467,-1.0224084854125977,0.14928396046161652,0.16496217250823975,-0.0,0.0,-0.0028101676143705845,0.0,-1.802769020761534e-15,0.0007657842174730867,-0.0006365835552883392,0.0008934209179622954
1788436472.0094178,-1.0224084854125977,0.14928396046161652,0.16496217250823975,-0.0,0.0,0.0025270439218729734,0.0,-1.802769020761534e-15,0.0007657842174730867,-0.0006365835552883392,0.0008934209179622954
1788436472.0162168,-1.0224084854125977,0.14928396046161652,0.16496217250823975,-0.0,0.0,0.00260102073661983,0.0,-1.802769020761534e-15,0.0007657842174730867,-0.0006365835552883392,0.0008934209179622954
1788436472.0261858,-1.0224084854125977,0.14928396046161652,0.16496217250823975,-0.0,0.0,-0.0015584818320348859,0.0,-1.802769020761534e-15,0.0007657842174730867,-0.0006365835552883392,0.0008934209179622954
1788436472.0361707,-1.0224084854125977,0.14928396046161652,0.16496217250823975,-0.0,0.0,-0.0015584818320348859,0.0,-1.802769020761534e-15,0.0007657842174730867,-0.0006365835552883392,0.0008934209179622954
1788436472.046486,-1.0245487689971924,0.1499931663274765,0.16543756425380707,-0.0,0.0,-0.0015584818320348859,0.0,-1.802769020761534e-15,0.002211555288568867,-0.00022212320267411823,0.0004753893499263029
1788436472.0572038,-1.0245487689971924,0.1499931663274765,0.16543756425380707,-0.0,0.0,-0.0021177458111196756,0.0,-1.802769020761534e-15,0.002211555288568867,-0.00022212320267411823,0.0004753893499263029
1788436472.066187,-1.0245487689971924,0.1499931663274765,0.16543756425380707,-0.0,0.0,-0.0040884846821427345,0.0,-1.802769020761534e-15,0.002211555288568867,-0.00022212320267411823,0.0004753893499263029
1788436472.0762377,-1.0245487689971924,0.1499931663274765,0.16543756425380707,-0.0,0.0,-0.0040884846821427345,0.0,-1.802769020761534e-15,0.002211555288568867,-0.00022212320267411823,0.0004753893499263029
1788436472.0865285,-1.0245487689971924,0.1499931663274765,0.16543756425380707,-0.0,0.0,-0.0033427998423576355,0.0,-1.802769020761534e-15,0.002211555288568867,-0.00022212320267411823,0.0004753893499263029
1788436472.0961678,-1.0245487689971924,0.1499931663274765,0.16543756425380707,-0.0,0.0,-0.0017981663113459945,0.0,-1.802769020761534e-15,0.002211555288568867,-0.00022212320267411823,0.0004753893499263029
1788436472.1084478,-1.0245487689971924,0.1499931663274765,0.16543756425380707,-0.0,0.0,-0.0017981663113459945,0.0,-1.802769020761534e-15,0.002211555288568867,-0.00022212320267411823,0.0004753893499263029
1788436472.116352,-1.0245487689971924,0.1499931663274765,0.16543756425380707,-0.0,0.0,-0.0019046928500756621,0.0,-1.802769020761534e-15,0.002211555288568867,-0.00022212320267411823,0.0004753893499263029
1788436472.1261694,-1.0245487689971924,0.1499931663274765,0.16543756425380707,-0.0,0.0,-0.0028900625184178352,0.0,-1.802769020761534e-15,0.002211555288568867,-0.00022212320267411823,0.0004753893499263029
1788436472.1384137,-1.0245487689971924,0.1499931663274765,0.16543756425380707,-0.0,0.0,-0.0028900625184178352,0.0,-1.802769020761534e-15,0.002211555288568867,-0.00022212320267411823,0.0004753893499263029
1788436472.1463423,-1.0226212739944458,0.15069356560707092,0.16559725999832153,-0.0,0.0,-0.0032895365729928017,0.0,-1.802769020761534e-15,-0.001903546940980494,-0.000537093370985009,0.00015969397803772267
1788436472.1561546,-1.0226212739944458,0.15069356560707092,0.16559725999832153,-0.0,0.0,-0.0029699571896344423,0.0,-1.802769020761534e-15,-0.001903546940980494,-0.000537093370985009,0.00015969397803772267
1788436472.1661668,-1.0226212739944458,0.15069356560707092,0.16559725999832153,-0.0,0.0,-0.0034226947464048862,0.0,-1.802769020761534e-15,-0.001903546940980494,-0.000537093370985009,0.00015969397803772267
1788436472.176241,-1.0226212739944458,0.15069356560707092,0.16559725999832153,-0.0,0.0,-0.004248274490237236,0.0,-1.802769020761534e-15,-0.001903546940980494,-0.000537093370985009,0.00015969397803772267
1788436472.1865292,-1.0226212739944458,0.15069356560707092,0.16559725999832153,-0.0,0.0,-0.004248274490237236,0.0,-1.802769020761534e-15,-0.001903546940980494,-0.000537093370985009,0.00015969397803772267
1788436472.1961792,-1.0226212739944458,0.15069356560707092,0.16559725999832153,-0.0,0.0,-0.0057130130007863045,0.0,-1.802769020761534e-15,-0.001903546940980494,-0.000537093370985009,0.00015969397803772267
1788436472.2061799,-1.0226212739944458,0.15069356560707092,0.16559725999832153,-0.0,0.0,-0.005047223065048456,0.0,-1.802769020761534e-15,-0.001903546940980494,-0.000537093370985009,0.00015969397803772267
1788436472.2170994,-1.0226212739944458,0.15069356560707092,0.16559725999832153,-0.0,0.0,-0.005047223065048456,0.0,-1.802769020761534e-15,-0.001903546940980494,-0.000537093370985009,0.00015969397803772267
1788436472.2267385,-1.0226212739944458,0.15069356560707092,0.16559725999832153,-0.0,0.0,-0.002064482541754842,0.0,-1.802769020761534e-15,-0.001903546940980494,-0.000537093370985009,0.00015969397803772267
1788436472.2363198,-1.0226212739944458,0.15069356560707092,0.16559725999832153,-0.0,0.0,-0.002064482541754842,0.0,-1.802769020761534e-15,-0.001903546940980494,-0.000537093370985009,0.00015969397803772267
1788436472.2461696,-1.0231640338897705,0.15129420161247253,0.16548487544059753,-0.0,0.0,-0.0017182715237140656,0.0,-1.802769020761534e-15,0.0005258475491340953,-0.0007156252688251263,-0.00011239032175058838
1788436472.2561622,-1.0231640338897705,0.15129420161247253,0.16548487544059753,-0.0,0.0,-0.0032895365729928017,0.0,-1.802769020761534e-15,0.0005258475491340953,-0.0007156252688251263,-0.00011239032175058838
1788436472.2664165,-1.0231640338897705,0.15129420161247253,0.16548487544059753,-0.0,0.0,-0.0032895365729928017,0.0,-1.802769020761534e-15,0.0005258475491340953,-0.0007156252688251263,-0.00011239032175058838
1788436472.2763445,-1.0231640338897705,0.15129420161247253,0.16548487544059753,-0.0,0.0,-0.003129746997728944,0.0,-1.802769020761534e-15,0.0005258475491340953,-0.0007156252688251263,-0.00011239032175058838
1788436472.2863755,-1.0231640338897705,0.15129420161247253,0.16548487544059753,-0.0,0.0,-0.0034759577829390764,0.0,-1.802769020761534e-15,0.0005258475491340953,-0.0007156252688251263,-0.00011239032175058838
1788436472.2962842,-1.0231640338897705,0.15129420161247253,0.16548487544059753,-0.0,0.0,-0.0034759577829390764,0.0,-1.802769020761534e-15,0.0005258475491340953,-0.0007156252688251263,-0.00011239032175058838
1788436472.3061404,-1.0231640338897705,0.15129420161247253,0.16548487544059753,-0.0,0.0,-0.007816910743713379,0.0,-1.802769020761534e-15,0.0005258475491340953,-0.0007156252688251263,-0.00011239032175058838
1788436472.3165424,-1.0231640338897705,0.15129420161247253,0.16548487544059753,-0.0,0.0,-0.007337541319429874,0.0,-1.802769020761534e-15,0.0005258475491340953,-0.0007156252688251263,-0.00011239032175058838
1788436472.3294208,-1.0231640338897705,0.15129420161247253,0.16548487544059753,-0.0,0.0,-0.003981958609074354,0.0,-1.802769020761534e-15,0.0005258475491340953,-0.0007156252688251263,-0.00011239032175058838
1788436472.3362935,-1.0231640338897705,0.15129420161247253,0.16548487544059753,-0.0,0.0,-0.003981958609074354,0.0,-1.802769020761534e-15,0.0005258475491340953,-0.0007156252688251263,-0.00011239032175058838
1788436472.346302,-1.021701693534851,0.1480480134487152,0.16473335027694702,-0.0,0.0,-0.004035221878439188,0.0,-1.802769020761534e-15,-0.0015739280928048771,0.002478402901661403,-0.0007515164783571393
1788436472.3561811,-1.021701693534851,0.1480480134487152,0.16473335027694702,-0.0,0.0,-0.0038488004356622696,0.0,-1.802769020761534e-15,-0.0015739280928048771,0.002478402901661403,-0.0007515164783571393
1788436472.3662434,-1.021701693534851,0.1480480134487152,0.16473335027694702,-0.0,0.0,-0.0038488004356622696,0.0,-1.802769020761534e-15,-0.0015739280928048771,0.002478402901661403,-0.0007515164783571393
1788436472.3801084,-1.021701693534851,0.1480480134487152,0.16473335027694702,-0.0,0.0,-0.003742273896932602,0.0,-1.802769020761534e-15,-0.0015739280928048771,0.002478402901661403,-0.0007515164783571393
1788436472.3861685,-1.021701693534851,0.1480480134487152,0.16473335027694702,-0.0,0.0,-0.0038221688009798527,0.0,-1.802769020761534e-15,-0.0015739280928048771,0.002478402901661403,-0.0007515164783571393
1788436472.3963423,-1.021701693534851,0.1480480134487152,0.16473335027694702,-0.0,0.0,-0.0038221688009798527,0.0,-1.802769020761534e-15,-0.0015739280928048771,0.002478402901661403,-0.0007515164783571393
1788436472.4062355,-1.021701693534851,0.1480480134487152,0.16473335027694702,-0.0,0.0,-0.008828911930322647,0.0,-1.802769020761534e-15,-0.0015739280928048771,0.002478402901661403,-0.0007515164783571393
1788436472.4161606,-1.021701693534851,0.1480480134487152,0.16473335027694702,-0.0,0.0,-0.008802279829978943,0.0,-1.802769020761534e-15,-0.0015739280928048771,0.002478402901661403,-0.0007515164783571393
1788436472.426308,-1.021701693534851,0.1480480134487152,0.16473335027694702,-0.0,0.0,-0.008802279829978943,0.0,-1.802769020761534e-15,-0.0015739280928048771,0.002478402901661403,-0.0007515164783571393
1788436472.4361732,-1.021701693534851,0.1480480134487152,0.16473335027694702,-0.0,0.0,-0.0040884846821427345,0.0,-1.802769020761534e-15,-0.0015739280928048771,0.002478402901661403,-0.0007515164783571393
1788436472.446168,-1.021701693534851,0.1480480134487152,0.16473335027694702,-0.0,0.0,-0.003582484321668744,0.0,-1.802769020761534e-15,-0.0015739280928048771,0.002478402901661403,-0.0007515164783571393
1788436472.4562278,-1.0201886892318726,0.14559605717658997,0.16381016373634338,-0.0,0.0,-0.003582484321668744,0.0,-1.802769020761534e-15,-0.0016478544996616495,0.0015101957908460473,-0.0009231885548834917
1788436472.4661298,-1.0201886892318726,0.14559605717658997,0.16381016373634338,-0.0,0.0,-0.002171008847653866,0.0,-1.802769020761534e-15,-0.0016478544996616495,0.0015101957908460473,-0.0009231885548834917
1788436472.476794,-1.0201886892318726,0.14559605717658997,0.16381016373634338,-0.0,0.0,-0.002064482541754842,0.0,-1.802769020761534e-15,-0.0016478544996616495,0.0015101957908460473,-0.0009231885548834917
1788436472.4862404,-1.0201886892318726,0.14559605717658997,0.16381016373634338,-0.0,0.0,-0.003236273303627968,0.0,-1.802769020761534e-15,-0.0016478544996616495,0.0015101957908460473,-0.0009231885548834917
1788436472.4964452,-1.0201886892318726,0.14559605717658997,0.16381016373634338,-0.0,0.0,-0.003236273303627968,0.0,-1.802769020761534e-15,-0.0016478544996616495,0.0015101957908460473,-0.0009231885548834917
1788436472.506114,-1.0201886892318726,0.14559605717658997,0.16381016373634338,-0.0,0.0,-0.0026770094409585,0.0,-1.802769020761534e-15,-0.0016478544996616495,0.0015101957908460473,-0.0009231885548834917
1788436472.5161934,-1.0201886892318726,0.14559605717658997,0.16381016373634338,-0.0,0.0,-0.0026770094409585,0.0,-1.802769020761534e-15,-0.0016478544996616495,0.0015101957908460473,-0.0009231885548834917
1788436472.5283973,-1.0201886892318726,0.14559605717658997,0.16381016373634338,-0.0,0.0,-0.0029699571896344423,0.0,-1.802769020761534e-15,-0.0016478544996616495,0.0015101957908460473,-0.0009231885548834917
1788436472.5363247,-1.0201886892318726,0.14559605717658997,0.16381016373634338,-0.0,0.0,-0.003981958609074354,0.0,-1.802769020761534e-15,-0.0016478544996616495,0.0015101957908460473,-0.0009231885548834917
1788436472.5461717,-1.0201886892318726,0.14559605717658997,0.16381016373634338,-0.0,0.0,-0.003742273896932602,0.0,-1.802769020761534e-15,-0.0016478544996616495,0.0015101957908460473,-0.0009231885548834917
1788436472.5565593,-1.0227118730545044,0.1494627296924591,0.16519959270954132,-0.0,0.0,-0.003742273896932602,0.0,-1.802769020761534e-15,0.0027299249147552107,-0.002445541908917659,0.001389430242451084
1788436472.5662644,-1.0227118730545044,0.1494627296924591,0.16519959270954132,-0.0,0.0,-0.000919323181733489,0.0,-1.802769020761534e-15,0.0027299249147552107,-0.002445541908917659,0.001389430242451084
1788436472.5808923,-1.0227118730545044,0.1494627296924591,0.16519959270954132,-0.0,0.0,-0.0015851134667173028,0.0,-1.802769020761534e-15,0.0027299249147552107,-0.002445541908917659,0.001389430242451084
1788436472.5863464,-1.0227118730545044,0.1494627296924591,0.16519959270954132,-0.0,0.0,-0.0013187973527237773,0.0,-1.802769020761534e-15,0.0027299249147552107,-0.002445541908917659,0.001389430242451084
1788436472.5966475,-1.0227118730545044,0.1494627296924591,0.16519959270954132,-0.0,0.0,-0.0006530071259476244,0.0,-1.802769020761534e-15,0.0027299249147552107,-0.002445541908917659,0.001389430242451084
1788436472.6061845,-1.0227118730545044,0.1494627296924591,0.16519959270954132,-0.0,0.0,-0.0011057445080950856,0.0,-1.802769020761534e-15,0.0027299249147552107,-0.002445541908917659,0.001389430242451084
1788436472.6162107,-1.0227118730545044,0.1494627296924591,0.16519959270954132,-0.0,0.0,-0.0017449031583964825,0.0,-1.802769020761534e-15,0.0027299249147552107,-0.002445541908917659,0.001389430242451084
1788436472.627489,-1.0227118730545044,0.1494627296924591,0.16519959270954132,-0.0,0.0,-0.0017449031583964825,0.0,-1.802769020761534e-15,0.0027299249147552107,-0.002445541908917659,0.001389430242451084
1788436472.6361694,-1.0227118730545044,0.1494627296924591,0.16519959270954132,-0.0,0.0,-0.002144377212971449,0.0,-1.802769020761534e-15,0.0027299249147552107,-0.002445541908917659,0.001389430242451084
1788436472.6461658,-1.0227118730545044,0.1494627296924591,0.16519959270954132,-0.0,0.0,-0.001478587044402957,0.0,-1.802769020761534e-15,0.0027299249147552107,-0.002445541908917659,0.001389430242451084
1788436472.6562212,-1.0214370489120483,0.1515914350748062,0.16660089790821075,-0.0,0.0,-0.001478587044402957,0.0,-1.802769020761534e-15,-0.0010634490767182925,-0.0006972162478990351,0.0014013040514813113
1788436472.6668646,-1.0214370489120483,0.1515914350748062,0.16660089790821075,-0.0,0.0,-0.0054999603889882565,0.0,-1.802769020761534e-15,-0.0010634490767182925,-0.0006972162478990351,0.0014013040514813113
1788436472.6762402,-1.0214370489120483,0.1515914350748062,0.16660089790821075,-0.0,0.0,-0.00592606607824564,0.0,-1.802769020761534e-15,-0.0010634490767182925,-0.0006972162478990351,0.0014013040514813113
1788436472.686224,-1.0214370489120483,0.1515914350748062,0.16660089790821075,-0.0,0.0,-0.003236273303627968,0.0,-1.802769020761534e-15,-0.0010634490767182925,-0.0006972162478990351,0.0014013040514813113
1788436472.6977744,-1.0214370489120483,0.1515914350748062,0.16660089790821075,-0.0,0.0,-0.003236273303627968,0.0,-1.802769020761534e-15,-0.0010634490767182925,-0.0006972162478990351,0.0014013040514813113
1788436472.706173,-1.0214370489120483,0.1515914350748062,0.16660089790821075,-0.0,0.0,-0.007523962762206793,0.0,-1.802769020761534e-15,-0.0010634490767182925,-0.0006972162478990351,0.0014013040514813113
1788436472.718471,-1.0214370489120483,0.1515914350748062,0.16660089790821075,-0.0,0.0,-0.007523962762206793,0.0,-1.802769020761534e-15,-0.0010634490767182925,-0.0006972162478990351,0.0014013040514813113
1788436472.726278,-1.0214370489120483,0.1515914350748062,0.16660089790821075,-0.0,0.0,-0.0040884846821427345,0.0,-1.802769020761534e-15,-0.0010634490767182925,-0.0006972162478990351,0.0014013040514813113
1788436472.7361987,-1.0214370489120483,0.1515914350748062,0.16660089790821075,-0.0,0.0,-0.0034493261482566595,0.0,-1.802769020761534e-15,-0.0010634490767182925,-0.0006972162478990351,0.0014013040514813113
1788436472.7464619,-1.0214370489120483,0.1515914350748062,0.16660089790821075,-0.0,0.0,-0.0028900625184178352,0.0,-1.802769020761534e-15,-0.0010634490767182925,-0.0006972162478990351,0.0014013040514813113
1788436472.7563198,-1.0222421884536743,0.15135623514652252,0.16519898176193237,-0.0,0.0,-0.0028900625184178352,0.0,-1.802769020761534e-15,0.0005919185687639494,-0.0011977593398882491,-0.0014019215127984985
1788436472.7662306,-1.0222421884536743,0.15135623514652252,0.16519898176193237,-0.0,0.0,-0.0015584818320348859,0.0,-1.802769020761534e-15,0.0005919185687639494,-0.0011977593398882491,-0.0014019215127984985
1788436472.776125,-1.0222421884536743,0.15135623514652252,0.16519898176193237,-0.0,0.0,-0.0015584818320348859,0.0,-1.802769020761534e-15,0.0005919185687639494,-0.0011977593398882491,-0.0014019215127984985
1788436472.786242,-1.0222421884536743,0.15135623514652252,0.16519898176193237,-0.0,0.0,-0.0024373249616473913,0.0,-1.802769020761534e-15,0.0005919185687639494,-0.0011977593398882491,-0.0014019215127984985
1788436472.7962446,-1.0222421884536743,0.15135623514652252,0.16519898176193237,-0.0,0.0,-0.0034226947464048862,0.0,-1.802769020761534e-15,0.0005919185687639494,-0.0011977593398882491,-0.0014019215127984985
1788436472.8065555,-1.0222421884536743,0.15135623514652252,0.16519898176193237,-0.0,0.0,-0.0044080642983317375,0.0,-1.802769020761534e-15,0.0005919185687639494,-0.0011977593398882491,-0.0014019215127984985
1788436472.816405,-1.0222421884536743,0.15135623514652252,0.16519898176193237,-0.0,0.0,-0.0044080642983317375,0.0,-1.802769020761534e-15,0.0005919185687639494,-0.0011977593398882491,-0.0014019215127984985
1788436472.8264089,-1.0222421884536743,0.15135623514652252,0.16519898176193237,-0.0,0.0,-0.003768905531615019,0.0,-1.802769020761534e-15,0.0005919185687639494,-0.0011977593398882491,-0.0014019215127984985
1788436472.8361835,-1.0222421884536743,0.15135623514652252,0.16519898176193237,-0.0,0.0,-0.003129746997728944,0.0,-1.802769020761534e-15,0.0005919185687639494,-0.0011977593398882491,-0.0014019215127984985
1788436472.8481014,-1.0223461389541626,0.15063242614269257,0.16528242826461792,-0.0,0.0,-0.003129746997728944,0.0,-1.802769020761534e-15,0.0001164908628814576,0.0008091386497527941,8.345270527865267e-05
1788436472.856226,-1.0223461389541626,0.15063242614269257,0.16528242826461792,-0.0,0.0,-0.0038221688009798527,0.0,-1.802769020761534e-15,0.0001164908628814576,0.0008091386497527941,8.345270527865267e-05
1788436472.8661726,-1.0223461389541626,0.15063242614269257,0.16528242826461792,-0.0,0.0,-0.004354801028966904,0.0,-1.802769020761534e-15,0.0001164908628814576,0.0008091386497527941,8.345270527865267e-05
1788436472.876491,-1.0223461389541626,0.15063242614269257,0.16528242826461792,-0.0,0.0,-0.004354801028966904,0.0,-1.802769020761534e-15,0.0001164908628814576,0.0008091386497527941,8.345270527865267e-05
1788436472.8863938,-1.0223461389541626,0.15063242614269257,0.16528242826461792,-0.0,0.0,-0.004993959795683622,0.0,-1.802769020761534e-15,0.0001164908628814576,0.0008091386497527941,8.345270527865267e-05
1788436472.8961866,-1.0223461389541626,0.15063242614269257,0.16528242826461792,-0.0,0.0,-0.004514590837061405,0.0,-1.802769020761534e-15,0.0001164908628814576,0.0008091386497527941,8.345270527865267e-05
1788436472.907434,-1.0223461389541626,0.15063242614269257,0.16528242826461792,-0.0,0.0,-0.004514590837061405,0.0,-1.802769020761534e-15,0.0001164908628814576,0.0008091386497527941,8.345270527865267e-05
1788436472.9161456,-1.0223461389541626,0.15063242614269257,0.16528242826461792,-0.0,0.0,-0.003209641668945551,0.0,-1.802769020761534e-15,0.0001164908628814576,0.0008091386497527941,8.345270527865267e-05
1788436472.9273763,-1.0223461389541626,0.15063242614269257,0.16528242826461792,-0.0,0.0,-0.003582484321668744,0.0,-1.802769020761534e-15,0.0001164908628814576,0.0008091386497527941,8.345270527865267e-05
1788436472.9361205,-1.0223461389541626,0.15063242614269257,0.16528242826461792,-0.0,0.0,-0.0039020637050271034,0.0,-1.802769020761534e-15,0.0001164908628814576,0.0008091386497527941,8.345270527865267e-05
1788436472.9475937,-1.0223461389541626,0.15063242614269257,0.16528242826461792,-0.0,0.0,-0.0039020637050271034,0.0,-1.802769020761534e-15,0.0001164908628814576,0.0008091386497527941,8.345270527865267e-05
1788436472.9561982,-1.0226157903671265,0.15207424759864807,0.16626307368278503,-0.0,0.0,-0.0049673281610012054,0.0,-1.802769020761534e-15,0.00041838648396952394,-0.0004389358389986775,0.0009806467618713732
1788436472.9685287,-1.0226157903671265,0.15207424759864807,0.16626307368278503,-0.0,0.0,-0.0049673281610012054,0.0,-1.802769020761534e-15,0.00041838648396952394,-0.0004389358389986775,0.0009806467618713732
1788436472.9763026,-1.0226157903671265,0.15207424759864807,0.16626307368278503,-0.0,0.0,-0.004461327567696571,0.0,-1.802769020761534e-15,0.00041838648396952394,-0.0004389358389986775,0.0009806467618713732
1788436472.9872394,-1.0226157903671265,0.15207424759864807,0.16626307368278503,-0.0,0.0,-0.0049406965263187885,0.0,-1.802769020761534e-15,0.00041838648396952394,-0.0004389358389986775,0.0009806467618713732
1788436472.9961636,-1.0226157903671265,0.15207424759864807,0.16626307368278503,-0.0,0.0,-0.0044080642983317375,0.0,-1.802769020761534e-15,0.00041838648396952394,-0.0004389358389986775,0.0009806467618713732
1788436473.0071676,-1.0226157903671265,0.15207424759864807,0.16626307368278503,-0.0,0.0,-0.0044080642983317375,0.0,-1.802769020761534e-15,0.00041838648396952394,-0.0004389358389986775,0.0009806467618713732
1788436473.0162842,-1.0226157903671265,0.15207424759864807,0.16626307368278503,-0.0,0.0,-0.0034493261482566595,0.0,-1.802769020761534e-15,0.00041838648396952394,-0.0004389358389986775,0.0009806467618713732
1788436473.0261714,-1.0226157903671265,0.15207424759864807,0.16626307368278503,-0.0,0.0,0.00011047186853829771,0.0,-1.802769020761534e-15,0.00041838648396952394,-0.0004389358389986775,0.0009806467618713732
1788436473.0385022,-1.0226157903671265,0.15207424759864807,0.16626307368278503,-0.0,0.0,0.00011047186853829771,0.0,-1.802769020761534e-15,0.00041838648396952394,-0.0004389358389986775,0.0009806467618713732
1788436473.0464034,-1.0220773220062256,0.15280529856681824,0.16684019565582275,-0.0,0.0,-1.3848437447450124e-05,0.0,-1.802769020761534e-15,-0.000450448962598049,-0.00014116024608745725,0.0005771219304340214
1788436473.0561583,-1.0220773220062256,0.15280529856681824,0.16684019565582275,-0.0,0.0,-0.0024639565963298082,0.0,-1.802769020761534e-15,-0.000450448962598049,-0.00014116024608745725,0.0005771219304340214
1788436473.0663998,-1.0220773220062256,0.15280529856681824,0.16684019565582275,-0.0,0.0,-0.0024639565963298082,0.0,-1.802769020761534e-15,-0.000450448962598049,-0.00014116024608745725,0.0005771219304340214
1788436473.076341,-1.0220773220062256,0.15280529856681824,0.16684019565582275,-0.0,0.0,-0.0021177458111196756,0.0,-1.802769020761534e-15,-0.000450448962598049,-0.00014116024608745725,0.0005771219304340214
1788436473.0863268,-1.0220773220062256,0.15280529856681824,0.16684019565582275,-0.0,0.0,-0.0028634308837354183,0.0,-1.802769020761534e-15,-0.000450448962598049,-0.00014116024608745725,0.0005771219304340214
1788436473.0962763,-1.0220773220062256,0.15280529856681824,0.16684019565582275,-0.0,0.0,-0.0028634308837354183,0.0,-1.802769020761534e-15,-0.000450448962598049,-0.00014116024608745725,0.0005771219304340214
1788436473.1061938,-1.0220773220062256,0.15280529856681824,0.16684019565582275,-0.0,0.0,-0.003715642262250185,0.0,-1.802769020761534e-15,-0.000450448962598049,-0.00014116024608745725,0.0005771219304340214
1788436473.1164308,-1.0220773220062256,0.15280529856681824,0.16684019565582275,-0.0,0.0,-0.003023220458999276,0.0,-1.802769020761534e-15,-0.000450448962598049,-0.00014116024608745725,0.0005771219304340214
1788436473.126525,-1.0220773220062256,0.15280529856681824,0.16684019565582275,-0.0,0.0,-0.003023220458999276,0.0,-1.802769020761534e-15,-0.000450448962598049,-0.00014116024608745725,0.0005771219304340214
1788436473.1364398,-1.0220773220062256,0.15280529856681824,0.16684019565582275,-0.0,0.0,-0.0028900625184178352,0.0,-1.802769020761534e-15,-0.000450448962598049,-0.00014116024608745725,0.0005771219304340214
1788436473.1462126,-1.0221542119979858,0.15122760832309723,0.16524727642536163,-0.0,0.0,-0.0033960631117224693,0.0,-1.802769020761534e-15,-0.00016538372057528505,-5.032948122157821e-05,-0.0015929245062844544
1788436473.156828,-1.0221542119979858,0.15122760832309723,0.16524727642536163,-0.0,0.0,-0.0012122709304094315,0.0,-1.802769020761534e-15,-0.00016538372057528505,-5.032948122157821e-05,-0.0015929245062844544
1788436473.1664264,-1.0221542119979858,0.15122760832309723,0.16524727642536163,-0.0,0.0,-0.0012122709304094315,0.0,-1.802769020761534e-15,-0.00016538372057528505,-5.032948122157821e-05,-0.0015929245062844544
1788436473.1799853,-1.0221542119979858,0.15122760832309723,0.16524727642536163,-0.0,0.0,-0.0017182715237140656,0.0,-1.802769020761534e-15,-0.00016538372057528505,-5.032948122157821e-05,-0.0015929245062844544
1788436473.1865113,-1.0221542119979858,0.15122760832309723,0.16524727642536163,-0.0,0.0,-0.003768905531615019,0.0,-1.802769020761534e-15,-0.00016538372057528505,-5.032948122157821e-05,-0.0015929245062844544
1788436473.1983848,-1.0221542119979858,0.15122760832309723,0.16524727642536163,-0.0,0.0,-0.004008590243756771,0.0,-1.802769020761534e-15,-0.00016538372057528505,-5.032948122157821e-05,-0.0015929245062844544
1788436473.2062044,-1.0221542119979858,0.15122760832309723,0.16524727642536163,-0.0,0.0,-0.0038488004356622696,0.0,-1.802769020761534e-15,-0.00016538372057528505,-5.032948122157821e-05,-0.0015929245062844544
1788436473.2168527,-1.0221542119979858,0.15122760832309723,0.16524727642536163,-0.0,0.0,-0.0033694314770400524,0.0,-1.802769020761534e-15,-0.00016538372057528505,-5.032948122157821e-05,-0.0015929245062844544
1788436473.227689,-1.0221542119979858,0.15122760832309723,0.16524727642536163,-0.0,0.0,-0.0033694314770400524,0.0,-1.802769020761534e-15,-0.00016538372057528505,-5.032948122157821e-05,-0.0015929245062844544
1788436473.2361686,-1.0221542119979858,0.15122760832309723,0.16524727642536163,-0.0,0.0,-0.0011323761427775025,0.0,-1.802769020761534e-15,-0.00016538372057528505,-5.032948122157821e-05,-0.0015929245062844544
1788436473.2461367,-1.0221542119979858,0.15122760832309723,0.16524727642536163,-0.0,0.0,-0.002064482541754842,0.0,-1.802769020761534e-15,-0.00016538372057528505,-5.032948122157821e-05,-0.0015929245062844544
1788436473.2563925,-1.022256851196289,0.15074673295021057,0.165126234292984,-0.0,0.0,-0.002064482541754842,0.0,-1.802769020761534e-15,8.440114933638831e-05,0.0003571379605387115,-0.00012104460926787297
1788436473.2661247,-1.022256851196289,0.15074673295021057,0.165126234292984,-0.0,0.0,-0.003715642262250185,0.0,-1.802769020761534e-15,8.440114933638831e-05,0.0003571379605387115,-0.00012104460926787297
1788436473.2761633,-1.022256851196289,0.15074673295021057,0.165126234292984,-0.0,0.0,-0.003609115956351161,0.0,-1.802769020761534e-15,8.440114933638831e-05,0.0003571379605387115,-0.00012104460926787297
1788436473.286159,-1.022256851196289,0.15074673295021057,0.165126234292984,-0.0,0.0,-0.0029166939202696085,0.0,-1.802769020761534e-15,8.440114933638831e-05,0.0003571379605387115,-0.00012104460926787297
1788436473.2961624,-1.022256851196289,0.15074673295021057,0.165126234292984,-0.0,0.0,-0.0044080642983317375,0.0,-1.802769020761534e-15,8.440114933638831e-05,0.0003571379605387115,-0.00012104460926787297
1788436473.3062272,-1.022256851196289,0.15074673295021057,0.165126234292984,-0.0,0.0,-0.003742273896932602,0.0,-1.802769020761534e-15,8.440114933638831e-05,0.0003571379605387115,-0.00012104460926787297
1788436473.3161688,-1.022256851196289,0.15074673295021057,0.165126234292984,-0.0,0.0,-0.0034759577829390764,0.0,-1.802769020761534e-15,8.440114933638831e-05,0.0003571379605387115,-0.00012104460926787297
1788436473.3266604,-1.022256851196289,0.15074673295021057,0.165126234292984,-0.0,0.0,-0.008056594990193844,0.0,-1.802769020761534e-15,8.440114933638831e-05,0.0003571379605387115,-0.00012104460926787297
1788436473.336237,-1.022256851196289,0.15074673295021057,0.165126234292984,-0.0,0.0,-0.008775648660957813,0.0,-1.802769020761534e-15,8.440114933638831e-05,0.0003571379605387115,-0.00012104460926787297
1788436473.3461719,-1.0223034620285034,0.1515675187110901,0.16511330008506775,-0.0,0.0,-0.008775648660957813,0.0,-1.802769020761534e-15,4.460755710988806e-05,-0.0008340039505645991,-1.2929067012557027e-05
1788436473.3563318,-1.0223034620285034,0.1515675187110901,0.16511330008506775,-0.0,0.0,-0.008775648660957813,0.0,-1.802769020761534e-15,4.460755710988806e-05,-0.0008340039505645991,-1.2929067012557027e-05
1788436473.366273,-1.0223034620285034,0.1515675187110901,0.16511330008506775,-0.0,0.0,-0.004860801622271538,0.0,-1.802769020761534e-15,4.460755710988806e-05,-0.0008340039505645991,-1.2929067012557027e-05
1788436473.3820646,-1.0223034620285034,0.1515675187110901,0.16511330008506775,-0.0,0.0,-0.004860801622271538,0.0,-1.802769020761534e-15,4.460755710988806e-05,-0.0008340039505645991,-1.2929067012557027e-05
1788436473.3893843,-1.0223034620285034,0.1515675187110901,0.16511330008506775,-0.0,0.0,-0.003662379225715995,0.0,-1.802769020761534e-15,4.460755710988806e-05,-0.0008340039505645991,-1.2929067012557027e-05
1788436473.396211,-1.0223034620285034,0.1515675187110901,0.16511330008506775,-0.0,0.0,-0.0034493261482566595,0.0,-1.802769020761534e-15,4.460755710988806e-05,-0.0008340039505645991,-1.2929067012557027e-05
1788436473.4062803,-1.0223034620285034,0.1515675187110901,0.16511330008506775,-0.0,0.0,-0.0034226947464048862,0.0,-1.802769020761534e-15,4.460755710988806e-05,-0.0008340039505645991,-1.2929067012557027e-05
1788436473.416503,-1.0223034620285034,0.1515675187110901,0.16511330008506775,-0.0,0.0,-0.0034226947464048862,0.0,-1.802769020761534e-15,4.460755710988806e-05,-0.0008340039505645991,-1.2929067012557027e-05
1788436473.4297464,-1.0223034620285034,0.1515675187110901,0.16511330008506775,-0.0,0.0,0.0011214867699891329,0.0,-1.802769020761534e-15,4.460755710988806e-05,-0.0008340039505645991,-1.2929067012557027e-05
1788436473.4361727,-1.0223034620285034,0.1515675187110901,0.16511330008506775,-0.0,0.0,0.001565346959978342,0.0,-1.802769020761534e-15,4.460755710988806e-05,-0.0008340039505645991,-1.2929067012557027e-05
1788436473.446747,-1.0222638845443726,0.1509031057357788,0.1654948890209198,-0.0,0.0,0.0005543320439755917,0.0,-1.802769020761534e-15,1.7982158692309014e-05,0.0010545141949292458,0.00038159418693961555
1788436473.4582386,-1.0222638845443726,0.1509031057357788,0.1654948890209198,-0.0,0.0,0.0005543320439755917,0.0,-1.802769020761534e-15,1.7982158692309014e-05,0.0010545141949292458,0.00038159418693961555
1788436473.4663231,-1.0222638845443726,0.1509031057357788,0.1654948890209198,-0.0,0.0,-0.004381432663649321,0.0,-1.802769020761534e-15,1.7982158692309014e-05,0.0010545141949292458,0.00038159418693961555
1788436473.47631,-1.0222638845443726,0.1509031057357788,0.1654948890209198,-0.0,0.0,-0.004008590243756771,0.0,-1.802769020761534e-15,1.7982158692309014e-05,0.0010545141949292458,0.00038159418693961555
1788436473.4872465,-1.0222638845443726,0.1509031057357788,0.1654948890209198,-0.0,0.0,-0.004008590243756771,0.0,-1.802769020761534e-15,1.7982158692309014e-05,0.0010545141949292458,0.00038159418693961555
1788436473.496414,-1.0222638845443726,0.1509031057357788,0.1654948890209198,-0.0,0.0,-0.0039020637050271034,0.0,-1.802769020761534e-15,1.7982158692309014e-05,0.0010545141949292458,0.00038159418693961555
1788436473.506212,-1.0222638845443726,0.1509031057357788,0.1654948890209198,-0.0,0.0,-0.0038221688009798527,0.0,-1.802769020761534e-15,1.7982158692309014e-05,0.0010545141949292458,0.00038159418693961555
1788436473.5185008,-1.0222638845443726,0.1509031057357788,0.1654948890209198,-0.0,0.0,-0.0038221688009798527,0.0,-1.802769020761534e-15,1.7982158692309014e-05,0.0010545141949292458,0.00038159418693961555
1788436473.5287476,-1.0222638845443726,0.1509031057357788,0.1654948890209198,-0.0,0.0,-0.006352171767503023,0.0,-1.802769020761534e-15,1.7982158692309014e-05,0.0010545141949292458,0.00038159418693961555
1788436473.5367672,-1.0222638845443726,0.1509031057357788,0.1654948890209198,-0.0,0.0,-0.006219013594090939,0.0,-1.802769020761534e-15,1.7982158692309014e-05,0.0010545141949292458,0.00038159418693961555
1788436473.5463128,-1.0218366384506226,0.15258166193962097,0.16501088440418243,-0.0,0.0,-0.006219013594090939,0.0,-1.802769020761534e-15,-0.0005012112230020627,-0.0021731233079028134,-0.000484012318331839
1788436473.558496,-1.0218366384506226,0.15258166193962097,0.16501088440418243,-0.0,0.0,-0.00637880340218544,0.0,-1.802769020761534e-15,-0.0005012112230020627,-0.0021731233079028134,-0.000484012318331839
1788436473.5662303,-1.0218366384506226,0.15258166193962097,0.16501088440418243,-0.0,0.0,-0.004248274490237236,0.0,-1.802769020761534e-15,-0.0005012112230020627,-0.0021731233079028134,-0.000484012318331839
1788436473.5763195,-1.0218366384506226,0.15258166193962097,0.16501088440418243,-0.0,0.0,-0.004328169394284487,0.0,-1.802769020761534e-15,-0.0005012112230020627,-0.0021731233079028134,-0.000484012318331839
1788436473.5863955,-1.0218366384506226,0.15258166193962097,0.16501088440418243,-0.0,0.0,-0.007497331127524376,0.0,-1.802769020761534e-15,-0.0005012112230020627,-0.0021731233079028134,-0.000484012318331839
1788436473.5962245,-1.0218366384506226,0.15258166193962097,0.16501088440418243,-0.0,0.0,-0.00802996288985014,0.0,-1.802769020761534e-15,-0.0005012112230020627,-0.0021731233079028134,-0.000484012318331839
1788436473.6061394,-1.0218366384506226,0.15258166193962097,0.16501088440418243,-0.0,0.0,-0.00797670055180788,0.0,-1.802769020761534e-15,-0.0005012112230020627,-0.0021731233079028134,-0.000484012318331839
1788436473.6162038,-1.0218366384506226,0.15258166193962097,0.16501088440418243,-0.0,0.0,-0.00797670055180788,0.0,-1.802769020761534e-15,-0.0005012112230020627,-0.0021731233079028134,-0.000484012318331839
1788436473.626179,-1.0218366384506226,0.15258166193962097,0.16501088440418243,-0.0,0.0,0.00033240194898098707,0.0,-1.802769020761534e-15,-0.0005012112230020627,-0.0021731233079028134,-0.000484012318331839
1788436473.6366496,-1.0218366384506226,0.15258166193962097,0.16501088440418243,-0.0,0.0,-0.000360059377271682,0.0,-1.802769020761534e-15,-0.0005012112230020627,-0.0021731233079028134,-0.000484012318331839
1788436473.646541,-1.0234788656234741,0.15028691291809082,0.1642945408821106,-0.0,0.0,-0.000360059377271682,0.0,-1.802769020761534e-15,0.0015342551951960104,0.001561635470071876,-0.0007163371405747299
1788436473.6582074,-1.0234788656234741,0.15028691291809082,0.1642945408821106,-0.0,0.0,-0.004061853513121605,0.0,-1.802769020761534e-15,0.0015342551951960104,0.001561635470071876,-0.0007163371405747299
1788436473.6661682,-1.0234788656234741,0.15028691291809082,0.1642945408821106,-0.0,0.0,-0.004008590243756771,0.0,-1.802769020761534e-15,0.0015342551951960104,0.001561635470071876,-0.0007163371405747299
1788436473.677377,-1.0234788656234741,0.15028691291809082,0.1642945408821106,-0.0,0.0,-0.004168379586189985,0.0,-1.802769020761534e-15,0.0015342551951960104,0.001561635470071876,-0.0007163371405747299
1788436473.6874917,-1.0234788656234741,0.15028691291809082,0.1642945408821106,-0.0,0.0,-0.004168379586189985,0.0,-1.802769020761534e-15,0.0015342551951960104,0.001561635470071876,-0.0007163371405747299
1788436473.6961644,-1.0234788656234741,0.15028691291809082,0.1642945408821106,-0.0,0.0,-0.0012389025650918484,0.0,-1.802769020761534e-15,0.0015342551951960104,0.001561635470071876,-0.0007163371405747299
1788436473.706253,-1.0234788656234741,0.15028691291809082,0.1642945408821106,-0.0,0.0,-0.0012389025650918484,0.0,-1.802769020761534e-15,0.0015342551951960104,0.001561635470071876,-0.0007163371405747299
1788436473.7161272,-1.0234788656234741,0.15028691291809082,0.1642945408821106,-0.0,0.0,-0.003662379225715995,0.0,-1.802769020761534e-15,0.0015342551951960104,0.001561635470071876,-0.0007163371405747299
1788436473.7261617,-1.0234788656234741,0.15028691291809082,0.1642945408821106,-0.0,0.0,-0.004567854106426239,0.0,-1.802769020761534e-15,0.0015342551951960104,0.001561635470071876,-0.0007163371405747299
1788436473.7383714,-1.0234788656234741,0.15028691291809082,0.1642945408821106,-0.0,0.0,-0.004993959795683622,0.0,-1.802769020761534e-15,0.0015342551951960104,0.001561635470071876,-0.0007163371405747299
1788436473.7461517,-1.02095365524292,0.15118999779224396,0.16520708799362183,-0.0,0.0,-0.004914064891636372,0.0,-1.802769020761534e-15,-0.0023876573614738383,2.8641503255544265e-05,0.0009125435882983979
1788436473.7561936,-1.02095365524292,0.15118999779224396,0.16520708799362183,-0.0,0.0,-0.003129746997728944,0.0,-1.802769020761534e-15,-0.0023876573614738383,2.8641503255544265e-05,0.0009125435882983979
1788436473.7662811,-1.02095365524292,0.15118999779224396,0.16520708799362183,-0.0,0.0,-0.0024639565963298082,0.0,-1.802769020761534e-15,-0.0023876573614738383,2.8641503255544265e-05,0.0009125435882983979
1788436473.776434,-1.02095365524292,0.15118999779224396,0.16520708799362183,-0.0,0.0,-0.0024639565963298082,0.0,-1.802769020761534e-15,-0.0023876573614738383,2.8641503255544265e-05,0.0009125435882983979
1788436473.7865732,-1.02095365524292,0.15118999779224396,0.16520708799362183,-0.0,0.0,-0.003129746997728944,0.0,-1.802769020761534e-15,-0.0023876573614738383,2.8641503255544265e-05,0.0009125435882983979
1788436473.7962837,-1.02095365524292,0.15118999779224396,0.16520708799362183,-0.0,0.0,-0.003742273896932602,0.0,-1.802769020761534e-15,-0.0023876573614738383,2.8641503255544265e-05,0.0009125435882983979
1788436473.8062725,-1.02095365524292,0.15118999779224396,0.16520708799362183,-0.0,0.0,-0.003742273896932602,0.0,-1.802769020761534e-15,-0.0023876573614738383,2.8641503255544265e-05,0.0009125435882983979
1788436473.8161662,-1.02095365524292,0.15118999779224396,0.16520708799362183,-0.0,0.0,-0.002543851500377059,0.0,-1.802769020761534e-15,-0.0023876573614738383,2.8641503255544265e-05,0.0009125435882983979
1788436473.826163,-1.02095365524292,0.15118999779224396,0.16520708799362183,-0.0,0.0,-0.003609115956351161,0.0,-1.802769020761534e-15,-0.0023876573614738383,2.8641503255544265e-05,0.0009125435882983979
1788436473.838035,-1.02095365524292,0.15118999779224396,0.16520708799362183,-0.0,0.0,-0.003609115956351161,0.0,-1.802769020761534e-15,-0.0023876573614738383,2.8641503255544265e-05,0.0009125435882983979
1788436473.846111,-1.022805094718933,0.15340842306613922,0.1658390909433365,-0.0,0.0,-0.0046477485448122025,0.0,-1.802769020761534e-15,0.0019482721127206393,-0.0015719837478138654,0.0006320008905413843
1788436473.856235,-1.022805094718933,0.15340842306613922,0.1658390909433365,-0.0,0.0,-0.004780906718224287,0.0,-1.802769020761534e-15,0.0019482721127206393,-0.0015719837478138654,0.0006320008905413843
1788436473.8663852,-1.022805094718933,0.15340842306613922,0.1658390909433365,-0.0,0.0,-0.004780906718224287,0.0,-1.802769020761534e-15,0.0019482721127206393,-0.0015719837478138654,0.0006320008905413843
1788436473.877459,-1.022805094718933,0.15340842306613922,0.1658390909433365,-0.0,0.0,-0.004354801028966904,0.0,-1.802769020761534e-15,0.0019482721127206393,-0.0015719837478138654,0.0006320008905413843
1788436473.8861587,-1.022805094718933,0.15340842306613922,0.1658390909433365,-0.0,0.0,-0.003768905531615019,0.0,-1.802769020761534e-15,0.0019482721127206393,-0.0015719837478138654,0.0006320008905413843
1788436473.8973997,-1.022805094718933,0.15340842306613922,0.1658390909433365,-0.0,0.0,-0.003768905531615019,0.0,-1.802769020761534e-15,0.0019482721127206393,-0.0015719837478138654,0.0006320008905413843
1788436473.906117,-1.022805094718933,0.15340842306613922,0.1658390909433365,-0.0,0.0,-0.0035025894176214933,0.0,-1.802769020761534e-15,0.0019482721127206393,-0.0015719837478138654,0.0006320008905413843
1788436473.9163837,-1.022805094718933,0.15340842306613922,0.1658390909433365,-0.0,0.0,-0.0035025894176214933,0.0,-1.802769020761534e-15,0.0019482721127206393,-0.0015719837478138654,0.0006320008905413843
1788436473.9270663,-1.022805094718933,0.15340842306613922,0.1658390909433365,-0.0,0.0,-0.002543851500377059,0.0,-1.802769020761534e-15,0.0019482721127206393,-0.0015719837478138654,0.0006320008905413843
1788436473.9364202,-1.022805094718933,0.15340842306613922,0.1658390909433365,-0.0,0.0,-0.004035221878439188,0.0,-1.802769020761534e-15,0.0019482721127206393,-0.0015719837478138654,0.0006320008905413843
1788436473.9466252,-1.0229946374893188,0.1498621553182602,0.1647929698228836,-0.0,0.0,-0.004035221878439188,0.0,-1.802769020761534e-15,3.2129659598201243e-05,0.002476180878319134,-0.001046117359632781
1788436473.95741,-1.0229946374893188,0.1498621553182602,0.1647929698228836,-0.0,0.0,-0.0035292210523039103,0.0,-1.802769020761534e-15,3.2129659598201243e-05,0.002476180878319134,-0.001046117359632781
1788436473.966244,-1.0229946374893188,0.1498621553182602,0.1647929698228836,-0.0,0.0,-0.0019046928500756621,0.0,-1.802769020761534e-15,3.2129659598201243e-05,0.002476180878319134,-0.001046117359632781
1788436473.9761043,-1.0229946374893188,0.1498621553182602,0.1647929698228836,-0.0,0.0,-0.002517219865694642,0.0,-1.802769020761534e-15,3.2129659598201243e-05,0.002476180878319134,-0.001046117359632781
1788436473.9886894,-1.0229946374893188,0.1498621553182602,0.1647929698228836,-0.0,0.0,-0.002517219865694642,0.0,-1.802769020761534e-15,3.2129659598201243e-05,0.002476180878319134,-0.001046117359632781
1788436473.9962313,-1.0229946374893188,0.1498621553182602,0.1647929698228836,-0.0,0.0,-0.005260275676846504,0.0,-1.802769020761534e-15,3.2129659598201243e-05,0.002476180878319134,-0.001046117359632781
1788436474.0064716,-1.0229946374893188,0.1498621553182602,0.1647929698228836,-0.0,0.0,-0.005260275676846504,0.0,-1.802769020761534e-15,3.2129659598201243e-05,0.002476180878319134,-0.001046117359632781
1788436474.0176225,-1.0229946374893188,0.1498621553182602,0.1647929698228836,-0.0,0.0,-0.0038221688009798527,0.0,-1.802769020761534e-15,3.2129659598201243e-05,0.002476180878319134,-0.001046117359632781
1788436474.0263278,-1.0229946374893188,0.1498621553182602,0.1647929698228836,-0.0,0.0,-0.0024373249616473913,0.0,-1.802769020761534e-15,3.2129659598201243e-05,0.002476180878319134,-0.001046117359632781
1788436474.0385518,-1.0229946374893188,0.1498621553182602,0.1647929698228836,-0.0,0.0,-0.0024373249616473913,0.0,-1.802769020761534e-15,3.2129659598201243e-05,0.002476180878319134,-0.001046117359632781
1788436474.0461824,-1.0229946374893188,0.1498621553182602,0.1647929698228836,-0.0,0.0,-0.0029166939202696085,0.0,-1.802769020761534e-15,3.2129659598201243e-05,0.002476180878319134,-0.001046117359632781
1788436474.056271,-1.0229946374893188,0.1498621553182602,0.1647929698228836,-0.0,0.0,-0.004887433256953955,0.0,-1.802769020761534e-15,3.2129659598201243e-05,0.002476180878319134,-0.001046117359632781
1788436474.066293,-1.022344946861267,0.1504003256559372,0.16557323932647705,-0.0,0.0,-0.004887433256953955,0.0,-1.802769020761534e-15,-0.0005326358792434593,0.00025959162228783583,0.000780271848295655
1788436474.0761578,-1.022344946861267,0.1504003256559372,0.16557323932647705,-0.0,0.0,-0.0029433255549520254,0.0,-1.802769020761534e-15,-0.0005326358792434593,0.00025959162228783583,0.000780271848295655
1788436474.086187,-1.022344946861267,0.1504003256559372,0.16557323932647705,-0.0,0.0,-0.0035292210523039103,0.0,-1.802769020761534e-15,-0.0005326358792434593,0.00025959162228783583,0.000780271848295655
1788436474.0967214,-1.022344946861267,0.1504003256559372,0.16557323932647705,-0.0,0.0,-0.003609115956351161,0.0,-1.802769020761534e-15,-0.0005326358792434593,0.00025959162228783583,0.000780271848295655
1788436474.1084151,-1.022344946861267,0.1504003256559372,0.16557323932647705,-0.0,0.0,-0.003609115956351161,0.0,-1.802769020761534e-15,-0.0005326358792434593,0.00025959162228783583,0.000780271848295655
1788436474.119807,-1.022344946861267,0.1504003256559372,0.16557323932647705,-0.0,0.0,-0.0022242721170186996,0.0,-1.802769020761534e-15,-0.0005326358792434593,0.00025959162228783583,0.000780271848295655
1788436474.1262238,-1.022344946861267,0.1504003256559372,0.16557323932647705,-0.0,0.0,-0.0022242721170186996,0.0,-1.802769020761534e-15,-0.0005326358792434593,0.00025959162228783583,0.000780271848295655
1788436474.1362267,-1.022344946861267,0.1504003256559372,0.16557323932647705,-0.0,0.0,-0.003049852093681693,0.0,-1.802769020761534e-15,-0.0005326358792434593,0.00025959162228783583,0.000780271848295655
1788436474.1493793,-1.022344946861267,0.1504003256559372,0.16557323932647705,-0.0,0.0,-0.0026770094409585,0.0,-1.802769020761534e-15,-0.0005326358792434593,0.00025959162228783583,0.000780271848295655
1788436474.1561604,-1.0232791900634766,0.15016967058181763,0.1646287739276886,-0.0,0.0,-0.0011590076610445976,0.0,-1.802769020761534e-15,0.0007919349028517875,-0.0007357406523811894,-0.0009444657672359469
1788436474.1664512,-1.0232791900634766,0.15016967058181763,0.1646287739276886,-0.0,0.0,-0.0017715347930788994,0.0,-1.802769020761534e-15,0.0007919349028517875,-0.0007357406523811894,-0.0009444657672359469
1788436474.1825163,-1.0232791900634766,0.15016967058181763,0.1646287739276886,-0.0,0.0,-0.0017715347930788994,0.0,-1.802769020761534e-15,0.0007919349028517875,-0.0007357406523811894,-0.0009444657672359469
1788436474.186173,-1.0232791900634766,0.15016967058181763,0.1646287739276886,-0.0,0.0,-0.004221642855554819,0.0,-1.802769020761534e-15,0.0007919349028517875,-0.0007357406523811894,-0.0009444657672359469
1788436474.1962583,-1.0232791900634766,0.15016967058181763,0.1646287739276886,-0.0,0.0,-0.004221642855554819,0.0,-1.802769020761534e-15,0.0007919349028517875,-0.0007357406523811894,-0.0009444657672359469
1788436474.2067647,-1.0232791900634766,0.15016967058181763,0.1646287739276886,-0.0,0.0,-0.004195011220872402,0.0,-1.802769020761534e-15,0.0007919349028517875,-0.0007357406523811894,-0.0009444657672359469
1788436474.2163222,-1.0232791900634766,0.15016967058181763,0.1646287739276886,-0.0,0.0,-0.004274906124919653,0.0,-1.802769020761534e-15,0.0007919349028517875,-0.0007357406523811894,-0.0009444657672359469
1788436474.2262397,-1.0232791900634766,0.15016967058181763,0.1646287739276886,-0.0,0.0,-0.003236273303627968,0.0,-1.802769020761534e-15,0.0007919349028517875,-0.0007357406523811894,-0.0009444657672359469
1788436474.2361705,-1.0232791900634766,0.15016967058181763,0.1646287739276886,-0.0,0.0,-0.003689010627567768,0.0,-1.802769020761534e-15,0.0007919349028517875,-0.0007357406523811894,-0.0009444657672359469
1788436474.2468379,-1.0223013162612915,0.1489846259355545,0.1648186445236206,-0.0,0.0,-0.003555852686986327,0.0,-1.802769020761534e-15,-0.0009495609876895017,0.0013791514533800786,0.0001898613753081868
1788436474.256523,-1.0223013162612915,0.1489846259355545,0.1648186445236206,-0.0,0.0,-0.003555852686986327,0.0,-1.802769020761534e-15,-0.0009495609876895017,0.0013791514533800786,0.0001898613753081868
1788436474.2661672,-1.0223013162612915,0.1489846259355545,0.1648186445236206,-0.0,0.0,-0.0028634308837354183,0.0,-1.802769020761534e-15,-0.0009495609876895017,0.0013791514533800786,0.0001898613753081868
1788436474.27687,-1.0223013162612915,0.1489846259355545,0.1648186445236206,-0.0,0.0,-0.0023307986557483673,0.0,-1.802769020761534e-15,-0.0009495609876895017,0.0013791514533800786,0.0001898613753081868
1788436474.2861753,-1.0223013162612915,0.1489846259355545,0.1648186445236206,-0.0,0.0,-0.0023840616922825575,0.0,-1.802769020761534e-15,-0.0009495609876895017,0.0013791514533800786,0.0001898613753081868
1788436474.2963443,-1.0223013162612915,0.1489846259355545,0.1648186445236206,-0.0,0.0,-0.0023840616922825575,0.0,-1.802769020761534e-15,-0.0009495609876895017,0.0013791514533800786,0.0001898613753081868
1788436474.3062408,-1.0223013162612915,0.1489846259355545,0.1648186445236206,-0.0,0.0,-0.0027569043450057507,0.0,-1.802769020761534e-15,-0.0009495609876895017,0.0013791514533800786,0.0001898613753081868
1788436474.3174417,-1.0223013162612915,0.1489846259355545,0.1648186445236206,-0.0,0.0,-0.0027569043450057507,0.0,-1.802769020761534e-15,-0.0009495609876895017,0.0013791514533800786,0.0001898613753081868
1788436474.3264458,-1.0223013162612915,0.1489846259355545,0.1648186445236206,-0.0,0.0,-0.003635747591033578,0.0,-1.802769020761534e-15,-0.0009495609876895017,0.0013791514533800786,0.0001898613753081868
1788436474.3363984,-1.0223013162612915,0.1489846259355545,0.1648186445236206,-0.0,0.0,-0.0026770094409585,0.0,-1.802769020761534e-15,-0.0009495609876895017,0.0013791514533800786,0.0001898613753081868
1788436474.346376,-1.022141456604004,0.14969344437122345,0.1650635302066803,-0.0,0.0,-0.0026770094409585,0.0,-1.802769020761534e-15,-0.00012319720414177837,-0.0004585005827826283,0.0002448900683234001
1788436474.3582566,-1.022141456604004,0.14969344437122345,0.1650635302066803,-0.0,0.0,-0.003103115363046527,0.0,-1.802769020761534e-15,-0.00012319720414177837,-0.0004585005827826283,0.0002448900683234001
1788436474.3662088,-1.022141456604004,0.14969344437122345,0.1650635302066803,-0.0,0.0,-0.002570483135059476,0.0,-1.802769020761534e-15,-0.00012319720414177837,-0.0004585005827826283,0.0002448900683234001
1788436474.3763893,-1.022141456604004,0.14969344437122345,0.1650635302066803,-0.0,0.0,-0.0012122709304094315,0.0,-1.802769020761534e-15,-0.00012319720414177837,-0.0004585005827826283,0.0002448900683234001
1788436474.3862216,-1.022141456604004,0.14969344437122345,0.1650635302066803,-0.0,0.0,-0.0012122709304094315,0.0,-1.802769020761534e-15,-0.00012319720414177837,-0.0004585005827826283,0.0002448900683234001
1788436474.3964248,-1.022141456604004,0.14969344437122345,0.1650635302066803,-0.0,0.0,-0.0021976404823362827,0.0,-1.802769020761534e-15,-0.00012319720414177837,-0.0004585005827826283,0.0002448900683234001
1788436474.408526,-1.022141456604004,0.14969344437122345,0.1650635302066803,-0.0,0.0,-0.0021976404823362827,0.0,-1.802769020761534e-15,-0.00012319720414177837,-0.0004585005827826283,0.0002448900683234001
1788436474.4169276,-1.022141456604004,0.14969344437122345,0.1650635302066803,-0.0,0.0,-0.0034759577829390764,0.0,-1.802769020761534e-15,-0.00012319720414177837,-0.0004585005827826283,0.0002448900683234001
1788436474.4261167,-1.022141456604004,0.14969344437122345,0.1650635302066803,-0.0,0.0,-0.003183010034263134,0.0,-1.802769020761534e-15,-0.00012319720414177837,-0.0004585005827826283,0.0002448900683234001
1788436474.4362402,-1.022141456604004,0.14969344437122345,0.1650635302066803,-0.0,0.0,-0.003183010034263134,0.0,-1.802769020761534e-15,-0.00012319720414177837,-0.0004585005827826283,0.0002448900683234001
1788436474.4461477,-1.0233184099197388,0.15020692348480225,0.1646679937839508,-0.0,0.0,-0.0035292210523039103,0.0,-1.802769020761534e-15,0.0011173980928693705,-0.000918225295414965,-0.0003955341119121769
1788436474.456317,-1.0233184099197388,0.15020692348480225,0.1646679937839508,-0.0,0.0,-0.0035292210523039103,0.0,-1.802769020761534e-15,0.0011173980928693705,-0.000918225295414965,-0.0003955341119121769
1788436474.466497,-1.0233184099197388,0.15020692348480225,0.1646679937839508,-0.0,0.0,-0.002543851500377059,0.0,-1.802769020761534e-15,0.0011173980928693705,-0.000918225295414965,-0.0003955341119121769
1788436474.4775863,-1.0233184099197388,0.15020692348480225,0.1646679937839508,-0.0,0.0,-0.001984587637707591,0.0,-1.802769020761534e-15,0.0011173980928693705,-0.000918225295414965,-0.0003955341119121769
1788436474.48622,-1.0233184099197388,0.15020692348480225,0.1646679937839508,-0.0,0.0,-0.003129746997728944,0.0,-1.802769020761534e-15,0.0011173980928693705,-0.000918225295414965,-0.0003955341119121769
1788436474.4963043,-1.0233184099197388,0.15020692348480225,0.1646679937839508,-0.0,0.0,-0.00307648372836411,0.0,-1.802769020761534e-15,0.0011173980928693705,-0.000918225295414965,-0.0003955341119121769
1788436474.5061643,-1.0233184099197388,0.15020692348480225,0.1646679937839508,-0.0,0.0,-0.0028101676143705845,0.0,-1.802769020761534e-15,0.0011173980928693705,-0.000918225295414965,-0.0003955341119121769
1788436474.5163379,-1.0233184099197388,0.15020692348480225,0.1646679937839508,-0.0,0.0,-0.0028101676143705845,0.0,-1.802769020761534e-15,0.0011173980928693705,-0.000918225295414965,-0.0003955341119121769
1788436474.526179,-1.0233184099197388,0.15020692348480225,0.1646679937839508,-0.0,0.0,-0.0028367992490530014,0.0,-1.802769020761534e-15,0.0011173980928693705,-0.000918225295414965,-0.0003955341119121769
1788436474.537492,-1.0233184099197388,0.15020692348480225,0.1646679937839508,-0.0,0.0,-0.0028367992490530014,0.0,-1.802769020761534e-15,0.0011173980928693705,-0.000918225295414965,-0.0003955341119121769
1788436474.5473049,-1.0229313373565674,0.15035001933574677,0.16494637727737427,-0.0,0.0,-0.0033960631117224693,0.0,-1.802769020761534e-15,-0.0003452848336698011,0.00014167886628496662,0.00027838335003593784
1788436474.5562162,-1.0229313373565674,0.15035001933574677,0.16494637727737427,-0.0,0.0,-0.004807538352906704,0.0,-1.802769020761534e-15,-0.0003452848336698011,0.00014167886628496662,0.00027838335003593784
1788436474.5662045,-1.0229313373565674,0.15035001933574677,0.16494637727737427,-0.0,0.0,-0.004674380179494619,0.0,-1.802769020761534e-15,-0.0003452848336698011,0.00014167886628496662,0.00027838335003593784
1788436474.57876,-1.0229313373565674,0.15035001933574677,0.16494637727737427,-0.0,0.0,-0.004674380179494619,0.0,-1.802769020761534e-15,-0.0003452848336698011,0.00014167886628496662,0.00027838335003593784
1788436474.5862625,-1.0229313373565674,0.15035001933574677,0.16494637727737427,-0.0,0.0,-0.005286907311528921,0.0,-1.802769020761534e-15,-0.0003452848336698011,0.00014167886628496662,0.00027838335003593784
1788436474.5961695,-1.0229313373565674,0.15035001933574677,0.16494637727737427,-0.0,0.0,-0.0033161682076752186,0.0,-1.802769020761534e-15,-0.0003452848336698011,0.00014167886628496662,0.00027838335003593784
1788436474.6081226,-1.0229313373565674,0.15035001933574677,0.16494637727737427,-0.0,0.0,-0.0033161682076752186,0.0,-1.802769020761534e-15,-0.0003452848336698011,0.00014167886628496662,0.00027838335003593784
1788436474.6162326,-1.0229313373565674,0.15035001933574677,0.16494637727737427,-0.0,0.0,-0.0044080642983317375,0.0,-1.802769020761534e-15,-0.0003452848336698011,0.00014167886628496662,0.00027838335003593784
