tick,time,v_ref,top,navigation,avoidance,safety,mission,source,x,y,position_valid
0,1789654099.025169134,0.000000000,0,1,0,3,0,1,0.000000000,0.000000000,0
1,1789654099.034131050,0.000000000,0,1,0,3,0,1,0.000000000,0.000000000,0
2,1789654099.044119358,0.000000000,0,1,0,3,0,1,0.000000000,0.000000000,0
3,1789654099.054130077,0.000000000,0,1,0,3,0,1,0.000000000,0.000000000,0
4,1789654099.064131260,0.000000000,0,1,0,3,0,1,0.000000000,0.000000000,0
5,1789654099.074126959,0.000000000,0,1,0,3,0,1,0.000000000,0.000000000,0
6,1789654099.084127426,0.000000000,0,1,0,3,0,1,0.000000000,0.000000000,0
7,1789654099.094123602,0.000000000,0,1,0,3,0,1,0.000000000,0.000000000,0
8,1789654099.104203463,0.000000000,0,1,0,3,0,1,0.000000000,0.000000000,0
9,1789654099.114130735,0.000000000,0,1,0,3,0,1,0.000000000,0.000000000,0
10,1789654099.124760628,0.000000000,0,1,0,3,0,1,0.000000000,0.000000000,0
11,1789654099.134134293,0.000000000,0,1,0,3,0,1,0.000000000,0.000000000,0
12,1789654099.144136429,0.000000000,0,1,0,3,0,1,0.000000000,0.000000000,0
13,1789654099.154124975,0.000000000,0,1,0,3,0,1,0.000000000,0.000000000,0
14,1789654099.164132833,0.000000000,0,1,0,3,0,1,0.000000000,0.000000000,0
15,1789654099.174133301,0.000000000,0,1,0,3,0,1,0.000000000,0.000000000,0
16,1789654099.184132814,0.000000000,0,1,0,3,0,1,0.000000000,0.000000000,0
17,1789654099.194136858,0.000000000,0,1,0,3,0,1,0.000000000,0.000000000,0
18,1789654099.204126120,0.000000000,0,1,0,3,0,1,0.000000000,0.000000000,0
19,1789654099.214133263,0.000000000,0,1,0,3,0,1,0.000000000,0.000000000,0
20,1789654099.224130392,0.000000000,0,1,0,3,0,1,0.000000000,0.000000000,0
21,1789654099.234128714,0.000000000,0,1,0,3,0,1,0.000000000,0.000000000,0
22,1789654099.244132280,0.000000000,0,1,0,3,0,1,0.000000000,0.000000000,0
23,1789654099.254144192,0.000000000,0,1,0,3,0,1,0.000000000,0.000000000,0
24,1789654099.264155865,0.000000000,0,1,0,3,0,1,0.000000000,0.000000000,0
25,1789654099.274539948,0.000000000,0,1,0,3,0,1,0.000000000,0.000000000,0
26,1789654099.284259319,0.000000000,0,1,0,3,0,1,0.000000000,0.000000000,0
27,1789654099.294136286,0.000000000,0,1,0,3,0,1,0.000000000,0.000000000,0
28,1789654099.304180145,0.000000000,0,1,0,3,0,1,0.000000000,0.000000000,0
29,1789654099.314126015,0.000000000,0,1,0,3,0,1,0.000000000,0.000000000,0
30,1789654099.326238155,0.000000000,0,1,0,3,0,1,0.000000000,0.000000000,0
31,1789654099.334129333,0.000000000,0,1,0,3,0,1,0.000000000,0.000000000,0
32,1789654099.348736525,0.000000000,0,1,0,3,0,1,0.000000000,0.000000000,0
33,1789654099.354135990,0.000000000,0,1,0,3,0,1,0.000000000,0.000000000,0
34,1789654099.364133835,0.000000000,0,1,0,3,0,1,0.000000000,0.000000000,0
35,1789654099.374141932,0.000000000,0,1,0,3,0,1,0.000000000,0.000000000,0
36,1789654099.384127855,0.000000000,0,1,0,3,0,1,0.000000000,0.000000000,0
37,1789654099.394133806,0.000000000,0,1,0,3,0,1,0.000000000,0.000000000,0
38,1789654099.404137135,0.000000000,0,1,0,3,0,1,0.000000000,0.000000000,0
39,1789654099.414128304,0.000000000,0,1,0,3,0,1,0.000000000,0.000000000,0
40,1789654099.425931931,0.000000000,0,1,0,3,0,1,0.000000000,0.000000000,0
41,1789654099.434152603,0.000000000,0,1,0,3,0,1,0.000000000,0.000000000,0
42,1789654099.444079399,0.000000000,0,1,0,3,0,1,0.000000000,0.000000000,0
43,1789654099.454129934,0.000000000,0,1,0,3,0,1,0.000000000,0.000000000,0
44,1789654099.464781761,0.000000000,0,1,0,3,0,1,0.000000000,0.000000000,0
45,1789654099.474131346,0.000000000,0,1,0,3,0,1,0.000000000,0.000000000,0
46,1789654099.484123945,0.000000000,0,1,0,3,0,1,0.000000000,0.000000000,0
47,1789654099.494128942,0.000000000,0,1,0,3,0,1,0.000000000,0.000000000,0
48,1789654099.504230261,0.000000000,0,1,0,3,0,1,0.000000000,0.000000000,0
49,1789654099.514126062,0.000000000,0,1,0,3,0,1,0.000000000,0.000000000,0
50,1789654099.524219751,0.000000000,0,1,0,3,0,1,0.000000000,0.000000000,0
51,1789654099.534140587,0.000000000,0,1,0,3,0,1,0.000000000,0.000000000,0
52,1789654099.544125557,0.000000000,0,1,0,3,0,1,0.000000000,0.000000000,0
53,1789654099.554112434,0.000000000,0,1,0,3,0,1,0.000000000,0.000000000,0
54,1789654099.564235449,0.000000000,0,1,0,3,0,1,0.000000000,0.000000000,0
55,1789654099.574345112,0.000000000,0,1,0,3,0,1,0.000000000,0.000000000,0
56,1789654099.584128857,0.000000000,0,1,0,3,0,1,0.000000000,0.000000000,0
57,1789654099.594116211,0.000000000,0,1,0,3,0,1,0.000000000,0.000000000,0
58,1789654099.604131937,0.000000000,0,1,0,3,0,1,0.000000000,0.000000000,0
59,1789654099.614112616,0.000000000,0,1,0,3,0,1,0.000000000,0.000000000,0
60,1789654099.624156475,0.000000000,0,1,0,3,0,1,0.000000000,0.000000000,0
61,1789654099.634114742,0.000000000,0,1,0,3,0,1,0.000000000,0.000000000,0
62,1789654099.644133806,0.000000000,0,1,0,3,0,1,0.000000000,0.000000000,0
63,1789654099.654113293,0.000000000,0,1,0,3,0,1,0.000000000,0.000000000,0
64,1789654099.664118290,0.000000000,0,1,0,3,0,1,0.000000000,0.000000000,0
65,1789654099.674136639,0.000000000,0,1,0,0,0,1,-3.125715910,-3.911042667,1
66,1789654099.684137106,0.000000000,0,1,0,0,0,1,-3.125715910,-3.911042667,1
67,1789654099.694106817,0.000000000,0,1,0,0,0,1,-3.125715910,-3.911042667,1
68,1789654099.704118967,0.000000000,0,1,0,0,0,1,-3.125715910,-3.911042667,1
69,1789654099.714109659,0.000000000,0,1,0,0,0,1,-3.125715910,-3.911042667,1
70,1789654099.724144459,0.000000000,0,1,0,0,0,1,-3.125715910,-3.911042667,1
71,1789654099.734144688,0.000000000,0,1,0,0,0,1,-3.125715910,-3.911042667,1
72,1789654099.744115353,0.000000000,0,1,0,0,0,1,-3.125715910,-3.911042667,1
73,1789654099.754135370,0.000000000,0,1,0,0,0,1,-3.125715910,-3.911042667,1
74,1789654099.764117479,0.000000000,0,1,0,0,0,1,-3.125715910,-3.911042667,1
75,1789654099.774130583,0.000000000,0,1,0,0,0,1,-3.125715910,-3.911042667,1
76,1789654099.784137964,0.000000000,0,1,0,0,0,1,-3.125715910,-3.911042667,1
77,1789654099.794120550,0.000000000,0,1,0,0,0,1,-3.125715910,-3.911042667,1
78,1789654099.804143429,0.000000000,0,1,0,0,0,1,-3.125715910,-3.911042667,1
79,1789654099.814136744,0.000000000,0,1,0,0,0,1,-3.125715910,-3.911042667,1
80,1789654099.824125290,0.000000000,0,1,0,0,0,1,-3.125715910,-3.911042667,1
81,1789654099.834133148,0.000000000,0,1,0,0,0,1,-3.125715910,-3.911042667,1
82,1789654099.844140530,0.000000000,0,1,0,0,0,1,-3.125715910,-3.911042667,1
83,1789654099.854164124,0.000000000,0,1,0,0,0,1,-3.125715910,-3.911042667,1
84,1789654099.864169836,0.000000000,0,1,0,0,0,1,-3.125715910,-3.911042667,1
85,1789654099.874134302,0.000000000,0,1,0,0,0,1,-3.125715910,-3.911042667,1
86,1789654099.884139299,0.000000000,0,1,0,0,0,1,-3.125715910,-3.911042667,1
87,1789654099.894131660,0.000000000,0,1,0,0,0,1,-3.125715910,-3.911042667,1
88,1789654099.904174328,0.000000000,0,1,0,0,0,1,-3.125715910,-3.911042667,1
89,1789654099.914133549,0.000000000,0,1,0,0,0,1,-3.125715910,-3.911042667,1
90,1789654099.924154282,0.000000000,0,1,0,0,0,1,-3.125715910,-3.911042667,1
91,1789654099.934136868,0.000000000,0,1,0,0,0,1,-3.125715910,-3.911042667,1
92,1789654099.944166660,0.000000000,0,1,0,0,0,1,-3.125715910,-3.911042667,1
93,1789654099.954169750,0.000000000,0,1,0,0,0,1,-3.125715910,-3.911042667,1
94,1789654099.964177132,0.000000000,0,1,0,0,0,1,-3.125715910,-3.911042667,1
95,1789654099.974118233,0.000000000,0,1,0,0,0,1,-3.125715910,-3.911042667,1
96,1789654099.984175205,0.000000000,0,1,0,0,0,1,-3.125715910,-3.911042667,1
97,1789654099.994114399,0.000000000,0,1,0,0,0,1,-3.125715910,-3.911042667,1
98,1789654100.004168034,0.000000000,0,1,0,0,0,1,-3.125715910,-3.911042667,1
99,1789654100.014135361,0.000000000,0,1,0,0,0,1,-3.125715910,-3.911042667,1
100,1789654100.024168015,0.000000000,0,1,0,0,0,1,-3.125715910,-3.911042667,1
101,1789654100.034132004,0.000000000,0,1,0,0,0,1,-3.125715910,-3.911042667,1
102,1789654100.044164896,0.000000000,0,1,0,0,0,1,-3.125715910,-3.911042667,1
103,1789654100.054165602,0.000000000,0,1,0,0,0,1,-3.125715910,-3.911042667,1
104,1789654100.064165354,0.000000000,0,1,0,0,0,1,-3.125715910,-3.911042667,1
105,1789654100.074129343,0.000000000,0,1,0,0,0,1,-3.110958045,-3.911042667,1
106,1789654100.084129095,0.000000000,0,1,0,0,0,1,-3.110958045,-3.911042667,1
107,1789654100.094141722,0.000000000,0,1,0,0,0,1,-3.110958045,-3.911042667,1
108,1789654100.104173660,0.000000000,0,1,0,0,0,1,-3.110958045,-3.911042667,1
109,1789654100.114174366,0.000000000,0,1,0,0,0,1,-3.110958045,-3.911042667,1
110,1789654100.124168634,0.000000000,0,1,0,0,0,1,-3.110958045,-3.911042667,1
111,1789654100.134135485,0.000000000,0,1,0,0,0,1,-3.110958045,-3.911042667,1
112,1789654100.144148588,0.000000000,0,1,0,0,0,1,-3.110958045,-3.911042667,1
113,1789654100.154126406,0.000000000,0,1,0,0,0,1,-3.110958045,-3.911042667,1
114,1789654100.164172173,0.000000000,0,1,0,0,0,1,-3.110958045,-3.911042667,1
115,1789654100.174129248,0.000000000,0,1,0,0,0,1,-3.110958045,-3.911042667,1
116,1789654100.184173107,0.000000000,0,1,0,0,0,1,-3.110958045,-3.911042667,1
117,1789654100.194124699,0.000000000,0,1,0,0,0,1,-3.110958045,-3.911042667,1
118,1789654100.204173326,0.000000000,0,1,0,0,0,1,-3.110958045,-3.911042667,1
119,1789654100.214164495,0.000000000,0,1,0,0,0,1,-3.110958045,-3.911042667,1
120,1789654100.224118948,0.000000000,0,1,0,0,0,1,-3.110958045,-3.911042667,1
121,1789654100.234127283,0.000000000,0,1,0,0,0,1,-3.110958045,-3.911042667,1
122,1789654100.244165182,0.000000000,0,1,0,0,0,1,-3.110958045,-3.911042667,1
123,1789654100.254167080,0.000000000,0,1,0,0,0,1,-3.110958045,-3.911042667,1
124,1789654100.264169216,0.000000000,0,1,0,0,0,1,-3.110958045,-3.911042667,1
125,1789654100.274178505,0.000000000,0,1,0,0,0,1,-3.125715910,-3.911042667,1
126,1789654100.284174681,0.000000000,0,1,0,0,0,1,-3.125715910,-3.911042667,1
127,1789654100.294130087,0.000000000,0,1,0,0,0,1,-3.125715910,-3.911042667,1
128,1789654100.304177999,0.000000000,0,1,0,0,0,1,-3.125715910,-3.911042667,1
129,1789654100.314136982,0.000000000,0,1,0,0,0,1,-3.125715910,-3.911042667,1
130,1789654100.324126005,0.000000000,0,1,0,0,0,1,-3.125715910,-3.911042667,1
131,1789654100.334134102,0.000000000,0,1,0,0,0,1,-3.125715910,-3.911042667,1
132,1789654100.344134092,0.000000000,0,1,0,0,0,1,-3.125715910,-3.911042667,1
133,1789654100.354174614,0.000000000,0,1,0,0,0,1,-3.125715910,-3.911042667,1
134,1789654100.364183664,0.000000000,0,1,0,0,0,1,-3.125715910,-3.911042667,1
135,1789654100.374127388,0.000000000,0,1,0,0,0,1,-3.125715910,-3.911042667,1
136,1789654100.384166956,0.000000000,0,1,0,0,0,1,-3.125715910,-3.911042667,1
137,1789654100.394127131,0.000000000,0,1,0,0,0,1,-3.125715910,-3.911042667,1
138,1789654100.404137611,0.000000000,0,1,0,0,0,1,-3.125715910,-3.911042667,1
139,1789654100.414161444,0.000000000,0,1,0,0,0,1,-3.125715910,-3.911042667,1
140,1789654100.424284220,0.000000000,0,1,0,0,0,1,-3.125715910,-3.911042667,1
141,1789654100.434130669,0.000000000,0,1,0,0,0,1,-3.125715910,-3.911042667,1
142,1789654100.444126606,0.000000000,0,1,0,0,0,1,-3.125715910,-3.911042667,1
143,1789654100.454168558,0.000000000,0,1,0,0,0,1,-3.125715910,-3.911042667,1
144,1789654100.464154959,0.000000000,0,1,0,0,0,1,-3.125715910,-3.911042667,1
145,1789654100.474120617,0.000000000,0,1,0,0,0,1,-3.125715910,-3.911042667,1
146,1789654100.484122276,0.000000000,0,1,0,0,0,1,-3.125715910,-3.911042667,1
147,1789654100.494118214,0.000000000,0,1,0,0,0,1,-3.125715910,-3.911042667,1
148,1789654100.504126549,0.000000000,0,1,0,0,0,1,-3.125715910,-3.911042667,1
149,1789654100.514132977,0.000000000,0,1,0,0,0,1,-3.125715910,-3.911042667,1
150,1789654100.524152517,0.000000000,0,1,0,0,0,1,-3.125715910,-3.911042667,1
151,1789654100.534166098,0.000000000,0,1,0,0,0,1,-3.125715910,-3.911042667,1
152,1789654100.544188261,0.000000000,0,1,0,0,0,1,-3.125715910,-3.911042667,1
153,1789654100.554130316,0.000000000,0,1,0,0,0,1,-3.125715910,-3.911042667,1
154,1789654100.564167500,0.000000000,0,1,0,0,0,1,-3.125715910,-3.911042667,1
155,1789654100.574125767,0.000000000,0,1,0,0,0,1,-3.125715910,-3.911042667,1
156,1789654100.584129572,0.000000000,0,1,0,0,0,1,-3.125715910,-3.911042667,1
157,1789654100.594111919,0.000000000,0,1,0,0,0,1,-3.125715910,-3.911042667,1
158,1789654100.604106903,0.000000000,0,1,0,0,0,1,-3.125715910,-3.911042667,1
159,1789654100.614125967,0.000000000,0,1,0,0,0,1,-3.125715910,-3.911042667,1
160,1789654100.624147415,0.000000000,0,1,0,0,0,1,-3.125715910,-3.911042667,1
161,1789654100.634144783,0.000000000,0,1,0,0,0,1,-3.125715910,-3.911042667,1
162,1789654100.644134760,0.000000000,0,1,0,0,0,1,-3.125715910,-3.911042667,1
163,1789654100.654192686,0.000000000,0,1,0,0,0,1,-3.125715910,-3.911042667,1
164,1789654100.664135695,0.000000000,0,1,0,0,0,1,-3.125715910,-3.911042667,1
165,1789654100.674115896,0.000000000,0,1,0,0,0,1,-3.125715910,-3.911042667,1
166,1789654100.684178114,0.000000000,0,1,0,0,0,1,-3.125715910,-3.911042667,1
167,1789654100.694114208,0.000000000,0,1,0,0,0,1,-3.125715910,-3.911042667,1
168,1789654100.704176188,0.000000000,0,1,0,0,0,1,-3.125715910,-3.911042667,1
169,1789654100.714148760,0.000000000,0,1,0,0,0,1,-3.125715910,-3.911042667,1
170,1789654100.724113941,0.000000000,0,1,0,0,0,1,-3.125715910,-3.911042667,1
171,1789654100.734217405,0.000000000,0,1,0,0,0,1,-3.125715910,-3.911042667,1
172,1789654100.744123936,0.000000000,0,1,0,0,0,1,-3.125715910,-3.911042667,1
173,1789654100.754137993,0.000000000,0,1,0,0,0,1,-3.125715910,-3.911042667,1
174,1789654100.764116287,0.000000000,0,1,0,0,0,1,-3.125715910,-3.911042667,1
175,1789654100.774109364,0.000000000,0,1,0,0,0,1,-3.125715910,-3.911042667,1
176,1789654100.784202576,0.000000000,0,1,0,0,0,1,-3.125715910,-3.911042667,1
177,1789654100.794184446,0.000000000,0,1,0,0,0,1,-3.125715910,-3.911042667,1
178,1789654100.804226398,0.000000000,0,1,0,0,0,1,-3.125715910,-3.911042667,1
179,1789654100.814157963,0.000000000,0,1,0,0,0,1,-3.125715910,-3.911042667,1
180,1789654100.824153900,0.000000000,0,1,0,0,0,1,-3.125715910,-3.911042667,1
181,1789654100.834125996,0.000000000,0,1,0,0,0,1,-3.125715910,-3.911042667,1
182,1789654100.844165087,0.000000000,0,1,0,0,0,1,-3.125715910,-3.911042667,1
183,1789654100.854157209,0.000000000,0,1,0,0,0,1,-3.125715910,-3.911042667,1
184,1789654100.864161015,0.000000000,0,1,0,0,0,1,-3.125715910,-3.911042667,1
185,1789654100.874131203,0.000000000,0,1,0,0,0,1,-3.125715910,-3.911042667,1
186,1789654100.884164572,0.000000000,0,1,0,0,0,1,-3.125715910,-3.911042667,1
187,1789654100.894133091,0.000000000,0,1,0,0,0,1,-3.125715910,-3.911042667,1
188,1789654100.904130459,0.000000000,0,1,0,0,0,1,-3.125715910,-3.911042667,1
189,1789654100.914187670,0.000000000,0,1,0,0,0,1,-3.125715910,-3.911042667,1
190,1789654100.924125910,0.000000000,0,1,0,0,0,1,-3.125715910,-3.911042667,1
191,1789654100.934130907,0.000000000,0,1,0,0,0,1,-3.125715910,-3.911042667,1
192,1789654100.944175959,0.000000000,0,1,0,0,0,1,-3.125715910,-3.911042667,1
193,1789654100.954183578,0.000000000,0,1,0,0,0,1,-3.125715910,-3.911042667,1
194,1789654100.964136124,0.000000000,0,1,0,0,0,1,-3.125715910,-3.911042667,1
195,1789654100.974118233,0.000000000,0,1,0,0,0,1,-3.125715910,-3.911042667,1
196,1789654100.984128952,0.000000000,0,1,0,0,0,1,-3.125715910,-3.911042667,1
197,1789654100.994130373,0.000000000,0,1,0,0,0,1,-3.125715910,-3.911042667,1
198,1789654101.004125834,0.000000000,0,1,0,0,0,1,-3.125715910,-3.911042667,1
199,1789654101.014133453,0.000000000,0,1,0,0,0,1,-3.125715910,-3.911042667,1
200,1789654101.024128914,0.000000000,0,1,0,0,0,1,-3.125715910,-3.911042667,1
201,1789654101.034152508,0.000000000,0,1,0,0,0,1,-3.125715910,-3.911042667,1
202,1789654101.044129133,0.000000000,0,1,0,0,0,1,-3.125715910,-3.911042667,1
203,1789654101.054176807,0.000000000,0,1,0,0,0,1,-3.125715910,-3.911042667,1
204,1789654101.064265490,0.000000000,0,1,0,0,0,1,-3.125715910,-3.911042667,1
205,1789654101.074117661,0.000000000,0,1,0,0,0,1,-3.125715910,-3.911042667,1
206,1789654101.084161758,0.000000000,0,1,0,0,0,1,-3.125715910,-3.911042667,1
207,1789654101.094188452,0.000000000,0,1,0,0,0,1,-3.125715910,-3.911042667,1
208,1789654101.104193211,0.000000000,0,1,0,0,0,1,-3.125715910,-3.911042667,1
209,1789654101.114163876,0.000000000,0,1,0,0,0,1,-3.125715910,-3.911042667,1
210,1789654101.124153137,0.000000000,0,1,0,0,0,1,-3.125715910,-3.911042667,1
211,1789654101.134128809,0.000000000,0,1,0,0,0,1,-3.125715910,-3.911042667,1
212,1789654101.144169331,0.000000000,0,1,0,0,0,1,-3.125715910,-3.911042667,1
213,1789654101.154194355,0.000000000,0,1,0,0,0,1,-3.125715910,-3.911042667,1
214,1789654101.164130449,0.000000000,0,1,0,0,0,1,-3.125715910,-3.911042667,1
215,1789654101.174129486,0.000000000,0,1,0,0,0,1,-3.125715910,-3.911042667,1
216,1789654101.184131622,0.000000000,0,1,0,0,0,1,-3.125715910,-3.911042667,1
217,1789654101.194164753,0.000000000,0,1,0,0,0,1,-3.125715910,-3.911042667,1
218,1789654101.204160690,0.000000000,0,1,0,0,0,1,-3.125715910,-3.911042667,1
219,1789654101.214165449,0.000000000,0,1,0,0,0,1,-3.125715910,-3.911042667,1
220,1789654101.224152088,0.000000000,0,1,0,0,0,1,-3.125715910,-3.911042667,1
221,1789654101.234122515,0.000000000,0,1,0,0,0,1,-3.125715910,-3.911042667,1
222,1789654101.244119406,0.000000000,0,1,0,0,0,1,-3.125715910,-3.911042667,1
223,1789654101.254128933,0.000000000,0,1,0,0,0,1,-3.125715910,-3.911042667,1
224,1789654101.264214039,0.000000000,0,1,0,0,0,1,-3.125715910,-3.911042667,1
225,1789654101.274124146,0.000000000,0,1,0,0,0,1,-3.110958045,-3.911042667,1
226,1789654101.284137726,0.000000000,0,1,0,0,0,1,-3.110958045,-3.911042667,1
227,1789654101.294135332,0.000000000,0,1,0,0,0,1,-3.110958045,-3.911042667,1
228,1789654101.304209709,0.000000000,0,1,0,0,0,1,-3.110958045,-3.911042667,1
229,1789654101.314197540,0.000000000,0,1,0,0,0,1,-3.110958045,-3.911042667,1
230,1789654101.324174881,0.000000000,0,1,0,0,0,1,-3.110958045,-3.911042667,1
231,1789654101.334132910,0.000000000,0,1,0,0,0,1,-3.110958045,-3.911042667,1
232,1789654101.344126940,0.000000000,0,1,0,0,0,1,-3.110958045,-3.911042667,1
233,1789654101.354139566,0.000000000,0,1,0,0,0,1,-3.110958045,-3.911042667,1
234,1789654101.364169836,0.000000000,0,1,0,0,0,1,-3.110958045,-3.911042667,1
235,1789654101.374159098,0.000000000,0,1,0,0,0,1,-3.110958045,-3.911042667,1
236,1789654101.384132862,0.000000000,0,1,0,0,0,1,-3.110958045,-3.911042667,1
237,1789654101.394119978,0.000000000,0,1,0,0,0,1,-3.110958045,-3.911042667,1
238,1789654101.404173136,0.000000000,0,1,0,0,0,1,-3.110958045,-3.911042667,1
239,1789654101.414161444,0.000000000,0,1,0,0,0,1,-3.110958045,-3.911042667,1
240,1789654101.424158812,0.000000000,0,1,0,0,0,1,-3.110958045,-3.911042667,1
241,1789654101.434134722,0.000000000,0,1,0,0,0,1,-3.110958045,-3.911042667,1
242,1789654101.444175720,0.000000000,0,1,0,0,0,1,-3.110958045,-3.911042667,1
243,1789654101.454156399,0.000000000,0,1,0,0,0,1,-3.110958045,-3.911042667,1
244,1789654101.464129686,0.000000000,0,1,0,0,0,1,-3.110958045,-3.911042667,1
245,1789654101.474133968,0.000000000,0,1,0,0,0,1,-3.110958045,-3.911042667,1
246,1789654101.484135866,0.000000000,0,1,0,0,0,1,-3.110958045,-3.911042667,1
247,1789654101.494153738,0.000000000,0,1,0,0,0,1,-3.110958045,-3.911042667,1
248,1789654101.504164696,0.000000000,0,1,0,0,0,1,-3.110958045,-3.911042667,1
249,1789654101.514145851,0.000000000,0,1,0,0,0,1,-3.110958045,-3.911042667,1
250,1789654101.524170160,0.000000000,0,1,0,0,0,1,-3.110958045,-3.911042667,1
251,1789654101.534133673,0.000000000,0,1,0,0,0,1,-3.110958045,-3.911042667,1
252,1789654101.544155359,0.000000000,0,1,0,0,0,1,-3.110958045,-3.911042667,1
253,1789654101.554192305,0.000000000,0,1,0,0,0,1,-3.110958045,-3.911042667,1
254,1789654101.564175129,0.000000000,0,1,0,0,0,1,-3.110958045,-3.911042667,1
255,1789654101.574166298,0.000000000,0,1,0,0,0,1,-3.110958045,-3.911042667,1
256,1789654101.584108829,0.000000000,0,1,0,0,0,1,-3.110958045,-3.911042667,1
257,1789654101.594119072,0.000000000,0,1,0,0,0,1,-3.110958045,-3.911042667,1
258,1789654101.604196787,0.000000000,0,1,0,0,0,1,-3.110958045,-3.911042667,1
259,1789654101.614113331,0.000000000,0,1,0,0,0,1,-3.110958045,-3.911042667,1
260,1789654101.624174356,0.000000000,0,1,0,0,0,1,-3.110958045,-3.911042667,1
261,1789654101.634114742,0.000000000,0,1,0,0,0,1,-3.110958045,-3.911042667,1
262,1789654101.644124508,0.000000000,0,1,0,0,0,1,-3.110958045,-3.911042667,1
263,1789654101.654161692,0.000000000,0,1,0,0,0,1,-3.110958045,-3.911042667,1
264,1789654101.664152384,0.000000000,0,1,0,0,0,1,-3.110958045,-3.911042667,1
265,1789654101.674174309,0.000000000,0,1,0,0,0,1,-3.110958045,-3.911042667,1
266,1789654101.684136629,0.000000000,0,1,0,0,0,1,-3.110958045,-3.911042667,1
267,1789654101.694112778,0.000000000,0,1,0,0,0,1,-3.110958045,-3.911042667,1
268,1789654101.704154253,0.000000000,0,1,0,0,0,1,-3.110958045,-3.911042667,1
269,1789654101.714123011,0.000000000,0,1,0,0,0,1,-3.110958045,-3.911042667,1
270,1789654101.724132538,0.000000000,0,1,0,0,0,1,-3.110958045,-3.911042667,1
271,1789654101.734139681,0.000000000,0,1,0,0,0,1,-3.110958045,-3.911042667,1
272,1789654101.744188786,0.000000000,0,1,0,0,0,1,-3.110958045,-3.911042667,1
273,1789654101.754137516,0.000000000,0,1,0,0,0,1,-3.110958045,-3.911042667,1
274,1789654101.764106512,0.000000000,0,1,0,0,0,1,-3.110958045,-3.911042667,1
275,1789654101.774138212,0.000000000,0,1,0,0,0,1,-3.125715910,-3.911042667,1
276,1789654101.784142017,0.000000000,0,1,0,0,0,1,-3.125715910,-3.911042667,1
277,1789654101.794129133,0.000000000,0,1,0,0,0,1,-3.125715910,-3.911042667,1
278,1789654101.804127693,0.000000000,0,1,0,0,0,1,-3.125715910,-3.911042667,1
279,1789654101.814142466,0.000000000,0,1,0,0,0,1,-3.125715910,-3.911042667,1
280,1789654101.824169874,0.000000000,0,1,0,0,0,1,-3.125715910,-3.911042667,1
281,1789654101.834134340,0.000000000,0,1,0,0,0,1,-3.125715910,-3.911042667,1
282,1789654101.844131470,0.000000000,0,1,0,0,0,1,-3.125715910,-3.911042667,1
283,1789654101.854173899,0.000000000,0,1,0,0,0,1,-3.125715910,-3.911042667,1
284,1789654101.864146233,0.000000000,0,1,0,0,0,1,-3.125715910,-3.911042667,1
285,1789654101.874129295,0.000000000,0,1,0,0,0,1,-3.110958045,-3.911042667,1
286,1789654101.884166479,0.000000000,0,1,0,0,0,1,-3.110958045,-3.911042667,1
287,1789654101.894155502,0.000000000,0,1,0,0,0,1,-3.110958045,-3.911042667,1
288,1789654101.904129982,0.000000000,0,1,0,0,0,1,-3.110958045,-3.911042667,1
289,1789654101.914141178,0.000000000,0,1,0,0,0,1,-3.110958045,-3.911042667,1
290,1789654101.924126863,0.000000000,0,1,0,0,0,1,-3.110958045,-3.911042667,1
291,1789654101.934133530,0.000000000,0,1,0,0,0,1,-3.110958045,-3.911042667,1
292,1789654101.944185972,0.000000000,0,1,0,0,0,1,-3.110958045,-3.911042667,1
293,1789654101.954164505,0.000000000,0,1,0,0,0,1,-3.110958045,-3.911042667,1
294,1789654101.964169025,0.000000000,0,1,0,0,0,1,-3.110958045,-3.911042667,1
295,1789654101.974129677,0.000000000,0,1,0,0,0,1,-3.110958045,-3.911042667,1
296,1789654101.984141111,0.000000000,0,1,0,0,0,1,-3.110958045,-3.911042667,1
297,1789654101.994147062,0.000000000,0,1,0,0,0,1,-3.110958045,-3.911042667,1
298,1789654102.004158974,0.000000000,0,1,0,0,0,1,-3.110958045,-3.911042667,1
299,1789654102.014163017,0.000000000,0,1,0,0,0,1,-3.110958045,-3.911042667,1
300,1789654102.024127007,0.000000000,0,1,0,0,0,1,-3.110958045,-3.911042667,1
301,1789654102.034133911,0.000000000,0,1,0,0,0,1,-3.110958045,-3.911042667,1
302,1789654102.044158936,0.000000000,0,1,0,0,0,1,-3.110958045,-3.911042667,1
303,1789654102.054122925,0.000000000,0,1,0,0,0,1,-3.110958045,-3.911042667,1
304,1789654102.064123869,0.000000000,0,1,0,0,0,1,-3.110958045,-3.911042667,1
305,1789654102.074132681,0.000000000,0,1,0,0,0,1,-3.110958045,-3.911042667,1
306,1789654102.084163666,0.000000000,0,1,0,0,0,1,-3.110958045,-3.911042667,1
307,1789654102.094128609,0.000000000,0,1,0,0,0,1,-3.110958045,-3.911042667,1
308,1789654102.104204178,0.000000000,0,1,0,0,0,1,-3.110958045,-3.911042667,1
309,1789654102.114196539,0.000000000,0,1,0,0,0,1,-3.110958045,-3.911042667,1
310,1789654102.124119520,0.000000000,0,1,0,0,0,1,-3.110958045,-3.911042667,1
311,1789654102.134132147,0.000000000,0,1,0,0,0,1,-3.110958045,-3.911042667,1
312,1789654102.144185066,0.000000000,0,1,0,0,0,1,-3.110958045,-3.911042667,1
313,1789654102.154172182,0.000000000,0,1,0,0,0,1,-3.110958045,-3.911042667,1
314,1789654102.164170980,0.000000000,0,1,0,0,0,1,-3.110958045,-3.911042667,1
315,1789654102.174134254,0.000000000,0,1,0,0,0,1,-3.110958045,-3.911042667,1
316,1789654102.184139967,0.000000000,0,1,0,0,0,1,-3.110958045,-3.911042667,1
317,1789654102.194125891,0.000000000,0,1,0,0,0,1,-3.110958045,-3.911042667,1
318,1789654102.204164982,0.000000000,0,1,0,0,0,1,-3.110958045,-3.911042667,1
319,1789654102.214113235,0.000000000,0,1,0,0,0,1,-3.110958045,-3.911042667,1
320,1789654102.224139214,0.000000000,0,1,0,0,0,1,-3.110958045,-3.911042667,1
321,1789654102.234141588,0.000000000,0,1,0,0,0,1,-3.110958045,-3.911042667,1
322,1789654102.244125128,0.000000000,0,1,0,0,0,1,-3.110958045,-3.911042667,1
323,1789654102.254122496,0.000000000,0,1,0,0,0,1,-3.110958045,-3.911042667,1
324,1789654102.264115095,0.000000000,0,1,0,0,0,1,-3.110958045,-3.911042667,1
325,1789654102.274102211,0.000000000,0,1,0,0,0,1,-3.125715910,-3.911042667,1
326,1789654102.284128428,0.000000000,0,1,0,0,0,1,-3.125715910,-3.911042667,1
327,1789654102.294110298,0.000000000,0,1,0,0,0,1,-3.125715910,-3.911042667,1
328,1789654102.304109573,0.000000000,0,1,0,0,0,1,-3.125715910,-3.911042667,1
329,1789654102.314139843,0.000000000,0,1,0,0,0,1,-3.125715910,-3.911042667,1
330,1789654102.324128628,0.000000000,0,1,0,0,0,1,-3.125715910,-3.911042667,1
331,1789654102.334131002,0.000000000,0,1,0,0,0,1,-3.125715910,-3.911042667,1
332,1789654102.344127417,0.000000000,0,1,0,0,0,1,-3.125715910,-3.911042667,1
333,1789654102.354163885,0.000000000,0,1,0,0,0,1,-3.125715910,-3.911042667,1
334,1789654102.364129543,0.000000000,0,1,0,0,0,1,-3.125715910,-3.911042667,1
335,1789654102.374140739,0.000000000,0,1,0,0,0,1,-3.125715910,-3.911042667,1
336,1789654102.384129763,0.000000000,0,1,0,0,0,1,-3.125715910,-3.911042667,1
337,1789654102.394138575,0.000000000,0,1,0,0,0,1,-3.125715910,-3.911042667,1
338,1789654102.404121161,0.000000000,0,1,0,0,0,1,-3.125715910,-3.911042667,1
339,1789654102.414157867,0.000000000,0,1,0,0,0,1,-3.125715910,-3.911042667,1
340,1789654102.424157381,0.000000000,0,1,0,0,0,1,-3.125715910,-3.911042667,1
341,1789654102.434131384,0.000000000,0,1,0,0,0,1,-3.125715910,-3.911042667,1
342,1789654102.444175005,0.000000000,0,1,0,0,0,1,-3.125715910,-3.911042667,1
343,1789654102.454165459,0.000000000,0,1,0,0,0,1,-3.125715910,-3.911042667,1
344,1789654102.464131832,0.000000000,0,1,0,0,0,1,-3.125715910,-3.911042667,1
345,1789654102.474120855,0.000000000,0,1,0,0,0,1,-3.110958045,-3.911042667,1
346,1789654102.484166384,0.000000000,0,1,0,0,0,1,-3.110958045,-3.911042667,1
347,1789654102.494118452,0.000000000,0,1,0,0,0,1,-3.110958045,-3.911042667,1
348,1789654102.504136562,0.000000000,0,1,0,0,0,1,-3.110958045,-3.911042667,1
349,1789654102.514126778,0.000000000,0,1,0,0,0,1,-3.110958045,-3.911042667,1
350,1789654102.524140596,0.000000000,0,1,0,0,0,1,-3.110958045,-3.911042667,1
351,1789654102.534133434,0.000000000,0,1,0,0,0,1,-3.110958045,-3.911042667,1
352,1789654102.544128656,0.000000000,0,1,0,0,0,1,-3.110958045,-3.911042667,1
353,1789654102.554163456,0.000000000,0,1,0,0,0,1,-3.110958045,-3.911042667,1
354,1789654102.564157963,0.000000000,0,1,0,0,0,1,-3.110958045,-3.911042667,1
355,1789654102.574117184,0.000000000,0,1,0,0,0,1,-3.110958045,-3.911042667,1
356,1789654102.584262133,0.000000000,0,1,0,0,0,1,-3.110958045,-3.911042667,1
357,1789654102.594177008,0.000000000,0,1,0,0,0,1,-3.110958045,-3.911042667,1
358,1789654102.604160547,0.000000000,0,1,0,0,0,1,-3.110958045,-3.911042667,1
359,1789654102.614207983,0.000000000,0,1,0,0,0,1,-3.110958045,-3.911042667,1
360,1789654102.624160767,0.000000000,0,1,0,0,0,1,-3.110958045,-3.911042667,1
361,1789654102.634179592,0.000000000,0,1,0,0,0,1,-3.110958045,-3.911042667,1
362,1789654102.644128799,0.000000000,0,1,0,0,0,1,-3.110958045,-3.911042667,1
363,1789654102.654128313,0.000000000,0,1,0,0,0,1,-3.110958045,-3.911042667,1
364,1789654102.664131403,0.000000000,0,1,0,0,0,1,-3.110958045,-3.911042667,1
365,1789654102.674126387,0.000000000,0,1,0,0,0,1,-3.110958045,-3.911042667,1
366,1789654102.684164047,0.000000000,0,1,0,0,0,1,-3.110958045,-3.911042667,1
367,1789654102.694136620,0.000000000,0,1,0,0,0,1,-3.110958045,-3.911042667,1
368,1789654102.704125881,0.000000000,0,1,0,0,0,1,-3.110958045,-3.911042667,1
369,1789654102.714132071,0.000000000,0,1,0,0,0,1,-3.110958045,-3.911042667,1
370,1789654102.724136114,0.000000000,0,1,0,0,0,1,-3.110958045,-3.911042667,1
371,1789654102.734225512,0.000000000,0,1,0,0,0,1,-3.110958045,-3.911042667,1
372,1789654102.744133234,0.000000000,0,1,0,0,0,1,-3.110958045,-3.911042667,1
373,1789654102.754131794,0.000000000,0,1,0,0,0,1,-3.110958045,-3.911042667,1
374,1789654102.764129162,0.000000000,0,1,0,0,0,1,-3.110958045,-3.911042667,1
375,1789654102.774151564,0.000000000,0,1,0,0,0,1,-3.110958045,-3.911042667,1
376,1789654102.784130335,0.000000000,0,1,0,0,0,1,-3.110958045,-3.911042667,1
377,1789654102.794128895,0.000000000,0,1,0,0,0,1,-3.110958045,-3.911042667,1
378,1789654102.804117918,0.000000000,0,1,0,0,0,1,-3.110958045,-3.911042667,1
379,1789654102.814172268,0.000000000,0,1,0,0,0,1,-3.110958045,-3.911042667,1
380,1789654102.824119806,0.000000000,0,1,0,0,0,1,-3.110958045,-3.911042667,1
381,1789654102.834135056,0.000000000,0,1,0,0,0,1,-3.110958045,-3.911042667,1
382,1789654102.844134569,0.000000000,0,1,0,0,0,1,-3.110958045,-3.911042667,1
383,1789654102.854140520,0.000000000,0,1,0,0,0,1,-3.110958045,-3.911042667,1
384,1789654102.864132404,0.000000000,0,1,0,0,0,1,-3.110958045,-3.911042667,1
385,1789654102.874139071,0.000000000,0,1,0,0,0,1,-3.110958045,-3.911042667,1
386,1789654102.884140491,0.000000000,0,1,0,0,0,1,-3.110958045,-3.911042667,1
387,1789654102.894115210,0.000000000,0,1,0,0,0,1,-3.110958045,-3.911042667,1
388,1789654102.904111862,0.000000000,0,1,0,0,0,1,-3.110958045,-3.911042667,1
389,1789654102.914114714,0.000000000,0,1,0,0,0,1,-3.110958045,-3.911042667,1
390,1789654102.924149990,0.000000000,0,1,0,0,0,1,-3.110958045,-3.911042667,1
391,1789654102.934126139,0.000000000,0,1,0,0,0,1,-3.110958045,-3.911042667,1
392,1789654102.944138527,0.000000000,0,1,0,0,0,1,-3.110958045,-3.911042667,1
393,1789654102.954109430,0.000000000,0,1,0,0,0,1,-3.110958045,-3.911042667,1
394,1789654102.964108229,0.000000000,0,1,0,0,0,1,-3.110958045,-3.911042667,1
395,1789654102.974133015,0.000000000,0,1,0,0,0,1,-3.110958045,-3.911042667,1
396,1789654102.984119177,0.000000000,0,1,0,0,0,1,-3.110958045,-3.911042667,1
397,1789654102.994088411,0.000000000,0,1,0,0,0,1,-3.110958045,-3.911042667,1
398,1789654103.004127979,0.000000000,0,1,0,0,0,1,-3.110958045,-3.911042667,1
399,1789654103.014123917,0.000000000,0,1,0,0,0,1,-3.110958045,-3.911042667,1
400,1789654103.024190903,0.000000000,0,1,0,0,0,1,-3.110958045,-3.911042667,1
401,1789654103.034172773,0.000000000,0,1,0,0,0,1,-3.110958045,-3.911042667,1
402,1789654103.044131756,0.000000000,0,1,0,0,0,1,-3.110958045,-3.911042667,1
403,1789654103.054125071,0.000000000,0,1,0,0,0,1,-3.110958045,-3.911042667,1
404,1789654103.064178228,0.000000000,0,1,0,0,0,1,-3.110958045,-3.911042667,1
405,1789654103.074167490,0.000000000,0,1,0,0,0,1,-3.110958045,-3.911042667,1
406,1789654103.084127665,0.000000000,0,1,0,0,0,1,-3.110958045,-3.911042667,1
407,1789654103.094153166,0.000000000,0,1,0,0,0,1,-3.110958045,-3.911042667,1
408,1789654103.104160547,0.000000000,0,1,0,0,0,1,-3.110958045,-3.911042667,1
409,1789654103.114199877,0.000000000,0,1,0,0,0,1,-3.110958045,-3.911042667,1
410,1789654103.124190569,0.000000000,0,1,0,0,0,1,-3.110958045,-3.911042667,1
411,1789654103.134168863,0.000000000,0,1,0,0,0,1,-3.110958045,-3.911042667,1
412,1789654103.144140720,0.000000000,0,1,0,0,0,1,-3.110958045,-3.911042667,1
413,1789654103.154134989,0.000000000,0,1,0,0,0,1,-3.110958045,-3.911042667,1
414,1789654103.164133310,0.000000000,0,1,0,0,0,1,-3.110958045,-3.911042667,1
415,1789654103.174126148,0.000000000,0,1,0,0,0,1,-3.110958045,-3.911042667,1
416,1789654103.184131622,0.000000000,0,1,0,0,0,1,-3.110958045,-3.911042667,1
417,1789654103.194131374,0.000000000,0,1,0,0,0,1,-3.110958045,-3.911042667,1
418,1789654103.204138994,0.000000000,0,1,0,0,0,1,-3.110958045,-3.911042667,1
419,1789654103.214133024,0.000000000,0,1,0,0,0,1,-3.110958045,-3.911042667,1
420,1789654103.224137783,0.000000000,0,1,0,0,0,1,-3.110958045,-3.911042667,1
421,1789654103.234432936,0.000000000,0,1,0,0,0,1,-3.110958045,-3.911042667,1
422,1789654103.244141817,0.000000000,0,1,0,0,0,1,-3.125715910,-3.911042667,1
423,1789654103.254114866,0.000000000,0,1,0,0,0,1,-3.125715910,-3.911042667,1
424,1789654103.264138460,0.000000000,0,1,0,0,0,1,-3.125715910,-3.911042667,1
425,1789654103.274123430,0.000000000,0,1,0,0,0,1,-3.125715910,-3.911042667,1
426,1789654103.284135103,0.000000000,0,1,0,0,0,1,-3.125715910,-3.911042667,1
427,1789654103.294147491,0.000000000,0,1,0,0,0,1,-3.125715910,-3.911042667,1
428,1789654103.304129839,0.000000000,0,1,0,0,0,1,-3.125715910,-3.911042667,1
429,1789654103.314170122,0.000000000,0,1,0,0,0,1,-3.125715910,-3.911042667,1
430,1789654103.324164629,0.000000000,0,1,0,0,0,1,-3.125715910,-3.911042667,1
431,1789654103.334168911,0.000000000,0,1,0,0,0,1,-3.125715910,-3.911042667,1
432,1789654103.344137669,0.000000000,0,1,0,0,0,1,-3.125715910,-3.911042667,1
433,1789654103.354164124,0.000000000,0,1,0,0,0,1,-3.125715910,-3.911042667,1
434,1789654103.364181995,0.000000000,0,1,0,0,0,1,-3.125715910,-3.911042667,1
435,1789654103.374127865,0.000000000,0,1,0,0,0,1,-3.110958045,-3.911042667,1
436,1789654103.384130239,0.000000000,0,1,0,0,0,1,-3.110958045,-3.911042667,1
437,1789654103.394173145,0.000000000,0,1,0,0,0,1,-3.110958045,-3.911042667,1
438,1789654103.404135942,0.000000000,0,1,0,0,0,1,-3.110958045,-3.911042667,1
439,1789654103.414131403,0.000000000,0,1,0,0,0,1,-3.110958045,-3.911042667,1
440,1789654103.424174547,0.000000000,0,1,0,0,0,1,-3.110958045,-3.911042667,1
441,1789654103.434131861,0.000000000,0,1,0,0,0,1,-3.110958045,-3.911042667,1
442,1789654103.444139481,0.000000000,0,1,0,0,0,1,-3.110958045,-3.911042667,1
443,1789654103.454144478,0.000000000,0,1,0,0,0,1,-3.110958045,-3.911042667,1
444,1789654103.464137077,0.000000000,0,1,0,0,0,1,-3.110958045,-3.911042667,1
445,1789654103.474165678,0.000000000,0,1,0,0,0,1,-3.110958045,-3.911042667,1
446,1789654103.484163046,0.000000000,0,1,0,0,0,1,-3.110958045,-3.911042667,1
447,1789654103.494136810,0.000000000,0,1,0,0,0,1,-3.110958045,-3.911042667,1
448,1789654103.504110575,0.000000000,0,1,0,0,0,1,-3.110958045,-3.911042667,1
449,1789654103.514138699,0.000000000,0,1,0,0,0,1,-3.110958045,-3.911042667,1
450,1789654103.524137497,0.000000000,0,1,0,0,0,1,-3.110958045,-3.911042667,1
451,1789654103.534128428,0.000000000,0,1,0,0,0,1,-3.110958045,-3.911042667,1
452,1789654103.544143200,0.000000000,0,1,0,0,0,1,-3.110958045,-3.911042667,1
453,1789654103.554135561,0.000000000,0,1,0,0,0,1,-3.110958045,-3.911042667,1
454,1789654103.564141512,0.000000000,0,1,0,0,0,1,-3.110958045,-3.911042667,1
455,1789654103.574101448,0.000000000,0,1,0,0,0,1,-3.110958045,-3.911042667,1
456,1789654103.584141731,0.000000000,0,1,0,0,0,1,-3.110958045,-3.911042667,1
457,1789654103.594099998,0.000000000,0,1,0,0,0,1,-3.110958045,-3.911042667,1
458,1789654103.604134560,0.000000000,0,1,0,0,0,1,-3.110958045,-3.911042667,1
459,1789654103.614134789,0.000000000,0,1,0,0,0,1,-3.110958045,-3.911042667,1
460,1789654103.624157906,0.000000000,0,1,0,0,0,1,-3.110958045,-3.911042667,1
461,1789654103.634128809,0.000000000,0,1,0,0,0,1,-3.110958045,-3.911042667,1
462,1789654103.644139051,0.000000000,0,1,0,0,0,1,-3.110958045,-3.911042667,1
463,1789654103.654134274,0.000000000,0,1,0,0,0,1,-3.110958045,-3.911042667,1
464,1789654103.664122105,0.000000000,0,1,0,0,0,1,-3.110958045,-3.911042667,1
465,1789654103.674140692,0.000000000,0,1,0,0,0,1,-3.125715910,-3.911042667,1
466,1789654103.684141159,0.000000000,0,1,0,0,0,1,-3.125715910,-3.911042667,1
467,1789654103.694104433,0.000000000,0,1,0,0,0,1,-3.125715910,-3.911042667,1
468,1789654103.704137802,0.000000000,0,1,0,0,0,1,-3.125715910,-3.911042667,1
469,1789654103.714135885,0.000000000,0,1,0,0,0,1,-3.125715910,-3.911042667,1
470,1789654103.724135399,0.000000000,0,1,0,0,0,1,-3.125715910,-3.911042667,1
471,1789654103.734135866,0.000000000,0,1,0,0,0,1,-3.125715910,-3.911042667,1
472,1789654103.744114876,0.000000000,0,1,0,0,0,1,-3.125715910,-3.911042667,1
473,1789654103.754140139,0.000000000,0,1,0,0,0,1,-3.125715910,-3.911042667,1
474,1789654103.764135361,0.000000000,0,1,0,0,0,1,-3.125715910,-3.911042667,1
475,1789654103.774117708,0.000000000,0,1,0,0,0,1,-3.110958045,-3.911042667,1
476,1789654103.784134150,0.000000000,0,1,0,0,0,1,-3.110958045,-3.911042667,1
477,1789654103.794120550,0.000000000,0,1,0,0,0,1,-3.110958045,-3.911042667,1
478,1789654103.804126263,0.000000000,0,1,0,0,0,1,-3.110958045,-3.911042667,1
479,1789654103.814166307,0.000000000,0,1,0,0,0,1,-3.110958045,-3.911042667,1
480,1789654103.824157000,0.000000000,0,1,0,0,0,1,-3.110958045,-3.911042667,1
481,1789654103.834131002,0.000000000,0,1,0,0,0,1,-3.110958045,-3.911042667,1
482,1789654103.844134569,0.000000000,0,1,0,0,0,1,-3.110958045,-3.911042667,1
483,1789654103.854132891,0.000000000,0,1,0,0,0,1,-3.110958045,-3.911042667,1
484,1789654103.864154339,0.000000000,0,1,0,0,0,1,-3.110958045,-3.911042667,1
485,1789654103.874162912,0.000000000,0,1,0,0,0,1,-3.125715910,-3.911042667,1
486,1789654103.884165049,0.000000000,0,1,0,0,0,1,-3.125715910,-3.911042667,1
487,1789654103.894128084,0.000000000,0,1,0,0,0,1,-3.125715910,-3.911042667,1
488,1789654103.904162407,0.000000000,0,1,0,0,0,1,-3.125715910,-3.911042667,1
489,1789654103.914129972,0.000000000,0,1,0,0,0,1,-3.125715910,-3.911042667,1
490,1789654103.924110651,0.000000000,0,1,0,0,0,1,-3.125715910,-3.911042667,1
491,1789654103.934139252,0.000000000,0,1,0,0,0,1,-3.125715910,-3.911042667,1
492,1789654103.944137812,0.000000000,0,1,0,0,0,1,-3.125715910,-3.911042667,1
493,1789654103.954136372,0.000000000,0,1,0,0,0,1,-3.125715910,-3.911042667,1
494,1789654103.964147568,0.000000000,0,1,0,0,0,1,-3.125715910,-3.911042667,1
495,1789654103.974139929,0.000000000,0,1,0,0,0,1,-3.125715910,-3.911042667,1
496,1789654103.984113693,0.000000000,0,1,0,0,0,1,-3.125715910,-3.911042667,1
497,1789654103.994112730,0.000000000,0,1,0,0,0,1,-3.125715910,-3.911042667,1
498,1789654104.004147053,0.000000000,0,1,0,0,0,1,-3.125715910,-3.911042667,1
499,1789654104.014144421,0.000000000,0,1,0,0,0,1,-3.125715910,-3.911042667,1
500,1789654104.024116755,0.000000000,0,1,0,0,0,1,-3.125715910,-3.911042667,1
501,1789654104.034163952,0.000000000,0,1,0,0,0,1,-3.125715910,-3.911042667,1
502,1789654104.044115305,0.000000000,0,1,0,0,0,1,-3.125715910,-3.911042667,1
503,1789654104.054136992,0.000000000,0,1,0,0,0,1,-3.125715910,-3.911042667,1
504,1789654104.064142942,0.000000000,0,1,0,0,0,1,-3.125715910,-3.911042667,1
505,1789654104.074105501,0.000000000,0,1,0,0,0,1,-3.125715910,-3.911042667,1
506,1789654104.084163666,0.000000000,0,1,0,0,0,1,-3.125715910,-3.911042667,1
507,1789654104.094103813,0.000000000,0,1,0,0,0,1,-3.125715910,-3.911042667,1
508,1789654104.104134798,0.000000000,0,1,0,0,0,1,-3.125715910,-3.911042667,1
509,1789654104.114159346,0.000000000,0,1,0,0,0,1,-3.125715910,-3.911042667,1
510,1789654104.124140739,0.000000000,0,1,0,0,0,1,-3.125715910,-3.911042667,1
511,1789654104.134134531,0.000000000,0,1,0,0,0,1,-3.125715910,-3.911042667,1
512,1789654104.144172430,0.000000000,0,1,0,0,0,1,-3.125715910,-3.911042667,1
513,1789654104.154170275,0.000000000,0,1,0,0,0,1,-3.125715910,-3.911042667,1
514,1789654104.164168596,0.000000000,0,1,0,0,0,1,-3.125715910,-3.911042667,1
515,1789654104.174140215,0.000000000,0,1,0,0,0,1,-3.125715910,-3.911042667,1
516,1789654104.184160233,0.000000000,0,1,0,0,0,1,-3.125715910,-3.911042667,1
517,1789654104.194101572,0.000000000,0,1,0,0,0,1,-3.125715910,-3.911042667,1
518,1789654104.204158545,0.000000000,0,1,0,0,0,1,-3.125715910,-3.911042667,1
519,1789654104.214156389,0.000000000,0,1,0,0,0,1,-3.125715910,-3.911042667,1
520,1789654104.224163532,0.000000000,0,1,0,0,0,1,-3.125715910,-3.911042667,1
521,1789654104.234136105,0.000000000,0,1,0,0,0,1,-3.125715910,-3.911042667,1
522,1789654104.244111300,0.000000000,0,1,0,0,0,1,-3.125715910,-3.911042667,1
523,1789654104.254157782,0.000000000,0,1,0,0,0,1,-3.125715910,-3.911042667,1
524,1789654104.264132977,0.000000000,0,1,0,0,0,1,-3.125715910,-3.911042667,1
525,1789654104.274121284,0.000000000,0,1,0,0,0,1,-3.125715910,-3.911042667,1
526,1789654104.284140348,0.000000000,0,1,0,0,0,1,-3.125715910,-3.911042667,1
527,1789654104.294113398,0.000000000,0,1,0,0,0,1,-3.125715910,-3.911042667,1
528,1789654104.304160833,0.000000000,0,1,0,0,0,1,-3.125715910,-3.911042667,1
529,1789654104.314160824,0.000000000,0,1,0,0,0,1,-3.125715910,-3.911042667,1
530,1789654104.324160337,0.000000000,0,1,0,0,0,1,-3.125715910,-3.911042667,1
531,1789654104.334160328,0.000000000,0,1,0,0,0,1,-3.125715910,-3.911042667,1
532,1789654104.344106197,0.000000000,0,1,0,0,0,1,-3.125715910,-3.911042667,1
533,1789654104.354156733,0.000000000,0,1,0,0,0,1,-3.125715910,-3.911042667,1
534,1789654104.364161968,0.000000000,0,1,0,0,0,1,-3.125715910,-3.911042667,1
535,1789654104.374154091,0.000000000,0,1,0,0,0,1,-3.125715910,-3.911042667,1
536,1789654104.384160280,0.000000000,0,1,0,0,0,1,-3.125715910,-3.911042667,1
537,1789654104.394109726,0.000000000,0,1,0,0,0,1,-3.125715910,-3.911042667,1
538,1789654104.404157639,0.000000000,0,1,0,0,0,1,-3.125715910,-3.911042667,1
539,1789654104.414157391,0.000000000,0,1,0,0,0,1,-3.125715910,-3.911042667,1
540,1789654104.424163818,0.000000000,0,1,0,0,0,1,-3.125715910,-3.911042667,1
541,1789654104.434129000,0.000000000,0,1,0,0,0,1,-3.125715910,-3.911042667,1
542,1789654104.444112301,0.000000000,0,1,0,0,0,1,-3.125715910,-3.911042667,1
543,1789654104.454165936,0.000000000,0,1,0,0,0,1,-3.125715910,-3.911042667,1
544,1789654104.464106560,0.000000000,0,1,0,0,0,1,-3.125715910,-3.911042667,1
545,1789654104.474126816,0.000000000,0,1,0,0,0,1,-3.110958045,-3.911042667,1
546,1789654104.484185934,0.000000000,0,1,0,0,0,1,-3.110958045,-3.911042667,1
547,1789654104.494115591,0.000000000,0,1,0,0,0,1,-3.110958045,-3.911042667,1
548,1789654104.504195690,0.000000000,0,1,0,0,0,1,-3.110958045,-3.911042667,1
549,1789654104.514196634,0.000000000,0,1,0,0,0,1,-3.110958045,-3.911042667,1
550,1789654104.524161100,0.000000000,0,1,0,0,0,1,-3.110958045,-3.911042667,1
551,1789654104.534153461,0.000000000,0,1,0,0,0,1,-3.110958045,-3.911042667,1
552,1789654104.544170380,0.000000000,0,1,0,0,0,1,-3.110958045,-3.911042667,1
553,1789654104.554129124,0.000000000,0,1,0,0,0,1,-3.110958045,-3.911042667,1
554,1789654104.564148426,0.000000000,0,1,0,0,0,1,-3.110958045,-3.911042667,1
555,1789654104.574117184,0.000000000,0,1,0,0,0,1,-3.125715910,-3.911042667,1
556,1789654104.584216833,0.000000000,0,1,0,0,0,1,-3.125715910,-3.911042667,1
557,1789654104.594174862,0.000000000,0,1,0,0,0,1,-3.125715910,-3.911042667,1
558,1789654104.604162455,0.000000000,0,1,0,0,0,1,-3.125715910,-3.911042667,1
559,1789654104.614186287,0.000000000,0,1,0,0,0,1,-3.125715910,-3.911042667,1
560,1789654104.624145508,0.000000000,0,1,0,0,0,1,-3.125715910,-3.911042667,1
561,1789654104.634130955,0.000000000,0,1,0,0,0,1,-3.125715910,-3.911042667,1
562,1789654104.644128323,0.000000000,0,1,0,0,0,1,-3.125715910,-3.911042667,1
563,1789654104.654168367,0.000000000,0,1,0,0,0,1,-3.125715910,-3.911042667,1
564,1789654104.664168358,0.000000000,0,1,0,0,0,1,-3.125715910,-3.911042667,1
565,1789654104.674129009,0.000000000,0,1,0,0,0,1,-3.125715910,-3.911042667,1
566,1789654104.684169531,0.000000000,0,1,0,0,0,1,-3.125715910,-3.911042667,1
567,1789654104.694130182,0.000000000,0,1,0,0,0,1,-3.125715910,-3.911042667,1
568,1789654104.704121828,0.000000000,0,1,0,0,0,1,-3.125715910,-3.911042667,1
569,1789654104.714194059,0.000000000,0,1,0,0,0,1,-3.125715910,-3.911042667,1
570,1789654104.724171877,0.000000000,0,1,0,0,0,1,-3.125715910,-3.911042667,1
571,1789654104.734124899,0.000000000,0,1,0,0,0,1,-3.125715910,-3.911042667,1
572,1789654104.744114399,0.000000000,0,1,0,0,0,1,-3.125715910,-3.911042667,1
573,1789654104.754106283,0.000000000,0,1,0,0,0,1,-3.125715910,-3.911042667,1
574,1789654104.764116526,0.000000000,0,1,0,0,0,1,-3.125715910,-3.911042667,1
575,1789654104.774132252,0.000000000,0,1,0,0,0,1,-3.125715910,-3.911042667,1
576,1789654104.784166574,0.000000000,0,1,0,0,0,1,-3.125715910,-3.911042667,1
577,1789654104.794149876,0.000000000,0,1,0,0,0,1,-3.125715910,-3.911042667,1
578,1789654104.804130316,0.000000000,0,1,0,0,0,1,-3.125715910,-3.911042667,1
579,1789654104.814129353,0.000000000,0,1,0,0,0,1,-3.125715910,-3.911042667,1
580,1789654104.824177265,0.000000000,0,1,0,0,0,1,-3.125715910,-3.911042667,1
581,1789654104.834148169,0.000000000,0,1,0,0,0,1,-3.125715910,-3.911042667,1
582,1789654104.844148636,0.000000000,0,1,0,0,0,1,-3.125715910,-3.911042667,1
583,1789654104.854126930,0.000000000,0,1,0,0,0,1,-3.125715910,-3.911042667,1
584,1789654104.864140987,0.000000000,0,1,0,0,0,1,-3.125715910,-3.911042667,1
585,1789654104.874131680,0.000000000,0,1,0,0,0,1,-3.110958045,-3.911042667,1
586,1789654104.884237051,0.000000000,0,1,0,0,0,1,-3.110958045,-3.911042667,1
587,1789654104.894174814,0.000000000,0,1,0,0,0,1,-3.110958045,-3.911042667,1
588,1789654104.904120207,0.000000000,0,1,0,0,0,1,-3.110958045,-3.911042667,1
589,1789654104.914128065,0.000000000,0,1,0,0,0,1,-3.110958045,-3.911042667,1
590,1789654104.924128294,0.000000000,0,1,0,0,0,1,-3.110958045,-3.911042667,1
591,1789654104.934148312,0.000000000,0,1,0,0,0,1,-3.110958045,-3.911042667,1
592,1789654104.944114447,0.000000000,0,1,0,0,0,1,-3.110958045,-3.911042667,1
593,1789654104.954154968,0.000000000,0,1,0,0,0,1,-3.110958045,-3.911042667,1
594,1789654104.964152336,0.000000000,0,1,0,0,0,1,-3.110958045,-3.911042667,1
595,1789654104.974097729,0.000000000,0,1,0,0,0,1,-3.110958045,-3.911042667,1
596,1789654104.984160423,0.000000000,0,1,0,0,0,1,-3.110958045,-3.911042667,1
597,1789654104.994105339,0.000000000,0,1,0,0,0,1,-3.110958045,-3.911042667,1
598,1789654105.004158735,0.000000000,0,1,0,0,0,1,-3.110958045,-3.911042667,1
599,1789654105.014158010,0.000000000,0,1,0,0,0,1,-3.110958045,-3.911042667,1
600,1789654105.024130106,0.000000000,0,1,0,0,0,1,-3.110958045,-3.911042667,1
601,1789654105.034112692,0.000000000,0,1,0,0,0,1,-3.110958045,-3.911042667,1
602,1789654105.044109106,0.000000000,0,1,0,0,0,1,-3.110958045,-3.911042667,1
603,1789654105.054157495,0.000000000,0,1,0,0,0,1,-3.110958045,-3.911042667,1
604,1789654105.064134598,0.000000000,0,1,0,0,0,1,-3.110958045,-3.911042667,1
605,1789654105.074101925,0.000000000,0,1,0,0,0,1,-3.110958045,-3.911042667,1
606,1789654105.084171057,0.000000000,0,1,0,0,0,1,-3.110958045,-3.911042667,1
607,1789654105.094121456,0.000000000,0,1,0,0,0,1,-3.110958045,-3.911042667,1
608,1789654105.104110956,0.000000000,0,1,0,0,0,1,-3.110958045,-3.911042667,1
609,1789654105.114109278,0.000000000,0,1,0,0,0,1,-3.110958045,-3.911042667,1
610,1789654105.124132395,0.000000000,0,1,0,0,0,1,-3.110958045,-3.911042667,1
611,1789654105.134158850,0.000000000,0,1,0,0,0,1,-3.110958045,-3.911042667,1
612,1789654105.144121885,0.000000000,0,1,0,0,0,1,-3.110958045,-3.911042667,1
613,1789654105.154140711,0.000000000,0,1,0,0,0,1,-3.110958045,-3.911042667,1
614,1789654105.164158583,0.000000000,0,1,0,0,0,1,-3.110958045,-3.911042667,1
615,1789654105.174154282,0.000000000,0,1,0,0,0,1,-3.125715910,-3.911042667,1
616,1789654105.184120178,0.000000000,0,1,0,0,0,1,-3.125715910,-3.911042667,1
617,1789654105.194133759,0.000000000,0,1,0,0,0,1,-3.125715910,-3.911042667,1
618,1789654105.204136372,0.000000000,0,1,0,0,0,1,-3.125715910,-3.911042667,1
619,1789654105.214163542,0.000000000,0,1,0,0,0,1,-3.125715910,-3.911042667,1
620,1789654105.224167109,0.000000000,0,1,0,0,0,1,-3.125715910,-3.911042667,1
621,1789654105.234107971,0.000000000,0,1,0,0,0,1,-3.125715910,-3.911042667,1
622,1789654105.244160652,0.000000000,0,1,0,0,0,1,-3.125715910,-3.911042667,1
623,1789654105.254130363,0.000000000,0,1,0,0,0,1,-3.125715910,-3.911042667,1
624,1789654105.264114380,0.000000000,0,1,0,0,0,1,-3.125715910,-3.911042667,1
625,1789654105.274111271,0.000000000,0,1,0,0,0,1,-3.125715910,-3.911042667,1
626,1789654105.284105539,0.000000000,0,1,0,0,0,1,-3.125715910,-3.911042667,1
627,1789654105.294117689,0.000000000,0,1,0,0,0,1,-3.125715910,-3.911042667,1
628,1789654105.304106236,0.000000000,0,1,0,0,0,1,-3.125715910,-3.911042667,1
629,1789654105.314156771,0.000000000,0,1,0,0,0,1,-3.125715910,-3.911042667,1
630,1789654105.324132919,0.000000000,0,1,0,0,0,1,-3.125715910,-3.911042667,1
631,1789654105.334130764,0.000000000,0,1,0,0,0,1,-3.125715910,-3.911042667,1
632,1789654105.344110250,0.000000000,0,1,0,0,0,1,-3.125715910,-3.911042667,1
633,1789654105.354139566,0.000000000,0,1,0,0,0,1,-3.125715910,-3.911042667,1
634,1789654105.364139318,0.000000000,0,1,0,0,0,1,-3.125715910,-3.911042667,1
635,1789654105.374130487,0.000000000,0,1,0,0,0,1,-3.125715910,-3.911042667,1
636,1789654105.384131432,0.000000000,0,1,0,0,0,1,-3.125715910,-3.911042667,1
637,1789654105.394118071,0.000000000,0,1,0,0,0,1,-3.125715910,-3.911042667,1
638,1789654105.404165983,0.000000000,0,1,0,0,0,1,-3.125715910,-3.911042667,1
639,1789654105.414130211,0.000000000,0,1,0,0,0,1,-3.125715910,-3.911042667,1
640,1789654105.424182415,0.000000000,0,1,0,0,0,1,-3.125715910,-3.911042667,1
641,1789654105.434127331,0.000000000,0,1,0,0,0,1,-3.125715910,-3.911042667,1
642,1789654105.444141150,0.000000000,0,1,0,0,0,1,-3.125715910,-3.911042667,1
643,1789654105.454132557,0.000000000,0,1,0,0,0,1,-3.125715910,-3.911042667,1
644,1789654105.464144707,0.000000000,0,1,0,0,0,1,-3.125715910,-3.911042667,1
645,1789654105.474129200,0.000000000,0,1,0,0,0,1,-3.125715910,-3.911042667,1
646,1789654105.484180689,0.000000000,0,1,0,0,0,1,-3.125715910,-3.911042667,1
647,1789654105.494127274,0.000000000,0,1,0,0,0,1,-3.125715910,-3.911042667,1
648,1789654105.504161596,0.000000000,0,1,0,0,0,1,-3.125715910,-3.911042667,1
649,1789654105.514107227,0.000000000,0,1,0,0,0,1,-3.125715910,-3.911042667,1
650,1789654105.524152040,0.000000000,0,1,0,0,0,1,-3.125715910,-3.911042667,1
651,1789654105.534159422,0.000000000,0,1,0,0,0,1,-3.125715910,-3.911042667,1
652,1789654105.544127941,0.000000000,0,1,0,0,0,1,-3.125715910,-3.911042667,1
653,1789654105.554153442,0.000000000,0,1,0,0,0,1,-3.125715910,-3.911042667,1
654,1789654105.564159155,0.000000000,0,1,0,0,0,1,-3.125715910,-3.911042667,1
655,1789654105.574122190,0.000000000,0,1,0,0,0,1,-3.125715910,-3.911042667,1
656,1789654105.584122658,0.000000000,0,1,0,0,0,1,-3.125715910,-3.911042667,1
657,1789654105.594120502,0.000000000,0,1,0,0,0,1,-3.125715910,-3.911042667,1
658,1789654105.604183197,0.000000000,0,1,0,0,0,1,-3.125715910,-3.911042667,1
659,1789654105.614217281,0.000000000,0,1,0,0,0,1,-3.125715910,-3.911042667,1
660,1789654105.624167204,0.000000000,0,1,0,0,0,1,-3.125715910,-3.911042667,1
661,1789654105.634127617,0.000000000,0,1,0,0,0,1,-3.125715910,-3.911042667,1
662,1789654105.644133329,0.000000000,0,1,0,0,0,1,-3.125715910,-3.911042667,1
663,1789654105.654173374,0.000000000,0,1,0,0,0,1,-3.125715910,-3.911042667,1
664,1789654105.664220572,0.000000000,0,1,0,0,0,1,-3.125715910,-3.911042667,1
665,1789654105.674138784,0.000000000,0,1,0,0,0,1,-3.125715910,-3.911042667,1
666,1789654105.684165478,0.000000000,0,1,0,0,0,1,-3.125715910,-3.911042667,1
667,1789654105.694125891,0.000000000,0,1,0,0,0,1,-3.125715910,-3.911042667,1
668,1789654105.704129934,0.000000000,0,1,0,0,0,1,-3.125715910,-3.911042667,1
669,1789654105.714161158,0.000000000,0,1,0,0,0,1,-3.125715910,-3.911042667,1
670,1789654105.724176884,0.000000000,0,1,0,0,0,1,-3.125715910,-3.911042667,1
671,1789654105.734176397,0.000000000,0,1,0,0,0,1,-3.125715910,-3.911042667,1
672,1789654105.744179487,0.000000000,0,1,0,0,0,1,-3.125715910,-3.911042667,1
673,1789654105.754171848,0.000000000,0,1,0,0,0,1,-3.125715910,-3.911042667,1
674,1789654105.764201403,0.000000000,0,1,0,0,0,1,-3.125715910,-3.911042667,1
675,1789654105.774150848,0.000000000,0,1,0,0,0,1,-3.125715910,-3.911042667,1
676,1789654105.784126282,0.000000000,0,1,0,0,0,1,-3.125715910,-3.911042667,1
677,1789654105.794121027,0.000000000,0,1,0,0,0,1,-3.125715910,-3.911042667,1
678,1789654105.804159164,0.000000000,0,1,0,0,0,1,-3.125715910,-3.911042667,1
679,1789654105.814166307,0.000000000,0,1,0,0,0,1,-3.125715910,-3.911042667,1
680,1789654105.824175835,0.000000000,0,1,0,0,0,1,-3.125715910,-3.911042667,1
681,1789654105.834125280,0.000000000,0,1,0,0,0,1,-3.125715910,-3.911042667,1
682,1789654105.844163656,0.000000000,0,1,0,0,0,1,-3.125715910,-3.911042667,1
683,1789654105.854160786,0.000000000,0,1,0,0,0,1,-3.125715910,-3.911042667,1
684,1789654105.864181280,0.000000000,0,1,0,0,0,1,-3.125715910,-3.911042667,1
685,1789654105.874147415,0.000000000,0,1,0,0,0,1,-3.110958045,-3.911042667,1
686,1789654105.884128809,0.000000000,0,1,0,0,0,1,-3.110958045,-3.911042667,1
687,1789654105.894146919,0.000000000,0,1,0,0,0,1,-3.110958045,-3.911042667,1
688,1789654105.904145479,0.000000000,0,1,0,0,0,1,-3.110958045,-3.911042667,1
689,1789654105.914138556,0.000000000,0,1,0,0,0,1,-3.110958045,-3.911042667,1
690,1789654105.924114466,0.000000000,0,1,0,0,0,1,-3.110958045,-3.911042667,1
691,1789654105.934136629,0.000000000,0,1,0,0,0,1,-3.110958045,-3.911042667,1
692,1789654105.944109678,0.000000000,0,1,0,0,0,1,-3.110958045,-3.911042667,1
693,1789654105.954154491,0.000000000,0,1,0,0,0,1,-3.110958045,-3.911042667,1
694,1789654105.964119911,0.000000000,0,1,0,0,0,1,-3.110958045,-3.911042667,1
695,1789654105.974125624,0.000000000,0,1,0,0,0,1,-3.110958045,-3.911042667,1
696,1789654105.984163523,0.000000000,0,1,0,0,0,1,-3.110958045,-3.911042667,1
697,1789654105.994111776,0.000000000,0,1,0,0,0,1,-3.110958045,-3.911042667,1
698,1789654106.004163265,0.000000000,0,1,0,0,0,1,-3.110958045,-3.911042667,1
699,1789654106.014163494,0.000000000,0,1,0,0,0,1,-3.110958045,-3.911042667,1
700,1789654106.024161100,0.000000000,0,1,0,0,0,1,-3.110958045,-3.911042667,1
701,1789654106.034157515,0.000000000,0,1,0,0,0,1,-3.110958045,-3.911042667,1
702,1789654106.044128418,0.000000000,0,1,0,0,0,1,-3.110958045,-3.911042667,1
703,1789654106.054160357,0.000000000,0,1,0,0,0,1,-3.110958045,-3.911042667,1
704,1789654106.064169407,0.000000000,0,1,0,0,0,1,-3.110958045,-3.911042667,1
705,1789654106.074110746,0.000000000,0,1,0,0,0,1,-3.110958045,-3.911042667,1
706,1789654106.084145308,0.000000000,0,1,0,0,0,1,-3.110958045,-3.911042667,1
707,1789654106.094113350,0.000000000,0,1,0,0,0,1,-3.110958045,-3.911042667,1
708,1789654106.104142427,0.000000000,0,1,0,0,0,1,-3.110958045,-3.911042667,1
709,1789654106.114106655,0.000000000,0,1,0,0,0,1,-3.110958045,-3.911042667,1
710,1789654106.124137878,0.000000000,0,1,0,0,0,1,-3.110958045,-3.911042667,1
711,1789654106.134140491,0.000000000,0,1,0,0,0,1,-3.110958045,-3.911042667,1
712,1789654106.144125938,0.000000000,0,1,0,0,0,1,-3.110958045,-3.911042667,1
713,1789654106.154119968,0.000000000,0,1,0,0,0,1,-3.110958045,-3.911042667,1
714,1789654106.164140701,0.000000000,0,1,0,0,0,1,-3.110958045,-3.911042667,1
715,1789654106.174105406,0.000000000,0,1,0,0,0,1,-3.110958045,-3.911042667,1
716,1789654106.184171677,0.000000000,0,1,0,0,0,1,-3.110958045,-3.911042667,1
717,1789654106.194107533,0.000000000,0,1,0,0,0,1,-3.110958045,-3.911042667,1
718,1789654106.204158068,0.000000000,0,1,0,0,0,1,-3.110958045,-3.911042667,1
719,1789654106.214109182,0.000000000,0,1,0,0,0,1,-3.110958045,-3.911042667,1
720,1789654106.224104404,0.000000000,0,1,0,0,0,1,-3.110958045,-3.911042667,1
721,1789654106.234111786,0.000000000,0,1,0,0,0,1,-3.110958045,-3.911042667,1
722,1789654106.244141102,0.000000000,0,1,0,0,0,1,-3.110958045,-3.911042667,1
723,1789654106.254118204,0.000000000,0,1,0,0,0,1,-3.110958045,-3.911042667,1
724,1789654106.264109850,0.000000000,0,1,0,0,0,1,-3.110958045,-3.911042667,1
725,1789654106.274124146,0.000000000,0,1,0,0,0,1,-3.110958045,-3.911042667,1
726,1789654106.284126282,0.000000000,0,1,0,0,0,1,-3.110958045,-3.911042667,1
727,1789654106.294127464,0.000000000,0,1,0,0,0,1,-3.110958045,-3.911042667,1
728,1789654106.304161310,0.000000000,0,1,0,0,0,1,-3.110958045,-3.911042667,1
729,1789654106.314125061,0.000000000,0,1,0,0,0,1,-3.110958045,-3.911042667,1
730,1789654106.324123859,0.000000000,0,1,0,0,0,1,-3.110958045,-3.911042667,1
731,1789654106.334127426,0.000000000,0,1,0,0,0,1,-3.110958045,-3.911042667,1
732,1789654106.344122648,0.000000000,0,1,0,0,0,1,-3.110958045,-3.911042667,1
733,1789654106.354123354,0.000000000,0,1,0,0,0,1,-3.110958045,-3.911042667,1
734,1789654106.364123344,0.000000000,0,1,0,0,0,1,-3.110958045,-3.911042667,1
735,1789654106.374125719,0.000000000,0,1,0,0,0,1,-3.110958045,-3.911042667,1
736,1789654106.384159565,0.000000000,0,1,0,0,0,1,-3.110958045,-3.911042667,1
737,1789654106.394116402,0.000000000,0,1,0,0,0,1,-3.110958045,-3.911042667,1
738,1789654106.404165030,0.000000000,0,1,0,0,0,1,-3.110958045,-3.911042667,1
739,1789654106.414132118,0.000000000,0,1,0,0,0,1,-3.110958045,-3.911042667,1
740,1789654106.424138784,0.000000000,0,1,0,0,0,1,-3.110958045,-3.911042667,1
741,1789654106.434124947,0.000000000,0,1,0,0,0,1,-3.110958045,-3.911042667,1
742,1789654106.444168806,0.000000000,0,1,0,0,0,1,-3.110958045,-3.911042667,1
743,1789654106.454129696,0.000000000,0,1,0,0,0,1,-3.110958045,-3.911042667,1
744,1789654106.464133739,0.000000000,0,1,0,0,0,1,-3.110958045,-3.911042667,1
745,1789654106.475995302,0.000000000,0,1,0,0,0,1,-3.110958045,-3.911042667,1
746,1789654106.485589981,0.000000000,0,1,0,0,0,1,-3.110958045,-3.911042667,1
747,1789654106.494684458,0.000000000,0,1,0,0,0,1,-3.110958045,-3.911042667,1
748,1789654106.504115820,0.000000000,0,1,0,0,0,1,-3.110958045,-3.911042667,1
749,1789654106.514135599,0.000000000,0,1,0,0,0,1,-3.110958045,-3.911042667,1
750,1789654106.524156809,0.000000000,0,1,0,0,0,1,-3.110958045,-3.911042667,1
751,1789654106.534149647,0.000000000,0,1,0,0,0,1,-3.110958045,-3.911042667,1
752,1789654106.544144869,0.000000000,0,1,0,0,0,1,-3.110958045,-3.911042667,1
753,1789654106.554108381,0.000000000,0,1,0,0,0,1,-3.110958045,-3.911042667,1
754,1789654106.564129114,0.000000000,0,1,0,0,0,1,-3.110958045,-3.911042667,1
755,1789654106.574158669,0.000000000,0,1,0,0,0,1,-3.110958045,-3.911042667,1
756,1789654106.584155560,0.000000000,0,1,0,0,0,1,-3.110958045,-3.911042667,1
757,1789654106.594132185,0.000000000,0,1,0,0,0,1,-3.110958045,-3.911042667,1
758,1789654106.604110479,0.000000000,0,1,0,0,0,1,-3.110958045,-3.911042667,1
759,1789654106.614141703,0.000000000,0,1,0,0,0,1,-3.110958045,-3.911042667,1
760,1789654106.624141932,0.000000000,0,1,0,0,0,1,-3.110958045,-3.911042667,1
761,1789654106.634135962,0.000000000,0,1,0,0,0,1,-3.110958045,-3.911042667,1
762,1789654106.644123554,0.000000000,0,1,0,0,0,1,-3.110958045,-3.911042667,1
763,1789654106.654126167,0.000000000,0,1,0,0,0,1,-3.110958045,-3.911042667,1
764,1789654106.664172173,0.000000000,0,1,0,0,0,1,-3.110958045,-3.911042667,1
765,1789654106.674161434,0.000000000,0,1,0,0,0,1,-3.110958045,-3.911042667,1
766,1789654106.684132814,0.000000000,0,1,0,0,0,1,-3.110958045,-3.911042667,1
767,1789654106.694108248,0.000000000,0,1,0,0,0,1,-3.110958045,-3.911042667,1
768,1789654106.704108715,0.000000000,0,1,0,0,0,1,-3.110958045,-3.911042667,1
769,1789654106.714159250,0.000000000,0,1,0,0,0,1,-3.110958045,-3.911042667,1
770,1789654106.724159479,0.000000000,0,1,0,0,0,1,-3.110958045,-3.911042667,1
771,1789654106.734118462,0.000000000,0,1,0,0,0,1,-3.110958045,-3.911042667,1
772,1789654106.744125843,0.000000000,0,1,0,0,0,1,-3.110958045,-3.911042667,1
773,1789654106.754156590,0.000000000,0,1,0,0,0,1,-3.110958045,-3.911042667,1
774,1789654106.764153957,0.000000000,0,1,0,0,0,1,-3.110958045,-3.911042667,1
775,1789654106.774125814,0.000000000,0,1,0,0,0,1,-3.110958045,-3.911042667,1
776,1789654106.784106970,0.000000000,0,1,0,0,0,1,-3.110958045,-3.911042667,1
777,1789654106.794112921,0.000000000,0,1,0,0,0,1,-3.110958045,-3.911042667,1
778,1789654106.804161072,0.000000000,0,1,0,0,0,1,-3.110958045,-3.911042667,1
779,1789654106.814156771,0.000000000,0,1,0,0,0,1,-3.110958045,-3.911042667,1
780,1789654106.824135780,0.000000000,0,1,0,0,0,1,-3.110958045,-3.911042667,1
781,1789654106.834142447,0.000000000,0,1,0,0,0,1,-3.110958045,-3.911042667,1
782,1789654106.844112158,0.000000000,0,1,0,0,0,1,-3.110958045,-3.911042667,1
783,1789654106.854142189,0.000000000,0,1,0,0,0,1,-3.110958045,-3.911042667,1
784,1789654106.864133835,0.000000000,0,1,0,0,0,1,-3.110958045,-3.911042667,1
785,1789654106.874111176,0.000000000,0,1,0,0,0,1,-3.125715910,-3.911042667,1
786,1789654106.884105921,0.000000000,0,1,0,0,0,1,-3.125715910,-3.911042667,1
787,1789654106.894127846,0.000000000,0,1,0,0,0,1,-3.125715910,-3.911042667,1
788,1789654106.904115438,0.000000000,0,1,0,0,0,1,-3.125715910,-3.911042667,1
789,1789654106.914166927,0.000000000,0,1,0,0,0,1,-3.125715910,-3.911042667,1
790,1789654106.924148083,0.000000000,0,1,0,0,0,1,-3.125715910,-3.911042667,1
791,1789654106.934130192,0.000000000,0,1,0,0,0,1,-3.125715910,-3.911042667,1
792,1789654106.944131374,0.000000000,0,1,0,0,0,1,-3.125715910,-3.911042667,1
793,1789654106.954112053,0.000000000,0,1,0,0,0,1,-3.125715910,-3.911042667,1
794,1789654106.964113712,0.000000000,0,1,0,0,0,1,-3.125715910,-3.911042667,1
795,1789654106.974105120,0.500000000,1,1,0,0,0,1,-3.125715910,-3.911042667,1
796,1789654106.984128952,0.500000000,1,1,0,0,0,1,-3.125715910,-3.911042667,1
797,1789654106.994117022,0.500000000,1,1,0,0,0,1,-3.125715910,-3.911042667,1
798,1789654107.004168034,0.500000000,1,1,0,0,0,1,-3.125715910,-3.911042667,1
799,1789654107.014157772,0.500000000,1,1,0,0,0,1,-3.125715910,-3.911042667,1
800,1789654107.024154902,0.500000000,1,1,0,0,0,1,-3.125715910,-3.911042667,1
801,1789654107.034122467,0.500000000,1,1,0,0,0,1,-3.125715910,-3.911042667,1
802,1789654107.044131041,0.500000000,1,1,0,0,0,1,-3.125715910,-3.911042667,1
803,1789654107.054162025,0.500000000,1,1,0,0,0,1,-3.125715910,-3.911042667,1
804,1789654107.064139843,0.500000000,1,1,0,0,0,1,-3.125715910,-3.911042667,1
805,1789654107.074108124,0.500000000,1,1,0,0,0,1,-3.125715910,-3.911042667,1
806,1789654107.084164619,0.500000000,1,1,0,0,0,1,-3.125715910,-3.911042667,1
807,1789654107.094114542,0.500000000,1,1,0,0,0,1,-3.125715910,-3.911042667,1
808,1789654107.104140520,0.500000000,1,1,0,0,0,1,-3.125715910,-3.911042667,1
809,1789654107.114100933,0.500000000,1,1,0,0,0,1,-3.125715910,-3.911042667,1
810,1789654107.124160767,0.500000000,1,1,0,0,0,1,-3.125715910,-3.911042667,1
811,1789654107.134148359,0.500000000,1,1,0,0,0,1,-3.125715910,-3.911042667,1
812,1789654107.144160986,0.500000000,1,1,0,0,0,1,-3.125715910,-3.911042667,1
813,1789654107.154141426,0.500000000,1,1,0,0,0,1,-3.125715910,-3.911042667,1
814,1789654107.164190769,0.500000000,1,1,0,0,0,1,-3.125715910,-3.911042667,1
815,1789654107.174124479,0.500000000,1,1,0,0,0,1,-3.125715910,-3.911042667,1
816,1789654107.184157372,0.500000000,1,1,0,0,0,1,-3.125715910,-3.911042667,1
817,1789654107.194118738,0.500000000,1,1,0,0,0,1,-3.125715910,-3.911042667,1
818,1789654107.204154730,0.500000000,1,1,0,0,0,1,-3.125715910,-3.911042667,1
819,1789654107.214122057,0.500000000,1,1,0,0,0,1,-3.125715910,-3.911042667,1
820,1789654107.224134684,0.500000000,1,1,0,0,0,1,-3.125715910,-3.911042667,1
821,1789654107.234129429,0.500000000,1,1,0,0,0,1,-3.125715910,-3.911042667,1
822,1789654107.244129896,0.500000000,1,1,0,0,0,1,-3.125715910,-3.911042667,1
823,1789654107.254159451,0.500000000,1,1,0,0,0,1,-3.125715910,-3.911042667,1
824,1789654107.264160156,0.500000000,1,1,0,0,0,1,-3.125715910,-3.911042667,1
825,1789654107.274125099,0.500000000,1,1,0,0,0,1,-3.125715910,-3.911042667,1
826,1789654107.284108400,0.500000000,1,1,0,0,0,1,-3.125715910,-3.911042667,1
827,1789654107.294113636,0.500000000,1,1,0,0,0,1,-3.125715910,-3.911042667,1
828,1789654107.304149866,0.500000000,1,1,0,0,0,1,-3.125715910,-3.911042667,1
829,1789654107.314157486,0.500000000,1,1,0,0,0,1,-3.125715910,-3.911042667,1
830,1789654107.324156523,0.500000000,1,1,0,0,0,1,-3.125715910,-3.911042667,1
831,1789654107.334113121,0.500000000,1,1,0,0,0,1,-3.125715910,-3.911042667,1
832,1789654107.344105005,0.500000000,1,1,0,0,0,1,-3.125715910,-3.911042667,1
833,1789654107.354153633,0.500000000,1,1,0,0,0,1,-3.125715910,-3.911042667,1
834,1789654107.364156246,0.500000000,1,1,0,0,0,1,-3.125715910,-3.911042667,1
835,1789654107.374161005,0.500000000,1,1,0,0,0,1,-3.125715910,-3.911042667,1
836,1789654107.384127855,0.500000000,1,1,0,0,0,1,-3.125715910,-3.911042667,1
837,1789654107.394155025,0.500000000,1,1,0,0,0,1,-3.125715910,-3.911042667,1
838,1789654107.404158354,0.500000000,1,1,0,0,0,1,-3.125715910,-3.911042667,1
839,1789654107.414178371,0.500000000,1,1,0,0,0,1,-3.125715910,-3.911042667,1
840,1789654107.424134254,0.500000000,1,1,0,0,0,1,-3.125715910,-3.911042667,1
841,1789654107.434122801,0.500000000,1,1,0,0,0,1,-3.125715910,-3.911042667,1
842,1789654107.444128275,0.500000000,1,1,0,0,0,1,-3.125715910,-3.911042667,1
843,1789654107.454137325,0.500000000,1,1,0,0,0,1,-3.125715910,-3.911042667,1
844,1789654107.464142084,0.500000000,1,1,0,0,0,1,-3.125715910,-3.911042667,1
845,1789654107.474108219,0.500000000,1,1,0,0,0,1,-3.125715910,-3.911042667,1
846,1789654107.484113455,0.500000000,1,1,0,0,0,1,-3.125715910,-3.911042667,1
847,1789654107.494115591,0.500000000,1,1,0,0,0,1,-3.125715910,-3.911042667,1
848,1789654107.504136086,0.500000000,1,1,0,0,0,1,-3.125715910,-3.911042667,1
849,1789654107.514205694,0.500000000,1,1,0,0,0,1,-3.125715910,-3.911042667,1
850,1789654107.524168968,0.500000000,1,1,0,0,0,1,-3.125715910,-3.911042667,1
851,1789654107.534126282,0.500000000,1,1,0,0,0,1,-3.125715910,-3.911042667,1
852,1789654107.544186831,0.500000000,1,1,0,0,0,1,-3.125715910,-3.911042667,1
853,1789654107.554138184,0.500000000,1,1,0,0,0,1,-3.125715910,-3.911042667,1
854,1789654107.564152479,0.500000000,1,1,0,0,0,1,-3.125715910,-3.911042667,1
855,1789654107.574129820,0.500000000,1,1,0,0,0,1,-3.125715910,-3.911042667,1
856,1789654107.584121227,0.500000000,1,1,0,0,0,1,-3.125715910,-3.911042667,1
857,1789654107.594103336,0.500000000,1,1,0,0,0,1,-3.125715910,-3.911042667,1
858,1789654107.604106188,0.500000000,1,1,0,0,0,1,-3.125715910,-3.911042667,1
859,1789654107.614107847,0.500000000,1,1,0,0,0,1,-3.125715910,-3.911042667,1
860,1789654107.624119282,0.500000000,1,1,0,0,0,1,-3.125715910,-3.911042667,1
861,1789654107.634116888,0.500000000,1,1,0,0,0,1,-3.125715910,-3.911042667,1
862,1789654107.644147873,0.500000000,1,1,0,0,0,1,-3.125715910,-3.911042667,1
863,1789654107.654154778,0.500000000,1,1,0,0,0,1,-3.125715910,-3.911042667,1
864,1789654107.664157152,0.500000000,1,1,0,0,0,1,-3.125715910,-3.911042667,1
865,1789654107.674134970,0.500000000,1,1,0,0,0,1,-3.125715910,-3.911042667,1
866,1789654107.684105396,0.500000000,1,1,0,0,0,1,-3.125715910,-3.911042667,1
867,1789654107.694145441,0.500000000,1,1,0,0,0,1,-3.125715910,-3.911042667,1
868,1789654107.704159498,0.500000000,1,1,0,0,0,1,-3.125715910,-3.911042667,1
869,1789654107.714171648,0.500000000,1,1,0,0,0,1,-3.125715910,-3.911042667,1
870,1789654107.724161386,0.500000000,1,1,0,0,0,1,-3.125715910,-3.911042667,1
871,1789654107.734110117,0.500000000,1,1,0,0,0,1,-3.125715910,-3.911042667,1
872,1789654107.744154453,0.500000000,1,1,0,0,0,1,-3.125715910,-3.911042667,1
873,1789654107.754152775,0.500000000,1,1,0,0,0,1,-3.125715910,-3.911042667,1
874,1789654107.764130831,0.500000000,1,1,0,0,0,1,-3.125715910,-3.911042667,1
875,1789654107.774109602,0.500000000,1,1,0,0,0,1,-3.125715910,-3.911042667,1
876,1789654107.784155369,0.500000000,1,1,0,0,0,1,-3.125715910,-3.911042667,1
877,1789654107.794138432,0.500000000,1,1,0,0,0,1,-3.125715910,-3.911042667,1
878,1789654107.804157972,0.500000000,1,1,0,0,0,1,-3.125715910,-3.911042667,1
879,1789654107.814163208,0.500000000,1,1,0,0,0,1,-3.125715910,-3.911042667,1
880,1789654107.824154139,0.500000000,1,1,0,0,0,1,-3.125715910,-3.911042667,1
881,1789654107.834107876,0.500000000,1,1,0,0,0,1,-3.125715910,-3.911042667,1
882,1789654107.844105244,0.500000000,1,1,0,0,0,1,-3.125715910,-3.911042667,1
883,1789654107.854105234,0.500000000,1,1,0,0,0,1,-3.125715910,-3.911042667,1
884,1789654107.864156246,0.500000000,1,1,0,0,0,1,-3.125715910,-3.911042667,1
885,1789654107.874137640,0.500000000,1,1,0,0,0,1,-3.125715910,-3.911042667,1
886,1789654107.884115219,0.500000000,1,1,0,0,0,1,-3.125715910,-3.911042667,1
887,1789654107.894140005,0.500000000,1,1,0,0,0,1,-3.125715910,-3.911042667,1
888,1789654107.904161930,0.500000000,1,1,0,0,0,1,-3.125715910,-3.911042667,1
889,1789654107.914156199,0.500000000,1,1,0,0,0,1,-3.125715910,-3.911042667,1
890,1789654107.924130917,0.500000000,1,1,0,0,0,1,-3.125715910,-3.911042667,1
891,1789654107.934141159,0.500000000,1,1,0,0,0,1,-3.125715910,-3.911042667,1
892,1789654107.944157839,0.500000000,1,1,0,0,0,1,-3.125715910,-3.911042667,1
893,1789654107.954154253,0.500000000,1,1,0,0,0,1,-3.125715910,-3.911042667,1
894,1789654107.964160681,0.500000000,1,1,0,0,0,1,-3.125715910,-3.911042667,1
895,1789654107.974108696,0.500000000,1,1,0,0,0,1,-3.125715910,-3.911042667,1
896,1789654107.984125137,0.500000000,1,1,0,0,0,1,-3.125715910,-3.911042667,1
897,1789654107.994100809,0.500000000,1,1,0,0,0,1,-3.125715910,-3.911042667,1
898,1789654108.004152298,0.500000000,1,1,0,0,0,1,-3.125715910,-3.911042667,1
899,1789654108.014106989,0.500000000,1,1,0,0,0,1,-3.125715910,-3.911042667,1
900,1789654108.024163008,0.500000000,1,1,0,0,0,1,-3.125715910,-3.911042667,1
901,1789654108.034132242,0.500000000,1,1,0,0,0,1,-3.125715910,-3.911042667,1
902,1789654108.044155598,0.500000000,1,1,0,0,0,1,-3.125715910,-3.911042667,1
903,1789654108.054159164,0.500000000,1,1,0,0,0,1,-3.125715910,-3.911042667,1
904,1789654108.064155817,0.500000000,1,1,0,0,0,1,-3.125715910,-3.911042667,1
905,1789654108.074102163,0.500000000,1,1,0,0,0,1,-3.125715910,-3.911042667,1
906,1789654108.084161282,0.500000000,1,1,0,0,0,1,-3.125715910,-3.911042667,1
907,1789654108.094116926,0.500000000,1,1,0,0,0,1,-3.125715910,-3.911042667,1
908,1789654108.104160070,0.500000000,1,1,0,0,0,1,-3.125715910,-3.911042667,1
909,1789654108.114156008,0.500000000,1,1,0,0,0,1,-3.125715910,-3.911042667,1
910,1789654108.124160767,0.500000000,1,1,0,0,0,1,-3.125715910,-3.911042667,1
911,1789654108.134123564,0.500000000,1,1,0,0,0,1,-3.125715910,-3.911042667,1
912,1789654108.144153118,0.500000000,1,1,0,0,0,1,-3.125715910,-3.911042667,1
913,1789654108.154144526,0.500000000,1,1,0,0,0,1,-3.125715910,-3.911042667,1
914,1789654108.164156675,0.500000000,1,1,0,0,0,1,-3.125715910,-3.911042667,1
915,1789654108.174110413,0.500000000,1,1,0,0,0,1,-3.125715910,-3.911042667,1
916,1789654108.184171915,0.500000000,1,1,0,0,0,1,-3.125715910,-3.911042667,1
917,1789654108.194149971,0.500000000,1,1,0,0,0,1,-3.125715910,-3.911042667,1
918,1789654108.204155207,0.500000000,1,1,0,0,0,1,-3.125715910,-3.911042667,1
919,1789654108.214159727,0.500000000,1,1,0,0,0,1,-3.125715910,-3.911042667,1
920,1789654108.224173307,0.500000000,1,1,0,0,0,1,-3.125715910,-3.911042667,1
921,1789654108.234126806,0.500000000,1,1,0,0,0,1,-3.125715910,-3.911042667,1
922,1789654108.244156361,0.500000000,1,1,0,0,0,1,-3.125715910,-3.911042667,1
923,1789654108.254158497,0.500000000,1,1,0,0,0,1,-3.125715910,-3.911042667,1
924,1789654108.264128208,0.500000000,1,1,0,0,0,1,-3.125715910,-3.911042667,1
925,1789654108.274132013,0.500000000,1,1,0,0,0,1,-3.125715910,-3.929596000,1
926,1789654108.284108400,0.500000000,1,1,0,0,0,1,-3.125715910,-3.929596000,1
927,1789654108.294178963,0.500000000,1,1,0,0,0,1,-3.125715910,-3.929596000,1
928,1789654108.304174185,0.500000000,1,1,0,0,0,1,-3.125715910,-3.929596000,1
929,1789654108.314200163,0.500000000,1,1,0,0,0,1,-3.125715910,-3.929596000,1
930,1789654108.324167013,0.500000000,1,1,0,0,0,1,-3.125715910,-3.929596000,1
931,1789654108.334132433,0.500000000,1,1,0,0,0,1,-3.125715910,-3.929596000,1
932,1789654108.344125032,0.500000000,1,1,0,0,0,1,-3.125715910,-3.929596000,1
933,1789654108.354123592,0.500000000,1,1,0,0,0,1,-3.125715910,-3.929596000,1
934,1789654108.364123344,0.500000000,1,1,0,0,0,1,-3.125715910,-3.929596000,1
935,1789654108.374130964,0.500000000,1,1,0,0,0,1,-3.125715910,-3.929596000,1
936,1789654108.384168625,0.500000000,1,1,0,0,0,1,-3.125715910,-3.929596000,1
937,1789654108.394119024,0.500000000,1,1,0,0,0,1,-3.125715910,-3.929596000,1
938,1789654108.404171944,0.500000000,1,1,0,0,0,1,-3.125715910,-3.929596000,1
939,1789654108.414183855,0.500000000,1,1,0,0,0,1,-3.125715910,-3.929596000,1
940,1789654108.424168348,0.500000000,1,1,0,0,0,1,-3.125715910,-3.929596000,1
941,1789654108.434134722,0.500000000,1,1,0,0,0,1,-3.125715910,-3.929596000,1
942,1789654108.444170237,0.500000000,1,1,0,0,0,1,-3.125715910,-3.929596000,1
943,1789654108.454160929,0.500000000,1,1,0,0,0,1,-3.125715910,-3.929596000,1
944,1789654108.464147091,0.500000000,1,1,0,0,0,1,-3.125715910,-3.929596000,1
945,1789654108.474148750,0.500000000,1,1,0,0,0,1,-3.140473776,-3.948149333,1
946,1789654108.484151840,0.500000000,1,1,0,0,0,1,-3.140473776,-3.948149333,1
947,1789654108.494146109,0.500000000,1,1,0,0,0,1,-3.140473776,-3.948149333,1
948,1789654108.504156828,0.500000000,1,1,0,0,0,1,-3.140473776,-3.948149333,1
949,1789654108.514176607,0.500000000,1,1,0,0,0,1,-3.140473776,-3.948149333,1
950,1789654108.524134636,0.500000000,1,1,0,0,0,1,-3.140473776,-3.948149333,1
951,1789654108.534129381,0.500000000,1,1,0,0,0,1,-3.140473776,-3.948149333,1
952,1789654108.544143200,0.500000000,1,1,0,0,0,1,-3.140473776,-3.948149333,1
953,1789654108.554175377,0.500000000,1,1,0,0,0,1,-3.140473776,-3.948149333,1
954,1789654108.564206123,0.500000000,1,1,0,0,0,1,-3.140473776,-3.948149333,1
955,1789654108.574115515,0.500000000,1,1,0,0,0,1,-3.184747372,-3.985256000,1
956,1789654108.584156752,0.500000000,1,1,0,0,0,1,-3.184747372,-3.985256000,1
957,1789654108.594156504,0.500000000,1,1,0,0,0,1,-3.184747372,-3.985256000,1
958,1789654108.604190350,0.500000000,1,1,0,0,0,1,-3.184747372,-3.985256000,1
959,1789654108.614163637,0.500000000,1,1,0,0,0,1,-3.184747372,-3.985256000,1
960,1789654108.624171019,0.500000000,1,1,0,0,0,1,-3.184747372,-3.985256000,1
961,1789654108.634125471,0.500000000,1,1,0,0,0,1,-3.184747372,-3.985256000,1
962,1789654108.644166470,0.500000000,1,1,0,0,0,1,-3.184747372,-3.985256000,1
963,1789654108.654146671,0.500000000,1,1,0,0,0,1,-3.184747372,-3.985256000,1
964,1789654108.664213657,0.500000000,1,1,0,0,0,1,-3.184747372,-3.985256000,1
965,1789654108.674114704,0.500000000,1,1,0,0,0,1,-3.214263104,-4.022362666,1
966,1789654108.684146404,0.500000000,1,1,0,0,0,1,-3.214263104,-4.022362666,1
967,1789654108.694182873,0.500000000,1,1,0,0,0,1,-3.214263104,-4.022362666,1
968,1789654108.704200506,0.500000000,1,1,0,0,0,1,-3.214263104,-4.022362666,1
969,1789654108.714119673,0.500000000,1,1,0,0,0,1,-3.214263104,-4.022362666,1
970,1789654108.724168777,0.500000000,1,1,0,0,0,1,-3.214263104,-4.022362666,1
971,1789654108.734127045,0.500000000,1,1,0,0,0,1,-3.214263104,-4.022362666,1
972,1789654108.744142056,0.500000000,1,1,0,0,0,1,-3.214263104,-4.022362666,1
973,1789654108.754166365,0.500000000,1,1,0,0,0,1,-3.214263104,-4.022362666,1
974,1789654108.764185905,0.500000000,1,1,0,0,0,1,-3.214263104,-4.022362666,1
975,1789654108.774125814,0.500000000,1,1,0,0,0,1,-3.243778835,-4.059469333,1
976,1789654108.784144878,0.500000000,1,1,0,0,0,1,-3.243778835,-4.059469333,1
977,1789654108.794148207,0.500000000,1,1,0,0,0,1,-3.243778835,-4.059469333,1
978,1789654108.804166555,0.500000000,1,1,0,0,0,1,-3.243778835,-4.059469333,1
979,1789654108.814190149,0.500000000,1,1,0,0,0,1,-3.243778835,-4.059469333,1
980,1789654108.824145555,0.500000000,1,1,0,0,0,1,-3.243778835,-4.059469333,1
981,1789654108.834122658,0.500000000,1,1,0,0,0,1,-3.243778835,-4.059469333,1
982,1789654108.844134331,0.500000000,1,1,0,0,0,1,-3.243778835,-4.059469333,1
983,1789654108.854160547,0.500000000,1,1,0,0,0,1,-3.243778835,-4.059469333,1
984,1789654108.864125729,0.500000000,1,1,0,0,0,1,-3.243778835,-4.059469333,1
985,1789654108.874125242,0.500000000,1,1,0,0,0,1,-3.258536700,-4.115129333,1
986,1789654108.884123564,0.500000000,1,1,0,0,0,1,-3.258536700,-4.115129333,1
987,1789654108.894169569,0.500000000,1,1,0,0,0,1,-3.258536700,-4.115129333,1
988,1789654108.904200554,0.500000000,1,1,0,0,0,1,-3.258536700,-4.115129333,1
989,1789654108.914143801,0.500000000,1,1,0,0,0,1,-3.258536700,-4.115129333,1
990,1789654108.924152136,0.500000000,1,1,0,0,0,1,-3.258536700,-4.115129333,1
991,1789654108.934125662,0.500000000,1,1,0,0,0,1,-3.258536700,-4.115129333,1
992,1789654108.944140434,0.500000000,1,1,0,0,0,1,-3.258536700,-4.115129333,1
993,1789654108.954125166,0.500000000,1,1,0,0,0,1,-3.258536700,-4.115129333,1
994,1789654108.964160204,0.500000000,1,1,0,0,0,1,-3.258536700,-4.115129333,1
995,1789654108.974115610,0.500000000,1,1,0,0,0,1,-3.258536700,-4.115129333,1
996,1789654108.984147310,0.500000000,1,1,0,0,0,1,-3.258536700,-4.115129333,1
997,1789654108.994133472,0.500000000,1,1,0,0,0,1,-3.258536700,-4.115129333,1
998,1789654109.004173756,0.500000000,1,1,0,0,0,1,-3.258536700,-4.115129333,1
999,1789654109.014518261,0.500000000,1,1,0,0,0,1,-3.258536700,-4.115129333,1
1000,1789654109.024179459,0.500000000,1,1,0,0,0,1,-3.258536700,-4.115129333,1
1001,1789654109.034147978,0.500000000,1,1,0,0,0,1,-3.258536700,-4.115129333,1
1002,1789654109.044133425,0.500000000,1,1,0,0,0,1,-3.258536700,-4.115129333,1
1003,1789654109.054121971,0.500000000,1,1,0,0,0,1,-3.258536700,-4.115129333,1
1004,1789654109.064191580,0.500000000,1,1,0,0,0,1,-3.258536700,-4.115129333,1
1005,1789654109.074141502,0.500000000,1,1,0,0,0,1,-3.288052431,-4.152236000,1
1006,1789654109.084199429,0.500000000,1,1,0,0,0,1,-3.288052431,-4.152236000,1
1007,1789654109.094142914,0.500000000,1,1,0,0,0,1,-3.288052431,-4.152236000,1
1008,1789654109.104156017,0.500000000,1,1,0,0,0,1,-3.288052431,-4.152236000,1
1009,1789654109.114125490,0.500000000,1,1,0,0,0,1,-3.288052431,-4.152236000,1
1010,1789654109.124157429,0.500000000,1,1,0,0,0,1,-3.288052431,-4.152236000,1
1011,1789654109.134103537,0.500000000,1,1,0,0,0,1,-3.288052431,-4.152236000,1
1012,1789654109.144102573,0.500000000,1,1,0,0,0,1,-3.288052431,-4.152236000,1
1013,1789654109.154103041,0.500000000,1,1,0,0,0,1,-3.288052431,-4.152236000,1
1014,1789654109.164155960,0.500000000,1,1,0,0,0,1,-3.288052431,-4.152236000,1
1015,1789654109.174116611,0.500000000,1,1,0,0,0,1,-3.332326028,-4.189342667,1
1016,1789654109.184110403,0.500000000,1,1,0,0,0,1,-3.332326028,-4.189342667,1
1017,1789654109.194109201,0.500000000,1,1,0,0,0,1,-3.332326028,-4.189342667,1
1018,1789654109.204166651,0.500000000,1,1,0,0,0,1,-3.332326028,-4.189342667,1
1019,1789654109.214159250,0.500000000,1,1,0,0,0,1,-3.332326028,-4.189342667,1
1020,1789654109.224129200,0.500000000,1,1,0,0,0,1,-3.332326028,-4.189342667,1
1021,1789654109.234111071,0.500000000,1,1,0,0,0,1,-3.332326028,-4.189342667,1
1022,1789654109.244104862,0.500000000,1,1,0,0,0,1,-3.332326028,-4.189342667,1
1023,1789654109.254139900,0.500000000,1,1,0,0,0,1,-3.332326028,-4.189342667,1
1024,1789654109.264155865,0.500000000,1,1,0,0,0,1,-3.332326028,-4.189342667,1
1025,1789654109.274157524,0.500000000,1,1,0,0,0,1,-3.361841759,-4.226449333,1
1026,1789654109.284163952,0.500000000,1,1,0,0,0,1,-3.361841759,-4.226449333,1
1027,1789654109.294118881,0.500000000,1,1,0,0,0,1,-3.361841759,-4.226449333,1
1028,1789654109.304122448,0.500000000,1,1,0,0,0,1,-3.361841759,-4.226449333,1
1029,1789654109.314129591,0.500000000,1,1,0,0,0,1,-3.361841759,-4.226449333,1
1030,1789654109.324151516,0.500000000,1,1,0,0,0,1,-3.361841759,-4.226449333,1
1031,1789654109.334163427,0.500000000,1,1,0,0,0,1,-3.361841759,-4.226449333,1
1032,1789654109.344188213,0.500000000,1,1,0,0,0,1,-3.361841759,-4.226449333,1
1033,1789654109.354158401,0.500000000,1,1,0,0,0,1,-3.361841759,-4.226449333,1
1034,1789654109.364177465,0.500000000,1,1,0,0,0,1,-3.361841759,-4.226449333,1
1035,1789654109.374116898,0.500000000,1,1,0,0,0,1,-3.391357489,-4.282109333,1
1036,1789654109.384193182,0.500000000,1,1,0,0,0,1,-3.391357489,-4.282109333,1
1037,1789654109.394145966,0.500000000,1,1,0,0,0,1,-3.391357489,-4.282109333,1
1038,1789654109.404169321,0.500000000,1,1,0,0,0,1,-3.391357489,-4.282109333,1
1039,1789654109.414164782,0.500000000,1,1,0,0,0,1,-3.391357489,-4.282109333,1
1040,1789654109.424170732,0.500000000,1,1,0,0,0,1,-3.391357489,-4.282109333,1
1041,1789654109.434158802,0.500000000,1,1,0,0,0,1,-3.391357489,-4.282109333,1
1042,1789654109.444134712,0.500000000,1,1,0,0,0,1,-3.391357489,-4.282109333,1
1043,1789654109.454134464,0.500000000,1,1,0,0,0,1,-3.391357489,-4.282109333,1
1044,1789654109.464177370,0.500000000,1,1,0,0,0,1,-3.391357489,-4.282109333,1
1045,1789654109.474150896,0.500000000,1,1,0,0,0,1,-3.391357489,-4.282109333,1
1046,1789654109.484129190,0.500000000,1,1,0,0,0,1,-3.391357489,-4.282109333,1
1047,1789654109.494117737,0.500000000,1,1,0,0,0,1,-3.391357489,-4.282109333,1
1048,1789654109.504189730,0.500000000,1,1,0,0,0,1,-3.391357489,-4.282109333,1
1049,1789654109.514158487,0.500000000,1,1,0,0,0,1,-3.391357489,-4.282109333,1
1050,1789654109.524163485,0.500000000,1,1,0,0,0,1,-3.391357489,-4.282109333,1
1051,1789654109.534144163,0.500000000,1,1,0,0,0,1,-3.391357489,-4.282109333,1
1052,1789654109.544122934,0.500000000,1,1,0,0,0,1,-3.391357489,-4.282109333,1
1053,1789654109.554125071,0.500000000,1,1,0,0,0,1,-3.391357489,-4.282109333,1
1054,1789654109.564219475,0.500000000,1,1,0,0,0,1,-3.391357489,-4.282109333,1
1055,1789654109.574114799,0.500000000,1,1,0,0,0,1,-3.420873220,-4.337769333,1
1056,1789654109.584167004,0.500000000,1,1,0,0,0,1,-3.420873220,-4.337769333,1
1057,1789654109.594153881,0.500000000,1,1,0,0,0,1,-3.420873220,-4.337769333,1
1058,1789654109.604121685,0.500000000,1,1,0,0,0,1,-3.420873220,-4.337769333,1
1059,1789654109.614151716,0.500000000,1,1,0,0,0,1,-3.420873220,-4.337769333,1
1060,1789654109.624171019,0.500000000,1,1,0,0,0,1,-3.420873220,-4.337769333,1
1061,1789654109.634158850,0.500000000,1,1,0,0,0,1,-3.420873220,-4.337769333,1
1062,1789654109.644150972,0.500000000,1,1,0,0,0,1,-3.420873220,-4.337769333,1
1063,1789654109.654176950,0.500000000,1,1,0,0,0,1,-3.420873220,-4.337769333,1
1064,1789654109.664176464,0.500000000,1,1,0,0,0,1,-3.420873220,-4.337769333,1
1065,1789654109.674122334,0.500000000,1,1,0,0,0,1,-3.450388951,-4.356322666,1
1066,1789654109.684173822,0.500000000,1,1,0,0,0,1,-3.450388951,-4.356322666,1
1067,1789654109.694169760,0.500000000,1,1,0,0,0,1,-3.450388951,-4.356322666,1
1068,1789654109.704217911,0.500000000,1,1,0,0,0,1,-3.450388951,-4.356322666,1
1069,1789654109.714205265,0.500000000,1,1,0,0,0,1,-3.450388951,-4.356322666,1
1070,1789654109.724167347,0.500000000,1,1,0,0,0,1,-3.450388951,-4.356322666,1
1071,1789654109.734145641,0.500000000,1,1,0,0,0,1,-3.450388951,-4.356322666,1
1072,1789654109.744122028,0.500000000,1,1,0,0,0,1,-3.450388951,-4.356322666,1
1073,1789654109.754173994,0.500000000,1,1,0,0,0,1,-3.450388951,-4.356322666,1
1074,1789654109.764207125,0.500000000,1,1,0,0,0,1,-3.450388951,-4.356322666,1
1075,1789654109.774120092,0.500000000,1,1,0,0,0,1,-3.494662548,-4.430536000,1
1076,1789654109.784191370,0.500000000,1,1,0,0,0,1,-3.494662548,-4.430536000,1
1077,1789654109.794131994,0.500000000,1,1,0,0,0,1,-3.494662548,-4.430536000,1
1078,1789654109.804127455,0.500000000,1,1,0,0,0,1,-3.494662548,-4.430536000,1
1079,1789654109.814171791,0.500000000,1,1,0,0,0,1,-3.494662548,-4.430536000,1
1080,1789654109.824178934,0.500000000,1,1,0,0,0,1,-3.494662548,-4.430536000,1
1081,1789654109.834142685,0.500000000,1,1,0,0,0,1,-3.494662548,-4.430536000,1
1082,1789654109.844119787,0.500000000,1,1,0,0,0,1,-3.494662548,-4.430536000,1
1083,1789654109.854163647,0.500000000,1,1,0,0,0,1,-3.494662548,-4.430536000,1
1084,1789654109.864132881,0.500000000,1,1,0,0,0,1,-3.494662548,-4.430536000,1
1085,1789654109.874130011,0.500000000,1,1,0,0,0,1,-3.524178279,-4.467642667,1
1086,1789654109.884191990,0.500000000,1,1,0,0,0,1,-3.524178279,-4.467642667,1
1087,1789654109.894152164,0.500000000,1,1,0,0,0,1,-3.524178279,-4.467642667,1
1088,1789654109.904176474,0.500000000,1,1,0,0,0,1,-3.524178279,-4.467642667,1
1089,1789654109.914193153,0.500000000,1,1,0,0,0,1,-3.524178279,-4.467642667,1
1090,1789654109.924150467,0.500000000,1,1,0,0,0,1,-3.524178279,-4.467642667,1
1091,1789654109.934133768,0.500000000,1,1,0,0,0,1,-3.524178279,-4.467642667,1
1092,1789654109.944156885,0.500000000,1,1,0,0,0,1,-3.524178279,-4.467642667,1
1093,1789654109.954122543,0.500000000,1,1,0,0,0,1,-3.524178279,-4.467642667,1
1094,1789654109.964169979,0.500000000,1,1,0,0,0,1,-3.524178279,-4.467642667,1
1095,1789654109.974122524,0.500000000,1,1,0,0,0,1,-3.524178279,-4.467642667,1
1096,1789654109.984174490,0.500000000,1,1,0,0,0,1,-3.524178279,-4.467642667,1
1097,1789654109.994143724,0.500000000,1,1,0,0,0,1,-3.524178279,-4.467642667,1
1098,1789654110.004172802,0.500000000,1,1,0,0,0,1,-3.524178279,-4.467642667,1
1099,1789654110.014162540,0.500000000,1,1,0,0,0,1,-3.524178279,-4.467642667,1
1100,1789654110.024160862,0.500000000,1,1,0,0,0,1,-3.524178279,-4.467642667,1
1101,1789654110.034153938,0.500000000,1,1,0,0,0,1,-3.524178279,-4.467642667,1
1102,1789654110.044104099,0.500000000,1,1,0,0,0,1,-3.524178279,-4.467642667,1
1103,1789654110.054155827,0.500000000,1,1,0,0,0,1,-3.524178279,-4.467642667,1
1104,1789654110.064153433,0.500000000,1,1,0,0,0,1,-3.524178279,-4.467642667,1
1105,1789654110.074109793,0.500000000,1,1,0,0,0,1,-3.553694009,-4.504749334,1
1106,1789654110.084161520,0.500000000,1,1,0,0,0,1,-3.553694009,-4.504749334,1
1107,1789654110.094131708,0.500000000,1,1,0,0,0,1,-3.553694009,-4.504749334,1
1108,1789654110.104136944,0.500000000,1,1,0,0,0,1,-3.553694009,-4.504749334,1
1109,1789654110.114141941,0.500000000,1,1,0,0,0,1,-3.553694009,-4.504749334,1
1110,1789654110.124128819,0.500000000,1,1,0,0,0,1,-3.553694009,-4.504749334,1
1111,1789654110.134127855,0.500000000,1,1,0,0,0,1,-3.553694009,-4.504749334,1
1112,1789654110.144108772,0.500000000,1,1,0,0,0,1,-3.553694009,-4.504749334,1
1113,1789654110.154111385,0.500000000,1,1,0,0,0,1,-3.553694009,-4.504749334,1
1114,1789654110.164124489,0.500000000,1,1,0,0,0,1,-3.553694009,-4.504749334,1
1115,1789654110.174109459,0.500000000,1,1,0,0,0,1,-3.597967606,-4.541856000,1
1116,1789654110.184109449,0.500000000,1,1,0,0,0,1,-3.597967606,-4.541856000,1
1117,1789654110.194116592,0.500000000,1,1,0,0,0,1,-3.597967606,-4.541856000,1
1118,1789654110.204122543,0.500000000,1,1,0,0,0,1,-3.597967606,-4.541856000,1
1119,1789654110.214138508,0.500000000,1,1,0,0,0,1,-3.597967606,-4.541856000,1
1120,1789654110.224125862,0.500000000,1,1,0,0,0,1,-3.597967606,-4.541856000,1
1121,1789654110.234106064,0.500000000,1,1,0,0,0,1,-3.597967606,-4.541856000,1
1122,1789654110.244129896,0.500000000,1,1,0,0,0,1,-3.597967606,-4.541856000,1
1123,1789654110.254122734,0.500000000,1,1,0,0,0,1,-3.597967606,-4.541856000,1
1124,1789654110.264117479,0.500000000,1,1,0,0,0,1,-3.597967606,-4.541856000,1
1125,1789654110.274123669,0.500000000,1,1,0,0,0,1,-3.627483337,-4.597516000,1
1126,1789654110.284136772,0.500000000,1,1,0,0,0,1,-3.627483337,-4.597516000,1
1127,1789654110.294112682,0.500000000,1,1,0,0,0,1,-3.627483337,-4.597516000,1
1128,1789654110.304108143,0.500000000,1,1,0,0,0,1,-3.627483337,-4.597516000,1
1129,1789654110.314111710,0.500000000,1,1,0,0,0,1,-3.627483337,-4.597516000,1
1130,1789654110.324139118,0.500000000,1,1,0,0,0,1,-3.627483337,-4.597516000,1
1131,1789654110.334132671,0.500000000,1,1,0,0,0,1,-3.627483337,-4.597516000,1
1132,1789654110.344129801,0.500000000,1,1,0,0,0,1,-3.627483337,-4.597516000,1
1133,1789654110.354101658,0.500000000,1,1,0,0,0,1,-3.627483337,-4.597516000,1
1134,1789654110.364111185,0.500000000,1,1,0,0,0,1,-3.627483337,-4.597516000,1
1135,1789654110.374106884,0.500000000,1,1,0,0,0,1,-3.627483337,-4.597516000,1
1136,1789654110.384152651,0.500000000,1,1,0,0,0,1,-3.627483337,-4.597516000,1
1137,1789654110.394171715,0.500000000,1,1,0,0,0,1,-3.627483337,-4.597516000,1
1138,1789654110.404201746,0.500000000,1,1,0,0,0,1,-3.627483337,-4.597516000,1
1139,1789654110.414199352,0.500000000,1,1,0,0,0,1,-3.627483337,-4.597516000,1
1140,1789654110.424136877,0.500000000,1,1,0,0,0,1,-3.627483337,-4.597516000,1
1141,1789654110.434128523,0.500000000,1,1,0,0,0,1,-3.627483337,-4.597516000,1
1142,1789654110.444131613,0.500000000,1,1,0,0,0,1,-3.627483337,-4.597516000,1
1143,1789654110.454163313,0.500000000,1,1,0,0,0,1,-3.627483337,-4.597516000,1
1144,1789654110.464114904,0.500000000,1,1,0,0,0,1,-3.627483337,-4.597516000,1
1145,1789654110.474108219,0.500000000,1,1,0,0,0,1,-3.656999068,-4.634622667,1
1146,1789654110.484144449,0.500000000,1,1,0,0,0,1,-3.656999068,-4.634622667,1
1147,1789654110.494112015,0.500000000,1,1,0,0,0,1,-3.656999068,-4.634622667,1
1148,1789654110.504140139,0.500000000,1,1,0,0,0,1,-3.656999068,-4.634622667,1
1149,1789654110.514144421,0.500000000,1,1,0,0,0,1,-3.656999068,-4.634622667,1
1150,1789654110.524127007,0.500000000,1,1,0,0,0,1,-3.656999068,-4.634622667,1
1151,1789654110.534104109,0.500000000,1,1,0,0,0,1,-3.656999068,-4.634622667,1
1152,1789654110.544142008,0.500000000,1,1,0,0,0,1,-3.656999068,-4.634622667,1
1153,1789654110.554130316,0.500000000,1,1,0,0,0,1,-3.656999068,-4.634622667,1
1154,1789654110.564106941,0.500000000,1,1,0,0,0,1,-3.656999068,-4.634622667,1
1155,1789654110.574104548,0.500000000,1,1,0,0,0,1,-3.701272665,-4.690282666,1
1156,1789654110.584133863,0.500000000,1,1,0,0,0,1,-3.701272665,-4.690282666,1
1157,1789654110.594112158,0.500000000,1,1,0,0,0,1,-3.701272665,-4.690282666,1
1158,1789654110.604113579,0.500000000,1,1,0,0,0,1,-3.701272665,-4.690282666,1
1159,1789654110.614105701,0.500000000,1,1,0,0,0,1,-3.701272665,-4.690282666,1
1160,1789654110.624105692,0.500000000,1,1,0,0,0,1,-3.701272665,-4.690282666,1
1161,1789654110.634124756,0.500000000,1,1,0,0,0,1,-3.701272665,-4.690282666,1
1162,1789654110.644122839,0.500000000,1,1,0,0,0,1,-3.701272665,-4.690282666,1
1163,1789654110.654138327,0.500000000,1,1,0,0,0,1,-3.701272665,-4.690282666,1
1164,1789654110.664104462,0.500000000,1,1,0,0,0,1,-3.701272665,-4.690282666,1
1165,1789654110.674134016,0.500000000,1,1,0,0,0,1,-3.730788396,-4.727389333,1
1166,1789654110.684127569,0.500000000,1,1,0,0,0,1,-3.730788396,-4.727389333,1
1167,1789654110.694134235,0.500000000,1,1,0,0,0,1,-3.730788396,-4.727389333,1
1168,1789654110.704133272,0.500000000,1,1,0,0,0,1,-3.730788396,-4.727389333,1
1169,1789654110.714135885,0.500000000,1,1,0,0,0,1,-3.730788396,-4.727389333,1
1170,1789654110.724134445,0.500000000,1,1,0,0,0,1,-3.730788396,-4.727389333,1
1171,1789654110.734103441,0.500000000,1,1,0,0,0,1,-3.730788396,-4.727389333,1
1172,1789654110.744115114,0.500000000,1,1,0,0,0,1,-3.730788396,-4.727389333,1
1173,1789654110.754133224,0.500000000,1,1,0,0,0,1,-3.730788396,-4.727389333,1
1174,1789654110.764139414,0.500000000,1,1,0,0,0,1,-3.730788396,-4.727389333,1
1175,1789654110.774124861,0.500000000,1,1,0,0,0,1,-3.775061992,-4.764496000,1
1176,1789654110.784155607,0.500000000,1,1,0,0,0,1,-3.775061992,-4.764496000,1
1177,1789654110.794128418,0.500000000,1,1,0,0,0,1,-3.775061992,-4.764496000,1
1178,1789654110.804134130,0.500000000,1,1,0,0,0,1,-3.775061992,-4.764496000,1
1179,1789654110.814136505,0.500000000,1,1,0,0,0,1,-3.775061992,-4.764496000,1
1180,1789654110.824122190,0.500000000,1,1,0,0,0,1,-3.775061992,-4.764496000,1
1181,1789654110.834135056,0.500000000,1,1,0,0,0,1,-3.775061992,-4.764496000,1
1182,1789654110.844137192,0.500000000,1,1,0,0,0,1,-3.775061992,-4.764496000,1
1183,1789654110.854130030,0.500000000,1,1,0,0,0,1,-3.775061992,-4.764496000,1
1184,1789654110.864125967,0.500000000,1,1,0,0,0,1,-3.775061992,-4.764496000,1
1185,1789654110.874130249,0.500000000,1,1,0,0,0,1,-3.804577723,-4.820156000,1
1186,1789654110.884141684,0.500000000,1,1,0,0,0,1,-3.804577723,-4.820156000,1
1187,1789654110.894140959,0.500000000,1,1,0,0,0,1,-3.804577723,-4.820156000,1
1188,1789654110.904145479,0.500000000,1,1,0,0,0,1,-3.804577723,-4.820156000,1
1189,1789654110.914145708,0.500000000,1,1,0,0,0,1,-3.804577723,-4.820156000,1
1190,1789654110.924154520,0.500000000,1,1,0,0,0,1,-3.804577723,-4.820156000,1
1191,1789654110.934136391,0.500000000,1,1,0,0,0,1,-3.804577723,-4.820156000,1
1192,1789654110.944120884,0.500000000,1,1,0,0,0,1,-3.804577723,-4.820156000,1
1193,1789654110.954135180,0.500000000,1,1,0,0,0,1,-3.804577723,-4.820156000,1
1194,1789654110.964137077,0.500000000,1,1,0,0,0,1,-3.804577723,-4.820156000,1
1195,1789654110.974136829,0.500000000,1,1,0,0,0,1,-3.804577723,-4.820156000,1
1196,1789654110.984122992,0.500000000,1,1,0,0,0,1,-3.804577723,-4.820156000,1
1197,1789654110.994122028,0.500000000,1,1,0,0,0,1,-3.804577723,-4.820156000,1
1198,1789654111.004124165,0.500000000,1,1,0,0,0,1,-3.804577723,-4.820156000,1
1199,1789654111.014108658,0.500000000,1,1,0,0,0,1,-3.804577723,-4.820156000,1
1200,1789654111.024106741,0.500000000,1,1,0,0,0,1,-3.804577723,-4.820156000,1
1201,1789654111.034133673,0.500000000,1,1,0,0,0,1,-3.804577723,-4.820156000,1
1202,1789654111.044118881,0.500000000,1,1,0,0,0,1,-3.804577723,-4.820156000,1
1203,1789654111.054111242,0.500000000,1,1,0,0,0,1,-3.804577723,-4.820156000,1
1204,1789654111.064126015,0.500000000,1,1,0,0,0,1,-3.804577723,-4.820156000,1
1205,1789654111.074105024,0.500000000,1,1,0,0,0,1,-3.819335589,-4.857262667,1
1206,1789654111.084129333,0.500000000,1,1,0,0,0,1,-3.819335589,-4.857262667,1
1207,1789654111.094108343,0.500000000,1,1,0,0,0,1,-3.819335589,-4.857262667,1
1208,1789654111.104137421,0.500000000,1,1,0,0,0,1,-3.819335589,-4.857262667,1
1209,1789654111.114106417,0.500000000,1,1,0,0,0,1,-3.819335589,-4.857262667,1
1210,1789654111.124135494,0.500000000,1,1,0,0,0,1,-3.819335589,-4.857262667,1
1211,1789654111.134129524,0.500000000,1,1,0,0,0,1,-3.819335589,-4.857262667,1
1212,1789654111.144139528,0.500000000,1,1,0,0,0,1,-3.819335589,-4.857262667,1
1213,1789654111.154126406,0.500000000,1,1,0,0,0,1,-3.819335589,-4.857262667,1
1214,1789654111.164125204,0.500000000,1,1,0,0,0,1,-3.819335589,-4.857262667,1
1215,1789654111.174114227,0.500000000,1,1,0,0,0,1,-3.863609185,-4.894369333,1
1216,1789654111.184132814,0.500000000,1,1,0,0,0,1,-3.863609185,-4.894369333,1
1217,1789654111.194110394,0.500000000,1,1,0,0,0,1,-3.863609185,-4.894369333,1
1218,1789654111.204140186,0.500000000,1,1,0,0,0,1,-3.863609185,-4.894369333,1
1219,1789654111.214113712,0.500000000,1,1,0,0,0,1,-3.863609185,-4.894369333,1
1220,1789654111.224135876,0.500000000,1,1,0,0,0,1,-3.863609185,-4.894369333,1
1221,1789654111.234114408,0.500000000,1,1,0,0,0,1,-3.863609185,-4.894369333,1
1222,1789654111.244140863,0.500000000,1,1,0,0,0,1,-3.863609185,-4.894369333,1
1223,1789654111.254134417,0.500000000,1,1,0,0,0,1,-3.863609185,-4.894369333,1
1224,1789654111.264137268,0.500000000,1,1,0,0,0,1,-3.863609185,-4.894369333,1
1225,1789654111.274112940,0.500000000,1,1,0,0,0,1,-3.893124916,-4.950029333,1
1226,1789654111.284132719,0.500000000,1,1,0,0,0,1,-3.893124916,-4.950029333,1
1227,1789654111.294131041,0.500000000,1,1,0,0,0,1,-3.893124916,-4.950029333,1
1228,1789654111.304151535,0.500000000,1,1,0,0,0,1,-3.893124916,-4.950029333,1
1229,1789654111.314136982,0.500000000,1,1,0,0,0,1,-3.893124916,-4.950029333,1
1230,1789654111.324144840,0.500000000,1,1,0,0,0,1,-3.893124916,-4.950029333,1
1231,1789654111.334125757,0.500000000,1,1,0,0,0,1,-3.893124916,-4.950029333,1
1232,1789654111.344133139,0.500000000,1,1,0,0,0,1,-3.893124916,-4.950029333,1
1233,1789654111.354125738,0.500000000,1,1,0,0,0,1,-3.893124916,-4.950029333,1
1234,1789654111.364109755,0.500000000,1,1,0,0,0,1,-3.893124916,-4.950029333,1
1235,1789654111.374120235,0.500000000,1,1,0,0,0,1,-3.937398512,-4.987136000,1
1236,1789654111.384145260,0.500000000,1,1,0,0,0,1,-3.937398512,-4.987136000,1
1237,1789654111.394152641,0.500000000,1,1,0,0,0,1,-3.937398512,-4.987136000,1
1238,1789654111.404139757,0.500000000,1,1,0,0,0,1,-3.937398512,-4.987136000,1
1239,1789654111.414118767,0.500000000,1,1,0,0,0,1,-3.937398512,-4.987136000,1
1240,1789654111.424136162,0.500000000,1,1,0,0,0,1,-3.937398512,-4.987136000,1
1241,1789654111.434130430,0.500000000,1,1,0,0,0,1,-3.937398512,-4.987136000,1
1242,1789654111.444148064,0.500000000,1,1,0,0,0,1,-3.937398512,-4.987136000,1
1243,1789654111.454105377,0.500000000,1,1,0,0,0,1,-3.937398512,-4.987136000,1
1244,1789654111.464110136,0.500000000,1,1,0,0,0,1,-3.937398512,-4.987136000,1
1245,1789654111.474111080,0.500000000,1,1,0,0,0,1,-3.937398512,-4.987136000,1
1246,1789654111.484143734,0.500000000,1,1,0,0,0,1,-3.937398512,-4.987136000,1
1247,1789654111.494114876,0.500000000,1,1,0,0,0,1,-3.937398512,-4.987136000,1
1248,1789654111.504133224,0.500000000,1,1,0,0,0,1,-3.937398512,-4.987136000,1
1249,1789654111.514108181,0.500000000,1,1,0,0,0,1,-3.937398512,-4.987136000,1
1250,1789654111.524120808,0.500000000,1,1,0,0,0,1,-3.937398512,-4.987136000,1
1251,1789654111.534116745,0.500000000,1,1,0,0,0,1,-3.937398512,-4.987136000,1
1252,1789654111.544124365,0.500000000,1,1,0,0,0,1,-3.937398512,-4.987136000,1
1253,1789654111.554136276,0.500000000,1,1,0,0,0,1,-3.937398512,-4.987136000,1
1254,1789654111.564136744,0.500000000,1,1,0,0,0,1,-3.937398512,-4.987136000,1
1255,1789654111.574110746,0.500000000,1,1,0,0,0,1,-3.981672109,-5.042796000,1
1256,1789654111.584135771,0.500000000,1,1,0,0,0,1,-3.981672109,-5.042796000,1
1257,1789654111.594131947,0.500000000,1,1,0,0,0,1,-3.981672109,-5.042796000,1
1258,1789654111.604119539,0.500000000,1,1,0,0,0,1,-3.981672109,-5.042796000,1
1259,1789654111.614113331,0.500000000,1,1,0,0,0,1,-3.981672109,-5.042796000,1
1260,1789654111.624138355,0.500000000,1,1,0,0,0,1,-3.981672109,-5.042796000,1
1261,1789654111.634137392,0.500000000,1,1,0,0,0,1,-3.981672109,-5.042796000,1
1262,1789654111.644176722,0.500000000,1,1,0,0,0,1,-3.981672109,-5.042796000,1
1263,1789654111.654140949,0.500000000,1,1,0,0,0,1,-3.981672109,-5.042796000,1
1264,1789654111.664135933,0.500000000,1,1,0,0,0,1,-3.981672109,-5.042796000,1
1265,1789654111.674136162,0.500000000,1,1,0,0,0,1,-4.011187840,-5.079902667,1
1266,1789654111.684127331,0.500000000,1,1,0,0,0,1,-4.011187840,-5.079902667,1
1267,1789654111.694121361,0.500000000,1,1,0,0,0,1,-4.011187840,-5.079902667,1
1268,1789654111.704172134,0.500000000,1,1,0,0,0,1,-4.011187840,-5.079902667,1
1269,1789654111.714137554,0.500000000,1,1,0,0,0,1,-4.011187840,-5.079902667,1
1270,1789654111.724132538,0.500000000,1,1,0,0,0,1,-4.011187840,-5.079902667,1
1271,1789654111.734140396,0.500000000,1,1,0,0,0,1,-4.011187840,-5.079902667,1
1272,1789654111.744112015,0.500000000,1,1,0,0,0,1,-4.011187840,-5.079902667,1
1273,1789654111.754129887,0.500000000,1,1,0,0,0,1,-4.011187840,-5.079902667,1
1274,1789654111.764127731,0.500000000,1,1,0,0,0,1,-4.011187840,-5.079902667,1
1275,1789654111.774111748,0.500000000,1,1,0,0,0,1,-4.040703571,-5.117009334,1
1276,1789654111.784163237,0.500000000,1,1,0,0,0,1,-4.040703571,-5.117009334,1
1277,1789654111.794159651,0.500000000,1,1,0,0,0,1,-4.040703571,-5.117009334,1
1278,1789654111.804162502,0.500000000,1,1,0,0,0,1,-4.040703571,-5.117009334,1
1279,1789654111.814172506,0.500000000,1,1,0,0,0,1,-4.040703571,-5.117009334,1
1280,1789654111.824172258,0.500000000,1,1,0,0,0,1,-4.040703571,-5.117009334,1
1281,1789654111.834155321,0.500000000,1,1,0,0,0,1,-4.040703571,-5.117009334,1
1282,1789654111.844158649,0.500000000,1,1,0,0,0,1,-4.040703571,-5.117009334,1
1283,1789654111.854185820,0.500000000,1,1,0,0,0,1,-4.040703571,-5.117009334,1
1284,1789654111.864130259,0.500000000,1,1,0,0,0,1,-4.040703571,-5.117009334,1
1285,1789654111.874153137,0.500000000,1,1,0,0,0,1,-4.084977167,-5.172669333,1
1286,1789654111.884176493,0.500000000,1,1,0,0,0,1,-4.084977167,-5.172669333,1
1287,1789654111.894167900,0.500000000,1,1,0,0,0,1,-4.084977167,-5.172669333,1
1288,1789654111.904165030,0.500000000,1,1,0,0,0,1,-4.084977167,-5.172669333,1
1289,1789654111.914140701,0.500000000,1,1,0,0,0,1,-4.084977167,-5.172669333,1
1290,1789654111.924147367,0.500000000,1,1,0,0,0,1,-4.084977167,-5.172669333,1
1291,1789654111.934111595,0.500000000,1,1,0,0,0,1,-4.084977167,-5.172669333,1
1292,1789654111.944163322,0.500000000,1,1,0,0,0,1,-4.084977167,-5.172669333,1
1293,1789654111.954136372,0.500000000,1,1,0,0,0,1,-4.084977167,-5.172669333,1
1294,1789654111.964124680,0.500000000,1,1,0,0,0,1,-4.084977167,-5.172669333,1
1295,1789654111.974148512,0.500000000,1,1,0,0,0,1,-4.084977167,-5.172669333,1
1296,1789654111.984162807,0.500000000,1,1,0,0,0,1,-4.084977167,-5.172669333,1
1297,1789654111.994164705,0.500000000,1,1,0,0,0,1,-4.084977167,-5.172669333,1
1298,1789654112.004169703,0.500000000,1,1,0,0,0,1,-4.084977167,-5.172669333,1
1299,1789654112.014139175,0.500000000,1,1,0,0,0,1,-4.084977167,-5.172669333,1
1300,1789654112.024157524,0.500000000,1,1,0,0,0,1,-4.084977167,-5.172669333,1
1301,1789654112.034161806,0.500000000,1,1,0,0,0,1,-4.084977167,-5.172669333,1
1302,1789654112.044157267,0.500000000,1,1,0,0,0,1,-4.084977167,-5.172669333,1
1303,1789654112.054131985,0.500000000,1,1,0,0,0,1,-4.084977167,-5.172669333,1
1304,1789654112.064133406,0.500000000,1,1,0,0,0,1,-4.084977167,-5.172669333,1
1305,1789654112.074142933,0.500000000,1,1,0,0,0,1,-4.114492898,-5.209776000,1
1306,1789654112.084202766,0.500000000,1,1,0,0,0,1,-4.114492898,-5.209776000,1
1307,1789654112.094168425,0.500000000,1,1,0,0,0,1,-4.114492898,-5.209776000,1
1308,1789654112.104123592,0.500000000,1,1,0,0,0,1,-4.114492898,-5.209776000,1
1309,1789654112.114138126,0.500000000,1,1,0,0,0,1,-4.114492898,-5.209776000,1
1310,1789654112.124170065,0.500000000,1,1,0,0,0,1,-4.114492898,-5.209776000,1
1311,1789654112.134130955,0.500000000,1,1,0,0,0,1,-4.114492898,-5.209776000,1
1312,1789654112.144121170,0.500000000,1,1,0,0,0,1,-4.114492898,-5.209776000,1
1313,1789654112.154126644,0.500000000,1,1,0,0,0,1,-4.114492898,-5.209776000,1
1314,1789654112.164161444,0.500000000,1,1,0,0,0,1,-4.114492898,-5.209776000,1
1315,1789654112.174116611,0.500000000,1,1,0,0,0,1,-4.158766494,-5.246882667,1
1316,1789654112.184164047,0.500000000,1,1,0,0,0,1,-4.158766494,-5.246882667,1
1317,1789654112.194167137,0.500000000,1,1,0,0,0,1,-4.158766494,-5.246882667,1
1318,1789654112.204174280,0.500000000,1,1,0,0,0,1,-4.158766494,-5.246882667,1
1319,1789654112.214186192,0.500000000,1,1,0,0,0,1,-4.158766494,-5.246882667,1
1320,1789654112.224160194,0.500000000,1,1,0,0,0,1,-4.158766494,-5.246882667,1
1321,1789654112.234125376,0.500000000,1,1,0,0,0,1,-4.158766494,-5.246882667,1
1322,1789654112.244129419,0.500000000,1,1,0,0,0,1,-4.158766494,-5.246882667,1
1323,1789654112.254123211,0.500000000,1,1,0,0,0,1,-4.158766494,-5.246882667,1
1324,1789654112.264166594,0.500000000,1,1,0,0,0,1,-4.158766494,-5.246882667,1
1325,1789654112.274144650,0.500000000,1,1,0,0,0,1,-4.203040092,-5.283989333,1
1326,1789654112.284160614,0.500000000,1,1,0,0,0,1,-4.203040092,-5.283989333,1
1327,1789654112.294146299,0.500000000,1,1,0,0,0,1,-4.203040092,-5.283989333,1
1328,1789654112.304166317,0.500000000,1,1,0,0,0,1,-4.203040092,-5.283989333,1
1329,1789654112.314167738,0.500000000,1,1,0,0,0,1,-4.203040092,-5.283989333,1
1330,1789654112.324166298,0.500000000,1,1,0,0,0,1,-4.203040092,-5.283989333,1
1331,1789654112.334128857,0.500000000,1,1,0,0,0,1,-4.203040092,-5.283989333,1
1332,1789654112.344161987,0.500000000,1,1,0,0,0,1,-4.203040092,-5.283989333,1
1333,1789654112.354126692,0.500000000,1,1,0,0,0,1,-4.203040092,-5.283989333,1
1334,1789654112.364129543,0.500000000,1,1,0,0,0,1,-4.203040092,-5.283989333,1
1335,1789654112.374165535,0.500000000,1,1,0,0,0,1,-4.203040092,-5.283989333,1
1336,1789654112.384190798,0.500000000,1,1,0,0,0,1,-4.203040092,-5.283989333,1
1337,1789654112.394170046,0.500000000,1,1,0,0,0,1,-4.203040092,-5.283989333,1
1338,1789654112.404159069,0.500000000,1,1,0,0,0,1,-4.203040092,-5.283989333,1
1339,1789654112.414170027,0.500000000,1,1,0,0,0,1,-4.203040092,-5.283989333,1
1340,1789654112.424139500,0.500000000,1,1,0,0,0,1,-4.203040092,-5.283989333,1
1341,1789654112.434130669,0.500000000,1,1,0,0,0,1,-4.203040092,-5.283989333,1
1342,1789654112.444125891,0.500000000,1,1,0,0,0,1,-4.203040092,-5.283989333,1
1343,1789654112.454154491,0.500000000,1,1,0,0,0,1,-4.203040092,-5.283989333,1
1344,1789654112.464125395,0.500000000,1,1,0,0,0,1,-4.203040092,-5.283989333,1
1345,1789654112.474132776,0.500000000,1,1,0,0,0,1,-4.203040092,-5.283989333,1
1346,1789654112.484155893,0.500000000,1,1,0,0,0,1,-4.232555823,-5.321096000,1
1347,1789654112.494126081,0.500000000,1,1,0,0,0,1,-4.232555823,-5.321096000,1
1348,1789654112.504131079,0.500000000,1,1,0,0,0,1,-4.232555823,-5.321096000,1
1349,1789654112.514111757,0.500000000,1,1,0,0,0,1,-4.232555823,-5.321096000,1
1350,1789654112.524111986,0.500000000,1,1,0,0,0,1,-4.232555823,-5.321096000,1
1351,1789654112.534139156,0.500000000,1,1,0,0,0,1,-4.232555823,-5.321096000,1
1352,1789654112.544134617,0.500000000,1,1,0,0,0,1,-4.232555823,-5.321096000,1
1353,1789654112.554122686,0.500000000,1,1,0,0,0,1,-4.232555823,-5.321096000,1
1354,1789654112.564139843,0.500000000,1,1,0,0,0,1,-4.232555823,-5.321096000,1
1355,1789654112.574121714,0.500000000,1,1,0,0,0,1,-4.232555823,-5.321096000,1
1356,1789654112.584136009,0.500000000,1,1,0,0,0,1,-4.232555823,-5.321096000,1
1357,1789654112.594126701,0.500000000,1,1,0,0,0,1,-4.232555823,-5.321096000,1
1358,1789654112.604139328,0.500000000,1,1,0,0,0,1,-4.232555823,-5.321096000,1
1359,1789654112.614110947,0.500000000,1,1,0,0,0,1,-4.232555823,-5.321096000,1
1360,1789654112.624129295,0.500000000,1,1,0,0,0,1,-4.232555823,-5.321096000,1
1361,1789654112.634129524,0.500000000,1,1,0,0,0,1,-4.232555823,-5.321096000,1
1362,1789654112.644104242,0.500000000,1,1,0,0,0,1,-4.232555823,-5.321096000,1
1363,1789654112.654113293,0.500000000,1,1,0,0,0,1,-4.232555823,-5.321096000,1
1364,1789654112.664125681,0.500000000,1,1,0,0,0,1,-4.232555823,-5.321096000,1
1365,1789654112.674150944,0.500000000,1,1,0,0,0,1,-4.321103015,-5.432416000,1
1366,1789654112.684129000,0.500000000,1,1,0,0,0,1,-4.321103015,-5.432416000,1
1367,1789654112.694108248,0.500000000,1,1,0,0,0,1,-4.321103015,-5.432416000,1
1368,1789654112.704113483,0.500000000,1,1,0,0,0,1,-4.321103015,-5.432416000,1
1369,1789654112.714143753,0.500000000,1,1,0,0,0,1,-4.321103015,-5.432416000,1
1370,1789654112.724138737,0.500000000,1,1,0,0,0,1,-4.321103015,-5.432416000,1
1371,1789654112.734119654,0.500000000,1,1,0,0,0,1,-4.321103015,-5.432416000,1
1372,1789654112.744120598,0.500000000,1,1,0,0,0,1,-4.321103015,-5.432416000,1
1373,1789654112.754109144,0.500000000,1,1,0,0,0,1,-4.321103015,-5.432416000,1
1374,1789654112.764107227,0.500000000,1,1,0,0,0,1,-4.321103015,-5.432416000,1
1375,1789654112.774122477,0.500000000,1,1,0,0,0,1,-4.350618746,-5.469522667,1
1376,1789654112.784128666,0.500000000,1,1,0,0,0,1,-4.350618746,-5.469522667,1
1377,1789654112.794141293,0.500000000,1,1,0,0,0,1,-4.350618746,-5.469522667,1
1378,1789654112.804157495,0.500000000,1,1,0,0,0,1,-4.350618746,-5.469522667,1
1379,1789654112.814137459,0.500000000,1,1,0,0,0,1,-4.350618746,-5.469522667,1
1380,1789654112.824157476,0.500000000,1,1,0,0,0,1,-4.350618746,-5.469522667,1
1381,1789654112.834155798,0.500000000,1,1,0,0,0,1,-4.350618746,-5.469522667,1
1382,1789654112.844129324,0.500000000,1,1,0,0,0,1,-4.350618746,-5.469522667,1
1383,1789654112.854123592,0.500000000,1,1,0,0,0,1,-4.350618746,-5.469522667,1
1384,1789654112.864137411,0.500000000,1,1,0,0,0,1,-4.350618746,-5.469522667,1
1385,1789654112.874150753,0.500000000,1,1,0,0,0,1,-4.394892343,-5.506629333,1
1386,1789654112.901535034,0.500000000,1,1,0,0,0,1,-4.394892343,-5.506629333,1
1387,1789654112.902076244,0.500000000,1,1,0,0,0,1,-4.394892343,-5.506629333,1
1388,1789654112.904124498,0.500000000,1,1,0,0,0,1,-4.394892343,-5.506629333,1
1389,1789654112.914164782,0.500000000,1,1,0,0,0,1,-4.394892343,-5.506629333,1
1390,1789654112.924155235,0.500000000,1,1,0,0,0,1,-4.394892343,-5.506629333,1
1391,1789654112.934153318,0.500000000,1,1,0,0,0,1,-4.394892343,-5.506629333,1
1392,1789654112.944177866,0.500000000,1,1,0,0,0,1,-4.394892343,-5.506629333,1
1393,1789654112.954190254,0.500000000,1,1,0,0,0,1,-4.394892343,-5.506629333,1
1394,1789654112.964128971,0.500000000,1,1,0,0,0,1,-4.394892343,-5.506629333,1
1395,1789654112.974129677,0.500000000,1,1,0,0,0,1,-4.394892343,-5.506629333,1
1396,1789654112.984134197,0.500000000,1,1,0,0,0,1,-4.394892343,-5.506629333,1
1397,1789654112.994116306,0.500000000,1,1,0,0,0,1,-4.394892343,-5.506629333,1
1398,1789654113.004168749,0.500000000,1,1,0,0,0,1,-4.394892343,-5.506629333,1
1399,1789654113.014130116,0.500000000,1,1,0,0,0,1,-4.394892343,-5.506629333,1
1400,1789654113.024157763,0.500000000,1,1,0,0,0,1,-4.394892343,-5.506629333,1
1401,1789654113.034155846,0.500000000,1,1,0,0,0,1,-4.394892343,-5.506629333,1
1402,1789654113.044143200,0.500000000,1,1,0,0,0,1,-4.394892343,-5.506629333,1
1403,1789654113.054129124,0.500000000,1,1,0,0,0,1,-4.394892343,-5.506629333,1
1404,1789654113.064173222,0.500000000,1,1,0,0,0,1,-4.394892343,-5.506629333,1
1405,1789654113.074110746,0.500000000,1,1,0,0,0,1,-4.439165939,-5.543736000,1
1406,1789654113.084139585,0.500000000,1,1,0,0,0,1,-4.439165939,-5.543736000,1
1407,1789654113.094138384,0.500000000,1,1,0,0,0,1,-4.439165939,-5.543736000,1
1408,1789654113.104157448,0.500000000,1,1,0,0,0,1,-4.439165939,-5.543736000,1
1409,1789654113.114133835,0.500000000,1,1,0,0,0,1,-4.439165939,-5.543736000,1
1410,1789654113.124129057,0.500000000,1,1,0,0,0,1,-4.439165939,-5.543736000,1
1411,1789654113.134116411,0.500000000,1,1,0,0,0,1,-4.439165939,-5.543736000,1
1412,1789654113.144201994,0.500000000,1,1,0,0,0,1,-4.439165939,-5.543736000,1
1413,1789654113.154168367,0.500000000,1,1,0,0,0,1,-4.439165939,-5.543736000,1
1414,1789654113.164123535,0.500000000,1,1,0,0,0,1,-4.439165939,-5.543736000,1
1415,1789654113.174177885,0.500000000,1,1,0,0,0,1,-4.468681670,-5.599396000,1
1416,1789654113.184126616,0.500000000,1,1,0,0,0,1,-4.468681670,-5.599396000,1
1417,1789654113.194105864,0.500000000,1,1,0,0,0,1,-4.468681670,-5.599396000,1
1418,1789654113.204131842,0.500000000,1,1,0,0,0,1,-4.468681670,-5.599396000,1
1419,1789654113.214106798,0.500000000,1,1,0,0,0,1,-4.468681670,-5.599396000,1
1420,1789654113.224159718,0.500000000,1,1,0,0,0,1,-4.468681670,-5.599396000,1
1421,1789654113.234149933,0.500000000,1,1,0,0,0,1,-4.468681670,-5.599396000,1
1422,1789654113.244194984,0.500000000,1,1,0,0,0,1,-4.468681670,-5.599396000,1
1423,1789654113.254119873,0.500000000,1,1,0,0,0,1,-4.468681670,-5.599396000,1
1424,1789654113.264171600,0.500000000,1,1,0,0,0,1,-4.468681670,-5.599396000,1
1425,1789654113.274111748,0.500000000,1,1,0,0,0,1,-4.527713132,-5.636502666,1
1426,1789654113.284175158,0.500000000,1,0,0,0,0,0,-4.527713132,-5.636502666,1
1427,1789654113.294111967,0.500000000,1,0,0,0,0,0,-4.527713132,-5.636502666,1
1428,1789654113.304159403,0.500000000,1,0,0,0,0,0,-4.527713132,-5.636502666,1
1429,1789654113.314159393,0.500000000,1,0,0,0,0,0,-4.527713132,-5.636502666,1
1430,1789654113.324162006,0.500000000,1,0,0,0,0,0,-4.527713132,-5.636502666,1
1431,1789654113.334109068,0.500000000,1,0,0,0,0,0,-4.527713132,-5.636502666,1
1432,1789654113.344145060,0.500000000,1,0,0,0,0,0,-4.527713132,-5.636502666,1
1433,1789654113.354127169,0.500000000,1,0,0,0,0,0,-4.527713132,-5.636502666,1
1434,1789654113.364147902,0.500000000,1,0,0,0,0,0,-4.527713132,-5.636502666,1
1435,1789654113.374175310,0.500000000,1,0,0,0,0,0,-4.571986728,-5.673609333,1
1436,1789654113.384124994,0.500000000,1,0,0,0,0,0,-4.571986728,-5.673609333,1
1437,1789654113.394113541,0.500000000,1,0,0,0,0,0,-4.571986728,-5.673609333,1
1438,1789654113.404147387,0.500000000,1,0,0,0,0,0,-4.571986728,-5.673609333,1
1439,1789654113.414145231,0.500000000,1,0,0,0,0,0,-4.571986728,-5.673609333,1
1440,1789654113.424129725,0.500000000,1,0,0,0,0,0,-4.571986728,-5.673609333,1
1441,1789654113.434116364,0.500000000,1,0,0,0,0,0,-4.571986728,-5.673609333,1
1442,1789654113.444122314,0.500000000,1,0,0,0,0,0,-4.571986728,-5.673609333,1
1443,1789654113.454114199,0.500000000,1,0,0,0,0,0,-4.571986728,-5.673609333,1
1444,1789654113.464072227,0.500000000,1,0,0,0,0,0,-4.571986728,-5.673609333,1
1445,1789654113.474115133,0.500000000,1,0,0,0,0,0,-4.571986728,-5.673609333,1
1446,1789654113.484141827,0.500000000,1,0,0,0,0,0,-4.571986728,-5.673609333,1
1447,1789654113.494116545,0.500000000,1,0,0,0,0,0,-4.571986728,-5.673609333,1
1448,1789654113.504152298,0.500000000,1,0,0,0,0,0,-4.571986728,-5.673609333,1
1449,1789654113.514159679,0.500000000,1,0,0,0,0,0,-4.571986728,-5.673609333,1
1450,1789654113.524151802,0.500000000,1,0,0,0,0,0,-4.571986728,-5.673609333,1
1451,1789654113.534158945,0.500000000,1,0,0,0,0,0,-4.571986728,-5.673609333,1
1452,1789654113.544114351,0.500000000,1,0,0,0,0,0,-4.571986728,-5.673609333,1
1453,1789654113.554130077,0.500000000,1,0,0,0,0,0,-4.571986728,-5.673609333,1
1454,1789654113.564145088,0.500000000,1,0,0,0,0,0,-4.571986728,-5.673609333,1
1455,1789654113.574108839,0.500000000,1,0,0,0,0,0,-4.601502459,-5.710716000,1
1456,1789654113.584129572,0.500000000,1,0,0,0,0,0,-4.601502459,-5.710716000,1
1457,1789654113.594168901,0.500000000,1,0,0,0,0,0,-4.601502459,-5.710716000,1
1458,1789654113.604159117,0.500000000,1,0,0,0,0,0,-4.601502459,-5.710716000,1
1459,1789654113.614106894,0.500000000,1,0,0,0,0,0,-4.601502459,-5.710716000,1
1460,1789654113.624105453,0.500000000,1,0,0,0,0,0,-4.601502459,-5.710716000,1
1461,1789654113.634154081,0.500000000,1,0,0,0,0,0,-4.601502459,-5.710716000,1
1462,1789654113.644201756,0.500000000,1,0,0,0,0,0,-4.601502459,-5.710716000,1
1463,1789654113.654137611,0.500000000,1,0,0,0,0,0,-4.601502459,-5.710716000,1
1464,1789654113.664166212,0.500000000,1,0,0,0,0,0,-4.601502459,-5.710716000,1
1465,1789654113.674114466,0.500000000,1,0,0,0,0,0,-4.631018190,-5.747822667,1
1466,1789654113.684121370,0.500000000,1,0,0,0,0,0,-4.631018190,-5.747822667,1
1467,1789654113.694135666,0.500000000,1,0,0,0,0,0,-4.631018190,-5.747822667,1
1468,1789654113.704159021,0.500000000,1,0,0,0,0,0,-4.631018190,-5.747822667,1
1469,1789654113.714172125,0.500000000,1,0,0,0,0,0,-4.631018190,-5.747822667,1
1470,1789654113.724119186,0.500000000,1,0,0,0,0,0,-4.631018190,-5.747822667,1
1471,1789654113.734138012,0.500000000,1,0,0,0,0,0,-4.631018190,-5.747822667,1
1472,1789654113.744141579,0.500000000,1,0,0,0,0,0,-4.631018190,-5.747822667,1
1473,1789654113.754155636,0.500000000,1,0,0,0,0,0,-4.631018190,-5.747822667,1
1474,1789654113.764132977,0.500000000,1,0,0,0,0,0,-4.631018190,-5.747822667,1
1475,1789654113.774161577,0.500000000,1,0,0,0,0,0,-4.675291786,-5.803482667,1
1476,1789654113.784142733,0.500000000,1,0,0,0,0,0,-4.675291786,-5.803482667,1
1477,1789654113.794124842,0.500000000,1,0,0,0,0,0,-4.675291786,-5.803482667,1
1478,1789654113.804165840,0.500000000,1,0,0,0,0,0,-4.675291786,-5.803482667,1
1479,1789654113.814166307,0.500000000,1,0,0,0,0,0,-4.675291786,-5.803482667,1
1480,1789654113.824152231,0.500000000,1,0,0,0,0,0,-4.675291786,-5.803482667,1
1481,1789654113.834110498,0.500000000,1,0,0,0,0,0,-4.675291786,-5.803482667,1
1482,1789654113.844150782,0.500000000,1,0,0,0,0,0,-4.675291786,-5.803482667,1
1483,1789654113.854131699,0.500000000,1,0,0,0,0,0,-4.675291786,-5.803482667,1
1484,1789654113.864147663,0.500000000,1,0,0,0,0,0,-4.675291786,-5.803482667,1
1485,1789654113.874181986,0.500000000,1,0,0,0,0,0,-4.719565384,-5.840589333,1
1486,1789654113.884139538,0.500000000,1,0,0,0,0,0,-4.719565384,-5.840589333,1
1487,1789654113.894121170,0.500000000,1,0,0,0,0,0,-4.719565384,-5.840589333,1
1488,1789654113.904155493,0.500000000,1,0,0,0,0,0,-4.719565384,-5.840589333,1
1489,1789654113.914165020,0.500000000,1,0,0,0,0,0,-4.719565384,-5.840589333,1
1490,1789654113.924163818,0.500000000,1,0,0,0,0,0,-4.719565384,-5.840589333,1
1491,1789654113.934112072,0.500000000,1,0,0,0,0,0,-4.719565384,-5.840589333,1
1492,1789654113.944161654,0.500000000,1,0,0,0,0,0,-4.719565384,-5.840589333,1
1493,1789654113.954142809,0.500000000,1,0,0,0,0,0,-4.719565384,-5.840589333,1
1494,1789654113.964184046,0.500000000,1,0,0,0,0,0,-4.719565384,-5.840589333,1
1495,1789654113.974103451,0.500000000,1,0,0,0,0,0,-4.719565384,-5.840589333,1
1496,1789654113.984116793,0.500000000,1,0,0,0,0,0,-4.719565384,-5.840589333,1
1497,1789654113.994172096,0.500000000,1,0,0,0,0,0,-4.719565384,-5.840589333,1
1498,1789654114.004169464,0.500000000,1,0,0,0,0,0,-4.719565384,-5.840589333,1
1499,1789654114.014200211,0.500000000,1,0,0,0,0,0,-4.719565384,-5.840589333,1
1500,1789654114.024167061,0.500000000,1,0,0,0,0,0,-4.719565384,-5.840589333,1
1501,1789654114.034132242,0.500000000,1,0,0,0,0,0,-4.719565384,-5.840589333,1
1502,1789654114.044164181,0.500000000,1,0,0,0,0,0,-4.719565384,-5.840589333,1
1503,1789654114.054136276,0.500000000,1,0,0,0,0,0,-4.719565384,-5.840589333,1
1504,1789654114.064223051,0.500000000,1,0,0,0,0,0,-4.719565384,-5.840589333,1
1505,1789654114.074131250,0.500000000,1,0,0,0,0,0,-4.763838980,-5.877696000,1
1506,1789654114.084193707,0.500000000,1,0,0,0,0,0,-4.763838980,-5.877696000,1
1507,1789654114.094119072,0.500000000,1,0,0,0,0,0,-4.763838980,-5.877696000,1
1508,1789654114.104123592,0.500000000,1,0,0,0,0,0,-4.763838980,-5.877696000,1
1509,1789654114.114236832,0.500000000,1,0,0,0,0,0,-4.763838980,-5.877696000,1
1510,1789654114.124186993,0.500000000,1,0,0,0,0,0,-4.763838980,-5.877696000,1
1511,1789654114.134129763,0.500000000,1,0,0,0,0,0,-4.763838980,-5.877696000,1
1512,1789654114.144192219,0.500000000,1,0,0,0,0,0,-4.763838980,-5.877696000,1
1513,1789654114.154157639,0.500000000,1,0,0,0,0,0,-4.763838980,-5.877696000,1
1514,1789654114.164143085,0.500000000,1,0,0,0,0,0,-4.763838980,-5.877696000,1
1515,1789654114.174124956,0.500000000,1,0,0,0,0,0,-4.822870442,-5.933356000,1
1516,1789654114.184127569,0.500000000,1,0,0,0,0,0,-4.822870442,-5.933356000,1
1517,1789654114.194143057,0.500000000,1,0,0,0,0,0,-4.822870442,-5.933356000,1
1518,1789654114.204158545,0.500000000,1,0,0,0,0,0,-4.822870442,-5.933356000,1
1519,1789654114.214197159,0.500000000,1,0,0,0,0,0,-4.822870442,-5.933356000,1
1520,1789654114.224152803,0.500000000,1,0,0,0,0,0,-4.822870442,-5.933356000,1
1521,1789654114.234148979,0.500000000,1,0,0,0,0,0,-4.822870442,-5.933356000,1
1522,1789654114.244134903,0.500000000,1,0,0,0,0,0,-4.822870442,-5.933356000,1
1523,1789654114.254121780,0.500000000,1,0,0,0,0,0,-4.822870442,-5.933356000,1
1524,1789654114.264188051,0.500000000,1,0,0,0,0,0,-4.822870442,-5.933356000,1
1525,1789654114.274115324,0.500000000,1,0,0,0,0,0,-4.852386173,-5.951909333,1
1526,1789654114.284136295,0.500000000,1,0,0,0,0,0,-4.852386173,-5.951909333,1
1527,1789654114.294127464,0.500000000,1,0,0,0,0,0,-4.852386173,-5.951909333,1
1528,1789654114.304169178,0.500000000,1,0,0,0,0,0,-4.852386173,-5.951909333,1
1529,1789654114.314159632,0.500000000,1,0,0,0,0,0,-4.852386173,-5.951909333,1
1530,1789654114.324162006,0.500000000,1,0,0,0,0,0,-4.852386173,-5.951909333,1
1531,1789654114.334112883,0.500000000,1,0,0,0,0,0,-4.852386173,-5.951909333,1
1532,1789654114.344173670,0.500000000,1,0,0,0,0,0,-4.852386173,-5.951909333,1
1533,1789654114.354180813,0.500000000,1,0,0,0,0,0,-4.852386173,-5.951909333,1
1534,1789654114.364153862,0.500000000,1,0,0,0,0,0,-4.852386173,-5.951909333,1
1535,1789654114.374109268,0.500000000,1,0,0,0,0,0,-4.852386173,-5.951909333,1
1536,1789654114.384140968,0.500000000,1,0,0,0,0,0,-4.852386173,-5.951909333,1
1537,1789654114.394115686,0.500000000,1,0,0,0,0,0,-4.852386173,-5.951909333,1
1538,1789654114.404160023,0.500000000,1,0,0,0,0,0,-4.852386173,-5.951909333,1
1539,1789654114.414154768,0.500000000,1,0,0,0,0,0,-4.852386173,-5.951909333,1
1540,1789654114.424141645,0.500000000,1,0,0,0,0,0,-4.852386173,-5.951909333,1
1541,1789654114.434115648,0.500000000,1,0,0,0,0,0,-4.852386173,-5.951909333,1
1542,1789654114.444199324,0.500000000,1,0,0,0,0,0,-4.852386173,-5.951909333,1
1543,1789654114.454212427,0.500000000,1,0,0,0,0,0,-4.852386173,-5.951909333,1
1544,1789654114.464132309,0.500000000,1,0,0,0,0,0,-4.852386173,-5.951909333,1
1545,1789654114.474147797,0.500000000,1,0,0,0,0,0,-4.896659769,-6.007569334,1
1546,1789654114.484161139,0.500000000,1,0,0,0,0,0,-4.896659769,-6.007569334,1
1547,1789654114.494117737,0.500000000,1,0,0,0,0,0,-4.896659769,-6.007569334,1
1548,1789654114.504208088,0.500000000,1,0,0,0,0,0,-4.896659769,-6.007569334,1
1549,1789654114.514215708,0.500000000,1,0,0,0,0,0,-4.896659769,-6.007569334,1
1550,1789654114.524152517,0.500000000,1,0,0,0,0,0,-4.896659769,-6.007569334,1
1551,1789654114.534128189,0.500000000,1,0,0,0,0,0,-4.896659769,-6.007569334,1
1552,1789654114.544220924,0.500000000,1,0,0,0,0,0,-4.896659769,-6.007569334,1
1553,1789654114.554199696,0.500000000,1,0,0,0,0,0,-4.896659769,-6.007569334,1
1554,1789654114.564182043,0.500000000,1,0,0,0,0,0,-4.896659769,-6.007569334,1
1555,1789654114.574126959,0.500000000,1,0,0,0,0,0,-4.940933366,-6.044676000,1
1556,1789654114.584199905,0.500000000,1,0,0,0,0,0,-4.940933366,-6.044676000,1
1557,1789654114.594128847,0.500000000,1,0,0,0,0,0,-4.940933366,-6.044676000,1
1558,1789654114.604154110,0.500000000,1,0,0,0,0,0,-4.940933366,-6.044676000,1
1559,1789654114.614216566,0.500000000,1,0,0,0,0,0,-4.940933366,-6.044676000,1
1560,1789654114.624178886,0.500000000,1,0,0,0,0,0,-4.940933366,-6.044676000,1
1561,1789654114.634146452,0.500000000,1,0,0,0,0,0,-4.940933366,-6.044676000,1
1562,1789654114.644126177,0.500000000,1,0,0,0,0,0,-4.940933366,-6.044676000,1
1563,1789654114.654134035,0.500000000,1,0,0,0,0,0,-4.940933366,-6.044676000,1
1564,1789654114.664146662,0.500000000,1,0,0,0,0,0,-4.940933366,-6.044676000,1
1565,1789654114.674198627,0.500000000,1,0,0,0,0,0,-4.985206962,-6.081782667,1
1566,1789654114.684203863,0.500000000,1,0,0,0,0,0,-4.985206962,-6.081782667,1
1567,1789654114.694127321,0.500000000,1,0,0,0,0,0,-4.985206962,-6.081782667,1
1568,1789654114.704173565,0.500000000,1,0,0,0,0,0,-4.985206962,-6.081782667,1
1569,1789654114.714196444,0.500000000,1,0,0,0,0,0,-4.985206962,-6.081782667,1
1570,1789654114.724174023,0.500000000,1,0,0,0,0,0,-4.985206962,-6.081782667,1
1571,1789654114.734165907,0.500000000,1,0,0,0,0,0,-4.985206962,-6.081782667,1
1572,1789654114.744158983,0.500000000,1,0,0,0,0,0,-4.985206962,-6.081782667,1
1573,1789654114.754165649,0.500000000,1,0,0,0,0,0,-4.985206962,-6.081782667,1
1574,1789654114.764171362,0.500000000,1,0,0,0,0,0,-4.985206962,-6.081782667,1
1575,1789654114.774125338,0.500000000,1,0,0,0,0,0,-5.044238424,-6.137442667,1
1576,1789654114.784170866,0.500000000,1,0,0,0,0,0,-5.044238424,-6.137442667,1
1577,1789654114.794118404,0.500000000,1,0,0,0,0,0,-5.044238424,-6.137442667,1
1578,1789654114.804205894,0.500000000,1,0,0,0,0,0,-5.044238424,-6.137442667,1
1579,1789654114.814217567,0.500000000,1,0,0,0,0,0,-5.044238424,-6.137442667,1
1580,1789654114.824161530,0.500000000,1,0,0,0,0,0,-5.044238424,-6.137442667,1
1581,1789654114.834135771,0.500000000,1,0,0,0,0,0,-5.044238424,-6.137442667,1
1582,1789654114.844196558,0.500000000,1,0,0,0,0,0,-5.044238424,-6.137442667,1
1583,1789654114.854127407,0.500000000,1,0,0,0,0,0,-5.044238424,-6.137442667,1
1584,1789654114.864199638,0.500000000,1,0,0,0,0,0,-5.044238424,-6.137442667,1
1585,1789654114.874120235,0.500000000,1,0,0,0,0,0,-5.088512020,-6.174549333,1
1586,1789654114.884129286,0.500000000,1,0,0,0,0,0,-5.088512020,-6.174549333,1
1587,1789654114.894116163,0.500000000,1,0,0,0,0,0,-5.088512020,-6.174549333,1
1588,1789654114.904126883,0.500000000,1,0,0,0,0,0,-5.088512020,-6.174549333,1
1589,1789654114.914191246,0.500000000,1,0,0,0,0,0,-5.088512020,-6.174549333,1
1590,1789654114.924139261,0.500000000,1,0,0,0,0,0,-5.088512020,-6.174549333,1
1591,1789654114.934120893,0.500000000,1,0,0,0,0,0,-5.088512020,-6.174549333,1
1592,1789654114.944242954,0.500000000,1,0,0,0,0,0,-5.088512020,-6.174549333,1
1593,1789654114.954176664,0.500000000,1,0,0,0,0,0,-5.088512020,-6.174549333,1
1594,1789654114.964189768,0.500000000,1,0,0,0,0,0,-5.088512020,-6.174549333,1
1595,1789654114.974110126,0.500000000,1,0,0,0,0,0,-5.132785617,-6.211656000,1
1596,1789654114.984125376,0.500000000,1,0,0,0,0,0,-5.132785617,-6.211656000,1
1597,1789654114.994167089,0.500000000,1,0,0,0,0,0,-5.132785617,-6.211656000,1
1598,1789654115.004130363,0.500000000,1,0,0,0,0,0,-5.132785617,-6.211656000,1
1599,1789654115.014161348,0.500000000,1,0,0,0,0,0,-5.132785617,-6.211656000,1
1600,1789654115.024129868,0.500000000,1,0,0,0,0,0,-5.132785617,-6.211656000,1
1601,1789654115.034118414,0.500000000,1,0,0,0,0,0,-5.132785617,-6.211656000,1
1602,1789654115.044147491,0.500000000,1,0,0,0,0,0,-5.132785617,-6.211656000,1
1603,1789654115.054116011,0.500000000,1,0,0,0,0,0,-5.132785617,-6.211656000,1
1604,1789654115.064149857,0.500000000,1,0,0,0,0,0,-5.132785617,-6.211656000,1
1605,1789654115.074112654,0.500000000,1,0,0,0,0,0,-5.132785617,-6.211656000,1
1606,1789654115.084136486,0.500000000,1,0,0,0,0,0,-5.132785617,-6.211656000,1
1607,1789654115.094121456,0.500000000,1,0,0,0,0,0,-5.132785617,-6.211656000,1
1608,1789654115.104156017,0.500000000,1,0,0,0,0,0,-5.132785617,-6.211656000,1
1609,1789654115.114104509,0.500000000,1,0,0,0,0,0,-5.132785617,-6.211656000,1
1610,1789654115.124135733,0.500000000,1,0,0,0,0,0,-5.132785617,-6.211656000,1
1611,1789654115.134110212,0.500000000,1,0,0,0,0,0,-5.132785617,-6.211656000,1
1612,1789654115.144138813,0.500000000,1,0,0,0,0,0,-5.132785617,-6.211656000,1
1613,1789654115.154131889,0.500000000,1,0,0,0,0,0,-5.132785617,-6.211656000,1
1614,1789654115.164145708,0.500000000,1,0,0,0,0,0,-5.132785617,-6.211656000,1
1615,1789654115.174114466,0.500000000,1,0,0,0,0,0,-5.177059213,-6.248762666,1
1616,1789654115.184132338,0.500000000,1,0,0,0,0,0,-5.177059213,-6.248762666,1
1617,1789654115.194154978,0.500000000,1,0,0,0,0,0,-5.177059213,-6.248762666,1
1618,1789654115.204174280,0.500000000,1,0,0,0,0,0,-5.177059213,-6.248762666,1
1619,1789654115.214212656,0.500000000,1,0,0,0,0,0,-5.177059213,-6.248762666,1
1620,1789654115.224182844,0.500000000,1,0,0,0,0,0,-5.177059213,-6.248762666,1
1621,1789654115.234141111,0.500000000,1,0,0,0,0,0,-5.177059213,-6.248762666,1
1622,1789654115.244123459,0.500000000,1,0,0,0,0,0,-5.177059213,-6.248762666,1
1623,1789654115.254212141,0.500000000,1,0,0,0,0,0,-5.177059213,-6.248762666,1
1624,1789654115.264176130,0.500000000,1,0,0,0,0,0,-5.177059213,-6.248762666,1
1625,1789654115.274118900,0.500000000,1,0,0,0,0,0,-5.221332811,-6.285869333,1
1626,1789654115.284156561,0.500000000,1,0,0,0,0,0,-5.221332811,-6.285869333,1
1627,1789654115.294138908,0.500000000,1,0,0,0,0,0,-5.221332811,-6.285869333,1
1628,1789654115.304126978,0.500000000,1,0,0,0,0,0,-5.221332811,-6.285869333,1
1629,1789654115.314174414,0.500000000,1,0,0,0,0,0,-5.221332811,-6.285869333,1
1630,1789654115.324153423,0.500000000,1,0,0,0,0,0,-5.221332811,-6.285869333,1
1631,1789654115.334129810,0.500000000,1,0,0,0,0,0,-5.221332811,-6.285869333,1
1632,1789654115.344228268,0.500000000,1,0,0,0,0,0,-5.221332811,-6.285869333,1
1633,1789654115.354168177,0.500000000,1,0,0,0,0,0,-5.221332811,-6.285869333,1
1634,1789654115.364191294,0.500000000,1,0,0,0,0,0,-5.221332811,-6.285869333,1
1635,1789654115.374135256,0.500000000,1,0,0,0,0,0,-5.280364272,-6.322976000,1
1636,1789654115.384162188,0.500000000,1,0,0,0,0,0,-5.280364272,-6.322976000,1
1637,1789654115.394147396,0.500000000,1,0,0,0,0,0,-5.280364272,-6.322976000,1
1638,1789654115.404136658,0.500000000,1,0,0,0,0,0,-5.280364272,-6.322976000,1
1639,1789654115.414161444,0.500000000,1,0,0,0,0,0,-5.280364272,-6.322976000,1
1640,1789654115.424154043,0.500000000,1,0,0,0,0,0,-5.280364272,-6.322976000,1
1641,1789654115.434113741,0.500000000,1,0,0,0,0,0,-5.280364272,-6.322976000,1
1642,1789654115.444186687,0.500000000,1,0,0,0,0,0,-5.280364272,-6.322976000,1
1643,1789654115.454168558,0.500000000,1,0,0,0,0,0,-5.280364272,-6.322976000,1
1644,1789654115.464134216,0.500000000,1,0,0,0,0,0,-5.280364272,-6.322976000,1
1645,1789654115.474129200,0.500000000,1,0,0,0,0,0,-5.280364272,-6.322976000,1
1646,1789654115.484176874,0.500000000,1,0,0,0,0,0,-5.280364272,-6.322976000,1
1647,1789654115.494156599,0.500000000,1,0,0,0,0,0,-5.280364272,-6.322976000,1
1648,1789654115.504173040,0.500000000,1,0,0,0,0,0,-5.280364272,-6.322976000,1
1649,1789654115.514195442,0.500000000,1,0,0,0,0,0,-5.280364272,-6.322976000,1
1650,1789654115.524148941,0.500000000,1,0,0,0,0,0,-5.280364272,-6.322976000,1
1651,1789654115.534129381,0.500000000,1,0,0,0,0,0,-5.280364272,-6.322976000,1
1652,1789654115.544187069,0.500000000,1,0,0,0,0,0,-5.280364272,-6.322976000,1
1653,1789654115.554183722,0.500000000,1,0,0,0,0,0,-5.280364272,-6.322976000,1
1654,1789654115.564145327,0.500000000,1,0,0,0,0,0,-5.280364272,-6.322976000,1
1655,1789654115.574119091,0.500000000,1,0,0,0,0,0,-5.324637869,-6.360082667,1
1656,1789654115.584135771,0.500000000,1,0,0,0,0,0,-5.324637869,-6.360082667,1
1657,1789654115.594142199,0.500000000,1,0,0,0,0,0,-5.324637869,-6.360082667,1
1658,1789654115.604227543,0.500000000,1,0,0,0,0,0,-5.324637869,-6.360082667,1
1659,1789654115.614155769,0.500000000,1,0,0,0,0,0,-5.324637869,-6.360082667,1
1660,1789654115.624155998,0.500000000,1,0,0,0,0,0,-5.324637869,-6.360082667,1
1661,1789654115.634114981,0.500000000,1,0,0,0,0,0,-5.324637869,-6.360082667,1
1662,1789654115.644179344,0.500000000,1,0,0,0,0,0,-5.324637869,-6.360082667,1
1663,1789654115.654146194,0.500000000,1,0,0,0,0,0,-5.324637869,-6.360082667,1
1664,1789654115.664125443,0.500000000,1,0,0,0,0,0,-5.324637869,-6.360082667,1
1665,1789654115.674104691,0.500000000,1,0,0,0,0,0,-5.383669331,-6.397189333,1
1666,1789654115.684140205,0.500000000,1,0,0,0,0,0,-5.383669331,-6.397189333,1
1667,1789654115.694113255,0.500000000,1,0,0,0,0,0,-5.383669331,-6.397189333,1
1668,1789654115.704124689,0.500000000,1,0,0,0,0,0,-5.383669331,-6.397189333,1
1669,1789654115.714157581,0.500000000,1,0,0,0,0,0,-5.383669331,-6.397189333,1
1670,1789654115.724167585,0.500000000,1,0,0,0,0,0,-5.383669331,-6.397189333,1
1671,1789654115.734122276,0.500000000,1,0,0,0,0,0,-5.383669331,-6.397189333,1
1672,1789654115.744132280,0.500000000,1,0,0,0,0,0,-5.383669331,-6.397189333,1
1673,1789654115.754127264,0.500000000,1,0,0,0,0,0,-5.383669331,-6.397189333,1
1674,1789654115.764127731,0.500000000,1,0,0,0,0,0,-5.383669331,-6.397189333,1
1675,1789654115.774109364,0.500000000,1,0,0,0,0,0,-5.427942927,-6.434296000,1
1676,1789654115.784131289,0.500000000,1,0,0,0,0,0,-5.427942927,-6.434296000,1
1677,1789654115.794111967,0.500000000,1,0,0,0,0,0,-5.427942927,-6.434296000,1
1678,1789654115.804128170,0.500000000,1,0,0,0,0,0,-5.427942927,-6.434296000,1
1679,1789654115.814175844,0.500000000,1,0,0,0,0,0,-5.427942927,-6.434296000,1
1680,1789654115.824171543,0.500000000,1,0,0,0,0,0,-5.427942927,-6.434296000,1
1681,1789654115.834115744,0.500000000,1,0,0,0,0,0,-5.427942927,-6.434296000,1
1682,1789654115.844141006,0.500000000,1,0,0,0,0,0,-5.427942927,-6.434296000,1
1683,1789654115.854182720,0.500000000,1,0,0,0,0,0,-5.427942927,-6.434296000,1
1684,1789654115.864172459,0.500000000,1,0,0,0,0,0,-5.427942927,-6.434296000,1
1685,1789654115.874127388,0.500000000,1,0,0,0,0,0,-5.472216523,-6.471402667,1
1686,1789654115.884164333,0.500000000,1,0,0,0,0,0,-5.472216523,-6.471402667,1
1687,1789654115.894145250,0.500000000,1,0,0,0,0,0,-5.472216523,-6.471402667,1
1688,1789654115.904138088,0.500000000,1,0,0,0,0,0,-5.472216523,-6.471402667,1
1689,1789654115.914199114,0.500000000,1,0,0,0,0,0,-5.472216523,-6.471402667,1
1690,1789654115.924169540,0.500000000,1,0,0,0,0,0,-5.472216523,-6.471402667,1
1691,1789654115.934130192,0.500000000,1,0,0,0,0,0,-5.472216523,-6.471402667,1
1692,1789654115.944137812,0.500000000,1,0,0,0,0,0,-5.472216523,-6.471402667,1
1693,1789654115.954133749,0.500000000,1,0,0,0,0,0,-5.472216523,-6.471402667,1
1694,1789654115.964156628,0.500000000,1,0,0,0,0,0,-5.472216523,-6.471402667,1
1695,1789654115.974135399,0.500000000,1,0,0,0,0,0,-5.472216523,-6.471402667,1
1696,1789654115.984118938,0.500000000,1,0,0,0,0,0,-5.472216523,-6.471402667,1
1697,1789654115.994146585,0.500000000,1,0,0,0,0,0,-5.472216523,-6.471402667,1
1698,1789654116.004135609,0.500000000,1,0,0,0,0,0,-5.472216523,-6.471402667,1
1699,1789654116.014160156,0.500000000,1,0,0,0,0,0,-5.472216523,-6.471402667,1
1700,1789654116.024180651,0.500000000,1,0,0,0,0,0,-5.472216523,-6.471402667,1
1701,1789654116.034133196,0.500000000,1,0,0,0,0,0,-5.472216523,-6.471402667,1
1702,1789654116.044223070,0.500000000,1,0,0,0,0,0,-5.472216523,-6.471402667,1
1703,1789654116.054144144,0.500000000,1,0,0,0,0,0,-5.472216523,-6.471402667,1
1704,1789654116.064126253,0.500000000,1,0,0,0,0,0,-5.472216523,-6.471402667,1
1705,1789654116.074118614,0.500000000,1,0,0,0,0,0,-5.516490120,-6.508509333,1
1706,1789654116.084135056,0.500000000,1,0,0,0,0,0,-5.516490120,-6.508509333,1
1707,1789654116.094115257,0.500000000,1,0,0,0,0,0,-5.516490120,-6.508509333,1
1708,1789654116.104108095,0.500000000,1,0,0,0,0,0,-5.516490120,-6.508509333,1
1709,1789654116.114160299,0.500000000,1,0,0,0,0,0,-5.516490120,-6.508509333,1
1710,1789654116.124123573,0.500000000,1,0,0,0,0,0,-5.516490120,-6.508509333,1
1711,1789654116.134105444,0.500000000,1,0,0,0,0,0,-5.516490120,-6.508509333,1
1712,1789654116.144157648,0.500000000,1,0,0,0,0,0,-5.516490120,-6.508509333,1
1713,1789654116.154126644,0.500000000,1,0,0,0,0,0,-5.516490120,-6.508509333,1
1714,1789654116.164120436,0.500000000,1,0,0,0,0,0,-5.516490120,-6.508509333,1
1715,1789654116.174112082,0.500000000,1,0,0,0,0,0,-5.546005851,-6.545616000,1
1716,1789654116.184118509,0.500000000,1,0,0,0,0,0,-5.546005851,-6.545616000,1
1717,1789654116.194163799,0.500000000,1,0,0,0,0,0,-5.546005851,-6.545616000,1
1718,1789654116.204144955,0.500000000,1,0,0,0,0,0,-5.546005851,-6.545616000,1
1719,1789654116.214192390,0.500000000,1,0,0,0,0,0,-5.546005851,-6.545616000,1
1720,1789654116.224185944,0.500000000,1,0,0,0,0,0,-5.546005851,-6.545616000,1
1721,1789654116.234127760,0.500000000,1,0,0,0,0,0,-5.546005851,-6.545616000,1
1722,1789654116.244179726,0.500000000,1,0,0,0,0,0,-5.546005851,-6.545616000,1
1723,1789654116.254137754,0.500000000,1,0,0,0,0,0,-5.546005851,-6.545616000,1
1724,1789654116.264140129,0.500000000,1,0,0,0,0,0,-5.546005851,-6.545616000,1
1725,1789654116.274164915,0.500000000,1,0,0,0,0,0,-5.605037312,-6.601276000,1
1726,1789654116.284171581,0.500000000,1,0,0,0,0,0,-5.605037312,-6.601276000,1
1727,1789654116.294127464,0.500000000,1,0,0,0,0,0,-5.605037312,-6.601276000,1
1728,1789654116.304129362,0.500000000,1,0,0,0,0,0,-5.605037312,-6.601276000,1
1729,1789654116.314223766,0.500000000,1,0,0,0,0,0,-5.605037312,-6.601276000,1
1730,1789654116.324179888,0.500000000,1,0,0,0,0,0,-5.605037312,-6.601276000,1
1731,1789654116.334134340,0.500000000,1,0,0,0,0,0,-5.605037312,-6.601276000,1
1732,1789654116.344266891,0.500000000,1,0,0,0,0,0,-5.605037312,-6.601276000,1
1733,1789654116.354165316,0.500000000,1,0,0,0,0,0,-5.605037312,-6.601276000,1
1734,1789654116.364169121,0.500000000,1,0,0,0,0,0,-5.605037312,-6.601276000,1
1735,1789654116.374135256,0.500000000,1,0,0,0,0,0,-5.605037312,-6.601276000,1
1736,1789654116.384160280,0.500000000,1,0,0,0,0,0,-5.605037312,-6.601276000,1
1737,1789654116.394186497,0.500000000,1,0,0,0,0,0,-5.605037312,-6.601276000,1
1738,1789654116.404165983,0.500000000,1,0,0,0,0,0,-5.605037312,-6.601276000,1
1739,1789654116.414231539,0.500000000,1,0,0,0,0,0,-5.605037312,-6.601276000,1
1740,1789654116.424167156,0.500000000,1,0,0,0,0,0,-5.605037312,-6.601276000,1
1741,1789654116.434144497,0.500000000,1,0,0,0,0,0,-5.605037312,-6.601276000,1
1742,1789654116.444201231,0.500000000,1,0,0,0,0,0,-5.605037312,-6.601276000,1
1743,1789654116.454117537,0.500000000,1,0,0,0,0,0,-5.605037312,-6.601276000,1
1744,1789654116.464155436,0.500000000,1,0,0,0,0,0,-5.605037312,-6.601276000,1
1745,1789654116.474103689,0.500000000,1,0,0,0,0,0,-5.664068774,-6.619829333,1
1746,1789654116.484108448,0.500000000,1,0,0,0,0,0,-5.664068774,-6.619829333,1
1747,1789654116.494123697,0.500000000,1,0,0,0,0,0,-5.664068774,-6.619829333,1
1748,1789654116.504190207,0.500000000,1,0,0,0,0,0,-5.664068774,-6.619829333,1
1749,1789654116.514161110,0.500000000,1,0,0,0,0,0,-5.664068774,-6.619829333,1
1750,1789654116.524182320,0.500000000,1,0,0,0,0,0,-5.664068774,-6.619829333,1
1751,1789654116.534135342,0.500000000,1,0,0,0,0,0,-5.664068774,-6.619829333,1
1752,1789654116.544198036,0.500000000,1,0,0,0,0,0,-5.664068774,-6.619829333,1
1753,1789654116.554163218,0.500000000,1,0,0,0,0,0,-5.664068774,-6.619829333,1
1754,1789654116.564173460,0.500000000,1,0,0,0,0,0,-5.664068774,-6.619829333,1
1755,1789654116.574125528,0.500000000,1,0,0,0,0,0,-5.708342372,-6.675489334,1
1756,1789654116.584133625,0.500000000,1,0,0,0,0,0,-5.708342372,-6.675489334,1
1757,1789654116.594138861,0.500000000,1,0,0,0,0,0,-5.708342372,-6.675489334,1
1758,1789654116.604171753,0.500000000,1,0,0,0,0,0,-5.708342372,-6.675489334,1
1759,1789654116.614169598,0.500000000,1,0,0,0,0,0,-5.708342372,-6.675489334,1
1760,1789654116.624200821,0.500000000,1,0,0,0,0,0,-5.708342372,-6.675489334,1
1761,1789654116.634147167,0.500000000,1,0,0,0,0,0,-5.708342372,-6.675489334,1
1762,1789654116.644128323,0.500000000,1,0,0,0,0,0,-5.708342372,-6.675489334,1
1763,1789654116.654170990,0.500000000,1,0,0,0,0,0,-5.708342372,-6.675489334,1
1764,1789654116.664129972,0.500000000,1,0,0,0,0,0,-5.708342372,-6.675489334,1
1765,1789654116.674157143,0.500000000,1,0,0,0,0,0,-5.752615968,-6.712596000,1
1766,1789654116.684159517,0.500000000,1,0,0,0,0,0,-5.752615968,-6.712596000,1
1767,1789654116.694126606,0.500000000,1,0,0,0,0,0,-5.752615968,-6.712596000,1
1768,1789654116.704160213,0.500000000,1,0,0,0,0,0,-5.752615968,-6.712596000,1
1769,1789654116.714127064,0.500000000,1,0,0,0,0,0,-5.752615968,-6.712596000,1
1770,1789654116.724174738,0.500000000,1,0,0,0,0,0,-5.752615968,-6.712596000,1
1771,1789654116.734156609,0.500000000,1,0,0,0,0,0,-5.752615968,-6.712596000,1
1772,1789654116.744163990,0.500000000,1,0,0,0,0,0,-5.752615968,-6.712596000,1
1773,1789654116.754164219,0.500000000,1,0,0,0,0,0,-5.752615968,-6.712596000,1
1774,1789654116.764161110,0.500000000,1,0,0,0,0,0,-5.752615968,-6.712596000,1
1775,1789654116.774156332,0.000000000,1,1,0,0,1,1,-5.811647430,-6.749702667,1
1776,1789654116.784159184,0.000000000,1,1,0,0,1,1,-5.811647430,-6.749702667,1
1777,1789654116.794155598,0.000000000,1,1,0,0,1,1,-5.811647430,-6.749702667,1
1778,1789654116.804164171,0.000000000,1,1,0,0,1,1,-5.811647430,-6.749702667,1
1779,1789654116.814176321,0.000000000,1,1,0,0,1,1,-5.811647430,-6.749702667,1
1780,1789654116.824165821,0.000000000,1,1,0,0,1,1,-5.811647430,-6.749702667,1
1781,1789654116.834145784,0.000000000,1,1,0,0,1,1,-5.811647430,-6.749702667,1
1782,1789654116.844171286,0.000000000,1,1,0,0,1,1,-5.811647430,-6.749702667,1
1783,1789654116.854172945,0.000000000,1,1,0,0,1,1,-5.811647430,-6.749702667,1
1784,1789654116.864139080,0.000000000,1,1,0,0,1,1,-5.811647430,-6.749702667,1
1785,1789654116.874114752,0.000000000,1,1,0,0,1,1,-5.811647430,-6.749702667,1
1786,1789654116.884160280,0.000000000,1,1,0,0,1,1,-5.811647430,-6.749702667,1
1787,1789654116.894179821,0.000000000,1,1,0,0,1,1,-5.811647430,-6.749702667,1
1788,1789654116.904156685,0.000000000,1,1,0,0,1,1,-5.811647430,-6.749702667,1
1789,1789654116.914147854,0.000000000,1,1,0,0,1,1,-5.811647430,-6.749702667,1
1790,1789654116.924128294,0.000000000,1,1,0,0,1,1,-5.811647430,-6.749702667,1
1791,1789654116.934169769,0.000000000,1,1,0,0,1,1,-5.811647430,-6.749702667,1
1792,1789654116.944226265,0.000000000,1,1,0,0,1,1,-5.811647430,-6.749702667,1
1793,1789654116.954172134,0.000000000,1,1,0,0,1,1,-5.811647430,-6.749702667,1
1794,1789654116.964212656,0.000000000,1,1,0,0,1,1,-5.811647430,-6.749702667,1
1795,1789654116.974126101,0.000000000,1,1,0,0,1,1,-5.841163161,-6.768256000,1
1796,1789654116.984123945,0.000000000,1,1,0,0,1,1,-5.841163161,-6.768256000,1
1797,1789654116.994144201,0.000000000,1,1,0,0,1,1,-5.841163161,-6.768256000,1
1798,1789654117.004121304,0.000000000,1,1,0,0,1,1,-5.841163161,-6.768256000,1
1799,1789654117.014143467,0.000000000,1,1,0,0,1,1,-5.841163161,-6.768256000,1
1800,1789654117.024135113,0.000000000,1,1,0,0,1,1,-5.841163161,-6.768256000,1
1801,1789654117.034132957,0.000000000,1,1,0,0,1,1,-5.841163161,-6.768256000,1
1802,1789654117.044183254,0.000000000,1,1,0,0,1,1,-5.841163161,-6.768256000,1
1803,1789654117.054179430,0.000000000,1,1,0,0,1,1,-5.841163161,-6.768256000,1
1804,1789654117.064172029,0.000000000,1,1,0,0,1,1,-5.841163161,-6.768256000,1
1805,1789654117.074122906,0.000000000,1,1,0,0,1,1,-5.841163161,-6.768256000,1
1806,1789654117.084186316,0.000000000,1,1,0,0,1,1,-5.841163161,-6.768256000,1
1807,1789654117.094174147,0.000000000,1,1,0,0,1,1,-5.841163161,-6.768256000,1
1808,1789654117.104136467,0.000000000,1,1,0,0,1,1,-5.841163161,-6.768256000,1
1809,1789654117.114173651,0.000000000,1,1,0,0,1,1,-5.841163161,-6.768256000,1
1810,1789654117.124115705,0.000000000,1,1,0,0,1,1,-5.841163161,-6.768256000,1
1811,1789654117.134169579,0.000000000,1,1,0,0,1,1,-5.841163161,-6.768256000,1
1812,1789654117.144273758,0.000000000,1,1,0,0,1,1,-5.841163161,-6.768256000,1
1813,1789654117.154173851,0.000000000,1,1,0,0,1,1,-5.841163161,-6.768256000,1
1814,1789654117.164134979,0.000000000,1,1,0,0,1,1,-5.841163161,-6.768256000,1
1815,1789654117.174127579,0.000000000,1,1,0,0,1,1,-5.944468219,-6.823916000,1
1816,1789654117.184164047,0.000000000,1,1,0,0,1,1,-5.944468219,-6.823916000,1
1817,1789654117.194145441,0.000000000,1,1,0,0,1,1,-5.944468219,-6.823916000,1
1818,1789654117.204141140,0.000000000,1,1,0,0,1,1,-5.944468219,-6.823916000,1
1819,1789654117.214183331,0.000000000,1,1,0,0,1,1,-5.944468219,-6.823916000,1
1820,1789654117.224122524,0.000000000,1,1,0,0,1,1,-5.944468219,-6.823916000,1
1821,1789654117.234164238,0.000000000,1,1,0,0,1,1,-5.944468219,-6.823916000,1
1822,1789654117.244143248,0.000000000,1,1,0,0,1,1,-5.944468219,-6.823916000,1
1823,1789654117.254194498,0.000000000,1,1,0,0,1,1,-5.944468219,-6.823916000,1
1824,1789654117.264160395,0.000000000,1,1,0,0,1,1,-5.944468219,-6.823916000,1
1825,1789654117.274117708,0.000000000,1,1,0,0,1,1,-5.973983950,-6.842469333,1
1826,1789654117.284193516,0.000000000,1,1,0,0,1,1,-5.973983950,-6.842469333,1
1827,1789654117.294168234,0.000000000,1,1,0,0,1,1,-5.973983950,-6.842469333,1
1828,1789654117.304193735,0.000000000,1,1,0,0,1,1,-5.973983950,-6.842469333,1
1829,1789654117.314172268,0.000000000,1,1,0,0,1,1,-5.973983950,-6.842469333,1
1830,1789654117.324169874,0.000000000,1,1,0,0,1,1,-5.973983950,-6.842469333,1
1831,1789654117.334160805,0.000000000,1,1,0,0,1,1,-5.973983950,-6.842469333,1
1832,1789654117.344254732,0.000000000,1,1,0,0,1,1,-5.973983950,-6.842469333,1
1833,1789654117.354136944,0.000000000,1,1,0,0,1,1,-5.973983950,-6.842469333,1
1834,1789654117.364135504,0.000000000,1,1,0,0,1,1,-5.973983950,-6.842469333,1
1835,1789654117.374122381,0.000000000,1,1,0,0,1,1,-5.988741815,-6.861022666,1
1836,1789654117.384204149,0.000000000,1,1,0,0,1,1,-5.988741815,-6.861022666,1
1837,1789654117.394128799,0.000000000,1,1,0,0,1,1,-5.988741815,-6.861022666,1
1838,1789654117.404131651,0.000000000,1,1,0,0,1,1,-5.988741815,-6.861022666,1
1839,1789654117.414196014,0.000000000,1,1,0,0,1,1,-5.988741815,-6.861022666,1
1840,1789654117.424141407,0.000000000,1,1,0,0,1,1,-5.988741815,-6.861022666,1
1841,1789654117.434164524,0.000000000,1,1,0,0,1,1,-5.988741815,-6.861022666,1
1842,1789654117.444164515,0.000000000,1,1,0,0,1,1,-5.988741815,-6.861022666,1
1843,1789654117.454115391,0.000000000,1,1,0,0,1,1,-5.988741815,-6.861022666,1
1844,1789654117.464186430,0.000000000,1,1,0,0,1,1,-5.988741815,-6.861022666,1
1845,1789654117.474104166,0.000000000,1,1,0,0,1,1,-5.988741815,-6.861022666,1
1846,1789654117.484104633,0.000000000,1,1,0,0,1,1,-5.988741815,-6.861022666,1
1847,1789654117.494120598,0.000000000,1,1,0,0,1,1,-5.988741815,-6.861022666,1
1848,1789654117.504133463,0.000000000,1,1,0,0,1,1,-5.988741815,-6.861022666,1
1849,1789654117.514135599,0.000000000,1,1,0,0,1,1,-5.988741815,-6.861022666,1
1850,1789654117.524159670,0.000000000,1,1,0,0,1,1,-5.988741815,-6.861022666,1
1851,1789654117.534115553,0.000000000,1,1,0,0,1,1,-5.988741815,-6.861022666,1
1852,1789654117.544177771,0.000000000,1,1,0,0,1,1,-5.988741815,-6.861022666,1
1853,1789654117.554116011,0.000000000,1,1,0,0,1,1,-5.988741815,-6.861022666,1
1854,1789654117.564129591,0.000000000,1,1,0,0,1,1,-5.988741815,-6.861022666,1
1855,1789654117.574110985,0.000000000,1,1,0,0,1,1,-5.988741815,-6.861022666,1
1856,1789654117.584130526,0.000000000,1,1,0,0,1,1,-5.988741815,-6.861022666,1
1857,1789654117.594132185,0.000000000,1,1,0,0,1,1,-5.988741815,-6.861022666,1
1858,1789654117.604141235,0.000000000,1,1,0,0,1,1,-5.988741815,-6.861022666,1
1859,1789654117.614185810,0.000000000,1,1,0,0,1,1,-5.988741815,-6.861022666,1
1860,1789654117.624152422,0.000000000,1,1,0,0,1,1,-5.988741815,-6.861022666,1
1861,1789654117.634109497,0.000000000,1,1,0,0,1,1,-5.988741815,-6.861022666,1
1862,1789654117.644140959,0.000000000,1,1,0,0,1,1,-5.988741815,-6.861022666,1
1863,1789654117.654159546,0.000000000,1,1,0,0,1,1,-5.988741815,-6.861022666,1
1864,1789654117.664185286,0.000000000,1,1,0,0,1,1,-5.988741815,-6.861022666,1
1865,1789654117.674112797,0.000000000,1,1,0,0,1,1,-5.988741815,-6.879576000,1
1866,1789654117.684126377,0.000000000,1,1,0,0,1,1,-5.988741815,-6.879576000,1
1867,1789654117.694115877,0.000000000,1,1,0,0,1,1,-5.988741815,-6.879576000,1
1868,1789654117.704166889,0.000000000,1,1,0,0,1,1,-5.988741815,-6.879576000,1
1869,1789654117.714158297,0.000000000,1,1,0,0,1,1,-5.988741815,-6.879576000,1
1870,1789654117.724155664,0.000000000,1,1,0,0,1,1,-5.988741815,-6.879576000,1
1871,1789654117.734109402,0.000000000,1,1,0,0,1,1,-5.988741815,-6.879576000,1
1872,1789654117.744183779,0.000000000,1,1,0,0,1,1,-5.988741815,-6.879576000,1
1873,1789654117.754117727,0.000000000,1,1,0,0,1,1,-5.988741815,-6.879576000,1
1874,1789654117.764128923,0.000000000,1,1,0,0,1,1,-5.988741815,-6.879576000,1
1875,1789654117.774173498,0.000000000,1,1,0,0,1,1,-6.003499681,-6.879576000,1
1876,1789654117.784127474,0.000000000,1,1,0,0,1,1,-6.003499681,-6.879576000,1
1877,1789654117.794143677,0.000000000,1,1,0,0,1,1,-6.003499681,-6.879576000,1
1878,1789654117.804126978,0.000000000,1,1,0,0,1,1,-6.003499681,-6.879576000,1
1879,1789654117.814123869,0.000000000,1,1,0,0,1,1,-6.003499681,-6.879576000,1
1880,1789654117.824208975,0.000000000,1,1,0,0,1,1,-6.003499681,-6.879576000,1
1881,1789654117.834147930,0.000000000,1,1,0,0,1,1,-6.003499681,-6.879576000,1
1882,1789654117.844180107,0.000000000,1,1,0,0,1,1,-6.003499681,-6.879576000,1
1883,1789654117.854135752,0.000000000,1,1,0,0,1,1,-6.003499681,-6.879576000,1
1884,1789654117.864148140,0.000000000,1,1,0,0,1,1,-6.003499681,-6.879576000,1
1885,1789654117.874129772,0.000000000,1,1,0,0,1,1,-6.003499681,-6.879576000,1
1886,1789654117.901519775,0.000000000,1,1,0,0,1,1,-6.003499681,-6.879576000,1
1887,1789654117.901896000,0.000000000,1,1,0,0,1,1,-6.003499681,-6.879576000,1
1888,1789654117.904127836,0.000000000,1,1,0,0,1,1,-6.003499681,-6.879576000,1
1889,1789654117.914133549,0.000000000,1,1,0,0,1,1,-6.003499681,-6.879576000,1
1890,1789654117.924121380,0.000000000,1,1,0,0,1,1,-6.003499681,-6.879576000,1
1891,1789654117.934115648,0.000000000,1,1,0,0,1,1,-6.003499681,-6.879576000,1
1892,1789654117.944153309,0.000000000,1,1,0,0,1,1,-6.003499681,-6.879576000,1
1893,1789654117.954174757,0.000000000,1,1,0,0,1,1,-6.003499681,-6.879576000,1
1894,1789654117.964106560,0.000000000,1,1,0,0,1,1,-6.003499681,-6.879576000,1
1895,1789654117.974109650,0.000000000,1,1,0,0,1,1,-6.003499681,-6.879576000,1
1896,1789654117.984137535,0.000000000,1,1,0,0,1,1,-6.003499681,-6.879576000,1
1897,1789654117.994173765,0.000000000,1,1,0,0,1,1,-6.003499681,-6.879576000,1
1898,1789654118.004161835,0.000000000,1,1,0,0,1,1,-6.003499681,-6.879576000,1
1899,1789654118.014133453,0.000000000,1,1,0,0,1,1,-6.003499681,-6.879576000,1
1900,1789654118.024063349,0.000000000,1,1,0,0,1,1,-6.003499681,-6.879576000,1
1901,1789654118.034131050,0.000000000,1,1,0,0,1,1,-6.003499681,-6.879576000,1
1902,1789654118.044194698,0.000000000,1,1,0,0,1,1,-6.003499681,-6.879576000,1
1903,1789654118.054137945,0.000000000,1,1,0,0,1,1,-6.003499681,-6.879576000,1
1904,1789654118.064159632,0.000000000,1,1,0,0,1,1,-6.003499681,-6.879576000,1
1905,1789654118.074107170,0.000000000,1,1,0,0,1,1,-5.988741815,-6.879576000,1
1906,1789654118.084113598,0.000000000,1,1,0,0,1,1,-5.988741815,-6.879576000,1
1907,1789654118.094131708,0.000000000,1,1,0,0,1,1,-5.988741815,-6.879576000,1
1908,1789654118.104158878,0.000000000,1,1,0,0,1,1,-5.988741815,-6.879576000,1
1909,1789654118.114111185,0.000000000,1,1,0,0,1,1,-5.988741815,-6.879576000,1
1910,1789654118.124105930,0.000000000,1,1,0,0,1,1,-5.988741815,-6.879576000,1
1911,1789654118.134170771,0.000000000,1,1,0,0,1,1,-5.988741815,-6.879576000,1
1912,1789654118.144247532,0.000000000,1,1,0,0,1,1,-5.988741815,-6.879576000,1
1913,1789654118.154124498,0.000000000,1,1,0,0,1,1,-5.988741815,-6.879576000,1
1914,1789654118.164182425,0.000000000,1,1,0,0,1,1,-5.988741815,-6.879576000,1
1915,1789654118.174124241,0.000000000,1,1,0,0,1,1,-6.003499681,-6.879576000,1
1916,1789654118.184138775,0.000000000,1,1,0,0,1,1,-6.003499681,-6.879576000,1
1917,1789654118.194146633,0.000000000,1,1,0,0,1,1,-6.003499681,-6.879576000,1
1918,1789654118.204141855,0.000000000,1,1,0,0,1,1,-6.003499681,-6.879576000,1
1919,1789654118.214138508,0.000000000,1,1,0,0,1,1,-6.003499681,-6.879576000,1
1920,1789654118.224167585,0.000000000,1,1,0,0,1,1,-6.003499681,-6.879576000,1
1921,1789654118.234162092,0.000000000,1,1,0,0,1,1,-6.003499681,-6.879576000,1
1922,1789654118.244133234,0.000000000,1,1,0,0,1,1,-6.003499681,-6.879576000,1
1923,1789654118.254169226,0.000000000,1,1,0,0,1,1,-6.003499681,-6.879576000,1
1924,1789654118.264144421,0.000000000,1,1,0,0,1,1,-6.003499681,-6.879576000,1
1925,1789654118.274124861,0.000000000,1,1,0,0,1,1,-6.003499681,-6.879576000,1
1926,1789654118.284209251,0.000000000,1,1,0,0,1,1,-6.003499681,-6.879576000,1
1927,1789654118.294181347,0.000000000,1,1,0,0,1,1,-6.003499681,-6.879576000,1
1928,1789654118.304131746,0.000000000,1,1,0,0,1,1,-6.003499681,-6.879576000,1
1929,1789654118.314124346,0.000000000,1,1,0,0,1,1,-6.003499681,-6.879576000,1
1930,1789654118.324178696,0.000000000,1,1,0,0,1,1,-6.003499681,-6.879576000,1
1931,1789654118.334161997,0.000000000,1,1,0,0,1,1,-6.003499681,-6.879576000,1
1932,1789654118.344168186,0.000000000,1,1,0,0,1,1,-6.003499681,-6.879576000,1
1933,1789654118.354165077,0.000000000,1,1,0,0,1,1,-6.003499681,-6.879576000,1
1934,1789654118.364127398,0.000000000,1,1,0,0,1,1,-6.003499681,-6.879576000,1
1935,1789654118.374127150,0.000000000,1,1,0,0,1,1,-6.003499681,-6.879576000,1
1936,1789654118.384156227,0.000000000,1,1,0,0,1,1,-6.003499681,-6.879576000,1
1937,1789654118.394181490,0.000000000,1,1,0,0,1,1,-6.003499681,-6.879576000,1
1938,1789654118.404129744,0.000000000,1,1,0,0,1,1,-6.003499681,-6.879576000,1
1939,1789654118.414136171,0.000000000,1,1,0,0,1,1,-6.003499681,-6.879576000,1
1940,1789654118.424119473,0.000000000,1,1,0,0,1,1,-6.003499681,-6.879576000,1
1941,1789654118.434159517,0.000000000,1,1,0,0,1,1,-6.003499681,-6.879576000,1
1942,1789654118.444214582,0.000000000,1,1,0,0,1,1,-6.003499681,-6.879576000,1
1943,1789654118.454214096,0.000000000,1,1,0,0,1,1,-6.003499681,-6.879576000,1
1944,1789654118.464184284,0.000000000,1,1,0,0,1,1,-6.003499681,-6.879576000,1
1945,1789654118.474204063,0.000000000,1,1,0,0,1,1,-6.003499681,-6.879576000,1
1946,1789654118.484205484,0.000000000,1,1,0,0,1,1,-6.003499681,-6.879576000,1
1947,1789654118.494188070,0.000000000,1,1,0,0,1,1,-6.003499681,-6.879576000,1
1948,1789654118.504127979,0.000000000,1,1,0,0,1,1,-6.003499681,-6.879576000,1
1949,1789654118.514126301,0.000000000,1,1,0,0,1,1,-6.003499681,-6.879576000,1
1950,1789654118.524122715,0.000000000,1,1,0,0,1,1,-6.003499681,-6.879576000,1
1951,1789654118.534132481,0.000000000,1,1,0,0,1,1,-6.003499681,-6.879576000,1
1952,1789654118.544251919,0.000000000,1,1,0,0,1,1,-6.003499681,-6.879576000,1
1953,1789654118.554166317,0.000000000,1,1,0,0,1,1,-6.003499681,-6.879576000,1
1954,1789654118.564140558,0.000000000,1,1,0,0,1,1,-6.003499681,-6.879576000,1
1955,1789654118.574175596,0.000000000,1,1,0,0,1,1,-6.003499681,-6.879576000,1
1956,1789654118.584166050,0.000000000,1,1,0,0,1,1,-6.003499681,-6.879576000,1
1957,1789654118.594136000,0.000000000,1,1,0,0,1,1,-6.003499681,-6.879576000,1
1958,1789654118.604185820,0.000000000,1,1,0,0,1,1,-6.003499681,-6.879576000,1
1959,1789654118.614178658,0.000000000,1,1,0,0,1,1,-6.003499681,-6.879576000,1
1960,1789654118.624165297,0.000000000,1,1,0,0,1,1,-6.003499681,-6.879576000,1
1961,1789654118.634140730,0.000000000,1,1,0,0,1,1,-6.003499681,-6.879576000,1
1962,1789654118.644240856,0.000000000,1,1,0,0,1,1,-6.003499681,-6.879576000,1
1963,1789654118.654161930,0.000000000,1,1,0,0,1,1,-6.003499681,-6.879576000,1
1964,1789654118.664135933,0.000000000,1,1,0,0,1,1,-6.003499681,-6.879576000,1
1965,1789654118.674172401,0.000000000,1,1,0,0,1,1,-6.003499681,-6.879576000,1
1966,1789654118.684190273,0.000000000,1,1,0,0,1,1,-6.003499681,-6.879576000,1
1967,1789654118.694128036,0.000000000,1,1,0,0,1,1,-6.003499681,-6.879576000,1
1968,1789654118.704130411,0.000000000,1,1,0,0,1,1,-6.003499681,-6.879576000,1
1969,1789654118.714151144,0.000000000,1,1,0,0,1,1,-6.003499681,-6.879576000,1
1970,1789654118.724147558,0.000000000,1,1,0,0,1,1,-6.003499681,-6.879576000,1
1971,1789654118.734117746,0.000000000,1,1,0,0,1,1,-6.003499681,-6.879576000,1
1972,1789654118.744218349,0.000000000,1,1,0,0,1,1,-6.003499681,-6.879576000,1
1973,1789654118.754207134,0.000000000,1,1,0,0,1,1,-6.003499681,-6.879576000,1
1974,1789654118.764194250,0.000000000,1,1,0,0,1,1,-6.003499681,-6.879576000,1
1975,1789654118.774116516,0.000000000,1,1,0,0,1,1,-6.003499681,-6.879576000,1
1976,1789654118.784188271,0.000000000,1,1,0,0,1,1,-6.003499681,-6.879576000,1
1977,1789654118.794165611,0.000000000,1,1,0,0,1,1,-6.003499681,-6.879576000,1
1978,1789654118.804128885,0.000000000,1,1,0,0,1,1,-6.003499681,-6.879576000,1
1979,1789654118.814189196,0.000000000,1,1,0,0,1,1,-6.003499681,-6.879576000,1
1980,1789654118.824134350,0.000000000,1,1,0,0,1,1,-6.003499681,-6.879576000,1
1981,1789654118.834120989,0.000000000,1,1,0,0,1,1,-6.003499681,-6.879576000,1
1982,1789654118.844233036,0.000000000,1,1,0,0,1,1,-6.003499681,-6.879576000,1
1983,1789654118.854162931,0.000000000,1,1,0,0,1,1,-6.003499681,-6.879576000,1
1984,1789654118.864197016,0.000000000,1,1,0,0,1,1,-6.003499681,-6.879576000,1
1985,1789654118.874209642,0.000000000,1,1,0,0,1,1,-6.003499681,-6.879576000,1
1986,1789654118.884177446,0.000000000,1,1,0,0,1,1,-6.003499681,-6.879576000,1
1987,1789654118.894160986,0.000000000,1,1,0,0,1,1,-6.003499681,-6.879576000,1
1988,1789654118.904166460,0.000000000,1,1,0,0,1,1,-6.003499681,-6.879576000,1
1989,1789654118.914175987,0.000000000,1,1,0,0,1,1,-6.003499681,-6.879576000,1
1990,1789654118.924128771,0.000000000,1,1,0,0,1,1,-6.003499681,-6.879576000,1
1991,1789654118.934139967,0.000000000,1,1,0,0,1,1,-6.003499681,-6.879576000,1
1992,1789654118.944227934,0.000000000,1,1,0,0,1,1,-6.003499681,-6.879576000,1
1993,1789654118.954186678,0.000000000,1,1,0,0,1,1,-6.003499681,-6.879576000,1
1994,1789654118.964122772,0.000000000,1,1,0,0,1,1,-6.003499681,-6.879576000,1
1995,1789654118.974156141,0.000000000,1,1,0,0,1,1,-6.003499681,-6.879576000,1
1996,1789654118.984143972,0.000000000,1,1,0,0,1,1,-6.003499681,-6.879576000,1
1997,1789654118.994136333,0.000000000,1,1,0,0,1,1,-6.003499681,-6.879576000,1
1998,1789654119.004173279,0.000000000,1,1,0,0,1,1,-6.003499681,-6.879576000,1
1999,1789654119.014377832,0.000000000,1,1,0,0,1,1,-6.003499681,-6.879576000,1
2000,1789654119.024157286,0.000000000,1,1,0,0,1,1,-6.003499681,-6.879576000,1
2001,1789654119.034127951,0.000000000,1,1,0,0,1,1,-6.003499681,-6.879576000,1
2002,1789654119.044186831,0.000000000,1,1,0,0,1,1,-6.003499681,-6.879576000,1
2003,1789654119.054164886,0.000000000,1,1,0,0,1,1,-6.003499681,-6.879576000,1
2004,1789654119.064127207,0.000000000,1,1,0,0,1,1,-6.003499681,-6.879576000,1
2005,1789654119.074185133,0.000000000,1,1,0,0,1,1,-6.003499681,-6.879576000,1
2006,1789654119.084149361,0.000000000,1,1,0,0,1,1,-6.003499681,-6.879576000,1
2007,1789654119.094134569,0.000000000,1,1,0,0,1,1,-6.003499681,-6.879576000,1
2008,1789654119.104182959,0.000000000,1,1,0,0,1,1,-6.003499681,-6.879576000,1
2009,1789654119.114175081,0.000000000,1,1,0,0,1,1,-6.003499681,-6.879576000,1
2010,1789654119.124144316,0.000000000,1,1,0,0,1,1,-6.003499681,-6.879576000,1
2011,1789654119.134160280,0.000000000,1,1,0,0,1,1,-6.003499681,-6.879576000,1
2012,1789654119.144205809,0.000000000,1,1,0,0,1,1,-6.003499681,-6.879576000,1
2013,1789654119.154154301,0.000000000,1,1,0,0,1,1,-6.003499681,-6.879576000,1
2014,1789654119.164143085,0.000000000,1,1,0,0,1,1,-6.003499681,-6.879576000,1
2015,1789654119.174128294,0.000000000,1,1,0,0,1,1,-6.003499681,-6.879576000,1
2016,1789654119.184169292,0.000000000,1,1,0,0,1,1,-6.003499681,-6.879576000,1
2017,1789654119.194174528,0.000000000,1,1,0,0,1,1,-6.003499681,-6.879576000,1
2018,1789654119.204133272,0.000000000,1,1,0,0,1,1,-6.003499681,-6.879576000,1
2019,1789654119.214186907,0.000000000,1,1,0,0,1,1,-6.003499681,-6.879576000,1
2020,1789654119.224114895,0.000000000,1,1,0,0,1,1,-6.003499681,-6.879576000,1
2021,1789654119.234126091,0.000000000,1,1,0,0,1,1,-6.003499681,-6.879576000,1
2022,1789654119.244172573,0.000000000,1,1,0,0,1,1,-6.003499681,-6.879576000,1
2023,1789654119.254159927,0.000000000,1,1,0,0,1,1,-6.003499681,-6.879576000,1
2024,1789654119.264207363,0.000000000,1,1,0,0,1,1,-6.003499681,-6.879576000,1
2025,1789654119.274134874,0.000000000,1,1,0,0,1,1,-6.003499681,-6.879576000,1
2026,1789654119.284165144,0.000000000,1,1,0,0,1,1,-6.003499681,-6.879576000,1
2027,1789654119.294147253,0.000000000,1,1,0,0,1,1,-6.003499681,-6.879576000,1
2028,1789654119.304162264,0.000000000,1,1,0,0,1,1,-6.003499681,-6.879576000,1
2029,1789654119.314190865,0.000000000,1,1,0,0,1,1,-6.003499681,-6.879576000,1
2030,1789654119.324142694,0.000000000,1,1,0,0,1,1,-6.003499681,-6.879576000,1
2031,1789654119.334163666,0.000000000,1,1,0,0,1,1,-6.003499681,-6.879576000,1
2032,1789654119.344223499,0.000000000,1,1,0,0,1,1,-6.003499681,-6.879576000,1
2033,1789654119.354196548,0.000000000,1,1,0,0,1,1,-6.003499681,-6.879576000,1
2034,1789654119.364189625,0.000000000,1,1,0,0,1,1,-6.003499681,-6.879576000,1
2035,1789654119.374122858,0.000000000,1,1,0,0,1,1,-6.003499681,-6.879576000,1
2036,1789654119.384175539,0.000000000,1,1,0,0,1,1,-6.003499681,-6.879576000,1
2037,1789654119.394135952,0.000000000,1,1,0,0,1,1,-6.003499681,-6.879576000,1
2038,1789654119.404131174,0.000000000,1,1,0,0,1,1,-6.003499681,-6.879576000,1
2039,1789654119.414125919,0.000000000,1,1,0,0,1,1,-6.003499681,-6.879576000,1
2040,1789654119.424154520,0.000000000,1,1,0,0,1,1,-6.003499681,-6.879576000,1
2041,1789654119.434166193,0.000000000,1,1,0,0,1,1,-6.003499681,-6.879576000,1
2042,1789654119.444156885,0.000000000,1,1,0,0,1,1,-6.003499681,-6.879576000,1
2043,1789654119.454216957,0.000000000,1,1,0,0,1,1,-6.003499681,-6.879576000,1
2044,1789654119.464156151,0.000000000,1,1,0,0,1,1,-6.003499681,-6.879576000,1
2045,1789654119.474123955,0.000000000,1,1,0,0,1,1,-6.003499681,-6.879576000,1
2046,1789654119.484141111,0.000000000,1,1,0,0,1,1,-6.003499681,-6.879576000,1
2047,1789654119.494178295,0.000000000,1,1,0,0,1,1,-6.003499681,-6.879576000,1
2048,1789654119.504131317,0.000000000,1,1,0,0,1,1,-6.003499681,-6.879576000,1
2049,1789654119.514154434,0.000000000,1,1,0,0,1,1,-6.003499681,-6.879576000,1
2050,1789654119.524127007,0.000000000,1,1,0,0,1,1,-6.003499681,-6.879576000,1
2051,1789654119.534164906,0.000000000,1,1,0,0,1,1,-6.003499681,-6.879576000,1
2052,1789654119.544158459,0.000000000,1,1,0,0,1,1,-6.003499681,-6.879576000,1
2053,1789654119.554213285,0.000000000,1,1,0,0,1,1,-6.003499681,-6.879576000,1
2054,1789654119.564172506,0.000000000,1,1,0,0,1,1,-6.003499681,-6.879576000,1
2055,1789654119.574129581,0.000000000,1,1,0,0,1,1,-6.003499681,-6.879576000,1
2056,1789654119.584165812,0.000000000,1,1,0,0,1,1,-6.003499681,-6.879576000,1
2057,1789654119.594129324,0.000000000,1,1,0,0,1,1,-6.003499681,-6.879576000,1
2058,1789654119.604123354,0.000000000,1,1,0,0,1,1,-6.003499681,-6.879576000,1
2059,1789654119.614149332,0.000000000,1,1,0,0,1,1,-6.003499681,-6.879576000,1
2060,1789654119.624177933,0.000000000,1,1,0,0,1,1,-6.003499681,-6.879576000,1
2061,1789654119.634129047,0.000000000,1,1,0,0,1,1,-6.003499681,-6.879576000,1
2062,1789654119.644210577,0.000000000,1,1,0,0,1,1,-6.003499681,-6.879576000,1
2063,1789654119.654195786,0.000000000,1,1,0,0,1,1,-6.003499681,-6.879576000,1
2064,1789654119.664144754,0.000000000,1,1,0,0,1,1,-6.003499681,-6.879576000,1
2065,1789654119.674117565,0.000000000,1,1,0,0,1,1,-6.003499681,-6.879576000,1
2066,1789654119.684141159,0.000000000,1,1,0,0,1,1,-6.003499681,-6.879576000,1
2067,1789654119.694150925,0.000000000,1,1,0,0,1,1,-6.003499681,-6.879576000,1
2068,1789654119.704123735,0.000000000,1,1,0,0,1,1,-6.003499681,-6.879576000,1
2069,1789654119.714144230,0.000000000,1,1,0,0,1,1,-6.003499681,-6.879576000,1
2070,1789654119.724118948,0.000000000,1,1,0,0,1,1,-6.003499681,-6.879576000,1
2071,1789654119.734124184,0.000000000,1,1,0,0,1,1,-6.003499681,-6.879576000,1
2072,1789654119.744207621,0.000000000,1,1,0,0,1,1,-6.003499681,-6.879576000,1
2073,1789654119.754213333,0.000000000,1,1,0,0,1,1,-6.003499681,-6.879576000,1
2074,1789654119.764173269,0.000000000,1,1,0,0,1,1,-6.003499681,-6.879576000,1
2075,1789654119.774114847,0.000000000,1,1,0,0,1,1,-6.003499681,-6.879576000,1
2076,1789654119.784190893,0.000000000,1,1,0,0,1,1,-6.003499681,-6.879576000,1
2077,1789654119.794128656,0.000000000,1,1,0,0,1,1,-6.003499681,-6.879576000,1
2078,1789654119.804121017,0.000000000,1,1,0,0,1,1,-6.003499681,-6.879576000,1
2079,1789654119.814186096,0.000000000,1,1,0,0,1,1,-6.003499681,-6.879576000,1
2080,1789654119.824147940,0.000000000,1,1,0,0,1,1,-6.003499681,-6.879576000,1
2081,1789654119.834125996,0.000000000,1,1,0,0,1,1,-6.003499681,-6.879576000,1
2082,1789654119.844181538,0.000000000,1,1,0,0,1,1,-6.003499681,-6.879576000,1
2083,1789654119.854130983,0.000000000,1,1,0,0,1,1,-6.003499681,-6.879576000,1
2084,1789654119.864211798,0.000000000,1,1,0,0,1,1,-6.003499681,-6.879576000,1
2085,1789654119.874128342,0.000000000,1,1,0,0,1,1,-6.003499681,-6.879576000,1
2086,1789654119.884125710,0.000000000,1,1,0,0,1,1,-6.003499681,-6.879576000,1
2087,1789654119.894170523,0.000000000,1,1,0,0,1,1,-6.003499681,-6.879576000,1
2088,1789654119.904154062,0.000000000,1,1,0,0,1,1,-6.003499681,-6.879576000,1
2089,1789654119.914129734,0.000000000,1,1,0,0,1,1,-6.003499681,-6.879576000,1
2090,1789654119.924165726,0.000000000,1,1,0,0,1,1,-6.003499681,-6.879576000,1
2091,1789654119.934160233,0.000000000,1,1,0,0,1,1,-6.003499681,-6.879576000,1
2092,1789654119.944232464,0.000000000,1,1,0,0,1,1,-6.003499681,-6.879576000,1
2093,1789654119.954123974,0.000000000,1,1,0,0,1,1,-6.003499681,-6.879576000,1
2094,1789654119.964177608,0.000000000,1,1,0,0,1,1,-6.003499681,-6.879576000,1
2095,1789654119.974129677,0.000000000,1,1,0,0,1,1,-6.003499681,-6.879576000,1
2096,1789654119.984130144,0.000000000,1,1,0,0,1,1,-6.003499681,-6.879576000,1
2097,1789654119.994154215,0.000000000,1,1,0,0,1,1,-6.003499681,-6.879576000,1
2098,1789654120.004161835,0.000000000,1,1,0,0,1,1,-6.003499681,-6.879576000,1
2099,1789654120.014147758,0.000000000,1,1,0,0,1,1,-6.003499681,-6.879576000,1
2100,1789654120.024158716,0.000000000,1,1,0,0,1,1,-6.003499681,-6.879576000,1
2101,1789654120.034150839,0.000000000,1,1,0,0,1,1,-6.003499681,-6.879576000,1
2102,1789654120.044189930,0.000000000,1,1,0,0,1,1,-6.003499681,-6.879576000,1
2103,1789654120.054121017,0.000000000,1,1,0,0,1,1,-6.003499681,-6.879576000,1
2104,1789654120.064184666,0.000000000,1,1,0,0,1,1,-6.003499681,-6.879576000,1
2105,1789654120.074164629,0.000000000,1,1,0,0,1,1,-6.003499681,-6.879576000,1
2106,1789654120.084203243,0.000000000,1,1,0,0,1,1,-6.003499681,-6.879576000,1
2107,1789654120.094128370,0.000000000,1,1,0,0,1,1,-6.003499681,-6.879576000,1
2108,1789654120.104122639,0.000000000,1,1,0,0,1,1,-6.003499681,-6.879576000,1
2109,1789654120.114133835,0.000000000,1,1,0,0,1,1,-6.003499681,-6.879576000,1
2110,1789654120.124146938,0.000000000,1,1,0,0,1,1,-6.003499681,-6.879576000,1
2111,1789654120.134128332,0.000000000,1,1,0,0,1,1,-6.003499681,-6.879576000,1
2112,1789654120.144129276,0.000000000,1,1,0,0,1,1,-6.003499681,-6.879576000,1
2113,1789654120.154160738,0.000000000,1,1,0,0,1,1,-6.003499681,-6.879576000,1
2114,1789654120.164179802,0.000000000,1,1,0,0,1,1,-6.003499681,-6.879576000,1
2115,1789654120.174133062,0.000000000,1,1,0,0,1,1,-6.003499681,-6.879576000,1
2116,1789654120.184167862,0.000000000,1,1,0,0,1,1,-6.003499681,-6.879576000,1
2117,1789654120.194139242,0.000000000,1,1,0,0,1,1,-6.003499681,-6.879576000,1
2118,1789654120.204183578,0.000000000,1,1,0,0,1,1,-6.003499681,-6.879576000,1
2119,1789654120.214164495,0.000000000,1,1,0,0,1,1,-6.003499681,-6.879576000,1
2120,1789654120.224148750,0.000000000,1,1,0,0,1,1,-6.003499681,-6.879576000,1
2121,1789654120.234171867,0.000000000,1,1,0,0,1,1,-6.003499681,-6.879576000,1
2122,1789654120.244128466,0.000000000,1,1,0,0,1,1,-6.003499681,-6.879576000,1
2123,1789654120.254163027,0.000000000,1,1,0,0,1,1,-6.003499681,-6.879576000,1
2124,1789654120.264217615,0.000000000,1,1,0,0,1,1,-6.003499681,-6.879576000,1
2125,1789654120.274122953,0.000000000,1,1,0,0,1,1,-6.003499681,-6.879576000,1
2126,1789654120.284168720,0.000000000,1,1,0,0,1,1,-6.003499681,-6.879576000,1
2127,1789654120.294169188,0.000000000,1,1,0,0,1,1,-6.003499681,-6.879576000,1
2128,1789654120.304119110,0.000000000,1,1,0,0,1,1,-6.003499681,-6.879576000,1
2129,1789654120.314172506,0.000000000,1,1,0,0,1,1,-6.003499681,-6.879576000,1
2130,1789654120.324141264,0.000000000,1,1,0,0,1,1,-6.003499681,-6.879576000,1
2131,1789654120.334161758,0.000000000,1,1,0,0,1,1,-6.003499681,-6.879576000,1
2132,1789654120.344176531,0.000000000,1,1,0,0,1,1,-6.003499681,-6.879576000,1
2133,1789654120.354161978,0.000000000,1,1,0,0,1,1,-6.003499681,-6.879576000,1
2134,1789654120.364234686,0.000000000,1,1,0,0,1,1,-6.003499681,-6.879576000,1
2135,1789654120.374123573,0.000000000,1,1,0,0,1,1,-6.003499681,-6.879576000,1
2136,1789654120.384213448,0.000000000,1,1,0,0,1,1,-6.003499681,-6.879576000,1
2137,1789654120.394172192,0.000000000,1,1,0,0,1,1,-6.003499681,-6.879576000,1
2138,1789654120.404158354,0.000000000,1,1,0,0,1,1,-6.003499681,-6.879576000,1
2139,1789654120.414170027,0.000000000,1,1,0,0,1,1,-6.003499681,-6.879576000,1
2140,1789654120.424142599,0.000000000,1,1,0,0,1,1,-6.003499681,-6.879576000,1
2141,1789654120.434162378,0.000000000,1,1,0,0,1,1,-6.003499681,-6.879576000,1
2142,1789654120.444363356,0.000000000,1,1,0,0,1,1,-6.003499681,-6.879576000,1
2143,1789654120.454194784,0.000000000,1,1,0,0,1,1,-6.003499681,-6.879576000,1
2144,1789654120.464218140,0.000000000,1,1,0,0,1,1,-6.003499681,-6.879576000,1
2145,1789654120.474132061,0.000000000,1,1,0,0,1,1,-6.003499681,-6.879576000,1
2146,1789654120.484212637,0.000000000,1,1,0,0,1,1,-6.003499681,-6.879576000,1
2147,1789654120.494129419,0.000000000,1,1,0,0,1,1,-6.003499681,-6.879576000,1
2148,1789654120.504156351,0.000000000,1,1,0,0,1,1,-6.003499681,-6.879576000,1
2149,1789654120.514109373,0.000000000,1,1,0,0,1,1,-6.003499681,-6.879576000,1
2150,1789654120.524156570,0.000000000,1,1,0,0,1,1,-6.003499681,-6.879576000,1
2151,1789654120.534133673,0.000000000,1,1,0,0,1,1,-6.003499681,-6.879576000,1
2152,1789654120.544199944,0.000000000,1,1,0,0,1,1,-6.003499681,-6.879576000,1
2153,1789654120.554108143,0.000000000,1,1,0,0,1,1,-6.003499681,-6.879576000,1
2154,1789654120.564172029,0.000000000,1,1,0,0,1,1,-6.003499681,-6.879576000,1
2155,1789654120.574106932,0.000000000,1,1,0,0,1,1,-6.003499681,-6.879576000,1
2156,1789654120.584109783,0.000000000,1,1,0,0,1,1,-6.003499681,-6.879576000,1
2157,1789654120.594134569,0.000000000,1,1,0,0,1,1,-6.003499681,-6.879576000,1
2158,1789654120.604113579,0.000000000,1,1,0,0,1,1,-6.003499681,-6.879576000,1
2159,1789654120.614106655,0.000000000,1,1,0,0,1,1,-6.003499681,-6.879576000,1
2160,1789654120.624138832,0.000000000,1,1,0,0,1,1,-6.003499681,-6.879576000,1
2161,1789654120.634160042,0.000000000,1,1,0,0,1,1,-6.003499681,-6.879576000,1
2162,1789654120.644145012,0.000000000,1,1,0,0,1,1,-6.003499681,-6.879576000,1
2163,1789654120.654148579,0.000000000,1,1,0,0,1,1,-6.003499681,-6.879576000,1
2164,1789654120.664191484,0.000000000,1,1,0,0,1,1,-6.003499681,-6.879576000,1
2165,1789654120.674122810,0.000000000,1,1,0,0,1,1,-6.003499681,-6.879576000,1
2166,1789654120.684135914,0.000000000,1,1,0,0,1,1,-6.003499681,-6.879576000,1
2167,1789654120.694154024,0.000000000,1,1,0,0,1,1,-6.003499681,-6.879576000,1
2168,1789654120.704139948,0.000000000,1,1,0,0,1,1,-6.003499681,-6.879576000,1
2169,1789654120.714136362,0.000000000,1,1,0,0,1,1,-6.003499681,-6.879576000,1
2170,1789654120.724135637,0.000000000,1,1,0,0,1,1,-6.003499681,-6.879576000,1
2171,1789654120.734154701,0.000000000,1,1,0,0,1,1,-6.003499681,-6.879576000,1
2172,1789654120.744235277,0.000000000,1,1,0,0,1,1,-6.003499681,-6.879576000,1
2173,1789654120.754158258,0.000000000,1,1,0,0,1,1,-6.003499681,-6.879576000,1
2174,1789654120.764193535,0.000000000,1,1,0,0,1,1,-6.003499681,-6.879576000,1
2175,1789654120.774135351,0.000000000,1,1,0,0,1,1,-6.003499681,-6.879576000,1
2176,1789654120.784161091,0.000000000,1,1,0,0,1,1,-6.003499681,-6.879576000,1
2177,1789654120.794128180,0.000000000,1,1,0,0,1,1,-6.003499681,-6.879576000,1
2178,1789654120.804136753,0.000000000,1,1,0,0,1,1,-6.003499681,-6.879576000,1
2179,1789654120.814125538,0.000000000,1,1,0,0,1,1,-6.003499681,-6.879576000,1
2180,1789654120.824136734,0.000000000,1,1,0,0,1,1,-6.003499681,-6.879576000,1
2181,1789654120.834127188,0.000000000,1,1,0,0,1,1,-6.003499681,-6.879576000,1
2182,1789654120.844210148,0.000000000,1,1,0,0,1,1,-6.003499681,-6.879576000,1
2183,1789654120.854130745,0.000000000,1,1,0,0,1,1,-6.003499681,-6.879576000,1
2184,1789654120.864137411,0.000000000,1,1,0,0,1,1,-6.003499681,-6.879576000,1
2185,1789654120.874134779,0.000000000,1,1,0,0,1,1,-6.003499681,-6.879576000,1
2186,1789654120.884208679,0.000000000,1,1,0,0,1,1,-6.003499681,-6.879576000,1
2187,1789654120.894189119,0.000000000,1,1,0,0,1,1,-6.003499681,-6.879576000,1
2188,1789654120.904159546,0.000000000,1,1,0,0,1,1,-6.003499681,-6.879576000,1
2189,1789654120.914159298,0.000000000,1,1,0,0,1,1,-6.003499681,-6.879576000,1
2190,1789654120.924137115,0.000000000,1,1,0,0,1,1,-6.003499681,-6.879576000,1
2191,1789654120.934143066,0.000000000,1,1,0,0,1,1,-6.003499681,-6.879576000,1
2192,1789654120.944142103,0.000000000,1,1,0,0,1,1,-6.003499681,-6.879576000,1
2193,1789654120.954165936,0.000000000,1,1,0,0,1,1,-6.003499681,-6.879576000,1
2194,1789654120.964194298,0.000000000,1,1,0,0,1,1,-6.003499681,-6.879576000,1
2195,1789654120.974124908,0.000000000,1,1,0,0,1,1,-6.003499681,-6.879576000,1
2196,1789654120.984201670,0.000000000,1,1,0,0,1,1,-6.003499681,-6.879576000,1
2197,1789654120.994181633,0.000000000,1,1,0,0,1,1,-6.003499681,-6.879576000,1
2198,1789654121.004127264,0.000000000,1,1,0,0,1,1,-6.003499681,-6.879576000,1
2199,1789654121.014143229,0.000000000,1,1,0,0,1,1,-6.003499681,-6.879576000,1
2200,1789654121.024170399,0.000000000,1,1,0,0,1,1,-6.003499681,-6.879576000,1
2201,1789654121.034142971,0.000000000,1,1,0,0,1,1,-6.003499681,-6.879576000,1
2202,1789654121.044146776,0.000000000,1,1,0,0,1,1,-6.003499681,-6.879576000,1
2203,1789654121.054184914,0.000000000,1,1,0,0,1,1,-6.003499681,-6.879576000,1
2204,1789654121.064195156,0.000000000,1,1,0,0,1,1,-6.003499681,-6.879576000,1
2205,1789654121.074125767,0.000000000,1,1,0,0,1,1,-6.003499681,-6.879576000,1
2206,1789654121.084164858,0.000000000,1,1,0,0,1,1,-6.003499681,-6.879576000,1
2207,1789654121.094133854,0.000000000,1,1,0,0,1,1,-6.003499681,-6.879576000,1
2208,1789654121.104133129,0.000000000,1,1,0,0,1,1,-6.003499681,-6.879576000,1
2209,1789654121.114144564,0.000000000,1,1,0,0,1,1,-6.003499681,-6.879576000,1
2210,1789654121.124150276,0.000000000,1,1,0,0,1,1,-6.003499681,-6.879576000,1
2211,1789654121.134157419,0.000000000,1,1,0,0,1,1,-6.003499681,-6.879576000,1
2212,1789654121.144132137,0.000000000,1,1,0,0,1,1,-6.003499681,-6.879576000,1
2213,1789654121.154162884,0.000000000,1,1,0,0,1,1,-6.003499681,-6.879576000,1
2214,1789654121.164129734,0.000000000,1,1,0,0,1,1,-6.003499681,-6.879576000,1
2215,1789654121.174128532,0.000000000,1,1,0,0,1,1,-6.003499681,-6.879576000,1
2216,1789654121.184166431,0.000000000,1,1,0,0,1,1,-6.003499681,-6.879576000,1
2217,1789654121.194134712,0.000000000,1,1,0,0,1,1,-6.003499681,-6.879576000,1
2218,1789654121.204160690,0.000000000,1,1,0,0,1,1,-6.003499681,-6.879576000,1
2219,1789654121.214168549,0.000000000,1,1,0,0,1,1,-6.003499681,-6.879576000,1
2220,1789654121.224151850,0.000000000,1,1,0,0,1,1,-6.003499681,-6.879576000,1
2221,1789654121.234127522,0.000000000,1,1,0,0,1,1,-6.003499681,-6.879576000,1
2222,1789654121.244203091,0.000000000,1,1,0,0,1,1,-6.003499681,-6.879576000,1
2223,1789654121.254160881,0.000000000,1,1,0,0,1,1,-6.003499681,-6.879576000,1
2224,1789654121.264132261,0.000000000,1,1,0,0,1,1,-6.003499681,-6.879576000,1
2225,1789654121.274128914,0.000000000,1,1,0,0,1,1,-6.003499681,-6.879576000,1
2226,1789654121.284165859,0.000000000,1,1,0,0,1,1,-6.003499681,-6.879576000,1
2227,1789654121.294127703,0.000000000,1,1,0,0,1,1,-6.003499681,-6.879576000,1
2228,1789654121.304138422,0.000000000,1,1,0,0,1,1,-6.003499681,-6.879576000,1
2229,1789654121.314188957,0.000000000,1,1,0,0,1,1,-6.003499681,-6.879576000,1
2230,1789654121.324122429,0.000000000,1,1,0,0,1,1,-6.003499681,-6.879576000,1
2231,1789654121.334163189,0.000000000,1,1,0,0,1,1,-6.003499681,-6.879576000,1
2232,1789654121.344165802,0.000000000,1,1,0,0,1,1,-6.003499681,-6.879576000,1
2233,1789654121.354187012,0.000000000,1,1,0,0,1,1,-6.003499681,-6.879576000,1
2234,1789654121.364167452,0.000000000,1,1,0,0,1,1,-6.003499681,-6.879576000,1
2235,1789654121.374124050,0.000000000,1,1,0,0,1,1,-6.003499681,-6.879576000,1
2236,1789654121.384181738,0.000000000,1,1,0,0,1,1,-6.003499681,-6.879576000,1
2237,1789654121.394186497,0.000000000,1,1,0,0,1,1,-6.003499681,-6.879576000,1
2238,1789654121.404158831,0.000000000,1,1,0,0,1,1,-6.003499681,-6.879576000,1
2239,1789654121.414188147,0.000000000,1,1,0,0,1,1,-6.003499681,-6.879576000,1
2240,1789654121.424128771,0.000000000,1,1,0,0,1,1,-6.003499681,-6.879576000,1
2241,1789654121.434128284,0.000000000,1,1,0,0,1,1,-6.003499681,-6.879576000,1
2242,1789654121.444246292,0.000000000,1,1,0,0,1,1,-6.003499681,-6.879576000,1
2243,1789654121.454129696,0.000000000,1,1,0,0,1,1,-6.003499681,-6.879576000,1
2244,1789654121.464135170,0.000000000,1,1,0,0,1,1,-6.003499681,-6.879576000,1
2245,1789654121.474116802,0.000000000,1,1,0,0,1,1,-6.003499681,-6.879576000,1
2246,1789654121.484194994,0.000000000,1,1,0,0,1,1,-6.003499681,-6.879576000,1
2247,1789654121.494143009,0.000000000,1,1,0,0,1,1,-6.003499681,-6.879576000,1
2248,1789654121.504113436,0.000000000,1,1,0,0,1,1,-6.003499681,-6.879576000,1
2249,1789654121.514142513,0.000000000,1,1,0,0,1,1,-6.003499681,-6.879576000,1
2250,1789654121.524130821,0.000000000,1,1,0,0,1,1,-6.003499681,-6.879576000,1
2251,1789654121.534125328,0.000000000,1,1,0,0,1,1,-6.003499681,-6.879576000,1
2252,1789654121.544225454,0.000000000,1,1,0,0,1,1,-6.003499681,-6.879576000,1
2253,1789654121.554141283,0.000000000,1,1,0,0,1,1,-6.003499681,-6.879576000,1
2254,1789654121.564169168,0.000000000,1,1,0,0,1,1,-6.003499681,-6.879576000,1
2255,1789654121.574117184,0.000000000,1,1,0,0,1,1,-6.003499681,-6.879576000,1
2256,1789654121.584129572,0.000000000,1,1,0,0,1,1,-6.003499681,-6.879576000,1
2257,1789654121.594159126,0.000000000,1,1,0,0,1,1,-6.003499681,-6.879576000,1
2258,1789654121.604170322,0.000000000,1,1,0,0,1,1,-6.003499681,-6.879576000,1
2259,1789654121.614166498,0.000000000,1,1,0,0,1,1,-6.003499681,-6.879576000,1
2260,1789654121.624163866,0.000000000,1,1,0,0,1,1,-6.003499681,-6.879576000,1
2261,1789654121.634126663,0.000000000,1,1,0,0,1,1,-6.003499681,-6.879576000,1
2262,1789654121.644137621,0.000000000,1,1,0,0,1,1,-6.003499681,-6.879576000,1
2263,1789654121.654162407,0.000000000,1,1,0,0,1,1,-6.003499681,-6.879576000,1
2264,1789654121.664132357,0.000000000,1,1,0,0,1,1,-6.003499681,-6.879576000,1
2265,1789654121.674120188,0.000000000,1,1,0,0,1,1,-6.003499681,-6.879576000,1
2266,1789654121.684186459,0.000000000,1,1,0,0,1,1,-6.003499681,-6.879576000,1
2267,1789654121.694170952,0.000000000,1,1,0,0,1,1,-6.003499681,-6.879576000,1
2268,1789654121.704118490,0.000000000,1,1,0,0,1,1,-6.003499681,-6.879576000,1
2269,1789654121.714131117,0.000000000,1,1,0,0,1,1,-6.003499681,-6.879576000,1
2270,1789654121.724127531,0.000000000,1,1,0,0,1,1,-6.003499681,-6.879576000,1
2271,1789654121.734126568,0.000000000,1,1,0,0,1,1,-6.003499681,-6.879576000,1
2272,1789654121.744175196,0.000000000,1,1,0,0,1,1,-6.003499681,-6.879576000,1
2273,1789654121.754193306,0.000000000,1,1,0,0,1,1,-6.003499681,-6.879576000,1
2274,1789654121.764168739,0.000000000,1,1,0,0,1,1,-6.003499681,-6.879576000,1
2275,1789654121.774117947,0.000000000,1,1,0,0,1,1,-5.988741815,-6.861022666,1
2276,1789654121.784172535,0.000000000,1,1,0,0,1,1,-5.988741815,-6.861022666,1
2277,1789654121.794181347,0.000000000,1,1,0,0,1,1,-5.988741815,-6.861022666,1
2278,1789654121.804119587,0.000000000,1,1,0,0,1,1,-5.988741815,-6.861022666,1
2279,1789654121.814172268,0.000000000,1,1,0,0,1,1,-5.988741815,-6.861022666,1
2280,1789654121.824148893,0.000000000,1,1,0,0,1,1,-5.988741815,-6.861022666,1
2281,1789654121.834129572,0.000000000,1,1,0,0,1,1,-5.988741815,-6.861022666,1
2282,1789654121.844243526,0.000000000,1,1,0,0,1,1,-5.988741815,-6.861022666,1
2283,1789654121.854145050,0.000000000,1,1,0,0,1,1,-5.988741815,-6.861022666,1
2284,1789654121.864149094,0.000000000,1,1,0,0,1,1,-5.988741815,-6.861022666,1
2285,1789654121.874135971,0.000000000,1,1,0,0,1,1,-5.988741815,-6.861022666,1
2286,1789654121.884129047,0.000000000,1,1,0,0,1,1,-5.988741815,-6.861022666,1
2287,1789654121.894147873,0.000000000,1,1,0,0,1,1,-5.988741815,-6.861022666,1
2288,1789654121.904196024,0.000000000,1,1,0,0,1,1,-5.988741815,-6.861022666,1
2289,1789654121.914170980,0.000000000,1,1,0,0,1,1,-5.988741815,-6.861022666,1
2290,1789654121.924153566,0.000000000,1,1,0,0,1,1,-5.988741815,-6.861022666,1
2291,1789654121.934130907,0.000000000,1,1,0,0,1,1,-5.988741815,-6.861022666,1
2292,1789654121.944211960,0.000000000,1,1,0,0,1,1,-5.988741815,-6.861022666,1
2293,1789654121.954138279,0.000000000,1,1,0,0,1,1,-5.988741815,-6.861022666,1
2294,1789654121.964174509,0.000000000,1,1,0,0,1,1,-5.988741815,-6.861022666,1
2295,1789654121.974119186,0.000000000,1,1,0,0,1,1,-5.988741815,-6.861022666,1
2296,1789654121.984156609,0.000000000,1,1,0,0,1,1,-5.988741815,-6.861022666,1
2297,1789654121.994137049,0.000000000,1,1,0,0,1,1,-5.988741815,-6.861022666,1
2298,1789654122.004127264,0.000000000,1,1,0,0,1,1,-5.988741815,-6.861022666,1
2299,1789654122.014147758,0.000000000,1,1,0,0,1,1,-5.988741815,-6.861022666,1
2300,1789654122.024103403,0.000000000,1,1,0,0,1,1,-5.988741815,-6.861022666,1
2301,1789654122.034128666,0.000000000,1,1,0,0,1,1,-5.988741815,-6.861022666,1
2302,1789654122.044176579,0.000000000,1,1,0,0,1,1,-5.988741815,-6.861022666,1
2303,1789654122.054130793,0.000000000,1,1,0,0,1,1,-5.988741815,-6.861022666,1
2304,1789654122.064122200,0.000000000,1,1,0,0,1,1,-5.988741815,-6.861022666,1
2305,1789654122.074104786,0.000000000,1,1,0,0,1,1,-5.988741815,-6.861022666,1
2306,1789654122.084146261,0.000000000,1,1,0,0,1,1,-5.988741815,-6.861022666,1
2307,1789654122.094129562,0.000000000,1,1,0,0,1,1,-5.988741815,-6.861022666,1
2308,1789654122.104126215,0.000000000,1,1,0,0,1,1,-5.988741815,-6.861022666,1
2309,1789654122.114128828,0.000000000,1,1,0,0,1,1,-5.988741815,-6.861022666,1
2310,1789654122.124109268,0.000000000,1,1,0,0,1,1,-5.988741815,-6.861022666,1
2311,1789654122.134159565,0.000000000,1,1,0,0,1,1,-5.988741815,-6.861022666,1
2312,1789654122.144145012,0.000000000,1,1,0,0,1,1,-5.988741815,-6.861022666,1
2313,1789654122.154141188,0.000000000,1,1,0,0,1,1,-5.988741815,-6.861022666,1
2314,1789654122.164169788,0.000000000,1,1,0,0,1,1,-5.988741815,-6.861022666,1
2315,1789654122.174179316,0.000000000,1,1,0,0,1,1,-5.988741815,-6.861022666,1
2316,1789654122.184133530,0.000000000,1,1,0,0,1,1,-5.988741815,-6.861022666,1
2317,1789654122.194114447,0.000000000,1,1,0,0,1,1,-5.988741815,-6.861022666,1
2318,1789654122.204139471,0.000000000,1,1,0,0,1,1,-5.988741815,-6.861022666,1
2319,1789654122.214162827,0.000000000,1,1,0,0,1,1,-5.988741815,-6.861022666,1
2320,1789654122.224107742,0.000000000,1,1,0,0,1,1,-5.988741815,-6.861022666,1
2321,1789654122.234106779,0.000000000,1,1,0,0,1,1,-5.988741815,-6.861022666,1
2322,1789654122.244181871,0.000000000,1,1,0,0,1,1,-5.988741815,-6.861022666,1
2323,1789654122.254115105,0.000000000,1,1,0,0,1,1,-5.988741815,-6.861022666,1
2324,1789654122.264127016,0.000000000,1,1,0,0,1,1,-5.988741815,-6.861022666,1
2325,1789654122.274105072,0.000000000,1,1,0,0,1,1,-5.988741815,-6.861022666,1
2326,1789654122.284116983,0.000000000,1,1,0,0,1,1,-5.988741815,-6.861022666,1
2327,1789654122.294111013,0.000000000,1,1,0,0,1,1,-5.988741815,-6.861022666,1
2328,1789654122.304132700,0.000000000,1,1,0,0,1,1,-5.988741815,-6.861022666,1
2329,1789654122.314132452,0.000000000,1,1,0,0,1,1,-5.988741815,-6.861022666,1
2330,1789654122.324129343,0.000000000,1,1,0,0,1,1,-5.988741815,-6.861022666,1
2331,1789654122.334128618,0.000000000,1,1,0,0,1,1,-5.988741815,-6.861022666,1
2332,1789654122.344218254,0.000000000,1,1,0,0,1,1,-5.988741815,-6.861022666,1
2333,1789654122.354137659,0.000000000,1,1,0,0,1,1,-5.988741815,-6.861022666,1
2334,1789654122.364166975,0.000000000,1,1,0,0,1,1,-5.988741815,-6.861022666,1
2335,1789654122.374131441,0.000000000,1,1,0,0,1,1,-5.988741815,-6.861022666,1
2336,1789654122.384126186,0.000000000,1,1,0,0,1,1,-5.988741815,-6.861022666,1
2337,1789654122.394128084,0.000000000,1,1,0,0,1,1,-5.988741815,-6.861022666,1
2338,1789654122.404132843,0.000000000,1,1,0,0,1,1,-5.988741815,-6.861022666,1
2339,1789654122.414234161,0.000000000,1,1,0,0,1,1,-5.988741815,-6.861022666,1
2340,1789654122.424162626,0.000000000,1,1,0,0,1,1,-5.988741815,-6.861022666,1
2341,1789654122.434126616,0.000000000,1,1,0,0,1,1,-5.988741815,-6.861022666,1
2342,1789654122.444258213,0.000000000,1,1,0,0,1,1,-5.988741815,-6.861022666,1
2343,1789654122.454138041,0.000000000,1,1,0,0,1,1,-5.988741815,-6.861022666,1
2344,1789654122.464121819,0.000000000,1,1,0,0,1,1,-5.988741815,-6.861022666,1
2345,1789654122.474128962,0.000000000,1,1,0,0,1,1,-5.988741815,-6.861022666,1
2346,1789654122.484206438,0.000000000,1,1,0,0,1,1,-5.988741815,-6.861022666,1
2347,1789654122.494181156,0.000000000,1,1,0,0,1,1,-5.988741815,-6.861022666,1
2348,1789654122.504124880,0.000000000,1,1,0,0,1,1,-5.988741815,-6.861022666,1
2349,1789654122.514141798,0.000000000,1,1,0,0,1,1,-5.988741815,-6.861022666,1
2350,1789654122.524124861,0.000000000,1,1,0,0,1,1,-5.988741815,-6.861022666,1
2351,1789654122.534129858,0.000000000,1,1,0,0,1,1,-5.988741815,-6.861022666,1
2352,1789654122.544162512,0.000000000,1,1,0,0,1,1,-5.988741815,-6.861022666,1
2353,1789654122.554138184,0.000000000,1,1,0,0,1,1,-5.988741815,-6.861022666,1
2354,1789654122.564136744,0.000000000,1,1,0,0,1,1,-5.988741815,-6.861022666,1
2355,1789654122.574120998,0.000000000,1,1,0,0,1,1,-5.988741815,-6.861022666,1
2356,1789654122.584161282,0.000000000,1,1,0,0,1,1,-5.988741815,-6.861022666,1
2357,1789654122.594139814,0.000000000,1,1,0,0,1,1,-5.988741815,-6.861022666,1
2358,1789654122.604118586,0.000000000,1,1,0,0,1,1,-5.988741815,-6.861022666,1
2359,1789654122.614158154,0.000000000,1,1,0,0,1,1,-5.988741815,-6.861022666,1
2360,1789654122.624115229,0.000000000,1,1,0,0,1,1,-5.988741815,-6.861022666,1
2361,1789654122.634129047,0.000000000,1,1,0,0,1,1,-5.988741815,-6.861022666,1
2362,1789654122.644169331,0.000000000,1,1,0,0,1,1,-5.988741815,-6.861022666,1
2363,1789654122.654170275,0.000000000,1,1,0,0,1,1,-5.988741815,-6.861022666,1
2364,1789654122.664127350,0.000000000,1,1,0,0,1,1,-5.988741815,-6.861022666,1
2365,1789654122.674134016,0.000000000,1,1,0,0,1,1,-5.988741815,-6.861022666,1
2366,1789654122.684175253,0.000000000,1,1,0,0,1,1,-5.988741815,-6.861022666,1
2367,1789654122.694190502,0.000000000,1,1,0,0,1,1,-5.988741815,-6.861022666,1
2368,1789654122.704126358,0.000000000,1,1,0,0,1,1,-5.988741815,-6.861022666,1
2369,1789654122.714151859,0.000000000,1,1,0,0,1,1,-5.988741815,-6.861022666,1
2370,1789654122.724159241,0.000000000,1,1,0,0,1,1,-5.988741815,-6.861022666,1
2371,1789654122.734129429,0.000000000,1,1,0,0,1,1,-5.988741815,-6.861022666,1
2372,1789654122.744215727,0.000000000,1,1,0,0,1,1,-5.988741815,-6.861022666,1
2373,1789654122.754177332,0.000000000,1,1,0,0,1,1,-5.988741815,-6.861022666,1
2374,1789654122.764162064,0.000000000,1,1,0,0,1,1,-5.988741815,-6.861022666,1
2375,1789654122.774133921,0.000000000,1,1,0,0,1,1,-5.988741815,-6.861022666,1
2376,1789654122.784168720,0.000000000,1,1,0,0,1,1,-5.988741815,-6.861022666,1
2377,1789654122.794141293,0.000000000,1,1,0,0,1,1,-5.988741815,-6.861022666,1
2378,1789654122.804121971,0.000000000,1,1,0,0,1,1,-5.988741815,-6.861022666,1
2379,1789654122.814179182,0.000000000,1,1,0,0,1,1,-5.988741815,-6.861022666,1
2380,1789654122.824143648,0.000000000,1,1,0,0,1,1,-5.988741815,-6.861022666,1
2381,1789654122.834150553,0.000000000,1,1,0,0,1,1,-5.988741815,-6.861022666,1
2382,1789654122.844168663,0.000000000,1,1,0,0,1,1,-5.988741815,-6.861022666,1
2383,1789654122.854169369,0.000000000,1,1,0,0,1,1,-5.988741815,-6.861022666,1
2384,1789654122.864135742,0.000000000,1,1,0,0,1,1,-5.988741815,-6.861022666,1
2385,1789654122.874133825,0.000000000,1,1,0,0,1,1,-5.988741815,-6.861022666,1
2386,1789654122.901036263,0.000000000,1,1,0,0,1,1,-5.988741815,-6.861022666,1
2387,1789654122.901326656,0.000000000,1,1,0,0,1,1,-5.988741815,-6.861022666,1
2388,1789654122.904129744,0.000000000,1,1,0,0,1,1,-5.988741815,-6.861022666,1
2389,1789654122.914161682,0.000000000,1,1,0,0,1,1,-5.988741815,-6.861022666,1
2390,1789654122.924118996,0.000000000,1,1,0,0,1,1,-5.988741815,-6.861022666,1
2391,1789654122.934125662,0.000000000,1,1,0,0,1,1,-5.988741815,-6.861022666,1
2392,1789654122.944221020,0.000000000,1,1,0,0,1,1,-5.988741815,-6.861022666,1
2393,1789654122.954153299,0.000000000,1,1,0,0,1,1,-5.988741815,-6.861022666,1
2394,1789654122.964175940,0.000000000,1,1,0,0,1,1,-5.988741815,-6.861022666,1
2395,1789654122.974158525,0.000000000,1,1,0,0,1,1,-5.988741815,-6.861022666,1
2396,1789654122.984134912,0.000000000,1,1,0,0,1,1,-5.988741815,-6.861022666,1
2397,1789654122.994174957,0.000000000,1,1,0,0,1,1,-5.988741815,-6.861022666,1
2398,1789654123.004127264,0.000000000,1,1,0,0,1,1,-5.988741815,-6.861022666,1
2399,1789654123.014169931,0.000000000,1,1,0,0,1,1,-5.988741815,-6.861022666,1
2400,1789654123.024170637,0.000000000,1,1,0,0,1,1,-5.988741815,-6.861022666,1
2401,1789654123.034144878,0.000000000,1,1,0,0,1,1,-5.988741815,-6.861022666,1
2402,1789654123.044231176,0.000000000,1,1,0,0,1,1,-5.988741815,-6.861022666,1
2403,1789654123.054133177,0.000000000,1,1,0,0,1,1,-5.988741815,-6.861022666,1
2404,1789654123.064132690,0.000000000,1,1,0,0,1,1,-5.988741815,-6.861022666,1
2405,1789654123.074117899,0.000000000,1,1,0,0,1,1,-5.988741815,-6.861022666,1
2406,1789654123.084163904,0.000000000,1,1,0,0,1,1,-5.988741815,-6.861022666,1
2407,1789654123.094168901,0.000000000,1,1,0,0,1,1,-5.988741815,-6.861022666,1
2408,1789654123.104169846,0.000000000,1,1,0,0,1,1,-5.988741815,-6.861022666,1
2409,1789654123.114117861,0.000000000,1,1,0,0,1,1,-5.988741815,-6.861022666,1
2410,1789654123.124148130,0.000000000,1,1,0,0,1,1,-5.988741815,-6.861022666,1
2411,1789654123.134193182,0.000000000,1,1,0,0,1,1,-5.988741815,-6.861022666,1
2412,1789654123.144151449,0.000000000,1,1,0,0,1,1,-5.988741815,-6.861022666,1
2413,1789654123.154156685,0.000000000,1,1,0,0,1,1,-5.988741815,-6.861022666,1
2414,1789654123.164179564,0.000000000,1,1,0,0,1,1,-5.988741815,-6.861022666,1
2415,1789654123.174125195,0.000000000,1,1,0,0,1,1,-5.988741815,-6.861022666,1
2416,1789654123.184163570,0.000000000,1,1,0,0,1,1,-5.988741815,-6.861022666,1
2417,1789654123.194139957,0.000000000,1,1,0,0,1,1,-5.988741815,-6.861022666,1
2418,1789654123.204169989,0.000000000,1,1,0,0,1,1,-5.988741815,-6.861022666,1
2419,1789654123.214161396,0.000000000,1,1,0,0,1,1,-5.988741815,-6.861022666,1
2420,1789654123.224124432,0.000000000,1,1,0,0,1,1,-5.988741815,-6.861022666,1
2421,1789654123.234125614,0.000000000,1,1,0,0,1,1,-5.988741815,-6.861022666,1
2422,1789654123.244127989,0.000000000,1,1,0,0,1,1,-5.988741815,-6.861022666,1
2423,1789654123.254183531,0.000000000,1,1,0,0,1,1,-5.988741815,-6.861022666,1
2424,1789654123.264170647,0.000000000,1,1,0,0,1,1,-5.988741815,-6.861022666,1
2425,1789654123.274128437,0.000000000,1,1,0,0,1,1,-5.988741815,-6.861022666,1
2426,1789654123.284155607,0.000000000,1,1,0,0,1,1,-5.988741815,-6.861022666,1
2427,1789654123.294214249,0.000000000,1,1,0,0,1,1,-5.988741815,-6.861022666,1
2428,1789654123.304212570,0.000000000,1,1,0,0,1,1,-5.988741815,-6.861022666,1
2429,1789654123.314265966,0.000000000,1,1,0,0,1,1,-5.988741815,-6.861022666,1
2430,1789654123.324164629,0.000000000,1,1,0,0,1,1,-5.988741815,-6.861022666,1
2431,1789654123.334148407,0.000000000,1,1,0,0,1,1,-5.988741815,-6.861022666,1
2432,1789654123.344227791,0.000000000,1,1,0,0,1,1,-5.988741815,-6.861022666,1
2433,1789654123.354160547,0.000000000,1,1,0,0,1,1,-5.988741815,-6.861022666,1
2434,1789654123.364167929,0.000000000,1,1,0,0,1,1,-5.988741815,-6.861022666,1
2435,1789654123.374115467,0.000000000,1,1,0,0,1,1,-5.988741815,-6.861022666,1
2436,1789654123.384129524,0.000000000,1,1,0,0,1,1,-5.988741815,-6.861022666,1
2437,1789654123.394186258,0.000000000,1,1,0,0,1,1,-5.988741815,-6.861022666,1
2438,1789654123.404119730,0.000000000,1,1,0,0,1,1,-5.988741815,-6.861022666,1
2439,1789654123.414156437,0.000000000,1,1,0,0,1,1,-5.988741815,-6.861022666,1
2440,1789654123.424174786,0.000000000,1,1,0,0,1,1,-5.988741815,-6.861022666,1
2441,1789654123.434122562,0.000000000,1,1,0,0,1,1,-5.988741815,-6.861022666,1
2442,1789654123.444241047,0.000000000,1,1,0,0,1,1,-5.988741815,-6.861022666,1
2443,1789654123.454167128,0.000000000,1,1,0,0,1,1,-5.988741815,-6.861022666,1
2444,1789654123.464162827,0.000000000,1,1,0,0,1,1,-5.988741815,-6.861022666,1
2445,1789654123.474151611,0.000000000,1,1,0,0,1,1,-5.988741815,-6.861022666,1
2446,1789654123.484163761,0.000000000,1,1,0,0,1,1,-5.988741815,-6.861022666,1
2447,1789654123.494149923,0.000000000,1,1,0,0,1,1,-5.988741815,-6.861022666,1
2448,1789654123.504137039,0.000000000,1,1,0,0,1,1,-5.988741815,-6.861022666,1
2449,1789654123.514155149,0.000000000,1,1,0,0,1,1,-5.988741815,-6.861022666,1
2450,1789654123.524158001,0.000000000,1,1,0,0,1,1,-5.988741815,-6.861022666,1
2451,1789654123.534132957,0.000000000,1,1,0,0,1,1,-5.988741815,-6.861022666,1
2452,1789654123.544137478,0.000000000,1,1,0,0,1,1,-5.988741815,-6.861022666,1
2453,1789654123.554128408,0.000000000,1,1,0,0,1,1,-5.988741815,-6.861022666,1
2454,1789654123.564136982,0.000000000,1,1,0,0,1,1,-5.988741815,-6.861022666,1
2455,1789654123.574123859,0.000000000,1,1,0,0,1,1,-5.988741815,-6.861022666,1
2456,1789654123.584134340,0.000000000,1,1,0,0,1,1,-5.988741815,-6.861022666,1
2457,1789654123.594115496,0.000000000,1,1,0,0,1,1,-5.988741815,-6.861022666,1
2458,1789654123.604120493,0.000000000,1,1,0,0,1,1,-5.988741815,-6.861022666,1
2459,1789654123.614152908,0.000000000,1,1,0,0,1,1,-5.988741815,-6.861022666,1
2460,1789654123.624146938,0.000000000,1,1,0,0,1,1,-5.988741815,-6.861022666,1
2461,1789654123.634116173,0.000000000,1,1,0,0,1,1,-5.988741815,-6.861022666,1
2462,1789654123.644168854,0.000000000,1,1,0,0,1,1,-5.988741815,-6.861022666,1
2463,1789654123.654147148,0.000000000,1,1,0,0,1,1,-5.988741815,-6.861022666,1
2464,1789654123.664125919,0.000000000,1,1,0,0,1,1,-5.988741815,-6.861022666,1
2465,1789654123.674110413,0.000000000,1,1,0,0,1,1,-5.988741815,-6.861022666,1
2466,1789654123.684112787,0.000000000,1,1,0,0,1,1,-5.988741815,-6.861022666,1
2467,1789654123.694128752,0.000000000,1,1,0,0,1,1,-5.988741815,-6.861022666,1
2468,1789654123.704126358,0.000000000,1,1,0,0,1,1,-5.988741815,-6.861022666,1
2469,1789654123.714136839,0.000000000,1,1,0,0,1,1,-5.988741815,-6.861022666,1
2470,1789654123.724153042,0.000000000,1,1,0,0,1,1,-5.988741815,-6.861022666,1
2471,1789654123.734127760,0.000000000,1,1,0,0,1,1,-5.988741815,-6.861022666,1
2472,1789654123.744148731,0.000000000,1,1,0,0,1,1,-5.988741815,-6.861022666,1
2473,1789654123.754129171,0.000000000,1,1,0,0,1,1,-5.988741815,-6.861022666,1
2474,1789654123.764162064,0.000000000,1,1,0,0,1,1,-5.988741815,-6.861022666,1
2475,1789654123.774129868,0.000000000,1,1,0,0,1,1,-5.988741815,-6.861022666,1
2476,1789654123.784127951,0.000000000,1,1,0,0,1,1,-5.988741815,-6.861022666,1
2477,1789654123.794124126,0.000000000,1,1,0,0,1,1,-5.988741815,-6.861022666,1
2478,1789654123.804190636,0.000000000,1,1,0,0,1,1,-5.988741815,-6.861022666,1
2479,1789654123.814162254,0.000000000,1,1,0,0,1,1,-5.988741815,-6.861022666,1
2480,1789654123.824126244,0.000000000,1,1,0,0,1,1,-5.988741815,-6.861022666,1
2481,1789654123.834148884,0.000000000,1,1,0,0,1,1,-5.988741815,-6.861022666,1
2482,1789654123.844225168,0.000000000,1,1,0,0,1,1,-5.988741815,-6.861022666,1
2483,1789654123.854125023,0.000000000,1,1,0,0,1,1,-5.988741815,-6.861022666,1
2484,1789654123.864177704,0.000000000,1,1,0,0,1,1,-5.988741815,-6.861022666,1
2485,1789654123.874136925,0.000000000,1,1,0,0,1,1,-5.988741815,-6.861022666,1
2486,1789654123.884151459,0.000000000,1,1,0,0,1,1,-5.988741815,-6.861022666,1
2487,1789654123.894172668,0.000000000,1,1,0,0,1,1,-5.988741815,-6.861022666,1
2488,1789654123.904145956,0.000000000,1,1,0,0,1,1,-5.988741815,-6.861022666,1
2489,1789654123.914130926,0.000000000,1,1,0,0,1,1,-5.988741815,-6.861022666,1
2490,1789654123.924180984,0.000000000,1,1,0,0,1,1,-5.988741815,-6.861022666,1
2491,1789654123.934130669,0.000000000,1,1,0,0,1,1,-5.988741815,-6.861022666,1
2492,1789654123.944139957,0.000000000,1,1,0,0,1,1,-5.988741815,-6.861022666,1
2493,1789654123.954220057,0.000000000,1,1,0,0,1,1,-5.988741815,-6.861022666,1
2494,1789654123.964139700,0.000000000,1,1,0,0,1,1,-5.988741815,-6.861022666,1
2495,1789654123.974116087,0.000000000,1,1,0,0,1,1,-5.988741815,-6.861022666,1
2496,1789654123.984149933,0.000000000,1,1,0,0,1,1,-5.988741815,-6.861022666,1
2497,1789654123.994138718,0.000000000,1,1,0,0,1,1,-5.988741815,-6.861022666,1
2498,1789654124.004125118,0.000000000,1,1,0,0,1,1,-5.988741815,-6.861022666,1
2499,1789654124.014128685,0.000000000,1,1,0,0,1,1,-5.988741815,-6.861022666,1
2500,1789654124.024108648,0.000000000,1,1,0,0,1,1,-5.988741815,-6.861022666,1
2501,1789654124.034133673,0.000000000,1,1,0,0,1,1,-5.988741815,-6.861022666,1
2502,1789654124.044178486,0.000000000,1,1,0,0,1,1,-5.988741815,-6.861022666,1
2503,1789654124.054135323,0.000000000,1,1,0,0,1,1,-5.988741815,-6.861022666,1
2504,1789654124.064124107,0.000000000,1,1,0,0,1,1,-5.988741815,-6.861022666,1
2505,1789654124.074188471,0.000000000,1,1,0,0,1,1,-5.988741815,-6.861022666,1
2506,1789654124.084143400,0.000000000,1,1,0,0,1,1,-5.988741815,-6.861022666,1
2507,1789654124.094125271,0.000000000,1,1,0,0,1,1,-5.988741815,-6.861022666,1
2508,1789654124.104158878,0.000000000,1,1,0,0,1,1,-5.988741815,-6.861022666,1
2509,1789654124.114104509,0.000000000,1,1,0,0,1,1,-5.988741815,-6.861022666,1
2510,1789654124.124126434,0.000000000,1,1,0,0,1,1,-5.988741815,-6.861022666,1
2511,1789654124.134132147,0.000000000,1,1,0,0,1,1,-5.988741815,-6.861022666,1
2512,1789654124.144173384,0.000000000,1,1,0,0,1,1,-5.988741815,-6.861022666,1
2513,1789654124.154134989,0.000000000,1,1,0,0,1,1,-5.988741815,-6.861022666,1
2514,1789654124.164175510,0.000000000,1,1,0,0,1,1,-5.988741815,-6.861022666,1
2515,1789654124.174178600,0.000000000,1,1,0,0,1,1,-5.988741815,-6.861022666,1
2516,1789654124.184131861,0.000000000,1,1,0,0,1,1,-5.988741815,-6.861022666,1
2517,1789654124.194133759,0.000000000,1,1,0,0,1,1,-5.988741815,-6.861022666,1
2518,1789654124.204161882,0.000000000,1,1,0,0,1,1,-5.988741815,-6.861022666,1
2519,1789654124.214133501,0.000000000,1,1,0,0,1,1,-5.988741815,-6.861022666,1
2520,1789654124.224105835,0.000000000,1,1,0,0,1,1,-5.988741815,-6.861022666,1
2521,1789654124.234139442,0.000000000,1,1,0,0,1,1,-5.988741815,-6.861022666,1
2522,1789654124.244123220,0.000000000,1,1,0,0,1,1,-5.988741815,-6.861022666,1
2523,1789654124.254127502,0.000000000,1,1,0,0,1,1,-5.988741815,-6.861022666,1
2524,1789654124.264171839,0.000000000,1,1,0,0,1,1,-5.988741815,-6.861022666,1
2525,1789654124.274106741,0.000000000,1,1,0,0,1,1,-5.988741815,-6.861022666,1
2526,1789654124.284125805,0.000000000,1,1,0,0,1,1,-5.988741815,-6.861022666,1
2527,1789654124.294122934,0.000000000,1,1,0,0,1,1,-5.988741815,-6.861022666,1
2528,1789654124.304126263,0.000000000,1,1,0,0,1,1,-5.988741815,-6.861022666,1
2529,1789654124.314136744,0.000000000,1,1,0,0,1,1,-5.988741815,-6.861022666,1
2530,1789654124.324134350,0.000000000,1,1,0,0,1,1,-5.988741815,-6.861022666,1
2531,1789654124.334135294,0.000000000,1,1,0,0,1,1,-5.988741815,-6.861022666,1
2532,1789654124.344139814,0.000000000,1,1,0,0,1,1,-5.988741815,-6.861022666,1
2533,1789654124.354170799,0.000000000,1,1,0,0,1,1,-5.988741815,-6.861022666,1
2534,1789654124.364197731,0.000000000,1,1,0,0,1,1,-5.988741815,-6.861022666,1
2535,1789654124.374116182,0.000000000,1,1,0,0,1,1,-5.988741815,-6.861022666,1
2536,1789654124.384123802,0.000000000,1,1,0,0,1,1,-5.988741815,-6.861022666,1
2537,1789654124.394112825,0.000000000,1,1,0,0,1,1,-5.988741815,-6.861022666,1
2538,1789654124.404156208,0.000000000,1,1,0,0,1,1,-5.988741815,-6.861022666,1
2539,1789654124.414153099,0.000000000,1,1,0,0,1,1,-5.988741815,-6.861022666,1
2540,1789654124.424125910,0.000000000,1,1,0,0,1,1,-5.988741815,-6.861022666,1
2541,1789654124.434130430,0.000000000,1,1,0,0,1,1,-5.988741815,-6.861022666,1
2542,1789654124.444195032,0.000000000,1,1,0,0,1,1,-5.988741815,-6.861022666,1
2543,1789654124.454134226,0.000000000,1,1,0,0,1,1,-5.988741815,-6.861022666,1
2544,1789654124.464171886,0.000000000,1,1,0,0,1,1,-5.988741815,-6.861022666,1
2545,1789654124.474108696,0.000000000,1,1,0,0,1,1,-5.988741815,-6.861022666,1
2546,1789654124.484131336,0.000000000,1,1,0,0,1,1,-5.988741815,-6.861022666,1
2547,1789654124.494133711,0.000000000,1,1,0,0,1,1,-5.988741815,-6.861022666,1
2548,1789654124.504154444,0.000000000,1,1,0,0,1,1,-5.988741815,-6.861022666,1
2549,1789654124.514155149,0.000000000,1,1,0,0,1,1,-5.988741815,-6.861022666,1
2550,1789654124.524189472,0.000000000,1,1,0,0,1,1,-5.988741815,-6.861022666,1
2551,1789654124.534131050,0.000000000,1,1,0,0,1,1,-5.988741815,-6.861022666,1
2552,1789654124.544131041,0.000000000,1,1,0,0,1,1,-5.988741815,-6.861022666,1
2553,1789654124.554151535,0.000000000,1,1,0,0,1,1,-5.988741815,-6.861022666,1
2554,1789654124.564192533,0.000000000,1,1,0,0,1,1,-5.988741815,-6.861022666,1
2555,1789654124.574126244,0.000000000,1,1,0,0,1,1,-5.988741815,-6.879576000,1
2556,1789654124.584130049,0.000000000,1,1,0,0,1,1,-5.988741815,-6.879576000,1
2557,1789654124.594130754,0.000000000,1,1,0,0,1,1,-5.988741815,-6.879576000,1
2558,1789654124.604135513,0.000000000,1,1,0,0,1,1,-5.988741815,-6.879576000,1
2559,1789654124.614115238,0.000000000,1,1,0,0,1,1,-5.988741815,-6.879576000,1
2560,1789654124.624161959,0.000000000,1,1,0,0,1,1,-5.988741815,-6.879576000,1
2561,1789654124.634150028,0.000000000,1,1,0,0,1,1,-5.988741815,-6.879576000,1
2562,1789654124.644227743,0.000000000,1,1,0,0,1,1,-5.988741815,-6.879576000,1
2563,1789654124.654169321,0.000000000,1,1,0,0,1,1,-5.988741815,-6.879576000,1
2564,1789654124.664137125,0.000000000,1,1,0,0,1,1,-5.988741815,-6.879576000,1
2565,1789654124.674126863,0.000000000,1,1,0,0,1,1,-5.988741815,-6.861022666,1
2566,1789654124.684172630,0.000000000,1,1,0,0,1,1,-5.988741815,-6.861022666,1
2567,1789654124.694130421,0.000000000,1,1,0,0,1,1,-5.988741815,-6.861022666,1
2568,1789654124.704132557,0.000000000,1,1,0,0,1,1,-5.988741815,-6.861022666,1
2569,1789654124.714146137,0.000000000,1,1,0,0,1,1,-5.988741815,-6.861022666,1
2570,1789654124.724126577,0.000000000,1,1,0,0,1,1,-5.988741815,-6.861022666,1
2571,1789654124.734125853,0.000000000,1,1,0,0,1,1,-5.988741815,-6.861022666,1
2572,1789654124.744212151,0.000000000,1,1,0,0,1,1,-5.988741815,-6.861022666,1
2573,1789654124.754119635,0.000000000,1,1,0,0,1,1,-5.988741815,-6.861022666,1
2574,1789654124.764131308,0.000000000,1,1,0,0,1,1,-5.988741815,-6.861022666,1
2575,1789654124.774116039,0.000000000,1,1,0,0,1,1,-5.988741815,-6.861022666,1
2576,1789654124.784183264,0.000000000,1,1,0,0,1,1,-5.988741815,-6.861022666,1
2577,1789654124.794142008,0.000000000,1,1,0,0,1,1,-5.988741815,-6.861022666,1
2578,1789654124.804174662,0.000000000,1,1,0,0,1,1,-5.988741815,-6.861022666,1
2579,1789654124.814194441,0.000000000,1,1,0,0,1,1,-5.988741815,-6.861022666,1
2580,1789654124.824176788,0.000000000,1,1,0,0,1,1,-5.988741815,-6.861022666,1
2581,1789654124.834129572,0.000000000,1,1,0,0,1,1,-5.988741815,-6.861022666,1
2582,1789654124.844139338,0.000000000,1,1,0,0,1,1,-5.988741815,-6.861022666,1
2583,1789654124.854201317,0.000000000,1,1,0,0,1,1,-5.988741815,-6.861022666,1
2584,1789654124.864177227,0.000000000,1,1,0,0,1,1,-5.988741815,-6.861022666,1
2585,1789654124.874124289,0.000000000,1,1,0,0,1,1,-5.988741815,-6.879576000,1
2586,1789654124.884202957,0.000000000,1,1,0,0,1,1,-5.988741815,-6.879576000,1
2587,1789654124.894127846,0.000000000,1,1,0,0,1,1,-5.988741815,-6.879576000,1
2588,1789654124.904126644,0.000000000,1,1,0,0,1,1,-5.988741815,-6.879576000,1
2589,1789654124.914146185,0.000000000,1,1,0,0,1,1,-5.988741815,-6.879576000,1
2590,1789654124.924148560,0.000000000,1,1,0,0,1,1,-5.988741815,-6.879576000,1
2591,1789654124.934129000,0.000000000,1,1,0,0,1,1,-5.988741815,-6.879576000,1
2592,1789654124.944221497,0.000000000,1,1,0,0,1,1,-5.988741815,-6.879576000,1
2593,1789654124.954191685,0.000000000,1,1,0,0,1,1,-5.988741815,-6.879576000,1
2594,1789654124.964109659,0.000000000,1,1,0,0,1,1,-5.988741815,-6.879576000,1
2595,1789654124.974111557,0.000000000,1,1,0,0,1,1,-5.988741815,-6.879576000,1
2596,1789654124.984134197,0.000000000,1,1,0,0,1,1,-5.988741815,-6.879576000,1
2597,1789654124.994130135,0.000000000,1,1,0,0,1,1,-5.988741815,-6.879576000,1
2598,1789654125.004137516,0.000000000,1,1,0,0,1,1,-5.988741815,-6.879576000,1
2599,1789654125.014107704,0.000000000,1,1,0,0,1,1,-5.988741815,-6.879576000,1
2600,1789654125.024131298,0.000000000,1,1,0,0,1,1,-5.988741815,-6.879576000,1
2601,1789654125.034192562,0.000000000,1,1,0,0,1,1,-5.988741815,-6.879576000,1
2602,1789654125.044214010,0.000000000,1,1,0,0,1,1,-5.988741815,-6.879576000,1
2603,1789654125.054162979,0.000000000,1,1,0,0,1,1,-5.988741815,-6.879576000,1
2604,1789654125.064141750,0.000000000,1,1,0,0,1,1,-5.988741815,-6.879576000,1
2605,1789654125.074179411,0.000000000,1,1,0,0,1,1,-5.988741815,-6.879576000,1
2606,1789654125.084131002,0.000000000,1,1,0,0,1,1,-5.988741815,-6.879576000,1
2607,1789654125.094119310,0.000000000,1,1,0,0,1,1,-5.988741815,-6.879576000,1
2608,1789654125.104128599,0.000000000,1,1,0,0,1,1,-5.988741815,-6.879576000,1
2609,1789654125.114161491,0.000000000,1,1,0,0,1,1,-5.988741815,-6.879576000,1
2610,1789654125.124142647,0.000000000,1,1,0,0,1,1,-5.988741815,-6.879576000,1
2611,1789654125.134134531,0.000000000,1,1,0,0,1,1,-5.988741815,-6.879576000,1
2612,1789654125.144188881,0.000000000,1,1,0,0,1,1,-5.988741815,-6.879576000,1
2613,1789654125.154210091,0.000000000,1,1,0,0,1,1,-5.988741815,-6.879576000,1
2614,1789654125.164182901,0.000000000,1,1,0,0,1,1,-5.988741815,-6.879576000,1
2615,1789654125.174109221,0.000000000,1,1,0,0,1,1,-5.988741815,-6.879576000,1
2616,1789654125.184132099,0.000000000,1,1,0,0,1,1,-5.988741815,-6.879576000,1
2617,1789654125.194127560,0.000000000,1,1,0,0,1,1,-5.988741815,-6.879576000,1
2618,1789654125.204126120,0.000000000,1,1,0,0,1,1,-5.988741815,-6.879576000,1
2619,1789654125.214151382,0.000000000,1,1,0,0,1,1,-5.988741815,-6.879576000,1
2620,1789654125.224124908,0.000000000,1,1,0,0,1,1,-5.988741815,-6.879576000,1
2621,1789654125.234133482,0.000000000,1,1,0,0,1,1,-5.988741815,-6.879576000,1
2622,1789654125.244186878,0.000000000,1,1,0,0,1,1,-5.988741815,-6.879576000,1
2623,1789654125.254139423,0.000000000,1,1,0,0,1,1,-5.988741815,-6.879576000,1
2624,1789654125.264107227,0.000000000,1,1,0,0,1,1,-5.988741815,-6.879576000,1
2625,1789654125.274166346,0.000000000,1,1,0,0,1,1,-5.988741815,-6.879576000,1
2626,1789654125.284126282,0.000000000,1,1,0,0,1,1,-5.988741815,-6.879576000,1
2627,1789654125.294181108,0.000000000,1,1,0,0,1,1,-5.988741815,-6.879576000,1
2628,1789654125.304153442,0.000000000,1,1,0,0,1,1,-5.988741815,-6.879576000,1
2629,1789654125.314204216,0.000000000,1,1,0,0,1,1,-5.988741815,-6.879576000,1
2630,1789654125.324157476,0.000000000,1,1,0,0,1,1,-5.988741815,-6.879576000,1
2631,1789654125.334160566,0.000000000,1,1,0,0,1,1,-5.988741815,-6.879576000,1
2632,1789654125.344148159,0.000000000,1,1,0,0,1,1,-5.988741815,-6.879576000,1
2633,1789654125.354205608,0.000000000,1,1,0,0,1,1,-5.988741815,-6.879576000,1
2634,1789654125.364154339,0.000000000,1,1,0,0,1,1,-5.988741815,-6.879576000,1
2635,1789654125.374125242,0.000000000,1,1,0,0,1,1,-5.988741815,-6.879576000,1
2636,1789654125.384166241,0.000000000,1,1,0,0,1,1,-5.988741815,-6.879576000,1
2637,1789654125.394128084,0.000000000,1,1,0,0,1,1,-5.988741815,-6.879576000,1
2638,1789654125.404132128,0.000000000,1,1,0,0,1,1,-5.988741815,-6.879576000,1
2639,1789654125.414187431,0.000000000,1,1,0,0,1,1,-5.988741815,-6.879576000,1
2640,1789654125.424120426,0.000000000,1,1,0,0,1,1,-5.988741815,-6.879576000,1
2641,1789654125.434167862,0.000000000,1,1,0,0,1,1,-5.988741815,-6.879576000,1
2642,1789654125.444191933,0.000000000,1,1,0,0,1,1,-5.988741815,-6.879576000,1
2643,1789654125.454174280,0.000000000,1,1,0,0,1,1,-5.988741815,-6.879576000,1
2644,1789654125.464177132,0.000000000,1,1,0,0,1,1,-5.988741815,-6.879576000,1
2645,1789654125.474118948,0.000000000,1,1,0,0,1,1,-5.988741815,-6.879576000,1
2646,1789654125.484124899,0.000000000,1,1,0,0,1,1,-5.988741815,-6.879576000,1
2647,1789654125.494135380,0.000000000,1,1,0,0,1,1,-5.988741815,-6.879576000,1
2648,1789654125.504154921,0.000000000,1,1,0,0,1,1,-5.988741815,-6.879576000,1
2649,1789654125.514172077,0.000000000,1,1,0,0,1,1,-5.988741815,-6.879576000,1
2650,1789654125.524152279,0.000000000,1,1,0,0,1,1,-5.988741815,-6.879576000,1
2651,1789654125.534126997,0.000000000,1,1,0,0,1,1,-5.988741815,-6.879576000,1
2652,1789654125.544216394,0.000000000,1,1,0,0,1,1,-5.988741815,-6.879576000,1
2653,1789654125.554138660,0.000000000,1,1,0,0,1,1,-5.988741815,-6.879576000,1
2654,1789654125.564135313,0.000000000,1,1,0,0,1,1,-5.988741815,-6.879576000,1
2655,1789654125.574117899,0.000000000,1,1,0,0,1,1,-5.988741815,-6.879576000,1
2656,1789654125.584202528,0.000000000,1,1,0,0,1,1,-5.988741815,-6.879576000,1
2657,1789654125.594195366,0.000000000,1,1,0,0,1,1,-5.988741815,-6.879576000,1
2658,1789654125.604118586,0.000000000,1,1,0,0,1,1,-5.988741815,-6.879576000,1
2659,1789654125.614131927,0.000000000,1,1,0,0,1,1,-5.988741815,-6.879576000,1
2660,1789654125.624119997,0.000000000,1,1,0,0,1,1,-5.988741815,-6.879576000,1
2661,1789654125.634138107,0.000000000,1,1,0,0,1,1,-5.988741815,-6.879576000,1
2662,1789654125.644131422,0.000000000,1,1,0,0,1,1,-5.988741815,-6.879576000,1
2663,1789654125.654168606,0.000000000,1,1,0,0,1,1,-5.988741815,-6.879576000,1
2664,1789654125.664171696,0.000000000,1,1,0,0,1,1,-5.988741815,-6.879576000,1
2665,1789654125.674119234,0.000000000,1,1,0,0,1,1,-5.988741815,-6.879576000,1
2666,1789654125.684168816,0.000000000,1,1,0,0,1,1,-5.988741815,-6.879576000,1
2667,1789654125.694144249,0.000000000,1,1,0,0,1,1,-5.988741815,-6.879576000,1
2668,1789654125.704118729,0.000000000,1,1,0,0,1,1,-5.988741815,-6.879576000,1
2669,1789654125.714198112,0.000000000,1,1,0,0,1,1,-5.988741815,-6.879576000,1
2670,1789654125.724177361,0.000000000,1,1,0,0,1,1,-5.988741815,-6.879576000,1
2671,1789654125.734144211,0.000000000,1,1,0,0,1,1,-5.988741815,-6.879576000,1
2672,1789654125.744158983,0.000000000,1,1,0,0,1,1,-5.988741815,-6.879576000,1
2673,1789654125.754129171,0.000000000,1,1,0,0,1,1,-5.988741815,-6.879576000,1
2674,1789654125.764130354,0.000000000,1,1,0,0,1,1,-5.988741815,-6.879576000,1
2675,1789654125.774110317,0.000000000,1,1,0,0,1,1,-5.988741815,-6.879576000,1
2676,1789654125.784114361,0.000000000,1,1,0,0,1,1,-5.988741815,-6.879576000,1
2677,1789654125.794131756,0.000000000,1,1,0,0,1,1,-5.988741815,-6.879576000,1
2678,1789654125.804104090,0.000000000,1,1,0,0,1,1,-5.988741815,-6.879576000,1
2679,1789654125.814133167,0.000000000,1,1,0,0,1,1,-5.988741815,-6.879576000,1
2680,1789654125.824127674,0.000000000,1,1,0,0,1,1,-5.988741815,-6.879576000,1
2681,1789654125.834158182,0.000000000,1,1,0,0,1,1,-5.988741815,-6.879576000,1
2682,1789654125.844156981,0.000000000,1,1,0,0,1,1,-5.988741815,-6.879576000,1
2683,1789654125.854205370,0.000000000,1,1,0,0,1,1,-5.988741815,-6.879576000,1
2684,1789654125.864135504,0.000000000,1,1,0,0,1,1,-5.988741815,-6.879576000,1
2685,1789654125.874105692,0.000000000,1,1,0,0,1,1,-5.988741815,-6.879576000,1
2686,1789654125.884129286,0.000000000,1,1,0,0,1,1,-5.988741815,-6.879576000,1
2687,1789654125.894182920,0.000000000,1,1,0,0,1,1,-5.988741815,-6.879576000,1
2688,1789654125.904135227,0.000000000,1,1,0,0,1,1,-5.988741815,-6.879576000,1
2689,1789654125.914107800,0.000000000,1,1,0,0,1,1,-5.988741815,-6.879576000,1
2690,1789654125.924136877,0.000000000,1,1,0,0,1,1,-5.988741815,-6.879576000,1
2691,1789654125.934144020,0.000000000,1,1,0,0,1,1,-5.988741815,-6.879576000,1
2692,1789654125.944119692,0.000000000,1,1,0,0,1,1,-5.988741815,-6.879576000,1
2693,1789654125.954129457,0.000000000,1,1,0,0,1,1,-5.988741815,-6.879576000,1
2694,1789654125.964131117,0.000000000,1,1,0,0,1,1,-5.988741815,-6.879576000,1
2695,1789654125.974110126,0.000000000,1,1,0,0,1,1,-5.988741815,-6.861022666,1
2696,1789654125.984124899,0.000000000,1,1,0,0,1,1,-5.988741815,-6.861022666,1
2697,1789654125.994126081,0.000000000,1,1,0,0,1,1,-5.988741815,-6.861022666,1
2698,1789654126.004155397,0.000000000,1,1,0,0,1,1,-5.988741815,-6.861022666,1
2699,1789654126.014159203,0.000000000,1,1,0,0,1,1,-5.988741815,-6.861022666,1
2700,1789654126.024157524,0.000000000,1,1,0,0,1,1,-5.988741815,-6.861022666,1
2701,1789654126.034123182,0.000000000,1,1,0,0,1,1,-5.988741815,-6.861022666,1
2702,1789654126.044203758,0.000000000,1,1,0,0,1,1,-5.988741815,-6.861022666,1
2703,1789654126.054128170,0.000000000,1,1,0,0,1,1,-5.988741815,-6.861022666,1
2704,1789654126.064110994,0.000000000,1,1,0,0,1,1,-5.988741815,-6.861022666,1
2705,1789654126.074198961,0.000000000,1,1,0,0,1,1,-5.988741815,-6.861022666,1
2706,1789654126.084153175,0.000000000,1,1,0,0,1,1,-5.988741815,-6.861022666,1
2707,1789654126.094107866,0.000000000,1,1,0,0,1,1,-5.988741815,-6.861022666,1
2708,1789654126.104157209,0.000000000,1,1,0,0,1,1,-5.988741815,-6.861022666,1
2709,1789654126.114162207,0.000000000,1,1,0,0,1,1,-5.988741815,-6.861022666,1
2710,1789654126.124105215,0.000000000,1,1,0,0,1,1,-5.988741815,-6.861022666,1
2711,1789654126.134122133,0.000000000,1,1,0,0,1,1,-5.988741815,-6.861022666,1
2712,1789654126.144233465,0.000000000,1,1,0,0,1,1,-5.988741815,-6.861022666,1
2713,1789654126.154170990,0.000000000,1,1,0,0,1,1,-5.988741815,-6.861022666,1
2714,1789654126.164130926,0.000000000,1,1,0,0,1,1,-5.988741815,-6.861022666,1
2715,1789654126.174134970,0.000000000,1,1,0,0,1,1,-5.988741815,-6.861022666,1
2716,1789654126.184137583,0.000000000,1,1,0,0,1,1,-5.988741815,-6.861022666,1
2717,1789654126.194145441,0.000000000,1,1,0,0,1,1,-5.988741815,-6.861022666,1
2718,1789654126.204124451,0.000000000,1,1,0,0,1,1,-5.988741815,-6.861022666,1
2719,1789654126.214166641,0.000000000,1,1,0,0,1,1,-5.988741815,-6.861022666,1
2720,1789654126.224125624,0.000000000,1,1,0,0,1,1,-5.988741815,-6.861022666,1
2721,1789654126.234136343,0.000000000,1,1,0,0,1,1,-5.988741815,-6.861022666,1
2722,1789654126.244162560,0.000000000,1,1,0,0,1,1,-5.988741815,-6.861022666,1
2723,1789654126.254142523,0.000000000,1,1,0,0,1,1,-5.988741815,-6.861022666,1
2724,1789654126.264167309,0.000000000,1,1,0,0,1,1,-5.988741815,-6.861022666,1
2725,1789654126.274114132,0.000000000,1,1,0,0,1,1,-5.988741815,-6.861022666,1
2726,1789654126.284131765,0.000000000,1,1,0,0,1,1,-5.988741815,-6.861022666,1
2727,1789654126.294138432,0.000000000,1,1,0,0,1,1,-5.988741815,-6.861022666,1
2728,1789654126.304136515,0.000000000,1,1,0,0,1,1,-5.988741815,-6.861022666,1
2729,1789654126.314182281,0.000000000,1,1,0,0,1,1,-5.988741815,-6.861022666,1
2730,1789654126.324136734,0.000000000,1,1,0,0,1,1,-5.988741815,-6.861022666,1
2731,1789654126.334111452,0.000000000,1,1,0,0,1,1,-5.988741815,-6.861022666,1
2732,1789654126.344182491,0.000000000,1,1,0,0,1,1,-5.988741815,-6.861022666,1
2733,1789654126.354147911,0.000000000,1,1,0,0,1,1,-5.988741815,-6.861022666,1
2734,1789654126.364132643,0.000000000,1,1,0,0,1,1,-5.988741815,-6.861022666,1
2735,1789654126.374123335,0.000000000,1,1,0,0,1,1,-5.988741815,-6.861022666,1
2736,1789654126.384122372,0.000000000,1,1,0,0,1,1,-5.988741815,-6.861022666,1
2737,1789654126.394138575,0.000000000,1,1,0,0,1,1,-5.988741815,-6.861022666,1
2738,1789654126.404132128,0.000000000,1,1,0,0,1,1,-5.988741815,-6.861022666,1
2739,1789654126.414141178,0.000000000,1,1,0,0,1,1,-5.988741815,-6.861022666,1
2740,1789654126.424129486,0.000000000,1,1,0,0,1,1,-5.988741815,-6.861022666,1
2741,1789654126.434157372,0.000000000,1,1,0,0,1,1,-5.988741815,-6.861022666,1
2742,1789654126.444190025,0.000000000,1,1,0,0,1,1,-5.988741815,-6.861022666,1
2743,1789654126.454130411,0.000000000,1,1,0,0,1,1,-5.988741815,-6.861022666,1
2744,1789654126.464166880,0.000000000,1,1,0,0,1,1,-5.988741815,-6.861022666,1
2745,1789654126.474107027,0.000000000,1,1,0,0,1,1,-5.988741815,-6.861022666,1
2746,1789654126.484129429,0.000000000,1,1,0,0,1,1,-5.988741815,-6.861022666,1
2747,1789654126.494130611,0.000000000,1,1,0,0,1,1,-5.988741815,-6.861022666,1
2748,1789654126.504165411,0.000000000,1,1,0,0,1,1,-5.988741815,-6.861022666,1
2749,1789654126.514183283,0.000000000,1,1,0,0,1,1,-5.988741815,-6.861022666,1
2750,1789654126.524150848,0.000000000,1,1,0,0,1,1,-5.988741815,-6.861022666,1
2751,1789654126.534116507,0.000000000,1,1,0,0,1,1,-5.988741815,-6.861022666,1
2752,1789654126.544118166,0.000000000,1,1,0,0,1,1,-5.988741815,-6.861022666,1
2753,1789654126.554170132,0.000000000,1,1,0,0,1,1,-5.988741815,-6.861022666,1
2754,1789654126.564130783,0.000000000,1,1,0,0,1,1,-5.988741815,-6.861022666,1
2755,1789654126.574192286,0.000000000,1,1,0,0,1,1,-5.988741815,-6.861022666,1
2756,1789654126.584107876,0.000000000,1,1,0,0,1,1,-5.988741815,-6.861022666,1
2757,1789654126.594136000,0.000000000,1,1,0,0,1,1,-5.988741815,-6.861022666,1
2758,1789654126.604136467,0.000000000,1,1,0,0,1,1,-5.988741815,-6.861022666,1
2759,1789654126.614132404,0.000000000,1,1,0,0,1,1,-5.988741815,-6.861022666,1
2760,1789654126.624128342,0.000000000,1,1,0,0,1,1,-5.988741815,-6.861022666,1
2761,1789654126.634174347,0.000000000,1,1,0,0,1,1,-5.988741815,-6.861022666,1
2762,1789654126.644158602,0.000000000,1,1,0,0,1,1,-5.988741815,-6.861022666,1
2763,1789654126.654139042,0.000000000,1,1,0,0,1,1,-5.988741815,-6.861022666,1
2764,1789654126.664125443,0.000000000,1,1,0,0,1,1,-5.988741815,-6.861022666,1
2765,1789654126.674122334,0.000000000,1,1,0,0,1,1,-5.988741815,-6.861022666,1
2766,1789654126.684107542,0.000000000,1,1,0,0,1,1,-5.988741815,-6.861022666,1
2767,1789654126.694114208,0.000000000,1,1,0,0,1,1,-5.988741815,-6.861022666,1
2768,1789654126.704162359,0.000000000,1,1,0,0,1,1,-5.988741815,-6.861022666,1
2769,1789654126.714214087,0.000000000,1,1,0,0,1,1,-5.988741815,-6.861022666,1
2770,1789654126.724158049,0.000000000,1,1,0,0,1,1,-5.988741815,-6.861022666,1
2771,1789654126.734125376,0.000000000,1,1,0,0,1,1,-5.988741815,-6.861022666,1
2772,1789654126.744179726,0.000000000,1,1,0,0,1,1,-5.988741815,-6.861022666,1
2773,1789654126.754118681,0.000000000,1,1,0,0,1,1,-5.988741815,-6.861022666,1
2774,1789654126.764127254,0.000000000,1,1,0,0,1,1,-5.988741815,-6.861022666,1
2775,1789654126.774117947,0.000000000,1,1,0,0,1,1,-6.003499681,-6.861022666,1
2776,1789654126.784166813,0.000000000,1,1,0,0,1,1,-6.003499681,-6.861022666,1
2777,1789654126.794117689,0.000000000,1,1,0,0,1,1,-6.003499681,-6.861022666,1
2778,1789654126.804156780,0.000000000,1,1,0,0,1,1,-6.003499681,-6.861022666,1
2779,1789654126.814209938,0.000000000,1,1,0,0,1,1,-6.003499681,-6.861022666,1
2780,1789654126.824175835,0.000000000,1,1,0,0,1,1,-6.003499681,-6.861022666,1
2781,1789654126.834141970,0.000000000,1,1,0,0,1,1,-6.003499681,-6.861022666,1
2782,1789654126.844257355,0.000000000,1,1,0,0,1,1,-6.003499681,-6.861022666,1
2783,1789654126.854119778,0.000000000,1,1,0,0,1,1,-6.003499681,-6.861022666,1
2784,1789654126.864188910,0.000000000,1,1,0,0,1,1,-6.003499681,-6.861022666,1
2785,1789654126.874128580,0.000000000,1,1,0,0,1,1,-5.988741815,-6.861022666,1
2786,1789654126.884114742,0.000000000,1,1,0,0,1,1,-5.988741815,-6.861022666,1
2787,1789654126.894158840,0.000000000,1,1,0,0,1,1,-5.988741815,-6.861022666,1
2788,1789654126.904166937,0.000000000,1,1,0,0,1,1,-5.988741815,-6.861022666,1
2789,1789654126.914174795,0.000000000,1,1,0,0,1,1,-5.988741815,-6.861022666,1
2790,1789654126.924137831,0.000000000,1,1,0,0,1,1,-5.988741815,-6.861022666,1
2791,1789654126.934165239,0.000000000,1,1,0,0,1,1,-5.988741815,-6.861022666,1
2792,1789654126.944204807,0.000000000,1,1,0,0,1,1,-5.988741815,-6.861022666,1
2793,1789654126.954123735,0.000000000,1,1,0,0,1,1,-5.988741815,-6.861022666,1
2794,1789654126.964131594,0.000000000,1,1,0,0,1,1,-5.988741815,-6.861022666,1
2795,1789654126.974127054,0.000000000,1,1,0,0,1,1,-5.988741815,-6.861022666,1
2796,1789654126.984162331,0.000000000,1,1,0,0,1,1,-5.988741815,-6.861022666,1
2797,1789654126.994141340,0.000000000,1,1,0,0,1,1,-5.988741815,-6.861022666,1
2798,1789654127.004128695,0.000000000,1,1,0,0,1,1,-5.988741815,-6.861022666,1
2799,1789654127.014161825,0.000000000,1,1,0,0,1,1,-5.988741815,-6.861022666,1
2800,1789654127.024123430,0.000000000,1,1,0,0,1,1,-5.988741815,-6.861022666,1
2801,1789654127.034166574,0.000000000,1,1,0,0,1,1,-5.988741815,-6.861022666,1
2802,1789654127.044186115,0.000000000,1,1,0,0,1,1,-5.988741815,-6.861022666,1
2803,1789654127.054139853,0.000000000,1,1,0,0,1,1,-5.988741815,-6.861022666,1
2804,1789654127.064127445,0.000000000,1,1,0,0,1,1,-5.988741815,-6.861022666,1
2805,1789654127.074120998,0.000000000,1,1,0,0,1,1,-5.988741815,-6.861022666,1
2806,1789654127.084161997,0.000000000,1,1,0,0,1,1,-5.988741815,-6.861022666,1
2807,1789654127.094129086,0.000000000,1,1,0,0,1,1,-5.988741815,-6.861022666,1
2808,1789654127.104136467,0.000000000,1,1,0,0,1,1,-5.988741815,-6.861022666,1
2809,1789654127.114136219,0.000000000,1,1,0,0,1,1,-5.988741815,-6.861022666,1
2810,1789654127.124176979,0.000000000,1,1,0,0,1,1,-5.988741815,-6.861022666,1
2811,1789654127.134128332,0.000000000,1,1,0,0,1,1,-5.988741815,-6.861022666,1
2812,1789654127.144145489,0.000000000,1,1,0,0,1,1,-5.988741815,-6.861022666,1
2813,1789654127.154130936,0.000000000,1,1,0,0,1,1,-5.988741815,-6.861022666,1
2814,1789654127.164150238,0.000000000,1,1,0,0,1,1,-5.988741815,-6.861022666,1
2815,1789654127.174200773,0.000000000,1,1,0,0,1,1,-5.988741815,-6.861022666,1
2816,1789654127.184136629,0.000000000,1,1,0,0,1,1,-5.988741815,-6.861022666,1
2817,1789654127.194127560,0.000000000,1,1,0,0,1,1,-5.988741815,-6.861022666,1
2818,1789654127.204156160,0.000000000,1,1,0,0,1,1,-5.988741815,-6.861022666,1
2819,1789654127.214104414,0.000000000,1,1,0,0,1,1,-5.988741815,-6.861022666,1
2820,1789654127.224109411,0.000000000,1,1,0,0,1,1,-5.988741815,-6.861022666,1
2821,1789654127.234133720,0.000000000,1,1,0,0,1,1,-5.988741815,-6.861022666,1
2822,1789654127.244200230,0.000000000,1,1,0,0,1,1,-5.988741815,-6.861022666,1
2823,1789654127.254127026,0.000000000,1,1,0,0,1,1,-5.988741815,-6.861022666,1
2824,1789654127.264103174,0.000000000,1,1,0,0,1,1,-5.988741815,-6.861022666,1
2825,1789654127.274105310,0.000000000,1,1,0,0,1,1,-5.988741815,-6.861022666,1
2826,1789654127.284129143,0.000000000,1,1,0,0,1,1,-5.988741815,-6.861022666,1
2827,1789654127.294139385,0.000000000,1,1,0,0,1,1,-5.988741815,-6.861022666,1
2828,1789654127.304135323,0.000000000,1,1,0,0,1,1,-5.988741815,-6.861022666,1
2829,1789654127.314126492,0.000000000,1,1,0,0,1,1,-5.988741815,-6.861022666,1
2830,1789654127.324137926,0.000000000,1,1,0,0,1,1,-5.988741815,-6.861022666,1
2831,1789654127.334170103,0.000000000,1,1,0,0,1,1,-5.988741815,-6.861022666,1
2832,1789654127.344162703,0.000000000,1,1,0,0,1,1,-5.988741815,-6.861022666,1
2833,1789654127.354128838,0.000000000,1,1,0,0,1,1,-5.988741815,-6.861022666,1
2834,1789654127.364131212,0.000000000,1,1,0,0,1,1,-5.988741815,-6.861022666,1
2835,1789654127.374179840,0.000000000,1,1,0,0,1,1,-5.988741815,-6.861022666,1
2836,1789654127.384139299,0.000000000,1,1,0,0,1,1,-5.988741815,-6.861022666,1
2837,1789654127.394113064,0.000000000,1,1,0,0,1,1,-5.988741815,-6.861022666,1
2838,1789654127.404119015,0.000000000,1,1,0,0,1,1,-5.988741815,-6.861022666,1
2839,1789654127.414153099,0.000000000,1,1,0,0,1,1,-5.988741815,-6.861022666,1
2840,1789654127.424136639,0.000000000,1,1,0,0,1,1,-5.988741815,-6.861022666,1
2841,1789654127.434134960,0.000000000,1,1,0,0,1,1,-5.988741815,-6.861022666,1
2842,1789654127.444152832,0.000000000,1,1,0,0,1,1,-5.988741815,-6.861022666,1
2843,1789654127.454131126,0.000000000,1,1,0,0,1,1,-5.988741815,-6.861022666,1
2844,1789654127.464182854,0.000000000,1,1,0,0,1,1,-5.988741815,-6.861022666,1
2845,1789654127.474107742,0.000000000,1,1,0,0,1,1,-5.988741815,-6.861022666,1
2846,1789654127.484132290,0.000000000,1,1,0,0,1,1,-5.988741815,-6.861022666,1
2847,1789654127.494127035,0.000000000,1,1,0,0,1,1,-5.988741815,-6.861022666,1
2848,1789654127.504166603,0.000000000,1,1,0,0,1,1,-5.988741815,-6.861022666,1
2849,1789654127.514107227,0.000000000,1,1,0,0,1,1,-5.988741815,-6.861022666,1
2850,1789654127.524105787,0.000000000,1,1,0,0,1,1,-5.988741815,-6.861022666,1
2851,1789654127.534146547,0.000000000,1,1,0,0,1,1,-5.988741815,-6.861022666,1
2852,1789654127.544228554,0.000000000,1,1,0,0,1,1,-5.988741815,-6.861022666,1
2853,1789654127.554211378,0.000000000,1,1,0,0,1,1,-5.988741815,-6.861022666,1
2854,1789654127.564130306,0.000000000,1,1,0,0,1,1,-5.988741815,-6.861022666,1
2855,1789654127.574130058,0.000000000,1,1,0,0,1,1,-5.988741815,-6.861022666,1
2856,1789654127.584198952,0.000000000,1,1,0,0,1,1,-5.988741815,-6.861022666,1
2857,1789654127.594130754,0.000000000,1,1,0,0,1,1,-5.988741815,-6.861022666,1
2858,1789654127.604160786,0.000000000,1,1,0,0,1,1,-5.988741815,-6.861022666,1
2859,1789654127.614136934,0.000000000,1,1,0,0,1,1,-5.988741815,-6.861022666,1
2860,1789654127.624179125,0.000000000,1,1,0,0,1,1,-5.988741815,-6.861022666,1
2861,1789654127.634171486,0.000000000,1,1,0,0,1,1,-5.988741815,-6.861022666,1
2862,1789654127.644201279,0.000000000,1,1,0,0,1,1,-5.988741815,-6.861022666,1
2863,1789654127.654216290,0.000000000,1,1,0,0,1,1,-5.988741815,-6.861022666,1
2864,1789654127.664143801,0.000000000,1,1,0,0,1,1,-5.988741815,-6.861022666,1
2865,1789654127.674129725,0.000000000,1,1,0,0,1,1,-6.003499681,-6.861022666,1
2866,1789654127.684207916,0.000000000,1,1,0,0,1,1,-6.003499681,-6.861022666,1
2867,1789654127.694117308,0.000000000,1,1,0,0,1,1,-6.003499681,-6.861022666,1
2868,1789654127.704123974,0.000000000,1,1,0,0,1,1,-6.003499681,-6.861022666,1
2869,1789654127.714177370,0.000000000,1,1,0,0,1,1,-6.003499681,-6.861022666,1
2870,1789654127.724159479,0.000000000,1,1,0,0,1,1,-6.003499681,-6.861022666,1
2871,1789654127.734160423,0.000000000,1,1,0,0,1,1,-6.003499681,-6.861022666,1
2872,1789654127.744223118,0.000000000,1,1,0,0,1,1,-6.003499681,-6.861022666,1
2873,1789654127.754131556,0.000000000,1,1,0,0,1,1,-6.003499681,-6.861022666,1
2874,1789654127.764186859,0.000000000,1,1,0,0,1,1,-6.003499681,-6.861022666,1
2875,1789654127.774129391,0.000000000,1,1,0,0,1,1,-6.003499681,-6.879576000,1
2876,1789654127.784161091,0.000000000,1,1,0,0,1,1,-6.003499681,-6.879576000,1
2877,1789654127.794135809,0.000000000,1,1,0,0,1,1,-6.003499681,-6.879576000,1
2878,1789654127.804125071,0.000000000,1,1,0,0,1,1,-6.003499681,-6.879576000,1
2879,1789654127.814149380,0.000000000,1,1,0,0,1,1,-6.003499681,-6.879576000,1
2880,1789654127.824175835,0.000000000,1,1,0,0,1,1,-6.003499681,-6.879576000,1
2881,1789654127.834129333,0.000000000,1,1,0,0,1,1,-6.003499681,-6.879576000,1
2882,1789654127.844215393,0.000000000,1,1,0,0,1,1,-6.003499681,-6.879576000,1
2883,1789654127.854136229,0.000000000,1,1,0,0,1,1,-6.003499681,-6.879576000,1
2884,1789654127.864173412,0.000000000,1,1,0,0,1,1,-6.003499681,-6.879576000,1
2885,1789654127.874123573,0.000000000,1,1,0,0,1,1,-6.003499681,-6.879576000,1
2886,1789654127.901119709,0.000000000,1,1,0,0,1,1,-6.003499681,-6.879576000,1
2887,1789654127.901886702,0.000000000,1,1,0,0,1,1,-6.003499681,-6.879576000,1
2888,1789654127.904135942,0.000000000,1,1,0,0,1,1,-6.003499681,-6.879576000,1
2889,1789654127.914125681,0.000000000,1,1,0,0,1,1,-6.003499681,-6.879576000,1
2890,1789654127.924169302,0.000000000,1,1,0,0,1,1,-6.003499681,-6.879576000,1
2891,1789654127.934120893,0.000000000,1,1,0,0,1,1,-6.003499681,-6.879576000,1
2892,1789654127.944176674,0.000000000,1,1,0,0,1,1,-6.003499681,-6.879576000,1
2893,1789654127.954189301,0.000000000,1,1,0,0,1,1,-6.003499681,-6.879576000,1
2894,1789654127.964144945,0.000000000,1,1,0,0,1,1,-6.003499681,-6.879576000,1
2895,1789654127.974121332,0.000000000,1,1,0,0,1,1,-6.003499681,-6.879576000,1
2896,1789654127.984211206,0.000000000,1,1,0,0,1,1,-6.003499681,-6.879576000,1
2897,1789654127.994139910,0.000000000,1,1,0,0,1,1,-6.003499681,-6.879576000,1
2898,1789654128.004141092,0.000000000,1,1,0,0,1,1,-6.003499681,-6.879576000,1
2899,1789654128.014143705,0.000000000,1,1,0,0,1,1,-6.003499681,-6.879576000,1
2900,1789654128.024128437,0.000000000,1,1,0,0,1,1,-6.003499681,-6.879576000,1
2901,1789654128.034125090,0.000000000,1,1,0,0,1,1,-6.003499681,-6.879576000,1
2902,1789654128.044185877,0.000000000,1,1,0,0,1,1,-6.003499681,-6.879576000,1
2903,1789654128.054134130,0.000000000,1,1,0,0,1,1,-6.003499681,-6.879576000,1
2904,1789654128.064181328,0.000000000,1,1,0,0,1,1,-6.003499681,-6.879576000,1
2905,1789654128.074117661,0.000000000,1,1,0,0,1,1,-5.988741815,-6.879576000,1
2906,1789654128.084176779,0.000000000,1,1,0,0,1,1,-5.988741815,-6.879576000,1
2907,1789654128.094131947,0.000000000,1,1,0,0,1,1,-5.988741815,-6.879576000,1
2908,1789654128.104117155,0.000000000,1,1,0,0,1,1,-5.988741815,-6.879576000,1
2909,1789654128.114193201,0.000000000,1,1,0,0,1,1,-5.988741815,-6.879576000,1
2910,1789654128.124137640,0.000000000,1,1,0,0,1,1,-5.988741815,-6.879576000,1
2911,1789654128.134130955,0.000000000,1,1,0,0,1,1,-5.988741815,-6.879576000,1
2912,1789654128.144154072,0.000000000,1,1,0,0,1,1,-5.988741815,-6.879576000,1
2913,1789654128.154131174,0.000000000,1,1,0,0,1,1,-5.988741815,-6.879576000,1
2914,1789654128.164139032,0.000000000,1,1,0,0,1,1,-5.988741815,-6.879576000,1
2915,1789654128.174123526,0.000000000,1,1,0,0,1,1,-5.988741815,-6.861022666,1
2916,1789654128.184161425,0.000000000,1,1,0,0,1,1,-5.988741815,-6.861022666,1
2917,1789654128.194142580,0.000000000,1,1,0,0,1,1,-5.988741815,-6.861022666,1
2918,1789654128.204125643,0.000000000,1,1,0,0,1,1,-5.988741815,-6.861022666,1
2919,1789654128.214189529,0.000000000,1,1,0,0,1,1,-5.988741815,-6.861022666,1
2920,1789654128.224165916,0.000000000,1,1,0,0,1,1,-5.988741815,-6.861022666,1
2921,1789654128.234126091,0.000000000,1,1,0,0,1,1,-5.988741815,-6.861022666,1
2922,1789654128.244196892,0.000000000,1,1,0,0,1,1,-5.988741815,-6.861022666,1
2923,1789654128.254127979,0.000000000,1,1,0,0,1,1,-5.988741815,-6.861022666,1
2924,1789654128.264208317,0.000000000,1,1,0,0,1,1,-5.988741815,-6.861022666,1
2925,1789654128.274128437,0.000000000,1,1,0,0,1,1,-6.003499681,-6.861022666,1
2926,1789654128.284173489,0.000000000,1,1,0,0,1,1,-6.003499681,-6.861022666,1
2927,1789654128.294162989,0.000000000,1,1,0,0,1,1,-6.003499681,-6.861022666,1
2928,1789654128.304164886,0.000000000,1,1,0,0,1,1,-6.003499681,-6.861022666,1
2929,1789654128.314187288,0.000000000,1,1,0,0,1,1,-6.003499681,-6.861022666,1
2930,1789654128.324154854,0.000000000,1,1,0,0,1,1,-6.003499681,-6.861022666,1
2931,1789654128.334127665,0.000000000,1,1,0,0,1,1,-6.003499681,-6.861022666,1
2932,1789654128.344126701,0.000000000,1,1,0,0,1,1,-6.003499681,-6.861022666,1
2933,1789654128.354130507,0.000000000,1,1,0,0,1,1,-6.003499681,-6.861022666,1
2934,1789654128.364155531,0.000000000,1,1,0,0,1,1,-6.003499681,-6.861022666,1
2935,1789654128.374123573,0.000000000,1,1,0,0,1,1,-6.003499681,-6.861022666,1
2936,1789654128.384202957,0.000000000,1,1,0,0,1,1,-6.003499681,-6.861022666,1
2937,1789654128.394162655,0.000000000,1,1,0,0,1,1,-6.003499681,-6.861022666,1
2938,1789654128.404175043,0.000000000,1,1,0,0,1,1,-6.003499681,-6.861022666,1
2939,1789654128.414203405,0.000000000,1,1,0,0,1,1,-6.003499681,-6.861022666,1
2940,1789654128.424136877,0.000000000,1,1,0,0,1,1,-6.003499681,-6.861022666,1
2941,1789654128.434141397,0.000000000,1,1,0,0,1,1,-6.003499681,-6.861022666,1
2942,1789654128.444165945,0.000000000,1,1,0,0,1,1,-6.003499681,-6.861022666,1
2943,1789654128.454211950,0.000000000,1,1,0,0,1,1,-6.003499681,-6.861022666,1
2944,1789654128.464160204,0.000000000,1,1,0,0,1,1,-6.003499681,-6.861022666,1
2945,1789654128.474126339,0.000000000,1,1,0,0,1,1,-5.988741815,-6.861022666,1
2946,1789654128.484178782,0.000000000,1,1,0,0,1,1,-5.988741815,-6.861022666,1
2947,1789654128.494130611,0.000000000,1,1,0,0,1,1,-5.988741815,-6.861022666,1
2948,1789654128.504186153,0.000000000,1,1,0,0,1,1,-5.988741815,-6.861022666,1
2949,1789654128.514187098,0.000000000,1,1,0,0,1,1,-5.988741815,-6.861022666,1
2950,1789654128.524159193,0.000000000,1,1,0,0,1,1,-5.988741815,-6.861022666,1
2951,1789654128.534129143,0.000000000,1,1,0,0,1,1,-5.988741815,-6.861022666,1
2952,1789654128.544262886,0.000000000,1,1,0,0,1,1,-5.988741815,-6.861022666,1
2953,1789654128.554144144,0.000000000,1,1,0,0,1,1,-5.988741815,-6.861022666,1
2954,1789654128.564143419,0.000000000,1,1,0,0,1,1,-5.988741815,-6.861022666,1
2955,1789654128.574212790,0.000000000,1,1,0,0,1,1,-5.988741815,-6.861022666,1
2956,1789654128.584203005,0.000000000,1,1,0,0,1,1,-5.988741815,-6.861022666,1
2957,1789654128.594128132,0.000000000,1,1,0,0,1,1,-5.988741815,-6.861022666,1
2958,1789654128.604125500,0.000000000,1,1,0,0,1,1,-5.988741815,-6.861022666,1
2959,1789654128.614174128,0.000000000,1,1,0,0,1,1,-5.988741815,-6.861022666,1
2960,1789654128.624123573,0.000000000,1,1,0,0,1,1,-5.988741815,-6.861022666,1
2961,1789654128.634169579,0.000000000,1,1,0,0,1,1,-5.988741815,-6.861022666,1
2962,1789654128.644183397,0.000000000,1,1,0,0,1,1,-5.988741815,-6.861022666,1
2963,1789654128.654196024,0.000000000,1,1,0,0,1,1,-5.988741815,-6.861022666,1
2964,1789654128.664216757,0.000000000,1,1,0,0,1,1,-5.988741815,-6.861022666,1
2965,1789654128.674127340,0.000000000,1,1,0,0,1,1,-5.988741815,-6.861022666,1
2966,1789654128.684162855,0.000000000,1,1,0,0,1,1,-5.988741815,-6.861022666,1
2967,1789654128.694126606,0.000000000,1,1,0,0,1,1,-5.988741815,-6.861022666,1
2968,1789654128.704143524,0.000000000,1,1,0,0,1,1,-5.988741815,-6.861022666,1
2969,1789654128.714130402,0.000000000,1,1,0,0,1,1,-5.988741815,-6.861022666,1
2970,1789654128.724149942,0.000000000,1,1,0,0,1,1,-5.988741815,-6.861022666,1
2971,1789654128.734128475,0.000000000,1,1,0,0,1,1,-5.988741815,-6.861022666,1
2972,1789654128.744196653,0.000000000,1,1,0,0,1,1,-5.988741815,-6.861022666,1
2973,1789654128.754198313,0.000000000,1,1,0,0,1,1,-5.988741815,-6.861022666,1
2974,1789654128.764159679,0.000000000,1,1,0,0,1,1,-5.988741815,-6.861022666,1
2975,1789654128.774120092,0.000000000,1,1,0,0,1,1,-5.988741815,-6.861022666,1
2976,1789654128.784202576,0.000000000,1,1,0,0,1,1,-5.988741815,-6.861022666,1
2977,1789654128.794127464,0.000000000,1,1,0,0,1,1,-5.988741815,-6.861022666,1
2978,1789654128.804134846,0.000000000,1,1,0,0,1,1,-5.988741815,-6.861022666,1
2979,1789654128.814133644,0.000000000,1,1,0,0,1,1,-5.988741815,-6.861022666,1
2980,1789654128.824161053,0.000000000,1,1,0,0,1,1,-5.988741815,-6.861022666,1
2981,1789654128.834124565,0.000000000,1,1,0,0,1,1,-5.988741815,-6.861022666,1
2982,1789654128.844175816,0.000000000,1,1,0,0,1,1,-5.988741815,-6.861022666,1
2983,1789654128.854125023,0.000000000,1,1,0,0,1,1,-5.988741815,-6.861022666,1
2984,1789654128.864170074,0.000000000,1,1,0,0,1,1,-5.988741815,-6.861022666,1
2985,1789654128.874136686,0.000000000,1,1,0,0,1,1,-5.988741815,-6.861022666,1
2986,1789654128.884186506,0.000000000,1,1,0,0,1,1,-5.988741815,-6.861022666,1
2987,1789654128.894137859,0.000000000,1,1,0,0,1,1,-5.988741815,-6.861022666,1
2988,1789654128.904122829,0.000000000,1,1,0,0,1,1,-5.988741815,-6.861022666,1
2989,1789654128.914155722,0.000000000,1,1,0,0,1,1,-5.988741815,-6.861022666,1
2990,1789654128.924125910,0.000000000,1,1,0,0,1,1,-5.988741815,-6.861022666,1
2991,1789654128.934130669,0.000000000,1,1,0,0,1,1,-5.988741815,-6.861022666,1
2992,1789654128.944214344,0.000000000,1,1,0,0,1,1,-5.988741815,-6.861022666,1
2993,1789654128.954197168,0.000000000,1,1,0,0,1,1,-5.988741815,-6.861022666,1
2994,1789654128.964180231,0.000000000,1,1,0,0,1,1,-5.988741815,-6.861022666,1
2995,1789654128.974188328,0.000000000,1,1,0,0,1,1,-5.988741815,-6.861022666,1
2996,1789654128.984179735,0.000000000,1,1,0,0,1,1,-5.988741815,-6.861022666,1
2997,1789654128.994126797,0.000000000,1,1,0,0,1,1,-5.988741815,-6.861022666,1
2998,1789654129.004146338,0.000000000,1,1,0,0,1,1,-5.988741815,-6.861022666,1
2999,1789654129.014726162,0.000000000,1,1,0,0,1,1,-5.988741815,-6.861022666,1
3000,1789654129.024190187,0.000000000,1,1,0,0,1,1,-5.988741815,-6.861022666,1
3001,1789654129.034133434,0.000000000,1,1,0,0,1,1,-5.988741815,-6.861022666,1
3002,1789654129.044187307,0.000000000,1,1,0,0,1,1,-5.988741815,-6.861022666,1
3003,1789654129.054122448,0.000000000,1,1,0,0,1,1,-5.988741815,-6.861022666,1
3004,1789654129.064214230,0.000000000,1,1,0,0,1,1,-5.988741815,-6.861022666,1
3005,1789654129.074118137,0.000000000,1,1,0,0,1,1,-5.988741815,-6.861022666,1
3006,1789654129.084163904,0.000000000,1,1,0,0,1,1,-5.988741815,-6.861022666,1
3007,1789654129.094125271,0.000000000,1,1,0,0,1,1,-5.988741815,-6.861022666,1
3008,1789654129.104194880,0.000000000,1,1,0,0,1,1,-5.988741815,-6.861022666,1
3009,1789654129.114176989,0.000000000,1,1,0,0,1,1,-5.988741815,-6.861022666,1
3010,1789654129.124160767,0.000000000,1,1,0,0,1,1,-5.988741815,-6.861022666,1
3011,1789654129.134160280,0.000000000,1,1,0,0,1,1,-5.988741815,-6.861022666,1
3012,1789654129.144255161,0.000000000,1,1,0,0,1,1,-5.988741815,-6.861022666,1
3013,1789654129.154192448,0.000000000,1,1,0,0,1,1,-5.988741815,-6.861022666,1
3014,1789654129.164177656,0.000000000,1,1,0,0,1,1,-5.988741815,-6.861022666,1
3015,1789654129.174126863,0.000000000,1,1,0,0,1,1,-6.003499681,-6.861022666,1
3016,1789654129.184123755,0.000000000,1,1,0,0,1,1,-6.003499681,-6.861022666,1
3017,1789654129.194131613,0.000000000,1,1,0,0,1,1,-6.003499681,-6.861022666,1
3018,1789654129.204164267,0.000000000,1,1,0,0,1,1,-6.003499681,-6.861022666,1
3019,1789654129.214205503,0.000000000,1,1,0,0,1,1,-6.003499681,-6.861022666,1
3020,1789654129.224140406,0.000000000,1,1,0,0,1,1,-6.003499681,-6.861022666,1
3021,1789654129.234148979,0.000000000,1,1,0,0,1,1,-6.003499681,-6.861022666,1
3022,1789654129.244200706,0.000000000,1,1,0,0,1,1,-6.003499681,-6.861022666,1
3023,1789654129.254200459,0.000000000,1,1,0,0,1,1,-6.003499681,-6.861022666,1
3024,1789654129.264137268,0.000000000,1,1,0,0,1,1,-6.003499681,-6.861022666,1
3025,1789654129.274127245,0.000000000,1,1,0,0,1,1,-6.003499681,-6.861022666,1
3026,1789654129.284213066,0.000000000,1,1,0,0,1,1,-6.003499681,-6.861022666,1
3027,1789654129.294170618,0.000000000,1,1,0,0,1,1,-6.003499681,-6.861022666,1
3028,1789654129.304126263,0.000000000,1,1,0,0,1,1,-6.003499681,-6.861022666,1
3029,1789654129.314153194,0.000000000,1,1,0,0,1,1,-6.003499681,-6.861022666,1
3030,1789654129.324121714,0.000000000,1,1,0,0,1,1,-6.003499681,-6.861022666,1
3031,1789654129.334143400,0.000000000,1,1,0,0,1,1,-6.003499681,-6.861022666,1
3032,1789654129.344218731,0.000000000,1,1,0,0,1,1,-6.003499681,-6.861022666,1
3033,1789654129.354155779,0.000000000,1,1,0,0,1,1,-6.003499681,-6.861022666,1
3034,1789654129.364175558,0.000000000,1,1,0,0,1,1,-6.003499681,-6.861022666,1
3035,1789654129.374127865,0.000000000,1,1,0,0,1,1,-5.988741815,-6.861022666,1
3036,1789654129.384154558,0.000000000,1,1,0,0,1,1,-5.988741815,-6.861022666,1
3037,1789654129.394173384,0.000000000,1,1,0,0,1,1,-5.988741815,-6.861022666,1
3038,1789654129.404204130,0.000000000,1,1,0,0,1,1,-5.988741815,-6.861022666,1
3039,1789654129.414211988,0.000000000,1,1,0,0,1,1,-5.988741815,-6.861022666,1
3040,1789654129.424125433,0.000000000,1,1,0,0,1,1,-5.988741815,-6.861022666,1
3041,1789654129.434131145,0.000000000,1,1,0,0,1,1,-5.988741815,-6.861022666,1
3042,1789654129.444255114,0.000000000,1,1,0,0,1,1,-5.988741815,-6.861022666,1
3043,1789654129.454160213,0.000000000,1,1,0,0,1,1,-5.988741815,-6.861022666,1
3044,1789654129.464165688,0.000000000,1,1,0,0,1,1,-5.988741815,-6.861022666,1
3045,1789654129.474159956,0.000000000,1,1,0,0,1,1,-5.988741815,-6.861022666,1
3046,1789654129.484152794,0.000000000,1,1,0,0,1,1,-5.988741815,-6.861022666,1
3047,1789654129.494145632,0.000000000,1,1,0,0,1,1,-5.988741815,-6.861022666,1
3048,1789654129.504119396,0.000000000,1,1,0,0,1,1,-5.988741815,-6.861022666,1
3049,1789654129.514204979,0.000000000,1,1,0,0,1,1,-5.988741815,-6.861022666,1
3050,1789654129.524128437,0.000000000,1,1,0,0,1,1,-5.988741815,-6.861022666,1
3051,1789654129.534138680,0.000000000,1,1,0,0,1,1,-5.988741815,-6.861022666,1
3052,1789654129.544191599,0.000000000,1,1,0,0,1,1,-5.988741815,-6.861022666,1
3053,1789654129.554135561,0.000000000,1,1,0,0,1,1,-5.988741815,-6.861022666,1
3054,1789654129.564124584,0.000000000,1,1,0,0,1,1,-5.988741815,-6.861022666,1
3055,1789654129.574155092,0.000000000,1,1,0,0,1,1,-5.988741815,-6.861022666,1
3056,1789654129.584174156,0.000000000,1,1,0,0,1,1,-5.988741815,-6.861022666,1
3057,1789654129.594133854,0.000000000,1,1,0,0,1,1,-5.988741815,-6.861022666,1
3058,1789654129.604183435,0.000000000,1,1,0,0,1,1,-5.988741815,-6.861022666,1
3059,1789654129.614187241,0.000000000,1,1,0,0,1,1,-5.988741815,-6.861022666,1
3060,1789654129.624149323,0.000000000,1,1,0,0,1,1,-5.988741815,-6.861022666,1
3061,1789654129.634128809,0.000000000,1,1,0,0,1,1,-5.988741815,-6.861022666,1
3062,1789654129.644199848,0.000000000,1,1,0,0,1,1,-5.988741815,-6.861022666,1
3063,1789654129.654224396,0.000000000,1,1,0,0,1,1,-5.988741815,-6.861022666,1
3064,1789654129.664119482,0.000000000,1,1,0,0,1,1,-5.988741815,-6.861022666,1
3065,1789654129.674129009,0.000000000,1,1,0,0,1,1,-6.003499681,-6.879576000,1
3066,1789654129.684119225,0.000000000,1,1,0,0,1,1,-6.003499681,-6.879576000,1
3067,1789654129.694148064,0.000000000,1,1,0,0,1,1,-6.003499681,-6.879576000,1
3068,1789654129.704200268,0.000000000,1,1,0,0,1,1,-6.003499681,-6.879576000,1
3069,1789654129.714165688,0.000000000,1,1,0,0,1,1,-6.003499681,-6.879576000,1
3070,1789654129.724184275,0.000000000,1,1,0,0,1,1,-6.003499681,-6.879576000,1
3071,1789654129.734124660,0.000000000,1,1,0,0,1,1,-6.003499681,-6.879576000,1
3072,1789654129.744228840,0.000000000,1,1,0,0,1,1,-6.003499681,-6.879576000,1
3073,1789654129.754136801,0.000000000,1,1,0,0,1,1,-6.003499681,-6.879576000,1
3074,1789654129.764123917,0.000000000,1,1,0,0,1,1,-6.003499681,-6.879576000,1
3075,1789654129.774199009,0.000000000,1,1,0,0,1,1,-6.003499681,-6.861022666,1
3076,1789654129.784157991,0.000000000,1,1,0,0,1,1,-6.003499681,-6.861022666,1
3077,1789654129.794131041,0.000000000,1,1,0,0,1,1,-6.003499681,-6.861022666,1
3078,1789654129.804178238,0.000000000,1,1,0,0,1,1,-6.003499681,-6.861022666,1
3079,1789654129.814164162,0.000000000,1,1,0,0,1,1,-6.003499681,-6.861022666,1
3080,1789654129.824136019,0.000000000,1,1,0,0,1,1,-6.003499681,-6.861022666,1
3081,1789654129.834131956,0.000000000,1,1,0,0,1,1,-6.003499681,-6.861022666,1
3082,1789654129.844218731,0.000000000,1,1,0,0,1,1,-6.003499681,-6.861022666,1
3083,1789654129.854195118,0.000000000,1,1,0,0,1,1,-6.003499681,-6.861022666,1
3084,1789654129.864212990,0.000000000,1,1,0,0,1,1,-6.003499681,-6.861022666,1
3085,1789654129.874128819,0.000000000,1,1,0,0,1,1,-6.003499681,-6.861022666,1
3086,1789654129.884162664,0.000000000,1,1,0,0,1,1,-6.003499681,-6.861022666,1
3087,1789654129.894126892,0.000000000,1,1,0,0,1,1,-6.003499681,-6.861022666,1
3088,1789654129.904119253,0.000000000,1,1,0,0,1,1,-6.003499681,-6.861022666,1
3089,1789654129.914134979,0.000000000,1,1,0,0,1,1,-6.003499681,-6.861022666,1
3090,1789654129.924151659,0.000000000,1,1,0,0,1,1,-6.003499681,-6.861022666,1
3091,1789654129.934171915,0.000000000,1,1,0,0,1,1,-6.003499681,-6.861022666,1
3092,1789654129.944211006,0.000000000,1,1,0,0,1,1,-6.003499681,-6.861022666,1
3093,1789654129.954141617,0.000000000,1,1,0,0,1,1,-6.003499681,-6.861022666,1
3094,1789654129.964173317,0.000000000,1,1,0,0,1,1,-6.003499681,-6.861022666,1
3095,1789654129.974166632,0.000000000,1,1,0,0,1,1,-6.003499681,-6.861022666,1
3096,1789654129.984147787,0.000000000,1,1,0,0,1,1,-6.003499681,-6.861022666,1
3097,1789654129.994114637,0.000000000,1,1,0,0,1,1,-6.003499681,-6.861022666,1
3098,1789654130.004117489,0.000000000,1,1,0,0,1,1,-6.003499681,-6.861022666,1
3099,1789654130.014123678,0.000000000,1,1,0,0,1,1,-6.003499681,-6.861022666,1
3100,1789654130.024099350,0.000000000,1,1,0,0,1,1,-6.003499681,-6.861022666,1
3101,1789654130.034138918,0.000000000,1,1,0,0,1,1,-6.003499681,-6.861022666,1
3102,1789654130.044178486,0.000000000,1,1,0,0,1,1,-6.003499681,-6.861022666,1
3103,1789654130.054179907,0.000000000,1,1,0,0,1,1,-6.003499681,-6.861022666,1
3104,1789654130.064187765,0.000000000,1,1,0,0,1,1,-6.003499681,-6.861022666,1
3105,1789654130.074198484,0.000000000,1,1,0,0,1,1,-6.003499681,-6.861022666,1
3106,1789654130.084139824,0.000000000,1,1,0,0,1,1,-6.003499681,-6.861022666,1
3107,1789654130.094134808,0.000000000,1,1,0,0,1,1,-6.003499681,-6.861022666,1
3108,1789654130.104171753,0.000000000,1,1,0,0,1,1,-6.003499681,-6.861022666,1
3109,1789654130.114127398,0.000000000,1,1,0,0,1,1,-6.003499681,-6.861022666,1
3110,1789654130.124191999,0.000000000,1,1,0,0,1,1,-6.003499681,-6.861022666,1
3111,1789654130.134128809,0.000000000,1,1,0,0,1,1,-6.003499681,-6.861022666,1
3112,1789654130.144250870,0.000000000,1,1,0,0,1,1,-6.003499681,-6.861022666,1
3113,1789654130.154133081,0.000000000,1,1,0,0,1,1,-6.003499681,-6.861022666,1
3114,1789654130.164179564,0.000000000,1,1,0,0,1,1,-6.003499681,-6.861022666,1
3115,1789654130.174125195,0.000000000,1,1,0,0,1,1,-6.003499681,-6.861022666,1
3116,1789654130.184126616,0.000000000,1,1,0,0,1,1,-6.003499681,-6.861022666,1
3117,1789654130.194173098,0.000000000,1,1,0,0,1,1,-6.003499681,-6.861022666,1
3118,1789654130.204166174,0.000000000,1,1,0,0,1,1,-6.003499681,-6.861022666,1
3119,1789654130.214187145,0.000000000,1,1,0,0,1,1,-6.003499681,-6.861022666,1
3120,1789654130.224126577,0.000000000,1,1,0,0,1,1,-6.003499681,-6.861022666,1
3121,1789654130.234147072,0.000000000,1,1,0,0,1,1,-6.003499681,-6.861022666,1
3122,1789654130.244155884,0.000000000,1,1,0,0,1,1,-6.003499681,-6.861022666,1
3123,1789654130.254167795,0.000000000,1,1,0,0,1,1,-6.003499681,-6.861022666,1
3124,1789654130.264179230,0.000000000,1,1,0,0,1,1,-6.003499681,-6.861022666,1
3125,1789654130.274102926,0.000000000,1,1,0,0,1,1,-6.003499681,-6.861022666,1
3126,1789654130.284125328,0.000000000,1,1,0,0,1,1,-6.003499681,-6.861022666,1
3127,1789654130.294145823,0.000000000,1,1,0,0,1,1,-6.003499681,-6.861022666,1
3128,1789654130.304134369,0.000000000,1,1,0,0,1,1,-6.003499681,-6.861022666,1
3129,1789654130.314158440,0.000000000,1,1,0,0,1,1,-6.003499681,-6.861022666,1
3130,1789654130.324153423,0.000000000,1,1,0,0,1,1,-6.003499681,-6.861022666,1
3131,1789654130.334133863,0.000000000,1,1,0,0,1,1,-6.003499681,-6.861022666,1
3132,1789654130.344139338,0.000000000,1,1,0,0,1,1,-6.003499681,-6.861022666,1
3133,1789654130.354146481,0.000000000,1,1,0,0,1,1,-6.003499681,-6.861022666,1
3134,1789654130.364128828,0.000000000,1,1,0,0,1,1,-6.003499681,-6.861022666,1
3135,1789654130.374110699,0.000000000,1,1,0,0,1,1,-6.003499681,-6.861022666,1
3136,1789654130.384116411,0.000000000,1,1,0,0,1,1,-6.003499681,-6.861022666,1
3137,1789654130.394109726,0.000000000,1,1,0,0,1,1,-6.003499681,-6.861022666,1
3138,1789654130.404129267,0.000000000,1,1,0,0,1,1,-6.003499681,-6.861022666,1
3139,1789654130.414113998,0.000000000,1,1,0,0,1,1,-6.003499681,-6.861022666,1
3140,1789654130.424138069,0.000000000,1,1,0,0,1,1,-6.003499681,-6.861022666,1
3141,1789654130.434146881,0.000000000,1,1,0,0,1,1,-6.003499681,-6.861022666,1
3142,1789654130.444166660,0.000000000,1,1,0,0,1,1,-6.003499681,-6.861022666,1
3143,1789654130.454128742,0.000000000,1,1,0,0,1,1,-6.003499681,-6.861022666,1
3144,1789654130.464208603,0.000000000,1,1,0,0,1,1,-6.003499681,-6.861022666,1
3145,1789654130.474107504,0.000000000,1,1,0,0,1,1,-5.988741815,-6.861022666,1
3146,1789654130.484132528,0.000000000,1,1,0,0,1,1,-5.988741815,-6.861022666,1
3147,1789654130.494116545,0.000000000,1,1,0,0,1,1,-5.988741815,-6.861022666,1
3148,1789654130.504111767,0.000000000,1,1,0,0,1,1,-5.988741815,-6.861022666,1
3149,1789654130.514153481,0.000000000,1,1,0,0,1,1,-5.988741815,-6.861022666,1
3150,1789654130.524135828,0.000000000,1,1,0,0,1,1,-5.988741815,-6.861022666,1
3151,1789654130.534141541,0.000000000,1,1,0,0,1,1,-5.988741815,-6.861022666,1
3152,1789654130.544165850,0.000000000,1,1,0,0,1,1,-5.988741815,-6.861022666,1
3153,1789654130.554174423,0.000000000,1,1,0,0,1,1,-5.988741815,-6.861022666,1
3154,1789654130.564126492,0.000000000,1,1,0,0,1,1,-5.988741815,-6.861022666,1
3155,1789654130.574182510,0.000000000,1,1,0,0,1,1,-6.003499681,-6.861022666,1
3156,1789654130.584123850,0.000000000,1,1,0,0,1,1,-6.003499681,-6.861022666,1
3157,1789654130.594132185,0.000000000,1,1,0,0,1,1,-6.003499681,-6.861022666,1
3158,1789654130.604113340,0.000000000,1,1,0,0,1,1,-6.003499681,-6.861022666,1
3159,1789654130.614116430,0.000000000,1,1,0,0,1,1,-6.003499681,-6.861022666,1
3160,1789654130.624137163,0.000000000,1,1,0,0,1,1,-6.003499681,-6.861022666,1
3161,1789654130.634140968,0.000000000,1,1,0,0,1,1,-6.003499681,-6.861022666,1
3162,1789654130.644152164,0.000000000,1,1,0,0,1,1,-6.003499681,-6.861022666,1
3163,1789654130.654196978,0.000000000,1,1,0,0,1,1,-6.003499681,-6.861022666,1
3164,1789654130.664128304,0.000000000,1,1,0,0,1,1,-6.003499681,-6.861022666,1
3165,1789654130.674170971,0.000000000,1,1,0,0,1,1,-5.988741815,-6.861022666,1
3166,1789654130.684143066,0.000000000,1,1,0,0,1,1,-5.988741815,-6.861022666,1
3167,1789654130.694136143,0.000000000,1,1,0,0,1,1,-5.988741815,-6.861022666,1
3168,1789654130.704138994,0.000000000,1,1,0,0,1,1,-5.988741815,-6.861022666,1
3169,1789654130.714132547,0.000000000,1,1,0,0,1,1,-5.988741815,-6.861022666,1
3170,1789654130.724130392,0.000000000,1,1,0,0,1,1,-5.988741815,-6.861022666,1
3171,1789654130.734171867,0.000000000,1,1,0,0,1,1,-5.988741815,-6.861022666,1
3172,1789654130.744170904,0.000000000,1,1,0,0,1,1,-5.988741815,-6.861022666,1
3173,1789654130.754135847,0.000000000,1,1,0,0,1,1,-5.988741815,-6.861022666,1
3174,1789654130.764127254,0.000000000,1,1,0,0,1,1,-5.988741815,-6.861022666,1
3175,1789654130.774127007,0.000000000,1,1,0,0,1,1,-6.003499681,-6.861022666,1
3176,1789654130.784130096,0.000000000,1,1,0,0,1,1,-6.003499681,-6.861022666,1
3177,1789654130.794116020,0.000000000,1,1,0,0,1,1,-6.003499681,-6.861022666,1
3178,1789654130.804172277,0.000000000,1,1,0,0,1,1,-6.003499681,-6.861022666,1
3179,1789654130.814158440,0.000000000,1,1,0,0,1,1,-6.003499681,-6.861022666,1
3180,1789654130.824156761,0.000000000,1,1,0,0,1,1,-6.003499681,-6.861022666,1
3181,1789654130.834140778,0.000000000,1,1,0,0,1,1,-6.003499681,-6.861022666,1
3182,1789654130.844177008,0.000000000,1,1,0,0,1,1,-6.003499681,-6.861022666,1
3183,1789654130.854110718,0.000000000,1,1,0,0,1,1,-6.003499681,-6.861022666,1
3184,1789654130.864184380,0.000000000,1,1,0,0,1,1,-6.003499681,-6.861022666,1
3185,1789654130.874105453,0.000000000,1,1,0,0,1,1,-5.988741815,-6.879576000,1
3186,1789654130.884129047,0.000000000,1,1,0,0,1,1,-5.988741815,-6.879576000,1
3187,1789654130.894113302,0.000000000,1,1,0,0,1,1,-5.988741815,-6.879576000,1
3188,1789654130.904113293,0.000000000,1,1,0,0,1,1,-5.988741815,-6.879576000,1
3189,1789654130.914131403,0.000000000,1,1,0,0,1,1,-5.988741815,-6.879576000,1
3190,1789654130.924140215,0.000000000,1,1,0,0,1,1,-5.988741815,-6.879576000,1
3191,1789654130.934144258,0.000000000,1,1,0,0,1,1,-5.988741815,-6.879576000,1
3192,1789654130.944219589,0.000000000,1,1,0,0,1,1,-5.988741815,-6.879576000,1
3193,1789654130.954130173,0.000000000,1,1,0,0,1,1,-5.988741815,-6.879576000,1
3194,1789654130.964110613,0.000000000,1,1,0,0,1,1,-5.988741815,-6.879576000,1
3195,1789654130.974108934,0.000000000,1,1,0,0,1,1,-5.988741815,-6.879576000,1
3196,1789654130.984134674,0.000000000,1,1,0,0,1,1,-5.988741815,-6.879576000,1
3197,1789654130.994129658,0.000000000,1,1,0,0,1,1,-5.988741815,-6.879576000,1
3198,1789654131.004156351,0.000000000,1,1,0,0,1,1,-5.988741815,-6.879576000,1
3199,1789654131.014158010,0.000000000,1,1,0,0,1,1,-5.988741815,-6.879576000,1
3200,1789654131.024158955,0.000000000,1,1,0,0,1,1,-5.988741815,-6.879576000,1
3201,1789654131.034110308,0.000000000,1,1,0,0,1,1,-5.988741815,-6.879576000,1
3202,1789654131.044116259,0.000000000,1,1,0,0,1,1,-5.988741815,-6.879576000,1
3203,1789654131.054157734,0.000000000,1,1,0,0,1,1,-5.988741815,-6.879576000,1
3204,1789654131.064121246,0.000000000,1,1,0,0,1,1,-5.988741815,-6.879576000,1
3205,1789654131.074104786,0.000000000,1,1,0,0,1,1,-6.003499681,-6.861022666,1
3206,1789654131.084137440,0.000000000,1,1,0,0,1,1,-6.003499681,-6.861022666,1
3207,1789654131.094105005,0.000000000,1,1,0,0,1,1,-6.003499681,-6.861022666,1
3208,1789654131.104107380,0.000000000,1,1,0,0,1,1,-6.003499681,-6.861022666,1
3209,1789654131.114123821,0.000000000,1,1,0,0,1,1,-6.003499681,-6.861022666,1
3210,1789654131.124145269,0.000000000,1,1,0,0,1,1,-6.003499681,-6.861022666,1
3211,1789654131.134138107,0.000000000,1,1,0,0,1,1,-6.003499681,-6.861022666,1
3212,1789654131.144232035,0.000000000,1,1,0,0,1,1,-6.003499681,-6.861022666,1
3213,1789654131.154202461,0.000000000,1,1,0,0,1,1,-6.003499681,-6.861022666,1
3214,1789654131.164184570,0.000000000,1,1,0,0,1,1,-6.003499681,-6.861022666,1
3215,1789654131.174174309,0.000000000,1,1,0,0,1,1,-6.003499681,-6.861022666,1
3216,1789654131.184163094,0.000000000,1,1,0,0,1,1,-6.003499681,-6.861022666,1
3217,1789654131.194125891,0.000000000,1,1,0,0,1,1,-6.003499681,-6.861022666,1
3218,1789654131.204164028,0.000000000,1,1,0,0,1,1,-6.003499681,-6.861022666,1
3219,1789654131.214187622,0.000000000,1,1,0,0,1,1,-6.003499681,-6.861022666,1
3220,1789654131.224118948,0.000000000,1,1,0,0,1,1,-6.003499681,-6.861022666,1
3221,1789654131.234129667,0.000000000,1,1,0,0,1,1,-6.003499681,-6.861022666,1
3222,1789654131.244115114,0.000000000,1,1,0,0,1,1,-6.003499681,-6.861022666,1
3223,1789654131.254148006,0.000000000,1,1,0,0,1,1,-6.003499681,-6.861022666,1
3224,1789654131.264150381,0.000000000,1,1,0,0,1,1,-6.003499681,-6.861022666,1
3225,1789654131.274199247,0.000000000,1,1,0,0,1,1,-6.003499681,-6.861022666,1
3226,1789654131.284131527,0.000000000,1,1,0,0,1,1,-6.003499681,-6.861022666,1
3227,1789654131.294135094,0.000000000,1,1,0,0,1,1,-6.003499681,-6.861022666,1
3228,1789654131.304113626,0.000000000,1,1,0,0,1,1,-6.003499681,-6.861022666,1
3229,1789654131.314130068,0.000000000,1,1,0,0,1,1,-6.003499681,-6.861022666,1
3230,1789654131.324109554,0.000000000,1,1,0,0,1,1,-6.003499681,-6.861022666,1
3231,1789654131.334113598,0.000000000,1,1,0,0,1,1,-6.003499681,-6.861022666,1
3232,1789654131.344174147,0.000000000,1,1,0,0,1,1,-6.003499681,-6.861022666,1
3233,1789654131.354184151,0.000000000,1,1,0,0,1,1,-6.003499681,-6.861022666,1
3234,1789654131.364125490,0.000000000,1,1,0,0,1,1,-6.003499681,-6.861022666,1
3235,1789654131.374181747,0.000000000,1,1,0,0,1,1,-6.003499681,-6.861022666,1
3236,1789654131.384133101,0.000000000,1,1,0,0,1,1,-6.003499681,-6.861022666,1
3237,1789654131.394130707,0.000000000,1,1,0,0,1,1,-6.003499681,-6.861022666,1
3238,1789654131.404160500,0.000000000,1,1,0,0,1,1,-6.003499681,-6.861022666,1
3239,1789654131.414100170,0.000000000,1,1,0,0,1,1,-6.003499681,-6.861022666,1
3240,1789654131.424128771,0.000000000,1,1,0,0,1,1,-6.003499681,-6.861022666,1
3241,1789654131.434210300,0.000000000,1,1,0,0,1,1,-6.003499681,-6.861022666,1
3242,1789654131.444118500,0.000000000,1,1,0,0,1,1,-6.003499681,-6.861022666,1
3243,1789654131.454118252,0.000000000,1,1,0,0,1,1,-6.003499681,-6.861022666,1
3244,1789654131.464192152,0.000000000,1,1,0,0,1,1,-6.003499681,-6.861022666,1
3245,1789654131.474107504,0.000000000,1,1,0,0,1,1,-6.003499681,-6.861022666,1
3246,1789654131.484125614,0.000000000,1,1,0,0,1,1,-6.003499681,-6.861022666,1
3247,1789654131.494109869,0.000000000,1,1,0,0,1,1,-6.003499681,-6.861022666,1
3248,1789654131.504163742,0.000000000,1,1,0,0,1,1,-6.003499681,-6.861022666,1
3249,1789654131.514153481,0.000000000,1,1,0,0,1,1,-6.003499681,-6.861022666,1
3250,1789654131.524139404,0.000000000,1,1,0,0,1,1,-6.003499681,-6.861022666,1
3251,1789654131.534138203,0.000000000,1,1,0,0,1,1,-6.003499681,-6.861022666,1
3252,1789654131.544169426,0.000000000,1,1,0,0,1,1,-6.003499681,-6.861022666,1
3253,1789654131.554189682,0.000000000,1,1,0,0,1,1,-6.003499681,-6.861022666,1
3254,1789654131.564104795,0.000000000,1,1,0,0,1,1,-6.003499681,-6.861022666,1
3255,1789654131.574106455,0.000000000,1,1,0,0,1,1,-6.003499681,-6.879576000,1
3256,1789654131.584120989,0.000000000,1,1,0,0,1,1,-6.003499681,-6.879576000,1
3257,1789654131.594128370,0.000000000,1,1,0,0,1,1,-6.003499681,-6.879576000,1
3258,1789654131.604109287,0.000000000,1,1,0,0,1,1,-6.003499681,-6.879576000,1
3259,1789654131.614147425,0.000000000,1,1,0,0,1,1,-6.003499681,-6.879576000,1
3260,1789654131.624160767,0.000000000,1,1,0,0,1,1,-6.003499681,-6.879576000,1
3261,1789654131.634149313,0.000000000,1,1,0,0,1,1,-6.003499681,-6.879576000,1
3262,1789654131.644184113,0.000000000,1,1,0,0,1,1,-6.003499681,-6.879576000,1
3263,1789654131.654109240,0.000000000,1,1,0,0,1,1,-6.003499681,-6.879576000,1
3264,1789654131.664121866,0.000000000,1,1,0,0,1,1,-6.003499681,-6.879576000,1
3265,1789654131.674105644,0.000000000,1,1,0,0,1,1,-6.003499681,-6.861022666,1
3266,1789654131.684139729,0.000000000,1,1,0,0,1,1,-6.003499681,-6.861022666,1
3267,1789654131.694131136,0.000000000,1,1,0,0,1,1,-6.003499681,-6.861022666,1
3268,1789654131.704136848,0.000000000,1,1,0,0,1,1,-6.003499681,-6.861022666,1
3269,1789654131.714149237,0.000000000,1,1,0,0,1,1,-6.003499681,-6.861022666,1
3270,1789654131.724135160,0.000000000,1,1,0,0,1,1,-6.003499681,-6.861022666,1
3271,1789654131.734107018,0.000000000,1,1,0,0,1,1,-6.003499681,-6.861022666,1
3272,1789654131.744150639,0.000000000,1,1,0,0,1,1,-6.003499681,-6.861022666,1
3273,1789654131.754174709,0.000000000,1,1,0,0,1,1,-6.003499681,-6.861022666,1
3274,1789654131.764125109,0.000000000,1,1,0,0,1,1,-6.003499681,-6.861022666,1
3275,1789654131.774104595,0.000000000,1,1,0,0,1,1,-6.003499681,-6.861022666,1
3276,1789654131.784113646,0.000000000,1,1,0,0,1,1,-6.003499681,-6.861022666,1
3277,1789654131.794128418,0.000000000,1,1,0,0,1,1,-6.003499681,-6.861022666,1
3278,1789654131.804156303,0.000000000,1,1,0,0,1,1,-6.003499681,-6.861022666,1
3279,1789654131.814105034,0.000000000,1,1,0,0,1,1,-6.003499681,-6.861022666,1
3280,1789654131.824108839,0.000000000,1,1,0,0,1,1,-6.003499681,-6.861022666,1
3281,1789654131.834127903,0.000000000,1,1,0,0,1,1,-6.003499681,-6.861022666,1
3282,1789654131.844140768,0.000000000,1,1,0,0,1,1,-6.003499681,-6.861022666,1
3283,1789654131.854191065,0.000000000,1,1,0,0,1,1,-6.003499681,-6.861022666,1
3284,1789654131.864208698,0.000000000,1,1,0,0,1,1,-6.003499681,-6.861022666,1
3285,1789654131.874127865,0.000000000,1,1,0,0,1,1,-6.003499681,-6.861022666,1
3286,1789654131.884140968,0.000000000,1,1,0,0,1,1,-6.003499681,-6.861022666,1
3287,1789654131.894135475,0.000000000,1,1,0,0,1,1,-6.003499681,-6.861022666,1
3288,1789654131.904160261,0.000000000,1,1,0,0,1,1,-6.003499681,-6.861022666,1
3289,1789654131.914162636,0.000000000,1,1,0,0,1,1,-6.003499681,-6.861022666,1
3290,1789654131.924162626,0.000000000,1,1,0,0,1,1,-6.003499681,-6.861022666,1
3291,1789654131.934167385,0.000000000,1,1,0,0,1,1,-6.003499681,-6.861022666,1
3292,1789654131.944231272,0.000000000,1,1,0,0,1,1,-6.003499681,-6.861022666,1
3293,1789654131.954132557,0.000000000,1,1,0,0,1,1,-6.003499681,-6.861022666,1
3294,1789654131.964211464,0.000000000,1,1,0,0,1,1,-6.003499681,-6.861022666,1
3295,1789654131.974132299,0.000000000,1,1,0,0,1,1,-6.003499681,-6.861022666,1
3296,1789654131.984169483,0.000000000,1,1,0,0,1,1,-6.003499681,-6.861022666,1
3297,1789654131.994141340,0.000000000,1,1,0,0,1,1,-6.003499681,-6.861022666,1
3298,1789654132.004125595,0.000000000,1,1,0,0,1,1,-6.003499681,-6.861022666,1
3299,1789654132.014127016,0.000000000,1,1,0,0,1,1,-6.003499681,-6.861022666,1
3300,1789654132.024136305,0.000000000,1,1,0,0,1,1,-6.003499681,-6.861022666,1
3301,1789654132.034126520,0.000000000,1,1,0,0,1,1,-6.003499681,-6.861022666,1
3302,1789654132.044246197,0.000000000,1,1,0,0,1,1,-6.003499681,-6.861022666,1
3303,1789654132.054147005,0.000000000,1,0,0,0,1,3,-6.003499681,-6.861022666,1
3304,1789654132.064182281,0.000000000,1,0,0,0,1,3,-6.003499681,-6.861022666,1
3305,1789654132.074125528,0.000000000,1,0,0,0,1,3,-6.003499681,-6.861022666,1
3306,1789654132.084164619,0.000000000,1,0,0,0,1,3,-6.003499681,-6.861022666,1
3307,1789654132.094134808,0.000000000,1,0,0,0,1,3,-6.003499681,-6.861022666,1
3308,1789654132.104125977,0.000000000,1,0,0,0,1,3,-6.003499681,-6.861022666,1
3309,1789654132.114124060,0.500000000,1,0,0,0,1,3,-6.003499681,-6.861022666,1
3310,1789654132.124114037,0.500000000,1,0,0,0,1,3,-6.003499681,-6.861022666,1
3311,1789654132.134168386,0.500000000,1,0,0,0,1,3,-6.003499681,-6.861022666,1
3312,1789654132.144208431,0.500000000,1,0,0,0,1,3,-6.003499681,-6.861022666,1
3313,1789654132.154194117,0.500000000,1,0,0,0,1,3,-6.003499681,-6.861022666,1
3314,1789654132.164184809,0.500000000,1,0,0,0,1,3,-6.003499681,-6.861022666,1
3315,1789654132.174134016,0.500000000,1,0,0,0,1,3,-6.003499681,-6.861022666,1
3316,1789654132.184170485,0.500000000,1,0,0,0,1,3,-6.003499681,-6.861022666,1
3317,1789654132.194124460,0.500000000,1,0,0,0,1,3,-6.003499681,-6.861022666,1
3318,1789654132.204134226,0.500000000,1,0,0,0,1,3,-6.003499681,-6.861022666,1
3319,1789654132.214145184,0.500000000,1,0,0,0,1,3,-6.003499681,-6.861022666,1
3320,1789654132.224163055,0.500000000,1,0,0,0,1,3,-6.003499681,-6.861022666,1
3321,1789654132.234126091,0.500000000,1,0,0,0,1,3,-6.003499681,-6.861022666,1
3322,1789654132.244181395,0.500000000,1,0,0,0,1,3,-6.003499681,-6.861022666,1
3323,1789654132.254168272,0.500000000,1,0,0,0,1,3,-6.003499681,-6.861022666,1
3324,1789654132.264167309,0.500000000,1,0,0,0,1,3,-6.003499681,-6.861022666,1
3325,1789654132.274126530,0.500000000,1,0,0,0,1,3,-6.003499681,-6.861022666,1
3326,1789654132.284166336,0.500000000,1,0,0,0,1,3,-6.003499681,-6.861022666,1
3327,1789654132.294158936,0.500000000,1,0,0,0,1,3,-6.003499681,-6.861022666,1
3328,1789654132.304175377,0.500000000,1,0,0,0,1,3,-6.003499681,-6.861022666,1
3329,1789654132.314159155,0.500000000,1,0,0,0,1,3,-6.003499681,-6.861022666,1
3330,1789654132.324198246,0.500000000,1,0,0,0,1,3,-6.003499681,-6.861022666,1
3331,1789654132.334126711,0.500000000,1,0,0,0,1,3,-6.003499681,-6.861022666,1
3332,1789654132.344223976,0.500000000,1,0,0,0,1,3,-6.003499681,-6.861022666,1
3333,1789654132.354173899,0.500000000,1,0,0,0,1,3,-6.003499681,-6.861022666,1
3334,1789654132.364198208,0.500000000,1,0,0,0,1,3,-6.003499681,-6.861022666,1
3335,1789654132.374122143,0.500000000,1,0,0,0,1,3,-6.003499681,-6.861022666,1
3336,1789654132.384169579,0.500000000,1,0,0,0,1,3,-6.003499681,-6.861022666,1
3337,1789654132.394155502,0.500000000,1,0,0,0,1,3,-6.003499681,-6.861022666,1
3338,1789654132.404144049,0.500000000,1,0,0,0,1,3,-6.003499681,-6.861022666,1
3339,1789654132.414143324,0.500000000,1,0,0,0,1,3,-6.003499681,-6.861022666,1
3340,1789654132.424152136,0.500000000,1,0,0,0,1,3,-6.003499681,-6.861022666,1
3341,1789654132.434155703,0.500000000,1,0,0,0,1,3,-6.003499681,-6.861022666,1
3342,1789654132.444205999,0.500000000,1,0,0,0,1,3,-6.003499681,-6.861022666,1
3343,1789654132.454121828,0.500000000,1,0,0,0,1,3,-6.003499681,-6.861022666,1
3344,1789654132.464133024,0.500000000,1,0,0,0,1,3,-6.003499681,-6.861022666,1
3345,1789654132.474156857,0.500000000,1,0,0,0,1,3,-6.003499681,-6.861022666,1
3346,1789654132.484122038,0.500000000,1,0,0,0,1,3,-6.003499681,-6.861022666,1
3347,1789654132.494165659,0.500000000,1,0,0,0,1,3,-6.003499681,-6.861022666,1
3348,1789654132.504124641,0.500000000,1,0,0,0,1,3,-6.003499681,-6.861022666,1
3349,1789654132.514158964,0.500000000,1,0,0,0,1,3,-6.003499681,-6.861022666,1
3350,1789654132.524144173,0.500000000,1,0,0,0,1,3,-6.003499681,-6.861022666,1
3351,1789654132.534118414,0.500000000,1,0,0,0,1,3,-6.003499681,-6.861022666,1
3352,1789654132.544127703,0.500000000,1,0,0,0,1,3,-6.003499681,-6.861022666,1
3353,1789654132.554173946,0.500000000,1,0,0,0,1,3,-6.003499681,-6.861022666,1
3354,1789654132.564178944,0.500000000,1,0,0,0,1,3,-6.003499681,-6.861022666,1
3355,1789654132.574110031,0.500000000,1,0,0,0,1,3,-6.003499681,-6.879576000,1
3356,1789654132.584120512,0.500000000,1,0,0,0,1,3,-6.003499681,-6.879576000,1
3357,1789654132.594150066,0.500000000,1,0,0,0,1,3,-6.003499681,-6.879576000,1
3358,1789654132.604108095,0.500000000,1,0,0,0,1,3,-6.003499681,-6.879576000,1
3359,1789654132.614145279,0.500000000,1,0,0,0,1,3,-6.003499681,-6.879576000,1
3360,1789654132.624155760,0.500000000,1,0,0,0,1,3,-6.003499681,-6.879576000,1
3361,1789654132.634131193,0.500000000,1,0,0,0,1,3,-6.003499681,-6.879576000,1
3362,1789654132.644186974,0.500000000,1,0,0,0,1,3,-6.003499681,-6.879576000,1
3363,1789654132.654184341,0.500000000,1,0,0,0,1,3,-6.003499681,-6.879576000,1
3364,1789654132.664129019,0.500000000,1,0,0,0,1,3,-6.003499681,-6.879576000,1
3365,1789654132.674157381,0.500000000,1,0,0,0,1,3,-6.033015412,-6.879576000,1
3366,1789654132.684111834,0.500000000,1,0,0,0,1,3,-6.033015412,-6.879576000,1
3367,1789654132.694102526,0.500000000,1,0,0,0,1,3,-6.033015412,-6.879576000,1
3368,1789654132.704159498,0.500000000,1,0,0,0,1,3,-6.033015412,-6.879576000,1
3369,1789654132.714118481,0.500000000,1,0,0,0,1,3,-6.033015412,-6.879576000,1
3370,1789654132.724104643,0.500000000,1,0,0,0,1,3,-6.033015412,-6.879576000,1
3371,1789654132.734107018,0.500000000,1,0,0,0,1,3,-6.033015412,-6.879576000,1
3372,1789654132.744148970,0.500000000,1,0,0,0,1,3,-6.033015412,-6.879576000,1
3373,1789654132.754155874,0.500000000,1,0,0,0,1,3,-6.033015412,-6.879576000,1
3374,1789654132.764150381,0.500000000,1,0,0,0,1,3,-6.033015412,-6.879576000,1
3375,1789654132.774182320,0.500000000,1,0,0,0,1,3,-6.062531143,-6.898129333,1
3376,1789654132.784161091,0.500000000,1,0,0,0,1,3,-6.062531143,-6.898129333,1
3377,1789654132.794125795,0.500000000,1,0,0,0,1,3,-6.062531143,-6.898129333,1
3378,1789654132.804157972,0.500000000,1,0,0,0,1,3,-6.062531143,-6.898129333,1
3379,1789654132.814155579,0.500000000,1,0,0,0,1,3,-6.062531143,-6.898129333,1
3380,1789654132.824124336,0.500000000,1,0,0,0,1,3,-6.062531143,-6.898129333,1
3381,1789654132.834134340,0.500000000,1,0,0,0,1,3,-6.062531143,-6.898129333,1
3382,1789654132.844199419,0.500000000,1,0,0,0,1,3,-6.062531143,-6.898129333,1
3383,1789654132.854149580,0.500000000,1,0,0,0,1,3,-6.062531143,-6.898129333,1
3384,1789654132.864131927,0.500000000,1,0,0,0,1,3,-6.062531143,-6.898129333,1
3385,1789654132.874127150,0.500000000,1,0,0,0,1,3,-6.106804739,-6.916682666,1
3386,1789654132.903403521,0.500000000,1,0,0,0,1,3,-6.106804739,-6.916682666,1
3387,1789654132.903921604,0.500000000,1,0,0,0,1,3,-6.106804739,-6.916682666,1
3388,1789654132.904099226,0.500000000,1,0,0,0,1,3,-6.106804739,-6.916682666,1
3389,1789654132.914122581,0.500000000,1,0,0,0,1,3,-6.106804739,-6.916682666,1
3390,1789654132.924150229,0.500000000,1,0,0,0,1,3,-6.106804739,-6.916682666,1
3391,1789654132.934119701,0.500000000,1,0,0,0,1,3,-6.106804739,-6.916682666,1
3392,1789654132.944215298,0.500000000,1,0,0,0,1,3,-6.106804739,-6.916682666,1
3393,1789654132.954183340,0.500000000,1,0,0,0,1,3,-6.106804739,-6.916682666,1
3394,1789654132.964127541,0.500000000,1,0,0,0,1,3,-6.106804739,-6.916682666,1
3395,1789654132.974104166,0.500000000,1,0,0,0,1,3,-6.151078335,-6.935236000,1
3396,1789654132.984129429,0.500000000,1,0,0,0,1,3,-6.151078335,-6.935236000,1
3397,1789654132.994143009,0.500000000,1,0,0,0,1,3,-6.151078335,-6.935236000,1
3398,1789654133.004126787,0.500000000,1,0,0,0,1,3,-6.151078335,-6.935236000,1
3399,1789654133.014159679,0.500000000,1,0,0,0,1,3,-6.151078335,-6.935236000,1
3400,1789654133.024129629,0.500000000,1,0,0,0,1,3,-6.151078335,-6.935236000,1
3401,1789654133.034135818,0.500000000,1,0,0,0,1,3,-6.151078335,-6.935236000,1
3402,1789654133.044202566,0.500000000,1,0,0,0,1,3,-6.151078335,-6.935236000,1
3403,1789654133.054131985,0.500000000,1,0,0,0,1,3,-6.151078335,-6.935236000,1
3404,1789654133.064164877,0.500000000,1,0,0,0,1,3,-6.151078335,-6.935236000,1
3405,1789654133.074120998,0.500000000,1,0,0,0,1,3,-6.151078335,-6.935236000,1
3406,1789654133.084196091,0.500000000,1,0,0,0,1,3,-6.151078335,-6.935236000,1
3407,1789654133.094164371,0.500000000,1,0,0,0,1,3,-6.151078335,-6.935236000,1
3408,1789654133.104137182,0.500000000,1,0,0,0,1,3,-6.151078335,-6.935236000,1
3409,1789654133.114124060,0.500000000,1,0,0,0,1,3,-6.151078335,-6.935236000,1
3410,1789654133.124173403,0.500000000,1,0,0,0,1,3,-6.151078335,-6.935236000,1
3411,1789654133.134160280,0.500000000,1,0,0,0,1,3,-6.151078335,-6.935236000,1
3412,1789654133.144272566,0.500000000,1,0,0,0,1,3,-6.151078335,-6.935236000,1
3413,1789654133.154139042,0.500000000,1,0,0,0,1,3,-6.151078335,-6.935236000,1
3414,1789654133.164139986,0.500000000,1,0,0,0,1,3,-6.151078335,-6.935236000,1
3415,1789654133.174130201,0.500000000,1,0,0,0,1,3,-6.224867664,-6.935236000,1
3416,1789654133.184174299,0.500000000,1,0,0,0,1,3,-6.224867664,-6.935236000,1
3417,1789654133.194143772,0.500000000,1,0,0,0,1,3,-6.224867664,-6.935236000,1
3418,1789654133.204130888,0.500000000,1,0,0,0,1,3,-6.224867664,-6.935236000,1
3419,1789654133.214126825,0.500000000,1,0,0,0,1,3,-6.224867664,-6.935236000,1
3420,1789654133.224137783,0.500000000,1,0,0,0,1,3,-6.224867664,-6.935236000,1
3421,1789654133.234127760,0.500000000,1,0,0,0,1,3,-6.224867664,-6.935236000,1
3422,1789654133.244221687,0.500000000,1,0,0,0,1,3,-6.224867664,-6.935236000,1
3423,1789654133.254129171,0.500000000,1,0,0,0,1,3,-6.224867664,-6.935236000,1
3424,1789654133.264156342,0.500000000,1,0,0,0,1,3,-6.224867664,-6.935236000,1
3425,1789654133.274127960,0.500000000,1,0,0,0,1,3,-6.283899126,-6.953789334,1
3426,1789654133.284184933,0.500000000,1,0,0,0,1,3,-6.283899126,-6.953789334,1
3427,1789654133.294241190,0.500000000,1,0,0,0,1,3,-6.283899126,-6.953789334,1
3428,1789654133.304115772,0.500000000,1,0,0,0,1,3,-6.283899126,-6.953789334,1
3429,1789654133.314141989,0.500000000,1,0,0,0,1,3,-6.283899126,-6.953789334,1
3430,1789654133.324105263,0.500000000,1,0,0,0,1,3,-6.283899126,-6.953789334,1
3431,1789654133.334105015,0.500000000,1,0,0,0,1,3,-6.283899126,-6.953789334,1
3432,1789654133.344133139,0.500000000,1,0,0,0,1,3,-6.283899126,-6.953789334,1
3433,1789654133.354168892,0.500000000,1,0,0,0,1,3,-6.283899126,-6.953789334,1
3434,1789654133.364172220,0.500000000,1,0,0,0,1,3,-6.283899126,-6.953789334,1
3435,1789654133.374115944,0.500000000,1,0,0,0,1,3,-6.328172722,-6.972342667,1
3436,1789654133.384140491,0.500000000,1,0,0,0,1,3,-6.328172722,-6.972342667,1
3437,1789654133.394110203,0.500000000,1,0,0,0,1,3,-6.328172722,-6.972342667,1
3438,1789654133.404126406,0.500000000,1,0,0,0,1,3,-6.328172722,-6.972342667,1
3439,1789654133.414156437,0.500000000,1,0,0,0,1,3,-6.328172722,-6.972342667,1
3440,1789654133.424126863,0.500000000,1,0,0,0,1,3,-6.328172722,-6.972342667,1
3441,1789654133.434129715,0.500000000,1,0,0,0,1,3,-6.328172722,-6.972342667,1
3442,1789654133.444174290,0.500000000,1,0,0,0,1,3,-6.328172722,-6.972342667,1
3443,1789654133.454199076,0.500000000,1,0,0,0,1,3,-6.328172722,-6.972342667,1
3444,1789654133.464162111,0.500000000,1,0,0,0,1,3,-6.328172722,-6.972342667,1
3445,1789654133.474133253,0.500000000,1,0,0,0,1,3,-6.328172722,-6.972342667,1
3446,1789654133.484130621,0.500000000,1,0,0,0,1,3,-6.328172722,-6.972342667,1
3447,1789654133.494131565,0.500000000,1,0,0,0,1,3,-6.328172722,-6.972342667,1
3448,1789654133.504165411,0.500000000,1,0,0,0,1,3,-6.328172722,-6.972342667,1
3449,1789654133.514129877,0.500000000,1,0,0,0,1,3,-6.328172722,-6.972342667,1
3450,1789654133.524129391,0.500000000,1,0,0,0,1,3,-6.328172722,-6.972342667,1
3451,1789654133.534142494,0.500000000,1,0,0,0,1,3,-6.328172722,-6.972342667,1
3452,1789654133.544195414,0.500000000,1,0,0,0,1,3,-6.328172722,-6.972342667,1
3453,1789654133.554112434,0.500000000,1,0,0,0,1,3,-6.328172722,-6.972342667,1
3454,1789654133.564224958,0.500000000,1,0,0,0,1,3,-6.328172722,-6.972342667,1
3455,1789654133.574168921,0.500000000,1,0,0,0,1,3,-6.387204184,-6.990896000,1
3456,1789654133.584127426,0.500000000,1,0,0,0,1,3,-6.387204184,-6.990896000,1
3457,1789654133.594146252,0.500000000,1,0,0,0,1,3,-6.387204184,-6.990896000,1
3458,1789654133.604105949,0.500000000,1,0,0,0,1,3,-6.387204184,-6.990896000,1
3459,1789654133.614165545,0.500000000,1,0,0,0,1,3,-6.387204184,-6.990896000,1
3460,1789654133.624109983,0.500000000,1,0,0,0,1,3,-6.387204184,-6.990896000,1
3461,1789654133.634135246,0.500000000,1,0,0,0,1,3,-6.387204184,-6.990896000,1
3462,1789654133.644205570,0.500000000,1,0,0,0,1,3,-6.387204184,-6.990896000,1
3463,1789654133.654194355,0.500000000,1,0,0,0,1,3,-6.387204184,-6.990896000,1
3464,1789654133.664128542,0.500000000,1,0,0,0,1,3,-6.387204184,-6.990896000,1
3465,1789654133.674145937,0.500000000,1,0,0,0,1,3,-6.446235646,-6.990896000,1
3466,1789654133.684136152,0.500000000,1,0,0,0,1,3,-6.446235646,-6.990896000,1
3467,1789654133.694131613,0.500000000,1,0,0,0,1,3,-6.446235646,-6.990896000,1
3468,1789654133.704172611,0.500000000,1,0,0,0,1,3,-6.446235646,-6.990896000,1
3469,1789654133.714133978,0.500000000,1,0,0,0,1,3,-6.446235646,-6.990896000,1
3470,1789654133.724106789,0.500000000,1,0,0,0,1,3,-6.446235646,-6.990896000,1
3471,1789654133.734137058,0.500000000,1,0,0,0,1,3,-6.446235646,-6.990896000,1
3472,1789654133.744165182,0.500000000,1,0,0,0,1,3,-6.446235646,-6.990896000,1
3473,1789654133.754151106,0.500000000,1,0,0,0,1,3,-6.446235646,-6.990896000,1
3474,1789654133.764124632,0.500000000,1,0,0,0,1,3,-6.446235646,-6.990896000,1
3475,1789654133.774190426,0.500000000,1,0,0,0,1,3,-6.505267107,-7.028002667,1
3476,1789654133.784134865,0.500000000,1,0,0,0,1,3,-6.505267107,-7.028002667,1
3477,1789654133.794106483,0.500000000,1,0,0,0,1,3,-6.505267107,-7.028002667,1
3478,1789654133.804121256,0.500000000,1,0,0,0,1,3,-6.505267107,-7.028002667,1
3479,1789654133.814137936,0.500000000,1,0,0,0,1,3,-6.505267107,-7.028002667,1
3480,1789654133.824144125,0.500000000,1,0,0,0,1,3,-6.505267107,-7.028002667,1
3481,1789654133.834130764,0.500000000,1,0,0,0,1,3,-6.505267107,-7.028002667,1
3482,1789654133.844112635,0.500000000,1,0,0,0,1,3,-6.505267107,-7.028002667,1
3483,1789654133.854145765,0.500000000,1,0,0,0,1,3,-6.505267107,-7.028002667,1
3484,1789654133.864107847,0.500000000,1,0,0,0,1,3,-6.505267107,-7.028002667,1
3485,1789654133.874111414,0.500000000,1,0,0,0,1,3,-6.549540704,-7.046556000,1
3486,1789654133.884150743,0.500000000,1,0,0,0,1,3,-6.549540704,-7.046556000,1
3487,1789654133.894127846,0.500000000,1,0,0,0,1,3,-6.549540704,-7.046556000,1
3488,1789654133.904160500,0.500000000,1,0,0,0,1,3,-6.549540704,-7.046556000,1
3489,1789654133.914157629,0.500000000,1,0,0,0,1,3,-6.549540704,-7.046556000,1
3490,1789654133.924134254,0.500000000,1,0,0,0,1,3,-6.549540704,-7.046556000,1
3491,1789654133.934120655,0.500000000,1,0,0,0,1,3,-6.549540704,-7.046556000,1
3492,1789654133.944173336,0.500000000,1,0,0,0,1,3,-6.549540704,-7.046556000,1
3493,1789654133.954128027,0.500000000,1,0,0,0,1,3,-6.549540704,-7.046556000,1
3494,1789654133.964107752,0.500000000,1,0,0,0,1,3,-6.549540704,-7.046556000,1
3495,1789654133.974140167,0.500000000,1,0,0,0,1,3,-6.549540704,-7.046556000,1
3496,1789654133.984123707,0.500000000,1,0,0,0,1,3,-6.549540704,-7.046556000,1
3497,1789654133.994115114,0.500000000,1,0,0,0,1,3,-6.549540704,-7.046556000,1
3498,1789654134.004156828,0.500000000,1,0,0,0,1,3,-6.549540704,-7.046556000,1
3499,1789654134.014121056,0.500000000,1,0,0,0,1,3,-6.549540704,-7.046556000,1
3500,1789654134.024120092,0.500000000,1,0,0,0,1,3,-6.549540704,-7.046556000,1
3501,1789654134.034137011,0.500000000,1,0,0,0,1,3,-6.549540704,-7.046556000,1
3502,1789654134.044158936,0.500000000,1,0,0,0,1,3,-6.549540704,-7.046556000,1
3503,1789654134.054111004,0.500000000,1,0,0,0,1,3,-6.549540704,-7.046556000,1
3504,1789654134.064107895,0.500000000,1,0,0,0,1,3,-6.549540704,-7.046556000,1
3505,1789654134.074110746,0.500000000,1,0,0,0,1,3,-6.593814300,-7.083662667,1
3506,1789654134.084150791,0.500000000,1,0,0,0,1,3,-6.593814300,-7.083662667,1
3507,1789654134.094138384,0.500000000,1,0,0,0,1,3,-6.593814300,-7.083662667,1
3508,1789654134.104133844,0.500000000,1,0,0,0,1,3,-6.593814300,-7.083662667,1
3509,1789654134.114125729,0.500000000,1,0,0,0,1,3,-6.593814300,-7.083662667,1
3510,1789654134.124114275,0.500000000,1,0,0,0,1,3,-6.593814300,-7.083662667,1
3511,1789654134.134104252,0.500000000,1,0,0,0,1,3,-6.593814300,-7.083662667,1
3512,1789654134.144177198,0.500000000,1,0,0,0,1,3,-6.593814300,-7.083662667,1
3513,1789654134.154128551,0.500000000,1,0,0,0,1,3,-6.593814300,-7.083662667,1
3514,1789654134.164124012,0.500000000,1,0,0,0,1,3,-6.593814300,-7.083662667,1
3515,1789654134.174169064,0.500000000,1,0,0,0,1,3,-6.638087896,-7.083662667,1
3516,1789654134.184132338,0.500000000,1,0,0,0,1,3,-6.638087896,-7.083662667,1
3517,1789654134.194112539,0.500000000,1,0,0,0,1,3,-6.638087896,-7.083662667,1
3518,1789654134.204108238,0.500000000,1,0,0,0,1,3,-6.638087896,-7.083662667,1
3519,1789654134.214160204,0.500000000,1,0,0,0,1,3,-6.638087896,-7.083662667,1
3520,1789654134.224107742,0.500000000,1,0,0,0,1,3,-6.638087896,-7.083662667,1
3521,1789654134.234118223,0.500000000,1,0,0,0,1,3,-6.638087896,-7.083662667,1
3522,1789654134.244184017,0.500000000,1,0,0,0,1,3,-6.638087896,-7.083662667,1
3523,1789654134.254108906,0.500000000,1,0,0,0,1,3,-6.638087896,-7.083662667,1
3524,1789654134.264137268,0.500000000,1,0,0,0,1,3,-6.638087896,-7.083662667,1
3525,1789654134.274177790,0.500000000,1,0,0,0,1,3,-6.682361494,-7.120769333,1
3526,1789654134.284132957,0.500000000,1,0,0,0,1,3,-6.682361494,-7.120769333,1
3527,1789654134.294112444,0.500000000,1,0,0,0,1,3,-6.682361494,-7.120769333,1
3528,1789654134.304158926,0.500000000,1,0,0,0,1,3,-6.682361494,-7.120769333,1
3529,1789654134.314176321,0.500000000,1,0,0,0,1,3,-6.682361494,-7.120769333,1
3530,1789654134.324099064,0.500000000,1,0,0,0,1,3,-6.682361494,-7.120769333,1
3531,1789654134.334133148,0.500000000,1,0,0,0,1,3,-6.682361494,-7.120769333,1
3532,1789654134.344113350,0.500000000,1,0,0,0,1,3,-6.682361494,-7.120769333,1
3533,1789654134.354120016,0.500000000,1,0,0,0,1,3,-6.682361494,-7.120769333,1
3534,1789654134.364146709,0.500000000,1,0,0,0,1,3,-6.682361494,-7.120769333,1
3535,1789654134.374113798,0.500000000,1,0,0,0,1,3,-6.682361494,-7.120769333,1
3536,1789654134.384134054,0.500000000,1,0,0,0,1,3,-6.682361494,-7.120769333,1
3537,1789654134.394183874,0.500000000,1,0,0,0,1,3,-6.682361494,-7.120769333,1
3538,1789654134.404156685,0.500000000,1,0,0,0,1,3,-6.682361494,-7.120769333,1
3539,1789654134.414155483,0.500000000,1,0,0,0,1,3,-6.682361494,-7.120769333,1
3540,1789654134.424104452,0.500000000,1,0,0,0,1,3,-6.682361494,-7.120769333,1
3541,1789654134.434134245,0.500000000,1,0,0,0,1,3,-6.682361494,-7.120769333,1
3542,1789654134.444159746,0.500000000,1,0,0,0,1,3,-6.682361494,-7.120769333,1
3543,1789654134.454173326,0.500000000,1,0,0,0,1,3,-6.682361494,-7.120769333,1
3544,1789654134.464183807,0.500000000,1,0,0,0,1,3,-6.682361494,-7.120769333,1
3545,1789654134.474109650,0.500000000,1,0,0,0,1,3,-6.711877225,-7.157876000,1
3546,1789654134.484136820,0.500000000,1,0,0,0,1,3,-6.711877225,-7.157876000,1
3547,1789654134.494173765,0.500000000,1,0,0,0,1,3,-6.711877225,-7.157876000,1
3548,1789654134.504128933,0.500000000,1,0,0,0,1,3,-6.711877225,-7.157876000,1
3549,1789654134.514162064,0.500000000,1,0,0,0,1,3,-6.711877225,-7.157876000,1
3550,1789654134.524128437,0.500000000,1,0,0,0,1,3,-6.711877225,-7.157876000,1
3551,1789654134.534112453,0.500000000,1,0,0,0,1,3,-6.711877225,-7.157876000,1
3552,1789654134.544186115,0.500000000,1,0,0,0,1,3,-6.711877225,-7.157876000,1
3553,1789654134.554134607,0.500000000,1,0,0,0,1,3,-6.711877225,-7.157876000,1
3554,1789654134.564128399,0.500000000,1,0,0,0,1,3,-6.711877225,-7.157876000,1
3555,1789654134.574190617,0.500000000,1,0,0,0,1,3,-6.756150821,-7.194982666,1
3556,1789654134.584137917,0.500000000,1,0,0,0,1,3,-6.756150821,-7.194982666,1
3557,1789654134.594113111,0.500000000,1,0,0,0,1,3,-6.756150821,-7.194982666,1
3558,1789654134.604119778,0.500000000,1,0,0,0,1,3,-6.756150821,-7.194982666,1
3559,1789654134.614123106,0.500000000,1,0,0,0,1,3,-6.756150821,-7.194982666,1
3560,1789654134.624115467,0.500000000,1,0,0,0,1,3,-6.756150821,-7.194982666,1
3561,1789654134.634115696,0.500000000,1,0,0,0,1,3,-6.756150821,-7.194982666,1
3562,1789654134.644190311,0.500000000,1,0,0,0,1,3,-6.756150821,-7.194982666,1
3563,1789654134.654131889,0.500000000,1,0,0,0,1,3,-6.756150821,-7.194982666,1
3564,1789654134.664131165,0.500000000,1,0,0,0,1,3,-6.756150821,-7.194982666,1
3565,1789654134.674127817,0.500000000,1,0,0,0,1,3,-6.785666552,-7.232089333,1
3566,1789654134.684122086,0.500000000,1,0,0,0,1,3,-6.785666552,-7.232089333,1
3567,1789654134.694161892,0.500000000,1,0,0,0,1,3,-6.785666552,-7.232089333,1
3568,1789654134.704122305,0.500000000,1,0,0,0,1,3,-6.785666552,-7.232089333,1
3569,1789654134.714140892,0.500000000,1,0,0,0,1,3,-6.785666552,-7.232089333,1
3570,1789654134.724156857,0.500000000,1,0,0,0,1,3,-6.785666552,-7.232089333,1
3571,1789654134.734126329,0.500000000,1,0,0,0,1,3,-6.785666552,-7.232089333,1
3572,1789654134.744207859,0.500000000,1,0,0,0,1,3,-6.785666552,-7.232089333,1
3573,1789654134.754178762,0.500000000,1,0,0,0,1,3,-6.785666552,-7.232089333,1
3574,1789654134.764143944,0.500000000,1,0,0,0,1,3,-6.785666552,-7.232089333,1
3575,1789654134.774132729,0.500000000,1,0,0,0,1,3,-6.829940149,-7.287749334,1
3576,1789654134.784164906,0.500000000,1,0,0,0,1,3,-6.829940149,-7.287749334,1
3577,1789654134.794136286,0.500000000,1,0,0,0,1,3,-6.829940149,-7.287749334,1
3578,1789654134.804127216,0.500000000,1,0,0,0,1,3,-6.829940149,-7.287749334,1
3579,1789654134.814162254,0.500000000,1,0,0,0,1,3,-6.829940149,-7.287749334,1
3580,1789654134.824116707,0.500000000,1,0,0,0,1,3,-6.829940149,-7.287749334,1
3581,1789654134.834156036,0.500000000,1,0,0,0,1,3,-6.829940149,-7.287749334,1
3582,1789654134.844161987,0.500000000,1,0,0,0,1,3,-6.829940149,-7.287749334,1
3583,1789654134.854183912,0.500000000,1,0,0,0,1,3,-6.829940149,-7.287749334,1
3584,1789654134.864132881,0.500000000,1,0,0,0,1,3,-6.829940149,-7.287749334,1
3585,1789654134.874123096,0.500000000,1,0,0,0,1,3,-6.859455880,-7.324856000,1
3586,1789654134.884191513,0.500000000,1,0,0,0,1,3,-6.859455880,-7.324856000,1
3587,1789654134.894156218,0.500000000,1,0,0,0,1,3,-6.859455880,-7.324856000,1
3588,1789654134.904205799,0.500000000,1,0,0,0,1,3,-6.859455880,-7.324856000,1
3589,1789654134.914173603,0.500000000,1,0,0,0,1,3,-6.859455880,-7.324856000,1
3590,1789654134.924113512,0.500000000,1,0,0,0,1,3,-6.859455880,-7.324856000,1
3591,1789654134.934148788,0.500000000,1,0,0,0,1,3,-6.859455880,-7.324856000,1
3592,1789654134.944171190,0.500000000,1,0,0,0,1,3,-6.859455880,-7.324856000,1
3593,1789654134.954140186,0.500000000,1,0,0,0,1,3,-6.859455880,-7.324856000,1
3594,1789654134.964133739,0.500000000,1,0,0,0,1,3,-6.859455880,-7.324856000,1
3595,1789654134.974211693,0.500000000,1,0,0,0,1,3,-6.859455880,-7.324856000,1
3596,1789654134.984172821,0.500000000,1,0,0,0,1,3,-6.859455880,-7.324856000,1
3597,1789654134.994179249,0.500000000,1,0,0,0,1,3,-6.859455880,-7.324856000,1
3598,1789654135.004135609,0.500000000,1,0,0,0,1,3,-6.859455880,-7.324856000,1
3599,1789654135.014169931,0.500000000,1,0,0,0,1,3,-6.859455880,-7.324856000,1
3600,1789654135.024132490,0.500000000,1,0,0,0,1,3,-6.859455880,-7.324856000,1
3601,1789654135.034125328,0.500000000,1,0,0,0,1,3,-6.859455880,-7.324856000,1
3602,1789654135.044145584,0.500000000,1,0,0,0,1,3,-6.859455880,-7.324856000,1
3603,1789654135.054197073,0.500000000,1,0,0,0,1,3,-6.859455880,-7.324856000,1
3604,1789654135.064126492,0.500000000,1,0,0,0,1,3,-6.859455880,-7.324856000,1
3605,1789654135.074197769,0.500000000,1,0,0,0,1,3,-6.903729476,-7.361962667,1
3606,1789654135.084141493,0.500000000,1,0,0,0,1,3,-6.903729476,-7.361962667,1
3607,1789654135.094202518,0.500000000,1,0,0,0,1,3,-6.903729476,-7.361962667,1
3608,1789654135.104120016,0.500000000,1,0,0,0,1,3,-6.903729476,-7.361962667,1
3609,1789654135.114158392,0.500000000,1,0,0,0,1,3,-6.903729476,-7.361962667,1
3610,1789654135.124117851,0.500000000,1,0,0,0,1,3,-6.903729476,-7.361962667,1
3611,1789654135.134158134,0.500000000,1,0,0,0,1,3,-6.903729476,-7.361962667,1
3612,1789654135.144208431,0.500000000,1,0,0,0,1,3,-6.903729476,-7.361962667,1
3613,1789654135.154161215,0.500000000,1,0,0,0,1,3,-6.903729476,-7.361962667,1
3614,1789654135.164118528,0.500000000,1,0,0,0,1,3,-6.903729476,-7.361962667,1
3615,1789654135.174133539,0.500000000,1,0,0,0,1,3,-6.933245207,-7.417622667,1
3616,1789654135.184187412,0.500000000,1,0,0,0,1,3,-6.933245207,-7.417622667,1
3617,1789654135.194172621,0.500000000,1,0,0,0,1,3,-6.933245207,-7.417622667,1
3618,1789654135.204122543,0.500000000,1,0,0,0,1,3,-6.933245207,-7.417622667,1
3619,1789654135.214124918,0.500000000,1,0,0,0,1,3,-6.933245207,-7.417622667,1
3620,1789654135.224175453,0.500000000,1,0,0,0,1,3,-6.933245207,-7.417622667,1
3621,1789654135.234164238,0.500000000,1,0,0,0,1,3,-6.933245207,-7.417622667,1
3622,1789654135.244182587,0.500000000,1,0,0,0,1,3,-6.933245207,-7.417622667,1
3623,1789654135.254190922,0.500000000,1,0,0,0,1,3,-6.933245207,-7.417622667,1
3624,1789654135.264192343,0.500000000,1,0,0,0,1,3,-6.933245207,-7.417622667,1
3625,1789654135.274127960,0.500000000,1,0,0,0,1,3,-6.977518803,-7.454729333,1
3626,1789654135.284129620,0.500000000,1,0,0,0,1,3,-6.977518803,-7.454729333,1
3627,1789654135.294137001,0.500000000,1,0,0,0,1,3,-6.977518803,-7.454729333,1
3628,1789654135.304123640,0.500000000,1,0,0,0,1,3,-6.977518803,-7.454729333,1
3629,1789654135.314173460,0.500000000,1,0,0,0,1,3,-6.977518803,-7.454729333,1
3630,1789654135.324108124,0.500000000,1,0,0,0,1,3,-6.977518803,-7.454729333,1
3631,1789654135.334115267,0.500000000,1,0,0,0,1,3,-6.977518803,-7.454729333,1
3632,1789654135.344140768,0.500000000,1,0,0,0,1,3,-6.977518803,-7.454729333,1
3633,1789654135.354154348,0.500000000,1,0,0,0,1,3,-6.977518803,-7.454729333,1
3634,1789654135.364137411,0.500000000,1,0,0,0,1,3,-6.977518803,-7.454729333,1
3635,1789654135.374186754,0.500000000,1,0,0,0,1,3,-6.992276669,-7.510389333,1
3636,1789654135.384185076,0.500000000,1,0,0,0,1,3,-6.992276669,-7.510389333,1
3637,1789654135.394159317,0.500000000,1,0,0,0,1,3,-6.992276669,-7.510389333,1
3638,1789654135.404128313,0.500000000,1,0,0,0,1,3,-6.992276669,-7.510389333,1
3639,1789654135.414145470,0.500000000,1,0,0,0,1,3,-6.992276669,-7.510389333,1
3640,1789654135.424139977,0.500000000,1,0,0,0,1,3,-6.992276669,-7.510389333,1
3641,1789654135.434126139,0.500000000,1,0,0,0,1,3,-6.992276669,-7.510389333,1
3642,1789654135.444242001,0.500000000,1,0,0,0,1,3,-6.992276669,-7.510389333,1
3643,1789654135.454123497,0.500000000,1,0,0,0,1,3,-6.992276669,-7.510389333,1
3644,1789654135.464137793,0.500000000,1,0,0,0,1,3,-6.992276669,-7.510389333,1
3645,1789654135.474125385,0.500000000,1,0,0,0,1,3,-6.992276669,-7.510389333,1
3646,1789654135.484127522,0.500000000,1,0,0,0,1,3,-6.992276669,-7.510389333,1
3647,1789654135.494129419,0.500000000,1,0,0,0,1,3,-6.992276669,-7.510389333,1
3648,1789654135.504118204,0.500000000,1,0,0,0,1,3,-6.992276669,-7.510389333,1
3649,1789654135.514186144,0.500000000,1,0,0,0,1,3,-6.992276669,-7.510389333,1
3650,1789654135.524167538,0.500000000,1,0,0,0,1,3,-6.992276669,-7.510389333,1
3651,1789654135.534125090,0.500000000,1,0,0,0,1,3,-6.992276669,-7.510389333,1
3652,1789654135.544235468,0.500000000,1,0,0,0,1,3,-6.992276669,-7.510389333,1
3653,1789654135.554155588,0.500000000,1,0,0,0,1,3,-6.992276669,-7.510389333,1
3654,1789654135.564158916,0.500000000,1,0,0,0,1,3,-6.992276669,-7.510389333,1
3655,1789654135.574114561,0.500000000,1,0,0,0,1,3,-7.021792400,-7.547496000,1
3656,1789654135.584137201,0.500000000,1,0,0,0,1,3,-7.021792400,-7.547496000,1
3657,1789654135.594117165,0.500000000,1,0,0,0,1,3,-7.021792400,-7.547496000,1
3658,1789654135.604164600,0.500000000,1,0,0,0,1,3,-7.021792400,-7.547496000,1
3659,1789654135.614156246,0.500000000,1,0,0,0,1,3,-7.021792400,-7.547496000,1
3660,1789654135.624154329,0.500000000,1,0,0,0,1,3,-7.021792400,-7.547496000,1
3661,1789654135.634164572,0.500000000,1,0,0,0,1,3,-7.021792400,-7.547496000,1
3662,1789654135.644174337,0.500000000,1,0,0,0,1,3,-7.021792400,-7.547496000,1
3663,1789654135.654131413,0.500000000,1,0,0,0,1,3,-7.021792400,-7.547496000,1
3664,1789654135.664126635,0.500000000,1,0,0,0,1,3,-7.021792400,-7.547496000,1
3665,1789654135.674181938,0.500000000,1,0,0,0,1,3,-7.066065996,-7.603156000,1
3666,1789654135.684177637,0.500000000,1,0,0,0,1,3,-7.066065996,-7.603156000,1
3667,1789654135.694129944,0.500000000,1,0,0,0,1,3,-7.066065996,-7.603156000,1
3668,1789654135.704123735,0.500000000,1,0,0,0,1,3,-7.066065996,-7.603156000,1
3669,1789654135.714175224,0.500000000,1,0,0,0,1,3,-7.066065996,-7.603156000,1
3670,1789654135.724102974,0.500000000,1,0,0,0,1,3,-7.066065996,-7.603156000,1
3671,1789654135.734138727,0.500000000,1,0,0,0,1,3,-7.066065996,-7.603156000,1
3672,1789654135.744207382,0.500000000,1,0,0,0,1,3,-7.066065996,-7.603156000,1
3673,1789654135.754131794,0.500000000,1,0,0,0,1,3,-7.066065996,-7.603156000,1
3674,1789654135.764140606,0.500000000,1,0,0,0,1,3,-7.066065996,-7.603156000,1
3675,1789654135.774205923,0.500000000,1,0,0,0,1,3,-7.095581727,-7.640262667,1
3676,1789654135.784130335,0.500000000,1,0,0,0,1,3,-7.095581727,-7.640262667,1
3677,1789654135.794131041,0.500000000,1,0,0,0,1,3,-7.095581727,-7.640262667,1
3678,1789654135.804113388,0.500000000,1,0,0,0,1,3,-7.095581727,-7.640262667,1
3679,1789654135.814153671,0.500000000,1,0,0,0,1,3,-7.095581727,-7.640262667,1
3680,1789654135.824106455,0.500000000,1,0,0,0,1,3,-7.095581727,-7.640262667,1
3681,1789654135.834158659,0.500000000,1,0,0,0,1,3,-7.095581727,-7.640262667,1
3682,1789654135.844184160,0.500000000,1,0,0,0,1,3,-7.095581727,-7.640262667,1
3683,1789654135.854177713,0.500000000,1,0,0,0,1,3,-7.095581727,-7.640262667,1
3684,1789654135.864118099,0.500000000,1,0,0,0,1,3,-7.095581727,-7.640262667,1
3685,1789654135.874103069,0.500000000,1,0,0,0,1,3,-7.139855323,-7.677369333,1
3686,1789654135.884133101,0.500000000,1,1,0,0,1,3,-7.139855323,-7.677369333,1
3687,1789654135.894116879,0.500000000,1,1,0,0,1,3,-7.139855323,-7.677369333,1
3688,1789654135.904152155,0.500000000,1,1,0,0,1,3,-7.139855323,-7.677369333,1
3689,1789654135.914150476,0.500000000,1,1,0,0,1,3,-7.139855323,-7.677369333,1
3690,1789654135.924123049,0.500000000,1,1,0,0,1,3,-7.139855323,-7.677369333,1
3691,1789654135.934164047,0.500000000,1,1,0,0,1,3,-7.139855323,-7.677369333,1
3692,1789654135.944177389,0.500000000,1,1,0,0,1,3,-7.139855323,-7.677369333,1
3693,1789654135.954126835,0.500000000,1,1,0,0,1,3,-7.139855323,-7.677369333,1
3694,1789654135.964168787,0.500000000,1,1,0,0,1,3,-7.139855323,-7.677369333,1
3695,1789654135.974156618,0.500000000,1,1,0,0,1,3,-7.139855323,-7.677369333,1
3696,1789654135.984135866,0.500000000,1,1,0,0,1,3,-7.139855323,-7.677369333,1
3697,1789654135.994132519,0.500000000,1,1,0,0,1,3,-7.139855323,-7.677369333,1
3698,1789654136.004173756,0.500000000,1,1,0,0,1,3,-7.139855323,-7.677369333,1
3699,1789654136.014142036,0.500000000,1,1,0,0,1,3,-7.139855323,-7.677369333,1
3700,1789654136.024086475,0.500000000,1,1,0,0,1,3,-7.139855323,-7.677369333,1
3701,1789654136.034132719,0.500000000,1,1,0,0,1,3,-7.139855323,-7.677369333,1
3702,1789654136.044170380,0.500000000,1,1,0,0,1,3,-7.139855323,-7.677369333,1
3703,1789654136.054129839,0.500000000,1,1,0,0,1,3,-7.139855323,-7.677369333,1
3704,1789654136.064171314,0.500000000,1,1,0,0,1,3,-7.139855323,-7.677369333,1
3705,1789654136.074125051,0.500000000,1,1,0,0,1,3,-7.169371054,-7.714476000,1
3706,1789654136.084136724,0.500000000,1,1,0,0,1,3,-7.169371054,-7.714476000,1
3707,1789654136.094129801,0.500000000,1,1,0,0,1,3,-7.169371054,-7.714476000,1
3708,1789654136.104148149,0.500000000,1,1,0,0,1,3,-7.169371054,-7.714476000,1
3709,1789654136.114159346,0.500000000,1,1,0,0,1,3,-7.169371054,-7.714476000,1
3710,1789654136.124135494,0.500000000,1,1,0,0,1,3,-7.169371054,-7.714476000,1
3711,1789654136.134107351,0.500000000,1,1,0,0,1,3,-7.169371054,-7.714476000,1
3712,1789654136.144131422,0.500000000,1,1,0,0,1,3,-7.169371054,-7.714476000,1
3713,1789654136.154174805,0.500000000,1,1,0,0,1,3,-7.169371054,-7.714476000,1
3714,1789654136.164124489,0.500000000,1,1,0,0,1,3,-7.169371054,-7.714476000,1
3715,1789654136.174107790,0.500000000,1,1,0,0,1,3,-7.213644652,-7.770136000,1
3716,1789654136.184132338,0.500000000,1,1,0,0,1,3,-7.213644652,-7.770136000,1
3717,1789654136.194160223,0.500000000,1,1,0,0,1,3,-7.213644652,-7.770136000,1
3718,1789654136.204165936,0.500000000,1,1,0,0,1,3,-7.213644652,-7.770136000,1
3719,1789654136.214101315,0.500000000,1,1,0,0,1,3,-7.213644652,-7.770136000,1
3720,1789654136.224098921,0.500000000,1,1,0,0,1,3,-7.213644652,-7.770136000,1
3721,1789654136.234106064,0.500000000,1,1,0,0,1,3,-7.213644652,-7.770136000,1
3722,1789654136.244174957,0.500000000,1,1,0,0,1,3,-7.213644652,-7.770136000,1
3723,1789654136.254148722,0.500000000,1,1,0,0,1,3,-7.213644652,-7.770136000,1
3724,1789654136.264125109,0.500000000,1,1,0,0,1,3,-7.213644652,-7.770136000,1
3725,1789654136.274183273,0.500000000,1,1,0,0,1,3,-7.272676113,-7.788689333,1
3726,1789654136.284153461,0.500000000,1,1,0,0,1,3,-7.272676113,-7.788689333,1
3727,1789654136.294153929,0.500000000,1,1,0,0,1,3,-7.272676113,-7.788689333,1
3728,1789654136.304139376,0.500000000,1,1,0,0,1,3,-7.272676113,-7.788689333,1
3729,1789654136.314163446,0.500000000,1,1,0,0,1,3,-7.272676113,-7.788689333,1
3730,1789654136.324124098,0.500000000,1,1,0,0,1,3,-7.272676113,-7.788689333,1
3731,1789654136.334107161,0.500000000,1,1,0,0,1,3,-7.272676113,-7.788689333,1
3732,1789654136.344163656,0.500000000,1,1,0,0,1,3,-7.272676113,-7.788689333,1
3733,1789654136.354153633,0.500000000,1,1,0,0,1,3,-7.272676113,-7.788689333,1
3734,1789654136.364150047,0.500000000,1,1,0,0,1,3,-7.272676113,-7.788689333,1
3735,1789654136.374114037,0.500000000,1,1,0,0,1,3,-7.272676113,-7.788689333,1
3736,1789654136.384130478,0.500000000,1,1,0,0,1,3,-7.272676113,-7.788689333,1
3737,1789654136.394107580,0.500000000,1,1,0,0,1,3,-7.272676113,-7.788689333,1
3738,1789654136.404114246,0.500000000,1,1,0,0,1,3,-7.272676113,-7.788689333,1
3739,1789654136.414156199,0.500000000,1,1,0,0,1,3,-7.272676113,-7.788689333,1
3740,1789654136.424103260,0.500000000,1,1,0,0,1,3,-7.272676113,-7.788689333,1
3741,1789654136.434145212,0.500000000,1,1,0,0,1,3,-7.272676113,-7.788689333,1
3742,1789654136.444156885,0.500000000,1,1,0,0,1,3,-7.272676113,-7.788689333,1
3743,1789654136.454109907,0.500000000,1,1,0,0,1,3,-7.272676113,-7.788689333,1
3744,1789654136.464143276,0.500000000,1,1,0,0,1,3,-7.272676113,-7.788689333,1
3745,1789654136.474125385,0.500000000,1,1,0,0,1,3,-7.331707575,-7.807242666,1
3746,1789654136.484135628,0.500000000,1,1,0,0,1,3,-7.331707575,-7.807242666,1
3747,1789654136.494127035,0.500000000,1,1,0,0,1,3,-7.331707575,-7.807242666,1
3748,1789654136.504119873,0.500000000,1,1,0,0,1,3,-7.331707575,-7.807242666,1
3749,1789654136.514134645,0.500000000,1,1,0,0,1,3,-7.331707575,-7.807242666,1
3750,1789654136.524141550,0.500000000,1,1,0,0,1,3,-7.331707575,-7.807242666,1
3751,1789654136.534119844,0.500000000,1,1,0,0,1,3,-7.331707575,-7.807242666,1
3752,1789654136.544153452,0.500000000,1,1,0,0,1,3,-7.331707575,-7.807242666,1
3753,1789654136.554128885,0.500000000,1,1,0,0,1,3,-7.331707575,-7.807242666,1
3754,1789654136.564143658,0.500000000,1,1,0,0,1,3,-7.331707575,-7.807242666,1
3755,1789654136.574139595,0.500000000,1,1,0,0,1,3,-7.361223306,-7.862902666,1
3756,1789654136.584116936,0.500000000,1,1,0,0,1,3,-7.361223306,-7.862902666,1
3757,1789654136.594131470,0.500000000,1,1,0,0,1,3,-7.361223306,-7.862902666,1
3758,1789654136.604108572,0.500000000,1,1,0,0,1,3,-7.361223306,-7.862902666,1
3759,1789654136.614157677,0.500000000,1,1,0,0,1,3,-7.361223306,-7.862902666,1
3760,1789654136.624122858,0.500000000,1,1,0,0,1,3,-7.361223306,-7.862902666,1
3761,1789654136.634128332,0.500000000,1,1,0,0,1,3,-7.361223306,-7.862902666,1
3762,1789654136.644132137,0.500000000,1,1,0,0,1,3,-7.361223306,-7.862902666,1
3763,1789654136.654147863,0.500000000,1,1,0,0,1,3,-7.361223306,-7.862902666,1
3764,1789654136.664134741,0.500000000,1,1,0,0,1,3,-7.361223306,-7.862902666,1
3765,1789654136.674110651,0.500000000,1,1,0,0,1,3,-7.405496903,-7.881456000,1
3766,1789654136.684112549,0.500000000,1,1,0,0,1,3,-7.405496903,-7.881456000,1
3767,1789654136.694138288,0.500000000,1,1,0,0,1,3,-7.405496903,-7.881456000,1
3768,1789654136.704113722,0.500000000,1,1,0,0,1,3,-7.405496903,-7.881456000,1
3769,1789654136.714139462,0.500000000,1,1,0,0,1,3,-7.405496903,-7.881456000,1
3770,1789654136.724119902,0.500000000,1,1,0,0,1,3,-7.405496903,-7.881456000,1
3771,1789654136.734157085,0.500000000,1,1,0,0,1,3,-7.405496903,-7.881456000,1
3772,1789654136.744109154,0.500000000,1,1,0,0,1,3,-7.405496903,-7.881456000,1
3773,1789654136.754135132,0.500000000,1,1,0,0,1,3,-7.405496903,-7.881456000,1
3774,1789654136.764127731,0.500000000,1,1,0,0,1,3,-7.405496903,-7.881456000,1
3775,1789654136.774110794,0.500000000,1,1,0,0,1,3,-7.449770499,-7.918562667,1
3776,1789654136.784134388,0.500000000,1,1,0,0,1,3,-7.449770499,-7.918562667,1
3777,1789654136.794145584,0.500000000,1,1,0,0,1,3,-7.449770499,-7.918562667,1
3778,1789654136.804124594,0.500000000,1,1,0,0,1,3,-7.449770499,-7.918562667,1
3779,1789654136.814118862,0.500000000,1,1,0,0,1,3,-7.449770499,-7.918562667,1
3780,1789654136.824131250,0.500000000,1,1,0,0,1,3,-7.449770499,-7.918562667,1
3781,1789654136.834145069,0.500000000,1,1,0,0,1,3,-7.449770499,-7.918562667,1
3782,1789654136.844196320,0.500000000,1,1,0,0,1,3,-7.449770499,-7.918562667,1
3783,1789654136.854133129,0.500000000,1,1,0,0,1,3,-7.449770499,-7.918562667,1
3784,1789654136.864125252,0.500000000,1,1,0,0,1,3,-7.449770499,-7.918562667,1
3785,1789654136.874100685,0.500000000,1,1,0,0,1,3,-7.494044095,-7.974222667,1
3786,1789654136.884129524,0.500000000,1,1,0,0,1,3,-7.494044095,-7.974222667,1
3787,1789654136.894181013,0.500000000,1,1,0,0,1,3,-7.494044095,-7.974222667,1
3788,1789654136.904125452,0.500000000,1,1,0,0,1,3,-7.494044095,-7.974222667,1
3789,1789654136.914140940,0.500000000,1,1,0,0,1,3,-7.494044095,-7.974222667,1
3790,1789654136.924135208,0.500000000,1,1,0,0,1,3,-7.494044095,-7.974222667,1
3791,1789654136.934124470,0.500000000,1,1,0,0,1,3,-7.494044095,-7.974222667,1
3792,1789654136.944199085,0.500000000,1,1,0,0,1,3,-7.494044095,-7.974222667,1
3793,1789654136.954162121,0.500000000,1,1,0,0,1,3,-7.494044095,-7.974222667,1
3794,1789654136.964164495,0.500000000,1,1,0,0,1,3,-7.494044095,-7.974222667,1
3795,1789654136.974116564,0.500000000,1,1,0,0,1,3,-7.494044095,-7.974222667,1
3796,1789654136.984148979,0.500000000,1,1,0,0,1,3,-7.494044095,-7.974222667,1
3797,1789654136.994173765,0.500000000,1,1,0,0,1,3,-7.494044095,-7.974222667,1
3798,1789654137.004137754,0.500000000,1,1,0,0,1,3,-7.494044095,-7.974222667,1
3799,1789654137.014163494,0.500000000,1,1,0,0,1,3,-7.494044095,-7.974222667,1
3800,1789654137.024172544,0.500000000,1,1,0,0,1,3,-7.494044095,-7.974222667,1
3801,1789654137.034140348,0.500000000,1,1,0,0,1,3,-7.494044095,-7.974222667,1
3802,1789654137.044200182,0.500000000,1,1,0,0,1,3,-7.494044095,-7.974222667,1
3803,1789654137.054128170,0.500000000,1,1,0,0,1,3,-7.494044095,-7.974222667,1
3804,1789654137.064140797,0.500000000,1,1,0,0,1,3,-7.494044095,-7.974222667,1
3805,1789654137.074115515,0.500000000,1,1,0,0,1,3,-7.538317692,-8.011329333,1
3806,1789654137.084125996,0.500000000,1,1,0,0,1,3,-7.538317692,-8.011329333,1
3807,1789654137.094139576,0.500000000,1,1,0,0,1,3,-7.538317692,-8.011329333,1
3808,1789654137.104123831,0.500000000,1,1,0,0,1,3,-7.538317692,-8.011329333,1
3809,1789654137.114120960,0.500000000,1,1,0,0,1,3,-7.538317692,-8.011329333,1
3810,1789654137.124117851,0.500000000,1,1,0,0,1,3,-7.538317692,-8.011329333,1
3811,1789654137.134131670,0.500000000,1,1,0,0,1,3,-7.538317692,-8.011329333,1
3812,1789654137.144206285,0.500000000,1,1,0,0,1,3,-7.538317692,-8.011329333,1
3813,1789654137.154128313,0.500000000,1,1,0,0,1,3,-7.538317692,-8.011329333,1
3814,1789654137.164142609,0.500000000,1,1,0,0,1,3,-7.538317692,-8.011329333,1
3815,1789654137.174116373,0.500000000,1,1,0,0,1,3,-7.553075557,-8.066989333,1
3816,1789654137.184173822,0.500000000,1,1,0,0,1,3,-7.553075557,-8.066989333,1
3817,1789654137.194126129,0.500000000,1,1,0,0,1,3,-7.553075557,-8.066989333,1
3818,1789654137.204121351,0.500000000,1,1,0,0,1,3,-7.553075557,-8.066989333,1
3819,1789654137.214164972,0.500000000,1,1,0,0,1,3,-7.553075557,-8.066989333,1
3820,1789654137.224128008,0.500000000,1,1,0,0,1,3,-7.553075557,-8.066989333,1
3821,1789654137.234192133,0.500000000,1,1,0,0,1,3,-7.553075557,-8.066989333,1
3822,1789654137.244165421,0.500000000,1,1,0,0,1,3,-7.553075557,-8.066989333,1
3823,1789654137.254146338,0.500000000,1,1,0,0,1,3,-7.553075557,-8.066989333,1
3824,1789654137.264128923,0.500000000,1,1,0,0,1,3,-7.553075557,-8.066989333,1
3825,1789654137.274131536,0.500000000,1,1,0,0,1,3,-7.582591288,-8.122649333,1
3826,1789654137.284122229,0.500000000,1,1,0,0,1,3,-7.582591288,-8.122649333,1
3827,1789654137.294182539,0.500000000,1,1,0,0,1,3,-7.582591288,-8.122649333,1
3828,1789654137.304150581,0.500000000,1,1,0,0,1,3,-7.582591288,-8.122649333,1
3829,1789654137.314170837,0.500000000,1,1,0,0,1,3,-7.582591288,-8.122649333,1
3830,1789654137.324129105,0.500000000,1,1,0,0,1,3,-7.582591288,-8.122649333,1
3831,1789654137.334129095,0.500000000,1,1,0,0,1,3,-7.582591288,-8.122649333,1
3832,1789654137.344147682,0.500000000,1,1,0,0,1,3,-7.582591288,-8.122649333,1
3833,1789654137.354117155,0.500000000,1,1,0,0,1,3,-7.582591288,-8.122649333,1
3834,1789654137.364104748,0.500000000,1,1,0,0,1,3,-7.582591288,-8.122649333,1
3835,1789654137.374128580,0.500000000,1,1,0,0,1,3,-7.612107019,-8.159756000,1
3836,1789654137.384128332,0.500000000,1,1,0,0,1,3,-7.612107019,-8.159756000,1
3837,1789654137.394140482,0.500000000,1,1,0,0,1,3,-7.612107019,-8.159756000,1
3838,1789654137.404128551,0.500000000,1,1,0,0,1,3,-7.612107019,-8.159756000,1
3839,1789654137.414160013,0.500000000,1,1,0,0,1,3,-7.612107019,-8.159756000,1
3840,1789654137.424139738,0.500000000,1,1,0,0,1,3,-7.612107019,-8.159756000,1
3841,1789654137.434126616,0.500000000,1,1,0,0,1,3,-7.612107019,-8.159756000,1
3842,1789654137.444132805,0.500000000,1,1,0,0,1,3,-7.612107019,-8.159756000,1
3843,1789654137.454117775,0.500000000,1,1,0,0,1,3,-7.612107019,-8.159756000,1
3844,1789654137.464120626,0.500000000,1,1,0,0,1,3,-7.612107019,-8.159756000,1
3845,1789654137.474134684,0.500000000,1,1,0,0,1,3,-7.612107019,-8.159756000,1
3846,1789654137.484113932,0.500000000,1,1,0,0,1,3,-7.612107019,-8.159756000,1
3847,1789654137.494140387,0.500000000,1,1,0,0,1,3,-7.612107019,-8.159756000,1
3848,1789654137.504138947,0.500000000,1,1,0,0,1,3,-7.612107019,-8.159756000,1
3849,1789654137.514166117,0.500000000,1,1,0,0,1,3,-7.612107019,-8.159756000,1
3850,1789654137.524131060,0.500000000,1,1,0,0,1,3,-7.612107019,-8.159756000,1
3851,1789654137.534132004,0.500000000,1,1,0,0,1,3,-7.612107019,-8.159756000,1
3852,1789654137.544196367,0.500000000,1,1,0,0,1,3,-7.612107019,-8.159756000,1
3853,1789654137.554204464,0.500000000,1,1,0,0,1,3,-7.612107019,-8.159756000,1
3854,1789654137.564128160,0.500000000,1,1,0,0,1,3,-7.612107019,-8.159756000,1
3855,1789654137.574114799,0.500000000,1,1,0,0,1,3,-7.626864884,-8.215416000,1
3856,1789654137.584101439,0.500000000,1,1,0,0,1,3,-7.626864884,-8.215416000,1
3857,1789654137.594125032,0.500000000,1,1,0,0,1,3,-7.626864884,-8.215416000,1
3858,1789654137.604147196,0.500000000,1,1,0,0,1,3,-7.626864884,-8.215416000,1
3859,1789654137.614151478,0.500000000,1,1,0,0,1,3,-7.626864884,-8.215416000,1
3860,1789654137.624120235,0.500000000,1,1,0,0,1,3,-7.626864884,-8.215416000,1
3861,1789654137.634124994,0.500000000,1,1,0,0,1,3,-7.626864884,-8.215416000,1
3862,1789654137.644135952,0.500000000,1,1,0,0,1,3,-7.626864884,-8.215416000,1
3863,1789654137.654159784,0.500000000,1,1,0,0,1,3,-7.626864884,-8.215416000,1
3864,1789654137.664169550,0.500000000,1,1,0,0,1,3,-7.626864884,-8.215416000,1
3865,1789654137.674127817,0.500000000,1,1,0,0,1,3,-7.671138481,-8.271076000,1
3866,1789654137.684164524,0.500000000,1,1,0,0,1,3,-7.671138481,-8.271076000,1
3867,1789654137.694138050,0.500000000,1,1,0,0,1,3,-7.671138481,-8.271076000,1
3868,1789654137.704180002,0.500000000,1,1,0,0,1,3,-7.671138481,-8.271076000,1
3869,1789654137.714129448,0.500000000,1,1,0,0,1,3,-7.671138481,-8.271076000,1
3870,1789654137.724124193,0.500000000,1,1,0,0,1,3,-7.671138481,-8.271076000,1
3871,1789654137.734131575,0.500000000,1,1,0,0,1,3,-7.671138481,-8.271076000,1
3872,1789654137.744211912,0.500000000,1,1,0,0,1,3,-7.671138481,-8.271076000,1
3873,1789654137.754203320,0.500000000,1,1,0,0,1,3,-7.671138481,-8.271076000,1
3874,1789654137.764120817,0.500000000,1,1,0,0,1,3,-7.671138481,-8.271076000,1
3875,1789654137.774126530,0.500000000,1,1,0,0,1,3,-7.700654213,-8.326736000,1
3876,1789654137.784176588,0.500000000,1,1,0,0,1,3,-7.700654213,-8.326736000,1
3877,1789654137.794141293,0.500000000,1,1,0,0,1,3,-7.700654213,-8.326736000,1
3878,1789654137.804201126,0.500000000,1,1,0,0,1,3,-7.700654213,-8.326736000,1
3879,1789654137.814148664,0.500000000,1,1,0,0,1,3,-7.700654213,-8.326736000,1
3880,1789654137.824120522,0.500000000,1,1,0,0,1,3,-7.700654213,-8.326736000,1
3881,1789654137.834130764,0.500000000,1,1,0,0,1,3,-7.700654213,-8.326736000,1
3882,1789654137.844147205,0.500000000,1,1,0,0,1,3,-7.700654213,-8.326736000,1
3883,1789654137.854204178,0.500000000,1,1,0,0,1,3,-7.700654213,-8.326736000,1
3884,1789654137.864200115,0.500000000,1,1,0,0,1,3,-7.700654213,-8.326736000,1
3885,1789654137.874118567,0.500000000,1,1,0,0,1,3,-7.744927809,-8.363842667,1
3886,1789654137.884200096,0.500000000,1,1,0,0,1,3,-7.744927809,-8.363842667,1
3887,1789654137.894135475,0.500000000,1,1,0,0,1,3,-7.744927809,-8.363842667,1
3888,1789654137.904124498,0.500000000,1,1,0,0,1,3,-7.744927809,-8.363842667,1
3889,1789654137.914125204,0.500000000,1,1,0,0,1,3,-7.744927809,-8.363842667,1
3890,1789654137.924142122,0.500000000,1,1,0,0,1,3,-7.744927809,-8.363842667,1
3891,1789654137.934190512,0.500000000,1,1,0,0,1,3,-7.744927809,-8.363842667,1
3892,1789654137.944262743,0.500000000,1,1,0,0,1,3,-7.744927809,-8.363842667,1
3893,1789654137.954138517,0.500000000,1,1,0,0,1,3,-7.744927809,-8.363842667,1
3894,1789654137.964131117,0.500000000,1,1,0,0,1,3,-7.744927809,-8.363842667,1
3895,1789654137.974133492,0.500000000,1,1,0,0,1,3,-7.744927809,-8.363842667,1
3896,1789654137.984172344,0.500000000,1,1,0,0,1,3,-7.744927809,-8.363842667,1
3897,1789654137.994143963,0.500000000,1,1,0,0,1,3,-7.744927809,-8.363842667,1
3898,1789654138.004163027,0.500000000,1,1,0,0,1,3,-7.744927809,-8.363842667,1
3899,1789654138.014172077,0.500000000,1,1,0,0,1,3,-7.744927809,-8.363842667,1
3900,1789654138.024163723,0.500000000,1,1,0,0,1,3,-7.744927809,-8.363842667,1
3901,1789654138.034156799,0.500000000,1,1,0,0,1,3,-7.744927809,-8.363842667,1
3902,1789654138.044150591,0.500000000,1,1,0,0,1,3,-7.744927809,-8.363842667,1
3903,1789654138.054139614,0.500000000,1,1,0,0,1,3,-7.744927809,-8.363842667,1
3904,1789654138.064167023,0.500000000,1,1,0,0,1,3,-7.744927809,-8.363842667,1
3905,1789654138.074121714,0.500000000,1,1,0,0,1,3,-7.774443540,-8.400949333,1
3906,1789654138.084167957,0.500000000,1,1,0,0,1,3,-7.774443540,-8.400949333,1
3907,1789654138.094173193,0.500000000,1,1,0,0,1,3,-7.774443540,-8.400949333,1
3908,1789654138.104158640,0.500000000,1,1,0,0,1,3,-7.774443540,-8.400949333,1
3909,1789654138.114154577,0.500000000,1,1,0,0,1,3,-7.774443540,-8.400949333,1
3910,1789654138.124148846,0.500000000,1,1,0,0,1,3,-7.774443540,-8.400949333,1
3911,1789654138.134132147,0.500000000,1,1,0,0,1,3,-7.774443540,-8.400949333,1
3912,1789654138.144250154,0.500000000,1,1,0,0,1,3,-7.774443540,-8.400949333,1
3913,1789654138.154135466,0.500000000,1,1,0,0,1,3,-7.774443540,-8.400949333,1
3914,1789654138.164133787,0.500000000,1,1,0,0,1,3,-7.774443540,-8.400949333,1
3915,1789654138.174123526,0.500000000,1,1,0,0,1,3,-7.818717136,-8.438056000,1
3916,1789654138.184203148,0.500000000,1,1,0,0,1,3,-7.818717136,-8.438056000,1
3917,1789654138.194145679,0.500000000,1,1,0,0,1,3,-7.818717136,-8.438056000,1
3918,1789654138.204134226,0.500000000,1,1,0,0,1,3,-7.818717136,-8.438056000,1
3919,1789654138.214154243,0.500000000,1,1,0,0,1,3,-7.818717136,-8.438056000,1
3920,1789654138.224114895,0.500000000,1,1,0,0,1,3,-7.818717136,-8.438056000,1
3921,1789654138.234166861,0.500000000,1,1,0,0,1,3,-7.818717136,-8.438056000,1
3922,1789654138.244144917,0.500000000,1,1,0,0,1,3,-7.818717136,-8.438056000,1
3923,1789654138.254148722,0.500000000,1,1,0,0,1,3,-7.818717136,-8.438056000,1
3924,1789654138.264171839,0.500000000,1,1,0,0,1,3,-7.818717136,-8.438056000,1
3925,1789654138.274114370,0.500000000,1,1,0,0,1,3,-7.877748598,-8.493716000,1
3926,1789654138.284122467,0.500000000,1,1,0,0,1,3,-7.877748598,-8.493716000,1
3927,1789654138.294121504,0.500000000,1,1,0,0,1,3,-7.877748598,-8.493716000,1
3928,1789654138.304178476,0.500000000,1,1,0,0,1,3,-7.877748598,-8.493716000,1
3929,1789654138.314159870,0.500000000,1,1,0,0,1,3,-7.877748598,-8.493716000,1
3930,1789654138.324124336,0.500000000,1,1,0,0,1,3,-7.877748598,-8.493716000,1
3931,1789654138.334169626,0.500000000,1,1,0,0,1,3,-7.877748598,-8.493716000,1
3932,1789654138.344141245,0.500000000,1,1,0,0,1,3,-7.877748598,-8.493716000,1
3933,1789654138.354155779,0.500000000,1,1,0,0,1,3,-7.877748598,-8.493716000,1
3934,1789654138.364178419,0.500000000,1,1,0,0,1,3,-7.877748598,-8.493716000,1
3935,1789654138.374125481,0.500000000,1,1,0,0,1,3,-7.877748598,-8.493716000,1
3936,1789654138.384190321,0.500000000,1,1,0,0,1,3,-7.877748598,-8.493716000,1
3937,1789654138.394164562,0.500000000,1,1,0,0,1,3,-7.877748598,-8.493716000,1
3938,1789654138.404124498,0.500000000,1,1,0,0,1,3,-7.877748598,-8.493716000,1
3939,1789654138.414126873,0.500000000,1,1,0,0,1,3,-7.877748598,-8.493716000,1
3940,1789654138.424143314,0.500000000,1,1,0,0,1,3,-7.877748598,-8.493716000,1
3941,1789654138.434165239,0.500000000,1,1,0,0,1,3,-7.877748598,-8.493716000,1
3942,1789654138.444262743,0.500000000,1,1,0,0,1,3,-7.877748598,-8.493716000,1
3943,1789654138.454128981,0.500000000,1,1,0,0,1,3,-7.877748598,-8.493716000,1
3944,1789654138.464175701,0.500000000,1,1,0,0,1,3,-7.877748598,-8.493716000,1
3945,1789654138.474172115,0.500000000,1,1,0,0,1,3,-7.936780060,-8.512269334,1
3946,1789654138.484129906,0.500000000,1,1,0,0,1,3,-7.936780060,-8.512269334,1
3947,1789654138.494150162,0.500000000,1,1,0,0,1,3,-7.936780060,-8.512269334,1
3948,1789654138.504106283,0.500000000,1,1,0,0,1,3,-7.936780060,-8.512269334,1
3949,1789654138.514168739,0.500000000,1,1,0,0,1,3,-7.936780060,-8.512269334,1
3950,1789654138.524124861,0.500000000,1,1,0,0,1,3,-7.936780060,-8.512269334,1
3951,1789654138.534130335,0.500000000,1,1,0,0,1,3,-7.936780060,-8.512269334,1
3952,1789654138.544150591,0.500000000,1,1,0,0,1,3,-7.936780060,-8.512269334,1
3953,1789654138.554167509,0.500000000,1,1,0,0,1,3,-7.936780060,-8.512269334,1
3954,1789654138.564142227,0.500000000,1,1,0,0,1,3,-7.936780060,-8.512269334,1
3955,1789654138.574128151,0.500000000,1,1,0,0,1,3,-7.995811522,-8.567929334,1
3956,1789654138.584198236,0.500000000,1,1,0,0,1,3,-7.995811522,-8.567929334,1
3957,1789654138.594168663,0.500000000,1,1,0,0,1,3,-7.995811522,-8.567929334,1
3958,1789654138.604130030,0.500000000,1,1,0,0,1,3,-7.995811522,-8.567929334,1
3959,1789654138.614257336,0.500000000,1,1,0,0,1,3,-7.995811522,-8.567929334,1
3960,1789654138.624123573,0.500000000,1,1,0,0,1,3,-7.995811522,-8.567929334,1
3961,1789654138.634130955,0.000000000,1,1,0,0,1,3,-7.995811522,-8.567929334,1
3962,1789654138.644233227,0.000000000,1,1,0,0,1,3,-7.995811522,-8.567929334,1
3963,1789654138.654167652,0.000000000,1,1,0,0,1,3,-7.995811522,-8.567929334,1
3964,1789654138.664135218,0.000000000,1,1,0,0,1,3,-7.995811522,-8.567929334,1
3965,1789654138.674122572,0.000000000,1,1,0,0,1,3,-8.054842984,-8.586482667,1
3966,1789654138.684157610,0.000000000,1,1,0,0,1,3,-8.054842984,-8.586482667,1
3967,1789654138.694174528,0.000000000,1,1,0,0,1,3,-8.054842984,-8.586482667,1
3968,1789654138.704124928,0.000000000,1,1,0,0,1,3,-8.054842984,-8.586482667,1
3969,1789654138.714176416,0.000000000,1,1,0,0,1,3,-8.054842984,-8.586482667,1
3970,1789654138.724122047,0.000000000,1,1,0,0,1,3,-8.054842984,-8.586482667,1
3971,1789654138.734125137,0.000000000,1,1,0,0,1,3,-8.054842984,-8.586482667,1
3972,1789654138.744216919,0.000000000,1,1,0,0,1,3,-8.054842984,-8.586482667,1
3973,1789654138.754146576,0.000000000,1,1,0,0,1,3,-8.054842984,-8.586482667,1
3974,1789654138.764171839,0.000000000,1,1,0,0,1,3,-8.054842984,-8.586482667,1
3975,1789654138.774126768,0.000000000,1,1,0,0,1,3,-8.113874445,-8.623589333,1
3976,1789654138.784194469,0.000000000,1,1,0,0,1,3,-8.113874445,-8.623589333,1
3977,1789654138.794165611,0.000000000,1,1,0,0,1,3,-8.113874445,-8.623589333,1
3978,1789654138.804126263,0.000000000,1,1,0,0,1,3,-8.113874445,-8.623589333,1
3979,1789654138.814184189,0.000000000,1,1,0,0,1,3,-8.113874445,-8.623589333,1
3980,1789654138.824123383,0.000000000,1,1,0,0,1,3,-8.113874445,-8.623589333,1
3981,1789654138.834121227,0.000000000,1,1,0,0,1,3,-8.113874445,-8.623589333,1
3982,1789654138.844278336,0.000000000,1,1,0,0,1,3,-8.113874445,-8.623589333,1
3983,1789654138.854146242,0.000000000,1,1,0,0,1,3,-8.113874445,-8.623589333,1
3984,1789654138.864140749,0.000000000,1,1,0,0,1,3,-8.113874445,-8.623589333,1
3985,1789654138.874121189,0.000000000,1,1,0,0,1,3,-8.172905907,-8.605036000,1
3986,1789654138.884204149,0.000000000,1,1,0,0,1,3,-8.172905907,-8.605036000,1
3987,1789654138.894132137,0.000000000,1,1,0,0,1,3,-8.172905907,-8.605036000,1
3988,1789654138.904124737,0.000000000,1,1,0,0,1,3,-8.172905907,-8.605036000,1
3989,1789654138.914155722,0.000000000,1,1,0,0,1,3,-8.172905907,-8.605036000,1
3990,1789654138.924125671,0.000000000,1,1,0,0,1,3,-8.172905907,-8.605036000,1
3991,1789654138.934186459,0.000000000,1,1,0,0,1,3,-8.172905907,-8.605036000,1
3992,1789654138.944229603,0.000000000,1,1,0,0,1,3,-8.172905907,-8.605036000,1
3993,1789654138.954193354,0.000000000,1,1,0,0,1,3,-8.172905907,-8.605036000,1
3994,1789654138.964131355,0.000000000,1,1,0,0,1,3,-8.172905907,-8.605036000,1
3995,1789654138.974130869,0.000000000,1,1,0,0,1,3,-8.172905907,-8.605036000,1
3996,1789654138.984125614,0.000000000,1,1,0,0,1,3,-8.172905907,-8.605036000,1
3997,1789654138.994156837,0.000000000,1,1,0,0,1,3,-8.172905907,-8.605036000,1
3998,1789654139.004131794,0.000000000,1,1,0,0,1,3,-8.172905907,-8.605036000,1
3999,1789654139.014292717,0.000000000,1,1,0,0,1,3,-8.172905907,-8.605036000,1
4000,1789654139.024107695,0.000000000,1,1,0,0,1,3,-8.172905907,-8.605036000,1
4001,1789654139.034116030,0.000000000,1,1,0,0,1,3,-8.172905907,-8.605036000,1
4002,1789654139.044111729,0.000000000,1,1,0,0,1,3,-8.172905907,-8.605036000,1
4003,1789654139.054122686,0.000000000,1,1,0,0,1,3,-8.172905907,-8.605036000,1
4004,1789654139.064109564,0.000000000,1,1,0,0,1,3,-8.172905907,-8.605036000,1
4005,1789654139.074161291,0.000000000,1,1,0,0,1,3,-8.202421639,-8.623589333,1
4006,1789654139.084153175,0.000000000,1,1,0,0,1,3,-8.202421639,-8.623589333,1
4007,1789654139.094134331,0.000000000,1,1,0,0,1,3,-8.202421639,-8.623589333,1
4008,1789654139.104115248,0.000000000,1,1,0,0,1,3,-8.202421639,-8.623589333,1
4009,1789654139.114108324,0.000000000,1,1,0,0,1,3,-8.202421639,-8.623589333,1
4010,1789654139.124107361,0.000000000,1,1,0,0,1,3,-8.202421639,-8.623589333,1
4011,1789654139.134131908,0.000000000,1,1,0,0,1,3,-8.202421639,-8.623589333,1
4012,1789654139.144193649,0.000000000,1,1,0,0,1,3,-8.202421639,-8.623589333,1
4013,1789654139.154192448,0.000000000,1,1,0,0,1,3,-8.202421639,-8.623589333,1
4014,1789654139.164171696,0.000000000,1,1,0,0,1,3,-8.202421639,-8.623589333,1
4015,1789654139.174186468,0.000000000,1,1,0,0,1,3,-8.246695236,-8.642142667,1
4016,1789654139.184160709,0.000000000,1,1,0,0,1,3,-8.246695236,-8.642142667,1
4017,1789654139.194128036,0.000000000,1,1,0,0,1,3,-8.246695236,-8.642142667,1
4018,1789654139.204123020,0.000000000,1,1,0,0,1,3,-8.246695236,-8.642142667,1
4019,1789654139.214127302,0.000000000,1,1,0,0,1,3,-8.246695236,-8.642142667,1
4020,1789654139.224126816,0.000000000,1,1,0,0,1,3,-8.246695236,-8.642142667,1
4021,1789654139.234132528,0.000000000,1,1,0,0,1,3,-8.246695236,-8.642142667,1
4022,1789654139.244135857,0.000000000,1,1,0,0,1,3,-8.246695236,-8.642142667,1
4023,1789654139.254187346,0.000000000,1,1,0,0,1,3,-8.246695236,-8.642142667,1
4024,1789654139.264138222,0.000000000,1,1,0,0,1,3,-8.246695236,-8.642142667,1
4025,1789654139.274130344,0.000000000,1,1,0,0,1,3,-8.261453101,-8.660696000,1
4026,1789654139.284178257,0.000000000,1,1,0,0,1,3,-8.261453101,-8.660696000,1
4027,1789654139.294141293,0.000000000,1,1,0,0,1,3,-8.261453101,-8.660696000,1
4028,1789654139.304146290,0.000000000,1,1,0,0,1,3,-8.261453101,-8.660696000,1
4029,1789654139.314121962,0.000000000,1,1,0,0,1,3,-8.261453101,-8.660696000,1
4030,1789654139.324130297,0.000000000,1,1,0,0,1,3,-8.261453101,-8.660696000,1
4031,1789654139.334172249,0.000000000,1,1,0,0,1,3,-8.261453101,-8.660696000,1
4032,1789654139.344172955,0.000000000,1,1,0,0,1,3,-8.261453101,-8.660696000,1
4033,1789654139.354159832,0.000000000,1,1,0,0,1,3,-8.261453101,-8.660696000,1
4034,1789654139.364176750,0.000000000,1,1,0,0,1,3,-8.261453101,-8.660696000,1
4035,1789654139.374114752,0.000000000,1,1,0,0,1,3,-8.276210967,-8.660696000,1
4036,1789654139.384131908,0.000000000,1,1,0,0,1,3,-8.276210967,-8.660696000,1
4037,1789654139.394133568,0.000000000,1,1,0,0,1,3,-8.276210967,-8.660696000,1
4038,1789654139.404128551,0.000000000,1,1,0,0,1,3,-8.276210967,-8.660696000,1
4039,1789654139.414123535,0.000000000,1,1,0,0,1,3,-8.276210967,-8.660696000,1
4040,1789654139.424123287,0.000000000,1,1,0,0,1,3,-8.276210967,-8.660696000,1
4041,1789654139.434126854,0.000000000,1,1,0,0,1,3,-8.276210967,-8.660696000,1
4042,1789654139.444145918,0.000000000,1,1,0,0,1,3,-8.276210967,-8.660696000,1
4043,1789654139.454129219,0.000000000,1,1,0,0,1,3,-8.276210967,-8.660696000,1
4044,1789654139.464133739,0.000000000,1,1,0,0,1,3,-8.276210967,-8.660696000,1
4045,1789654139.474118710,0.000000000,1,1,0,0,1,3,-8.276210967,-8.660696000,1
4046,1789654139.484160185,0.000000000,1,1,0,0,1,3,-8.276210967,-8.660696000,1
4047,1789654139.494125843,0.000000000,1,1,0,0,1,3,-8.276210967,-8.660696000,1
4048,1789654139.504128456,0.000000000,1,1,0,0,1,3,-8.276210967,-8.660696000,1
4049,1789654139.514128447,0.000000000,1,1,0,0,1,3,-8.276210967,-8.660696000,1
4050,1789654139.524128199,0.000000000,1,1,0,0,1,3,-8.276210967,-8.660696000,1
4051,1789654139.534161568,0.000000000,1,1,0,0,1,3,-8.276210967,-8.660696000,1
4052,1789654139.544188499,0.000000000,1,1,0,0,1,3,-8.276210967,-8.660696000,1
4053,1789654139.554208279,0.000000000,1,1,0,0,1,3,-8.276210967,-8.660696000,1
4054,1789654139.564128876,0.000000000,1,1,0,0,1,3,-8.276210967,-8.660696000,1
4055,1789654139.574116945,0.000000000,1,1,0,0,1,3,-8.276210967,-8.660696000,1
4056,1789654139.584193230,0.000000000,1,1,0,0,1,3,-8.276210967,-8.660696000,1
4057,1789654139.594134569,0.000000000,1,1,0,0,1,3,-8.276210967,-8.660696000,1
4058,1789654139.604121685,0.000000000,1,1,0,0,1,3,-8.276210967,-8.660696000,1
4059,1789654139.614193678,0.000000000,1,1,0,0,1,3,-8.276210967,-8.660696000,1
4060,1789654139.624153614,0.000000000,1,1,0,0,1,3,-8.276210967,-8.660696000,1
4061,1789654139.634141445,0.000000000,1,1,0,0,1,3,-8.276210967,-8.660696000,1
4062,1789654139.644213676,0.000000000,1,1,0,0,1,3,-8.276210967,-8.660696000,1
4063,1789654139.654146910,0.000000000,1,1,0,0,1,3,-8.276210967,-8.660696000,1
4064,1789654139.664129972,0.000000000,1,1,0,0,1,3,-8.276210967,-8.660696000,1
4065,1789654139.674116850,0.000000000,1,1,0,0,1,3,-8.276210967,-8.660696000,1
4066,1789654139.684222460,0.000000000,1,1,0,0,1,3,-8.276210967,-8.660696000,1
4067,1789654139.694150448,0.000000000,1,1,0,0,1,3,-8.276210967,-8.660696000,1
4068,1789654139.704137802,0.000000000,1,1,0,0,1,3,-8.276210967,-8.660696000,1
4069,1789654139.714127064,0.000000000,1,1,0,0,1,3,-8.276210967,-8.660696000,1
4070,1789654139.724127531,0.000000000,1,1,0,0,1,3,-8.276210967,-8.660696000,1
4071,1789654139.734161854,0.000000000,1,1,0,0,1,3,-8.276210967,-8.660696000,1
4072,1789654139.744204044,0.000000000,1,1,0,0,1,3,-8.276210967,-8.660696000,1
4073,1789654139.754111767,0.000000000,1,1,0,0,1,3,-8.276210967,-8.660696000,1
4074,1789654139.764186382,0.000000000,1,1,0,0,1,3,-8.276210967,-8.660696000,1
4075,1789654139.774204493,0.000000000,1,1,0,0,1,3,-8.261453101,-8.660696000,1
4076,1789654139.784139633,0.000000000,1,1,0,0,1,3,-8.261453101,-8.660696000,1
4077,1789654139.794125557,0.000000000,1,1,0,0,1,3,-8.261453101,-8.660696000,1
4078,1789654139.804106474,0.000000000,1,1,0,0,1,3,-8.261453101,-8.660696000,1
4079,1789654139.814124584,0.000000000,1,1,0,0,1,3,-8.261453101,-8.660696000,1
4080,1789654139.824126720,0.000000000,1,1,0,0,1,3,-8.261453101,-8.660696000,1
4081,1789654139.834135294,0.000000000,1,1,0,0,1,3,-8.261453101,-8.660696000,1
4082,1789654139.844179153,0.000000000,1,1,0,0,1,3,-8.261453101,-8.660696000,1
4083,1789654139.854116917,0.000000000,1,1,0,0,1,3,-8.261453101,-8.660696000,1
4084,1789654139.864108801,0.000000000,1,1,0,0,1,3,-8.261453101,-8.660696000,1
4085,1789654139.874111414,0.000000000,1,1,0,0,1,3,-8.261453101,-8.660696000,1
4086,1789654139.884181976,0.000000000,1,1,0,0,1,3,-8.261453101,-8.660696000,1
4087,1789654139.894134998,0.000000000,1,1,0,0,1,3,-8.261453101,-8.660696000,1
4088,1789654139.904105186,0.000000000,1,1,0,0,1,3,-8.261453101,-8.660696000,1
4089,1789654139.914154291,0.000000000,1,1,0,0,1,3,-8.261453101,-8.660696000,1
4090,1789654139.924121141,0.000000000,1,1,0,0,1,3,-8.261453101,-8.660696000,1
4091,1789654139.934129715,0.000000000,1,1,0,0,1,3,-8.261453101,-8.660696000,1
4092,1789654139.944177389,0.000000000,1,1,0,0,1,3,-8.261453101,-8.660696000,1
4093,1789654139.954139948,0.000000000,1,1,0,0,1,3,-8.261453101,-8.660696000,1
4094,1789654139.964107752,0.000000000,1,1,0,0,1,3,-8.261453101,-8.660696000,1
4095,1789654139.974112511,0.000000000,1,1,0,0,1,3,-8.261453101,-8.660696000,1
4096,1789654139.984117746,0.000000000,1,1,0,0,1,3,-8.261453101,-8.660696000,1
4097,1789654139.994127035,0.000000000,1,1,0,0,1,3,-8.261453101,-8.660696000,1
4098,1789654140.004125118,0.000000000,1,1,0,0,1,3,-8.261453101,-8.660696000,1
4099,1789654140.014111519,0.000000000,1,1,0,0,1,3,-8.261453101,-8.660696000,1
4100,1789654140.024132252,0.000000000,1,1,0,0,1,3,-8.261453101,-8.660696000,1
4101,1789654140.034111261,0.000000000,1,1,0,0,1,3,-8.261453101,-8.660696000,1
4102,1789654140.044257641,0.000000000,1,1,0,0,1,3,-8.261453101,-8.660696000,1
4103,1789654140.054138660,0.000000000,1,1,0,0,1,3,-8.261453101,-8.660696000,1
4104,1789654140.064137697,0.000000000,1,1,0,0,1,3,-8.261453101,-8.660696000,1
4105,1789654140.074180365,0.000000000,1,1,0,0,1,3,-8.261453101,-8.660696000,1
4106,1789654140.084131002,0.000000000,1,1,0,0,1,3,-8.261453101,-8.660696000,1
4107,1789654140.094125032,0.000000000,1,1,0,0,1,3,-8.261453101,-8.660696000,1
4108,1789654140.104111910,0.000000000,1,1,0,0,1,3,-8.261453101,-8.660696000,1
4109,1789654140.114102125,0.000000000,1,1,0,0,1,3,-8.261453101,-8.660696000,1
4110,1789654140.124104738,0.000000000,1,1,0,0,1,3,-8.261453101,-8.660696000,1
4111,1789654140.134133816,0.000000000,1,1,0,0,1,3,-8.261453101,-8.660696000,1
4112,1789654140.144140720,0.000000000,1,1,0,0,1,3,-8.261453101,-8.660696000,1
4113,1789654140.154174805,0.000000000,1,1,0,0,1,3,-8.261453101,-8.660696000,1
4114,1789654140.164173365,0.000000000,1,1,0,0,1,3,-8.261453101,-8.660696000,1
4115,1789654140.174115896,0.000000000,1,1,0,0,1,3,-8.261453101,-8.660696000,1
4116,1789654140.184105635,0.000000000,1,1,0,0,1,3,-8.261453101,-8.660696000,1
4117,1789654140.194121122,0.000000000,1,1,0,0,1,3,-8.261453101,-8.660696000,1
4118,1789654140.204124928,0.000000000,1,1,0,0,1,3,-8.261453101,-8.660696000,1
4119,1789654140.214137554,0.000000000,1,1,0,0,1,3,-8.261453101,-8.660696000,1
4120,1789654140.224131584,-0.500000000,1,1,0,0,1,3,-8.261453101,-8.660696000,1
4121,1789654140.234124660,-0.500000000,1,1,0,0,1,3,-8.261453101,-8.660696000,1
4122,1789654140.244141102,-0.500000000,1,1,0,0,1,3,-8.261453101,-8.660696000,1
4123,1789654140.254167557,-0.500000000,1,1,0,0,1,3,-8.261453101,-8.660696000,1
4124,1789654140.264119148,-0.500000000,1,1,0,0,1,3,-8.261453101,-8.660696000,1
4125,1789654140.274123669,-0.500000000,1,1,0,0,1,3,-8.261453101,-8.660696000,1
4126,1789654140.284122229,-0.500000000,1,1,0,0,1,3,-8.261453101,-8.660696000,1
4127,1789654140.294128418,-0.500000000,1,1,0,0,1,3,-8.261453101,-8.660696000,1
4128,1789654140.304105759,-0.500000000,1,1,0,0,1,3,-8.261453101,-8.660696000,1
4129,1789654140.314131737,-0.500000000,1,1,0,0,1,3,-8.261453101,-8.660696000,1
4130,1789654140.324109554,-0.500000000,1,1,0,0,1,3,-8.261453101,-8.660696000,1
4131,1789654140.334110498,-0.500000000,1,1,0,0,1,3,-8.261453101,-8.660696000,1
4132,1789654140.344250917,-0.500000000,1,1,0,0,1,3,-8.261453101,-8.660696000,1
4133,1789654140.354142666,-0.500000000,1,1,0,0,1,3,-8.261453101,-8.660696000,1
4134,1789654140.364128828,-0.500000000,1,1,0,0,1,3,-8.261453101,-8.660696000,1
4135,1789654140.374128580,-0.500000000,1,1,0,0,1,3,-8.261453101,-8.660696000,1
4136,1789654140.384175539,-0.500000000,1,1,0,0,1,3,-8.261453101,-8.660696000,1
4137,1789654140.394153118,-0.500000000,1,1,0,0,1,3,-8.261453101,-8.660696000,1
4138,1789654140.404123306,-0.500000000,1,1,0,0,1,3,-8.261453101,-8.660696000,1
4139,1789654140.414133787,-0.500000000,1,1,0,0,1,3,-8.261453101,-8.660696000,1
4140,1789654140.424117088,-0.500000000,1,1,0,0,1,3,-8.261453101,-8.660696000,1
4141,1789654140.434159279,-0.500000000,1,1,0,0,1,3,-8.261453101,-8.660696000,1
4142,1789654140.444200516,-0.500000000,1,1,0,0,1,3,-8.261453101,-8.660696000,1
4143,1789654140.454122543,-0.500000000,1,1,0,0,1,3,-8.261453101,-8.660696000,1
4144,1789654140.464121819,-0.500000000,1,1,0,0,1,3,-8.261453101,-8.660696000,1
4145,1789654140.474134922,-0.500000000,1,1,0,0,1,3,-8.261453101,-8.660696000,1
4146,1789654140.484127045,-0.500000000,1,1,0,0,1,3,-8.261453101,-8.660696000,1
4147,1789654140.494158030,-0.500000000,1,1,0,0,1,3,-8.261453101,-8.660696000,1
4148,1789654140.504127979,-0.500000000,1,1,0,0,1,3,-8.261453101,-8.660696000,1
4149,1789654140.514175415,-0.500000000,1,1,0,0,1,3,-8.261453101,-8.660696000,1
4150,1789654140.524141550,-0.500000000,1,1,0,0,1,3,-8.261453101,-8.660696000,1
4151,1789654140.534163952,-0.500000000,1,1,0,0,1,3,-8.261453101,-8.660696000,1
4152,1789654140.544237614,-0.500000000,1,1,0,0,1,3,-8.261453101,-8.660696000,1
4153,1789654140.554169416,-0.500000000,1,1,0,0,1,3,-8.261453101,-8.660696000,1
4154,1789654140.564167261,-0.500000000,1,1,0,0,1,3,-8.261453101,-8.660696000,1
4155,1789654140.574121714,-0.500000000,1,1,0,0,1,3,-8.261453101,-8.660696000,1
4156,1789654140.584196568,-0.500000000,1,1,0,0,1,3,-8.261453101,-8.660696000,1
4157,1789654140.594162226,-0.500000000,1,1,0,0,1,3,-8.261453101,-8.660696000,1
4158,1789654140.604206324,-0.500000000,1,1,0,0,1,3,-8.261453101,-8.660696000,1
4159,1789654140.614135742,-0.500000000,1,1,0,0,1,3,-8.261453101,-8.660696000,1
4160,1789654140.624142408,-0.500000000,1,1,0,0,1,3,-8.261453101,-8.660696000,1
4161,1789654140.634118795,-0.500000000,1,1,0,0,1,3,-8.261453101,-8.660696000,1
4162,1789654140.644177675,-0.500000000,1,1,0,0,1,3,-8.261453101,-8.660696000,1
4163,1789654140.654150963,-0.500000000,1,1,0,0,1,3,-8.261453101,-8.660696000,1
4164,1789654140.664140701,-0.500000000,1,1,0,0,1,3,-8.261453101,-8.660696000,1
4165,1789654140.674136162,-0.500000000,1,1,0,0,1,3,-8.261453101,-8.642142667,1
4166,1789654140.684243917,-0.500000000,1,1,0,0,1,3,-8.261453101,-8.642142667,1
4167,1789654140.694180012,-0.500000000,1,1,0,0,1,3,-8.261453101,-8.642142667,1
4168,1789654140.704123974,-0.500000000,1,1,0,0,1,3,-8.261453101,-8.642142667,1
4169,1789654140.714154005,-0.500000000,1,1,0,0,1,3,-8.261453101,-8.642142667,1
4170,1789654140.724125147,-0.500000000,1,1,0,0,1,3,-8.261453101,-8.642142667,1
4171,1789654140.734122276,-0.500000000,1,1,0,0,1,3,-8.261453101,-8.642142667,1
4172,1789654140.744237423,-0.500000000,1,1,0,0,1,3,-8.261453101,-8.642142667,1
4173,1789654140.754159927,-0.500000000,1,1,0,0,1,3,-8.261453101,-8.642142667,1
4174,1789654140.764143705,-0.500000000,1,1,0,0,1,3,-8.261453101,-8.642142667,1
4175,1789654140.774118662,-0.500000000,1,1,0,0,1,3,-8.231937370,-8.642142667,1
4176,1789654140.784166574,-0.500000000,1,1,0,0,1,3,-8.231937370,-8.642142667,1
4177,1789654140.794165134,-0.500000000,1,1,0,0,1,3,-8.231937370,-8.642142667,1
4178,1789654140.804168463,-0.500000000,1,1,0,0,1,3,-8.231937370,-8.642142667,1
4179,1789654140.814169645,-0.500000000,1,1,0,0,1,3,-8.231937370,-8.642142667,1
4180,1789654140.824158430,-0.500000000,1,1,0,0,1,3,-8.231937370,-8.642142667,1
4181,1789654140.834128618,-0.500000000,1,1,0,0,1,3,-8.231937370,-8.642142667,1
4182,1789654140.844193697,-0.500000000,1,1,0,0,1,3,-8.231937370,-8.642142667,1
4183,1789654140.854156971,-0.500000000,1,1,0,0,1,3,-8.231937370,-8.642142667,1
4184,1789654140.864139318,-0.500000000,1,1,0,0,1,3,-8.231937370,-8.642142667,1
4185,1789654140.874111652,-0.500000000,1,1,0,0,1,3,-8.187663774,-8.623589333,1
4186,1789654140.884151220,-0.500000000,1,1,0,0,1,3,-8.187663774,-8.623589333,1
4187,1789654140.894145489,-0.500000000,1,1,0,0,1,3,-8.187663774,-8.623589333,1
4188,1789654140.904111385,-0.500000000,1,1,0,0,1,3,-8.187663774,-8.623589333,1
4189,1789654140.914127827,-0.500000000,1,1,0,0,1,3,-8.187663774,-8.623589333,1
4190,1789654140.924177885,-0.500000000,1,1,0,0,1,3,-8.187663774,-8.623589333,1
4191,1789654140.934180021,-0.500000000,1,1,0,0,1,3,-8.187663774,-8.623589333,1
4192,1789654140.944221735,-0.500000000,1,1,0,0,1,3,-8.187663774,-8.623589333,1
4193,1789654140.954214334,-0.500000000,1,1,0,0,1,3,-8.187663774,-8.623589333,1
4194,1789654140.964194536,-0.500000000,1,1,0,0,1,3,-8.187663774,-8.623589333,1
4195,1789654140.974193335,-0.500000000,1,1,0,0,1,3,-8.187663774,-8.623589333,1
4196,1789654140.984191418,-0.500000000,1,1,0,0,1,3,-8.187663774,-8.623589333,1
4197,1789654140.994146585,-0.500000000,1,1,0,0,1,3,-8.187663774,-8.623589333,1
4198,1789654141.004129887,-0.500000000,1,1,0,0,1,3,-8.187663774,-8.623589333,1
4199,1789654141.014185190,-0.500000000,1,1,0,0,1,3,-8.187663774,-8.623589333,1
4200,1789654141.024140835,-0.500000000,1,1,0,0,1,3,-8.187663774,-8.623589333,1
4201,1789654141.034122467,-0.500000000,1,1,0,0,1,3,-8.187663774,-8.623589333,1
4202,1789654141.044182062,-0.500000000,1,1,0,0,1,3,-8.187663774,-8.623589333,1
4203,1789654141.054131985,-0.500000000,1,1,0,0,1,3,-8.187663774,-8.623589333,1
4204,1789654141.064117432,-0.500000000,1,1,0,0,1,3,-8.187663774,-8.623589333,1
4205,1789654141.074115992,-0.500000000,1,1,0,0,1,3,-8.143390176,-8.605036000,1
4206,1789654141.084126949,-0.500000000,1,1,0,0,1,3,-8.143390176,-8.605036000,1
4207,1789654141.094125509,-0.500000000,1,1,0,0,1,3,-8.143390176,-8.605036000,1
4208,1789654141.104125738,-0.500000000,1,1,0,0,1,3,-8.143390176,-8.605036000,1
4209,1789654141.114120007,-0.500000000,1,1,0,0,1,3,-8.143390176,-8.605036000,1
4210,1789654141.124104977,-0.500000000,1,1,0,0,1,3,-8.143390176,-8.605036000,1
4211,1789654141.134127378,-0.500000000,1,1,0,0,1,3,-8.143390176,-8.605036000,1
4212,1789654141.144215107,-0.500000000,1,1,0,0,1,3,-8.143390176,-8.605036000,1
4213,1789654141.154124737,-0.500000000,1,1,0,0,1,3,-8.143390176,-8.605036000,1
4214,1789654141.164156199,-0.500000000,1,1,0,0,1,3,-8.143390176,-8.605036000,1
4215,1789654141.174151182,-0.500000000,1,1,0,0,1,3,-8.084358715,-8.567929334,1
4216,1789654141.184138775,-0.500000000,1,1,0,0,1,3,-8.084358715,-8.567929334,1
4217,1789654141.194133043,-0.500000000,1,1,0,0,1,3,-8.084358715,-8.567929334,1
4218,1789654141.204110384,-0.500000000,1,1,0,0,1,3,-8.084358715,-8.567929334,1
4219,1789654141.214155674,-0.500000000,1,1,0,0,1,3,-8.084358715,-8.567929334,1
4220,1789654141.224109888,-0.500000000,1,1,0,0,1,3,-8.084358715,-8.567929334,1
4221,1789654141.234108210,-0.500000000,1,1,0,0,1,3,-8.084358715,-8.567929334,1
4222,1789654141.244206667,-0.500000000,1,1,0,0,1,3,-8.084358715,-8.567929334,1
4223,1789654141.254133940,-0.500000000,1,1,0,0,1,3,-8.084358715,-8.567929334,1
4224,1789654141.264178991,-0.500000000,1,1,0,0,1,3,-8.084358715,-8.567929334,1
4225,1789654141.274130106,-0.500000000,1,1,0,0,1,3,-8.040085118,-8.530822667,1
4226,1789654141.284195423,-0.500000000,1,1,0,0,1,3,-8.040085118,-8.530822667,1
4227,1789654141.294120073,-0.500000000,1,1,0,0,1,3,-8.040085118,-8.530822667,1
4228,1789654141.304126978,-0.500000000,1,1,0,0,1,3,-8.040085118,-8.530822667,1
4229,1789654141.314167023,-0.500000000,1,1,0,0,1,3,-8.040085118,-8.530822667,1
4230,1789654141.324121952,-0.500000000,1,1,0,0,1,3,-8.040085118,-8.530822667,1
4231,1789654141.334159613,-0.500000000,1,1,0,0,1,3,-8.040085118,-8.530822667,1
4232,1789654141.344239712,-0.500000000,1,1,0,0,1,3,-8.040085118,-8.530822667,1
4233,1789654141.354177952,-0.500000000,1,1,0,0,1,3,-8.040085118,-8.530822667,1
4234,1789654141.364143848,-0.500000000,1,1,0,0,1,3,-8.040085118,-8.530822667,1
4235,1789654141.374154568,-0.500000000,1,1,0,0,1,3,-7.995811522,-8.512269334,1
4236,1789654141.384162903,-0.500000000,1,1,0,0,1,3,-7.995811522,-8.512269334,1
4237,1789654141.394176483,-0.500000000,1,1,0,0,1,3,-7.995811522,-8.512269334,1
4238,1789654141.404113054,-0.500000000,1,1,0,0,1,3,-7.995811522,-8.512269334,1
4239,1789654141.414182186,-0.500000000,1,1,0,0,1,3,-7.995811522,-8.512269334,1
4240,1789654141.424129248,-0.500000000,1,1,0,0,1,3,-7.995811522,-8.512269334,1
4241,1789654141.434159040,-0.500000000,1,1,0,0,1,3,-7.995811522,-8.512269334,1
4242,1789654141.444214582,-0.500000000,1,1,0,0,1,3,-7.995811522,-8.512269334,1
4243,1789654141.454162359,-0.500000000,1,1,0,0,1,3,-7.995811522,-8.512269334,1
4244,1789654141.464130402,-0.500000000,1,1,0,0,1,3,-7.995811522,-8.512269334,1
4245,1789654141.474127531,-0.500000000,1,1,0,0,1,3,-7.995811522,-8.512269334,1
4246,1789654141.484126806,-0.500000000,1,1,0,0,1,3,-7.995811522,-8.512269334,1
4247,1789654141.494140148,-0.500000000,1,0,0,0,1,3,-7.995811522,-8.512269334,1
4248,1789654141.504131079,-0.500000000,1,0,0,0,1,3,-7.995811522,-8.512269334,1
4249,1789654141.514164448,-0.500000000,1,0,0,0,1,3,-7.995811522,-8.512269334,1
4250,1789654141.524160147,-0.500000000,1,0,0,0,1,3,-7.995811522,-8.512269334,1
4251,1789654141.534125566,-0.500000000,1,0,0,0,1,3,-7.995811522,-8.512269334,1
4252,1789654141.544219017,-0.500000000,1,0,0,0,1,3,-7.995811522,-8.512269334,1
4253,1789654141.554148197,-0.500000000,1,0,0,0,1,3,-7.995811522,-8.512269334,1
4254,1789654141.564129353,-0.500000000,1,0,0,0,1,3,-7.995811522,-8.512269334,1
4255,1789654141.574122429,-0.500000000,1,0,0,0,1,3,-7.951537926,-8.493716000,1
4256,1789654141.584158659,-0.500000000,1,0,0,0,1,3,-7.951537926,-8.493716000,1
4257,1789654141.594175816,-0.500000000,1,0,0,0,1,3,-7.951537926,-8.493716000,1
4258,1789654141.604128599,-0.500000000,1,0,0,0,1,3,-7.951537926,-8.493716000,1
4259,1789654141.614110231,-0.500000000,1,0,0,0,1,3,-7.951537926,-8.493716000,1
4260,1789654141.624123096,-0.500000000,1,0,0,0,1,3,-7.951537926,-8.493716000,1
4261,1789654141.634119749,-0.500000000,1,0,0,0,1,3,-7.951537926,-8.493716000,1
4262,1789654141.644185066,-0.500000000,1,0,0,0,1,3,-7.951537926,-8.493716000,1
4263,1789654141.654172659,-0.500000000,1,0,0,0,1,3,-7.951537926,-8.493716000,1
4264,1789654141.664124250,-0.500000000,1,0,0,0,1,3,-7.951537926,-8.493716000,1
4265,1789654141.674108505,-0.500000000,1,0,0,0,1,3,-7.907264329,-8.475162666,1
4266,1789654141.684138298,-0.500000000,1,0,0,0,1,3,-7.907264329,-8.475162666,1
4267,1789654141.694129467,-0.500000000,1,0,0,0,1,3,-7.907264329,-8.475162666,1
4268,1789654141.704122305,-0.500000000,1,0,0,0,1,3,-7.907264329,-8.475162666,1
4269,1789654141.714120150,-0.500000000,1,0,0,0,1,3,-7.907264329,-8.475162666,1
4270,1789654141.724102736,-0.500000000,1,0,0,0,1,3,-7.907264329,-8.475162666,1
4271,1789654141.734108925,-0.500000000,1,0,0,0,1,3,-7.907264329,-8.475162666,1
4272,1789654141.744137287,-0.500000000,1,0,0,0,1,3,-7.907264329,-8.475162666,1
4273,1789654141.754131317,-0.500000000,1,0,0,0,1,3,-7.907264329,-8.475162666,1
4274,1789654141.764124393,-0.500000000,1,0,0,0,1,3,-7.907264329,-8.475162666,1
4275,1789654141.774120331,-0.500000000,1,0,0,0,1,3,-7.862990733,-8.456609333,1
4276,1789654141.784131050,-0.500000000,1,0,0,0,1,3,-7.862990733,-8.456609333,1
4277,1789654141.794129610,-0.500000000,1,0,0,0,1,3,-7.862990733,-8.456609333,1
4278,1789654141.804118633,-0.500000000,1,0,0,0,1,3,-7.862990733,-8.456609333,1
4279,1789654141.814127207,-0.500000000,1,0,0,0,1,3,-7.862990733,-8.456609333,1
4280,1789654141.824170351,-0.500000000,1,0,0,0,1,3,-7.862990733,-8.456609333,1
4281,1789654141.834141493,-0.500000000,1,0,0,0,1,3,-7.862990733,-8.456609333,1
4282,1789654141.844163656,-0.500000000,1,0,0,0,1,3,-7.862990733,-8.456609333,1
4283,1789654141.854129553,-0.500000000,1,0,0,0,1,3,-7.862990733,-8.456609333,1
4284,1789654141.864106178,-0.500000000,1,0,0,0,1,3,-7.862990733,-8.456609333,1
4285,1789654141.874107122,-0.500000000,1,0,0,0,1,3,-7.803959271,-8.419502666,1
4286,1789654141.884135485,-0.500000000,1,0,0,0,1,3,-7.803959271,-8.419502666,1
4287,1789654141.894128084,-0.500000000,1,0,0,0,1,3,-7.803959271,-8.419502666,1
4288,1789654141.904117823,-0.500000000,1,0,0,0,1,3,-7.803959271,-8.419502666,1
4289,1789654141.914114475,-0.500000000,1,0,0,0,1,3,-7.803959271,-8.419502666,1
4290,1789654141.924131870,-0.500000000,1,0,0,0,1,3,-7.803959271,-8.419502666,1
4291,1789654141.934158325,-0.500000000,1,0,0,0,1,3,-7.803959271,-8.419502666,1
4292,1789654141.944147110,-0.500000000,1,0,0,0,1,3,-7.803959271,-8.419502666,1
4293,1789654141.954149008,-0.500000000,1,0,0,0,1,3,-7.803959271,-8.419502666,1
4294,1789654141.964123487,-0.500000000,1,0,0,0,1,3,-7.803959271,-8.419502666,1
4295,1789654141.974257231,-0.500000000,1,0,0,0,1,3,-7.803959271,-8.419502666,1
4296,1789654141.984135151,-0.500000000,1,0,0,0,1,3,-7.803959271,-8.419502666,1
4297,1789654141.994124889,-0.500000000,1,0,0,0,1,3,-7.803959271,-8.419502666,1
4298,1789654142.004113436,-0.500000000,1,0,0,0,1,3,-7.803959271,-8.419502666,1
4299,1789654142.014164448,-0.500000000,1,0,0,0,1,3,-7.803959271,-8.419502666,1
4300,1789654142.024101973,-0.500000000,1,0,0,0,1,3,-7.803959271,-8.419502666,1
4301,1789654142.034131527,-0.500000000,1,0,0,0,1,3,-7.803959271,-8.419502666,1
4302,1789654142.044246435,-0.500000000,1,0,0,0,1,3,-7.803959271,-8.419502666,1
4303,1789654142.054129362,-0.500000000,1,0,0,0,1,3,-7.803959271,-8.419502666,1
4304,1789654142.064124346,-0.500000000,1,0,0,0,1,3,-7.803959271,-8.419502666,1
4305,1789654142.074107170,-0.500000000,1,0,0,0,1,3,-7.759685675,-8.400949333,1
4306,1789654142.084129810,-0.500000000,1,0,0,0,1,3,-7.759685675,-8.400949333,1
4307,1789654142.094137192,-0.500000000,1,0,0,0,1,3,-7.759685675,-8.400949333,1
4308,1789654142.104110241,-0.500000000,1,0,0,0,1,3,-7.759685675,-8.400949333,1
4309,1789654142.114155769,-0.500000000,1,0,0,0,1,3,-7.759685675,-8.400949333,1
4310,1789654142.124105453,-0.500000000,1,0,0,0,1,3,-7.759685675,-8.400949333,1
4311,1789654142.134159327,-0.500000000,1,0,0,0,1,3,-7.759685675,-8.400949333,1
4312,1789654142.144112110,-0.500000000,1,0,0,0,1,3,-7.759685675,-8.400949333,1
4313,1789654142.154111862,-0.500000000,1,0,0,0,1,3,-7.759685675,-8.400949333,1
4314,1789654142.164125919,-0.500000000,1,0,0,0,1,3,-7.759685675,-8.400949333,1
4315,1789654142.174108505,-0.500000000,1,0,0,0,1,3,-7.700654213,-8.363842667,1
4316,1789654142.184128284,-0.500000000,1,0,0,0,1,3,-7.700654213,-8.363842667,1
4317,1789654142.194172382,-0.500000000,1,0,0,0,1,3,-7.700654213,-8.363842667,1
4318,1789654142.204123497,-0.500000000,1,0,0,0,1,3,-7.700654213,-8.363842667,1
4319,1789654142.214159250,-0.500000000,1,0,0,0,1,3,-7.700654213,-8.363842667,1
4320,1789654142.224153519,-0.500000000,1,0,0,0,1,3,-7.700654213,-8.363842667,1
4321,1789654142.234136581,-0.500000000,1,0,0,0,1,3,-7.700654213,-8.363842667,1
4322,1789654142.244165421,-0.500000000,1,0,0,0,1,3,-7.700654213,-8.363842667,1
4323,1789654142.254133940,-0.500000000,1,0,0,0,1,3,-7.700654213,-8.363842667,1
4324,1789654142.264122725,-0.500000000,1,0,0,0,1,3,-7.700654213,-8.363842667,1
4325,1789654142.274147272,-0.500000000,1,0,0,0,1,3,-7.656380615,-8.345289333,1
4326,1789654142.284156084,-0.500000000,1,0,0,0,1,3,-7.656380615,-8.345289333,1
4327,1789654142.294181108,-0.500000000,1,0,0,0,1,3,-7.656380615,-8.345289333,1
4328,1789654142.304129601,-0.500000000,1,0,0,0,1,3,-7.656380615,-8.345289333,1
4329,1789654142.314128160,-0.500000000,1,0,0,0,1,3,-7.656380615,-8.345289333,1
4330,1789654142.324130297,-0.500000000,1,0,0,0,1,3,-7.656380615,-8.345289333,1
4331,1789654142.334120750,-0.500000000,1,0,0,0,1,3,-7.656380615,-8.345289333,1
4332,1789654142.344240665,-0.500000000,1,0,0,0,1,3,-7.656380615,-8.345289333,1
4333,1789654142.354121923,-0.500000000,1,0,0,0,1,3,-7.656380615,-8.345289333,1
4334,1789654142.364171028,-0.500000000,1,0,0,0,1,3,-7.656380615,-8.345289333,1
4335,1789654142.374124050,-0.500000000,1,0,0,0,1,3,-7.656380615,-8.345289333,1
4336,1789654142.384160519,-0.500000000,1,0,0,0,1,3,-7.656380615,-8.345289333,1
4337,1789654142.394123793,-0.500000000,1,0,0,0,1,3,-7.656380615,-8.345289333,1
4338,1789654142.404109478,-0.500000000,1,0,0,0,1,3,-7.656380615,-8.345289333,1
4339,1789654142.414162874,-0.500000000,1,0,0,0,1,3,-7.656380615,-8.345289333,1
4340,1789654142.424159527,-0.500000000,1,0,0,0,1,3,-7.656380615,-8.345289333,1
4341,1789654142.434129953,-0.500000000,1,0,0,0,1,3,-7.656380615,-8.345289333,1
4342,1789654142.444144964,-0.500000000,1,0,0,0,1,3,-7.656380615,-8.345289333,1
4343,1789654142.454136848,-0.500000000,1,0,0,0,1,3,-7.656380615,-8.345289333,1
4344,1789654142.464106321,-0.500000000,1,0,0,0,1,3,-7.656380615,-8.345289333,1
4345,1789654142.474140406,-0.500000000,1,0,0,0,1,3,-7.612107019,-8.289629333,1
4346,1789654142.484128714,-0.500000000,1,0,0,0,1,3,-7.612107019,-8.289629333,1
4347,1789654142.494136095,-0.500000000,1,0,0,0,1,3,-7.612107019,-8.289629333,1
4348,1789654142.504116535,-0.500000000,1,0,0,0,1,3,-7.612107019,-8.289629333,1
4349,1789654142.514107227,-0.500000000,1,0,0,0,1,3,-7.612107019,-8.289629333,1
4350,1789654142.524121046,-0.500000000,1,0,0,0,1,3,-7.612107019,-8.289629333,1
4351,1789654142.534107685,-0.500000000,1,0,0,0,1,3,-7.612107019,-8.289629333,1
4352,1789654142.544163942,-0.500000000,1,0,0,0,1,3,-7.612107019,-8.289629333,1
4353,1789654142.554131031,-0.500000000,1,0,0,0,1,3,-7.612107019,-8.289629333,1
4354,1789654142.564127684,-0.500000000,1,0,0,0,1,3,-7.612107019,-8.289629333,1
4355,1789654142.574107170,-0.500000000,1,0,0,0,1,3,-7.612107019,-8.289629333,1
4356,1789654142.584134102,-0.500000000,1,0,0,0,1,3,-7.612107019,-8.289629333,1
4357,1789654142.594134331,-0.500000000,1,0,0,0,1,3,-7.612107019,-8.289629333,1
4358,1789654142.604116917,-0.500000000,1,0,0,0,1,3,-7.612107019,-8.289629333,1
4359,1789654142.614114523,-0.500000000,1,0,0,0,1,3,-7.612107019,-8.289629333,1
4360,1789654142.624124527,-0.500000000,1,0,0,0,1,3,-7.612107019,-8.289629333,1
4361,1789654142.634190321,-0.500000000,1,0,0,0,1,3,-7.612107019,-8.289629333,1
4362,1789654142.644188404,-0.500000000,1,0,0,0,1,3,-7.612107019,-8.289629333,1
4363,1789654142.654127121,-0.500000000,1,0,0,0,1,3,-7.612107019,-8.289629333,1
4364,1789654142.664117813,-0.500000000,1,0,0,0,1,3,-7.612107019,-8.289629333,1
4365,1789654142.674110889,-0.500000000,1,0,0,0,1,3,-7.523559826,-8.233969334,1
4366,1789654142.684142590,-0.500000000,1,0,0,0,1,3,-7.523559826,-8.233969334,1
4367,1789654142.694127560,-0.500000000,1,0,0,0,1,3,-7.523559826,-8.233969334,1
4368,1789654142.704127312,-0.500000000,1,0,0,0,1,3,-7.523559826,-8.233969334,1
4369,1789654142.714131117,-0.500000000,1,0,0,0,1,3,-7.523559826,-8.233969334,1
4370,1789654142.724293947,-0.500000000,1,0,0,0,1,3,-7.523559826,-8.233969334,1
4371,1789654142.734110832,-0.500000000,1,0,0,0,1,3,-7.523559826,-8.233969334,1
4372,1789654142.744210482,-0.500000000,1,0,0,0,1,3,-7.523559826,-8.233969334,1
4373,1789654142.754124641,-0.500000000,1,0,0,0,1,3,-7.523559826,-8.233969334,1
4374,1789654142.764192104,-0.500000000,1,0,0,0,1,3,-7.523559826,-8.233969334,1
4375,1789654142.774118662,-0.500000000,1,0,0,0,1,3,-7.479286230,-8.196862667,1
4376,1789654142.784180164,-0.500000000,1,0,0,0,1,3,-7.479286230,-8.196862667,1
4377,1789654142.794143438,-0.500000000,1,0,0,0,1,3,-7.479286230,-8.196862667,1
4378,1789654142.804140568,-0.500000000,1,0,0,0,1,3,-7.479286230,-8.196862667,1
4379,1789654142.814148903,-0.500000000,1,0,0,0,1,3,-7.479286230,-8.196862667,1
4380,1789654142.824134588,-0.500000000,1,0,0,0,1,3,-7.479286230,-8.196862667,1
4381,1789654142.834153652,-0.500000000,1,0,0,0,1,3,-7.479286230,-8.196862667,1
4382,1789654142.844187975,-0.500000000,1,0,0,0,1,3,-7.479286230,-8.196862667,1
4383,1789654142.854186773,-0.500000000,1,0,0,0,1,3,-7.479286230,-8.196862667,1
4384,1789654142.864213228,-0.500000000,1,0,0,0,1,3,-7.479286230,-8.196862667,1
4385,1789654142.874132633,-0.500000000,1,0,0,0,1,3,-7.449770499,-8.141202666,1
4386,1789654142.884174109,-0.500000000,1,0,0,0,1,3,-7.449770499,-8.141202666,1
4387,1789654142.894160748,-0.500000000,1,0,0,0,1,3,-7.449770499,-8.141202666,1
4388,1789654142.904211521,-0.500000000,1,0,0,0,1,3,-7.449770499,-8.141202666,1
4389,1789654142.914126396,-0.500000000,1,0,0,0,1,3,-7.449770499,-8.141202666,1
4390,1789654142.924154043,-0.500000000,1,0,0,0,1,3,-7.449770499,-8.141202666,1
4391,1789654142.934127331,-0.500000000,1,0,0,0,1,3,-7.449770499,-8.141202666,1
4392,1789654142.944183588,-0.500000000,1,0,0,0,1,3,-7.449770499,-8.141202666,1
4393,1789654142.954127073,-0.500000000,1,0,0,0,1,3,-7.449770499,-8.141202666,1
4394,1789654142.964311838,-0.500000000,1,0,0,0,1,3,-7.449770499,-8.141202666,1
4395,1789654142.974119663,-0.500000000,1,0,0,0,1,3,-7.449770499,-8.141202666,1
4396,1789654142.984180212,-0.500000000,1,0,0,0,1,3,-7.449770499,-8.141202666,1
4397,1789654142.994142771,-0.500000000,1,0,0,0,1,3,-7.449770499,-8.141202666,1
4398,1789654143.004121780,-0.500000000,1,0,0,0,1,3,-7.449770499,-8.141202666,1
4399,1789654143.014187098,-0.500000000,1,0,0,0,1,3,-7.449770499,-8.141202666,1
4400,1789654143.024122000,-0.500000000,1,0,0,0,1,3,-7.449770499,-8.141202666,1
4401,1789654143.034156561,-0.500000000,1,0,0,0,1,3,-7.449770499,-8.141202666,1
4402,1789654143.044271946,-0.500000000,1,0,0,0,1,3,-7.449770499,-8.141202666,1
4403,1789654143.054194450,-0.500000000,1,0,0,0,1,3,-7.449770499,-8.141202666,1
4404,1789654143.064227819,-0.500000000,1,0,0,0,1,3,-7.449770499,-8.141202666,1
4405,1789654143.074130774,-0.500000000,1,0,0,0,1,3,-7.405496903,-8.085542667,1
4406,1789654143.084198475,-0.500000000,1,0,0,0,1,3,-7.405496903,-8.085542667,1
4407,1789654143.094114304,-0.500000000,1,0,0,0,1,3,-7.405496903,-8.085542667,1
4408,1789654143.104117155,-0.500000000,1,0,0,0,1,3,-7.405496903,-8.085542667,1
4409,1789654143.114130974,-0.500000000,1,0,0,0,1,3,-7.405496903,-8.085542667,1
4410,1789654143.124158144,-0.500000000,1,0,0,0,1,3,-7.405496903,-8.085542667,1
4411,1789654143.134126425,-0.500000000,1,0,0,0,1,3,-7.405496903,-8.085542667,1
4412,1789654143.144212484,-0.500000000,1,0,0,0,1,3,-7.405496903,-8.085542667,1
4413,1789654143.154154301,-0.500000000,1,0,0,0,1,3,-7.405496903,-8.085542667,1
4414,1789654143.164133310,-0.500000000,1,0,0,0,1,3,-7.405496903,-8.085542667,1
4415,1789654143.174133778,-0.500000000,1,0,0,0,1,3,-7.375981172,-8.048436000,1
4416,1789654143.184149504,-0.500000000,1,0,0,0,1,3,-7.375981172,-8.048436000,1
4417,1789654143.194186211,-0.500000000,1,0,0,0,1,3,-7.375981172,-8.048436000,1
4418,1789654143.204172850,-0.500000000,1,0,0,0,1,3,-7.375981172,-8.048436000,1
4419,1789654143.214139223,-0.500000000,1,0,0,0,1,3,-7.375981172,-8.048436000,1
4420,1789654143.224207163,-0.500000000,1,0,0,0,1,3,-7.375981172,-8.048436000,1
4421,1789654143.234128475,-0.500000000,1,0,0,0,1,3,-7.375981172,-8.048436000,1
4422,1789654143.244181871,-0.500000000,1,0,0,0,1,3,-7.375981172,-8.048436000,1
4423,1789654143.254178524,-0.500000000,1,0,0,0,1,3,-7.375981172,-8.048436000,1
4424,1789654143.264169693,-0.500000000,1,0,0,0,1,3,-7.375981172,-8.048436000,1
4425,1789654143.274138212,-0.500000000,1,0,0,0,1,3,-7.346465441,-7.992776000,1
4426,1789654143.284135580,-0.500000000,1,0,0,0,1,3,-7.346465441,-7.992776000,1
4427,1789654143.294134855,-0.500000000,1,0,0,0,1,3,-7.346465441,-7.992776000,1
4428,1789654143.304112434,-0.500000000,1,0,0,0,1,3,-7.346465441,-7.992776000,1
4429,1789654143.314111233,-0.500000000,1,0,0,0,1,3,-7.346465441,-7.992776000,1
4430,1789654143.324110985,-0.500000000,1,0,0,0,1,3,-7.346465441,-7.992776000,1
4431,1789654143.334109068,-0.500000000,1,0,0,0,1,3,-7.346465441,-7.992776000,1
4432,1789654143.344184637,-0.500000000,1,0,0,0,1,3,-7.346465441,-7.992776000,1
4433,1789654143.354183435,-0.500000000,1,0,0,0,1,3,-7.346465441,-7.992776000,1
4434,1789654143.364148140,-0.500000000,1,0,0,0,1,3,-7.346465441,-7.992776000,1
4435,1789654143.374102831,-0.500000000,1,0,0,0,1,3,-7.302191844,-7.955669333,1
4436,1789654143.384145498,-0.500000000,1,1,0,0,1,3,-7.302191844,-7.955669333,1
4437,1789654143.394115925,-0.500000000,1,1,0,0,1,3,-7.302191844,-7.955669333,1
4438,1789654143.404111624,-0.500000000,1,1,0,0,1,3,-7.302191844,-7.955669333,1
4439,1789654143.414172173,-0.500000000,1,1,0,0,1,3,-7.302191844,-7.955669333,1
4440,1789654143.424159527,-0.500000000,1,1,0,0,1,3,-7.302191844,-7.955669333,1
4441,1789654143.434130430,-0.500000000,1,1,0,0,1,3,-7.302191844,-7.955669333,1
4442,1789654143.444112778,-0.500000000,1,1,0,0,1,3,-7.302191844,-7.955669333,1
4443,1789654143.454172134,-0.500000000,1,1,0,0,1,3,-7.302191844,-7.955669333,1
4444,1789654143.464103460,-0.500000000,1,1,0,0,1,3,-7.302191844,-7.955669333,1
4445,1789654143.474113703,-0.500000000,1,1,0,0,1,3,-7.302191844,-7.955669333,1
4446,1789654143.484132290,-0.500000000,1,1,0,0,1,3,-7.302191844,-7.955669333,1
4447,1789654143.494110823,-0.500000000,1,1,0,0,1,3,-7.302191844,-7.955669333,1
4448,1789654143.504103899,-0.500000000,1,1,0,0,1,3,-7.302191844,-7.955669333,1
4449,1789654143.514131308,-0.500000000,1,1,0,0,1,3,-7.302191844,-7.955669333,1
4450,1789654143.524124384,-0.500000000,1,1,0,0,1,3,-7.302191844,-7.955669333,1
4451,1789654143.534178257,-0.500000000,1,1,0,0,1,3,-7.302191844,-7.955669333,1
4452,1789654143.544213295,-0.500000000,1,1,0,0,1,3,-7.302191844,-7.955669333,1
4453,1789654143.554127932,-0.500000000,1,1,0,0,1,3,-7.302191844,-7.955669333,1
4454,1789654143.564128399,-0.500000000,1,1,0,0,1,3,-7.302191844,-7.955669333,1
4455,1789654143.574106455,-0.500000000,1,1,0,0,1,3,-7.272676113,-7.918562667,1
4456,1789654143.584126472,-0.500000000,1,1,0,0,1,3,-7.272676113,-7.918562667,1
4457,1789654143.594218254,-0.500000000,1,1,0,0,1,3,-7.272676113,-7.918562667,1
4458,1789654143.604127169,-0.500000000,1,1,0,0,1,3,-7.272676113,-7.918562667,1
4459,1789654143.614131451,-0.500000000,1,1,0,0,1,3,-7.272676113,-7.918562667,1
4460,1789654143.624109268,-0.500000000,1,1,0,0,1,3,-7.272676113,-7.918562667,1
4461,1789654143.634127855,-0.500000000,1,1,0,0,1,3,-7.272676113,-7.918562667,1
4462,1789654143.644182682,-0.500000000,1,1,0,0,1,3,-7.272676113,-7.918562667,1
4463,1789654143.654168129,-0.500000000,1,1,0,0,1,3,-7.272676113,-7.918562667,1
4464,1789654143.664110422,-0.500000000,1,1,0,0,1,3,-7.272676113,-7.918562667,1
4465,1789654143.674100876,-0.500000000,1,1,0,0,1,3,-7.272676113,-7.844349333,1
4466,1789654143.684145451,-0.500000000,1,1,0,0,1,3,-7.272676113,-7.844349333,1
4467,1789654143.694128752,-0.500000000,1,1,0,0,1,3,-7.272676113,-7.844349333,1
4468,1789654143.704124928,-0.500000000,1,1,0,0,1,3,-7.272676113,-7.844349333,1
4469,1789654143.714138031,-0.500000000,1,1,0,0,1,3,-7.272676113,-7.844349333,1
4470,1789654143.724111557,-0.500000000,1,1,0,0,1,3,-7.272676113,-7.844349333,1
4471,1789654143.734118462,-0.500000000,1,1,0,0,1,3,-7.272676113,-7.844349333,1
4472,1789654143.744185686,-0.500000000,1,1,0,0,1,3,-7.272676113,-7.844349333,1
4473,1789654143.754129171,-0.500000000,1,1,0,0,1,3,-7.272676113,-7.844349333,1
4474,1789654143.764121294,-0.500000000,1,1,0,0,1,3,-7.272676113,-7.844349333,1
4475,1789654143.774110556,-0.500000000,1,1,0,0,1,3,-7.243160383,-7.770136000,1
4476,1789654143.784126759,-0.500000000,1,1,0,0,1,3,-7.243160383,-7.770136000,1
4477,1789654143.794221401,-0.500000000,1,1,0,0,1,3,-7.243160383,-7.770136000,1
4478,1789654143.804105759,-0.500000000,1,1,0,0,1,3,-7.243160383,-7.770136000,1
4479,1789654143.814156532,-0.500000000,1,1,0,0,1,3,-7.243160383,-7.770136000,1
4480,1789654143.824113369,-0.500000000,1,1,0,0,1,3,-7.243160383,-7.770136000,1
4481,1789654143.834158182,-0.500000000,1,1,0,0,1,3,-7.243160383,-7.770136000,1
4482,1789654143.844189167,-0.500000000,1,1,0,0,1,3,-7.243160383,-7.770136000,1
4483,1789654143.854104519,-0.500000000,1,1,0,0,1,3,-7.243160383,-7.770136000,1
4484,1789654143.864202261,-0.500000000,1,1,0,0,1,3,-7.243160383,-7.770136000,1
4485,1789654143.874145508,-0.500000000,1,1,0,0,1,3,-7.228402517,-7.733029333,1
4486,1789654143.884160995,-0.500000000,1,1,0,0,1,3,-7.228402517,-7.733029333,1
4487,1789654143.894137383,-0.500000000,1,1,0,0,1,3,-7.228402517,-7.733029333,1
4488,1789654143.904134035,-0.500000000,1,1,0,0,1,3,-7.228402517,-7.733029333,1
4489,1789654143.914155722,-0.500000000,1,1,0,0,1,3,-7.228402517,-7.733029333,1
4490,1789654143.924134254,-0.500000000,1,1,0,0,1,3,-7.228402517,-7.733029333,1
4491,1789654143.934131145,-0.500000000,1,1,0,0,1,3,-7.228402517,-7.733029333,1
4492,1789654143.944176197,-0.500000000,1,1,0,0,1,3,-7.228402517,-7.733029333,1
4493,1789654143.954194784,-0.500000000,1,1,0,0,1,3,-7.228402517,-7.733029333,1
4494,1789654143.964169025,-0.500000000,1,1,0,0,1,3,-7.228402517,-7.733029333,1
4495,1789654143.974114656,-0.500000000,1,1,0,0,1,3,-7.228402517,-7.733029333,1
4496,1789654143.984126806,-0.500000000,1,1,0,0,1,3,-7.228402517,-7.733029333,1
4497,1789654143.994144678,-0.500000000,1,1,0,0,1,3,-7.228402517,-7.733029333,1
4498,1789654144.004138470,-0.500000000,1,1,0,0,1,3,-7.228402517,-7.733029333,1
4499,1789654144.014130831,-0.500000000,1,1,0,0,1,3,-7.228402517,-7.733029333,1
4500,1789654144.024120569,-0.500000000,1,1,0,0,1,3,-7.228402517,-7.733029333,1
4501,1789654144.034156561,-0.500000000,1,1,0,0,1,3,-7.228402517,-7.733029333,1
4502,1789654144.044116259,-0.500000000,1,1,0,0,1,3,-7.228402517,-7.733029333,1
4503,1789654144.054211378,-0.500000000,1,1,0,0,1,3,-7.228402517,-7.733029333,1
4504,1789654144.064131498,-0.500000000,1,1,0,0,1,3,-7.228402517,-7.733029333,1
4505,1789654144.074118137,-0.500000000,1,1,0,0,1,3,-7.213644652,-7.658816000,1
4506,1789654144.084171772,-0.500000000,1,1,0,0,1,3,-7.213644652,-7.658816000,1
4507,1789654144.094168663,-0.500000000,1,1,0,0,1,3,-7.213644652,-7.658816000,1
4508,1789654144.104134083,-0.500000000,1,1,0,0,1,3,-7.213644652,-7.658816000,1
4509,1789654144.114127159,-0.500000000,1,1,0,0,1,3,-7.213644652,-7.658816000,1
4510,1789654144.124118328,-0.500000000,1,1,0,0,1,3,-7.213644652,-7.658816000,1
4511,1789654144.134156704,-0.500000000,1,1,0,0,1,3,-7.213644652,-7.658816000,1
4512,1789654144.144257545,-0.500000000,1,1,0,0,1,3,-7.213644652,-7.658816000,1
4513,1789654144.154146671,-0.500000000,1,1,0,0,1,3,-7.213644652,-7.658816000,1
4514,1789654144.164131880,-0.500000000,1,1,0,0,1,3,-7.213644652,-7.658816000,1
4515,1789654144.174120188,-0.500000000,1,1,0,0,1,3,-7.198886786,-7.603156000,1
4516,1789654144.184112072,-0.500000000,1,1,0,0,1,3,-7.198886786,-7.603156000,1
4517,1789654144.194125891,-0.500000000,1,1,0,0,1,3,-7.198886786,-7.603156000,1
4518,1789654144.204112530,-0.500000000,1,1,0,0,1,3,-7.198886786,-7.603156000,1
4519,1789654144.214116812,-0.500000000,1,1,0,0,1,3,-7.198886786,-7.603156000,1
4520,1789654144.224131584,-0.500000000,1,1,0,0,1,3,-7.198886786,-7.603156000,1
4521,1789654144.234146833,-0.500000000,1,1,0,0,1,3,-7.198886786,-7.603156000,1
4522,1789654144.244187117,-0.500000000,1,1,0,0,1,3,-7.198886786,-7.603156000,1
4523,1789654144.254116297,-0.500000000,1,1,0,0,1,3,-7.198886786,-7.603156000,1
4524,1789654144.264126062,-0.500000000,1,1,0,0,1,3,-7.198886786,-7.603156000,1
4525,1789654144.274166584,-0.500000000,1,1,0,0,1,3,-7.198886786,-7.547496000,1
4526,1789654144.284137726,-0.500000000,1,1,0,0,1,3,-7.198886786,-7.547496000,1
4527,1789654144.294113874,-0.500000000,1,1,0,0,1,3,-7.198886786,-7.547496000,1
4528,1789654144.304126978,-0.500000000,1,1,0,0,1,3,-7.198886786,-7.547496000,1
4529,1789654144.314125061,-0.500000000,1,1,0,0,1,3,-7.198886786,-7.547496000,1
4530,1789654144.324148655,-0.500000000,1,1,0,0,1,3,-7.198886786,-7.547496000,1
4531,1789654144.334110022,-0.500000000,1,1,0,0,1,3,-7.198886786,-7.547496000,1
4532,1789654144.344161987,-0.500000000,1,1,0,0,1,3,-7.198886786,-7.547496000,1
4533,1789654144.354131222,-0.500000000,1,1,0,0,1,3,-7.198886786,-7.547496000,1
4534,1789654144.364108801,-0.500000000,1,1,0,0,1,3,-7.198886786,-7.547496000,1
4535,1789654144.374116421,-0.500000000,1,1,0,0,1,3,-7.198886786,-7.547496000,1
4536,1789654144.384168863,-0.500000000,1,1,0,0,1,3,-7.198886786,-7.547496000,1
4537,1789654144.394131422,-0.500000000,1,1,0,0,1,3,-7.198886786,-7.547496000,1
4538,1789654144.404115677,-0.500000000,1,1,0,0,1,3,-7.198886786,-7.547496000,1
4539,1789654144.414119959,-0.500000000,1,1,0,0,1,3,-7.198886786,-7.547496000,1
4540,1789654144.424099684,-0.500000000,1,1,0,0,1,3,-7.198886786,-7.547496000,1
4541,1789654144.434128284,-0.500000000,1,1,0,0,1,3,-7.198886786,-7.547496000,1
4542,1789654144.444127560,-0.500000000,1,1,0,0,1,3,-7.198886786,-7.547496000,1
4543,1789654144.454112530,-0.500000000,1,1,0,0,1,3,-7.198886786,-7.547496000,1
4544,1789654144.464136362,-0.500000000,1,1,0,0,1,3,-7.198886786,-7.547496000,1
4545,1789654144.474107981,-0.500000000,1,1,0,0,1,3,-7.184128921,-7.491836000,1
4546,1789654144.484146595,-0.500000000,1,1,0,0,1,3,-7.184128921,-7.491836000,1
4547,1789654144.494122744,-0.500000000,1,1,0,0,1,3,-7.184128921,-7.491836000,1
4548,1789654144.504135609,-0.500000000,1,1,0,0,1,3,-7.184128921,-7.491836000,1
4549,1789654144.514153242,-0.500000000,1,1,0,0,1,3,-7.184128921,-7.491836000,1
4550,1789654144.524109364,-0.500000000,1,1,0,0,1,3,-7.184128921,-7.491836000,1
4551,1789654144.534111977,-0.500000000,1,1,0,0,1,3,-7.184128921,-7.491836000,1
4552,1789654144.544162750,-0.500000000,1,1,0,0,1,3,-7.184128921,-7.491836000,1
4553,1789654144.554172754,-0.500000000,1,1,0,0,1,3,-7.184128921,-7.491836000,1
4554,1789654144.564169407,-0.500000000,1,1,0,0,1,3,-7.184128921,-7.491836000,1
4555,1789654144.574329376,-0.500000000,1,1,0,0,1,3,-7.184128921,-7.436176000,1
4556,1789654144.584165096,-0.500000000,1,1,0,0,1,3,-7.184128921,-7.436176000,1
4557,1789654144.594133139,-0.500000000,1,1,0,0,1,3,-7.184128921,-7.436176000,1
4558,1789654144.604196072,-0.500000000,1,1,0,0,1,3,-7.184128921,-7.436176000,1
4559,1789654144.614126444,-0.500000000,1,1,0,0,1,3,-7.184128921,-7.436176000,1
4560,1789654144.624109268,-0.500000000,1,1,0,0,1,3,-7.184128921,-7.436176000,1
4561,1789654144.634130478,-0.500000000,1,1,0,0,1,3,-7.184128921,-7.436176000,1
4562,1789654144.644119501,-0.500000000,1,1,0,0,1,3,-7.184128921,-7.436176000,1
4563,1789654144.654137373,-0.500000000,1,1,0,0,1,3,-7.184128921,-7.436176000,1
4564,1789654144.664168596,-0.500000000,1,1,0,0,1,3,-7.184128921,-7.436176000,1
4565,1789654144.674199820,-0.500000000,1,1,0,0,1,3,-7.184128921,-7.361962667,1
4566,1789654144.684124708,-0.500000000,1,1,0,0,1,3,-7.184128921,-7.361962667,1
4567,1789654144.694144011,-0.500000000,1,1,0,0,1,3,-7.184128921,-7.361962667,1
4568,1789654144.704104662,-0.500000000,1,1,0,0,1,3,-7.184128921,-7.361962667,1
4569,1789654144.714161396,-0.500000000,1,1,0,0,1,3,-7.184128921,-7.361962667,1
4570,1789654144.724126816,-0.500000000,1,1,0,0,1,3,-7.184128921,-7.361962667,1
4571,1789654144.734131098,-0.500000000,1,1,0,0,1,3,-7.184128921,-7.361962667,1
4572,1789654144.744151354,-0.500000000,1,1,0,0,1,3,-7.184128921,-7.361962667,1
4573,1789654144.754133940,-0.500000000,1,1,0,0,1,3,-7.184128921,-7.361962667,1
4574,1789654144.764145613,-0.500000000,1,1,0,0,1,3,-7.184128921,-7.361962667,1
4575,1789654144.774108887,-0.500000000,1,1,0,0,1,3,-7.169371054,-7.306302667,1
4576,1789654144.784135103,-0.500000000,1,1,0,0,1,3,-7.169371054,-7.306302667,1
4577,1789654144.794132710,-0.500000000,1,1,0,0,1,3,-7.169371054,-7.306302667,1
4578,1789654144.804101229,-0.500000000,1,1,0,0,1,3,-7.169371054,-7.306302667,1
4579,1789654144.814138889,-0.500000000,1,1,0,0,1,3,-7.169371054,-7.306302667,1
4580,1789654144.824114799,-0.500000000,1,1,0,0,1,3,-7.169371054,-7.306302667,1
4581,1789654144.834138155,-0.500000000,1,1,0,0,1,3,-7.169371054,-7.306302667,1
4582,1789654144.844225645,-0.500000000,1,1,0,0,1,3,-7.169371054,-7.306302667,1
4583,1789654144.854145527,-0.500000000,1,1,0,0,1,3,-7.169371054,-7.306302667,1
4584,1789654144.864123106,-0.500000000,1,1,0,0,1,3,-7.169371054,-7.306302667,1
4585,1789654144.874107599,-0.500000000,1,1,0,0,1,3,-7.154613189,-7.250642667,1
4586,1789654144.884140015,-0.500000000,1,1,0,0,1,3,-7.154613189,-7.250642667,1
4587,1789654144.894144297,-0.500000000,1,1,0,0,1,3,-7.154613189,-7.250642667,1
4588,1789654144.904139042,-0.500000000,1,1,0,0,1,3,-7.154613189,-7.250642667,1
4589,1789654144.914157867,-0.500000000,1,1,0,0,1,3,-7.154613189,-7.250642667,1
4590,1789654144.924130917,-0.500000000,1,1,0,0,1,3,-7.154613189,-7.250642667,1
4591,1789654144.934128046,-0.500000000,1,1,0,0,1,3,-7.154613189,-7.250642667,1
4592,1789654144.944152594,-0.500000000,1,1,0,0,1,3,-7.154613189,-7.250642667,1
4593,1789654144.954211235,-0.500000000,1,1,0,0,1,3,-7.154613189,-7.250642667,1
4594,1789654144.964106560,-0.500000000,1,1,0,0,1,3,-7.154613189,-7.250642667,1
4595,1789654144.974119186,-0.500000000,1,1,0,0,1,3,-7.154613189,-7.250642667,1
4596,1789654144.984147549,-0.500000000,1,1,0,0,1,3,-7.154613189,-7.250642667,1
4597,1789654144.994129896,-0.500000000,1,1,0,0,1,3,-7.154613189,-7.250642667,1
4598,1789654145.004107714,-0.500000000,1,1,0,0,1,3,-7.154613189,-7.250642667,1
4599,1789654145.014127254,-0.500000000,1,1,0,0,1,3,-7.154613189,-7.250642667,1
4600,1789654145.024121523,-0.500000000,1,1,0,0,1,3,-7.154613189,-7.250642667,1
4601,1789654145.034123182,-0.500000000,1,1,0,0,1,3,-7.154613189,-7.250642667,1
4602,1789654145.044182539,-0.500000000,1,1,0,0,1,3,-7.154613189,-7.250642667,1
4603,1789654145.054130793,-0.500000000,1,1,0,0,1,3,-7.154613189,-7.250642667,1
4604,1789654145.064193964,-0.500000000,1,1,0,0,1,3,-7.154613189,-7.250642667,1
4605,1789654145.074121952,-0.500000000,1,1,0,0,1,3,-7.139855323,-7.194982666,1
4606,1789654145.084136009,-0.500000000,1,1,0,0,1,3,-7.139855323,-7.194982666,1
4607,1789654145.094142675,-0.500000000,1,0,0,0,1,3,-7.139855323,-7.194982666,1
4608,1789654145.104127407,-0.500000000,1,0,0,0,1,3,-7.139855323,-7.194982666,1
4609,1789654145.114125967,-0.500000000,1,0,0,0,1,3,-7.139855323,-7.194982666,1
4610,1789654145.124125957,-0.500000000,1,0,0,0,1,3,-7.139855323,-7.194982666,1
4611,1789654145.134124994,-0.500000000,1,0,0,0,1,3,-7.139855323,-7.194982666,1
4612,1789654145.144185305,-0.500000000,1,0,0,0,1,3,-7.139855323,-7.194982666,1
4613,1789654145.154121876,-0.500000000,1,0,0,0,1,3,-7.139855323,-7.194982666,1
4614,1789654145.164174080,-0.500000000,1,0,0,0,1,3,-7.139855323,-7.194982666,1
4615,1789654145.174131155,-0.500000000,1,0,0,0,1,3,-7.125097458,-7.120769333,1
4616,1789654145.184170008,-0.500000000,1,0,0,0,1,3,-7.125097458,-7.120769333,1
4617,1789654145.194137573,-0.500000000,1,0,0,0,1,3,-7.125097458,-7.120769333,1
4618,1789654145.204138279,-0.500000000,1,0,0,0,1,3,-7.125097458,-7.120769333,1
4619,1789654145.214138985,-0.500000000,1,0,0,0,1,3,-7.125097458,-7.120769333,1
4620,1789654145.224125624,-0.500000000,1,0,0,0,1,3,-7.125097458,-7.120769333,1
4621,1789654145.234146357,-0.500000000,1,0,0,0,1,3,-7.125097458,-7.120769333,1
4622,1789654145.244234562,-0.500000000,1,0,0,0,1,3,-7.125097458,-7.120769333,1
4623,1789654145.254121542,-0.500000000,1,0,0,0,1,3,-7.125097458,-7.120769333,1
4624,1789654145.264131784,-0.500000000,1,0,0,0,1,3,-7.125097458,-7.120769333,1
4625,1789654145.274114370,-0.500000000,1,0,0,0,1,3,-7.110339592,-7.046556000,1
4626,1789654145.284196615,-0.500000000,1,0,0,0,1,3,-7.110339592,-7.046556000,1
4627,1789654145.294124603,-0.500000000,1,0,0,0,1,3,-7.110339592,-7.046556000,1
4628,1789654145.304147482,-0.500000000,1,0,0,0,1,3,-7.110339592,-7.046556000,1
4629,1789654145.314151525,-0.500000000,1,0,0,0,1,3,-7.110339592,-7.046556000,1
4630,1789654145.324105978,-0.500000000,1,0,0,0,1,3,-7.110339592,-7.046556000,1
4631,1789654145.334112883,-0.500000000,1,0,0,0,1,3,-7.110339592,-7.046556000,1
4632,1789654145.344210386,-0.500000000,1,0,0,0,1,3,-7.110339592,-7.046556000,1
4633,1789654145.354176521,-0.500000000,1,0,0,0,1,3,-7.110339592,-7.046556000,1
4634,1789654145.364168167,-0.500000000,1,0,0,0,1,3,-7.110339592,-7.046556000,1
4635,1789654145.374111414,-0.500000000,1,0,0,0,1,3,-7.080823861,-7.009449334,1
4636,1789654145.384132385,-0.500000000,1,0,0,0,1,3,-7.080823861,-7.009449334,1
4637,1789654145.394136906,-0.500000000,1,0,0,0,1,3,-7.080823861,-7.009449334,1
4638,1789654145.404146910,-0.500000000,1,0,0,0,1,3,-7.080823861,-7.009449334,1
4639,1789654145.414124012,-0.500000000,1,0,0,0,1,3,-7.080823861,-7.009449334,1
4640,1789654145.424109221,-0.500000000,1,0,0,0,1,3,-7.080823861,-7.009449334,1
4641,1789654145.434132814,-0.500000000,1,0,0,0,1,3,-7.080823861,-7.009449334,1
4642,1789654145.444123507,-0.500000000,1,0,0,0,1,3,-7.080823861,-7.009449334,1
4643,1789654145.454111338,-0.500000000,1,0,0,0,1,3,-7.080823861,-7.009449334,1
4644,1789654145.464192152,-0.500000000,1,0,0,0,1,3,-7.080823861,-7.009449334,1
4645,1789654145.474108934,-0.500000000,1,0,0,0,1,3,-7.080823861,-7.009449334,1
4646,1789654145.484145880,-0.500000000,1,0,0,0,1,3,-7.080823861,-7.009449334,1
4647,1789654145.494129419,-0.500000000,1,0,0,0,1,3,-7.080823861,-7.009449334,1
4648,1789654145.504106045,-0.500000000,1,0,0,0,1,3,-7.080823861,-7.009449334,1
4649,1789654145.514111996,-0.500000000,1,0,0,0,1,3,-7.080823861,-7.009449334,1
4650,1789654145.524136543,-0.500000000,1,0,0,0,1,3,-7.080823861,-7.009449334,1
4651,1789654145.534137249,-0.500000000,1,0,0,0,1,3,-7.080823861,-7.009449334,1
4652,1789654145.544202805,-0.500000000,1,0,0,0,1,3,-7.080823861,-7.009449334,1
4653,1789654145.554133177,-0.500000000,1,0,0,0,1,3,-7.080823861,-7.009449334,1
4654,1789654145.564127207,-0.500000000,1,0,0,0,1,3,-7.080823861,-7.009449334,1
4655,1789654145.574126244,-0.500000000,1,0,0,0,1,3,-7.051308130,-6.935236000,1
4656,1789654145.584127903,-0.500000000,1,0,0,0,1,3,-7.051308130,-6.935236000,1
4657,1789654145.594121456,-0.500000000,1,0,0,0,1,3,-7.051308130,-6.935236000,1
4658,1789654145.604120731,-0.500000000,1,0,0,0,1,3,-7.051308130,-6.935236000,1
4659,1789654145.614123344,-0.500000000,1,0,0,0,1,3,-7.051308130,-6.935236000,1
4660,1789654145.624130964,-0.500000000,1,0,0,0,1,3,-7.051308130,-6.935236000,1
4661,1789654145.634127140,-0.500000000,1,0,0,0,1,3,-7.051308130,-6.935236000,1
4662,1789654145.644172192,-0.500000000,1,0,0,0,1,3,-7.051308130,-6.935236000,1
4663,1789654145.654127121,-0.500000000,1,0,0,0,1,3,-7.051308130,-6.935236000,1
4664,1789654145.664120436,-0.500000000,1,0,0,0,1,3,-7.051308130,-6.935236000,1
4665,1789654145.674118042,-0.500000000,1,0,0,0,1,3,-7.036550265,-6.898129333,1
4666,1789654145.684138298,-0.500000000,1,0,0,0,1,3,-7.036550265,-6.898129333,1
4667,1789654145.694182873,-0.500000000,1,0,0,0,1,3,-7.036550265,-6.898129333,1
4668,1789654145.704125643,-0.500000000,1,0,0,0,1,3,-7.036550265,-6.898129333,1
4669,1789654145.714148521,-0.500000000,1,0,0,0,1,3,-7.036550265,-6.898129333,1
4670,1789654145.724107742,-0.500000000,1,0,0,0,1,3,-7.036550265,-6.898129333,1
4671,1789654145.734107018,-0.500000000,1,0,0,0,1,3,-7.036550265,-6.898129333,1
4672,1789654145.744143248,-0.500000000,1,0,0,0,1,3,-7.036550265,-6.898129333,1
4673,1789654145.754146814,-0.500000000,1,0,0,0,1,3,-7.036550265,-6.898129333,1
4674,1789654145.764145851,-0.500000000,1,0,0,0,1,3,-7.036550265,-6.898129333,1
4675,1789654145.774108410,-0.500000000,1,0,0,0,1,3,-7.007034534,-6.842469333,1
4676,1789654145.784130812,-0.500000000,1,0,0,0,1,3,-7.007034534,-6.842469333,1
4677,1789654145.794119835,-0.500000000,1,0,0,0,1,3,-7.007034534,-6.842469333,1
4678,1789654145.804139376,-0.500000000,1,0,0,0,1,3,-7.007034534,-6.842469333,1
4679,1789654145.814102888,-0.500000000,1,0,0,0,1,3,-7.007034534,-6.842469333,1
4680,1789654145.824129343,-0.500000000,1,0,0,0,1,3,-7.007034534,-6.842469333,1
4681,1789654145.834109068,-0.500000000,1,0,0,0,1,3,-7.007034534,-6.842469333,1
4682,1789654145.844156742,-0.500000000,1,0,0,0,1,3,-7.007034534,-6.842469333,1
4683,1789654145.854137659,-0.500000000,1,0,0,0,1,3,-7.007034534,-6.842469333,1
4684,1789654145.864108086,-0.500000000,1,0,0,0,1,3,-7.007034534,-6.842469333,1
4685,1789654145.874114513,-0.500000000,1,0,0,0,1,3,-6.977518803,-6.786809333,1
4686,1789654145.884104967,-0.500000000,1,0,0,0,1,3,-6.977518803,-6.786809333,1
4687,1789654145.894146442,-0.500000000,1,0,0,0,1,3,-6.977518803,-6.786809333,1
4688,1789654145.904141665,-0.500000000,1,0,0,0,1,3,-6.977518803,-6.786809333,1
4689,1789654145.914199352,-0.500000000,1,0,0,0,1,3,-6.977518803,-6.786809333,1
4690,1789654145.924160004,-0.500000000,1,0,0,0,1,3,-6.977518803,-6.786809333,1
4691,1789654145.934135914,-0.500000000,1,0,0,0,1,3,-6.977518803,-6.786809333,1
4692,1789654145.944129944,-0.500000000,1,0,0,0,1,3,-6.977518803,-6.786809333,1
4693,1789654145.954205513,-0.500000000,1,0,0,0,1,3,-6.977518803,-6.786809333,1
4694,1789654145.964113712,-0.500000000,1,0,0,0,1,3,-6.977518803,-6.786809333,1
4695,1789654145.974116802,-0.500000000,1,0,0,0,1,3,-6.977518803,-6.786809333,1
4696,1789654145.984133959,-0.500000000,1,0,0,0,1,3,-6.977518803,-6.786809333,1
4697,1789654145.994127512,-0.500000000,1,0,0,0,1,3,-6.977518803,-6.786809333,1
4698,1789654146.004134178,-0.500000000,1,0,0,0,1,3,-6.977518803,-6.786809333,1
4699,1789654146.014106274,-0.500000000,1,0,0,0,1,3,-6.977518803,-6.786809333,1
4700,1789654146.024110317,-0.500000000,1,0,0,0,1,3,-6.977518803,-6.786809333,1
4701,1789654146.034117460,-0.500000000,1,0,0,0,1,3,-6.977518803,-6.786809333,1
4702,1789654146.044206858,-0.500000000,1,0,0,0,1,3,-6.977518803,-6.786809333,1
4703,1789654146.054209232,-0.500000000,1,0,0,0,1,3,-6.977518803,-6.786809333,1
4704,1789654146.064123392,-0.500000000,1,0,0,0,1,3,-6.977518803,-6.786809333,1
4705,1789654146.074177504,-0.500000000,1,0,0,0,1,3,-6.933245207,-6.731149333,1
4706,1789654146.084137917,-0.500000000,1,0,0,0,1,3,-6.933245207,-6.731149333,1
4707,1789654146.094115734,-0.500000000,1,0,0,0,1,3,-6.933245207,-6.731149333,1
4708,1789654146.104111910,-0.500000000,1,0,0,0,1,3,-6.933245207,-6.731149333,1
4709,1789654146.114128590,-0.500000000,1,0,0,0,1,3,-6.933245207,-6.731149333,1
4710,1789654146.124131680,-0.500000000,1,0,0,0,1,3,-6.933245207,-6.731149333,1
4711,1789654146.134155035,-0.500000000,1,0,0,0,1,3,-6.933245207,-6.731149333,1
4712,1789654146.144153118,-0.500000000,1,0,0,0,1,3,-6.933245207,-6.731149333,1
4713,1789654146.154179573,-0.500000000,1,0,0,0,1,3,-6.933245207,-6.731149333,1
4714,1789654146.164135456,-0.500000000,1,0,0,0,1,3,-6.933245207,-6.731149333,1
4715,1789654146.174120665,-0.500000000,1,0,0,0,1,3,-6.888971610,-6.694042667,1
4716,1789654146.184107542,-0.500000000,1,0,0,0,1,3,-6.888971610,-6.694042667,1
4717,1789654146.194130659,-0.500000000,1,0,0,0,1,3,-6.888971610,-6.694042667,1
4718,1789654146.204135180,-0.500000000,1,0,0,0,1,3,-6.888971610,-6.694042667,1
4719,1789654146.214110136,-0.500000000,1,0,0,0,1,3,-6.888971610,-6.694042667,1
4720,1789654146.224102974,-0.500000000,1,0,0,0,1,3,-6.888971610,-6.694042667,1
4721,1789654146.234097242,-0.500000000,1,0,0,0,1,3,-6.888971610,-6.694042667,1
4722,1789654146.244183064,-0.500000000,1,0,0,0,1,3,-6.888971610,-6.694042667,1
4723,1789654146.254192591,-0.500000000,1,0,0,0,1,3,-6.888971610,-6.694042667,1
4724,1789654146.264109373,-0.500000000,1,0,0,0,1,3,-6.888971610,-6.694042667,1
4725,1789654146.274170399,-0.500000000,1,0,0,0,1,3,-6.844698014,-6.638382667,1
4726,1789654146.284120798,-0.500000000,1,0,0,0,1,3,-6.844698014,-6.638382667,1
4727,1789654146.294132948,-0.500000000,1,0,0,0,1,3,-6.844698014,-6.638382667,1
4728,1789654146.304154873,-0.500000000,1,0,0,0,1,3,-6.844698014,-6.638382667,1
4729,1789654146.314156055,-0.500000000,1,0,0,0,1,3,-6.844698014,-6.638382667,1
4730,1789654146.324118614,-0.500000000,1,0,0,0,1,3,-6.844698014,-6.638382667,1
4731,1789654146.334110260,-0.500000000,1,0,0,0,1,3,-6.844698014,-6.638382667,1
4732,1789654146.344180107,-0.500000000,1,0,0,0,1,3,-6.844698014,-6.638382667,1
4733,1789654146.354145288,-0.500000000,1,0,0,0,1,3,-6.844698014,-6.638382667,1
4734,1789654146.364158154,-0.500000000,1,0,0,0,1,3,-6.844698014,-6.638382667,1
4735,1789654146.374111176,-0.500000000,1,0,0,0,1,3,-6.844698014,-6.638382667,1
4736,1789654146.384147882,-0.500000000,1,0,0,0,1,3,-6.844698014,-6.638382667,1
4737,1789654146.394133329,-0.500000000,1,0,0,0,1,3,-6.844698014,-6.638382667,1
4738,1789654146.404129505,-0.500000000,1,0,0,0,1,3,-6.844698014,-6.638382667,1
4739,1789654146.414132118,-0.500000000,1,0,0,0,1,3,-6.844698014,-6.638382667,1
4740,1789654146.424107313,-0.500000000,1,0,0,0,1,3,-6.844698014,-6.638382667,1
4741,1789654146.434121847,-0.500000000,1,0,0,0,1,3,-6.844698014,-6.638382667,1
4742,1789654146.444113731,-0.500000000,1,0,0,0,1,3,-6.844698014,-6.638382667,1
4743,1789654146.454125166,-0.500000000,1,0,0,0,1,3,-6.844698014,-6.638382667,1
4744,1789654146.464172840,-0.500000000,1,0,0,0,1,3,-6.844698014,-6.638382667,1
4745,1789654146.474108934,-0.500000000,1,0,0,0,1,3,-6.815182283,-6.582722666,1
4746,1789654146.484136820,-0.500000000,1,0,0,0,1,3,-6.815182283,-6.582722666,1
4747,1789654146.494139671,-0.500000000,1,0,0,0,1,3,-6.815182283,-6.582722666,1
4748,1789654146.504114151,-0.500000000,1,0,0,0,1,3,-6.815182283,-6.582722666,1
4749,1789654146.514140368,-0.500000000,1,0,0,0,1,3,-6.815182283,-6.582722666,1
4750,1789654146.524136782,-0.500000000,1,0,0,0,1,3,-6.815182283,-6.582722666,1
4751,1789654146.534133434,-0.500000000,1,0,0,0,1,3,-6.815182283,-6.582722666,1
4752,1789654146.544154406,-0.500000000,1,0,0,0,1,3,-6.815182283,-6.582722666,1
4753,1789654146.554137945,-0.500000000,1,0,0,0,1,3,-6.815182283,-6.582722666,1
4754,1789654146.564147234,-0.500000000,1,0,0,0,1,3,-6.815182283,-6.582722666,1
4755,1789654146.574115038,-0.500000000,1,0,0,0,1,3,-6.756150821,-6.545616000,1
4756,1789654146.584143400,-0.500000000,1,0,0,0,1,3,-6.756150821,-6.545616000,1
4757,1789654146.594114304,-0.500000000,1,0,0,0,1,3,-6.756150821,-6.545616000,1
4758,1789654146.604111910,-0.500000000,1,0,0,0,1,3,-6.756150821,-6.545616000,1
4759,1789654146.614112616,-0.500000000,1,0,0,0,1,3,-6.756150821,-6.545616000,1
4760,1789654146.624152660,-0.500000000,1,0,0,0,1,3,-6.756150821,-6.545616000,1
4761,1789654146.634128094,-0.500000000,1,0,0,0,1,3,-6.756150821,-6.545616000,1
4762,1789654146.644165516,-0.500000000,1,0,0,0,1,3,-6.756150821,-6.545616000,1
4763,1789654146.654130459,-0.500000000,1,0,0,0,1,3,-6.756150821,-6.545616000,1
4764,1789654146.664135695,-0.500000000,1,0,0,0,1,3,-6.756150821,-6.545616000,1
4765,1789654146.674193859,-0.500000000,1,0,0,0,1,3,-6.711877225,-6.508509333,1
4766,1789654146.684130192,-0.500000000,1,0,0,0,1,3,-6.711877225,-6.508509333,1
4767,1789654146.694150448,-0.500000000,1,0,0,0,1,3,-6.711877225,-6.508509333,1
4768,1789654146.704159975,-0.500000000,1,0,0,0,1,3,-6.711877225,-6.508509333,1
4769,1789654146.714157104,-0.500000000,1,0,0,0,1,3,-6.711877225,-6.508509333,1
4770,1789654146.724154472,-0.500000000,1,0,0,0,1,3,-6.711877225,-6.508509333,1
4771,1789654146.734125853,-0.500000000,1,0,0,0,1,3,-6.711877225,-6.508509333,1
4772,1789654146.744171381,-0.500000000,1,0,0,0,1,3,-6.711877225,-6.508509333,1
4773,1789654146.754137278,-0.500000000,1,0,0,0,1,3,-6.711877225,-6.508509333,1
4774,1789654146.764174938,-0.500000000,1,0,0,0,1,3,-6.711877225,-6.508509333,1
4775,1789654146.774178505,-0.500000000,1,0,0,0,1,3,-6.667603627,-6.471402667,1
4776,1789654146.784140825,-0.500000000,1,0,0,0,1,3,-6.667603627,-6.471402667,1
4777,1789654146.794188738,-0.500000000,1,0,0,0,1,3,-6.667603627,-6.471402667,1
4778,1789654146.804132462,-0.500000000,1,0,0,0,1,3,-6.667603627,-6.471402667,1
4779,1789654146.814155340,-0.500000000,1,0,0,0,1,3,-6.667603627,-6.471402667,1
4780,1789654146.824160337,-0.500000000,1,0,0,0,1,3,-6.667603627,-6.471402667,1
4781,1789654146.834140062,-0.500000000,1,0,0,0,1,3,-6.667603627,-6.471402667,1
4782,1789654146.844205379,-0.500000000,1,0,0,0,1,3,-6.667603627,-6.471402667,1
4783,1789654146.854129553,-0.500000000,1,0,0,0,1,3,-6.667603627,-6.471402667,1
4784,1789654146.864171743,-0.500000000,1,0,0,0,1,3,-6.667603627,-6.471402667,1
4785,1789654146.874129057,-0.500000000,1,0,0,0,1,3,-6.608572166,-6.434296000,1
4786,1789654146.884172916,-0.500000000,1,0,0,0,1,3,-6.608572166,-6.434296000,1
4787,1789654146.894141197,-0.500000000,1,0,0,0,1,3,-6.608572166,-6.434296000,1
4788,1789654146.904132366,-0.500000000,1,0,0,0,1,3,-6.608572166,-6.434296000,1
4789,1789654146.914121628,-0.500000000,1,0,0,0,1,3,-6.608572166,-6.434296000,1
4790,1789654146.924116850,-0.500000000,1,0,0,0,1,3,-6.608572166,-6.434296000,1
4791,1789654146.934165239,-0.500000000,1,0,0,0,1,3,-6.608572166,-6.434296000,1
4792,1789654146.944198608,-0.500000000,1,0,0,0,1,3,-6.608572166,-6.434296000,1
4793,1789654146.954137564,-0.500000000,1,0,0,0,1,3,-6.608572166,-6.434296000,1
4794,1789654146.964166164,-0.500000000,1,0,0,0,1,3,-6.608572166,-6.434296000,1
4795,1789654146.974118710,-0.500000000,1,0,0,0,1,3,-6.608572166,-6.434296000,1
4796,1789654146.984165907,-0.500000000,1,0,0,0,1,3,-6.608572166,-6.434296000,1
4797,1789654146.994133949,-0.500000000,1,0,0,0,1,3,-6.608572166,-6.434296000,1
4798,1789654147.004133463,-0.500000000,1,0,0,0,1,3,-6.608572166,-6.434296000,1
4799,1789654147.014114857,-0.500000000,1,0,0,0,1,3,-6.608572166,-6.434296000,1
4800,1789654147.024114847,-0.500000000,1,0,0,0,1,3,-6.608572166,-6.434296000,1
4801,1789654147.034161329,-0.500000000,1,0,0,0,1,3,-6.608572166,-6.434296000,1
4802,1789654147.044234514,-0.500000000,1,0,0,0,1,3,-6.608572166,-6.434296000,1
4803,1789654147.054155827,-0.500000000,1,0,0,0,1,3,-6.608572166,-6.434296000,1
4804,1789654147.064141273,-0.500000000,1,0,0,0,1,3,-6.608572166,-6.434296000,1
4805,1789654147.074131489,-0.500000000,1,0,0,0,1,3,-6.564298569,-6.378636000,1
4806,1789654147.084161997,-0.500000000,1,0,0,0,1,3,-6.564298569,-6.378636000,1
4807,1789654147.094128370,-0.500000000,1,0,0,0,1,3,-6.564298569,-6.378636000,1
4808,1789654147.104171991,-0.500000000,1,0,0,0,1,3,-6.564298569,-6.378636000,1
4809,1789654147.114120007,-0.500000000,1,0,0,0,1,3,-6.564298569,-6.378636000,1
4810,1789654147.124116898,-0.500000000,1,0,0,0,1,3,-6.564298569,-6.378636000,1
4811,1789654147.134160042,-0.500000000,1,0,0,0,1,3,-6.564298569,-6.378636000,1
4812,1789654147.144221544,-0.500000000,1,0,0,0,1,3,-6.564298569,-6.378636000,1
4813,1789654147.154173374,-0.500000000,1,0,0,0,1,3,-6.564298569,-6.378636000,1
4814,1789654147.164150238,-0.500000000,1,0,0,0,1,3,-6.564298569,-6.378636000,1
4815,1789654147.174120903,-0.500000000,1,0,0,0,1,3,-6.520024973,-6.360082667,1
4816,1789654147.184135675,-0.500000000,1,0,0,0,1,3,-6.520024973,-6.360082667,1
4817,1789654147.194143772,-0.500000000,1,0,0,0,1,3,-6.520024973,-6.360082667,1
4818,1789654147.204127550,-0.500000000,1,0,0,0,1,3,-6.520024973,-6.360082667,1
4819,1789654147.214126348,-0.500000000,1,0,0,0,1,3,-6.520024973,-6.360082667,1
4820,1789654147.224164009,-0.500000000,1,0,0,0,1,3,-6.520024973,-6.360082667,1
4821,1789654147.234158516,-0.500000000,1,0,0,0,1,3,-6.520024973,-6.360082667,1
4822,1789654147.244142294,-0.500000000,1,0,0,0,1,3,-6.520024973,-6.360082667,1
4823,1789654147.254169226,-0.500000000,1,0,0,0,1,3,-6.520024973,-6.360082667,1
4824,1789654147.264183521,-0.500000000,1,0,0,0,1,3,-6.520024973,-6.360082667,1
4825,1789654147.274131536,-0.500000000,1,0,0,0,1,3,-6.460993511,-6.322976000,1
4826,1789654147.284169912,-0.500000000,1,0,0,0,1,3,-6.460993511,-6.322976000,1
4827,1789654147.294140577,-0.500000000,1,0,0,0,1,3,-6.460993511,-6.322976000,1
4828,1789654147.304127455,-0.500000000,1,0,0,0,1,3,-6.460993511,-6.322976000,1
4829,1789654147.314120770,-0.500000000,1,0,0,0,1,3,-6.460993511,-6.322976000,1
4830,1789654147.324127436,-0.500000000,1,0,0,0,1,3,-6.460993511,-6.322976000,1
4831,1789654147.334125042,-0.500000000,1,0,0,0,1,3,-6.460993511,-6.322976000,1
4832,1789654147.344193697,-0.500000000,1,0,0,0,1,3,-6.460993511,-6.322976000,1
4833,1789654147.354117393,-0.500000000,1,0,0,0,1,3,-6.460993511,-6.322976000,1
4834,1789654147.364145041,-0.500000000,1,0,0,0,1,3,-6.460993511,-6.322976000,1
4835,1789654147.374121428,-0.500000000,1,0,0,0,1,3,-6.401962049,-6.304422666,1
4836,1789654147.384189844,-0.500000000,1,0,0,0,1,3,-6.401962049,-6.304422666,1
4837,1789654147.394135952,-0.500000000,1,0,0,0,1,3,-6.401962049,-6.304422666,1
4838,1789654147.404135942,-0.500000000,1,0,0,0,1,3,-6.401962049,-6.304422666,1
4839,1789654147.414126635,-0.500000000,1,0,0,0,1,3,-6.401962049,-6.304422666,1
4840,1789654147.424139261,-0.500000000,1,0,0,0,1,3,-6.401962049,-6.304422666,1
4841,1789654147.434130669,-0.500000000,1,0,0,0,1,3,-6.401962049,-6.304422666,1
4842,1789654147.444208622,-0.500000000,1,0,0,0,1,3,-6.401962049,-6.304422666,1
4843,1789654147.454136848,-0.500000000,1,0,0,0,1,3,-6.401962049,-6.304422666,1
4844,1789654147.464151859,-0.500000000,1,0,0,0,1,3,-6.401962049,-6.304422666,1
4845,1789654147.474128246,-0.500000000,1,0,0,0,1,3,-6.401962049,-6.304422666,1
4846,1789654147.484186411,-0.500000000,1,0,0,0,1,3,-6.401962049,-6.304422666,1
4847,1789654147.494138956,-0.500000000,1,0,0,0,1,3,-6.401962049,-6.304422666,1
4848,1789654147.504142761,-0.500000000,1,0,0,0,1,3,-6.401962049,-6.304422666,1
4849,1789654147.514174938,-0.500000000,1,0,0,0,1,3,-6.401962049,-6.304422666,1
4850,1789654147.524122953,-0.500000000,1,0,0,0,1,3,-6.401962049,-6.304422666,1
4851,1789654147.534123659,-0.500000000,1,0,0,0,1,3,-6.401962049,-6.304422666,1
4852,1789654147.544242382,-0.500000000,1,0,0,0,1,3,-6.401962049,-6.304422666,1
4853,1789654147.554122925,-0.500000000,1,0,0,0,1,3,-6.401962049,-6.304422666,1
4854,1789654147.564123869,-0.500000000,1,0,0,0,1,3,-6.401962049,-6.304422666,1
4855,1789654147.574125767,-0.500000000,1,0,0,0,1,3,-6.342930587,-6.285869333,1
4856,1789654147.584198713,-0.500000000,1,0,0,0,1,3,-6.342930587,-6.285869333,1
4857,1789654147.594129562,-0.500000000,1,1,0,0,1,3,-6.342930587,-6.285869333,1
4858,1789654147.604143381,-0.500000000,1,1,0,0,1,3,-6.342930587,-6.285869333,1
4859,1789654147.614171743,-0.500000000,1,1,0,0,1,3,-6.342930587,-6.285869333,1
4860,1789654147.624212503,-0.500000000,1,1,0,0,1,3,-6.342930587,-6.285869333,1
4861,1789654147.634159565,-0.500000000,1,1,0,0,1,3,-6.342930587,-6.285869333,1
4862,1789654147.644204617,-0.500000000,1,1,0,0,1,3,-6.342930587,-6.285869333,1
4863,1789654147.654134989,-0.500000000,1,1,0,0,1,3,-6.342930587,-6.285869333,1
4864,1789654147.664163828,-0.500000000,1,1,0,0,1,3,-6.342930587,-6.285869333,1
4865,1789654147.674127340,-0.500000000,1,1,0,0,1,3,-6.283899126,-6.267316000,1
4866,1789654147.684201717,-0.500000000,1,1,0,0,1,3,-6.283899126,-6.267316000,1
4867,1789654147.694130898,-0.500000000,1,1,0,0,1,3,-6.283899126,-6.267316000,1
4868,1789654147.704139233,-0.500000000,1,1,0,0,1,3,-6.283899126,-6.267316000,1
4869,1789654147.714159727,-0.500000000,1,1,0,0,1,3,-6.283899126,-6.267316000,1
4870,1789654147.724142075,-0.500000000,1,1,0,0,1,3,-6.283899126,-6.267316000,1
4871,1789654147.734151363,-0.500000000,1,1,0,0,1,3,-6.283899126,-6.267316000,1
4872,1789654147.744208097,-0.500000000,1,1,0,0,1,3,-6.283899126,-6.267316000,1
4873,1789654147.754130363,-0.500000000,1,1,0,0,1,3,-6.283899126,-6.267316000,1
4874,1789654147.764180660,-0.500000000,1,1,0,0,1,3,-6.283899126,-6.267316000,1
4875,1789654147.774125338,-0.500000000,1,1,0,0,1,3,-6.224867664,-6.248762666,1
4876,1789654147.784213305,-0.500000000,1,1,0,0,1,3,-6.224867664,-6.248762666,1
4877,1789654147.794140577,-0.500000000,1,1,0,0,1,3,-6.224867664,-6.248762666,1
4878,1789654147.804139853,-0.500000000,1,1,0,0,1,3,-6.224867664,-6.248762666,1
4879,1789654147.814163208,-0.500000000,1,1,0,0,1,3,-6.224867664,-6.248762666,1
4880,1789654147.824136734,-0.500000000,1,1,0,0,1,3,-6.224867664,-6.248762666,1
4881,1789654147.834128857,-0.500000000,1,1,0,0,1,3,-6.224867664,-6.248762666,1
4882,1789654147.844108820,-0.500000000,1,1,0,0,1,3,-6.224867664,-6.248762666,1
4883,1789654147.854164362,-0.500000000,1,1,0,0,1,3,-6.224867664,-6.248762666,1
4884,1789654147.864109516,-0.500000000,1,1,0,0,1,3,-6.224867664,-6.248762666,1
4885,1789654147.874106884,-0.500000000,1,1,0,0,1,3,-6.165836201,-6.230209333,1
4886,1789654147.884113550,-0.500000000,1,1,0,0,1,3,-6.165836201,-6.230209333,1
4887,1789654147.894141436,-0.500000000,1,1,0,0,1,3,-6.165836201,-6.230209333,1
4888,1789654147.904159307,-0.500000000,1,1,0,0,1,3,-6.165836201,-6.230209333,1
4889,1789654147.914159298,-0.500000000,1,1,0,0,1,3,-6.165836201,-6.230209333,1
4890,1789654147.924160480,-0.500000000,1,1,0,0,1,3,-6.165836201,-6.230209333,1
4891,1789654147.934129477,-0.500000000,1,1,0,0,1,3,-6.165836201,-6.230209333,1
4892,1789654147.944195509,-0.500000000,1,1,0,0,1,3,-6.165836201,-6.230209333,1
4893,1789654147.954122543,-0.500000000,1,1,0,0,1,3,-6.165836201,-6.230209333,1
4894,1789654147.964108229,-0.500000000,1,1,0,0,1,3,-6.165836201,-6.230209333,1
4895,1789654147.974110365,-0.500000000,1,1,0,0,1,3,-6.165836201,-6.230209333,1
4896,1789654147.984114885,-0.500000000,1,1,0,0,1,3,-6.165836201,-6.230209333,1
4897,1789654147.994114876,-0.500000000,1,1,0,0,1,3,-6.165836201,-6.230209333,1
4898,1789654148.004153967,-0.500000000,1,1,0,0,1,3,-6.165836201,-6.230209333,1
4899,1789654148.014138937,-0.500000000,1,1,0,0,1,3,-6.165836201,-6.230209333,1
4900,1789654148.024104118,-0.500000000,1,1,0,0,1,3,-6.165836201,-6.230209333,1
4901,1789654148.034125805,-0.500000000,1,1,0,0,1,3,-6.165836201,-6.230209333,1
4902,1789654148.044188499,-0.500000000,1,1,0,0,1,3,-6.165836201,-6.230209333,1
4903,1789654148.054138899,-0.500000000,1,1,0,0,1,3,-6.165836201,-6.230209333,1
4904,1789654148.064120293,-0.500000000,1,1,0,0,1,3,-6.165836201,-6.230209333,1
4905,1789654148.074169159,-0.500000000,1,1,0,0,1,3,-6.092046874,-6.230209333,1
4906,1789654148.084136486,-0.500000000,1,1,0,0,1,3,-6.092046874,-6.230209333,1
4907,1789654148.094113588,-0.500000000,1,1,0,0,1,3,-6.092046874,-6.230209333,1
4908,1789654148.104159832,-0.500000000,1,1,0,0,1,3,-6.092046874,-6.230209333,1
4909,1789654148.114121914,-0.500000000,1,1,0,0,1,3,-6.092046874,-6.230209333,1
4910,1789654148.124129534,-0.500000000,1,1,0,0,1,3,-6.092046874,-6.230209333,1
4911,1789654148.134137392,-0.500000000,1,1,0,0,1,3,-6.092046874,-6.230209333,1
4912,1789654148.144209862,-0.500000000,1,1,0,0,1,3,-6.092046874,-6.230209333,1
4913,1789654148.154151440,-0.500000000,1,1,0,0,1,3,-6.092046874,-6.230209333,1
4914,1789654148.164161205,-0.500000000,1,1,0,0,1,3,-6.092046874,-6.230209333,1
4915,1789654148.174109697,-0.500000000,1,1,0,0,1,3,-6.033015412,-6.211656000,1
4916,1789654148.184109926,-0.500000000,1,1,0,0,1,3,-6.033015412,-6.211656000,1
4917,1789654148.194121122,-0.500000000,1,1,0,0,1,3,-6.033015412,-6.211656000,1
4918,1789654148.204194069,-0.500000000,1,1,0,0,1,3,-6.033015412,-6.211656000,1
4919,1789654148.214172125,-0.500000000,1,1,0,0,1,3,-6.033015412,-6.211656000,1
4920,1789654148.224124432,-0.500000000,1,1,0,0,1,3,-6.033015412,-6.211656000,1
4921,1789654148.234131575,-0.500000000,1,1,0,0,1,3,-6.033015412,-6.211656000,1
4922,1789654148.244183302,-0.500000000,1,1,0,0,1,3,-6.033015412,-6.211656000,1
4923,1789654148.254128218,-0.500000000,1,1,0,0,1,3,-6.033015412,-6.211656000,1
4924,1789654148.264112234,-0.500000000,1,1,0,0,1,3,-6.033015412,-6.211656000,1
4925,1789654148.274176598,-0.500000000,1,1,0,0,1,3,-5.988741815,-6.211656000,1
4926,1789654148.284151077,-0.500000000,1,1,0,0,1,3,-5.988741815,-6.211656000,1
4927,1789654148.294113874,-0.500000000,1,1,0,0,1,3,-5.988741815,-6.211656000,1
4928,1789654148.304142237,-0.500000000,1,1,0,0,1,3,-5.988741815,-6.211656000,1
4929,1789654148.314125776,-0.500000000,1,1,0,0,1,3,-5.988741815,-6.211656000,1
4930,1789654148.324162245,-0.500000000,1,1,0,0,1,3,-5.988741815,-6.211656000,1
4931,1789654148.334106445,-0.500000000,1,1,0,0,1,3,-5.988741815,-6.211656000,1
4932,1789654148.344150543,-0.500000000,1,1,0,0,1,3,-5.988741815,-6.211656000,1
4933,1789654148.354116201,-0.500000000,1,1,0,0,1,3,-5.988741815,-6.211656000,1
4934,1789654148.364161968,-0.500000000,1,1,0,0,1,3,-5.988741815,-6.211656000,1
4935,1789654148.374118328,-0.500000000,1,1,0,0,1,3,-5.988741815,-6.211656000,1
4936,1789654148.384122610,-0.500000000,1,1,0,0,1,3,-5.988741815,-6.211656000,1
4937,1789654148.394120932,-0.500000000,1,1,0,0,1,3,-5.988741815,-6.211656000,1
4938,1789654148.404154062,-0.500000000,1,1,0,0,1,3,-5.988741815,-6.211656000,1
4939,1789654148.414120913,-0.500000000,1,1,0,0,1,3,-5.988741815,-6.211656000,1
4940,1789654148.424123764,-0.500000000,1,1,0,0,1,3,-5.988741815,-6.211656000,1
4941,1789654148.434142351,-0.500000000,1,1,0,0,1,3,-5.988741815,-6.211656000,1
4942,1789654148.444143772,-0.500000000,1,1,0,0,1,3,-5.988741815,-6.211656000,1
4943,1789654148.454139709,-0.500000000,1,1,0,0,1,3,-5.988741815,-6.211656000,1
4944,1789654148.464202166,-0.500000000,1,1,0,0,1,3,-5.988741815,-6.211656000,1
4945,1789654148.474112034,-0.500000000,1,1,0,0,1,3,-5.929710354,-6.193102667,1
4946,1789654148.484135866,-0.500000000,1,1,0,0,1,3,-5.929710354,-6.193102667,1
4947,1789654148.494146824,-0.500000000,1,1,0,0,1,3,-5.929710354,-6.193102667,1
4948,1789654148.504107952,-0.500000000,1,1,0,0,1,3,-5.929710354,-6.193102667,1
4949,1789654148.514159203,-0.500000000,1,1,0,0,1,3,-5.929710354,-6.193102667,1
4950,1789654148.524106979,-0.500000000,1,1,0,0,1,3,-5.929710354,-6.193102667,1
4951,1789654148.534143209,-0.500000000,1,1,0,0,1,3,-5.929710354,-6.193102667,1
4952,1789654148.544185162,-0.500000000,1,1,0,0,1,3,-5.929710354,-6.193102667,1
4953,1789654148.554209948,-0.500000000,1,1,0,0,1,3,-5.929710354,-6.193102667,1
4954,1789654148.564145803,-0.500000000,1,1,0,0,1,3,-5.929710354,-6.193102667,1
4955,1789654148.574117899,-0.500000000,1,1,0,0,1,3,-5.870678892,-6.193102667,1
4956,1789654148.584141493,-0.500000000,1,1,0,0,1,3,-5.870678892,-6.193102667,1
4957,1789654148.594160557,-0.500000000,1,1,0,0,1,3,-5.870678892,-6.193102667,1
4958,1789654148.604119301,-0.500000000,1,1,0,0,1,3,-5.870678892,-6.193102667,1
4959,1789654148.614159822,-0.500000000,1,1,0,0,1,3,-5.870678892,-6.193102667,1
4960,1789654148.624159336,-0.500000000,1,1,0,0,1,3,-5.870678892,-6.193102667,1
4961,1789654148.634125710,-0.500000000,1,1,0,0,1,3,-5.870678892,-6.193102667,1
4962,1789654148.644139051,-0.500000000,1,1,0,0,1,3,-5.870678892,-6.193102667,1
4963,1789654148.654201269,-0.500000000,1,1,0,0,1,3,-5.870678892,-6.193102667,1
4964,1789654148.664143562,-0.500000000,1,1,0,0,1,3,-5.870678892,-6.193102667,1
4965,1789654148.674103737,-0.500000000,1,1,0,0,1,3,-5.811647430,-6.193102667,1
4966,1789654148.684135199,-0.500000000,1,1,0,0,1,3,-5.811647430,-6.193102667,1
4967,1789654148.694112539,-0.500000000,1,1,0,0,1,3,-5.811647430,-6.193102667,1
4968,1789654148.704135895,-0.500000000,1,1,0,0,1,3,-5.811647430,-6.193102667,1
4969,1789654148.714116573,-0.500000000,1,1,0,0,1,3,-5.811647430,-6.193102667,1
4970,1789654148.724117756,-0.500000000,1,1,0,0,1,3,-5.811647430,-6.193102667,1
4971,1789654148.734121323,-0.500000000,1,1,0,0,1,3,-5.811647430,-6.193102667,1
4972,1789654148.744142532,-0.500000000,1,1,0,0,1,3,-5.811647430,-6.193102667,1
4973,1789654148.754159689,-0.500000000,1,1,0,0,1,3,-5.811647430,-6.193102667,1
4974,1789654148.764128447,-0.500000000,1,1,0,0,1,3,-5.811647430,-6.193102667,1
4975,1789654148.774130583,-0.500000000,1,1,0,0,1,3,-5.752615968,-6.193102667,1
4976,1789654148.784157753,-0.500000000,1,1,0,0,1,3,-5.752615968,-6.193102667,1
4977,1789654148.794132710,-0.500000000,1,1,0,0,1,3,-5.752615968,-6.193102667,1
4978,1789654148.804207563,-0.500000000,1,1,0,0,1,3,-5.752615968,-6.193102667,1
4979,1789654148.814151287,-0.500000000,1,1,0,0,1,3,-5.752615968,-6.193102667,1
4980,1789654148.824117422,-0.500000000,1,1,0,0,1,3,-5.752615968,-6.193102667,1
4981,1789654148.834130287,-0.500000000,1,1,0,0,1,3,-5.752615968,-6.193102667,1
4982,1789654148.844188213,-0.500000000,1,1,0,0,1,3,-5.752615968,-6.193102667,1
4983,1789654148.854178190,-0.500000000,1,1,0,0,1,3,-5.752615968,-6.193102667,1
4984,1789654148.864199638,-0.500000000,1,1,0,0,1,3,-5.752615968,-6.193102667,1
4985,1789654148.874112844,-0.500000000,1,1,0,0,1,3,-5.708342372,-6.193102667,1
4986,1789654148.884109735,-0.500000000,1,1,0,0,1,3,-5.708342372,-6.193102667,1
4987,1789654148.894114494,-0.500000000,1,1,0,0,1,3,-5.708342372,-6.193102667,1
4988,1789654148.904136658,-0.500000000,1,1,0,0,1,3,-5.708342372,-6.193102667,1
4989,1789654148.914193630,-0.500000000,1,1,0,0,1,3,-5.708342372,-6.193102667,1
4990,1789654148.924163580,-0.500000000,1,1,0,0,1,3,-5.708342372,-6.193102667,1
4991,1789654148.934159517,-0.500000000,1,1,0,0,1,3,-5.708342372,-6.193102667,1
4992,1789654148.944171429,-0.500000000,1,1,0,0,1,3,-5.708342372,-6.193102667,1
4993,1789654148.954115629,-0.500000000,1,1,0,0,1,3,-5.708342372,-6.193102667,1
4994,1789654148.964109421,-0.500000000,1,1,0,0,1,3,-5.708342372,-6.193102667,1
4995,1789654148.974134922,-0.500000000,1,1,0,0,1,3,-5.708342372,-6.193102667,1
4996,1789654148.984167576,-0.500000000,1,1,0,0,1,3,-5.708342372,-6.193102667,1
4997,1789654148.994140148,-0.500000000,1,1,0,0,1,3,-5.708342372,-6.193102667,1
4998,1789654149.004129887,-0.500000000,1,1,0,0,1,3,-5.708342372,-6.193102667,1
4999,1789654149.014414310,-0.500000000,1,1,0,0,1,3,-5.708342372,-6.193102667,1
5000,1789654149.024126053,-0.500000000,1,1,0,0,1,3,-5.708342372,-6.193102667,1
5001,1789654149.034118414,-0.500000000,1,1,0,0,1,3,-5.708342372,-6.193102667,1
5002,1789654149.044232368,-0.500000000,1,1,0,0,1,3,-5.708342372,-6.193102667,1
5003,1789654149.054164886,-0.500000000,1,1,0,0,1,3,-5.708342372,-6.193102667,1
5004,1789654149.064129114,-0.500000000,1,1,0,0,1,3,-5.708342372,-6.193102667,1
5005,1789654149.074127197,-0.500000000,1,1,0,0,1,3,-5.649310909,-6.193102667,1
5006,1789654149.084167004,-0.500000000,1,1,0,0,1,3,-5.649310909,-6.193102667,1
5007,1789654149.094124556,-0.500000000,1,1,0,0,1,3,-5.649310909,-6.193102667,1
5008,1789654149.104121685,-0.500000000,1,1,0,0,1,3,-5.649310909,-6.193102667,1
5009,1789654149.114182472,-0.500000000,1,1,0,0,1,3,-5.649310909,-6.193102667,1
5010,1789654149.124159336,-0.500000000,1,1,0,0,1,3,-5.649310909,-6.193102667,1
5011,1789654149.134154320,-0.500000000,1,1,0,0,1,3,-5.649310909,-6.193102667,1
5012,1789654149.144247293,-0.500000000,1,1,0,0,1,3,-5.649310909,-6.193102667,1
5013,1789654149.154170036,-0.500000000,1,1,0,0,1,3,-5.649310909,-6.193102667,1
5014,1789654149.164125681,-0.500000000,1,1,0,0,1,3,-5.649310909,-6.193102667,1
5015,1789654149.174126148,-0.500000000,1,1,0,0,1,3,-5.590279447,-6.193102667,1
5016,1789654149.184123993,-0.500000000,1,1,0,0,1,3,-5.590279447,-6.193102667,1
5017,1789654149.194124222,-0.500000000,1,1,0,0,1,3,-5.590279447,-6.193102667,1
5018,1789654149.204132080,-0.500000000,1,1,0,0,1,3,-5.590279447,-6.193102667,1
5019,1789654149.214171410,-0.500000000,1,1,0,0,1,3,-5.590279447,-6.193102667,1
5020,1789654149.224128723,-0.500000000,1,1,0,0,1,3,-5.590279447,-6.193102667,1
5021,1789654149.234128952,-0.500000000,1,1,0,0,1,3,-5.590279447,-6.193102667,1
5022,1789654149.244295835,-0.500000000,1,1,0,0,1,3,-5.590279447,-6.193102667,1
5023,1789654149.254132748,-0.500000000,1,1,0,0,1,3,-5.590279447,-6.193102667,1
5024,1789654149.264172792,-0.500000000,1,1,0,0,1,3,-5.590279447,-6.193102667,1
5025,1789654149.274119139,-0.500000000,1,1,0,0,1,3,-5.531247985,-6.193102667,1
5026,1789654149.284177780,-0.500000000,1,1,0,0,1,3,-5.531247985,-6.193102667,1
5027,1789654149.294131994,-0.500000000,1,1,0,0,1,3,-5.531247985,-6.193102667,1
5028,1789654149.304128885,-0.500000000,1,1,0,0,1,3,-5.531247985,-6.193102667,1
5029,1789654149.314132214,-0.500000000,1,1,0,0,1,3,-5.531247985,-6.193102667,1
5030,1789654149.324131250,-0.500000000,1,1,0,0,1,3,-5.531247985,-6.193102667,1
5031,1789654149.334132671,-0.500000000,1,1,0,0,1,3,-5.531247985,-6.193102667,1
5032,1789654149.344143152,-0.500000000,1,1,0,0,1,3,-5.531247985,-6.193102667,1
5033,1789654149.354132175,-0.500000000,1,1,0,0,1,3,-5.531247985,-6.193102667,1
5034,1789654149.364154816,-0.500000000,1,1,0,0,1,3,-5.531247985,-6.193102667,1
5035,1789654149.374141932,-0.500000000,1,1,0,0,1,3,-5.457458658,-6.193102667,1
5036,1789654149.384184122,-0.500000000,1,1,0,0,1,3,-5.457458658,-6.193102667,1
5037,1789654149.394182205,-0.500000000,1,1,0,0,1,3,-5.457458658,-6.193102667,1
5038,1789654149.404146910,-0.500000000,1,1,0,0,1,3,-5.457458658,-6.193102667,1
5039,1789654149.414142370,-0.500000000,1,1,0,0,1,3,-5.457458658,-6.193102667,1
5040,1789654149.424125433,-0.500000000,1,1,0,0,1,3,-5.457458658,-6.193102667,1
5041,1789654149.434145212,-0.500000000,1,1,0,0,1,3,-5.457458658,-6.193102667,1
5042,1789654149.444169521,-0.500000000,1,1,0,0,1,3,-5.457458658,-6.193102667,1
5043,1789654149.454167366,-0.500000000,1,1,0,0,1,3,-5.457458658,-6.193102667,1
5044,1789654149.464167356,-0.500000000,1,1,0,0,1,3,-5.457458658,-6.193102667,1
5045,1789654149.474130630,-0.500000000,1,1,0,0,1,3,-5.457458658,-6.193102667,1
5046,1789654149.484143019,-0.500000000,1,1,0,0,1,3,-5.457458658,-6.193102667,1
5047,1789654149.494131565,-0.500000000,1,1,0,0,1,3,-5.457458658,-6.193102667,1
5048,1789654149.504153013,-0.500000000,1,1,0,0,1,3,-5.457458658,-6.193102667,1
5049,1789654149.514141798,-0.500000000,1,1,0,0,1,3,-5.457458658,-6.193102667,1
5050,1789654149.524135113,-0.500000000,1,1,0,0,1,3,-5.457458658,-6.193102667,1
5051,1789654149.534129620,-0.500000000,1,1,0,0,1,3,-5.457458658,-6.193102667,1
5052,1789654149.544138432,-0.500000000,1,1,0,0,1,3,-5.457458658,-6.193102667,1
5053,1789654149.554216385,-0.500000000,1,1,0,0,1,3,-5.457458658,-6.193102667,1
5054,1789654149.564161062,-0.500000000,1,1,0,0,1,3,-5.457458658,-6.193102667,1
5055,1789654149.574115038,-0.500000000,1,1,0,0,1,3,-5.413185061,-6.174549333,1
5056,1789654149.584153414,-0.500000000,1,1,0,0,1,3,-5.413185061,-6.174549333,1
5057,1789654149.594176531,-0.500000000,1,1,0,0,1,3,-5.413185061,-6.174549333,1
5058,1789654149.604167938,-0.500000000,1,1,0,0,1,3,-5.413185061,-6.174549333,1
5059,1789654149.614149809,-0.500000000,1,1,0,0,1,3,-5.413185061,-6.174549333,1
5060,1789654149.624167204,-0.500000000,1,1,0,0,1,3,-5.413185061,-6.174549333,1
5061,1789654149.634195566,-0.500000000,1,1,0,0,1,3,-5.413185061,-6.174549333,1
5062,1789654149.644165039,-0.500000000,1,1,0,0,1,3,-5.413185061,-6.174549333,1
5063,1789654149.654159069,-0.500000000,1,1,0,0,1,3,-5.413185061,-6.174549333,1
5064,1789654149.664204359,-0.500000000,1,1,0,0,1,3,-5.413185061,-6.174549333,1
5065,1789654149.674144983,-0.500000000,1,1,0,0,1,3,-5.354153600,-6.193102667,1
5066,1789654149.684157133,-0.500000000,1,1,0,0,1,3,-5.354153600,-6.193102667,1
5067,1789654149.694141388,-0.500000000,1,1,0,0,1,3,-5.354153600,-6.193102667,1
5068,1789654149.704136133,-0.500000000,1,1,0,0,1,3,-5.354153600,-6.193102667,1
5069,1789654149.714133263,-0.500000000,1,1,0,0,1,3,-5.354153600,-6.193102667,1
5070,1789654149.724138737,-0.500000000,1,1,0,0,1,3,-5.354153600,-6.193102667,1
5071,1789654149.734118462,-0.500000000,1,1,0,0,1,3,-5.354153600,-6.193102667,1
5072,1789654149.744171858,-0.500000000,1,1,0,0,1,3,-5.354153600,-6.193102667,1
5073,1789654149.754171610,-0.500000000,1,1,0,0,1,3,-5.354153600,-6.193102667,1
5074,1789654149.764124870,-0.500000000,1,1,0,0,1,3,-5.354153600,-6.193102667,1
5075,1789654149.774110317,-0.500000000,1,1,0,0,1,3,-5.295122138,-6.174549333,1
5076,1789654149.784162998,-0.500000000,1,1,0,0,1,3,-5.295122138,-6.174549333,1
5077,1789654149.794134855,-0.500000000,1,1,0,0,1,3,-5.295122138,-6.174549333,1
5078,1789654149.804143429,-0.500000000,1,1,0,0,1,3,-5.295122138,-6.174549333,1
5079,1789654149.814144611,-0.500000000,1,1,0,0,1,3,-5.295122138,-6.174549333,1
5080,1789654149.824217558,-0.500000000,1,1,0,0,1,3,-5.295122138,-6.174549333,1
5081,1789654149.834178448,-0.500000000,1,1,0,0,1,3,-5.295122138,-6.174549333,1
5082,1789654149.844147682,-0.500000000,1,1,0,0,1,3,-5.295122138,-6.174549333,1
5083,1789654149.854124546,-0.500000000,1,1,0,0,1,3,-5.295122138,-6.174549333,1
5084,1789654149.864124298,-0.500000000,1,1,0,0,1,3,-5.295122138,-6.174549333,1
5085,1789654149.874131918,-0.500000000,1,1,0,0,1,3,-5.236090676,-6.174549333,1
5086,1789654149.884213924,-0.500000000,1,1,0,0,1,3,-5.236090676,-6.174549333,1
5087,1789654149.894193649,-0.500000000,1,1,0,0,1,3,-5.236090676,-6.174549333,1
5088,1789654149.904137611,-0.500000000,1,1,0,0,1,3,-5.236090676,-6.174549333,1
5089,1789654149.914126396,-0.500000000,1,1,0,0,1,3,-5.236090676,-6.174549333,1
5090,1789654149.924147129,-0.500000000,1,1,0,0,1,3,-5.236090676,-6.174549333,1
5091,1789654149.934303284,-0.500000000,1,1,0,0,1,3,-5.236090676,-6.174549333,1
5092,1789654149.944132566,-0.500000000,1,1,0,0,1,3,-5.236090676,-6.174549333,1
5093,1789654149.954119682,-0.500000000,1,1,0,0,1,3,-5.236090676,-6.174549333,1
5094,1789654149.964123487,-0.500000000,1,1,0,0,1,3,-5.236090676,-6.174549333,1
5095,1789654149.974126339,-0.500000000,1,1,0,0,1,3,-5.236090676,-6.174549333,1
5096,1789654149.984165430,-0.500000000,1,1,0,0,1,3,-5.236090676,-6.174549333,1
5097,1789654149.994158745,-0.500000000,1,1,0,0,1,3,-5.236090676,-6.174549333,1
5098,1789654150.004125595,-0.500000000,1,1,0,0,1,3,-5.236090676,-6.174549333,1
5099,1789654150.014142990,-0.500000000,1,1,0,0,1,3,-5.236090676,-6.174549333,1
5100,1789654150.024170160,-0.500000000,1,1,0,0,1,3,-5.236090676,-6.174549333,1
5101,1789654150.034140825,-0.500000000,1,1,0,0,1,3,-5.236090676,-6.174549333,1
5102,1789654150.044140339,-0.500000000,1,1,0,0,1,3,-5.236090676,-6.174549333,1
5103,1789654150.054124832,-0.500000000,1,1,0,0,1,3,-5.236090676,-6.174549333,1
5104,1789654150.064210415,-0.500000000,1,1,0,0,1,3,-5.236090676,-6.174549333,1
5105,1789654150.074139118,-0.500000000,1,1,0,0,1,3,-5.177059213,-6.174549333,1
5106,1789654150.084162235,-0.500000000,1,1,0,0,1,3,-5.177059213,-6.174549333,1
5107,1789654150.094189405,-0.500000000,1,1,0,0,1,3,-5.177059213,-6.174549333,1
5108,1789654150.104134560,-0.500000000,1,1,0,0,1,3,-5.177059213,-6.174549333,1
5109,1789654150.114154100,-0.500000000,1,1,0,0,1,3,-5.177059213,-6.174549333,1
5110,1789654150.124125242,-0.500000000,1,1,0,0,1,3,-5.177059213,-6.174549333,1
5111,1789654150.134145021,-0.500000000,1,1,0,0,1,3,-5.177059213,-6.174549333,1
5112,1789654150.144145012,-0.500000000,1,1,0,0,1,3,-5.177059213,-6.174549333,1
5113,1789654150.154121161,-0.500000000,1,1,0,0,1,3,-5.177059213,-6.174549333,1
5114,1789654150.164195538,-0.500000000,1,1,0,0,1,3,-5.177059213,-6.174549333,1
5115,1789654150.174176216,-0.500000000,1,1,0,0,1,3,-5.132785617,-6.155996000,1
5116,1789654150.184083700,-0.500000000,1,1,0,0,1,3,-5.132785617,-6.155996000,1
5117,1789654150.194131136,-0.500000000,1,1,0,0,1,3,-5.132785617,-6.155996000,1
5118,1789654150.204137802,-0.500000000,1,1,0,0,1,3,-5.132785617,-6.155996000,1
5119,1789654150.214129925,-0.500000000,1,1,0,0,1,3,-5.132785617,-6.155996000,1
5120,1789654150.224141121,-0.500000000,1,1,0,0,1,3,-5.132785617,-6.155996000,1
5121,1789654150.234142303,-0.500000000,1,1,0,0,1,3,-5.132785617,-6.155996000,1
5122,1789654150.244131088,-0.500000000,1,1,0,0,1,3,-5.132785617,-6.155996000,1
5123,1789654150.254109144,-0.500000000,1,1,0,0,1,3,-5.132785617,-6.155996000,1
5124,1789654150.264148712,-0.500000000,1,1,0,0,1,3,-5.132785617,-6.155996000,1
5125,1789654150.274110556,-0.500000000,1,1,0,0,1,3,-5.058996289,-6.137442667,1
5126,1789654150.284155130,-0.500000000,1,1,0,0,1,3,-5.058996289,-6.137442667,1
5127,1789654150.294132233,-0.500000000,1,1,0,0,1,3,-5.058996289,-6.137442667,1
5128,1789654150.304123640,-0.500000000,1,1,0,0,1,3,-5.058996289,-6.137442667,1
5129,1789654150.314057589,-0.500000000,1,1,0,0,1,3,-5.058996289,-6.137442667,1
5130,1789654150.324158669,-0.500000000,1,1,0,0,1,3,-5.058996289,-6.137442667,1
5131,1789654150.334114075,-0.500000000,1,1,0,0,1,3,-5.058996289,-6.137442667,1
5132,1789654150.344137669,-0.500000000,1,1,0,0,1,3,-5.058996289,-6.137442667,1
5133,1789654150.354110479,-0.500000000,1,1,0,0,1,3,-5.058996289,-6.137442667,1
5134,1789654150.364137888,-0.500000000,1,1,0,0,1,3,-5.058996289,-6.137442667,1
5135,1789654150.374129772,-0.500000000,1,1,0,0,1,3,-5.058996289,-6.137442667,1
5136,1789654150.384181499,-0.500000000,1,1,0,0,1,3,-5.058996289,-6.137442667,1
5137,1789654150.394175291,-0.500000000,1,1,0,0,1,3,-5.058996289,-6.137442667,1
5138,1789654150.404198647,-0.500000000,1,1,0,0,1,3,-5.058996289,-6.137442667,1
5139,1789654150.414202213,-0.500000000,1,1,0,0,1,3,-5.058996289,-6.137442667,1
5140,1789654150.424223423,-0.500000000,1,1,0,0,1,3,-5.058996289,-6.137442667,1
5141,1789654150.434153795,-0.500000000,1,1,0,0,1,3,-5.058996289,-6.137442667,1
5142,1789654150.444149256,-0.500000000,1,1,0,0,1,3,-5.058996289,-6.137442667,1
5143,1789654150.454133749,-0.500000000,1,1,0,0,1,3,-5.058996289,-6.137442667,1
5144,1789654150.464194536,-0.500000000,1,1,0,0,1,3,-5.058996289,-6.137442667,1
5145,1789654150.474167109,-0.500000000,1,1,0,0,1,3,-4.999964828,-6.137442667,1
5146,1789654150.484156370,-0.500000000,1,1,0,0,1,3,-4.999964828,-6.137442667,1
5147,1789654150.494135141,-0.500000000,1,1,0,0,1,3,-4.999964828,-6.137442667,1
5148,1789654150.504147768,-0.500000000,1,1,0,0,1,3,-4.999964828,-6.137442667,1
5149,1789654150.514101267,-0.500000000,1,1,0,0,1,3,-4.999964828,-6.137442667,1
5150,1789654150.524113894,-0.500000000,1,1,0,0,1,3,-4.999964828,-6.137442667,1
5151,1789654150.534120083,-0.500000000,1,1,0,0,1,3,-4.999964828,-6.137442667,1
5152,1789654150.544125080,-0.500000000,1,1,0,0,1,3,-4.999964828,-6.137442667,1
5153,1789654150.554127216,-0.500000000,1,1,0,0,1,3,-4.999964828,-6.137442667,1
5154,1789654150.564148664,-0.500000000,1,1,0,0,1,3,-4.999964828,-6.137442667,1
5155,1789654150.574110985,-0.500000000,1,1,0,0,1,3,-4.940933366,-6.100336000,1
5156,1789654150.584128618,-0.500000000,1,1,0,0,1,3,-4.940933366,-6.100336000,1
5157,1789654150.594121218,-0.500000000,1,1,0,0,1,3,-4.940933366,-6.100336000,1
5158,1789654150.604102135,-0.500000000,1,1,0,0,1,3,-4.940933366,-6.100336000,1
5159,1789654150.614137888,-0.500000000,1,1,0,0,1,3,-4.940933366,-6.100336000,1
5160,1789654150.624120235,-0.500000000,1,1,0,0,1,3,-4.940933366,-6.100336000,1
5161,1789654150.634139299,-0.500000000,1,1,0,0,1,3,-4.940933366,-6.100336000,1
5162,1789654150.644125700,-0.500000000,1,1,0,0,1,3,-4.940933366,-6.100336000,1
5163,1789654150.654182911,-0.500000000,1,1,0,0,1,3,-4.940933366,-6.100336000,1
5164,1789654150.664121866,-0.500000000,1,1,0,0,1,3,-4.940933366,-6.100336000,1
5165,1789654150.674127340,-0.500000000,1,1,0,0,1,3,-4.867144038,-6.100336000,1
5166,1789654150.684169054,-0.500000000,1,1,0,0,1,3,-4.867144038,-6.100336000,1
5167,1789654150.694157600,-0.500000000,1,1,0,0,1,3,-4.867144038,-6.100336000,1
5168,1789654150.704129696,-0.500000000,1,1,0,0,1,3,-4.867144038,-6.100336000,1
5169,1789654150.714151382,-0.500000000,1,1,0,0,1,3,-4.867144038,-6.100336000,1
5170,1789654150.724154949,-0.500000000,1,1,0,0,1,3,-4.867144038,-6.100336000,1
5171,1789654150.734205246,-0.500000000,1,1,0,0,1,3,-4.867144038,-6.100336000,1
5172,1789654150.744129181,-0.500000000,1,1,0,0,1,3,-4.867144038,-6.100336000,1
5173,1789654150.754118204,-0.500000000,1,1,0,0,1,3,-4.867144038,-6.100336000,1
5174,1789654150.764206409,-0.500000000,1,1,0,0,1,3,-4.867144038,-6.100336000,1
5175,1789654150.774129868,-0.500000000,1,1,0,0,1,3,-4.867144038,-6.100336000,1
5176,1789654150.784173012,-0.500000000,1,1,0,0,1,3,-4.822870442,-6.063229334,1
5177,1789654150.794158220,-0.500000000,1,1,0,0,1,3,-4.822870442,-6.063229334,1
5178,1789654150.804190159,-0.500000000,1,1,0,0,1,3,-4.822870442,-6.063229334,1
5179,1789654150.814140320,-0.500000000,1,1,0,0,1,3,-4.822870442,-6.063229334,1
5180,1789654150.824206829,-0.500000000,1,1,0,0,1,3,-4.822870442,-6.063229334,1
5181,1789654150.834160328,-0.500000000,1,1,0,0,1,3,-4.822870442,-6.063229334,1
5182,1789654150.844198704,-0.500000000,1,1,0,0,1,3,-4.822870442,-6.063229334,1
5183,1789654150.854120731,-0.500000000,1,1,0,0,1,3,-4.822870442,-6.063229334,1
5184,1789654150.864124775,-0.500000000,1,1,0,0,1,3,-4.822870442,-6.063229334,1
5185,1789654150.874125719,-0.500000000,1,1,0,0,1,3,-4.749081115,-6.044676000,1
5186,1789654150.884144783,-0.500000000,1,1,0,0,1,3,-4.749081115,-6.044676000,1
5187,1789654150.894121885,-0.500000000,1,1,0,0,1,3,-4.749081115,-6.044676000,1
5188,1789654150.904196501,-0.500000000,1,1,0,0,1,3,-4.749081115,-6.044676000,1
5189,1789654150.914145231,-0.500000000,1,1,0,0,1,3,-4.749081115,-6.044676000,1
5190,1789654150.924216270,-0.500000000,1,1,0,0,1,3,-4.749081115,-6.044676000,1
5191,1789654150.934191704,-0.500000000,1,1,0,0,1,3,-4.749081115,-6.044676000,1
5192,1789654150.944124937,-0.500000000,1,1,0,0,1,3,-4.749081115,-6.044676000,1
5193,1789654150.954141378,-0.500000000,1,1,0,0,1,3,-4.749081115,-6.044676000,1
5194,1789654150.964166164,-0.500000000,1,1,0,0,1,3,-4.749081115,-6.044676000,1
5195,1789654150.974127293,-0.500000000,1,1,0,0,1,3,-4.749081115,-6.044676000,1
5196,1789654150.984166622,-0.500000000,1,1,0,0,1,3,-4.749081115,-6.044676000,1
5197,1789654150.994168282,-0.500000000,1,1,0,0,1,3,-4.749081115,-6.044676000,1
5198,1789654151.004193783,-0.500000000,1,1,0,0,1,3,-4.749081115,-6.044676000,1
5199,1789654151.014139414,-0.500000000,1,1,0,0,1,3,-4.749081115,-6.044676000,1
5200,1789654151.024206877,-0.500000000,1,1,0,0,1,3,-4.749081115,-6.044676000,1
5201,1789654151.034198523,-0.500000000,1,1,0,0,1,3,-4.749081115,-6.044676000,1
5202,1789654151.044127226,-0.500000000,1,1,0,0,1,3,-4.749081115,-6.044676000,1
5203,1789654151.054137707,-0.500000000,1,1,0,0,1,3,-4.749081115,-6.044676000,1
5204,1789654151.064203978,-0.500000000,1,1,0,0,1,3,-4.749081115,-6.044676000,1
5205,1789654151.074131012,-0.500000000,1,1,0,0,1,3,-4.690049653,-6.044676000,1
5206,1789654151.084130287,-0.500000000,1,1,0,0,1,3,-4.690049653,-6.044676000,1
5207,1789654151.094152212,-0.500000000,1,1,0,0,1,3,-4.690049653,-6.044676000,1
5208,1789654151.104202271,-0.500000000,1,1,0,0,1,3,-4.690049653,-6.044676000,1
5209,1789654151.114167690,-0.500000000,1,1,0,0,1,3,-4.690049653,-6.044676000,1
5210,1789654151.124149323,-0.500000000,1,1,0,0,1,3,-4.690049653,-6.044676000,1
5211,1789654151.134133816,-0.500000000,1,1,0,0,1,3,-4.690049653,-6.044676000,1
5212,1789654151.144154787,-0.500000000,1,1,0,0,1,3,-4.690049653,-6.044676000,1
5213,1789654151.154164076,-0.500000000,1,1,0,0,1,3,-4.690049653,-6.044676000,1
5214,1789654151.164160013,-0.500000000,1,1,0,0,1,3,-4.690049653,-6.044676000,1
5215,1789654151.174125671,-0.500000000,1,1,0,0,1,3,-4.631018190,-6.026122667,1
5216,1789654151.184112549,-0.500000000,1,1,0,0,1,3,-4.631018190,-6.026122667,1
5217,1789654151.194149971,-0.500000000,1,1,0,0,1,3,-4.631018190,-6.026122667,1
5218,1789654151.204158545,-0.500000000,1,1,0,0,1,3,-4.631018190,-6.026122667,1
5219,1789654151.214126587,-0.500000000,1,1,0,0,1,3,-4.631018190,-6.026122667,1
5220,1789654151.224123955,-0.500000000,1,1,0,0,1,3,-4.631018190,-6.026122667,1
5221,1789654151.234103918,-0.500000000,1,1,0,0,1,3,-4.631018190,-6.026122667,1
5222,1789654151.244144917,-0.500000000,1,1,0,0,1,3,-4.631018190,-6.026122667,1
5223,1789654151.254135847,-0.500000000,1,1,0,0,1,3,-4.631018190,-6.026122667,1
5224,1789654151.264180422,-0.500000000,1,1,0,0,1,3,-4.631018190,-6.026122667,1
5225,1789654151.274112701,-0.500000000,1,1,0,0,1,3,-4.571986728,-6.026122667,1
5226,1789654151.284155846,-0.500000000,1,1,0,0,1,3,-4.571986728,-6.026122667,1
5227,1789654151.294122219,-0.500000000,1,1,0,0,1,3,-4.571986728,-6.026122667,1
5228,1789654151.304160118,-0.500000000,1,1,0,0,1,3,-4.571986728,-6.026122667,1
5229,1789654151.314161777,-0.500000000,1,1,0,0,1,3,-4.571986728,-6.026122667,1
5230,1789654151.324151754,-0.500000000,1,1,0,0,1,3,-4.571986728,-6.026122667,1
5231,1789654151.334129572,-0.500000000,1,1,0,0,1,3,-4.571986728,-6.026122667,1
5232,1789654151.344127178,-0.500000000,1,1,0,0,1,3,-4.571986728,-6.026122667,1
5233,1789654151.354127407,-0.500000000,1,1,0,0,1,3,-4.571986728,-6.026122667,1
5234,1789654151.364114523,-0.500000000,1,1,0,0,1,3,-4.571986728,-6.026122667,1
5235,1789654151.374107599,-0.500000000,1,1,0,0,1,3,-4.512955266,-6.026122667,1
5236,1789654151.384157658,-0.500000000,1,1,0,0,1,3,-4.512955266,-6.026122667,1
5237,1789654151.394126177,-0.500000000,1,1,0,0,1,3,-4.512955266,-6.026122667,1
5238,1789654151.404135704,-0.500000000,1,1,0,0,1,3,-4.512955266,-6.026122667,1
5239,1789654151.414102793,-0.500000000,1,1,0,0,1,3,-4.512955266,-6.026122667,1
5240,1789654151.424142838,-0.500000000,1,1,0,0,1,3,-4.512955266,-6.026122667,1
5241,1789654151.434146643,-0.500000000,1,1,0,0,1,3,-4.512955266,-6.026122667,1
5242,1789654151.444160223,-0.500000000,1,1,0,0,1,3,-4.512955266,-6.026122667,1
5243,1789654151.454162598,-0.500000000,1,1,0,0,1,3,-4.512955266,-6.026122667,1
5244,1789654151.464174747,-0.500000000,1,1,0,0,1,3,-4.512955266,-6.026122667,1
5245,1789654151.474143028,-0.500000000,1,1,0,0,1,3,-4.512955266,-6.026122667,1
5246,1789654151.484175205,-0.500000000,1,1,0,0,1,3,-4.512955266,-6.026122667,1
5247,1789654151.494127512,-0.500000000,1,1,0,0,1,3,-4.512955266,-6.026122667,1
5248,1789654151.504114866,-0.500000000,1,1,0,0,1,3,-4.512955266,-6.026122667,1
5249,1789654151.514183283,-0.500000000,1,1,0,0,1,3,-4.512955266,-6.026122667,1
5250,1789654151.524162054,-0.500000000,1,1,0,0,1,3,-4.512955266,-6.026122667,1
5251,1789654151.534150124,-0.500000000,1,1,0,0,1,3,-4.512955266,-6.026122667,1
5252,1789654151.544141293,-0.500000000,1,1,0,0,1,3,-4.512955266,-6.026122667,1
5253,1789654151.554140091,-0.500000000,1,1,0,0,1,3,-4.512955266,-6.026122667,1
5254,1789654151.564157724,-0.500000000,1,1,0,0,1,3,-4.512955266,-6.026122667,1
5255,1789654151.574127197,-0.500000000,1,1,0,0,1,3,-4.453923805,-6.026122667,1
5256,1789654151.584122181,-0.500000000,1,1,0,0,1,3,-4.453923805,-6.026122667,1
5257,1789654151.594125271,-0.500000000,1,1,0,0,1,3,-4.453923805,-6.026122667,1
5258,1789654151.604197979,-0.500000000,1,1,0,0,1,3,-4.453923805,-6.026122667,1
5259,1789654151.614149570,-0.500000000,1,1,0,0,1,3,-4.453923805,-6.026122667,1
5260,1789654151.624158621,-0.500000000,1,1,0,0,1,3,-4.453923805,-6.026122667,1
5261,1789654151.634140253,-0.500000000,1,1,0,0,1,3,-4.453923805,-6.026122667,1
5262,1789654151.644163370,-0.500000000,1,1,0,0,1,3,-4.453923805,-6.026122667,1
5263,1789654151.654138565,-0.500000000,1,1,0,0,1,3,-4.453923805,-6.026122667,1
5264,1789654151.664137840,-0.500000000,1,1,0,0,1,3,-4.453923805,-6.026122667,1
5265,1789654151.674113989,-0.500000000,1,1,0,0,1,3,-4.394892343,-6.007569334,1
5266,1789654151.684160709,-0.500000000,1,1,0,0,1,3,-4.394892343,-6.007569334,1
5267,1789654151.694157124,-0.500000000,1,1,0,0,1,3,-4.394892343,-6.007569334,1
5268,1789654151.704155684,-0.500000000,1,1,0,0,1,3,-4.394892343,-6.007569334,1
5269,1789654151.714160442,-0.500000000,1,1,0,0,1,3,-4.394892343,-6.007569334,1
5270,1789654151.724138737,-0.500000000,1,1,0,0,1,3,-4.394892343,-6.007569334,1
5271,1789654151.734122515,-0.500000000,1,1,0,0,1,3,-4.394892343,-6.007569334,1
5272,1789654151.744151592,-0.500000000,1,1,0,0,1,3,-4.394892343,-6.007569334,1
5273,1789654151.754172325,-0.500000000,1,1,0,0,1,3,-4.394892343,-6.007569334,1
5274,1789654151.764163017,-0.500000000,1,1,0,0,1,3,-4.394892343,-6.007569334,1
5275,1789654151.774201393,-0.500000000,1,1,0,0,1,3,-4.321103015,-6.026122667,1
5276,1789654151.784157276,-0.500000000,1,1,0,0,1,3,-4.321103015,-6.026122667,1
5277,1789654151.794156075,-0.500000000,1,1,0,0,1,3,-4.321103015,-6.026122667,1
5278,1789654151.804196119,-0.500000000,1,1,0,0,1,3,-4.321103015,-6.026122667,1
5279,1789654151.814192295,-0.500000000,1,1,0,0,1,3,-4.321103015,-6.026122667,1
5280,1789654151.824203491,-0.500000000,1,1,0,0,1,3,-4.321103015,-6.026122667,1
5281,1789654151.834129333,-0.500000000,1,1,0,0,1,3,-4.321103015,-6.026122667,1
5282,1789654151.844164371,-0.500000000,1,1,0,0,1,3,-4.321103015,-6.026122667,1
5283,1789654151.854162455,-0.500000000,1,1,0,0,1,3,-4.321103015,-6.026122667,1
5284,1789654151.864161968,-0.500000000,1,1,0,0,1,3,-4.321103015,-6.026122667,1
5285,1789654151.874124765,-0.500000000,1,1,0,0,1,3,-4.247313688,-6.026122667,1
5286,1789654151.884117842,-0.500000000,1,1,0,0,1,3,-4.247313688,-6.026122667,1
5287,1789654151.894128323,-0.500000000,1,1,0,0,1,3,-4.247313688,-6.026122667,1
5288,1789654151.904210806,-0.500000000,1,1,0,0,1,3,-4.247313688,-6.026122667,1
5289,1789654151.914139509,-0.500000000,1,1,0,0,1,3,-4.247313688,-6.026122667,1
5290,1789654151.924202204,-0.500000000,1,1,0,0,1,3,-4.247313688,-6.026122667,1
5291,1789654151.934129477,-0.500000000,1,1,0,0,1,3,-4.247313688,-6.026122667,1
5292,1789654151.944125175,-0.500000000,1,1,0,0,1,3,-4.247313688,-6.026122667,1
5293,1789654151.954152346,-0.500000000,1,1,0,0,1,3,-4.247313688,-6.026122667,1
5294,1789654151.964121342,-0.500000000,1,1,0,0,1,3,-4.247313688,-6.026122667,1
5295,1789654151.974115849,-0.500000000,1,1,0,0,1,3,-4.247313688,-6.026122667,1
5296,1789654151.984123468,-0.500000000,1,1,0,0,1,3,-4.247313688,-6.026122667,1
5297,1789654151.994141102,-0.500000000,1,1,0,0,1,3,-4.247313688,-6.026122667,1
5298,1789654152.004144669,-0.500000000,1,1,0,0,1,3,-4.247313688,-6.026122667,1
5299,1789654152.014130592,-0.500000000,1,1,0,0,1,3,-4.247313688,-6.026122667,1
5300,1789654152.024173260,-0.500000000,1,1,0,0,1,3,-4.247313688,-6.026122667,1
5301,1789654152.034125328,-0.500000000,1,1,0,0,1,3,-4.247313688,-6.026122667,1
5302,1789654152.044139147,-0.500000000,1,1,0,0,1,3,-4.247313688,-6.026122667,1
5303,1789654152.054181814,-0.500000000,1,1,0,0,1,3,-4.247313688,-6.026122667,1
5304,1789654152.064158916,-0.500000000,1,1,0,0,1,3,-4.247313688,-6.026122667,1
5305,1789654152.074136019,-0.500000000,1,1,0,0,1,3,-4.203040092,-6.026122667,1
5306,1789654152.084158421,-0.500000000,1,1,0,0,1,3,-4.203040092,-6.026122667,1
5307,1789654152.094159365,-0.500000000,1,1,0,0,1,3,-4.203040092,-6.026122667,1
5308,1789654152.104179144,-0.500000000,1,1,0,0,1,3,-4.203040092,-6.026122667,1
5309,1789654152.114127874,-0.500000000,1,1,0,0,1,3,-4.203040092,-6.026122667,1
5310,1789654152.124213696,-0.500000000,1,1,0,0,1,3,-4.203040092,-6.026122667,1
5311,1789654152.134140491,-0.500000000,1,1,0,0,1,3,-4.203040092,-6.026122667,1
5312,1789654152.144157410,-0.500000000,1,1,0,0,1,3,-4.203040092,-6.026122667,1
5313,1789654152.154163361,-0.500000000,1,1,0,0,1,3,-4.203040092,-6.026122667,1
5314,1789654152.164195299,-0.500000000,1,1,0,0,1,3,-4.203040092,-6.026122667,1
5315,1789654152.174129248,-0.500000000,1,1,0,0,1,3,-4.129250763,-6.044676000,1
5316,1789654152.184127092,-0.500000000,1,1,0,0,1,3,-4.129250763,-6.044676000,1
5317,1789654152.194121361,-0.500000000,1,1,0,0,1,3,-4.129250763,-6.044676000,1
5318,1789654152.204201221,-0.500000000,1,1,0,0,1,3,-4.129250763,-6.044676000,1
5319,1789654152.214170456,-0.500000000,1,1,0,0,1,3,-4.129250763,-6.044676000,1
5320,1789654152.224125147,-0.500000000,1,1,0,0,1,3,-4.129250763,-6.044676000,1
5321,1789654152.234140635,-0.500000000,1,1,0,0,1,3,-4.129250763,-6.044676000,1
5322,1789654152.244164467,-0.500000000,1,1,0,0,1,3,-4.129250763,-6.044676000,1
5323,1789654152.254167557,-0.500000000,1,1,0,0,1,3,-4.129250763,-6.044676000,1
5324,1789654152.264176369,-0.500000000,1,1,0,0,1,3,-4.129250763,-6.044676000,1
5325,1789654152.274126053,-0.500000000,1,1,0,0,1,3,-4.055461436,-6.063229334,1
5326,1789654152.284131765,-0.500000000,1,1,0,0,1,3,-4.055461436,-6.063229334,1
5327,1789654152.294127703,-0.500000000,1,1,0,0,1,3,-4.055461436,-6.063229334,1
5328,1789654152.304143190,-0.500000000,1,1,0,0,1,3,-4.055461436,-6.063229334,1
5329,1789654152.314180136,-0.500000000,1,1,0,0,1,3,-4.055461436,-6.063229334,1
5330,1789654152.324127913,-0.500000000,1,1,0,0,1,3,-4.055461436,-6.063229334,1
5331,1789654152.334133148,-0.500000000,1,1,0,0,1,3,-4.055461436,-6.063229334,1
5332,1789654152.344169617,-0.500000000,1,1,0,0,1,3,-4.055461436,-6.063229334,1
5333,1789654152.354168892,-0.500000000,1,1,0,0,1,3,-4.055461436,-6.063229334,1
5334,1789654152.364130497,-0.500000000,1,1,0,0,1,3,-4.055461436,-6.063229334,1
5335,1789654152.374170780,-0.500000000,1,1,0,0,1,3,-4.055461436,-6.063229334,1
5336,1789654152.384179354,-0.500000000,1,1,0,0,1,3,-4.055461436,-6.063229334,1
5337,1789654152.394185305,-0.500000000,1,1,0,0,1,3,-4.055461436,-6.063229334,1
5338,1789654152.404195786,-0.500000000,1,1,0,0,1,3,-4.055461436,-6.063229334,1
5339,1789654152.414131880,-0.500000000,1,1,0,0,1,3,-4.055461436,-6.063229334,1
5340,1789654152.424131632,-0.500000000,1,1,0,0,1,3,-4.055461436,-6.063229334,1
5341,1789654152.434135437,-0.500000000,1,1,0,0,1,3,-4.055461436,-6.063229334,1
5342,1789654152.444128036,-0.500000000,1,1,0,0,1,3,-4.055461436,-6.063229334,1
5343,1789654152.454162359,-0.500000000,1,1,0,0,1,3,-4.055461436,-6.063229334,1
5344,1789654152.464166641,-0.500000000,1,1,0,0,1,3,-4.055461436,-6.063229334,1
5345,1789654152.474132061,-0.500000000,1,1,0,0,1,3,-4.011187840,-6.100336000,1
5346,1789654152.484165192,-0.500000000,1,1,0,0,1,3,-4.011187840,-6.100336000,1
5347,1789654152.494133949,-0.500000000,1,1,0,0,1,3,-4.011187840,-6.100336000,1
5348,1789654152.504126310,-0.500000000,1,1,0,0,1,3,-4.011187840,-6.100336000,1
5349,1789654152.514169931,-0.500000000,1,1,0,0,1,3,-4.011187840,-6.100336000,1
5350,1789654152.524168015,-0.500000000,1,1,0,0,1,3,-4.011187840,-6.100336000,1
5351,1789654152.534170866,-0.500000000,1,1,0,0,1,3,-4.011187840,-6.100336000,1
5352,1789654152.544157982,-0.500000000,1,1,0,0,1,3,-4.011187840,-6.100336000,1
5353,1789654152.554125547,-0.500000000,1,1,0,0,1,3,-4.011187840,-6.100336000,1
5354,1789654152.564186335,-0.500000000,1,1,0,0,1,3,-4.011187840,-6.100336000,1
5355,1789654152.574128866,-0.500000000,1,1,0,0,1,3,-4.011187840,-6.100336000,1
5356,1789654152.584168911,-0.500000000,1,1,0,0,1,3,-4.011187840,-6.100336000,1
5357,1789654152.594162464,-0.500000000,1,1,0,0,1,3,-4.011187840,-6.100336000,1
5358,1789654152.604178667,-0.500000000,1,1,0,0,1,3,-4.011187840,-6.100336000,1
5359,1789654152.614159107,-0.500000000,1,1,0,0,1,3,-4.011187840,-6.100336000,1
5360,1789654152.624269962,-0.500000000,1,1,0,0,1,3,-4.011187840,-6.100336000,1
5361,1789654152.634196281,-0.500000000,1,1,0,0,1,3,-4.011187840,-6.100336000,1
5362,1789654152.644149780,-0.500000000,1,1,0,0,1,3,-4.011187840,-6.100336000,1
5363,1789654152.654174566,-0.500000000,1,1,0,0,1,3,-4.011187840,-6.100336000,1
5364,1789654152.664170980,-0.500000000,1,1,0,0,1,3,-4.011187840,-6.100336000,1
5365,1789654152.674124002,-0.500000000,1,1,0,0,1,3,-3.893124916,-6.137442667,1
5366,1789654152.684134960,-0.500000000,1,1,0,0,1,3,-3.893124916,-6.137442667,1
5367,1789654152.694189072,-0.500000000,1,1,0,0,1,3,-3.893124916,-6.137442667,1
5368,1789654152.704209328,-0.500000000,1,1,0,0,1,3,-3.893124916,-6.137442667,1
5369,1789654152.714166880,-0.500000000,1,1,0,0,1,3,-3.893124916,-6.137442667,1
5370,1789654152.724173307,-0.500000000,1,1,0,0,1,3,-3.893124916,-6.137442667,1
5371,1789654152.734175444,-0.500000000,1,1,0,0,1,3,-3.893124916,-6.137442667,1
5372,1789654152.744130373,-0.500000000,1,1,0,0,1,3,-3.893124916,-6.137442667,1
5373,1789654152.754133463,-0.500000000,1,1,0,0,1,3,-3.893124916,-6.137442667,1
5374,1789654152.764176607,-0.500000000,1,1,0,0,1,3,-3.893124916,-6.137442667,1
5375,1789654152.774119616,-0.500000000,1,1,0,0,1,3,-3.834093454,-6.155996000,1
5376,1789654152.784205198,-0.500000000,1,1,0,0,1,3,-3.834093454,-6.155996000,1
5377,1789654152.794137955,-0.500000000,1,1,0,0,1,3,-3.834093454,-6.155996000,1
5378,1789654152.804126263,-0.500000000,1,1,0,0,1,3,-3.834093454,-6.155996000,1
5379,1789654152.814160585,-0.500000000,1,1,0,0,1,3,-3.834093454,-6.155996000,1
5380,1789654152.824139357,-0.500000000,1,1,0,0,1,3,-3.834093454,-6.155996000,1
5381,1789654152.834159374,-0.500000000,1,1,0,0,1,3,-3.834093454,-6.155996000,1
5382,1789654152.844113350,-0.500000000,1,1,0,0,1,3,-3.834093454,-6.155996000,1
5383,1789654152.854197264,-0.500000000,1,1,0,0,1,3,-3.834093454,-6.155996000,1
5384,1789654152.864112854,-0.500000000,1,1,0,0,1,3,-3.834093454,-6.155996000,1
5385,1789654152.874103546,-0.500000000,1,1,0,0,1,3,-3.775061992,-6.174549333,1
5386,1789654152.884153605,-0.500000000,1,1,0,0,1,3,-3.775061992,-6.174549333,1
5387,1789654152.894143343,-0.500000000,1,1,0,0,1,3,-3.775061992,-6.174549333,1
5388,1789654152.904125452,-0.500000000,1,1,0,0,1,3,-3.775061992,-6.174549333,1
5389,1789654152.914139986,-0.500000000,1,1,0,0,1,3,-3.775061992,-6.174549333,1
5390,1789654152.924146414,-0.500000000,1,1,0,0,1,3,-3.775061992,-6.174549333,1
5391,1789654152.934172392,-0.500000000,1,1,0,0,1,3,-3.775061992,-6.174549333,1
5392,1789654152.944172144,-0.500000000,1,1,0,0,1,3,-3.775061992,-6.174549333,1
5393,1789654152.954116821,-0.500000000,1,1,0,0,1,3,-3.775061992,-6.174549333,1
5394,1789654152.964102507,-0.500000000,1,1,0,0,1,3,-3.775061992,-6.174549333,1
5395,1789654152.974119663,-0.500000000,1,1,0,0,1,3,-3.775061992,-6.174549333,1
5396,1789654152.984109163,-0.500000000,1,1,0,0,1,3,-3.775061992,-6.174549333,1
5397,1789654152.994105339,-0.500000000,1,1,0,0,1,3,-3.775061992,-6.174549333,1
5398,1789654153.004160166,-0.500000000,1,1,0,0,1,3,-3.775061992,-6.174549333,1
5399,1789654153.014149904,-0.500000000,1,1,0,0,1,3,-3.775061992,-6.174549333,1
5400,1789654153.024177074,-0.500000000,1,1,0,0,1,3,-3.775061992,-6.174549333,1
5401,1789654153.034198284,-0.500000000,1,1,0,0,1,3,-3.775061992,-6.174549333,1
5402,1789654153.044150352,-0.500000000,1,1,0,0,1,3,-3.775061992,-6.174549333,1
5403,1789654153.054129362,-0.500000000,1,1,0,0,1,3,-3.775061992,-6.174549333,1
5404,1789654153.064143658,-0.500000000,1,1,0,0,1,3,-3.775061992,-6.174549333,1
5405,1789654153.074108124,-0.500000000,1,1,0,0,1,3,-3.716030531,-6.211656000,1
5406,1789654153.084107161,-0.500000000,1,1,0,0,1,3,-3.716030531,-6.211656000,1
5407,1789654153.094119787,-0.500000000,1,1,0,0,1,3,-3.716030531,-6.211656000,1
5408,1789654153.104136467,-0.500000000,1,1,0,0,1,3,-3.716030531,-6.211656000,1
5409,1789654153.114116192,-0.500000000,1,1,0,0,1,3,-3.716030531,-6.211656000,1
5410,1789654153.124187469,-0.500000000,1,1,0,0,1,3,-3.716030531,-6.211656000,1
5411,1789654153.134154797,-0.500000000,1,1,0,0,1,3,-3.716030531,-6.211656000,1
5412,1789654153.144123554,-0.500000000,1,1,0,0,1,3,-3.716030531,-6.211656000,1
5413,1789654153.154155016,-0.500000000,1,1,0,0,1,3,-3.716030531,-6.211656000,1
5414,1789654153.164148569,-0.500000000,1,1,0,0,1,3,-3.716030531,-6.211656000,1
5415,1789654153.174119473,-0.500000000,1,1,0,0,1,3,-3.656999068,-6.248762666,1
5416,1789654153.184113741,-0.500000000,1,1,0,0,1,3,-3.656999068,-6.248762666,1
5417,1789654153.194178820,-0.500000000,1,1,0,0,1,3,-3.656999068,-6.248762666,1
5418,1789654153.204137802,-0.500000000,1,1,0,0,1,3,-3.656999068,-6.248762666,1
5419,1789654153.214139223,-0.500000000,1,1,0,0,1,3,-3.656999068,-6.248762666,1
5420,1789654153.224150896,-0.500000000,1,1,0,0,1,3,-3.656999068,-6.248762666,1
5421,1789654153.234172106,-0.500000000,1,1,0,0,1,3,-3.656999068,-6.248762666,1
5422,1789654153.244170666,-0.500000000,1,1,0,0,1,3,-3.656999068,-6.248762666,1
5423,1789654153.254148722,-0.500000000,1,1,0,0,1,3,-3.656999068,-6.248762666,1
5424,1789654153.264171362,-0.500000000,1,1,0,0,1,3,-3.656999068,-6.248762666,1
5425,1789654153.274132967,-0.500000000,1,1,0,0,1,3,-3.612725471,-6.285869333,1
5426,1789654153.284136295,-0.500000000,1,1,0,0,1,3,-3.612725471,-6.285869333,1
5427,1789654153.294128895,-0.500000000,1,1,0,0,1,3,-3.612725471,-6.285869333,1
5428,1789654153.304130316,-0.500000000,1,1,0,0,1,3,-3.612725471,-6.285869333,1
5429,1789654153.314146280,-0.500000000,1,1,0,0,1,3,-3.612725471,-6.285869333,1
5430,1789654153.324114084,-0.500000000,1,1,0,0,1,3,-3.612725471,-6.285869333,1
5431,1789654153.334122181,-0.500000000,1,1,0,0,1,3,-3.612725471,-6.285869333,1
5432,1789654153.344112158,-0.500000000,1,1,0,0,1,3,-3.612725471,-6.285869333,1
5433,1789654153.354131222,-0.500000000,1,1,0,0,1,3,-3.612725471,-6.285869333,1
5434,1789654153.364122152,-0.500000000,1,1,0,0,1,3,-3.612725471,-6.285869333,1
5435,1789654153.374116659,-0.500000000,1,1,0,0,1,3,-3.568451875,-6.322976000,1
5436,1789654153.384130478,-0.500000000,1,1,0,0,1,3,-3.568451875,-6.322976000,1
5437,1789654153.394156694,-0.500000000,1,1,0,0,1,3,-3.568451875,-6.322976000,1
5438,1789654153.404156923,-0.500000000,1,1,0,0,1,3,-3.568451875,-6.322976000,1
5439,1789654153.414106131,-0.500000000,1,1,0,0,1,3,-3.568451875,-6.322976000,1
5440,1789654153.424155235,-0.500000000,1,1,0,0,1,3,-3.568451875,-6.322976000,1
5441,1789654153.434133768,-0.500000000,1,1,0,0,1,3,-3.568451875,-6.322976000,1
5442,1789654153.444132328,-0.500000000,1,1,0,0,1,3,-3.568451875,-6.322976000,1
5443,1789654153.454127312,-0.500000000,1,1,0,0,1,3,-3.568451875,-6.322976000,1
5444,1789654153.464226723,-0.500000000,1,1,0,0,1,3,-3.568451875,-6.322976000,1
5445,1789654153.474121809,-0.500000000,1,1,0,0,1,3,-3.568451875,-6.322976000,1
5446,1789654153.484156609,-0.500000000,1,1,0,0,1,3,-3.568451875,-6.322976000,1
5447,1789654153.494163513,-0.500000000,1,1,0,0,1,3,-3.568451875,-6.322976000,1
5448,1789654153.504190922,-0.500000000,1,1,0,0,1,3,-3.568451875,-6.322976000,1
5449,1789654153.514142036,-0.500000000,1,1,0,0,1,3,-3.568451875,-6.322976000,1
5450,1789654153.524179935,-0.500000000,1,1,0,0,1,3,-3.568451875,-6.322976000,1
5451,1789654153.534140110,-0.500000000,1,1,0,0,1,3,-3.568451875,-6.322976000,1
5452,1789654153.544137716,-0.500000000,1,1,0,0,1,3,-3.568451875,-6.322976000,1
5453,1789654153.554127455,-0.500000000,1,1,0,0,1,3,-3.568451875,-6.322976000,1
5454,1789654153.564186335,-0.500000000,1,1,0,0,1,3,-3.568451875,-6.322976000,1
5455,1789654153.574128151,-0.500000000,1,1,0,0,1,3,-3.509420413,-6.360082667,1
5456,1789654153.584165812,-0.500000000,1,1,0,0,1,3,-3.509420413,-6.360082667,1
5457,1789654153.594148636,-0.500000000,1,1,0,0,1,3,-3.509420413,-6.360082667,1
5458,1789654153.604136229,-0.500000000,1,1,0,0,1,3,-3.509420413,-6.360082667,1
5459,1789654153.614156723,-0.500000000,1,1,0,0,1,3,-3.509420413,-6.360082667,1
5460,1789654153.624151945,-0.500000000,1,1,0,0,1,3,-3.509420413,-6.360082667,1
5461,1789654153.634132147,-0.500000000,1,1,0,0,1,3,-3.509420413,-6.360082667,1
5462,1789654153.644138098,-0.500000000,1,1,0,0,1,3,-3.509420413,-6.360082667,1
5463,1789654153.654202700,-0.500000000,1,1,0,0,1,3,-3.509420413,-6.360082667,1
5464,1789654153.664203167,-0.500000000,1,1,0,0,1,3,-3.509420413,-6.360082667,1
5465,1789654153.674114704,-0.500000000,1,1,0,0,1,3,-3.450388951,-6.397189333,1
5466,1789654153.684195757,-0.500000000,1,1,0,0,1,3,-3.450388951,-6.397189333,1
5467,1789654153.694171429,-0.500000000,1,1,0,0,1,3,-3.450388951,-6.397189333,1
5468,1789654153.704160690,-0.500000000,1,1,0,0,1,3,-3.450388951,-6.397189333,1
5469,1789654153.714130878,-0.500000000,1,1,0,0,1,3,-3.450388951,-6.397189333,1
5470,1789654153.724191189,-0.500000000,1,1,0,0,1,3,-3.450388951,-6.397189333,1
5471,1789654153.734166622,-0.500000000,1,1,0,0,1,3,-3.450388951,-6.397189333,1
5472,1789654153.744196177,-0.500000000,1,1,0,0,1,3,-3.450388951,-6.397189333,1
5473,1789654153.754158735,-0.500000000,1,1,0,0,1,3,-3.450388951,-6.397189333,1
5474,1789654153.764157295,-0.500000000,1,1,0,0,1,3,-3.450388951,-6.397189333,1
5475,1789654153.774125576,-0.500000000,1,1,0,0,1,3,-3.406115355,-6.452849333,1
5476,1789654153.784179688,-0.500000000,1,1,0,0,1,3,-3.406115355,-6.452849333,1
5477,1789654153.794167995,0.000000000,1,1,0,4,1,4,-3.406115355,-6.452849333,1
5478,1789654153.804177523,0.000000000,1,1,0,4,1,4,-3.406115355,-6.452849333,1
5479,1789654153.814169645,0.000000000,1,1,0,4,1,4,-3.406115355,-6.452849333,1
5480,1789654153.824212551,0.000000000,1,1,0,4,1,4,-3.406115355,-6.452849333,1
5481,1789654153.834159851,0.000000000,1,1,0,4,1,4,-3.406115355,-6.452849333,1
5482,1789654153.844125748,0.000000000,1,1,0,4,1,4,-3.406115355,-6.452849333,1
5483,1789654153.854121447,0.000000000,1,1,0,4,1,4,-3.406115355,-6.452849333,1
5484,1789654153.864159584,0.000000000,1,1,0,4,1,4,-3.406115355,-6.452849333,1
5485,1789654153.874131441,0.000000000,1,1,0,4,1,4,-3.361841759,-6.489956000,1
5486,1789654153.884186983,0.000000000,1,1,0,4,1,4,-3.361841759,-6.489956000,1
5487,1789654153.894220591,0.000000000,1,1,0,4,1,4,-3.361841759,-6.489956000,1
5488,1789654153.904178858,0.000000000,1,1,0,4,1,4,-3.361841759,-6.489956000,1
5489,1789654153.914166689,0.000000000,1,1,0,4,1,4,-3.361841759,-6.489956000,1
5490,1789654153.924153090,0.000000000,1,1,0,4,1,4,-3.361841759,-6.489956000,1
5491,1789654153.934122324,0.000000000,1,1,0,4,1,4,-3.361841759,-6.489956000,1
5492,1789654153.944136143,0.000000000,1,1,0,4,1,4,-3.361841759,-6.489956000,1
5493,1789654153.954198599,0.000000000,1,1,0,4,1,4,-3.361841759,-6.489956000,1
5494,1789654153.964128017,0.000000000,1,1,0,4,1,4,-3.361841759,-6.489956000,1
5495,1789654153.974128962,0.000000000,1,1,0,4,1,4,-3.361841759,-6.489956000,1
5496,1789654153.984156132,0.000000000,1,1,0,4,1,4,-3.361841759,-6.489956000,1
5497,1789654153.994180679,0.000000000,1,1,0,4,1,4,-3.361841759,-6.489956000,1
5498,1789654154.004165888,0.000000000,1,1,0,4,1,4,-3.361841759,-6.489956000,1
5499,1789654154.014213324,0.000000000,1,1,0,4,1,4,-3.361841759,-6.489956000,1
5500,1789654154.024160862,0.000000000,1,1,0,4,1,4,-3.361841759,-6.489956000,1
5501,1789654154.034207821,0.000000000,1,1,0,4,1,4,-3.361841759,-6.489956000,1
5502,1789654154.044136047,0.000000000,1,1,0,4,1,4,-3.361841759,-6.489956000,1
5503,1789654154.054128170,0.000000000,1,1,0,4,1,4,-3.361841759,-6.489956000,1
5504,1789654154.064203739,0.000000000,1,1,0,4,1,4,-3.361841759,-6.489956000,1
5505,1789654154.074140310,0.000000000,1,1,0,4,1,4,-3.317568162,-6.545616000,1
5506,1789654154.084167242,0.000000000,1,1,0,4,1,4,-3.317568162,-6.545616000,1
5507,1789654154.094129562,0.000000000,1,1,0,4,1,4,-3.317568162,-6.545616000,1
5508,1789654154.104164839,0.000000000,1,1,0,4,1,4,-3.317568162,-6.545616000,1
5509,1789654154.114179850,0.000000000,1,1,0,4,1,4,-3.317568162,-6.545616000,1
5510,1789654154.124203205,0.000000000,1,1,0,4,1,4,-3.317568162,-6.545616000,1
5511,1789654154.134125233,0.000000000,1,1,0,4,1,4,-3.317568162,-6.545616000,1
5512,1789654154.144167900,0.000000000,1,1,0,4,1,4,-3.317568162,-6.545616000,1
5513,1789654154.154142380,0.000000000,1,1,0,4,1,4,-3.317568162,-6.545616000,1
5514,1789654154.164145231,0.000000000,1,1,0,4,1,4,-3.317568162,-6.545616000,1
5515,1789654154.174124479,0.000000000,1,1,0,4,1,4,-3.302810297,-6.601276000,1
5516,1789654154.184165955,0.000000000,1,1,0,4,1,4,-3.302810297,-6.601276000,1
5517,1789654154.194178104,0.000000000,1,1,0,4,1,4,-3.302810297,-6.601276000,1
5518,1789654154.204169273,0.000000000,1,1,0,4,1,4,-3.302810297,-6.601276000,1
5519,1789654154.214209557,0.000000000,1,1,0,4,1,4,-3.302810297,-6.601276000,1
5520,1789654154.224191189,0.000000000,1,1,0,4,1,4,-3.302810297,-6.601276000,1
5521,1789654154.234195948,0.000000000,1,1,0,4,1,4,-3.302810297,-6.601276000,1
5522,1789654154.244125128,0.000000000,1,1,0,4,1,4,-3.302810297,-6.601276000,1
5523,1789654154.254146338,0.000000000,1,1,0,4,1,4,-3.302810297,-6.601276000,1
5524,1789654154.264202595,0.000000000,1,1,0,4,1,4,-3.302810297,-6.601276000,1
5525,1789654154.274118185,0.000000000,1,1,0,4,1,4,-3.288052431,-6.638382667,1
5526,1789654154.284181356,0.000000000,1,1,0,4,1,4,-3.288052431,-6.638382667,1
5527,1789654154.294130802,0.000000000,1,1,0,4,1,4,-3.288052431,-6.638382667,1
5528,1789654154.304169893,0.000000000,1,1,0,4,1,4,-3.288052431,-6.638382667,1
5529,1789654154.314142704,0.000000000,1,1,0,4,1,4,-3.288052431,-6.638382667,1
5530,1789654154.324208021,0.000000000,1,1,0,4,1,4,-3.288052431,-6.638382667,1
5531,1789654154.334132910,0.000000000,1,1,0,4,1,4,-3.288052431,-6.638382667,1
5532,1789654154.344177008,0.000000000,1,1,0,4,1,4,-3.288052431,-6.638382667,1
5533,1789654154.354125500,0.000000000,1,1,0,4,1,4,-3.288052431,-6.638382667,1
5534,1789654154.364186525,0.000000000,1,1,0,4,1,4,-3.288052431,-6.638382667,1
5535,1789654154.374122143,0.000000000,1,1,0,4,1,4,-3.288052431,-6.638382667,1
5536,1789654154.384173155,0.000000000,1,1,0,4,1,4,-3.288052431,-6.638382667,1
5537,1789654154.394177675,0.000000000,1,1,0,4,1,4,-3.288052431,-6.638382667,1
5538,1789654154.404169559,0.000000000,1,1,0,4,1,4,-3.288052431,-6.638382667,1
5539,1789654154.414128065,0.000000000,1,1,0,4,1,4,-3.288052431,-6.638382667,1
5540,1789654154.424152613,0.000000000,1,1,0,4,1,4,-3.288052431,-6.638382667,1
5541,1789654154.434181452,0.000000000,1,1,0,4,1,4,-3.288052431,-6.638382667,1
5542,1789654154.444171429,0.000000000,1,1,0,4,1,4,-3.288052431,-6.638382667,1
5543,1789654154.454130650,0.000000000,1,1,0,4,1,4,-3.288052431,-6.638382667,1
5544,1789654154.464149952,0.000000000,1,1,0,4,1,4,-3.288052431,-6.638382667,1
5545,1789654154.474116325,0.000000000,1,1,0,4,1,4,-3.273294566,-6.675489334,1
5546,1789654154.484154701,0.000000000,1,1,0,4,1,4,-3.273294566,-6.675489334,1
5547,1789654154.494134903,0.000000000,1,1,0,4,1,4,-3.273294566,-6.675489334,1
5548,1789654154.504153967,0.000000000,1,1,0,4,1,4,-3.273294566,-6.675489334,1
5549,1789654154.514145136,0.000000000,1,1,0,4,1,4,-3.273294566,-6.675489334,1
5550,1789654154.524119616,0.000000000,1,1,0,4,1,4,-3.273294566,-6.675489334,1
5551,1789654154.534190655,0.000000000,1,1,0,4,1,4,-3.273294566,-6.675489334,1
5552,1789654154.544162750,0.000000000,1,1,0,4,1,4,-3.273294566,-6.675489334,1
5553,1789654154.554187298,0.000000000,1,1,0,4,1,4,-3.273294566,-6.675489334,1
5554,1789654154.564142704,0.000000000,1,1,0,4,1,4,-3.273294566,-6.675489334,1
5555,1789654154.574124336,0.000000000,1,1,0,4,1,4,-3.258536700,-6.694042667,1
5556,1789654154.584162712,0.000000000,1,1,0,4,1,4,-3.258536700,-6.694042667,1
5557,1789654154.594118357,0.000000000,1,1,0,4,1,4,-3.258536700,-6.694042667,1
5558,1789654154.604173422,0.000000000,1,1,0,4,1,4,-3.258536700,-6.694042667,1
5559,1789654154.614155531,0.000000000,1,1,0,4,1,4,-3.258536700,-6.694042667,1
5560,1789654154.624166727,0.000000000,1,1,0,4,1,4,-3.258536700,-6.694042667,1
5561,1789654154.634176254,0.000000000,1,1,0,4,1,4,-3.258536700,-6.694042667,1
5562,1789654154.644127369,0.000000000,1,1,0,4,1,4,-3.258536700,-6.694042667,1
5563,1789654154.654131651,0.000000000,1,1,0,4,1,4,-3.258536700,-6.694042667,1
5564,1789654154.664133072,0.000000000,1,1,0,4,1,4,-3.258536700,-6.694042667,1
5565,1789654154.674102306,0.000000000,1,1,0,4,1,4,-3.258536700,-6.694042667,1
5566,1789654154.684149265,0.000000000,1,1,0,4,1,4,-3.258536700,-6.694042667,1
5567,1789654154.694115639,0.000000000,1,1,0,4,1,4,-3.258536700,-6.694042667,1
5568,1789654154.704109430,0.000000000,1,1,0,4,1,4,-3.258536700,-6.694042667,1
5569,1789654154.714166164,0.000000000,1,1,0,4,1,4,-3.258536700,-6.694042667,1
5570,1789654154.724137068,0.000000000,1,1,0,4,1,4,-3.258536700,-6.694042667,1
5571,1789654154.734170914,0.000000000,1,1,0,4,1,4,-3.258536700,-6.694042667,1
5572,1789654154.744106293,0.000000000,1,1,0,4,1,4,-3.258536700,-6.694042667,1
5573,1789654154.754106522,0.000000000,1,1,0,4,1,4,-3.258536700,-6.694042667,1
5574,1789654154.764137745,0.000000000,1,1,0,4,1,4,-3.258536700,-6.694042667,1
5575,1789654154.774121046,0.000000000,1,1,0,4,1,4,-3.258536700,-6.694042667,1
5576,1789654154.784113407,0.000000000,1,1,0,4,1,4,-3.258536700,-6.694042667,1
5577,1789654154.794151783,0.000000000,1,1,0,4,1,4,-3.258536700,-6.694042667,1
5578,1789654154.804153204,0.000000000,1,1,0,4,1,4,-3.258536700,-6.694042667,1
5579,1789654154.814156771,0.000000000,1,1,0,4,1,4,-3.258536700,-6.694042667,1
5580,1789654154.824130058,0.000000000,1,1,0,4,1,4,-3.258536700,-6.694042667,1
5581,1789654154.834124088,0.000000000,1,1,0,4,1,4,-3.258536700,-6.694042667,1
5582,1789654154.844126225,0.000000000,1,1,0,4,1,4,-3.258536700,-6.694042667,1
5583,1789654154.854125261,0.000000000,1,1,0,4,1,4,-3.258536700,-6.694042667,1
5584,1789654154.864131689,0.000000000,1,1,0,4,1,4,-3.258536700,-6.694042667,1
5585,1789654154.874124765,0.000000000,1,1,0,4,1,4,-3.258536700,-6.694042667,1
5586,1789654154.884147167,0.000000000,1,1,0,4,1,4,-3.258536700,-6.694042667,1
5587,1789654154.894186974,0.000000000,1,1,0,4,1,4,-3.258536700,-6.694042667,1
5588,1789654154.904162645,0.000000000,1,1,0,4,1,4,-3.258536700,-6.694042667,1
5589,1789654154.914157152,0.000000000,1,1,0,4,1,4,-3.258536700,-6.694042667,1
5590,1789654154.924164772,0.000000000,1,1,0,4,1,4,-3.258536700,-6.694042667,1
5591,1789654154.934154510,0.000000000,1,1,0,4,1,4,-3.258536700,-6.694042667,1
5592,1789654154.944123983,0.000000000,1,1,0,4,1,4,-3.258536700,-6.694042667,1
5593,1789654154.954198599,0.000000000,1,1,0,4,1,4,-3.258536700,-6.694042667,1
5594,1789654154.964130402,0.000000000,1,1,0,4,1,4,-3.258536700,-6.694042667,1
5595,1789654154.974162579,0.000000000,1,1,0,4,1,4,-3.258536700,-6.694042667,1
5596,1789654154.984158278,0.000000000,1,1,0,4,1,4,-3.258536700,-6.694042667,1
5597,1789654154.994177341,0.000000000,1,1,0,4,1,4,-3.258536700,-6.694042667,1
5598,1789654155.004206657,0.000000000,1,1,0,4,1,4,-3.258536700,-6.694042667,1
5599,1789654155.014200687,0.000000000,1,1,0,4,1,4,-3.258536700,-6.694042667,1
5600,1789654155.024130344,0.000000000,1,1,0,4,1,4,-3.258536700,-6.694042667,1
5601,1789654155.034137487,0.000000000,1,1,0,4,1,4,-3.258536700,-6.694042667,1
5602,1789654155.044161558,0.000000000,1,1,0,4,1,4,-3.258536700,-6.694042667,1
5603,1789654155.054165363,0.000000000,1,1,0,4,1,4,-3.258536700,-6.694042667,1
5604,1789654155.064193726,0.000000000,1,1,0,4,1,4,-3.258536700,-6.694042667,1
5605,1789654155.074130058,0.000000000,1,1,0,4,1,4,-3.258536700,-6.694042667,1
5606,1789654155.084193230,0.000000000,1,1,0,4,1,4,-3.258536700,-6.694042667,1
5607,1789654155.094190836,0.000000000,1,1,0,4,1,4,-3.258536700,-6.694042667,1
5608,1789654155.104181767,0.000000000,1,1,0,4,1,4,-3.258536700,-6.694042667,1
5609,1789654155.114166737,0.000000000,1,1,0,4,1,4,-3.258536700,-6.694042667,1
5610,1789654155.124218941,0.000000000,1,1,0,4,1,4,-3.258536700,-6.694042667,1
5611,1789654155.134132624,0.000000000,1,1,0,4,1,4,-3.258536700,-6.694042667,1
5612,1789654155.144164562,0.000000000,1,1,0,4,1,4,-3.258536700,-6.694042667,1
5613,1789654155.154123068,0.000000000,1,1,0,4,1,4,-3.258536700,-6.694042667,1
5614,1789654155.164161444,0.000000000,1,1,0,4,1,4,-3.258536700,-6.694042667,1
5615,1789654155.174134970,0.000000000,1,1,0,4,1,4,-3.258536700,-6.694042667,1
5616,1789654155.184128046,0.000000000,1,1,0,4,1,4,-3.258536700,-6.694042667,1
5617,1789654155.194143772,0.000000000,1,1,0,4,1,4,-3.258536700,-6.694042667,1
5618,1789654155.204161644,0.000000000,1,1,0,4,1,4,-3.258536700,-6.694042667,1
5619,1789654155.214156866,0.000000000,1,1,0,4,1,4,-3.258536700,-6.694042667,1
5620,1789654155.224156857,0.000000000,1,1,0,4,1,4,-3.258536700,-6.694042667,1
5621,1789654155.234119892,0.000000000,1,1,0,4,1,4,-3.258536700,-6.694042667,1
5622,1789654155.244185686,0.000000000,1,1,0,4,1,4,-3.258536700,-6.694042667,1
5623,1789654155.254172087,0.000000000,1,1,0,4,1,4,-3.258536700,-6.694042667,1
5624,1789654155.264142513,0.000000000,1,1,0,4,1,4,-3.258536700,-6.694042667,1
5625,1789654155.274137259,0.000000000,1,1,0,4,1,4,-3.273294566,-6.694042667,1
5626,1789654155.284153461,0.000000000,1,1,0,4,1,4,-3.273294566,-6.694042667,1
5627,1789654155.294127464,0.000000000,1,1,0,4,1,4,-3.273294566,-6.694042667,1
5628,1789654155.304141760,0.000000000,1,1,0,4,1,4,-3.273294566,-6.694042667,1
5629,1789654155.314143419,0.000000000,1,1,0,4,1,4,-3.273294566,-6.694042667,1
5630,1789654155.324182510,0.000000000,1,1,0,4,1,4,-3.273294566,-6.694042667,1
5631,1789654155.334109545,0.000000000,1,1,0,4,1,4,-3.273294566,-6.694042667,1
5632,1789654155.344104052,0.000000000,1,1,0,4,1,4,-3.273294566,-6.694042667,1
5633,1789654155.354113817,0.000000000,1,1,0,4,1,4,-3.273294566,-6.694042667,1
5634,1789654155.364125967,0.000000000,1,1,0,4,1,4,-3.273294566,-6.694042667,1
5635,1789654155.374142408,0.000000000,1,1,0,4,1,4,-3.258536700,-6.694042667,1
5636,1789654155.384157896,0.000000000,1,1,0,4,1,4,-3.258536700,-6.694042667,1
5637,1789654155.394168854,0.000000000,1,1,0,4,1,4,-3.258536700,-6.694042667,1
5638,1789654155.404156923,0.000000000,1,1,0,4,1,4,-3.258536700,-6.694042667,1
5639,1789654155.414175034,0.000000000,1,1,0,4,1,4,-3.258536700,-6.694042667,1
5640,1789654155.424114227,0.000000000,1,1,0,4,1,4,-3.258536700,-6.694042667,1
5641,1789654155.434138536,0.000000000,1,1,0,4,1,4,-3.258536700,-6.694042667,1
5642,1789654155.444127798,0.000000000,1,1,0,4,1,4,-3.258536700,-6.694042667,1
5643,1789654155.454119444,0.000000000,1,1,0,4,1,4,-3.258536700,-6.694042667,1
5644,1789654155.464124680,0.000000000,1,1,0,4,1,4,-3.258536700,-6.694042667,1
5645,1789654155.474151850,0.000000000,1,1,0,4,1,4,-3.258536700,-6.694042667,1
5646,1789654155.484130383,0.000000000,1,1,0,4,1,4,-3.258536700,-6.694042667,1
5647,1789654155.494153261,0.000000000,1,1,0,4,1,4,-3.258536700,-6.694042667,1
5648,1789654155.504156351,0.000000000,1,1,0,4,1,4,-3.258536700,-6.694042667,1
5649,1789654155.514111042,0.000000000,1,1,0,4,1,4,-3.258536700,-6.694042667,1
5650,1789654155.524115086,0.000000000,1,1,0,4,1,4,-3.258536700,-6.694042667,1
5651,1789654155.534117222,0.000000000,1,1,0,4,1,4,-3.258536700,-6.694042667,1
5652,1789654155.544136286,0.000000000,1,1,0,4,1,4,-3.258536700,-6.694042667,1
5653,1789654155.554133177,0.000000000,1,1,0,4,1,4,-3.258536700,-6.694042667,1
5654,1789654155.564128399,0.000000000,1,1,0,4,1,4,-3.258536700,-6.694042667,1
5655,1789654155.574126482,0.000000000,1,1,0,4,1,4,-3.258536700,-6.694042667,1
5656,1789654155.584167719,0.000000000,1,1,0,4,1,4,-3.258536700,-6.694042667,1
5657,1789654155.594161510,0.000000000,1,1,0,4,1,4,-3.258536700,-6.694042667,1
5658,1789654155.604161739,0.000000000,1,1,0,4,1,4,-3.258536700,-6.694042667,1
5659,1789654155.614181995,0.000000000,1,1,0,4,1,4,-3.258536700,-6.694042667,1
5660,1789654155.624183178,0.000000000,1,1,0,4,1,4,-3.258536700,-6.694042667,1
5661,1789654155.634204388,0.000000000,1,1,0,4,1,4,-3.258536700,-6.694042667,1
5662,1789654155.644122124,0.000000000,1,1,0,4,1,4,-3.258536700,-6.694042667,1
5663,1789654155.654174805,0.000000000,1,1,0,4,1,4,-3.258536700,-6.694042667,1
5664,1789654155.664124966,0.000000000,1,1,0,4,1,4,-3.258536700,-6.694042667,1
5665,1789654155.674128294,0.000000000,1,1,0,4,1,4,-3.258536700,-6.694042667,1
5666,1789654155.684117556,0.000000000,1,1,0,4,1,4,-3.258536700,-6.694042667,1
5667,1789654155.694159031,0.000000000,1,1,0,4,1,4,-3.258536700,-6.694042667,1
5668,1789654155.704213858,0.000000000,1,1,0,4,1,4,-3.258536700,-6.694042667,1
5669,1789654155.714172602,0.000000000,1,1,0,4,1,4,-3.258536700,-6.694042667,1
5670,1789654155.724175453,0.000000000,1,1,0,4,1,4,-3.258536700,-6.694042667,1
5671,1789654155.734139681,0.000000000,1,1,0,4,1,4,-3.258536700,-6.694042667,1
5672,1789654155.744136810,0.000000000,1,1,0,4,1,4,-3.258536700,-6.694042667,1
5673,1789654155.754189491,0.000000000,1,1,0,4,1,4,-3.258536700,-6.694042667,1
5674,1789654155.764128923,0.000000000,1,1,0,4,1,4,-3.258536700,-6.694042667,1
5675,1789654155.774117470,0.000000000,1,1,0,4,1,4,-3.258536700,-6.694042667,1
5676,1789654155.784115553,0.000000000,1,1,0,4,1,4,-3.258536700,-6.694042667,1
5677,1789654155.794190168,0.000000000,1,1,0,4,1,4,-3.258536700,-6.694042667,1
5678,1789654155.804169416,0.000000000,1,1,0,4,1,4,-3.258536700,-6.694042667,1
5679,1789654155.814210892,0.000000000,1,1,0,4,1,4,-3.258536700,-6.694042667,1
5680,1789654155.824188709,0.000000000,1,1,0,4,1,4,-3.258536700,-6.694042667,1
5681,1789654155.834145069,0.000000000,1,1,0,4,1,4,-3.258536700,-6.694042667,1
5682,1789654155.844168425,0.000000000,1,1,0,4,1,4,-3.258536700,-6.694042667,1
5683,1789654155.854154587,0.000000000,1,1,0,4,1,4,-3.258536700,-6.694042667,1
5684,1789654155.864178181,0.000000000,1,1,0,4,1,4,-3.258536700,-6.694042667,1
5685,1789654155.874133825,0.000000000,1,1,0,4,1,4,-3.258536700,-6.694042667,1
5686,1789654155.884140730,0.000000000,1,1,0,4,1,4,-3.258536700,-6.694042667,1
5687,1789654155.894175529,0.000000000,1,1,0,4,1,4,-3.258536700,-6.694042667,1
5688,1789654155.904184818,0.000000000,1,1,0,4,1,4,-3.258536700,-6.694042667,1
5689,1789654155.914169788,0.000000000,1,1,0,4,1,4,-3.258536700,-6.694042667,1
5690,1789654155.924182415,0.000000000,1,1,0,4,1,4,-3.258536700,-6.694042667,1
5691,1789654155.934152126,0.000000000,1,1,0,4,1,4,-3.258536700,-6.694042667,1
5692,1789654155.944118023,0.000000000,1,1,0,4,1,4,-3.258536700,-6.694042667,1
5693,1789654155.954173326,0.000000000,1,1,0,4,1,4,-3.258536700,-6.694042667,1
5694,1789654155.964122057,0.000000000,1,1,0,4,1,4,-3.258536700,-6.694042667,1
5695,1789654155.974105120,0.000000000,1,1,0,4,1,4,-3.258536700,-6.694042667,1
5696,1789654155.984123230,0.000000000,1,1,0,4,1,4,-3.258536700,-6.694042667,1
5697,1789654155.994138956,0.000000000,1,1,0,4,1,4,-3.258536700,-6.694042667,1
5698,1789654156.004120350,0.000000000,1,1,0,4,1,4,-3.258536700,-6.694042667,1
5699,1789654156.014119864,0.000000000,1,1,0,4,1,4,-3.258536700,-6.694042667,1
5700,1789654156.024119854,0.000000000,1,1,0,4,1,4,-3.258536700,-6.694042667,1
5701,1789654156.034131289,0.000000000,1,1,0,4,1,4,-3.258536700,-6.694042667,1
5702,1789654156.044117689,0.000000000,1,1,0,4,1,4,-3.258536700,-6.694042667,1
5703,1789654156.054126501,0.000000000,1,1,0,4,1,4,-3.258536700,-6.694042667,1
5704,1789654156.064125299,0.000000000,1,1,0,4,1,4,-3.258536700,-6.694042667,1
5705,1789654156.074104309,0.000000000,1,1,0,4,1,4,-3.258536700,-6.694042667,1
5706,1789654156.084153414,0.000000000,1,1,0,4,1,4,-3.258536700,-6.694042667,1
5707,1789654156.094136000,0.000000000,1,1,0,4,1,4,-3.258536700,-6.694042667,1
5708,1789654156.104165316,0.000000000,1,1,0,4,1,4,-3.258536700,-6.694042667,1
5709,1789654156.114105701,0.000000000,1,1,0,4,1,4,-3.258536700,-6.694042667,1
5710,1789654156.124127388,0.000000000,1,1,0,4,1,4,-3.258536700,-6.694042667,1
5711,1789654156.134132624,0.000000000,1,1,0,4,1,4,-3.258536700,-6.694042667,1
5712,1789654156.144134045,0.000000000,1,1,0,4,1,4,-3.258536700,-6.694042667,1
5713,1789654156.154138803,0.000000000,1,1,0,4,1,4,-3.258536700,-6.694042667,1
5714,1789654156.164136887,0.000000000,1,1,0,4,1,4,-3.258536700,-6.694042667,1
5715,1789654156.174109697,0.000000000,1,1,0,4,1,4,-3.258536700,-6.694042667,1
5716,1789654156.184115171,0.000000000,1,1,0,4,1,4,-3.258536700,-6.694042667,1
5717,1789654156.194143295,0.000000000,1,1,0,4,1,4,-3.258536700,-6.694042667,1
5718,1789654156.204136133,0.000000000,1,1,0,4,1,4,-3.258536700,-6.694042667,1
5719,1789654156.214166164,0.000000000,1,1,0,4,1,4,-3.258536700,-6.694042667,1
5720,1789654156.224141836,0.000000000,1,1,0,4,1,4,-3.258536700,-6.694042667,1
5721,1789654156.234116554,0.000000000,1,1,0,4,1,4,-3.258536700,-6.694042667,1
5722,1789654156.244132042,0.000000000,1,1,0,4,1,4,-3.258536700,-6.694042667,1
5723,1789654156.254119396,0.000000000,1,1,0,4,1,4,-3.258536700,-6.694042667,1
5724,1789654156.264121294,0.000000000,1,1,0,4,1,4,-3.258536700,-6.694042667,1
5725,1789654156.274133444,0.000000000,1,1,0,4,1,4,-3.258536700,-6.694042667,1
5726,1789654156.284160137,0.000000000,1,1,0,4,1,4,-3.258536700,-6.694042667,1
5727,1789654156.294140577,0.000000000,1,1,0,4,1,4,-3.258536700,-6.694042667,1
5728,1789654156.304165840,0.000000000,1,1,0,4,1,4,-3.258536700,-6.694042667,1
5729,1789654156.314160109,0.000000000,1,1,0,4,1,4,-3.258536700,-6.694042667,1
5730,1789654156.324141979,0.000000000,1,1,0,4,1,4,-3.258536700,-6.694042667,1
5731,1789654156.334114075,0.000000000,1,1,0,4,1,4,-3.258536700,-6.694042667,1
5732,1789654156.344154596,0.000000000,1,1,0,4,1,4,-3.258536700,-6.694042667,1
5733,1789654156.354137897,0.000000000,1,1,0,4,1,4,-3.258536700,-6.694042667,1
5734,1789654156.364105463,0.000000000,1,1,0,4,1,4,-3.258536700,-6.694042667,1
5735,1789654156.374115944,0.000000000,1,1,0,4,1,4,-3.258536700,-6.694042667,1
5736,1789654156.384161472,0.000000000,1,1,0,4,1,4,-3.258536700,-6.694042667,1
5737,1789654156.394130707,0.000000000,1,1,0,4,1,4,-3.258536700,-6.694042667,1
5738,1789654156.404149294,0.000000000,1,1,0,4,1,4,-3.258536700,-6.694042667,1
5739,1789654156.414121389,0.000000000,1,1,0,4,1,4,-3.258536700,-6.694042667,1
5740,1789654156.424166679,0.000000000,1,1,0,4,1,4,-3.258536700,-6.694042667,1
5741,1789654156.434181452,0.000000000,1,1,0,4,1,4,-3.258536700,-6.694042667,1
5742,1789654156.444155931,0.000000000,1,1,0,4,1,4,-3.258536700,-6.694042667,1
5743,1789654156.454174995,0.000000000,1,1,0,4,1,4,-3.258536700,-6.694042667,1
5744,1789654156.464138746,0.000000000,1,1,0,4,1,4,-3.258536700,-6.694042667,1
5745,1789654156.474127054,0.000000000,1,1,0,4,1,4,-3.258536700,-6.694042667,1
5746,1789654156.484159946,0.000000000,1,1,0,4,1,4,-3.258536700,-6.694042667,1
5747,1789654156.494156599,0.000000000,1,1,0,4,1,4,-3.258536700,-6.694042667,1
5748,1789654156.504159927,0.000000000,1,1,0,4,1,4,-3.258536700,-6.694042667,1
5749,1789654156.514188290,0.000000000,1,1,0,4,1,4,-3.258536700,-6.694042667,1
5750,1789654156.524158716,0.000000000,1,1,0,4,1,4,-3.258536700,-6.694042667,1
5751,1789654156.534138680,0.000000000,1,1,0,4,1,4,-3.258536700,-6.694042667,1
5752,1789654156.544129372,0.000000000,1,1,0,4,1,4,-3.258536700,-6.694042667,1
5753,1789654156.554128408,0.000000000,1,1,0,4,1,4,-3.258536700,-6.694042667,1
5754,1789654156.564125776,0.000000000,1,1,0,4,1,4,-3.258536700,-6.694042667,1
5755,1789654156.574114084,0.000000000,1,1,0,4,1,4,-3.258536700,-6.694042667,1
5756,1789654156.584124088,0.000000000,1,1,0,4,1,4,-3.258536700,-6.694042667,1
5757,1789654156.594189167,0.000000000,1,1,0,4,1,4,-3.258536700,-6.694042667,1
5758,1789654156.604122877,0.000000000,1,1,0,4,1,4,-3.258536700,-6.694042667,1
5759,1789654156.614190578,0.000000000,1,1,0,4,1,4,-3.258536700,-6.694042667,1
5760,1789654156.624189138,0.000000000,1,1,0,4,1,4,-3.258536700,-6.694042667,1
5761,1789654156.634132385,0.000000000,1,1,0,4,1,4,-3.258536700,-6.694042667,1
5762,1789654156.644157410,0.000000000,1,1,0,4,1,4,-3.258536700,-6.694042667,1
5763,1789654156.654122591,0.000000000,1,1,0,4,1,4,-3.258536700,-6.694042667,1
5764,1789654156.664174795,0.000000000,1,1,0,4,1,4,-3.258536700,-6.694042667,1
5765,1789654156.674127340,0.000000000,1,1,0,4,1,4,-3.258536700,-6.694042667,1
5766,1789654156.684170723,0.000000000,1,1,0,4,1,4,-3.258536700,-6.694042667,1
5767,1789654156.694200993,0.000000000,1,1,0,4,1,4,-3.258536700,-6.694042667,1
5768,1789654156.704116821,0.000000000,1,1,0,4,1,4,-3.258536700,-6.694042667,1
5769,1789654156.714226961,0.000000000,1,1,0,4,1,4,-3.258536700,-6.694042667,1
5770,1789654156.724211454,0.000000000,1,1,0,4,1,4,-3.258536700,-6.694042667,1
5771,1789654156.734128952,0.000000000,1,1,0,4,1,4,-3.258536700,-6.694042667,1
5772,1789654156.744162798,0.000000000,1,1,0,4,1,4,-3.258536700,-6.694042667,1
5773,1789654156.754158258,0.000000000,1,1,0,4,1,4,-3.258536700,-6.694042667,1
5774,1789654156.764133692,0.000000000,1,1,0,4,1,4,-3.258536700,-6.694042667,1
5775,1789654156.774127245,0.000000000,1,1,0,4,1,4,-3.258536700,-6.694042667,1
5776,1789654156.784174919,0.000000000,1,1,0,4,1,4,-3.258536700,-6.694042667,1
5777,1789654156.794198513,0.000000000,1,1,0,4,1,4,-3.258536700,-6.694042667,1
5778,1789654156.804172277,0.000000000,1,1,0,4,1,4,-3.258536700,-6.694042667,1
5779,1789654156.814202070,0.000000000,1,1,0,4,1,4,-3.258536700,-6.694042667,1
5780,1789654156.824209929,0.000000000,1,1,0,4,1,4,-3.258536700,-6.694042667,1
5781,1789654156.834128380,0.000000000,1,1,0,4,1,4,-3.258536700,-6.694042667,1
5782,1789654156.844133377,0.000000000,1,1,0,4,1,4,-3.258536700,-6.694042667,1
5783,1789654156.854186058,0.000000000,1,1,0,4,1,4,-3.258536700,-6.694042667,1
5784,1789654156.864155293,0.000000000,1,1,0,4,1,4,-3.258536700,-6.694042667,1
5785,1789654156.874123335,0.000000000,1,1,0,4,1,4,-3.258536700,-6.694042667,1
5786,1789654156.884123087,0.000000000,1,1,0,4,1,4,-3.258536700,-6.694042667,1
5787,1789654156.894132853,0.000000000,1,1,0,4,1,4,-3.258536700,-6.694042667,1
5788,1789654156.904119015,0.000000000,1,1,0,4,1,4,-3.258536700,-6.694042667,1
5789,1789654156.914180040,0.000000000,1,1,0,4,1,4,-3.258536700,-6.694042667,1
5790,1789654156.924214602,0.000000000,1,1,0,4,1,4,-3.258536700,-6.694042667,1
5791,1789654156.934128046,0.000000000,1,1,0,4,1,4,-3.258536700,-6.694042667,1
5792,1789654156.944163322,0.000000000,1,1,0,4,1,4,-3.258536700,-6.694042667,1
5793,1789654156.954170465,0.000000000,1,1,0,4,1,4,-3.258536700,-6.694042667,1
5794,1789654156.964123487,0.000000000,1,1,0,4,1,4,-3.258536700,-6.694042667,1
5795,1789654156.974131107,0.000000000,1,1,0,4,1,4,-3.258536700,-6.694042667,1
5796,1789654156.984172106,0.000000000,1,1,0,4,1,4,-3.258536700,-6.694042667,1
5797,1789654156.994187117,0.000000000,1,1,0,4,1,4,-3.258536700,-6.694042667,1
5798,1789654157.004167795,0.000000000,1,1,0,4,1,4,-3.258536700,-6.694042667,1
5799,1789654157.014193058,0.000000000,1,1,0,4,1,4,-3.258536700,-6.694042667,1
5800,1789654157.024199486,0.000000000,1,1,0,4,1,4,-3.258536700,-6.694042667,1
5801,1789654157.034157038,0.000000000,1,1,0,4,1,4,-3.258536700,-6.694042667,1
5802,1789654157.044113874,0.000000000,1,1,0,4,1,4,-3.258536700,-6.694042667,1
5803,1789654157.054118156,0.000000000,1,1,0,4,1,4,-3.258536700,-6.694042667,1
5804,1789654157.064121485,0.000000000,1,1,0,4,1,4,-3.258536700,-6.694042667,1
5805,1789654157.074121952,0.000000000,1,1,0,4,1,4,-3.258536700,-6.694042667,1
5806,1789654157.084161043,0.000000000,1,1,0,4,1,4,-3.258536700,-6.694042667,1
5807,1789654157.094131231,0.000000000,1,1,0,4,1,4,-3.258536700,-6.694042667,1
5808,1789654157.104138613,0.000000000,1,1,0,4,1,4,-3.258536700,-6.694042667,1
5809,1789654157.114168167,0.000000000,1,1,0,4,1,4,-3.258536700,-6.694042667,1
5810,1789654157.124140978,0.000000000,1,1,0,4,1,4,-3.258536700,-6.694042667,1
5811,1789654157.134112597,0.000000000,1,1,0,4,1,4,-3.258536700,-6.694042667,1
5812,1789654157.144122124,0.000000000,1,1,0,4,1,4,-3.258536700,-6.694042667,1
5813,1789654157.154129982,0.000000000,1,1,0,4,1,4,-3.258536700,-6.694042667,1
5814,1789654157.164125919,0.000000000,1,1,0,4,1,4,-3.258536700,-6.694042667,1
5815,1789654157.174122334,0.000000000,1,1,0,4,1,4,-3.258536700,-6.694042667,1
5816,1789654157.184162855,0.000000000,1,1,0,4,1,4,-3.258536700,-6.694042667,1
5817,1789654157.194197655,0.000000000,1,1,0,4,1,4,-3.258536700,-6.694042667,1
5818,1789654157.204168558,0.000000000,1,1,0,4,1,4,-3.258536700,-6.694042667,1
5819,1789654157.214169741,0.000000000,1,1,0,4,1,4,-3.258536700,-6.694042667,1
5820,1789654157.224137783,0.000000000,1,1,0,4,1,4,-3.258536700,-6.694042667,1
5821,1789654157.234148264,0.000000000,1,1,0,4,1,4,-3.258536700,-6.694042667,1
5822,1789654157.244160175,0.000000000,1,1,0,4,1,4,-3.258536700,-6.694042667,1
5823,1789654157.254165411,0.000000000,1,1,0,4,1,4,-3.258536700,-6.694042667,1
5824,1789654157.264169455,0.000000000,1,1,0,4,1,4,-3.258536700,-6.694042667,1
5825,1789654157.274119616,0.000000000,1,1,0,4,1,4,-3.258536700,-6.694042667,1
5826,1789654157.284161568,0.000000000,1,1,0,4,1,4,-3.258536700,-6.694042667,1
5827,1789654157.294124365,0.000000000,1,1,0,4,1,4,-3.258536700,-6.694042667,1
5828,1789654157.304162741,0.000000000,1,1,0,4,1,4,-3.258536700,-6.694042667,1
5829,1789654157.314205647,0.000000000,1,1,0,4,1,4,-3.258536700,-6.694042667,1
5830,1789654157.324142933,0.000000000,1,1,0,4,1,4,-3.258536700,-6.694042667,1
5831,1789654157.334117651,0.000000000,1,1,0,4,1,4,-3.258536700,-6.694042667,1
5832,1789654157.344161749,0.000000000,1,1,0,4,1,4,-3.258536700,-6.694042667,1
5833,1789654157.354124784,0.000000000,1,1,0,4,1,4,-3.258536700,-6.694042667,1
5834,1789654157.364122152,0.000000000,1,1,0,4,1,4,-3.258536700,-6.694042667,1
5835,1789654157.374128342,0.000000000,1,1,0,4,1,4,-3.258536700,-6.694042667,1
5836,1789654157.384114504,0.000000000,1,1,0,4,1,4,-3.258536700,-6.694042667,1
5837,1789654157.394132853,0.000000000,1,1,0,4,1,4,-3.258536700,-6.694042667,1
5838,1789654157.404160976,0.000000000,1,1,0,4,1,4,-3.258536700,-6.694042667,1
5839,1789654157.414155483,0.000000000,1,1,0,4,1,4,-3.258536700,-6.694042667,1
5840,1789654157.424083948,0.000000000,1,1,0,4,1,4,-3.258536700,-6.694042667,1
5841,1789654157.434124708,0.000000000,1,1,0,4,1,4,-3.258536700,-6.694042667,1
5842,1789654157.444132328,0.000000000,1,1,0,4,1,4,-3.258536700,-6.694042667,1
5843,1789654157.454132080,0.000000000,1,1,0,4,1,4,-3.258536700,-6.694042667,1
5844,1789654157.464135647,0.000000000,1,1,0,4,1,4,-3.258536700,-6.694042667,1
5845,1789654157.474130869,0.000000000,1,1,0,4,1,4,-3.258536700,-6.694042667,1
5846,1789654157.484126568,0.000000000,1,1,0,4,1,4,-3.258536700,-6.694042667,1
5847,1789654157.494147778,0.000000000,1,1,0,4,1,4,-3.258536700,-6.694042667,1
5848,1789654157.504157782,0.000000000,1,1,0,4,1,4,-3.258536700,-6.694042667,1
5849,1789654157.514188051,0.000000000,1,1,0,4,1,4,-3.258536700,-6.694042667,1
5850,1789654157.524129391,0.000000000,1,1,0,4,1,4,-3.258536700,-6.694042667,1
5851,1789654157.534130335,0.000000000,1,1,0,4,1,4,-3.258536700,-6.694042667,1
5852,1789654157.544123650,0.000000000,1,1,0,4,1,4,-3.258536700,-6.694042667,1
5853,1789654157.554126740,0.000000000,1,1,0,4,1,4,-3.258536700,-6.694042667,1
5854,1789654157.564121485,0.000000000,1,1,0,4,1,4,-3.258536700,-6.694042667,1
5855,1789654157.574135542,0.000000000,1,1,0,4,1,4,-3.258536700,-6.694042667,1
5856,1789654157.584135532,0.000000000,1,1,0,4,1,4,-3.258536700,-6.694042667,1
5857,1789654157.594169378,0.000000000,1,1,0,4,1,4,-3.258536700,-6.694042667,1
5858,1789654157.604124069,0.000000000,1,1,0,4,1,4,-3.258536700,-6.694042667,1
5859,1789654157.614125967,0.000000000,1,1,0,4,1,4,-3.258536700,-6.694042667,1
5860,1789654157.624127150,0.000000000,1,1,0,4,1,4,-3.258536700,-6.694042667,1
5861,1789654157.634130001,0.000000000,1,1,0,4,1,4,-3.258536700,-6.694042667,1
5862,1789654157.644132614,0.000000000,1,1,0,4,1,4,-3.258536700,-6.694042667,1
5863,1789654157.654127598,0.000000000,1,1,0,4,1,4,-3.258536700,-6.694042667,1
5864,1789654157.664132357,0.000000000,1,1,0,4,1,4,-3.258536700,-6.694042667,1
5865,1789654157.674131393,0.000000000,1,1,0,4,1,4,-3.258536700,-6.694042667,1
5866,1789654157.684134722,0.000000000,1,1,0,4,1,4,-3.258536700,-6.694042667,1
5867,1789654157.694144964,0.000000000,1,1,0,4,1,4,-3.258536700,-6.694042667,1
5868,1789654157.704155922,0.000000000,1,1,0,4,1,4,-3.258536700,-6.694042667,1
5869,1789654157.714164257,0.000000000,1,1,0,4,1,4,-3.258536700,-6.694042667,1
5870,1789654157.724132061,0.000000000,1,1,0,4,1,4,-3.258536700,-6.694042667,1
5871,1789654157.734138966,0.000000000,1,1,0,4,1,4,-3.258536700,-6.694042667,1
5872,1789654157.744140625,0.000000000,1,1,0,4,1,4,-3.258536700,-6.694042667,1
5873,1789654157.754159689,0.000000000,1,1,0,4,1,4,-3.258536700,-6.694042667,1
5874,1789654157.764165163,0.000000000,1,1,0,4,1,4,-3.258536700,-6.694042667,1
5875,1789654157.774128437,0.000000000,1,1,0,4,1,4,-3.258536700,-6.694042667,1
5876,1789654157.784169674,0.000000000,1,1,0,4,1,4,-3.258536700,-6.694042667,1
5877,1789654157.794142723,0.000000000,1,1,0,4,1,4,-3.258536700,-6.694042667,1
5878,1789654157.804138184,0.000000000,1,1,0,4,1,4,-3.258536700,-6.694042667,1
5879,1789654157.814183474,0.000000000,1,1,0,4,1,4,-3.258536700,-6.694042667,1
5880,1789654157.824203491,0.000000000,1,1,0,4,1,4,-3.258536700,-6.694042667,1
5881,1789654157.834170341,0.000000000,1,1,0,4,1,4,-3.258536700,-6.694042667,1
5882,1789654157.844159842,0.000000000,1,1,0,4,1,4,-3.258536700,-6.694042667,1
5883,1789654157.854160070,0.000000000,1,1,0,4,1,4,-3.258536700,-6.694042667,1
5884,1789654157.864164352,0.000000000,1,1,0,4,1,4,-3.258536700,-6.694042667,1
5885,1789654157.874130487,0.000000000,1,1,0,4,1,4,-3.258536700,-6.694042667,1
5886,1789654157.901316643,0.000000000,1,1,0,4,1,4,-3.258536700,-6.694042667,1
5887,1789654157.901482821,0.000000000,1,1,0,4,1,4,-3.258536700,-6.694042667,1
5888,1789654157.904146194,0.000000000,1,1,0,4,1,4,-3.258536700,-6.694042667,1
5889,1789654157.914149284,0.000000000,1,1,0,4,1,4,-3.258536700,-6.694042667,1
5890,1789654157.924143791,0.000000000,1,1,0,4,1,4,-3.258536700,-6.694042667,1
5891,1789654157.934178352,0.000000000,1,1,0,4,1,4,-3.258536700,-6.694042667,1
5892,1789654157.944179296,0.000000000,1,1,0,4,1,4,-3.258536700,-6.694042667,1
5893,1789654157.954159021,0.000000000,1,1,0,4,1,4,-3.258536700,-6.694042667,1
5894,1789654157.964107037,0.000000000,1,1,0,4,1,4,-3.258536700,-6.694042667,1
5895,1789654157.974143267,0.000000000,1,1,0,4,1,4,-3.258536700,-6.694042667,1
5896,1789654157.984154701,0.000000000,1,1,0,4,1,4,-3.258536700,-6.694042667,1
5897,1789654157.994108915,0.000000000,1,1,0,4,1,4,-3.258536700,-6.694042667,1
5898,1789654158.004173279,0.000000000,1,1,0,4,1,4,-3.258536700,-6.694042667,1
5899,1789654158.014157772,0.000000000,1,1,0,4,1,4,-3.258536700,-6.694042667,1
5900,1789654158.024208784,0.000000000,1,1,0,4,1,4,-3.258536700,-6.694042667,1
5901,1789654158.034176111,0.000000000,1,1,0,4,1,4,-3.258536700,-6.694042667,1
5902,1789654158.044123888,0.000000000,1,1,0,4,1,4,-3.258536700,-6.694042667,1
5903,1789654158.054133415,0.000000000,1,1,0,4,1,4,-3.258536700,-6.694042667,1
5904,1789654158.064124584,0.000000000,1,1,0,4,1,4,-3.258536700,-6.694042667,1
5905,1789654158.074126959,0.000000000,1,1,0,4,1,4,-3.258536700,-6.694042667,1
5906,1789654158.084142685,0.000000000,1,1,0,4,1,4,-3.258536700,-6.694042667,1
5907,1789654158.094130993,0.000000000,1,1,0,4,1,4,-3.258536700,-6.694042667,1
5908,1789654158.104134560,0.000000000,1,1,0,4,1,4,-3.258536700,-6.694042667,1
5909,1789654158.114164114,0.000000000,1,1,0,4,1,4,-3.258536700,-6.694042667,1
5910,1789654158.124175310,0.000000000,1,1,0,4,1,4,-3.258536700,-6.694042667,1
5911,1789654158.134175062,0.000000000,1,1,0,4,1,4,-3.258536700,-6.694042667,1
5912,1789654158.144123554,0.000000000,1,1,0,4,1,4,-3.258536700,-6.694042667,1
5913,1789654158.154136658,0.000000000,1,1,0,4,1,4,-3.258536700,-6.694042667,1
5914,1789654158.164111137,0.000000000,1,1,0,4,1,4,-3.258536700,-6.694042667,1
5915,1789654158.174139500,0.000000000,1,1,0,4,1,4,-3.243778835,-6.694042667,1
5916,1789654158.184132576,0.000000000,1,1,0,4,1,4,-3.243778835,-6.694042667,1
5917,1789654158.194128752,0.000000000,1,1,0,4,1,4,-3.243778835,-6.694042667,1
5918,1789654158.204167843,0.000000000,1,1,0,4,1,4,-3.243778835,-6.694042667,1
5919,1789654158.214156628,0.000000000,1,1,0,4,1,4,-3.243778835,-6.694042667,1
5920,1789654158.224131107,0.000000000,1,1,0,4,1,4,-3.243778835,-6.694042667,1
5921,1789654158.234114408,0.000000000,1,1,0,4,1,4,-3.243778835,-6.694042667,1
5922,1789654158.244203568,0.000000000,1,1,0,4,1,4,-3.243778835,-6.694042667,1
5923,1789654158.254110813,0.000000000,1,1,0,4,1,4,-3.243778835,-6.694042667,1
5924,1789654158.264114618,0.000000000,1,1,0,4,1,4,-3.243778835,-6.694042667,1
5925,1789654158.274103642,0.000000000,1,1,0,4,1,4,-3.258536700,-6.694042667,1
5926,1789654158.284108639,0.000000000,1,1,0,4,1,4,-3.258536700,-6.694042667,1
5927,1789654158.294134617,0.000000000,1,1,0,4,1,4,-3.258536700,-6.694042667,1
5928,1789654158.304116726,0.000000000,1,1,0,4,1,4,-3.258536700,-6.694042667,1
5929,1789654158.314148426,0.000000000,1,1,0,4,1,4,-3.258536700,-6.694042667,1
5930,1789654158.324163914,0.000000000,1,1,0,4,1,4,-3.258536700,-6.694042667,1
5931,1789654158.334127665,0.000000000,1,1,0,4,1,4,-3.258536700,-6.694042667,1
5932,1789654158.344174385,0.000000000,1,1,0,4,1,4,-3.258536700,-6.694042667,1
5933,1789654158.354154825,0.000000000,1,1,0,4,1,4,-3.258536700,-6.694042667,1
5934,1789654158.364157438,0.000000000,1,1,0,4,1,4,-3.258536700,-6.694042667,1
5935,1789654158.374171019,0.000000000,1,1,0,4,1,4,-3.258536700,-6.694042667,1
5936,1789654158.384124279,0.000000000,1,1,0,4,1,4,-3.258536700,-6.694042667,1
5937,1789654158.394168139,0.000000000,1,1,0,4,1,4,-3.258536700,-6.694042667,1
5938,1789654158.404200792,0.000000000,1,1,0,4,1,4,-3.258536700,-6.694042667,1
5939,1789654158.414216042,0.000000000,1,1,0,4,1,4,-3.258536700,-6.694042667,1
5940,1789654158.424181938,0.000000000,1,1,0,4,1,4,-3.258536700,-6.694042667,1
5941,1789654158.434133291,0.000000000,1,1,0,4,1,4,-3.258536700,-6.694042667,1
5942,1789654158.444216251,0.000000000,1,1,0,4,1,4,-3.258536700,-6.694042667,1
5943,1789654158.454128265,0.000000000,1,1,0,4,1,4,-3.258536700,-6.694042667,1
5944,1789654158.464119911,0.000000000,1,1,0,4,1,4,-3.258536700,-6.694042667,1
5945,1789654158.474122524,0.000000000,1,1,0,4,1,4,-3.258536700,-6.694042667,1
5946,1789654158.484197140,0.000000000,1,1,0,4,1,4,-3.258536700,-6.694042667,1
5947,1789654158.494206190,0.000000000,1,1,0,4,1,4,-3.258536700,-6.694042667,1
5948,1789654158.504121542,0.000000000,1,1,0,4,1,4,-3.258536700,-6.694042667,1
5949,1789654158.514280558,0.000000000,1,1,0,4,1,4,-3.258536700,-6.694042667,1
5950,1789654158.524186611,0.000000000,1,1,0,4,1,4,-3.258536700,-6.694042667,1
5951,1789654158.534136534,0.000000000,1,1,0,4,1,4,-3.258536700,-6.694042667,1
5952,1789654158.544127703,0.000000000,1,1,0,4,1,4,-3.258536700,-6.694042667,1
5953,1789654158.554162979,0.000000000,1,1,0,4,1,4,-3.258536700,-6.694042667,1
5954,1789654158.564171791,0.000000000,1,1,0,4,1,4,-3.258536700,-6.694042667,1
5955,1789654158.574117184,0.000000000,1,1,0,4,1,4,-3.258536700,-6.694042667,1
5956,1789654158.584207773,0.000000000,1,1,0,4,1,4,-3.258536700,-6.694042667,1
5957,1789654158.594182253,0.000000000,1,1,0,4,1,4,-3.258536700,-6.694042667,1
5958,1789654158.604170084,0.000000000,1,1,0,4,1,4,-3.258536700,-6.694042667,1
5959,1789654158.614198923,0.000000000,1,1,0,4,1,4,-3.258536700,-6.694042667,1
5960,1789654158.624199629,0.000000000,1,1,0,4,1,4,-3.258536700,-6.694042667,1
5961,1789654158.634136915,0.000000000,1,1,0,4,1,4,-3.258536700,-6.694042667,1
5962,1789654158.644145250,0.000000000,1,1,0,4,1,4,-3.258536700,-6.694042667,1
5963,1789654158.654202461,0.000000000,1,1,0,4,1,4,-3.258536700,-6.694042667,1
5964,1789654158.664121866,0.000000000,1,1,0,4,1,4,-3.258536700,-6.694042667,1
5965,1789654158.674129009,0.000000000,1,1,0,4,1,4,-3.258536700,-6.694042667,1
5966,1789654158.684210777,0.000000000,1,1,0,4,1,4,-3.258536700,-6.694042667,1
5967,1789654158.694182634,0.000000000,1,1,0,4,1,4,-3.258536700,-6.694042667,1
5968,1789654158.704186440,0.000000000,1,1,0,4,1,4,-3.258536700,-6.694042667,1
5969,1789654158.714157343,0.000000000,1,1,0,4,1,4,-3.258536700,-6.694042667,1
5970,1789654158.724128485,0.000000000,1,1,0,4,1,4,-3.258536700,-6.694042667,1
5971,1789654158.734167099,0.000000000,1,1,0,4,1,4,-3.258536700,-6.694042667,1
5972,1789654158.744151592,0.000000000,1,1,0,4,1,4,-3.258536700,-6.694042667,1
5973,1789654158.754127264,0.000000000,1,1,0,4,1,4,-3.258536700,-6.694042667,1
5974,1789654158.764137268,0.000000000,1,1,0,4,1,4,-3.258536700,-6.694042667,1
5975,1789654158.774120331,0.000000000,1,1,0,4,1,4,-3.258536700,-6.694042667,1
5976,1789654158.784177303,0.000000000,1,1,0,4,1,4,-3.258536700,-6.694042667,1
5977,1789654158.794155836,0.000000000,1,1,0,4,1,4,-3.258536700,-6.694042667,1
5978,1789654158.804181576,0.000000000,1,1,0,4,1,4,-3.258536700,-6.694042667,1
5979,1789654158.814168930,0.000000000,1,1,0,4,1,4,-3.258536700,-6.694042667,1
5980,1789654158.824244022,0.000000000,1,1,0,4,1,4,-3.258536700,-6.694042667,1
5981,1789654158.834138155,0.000000000,1,1,0,4,1,4,-3.258536700,-6.694042667,1
5982,1789654158.844132662,0.000000000,1,1,0,4,1,4,-3.258536700,-6.694042667,1
5983,1789654158.854131937,0.000000000,1,1,0,4,1,4,-3.258536700,-6.694042667,1
5984,1789654158.864123106,0.000000000,1,1,0,4,1,4,-3.258536700,-6.694042667,1
5985,1789654158.874126196,0.000000000,1,1,0,4,1,4,-3.258536700,-6.694042667,1
5986,1789654158.884197474,0.000000000,1,1,0,4,1,4,-3.258536700,-6.694042667,1
5987,1789654158.894157171,0.000000000,1,1,0,4,1,4,-3.258536700,-6.694042667,1
5988,1789654158.904168606,0.000000000,1,1,0,4,1,4,-3.258536700,-6.694042667,1
5989,1789654158.914158106,0.000000000,1,1,0,4,1,4,-3.258536700,-6.694042667,1
5990,1789654158.924195051,0.000000000,1,1,0,4,1,4,-3.258536700,-6.694042667,1
5991,1789654158.934143782,0.000000000,1,1,0,4,1,4,-3.258536700,-6.694042667,1
5992,1789654158.944212675,0.000000000,1,1,0,4,1,4,-3.258536700,-6.694042667,1
5993,1789654158.954143763,0.000000000,1,1,0,4,1,4,-3.258536700,-6.694042667,1
5994,1789654158.964150190,0.000000000,1,1,0,4,1,4,-3.258536700,-6.694042667,1
5995,1789654158.974123955,0.000000000,1,1,0,4,1,4,-3.258536700,-6.694042667,1
5996,1789654158.984206676,0.000000000,1,1,0,4,1,4,-3.258536700,-6.694042667,1
5997,1789654158.994168997,0.000000000,1,1,0,4,1,4,-3.258536700,-6.694042667,1
5998,1789654159.004160404,0.000000000,1,1,0,4,1,4,-3.258536700,-6.694042667,1
5999,1789654159.014415503,0.000000000,1,1,0,4,1,4,-3.258536700,-6.694042667,1
6000,1789654159.024155140,0.000000000,1,1,0,4,1,4,-3.258536700,-6.694042667,1
6001,1789654159.034194946,0.000000000,1,1,0,4,1,4,-3.258536700,-6.694042667,1
6002,1789654159.044131517,0.000000000,1,1,0,4,1,4,-3.258536700,-6.694042667,1
6003,1789654159.054150343,0.000000000,1,1,0,4,1,4,-3.258536700,-6.694042667,1
6004,1789654159.064157963,0.000000000,1,1,0,4,1,4,-3.258536700,-6.694042667,1
6005,1789654159.074174166,0.000000000,1,1,0,4,1,4,-3.258536700,-6.694042667,1
6006,1789654159.084148169,0.000000000,1,1,0,4,1,4,-3.258536700,-6.694042667,1
6007,1789654159.094163656,0.000000000,1,1,0,4,1,4,-3.258536700,-6.694042667,1
6008,1789654159.104120493,0.000000000,1,1,0,4,1,4,-3.258536700,-6.694042667,1
6009,1789654159.114196539,0.000000000,1,1,0,4,1,4,-3.258536700,-6.694042667,1
6010,1789654159.124209642,0.000000000,1,1,0,4,1,4,-3.258536700,-6.694042667,1
6011,1789654159.134121895,0.000000000,1,1,0,4,1,4,-3.258536700,-6.694042667,1
6012,1789654159.144135714,0.000000000,1,1,0,4,1,4,-3.258536700,-6.694042667,1
6013,1789654159.154211044,0.000000000,1,1,0,4,1,4,-3.258536700,-6.694042667,1
6014,1789654159.164191961,0.000000000,1,1,0,4,1,4,-3.258536700,-6.694042667,1
6015,1789654159.174130678,0.000000000,1,1,0,4,1,4,-3.258536700,-6.694042667,1
6016,1789654159.184191704,0.000000000,1,1,0,4,1,4,-3.258536700,-6.694042667,1
6017,1789654159.194212914,0.000000000,1,1,0,4,1,4,-3.258536700,-6.694042667,1
6018,1789654159.204158068,0.000000000,1,1,0,4,1,4,-3.258536700,-6.694042667,1
6019,1789654159.214138985,0.000000000,1,1,0,4,1,4,-3.258536700,-6.694042667,1
6020,1789654159.224124432,0.000000000,1,1,0,4,1,4,-3.258536700,-6.694042667,1
6021,1789654159.234129667,0.000000000,1,1,0,4,1,4,-3.258536700,-6.694042667,1
6022,1789654159.244194269,0.000000000,1,1,0,4,1,4,-3.258536700,-6.694042667,1
6023,1789654159.254160643,0.000000000,1,1,0,4,1,4,-3.258536700,-6.694042667,1
6024,1789654159.264154911,0.000000000,1,1,0,4,1,4,-3.258536700,-6.694042667,1
6025,1789654159.274121046,0.000000000,1,1,0,4,1,4,-3.258536700,-6.694042667,1
6026,1789654159.284155846,0.000000000,1,1,0,4,1,4,-3.258536700,-6.694042667,1
6027,1789654159.294187546,0.000000000,1,1,0,4,1,4,-3.258536700,-6.694042667,1
6028,1789654159.304182053,0.000000000,1,1,0,4,1,4,-3.258536700,-6.694042667,1
6029,1789654159.314198017,0.000000000,1,1,0,4,1,4,-3.258536700,-6.694042667,1
6030,1789654159.324168682,0.000000000,1,1,0,4,1,4,-3.258536700,-6.694042667,1
6031,1789654159.334118366,0.000000000,1,1,0,4,1,4,-3.258536700,-6.694042667,1
6032,1789654159.344138145,0.000000000,1,1,0,4,1,4,-3.258536700,-6.694042667,1
6033,1789654159.354111910,0.000000000,1,1,0,4,1,4,-3.258536700,-6.694042667,1
6034,1789654159.364101887,0.000000000,1,1,0,4,1,4,-3.258536700,-6.694042667,1
6035,1789654159.374109030,0.000000000,1,1,0,4,1,4,-3.258536700,-6.694042667,1
6036,1789654159.384159327,0.000000000,1,1,0,4,1,4,-3.258536700,-6.694042667,1
6037,1789654159.394156456,0.000000000,1,1,0,4,1,4,-3.258536700,-6.694042667,1
6038,1789654159.404167652,0.000000000,1,1,0,4,1,4,-3.258536700,-6.694042667,1
6039,1789654159.414159775,0.000000000,1,1,0,4,1,4,-3.258536700,-6.694042667,1
6040,1789654159.424155712,0.000000000,1,1,0,4,1,4,-3.258536700,-6.694042667,1
6041,1789654159.434166670,0.000000000,1,1,0,4,1,4,-3.258536700,-6.694042667,1
6042,1789654159.444130421,0.000000000,1,1,0,4,1,4,-3.258536700,-6.694042667,1
6043,1789654159.454148054,0.000000000,1,1,0,4,1,4,-3.258536700,-6.694042667,1
6044,1789654159.464104414,0.000000000,1,1,0,4,1,4,-3.258536700,-6.694042667,1
6045,1789654159.474101305,0.000000000,1,1,0,4,1,4,-3.258536700,-6.694042667,1
6046,1789654159.484120131,0.000000000,1,1,0,4,1,4,-3.258536700,-6.694042667,1
6047,1789654159.494159937,0.000000000,1,1,0,4,1,4,-3.258536700,-6.694042667,1
6048,1789654159.504153967,0.000000000,1,1,0,4,1,4,-3.258536700,-6.694042667,1
6049,1789654159.514159918,0.000000000,1,1,0,4,1,4,-3.258536700,-6.694042667,1
6050,1789654159.524131775,0.000000000,1,1,0,4,1,4,-3.258536700,-6.694042667,1
6051,1789654159.534113646,0.000000000,1,1,0,4,1,4,-3.258536700,-6.694042667,1
6052,1789654159.544117212,0.000000000,1,1,0,4,1,4,-3.258536700,-6.694042667,1
6053,1789654159.554142714,0.000000000,1,1,0,4,1,4,-3.258536700,-6.694042667,1
6054,1789654159.564102650,0.000000000,1,1,0,4,1,4,-3.258536700,-6.694042667,1
6055,1789654159.574111700,0.000000000,1,1,0,4,1,4,-3.258536700,-6.694042667,1
6056,1789654159.584185362,0.000000000,1,1,0,4,1,4,-3.258536700,-6.694042667,1
6057,1789654159.594186783,0.000000000,1,1,0,4,1,4,-3.258536700,-6.694042667,1
6058,1789654159.604125261,0.000000000,1,1,0,4,1,4,-3.258536700,-6.694042667,1
6059,1789654159.614162683,0.000000000,1,1,0,4,1,4,-3.258536700,-6.694042667,1
6060,1789654159.624175310,0.000000000,1,1,0,4,1,4,-3.258536700,-6.694042667,1
6061,1789654159.634172440,0.000000000,1,1,0,4,1,4,-3.258536700,-6.694042667,1
6062,1789654159.644112825,0.000000000,1,1,0,4,1,4,-3.258536700,-6.694042667,1
6063,1789654159.654128075,0.000000000,1,1,0,4,1,4,-3.258536700,-6.694042667,1
6064,1789654159.664133310,0.000000000,1,1,0,4,1,4,-3.258536700,-6.694042667,1
6065,1789654159.674158812,0.000000000,1,1,0,4,1,4,-3.258536700,-6.694042667,1
6066,1789654159.684173107,0.000000000,1,1,0,4,1,4,-3.258536700,-6.694042667,1
6067,1789654159.694138527,0.000000000,1,1,0,4,1,4,-3.258536700,-6.694042667,1
6068,1789654159.704158068,0.000000000,1,1,0,4,1,4,-3.258536700,-6.694042667,1
6069,1789654159.714123487,0.000000000,1,1,0,4,1,4,-3.258536700,-6.694042667,1
6070,1789654159.724200487,0.000000000,1,1,0,4,1,4,-3.258536700,-6.694042667,1
6071,1789654159.734171867,0.000000000,1,1,0,4,1,4,-3.258536700,-6.694042667,1
6072,1789654159.744138956,0.000000000,1,1,0,4,1,4,-3.258536700,-6.694042667,1
6073,1789654159.754132748,0.000000000,1,1,0,4,1,4,-3.258536700,-6.694042667,1
6074,1789654159.764138937,0.000000000,1,1,0,4,1,4,-3.258536700,-6.694042667,1
6075,1789654159.774125814,0.000000000,1,1,0,4,1,4,-3.258536700,-6.694042667,1
6076,1789654159.784176350,0.000000000,1,1,0,4,1,4,-3.258536700,-6.694042667,1
6077,1789654159.794136524,0.000000000,1,1,0,4,1,4,-3.258536700,-6.694042667,1
6078,1789654159.804127693,0.000000000,1,1,0,4,1,4,-3.258536700,-6.694042667,1
6079,1789654159.814152718,0.000000000,1,1,0,4,1,4,-3.258536700,-6.694042667,1
6080,1789654159.824175119,0.000000000,1,1,0,4,1,4,-3.258536700,-6.694042667,1
6081,1789654159.834177971,0.000000000,1,1,0,4,1,4,-3.258536700,-6.694042667,1
6082,1789654159.844122648,0.000000000,1,1,0,4,1,4,-3.258536700,-6.694042667,1
6083,1789654159.854209185,0.000000000,1,1,0,4,1,4,-3.258536700,-6.694042667,1
6084,1789654159.864133835,0.000000000,1,1,0,4,1,4,-3.258536700,-6.694042667,1
6085,1789654159.874118805,0.000000000,1,1,0,4,1,4,-3.258536700,-6.694042667,1
6086,1789654159.884147882,0.000000000,1,1,0,4,1,4,-3.258536700,-6.694042667,1
6087,1789654159.894117355,0.000000000,1,1,0,4,1,4,-3.258536700,-6.694042667,1
6088,1789654159.904128551,0.000000000,1,1,0,4,1,4,-3.258536700,-6.694042667,1
6089,1789654159.914110184,0.000000000,1,1,0,4,1,4,-3.258536700,-6.694042667,1
6090,1789654159.924148321,0.000000000,1,1,0,4,1,4,-3.258536700,-6.694042667,1
6091,1789654159.934169531,0.000000000,1,1,0,4,1,4,-3.258536700,-6.694042667,1
6092,1789654159.944143295,0.000000000,1,1,0,4,1,4,-3.258536700,-6.694042667,1
6093,1789654159.954171896,0.000000000,1,1,0,4,1,4,-3.258536700,-6.694042667,1
6094,1789654159.964101315,0.000000000,1,1,0,4,1,4,-3.258536700,-6.694042667,1
6095,1789654159.974125385,0.000000000,1,1,0,4,1,4,-3.273294566,-6.694042667,1
6096,1789654159.984162331,0.000000000,1,1,0,4,1,4,-3.273294566,-6.694042667,1
6097,1789654159.994116783,0.000000000,1,1,0,4,1,4,-3.273294566,-6.694042667,1
6098,1789654160.004155159,0.000000000,1,1,0,4,1,4,-3.273294566,-6.694042667,1
6099,1789654160.014158249,0.000000000,1,1,0,4,1,4,-3.273294566,-6.694042667,1
6100,1789654160.024189234,0.000000000,1,1,0,4,1,4,-3.273294566,-6.694042667,1
6101,1789654160.034111977,0.000000000,1,1,0,4,1,4,-3.273294566,-6.694042667,1
6102,1789654160.044107199,0.000000000,1,1,0,4,1,4,-3.273294566,-6.694042667,1
6103,1789654160.054150343,0.000000000,1,1,0,4,1,4,-3.273294566,-6.694042667,1
6104,1789654160.064156532,0.000000000,1,1,0,4,1,4,-3.273294566,-6.694042667,1
6105,1789654160.074130535,0.000000000,1,1,0,4,1,4,-3.273294566,-6.694042667,1
6106,1789654160.084165812,0.000000000,1,1,0,4,1,4,-3.273294566,-6.694042667,1
6107,1789654160.094132423,0.000000000,1,1,0,4,1,4,-3.273294566,-6.694042667,1
6108,1789654160.104137182,0.000000000,1,1,0,4,1,4,-3.273294566,-6.694042667,1
6109,1789654160.114110947,0.000000000,1,1,0,4,1,4,-3.273294566,-6.694042667,1
6110,1789654160.124182224,0.000000000,1,1,0,4,1,4,-3.273294566,-6.694042667,1
6111,1789654160.134178877,0.000000000,1,1,0,4,1,4,-3.273294566,-6.694042667,1
6112,1789654160.144143581,0.000000000,1,1,0,4,1,4,-3.273294566,-6.694042667,1
6113,1789654160.154178619,0.000000000,1,1,0,4,1,4,-3.273294566,-6.694042667,1
6114,1789654160.164136887,0.000000000,1,1,0,4,1,4,-3.273294566,-6.694042667,1
6115,1789654160.174105883,0.000000000,1,1,0,4,1,4,-3.258536700,-6.694042667,1
6116,1789654160.184102774,0.000000000,1,1,0,4,1,4,-3.258536700,-6.694042667,1
6117,1789654160.194128275,0.000000000,1,1,0,4,1,4,-3.258536700,-6.694042667,1
6118,1789654160.204139233,0.000000000,1,1,0,4,1,4,-3.258536700,-6.694042667,1
6119,1789654160.214148045,0.000000000,1,1,0,4,1,4,-3.258536700,-6.694042667,1
6120,1789654160.224145889,0.000000000,1,1,0,4,1,4,-3.258536700,-6.694042667,1
6121,1789654160.234180927,0.000000000,1,1,0,4,1,4,-3.258536700,-6.694042667,1
6122,1789654160.244152784,0.000000000,1,1,0,4,1,4,-3.258536700,-6.694042667,1
6123,1789654160.254112244,0.000000000,1,1,0,4,1,4,-3.258536700,-6.694042667,1
6124,1789654160.264109373,0.000000000,1,1,0,4,1,4,-3.258536700,-6.694042667,1
6125,1789654160.274109602,0.000000000,1,1,0,4,1,4,-3.273294566,-6.694042667,1
6126,1789654160.284151077,0.000000000,1,1,0,4,1,4,-3.273294566,-6.694042667,1
6127,1789654160.294124603,0.000000000,1,1,0,4,1,4,-3.273294566,-6.694042667,1
6128,1789654160.304106951,0.000000000,1,1,0,4,1,4,-3.273294566,-6.694042667,1
6129,1789654160.314148664,0.000000000,1,1,0,4,1,4,-3.273294566,-6.694042667,1
6130,1789654160.324140549,0.000000000,1,1,0,4,1,4,-3.273294566,-6.694042667,1
6131,1789654160.334144354,0.000000000,1,1,0,4,1,4,-3.273294566,-6.694042667,1
6132,1789654160.344112396,0.000000000,1,1,0,4,1,4,-3.273294566,-6.694042667,1
6133,1789654160.354176998,0.000000000,1,1,0,4,1,4,-3.273294566,-6.694042667,1
6134,1789654160.364113092,0.000000000,1,1,0,4,1,4,-3.273294566,-6.694042667,1
6135,1789654160.374128819,0.000000000,1,1,0,4,1,4,-3.273294566,-6.694042667,1
6136,1789654160.384171486,0.000000000,1,1,0,4,1,4,-3.273294566,-6.694042667,1
6137,1789654160.394164562,0.000000000,1,1,0,4,1,4,-3.273294566,-6.694042667,1
6138,1789654160.404160261,0.000000000,1,1,0,4,1,4,-3.273294566,-6.694042667,1
6139,1789654160.414156199,0.000000000,1,1,0,4,1,4,-3.273294566,-6.694042667,1
6140,1789654160.424191713,0.000000000,1,1,0,4,1,4,-3.273294566,-6.694042667,1
6141,1789654160.434111118,0.000000000,1,1,0,4,1,4,-3.273294566,-6.694042667,1
6142,1789654160.444191694,0.000000000,1,1,0,4,1,4,-3.273294566,-6.694042667,1
6143,1789654160.454130650,0.000000000,1,1,0,4,1,4,-3.273294566,-6.694042667,1
6144,1789654160.464134216,0.000000000,1,1,0,4,1,4,-3.273294566,-6.694042667,1
6145,1789654160.474105835,0.000000000,1,1,0,4,1,4,-3.273294566,-6.694042667,1
6146,1789654160.484145403,0.000000000,1,1,0,4,1,4,-3.273294566,-6.694042667,1
6147,1789654160.494139671,0.000000000,1,1,0,4,1,4,-3.273294566,-6.694042667,1
6148,1789654160.504142046,0.000000000,1,1,0,4,1,4,-3.273294566,-6.694042667,1
6149,1789654160.514117718,0.000000000,1,1,0,4,1,4,-3.273294566,-6.694042667,1
6150,1789654160.524127245,0.000000000,1,1,0,4,1,4,-3.273294566,-6.694042667,1
6151,1789654160.534135342,0.000000000,1,1,0,4,1,4,-3.273294566,-6.694042667,1
6152,1789654160.544145107,0.000000000,1,1,0,4,1,4,-3.273294566,-6.694042667,1
6153,1789654160.554185152,0.000000000,1,1,0,4,1,4,-3.273294566,-6.694042667,1
6154,1789654160.564148426,0.000000000,1,1,0,4,1,4,-3.273294566,-6.694042667,1
6155,1789654160.574116945,0.000000000,1,1,0,4,1,4,-3.273294566,-6.694042667,1
6156,1789654160.584209681,0.000000000,1,1,0,4,1,4,-3.273294566,-6.694042667,1
6157,1789654160.594159365,0.000000000,1,1,0,4,1,4,-3.273294566,-6.694042667,1
6158,1789654160.604197264,0.000000000,1,1,0,4,1,4,-3.273294566,-6.694042667,1
6159,1789654160.614220142,0.000000000,1,1,0,4,1,4,-3.273294566,-6.694042667,1
6160,1789654160.624122381,0.000000000,1,1,0,4,1,4,-3.273294566,-6.694042667,1
6161,1789654160.634140968,0.000000000,1,1,0,4,1,4,-3.273294566,-6.694042667,1
6162,1789654160.644134045,0.000000000,1,1,0,4,1,4,-3.273294566,-6.694042667,1
6163,1789654160.654173374,0.000000000,1,1,0,4,1,4,-3.273294566,-6.694042667,1
6164,1789654160.664196491,0.000000000,1,1,0,4,1,4,-3.273294566,-6.694042667,1
6165,1789654160.674123049,0.000000000,1,1,0,4,1,4,-3.258536700,-6.694042667,1
6166,1789654160.684111118,0.000000000,1,1,0,4,1,4,-3.258536700,-6.694042667,1
6167,1789654160.694170475,0.000000000,1,1,0,4,1,4,-3.258536700,-6.694042667,1
6168,1789654160.704122543,0.000000000,1,1,0,4,1,4,-3.258536700,-6.694042667,1
6169,1789654160.714126825,0.000000000,1,1,0,4,1,4,-3.258536700,-6.694042667,1
6170,1789654160.724118233,0.000000000,1,1,0,4,1,4,-3.258536700,-6.694042667,1
6171,1789654160.734169960,0.000000000,1,1,0,4,1,4,-3.258536700,-6.694042667,1
6172,1789654160.744143963,0.000000000,1,1,0,4,1,4,-3.258536700,-6.694042667,1
6173,1789654160.754185200,0.000000000,1,1,0,4,1,4,-3.258536700,-6.694042667,1
6174,1789654160.764169216,0.000000000,1,1,0,4,1,4,-3.258536700,-6.694042667,1
6175,1789654160.774108887,0.000000000,1,1,0,4,1,4,-3.258536700,-6.694042667,1
6176,1789654160.784158468,0.000000000,1,1,0,4,1,4,-3.258536700,-6.694042667,1
6177,1789654160.794151783,0.000000000,1,1,0,4,1,4,-3.258536700,-6.694042667,1
6178,1789654160.804131985,0.000000000,1,1,0,4,1,4,-3.258536700,-6.694042667,1
6179,1789654160.814155102,0.000000000,1,1,0,4,1,4,-3.258536700,-6.694042667,1
6180,1789654160.824141502,0.000000000,1,1,0,4,1,4,-3.258536700,-6.694042667,1
6181,1789654160.834122658,0.000000000,1,1,0,4,1,4,-3.258536700,-6.694042667,1
6182,1789654160.844125271,0.000000000,1,1,0,4,1,4,-3.258536700,-6.694042667,1
6183,1789654160.854120016,0.000000000,1,1,0,4,1,4,-3.258536700,-6.694042667,1
6184,1789654160.864121914,0.000000000,1,1,0,4,1,4,-3.258536700,-6.694042667,1
6185,1789654160.874112368,0.000000000,1,1,0,4,1,4,-3.258536700,-6.694042667,1
6186,1789654160.884160519,0.000000000,1,1,0,4,1,4,-3.258536700,-6.694042667,1
6187,1789654160.894142151,0.000000000,1,1,0,4,1,4,-3.258536700,-6.694042667,1
6188,1789654160.904161930,0.000000000,1,1,0,4,1,4,-3.258536700,-6.694042667,1
6189,1789654160.914162874,0.000000000,1,1,0,4,1,4,-3.258536700,-6.694042667,1
6190,1789654160.924195766,0.000000000,1,1,0,4,1,4,-3.258536700,-6.694042667,1
6191,1789654160.934182167,0.000000000,1,1,0,4,1,4,-3.258536700,-6.694042667,1
6192,1789654160.944130421,0.000000000,1,1,0,4,1,4,-3.258536700,-6.694042667,1
6193,1789654160.954152107,0.000000000,1,1,0,4,1,4,-3.258536700,-6.694042667,1
6194,1789654160.964118004,0.000000000,1,1,0,4,1,4,-3.258536700,-6.694042667,1
6195,1789654160.974119425,0.000000000,1,1,0,4,1,4,-3.258536700,-6.694042667,1
6196,1789654160.984189272,0.000000000,1,1,0,4,1,4,-3.258536700,-6.694042667,1
6197,1789654160.994196415,0.000000000,1,1,0,4,1,4,-3.258536700,-6.694042667,1
6198,1789654161.004129887,0.000000000,1,1,0,4,1,4,-3.258536700,-6.694042667,1
6199,1789654161.014272451,0.000000000,1,1,0,4,1,4,-3.258536700,-6.694042667,1
6200,1789654161.024150610,0.000000000,1,1,0,4,1,4,-3.258536700,-6.694042667,1
6201,1789654161.034205198,0.000000000,1,1,0,4,1,4,-3.258536700,-6.694042667,1
6202,1789654161.044135571,0.000000000,1,1,0,4,1,4,-3.258536700,-6.694042667,1
6203,1789654161.054125786,0.000000000,1,1,0,4,1,4,-3.258536700,-6.694042667,1
6204,1789654161.064138412,0.000000000,1,1,0,4,1,4,-3.258536700,-6.694042667,1
6205,1789654161.074142218,0.000000000,1,1,0,4,1,4,-3.258536700,-6.694042667,1
6206,1789654161.084189653,0.000000000,1,1,0,4,1,4,-3.258536700,-6.694042667,1
6207,1789654161.094190836,0.000000000,1,1,0,4,1,4,-3.258536700,-6.694042667,1
6208,1789654161.104178667,0.000000000,1,1,0,4,1,4,-3.258536700,-6.694042667,1
6209,1789654161.114180326,0.000000000,1,1,0,4,1,4,-3.258536700,-6.694042667,1
6210,1789654161.124122381,0.000000000,1,1,0,4,1,4,-3.258536700,-6.694042667,1
6211,1789654161.134138584,0.000000000,1,1,0,4,1,4,-3.258536700,-6.694042667,1
6212,1789654161.144140959,0.000000000,1,1,0,4,1,4,-3.258536700,-6.694042667,1
6213,1789654161.154128551,0.000000000,1,1,0,4,1,4,-3.258536700,-6.694042667,1
6214,1789654161.164195776,0.000000000,1,1,0,4,1,4,-3.258536700,-6.694042667,1
6215,1789654161.174128294,0.000000000,1,1,0,4,1,4,-3.273294566,-6.694042667,1
6216,1789654161.184169292,0.000000000,1,1,0,4,1,4,-3.273294566,-6.694042667,1
6217,1789654161.194130898,0.000000000,1,1,0,4,1,4,-3.273294566,-6.694042667,1
6218,1789654161.204216003,0.000000000,1,1,0,4,1,4,-3.273294566,-6.694042667,1
6219,1789654161.214211702,0.000000000,1,1,0,4,1,4,-3.273294566,-6.694042667,1
6220,1789654161.224201679,0.000000000,1,1,0,4,1,4,-3.273294566,-6.694042667,1
6221,1789654161.234162569,0.000000000,1,1,0,4,1,4,-3.273294566,-6.694042667,1
6222,1789654161.244149923,0.000000000,1,1,0,4,1,4,-3.273294566,-6.694042667,1
6223,1789654161.254135132,0.000000000,1,1,0,4,1,4,-3.273294566,-6.694042667,1
6224,1789654161.264126778,0.000000000,1,1,0,4,1,4,-3.273294566,-6.694042667,1
6225,1789654161.274125099,0.000000000,1,1,0,4,1,4,-3.273294566,-6.694042667,1
6226,1789654161.284180403,0.000000000,1,1,0,4,1,4,-3.273294566,-6.694042667,1
6227,1789654161.294111967,0.000000000,1,1,0,4,1,4,-3.273294566,-6.694042667,1
6228,1789654161.304115295,0.000000000,1,1,0,4,1,4,-3.273294566,-6.694042667,1
6229,1789654161.314108372,0.000000000,1,1,0,4,1,4,-3.273294566,-6.694042667,1
6230,1789654161.324171782,0.000000000,1,1,0,4,1,4,-3.273294566,-6.694042667,1
6231,1789654161.334296227,0.000000000,1,1,0,4,1,4,-3.273294566,-6.694042667,1
6232,1789654161.344181538,0.000000000,1,1,0,4,1,4,-3.273294566,-6.694042667,1
6233,1789654161.354134560,0.000000000,1,1,0,4,1,4,-3.273294566,-6.694042667,1
6234,1789654161.364141464,0.000000000,1,1,0,4,1,4,-3.273294566,-6.694042667,1
6235,1789654161.374142885,0.000000000,1,1,0,4,1,4,-3.273294566,-6.694042667,1
6236,1789654161.384129047,0.000000000,1,1,0,4,1,4,-3.273294566,-6.694042667,1
6237,1789654161.394149065,0.000000000,1,1,0,4,1,4,-3.273294566,-6.694042667,1
6238,1789654161.404180527,0.000000000,1,1,0,4,1,4,-3.273294566,-6.694042667,1
6239,1789654161.414161444,0.000000000,1,1,0,4,1,4,-3.273294566,-6.694042667,1
6240,1789654161.424113035,0.000000000,1,1,0,4,1,4,-3.273294566,-6.694042667,1
6241,1789654161.434131622,0.000000000,1,1,0,4,1,4,-3.273294566,-6.694042667,1
6242,1789654161.444183350,0.000000000,1,1,0,4,1,4,-3.273294566,-6.694042667,1
6243,1789654161.454192162,0.000000000,1,1,0,4,1,4,-3.273294566,-6.694042667,1
6244,1789654161.464191437,0.000000000,1,1,0,4,1,4,-3.273294566,-6.694042667,1
6245,1789654161.474169493,0.000000000,1,1,0,4,1,4,-3.273294566,-6.694042667,1
6246,1789654161.484184265,0.000000000,1,1,0,4,1,4,-3.273294566,-6.694042667,1
6247,1789654161.494188309,0.000000000,1,1,0,4,1,4,-3.273294566,-6.694042667,1
6248,1789654161.504161358,0.000000000,1,1,0,4,1,4,-3.273294566,-6.694042667,1
6249,1789654161.514182329,0.000000000,1,1,0,4,1,4,-3.273294566,-6.694042667,1
6250,1789654161.524141312,0.000000000,1,1,0,4,1,4,-3.273294566,-6.694042667,1
6251,1789654161.534137011,0.000000000,1,1,0,4,1,4,-3.273294566,-6.694042667,1
6252,1789654161.544132710,0.000000000,1,1,0,4,1,4,-3.273294566,-6.694042667,1
6253,1789654161.554211140,0.000000000,1,1,0,4,1,4,-3.273294566,-6.694042667,1
6254,1789654161.564201117,0.000000000,1,1,0,4,1,4,-3.273294566,-6.694042667,1
6255,1789654161.574120045,0.000000000,1,1,0,4,1,4,-3.258536700,-6.694042667,1
6256,1789654161.584175110,0.000000000,1,1,0,4,1,4,-3.258536700,-6.694042667,1
6257,1789654161.594177485,0.000000000,1,1,0,4,1,4,-3.258536700,-6.694042667,1
6258,1789654161.604202509,0.000000000,1,1,0,4,1,4,-3.258536700,-6.694042667,1
6259,1789654161.614218712,0.000000000,1,1,0,4,1,4,-3.258536700,-6.694042667,1
6260,1789654161.624207020,0.000000000,1,1,0,4,1,4,-3.258536700,-6.694042667,1
6261,1789654161.634132624,0.000000000,1,1,0,4,1,4,-3.258536700,-6.694042667,1
6262,1789654161.644153833,0.000000000,1,1,0,4,1,4,-3.258536700,-6.694042667,1
6263,1789654161.654163599,0.000000000,1,1,0,4,1,4,-3.258536700,-6.694042667,1
6264,1789654161.664213181,0.000000000,1,1,0,4,1,4,-3.258536700,-6.694042667,1
6265,1789654161.674124002,0.000000000,1,1,0,4,1,4,-3.273294566,-6.694042667,1
6266,1789654161.684172630,0.000000000,1,1,0,4,1,4,-3.273294566,-6.694042667,1
6267,1789654161.694184780,0.000000000,1,1,0,4,1,4,-3.273294566,-6.694042667,1
6268,1789654161.704130411,0.000000000,1,1,0,4,1,4,-3.273294566,-6.694042667,1
6269,1789654161.714120150,0.000000000,1,1,0,4,1,4,-3.273294566,-6.694042667,1
6270,1789654161.724125624,0.000000000,1,1,0,4,1,4,-3.273294566,-6.694042667,1
6271,1789654161.734195709,0.000000000,1,1,0,4,1,4,-3.273294566,-6.694042667,1
6272,1789654161.744155645,0.000000000,1,1,0,4,1,4,-3.273294566,-6.694042667,1
6273,1789654161.754134178,0.000000000,1,1,0,4,1,4,-3.273294566,-6.694042667,1
6274,1789654161.764141798,0.000000000,1,1,0,4,1,4,-3.273294566,-6.694042667,1
6275,1789654161.774111509,0.000000000,1,1,0,4,1,4,-3.273294566,-6.694042667,1
6276,1789654161.784140825,0.000000000,1,1,0,4,1,4,-3.273294566,-6.694042667,1
6277,1789654161.794132710,0.000000000,1,1,0,4,1,4,-3.273294566,-6.694042667,1
6278,1789654161.804107428,0.000000000,1,1,0,4,1,4,-3.273294566,-6.694042667,1
6279,1789654161.814107418,0.000000000,1,1,0,4,1,4,-3.273294566,-6.694042667,1
6280,1789654161.824165106,0.000000000,1,1,0,4,1,4,-3.273294566,-6.694042667,1
6281,1789654161.834108591,0.000000000,1,1,0,4,1,4,-3.273294566,-6.694042667,1
6282,1789654161.844145775,0.000000000,1,1,0,4,1,4,-3.273294566,-6.694042667,1
6283,1789654161.854153633,0.000000000,1,1,0,4,1,4,-3.273294566,-6.694042667,1
6284,1789654161.864101648,0.000000000,1,1,0,4,1,4,-3.273294566,-6.694042667,1
6285,1789654161.874124527,0.000000000,1,1,0,4,1,4,-3.258536700,-6.694042667,1
6286,1789654161.884113312,0.000000000,1,1,0,4,1,4,-3.258536700,-6.694042667,1
6287,1789654161.894137383,0.000000000,1,1,0,4,1,4,-3.258536700,-6.694042667,1
6288,1789654161.904157400,0.000000000,1,1,0,4,1,4,-3.258536700,-6.694042667,1
6289,1789654161.914186239,0.000000000,1,1,0,4,1,4,-3.258536700,-6.694042667,1
6290,1789654161.924190044,0.000000000,1,1,0,4,1,4,-3.258536700,-6.694042667,1
6291,1789654161.934111595,0.000000000,1,1,0,4,1,4,-3.258536700,-6.694042667,1
6292,1789654161.944162607,0.000000000,1,1,0,4,1,4,-3.258536700,-6.694042667,1
6293,1789654161.954150438,0.000000000,1,1,0,4,1,4,-3.258536700,-6.694042667,1
6294,1789654161.964108229,0.000000000,1,1,0,4,1,4,-3.258536700,-6.694042667,1
6295,1789654161.974114895,0.000000000,1,1,0,4,1,4,-3.258536700,-6.694042667,1
6296,1789654161.984160662,0.000000000,1,1,0,4,1,4,-3.258536700,-6.694042667,1
6297,1789654161.994158268,0.000000000,1,1,0,4,1,4,-3.258536700,-6.694042667,1
6298,1789654162.004153967,0.000000000,1,1,0,4,1,4,-3.258536700,-6.694042667,1
6299,1789654162.014152288,0.000000000,1,1,0,4,1,4,-3.258536700,-6.694042667,1
6300,1789654162.024192810,0.000000000,1,1,0,4,1,4,-3.258536700,-6.694042667,1
6301,1789654162.034175634,0.000000000,1,1,0,4,1,4,-3.258536700,-6.694042667,1
6302,1789654162.044175625,0.000000000,1,1,0,4,1,4,-3.258536700,-6.694042667,1
6303,1789654162.054131508,0.000000000,1,1,0,4,1,4,-3.258536700,-6.694042667,1
6304,1789654162.064208031,0.000000000,1,1,0,4,1,4,-3.258536700,-6.694042667,1
6305,1789654162.074129820,0.000000000,1,1,0,4,1,4,-3.258536700,-6.694042667,1
6306,1789654162.084187508,0.000000000,1,1,0,4,1,4,-3.258536700,-6.694042667,1
6307,1789654162.094130278,0.000000000,1,1,0,4,1,4,-3.258536700,-6.694042667,1
6308,1789654162.104189396,0.000000000,1,1,0,4,1,4,-3.258536700,-6.694042667,1
6309,1789654162.114180565,0.000000000,1,1,0,4,1,4,-3.258536700,-6.694042667,1
6310,1789654162.124124527,0.000000000,1,1,0,4,1,4,-3.258536700,-6.694042667,1
6311,1789654162.134132624,0.000000000,1,1,0,4,1,4,-3.258536700,-6.694042667,1
6312,1789654162.144198656,0.000000000,1,1,0,4,1,4,-3.258536700,-6.694042667,1
6313,1789654162.154121876,0.000000000,1,1,0,4,1,4,-3.258536700,-6.694042667,1
6314,1789654162.164171934,0.000000000,1,1,0,4,1,4,-3.258536700,-6.694042667,1
6315,1789654162.174166679,0.000000000,1,1,0,4,1,4,-3.258536700,-6.694042667,1
6316,1789654162.184148788,0.000000000,1,1,0,4,1,4,-3.258536700,-6.694042667,1
6317,1789654162.194157839,0.000000000,1,1,0,4,1,4,-3.258536700,-6.694042667,1
6318,1789654162.204207659,0.000000000,1,1,0,4,1,4,-3.258536700,-6.694042667,1
6319,1789654162.214206696,0.000000000,1,1,0,4,1,4,-3.258536700,-6.694042667,1
6320,1789654162.224231482,0.000000000,1,1,0,4,1,4,-3.258536700,-6.694042667,1
6321,1789654162.234132528,0.000000000,1,1,0,4,1,4,-3.258536700,-6.694042667,1
6322,1789654162.244198084,0.000000000,1,1,0,4,1,4,-3.258536700,-6.694042667,1
6323,1789654162.254125834,0.000000000,1,1,0,4,1,4,-3.258536700,-6.694042667,1
6324,1789654162.264183521,0.000000000,1,1,0,4,1,4,-3.258536700,-6.694042667,1
6325,1789654162.274122238,0.000000000,1,1,0,4,1,4,-3.258536700,-6.694042667,1
6326,1789654162.284114122,0.000000000,1,1,0,4,1,4,-3.258536700,-6.694042667,1
6327,1789654162.294122219,0.000000000,1,1,0,4,1,4,-3.258536700,-6.694042667,1
6328,1789654162.304190874,0.000000000,1,1,0,4,1,4,-3.258536700,-6.694042667,1
6329,1789654162.314159870,0.000000000,1,1,0,4,1,4,-3.258536700,-6.694042667,1
6330,1789654162.324211359,0.000000000,1,1,0,4,1,4,-3.258536700,-6.694042667,1
6331,1789654162.334130287,0.000000000,1,1,0,4,1,4,-3.258536700,-6.694042667,1
6332,1789654162.344178438,0.000000000,1,1,0,4,1,4,-3.258536700,-6.694042667,1
6333,1789654162.354168177,0.000000000,1,1,0,4,1,4,-3.258536700,-6.694042667,1
6334,1789654162.364106417,0.000000000,1,1,0,4,1,4,-3.258536700,-6.694042667,1
6335,1789654162.374130964,0.000000000,1,1,0,4,1,4,-3.258536700,-6.694042667,1
6336,1789654162.384155273,0.000000000,1,1,0,4,1,4,-3.258536700,-6.694042667,1
6337,1789654162.394108534,0.000000000,1,1,0,4,1,4,-3.258536700,-6.694042667,1
6338,1789654162.404129505,0.000000000,1,1,0,4,1,4,-3.258536700,-6.694042667,1
6339,1789654162.414128304,0.000000000,1,1,0,4,1,4,-3.258536700,-6.694042667,1
6340,1789654162.424126625,0.000000000,1,1,0,4,1,4,-3.258536700,-6.694042667,1
6341,1789654162.434171915,0.000000000,1,1,0,4,1,4,-3.258536700,-6.694042667,1
6342,1789654162.444143295,0.000000000,1,1,0,4,1,4,-3.258536700,-6.694042667,1
6343,1789654162.454158545,0.000000000,1,1,0,4,1,4,-3.258536700,-6.694042667,1
6344,1789654162.464183331,0.000000000,1,1,0,4,1,4,-3.258536700,-6.694042667,1
6345,1789654162.474128246,0.000000000,1,1,0,4,1,4,-3.258536700,-6.694042667,1
6346,1789654162.484183550,0.000000000,1,1,0,4,1,4,-3.258536700,-6.694042667,1
6347,1789654162.494130850,0.000000000,1,1,0,4,1,4,-3.258536700,-6.694042667,1
6348,1789654162.504221201,0.000000000,1,1,0,4,1,4,-3.258536700,-6.694042667,1
6349,1789654162.514215708,0.000000000,1,1,0,4,1,4,-3.258536700,-6.694042667,1
6350,1789654162.524215221,0.000000000,1,1,0,4,1,4,-3.258536700,-6.694042667,1
6351,1789654162.534136295,0.000000000,1,1,0,4,1,4,-3.258536700,-6.694042667,1
6352,1789654162.544133663,0.000000000,1,1,0,4,1,4,-3.258536700,-6.694042667,1
6353,1789654162.554195881,0.000000000,1,1,0,4,1,4,-3.258536700,-6.694042667,1
6354,1789654162.564209938,0.000000000,1,1,0,4,1,4,-3.258536700,-6.694042667,1
6355,1789654162.574125290,0.000000000,1,1,0,4,1,4,-3.258536700,-6.694042667,1
6356,1789654162.584187746,0.000000000,1,1,0,4,1,4,-3.258536700,-6.694042667,1
6357,1789654162.594202518,0.000000000,1,1,0,4,1,4,-3.258536700,-6.694042667,1
6358,1789654162.604120016,0.000000000,1,1,0,4,1,4,-3.258536700,-6.694042667,1
6359,1789654162.614130259,0.000000000,1,1,0,4,1,4,-3.258536700,-6.694042667,1
6360,1789654162.624200344,0.000000000,1,1,0,4,1,4,-3.258536700,-6.694042667,1
6361,1789654162.634193182,0.000000000,1,1,0,4,1,4,-3.258536700,-6.694042667,1
6362,1789654162.644143581,0.000000000,1,1,0,4,1,4,-3.258536700,-6.694042667,1
6363,1789654162.654159069,0.000000000,1,1,0,4,1,4,-3.258536700,-6.694042667,1
6364,1789654162.664207458,0.000000000,1,1,0,4,1,4,-3.258536700,-6.694042667,1
6365,1789654162.674123287,0.000000000,1,1,0,4,1,4,-3.258536700,-6.694042667,1
6366,1789654162.684208870,0.000000000,1,1,0,4,1,4,-3.258536700,-6.694042667,1
6367,1789654162.694161892,0.000000000,1,1,0,4,1,4,-3.258536700,-6.694042667,1
6368,1789654162.704141855,0.000000000,1,1,0,4,1,4,-3.258536700,-6.694042667,1
6369,1789654162.714198589,0.000000000,1,1,0,4,1,4,-3.258536700,-6.694042667,1
6370,1789654162.724209547,0.000000000,1,1,0,4,1,4,-3.258536700,-6.694042667,1
6371,1789654162.734126568,0.000000000,1,1,0,4,1,4,-3.258536700,-6.694042667,1
6372,1789654162.744148731,0.000000000,1,1,0,4,1,4,-3.258536700,-6.694042667,1
6373,1789654162.754128933,0.000000000,1,1,0,4,1,4,-3.258536700,-6.694042667,1
6374,1789654162.764170408,0.000000000,1,1,0,4,1,4,-3.258536700,-6.694042667,1
6375,1789654162.774124622,0.000000000,1,1,0,4,1,4,-3.258536700,-6.694042667,1
6376,1789654162.784185648,0.000000000,1,1,0,4,1,4,-3.258536700,-6.694042667,1
6377,1789654162.794156551,0.000000000,1,1,0,4,1,4,-3.258536700,-6.694042667,1
6378,1789654162.804208755,0.000000000,1,1,0,4,1,4,-3.258536700,-6.694042667,1
6379,1789654162.814210892,0.000000000,1,1,0,4,1,4,-3.258536700,-6.694042667,1
6380,1789654162.824121952,0.000000000,1,1,0,4,1,4,-3.258536700,-6.694042667,1
6381,1789654162.834138632,0.000000000,1,1,0,4,1,4,-3.258536700,-6.694042667,1
6382,1789654162.844170094,0.000000000,1,1,0,4,1,4,-3.258536700,-6.694042667,1
6383,1789654162.854123116,0.000000000,1,1,0,4,1,4,-3.258536700,-6.694042667,1
6384,1789654162.864138842,0.000000000,1,1,0,4,1,4,-3.258536700,-6.694042667,1
6385,1789654162.874105453,0.000000000,1,1,0,4,1,4,-3.258536700,-6.694042667,1
6386,1789654162.884117365,0.000000000,1,1,0,4,1,4,-3.258536700,-6.694042667,1
6387,1789654162.894126654,0.000000000,1,1,0,4,1,4,-3.258536700,-6.694042667,1
6388,1789654162.904118061,0.000000000,1,1,0,4,1,4,-3.258536700,-6.694042667,1
6389,1789654162.914120436,0.000000000,1,1,0,4,1,4,-3.258536700,-6.694042667,1
6390,1789654162.924144268,0.000000000,1,1,0,4,1,4,-3.258536700,-6.694042667,1
6391,1789654162.934125900,0.000000000,1,1,0,4,1,4,-3.258536700,-6.694042667,1
6392,1789654162.944174528,0.000000000,1,1,0,4,1,4,-3.258536700,-6.694042667,1
6393,1789654162.954217434,0.000000000,1,1,0,4,1,4,-3.258536700,-6.694042667,1
6394,1789654162.964278698,0.000000000,1,1,0,4,1,4,-3.258536700,-6.694042667,1
6395,1789654162.974111795,0.000000000,1,1,0,4,1,4,-3.258536700,-6.694042667,1
6396,1789654162.984114170,0.000000000,1,1,0,4,1,4,-3.258536700,-6.694042667,1
6397,1789654162.994166613,0.000000000,1,1,0,4,1,4,-3.258536700,-6.694042667,1
6398,1789654163.004165411,0.000000000,1,1,0,4,1,4,-3.258536700,-6.694042667,1
6399,1789654163.014160156,0.000000000,1,1,0,4,1,4,-3.258536700,-6.694042667,1
6400,1789654163.024136543,0.000000000,1,1,0,4,1,4,-3.258536700,-6.694042667,1
6401,1789654163.034148932,0.000000000,1,1,0,4,1,4,-3.258536700,-6.694042667,1
6402,1789654163.044134378,0.000000000,1,1,0,4,1,4,-3.258536700,-6.694042667,1
6403,1789654163.054130316,0.000000000,1,1,0,4,1,4,-3.258536700,-6.694042667,1
6404,1789654163.064299583,0.000000000,1,1,0,4,1,4,-3.258536700,-6.694042667,1
6405,1789654163.074133396,0.000000000,1,1,0,4,1,4,-3.258536700,-6.694042667,1
6406,1789654163.084223032,0.000000000,1,1,0,4,1,4,-3.258536700,-6.694042667,1
6407,1789654163.094177723,0.000000000,1,1,0,4,1,4,-3.258536700,-6.694042667,1
6408,1789654163.104156971,0.000000000,1,1,0,4,1,4,-3.258536700,-6.694042667,1
6409,1789654163.114127398,0.000000000,1,1,0,4,1,4,-3.258536700,-6.694042667,1
6410,1789654163.124190569,0.000000000,1,1,0,4,1,4,-3.258536700,-6.694042667,1
6411,1789654163.134217262,0.000000000,1,1,0,4,1,4,-3.258536700,-6.694042667,1
6412,1789654163.144126177,0.000000000,1,1,0,4,1,4,-3.258536700,-6.694042667,1
6413,1789654163.154161215,0.000000000,1,1,0,4,1,4,-3.258536700,-6.694042667,1
6414,1789654163.164165020,0.000000000,1,1,0,4,1,4,-3.258536700,-6.694042667,1
6415,1789654163.174129009,0.000000000,1,1,0,4,1,4,-3.273294566,-6.694042667,1
6416,1789654163.184178829,0.000000000,1,1,0,4,1,4,-3.273294566,-6.694042667,1
6417,1789654163.194161177,0.000000000,1,1,0,4,1,4,-3.273294566,-6.694042667,1
6418,1789654163.204216242,0.000000000,1,1,0,4,1,4,-3.273294566,-6.694042667,1
6419,1789654163.214170694,0.000000000,1,1,0,4,1,4,-3.273294566,-6.694042667,1
6420,1789654163.224183798,0.000000000,1,1,0,4,1,4,-3.273294566,-6.694042667,1
6421,1789654163.234151840,0.000000000,1,1,0,4,1,4,-3.273294566,-6.694042667,1
6422,1789654163.244135857,0.000000000,1,1,0,4,1,4,-3.273294566,-6.694042667,1
6423,1789654163.254126072,0.000000000,1,1,0,4,1,4,-3.273294566,-6.694042667,1
6424,1789654163.264193535,0.000000000,1,1,0,4,1,4,-3.273294566,-6.694042667,1
6425,1789654163.274122000,0.000000000,1,1,0,4,1,4,-3.258536700,-6.694042667,1
6426,1789654163.284168720,0.000000000,1,1,0,4,1,4,-3.258536700,-6.694042667,1
6427,1789654163.294167519,0.000000000,1,1,0,4,1,4,-3.258536700,-6.694042667,1
6428,1789654163.304174900,0.000000000,1,1,0,4,1,4,-3.258536700,-6.694042667,1
6429,1789654163.314147949,0.000000000,1,1,0,4,1,4,-3.258536700,-6.694042667,1
6430,1789654163.324136734,0.000000000,1,1,0,4,1,4,-3.258536700,-6.694042667,1
6431,1789654163.334132433,0.000000000,1,1,0,4,1,4,-3.258536700,-6.694042667,1
6432,1789654163.344180822,0.000000000,1,1,0,4,1,4,-3.258536700,-6.694042667,1
6433,1789654163.354166746,0.000000000,1,1,0,4,1,4,-3.258536700,-6.694042667,1
6434,1789654163.364191532,0.000000000,1,1,0,4,1,4,-3.258536700,-6.694042667,1
6435,1789654163.374135017,0.000000000,1,1,0,4,1,4,-3.258536700,-6.694042667,1
6436,1789654163.384169817,0.000000000,1,1,0,4,1,4,-3.258536700,-6.694042667,1
6437,1789654163.394135714,0.000000000,1,1,0,4,1,4,-3.258536700,-6.694042667,1
6438,1789654163.404194355,0.000000000,1,1,0,4,1,4,-3.258536700,-6.694042667,1
6439,1789654163.414178610,0.000000000,1,1,0,4,1,4,-3.258536700,-6.694042667,1
6440,1789654163.424173355,0.000000000,1,1,0,4,1,4,-3.258536700,-6.694042667,1
6441,1789654163.434138775,0.000000000,1,1,0,4,1,4,-3.258536700,-6.694042667,1
6442,1789654163.444196939,0.000000000,1,1,0,4,1,4,-3.258536700,-6.694042667,1
6443,1789654163.454120159,0.000000000,1,1,0,4,1,4,-3.258536700,-6.694042667,1
6444,1789654163.464184284,0.000000000,1,1,0,4,1,4,-3.258536700,-6.694042667,1
6445,1789654163.474128723,0.000000000,1,1,0,4,1,4,-3.258536700,-6.694042667,1
6446,1789654163.484171629,0.000000000,1,1,0,4,1,4,-3.258536700,-6.694042667,1
6447,1789654163.494202137,0.000000000,1,1,0,4,1,4,-3.258536700,-6.694042667,1
6448,1789654163.504186630,0.000000000,1,1,0,4,1,4,-3.258536700,-6.694042667,1
6449,1789654163.514143467,0.000000000,1,1,0,4,1,4,-3.258536700,-6.694042667,1
6450,1789654163.524154663,0.000000000,1,1,0,4,1,4,-3.258536700,-6.694042667,1
6451,1789654163.534145117,0.000000000,1,1,0,4,1,4,-3.258536700,-6.694042667,1
6452,1789654163.544174433,0.000000000,1,1,0,4,1,4,-3.258536700,-6.694042667,1
6453,1789654163.554171085,0.000000000,1,1,0,4,1,4,-3.258536700,-6.694042667,1
6454,1789654163.564122677,0.000000000,1,1,0,4,1,4,-3.258536700,-6.694042667,1
6455,1789654163.574122667,0.000000000,1,1,0,4,1,4,-3.273294566,-6.694042667,1
6456,1789654163.584179878,0.000000000,1,1,0,4,1,4,-3.273294566,-6.694042667,1
6457,1789654163.594160318,0.000000000,1,1,0,4,1,4,-3.273294566,-6.694042667,1
6458,1789654163.604112625,0.000000000,1,1,0,4,1,4,-3.273294566,-6.694042667,1
6459,1789654163.614193201,0.000000000,1,1,0,4,1,4,-3.273294566,-6.694042667,1
6460,1789654163.624157667,0.000000000,1,1,0,4,1,4,-3.273294566,-6.694042667,1
6461,1789654163.634131432,0.000000000,1,1,0,4,1,4,-3.273294566,-6.694042667,1
6462,1789654163.644197226,0.000000000,1,1,0,4,1,4,-3.273294566,-6.694042667,1
6463,1789654163.654128790,0.000000000,1,1,0,4,1,4,-3.273294566,-6.694042667,1
6464,1789654163.664198160,0.000000000,1,1,0,4,1,4,-3.273294566,-6.694042667,1
6465,1789654163.674134493,0.000000000,1,1,0,4,1,4,-3.258536700,-6.694042667,1
6466,1789654163.684149027,0.000000000,1,1,0,4,1,4,-3.258536700,-6.694042667,1
6467,1789654163.694156647,0.000000000,1,1,0,4,1,4,-3.258536700,-6.694042667,1
6468,1789654163.704200029,0.000000000,1,1,0,4,1,4,-3.258536700,-6.694042667,1
6469,1789654163.714189768,0.000000000,1,1,0,4,1,4,-3.258536700,-6.694042667,1
6470,1789654163.724183083,0.000000000,1,1,0,4,1,4,-3.258536700,-6.694042667,1
6471,1789654163.734203815,0.000000000,1,1,0,4,1,4,-3.258536700,-6.694042667,1
6472,1789654163.744175911,0.000000000,1,1,0,4,1,4,-3.258536700,-6.694042667,1
6473,1789654163.754160404,0.000000000,1,1,0,4,1,4,-3.258536700,-6.694042667,1
6474,1789654163.764132023,0.000000000,1,1,0,4,1,4,-3.258536700,-6.694042667,1
6475,1789654163.774117947,0.000000000,1,1,0,4,1,4,-3.273294566,-6.694042667,1
6476,1789654163.784157991,0.000000000,1,1,0,4,1,4,-3.273294566,-6.694042667,1
6477,1789654163.794136047,0.000000000,1,1,0,4,1,4,-3.273294566,-6.694042667,1
6478,1789654163.804128170,0.000000000,1,1,0,4,1,4,-3.273294566,-6.694042667,1
6479,1789654163.814105034,0.000000000,1,1,0,4,1,4,-3.273294566,-6.694042667,1
6480,1789654163.824186325,0.000000000,1,1,0,4,1,4,-3.273294566,-6.694042667,1
6481,1789654163.834171057,0.000000000,1,1,0,4,1,4,-3.273294566,-6.694042667,1
6482,1789654163.844169140,0.000000000,1,1,0,4,1,4,-3.273294566,-6.694042667,1
6483,1789654163.854130507,0.000000000,1,1,0,4,1,4,-3.273294566,-6.694042667,1
6484,1789654163.864175320,0.000000000,1,1,0,4,1,4,-3.273294566,-6.694042667,1
6485,1789654163.874128342,0.000000000,1,1,0,4,1,4,-3.258536700,-6.694042667,1
6486,1789654163.884160757,0.000000000,1,1,0,4,1,4,-3.258536700,-6.694042667,1
6487,1789654163.894173861,0.000000000,1,1,0,4,1,4,-3.258536700,-6.694042667,1
6488,1789654163.904104948,0.000000000,1,1,0,4,1,4,-3.258536700,-6.694042667,1
6489,1789654163.914110899,0.000000000,1,1,0,4,1,4,-3.258536700,-6.694042667,1
6490,1789654163.924132586,0.000000000,1,1,0,4,1,4,-3.258536700,-6.694042667,1
6491,1789654163.934170961,0.000000000,1,1,0,4,1,4,-3.258536700,-6.694042667,1
6492,1789654163.944186211,0.000000000,1,1,0,4,1,4,-3.258536700,-6.694042667,1
6493,1789654163.954154491,0.000000000,1,1,0,4,1,4,-3.258536700,-6.694042667,1
6494,1789654163.964164495,0.000000000,1,1,0,4,1,4,-3.258536700,-6.694042667,1
6495,1789654163.974162579,0.000000000,1,1,0,4,1,4,-3.258536700,-6.694042667,1
6496,1789654163.984159946,0.000000000,1,1,0,4,1,4,-3.258536700,-6.694042667,1
6497,1789654163.994125843,0.000000000,1,1,0,4,1,4,-3.258536700,-6.694042667,1
6498,1789654164.004157782,0.000000000,1,1,0,4,1,4,-3.258536700,-6.694042667,1
6499,1789654164.014128208,0.000000000,1,1,0,4,1,4,-3.258536700,-6.694042667,1
6500,1789654164.024173260,0.000000000,1,1,0,4,1,4,-3.258536700,-6.694042667,1
6501,1789654164.034187555,0.000000000,1,1,0,4,1,4,-3.258536700,-6.694042667,1
6502,1789654164.044107914,0.000000000,1,1,0,4,1,4,-3.258536700,-6.694042667,1
6503,1789654164.054113865,0.000000000,1,1,0,4,1,4,-3.258536700,-6.694042667,1
6504,1789654164.064128399,0.000000000,1,1,0,4,1,4,-3.258536700,-6.694042667,1
6505,1789654164.074119329,0.000000000,1,1,0,4,1,4,-3.258536700,-6.694042667,1
6506,1789654164.084156513,0.000000000,1,1,0,4,1,4,-3.258536700,-6.694042667,1
6507,1789654164.094129324,0.000000000,1,1,0,4,1,4,-3.258536700,-6.694042667,1
6508,1789654164.104164124,0.000000000,1,1,0,4,1,4,-3.258536700,-6.694042667,1
6509,1789654164.114145994,0.000000000,1,1,0,4,1,4,-3.258536700,-6.694042667,1
6510,1789654164.124174833,0.000000000,1,1,0,4,1,4,-3.258536700,-6.694042667,1
6511,1789654164.134172916,0.000000000,1,1,0,4,1,4,-3.258536700,-6.694042667,1
6512,1789654164.144148111,0.000000000,1,1,0,4,1,4,-3.258536700,-6.694042667,1
6513,1789654164.154111147,0.000000000,1,1,0,4,1,4,-3.258536700,-6.694042667,1
6514,1789654164.164142132,0.000000000,1,1,0,4,1,4,-3.258536700,-6.694042667,1
6515,1789654164.174110651,0.000000000,1,1,0,4,1,4,-3.258536700,-6.694042667,1
6516,1789654164.184114218,0.000000000,1,1,0,4,1,4,-3.258536700,-6.694042667,1
6517,1789654164.194112778,0.000000000,1,1,0,4,1,4,-3.258536700,-6.694042667,1
6518,1789654164.204121828,0.000000000,1,1,0,4,1,4,-3.258536700,-6.694042667,1
6519,1789654164.214118958,0.000000000,1,1,0,4,1,4,-3.258536700,-6.694042667,1
6520,1789654164.224133730,0.000000000,1,1,0,4,1,4,-3.258536700,-6.694042667,1
6521,1789654164.234111786,0.000000000,1,1,0,4,1,4,-3.258536700,-6.694042667,1
6522,1789654164.244113445,0.000000000,1,1,0,4,1,4,-3.258536700,-6.694042667,1
6523,1789654164.254144669,0.000000000,1,1,0,4,1,4,-3.258536700,-6.694042667,1
6524,1789654164.264156580,0.000000000,1,1,0,4,1,4,-3.258536700,-6.694042667,1
6525,1789654164.274167776,0.000000000,1,1,0,4,1,4,-3.258536700,-6.694042667,1
6526,1789654164.284167767,0.000000000,1,1,0,4,1,4,-3.258536700,-6.694042667,1
6527,1789654164.294123411,0.000000000,1,1,0,4,1,4,-3.258536700,-6.694042667,1
6528,1789654164.304117918,0.000000000,1,1,0,4,1,4,-3.258536700,-6.694042667,1
6529,1789654164.314136982,0.000000000,1,1,0,4,1,4,-3.258536700,-6.694042667,1
6530,1789654164.324181795,0.000000000,1,1,0,4,1,4,-3.258536700,-6.694042667,1
6531,1789654164.334179163,0.000000000,1,1,0,4,1,4,-3.258536700,-6.694042667,1
6532,1789654164.344193697,0.000000000,1,1,0,4,1,4,-3.258536700,-6.694042667,1
6533,1789654164.354110479,0.000000000,1,1,0,4,1,4,-3.258536700,-6.694042667,1
6534,1789654164.364158154,0.000000000,1,1,0,4,1,4,-3.258536700,-6.694042667,1
6535,1789654164.374104261,0.000000000,1,1,0,4,1,4,-3.258536700,-6.694042667,1
6536,1789654164.384111881,0.000000000,1,1,0,4,1,4,-3.258536700,-6.694042667,1
6537,1789654164.394221544,0.000000000,1,1,0,4,1,4,-3.258536700,-6.694042667,1
6538,1789654164.404139280,0.000000000,1,1,0,4,1,4,-3.258536700,-6.694042667,1
6539,1789654164.414130688,0.000000000,1,1,0,4,1,4,-3.258536700,-6.694042667,1
6540,1789654164.424128771,0.000000000,1,1,0,4,1,4,-3.258536700,-6.694042667,1
6541,1789654164.434111118,0.000000000,1,1,0,4,1,4,-3.258536700,-6.694042667,1
6542,1789654164.444159746,0.000000000,1,1,0,4,1,4,-3.258536700,-6.694042667,1
6543,1789654164.454181194,0.000000000,1,1,0,4,1,4,-3.258536700,-6.694042667,1
6544,1789654164.464123964,0.000000000,1,1,0,4,1,4,-3.258536700,-6.694042667,1
6545,1789654164.474109888,0.000000000,1,1,0,4,1,4,-3.273294566,-6.694042667,1
6546,1789654164.484116554,0.000000000,1,1,0,4,1,4,-3.273294566,-6.694042667,1
6547,1789654164.494132280,0.000000000,1,1,0,4,1,4,-3.273294566,-6.694042667,1
6548,1789654164.504132032,0.000000000,1,1,0,4,1,4,-3.273294566,-6.694042667,1
6549,1789654164.514134884,0.000000000,1,1,0,4,1,4,-3.273294566,-6.694042667,1
6550,1789654164.524121761,0.000000000,1,1,0,4,1,4,-3.273294566,-6.694042667,1
6551,1789654164.534137011,0.000000000,1,1,0,4,1,4,-3.273294566,-6.694042667,1
6552,1789654164.544120312,0.000000000,1,1,0,4,1,4,-3.273294566,-6.694042667,1
6553,1789654164.554150105,0.000000000,1,1,0,4,1,4,-3.273294566,-6.694042667,1
6554,1789654164.564100981,0.000000000,1,1,0,4,1,4,-3.273294566,-6.694042667,1
6555,1789654164.574110746,0.000000000,1,1,0,4,1,4,-3.273294566,-6.675489334,1
6556,1789654164.584153891,0.000000000,1,1,0,4,1,4,-3.273294566,-6.675489334,1
6557,1789654164.594183922,0.000000000,1,1,0,4,1,4,-3.273294566,-6.675489334,1
6558,1789654164.604124308,0.000000000,1,1,0,4,1,4,-3.273294566,-6.675489334,1
6559,1789654164.614220381,0.000000000,1,1,0,4,1,4,-3.273294566,-6.675489334,1
6560,1789654164.624161482,0.000000000,1,1,0,4,1,4,-3.273294566,-6.675489334,1
6561,1789654164.634136677,0.000000000,1,1,0,4,1,4,-3.273294566,-6.675489334,1
6562,1789654164.644129276,0.000000000,1,1,0,4,1,4,-3.273294566,-6.675489334,1
6563,1789654164.654124737,0.000000000,1,1,0,4,1,4,-3.273294566,-6.675489334,1
6564,1789654164.664180040,0.000000000,1,1,0,4,1,4,-3.273294566,-6.675489334,1
6565,1789654164.674115896,0.000000000,1,1,0,4,1,4,-3.273294566,-6.656936000,1
6566,1789654164.684157372,0.000000000,1,1,0,4,1,4,-3.273294566,-6.656936000,1
6567,1789654164.694172382,0.000000000,1,1,0,4,1,4,-3.273294566,-6.656936000,1
6568,1789654164.704185009,0.000000000,1,1,0,4,1,4,-3.273294566,-6.656936000,1
6569,1789654164.714144468,0.000000000,1,1,0,4,1,4,-3.273294566,-6.656936000,1
6570,1789654164.724193811,0.000000000,1,1,0,4,1,4,-3.273294566,-6.656936000,1
6571,1789654164.734160185,0.000000000,1,1,0,4,1,4,-3.273294566,-6.656936000,1
6572,1789654164.744151831,0.000000000,1,1,0,4,1,4,-3.273294566,-6.656936000,1
6573,1789654164.754139662,0.000000000,1,1,0,4,1,4,-3.273294566,-6.656936000,1
6574,1789654164.764159203,0.000000000,1,1,0,4,1,4,-3.273294566,-6.656936000,1
6575,1789654164.774145365,0.000000000,1,1,0,4,1,4,-3.288052431,-6.638382667,1
6576,1789654164.784185171,0.000000000,1,1,0,4,1,4,-3.288052431,-6.638382667,1
6577,1789654164.794148684,0.000000000,1,1,0,4,1,4,-3.288052431,-6.638382667,1
6578,1789654164.804196596,0.000000000,1,1,0,4,1,4,-3.288052431,-6.638382667,1
6579,1789654164.814203978,0.000000000,1,1,0,4,1,4,-3.288052431,-6.638382667,1
6580,1789654164.824199200,0.000000000,1,1,0,4,1,4,-3.288052431,-6.638382667,1
6581,1789654164.834128857,0.000000000,1,1,0,4,1,4,-3.288052431,-6.638382667,1
6582,1789654164.844131470,0.000000000,1,1,0,4,1,4,-3.288052431,-6.638382667,1
6583,1789654164.854125500,0.000000000,1,1,0,4,1,4,-3.288052431,-6.638382667,1
6584,1789654164.864193201,0.000000000,1,1,0,4,1,4,-3.288052431,-6.638382667,1
6585,1789654164.874132156,0.000000000,1,1,0,4,1,4,-3.302810297,-6.619829333,1
6586,1789654164.884198904,0.000000000,1,1,0,4,1,4,-3.302810297,-6.619829333,1
6587,1789654164.894183636,0.000000000,1,1,0,4,1,4,-3.302810297,-6.619829333,1
6588,1789654164.904129982,0.000000000,1,1,0,4,1,4,-3.302810297,-6.619829333,1
6589,1789654164.914276123,0.000000000,1,1,0,4,1,4,-3.302810297,-6.619829333,1
6590,1789654164.924198866,0.000000000,1,1,0,4,1,4,-3.302810297,-6.619829333,1
6591,1789654164.934145689,0.000000000,1,1,0,4,1,4,-3.302810297,-6.619829333,1
6592,1789654164.944167852,0.000000000,1,1,0,4,1,4,-3.302810297,-6.619829333,1
6593,1789654164.954157591,0.000000000,1,1,0,4,1,4,-3.302810297,-6.619829333,1
6594,1789654164.964358330,0.000000000,1,1,0,4,1,4,-3.302810297,-6.619829333,1
6595,1789654164.974119663,0.000000000,1,1,0,4,1,4,-3.302810297,-6.619829333,1
6596,1789654164.984164000,0.000000000,1,1,0,4,1,4,-3.302810297,-6.619829333,1
6597,1789654164.994137526,0.000000000,1,1,0,4,1,4,-3.302810297,-6.619829333,1
6598,1789654165.004194021,0.000000000,1,1,0,4,1,4,-3.302810297,-6.619829333,1
6599,1789654165.014206171,0.000000000,1,1,0,4,1,4,-3.302810297,-6.619829333,1
6600,1789654165.024131775,0.000000000,1,1,0,4,1,4,-3.302810297,-6.619829333,1
6601,1789654165.034153223,0.000000000,1,1,0,4,1,4,-3.302810297,-6.619829333,1
6602,1789654165.044165611,0.000000000,1,1,0,4,1,4,-3.302810297,-6.619829333,1
6603,1789654165.054129839,0.000000000,1,1,0,4,1,4,-3.302810297,-6.619829333,1
6604,1789654165.064150810,0.000000000,1,1,0,4,1,4,-3.302810297,-6.619829333,1
6605,1789654165.074114084,0.000000000,1,1,0,4,1,4,-3.317568162,-6.601276000,1
6606,1789654165.084163666,0.000000000,1,1,0,4,1,4,-3.317568162,-6.601276000,1
6607,1789654165.094142199,0.000000000,1,1,0,4,1,4,-3.317568162,-6.601276000,1
6608,1789654165.104109526,0.000000000,1,1,0,4,1,4,-3.317568162,-6.601276000,1
6609,1789654165.114111662,0.000000000,1,1,0,4,1,4,-3.317568162,-6.601276000,1
6610,1789654165.124130487,0.000000000,1,1,0,4,1,4,-3.317568162,-6.601276000,1
6611,1789654165.134121895,0.000000000,1,1,0,4,1,4,-3.317568162,-6.601276000,1
6612,1789654165.144150734,0.000000000,1,1,0,4,1,4,-3.317568162,-6.601276000,1
6613,1789654165.154134989,0.000000000,1,1,0,4,1,4,-3.317568162,-6.601276000,1
6614,1789654165.164104939,0.000000000,1,1,0,4,1,4,-3.317568162,-6.601276000,1
6615,1789654165.174142122,0.000000000,1,1,0,4,1,4,-3.317568162,-6.582722666,1
6616,1789654165.184106350,0.000000000,1,1,0,4,1,4,-3.317568162,-6.582722666,1
6617,1789654165.194158316,0.000000000,1,1,0,4,1,4,-3.317568162,-6.582722666,1
6618,1789654165.204164505,0.000000000,1,1,0,4,1,4,-3.317568162,-6.582722666,1
6619,1789654165.214163303,0.000000000,1,1,0,4,1,4,-3.317568162,-6.582722666,1
6620,1789654165.224177122,0.000000000,1,1,0,4,1,4,-3.317568162,-6.582722666,1
6621,1789654165.234172583,0.000000000,1,1,0,4,1,4,-3.317568162,-6.582722666,1
6622,1789654165.244169474,0.000000000,1,1,0,4,1,4,-3.317568162,-6.582722666,1
6623,1789654165.254184961,0.000000000,1,1,0,4,1,4,-3.317568162,-6.582722666,1
6624,1789654165.264134645,0.000000000,1,1,0,4,1,4,-3.317568162,-6.582722666,1
6625,1789654165.274131775,0.000000000,1,1,0,4,1,4,-3.332326028,-6.545616000,1
6626,1789654165.284167767,0.000000000,1,1,0,4,1,4,-3.332326028,-6.545616000,1
6627,1789654165.294153929,0.000000000,1,1,0,4,1,4,-3.332326028,-6.545616000,1
6628,1789654165.304157972,0.000000000,1,1,0,4,1,4,-3.332326028,-6.545616000,1
6629,1789654165.314155817,0.000000000,1,1,0,4,1,4,-3.332326028,-6.545616000,1
6630,1789654165.324116468,0.000000000,1,1,0,4,1,4,-3.332326028,-6.545616000,1
6631,1789654165.334171534,0.000000000,1,1,0,4,1,4,-3.332326028,-6.545616000,1
6632,1789654165.344184875,0.000000000,1,1,0,4,1,4,-3.332326028,-6.545616000,1
6633,1789654165.354113340,0.000000000,1,1,0,4,1,4,-3.332326028,-6.545616000,1
6634,1789654165.364120007,0.000000000,1,1,0,4,1,4,-3.332326028,-6.545616000,1
6635,1789654165.374141932,0.000000000,1,1,0,4,1,4,-3.332326028,-6.527062666,1
6636,1789654165.384163141,0.000000000,1,1,0,4,1,4,-3.332326028,-6.527062666,1
6637,1789654165.394142151,0.000000000,1,1,0,4,1,4,-3.332326028,-6.527062666,1
6638,1789654165.404155493,0.000000000,1,1,0,4,1,4,-3.332326028,-6.527062666,1
6639,1789654165.414124966,0.000000000,1,1,0,4,1,4,-3.332326028,-6.527062666,1
6640,1789654165.424183846,0.000000000,1,1,0,4,1,4,-3.332326028,-6.527062666,1
6641,1789654165.434178591,0.000000000,1,1,0,4,1,4,-3.332326028,-6.527062666,1
6642,1789654165.444133282,0.000000000,1,1,0,4,1,4,-3.332326028,-6.527062666,1
6643,1789654165.454126120,0.000000000,1,1,0,4,1,4,-3.332326028,-6.527062666,1
6644,1789654165.464137077,0.000000000,1,1,0,4,1,4,-3.332326028,-6.527062666,1
6645,1789654165.474101782,0.000000000,1,1,0,4,1,4,-3.332326028,-6.527062666,1
6646,1789654165.484170914,0.000000000,1,1,0,4,1,4,-3.332326028,-6.527062666,1
6647,1789654165.494138718,0.000000000,1,1,0,4,1,4,-3.332326028,-6.527062666,1
6648,1789654165.504156113,0.000000000,1,1,0,4,1,4,-3.332326028,-6.527062666,1
6649,1789654165.514164448,0.000000000,1,1,0,4,1,4,-3.332326028,-6.527062666,1
6650,1789654165.524177313,0.000000000,1,1,0,4,1,4,-3.332326028,-6.527062666,1
6651,1789654165.534161568,0.000000000,1,1,0,4,1,4,-3.332326028,-6.527062666,1
6652,1789654165.544175863,0.000000000,1,1,0,4,1,4,-3.332326028,-6.527062666,1
6653,1789654165.554146290,0.000000000,1,1,0,4,1,4,-3.332326028,-6.527062666,1
6654,1789654165.564163446,0.000000000,1,1,0,4,1,4,-3.332326028,-6.527062666,1
6655,1789654165.574125767,0.000000000,1,1,0,4,1,4,-3.347083893,-6.508509333,1
6656,1789654165.584189892,0.000000000,1,1,0,4,1,4,-3.347083893,-6.508509333,1
6657,1789654165.594206810,0.000000000,1,1,0,4,1,4,-3.347083893,-6.508509333,1
6658,1789654165.604195833,0.000000000,1,1,0,4,1,4,-3.347083893,-6.508509333,1
6659,1789654165.614175558,0.000000000,1,1,0,4,1,4,-3.347083893,-6.508509333,1
6660,1789654165.624183655,0.000000000,1,1,0,4,1,4,-3.347083893,-6.508509333,1
6661,1789654165.634109735,0.000000000,1,1,0,4,1,4,-3.347083893,-6.508509333,1
6662,1789654165.644142866,0.000000000,1,1,0,4,1,4,-3.347083893,-6.508509333,1
6663,1789654165.654131413,0.000000000,1,1,0,4,1,4,-3.347083893,-6.508509333,1
6664,1789654165.664148808,0.000000000,1,1,0,4,1,4,-3.347083893,-6.508509333,1
6665,1789654165.674175501,0.000000000,1,1,0,4,1,4,-3.376599624,-6.489956000,1
6666,1789654165.684172392,0.000000000,1,1,0,4,1,4,-3.376599624,-6.489956000,1
6667,1789654165.694138527,0.000000000,1,1,0,4,1,4,-3.376599624,-6.489956000,1
6668,1789654165.704154730,0.000000000,1,1,0,4,1,4,-3.376599624,-6.489956000,1
6669,1789654165.714124441,0.000000000,1,1,0,4,1,4,-3.376599624,-6.489956000,1
6670,1789654165.724160910,0.000000000,1,1,0,4,1,4,-3.376599624,-6.489956000,1
6671,1789654165.734137297,0.000000000,1,1,0,4,1,4,-3.376599624,-6.489956000,1
6672,1789654165.744200706,0.000000000,1,1,0,4,1,4,-3.376599624,-6.489956000,1
6673,1789654165.754137278,0.000000000,1,1,0,4,1,4,-3.376599624,-6.489956000,1
6674,1789654165.764123201,0.000000000,1,1,0,4,1,4,-3.376599624,-6.489956000,1
6675,1789654165.774133682,0.000000000,1,1,0,4,1,4,-3.391357489,-6.471402667,1
6676,1789654165.784165859,0.000000000,1,1,0,4,1,4,-3.391357489,-6.471402667,1
6677,1789654165.794201136,0.000000000,1,1,0,4,1,4,-3.391357489,-6.471402667,1
6678,1789654165.804166555,0.000000000,1,1,0,4,1,4,-3.391357489,-6.471402667,1
6679,1789654165.814205170,0.000000000,1,1,0,4,1,4,-3.391357489,-6.471402667,1
6680,1789654165.824191332,0.000000000,1,1,0,4,1,4,-3.391357489,-6.471402667,1
6681,1789654165.834141016,0.000000000,1,1,0,4,1,4,-3.391357489,-6.471402667,1
6682,1789654165.844146490,0.000000000,1,1,0,4,1,4,-3.391357489,-6.471402667,1
6683,1789654165.854157209,0.000000000,1,1,0,4,1,4,-3.391357489,-6.471402667,1
6684,1789654165.864134073,0.000000000,1,1,0,4,1,4,-3.391357489,-6.471402667,1
6685,1789654165.874133348,0.000000000,1,1,0,4,1,4,-3.406115355,-6.452849333,1
6686,1789654165.884166479,0.000000000,1,1,0,4,1,4,-3.406115355,-6.452849333,1
6687,1789654165.894193888,0.000000000,1,1,0,4,1,4,-3.406115355,-6.452849333,1
6688,1789654165.904187918,0.000000000,1,1,0,4,1,4,-3.406115355,-6.452849333,1
6689,1789654165.914122343,0.000000000,1,1,0,4,1,4,-3.406115355,-6.452849333,1
6690,1789654165.924223900,0.000000000,1,1,0,4,1,4,-3.406115355,-6.452849333,1
6691,1789654165.934144020,0.000000000,1,1,0,4,1,4,-3.406115355,-6.452849333,1
6692,1789654165.944129467,0.000000000,1,1,0,4,1,4,-3.406115355,-6.452849333,1
6693,1789654165.954125643,0.000000000,1,1,0,4,1,4,-3.406115355,-6.452849333,1
6694,1789654165.964184999,0.000000000,1,1,0,4,1,4,-3.406115355,-6.452849333,1
6695,1789654165.974137068,0.000000000,1,1,0,4,1,4,-3.406115355,-6.452849333,1
6696,1789654165.984174967,0.000000000,1,1,0,4,1,4,-3.406115355,-6.452849333,1
6697,1789654165.994140625,0.000000000,1,1,0,4,1,4,-3.406115355,-6.452849333,1
6698,1789654166.004189014,0.000000000,1,1,0,4,1,4,-3.406115355,-6.452849333,1
6699,1789654166.014178514,0.000000000,1,1,0,4,1,4,-3.406115355,-6.452849333,1
6700,1789654166.024133921,0.000000000,1,1,0,4,1,4,-3.406115355,-6.452849333,1
6701,1789654166.034133196,0.000000000,1,1,0,4,1,4,-3.406115355,-6.452849333,1
6702,1789654166.044154406,0.000000000,1,1,0,4,1,4,-3.406115355,-6.452849333,1
6703,1789654166.054166079,0.000000000,1,1,0,4,1,4,-3.406115355,-6.452849333,1
6704,1789654166.064135313,0.000000000,1,1,0,4,1,4,-3.406115355,-6.452849333,1
6705,1789654166.074123383,0.000000000,1,1,0,4,1,4,-3.420873220,-6.434296000,1
6706,1789654166.084210157,0.000000000,1,1,0,4,1,4,-3.420873220,-6.434296000,1
6707,1789654166.094145298,0.000000000,1,1,0,4,1,4,-3.420873220,-6.434296000,1
6708,1789654166.104171753,0.000000000,1,1,0,4,1,4,-3.420873220,-6.434296000,1
6709,1789654166.114175081,0.000000000,1,1,0,4,1,4,-3.420873220,-6.434296000,1
6710,1789654166.124130964,0.000000000,1,1,0,4,1,4,-3.420873220,-6.434296000,1
6711,1789654166.134133101,0.000000000,1,1,0,4,1,4,-3.420873220,-6.434296000,1
6712,1789654166.144195557,0.000000000,1,1,0,4,1,4,-3.420873220,-6.434296000,1
6713,1789654166.154193401,0.000000000,1,1,0,4,1,4,-3.420873220,-6.434296000,1
6714,1789654166.164123297,0.000000000,1,1,0,4,1,4,-3.420873220,-6.434296000,1
6715,1789654166.174111605,0.000000000,1,1,0,4,1,4,-3.465146817,-6.397189333,1
6716,1789654166.184172630,0.000000000,1,1,0,4,1,4,-3.465146817,-6.397189333,1
6717,1789654166.194162369,0.000000000,1,1,0,4,1,4,-3.465146817,-6.397189333,1
6718,1789654166.204113007,0.000000000,1,1,0,4,1,4,-3.465146817,-6.397189333,1
6719,1789654166.214116096,0.000000000,1,1,0,4,1,4,-3.465146817,-6.397189333,1
6720,1789654166.224142551,0.000000000,1,1,0,4,1,4,-3.465146817,-6.397189333,1
6721,1789654166.234178066,0.000000000,1,1,0,4,1,4,-3.465146817,-6.397189333,1
6722,1789654166.244133711,0.000000000,1,1,0,4,1,4,-3.465146817,-6.397189333,1
6723,1789654166.254143715,0.000000000,1,1,0,4,1,4,-3.465146817,-6.397189333,1
6724,1789654166.264136791,0.000000000,1,1,0,4,1,4,-3.465146817,-6.397189333,1
6725,1789654166.274142504,0.000000000,1,1,0,4,1,4,-3.509420413,-6.360082667,1
6726,1789654166.284151316,0.000000000,1,1,0,4,1,4,-3.509420413,-6.360082667,1
6727,1789654166.294142485,0.000000000,1,1,0,4,1,4,-3.509420413,-6.360082667,1
6728,1789654166.304160118,0.000000000,1,1,0,4,1,4,-3.509420413,-6.360082667,1
6729,1789654166.314174175,0.000000000,1,1,0,4,1,4,-3.509420413,-6.360082667,1
6730,1789654166.324176550,0.000000000,1,1,0,4,1,4,-3.509420413,-6.360082667,1
6731,1789654166.334170818,0.000000000,1,1,0,4,1,4,-3.509420413,-6.360082667,1
6732,1789654166.344213247,0.000000000,1,1,0,4,1,4,-3.509420413,-6.360082667,1
6733,1789654166.354134321,0.000000000,1,1,0,4,1,4,-3.509420413,-6.360082667,1
6734,1789654166.364135027,0.000000000,1,1,0,4,1,4,-3.509420413,-6.360082667,1
6735,1789654166.374103069,0.000000000,1,1,0,4,1,4,-3.509420413,-6.360082667,1
6736,1789654166.384119511,0.000000000,1,1,0,4,1,4,-3.509420413,-6.360082667,1
6737,1789654166.394125223,0.000000000,1,1,0,4,1,4,-3.509420413,-6.360082667,1
6738,1789654166.404116631,0.000000000,1,1,0,4,1,4,-3.509420413,-6.360082667,1
6739,1789654166.414124250,0.000000000,1,1,0,4,1,4,-3.509420413,-6.360082667,1
6740,1789654166.424124956,0.000000000,1,1,0,4,1,4,-3.509420413,-6.360082667,1
6741,1789654166.434181213,0.000000000,1,1,0,4,1,4,-3.509420413,-6.360082667,1
6742,1789654166.444106102,0.000000000,1,1,0,4,1,4,-3.509420413,-6.360082667,1
6743,1789654166.454125404,0.000000000,1,1,0,4,1,4,-3.509420413,-6.360082667,1
6744,1789654166.464127064,0.000000000,1,1,0,4,1,4,-3.509420413,-6.360082667,1
6745,1789654166.474101305,0.000000000,1,1,0,4,1,4,-3.538936144,-6.304422666,1
6746,1789654166.484166384,0.000000000,1,1,0,4,1,4,-3.538936144,-6.304422666,1
6747,1789654166.494111300,0.000000000,1,1,0,4,1,4,-3.538936144,-6.304422666,1
6748,1789654166.504143000,0.000000000,1,1,0,4,1,4,-3.538936144,-6.304422666,1
6749,1789654166.514829636,0.000000000,1,1,0,4,1,4,-3.538936144,-6.304422666,1
6750,1789654166.524740458,0.000000000,1,1,0,4,1,4,-3.538936144,-6.304422666,1
6751,1789654166.534804106,0.000000000,1,1,0,4,1,4,-3.538936144,-6.304422666,1
6752,1789654166.544144869,0.000000000,1,1,0,4,1,4,-3.538936144,-6.304422666,1
6753,1789654166.554110527,0.000000000,1,1,0,4,1,4,-3.538936144,-6.304422666,1
6754,1789654166.564141273,0.000000000,1,1,0,4,1,4,-3.538936144,-6.304422666,1
6755,1789654166.574110985,0.000000000,1,1,0,4,1,4,-3.583209740,-6.267316000,1
6756,1789654166.584116936,0.000000000,1,1,0,4,1,4,-3.583209740,-6.267316000,1
6757,1789654166.594131947,0.000000000,1,1,0,4,1,4,-3.583209740,-6.267316000,1
6758,1789654166.604136229,0.000000000,1,1,0,4,1,4,-3.583209740,-6.267316000,1
6759,1789654166.614166737,0.000000000,1,1,0,4,1,4,-3.583209740,-6.267316000,1
6760,1789654166.624198198,0.000000000,1,1,0,4,1,4,-3.583209740,-6.267316000,1
6761,1789654166.634177446,0.000000000,1,1,0,4,1,4,-3.583209740,-6.267316000,1
6762,1789654166.644139290,0.000000000,1,1,0,4,1,4,-3.583209740,-6.267316000,1
6763,1789654166.654126883,0.000000000,1,1,0,4,1,4,-3.583209740,-6.267316000,1
6764,1789654166.664118528,0.000000000,1,1,0,4,1,4,-3.583209740,-6.267316000,1
6765,1789654166.674135208,0.000000000,1,1,0,4,1,4,-3.612725471,-6.211656000,1
6766,1789654166.684161901,0.000000000,1,1,0,4,1,4,-3.612725471,-6.211656000,1
6767,1789654166.694125652,0.000000000,1,1,0,4,1,4,-3.612725471,-6.211656000,1
6768,1789654166.704158545,0.000000000,1,1,0,4,1,4,-3.612725471,-6.211656000,1
6769,1789654166.714121103,0.000000000,1,1,0,4,1,4,-3.612725471,-6.211656000,1
6770,1789654166.724142313,0.000000000,1,1,0,4,1,4,-3.612725471,-6.211656000,1
6771,1789654166.734119892,0.000000000,1,1,0,4,1,4,-3.612725471,-6.211656000,1
6772,1789654166.744117022,0.000000000,1,1,0,4,1,4,-3.612725471,-6.211656000,1
6773,1789654166.754116535,0.000000000,1,1,0,4,1,4,-3.612725471,-6.211656000,1
6774,1789654166.764115095,0.000000000,1,1,0,4,1,4,-3.612725471,-6.211656000,1
6775,1789654166.774120808,0.000000000,1,1,0,4,1,4,-3.642241202,-6.155996000,1
6776,1789654166.784163952,0.000000000,1,1,0,4,1,4,-3.642241202,-6.155996000,1
6777,1789654166.794134617,0.000000000,1,1,0,4,1,4,-3.642241202,-6.155996000,1
6778,1789654166.804108381,0.000000000,1,1,0,4,1,4,-3.642241202,-6.155996000,1
6779,1789654166.814106941,0.000000000,1,1,0,4,1,4,-3.642241202,-6.155996000,1
6780,1789654166.824141264,0.000000000,1,1,0,4,1,4,-3.642241202,-6.155996000,1
6781,1789654166.834149599,0.000000000,1,1,0,4,1,4,-3.642241202,-6.155996000,1
6782,1789654166.844121933,0.000000000,1,1,0,4,1,4,-3.642241202,-6.155996000,1
6783,1789654166.854123831,0.000000000,1,1,0,4,1,4,-3.642241202,-6.155996000,1
6784,1789654166.864121675,0.000000000,1,1,0,4,1,4,-3.642241202,-6.155996000,1
6785,1789654166.874121189,0.000000000,1,1,0,4,1,4,-3.686514799,-6.100336000,1
6786,1789654166.884162664,0.000000000,1,1,0,4,1,4,-3.686514799,-6.100336000,1
6787,1789654166.894130230,0.000000000,1,1,0,4,1,4,-3.686514799,-6.100336000,1
6788,1789654166.904168606,0.000000000,1,1,0,4,1,4,-3.686514799,-6.100336000,1
6789,1789654166.914169788,0.000000000,1,1,0,4,1,4,-3.686514799,-6.100336000,1
6790,1789654166.924131870,0.000000000,1,1,0,4,1,4,-3.686514799,-6.100336000,1
6791,1789654166.934153795,0.000000000,1,1,0,4,1,4,-3.686514799,-6.100336000,1
6792,1789654166.944135904,0.000000000,1,1,0,4,1,4,-3.686514799,-6.100336000,1
6793,1789654166.954125166,0.000000000,1,1,0,4,1,4,-3.686514799,-6.100336000,1
6794,1789654166.964149237,0.000000000,1,1,0,4,1,4,-3.686514799,-6.100336000,1
6795,1789654166.974115849,0.000000000,1,1,0,4,1,4,-3.686514799,-6.100336000,1
6796,1789654166.984160662,0.000000000,1,1,0,4,1,4,-3.686514799,-6.100336000,1
6797,1789654166.994133711,0.000000000,1,1,0,4,1,4,-3.686514799,-6.100336000,1
6798,1789654167.004131794,0.000000000,1,1,0,4,1,4,-3.686514799,-6.100336000,1
6799,1789654167.014137268,0.000000000,1,1,0,4,1,4,-3.686514799,-6.100336000,1
6800,1789654167.024107218,0.000000000,1,1,0,4,1,4,-3.686514799,-6.100336000,1
6801,1789654167.034178019,0.000000000,1,1,0,4,1,4,-3.686514799,-6.100336000,1
6802,1789654167.044137955,0.000000000,1,1,0,4,1,4,-3.686514799,-6.100336000,1
6803,1789654167.054124594,0.000000000,1,1,0,4,1,4,-3.686514799,-6.100336000,1
6804,1789654167.064129591,0.000000000,1,1,0,4,1,4,-3.686514799,-6.100336000,1
6805,1789654167.074148178,0.000000000,1,1,0,4,1,4,-3.701272665,-6.063229334,1
6806,1789654167.084112167,0.000000000,1,1,0,4,1,4,-3.701272665,-6.063229334,1
6807,1789654167.094146013,0.000000000,1,1,0,4,1,4,-3.701272665,-6.063229334,1
6808,1789654167.104120016,0.000000000,1,1,0,4,1,4,-3.701272665,-6.063229334,1
6809,1789654167.114136219,0.000000000,1,1,0,4,1,4,-3.701272665,-6.063229334,1
6810,1789654167.124155283,0.000000000,1,1,0,4,1,4,-3.701272665,-6.063229334,1
6811,1789654167.134156227,0.000000000,1,1,0,4,1,4,-3.701272665,-6.063229334,1
6812,1789654167.144144297,0.000000000,1,1,0,4,1,4,-3.701272665,-6.063229334,1
6813,1789654167.154160976,0.000000000,1,1,0,4,1,4,-3.701272665,-6.063229334,1
6814,1789654167.164202690,0.000000000,1,1,0,4,1,4,-3.701272665,-6.063229334,1
6815,1789654167.174119949,0.000000000,1,1,0,4,1,4,-3.745546262,-5.989016000,1
6816,1789654167.184119701,0.000000000,1,1,0,4,1,4,-3.745546262,-5.989016000,1
6817,1789654167.194146872,0.000000000,1,1,0,4,1,4,-3.745546262,-5.989016000,1
6818,1789654167.204176903,0.000000000,1,1,0,4,1,4,-3.745546262,-5.989016000,1
6819,1789654167.214133263,0.000000000,1,1,0,4,1,4,-3.745546262,-5.989016000,1
6820,1789654167.224146128,0.000000000,1,1,0,4,1,4,-3.745546262,-5.989016000,1
6821,1789654167.234148502,0.000000000,1,1,0,4,1,4,-3.745546262,-5.989016000,1
6822,1789654167.244175434,0.000000000,1,1,0,4,1,4,-3.745546262,-5.989016000,1
6823,1789654167.254211664,0.000000000,1,1,0,4,1,4,-3.745546262,-5.989016000,1
6824,1789654167.264160156,0.000000000,1,1,0,4,1,4,-3.745546262,-5.989016000,1
6825,1789654167.274128675,0.000000000,1,1,0,4,1,4,-3.789819858,-5.933356000,1
6826,1789654167.284164190,0.000000000,1,1,0,4,1,4,-3.789819858,-5.933356000,1
6827,1789654167.294198036,0.000000000,1,1,0,4,1,4,-3.789819858,-5.933356000,1
6828,1789654167.304176331,0.000000000,1,1,0,4,1,4,-3.789819858,-5.933356000,1
6829,1789654167.314137697,0.000000000,1,1,0,4,1,4,-3.789819858,-5.933356000,1
6830,1789654167.324204206,0.000000000,1,1,0,4,1,4,-3.789819858,-5.933356000,1
6831,1789654167.334141016,0.000000000,1,1,0,4,1,4,-3.789819858,-5.933356000,1
6832,1789654167.344159126,0.000000000,1,1,0,4,1,4,-3.789819858,-5.933356000,1
6833,1789654167.354151726,0.000000000,1,1,0,4,1,4,-3.789819858,-5.933356000,1
6834,1789654167.364164352,0.000000000,1,1,0,4,1,4,-3.789819858,-5.933356000,1
6835,1789654167.374136925,0.000000000,1,1,0,4,1,4,-3.819335589,-5.896249333,1
6836,1789654167.384161711,0.000000000,1,1,0,4,1,4,-3.819335589,-5.896249333,1
6837,1789654167.394136906,0.000000000,1,1,0,4,1,4,-3.819335589,-5.896249333,1
6838,1789654167.404157877,0.000000000,1,1,0,4,1,4,-3.819335589,-5.896249333,1
6839,1789654167.414146662,0.000000000,1,1,0,4,1,4,-3.819335589,-5.896249333,1
6840,1789654167.424135923,0.000000000,1,1,0,4,1,4,-3.819335589,-5.896249333,1
6841,1789654167.434178352,0.000000000,1,1,0,4,1,4,-3.819335589,-5.896249333,1
6842,1789654167.444123507,0.000000000,1,1,0,4,1,4,-3.819335589,-5.896249333,1
6843,1789654167.454109669,0.000000000,1,1,0,4,1,4,-3.819335589,-5.896249333,1
6844,1789654167.464138269,0.000000000,1,1,0,4,1,4,-3.819335589,-5.896249333,1
6845,1789654167.474109173,0.000000000,1,1,0,4,1,4,-3.819335589,-5.896249333,1
6846,1789654167.484158039,0.000000000,1,1,0,4,1,4,-3.819335589,-5.896249333,1
6847,1789654167.494140863,0.000000000,1,1,0,4,1,4,-3.819335589,-5.896249333,1
6848,1789654167.504161119,0.000000000,1,1,0,4,1,4,-3.819335589,-5.896249333,1
6849,1789654167.514147043,0.000000000,1,1,0,4,1,4,-3.819335589,-5.896249333,1
6850,1789654167.524137259,0.000000000,1,1,0,4,1,4,-3.819335589,-5.896249333,1
6851,1789654167.534116030,0.000000000,1,1,0,4,1,4,-3.819335589,-5.896249333,1
6852,1789654167.544120312,0.000000000,1,1,0,4,1,4,-3.819335589,-5.896249333,1
6853,1789654167.554117441,0.000000000,1,1,0,4,1,4,-3.819335589,-5.896249333,1
6854,1789654167.564136982,0.000000000,1,1,0,4,1,4,-3.819335589,-5.896249333,1
6855,1789654167.574113607,0.000000000,1,1,0,4,1,4,-3.863609185,-5.840589333,1
6856,1789654167.584138393,0.000000000,1,1,0,4,1,4,-3.863609185,-5.840589333,1
6857,1789654167.594117880,0.000000000,1,1,0,4,1,4,-3.863609185,-5.840589333,1
6858,1789654167.604099512,0.000000000,1,1,0,4,1,4,-3.863609185,-5.840589333,1
6859,1789654167.614121914,0.000000000,1,1,0,4,1,4,-3.863609185,-5.840589333,1
6860,1789654167.624139309,0.000000000,1,1,0,4,1,4,-3.863609185,-5.840589333,1
6861,1789654167.634136677,0.000000000,1,1,0,4,1,4,-3.863609185,-5.840589333,1
6862,1789654167.644123316,0.000000000,1,1,0,4,1,4,-3.863609185,-5.840589333,1
6863,1789654167.654105663,0.000000000,1,1,0,4,1,4,-3.863609185,-5.840589333,1
6864,1789654167.664117336,0.000000000,1,1,0,4,1,4,-3.863609185,-5.840589333,1
6865,1789654167.674099922,0.000000000,1,1,0,4,1,4,-3.907882782,-5.784929333,1
6866,1789654167.684108973,0.000000000,1,1,0,4,1,4,-3.907882782,-5.784929333,1
6867,1789654167.694144011,0.000000000,1,1,0,4,1,4,-3.907882782,-5.784929333,1
6868,1789654167.704163313,0.000000000,1,1,0,4,1,4,-3.907882782,-5.784929333,1
6869,1789654167.714156389,0.000000000,1,1,0,4,1,4,-3.907882782,-5.784929333,1
6870,1789654167.724107027,0.000000000,1,1,0,4,1,4,-3.907882782,-5.784929333,1
6871,1789654167.734174490,0.000000000,1,1,0,4,1,4,-3.907882782,-5.784929333,1
6872,1789654167.744148254,0.000000000,1,1,0,4,1,4,-3.907882782,-5.784929333,1
6873,1789654167.754134893,0.000000000,1,1,0,4,1,4,-3.907882782,-5.784929333,1
6874,1789654167.764128685,0.000000000,1,1,0,4,1,4,-3.907882782,-5.784929333,1
6875,1789654167.774107933,0.000000000,1,1,0,4,1,4,-3.952156378,-5.747822667,1
6876,1789654167.784138203,0.000000000,1,1,0,4,1,4,-3.952156378,-5.747822667,1
6877,1789654167.794148922,0.000000000,1,1,0,4,1,4,-3.952156378,-5.747822667,1
6878,1789654167.804108381,0.000000000,1,1,0,4,1,4,-3.952156378,-5.747822667,1
6879,1789654167.814128399,0.000000000,1,1,0,4,1,4,-3.952156378,-5.747822667,1
6880,1789654167.824142933,0.000000000,1,1,0,4,1,4,-3.952156378,-5.747822667,1
6881,1789654167.834117413,0.000000000,1,1,0,4,1,4,-3.952156378,-5.747822667,1
6882,1789654167.844139576,0.000000000,1,1,0,4,1,4,-3.952156378,-5.747822667,1
6883,1789654167.854105234,0.000000000,1,1,0,4,1,4,-3.952156378,-5.747822667,1
6884,1789654167.864124060,0.000000000,1,1,0,4,1,4,-3.952156378,-5.747822667,1
6885,1789654167.874128580,0.000000000,1,1,0,4,1,4,-4.011187840,-5.692162667,1
6886,1789654167.884127855,0.000000000,1,1,0,4,1,4,-4.011187840,-5.692162667,1
6887,1789654167.894180775,0.000000000,1,1,0,4,1,4,-4.011187840,-5.692162667,1
6888,1789654167.904150009,0.000000000,1,1,0,4,1,4,-4.011187840,-5.692162667,1
6889,1789654167.914111376,0.000000000,1,1,0,4,1,4,-4.011187840,-5.692162667,1
6890,1789654167.924129486,0.000000000,1,1,0,4,1,4,-4.011187840,-5.692162667,1
6891,1789654167.934128284,0.000000000,1,1,0,4,1,4,-4.011187840,-5.692162667,1
6892,1789654167.944131136,0.000000000,1,1,0,4,1,4,-4.011187840,-5.692162667,1
6893,1789654167.954107761,0.000000000,1,1,0,4,1,4,-4.011187840,-5.692162667,1
6894,1789654167.964127302,0.000000000,1,1,0,4,1,4,-4.011187840,-5.692162667,1
6895,1789654167.974130869,0.000000000,1,1,0,4,1,4,-4.011187840,-5.692162667,1
6896,1789654167.984128475,0.000000000,1,1,0,4,1,4,-4.011187840,-5.692162667,1
6897,1789654167.994160652,0.000000000,1,1,0,4,1,4,-4.011187840,-5.692162667,1
6898,1789654168.004152298,0.000000000,1,1,0,4,1,4,-4.011187840,-5.692162667,1
6899,1789654168.014152288,0.000000000,1,1,0,4,1,4,-4.011187840,-5.692162667,1
6900,1789654168.024162769,0.000000000,1,1,0,4,1,4,-4.011187840,-5.692162667,1
6901,1789654168.034121990,0.000000000,1,1,0,4,1,4,-4.011187840,-5.692162667,1
6902,1789654168.044113636,0.000000000,1,1,0,4,1,4,-4.011187840,-5.692162667,1
6903,1789654168.054143667,0.000000000,1,1,0,4,1,4,-4.011187840,-5.692162667,1
6904,1789654168.064133406,0.000000000,1,1,0,4,1,4,-4.011187840,-5.692162667,1
6905,1789654168.074104786,0.000000000,1,1,0,4,1,4,-4.070219302,-5.673609333,1
6906,1789654168.084170818,0.000000000,1,1,0,4,1,4,-4.070219302,-5.673609333,1
6907,1789654168.094157457,0.000000000,1,1,0,4,1,4,-4.070219302,-5.673609333,1
6908,1789654168.104120255,0.000000000,1,1,0,4,1,4,-4.070219302,-5.673609333,1
6909,1789654168.114112854,0.000000000,1,1,0,4,1,4,-4.070219302,-5.673609333,1
6910,1789654168.124144077,0.000000000,1,1,0,4,1,4,-4.070219302,-5.673609333,1
6911,1789654168.134131670,0.000000000,1,1,0,4,1,4,-4.070219302,-5.673609333,1
6912,1789654168.144133806,0.000000000,1,1,0,4,1,4,-4.070219302,-5.673609333,1
6913,1789654168.154125929,0.000000000,1,1,0,4,1,4,-4.070219302,-5.673609333,1
6914,1789654168.164166451,0.000000000,1,1,0,4,1,4,-4.070219302,-5.673609333,1
6915,1789654168.174145460,0.000000000,1,1,0,4,1,4,-4.144008629,-5.655056000,1
6916,1789654168.184106827,0.000000000,1,1,0,4,1,4,-4.144008629,-5.655056000,1
6917,1789654168.194137573,0.000000000,1,1,0,4,1,4,-4.144008629,-5.655056000,1
6918,1789654168.204196692,0.000000000,1,1,0,4,1,4,-4.144008629,-5.655056000,1
6919,1789654168.214157581,0.000000000,1,1,0,4,1,4,-4.144008629,-5.655056000,1
6920,1789654168.224148989,0.000000000,1,1,0,4,1,4,-4.144008629,-5.655056000,1
6921,1789654168.234120131,0.000000000,1,1,0,4,1,4,-4.144008629,-5.655056000,1
6922,1789654168.244130135,0.000000000,1,1,0,4,1,4,-4.144008629,-5.655056000,1
6923,1789654168.254112720,0.000000000,1,1,0,4,1,4,-4.144008629,-5.655056000,1
6924,1789654168.264115095,0.000000000,1,1,0,4,1,4,-4.144008629,-5.655056000,1
6925,1789654168.274127245,0.000000000,1,1,0,4,1,4,-4.188282225,-5.617949333,1
6926,1789654168.284181833,0.000000000,1,1,0,4,1,4,-4.188282225,-5.617949333,1
6927,1789654168.294188023,0.000000000,1,1,0,4,1,4,-4.188282225,-5.617949333,1
6928,1789654168.304131269,0.000000000,1,1,0,4,1,4,-4.188282225,-5.617949333,1
6929,1789654168.314162970,0.000000000,1,1,0,4,1,4,-4.188282225,-5.617949333,1
6930,1789654168.324163675,0.000000000,1,1,0,4,1,4,-4.188282225,-5.617949333,1
6931,1789654168.334141493,0.000000000,1,1,0,4,1,4,-4.188282225,-5.617949333,1
6932,1789654168.344135761,0.000000000,1,1,0,4,1,4,-4.188282225,-5.617949333,1
6933,1789654168.354191780,0.000000000,1,1,0,4,1,4,-4.188282225,-5.617949333,1
6934,1789654168.364138126,0.000000000,1,1,0,4,1,4,-4.188282225,-5.617949333,1
6935,1789654168.374117613,0.000000000,1,1,0,4,1,4,-4.188282225,-5.617949333,1
6936,1789654168.384157658,0.000000000,1,1,0,4,1,4,-4.188282225,-5.617949333,1
6937,1789654168.394185543,0.000000000,1,1,0,4,1,4,-4.188282225,-5.617949333,1
6938,1789654168.404138565,0.000000000,1,1,0,4,1,4,-4.188282225,-5.617949333,1
6939,1789654168.414213896,0.000000000,1,1,0,4,1,4,-4.188282225,-5.617949333,1
6940,1789654168.424124956,0.000000000,1,1,0,4,1,4,-4.188282225,-5.617949333,1
6941,1789654168.434151888,0.000000000,1,1,0,4,1,4,-4.188282225,-5.617949333,1
6942,1789654168.444134235,0.000000000,1,1,0,4,1,4,-4.188282225,-5.617949333,1
6943,1789654168.454164743,0.000000000,1,1,0,4,1,4,-4.188282225,-5.617949333,1
6944,1789654168.464165449,0.000000000,1,1,0,4,1,4,-4.188282225,-5.617949333,1
6945,1789654168.474129438,0.000000000,1,1,0,4,1,4,-4.262071554,-5.599396000,1
6946,1789654168.484154224,0.000000000,1,1,0,4,1,4,-4.262071554,-5.599396000,1
6947,1789654168.494150400,0.000000000,1,1,0,4,1,4,-4.262071554,-5.599396000,1
6948,1789654168.504181147,0.000000000,1,1,0,4,1,4,-4.262071554,-5.599396000,1
6949,1789654168.514169455,0.000000000,1,1,0,4,1,4,-4.262071554,-5.599396000,1
6950,1789654168.524190664,0.000000000,1,1,0,4,1,4,-4.262071554,-5.599396000,1
6951,1789654168.534149885,0.000000000,1,1,0,4,1,4,-4.262071554,-5.599396000,1
6952,1789654168.544124126,0.000000000,1,1,0,4,1,4,-4.262071554,-5.599396000,1
6953,1789654168.554142714,0.000000000,1,1,0,4,1,4,-4.262071554,-5.599396000,1
6954,1789654168.564230680,0.000000000,1,1,0,4,1,4,-4.262071554,-5.599396000,1
6955,1789654168.574118137,0.000000000,1,1,0,4,1,4,-4.321103015,-5.562289333,1
6956,1789654168.584178686,0.000000000,1,1,0,4,1,4,-4.321103015,-5.562289333,1
6957,1789654168.594189882,0.000000000,1,1,0,4,1,4,-4.321103015,-5.562289333,1
6958,1789654168.604187965,0.000000000,1,1,0,4,1,4,-4.321103015,-5.562289333,1
6959,1789654168.614170551,0.000000000,1,1,0,4,1,4,-4.321103015,-5.562289333,1
6960,1789654168.624192715,0.000000000,1,1,0,4,1,4,-4.321103015,-5.562289333,1
6961,1789654168.634196520,0.000000000,1,1,0,4,1,4,-4.321103015,-5.562289333,1
6962,1789654168.644197941,0.000000000,1,1,0,4,1,4,-4.321103015,-5.562289333,1
6963,1789654168.654164791,0.000000000,1,1,0,4,1,4,-4.321103015,-5.562289333,1
6964,1789654168.664250135,0.000000000,1,1,0,4,1,4,-4.321103015,-5.562289333,1
6965,1789654168.674119234,0.000000000,1,1,0,4,1,4,-4.394892343,-5.562289333,1
6966,1789654168.684167624,0.000000000,1,1,0,4,1,4,-4.394892343,-5.562289333,1
6967,1789654168.694169998,0.000000000,1,1,0,4,1,4,-4.394892343,-5.562289333,1
6968,1789654168.704169273,0.000000000,1,1,0,4,1,4,-4.394892343,-5.562289333,1
6969,1789654168.714197397,0.000000000,1,1,0,4,1,4,-4.394892343,-5.562289333,1
6970,1789654168.724180460,0.000000000,1,1,0,4,1,4,-4.394892343,-5.562289333,1
6971,1789654168.734126806,0.000000000,1,1,0,4,1,4,-4.394892343,-5.562289333,1
6972,1789654168.744127989,0.000000000,1,1,0,4,1,4,-4.394892343,-5.562289333,1
6973,1789654168.754189968,0.000000000,1,1,0,4,1,4,-4.394892343,-5.562289333,1
6974,1789654168.764120102,0.000000000,1,1,0,4,1,4,-4.394892343,-5.562289333,1
6975,1789654168.774140835,0.000000000,1,1,0,4,1,4,-4.468681670,-5.543736000,1
6976,1789654168.784188747,0.000000000,1,1,0,4,1,4,-4.468681670,-5.543736000,1
6977,1789654168.794168472,0.000000000,1,1,0,4,1,4,-4.468681670,-5.543736000,1
6978,1789654168.804163218,0.000000000,1,1,0,4,1,4,-4.468681670,-5.543736000,1
6979,1789654168.814144611,0.000000000,1,1,0,4,1,4,-4.468681670,-5.543736000,1
6980,1789654168.824207306,0.000000000,1,1,0,4,1,4,-4.468681670,-5.543736000,1
6981,1789654168.834156513,0.000000000,1,1,0,4,1,4,-4.468681670,-5.543736000,1
6982,1789654168.844159842,0.000000000,1,1,0,4,1,4,-4.468681670,-5.543736000,1
6983,1789654168.854118347,0.000000000,1,1,0,4,1,4,-4.468681670,-5.543736000,1
6984,1789654168.864088535,0.000000000,1,1,0,4,1,4,-4.468681670,-5.543736000,1
6985,1789654168.874184847,0.000000000,1,1,0,4,1,4,-4.512955266,-5.525182667,1
6986,1789654168.884190559,0.000000000,1,1,0,4,1,4,-4.512955266,-5.525182667,1
6987,1789654168.894211292,0.000000000,1,1,0,4,1,4,-4.512955266,-5.525182667,1
6988,1789654168.904124022,0.000000000,1,1,0,4,1,4,-4.512955266,-5.525182667,1
6989,1789654168.914157391,0.000000000,1,1,0,4,1,4,-4.512955266,-5.525182667,1
6990,1789654168.924189806,0.000000000,1,1,0,4,1,4,-4.512955266,-5.525182667,1
6991,1789654168.934142351,0.000000000,1,1,0,4,1,4,-4.512955266,-5.525182667,1
6992,1789654168.944161177,0.000000000,1,1,0,4,1,4,-4.512955266,-5.525182667,1
6993,1789654168.954131603,0.000000000,1,1,0,4,1,4,-4.512955266,-5.525182667,1
6994,1789654168.964120150,0.000000000,1,1,0,4,1,4,-4.512955266,-5.525182667,1
6995,1789654168.974123716,0.000000000,1,1,0,4,1,4,-4.512955266,-5.525182667,1
6996,1789654168.984158516,0.000000000,1,1,0,4,1,4,-4.512955266,-5.525182667,1
6997,1789654168.994132996,0.000000000,1,1,0,4,1,4,-4.512955266,-5.525182667,1
6998,1789654169.004138708,0.000000000,1,1,0,4,1,4,-4.512955266,-5.525182667,1
6999,1789654169.014436245,0.000000000,1,1,0,4,1,4,-4.512955266,-5.525182667,1
7000,1789654169.024169922,0.000000000,1,1,0,4,1,4,-4.512955266,-5.525182667,1
7001,1789654169.034191370,0.000000000,1,1,0,4,1,4,-4.512955266,-5.525182667,1
7002,1789654169.044178486,0.000000000,1,1,0,4,1,4,-4.512955266,-5.525182667,1
7003,1789654169.054119110,0.000000000,1,1,0,4,1,4,-4.512955266,-5.525182667,1
7004,1789654169.064136267,0.000000000,1,1,0,4,1,4,-4.512955266,-5.525182667,1
7005,1789654169.074108362,0.000000000,1,1,0,4,1,4,-4.586744594,-5.525182667,1
7006,1789654169.084145546,0.000000000,1,1,0,4,1,4,-4.586744594,-5.525182667,1
7007,1789654169.094134569,0.000000000,1,1,0,4,1,4,-4.586744594,-5.525182667,1
7008,1789654169.104151726,0.000000000,1,1,0,4,1,4,-4.586744594,-5.525182667,1
7009,1789654169.114110231,0.000000000,1,1,0,4,1,4,-4.586744594,-5.525182667,1
7010,1789654169.124179125,0.000000000,1,1,0,4,1,4,-4.586744594,-5.525182667,1
7011,1789654169.134113789,0.000000000,1,1,0,4,1,4,-4.586744594,-5.525182667,1
7012,1789654169.144116163,0.000000000,1,1,0,4,1,4,-4.586744594,-5.525182667,1
7013,1789654169.154150486,0.000000000,1,1,0,4,1,4,-4.586744594,-5.525182667,1
7014,1789654169.164119005,0.000000000,1,1,0,4,1,4,-4.586744594,-5.525182667,1
7015,1789654169.174105167,0.000000000,1,1,0,4,1,4,-4.645776055,-5.525182667,1
7016,1789654169.184183359,0.000000000,1,1,0,4,1,4,-4.645776055,-5.525182667,1
7017,1789654169.194155693,0.000000000,1,1,0,4,1,4,-4.645776055,-5.525182667,1
7018,1789654169.204153061,0.000000000,1,1,0,4,1,4,-4.645776055,-5.525182667,1
7019,1789654169.214122772,0.000000000,1,1,0,4,1,4,-4.645776055,-5.525182667,1
7020,1789654169.224174500,0.000000000,1,1,0,4,1,4,-4.645776055,-5.525182667,1
7021,1789654169.234177589,0.000000000,1,1,0,4,1,4,-4.645776055,-5.525182667,1
7022,1789654169.244204521,0.000000000,1,1,0,4,1,4,-4.645776055,-5.525182667,1
7023,1789654169.254152536,0.000000000,1,1,0,4,1,4,-4.645776055,-5.525182667,1
7024,1789654169.264196873,0.000000000,1,1,0,4,1,4,-4.645776055,-5.525182667,1
7025,1789654169.274130344,0.000000000,1,1,0,4,1,4,-4.734323249,-5.506629333,1
7026,1789654169.284157515,0.000000000,1,1,0,4,1,4,-4.734323249,-5.506629333,1
7027,1789654169.294118166,0.000000000,1,1,0,4,1,4,-4.734323249,-5.506629333,1
7028,1789654169.304158211,0.000000000,1,1,0,4,1,4,-4.734323249,-5.506629333,1
7029,1789654169.314113617,0.000000000,1,1,0,4,1,4,-4.734323249,-5.506629333,1
7030,1789654169.324143410,0.000000000,1,1,0,4,1,4,-4.734323249,-5.506629333,1
7031,1789654169.334142923,0.000000000,1,1,0,4,1,4,-4.734323249,-5.506629333,1
7032,1789654169.344138861,0.000000000,1,1,0,4,1,4,-4.734323249,-5.506629333,1
7033,1789654169.354160547,0.000000000,1,1,0,4,1,4,-4.734323249,-5.506629333,1
7034,1789654169.364144325,0.000000000,1,1,0,4,1,4,-4.734323249,-5.506629333,1
7035,1789654169.374165535,0.000000000,1,1,0,4,1,4,-4.793354711,-5.525182667,1
7036,1789654169.384174824,0.000000000,1,1,0,4,1,4,-4.793354711,-5.525182667,1
7037,1789654169.394147873,0.000000000,1,1,0,4,1,4,-4.793354711,-5.525182667,1
7038,1789654169.404171467,0.000000000,1,1,0,4,1,4,-4.793354711,-5.525182667,1
7039,1789654169.414171457,0.000000000,1,1,0,4,1,4,-4.793354711,-5.525182667,1
7040,1789654169.424148560,0.000000000,1,1,0,4,1,4,-4.793354711,-5.525182667,1
7041,1789654169.434156179,0.000000000,1,1,0,4,1,4,-4.793354711,-5.525182667,1
7042,1789654169.444163561,0.000000000,1,1,0,4,1,4,-4.793354711,-5.525182667,1
7043,1789654169.454125404,0.000000000,1,1,0,4,1,4,-4.793354711,-5.525182667,1
7044,1789654169.464183569,0.000000000,1,1,0,4,1,4,-4.793354711,-5.525182667,1
7045,1789654169.474127054,0.000000000,1,1,0,4,1,4,-4.793354711,-5.525182667,1
7046,1789654169.484198332,0.000000000,1,1,0,4,1,4,-4.793354711,-5.525182667,1
7047,1789654169.494199991,0.000000000,1,1,0,4,1,4,-4.793354711,-5.525182667,1
7048,1789654169.504175186,0.000000000,1,1,0,4,1,4,-4.793354711,-5.525182667,1
7049,1789654169.514177561,0.000000000,1,1,0,4,1,4,-4.793354711,-5.525182667,1
7050,1789654169.524133444,0.000000000,1,1,0,4,1,4,-4.793354711,-5.525182667,1
7051,1789654169.534136772,0.000000000,1,1,0,4,1,4,-4.793354711,-5.525182667,1
7052,1789654169.544116974,0.000000000,1,1,0,4,1,4,-4.793354711,-5.525182667,1
7053,1789654169.554159880,0.000000000,1,1,0,4,1,4,-4.793354711,-5.525182667,1
7054,1789654169.564160824,0.000000000,1,1,0,4,1,4,-4.793354711,-5.525182667,1
7055,1789654169.574116945,0.000000000,1,1,0,4,1,4,-4.837628308,-5.525182667,1
7056,1789654169.584179163,0.000000000,1,1,0,4,1,4,-4.837628308,-5.525182667,1
7057,1789654169.594127655,0.000000000,1,1,0,4,1,4,-4.837628308,-5.525182667,1
7058,1789654169.604183435,0.000000000,1,1,0,4,1,4,-4.837628308,-5.525182667,1
7059,1789654169.614128828,0.000000000,1,1,0,4,1,4,-4.837628308,-5.525182667,1
7060,1789654169.624165535,0.000000000,1,1,0,4,1,4,-4.837628308,-5.525182667,1
7061,1789654169.634160042,0.000000000,1,1,0,4,1,4,-4.837628308,-5.525182667,1
7062,1789654169.644165516,0.000000000,1,1,0,4,1,4,-4.837628308,-5.525182667,1
7063,1789654169.654174089,0.000000000,1,1,0,4,1,4,-4.837628308,-5.525182667,1
7064,1789654169.664160013,0.000000000,1,1,0,4,1,4,-4.837628308,-5.525182667,1
7065,1789654169.674117565,0.000000000,1,1,0,4,1,4,-4.867144038,-5.525182667,1
7066,1789654169.684212208,0.000000000,1,1,0,4,1,4,-4.867144038,-5.525182667,1
7067,1789654169.694171190,0.000000000,1,1,0,4,1,4,-4.867144038,-5.525182667,1
7068,1789654169.704156637,0.000000000,1,1,0,4,1,4,-4.867144038,-5.525182667,1
7069,1789654169.714165211,0.000000000,1,1,0,4,1,4,-4.867144038,-5.525182667,1
7070,1789654169.724128008,0.000000000,1,1,0,4,1,4,-4.867144038,-5.525182667,1
7071,1789654169.734164953,0.000000000,1,1,0,4,1,4,-4.867144038,-5.525182667,1
7072,1789654169.744124174,0.000000000,1,1,0,4,1,4,-4.867144038,-5.525182667,1
7073,1789654169.754128218,0.000000000,1,1,0,4,1,4,-4.867144038,-5.525182667,1
7074,1789654169.764178514,0.000000000,1,1,0,4,1,4,-4.867144038,-5.525182667,1
7075,1789654169.774125814,0.000000000,1,1,0,4,1,4,-4.926175500,-5.525182667,1
7076,1789654169.784218788,0.000000000,1,1,0,4,1,4,-4.926175500,-5.525182667,1
7077,1789654169.794141769,0.000000000,1,1,0,4,1,4,-4.926175500,-5.525182667,1
7078,1789654169.804158449,0.000000000,1,1,0,4,1,4,-4.926175500,-5.525182667,1
7079,1789654169.814171791,0.000000000,1,1,0,4,1,4,-4.926175500,-5.525182667,1
7080,1789654169.824169397,0.000000000,1,1,0,4,1,4,-4.926175500,-5.525182667,1
7081,1789654169.834131002,0.000000000,1,1,0,4,1,4,-4.926175500,-5.525182667,1
7082,1789654169.844196320,0.000000000,1,1,0,4,1,4,-4.926175500,-5.525182667,1
7083,1789654169.854115725,0.000000000,1,1,0,4,1,4,-4.926175500,-5.525182667,1
7084,1789654169.864122391,0.000000000,1,1,0,4,1,4,-4.926175500,-5.525182667,1
7085,1789654169.874109030,0.000000000,1,1,0,4,1,4,-4.955691231,-5.543736000,1
7086,1789654169.884160519,0.000000000,1,1,0,4,1,4,-4.955691231,-5.543736000,1
7087,1789654169.894121408,0.000000000,1,1,0,4,1,4,-4.955691231,-5.543736000,1
7088,1789654169.904128551,0.000000000,1,1,0,4,1,4,-4.955691231,-5.543736000,1
7089,1789654169.914124489,0.000000000,1,1,0,4,1,4,-4.955691231,-5.543736000,1
7090,1789654169.924199104,0.000000000,1,1,0,4,1,4,-4.955691231,-5.543736000,1
7091,1789654169.934169054,0.000000000,1,1,0,4,1,4,-4.955691231,-5.543736000,1
7092,1789654169.944120169,0.000000000,1,1,0,4,1,4,-4.955691231,-5.543736000,1
7093,1789654169.954173088,0.000000000,1,1,0,4,1,4,-4.955691231,-5.543736000,1
7094,1789654169.964128256,0.000000000,1,1,0,4,1,4,-4.955691231,-5.543736000,1
7095,1789654169.974117517,0.000000000,1,1,0,4,1,4,-4.955691231,-5.543736000,1
7096,1789654169.984155893,0.000000000,1,1,0,4,1,4,-4.955691231,-5.543736000,1
7097,1789654169.994123936,0.000000000,1,1,0,4,1,4,-4.955691231,-5.543736000,1
7098,1789654170.004126310,0.000000000,1,1,0,4,1,4,-4.955691231,-5.543736000,1
7099,1789654170.014130831,0.000000000,1,1,0,4,1,4,-4.955691231,-5.543736000,1
7100,1789654170.024118185,0.000000000,1,1,0,4,1,4,-4.955691231,-5.543736000,1
7101,1789654170.034179211,0.000000000,1,1,0,4,1,4,-4.955691231,-5.543736000,1
7102,1789654170.044105291,0.000000000,1,1,0,4,1,4,-4.955691231,-5.543736000,1
7103,1789654170.054144621,0.000000000,1,1,0,4,1,4,-4.955691231,-5.543736000,1
7104,1789654170.064144135,0.000000000,1,1,0,4,1,4,-4.955691231,-5.543736000,1
7105,1789654170.074137926,0.000000000,1,1,0,4,1,4,-4.999964828,-5.525182667,1
7106,1789654170.084126949,0.000000000,1,1,0,4,1,4,-4.999964828,-5.525182667,1
7107,1789654170.094111443,0.000000000,1,1,0,4,1,4,-4.999964828,-5.525182667,1
7108,1789654170.104137897,0.000000000,1,1,0,4,1,4,-4.999964828,-5.525182667,1
7109,1789654170.114157677,0.000000000,1,1,0,4,1,4,-4.999964828,-5.525182667,1
7110,1789654170.124197483,0.000000000,1,1,0,4,1,4,-4.999964828,-5.525182667,1
7111,1789654170.134184599,0.000000000,1,1,0,4,1,4,-4.999964828,-5.525182667,1
7112,1789654170.144132614,0.000000000,1,1,0,4,1,4,-4.999964828,-5.525182667,1
7113,1789654170.154186010,0.000000000,1,1,0,4,1,4,-4.999964828,-5.525182667,1
7114,1789654170.164197683,0.000000000,1,1,0,4,1,4,-4.999964828,-5.525182667,1
7115,1789654170.174106359,0.000000000,1,1,0,4,1,4,-5.029480558,-5.525182667,1
7116,1789654170.184160948,0.000000000,1,1,0,4,1,4,-5.029480558,-5.525182667,1
7117,1789654170.194138288,0.000000000,1,1,0,4,1,4,-5.029480558,-5.525182667,1
7118,1789654170.204148054,0.000000000,1,1,0,4,1,4,-5.029480558,-5.525182667,1
7119,1789654170.214154482,0.000000000,1,1,0,4,1,4,-5.029480558,-5.525182667,1
7120,1789654170.224174261,0.000000000,1,1,0,4,1,4,-5.029480558,-5.525182667,1
7121,1789654170.234110832,0.000000000,1,1,0,4,1,4,-5.029480558,-5.525182667,1
7122,1789654170.244162798,0.000000000,1,1,0,4,1,4,-5.029480558,-5.525182667,1
7123,1789654170.254119158,0.000000000,1,1,0,4,1,4,-5.029480558,-5.525182667,1
7124,1789654170.264106274,0.000000000,1,1,0,4,1,4,-5.029480558,-5.525182667,1
7125,1789654170.274111748,0.000000000,1,1,0,4,1,4,-5.029480558,-5.525182667,1
7126,1789654170.284171581,0.000000000,1,1,0,4,1,4,-5.029480558,-5.525182667,1
7127,1789654170.294199705,0.000000000,1,1,0,4,1,4,-5.029480558,-5.525182667,1
7128,1789654170.304126024,0.000000000,1,1,0,4,1,4,-5.029480558,-5.525182667,1
7129,1789654170.314225197,0.000000000,1,1,0,4,1,4,-5.029480558,-5.525182667,1
7130,1789654170.324176550,0.000000000,1,1,0,4,1,4,-5.029480558,-5.525182667,1
7131,1789654170.334192038,0.000000000,1,1,0,4,1,4,-5.029480558,-5.525182667,1
7132,1789654170.344132900,0.000000000,1,1,0,4,1,4,-5.029480558,-5.525182667,1
7133,1789654170.354130983,0.000000000,1,1,0,4,1,4,-5.029480558,-5.525182667,1
7134,1789654170.364198446,0.000000000,1,1,0,4,1,4,-5.029480558,-5.525182667,1
7135,1789654170.374195099,0.000000000,1,1,0,4,1,4,-5.029480558,-5.525182667,1
7136,1789654170.384169579,0.000000000,1,1,0,4,1,4,-5.029480558,-5.525182667,1
7137,1789654170.394181013,0.000000000,1,1,0,4,1,4,-5.029480558,-5.525182667,1
7138,1789654170.404171944,0.000000000,1,1,0,4,1,4,-5.029480558,-5.525182667,1
7139,1789654170.414134741,0.000000000,1,1,0,4,1,4,-5.029480558,-5.525182667,1
7140,1789654170.424175262,0.000000000,1,1,0,4,1,4,-5.029480558,-5.525182667,1
7141,1789654170.434135437,0.000000000,1,1,0,4,1,4,-5.029480558,-5.525182667,1
7142,1789654170.444123983,0.000000000,1,1,0,4,1,4,-5.029480558,-5.525182667,1
7143,1789654170.454121113,0.000000000,1,1,0,4,1,4,-5.029480558,-5.525182667,1
7144,1789654170.464173079,0.000000000,1,1,0,4,1,4,-5.029480558,-5.525182667,1
7145,1789654170.474136353,0.000000000,1,1,0,4,1,4,-5.044238424,-5.525182667,1
7146,1789654170.484129190,0.000000000,1,1,0,4,1,4,-5.044238424,-5.525182667,1
7147,1789654170.494210482,0.000000000,1,1,0,4,1,4,-5.044238424,-5.525182667,1
7148,1789654170.504149199,0.000000000,1,1,0,4,1,4,-5.044238424,-5.525182667,1
7149,1789654170.514166832,0.000000000,1,1,0,4,1,4,-5.044238424,-5.525182667,1
7150,1789654170.524129391,0.000000000,1,1,0,4,1,4,-5.044238424,-5.525182667,1
7151,1789654170.534206867,0.000000000,1,1,0,4,1,4,-5.044238424,-5.525182667,1
7152,1789654170.544131041,0.000000000,1,1,0,4,1,4,-5.044238424,-5.525182667,1
7153,1789654170.554202318,0.000000000,1,1,0,4,1,4,-5.044238424,-5.525182667,1
7154,1789654170.564207554,0.000000000,1,1,0,4,1,4,-5.044238424,-5.525182667,1
7155,1789654170.574121237,0.000000000,1,1,0,4,1,4,-5.014722693,-5.525182667,1
7156,1789654170.584163189,0.000000000,1,1,0,4,1,4,-5.014722693,-5.525182667,1
7157,1789654170.594111681,0.000000000,1,1,0,4,1,4,-5.014722693,-5.525182667,1
7158,1789654170.604183197,0.000000000,1,1,0,4,1,4,-5.014722693,-5.525182667,1
7159,1789654170.614120483,0.000000000,1,1,0,4,1,4,-5.014722693,-5.525182667,1
7160,1789654170.624156237,0.000000000,1,1,0,4,1,4,-5.014722693,-5.525182667,1
7161,1789654170.634208441,0.000000000,1,1,0,4,1,4,-5.014722693,-5.525182667,1
7162,1789654170.644150019,0.000000000,1,1,0,4,1,4,-5.014722693,-5.525182667,1
7163,1789654170.654149294,0.000000000,1,1,0,4,1,4,-5.014722693,-5.525182667,1
7164,1789654170.664124727,0.000000000,1,1,0,4,1,4,-5.014722693,-5.525182667,1
7165,1789654170.674127579,0.000000000,1,1,0,4,1,4,-5.014722693,-5.525182667,1
7166,1789654170.684160233,0.000000000,1,1,0,4,1,4,-5.014722693,-5.525182667,1
7167,1789654170.694133759,0.000000000,1,1,0,4,1,4,-5.014722693,-5.525182667,1
7168,1789654170.704121590,0.000000000,1,1,0,4,1,4,-5.014722693,-5.525182667,1
7169,1789654170.714155197,0.000000000,1,1,0,4,1,4,-5.014722693,-5.525182667,1
7170,1789654170.724110842,0.000000000,1,1,0,4,1,4,-5.014722693,-5.525182667,1
7171,1789654170.734128475,0.000000000,1,1,0,4,1,4,-5.014722693,-5.525182667,1
7172,1789654170.744186640,0.000000000,1,1,0,4,1,4,-5.014722693,-5.525182667,1
7173,1789654170.754109144,0.000000000,1,1,0,4,1,4,-5.014722693,-5.525182667,1
7174,1789654170.764116287,0.000000000,1,1,0,4,1,4,-5.014722693,-5.525182667,1
7175,1789654170.774131536,0.000000000,1,1,0,4,1,4,-5.014722693,-5.525182667,1
7176,1789654170.784154177,0.000000000,1,1,0,4,1,4,-5.014722693,-5.525182667,1
7177,1789654170.794124603,0.000000000,1,1,0,4,1,4,-5.014722693,-5.525182667,1
7178,1789654170.804121256,0.000000000,1,1,0,4,1,4,-5.014722693,-5.525182667,1
7179,1789654170.814125299,0.000000000,1,1,0,4,1,4,-5.014722693,-5.525182667,1
7180,1789654170.824107409,0.000000000,1,1,0,4,1,4,-5.014722693,-5.525182667,1
7181,1789654170.834183455,0.000000000,1,1,0,4,1,4,-5.014722693,-5.525182667,1
7182,1789654170.844170570,0.000000000,1,1,0,4,1,4,-5.014722693,-5.525182667,1
7183,1789654170.854107141,0.000000000,1,1,0,4,1,4,-5.014722693,-5.525182667,1
7184,1789654170.864107847,0.000000000,1,1,0,4,1,4,-5.014722693,-5.525182667,1
7185,1789654170.874105692,0.000000000,1,1,0,4,1,4,-4.999964828,-5.525182667,1
7186,1789654170.884157896,0.000000000,1,1,0,4,1,4,-4.999964828,-5.525182667,1
7187,1789654170.894131184,0.000000000,1,1,0,4,1,4,-4.999964828,-5.525182667,1
7188,1789654170.904129982,0.000000000,1,1,0,4,1,4,-4.999964828,-5.525182667,1
7189,1789654170.914110661,0.000000000,1,1,0,4,1,4,-4.999964828,-5.525182667,1
7190,1789654170.924129248,0.000000000,1,1,0,4,1,4,-4.999964828,-5.525182667,1
7191,1789654170.934129238,0.000000000,1,1,0,4,1,4,-4.999964828,-5.525182667,1
7192,1789654170.944118738,0.000000000,1,1,0,4,1,4,-4.999964828,-5.525182667,1
7193,1789654170.954210043,0.000000000,1,1,0,4,1,4,-4.999964828,-5.525182667,1
7194,1789654170.964129686,0.000000000,1,1,0,4,1,4,-4.999964828,-5.525182667,1
7195,1789654170.974127054,0.000000000,1,1,0,4,1,4,-4.999964828,-5.525182667,1
7196,1789654170.984192848,0.000000000,1,1,0,4,1,4,-4.999964828,-5.525182667,1
7197,1789654170.994198799,0.000000000,1,1,0,4,1,4,-4.999964828,-5.525182667,1
7198,1789654171.004114389,0.000000000,1,1,0,4,1,4,-4.999964828,-5.525182667,1
7199,1789654171.014212608,0.000000000,1,1,0,4,1,4,-4.999964828,-5.525182667,1
7200,1789654171.024120808,0.000000000,1,1,0,4,1,4,-4.999964828,-5.525182667,1
7201,1789654171.034218311,0.000000000,1,1,0,4,1,4,-4.999964828,-5.525182667,1
7202,1789654171.044221163,0.000000000,1,1,0,4,1,4,-4.999964828,-5.525182667,1
7203,1789654171.054143667,0.000000000,1,1,0,4,1,4,-4.999964828,-5.525182667,1
7204,1789654171.064172268,0.000000000,1,1,0,4,1,4,-4.999964828,-5.525182667,1
7205,1789654171.074134588,0.000000000,1,1,0,4,1,4,-4.985206962,-5.543736000,1
7206,1789654171.084193945,0.000000000,1,1,0,4,1,4,-4.985206962,-5.543736000,1
7207,1789654171.094181776,0.000000000,1,1,0,4,1,4,-4.985206962,-5.543736000,1
7208,1789654171.104171991,0.000000000,1,1,0,4,1,4,-4.985206962,-5.543736000,1
7209,1789654171.114183664,0.000000000,1,1,0,4,1,4,-4.985206962,-5.543736000,1
7210,1789654171.124147177,0.000000000,1,1,0,4,1,4,-4.985206962,-5.543736000,1
7211,1789654171.134177446,0.000000000,1,1,0,4,1,4,-4.985206962,-5.543736000,1
7212,1789654171.144160032,0.000000000,1,1,0,4,1,4,-4.985206962,-5.543736000,1
7213,1789654171.154128551,0.000000000,1,1,0,4,1,4,-4.985206962,-5.543736000,1
7214,1789654171.164156437,0.000000000,1,1,0,4,1,4,-4.985206962,-5.543736000,1
7215,1789654171.174135208,0.000000000,1,1,0,4,1,4,-4.955691231,-5.562289333,1
7216,1789654171.184135675,0.000000000,1,1,0,4,1,4,-4.955691231,-5.562289333,1
7217,1789654171.194245100,0.000000000,1,1,0,4,1,4,-4.955691231,-5.562289333,1
7218,1789654171.204166174,0.000000000,1,1,0,4,1,4,-4.955691231,-5.562289333,1
7219,1789654171.214166164,0.000000000,1,1,0,4,1,4,-4.955691231,-5.562289333,1
7220,1789654171.224144697,0.000000000,1,1,0,4,1,4,-4.955691231,-5.562289333,1
7221,1789654171.234134197,0.000000000,1,1,0,4,1,4,-4.955691231,-5.562289333,1
7222,1789654171.244204998,0.000000000,1,1,0,4,1,4,-4.955691231,-5.562289333,1
7223,1789654171.254118681,0.000000000,1,1,0,4,1,4,-4.955691231,-5.562289333,1
7224,1789654171.264174700,0.000000000,1,1,0,4,1,4,-4.955691231,-5.562289333,1
7225,1789654171.274118662,0.000000000,1,1,0,4,1,4,-4.940933366,-5.562289333,1
7226,1789654171.284184933,0.000000000,1,1,0,4,1,4,-4.940933366,-5.562289333,1
7227,1789654171.294218779,0.000000000,1,1,0,4,1,4,-4.940933366,-5.562289333,1
7228,1789654171.304119825,0.000000000,1,1,0,4,1,4,-4.940933366,-5.562289333,1
7229,1789654171.314194679,0.000000000,1,1,0,4,1,4,-4.940933366,-5.562289333,1
7230,1789654171.324149847,0.000000000,1,1,0,4,1,4,-4.940933366,-5.562289333,1
7231,1789654171.334131956,0.000000000,1,1,0,4,1,4,-4.940933366,-5.562289333,1
7232,1789654171.344125509,0.000000000,1,1,0,4,1,4,-4.940933366,-5.562289333,1
7233,1789654171.354159832,0.000000000,1,1,0,4,1,4,-4.940933366,-5.562289333,1
7234,1789654171.364157438,0.000000000,1,1,0,4,1,4,-4.940933366,-5.562289333,1
7235,1789654171.374117374,0.000000000,1,1,0,4,1,4,-4.911417635,-5.580842666,1
7236,1789654171.384195566,0.000000000,1,1,0,4,1,4,-4.911417635,-5.580842666,1
7237,1789654171.394183397,0.000000000,1,1,0,4,1,4,-4.911417635,-5.580842666,1
7238,1789654171.404122353,0.000000000,1,1,0,4,1,4,-4.911417635,-5.580842666,1
7239,1789654171.414139986,0.000000000,1,1,0,4,1,4,-4.911417635,-5.580842666,1
7240,1789654171.424194336,0.000000000,1,1,0,4,1,4,-4.911417635,-5.580842666,1
7241,1789654171.434130669,0.000000000,1,1,0,4,1,4,-4.911417635,-5.580842666,1
7242,1789654171.444122076,0.000000000,1,1,0,4,1,4,-4.911417635,-5.580842666,1
7243,1789654171.454128742,0.000000000,1,1,0,4,1,4,-4.911417635,-5.580842666,1
7244,1789654171.464140892,0.000000000,1,1,0,4,1,4,-4.911417635,-5.580842666,1
7245,1789654171.474116802,0.000000000,1,1,0,4,1,4,-4.911417635,-5.580842666,1
7246,1789654171.484173536,0.000000000,1,1,0,4,1,4,-4.911417635,-5.580842666,1
7247,1789654171.494175434,0.000000000,1,1,0,4,1,4,-4.911417635,-5.580842666,1
7248,1789654171.504165173,0.000000000,1,1,0,4,1,4,-4.911417635,-5.580842666,1
7249,1789654171.514143944,0.000000000,1,1,0,4,1,4,-4.911417635,-5.580842666,1
7250,1789654171.524151564,0.000000000,1,1,0,4,1,4,-4.911417635,-5.580842666,1
7251,1789654171.534142256,0.000000000,1,1,0,4,1,4,-4.911417635,-5.580842666,1
7252,1789654171.544135094,0.000000000,1,1,0,4,1,4,-4.911417635,-5.580842666,1
7253,1789654171.554124355,0.000000000,1,1,0,4,1,4,-4.911417635,-5.580842666,1
7254,1789654171.564186096,0.000000000,1,1,0,4,1,4,-4.911417635,-5.580842666,1
7255,1789654171.574116945,0.000000000,1,1,0,4,1,4,-4.896659769,-5.580842666,1
7256,1789654171.584207058,0.000000000,1,1,0,4,1,4,-4.896659769,-5.580842666,1
7257,1789654171.594148397,0.000000000,1,1,0,4,1,4,-4.896659769,-5.580842666,1
7258,1789654171.604171753,0.000000000,1,1,0,4,1,4,-4.896659769,-5.580842666,1
7259,1789654171.614121199,0.000000000,1,1,0,4,1,4,-4.896659769,-5.580842666,1
7260,1789654171.624180079,0.000000000,1,1,0,4,1,4,-4.896659769,-5.580842666,1
7261,1789654171.634141684,0.000000000,1,1,0,4,1,4,-4.896659769,-5.580842666,1
7262,1789654171.644194603,0.000000000,1,1,0,4,1,4,-4.896659769,-5.580842666,1
7263,1789654171.654136419,0.000000000,1,1,0,4,1,4,-4.896659769,-5.580842666,1
7264,1789654171.664126158,0.000000000,1,1,0,4,1,4,-4.896659769,-5.580842666,1
7265,1789654171.674109697,0.000000000,1,1,0,4,1,4,-4.867144038,-5.599396000,1
7266,1789654171.684157372,0.000000000,1,1,0,4,1,4,-4.867144038,-5.599396000,1
7267,1789654171.694123983,0.000000000,1,1,0,4,1,4,-4.867144038,-5.599396000,1
7268,1789654171.704127550,0.000000000,1,1,0,4,1,4,-4.867144038,-5.599396000,1
7269,1789654171.714136124,0.000000000,1,1,0,4,1,4,-4.867144038,-5.599396000,1
7270,1789654171.724202394,0.000000000,1,1,0,4,1,4,-4.867144038,-5.599396000,1
7271,1789654171.734216213,0.000000000,1,1,0,4,1,4,-4.867144038,-5.599396000,1
7272,1789654171.744148254,0.000000000,1,1,0,4,1,4,-4.867144038,-5.599396000,1
7273,1789654171.754133224,0.000000000,1,1,0,4,1,4,-4.867144038,-5.599396000,1
7274,1789654171.764175892,0.000000000,1,1,0,4,1,4,-4.867144038,-5.599396000,1
7275,1789654171.774123669,0.000000000,1,1,0,4,1,4,-4.852386173,-5.599396000,1
7276,1789654171.784201145,0.000000000,1,1,0,4,1,4,-4.852386173,-5.599396000,1
7277,1789654171.794196129,0.000000000,1,1,0,4,1,4,-4.852386173,-5.599396000,1
7278,1789654171.804175615,0.000000000,1,1,0,4,1,4,-4.852386173,-5.599396000,1
7279,1789654171.814125538,0.000000000,1,1,0,4,1,4,-4.852386173,-5.599396000,1
7280,1789654171.824201822,0.000000000,1,1,0,4,1,4,-4.852386173,-5.599396000,1
7281,1789654171.834134102,0.000000000,1,1,0,4,1,4,-4.852386173,-5.599396000,1
7282,1789654171.844125986,0.000000000,1,1,0,4,1,4,-4.852386173,-5.599396000,1
7283,1789654171.854121685,0.000000000,1,1,0,4,1,4,-4.852386173,-5.599396000,1
7284,1789654171.864140987,0.000000000,1,1,0,4,1,4,-4.852386173,-5.599396000,1
7285,1789654171.874111414,0.000000000,1,1,0,4,1,4,-4.822870442,-5.617949333,1
7286,1789654171.884110928,0.000000000,1,1,0,4,1,4,-4.822870442,-5.617949333,1
7287,1789654171.894119740,0.000000000,1,1,0,4,1,4,-4.822870442,-5.617949333,1
7288,1789654171.904142380,0.000000000,1,1,0,4,1,4,-4.822870442,-5.617949333,1
7289,1789654171.914120913,0.000000000,1,1,0,4,1,4,-4.822870442,-5.617949333,1
7290,1789654171.924176931,0.000000000,1,1,0,4,1,4,-4.822870442,-5.617949333,1
7291,1789654171.934175014,0.000000000,1,1,0,4,1,4,-4.822870442,-5.617949333,1
7292,1789654171.944176912,0.000000000,1,1,0,4,1,4,-4.822870442,-5.617949333,1
7293,1789654171.954118729,0.000000000,1,1,0,4,1,4,-4.822870442,-5.617949333,1
7294,1789654171.964130878,0.000000000,1,1,0,4,1,4,-4.822870442,-5.617949333,1
7295,1789654171.974109650,0.000000000,1,1,0,4,1,4,-4.822870442,-5.617949333,1
7296,1789654171.984162807,0.000000000,1,1,0,4,1,4,-4.822870442,-5.617949333,1
7297,1789654171.994132042,0.000000000,1,1,0,4,1,4,-4.822870442,-5.617949333,1
7298,1789654172.004156590,0.000000000,1,1,0,4,1,4,-4.822870442,-5.617949333,1
7299,1789654172.014161587,0.000000000,1,1,0,4,1,4,-4.822870442,-5.617949333,1
7300,1789654172.024116039,0.000000000,1,1,0,4,1,4,-4.822870442,-5.617949333,1
7301,1789654172.034138441,0.000000000,1,1,0,4,1,4,-4.822870442,-5.617949333,1
7302,1789654172.044203997,0.000000000,1,1,0,4,1,4,-4.822870442,-5.617949333,1
7303,1789654172.054136276,0.000000000,1,1,0,4,1,4,-4.822870442,-5.617949333,1
7304,1789654172.064142227,0.000000000,1,1,0,4,1,4,-4.822870442,-5.617949333,1
7305,1789654172.074107885,0.000000000,1,1,0,4,1,4,-4.793354711,-5.617949333,1
7306,1789654172.084160089,0.000000000,1,1,0,4,1,4,-4.793354711,-5.617949333,1
7307,1789654172.094141245,0.000000000,1,1,0,4,1,4,-4.793354711,-5.617949333,1
7308,1789654172.104120970,0.000000000,1,1,0,4,1,4,-4.793354711,-5.617949333,1
7309,1789654172.114111423,0.000000000,1,1,0,4,1,4,-4.793354711,-5.617949333,1
7310,1789654172.124201536,0.000000000,1,1,0,4,1,4,-4.793354711,-5.617949333,1
7311,1789654172.134194613,0.000000000,1,1,0,4,1,4,-4.793354711,-5.617949333,1
7312,1789654172.144148588,0.000000000,1,1,0,4,1,4,-4.793354711,-5.617949333,1
7313,1789654172.154207468,0.000000000,1,1,0,4,1,4,-4.793354711,-5.617949333,1
7314,1789654172.164131165,0.000000000,1,1,0,4,1,4,-4.793354711,-5.617949333,1
7315,1789654172.174126148,0.000000000,1,1,0,4,1,4,-4.763838980,-5.617949333,1
7316,1789654172.184114456,0.000000000,1,1,0,4,1,4,-4.763838980,-5.617949333,1
7317,1789654172.194157600,0.000000000,1,1,0,4,1,4,-4.763838980,-5.617949333,1
7318,1789654172.204166174,0.000000000,1,1,0,4,1,4,-4.763838980,-5.617949333,1
7319,1789654172.214138985,0.000000000,1,1,0,4,1,4,-4.763838980,-5.617949333,1
7320,1789654172.224157095,0.000000000,1,1,0,4,1,4,-4.763838980,-5.617949333,1
7321,1789654172.234178543,0.000000000,1,1,0,4,1,4,-4.763838980,-5.617949333,1
7322,1789654172.244199991,0.000000000,1,1,0,4,1,4,-4.763838980,-5.617949333,1
7323,1789654172.254126549,0.000000000,1,1,0,4,1,4,-4.763838980,-5.617949333,1
7324,1789654172.264113188,0.000000000,1,1,0,4,1,4,-4.763838980,-5.617949333,1
7325,1789654172.274118662,0.000000000,1,1,0,4,1,4,-4.734323249,-5.636502666,1
7326,1789654172.284157038,0.000000000,1,1,0,4,1,4,-4.734323249,-5.636502666,1
7327,1789654172.294107676,0.000000000,1,1,0,4,1,4,-4.734323249,-5.636502666,1
7328,1789654172.304102182,0.000000000,1,1,0,4,1,4,-4.734323249,-5.636502666,1
7329,1789654172.314105034,0.000000000,1,1,0,4,1,4,-4.734323249,-5.636502666,1
7330,1789654172.324188471,0.000000000,1,1,0,4,1,4,-4.734323249,-5.636502666,1
7331,1789654172.334167719,0.000000000,1,1,0,4,1,4,-4.734323249,-5.636502666,1
7332,1789654172.344134331,0.000000000,1,1,0,4,1,4,-4.734323249,-5.636502666,1
7333,1789654172.354191065,0.000000000,1,1,0,4,1,4,-4.734323249,-5.636502666,1
7334,1789654172.364139557,0.000000000,1,1,0,4,1,4,-4.734323249,-5.636502666,1
7335,1789654172.374116182,0.000000000,1,1,0,4,1,4,-4.734323249,-5.636502666,1
7336,1789654172.384107590,0.000000000,1,1,0,4,1,4,-4.734323249,-5.636502666,1
7337,1789654172.394114971,0.000000000,1,1,0,4,1,4,-4.734323249,-5.636502666,1
7338,1789654172.404113054,0.000000000,1,1,0,4,1,4,-4.734323249,-5.636502666,1
7339,1789654172.414125204,0.000000000,1,1,0,4,1,4,-4.734323249,-5.636502666,1
7340,1789654172.424114704,0.000000000,1,1,0,4,1,4,-4.734323249,-5.636502666,1
7341,1789654172.434113264,0.000000000,1,1,0,4,1,4,-4.734323249,-5.636502666,1
7342,1789654172.444126129,0.000000000,1,1,0,4,1,4,-4.734323249,-5.636502666,1
7343,1789654172.454111338,0.000000000,1,1,0,4,1,4,-4.734323249,-5.636502666,1
7344,1789654172.464174986,0.000000000,1,1,0,4,1,4,-4.734323249,-5.636502666,1
7345,1789654172.474109650,0.000000000,1,1,0,4,1,4,-4.704807518,-5.636502666,1
7346,1789654172.484156370,0.000000000,1,1,0,4,1,4,-4.704807518,-5.636502666,1
7347,1789654172.494119167,0.000000000,1,1,0,4,1,4,-4.704807518,-5.636502666,1
7348,1789654172.504123688,0.000000000,1,1,0,4,1,4,-4.704807518,-5.636502666,1
7349,1789654172.514110804,0.000000000,1,1,0,4,1,4,-4.704807518,-5.636502666,1
7350,1789654172.524164677,0.000000000,1,1,0,4,1,4,-4.704807518,-5.636502666,1
7351,1789654172.534117222,0.000000000,1,1,0,4,1,4,-4.704807518,-5.636502666,1
7352,1789654172.544171095,0.000000000,1,1,0,4,1,4,-4.704807518,-5.636502666,1
7353,1789654172.554183245,0.000000000,1,1,0,4,1,4,-4.704807518,-5.636502666,1
7354,1789654172.564134836,0.000000000,1,1,0,4,1,4,-4.704807518,-5.636502666,1
7355,1789654172.574121475,0.000000000,1,1,0,4,1,4,-4.690049653,-5.636502666,1
7356,1789654172.584125757,0.000000000,1,1,0,4,1,4,-4.690049653,-5.636502666,1
7357,1789654172.594133615,0.000000000,1,1,0,4,1,4,-4.690049653,-5.636502666,1
7358,1789654172.604183197,0.000000000,1,1,0,4,1,4,-4.690049653,-5.636502666,1
7359,1789654172.614154577,0.000000000,1,1,0,4,1,4,-4.690049653,-5.636502666,1
7360,1789654172.624178171,0.000000000,1,1,0,4,1,4,-4.690049653,-5.636502666,1
7361,1789654172.634157419,0.000000000,1,1,0,4,1,4,-4.690049653,-5.636502666,1
7362,1789654172.644181490,0.000000000,1,1,0,4,1,4,-4.690049653,-5.636502666,1
7363,1789654172.654131889,0.000000000,1,1,0,4,1,4,-4.690049653,-5.636502666,1
7364,1789654172.664130449,0.000000000,1,1,0,4,1,4,-4.690049653,-5.636502666,1
7365,1789654172.674144745,0.000000000,1,1,0,4,1,4,-4.660533921,-5.655056000,1
7366,1789654172.684159994,0.000000000,1,1,0,4,1,4,-4.660533921,-5.655056000,1
7367,1789654172.694190025,0.000000000,1,1,0,4,1,4,-4.660533921,-5.655056000,1
7368,1789654172.704193354,0.000000000,1,1,0,4,1,4,-4.660533921,-5.655056000,1
7369,1789654172.714122534,0.000000000,1,1,0,4,1,4,-4.660533921,-5.655056000,1
7370,1789654172.724176645,0.000000000,1,1,0,4,1,4,-4.660533921,-5.655056000,1
7371,1789654172.734192610,0.000000000,1,1,0,4,1,4,-4.660533921,-5.655056000,1
7372,1789654172.744167089,0.000000000,1,1,0,4,1,4,-4.660533921,-5.655056000,1
7373,1789654172.754128933,0.000000000,1,1,0,4,1,4,-4.660533921,-5.655056000,1
7374,1789654172.764208555,0.000000000,1,1,0,4,1,4,-4.660533921,-5.655056000,1
7375,1789654172.774129391,0.000000000,1,1,0,4,1,4,-4.631018190,-5.655056000,1
7376,1789654172.784178734,0.000000000,1,1,0,4,1,4,-4.631018190,-5.655056000,1
7377,1789654172.794157267,0.000000000,1,1,0,4,1,4,-4.631018190,-5.655056000,1
7378,1789654172.804168940,0.000000000,1,1,0,4,1,4,-4.631018190,-5.655056000,1
7379,1789654172.814159393,0.000000000,1,1,0,4,1,4,-4.631018190,-5.655056000,1
7380,1789654172.824227810,0.000000000,1,1,0,4,1,4,-4.631018190,-5.655056000,1
7381,1789654172.834132671,0.000000000,1,1,0,4,1,4,-4.631018190,-5.655056000,1
7382,1789654172.844190121,0.000000000,1,1,0,4,1,4,-4.631018190,-5.655056000,1
7383,1789654172.854125738,0.000000000,1,1,0,4,1,4,-4.631018190,-5.655056000,1
7384,1789654172.864179850,0.000000000,1,1,0,4,1,4,-4.631018190,-5.655056000,1
7385,1789654172.874130964,0.000000000,1,1,0,4,1,4,-4.601502459,-5.655056000,1
7386,1789654172.884120226,0.000000000,1,1,0,4,1,4,-4.601502459,-5.655056000,1
7387,1789654172.894132376,0.000000000,1,1,0,4,1,4,-4.601502459,-5.655056000,1
7388,1789654172.904186010,0.000000000,1,1,0,4,1,4,-4.601502459,-5.655056000,1
7389,1789654172.914126873,0.000000000,1,1,0,4,1,4,-4.601502459,-5.655056000,1
7390,1789654172.924170732,0.000000000,1,1,0,4,1,4,-4.601502459,-5.655056000,1
7391,1789654172.934153318,0.000000000,1,1,0,4,1,4,-4.601502459,-5.655056000,1
7392,1789654172.944156170,0.000000000,1,1,0,4,1,4,-4.601502459,-5.655056000,1
7393,1789654172.954121828,0.000000000,1,1,0,4,1,4,-4.601502459,-5.655056000,1
7394,1789654172.964198351,0.000000000,1,1,0,4,1,4,-4.601502459,-5.655056000,1
7395,1789654172.974128485,0.000000000,1,1,0,4,1,4,-4.601502459,-5.655056000,1
7396,1789654172.984171629,0.000000000,1,1,0,4,1,4,-4.601502459,-5.655056000,1
7397,1789654172.994184256,0.000000000,1,1,0,4,1,4,-4.601502459,-5.655056000,1
7398,1789654173.004170179,0.000000000,1,1,0,4,1,4,-4.601502459,-5.655056000,1
7399,1789654173.014162064,0.000000000,1,1,0,4,1,4,-4.601502459,-5.655056000,1
7400,1789654173.024133921,0.000000000,1,1,0,4,1,4,-4.601502459,-5.655056000,1
7401,1789654173.034147501,0.000000000,1,1,0,4,1,4,-4.601502459,-5.655056000,1
7402,1789654173.044140100,0.000000000,1,1,0,4,1,4,-4.601502459,-5.655056000,1
7403,1789654173.054135799,0.000000000,1,1,0,4,1,4,-4.601502459,-5.655056000,1
7404,1789654173.064160585,0.000000000,1,1,0,4,1,4,-4.601502459,-5.655056000,1
7405,1789654173.074118614,0.000000000,1,1,0,4,1,4,-4.571986728,-5.655056000,1
7406,1789654173.084173679,0.000000000,1,1,0,4,1,4,-4.571986728,-5.655056000,1
7407,1789654173.094127178,0.000000000,1,1,0,4,1,4,-4.571986728,-5.655056000,1
7408,1789654173.104127645,0.000000000,1,1,0,4,1,4,-4.571986728,-5.655056000,1
7409,1789654173.114168406,0.000000000,1,1,0,4,1,4,-4.571986728,-5.655056000,1
7410,1789654173.124139071,0.000000000,1,1,0,4,1,4,-4.571986728,-5.655056000,1
7411,1789654173.134128094,0.000000000,1,1,0,4,1,4,-4.571986728,-5.655056000,1
7412,1789654173.144133329,0.000000000,1,1,0,4,1,4,-4.571986728,-5.655056000,1
7413,1789654173.154125452,0.000000000,1,1,0,4,1,4,-4.571986728,-5.655056000,1
7414,1789654173.164149046,0.000000000,1,1,0,4,1,4,-4.571986728,-5.655056000,1
7415,1789654173.174133301,0.000000000,1,1,0,4,1,4,-4.542470997,-5.655056000,1
7416,1789654173.184155703,0.000000000,1,1,0,4,1,4,-4.542470997,-5.655056000,1
7417,1789654173.194158316,0.000000000,1,1,0,4,1,4,-4.542470997,-5.655056000,1
7418,1789654173.204170227,0.000000000,1,1,0,4,1,4,-4.542470997,-5.655056000,1
7419,1789654173.214183331,0.000000000,1,1,0,4,1,4,-4.542470997,-5.655056000,1
7420,1789654173.224206448,0.000000000,1,1,0,4,1,4,-4.542470997,-5.655056000,1
7421,1789654173.234150887,0.000000000,1,1,0,4,1,4,-4.542470997,-5.655056000,1
7422,1789654173.244185925,0.000000000,1,1,0,4,1,4,-4.542470997,-5.655056000,1
7423,1789654173.254126310,0.000000000,1,1,0,4,1,4,-4.542470997,-5.655056000,1
7424,1789654173.264184475,0.000000000,1,1,0,4,1,4,-4.542470997,-5.655056000,1
7425,1789654173.274136543,0.000000000,1,1,0,4,1,4,-4.512955266,-5.655056000,1
7426,1789654173.284176350,0.000000000,1,1,0,4,1,4,-4.512955266,-5.655056000,1
7427,1789654173.294164181,0.000000000,1,1,0,4,1,4,-4.512955266,-5.655056000,1
7428,1789654173.304201126,0.000000000,1,1,0,4,1,4,-4.512955266,-5.655056000,1
7429,1789654173.314161777,0.000000000,1,1,0,4,1,4,-4.512955266,-5.655056000,1
7430,1789654173.324140310,0.000000000,1,1,0,4,1,4,-4.512955266,-5.655056000,1
7431,1789654173.334132195,0.000000000,1,1,0,4,1,4,-4.512955266,-5.655056000,1
7432,1789654173.344186068,0.000000000,1,1,0,4,1,4,-4.512955266,-5.655056000,1
7433,1789654173.354142427,0.000000000,1,1,0,4,1,4,-4.512955266,-5.655056000,1
7434,1789654173.364172220,0.000000000,1,1,0,4,1,4,-4.512955266,-5.655056000,1
7435,1789654173.374123335,0.000000000,1,1,0,4,1,4,-4.483439535,-5.655056000,1
7436,1789654173.384181023,0.000000000,1,1,0,4,1,4,-4.483439535,-5.655056000,1
7437,1789654173.394186497,0.000000000,1,1,0,4,1,4,-4.483439535,-5.655056000,1
7438,1789654173.404180288,0.000000000,1,1,0,4,1,4,-4.483439535,-5.655056000,1
7439,1789654173.414216280,0.000000000,1,1,0,4,1,4,-4.483439535,-5.655056000,1
7440,1789654173.424155235,0.000000000,1,1,0,4,1,4,-4.483439535,-5.655056000,1
7441,1789654173.434108496,0.000000000,1,1,0,4,1,4,-4.483439535,-5.655056000,1
7442,1789654173.444109917,0.000000000,1,1,0,4,1,4,-4.483439535,-5.655056000,1
7443,1789654173.454123497,0.000000000,1,1,0,4,1,4,-4.483439535,-5.655056000,1
7444,1789654173.464127064,0.000000000,1,1,0,4,1,4,-4.483439535,-5.655056000,1
7445,1789654173.474112749,0.000000000,1,1,0,4,1,4,-4.453923805,-5.655056000,1
7446,1789654173.484154940,0.000000000,1,1,0,4,1,4,-4.453923805,-5.655056000,1
7447,1789654173.494141340,0.000000000,1,1,0,4,1,4,-4.453923805,-5.655056000,1
7448,1789654173.504115820,0.000000000,1,1,0,4,1,4,-4.453923805,-5.655056000,1
7449,1789654173.514115095,0.000000000,1,1,0,4,1,4,-4.453923805,-5.655056000,1
7450,1789654173.524133682,0.000000000,1,1,0,4,1,4,-4.453923805,-5.655056000,1
7451,1789654173.534112215,0.000000000,1,1,0,4,1,4,-4.453923805,-5.655056000,1
7452,1789654173.544176340,0.000000000,1,1,0,4,1,4,-4.453923805,-5.655056000,1
7453,1789654173.554111004,0.000000000,1,1,0,4,1,4,-4.453923805,-5.655056000,1
7454,1789654173.564126968,0.000000000,1,1,0,4,1,4,-4.453923805,-5.655056000,1
7455,1789654173.574136019,0.000000000,1,1,0,4,1,4,-4.453923805,-5.655056000,1
7456,1789654173.584160328,0.000000000,1,1,0,4,1,4,-4.453923805,-5.655056000,1
7457,1789654173.594130516,0.000000000,1,1,0,4,1,4,-4.453923805,-5.655056000,1
7458,1789654173.604113579,0.000000000,1,1,0,4,1,4,-4.453923805,-5.655056000,1
7459,1789654173.614121675,0.000000000,1,1,0,4,1,4,-4.453923805,-5.655056000,1
7460,1789654173.624112844,0.000000000,1,1,0,4,1,4,-4.453923805,-5.655056000,1
7461,1789654173.634222507,0.000000000,1,1,0,4,1,4,-4.453923805,-5.655056000,1
7462,1789654173.644208193,0.000000000,1,1,0,4,1,4,-4.453923805,-5.655056000,1
7463,1789654173.654179096,0.000000000,1,1,0,4,1,4,-4.453923805,-5.655056000,1
7464,1789654173.664138556,0.000000000,1,1,0,4,1,4,-4.453923805,-5.655056000,1
7465,1789654173.674119949,0.000000000,1,1,0,4,1,4,-4.424408074,-5.655056000,1
7466,1789654173.684159994,0.000000000,1,1,0,4,1,4,-4.424408074,-5.655056000,1
7467,1789654173.694138288,0.000000000,1,1,0,4,1,4,-4.424408074,-5.655056000,1
7468,1789654173.704122782,0.000000000,1,1,0,4,1,4,-4.424408074,-5.655056000,1
7469,1789654173.714133024,0.000000000,1,1,0,4,1,4,-4.424408074,-5.655056000,1
7470,1789654173.724144459,0.000000000,1,1,0,4,1,4,-4.424408074,-5.655056000,1
7471,1789654173.734073400,0.000000000,1,1,0,4,1,4,-4.424408074,-5.655056000,1
7472,1789654173.744129896,0.000000000,1,1,0,4,1,4,-4.424408074,-5.655056000,1
7473,1789654173.754199982,0.000000000,1,1,0,4,1,4,-4.424408074,-5.655056000,1
7474,1789654173.764170647,0.000000000,1,1,0,4,1,4,-4.424408074,-5.655056000,1
7475,1789654173.774120092,0.000000000,1,1,0,4,1,4,-4.409650208,-5.655056000,1
7476,1789654173.784113884,0.000000000,1,1,0,4,1,4,-4.409650208,-5.655056000,1
7477,1789654173.794116497,0.000000000,1,1,0,4,1,4,-4.409650208,-5.655056000,1
7478,1789654173.804116011,0.000000000,1,1,0,4,1,4,-4.409650208,-5.655056000,1
7479,1789654173.814122915,0.000000000,1,1,0,4,1,4,-4.409650208,-5.655056000,1
7480,1789654173.824189901,0.000000000,1,1,0,4,1,4,-4.409650208,-5.655056000,1
7481,1789654173.834154129,0.000000000,1,1,0,4,1,4,-4.409650208,-5.655056000,1
7482,1789654173.844121933,0.000000000,1,1,0,4,1,4,-4.409650208,-5.655056000,1
7483,1789654173.854181290,0.000000000,1,1,0,4,1,4,-4.409650208,-5.655056000,1
7484,1789654173.864265919,0.000000000,1,1,0,4,1,4,-4.409650208,-5.655056000,1
7485,1789654173.874090910,0.000000000,1,1,0,4,1,4,-4.409650208,-5.655056000,1
7486,1789654173.884136438,0.000000000,1,1,0,4,1,4,-4.409650208,-5.655056000,1
7487,1789654173.894132137,0.000000000,1,1,0,4,1,4,-4.409650208,-5.655056000,1
7488,1789654173.904140234,0.000000000,1,1,0,4,1,4,-4.409650208,-5.655056000,1
7489,1789654173.914107084,0.000000000,1,1,0,4,1,4,-4.409650208,-5.655056000,1
7490,1789654173.924132586,0.000000000,1,1,0,4,1,4,-4.409650208,-5.655056000,1
7491,1789654173.934175253,0.000000000,1,1,0,4,1,4,-4.409650208,-5.655056000,1
7492,1789654173.944177151,0.000000000,1,1,0,4,1,4,-4.409650208,-5.655056000,1
7493,1789654173.954110384,0.000000000,1,1,0,4,1,4,-4.409650208,-5.655056000,1
7494,1789654173.964128971,0.000000000,1,1,0,4,1,4,-4.409650208,-5.655056000,1
7495,1789654173.974111319,0.000000000,1,1,0,4,1,4,-4.409650208,-5.655056000,1
7496,1789654173.984134197,0.000000000,1,1,0,4,1,4,-4.409650208,-5.655056000,1
7497,1789654173.994175434,0.000000000,1,1,0,4,1,4,-4.409650208,-5.655056000,1
7498,1789654174.004106522,0.000000000,1,1,0,4,1,4,-4.409650208,-5.655056000,1
7499,1789654174.014135361,0.000000000,1,1,0,4,1,4,-4.409650208,-5.655056000,1
7500,1789654174.024206638,0.000000000,1,1,0,4,1,4,-4.409650208,-5.655056000,1
7501,1789654174.034132957,0.000000000,1,1,0,4,1,4,-4.409650208,-5.655056000,1
7502,1789654174.044148922,0.000000000,1,1,0,4,1,4,-4.409650208,-5.655056000,1
7503,1789654174.054185152,0.000000000,1,1,0,4,1,4,-4.409650208,-5.655056000,1
7504,1789654174.064146996,0.000000000,1,1,0,4,1,4,-4.409650208,-5.655056000,1
7505,1789654174.074122667,0.000000000,1,1,0,4,1,4,-4.439165939,-5.673609333,1
7506,1789654174.084131241,0.000000000,1,1,0,4,1,4,-4.439165939,-5.673609333,1
7507,1789654174.094133139,0.000000000,1,1,0,4,1,4,-4.439165939,-5.673609333,1
7508,1789654174.104125738,0.000000000,1,1,0,4,1,4,-4.439165939,-5.673609333,1
7509,1789654174.114194632,0.000000000,1,1,0,4,1,4,-4.439165939,-5.673609333,1
7510,1789654174.124149561,0.000000000,1,1,0,4,1,4,-4.439165939,-5.673609333,1
7511,1789654174.134144545,0.000000000,1,1,0,4,1,4,-4.439165939,-5.673609333,1
7512,1789654174.144132853,0.000000000,1,1,0,4,1,4,-4.439165939,-5.673609333,1
7513,1789654174.154125452,0.000000000,1,1,0,4,1,4,-4.439165939,-5.673609333,1
7514,1789654174.164183855,0.000000000,1,1,0,4,1,4,-4.439165939,-5.673609333,1
7515,1789654174.174248457,0.000000000,1,1,0,4,1,4,-4.439165939,-5.673609333,1
7516,1789654174.184194803,0.000000000,1,1,0,4,1,4,-4.439165939,-5.673609333,1
7517,1789654174.194214344,0.000000000,1,1,0,4,1,4,-4.439165939,-5.673609333,1
7518,1789654174.204120159,0.000000000,1,1,0,4,1,4,-4.439165939,-5.673609333,1
7519,1789654174.214157343,0.000000000,1,1,0,4,1,4,-4.439165939,-5.673609333,1
7520,1789654174.224205732,0.000000000,1,1,0,4,1,4,-4.439165939,-5.673609333,1
7521,1789654174.234136343,0.000000000,1,1,0,4,1,4,-4.439165939,-5.673609333,1
7522,1789654174.244190931,0.000000000,1,1,0,4,1,4,-4.439165939,-5.673609333,1
7523,1789654174.254130125,0.000000000,1,1,0,4,1,4,-4.439165939,-5.673609333,1
7524,1789654174.264204264,0.000000000,1,1,0,4,1,4,-4.439165939,-5.673609333,1
7525,1789654174.274118662,0.000000000,1,1,0,4,1,4,-4.424408074,-5.655056000,1
7526,1789654174.284183979,0.000000000,1,1,0,4,1,4,-4.424408074,-5.655056000,1
7527,1789654174.294216871,0.000000000,1,1,0,4,1,4,-4.424408074,-5.655056000,1
7528,1789654174.304174900,0.000000000,1,1,0,4,1,4,-4.424408074,-5.655056000,1
7529,1789654174.314141989,0.000000000,1,1,0,4,1,4,-4.424408074,-5.655056000,1
7530,1789654174.324135542,0.000000000,1,1,0,4,1,4,-4.424408074,-5.655056000,1
7531,1789654174.334196568,0.000000000,1,1,0,4,1,4,-4.424408074,-5.655056000,1
7532,1789654174.344211102,0.000000000,1,1,0,4,1,4,-4.424408074,-5.655056000,1
7533,1789654174.354122162,0.000000000,1,1,0,4,1,4,-4.424408074,-5.655056000,1
7534,1789654174.364191055,0.000000000,1,1,0,4,1,4,-4.424408074,-5.655056000,1
7535,1789654174.374136209,0.000000000,1,1,0,4,1,4,-4.424408074,-5.655056000,1
7536,1789654174.384184837,0.000000000,1,1,0,4,1,4,-4.424408074,-5.655056000,1
7537,1789654174.394193888,0.000000000,1,1,0,4,1,4,-4.424408074,-5.655056000,1
7538,1789654174.404196024,0.000000000,1,1,0,4,1,4,-4.424408074,-5.655056000,1
7539,1789654174.414170742,0.000000000,1,1,0,4,1,4,-4.424408074,-5.655056000,1
7540,1789654174.424180031,0.000000000,1,1,0,4,1,4,-4.424408074,-5.655056000,1
7541,1789654174.434129477,0.000000000,1,1,0,4,1,4,-4.424408074,-5.655056000,1
7542,1789654174.444120407,0.000000000,1,1,0,4,1,4,-4.424408074,-5.655056000,1
7543,1789654174.454125643,0.000000000,1,1,0,4,1,4,-4.424408074,-5.655056000,1
7544,1789654174.464177370,0.000000000,1,1,0,4,1,4,-4.424408074,-5.655056000,1
7545,1789654174.474137783,0.000000000,1,1,0,4,1,4,-4.424408074,-5.655056000,1
7546,1789654174.484180450,0.000000000,1,1,0,4,1,4,-4.424408074,-5.655056000,1
7547,1789654174.494190693,0.000000000,1,1,0,4,1,4,-4.424408074,-5.655056000,1
7548,1789654174.504115105,0.000000000,1,1,0,4,1,4,-4.424408074,-5.655056000,1
7549,1789654174.514143944,0.000000000,1,1,0,4,1,4,-4.424408074,-5.655056000,1
7550,1789654174.524130344,0.000000000,1,1,0,4,1,4,-4.424408074,-5.655056000,1
7551,1789654174.534128666,0.000000000,1,1,0,4,1,4,-4.424408074,-5.655056000,1
7552,1789654174.544154644,0.000000000,1,1,0,4,1,4,-4.424408074,-5.655056000,1
7553,1789654174.554161072,0.000000000,1,1,0,4,1,4,-4.424408074,-5.655056000,1
7554,1789654174.564198732,0.000000000,1,1,0,4,1,4,-4.424408074,-5.655056000,1
7555,1789654174.574131250,0.000000000,1,1,0,4,1,4,-4.424408074,-5.655056000,1
7556,1789654174.584163189,0.000000000,1,1,0,4,1,4,-4.424408074,-5.655056000,1
7557,1789654174.594182968,0.000000000,1,1,0,4,1,4,-4.424408074,-5.655056000,1
7558,1789654174.604160070,0.000000000,1,1,0,4,1,4,-4.424408074,-5.655056000,1
7559,1789654174.614165545,0.000000000,1,1,0,4,1,4,-4.424408074,-5.655056000,1
7560,1789654174.624145269,0.000000000,1,1,0,4,1,4,-4.424408074,-5.655056000,1
7561,1789654174.634153128,0.000000000,1,1,0,4,1,4,-4.424408074,-5.655056000,1
7562,1789654174.644141912,0.000000000,1,1,0,4,1,4,-4.424408074,-5.655056000,1
7563,1789654174.654197454,0.000000000,1,1,0,4,1,4,-4.424408074,-5.655056000,1
7564,1789654174.664177656,0.000000000,1,1,0,4,1,4,-4.424408074,-5.655056000,1
7565,1789654174.674130917,0.000000000,1,1,0,4,1,4,-4.424408074,-5.655056000,1
7566,1789654174.684134960,0.000000000,1,1,0,4,1,4,-4.424408074,-5.655056000,1
7567,1789654174.694147110,0.000000000,1,1,0,4,1,4,-4.424408074,-5.655056000,1
7568,1789654174.704155922,0.000000000,1,1,0,4,1,4,-4.424408074,-5.655056000,1
7569,1789654174.714155674,0.000000000,1,1,0,4,1,4,-4.424408074,-5.655056000,1
7570,1789654174.724179506,0.000000000,1,1,0,4,1,4,-4.424408074,-5.655056000,1
7571,1789654174.734104395,0.000000000,1,1,0,4,1,4,-4.424408074,-5.655056000,1
7572,1789654174.744120836,0.000000000,1,1,0,4,1,4,-4.424408074,-5.655056000,1
7573,1789654174.754178286,0.000000000,1,1,0,4,1,4,-4.424408074,-5.655056000,1
7574,1789654174.764173031,0.000000000,1,1,0,4,1,4,-4.424408074,-5.655056000,1
7575,1789654174.774136066,0.000000000,1,1,0,4,1,4,-4.424408074,-5.655056000,1
7576,1789654174.784183741,0.000000000,1,1,0,4,1,4,-4.424408074,-5.655056000,1
7577,1789654174.794131517,0.000000000,1,1,0,4,1,4,-4.424408074,-5.655056000,1
7578,1789654174.804157972,0.000000000,1,1,0,4,1,4,-4.424408074,-5.655056000,1
7579,1789654174.814139605,0.000000000,1,1,0,4,1,4,-4.424408074,-5.655056000,1
7580,1789654174.824168444,0.000000000,1,1,0,4,1,4,-4.424408074,-5.655056000,1
7581,1789654174.834158421,0.000000000,1,1,0,4,1,4,-4.424408074,-5.655056000,1
7582,1789654174.844201326,0.000000000,1,1,0,4,1,4,-4.424408074,-5.655056000,1
7583,1789654174.854130983,0.000000000,1,1,0,4,1,4,-4.424408074,-5.655056000,1
7584,1789654174.864171743,0.000000000,1,1,0,4,1,4,-4.424408074,-5.655056000,1
7585,1789654174.874127865,0.000000000,1,1,0,4,1,4,-4.424408074,-5.673609333,1
7586,1789654174.884173632,0.000000000,1,1,0,4,1,4,-4.424408074,-5.673609333,1
7587,1789654174.894130945,0.000000000,1,1,0,4,1,4,-4.424408074,-5.673609333,1
7588,1789654174.904148817,0.000000000,1,1,0,4,1,4,-4.424408074,-5.673609333,1
7589,1789654174.914174557,0.000000000,1,1,0,4,1,4,-4.424408074,-5.673609333,1
7590,1789654174.924207926,0.000000000,1,1,0,4,1,4,-4.424408074,-5.673609333,1
7591,1789654174.934121370,0.000000000,1,1,0,4,1,4,-4.424408074,-5.673609333,1
7592,1789654174.944170475,0.000000000,1,1,0,4,1,4,-4.424408074,-5.673609333,1
7593,1789654174.954121828,0.000000000,1,1,0,4,1,4,-4.424408074,-5.673609333,1
7594,1789654174.964124441,0.000000000,1,1,0,4,1,4,-4.424408074,-5.673609333,1
7595,1789654174.974129677,0.000000000,1,1,0,4,1,4,-4.424408074,-5.673609333,1
7596,1789654174.984153032,0.000000000,1,1,0,4,1,4,-4.424408074,-5.673609333,1
7597,1789654174.994188309,0.000000000,1,1,0,4,1,4,-4.424408074,-5.673609333,1
7598,1789654175.004126549,0.000000000,1,1,0,4,1,4,-4.424408074,-5.673609333,1
7599,1789654175.014170647,0.000000000,1,1,0,4,1,4,-4.424408074,-5.673609333,1
7600,1789654175.024173737,0.000000000,1,1,0,4,1,4,-4.424408074,-5.673609333,1
7601,1789654175.034144402,0.000000000,1,1,0,4,1,4,-4.424408074,-5.673609333,1
7602,1789654175.044196129,0.000000000,1,1,0,4,1,4,-4.424408074,-5.673609333,1
7603,1789654175.054132462,0.000000000,1,1,0,4,1,4,-4.424408074,-5.673609333,1
7604,1789654175.064199924,0.000000000,1,1,0,4,1,4,-4.424408074,-5.673609333,1
7605,1789654175.074128151,0.000000000,1,1,0,4,1,4,-4.424408074,-5.673609333,1
7606,1789654175.084147215,0.000000000,1,1,0,4,1,4,-4.424408074,-5.673609333,1
7607,1789654175.094205141,0.000000000,1,1,0,4,1,4,-4.424408074,-5.673609333,1
7608,1789654175.104160547,0.000000000,1,1,0,4,1,4,-4.424408074,-5.673609333,1
7609,1789654175.114191294,0.000000000,1,1,0,4,1,4,-4.424408074,-5.673609333,1
7610,1789654175.124137878,0.000000000,1,1,0,4,1,4,-4.424408074,-5.673609333,1
7611,1789654175.134131670,0.000000000,1,1,0,4,1,4,-4.424408074,-5.673609333,1
7612,1789654175.144141674,0.000000000,1,1,0,4,1,4,-4.424408074,-5.673609333,1
7613,1789654175.154197931,0.000000000,1,1,0,4,1,4,-4.424408074,-5.673609333,1
7614,1789654175.164178371,0.000000000,1,1,0,4,1,4,-4.424408074,-5.673609333,1
7615,1789654175.174134016,0.000000000,1,1,0,4,1,4,-4.424408074,-5.673609333,1
7616,1789654175.184210062,0.000000000,1,1,0,4,1,4,-4.424408074,-5.673609333,1
7617,1789654175.194211245,0.000000000,1,1,0,4,1,4,-4.424408074,-5.673609333,1
7618,1789654175.204170227,0.000000000,1,1,0,4,1,4,-4.424408074,-5.673609333,1
7619,1789654175.214198589,0.000000000,1,1,0,4,1,4,-4.424408074,-5.673609333,1
7620,1789654175.224180698,0.000000000,1,1,0,4,1,4,-4.424408074,-5.673609333,1
7621,1789654175.234176874,0.000000000,1,1,0,4,1,4,-4.424408074,-5.673609333,1
7622,1789654175.244118929,0.000000000,1,1,0,4,1,4,-4.424408074,-5.673609333,1
7623,1789654175.254126549,0.000000000,1,1,0,4,1,4,-4.424408074,-5.673609333,1
7624,1789654175.264133215,0.000000000,1,1,0,4,1,4,-4.424408074,-5.673609333,1
7625,1789654175.274122000,0.000000000,1,1,0,4,1,4,-4.424408074,-5.673609333,1
7626,1789654175.284172535,0.000000000,1,1,0,4,1,4,-4.424408074,-5.673609333,1
7627,1789654175.294180632,0.000000000,1,1,0,4,1,4,-4.424408074,-5.673609333,1
7628,1789654175.304116488,0.000000000,1,1,0,4,1,4,-4.424408074,-5.673609333,1
7629,1789654175.314198732,0.000000000,1,1,0,4,1,4,-4.424408074,-5.673609333,1
7630,1789654175.324205875,0.000000000,1,1,0,4,1,4,-4.424408074,-5.673609333,1
7631,1789654175.334174395,0.000000000,1,1,0,4,1,4,-4.424408074,-5.673609333,1
7632,1789654175.344146252,0.000000000,1,1,0,4,1,4,-4.424408074,-5.673609333,1
7633,1789654175.354130507,0.000000000,1,1,0,4,1,4,-4.424408074,-5.673609333,1
7634,1789654175.364136457,0.000000000,1,1,0,4,1,4,-4.424408074,-5.673609333,1
7635,1789654175.374110937,0.000000000,1,1,0,4,1,4,-4.424408074,-5.673609333,1
7636,1789654175.384108782,0.000000000,1,1,0,4,1,4,-4.424408074,-5.673609333,1
7637,1789654175.394140244,0.000000000,1,1,0,4,1,4,-4.424408074,-5.673609333,1
7638,1789654175.404189110,0.000000000,1,1,0,4,1,4,-4.424408074,-5.673609333,1
7639,1789654175.414167881,0.000000000,1,1,0,4,1,4,-4.424408074,-5.673609333,1
7640,1789654175.424242258,0.000000000,1,1,0,4,1,4,-4.424408074,-5.673609333,1
7641,1789654175.434105396,0.000000000,1,1,0,4,1,4,-4.424408074,-5.673609333,1
7642,1789654175.444133520,0.000000000,1,1,0,4,1,4,-4.424408074,-5.673609333,1
7643,1789654175.454179287,0.000000000,1,1,0,4,1,4,-4.424408074,-5.673609333,1
7644,1789654175.464113235,0.000000000,1,1,0,4,1,4,-4.424408074,-5.673609333,1
7645,1789654175.474107981,0.000000000,1,1,0,4,1,4,-4.424408074,-5.673609333,1
7646,1789654175.484142065,0.000000000,1,1,0,4,1,4,-4.424408074,-5.673609333,1
7647,1789654175.494147062,0.000000000,1,1,0,4,1,4,-4.424408074,-5.673609333,1
7648,1789654175.504106760,0.000000000,1,1,0,4,1,4,-4.424408074,-5.673609333,1
7649,1789654175.514156103,0.000000000,1,1,0,4,1,4,-4.424408074,-5.673609333,1
7650,1789654175.524148941,0.000000000,1,1,0,4,1,4,-4.424408074,-5.673609333,1
7651,1789654175.534120083,0.000000000,1,1,0,4,1,4,-4.424408074,-5.673609333,1
7652,1789654175.544171572,0.000000000,1,1,0,4,1,4,-4.424408074,-5.673609333,1
7653,1789654175.554164648,0.000000000,1,1,0,4,1,4,-4.424408074,-5.673609333,1
7654,1789654175.564119816,0.000000000,1,1,0,4,1,4,-4.424408074,-5.673609333,1
7655,1789654175.574112177,0.000000000,1,1,0,4,1,4,-4.424408074,-5.673609333,1
7656,1789654175.584110737,0.000000000,1,1,0,4,1,4,-4.424408074,-5.673609333,1
7657,1789654175.594120502,0.000000000,1,1,0,4,1,4,-4.424408074,-5.673609333,1
7658,1789654175.604118347,0.000000000,1,1,0,4,1,4,-4.424408074,-5.673609333,1
7659,1789654175.614159107,0.000000000,1,1,0,4,1,4,-4.424408074,-5.673609333,1
7660,1789654175.624136686,0.000000000,1,1,0,4,1,4,-4.424408074,-5.673609333,1
7661,1789654175.634109020,0.000000000,1,1,0,4,1,4,-4.424408074,-5.673609333,1
7662,1789654175.644170046,0.000000000,1,1,0,4,1,4,-4.424408074,-5.673609333,1
7663,1789654175.654178858,0.000000000,1,1,0,4,1,4,-4.424408074,-5.673609333,1
7664,1789654175.664133787,0.000000000,1,1,0,4,1,4,-4.424408074,-5.673609333,1
7665,1789654175.674145937,0.000000000,1,1,0,4,1,4,-4.424408074,-5.673609333,1
7666,1789654175.684185743,0.000000000,1,1,0,4,1,4,-4.424408074,-5.673609333,1
7667,1789654175.694185734,0.000000000,1,1,0,4,1,4,-4.424408074,-5.673609333,1
7668,1789654175.704179764,0.000000000,1,1,0,4,1,4,-4.424408074,-5.673609333,1
7669,1789654175.714181423,0.000000000,1,1,0,4,1,4,-4.424408074,-5.673609333,1
7670,1789654175.724131107,0.000000000,1,1,0,4,1,4,-4.424408074,-5.673609333,1
7671,1789654175.734211683,0.000000000,1,1,0,4,1,4,-4.424408074,-5.673609333,1
7672,1789654175.744196653,0.000000000,1,1,0,4,1,4,-4.424408074,-5.673609333,1
7673,1789654175.754127264,0.000000000,1,1,0,4,1,4,-4.424408074,-5.673609333,1
7674,1789654175.764169931,0.000000000,1,1,0,4,1,4,-4.424408074,-5.673609333,1
7675,1789654175.774129629,0.000000000,1,1,0,4,1,4,-4.424408074,-5.673609333,1
7676,1789654175.784158707,0.000000000,1,1,0,4,1,4,-4.424408074,-5.673609333,1
7677,1789654175.794181108,0.000000000,1,1,0,4,1,4,-4.424408074,-5.673609333,1
7678,1789654175.804157734,0.000000000,1,1,0,4,1,4,-4.424408074,-5.673609333,1
7679,1789654175.814149141,0.000000000,1,1,0,4,1,4,-4.424408074,-5.673609333,1
7680,1789654175.824220419,0.000000000,1,1,0,4,1,4,-4.424408074,-5.673609333,1
7681,1789654175.834204197,0.000000000,1,1,0,4,1,4,-4.424408074,-5.673609333,1
7682,1789654175.844150543,0.000000000,1,1,0,4,1,4,-4.424408074,-5.673609333,1
7683,1789654175.854158878,0.000000000,1,1,0,4,1,4,-4.424408074,-5.673609333,1
7684,1789654175.864261627,0.000000000,1,1,0,4,1,4,-4.424408074,-5.673609333,1
7685,1789654175.874148607,0.000000000,1,1,0,4,1,4,-4.424408074,-5.673609333,1
7686,1789654175.884127855,0.000000000,1,1,0,4,1,4,-4.424408074,-5.673609333,1
7687,1789654175.894183159,0.000000000,1,1,0,4,1,4,-4.424408074,-5.673609333,1
7688,1789654175.904190302,0.000000000,1,1,0,4,1,4,-4.424408074,-5.673609333,1
7689,1789654175.914171457,0.000000000,1,1,0,4,1,4,-4.424408074,-5.673609333,1
7690,1789654175.924177885,0.000000000,1,1,0,4,1,4,-4.424408074,-5.673609333,1
7691,1789654175.934133053,0.000000000,1,1,0,4,1,4,-4.424408074,-5.673609333,1
7692,1789654175.944204092,0.000000000,1,1,0,4,1,4,-4.424408074,-5.673609333,1
7693,1789654175.954216957,0.000000000,1,1,0,4,1,4,-4.424408074,-5.673609333,1
7694,1789654175.964194775,0.000000000,1,1,0,4,1,4,-4.424408074,-5.673609333,1
7695,1789654175.974119663,0.000000000,1,1,0,4,1,4,-4.424408074,-5.673609333,1
7696,1789654175.984173298,0.000000000,1,1,0,4,1,4,-4.424408074,-5.673609333,1
7697,1789654175.994190931,0.000000000,1,1,0,4,1,4,-4.424408074,-5.673609333,1
7698,1789654176.004143715,0.000000000,1,1,0,4,1,4,-4.424408074,-5.673609333,1
7699,1789654176.014178038,0.000000000,1,1,0,4,1,4,-4.424408074,-5.673609333,1
7700,1789654176.024180174,0.000000000,1,1,0,4,1,4,-4.424408074,-5.673609333,1
7701,1789654176.034150362,0.000000000,1,1,0,4,1,4,-4.424408074,-5.673609333,1
7702,1789654176.044133186,0.000000000,1,1,0,4,1,4,-4.424408074,-5.673609333,1
7703,1789654176.054160118,0.000000000,1,1,0,4,1,4,-4.424408074,-5.673609333,1
7704,1789654176.064174414,0.000000000,1,1,0,4,1,4,-4.424408074,-5.673609333,1
7705,1789654176.074167967,0.000000000,1,1,0,4,1,4,-4.424408074,-5.673609333,1
7706,1789654176.084164143,0.000000000,1,1,0,4,1,4,-4.424408074,-5.673609333,1
7707,1789654176.094154358,0.000000000,1,1,0,4,1,4,-4.424408074,-5.673609333,1
7708,1789654176.104177952,0.000000000,1,1,0,4,1,4,-4.424408074,-5.673609333,1
7709,1789654176.114128590,0.000000000,1,1,0,4,1,4,-4.424408074,-5.673609333,1
7710,1789654176.124128580,0.000000000,1,1,0,4,1,4,-4.424408074,-5.673609333,1
7711,1789654176.134170294,0.000000000,1,1,0,4,1,4,-4.424408074,-5.673609333,1
7712,1789654176.144160748,0.000000000,1,1,0,4,1,4,-4.424408074,-5.673609333,1
7713,1789654176.154180765,0.000000000,1,1,0,4,1,4,-4.424408074,-5.673609333,1
7714,1789654176.164162636,0.000000000,1,1,0,4,1,4,-4.424408074,-5.673609333,1
7715,1789654176.174137115,0.000000000,1,1,0,4,1,4,-4.439165939,-5.673609333,1
7716,1789654176.184143305,0.000000000,1,1,0,4,1,4,-4.439165939,-5.673609333,1
7717,1789654176.194166422,0.000000000,1,1,0,4,1,4,-4.439165939,-5.673609333,1
7718,1789654176.204154015,0.000000000,1,1,0,4,1,4,-4.439165939,-5.673609333,1
7719,1789654176.214102745,0.000000000,1,1,0,4,1,4,-4.439165939,-5.673609333,1
7720,1789654176.224132776,0.000000000,1,1,0,4,1,4,-4.439165939,-5.673609333,1
7721,1789654176.234180927,0.000000000,1,1,0,4,1,4,-4.439165939,-5.673609333,1
7722,1789654176.244204760,0.000000000,1,1,0,4,1,4,-4.439165939,-5.673609333,1
7723,1789654176.254173994,0.000000000,1,1,0,4,1,4,-4.439165939,-5.673609333,1
7724,1789654176.264130592,0.000000000,1,1,0,4,1,4,-4.439165939,-5.673609333,1
7725,1789654176.274137259,0.000000000,1,1,0,4,1,4,-4.453923805,-5.692162667,1
7726,1789654176.284148455,0.000000000,1,1,0,4,1,4,-4.453923805,-5.692162667,1
7727,1789654176.294156790,0.000000000,1,1,0,4,1,4,-4.453923805,-5.692162667,1
7728,1789654176.304156065,0.000000000,1,1,0,4,1,4,-4.453923805,-5.692162667,1
7729,1789654176.314162493,0.000000000,1,1,0,4,1,4,-4.453923805,-5.692162667,1
7730,1789654176.324179411,0.000000000,1,1,0,4,1,4,-4.453923805,-5.692162667,1
7731,1789654176.334113836,0.000000000,1,1,0,4,1,4,-4.453923805,-5.692162667,1
7732,1789654176.344153881,0.000000000,1,1,0,4,1,4,-4.453923805,-5.692162667,1
7733,1789654176.354120731,0.000000000,1,1,0,4,1,4,-4.453923805,-5.692162667,1
7734,1789654176.364114761,0.000000000,1,1,0,4,1,4,-4.453923805,-5.692162667,1
7735,1789654176.374117374,0.000000000,1,1,0,4,1,4,-4.483439535,-5.729269334,1
7736,1789654176.384159327,0.000000000,1,1,0,4,1,4,-4.483439535,-5.729269334,1
7737,1789654176.394145727,0.000000000,1,1,0,4,1,4,-4.483439535,-5.729269334,1
7738,1789654176.404157877,0.000000000,1,1,0,4,1,4,-4.483439535,-5.729269334,1
7739,1789654176.414164305,0.000000000,1,1,0,4,1,4,-4.483439535,-5.729269334,1
7740,1789654176.424178600,0.000000000,1,1,0,4,1,4,-4.483439535,-5.729269334,1
7741,1789654176.434136391,0.000000000,1,1,0,4,1,4,-4.483439535,-5.729269334,1
7742,1789654176.444171667,0.000000000,1,1,0,4,1,4,-4.483439535,-5.729269334,1
7743,1789654176.454129934,0.000000000,1,1,0,4,1,4,-4.483439535,-5.729269334,1
7744,1789654176.464133739,0.000000000,1,1,0,4,1,4,-4.483439535,-5.729269334,1
7745,1789654176.474150181,0.000000000,1,1,0,4,1,4,-4.527713132,-5.766376000,1
7746,1789654176.484164715,0.000000000,1,1,0,4,1,4,-4.527713132,-5.766376000,1
7747,1789654176.494122267,0.000000000,1,1,0,4,1,4,-4.527713132,-5.766376000,1
7748,1789654176.504155874,0.000000000,1,1,0,4,1,4,-4.527713132,-5.766376000,1
7749,1789654176.514175892,0.000000000,1,1,0,4,1,4,-4.527713132,-5.766376000,1
7750,1789654176.524201870,0.000000000,1,1,0,4,1,4,-4.527713132,-5.766376000,1
7751,1789654176.534135342,0.000000000,1,1,0,4,1,4,-4.527713132,-5.766376000,1
7752,1789654176.544214725,0.000000000,1,1,0,4,1,4,-4.527713132,-5.766376000,1
7753,1789654176.554137707,0.000000000,1,1,0,4,1,4,-4.527713132,-5.766376000,1
7754,1789654176.564149857,0.000000000,1,1,0,4,1,4,-4.527713132,-5.766376000,1
7755,1789654176.574171066,0.000000000,1,1,0,4,1,4,-4.527713132,-5.766376000,1
7756,1789654176.584178209,0.000000000,1,1,0,4,1,4,-4.527713132,-5.766376000,1
7757,1789654176.594156981,0.000000000,1,1,0,4,1,4,-4.527713132,-5.766376000,1
7758,1789654176.604154110,0.000000000,1,1,0,4,1,4,-4.527713132,-5.766376000,1
7759,1789654176.614186287,0.000000000,1,1,0,4,1,4,-4.527713132,-5.766376000,1
7760,1789654176.624141455,0.000000000,1,1,0,4,1,4,-4.527713132,-5.766376000,1
7761,1789654176.634174347,0.000000000,1,1,0,4,1,4,-4.527713132,-5.766376000,1
7762,1789654176.644219160,0.000000000,1,1,0,4,1,4,-4.527713132,-5.766376000,1
7763,1789654176.654154062,0.000000000,1,1,0,4,1,4,-4.527713132,-5.766376000,1
7764,1789654176.664134502,0.000000000,1,1,0,4,1,4,-4.527713132,-5.766376000,1
7765,1789654176.674125671,0.000000000,1,1,0,4,1,4,-4.571986728,-5.803482667,1
7766,1789654176.684196711,0.000000000,1,1,0,4,1,4,-4.571986728,-5.803482667,1
7767,1789654176.694108009,0.000000000,1,1,0,4,1,4,-4.571986728,-5.803482667,1
7768,1789654176.704165220,0.000000000,1,1,0,4,1,4,-4.571986728,-5.803482667,1
7769,1789654176.714151382,0.000000000,1,1,0,4,1,4,-4.571986728,-5.803482667,1
7770,1789654176.724117041,0.000000000,1,1,0,4,1,4,-4.571986728,-5.803482667,1
7771,1789654176.734109402,0.000000000,1,1,0,4,1,4,-4.571986728,-5.803482667,1
7772,1789654176.744169474,0.000000000,1,1,0,4,1,4,-4.571986728,-5.803482667,1
7773,1789654176.754137516,0.000000000,1,1,0,4,1,4,-4.571986728,-5.803482667,1
7774,1789654176.764132977,0.000000000,1,1,0,4,1,4,-4.571986728,-5.803482667,1
7775,1789654176.774129152,0.000000000,1,1,0,4,1,4,-4.601502459,-5.840589333,1
7776,1789654176.784129620,0.000000000,1,1,0,4,1,4,-4.601502459,-5.840589333,1
7777,1789654176.794142723,0.000000000,1,1,0,4,1,4,-4.601502459,-5.840589333,1
7778,1789654176.804130077,0.000000000,1,1,0,4,1,4,-4.601502459,-5.840589333,1
7779,1789654176.814148188,0.000000000,1,1,0,4,1,4,-4.601502459,-5.840589333,1
7780,1789654176.824134111,0.000000000,1,1,0,4,1,4,-4.601502459,-5.840589333,1
7781,1789654176.834136248,0.000000000,1,1,0,4,1,4,-4.601502459,-5.840589333,1
7782,1789654176.844174147,0.000000000,1,1,0,4,1,4,-4.601502459,-5.840589333,1
7783,1789654176.854171038,0.000000000,1,1,0,4,1,4,-4.601502459,-5.840589333,1
7784,1789654176.864130020,0.000000000,1,1,0,4,1,4,-4.601502459,-5.840589333,1
7785,1789654176.874209881,0.000000000,1,1,0,4,1,4,-4.645776055,-5.877696000,1
7786,1789654176.884151697,0.000000000,1,1,0,4,1,4,-4.645776055,-5.877696000,1
7787,1789654176.894103289,0.000000000,1,1,0,4,1,4,-4.645776055,-5.877696000,1
7788,1789654176.904143572,0.000000000,1,1,0,4,1,4,-4.645776055,-5.877696000,1
7789,1789654176.914145947,0.000000000,1,1,0,4,1,4,-4.645776055,-5.877696000,1
7790,1789654176.924142599,0.000000000,1,1,0,4,1,4,-4.645776055,-5.877696000,1
7791,1789654176.934162140,0.000000000,1,1,0,4,1,4,-4.645776055,-5.877696000,1
7792,1789654176.944137812,0.000000000,1,1,0,4,1,4,-4.645776055,-5.877696000,1
7793,1789654176.954135895,0.000000000,1,1,0,4,1,4,-4.645776055,-5.877696000,1
7794,1789654176.964126825,0.000000000,1,1,0,4,1,4,-4.645776055,-5.877696000,1
7795,1789654176.974134922,0.000000000,1,1,0,4,1,4,-4.645776055,-5.877696000,1
7796,1789654176.984133959,0.000000000,1,1,0,4,1,4,-4.645776055,-5.877696000,1
7797,1789654176.994127035,0.000000000,1,1,0,4,1,4,-4.645776055,-5.877696000,1
7798,1789654177.004109621,0.000000000,1,1,0,4,1,4,-4.645776055,-5.877696000,1
7799,1789654177.014108896,0.000000000,1,1,0,4,1,4,-4.645776055,-5.877696000,1
7800,1789654177.024139404,0.000000000,1,1,0,4,1,4,-4.645776055,-5.877696000,1
7801,1789654177.034119606,0.000000000,1,1,0,4,1,4,-4.645776055,-5.877696000,1
7802,1789654177.044114590,0.000000000,1,1,0,4,1,4,-4.645776055,-5.877696000,1
7803,1789654177.054162025,0.000000000,1,1,0,4,1,4,-4.645776055,-5.877696000,1
7804,1789654177.064203501,0.000000000,1,1,0,4,1,4,-4.645776055,-5.877696000,1
7805,1789654177.074120045,0.000000000,1,1,0,4,1,4,-4.675291786,-5.914802666,1
7806,1789654177.084165812,0.000000000,1,1,0,4,1,4,-4.675291786,-5.914802666,1
7807,1789654177.094135046,0.000000000,1,1,0,4,1,4,-4.675291786,-5.914802666,1
7808,1789654177.104122400,0.000000000,1,1,0,4,1,4,-4.675291786,-5.914802666,1
7809,1789654177.114192009,0.000000000,1,1,0,4,1,4,-4.675291786,-5.914802666,1
7810,1789654177.124159813,0.000000000,1,1,0,4,1,4,-4.675291786,-5.914802666,1
7811,1789654177.134170294,0.000000000,1,1,0,4,1,4,-4.675291786,-5.914802666,1
7812,1789654177.144171476,0.000000000,1,1,0,4,1,4,-4.675291786,-5.914802666,1
7813,1789654177.154111147,0.000000000,1,1,0,4,1,4,-4.675291786,-5.914802666,1
7814,1789654177.164135218,0.000000000,1,1,0,4,1,4,-4.675291786,-5.914802666,1
7815,1789654177.174156904,0.000000000,1,1,0,4,1,4,-4.690049653,-5.933356000,1
7816,1789654177.184133530,0.000000000,1,1,0,4,1,4,-4.690049653,-5.933356000,1
7817,1789654177.194117546,0.000000000,1,1,0,4,1,4,-4.690049653,-5.933356000,1
7818,1789654177.204168797,0.000000000,1,1,0,4,1,4,-4.690049653,-5.933356000,1
7819,1789654177.214159727,0.000000000,1,1,0,4,1,4,-4.690049653,-5.933356000,1
7820,1789654177.224122047,0.000000000,1,1,0,4,1,4,-4.690049653,-5.933356000,1
7821,1789654177.234124899,0.000000000,1,1,0,4,1,4,-4.690049653,-5.933356000,1
7822,1789654177.244150877,0.000000000,1,1,0,4,1,4,-4.690049653,-5.933356000,1
7823,1789654177.254119635,0.000000000,1,1,0,4,1,4,-4.690049653,-5.933356000,1
7824,1789654177.264130116,0.000000000,1,1,0,4,1,4,-4.690049653,-5.933356000,1
7825,1789654177.274127722,0.000000000,1,1,0,4,1,4,-4.719565384,-5.970462666,1
7826,1789654177.284177065,0.000000000,1,1,0,4,1,4,-4.719565384,-5.970462666,1
7827,1789654177.294131279,0.000000000,1,1,0,4,1,4,-4.719565384,-5.970462666,1
7828,1789654177.304161310,0.000000000,1,1,0,4,1,4,-4.719565384,-5.970462666,1
7829,1789654177.314174414,0.000000000,1,1,0,4,1,4,-4.719565384,-5.970462666,1
7830,1789654177.324120760,0.000000000,1,1,0,4,1,4,-4.719565384,-5.970462666,1
7831,1789654177.334151745,0.000000000,1,1,0,4,1,4,-4.719565384,-5.970462666,1
7832,1789654177.344184875,0.000000000,1,1,0,4,1,4,-4.719565384,-5.970462666,1
7833,1789654177.354210138,0.000000000,1,1,0,4,1,4,-4.719565384,-5.970462666,1
7834,1789654177.364168882,0.000000000,1,1,0,4,1,4,-4.719565384,-5.970462666,1
7835,1789654177.374146461,0.000000000,1,1,0,4,1,4,-4.734323249,-5.989016000,1
7836,1789654177.384111404,0.000000000,1,1,0,4,1,4,-4.734323249,-5.989016000,1
7837,1789654177.394134521,0.000000000,1,1,0,4,1,4,-4.734323249,-5.989016000,1
7838,1789654177.404139996,0.000000000,1,1,0,4,1,4,-4.734323249,-5.989016000,1
7839,1789654177.414152622,0.000000000,1,1,0,4,1,4,-4.734323249,-5.989016000,1
7840,1789654177.424183130,0.000000000,1,1,0,4,1,4,-4.734323249,-5.989016000,1
7841,1789654177.434119463,0.000000000,1,1,0,4,1,4,-4.734323249,-5.989016000,1
7842,1789654177.444145203,0.000000000,1,1,0,4,1,4,-4.734323249,-5.989016000,1
7843,1789654177.454154968,0.000000000,1,1,0,4,1,4,-4.734323249,-5.989016000,1
7844,1789654177.464115858,0.000000000,1,1,0,4,1,4,-4.734323249,-5.989016000,1
7845,1789654177.474151134,0.000000000,1,1,0,4,1,4,-4.734323249,-5.989016000,1
7846,1789654177.484127045,0.000000000,1,1,0,4,1,4,-4.734323249,-5.989016000,1
7847,1789654177.494148254,0.000000000,1,1,0,4,1,4,-4.734323249,-5.989016000,1
7848,1789654177.504135847,0.000000000,1,1,0,4,1,4,-4.734323249,-5.989016000,1
7849,1789654177.514220715,0.000000000,1,1,0,4,1,4,-4.734323249,-5.989016000,1
7850,1789654177.524127722,0.000000000,1,1,0,4,1,4,-4.734323249,-5.989016000,1
7851,1789654177.534187555,0.000000000,1,1,0,4,1,4,-4.734323249,-5.989016000,1
7852,1789654177.544182301,0.000000000,1,1,0,4,1,4,-4.734323249,-5.989016000,1
7853,1789654177.554168940,0.000000000,1,1,0,4,1,4,-4.734323249,-5.989016000,1
7854,1789654177.564130068,0.000000000,1,1,0,4,1,4,-4.734323249,-5.989016000,1
7855,1789654177.574114799,0.000000000,1,1,0,4,1,4,-4.734323249,-6.007569334,1
7856,1789654177.584169626,0.000000000,1,1,0,4,1,4,-4.734323249,-6.007569334,1
7857,1789654177.594155312,0.000000000,1,1,0,4,1,4,-4.734323249,-6.007569334,1
7858,1789654177.604113340,0.000000000,1,1,0,4,1,4,-4.734323249,-6.007569334,1
7859,1789654177.614162445,0.000000000,1,1,0,4,1,4,-4.734323249,-6.007569334,1
7860,1789654177.624114037,0.000000000,1,1,0,4,1,4,-4.734323249,-6.007569334,1
7861,1789654177.634112835,0.000000000,1,1,0,4,1,4,-4.734323249,-6.007569334,1
7862,1789654177.644181490,0.000000000,1,1,0,4,1,4,-4.734323249,-6.007569334,1
7863,1789654177.654133081,0.000000000,1,1,0,4,1,4,-4.734323249,-6.007569334,1
7864,1789654177.664170027,0.000000000,1,1,0,4,1,4,-4.734323249,-6.007569334,1
7865,1789654177.674121618,0.000000000,1,1,0,4,1,4,-4.749081115,-6.026122667,1
7866,1789654177.684155464,0.000000000,1,1,0,4,1,4,-4.749081115,-6.026122667,1
7867,1789654177.694131374,0.000000000,1,1,0,4,1,4,-4.749081115,-6.026122667,1
7868,1789654177.704139948,0.000000000,1,1,0,4,1,4,-4.749081115,-6.026122667,1
7869,1789654177.714157820,0.000000000,1,1,0,4,1,4,-4.749081115,-6.026122667,1
7870,1789654177.724128962,0.000000000,1,1,0,4,1,4,-4.749081115,-6.026122667,1
7871,1789654177.734165192,0.000000000,1,1,0,4,1,4,-4.749081115,-6.026122667,1
7872,1789654177.744183540,0.000000000,1,1,0,4,1,4,-4.749081115,-6.026122667,1
7873,1789654177.754155159,0.000000000,1,1,0,4,1,4,-4.749081115,-6.026122667,1
7874,1789654177.764139175,0.000000000,1,1,0,4,1,4,-4.749081115,-6.026122667,1
7875,1789654177.774122000,0.000000000,1,1,0,4,1,4,-4.749081115,-6.026122667,1
7876,1789654177.784123659,0.000000000,1,1,0,4,1,4,-4.749081115,-6.026122667,1
7877,1789654177.794174910,0.000000000,1,1,0,4,1,4,-4.749081115,-6.026122667,1
7878,1789654177.804178715,0.000000000,1,1,0,4,1,4,-4.749081115,-6.026122667,1
7879,1789654177.814207077,0.000000000,1,1,0,4,1,4,-4.749081115,-6.026122667,1
7880,1789654177.824133158,0.000000000,1,1,0,4,1,4,-4.749081115,-6.026122667,1
7881,1789654177.834147692,0.000000000,1,1,0,4,1,4,-4.749081115,-6.026122667,1
7882,1789654177.844132662,0.000000000,1,1,0,4,1,4,-4.749081115,-6.026122667,1
7883,1789654177.854128599,0.000000000,1,1,0,4,1,4,-4.749081115,-6.026122667,1
7884,1789654177.864154339,0.000000000,1,1,0,4,1,4,-4.749081115,-6.026122667,1
7885,1789654177.874180317,0.000000000,1,1,0,4,1,4,-4.734323249,-6.007569334,1
7886,1789654177.900655270,0.000000000,1,1,0,4,1,4,-4.734323249,-6.007569334,1
7887,1789654177.900941849,0.000000000,1,1,0,4,1,4,-4.734323249,-6.007569334,1
7888,1789654177.904323578,0.000000000,1,1,0,4,1,4,-4.734323249,-6.007569334,1
7889,1789654177.914162397,0.000000000,1,1,0,4,1,4,-4.734323249,-6.007569334,1
7890,1789654177.924136877,0.000000000,1,1,0,4,1,4,-4.734323249,-6.007569334,1
7891,1789654177.934108734,0.000000000,1,1,0,4,1,4,-4.734323249,-6.007569334,1
7892,1789654177.944149256,0.000000000,1,1,0,4,1,4,-4.734323249,-6.007569334,1
7893,1789654177.954170704,0.000000000,1,1,0,4,1,4,-4.734323249,-6.007569334,1
7894,1789654177.964134455,0.000000000,1,1,0,4,1,4,-4.734323249,-6.007569334,1
7895,1789654177.974120140,0.000000000,1,1,0,4,1,4,-4.734323249,-6.007569334,1
7896,1789654177.984149933,0.000000000,1,1,0,4,1,4,-4.734323249,-6.007569334,1
7897,1789654177.994126081,0.000000000,1,1,0,4,1,4,-4.734323249,-6.007569334,1
7898,1789654178.004132271,0.000000000,1,1,0,4,1,4,-4.734323249,-6.007569334,1
7899,1789654178.014158010,0.000000000,1,1,0,4,1,4,-4.734323249,-6.007569334,1
7900,1789654178.024139166,0.000000000,1,1,0,4,1,4,-4.734323249,-6.007569334,1
7901,1789654178.034155846,0.000000000,1,1,0,4,1,4,-4.734323249,-6.007569334,1
7902,1789654178.044173241,0.000000000,1,1,0,4,1,4,-4.734323249,-6.007569334,1
7903,1789654178.054112673,0.000000000,1,1,0,4,1,4,-4.734323249,-6.007569334,1
7904,1789654178.064150333,0.000000000,1,1,0,4,1,4,-4.734323249,-6.007569334,1
7905,1789654178.074102879,0.000000000,1,1,0,4,1,4,-4.734323249,-6.007569334,1
7906,1789654178.084144115,0.000000000,1,1,0,4,1,4,-4.734323249,-6.007569334,1
7907,1789654178.094110489,0.000000000,1,1,0,4,1,4,-4.734323249,-6.007569334,1
7908,1789654178.104112864,0.000000000,1,1,0,4,1,4,-4.734323249,-6.007569334,1
7909,1789654178.114104748,0.000000000,1,1,0,4,1,4,-4.734323249,-6.007569334,1
7910,1789654178.124202251,0.000000000,1,1,0,4,1,4,-4.734323249,-6.007569334,1
7911,1789654178.134119272,0.000000000,1,1,0,4,1,4,-4.734323249,-6.007569334,1
7912,1789654178.144131660,0.000000000,1,1,0,4,1,4,-4.734323249,-6.007569334,1
7913,1789654178.154116631,0.000000000,1,1,0,4,1,4,-4.734323249,-6.007569334,1
7914,1789654178.164119244,0.000000000,1,1,0,4,1,4,-4.734323249,-6.007569334,1
7915,1789654178.174147367,0.000000000,1,1,0,4,1,4,-4.719565384,-5.989016000,1
7916,1789654178.184118986,0.000000000,1,1,0,4,1,4,-4.719565384,-5.989016000,1
7917,1789654178.194143772,0.000000000,1,1,0,4,1,4,-4.719565384,-5.989016000,1
7918,1789654178.204129219,0.000000000,1,1,0,4,1,4,-4.719565384,-5.989016000,1
7919,1789654178.214162350,0.000000000,1,1,0,4,1,4,-4.719565384,-5.989016000,1
7920,1789654178.224132299,0.000000000,1,1,0,4,1,4,-4.719565384,-5.989016000,1
7921,1789654178.234178066,0.000000000,1,1,0,4,1,4,-4.719565384,-5.989016000,1
7922,1789654178.244149446,0.000000000,1,1,0,4,1,4,-4.719565384,-5.989016000,1
7923,1789654178.254176140,0.000000000,1,1,0,4,1,4,-4.719565384,-5.989016000,1
7924,1789654178.264137506,0.000000000,1,1,0,4,1,4,-4.719565384,-5.989016000,1
7925,1789654178.274111986,0.000000000,1,1,0,4,1,4,-4.704807518,-5.970462666,1
7926,1789654178.284157515,0.000000000,1,1,0,4,1,4,-4.704807518,-5.970462666,1
7927,1789654178.294106960,0.000000000,1,1,0,4,1,4,-4.704807518,-5.970462666,1
7928,1789654178.304109335,0.000000000,1,1,0,4,1,4,-4.704807518,-5.970462666,1
7929,1789654178.314164639,0.000000000,1,1,0,4,1,4,-4.704807518,-5.970462666,1
7930,1789654178.324176311,0.000000000,1,1,0,4,1,4,-4.704807518,-5.970462666,1
7931,1789654178.334085464,0.000000000,1,1,0,4,1,4,-4.704807518,-5.970462666,1
7932,1789654178.344192266,0.000000000,1,1,0,4,1,4,-4.704807518,-5.970462666,1
7933,1789654178.354122639,0.000000000,1,1,0,4,1,4,-4.704807518,-5.970462666,1
7934,1789654178.364172697,0.000000000,1,1,0,4,1,4,-4.704807518,-5.970462666,1
7935,1789654178.374147654,0.000000000,1,1,0,4,1,4,-4.690049653,-5.970462666,1
7936,1789654178.384165525,0.000000000,1,1,0,4,1,4,-4.690049653,-5.970462666,1
7937,1789654178.394129515,0.000000000,1,1,0,4,1,4,-4.690049653,-5.970462666,1
7938,1789654178.404137135,0.000000000,1,1,0,4,1,4,-4.690049653,-5.970462666,1
7939,1789654178.414146900,0.000000000,1,1,0,4,1,4,-4.690049653,-5.970462666,1
7940,1789654178.424320459,0.000000000,1,1,0,4,1,4,-4.690049653,-5.970462666,1
7941,1789654178.434173584,0.000000000,1,1,0,4,1,4,-4.690049653,-5.970462666,1
7942,1789654178.444157600,0.000000000,1,1,0,4,1,4,-4.690049653,-5.970462666,1
7943,1789654178.454130888,0.000000000,1,1,0,4,1,4,-4.690049653,-5.970462666,1
7944,1789654178.464122772,0.000000000,1,1,0,4,1,4,-4.690049653,-5.970462666,1
7945,1789654178.474196434,0.000000000,1,1,0,4,1,4,-4.690049653,-5.970462666,1
7946,1789654178.484155655,0.000000000,1,1,0,4,1,4,-4.690049653,-5.970462666,1
7947,1789654178.494128466,0.000000000,1,1,0,4,1,4,-4.690049653,-5.970462666,1
7948,1789654178.504100800,0.000000000,1,1,0,4,1,4,-4.690049653,-5.970462666,1
7949,1789654178.514157534,0.000000000,1,1,0,4,1,4,-4.690049653,-5.970462666,1
7950,1789654178.524136305,0.000000000,1,1,0,4,1,4,-4.690049653,-5.970462666,1
7951,1789654178.534101725,0.000000000,1,1,0,4,1,4,-4.690049653,-5.970462666,1
7952,1789654178.544133902,0.000000000,1,1,0,4,1,4,-4.690049653,-5.970462666,1
7953,1789654178.554133177,0.000000000,1,1,0,4,1,4,-4.690049653,-5.970462666,1
7954,1789654178.564152241,0.000000000,1,1,0,4,1,4,-4.690049653,-5.970462666,1
7955,1789654178.574174643,0.000000000,1,1,0,4,1,4,-4.660533921,-5.951909333,1
7956,1789654178.584175587,0.000000000,1,1,0,4,1,4,-4.660533921,-5.951909333,1
7957,1789654178.594177246,0.000000000,1,1,0,4,1,4,-4.660533921,-5.951909333,1
7958,1789654178.604124308,0.000000000,1,1,0,4,1,4,-4.660533921,-5.951909333,1
7959,1789654178.614186287,0.000000000,1,1,0,4,1,4,-4.660533921,-5.951909333,1
7960,1789654178.624201536,0.000000000,1,1,0,4,1,4,-4.660533921,-5.951909333,1
7961,1789654178.634126902,0.000000000,1,1,0,4,1,4,-4.660533921,-5.951909333,1
7962,1789654178.644181967,0.000000000,1,1,0,4,1,4,-4.660533921,-5.951909333,1
7963,1789654178.654129505,0.000000000,1,1,0,4,1,4,-4.660533921,-5.951909333,1
7964,1789654178.664199829,0.000000000,1,1,0,4,1,4,-4.660533921,-5.951909333,1
7965,1789654178.674125195,0.000000000,1,1,0,4,1,4,-4.631018190,-5.933356000,1
7966,1789654178.684205532,0.000000000,1,1,0,4,1,4,-4.631018190,-5.933356000,1
7967,1789654178.694172621,0.000000000,1,1,0,4,1,4,-4.631018190,-5.933356000,1
7968,1789654178.704180479,0.000000000,1,1,0,4,1,4,-4.631018190,-5.933356000,1
7969,1789654178.714173555,0.000000000,1,1,0,4,1,4,-4.631018190,-5.933356000,1
7970,1789654178.724141121,0.000000000,1,1,0,4,1,4,-4.631018190,-5.933356000,1
7971,1789654178.734160185,0.000000000,1,1,0,4,1,4,-4.631018190,-5.933356000,1
7972,1789654178.744129896,0.000000000,1,1,0,4,1,4,-4.631018190,-5.933356000,1
7973,1789654178.754132986,0.000000000,1,1,0,4,1,4,-4.631018190,-5.933356000,1
7974,1789654178.764178276,0.000000000,1,1,0,4,1,4,-4.631018190,-5.933356000,1
7975,1789654178.774142027,0.000000000,1,1,0,4,1,4,-4.616260325,-5.933356000,1
7976,1789654178.784130335,0.000000000,1,1,0,4,1,4,-4.616260325,-5.933356000,1
7977,1789654178.794143915,0.000000000,1,1,0,4,1,4,-4.616260325,-5.933356000,1
7978,1789654178.804172993,0.000000000,1,1,0,4,1,4,-4.616260325,-5.933356000,1
7979,1789654178.814171076,0.000000000,1,1,0,4,1,4,-4.616260325,-5.933356000,1
7980,1789654178.824209690,0.000000000,1,1,0,4,1,4,-4.616260325,-5.933356000,1
7981,1789654178.834131956,0.000000000,1,1,0,4,1,4,-4.616260325,-5.933356000,1
7982,1789654178.844182968,0.000000000,1,1,0,4,1,4,-4.616260325,-5.933356000,1
7983,1789654178.854127884,0.000000000,1,1,0,4,1,4,-4.616260325,-5.933356000,1
7984,1789654178.864133835,0.000000000,1,1,0,4,1,4,-4.616260325,-5.933356000,1
7985,1789654178.874129295,0.000000000,1,1,0,4,1,4,-4.586744594,-5.914802666,1
7986,1789654178.884127378,0.000000000,1,1,0,4,1,4,-4.586744594,-5.914802666,1
7987,1789654178.894176960,0.000000000,1,1,0,4,1,4,-4.586744594,-5.914802666,1
7988,1789654178.904181004,0.000000000,1,1,0,4,1,4,-4.586744594,-5.914802666,1
7989,1789654178.914169788,0.000000000,1,1,0,4,1,4,-4.586744594,-5.914802666,1
7990,1789654178.924138546,0.000000000,1,1,0,4,1,4,-4.586744594,-5.914802666,1
7991,1789654178.934161425,0.000000000,1,1,0,4,1,4,-4.586744594,-5.914802666,1
7992,1789654178.944117546,0.000000000,1,1,0,4,1,4,-4.586744594,-5.914802666,1
7993,1789654178.954202414,0.000000000,1,1,0,4,1,4,-4.586744594,-5.914802666,1
7994,1789654178.964209557,0.000000000,1,1,0,4,1,4,-4.586744594,-5.914802666,1
7995,1789654178.974127054,0.000000000,1,1,0,4,1,4,-4.586744594,-5.914802666,1
7996,1789654178.984128952,0.000000000,1,1,0,4,1,4,-4.586744594,-5.914802666,1
7997,1789654178.994192600,0.000000000,1,1,0,4,1,4,-4.586744594,-5.914802666,1
7998,1789654179.004118681,0.000000000,1,1,0,4,1,4,-4.586744594,-5.914802666,1
7999,1789654179.014420033,0.000000000,1,1,0,4,1,4,-4.586744594,-5.914802666,1
8000,1789654179.024160147,0.000000000,1,1,0,4,1,4,-4.586744594,-5.914802666,1
8001,1789654179.034126282,0.000000000,1,1,0,4,1,4,-4.586744594,-5.914802666,1
8002,1789654179.044160604,0.000000000,1,1,0,4,1,4,-4.586744594,-5.914802666,1
8003,1789654179.054129362,0.000000000,1,1,0,4,1,4,-4.586744594,-5.914802666,1
8004,1789654179.064173222,0.000000000,1,1,0,4,1,4,-4.586744594,-5.914802666,1
8005,1789654179.074124098,0.000000000,1,1,0,4,1,4,-4.571986728,-5.896249333,1
8006,1789654179.084179401,0.000000000,1,1,0,4,1,4,-4.571986728,-5.896249333,1
8007,1789654179.094169855,0.000000000,1,1,0,4,1,4,-4.571986728,-5.896249333,1
8008,1789654179.104142189,0.000000000,1,1,0,4,1,4,-4.571986728,-5.896249333,1
8009,1789654179.114153624,0.000000000,1,1,0,4,1,4,-4.571986728,-5.896249333,1
8010,1789654179.124205828,0.000000000,1,1,0,4,1,4,-4.571986728,-5.896249333,1
8011,1789654179.134209871,0.000000000,1,1,0,4,1,4,-4.571986728,-5.896249333,1
8012,1789654179.144164801,0.000000000,1,1,0,4,1,4,-4.571986728,-5.896249333,1
8013,1789654179.154205322,0.000000000,1,1,0,4,1,4,-4.571986728,-5.896249333,1
8014,1789654179.164172649,0.000000000,1,1,0,4,1,4,-4.571986728,-5.896249333,1
8015,1789654179.174136162,0.000000000,1,1,0,4,1,4,-4.542470997,-5.877696000,1
8016,1789654179.184162140,0.000000000,1,1,0,4,1,4,-4.542470997,-5.877696000,1
8017,1789654179.194159508,0.000000000,1,1,0,4,1,4,-4.542470997,-5.877696000,1
8018,1789654179.204188108,0.000000000,1,1,0,4,1,4,-4.542470997,-5.877696000,1
8019,1789654179.214157581,0.000000000,1,1,0,4,1,4,-4.542470997,-5.877696000,1
8020,1789654179.224129677,0.000000000,1,1,0,4,1,4,-4.542470997,-5.877696000,1
8021,1789654179.234126806,0.000000000,1,1,0,4,1,4,-4.542470997,-5.877696000,1
8022,1789654179.244135141,0.000000000,1,1,0,4,1,4,-4.542470997,-5.877696000,1
8023,1789654179.254139423,0.000000000,1,1,0,4,1,4,-4.542470997,-5.877696000,1
8024,1789654179.264181614,0.000000000,1,1,0,4,1,4,-4.542470997,-5.877696000,1
8025,1789654179.274138212,0.000000000,1,1,0,4,1,4,-4.527713132,-5.859142667,1
8026,1789654179.284174681,0.000000000,1,1,0,4,1,4,-4.527713132,-5.859142667,1
8027,1789654179.294208288,0.000000000,1,1,0,4,1,4,-4.527713132,-5.859142667,1
8028,1789654179.304199457,0.000000000,1,1,0,4,1,4,-4.527713132,-5.859142667,1
8029,1789654179.314137459,0.000000000,1,1,0,4,1,4,-4.527713132,-5.859142667,1
8030,1789654179.324217319,0.000000000,1,1,0,4,1,4,-4.527713132,-5.859142667,1
8031,1789654179.334128857,0.000000000,1,1,0,4,1,4,-4.527713132,-5.859142667,1
8032,1789654179.344163179,0.000000000,1,1,0,4,1,4,-4.527713132,-5.859142667,1
8033,1789654179.354128361,0.000000000,1,1,0,4,1,4,-4.527713132,-5.859142667,1
8034,1789654179.364173174,0.000000000,1,1,0,4,1,4,-4.527713132,-5.859142667,1
8035,1789654179.374134541,0.000000000,1,1,0,4,1,4,-4.498197401,-5.840589333,1
8036,1789654179.384165287,0.000000000,1,1,0,4,1,4,-4.498197401,-5.840589333,1
8037,1789654179.394179344,0.000000000,1,1,0,4,1,4,-4.498197401,-5.840589333,1
8038,1789654179.404178619,0.000000000,1,1,0,4,1,4,-4.498197401,-5.840589333,1
8039,1789654179.414206743,0.000000000,1,1,0,4,1,4,-4.498197401,-5.840589333,1
8040,1789654179.424302340,0.000000000,1,1,0,4,1,4,-4.498197401,-5.840589333,1
8041,1789654179.434133768,0.000000000,1,1,0,4,1,4,-4.498197401,-5.840589333,1
8042,1789654179.444167852,0.000000000,1,1,0,4,1,4,-4.498197401,-5.840589333,1
8043,1789654179.454133749,0.000000000,1,1,0,4,1,4,-4.498197401,-5.840589333,1
8044,1789654179.464144468,0.000000000,1,1,0,4,1,4,-4.498197401,-5.840589333,1
8045,1789654179.474202394,0.000000000,1,1,0,4,1,4,-4.498197401,-5.840589333,1
8046,1789654179.484153748,0.000000000,1,1,0,4,1,4,-4.498197401,-5.840589333,1
8047,1789654179.494150877,0.000000000,1,1,0,4,1,4,-4.498197401,-5.840589333,1
8048,1789654179.504162073,0.000000000,1,1,0,4,1,4,-4.498197401,-5.840589333,1
8049,1789654179.514102459,0.000000000,1,1,0,4,1,4,-4.498197401,-5.840589333,1
8050,1789654179.524162292,0.000000000,1,1,0,4,1,4,-4.498197401,-5.840589333,1
8051,1789654179.534104824,0.000000000,1,1,0,4,1,4,-4.498197401,-5.840589333,1
8052,1789654179.544110060,0.000000000,1,1,0,4,1,4,-4.498197401,-5.840589333,1
8053,1789654179.554183960,0.000000000,1,1,0,4,1,4,-4.498197401,-5.840589333,1
8054,1789654179.564176321,0.000000000,1,1,0,4,1,4,-4.498197401,-5.840589333,1
8055,1789654179.574141026,0.000000000,1,1,0,4,1,4,-4.483439535,-5.822036000,1
8056,1789654179.584140062,0.000000000,1,1,0,4,1,4,-4.483439535,-5.822036000,1
8057,1789654179.594137430,0.000000000,1,1,0,4,1,4,-4.483439535,-5.822036000,1
8058,1789654179.604134083,0.000000000,1,1,0,4,1,4,-4.483439535,-5.822036000,1
8059,1789654179.614130020,0.000000000,1,1,0,4,1,4,-4.483439535,-5.822036000,1
8060,1789654179.624120951,0.000000000,1,1,0,4,1,4,-4.483439535,-5.822036000,1
8061,1789654179.634105921,0.000000000,1,1,0,4,1,4,-4.483439535,-5.822036000,1
8062,1789654179.644173861,0.000000000,1,1,0,4,1,4,-4.483439535,-5.822036000,1
8063,1789654179.654112339,0.000000000,1,1,0,4,1,4,-4.483439535,-5.822036000,1
8064,1789654179.664119482,0.000000000,1,1,0,4,1,4,-4.483439535,-5.822036000,1
8065,1789654179.674157381,0.000000000,1,1,0,4,1,4,-4.483439535,-5.803482667,1
8066,1789654179.684180737,0.000000000,1,1,0,4,1,4,-4.483439535,-5.803482667,1
8067,1789654179.694111347,0.000000000,1,1,0,4,1,4,-4.483439535,-5.803482667,1
8068,1789654179.704106092,0.000000000,1,1,0,4,1,4,-4.483439535,-5.803482667,1
8069,1789654179.714154482,0.000000000,1,1,0,4,1,4,-4.483439535,-5.803482667,1
8070,1789654179.724113226,0.000000000,1,1,0,4,1,4,-4.483439535,-5.803482667,1
8071,1789654179.734119892,0.000000000,1,1,0,4,1,4,-4.483439535,-5.803482667,1
8072,1789654179.744149685,0.000000000,1,1,0,4,1,4,-4.483439535,-5.803482667,1
8073,1789654179.754117966,0.000000000,1,1,0,4,1,4,-4.483439535,-5.803482667,1
8074,1789654179.764162779,0.000000000,1,1,0,4,1,4,-4.483439535,-5.803482667,1
8075,1789654179.774121046,0.000000000,1,1,0,4,1,4,-4.468681670,-5.784929333,1
8076,1789654179.784177303,0.000000000,1,1,0,4,1,4,-4.468681670,-5.784929333,1
8077,1789654179.794153214,0.000000000,1,1,0,4,1,4,-4.468681670,-5.784929333,1
8078,1789654179.804152727,0.000000000,1,1,0,4,1,4,-4.468681670,-5.784929333,1
8079,1789654179.814177752,0.000000000,1,1,0,4,1,4,-4.468681670,-5.784929333,1
8080,1789654179.824132681,0.000000000,1,1,0,4,1,4,-4.468681670,-5.784929333,1
8081,1789654179.834216118,0.000000000,1,1,0,4,1,4,-4.468681670,-5.784929333,1
8082,1789654179.844138145,0.000000000,1,1,0,4,1,4,-4.468681670,-5.784929333,1
8083,1789654179.854127645,0.000000000,1,1,0,4,1,4,-4.468681670,-5.784929333,1
8084,1789654179.864166260,0.000000000,1,1,0,4,1,4,-4.468681670,-5.784929333,1
8085,1789654179.874119997,0.000000000,1,1,0,4,1,4,-4.453923805,-5.766376000,1
8086,1789654179.884172916,0.000000000,1,1,0,4,1,4,-4.453923805,-5.766376000,1
8087,1789654179.894172192,0.000000000,1,1,0,4,1,4,-4.453923805,-5.766376000,1
8088,1789654179.904158831,0.000000000,1,1,0,4,1,4,-4.453923805,-5.766376000,1
8089,1789654179.914187670,0.000000000,1,1,0,4,1,4,-4.453923805,-5.766376000,1
8090,1789654179.924194574,0.000000000,1,1,0,4,1,4,-4.453923805,-5.766376000,1
8091,1789654179.934143066,0.000000000,1,1,0,4,1,4,-4.453923805,-5.766376000,1
8092,1789654179.944133520,0.000000000,1,1,0,4,1,4,-4.453923805,-5.766376000,1
8093,1789654179.954199314,0.000000000,1,1,0,4,1,4,-4.453923805,-5.766376000,1
8094,1789654179.964209080,0.000000000,1,1,0,4,1,4,-4.453923805,-5.766376000,1
8095,1789654179.974123955,0.000000000,1,1,0,4,1,4,-4.453923805,-5.766376000,1
8096,1789654179.984173536,0.000000000,1,1,0,4,1,4,-4.453923805,-5.766376000,1
8097,1789654179.994191647,0.000000000,1,1,0,4,1,4,-4.453923805,-5.766376000,1
8098,1789654180.004156828,0.000000000,1,1,0,4,1,4,-4.453923805,-5.766376000,1
8099,1789654180.014152050,0.000000000,1,1,0,4,1,4,-4.453923805,-5.766376000,1
8100,1789654180.024193048,0.000000000,1,1,0,4,1,4,-4.453923805,-5.766376000,1
8101,1789654180.034133911,0.000000000,1,1,0,4,1,4,-4.453923805,-5.766376000,1
8102,1789654180.044109821,0.000000000,1,1,0,4,1,4,-4.453923805,-5.766376000,1
8103,1789654180.054112673,0.000000000,1,1,0,4,1,4,-4.453923805,-5.766376000,1
8104,1789654180.064139366,0.000000000,1,1,0,4,1,4,-4.453923805,-5.766376000,1
8105,1789654180.074125051,0.000000000,1,1,0,4,1,4,-4.439165939,-5.747822667,1
8106,1789654180.084125042,0.000000000,1,1,0,4,1,4,-4.439165939,-5.747822667,1
8107,1789654180.094155073,0.000000000,1,1,0,4,1,4,-4.439165939,-5.747822667,1
8108,1789654180.104170084,0.000000000,1,1,0,4,1,4,-4.439165939,-5.747822667,1
8109,1789654180.114153624,0.000000000,1,1,0,4,1,4,-4.439165939,-5.747822667,1
8110,1789654180.124180794,0.000000000,1,1,0,4,1,4,-4.439165939,-5.747822667,1
8111,1789654180.134136438,0.000000000,1,1,0,4,1,4,-4.439165939,-5.747822667,1
8112,1789654180.144163370,0.000000000,1,1,0,4,1,4,-4.439165939,-5.747822667,1
8113,1789654180.154164314,0.000000000,1,1,0,4,1,4,-4.439165939,-5.747822667,1
8114,1789654180.164128780,0.000000000,1,1,0,4,1,4,-4.439165939,-5.747822667,1
8115,1789654180.174168348,0.000000000,1,1,0,4,1,4,-4.409650208,-5.729269334,1
8116,1789654180.184123039,0.000000000,1,1,0,4,1,4,-4.409650208,-5.729269334,1
8117,1789654180.194161415,0.000000000,1,1,0,4,1,4,-4.409650208,-5.729269334,1
8118,1789654180.204173803,0.000000000,1,1,0,4,1,4,-4.409650208,-5.729269334,1
8119,1789654180.214180946,0.000000000,1,1,0,4,1,4,-4.409650208,-5.729269334,1
8120,1789654180.224187613,0.000000000,1,1,0,4,1,4,-4.409650208,-5.729269334,1
8121,1789654180.234132528,0.000000000,1,1,0,4,1,4,-4.409650208,-5.729269334,1
8122,1789654180.244198084,0.000000000,1,1,0,4,1,4,-4.409650208,-5.729269334,1
8123,1789654180.254213810,0.000000000,1,1,0,4,1,4,-4.409650208,-5.729269334,1
8124,1789654180.264175177,0.000000000,1,1,0,4,1,4,-4.409650208,-5.729269334,1
8125,1789654180.274126291,0.000000000,1,1,0,4,1,4,-4.394892343,-5.710716000,1
8126,1789654180.284164667,0.000000000,1,1,0,4,1,4,-4.394892343,-5.710716000,1
8127,1789654180.294167280,0.000000000,1,1,0,4,1,4,-4.394892343,-5.710716000,1
8128,1789654180.304159641,0.000000000,1,1,0,4,1,4,-4.394892343,-5.710716000,1
8129,1789654180.314165592,0.000000000,1,1,0,4,1,4,-4.394892343,-5.710716000,1
8130,1789654180.324227571,0.000000000,1,1,0,4,1,4,-4.394892343,-5.710716000,1
8131,1789654180.334150553,0.000000000,1,1,0,4,1,4,-4.394892343,-5.710716000,1
8132,1789654180.344127417,0.000000000,1,1,0,4,1,4,-4.394892343,-5.710716000,1
8133,1789654180.354183435,0.000000000,1,1,0,4,1,4,-4.394892343,-5.710716000,1
8134,1789654180.364149570,0.000000000,1,1,0,4,1,4,-4.394892343,-5.710716000,1
8135,1789654180.374124765,0.000000000,1,1,0,4,1,4,-4.394892343,-5.710716000,1
8136,1789654180.384178162,0.000000000,1,1,0,4,1,4,-4.394892343,-5.710716000,1
8137,1789654180.394145489,0.000000000,1,1,0,4,1,4,-4.394892343,-5.710716000,1
8138,1789654180.404137373,0.000000000,1,1,0,4,1,4,-4.394892343,-5.710716000,1
8139,1789654180.414127827,0.000000000,1,1,0,4,1,4,-4.394892343,-5.710716000,1
8140,1789654180.424157858,0.000000000,1,1,0,4,1,4,-4.394892343,-5.710716000,1
8141,1789654180.434136152,0.000000000,1,1,0,4,1,4,-4.394892343,-5.710716000,1
8142,1789654180.444131374,0.000000000,1,1,0,4,1,4,-4.394892343,-5.710716000,1
8143,1789654180.454185247,0.000000000,1,1,0,4,1,4,-4.394892343,-5.710716000,1
8144,1789654180.464148521,0.000000000,1,1,0,4,1,4,-4.394892343,-5.710716000,1
8145,1789654180.474110365,0.000000000,1,1,0,4,1,4,-4.380134477,-5.673609333,1
8146,1789654180.484162807,0.000000000,1,1,0,4,1,4,-4.380134477,-5.673609333,1
8147,1789654180.494143009,0.000000000,1,1,0,4,1,4,-4.380134477,-5.673609333,1
8148,1789654180.504131079,0.000000000,1,1,0,4,1,4,-4.380134477,-5.673609333,1
8149,1789654180.514156580,0.000000000,1,1,0,4,1,4,-4.380134477,-5.673609333,1
8150,1789654180.524106979,0.000000000,1,1,0,4,1,4,-4.380134477,-5.673609333,1
8151,1789654180.534107685,0.000000000,1,1,0,4,1,4,-4.380134477,-5.673609333,1
8152,1789654180.544158697,0.000000000,1,1,0,4,1,4,-4.380134477,-5.673609333,1
8153,1789654180.554128647,0.000000000,1,1,0,4,1,4,-4.380134477,-5.673609333,1
8154,1789654180.564133167,0.000000000,1,1,0,4,1,4,-4.380134477,-5.673609333,1
8155,1789654180.574097872,0.000000000,1,1,0,4,1,4,-4.350618746,-5.617949333,1
8156,1789654180.584126234,0.000000000,1,1,0,4,1,4,-4.350618746,-5.617949333,1
8157,1789654180.594135046,0.000000000,1,1,0,4,1,4,-4.350618746,-5.617949333,1
8158,1789654180.604136229,0.000000000,1,1,0,4,1,4,-4.350618746,-5.617949333,1
8159,1789654180.614156723,0.000000000,1,1,0,4,1,4,-4.350618746,-5.617949333,1
8160,1789654180.624153614,0.000000000,1,1,0,4,1,4,-4.350618746,-5.617949333,1
8161,1789654180.634111643,0.000000000,1,1,0,4,1,4,-4.350618746,-5.617949333,1
8162,1789654180.644129515,0.000000000,1,1,0,4,1,4,-4.350618746,-5.617949333,1
8163,1789654180.654108524,0.000000000,1,1,0,4,1,4,-4.350618746,-5.617949333,1
8164,1789654180.664124012,0.000000000,1,1,0,4,1,4,-4.350618746,-5.617949333,1
8165,1789654180.674106836,0.000000000,1,1,0,4,1,4,-4.321103015,-5.599396000,1
8166,1789654180.684138536,0.000000000,1,1,0,4,1,4,-4.321103015,-5.599396000,1
8167,1789654180.694138765,0.000000000,1,1,0,4,1,4,-4.321103015,-5.599396000,1
8168,1789654180.704158783,0.000000000,1,1,0,4,1,4,-4.321103015,-5.599396000,1
8169,1789654180.714144707,0.000000000,1,1,0,4,1,4,-4.321103015,-5.599396000,1
8170,1789654180.724162579,0.000000000,1,1,0,4,1,4,-4.321103015,-5.599396000,1
8171,1789654180.734130144,0.000000000,1,1,0,4,1,4,-4.321103015,-5.599396000,1
8172,1789654180.744129181,0.000000000,1,1,0,4,1,4,-4.321103015,-5.599396000,1
8173,1789654180.754168272,0.000000000,1,1,0,4,1,4,-4.321103015,-5.599396000,1
8174,1789654180.764128923,0.000000000,1,1,0,4,1,4,-4.321103015,-5.599396000,1
8175,1789654180.774138689,0.000000000,1,1,0,4,1,4,-4.306345150,-5.580842666,1
8176,1789654180.784169674,0.000000000,1,1,0,4,1,4,-4.306345150,-5.580842666,1
8177,1789654180.794164419,0.000000000,1,1,0,4,1,4,-4.306345150,-5.580842666,1
8178,1789654180.804154634,0.000000000,1,1,0,4,1,4,-4.306345150,-5.580842666,1
8179,1789654180.814171314,0.000000000,1,1,0,4,1,4,-4.306345150,-5.580842666,1
8180,1789654180.824159145,0.000000000,1,1,0,4,1,4,-4.306345150,-5.580842666,1
8181,1789654180.834156990,0.000000000,1,1,0,4,1,4,-4.306345150,-5.580842666,1
8182,1789654180.844167948,0.000000000,1,1,0,4,1,4,-4.306345150,-5.580842666,1
8183,1789654180.854132652,0.000000000,1,1,0,4,1,4,-4.306345150,-5.580842666,1
8184,1789654180.864140034,0.000000000,1,1,0,4,1,4,-4.306345150,-5.580842666,1
8185,1789654180.874109983,0.000000000,1,1,0,4,1,4,-4.276829419,-5.543736000,1
8186,1789654180.884154558,0.000000000,1,1,0,4,1,4,-4.276829419,-5.543736000,1
8187,1789654180.894126177,0.000000000,1,1,0,4,1,4,-4.276829419,-5.543736000,1
8188,1789654180.904136896,0.000000000,1,1,0,4,1,4,-4.276829419,-5.543736000,1
8189,1789654180.914132118,0.000000000,1,1,0,4,1,4,-4.276829419,-5.543736000,1
8190,1789654180.924130917,0.000000000,1,1,0,4,1,4,-4.276829419,-5.543736000,1
8191,1789654180.934127092,0.000000000,1,1,0,4,1,4,-4.276829419,-5.543736000,1
8192,1789654180.944129944,0.000000000,1,1,0,4,1,4,-4.276829419,-5.543736000,1
8193,1789654180.954116821,0.000000000,1,1,0,4,1,4,-4.276829419,-5.543736000,1
8194,1789654180.964118958,0.000000000,1,1,0,4,1,4,-4.276829419,-5.543736000,1
8195,1789654180.974116802,0.000000000,1,1,0,4,1,4,-4.276829419,-5.543736000,1
8196,1789654180.984121561,0.000000000,1,1,0,4,1,4,-4.276829419,-5.543736000,1
8197,1789654180.994150639,0.000000000,1,1,0,4,1,4,-4.276829419,-5.543736000,1
8198,1789654181.004098892,0.000000000,1,1,0,4,1,4,-4.276829419,-5.543736000,1
8199,1789654181.014164686,0.000000000,1,1,0,4,1,4,-4.276829419,-5.543736000,1
8200,1789654181.024156094,0.000000000,1,1,0,4,1,4,-4.276829419,-5.543736000,1
8201,1789654181.034132957,0.000000000,1,1,0,4,1,4,-4.276829419,-5.543736000,1
8202,1789654181.044125795,0.000000000,1,1,0,4,1,4,-4.276829419,-5.543736000,1
8203,1789654181.054153204,0.000000000,1,1,0,4,1,4,-4.276829419,-5.543736000,1
8204,1789654181.064157724,0.000000000,1,1,0,4,1,4,-4.276829419,-5.543736000,1
8205,1789654181.074173689,0.000000000,1,1,0,4,1,4,-4.262071554,-5.525182667,1
8206,1789654181.084159374,0.000000000,1,1,0,4,1,4,-4.262071554,-5.525182667,1
8207,1789654181.094202995,0.000000000,1,1,0,4,1,4,-4.262071554,-5.525182667,1
8208,1789654181.104128599,0.000000000,1,1,0,4,1,4,-4.262071554,-5.525182667,1
8209,1789654181.114214182,0.000000000,1,1,0,4,1,4,-4.262071554,-5.525182667,1
8210,1789654181.124129772,0.000000000,1,1,0,4,1,4,-4.262071554,-5.525182667,1
8211,1789654181.134137154,0.000000000,1,1,0,4,1,4,-4.262071554,-5.525182667,1
8212,1789654181.144170046,0.000000000,1,1,0,4,1,4,-4.262071554,-5.525182667,1
8213,1789654181.154154539,0.000000000,1,1,0,4,1,4,-4.262071554,-5.525182667,1
8214,1789654181.164130926,0.000000000,1,1,0,4,1,4,-4.262071554,-5.525182667,1
8215,1789654181.174125910,0.000000000,1,1,0,4,1,4,-4.247313688,-5.506629333,1
8216,1789654181.184158564,0.000000000,1,1,0,4,1,4,-4.247313688,-5.506629333,1
8217,1789654181.194178581,0.000000000,1,1,0,4,1,4,-4.247313688,-5.506629333,1
8218,1789654181.204123974,0.000000000,1,1,0,4,1,4,-4.247313688,-5.506629333,1
8219,1789654181.214166641,0.000000000,1,1,0,4,1,4,-4.247313688,-5.506629333,1
8220,1789654181.224117041,0.000000000,1,1,0,4,1,4,-4.247313688,-5.506629333,1
8221,1789654181.234184504,0.000000000,1,1,0,4,1,4,-4.247313688,-5.506629333,1
8222,1789654181.244130135,0.000000000,1,1,0,4,1,4,-4.247313688,-5.506629333,1
8223,1789654181.254198074,0.000000000,1,1,0,4,1,4,-4.247313688,-5.506629333,1
8224,1789654181.264130354,0.000000000,1,1,0,4,1,4,-4.247313688,-5.506629333,1
8225,1789654181.274113178,0.000000000,1,1,0,4,1,4,-4.217797957,-5.488076000,1
8226,1789654181.284117937,0.000000000,1,1,0,4,1,4,-4.217797957,-5.488076000,1
8227,1789654181.294126272,0.000000000,1,1,0,4,1,4,-4.217797957,-5.488076000,1
8228,1789654181.304137707,0.000000000,1,1,0,4,1,4,-4.217797957,-5.488076000,1
8229,1789654181.314128160,0.000000000,1,1,0,4,1,4,-4.217797957,-5.488076000,1
8230,1789654181.324196100,0.000000000,1,1,0,4,1,4,-4.217797957,-5.488076000,1
8231,1789654181.334135294,0.000000000,1,1,0,4,1,4,-4.217797957,-5.488076000,1
8232,1789654181.344164371,0.000000000,1,1,0,4,1,4,-4.217797957,-5.488076000,1
8233,1789654181.354153633,0.000000000,1,1,0,4,1,4,-4.217797957,-5.488076000,1
8234,1789654181.364280462,0.000000000,1,1,0,4,1,4,-4.217797957,-5.488076000,1
8235,1789654181.374129057,0.000000000,1,1,0,4,1,4,-4.188282225,-5.469522667,1
8236,1789654181.384114265,0.000000000,1,1,0,4,1,4,-4.188282225,-5.469522667,1
8237,1789654181.394186974,0.000000000,1,1,0,4,1,4,-4.188282225,-5.469522667,1
8238,1789654181.404116631,0.000000000,1,1,0,4,1,4,-4.188282225,-5.469522667,1
8239,1789654181.414196730,0.000000000,1,1,0,4,1,4,-4.188282225,-5.469522667,1
8240,1789654181.424278736,0.000000000,1,1,0,4,1,4,-4.188282225,-5.469522667,1
8241,1789654181.434197903,0.000000000,1,1,0,4,1,4,-4.188282225,-5.469522667,1
8242,1789654181.444123983,0.000000000,1,1,0,4,1,4,-4.188282225,-5.469522667,1
8243,1789654181.454185963,0.000000000,1,1,0,4,1,4,-4.188282225,-5.469522667,1
8244,1789654181.464123964,0.000000000,1,1,0,4,1,4,-4.188282225,-5.469522667,1
8245,1789654181.474132538,0.000000000,1,1,0,4,1,4,-4.188282225,-5.469522667,1
8246,1789654181.484128714,0.000000000,1,1,0,4,1,4,-4.188282225,-5.469522667,1
8247,1789654181.494163990,0.000000000,1,1,0,4,1,4,-4.188282225,-5.469522667,1
8248,1789654181.504122257,0.000000000,1,1,0,4,1,4,-4.188282225,-5.469522667,1
8249,1789654181.514189243,0.000000000,1,1,0,4,1,4,-4.188282225,-5.469522667,1
8250,1789654181.524136543,0.000000000,1,1,0,4,1,4,-4.188282225,-5.469522667,1
8251,1789654181.534146309,0.000000000,1,1,0,4,1,4,-4.188282225,-5.469522667,1
8252,1789654181.544140577,0.000000000,1,1,0,4,1,4,-4.188282225,-5.469522667,1
8253,1789654181.554127216,0.000000000,1,1,0,4,1,4,-4.188282225,-5.469522667,1
8254,1789654181.564120054,0.000000000,1,1,0,4,1,4,-4.188282225,-5.469522667,1
8255,1789654181.574127436,0.000000000,1,1,0,4,1,4,-4.173524360,-5.450969333,1
8256,1789654181.584167719,0.000000000,1,1,0,4,1,4,-4.173524360,-5.450969333,1
8257,1789654181.594160557,0.000000000,1,1,0,4,1,4,-4.173524360,-5.450969333,1
8258,1789654181.604178905,0.000000000,1,1,0,4,1,4,-4.173524360,-5.450969333,1
8259,1789654181.614133358,0.000000000,1,1,0,4,1,4,-4.173524360,-5.450969333,1
8260,1789654181.624122143,0.000000000,1,1,0,4,1,4,-4.173524360,-5.450969333,1
8261,1789654181.634161711,0.000000000,1,1,0,4,1,4,-4.173524360,-5.450969333,1
8262,1789654181.644165516,0.000000000,1,1,0,4,1,4,-4.173524360,-5.450969333,1
8263,1789654181.654119492,0.000000000,1,1,0,4,1,4,-4.173524360,-5.450969333,1
8264,1789654181.664154053,0.000000000,1,1,0,4,1,4,-4.173524360,-5.450969333,1
8265,1789654181.674157619,0.000000000,1,1,0,4,1,4,-4.144008629,-5.432416000,1
8266,1789654181.684160948,0.000000000,1,1,0,4,1,4,-4.144008629,-5.432416000,1
8267,1789654181.694197178,0.000000000,1,1,0,4,1,4,-4.144008629,-5.432416000,1
8268,1789654181.704190254,0.000000000,1,1,0,4,1,4,-4.144008629,-5.432416000,1
8269,1789654181.714200497,0.000000000,1,1,0,4,1,4,-4.144008629,-5.432416000,1
8270,1789654181.724169731,0.000000000,1,1,0,4,1,4,-4.144008629,-5.432416000,1
8271,1789654181.734124899,0.000000000,1,1,0,4,1,4,-4.144008629,-5.432416000,1
8272,1789654181.744172812,0.000000000,1,1,0,4,1,4,-4.144008629,-5.432416000,1
8273,1789654181.754132032,0.000000000,1,1,0,4,1,4,-4.144008629,-5.432416000,1
8274,1789654181.764158487,0.000000000,1,1,0,4,1,4,-4.144008629,-5.432416000,1
8275,1789654181.774124622,0.000000000,1,1,0,4,1,4,-4.129250763,-5.395309334,1
8276,1789654181.784178019,0.000000000,1,1,0,4,1,4,-4.129250763,-5.395309334,1
8277,1789654181.794196844,0.000000000,1,1,0,4,1,4,-4.129250763,-5.395309334,1
8278,1789654181.804146290,0.000000000,1,1,0,4,1,4,-4.129250763,-5.395309334,1
8279,1789654181.814182758,0.000000000,1,1,0,4,1,4,-4.129250763,-5.395309334,1
8280,1789654181.824172974,0.000000000,1,1,0,4,1,4,-4.129250763,-5.395309334,1
8281,1789654181.834132910,0.000000000,1,1,0,4,1,4,-4.129250763,-5.395309334,1
8282,1789654181.844177485,0.000000000,1,1,0,4,1,4,-4.129250763,-5.395309334,1
8283,1789654181.854128838,0.000000000,1,1,0,4,1,4,-4.129250763,-5.395309334,1
8284,1789654181.864185810,0.000000000,1,1,0,4,1,4,-4.129250763,-5.395309334,1
8285,1789654181.874115229,0.000000000,1,1,0,4,1,4,-4.099735032,-5.376756000,1
8286,1789654181.884132147,0.000000000,1,1,0,4,1,4,-4.099735032,-5.376756000,1
8287,1789654181.894157648,0.000000000,1,1,0,4,1,4,-4.099735032,-5.376756000,1
8288,1789654181.904170275,0.000000000,1,1,0,4,1,4,-4.099735032,-5.376756000,1
8289,1789654181.914175510,0.000000000,1,1,0,4,1,4,-4.099735032,-5.376756000,1
8290,1789654181.924110889,0.000000000,1,1,0,4,1,4,-4.099735032,-5.376756000,1
8291,1789654181.934173346,0.000000000,1,1,0,4,1,4,-4.099735032,-5.376756000,1
8292,1789654181.944106579,0.000000000,1,1,0,4,1,4,-4.099735032,-5.376756000,1
8293,1789654181.954175472,0.000000000,1,1,0,4,1,4,-4.099735032,-5.376756000,1
8294,1789654181.964132071,0.000000000,1,1,0,4,1,4,-4.099735032,-5.376756000,1
8295,1789654181.974127531,0.000000000,1,1,0,4,1,4,-4.099735032,-5.376756000,1
8296,1789654181.984110355,0.000000000,1,1,0,4,1,4,-4.099735032,-5.376756000,1
8297,1789654181.994129181,0.000000000,1,1,0,4,1,4,-4.099735032,-5.376756000,1
8298,1789654182.004167318,0.000000000,1,1,0,4,1,4,-4.099735032,-5.376756000,1
8299,1789654182.014154673,0.000000000,1,1,0,4,1,4,-4.099735032,-5.376756000,1
8300,1789654182.024179459,0.000000000,1,1,0,4,1,4,-4.099735032,-5.376756000,1
8301,1789654182.034178972,0.000000000,1,1,0,4,1,4,-4.099735032,-5.376756000,1
8302,1789654182.044132948,0.000000000,1,1,0,4,1,4,-4.099735032,-5.376756000,1
8303,1789654182.054150581,0.000000000,1,1,0,4,1,4,-4.099735032,-5.376756000,1
8304,1789654182.064109087,0.000000000,1,1,0,4,1,4,-4.099735032,-5.376756000,1
8305,1789654182.074132919,0.000000000,1,1,0,4,1,4,-4.084977167,-5.358202666,1
8306,1789654182.084159851,0.000000000,1,1,0,4,1,4,-4.084977167,-5.358202666,1
8307,1789654182.094131708,0.000000000,1,1,0,4,1,4,-4.084977167,-5.358202666,1
8308,1789654182.104156733,0.000000000,1,1,0,4,1,4,-4.084977167,-5.358202666,1
8309,1789654182.114166021,0.000000000,1,1,0,4,1,4,-4.084977167,-5.358202666,1
8310,1789654182.124116659,0.000000000,1,1,0,4,1,4,-4.084977167,-5.358202666,1
8311,1789654182.134114742,0.000000000,1,1,0,4,1,4,-4.084977167,-5.358202666,1
8312,1789654182.144106865,0.000000000,1,1,0,4,1,4,-4.084977167,-5.358202666,1
8313,1789654182.154107809,0.000000000,1,1,0,4,1,4,-4.084977167,-5.358202666,1
8314,1789654182.164113760,0.000000000,1,1,0,4,1,4,-4.084977167,-5.358202666,1
8315,1789654182.174111843,0.000000000,1,1,0,4,1,4,-4.070219302,-5.339649333,1
8316,1789654182.184146166,0.000000000,1,1,0,4,1,4,-4.070219302,-5.339649333,1
8317,1789654182.194123745,0.000000000,1,1,0,4,1,4,-4.070219302,-5.339649333,1
8318,1789654182.204124212,0.000000000,1,1,0,4,1,4,-4.070219302,-5.339649333,1
8319,1789654182.214119196,0.000000000,1,1,0,4,1,4,-4.070219302,-5.339649333,1
8320,1789654182.224125862,0.000000000,1,1,0,4,1,4,-4.070219302,-5.339649333,1
8321,1789654182.234123468,0.000000000,1,1,0,4,1,4,-4.070219302,-5.339649333,1
8322,1789654182.244120359,0.000000000,1,1,0,4,1,4,-4.070219302,-5.339649333,1
8323,1789654182.254112005,0.000000000,1,1,0,4,1,4,-4.070219302,-5.339649333,1
8324,1789654182.264142752,0.000000000,1,1,0,4,1,4,-4.070219302,-5.339649333,1
8325,1789654182.274147511,0.000000000,1,1,0,4,1,4,-4.040703571,-5.321096000,1
8326,1789654182.284155369,0.000000000,1,1,0,4,1,4,-4.040703571,-5.321096000,1
8327,1789654182.294155598,0.000000000,1,1,0,4,1,4,-4.040703571,-5.321096000,1
8328,1789654182.304157019,0.000000000,1,1,0,4,1,4,-4.040703571,-5.321096000,1
8329,1789654182.314177275,0.000000000,1,1,0,4,1,4,-4.040703571,-5.321096000,1
8330,1789654182.324120283,0.000000000,1,1,0,4,1,4,-4.040703571,-5.321096000,1
8331,1789654182.334115982,0.000000000,1,1,0,4,1,4,-4.040703571,-5.321096000,1
8332,1789654182.344142675,0.000000000,1,1,0,4,1,4,-4.040703571,-5.321096000,1
8333,1789654182.354124308,0.000000000,1,1,0,4,1,4,-4.040703571,-5.321096000,1
8334,1789654182.364119291,0.000000000,1,1,0,4,1,4,-4.040703571,-5.321096000,1
8335,1789654182.374107838,0.000000000,1,1,0,4,1,4,-4.011187840,-5.302542666,1
8336,1789654182.384126186,0.000000000,1,1,0,4,1,4,-4.011187840,-5.302542666,1
8337,1789654182.394133329,0.000000000,1,1,0,4,1,4,-4.011187840,-5.302542666,1
8338,1789654182.404118061,0.000000000,1,1,0,4,1,4,-4.011187840,-5.302542666,1
8339,1789654182.414124250,0.000000000,1,1,0,4,1,4,-4.011187840,-5.302542666,1
8340,1789654182.424171209,0.000000000,1,1,0,4,1,4,-4.011187840,-5.302542666,1
8341,1789654182.434167624,0.000000000,1,1,0,4,1,4,-4.011187840,-5.302542666,1
8342,1789654182.444107294,0.000000000,1,1,0,4,1,4,-4.011187840,-5.302542666,1
8343,1789654182.454155207,0.000000000,1,1,0,4,1,4,-4.011187840,-5.302542666,1
8344,1789654182.464115143,0.000000000,1,1,0,4,1,4,-4.011187840,-5.302542666,1
8345,1789654182.474104404,0.000000000,1,1,0,4,1,4,-3.996429974,-5.283989333,1
8346,1789654182.484140873,0.000000000,1,1,0,4,1,4,-3.996429974,-5.283989333,1
8347,1789654182.494116068,0.000000000,1,1,0,4,1,4,-3.996429974,-5.283989333,1
8348,1789654182.504173279,0.000000000,1,1,0,4,1,4,-3.996429974,-5.283989333,1
8349,1789654182.514153004,0.000000000,1,1,0,4,1,4,-3.996429974,-5.283989333,1
8350,1789654182.524144888,0.000000000,1,1,0,4,1,4,-3.996429974,-5.283989333,1
8351,1789654182.534108400,0.000000000,1,1,0,4,1,4,-3.996429974,-5.283989333,1
8352,1789654182.544100046,0.000000000,1,1,0,4,1,4,-3.996429974,-5.283989333,1
8353,1789654182.554137945,0.000000000,1,1,0,4,1,4,-3.996429974,-5.283989333,1
8354,1789654182.564148903,0.000000000,1,1,0,4,1,4,-3.996429974,-5.283989333,1
8355,1789654182.574117661,0.000000000,1,1,0,4,1,4,-3.996429974,-5.283989333,1
8356,1789654182.584153175,0.000000000,1,1,0,4,1,4,-3.996429974,-5.283989333,1
8357,1789654182.594112873,0.000000000,1,1,0,4,1,4,-3.996429974,-5.283989333,1
8358,1789654182.604125738,0.000000000,1,1,0,4,1,4,-3.996429974,-5.283989333,1
8359,1789654182.614134073,0.000000000,1,1,0,4,1,4,-3.996429974,-5.283989333,1
8360,1789654182.624179363,0.000000000,1,1,0,4,1,4,-3.996429974,-5.283989333,1
8361,1789654182.634119987,0.000000000,1,1,0,4,1,4,-3.996429974,-5.283989333,1
8362,1789654182.644123793,0.000000000,1,1,0,4,1,4,-3.996429974,-5.283989333,1
8363,1789654182.654168844,0.000000000,1,1,0,4,1,4,-3.996429974,-5.283989333,1
8364,1789654182.664138317,0.000000000,1,1,0,4,1,4,-3.996429974,-5.283989333,1
8365,1789654182.674114227,0.000000000,1,1,0,4,1,4,-3.996429974,-5.283989333,1
8366,1789654182.684160471,0.000000000,1,1,0,4,1,4,-3.996429974,-5.283989333,1
8367,1789654182.694112539,0.000000000,1,1,0,4,1,4,-3.996429974,-5.283989333,1
8368,1789654182.704160929,0.000000000,1,1,0,4,1,4,-3.996429974,-5.283989333,1
8369,1789654182.714112520,0.000000000,1,1,0,4,1,4,-3.996429974,-5.283989333,1
8370,1789654182.724132061,0.000000000,1,1,0,4,1,4,-3.996429974,-5.283989333,1
8371,1789654182.734107733,0.000000000,1,1,0,4,1,4,-3.996429974,-5.283989333,1
8372,1789654182.744123220,0.000000000,1,1,0,4,1,4,-3.996429974,-5.283989333,1
8373,1789654182.754129410,0.000000000,1,1,0,4,1,4,-3.996429974,-5.283989333,1
8374,1789654182.764127016,0.000000000,1,1,0,4,1,4,-3.996429974,-5.283989333,1
8375,1789654182.774143696,0.000000000,1,1,0,4,1,4,-4.011187840,-5.283989333,1
8376,1789654182.784154892,0.000000000,1,1,0,4,1,4,-4.011187840,-5.283989333,1
8377,1789654182.794133902,0.000000000,1,1,0,4,1,4,-4.011187840,-5.283989333,1
8378,1789654182.804111958,0.000000000,1,1,0,4,1,4,-4.011187840,-5.283989333,1
8379,1789654182.814139128,0.000000000,1,1,0,4,1,4,-4.011187840,-5.283989333,1
8380,1789654182.824124336,0.000000000,1,1,0,4,1,4,-4.011187840,-5.283989333,1
8381,1789654182.834124327,0.000000000,1,1,0,4,1,4,-4.011187840,-5.283989333,1
8382,1789654182.844145060,0.000000000,1,1,0,4,1,4,-4.011187840,-5.283989333,1
8383,1789654182.854106426,0.000000000,1,1,0,4,1,4,-4.011187840,-5.283989333,1
8384,1789654182.864107847,0.000000000,1,1,0,4,1,4,-4.011187840,-5.283989333,1
8385,1789654182.874177694,0.000000000,1,1,0,4,1,4,-4.011187840,-5.302542666,1
8386,1789654182.884178162,0.000000000,1,1,0,4,1,4,-4.011187840,-5.302542666,1
8387,1789654182.894169569,0.000000000,1,1,0,4,1,4,-4.011187840,-5.302542666,1
8388,1789654182.904132605,0.000000000,1,1,0,4,1,4,-4.011187840,-5.302542666,1
8389,1789654182.914137840,0.000000000,1,1,0,4,1,4,-4.011187840,-5.302542666,1
8390,1789654182.924157619,0.000000000,1,1,0,4,1,4,-4.011187840,-5.302542666,1
8391,1789654182.934195042,0.000000000,1,1,0,4,1,4,-4.011187840,-5.302542666,1
8392,1789654182.944119453,0.000000000,1,1,0,4,1,4,-4.011187840,-5.302542666,1
8393,1789654182.954111576,0.000000000,1,1,0,4,1,4,-4.011187840,-5.302542666,1
8394,1789654182.964203596,0.000000000,1,1,0,4,1,4,-4.011187840,-5.302542666,1
8395,1789654182.974153280,0.000000000,1,1,0,4,1,4,-4.011187840,-5.302542666,1
8396,1789654182.984160423,0.000000000,1,1,0,4,1,4,-4.011187840,-5.302542666,1
8397,1789654182.994139433,0.000000000,1,1,0,4,1,4,-4.011187840,-5.302542666,1
8398,1789654183.004157066,0.000000000,1,1,0,4,1,4,-4.011187840,-5.302542666,1
8399,1789654183.014119625,0.000000000,1,1,0,4,1,4,-4.011187840,-5.302542666,1
8400,1789654183.024180412,0.000000000,1,1,0,4,1,4,-4.011187840,-5.302542666,1
8401,1789654183.034119129,0.000000000,1,1,0,4,1,4,-4.011187840,-5.302542666,1
8402,1789654183.044176102,0.000000000,1,1,0,4,1,4,-4.011187840,-5.302542666,1
8403,1789654183.054163218,0.000000000,1,1,0,4,1,4,-4.011187840,-5.302542666,1
8404,1789654183.064110756,0.000000000,1,1,0,4,1,4,-4.011187840,-5.302542666,1
8405,1789654183.074114799,0.000000000,1,1,0,4,1,4,-3.996429974,-5.283989333,1
8406,1789654183.084114075,0.000000000,1,1,0,4,1,4,-3.996429974,-5.283989333,1
8407,1789654183.094132900,0.000000000,1,1,0,4,1,4,-3.996429974,-5.283989333,1
8408,1789654183.104126453,0.000000000,1,1,0,4,1,4,-3.996429974,-5.283989333,1
8409,1789654183.114127159,0.000000000,1,1,0,4,1,4,-3.996429974,-5.283989333,1
8410,1789654183.124171972,0.000000000,1,1,0,4,1,4,-3.996429974,-5.283989333,1
8411,1789654183.134169817,0.000000000,1,1,0,4,1,4,-3.996429974,-5.283989333,1
8412,1789654183.144202948,0.000000000,1,1,0,4,1,4,-3.996429974,-5.283989333,1
8413,1789654183.154165745,0.000000000,1,1,0,4,1,4,-3.996429974,-5.283989333,1
8414,1789654183.164197206,0.000000000,1,1,0,4,1,4,-3.996429974,-5.283989333,1
8415,1789654183.174133301,0.000000000,1,1,0,4,1,4,-3.996429974,-5.283989333,1
8416,1789654183.184183359,0.000000000,1,1,0,4,1,4,-3.996429974,-5.283989333,1
8417,1789654183.194176674,0.000000000,1,1,0,4,1,4,-3.996429974,-5.283989333,1
8418,1789654183.204188824,0.000000000,1,1,0,4,1,4,-3.996429974,-5.283989333,1
8419,1789654183.214205503,0.000000000,1,1,0,4,1,4,-3.996429974,-5.283989333,1
8420,1789654183.224187613,0.000000000,1,1,0,4,1,4,-3.996429974,-5.283989333,1
8421,1789654183.234130383,0.000000000,1,1,0,4,1,4,-3.996429974,-5.283989333,1
8422,1789654183.244172096,0.000000000,1,1,0,4,1,4,-3.996429974,-5.283989333,1
8423,1789654183.254163742,0.000000000,1,1,0,4,1,4,-3.996429974,-5.283989333,1
8424,1789654183.264175415,0.000000000,1,1,0,4,1,4,-3.996429974,-5.283989333,1
8425,1789654183.274119377,0.000000000,1,1,0,4,1,4,-4.011187840,-5.283989333,1
8426,1789654183.284171820,0.000000000,1,1,0,4,1,4,-4.011187840,-5.283989333,1
8427,1789654183.294183254,0.000000000,1,1,0,4,1,4,-4.011187840,-5.283989333,1
8428,1789654183.304182768,0.000000000,1,1,0,4,1,4,-4.011187840,-5.283989333,1
8429,1789654183.314228058,0.000000000,1,1,0,4,1,4,-4.011187840,-5.283989333,1
8430,1789654183.324180126,0.000000000,1,1,0,4,1,4,-4.011187840,-5.283989333,1
8431,1789654183.334192991,0.000000000,1,1,0,4,1,4,-4.011187840,-5.283989333,1
8432,1789654183.344157934,0.000000000,1,1,0,4,1,4,-4.011187840,-5.283989333,1
8433,1789654183.354192019,0.000000000,1,1,0,4,1,4,-4.011187840,-5.283989333,1
8434,1789654183.364122868,0.000000000,1,1,0,4,1,4,-4.011187840,-5.283989333,1
8435,1789654183.374140263,0.000000000,1,1,0,4,1,4,-4.011187840,-5.283989333,1
8436,1789654183.384182453,0.000000000,1,1,0,4,1,4,-4.011187840,-5.283989333,1
8437,1789654183.394207478,0.000000000,1,1,0,4,1,4,-4.011187840,-5.283989333,1
8438,1789654183.404163837,0.000000000,1,1,0,4,1,4,-4.011187840,-5.283989333,1
8439,1789654183.414163828,0.000000000,1,1,0,4,1,4,-4.011187840,-5.283989333,1
8440,1789654183.424194813,0.000000000,1,1,0,4,1,4,-4.011187840,-5.283989333,1
8441,1789654183.434189796,0.000000000,1,1,0,4,1,4,-4.011187840,-5.283989333,1
8442,1789654183.444200516,0.000000000,1,1,0,4,1,4,-4.011187840,-5.283989333,1
8443,1789654183.454160213,0.000000000,1,1,0,4,1,4,-4.011187840,-5.283989333,1
8444,1789654183.464172602,0.000000000,1,1,0,4,1,4,-4.011187840,-5.283989333,1
8445,1789654183.474127531,0.000000000,1,1,0,4,1,4,-4.011187840,-5.283989333,1
8446,1789654183.484198570,0.000000000,1,1,0,4,1,4,-4.011187840,-5.283989333,1
8447,1789654183.494174004,0.000000000,1,1,0,4,1,4,-4.011187840,-5.283989333,1
8448,1789654183.504214764,0.000000000,1,1,0,4,1,4,-4.011187840,-5.283989333,1
8449,1789654183.514187813,0.000000000,1,1,0,4,1,4,-4.011187840,-5.283989333,1
8450,1789654183.524200201,0.000000000,1,1,0,4,1,4,-4.011187840,-5.283989333,1
8451,1789654183.534132242,0.000000000,1,1,0,4,1,4,-4.011187840,-5.283989333,1
8452,1789654183.544137955,0.000000000,1,1,0,4,1,4,-4.011187840,-5.283989333,1
8453,1789654183.554128885,0.000000000,1,1,0,4,1,4,-4.011187840,-5.283989333,1
8454,1789654183.564139605,0.000000000,1,1,0,4,1,4,-4.011187840,-5.283989333,1
8455,1789654183.574159622,0.000000000,1,1,0,4,1,4,-4.011187840,-5.283989333,1
8456,1789654183.584161758,0.000000000,1,1,0,4,1,4,-4.011187840,-5.283989333,1
8457,1789654183.594142914,0.000000000,1,1,0,4,1,4,-4.011187840,-5.283989333,1
8458,1789654183.604168415,0.000000000,1,1,0,4,1,4,-4.011187840,-5.283989333,1
8459,1789654183.614187241,0.000000000,1,1,0,4,1,4,-4.011187840,-5.283989333,1
8460,1789654183.624196529,0.000000000,1,1,0,4,1,4,-4.011187840,-5.283989333,1
8461,1789654183.634156227,0.000000000,1,1,0,4,1,4,-4.011187840,-5.283989333,1
8462,1789654183.644197226,0.000000000,1,1,0,4,1,4,-4.011187840,-5.283989333,1
8463,1789654183.654131174,0.000000000,1,1,0,4,1,4,-4.011187840,-5.283989333,1
8464,1789654183.664110899,0.000000000,1,1,0,4,1,4,-4.011187840,-5.283989333,1
8465,1789654183.674113750,0.000000000,1,1,0,4,1,4,-3.996429974,-5.283989333,1
8466,1789654183.684170961,0.000000000,1,1,0,4,1,4,-3.996429974,-5.283989333,1
8467,1789654183.694111586,0.000000000,1,1,0,4,1,4,-3.996429974,-5.283989333,1
8468,1789654183.704134703,0.000000000,1,1,0,4,1,4,-3.996429974,-5.283989333,1
8469,1789654183.714154243,0.000000000,1,1,0,4,1,4,-3.996429974,-5.283989333,1
8470,1789654183.724174023,0.000000000,1,1,0,4,1,4,-3.996429974,-5.283989333,1
8471,1789654183.734175682,0.000000000,1,1,0,4,1,4,-3.996429974,-5.283989333,1
8472,1789654183.744183779,0.000000000,1,1,0,4,1,4,-3.996429974,-5.283989333,1
8473,1789654183.754129887,0.000000000,1,1,0,4,1,4,-3.996429974,-5.283989333,1
8474,1789654183.764116049,0.000000000,1,1,0,4,1,4,-3.996429974,-5.283989333,1
8475,1789654183.774132490,0.000000000,1,1,0,4,1,4,-3.996429974,-5.283989333,1
8476,1789654183.784123898,0.000000000,1,1,0,4,1,4,-3.996429974,-5.283989333,1
8477,1789654183.794135332,0.000000000,1,1,0,4,1,4,-3.996429974,-5.283989333,1
8478,1789654183.804170609,0.000000000,1,1,0,4,1,4,-3.996429974,-5.283989333,1
8479,1789654183.814155579,0.000000000,1,1,0,4,1,4,-3.996429974,-5.283989333,1
8480,1789654183.824114084,0.000000000,1,1,0,4,1,4,-3.996429974,-5.283989333,1
8481,1789654183.834180593,0.000000000,1,1,0,4,1,4,-3.996429974,-5.283989333,1
8482,1789654183.844174623,0.000000000,1,1,0,4,1,4,-3.996429974,-5.283989333,1
8483,1789654183.854109287,0.000000000,1,1,0,4,1,4,-3.996429974,-5.283989333,1
8484,1789654183.864113808,0.000000000,1,1,0,4,1,4,-3.996429974,-5.283989333,1
8485,1789654183.874130011,0.000000000,1,1,0,4,1,4,-3.996429974,-5.283989333,1
8486,1789654183.884162903,0.000000000,1,1,0,4,1,4,-3.996429974,-5.283989333,1
8487,1789654183.894128323,0.000000000,1,1,0,4,1,4,-3.996429974,-5.283989333,1
8488,1789654183.904160261,0.000000000,1,1,0,4,1,4,-3.996429974,-5.283989333,1
8489,1789654183.914144278,0.000000000,1,1,0,4,1,4,-3.996429974,-5.283989333,1
8490,1789654183.924161434,0.000000000,1,1,0,4,1,4,-3.996429974,-5.283989333,1
8491,1789654183.934171915,0.000000000,1,1,0,4,1,4,-3.996429974,-5.283989333,1
8492,1789654183.944127321,0.000000000,1,1,0,4,1,4,-3.996429974,-5.283989333,1
8493,1789654183.954134941,0.000000000,1,1,0,4,1,4,-3.996429974,-5.283989333,1
8494,1789654183.964145899,0.000000000,1,1,0,4,1,4,-3.996429974,-5.283989333,1
8495,1789654183.974136829,0.000000000,1,1,0,4,1,4,-3.996429974,-5.283989333,1
8496,1789654183.984172344,0.000000000,1,1,0,4,1,4,-3.996429974,-5.283989333,1
8497,1789654183.994134903,0.000000000,1,1,0,4,1,4,-3.996429974,-5.283989333,1
8498,1789654184.004151583,0.000000000,1,1,0,4,1,4,-3.996429974,-5.283989333,1
8499,1789654184.014112473,0.000000000,1,1,0,4,1,4,-3.996429974,-5.283989333,1
8500,1789654184.024179220,0.000000000,1,1,0,4,1,4,-3.996429974,-5.283989333,1
8501,1789654184.034111977,0.000000000,1,1,0,4,1,4,-3.996429974,-5.283989333,1
8502,1789654184.044119120,0.000000000,1,1,0,4,1,4,-3.996429974,-5.283989333,1
8503,1789654184.054107904,0.000000000,1,1,0,4,1,4,-3.996429974,-5.283989333,1
8504,1789654184.064124823,0.000000000,1,1,0,4,1,4,-3.996429974,-5.283989333,1
8505,1789654184.074118376,0.000000000,1,1,0,4,1,4,-4.011187840,-5.283989333,1
8506,1789654184.084129095,0.000000000,1,1,0,4,1,4,-4.011187840,-5.283989333,1
8507,1789654184.094141722,0.000000000,1,1,0,4,1,4,-4.011187840,-5.283989333,1
8508,1789654184.104148149,0.000000000,1,1,0,4,1,4,-4.011187840,-5.283989333,1
8509,1789654184.114160061,0.000000000,1,1,0,4,1,4,-4.011187840,-5.283989333,1
8510,1789654184.124186516,0.000000000,1,1,0,4,1,4,-4.011187840,-5.283989333,1
8511,1789654184.134180307,0.000000000,1,1,0,4,1,4,-4.011187840,-5.283989333,1
8512,1789654184.144185543,0.000000000,1,1,0,4,1,4,-4.011187840,-5.283989333,1
8513,1789654184.154125452,0.000000000,1,1,0,4,1,4,-4.011187840,-5.283989333,1
8514,1789654184.164124250,0.000000000,1,1,0,4,1,4,-4.011187840,-5.283989333,1
8515,1789654184.174147129,0.000000000,1,1,0,4,1,4,-4.011187840,-5.283989333,1
8516,1789654184.184160948,0.000000000,1,1,0,4,1,4,-4.011187840,-5.283989333,1
8517,1789654184.194139957,0.000000000,1,1,0,4,1,4,-4.011187840,-5.283989333,1
8518,1789654184.204127073,0.000000000,1,1,0,4,1,4,-4.011187840,-5.283989333,1
8519,1789654184.214132547,0.000000000,1,1,0,4,1,4,-4.011187840,-5.283989333,1
8520,1789654184.224102259,0.000000000,1,1,0,4,1,4,-4.011187840,-5.283989333,1
8521,1789654184.234171629,0.000000000,1,1,0,4,1,4,-4.011187840,-5.283989333,1
8522,1789654184.244134665,0.000000000,1,1,0,4,1,4,-4.011187840,-5.283989333,1
8523,1789654184.254151344,0.000000000,1,1,0,4,1,4,-4.011187840,-5.283989333,1
8524,1789654184.264107227,0.000000000,1,1,0,4,1,4,-4.011187840,-5.283989333,1
8525,1789654184.274117470,0.000000000,1,1,0,4,1,4,-4.011187840,-5.283989333,1
8526,1789654184.284161329,0.000000000,1,1,0,4,1,4,-4.011187840,-5.283989333,1
8527,1789654184.294155598,0.000000000,1,1,0,4,1,4,-4.011187840,-5.283989333,1
8528,1789654184.304161787,0.000000000,1,1,0,4,1,4,-4.011187840,-5.283989333,1
8529,1789654184.314129114,0.000000000,1,1,0,4,1,4,-4.011187840,-5.283989333,1
8530,1789654184.324137211,0.000000000,1,1,0,4,1,4,-4.011187840,-5.283989333,1
8531,1789654184.334129095,0.000000000,1,1,0,4,1,4,-4.011187840,-5.283989333,1
8532,1789654184.344147205,0.000000000,1,1,0,4,1,4,-4.011187840,-5.283989333,1
8533,1789654184.354112864,0.000000000,1,1,0,4,1,4,-4.011187840,-5.283989333,1
8534,1789654184.364151716,0.000000000,1,1,0,4,1,4,-4.011187840,-5.283989333,1
8535,1789654184.374115467,0.000000000,1,1,0,4,1,4,-4.011187840,-5.283989333,1
8536,1789654184.384106159,0.000000000,1,1,0,4,1,4,-4.011187840,-5.283989333,1
8537,1789654184.394127846,0.000000000,1,1,0,4,1,4,-4.011187840,-5.283989333,1
8538,1789654184.404118299,0.000000000,1,1,0,4,1,4,-4.011187840,-5.283989333,1
8539,1789654184.414159298,0.000000000,1,1,0,4,1,4,-4.011187840,-5.283989333,1
8540,1789654184.424161196,0.000000000,1,1,0,4,1,4,-4.011187840,-5.283989333,1
8541,1789654184.434122324,0.000000000,1,1,0,4,1,4,-4.011187840,-5.283989333,1
8542,1789654184.444183826,0.000000000,1,1,0,4,1,4,-4.011187840,-5.283989333,1
8543,1789654184.454130411,0.000000000,1,1,0,4,1,4,-4.011187840,-5.283989333,1
8544,1789654184.464130640,0.000000000,1,1,0,4,1,4,-4.011187840,-5.283989333,1
8545,1789654184.474134922,0.000000000,1,1,0,4,1,4,-4.011187840,-5.283989333,1
8546,1789654184.484116077,0.000000000,1,1,0,4,1,4,-4.011187840,-5.283989333,1
8547,1789654184.494127274,0.000000000,1,1,0,4,1,4,-4.011187840,-5.283989333,1
8548,1789654184.504106283,0.000000000,1,1,0,4,1,4,-4.011187840,-5.283989333,1
8549,1789654184.514160872,0.000000000,1,1,0,4,1,4,-4.011187840,-5.283989333,1
8550,1789654184.524193048,0.000000000,1,1,0,4,1,4,-4.011187840,-5.283989333,1
8551,1789654184.534115791,0.000000000,1,1,0,4,1,4,-4.011187840,-5.283989333,1
8552,1789654184.544153929,0.000000000,1,1,0,4,1,4,-4.011187840,-5.283989333,1
8553,1789654184.554176331,0.000000000,1,1,0,4,1,4,-4.011187840,-5.283989333,1
8554,1789654184.564172745,0.000000000,1,1,0,4,1,4,-4.011187840,-5.283989333,1
8555,1789654184.574106455,0.000000000,1,1,0,4,1,4,-3.996429974,-5.283989333,1
8556,1789654184.584155560,0.000000000,1,1,0,4,1,4,-3.996429974,-5.283989333,1
8557,1789654184.594141722,0.000000000,1,1,0,4,1,4,-3.996429974,-5.283989333,1
8558,1789654184.604139805,0.000000000,1,1,0,4,1,4,-3.996429974,-5.283989333,1
8559,1789654184.614162683,0.000000000,1,1,0,4,1,4,-3.996429974,-5.283989333,1
8560,1789654184.624205351,0.000000000,1,1,0,4,1,4,-3.996429974,-5.283989333,1
8561,1789654184.634111166,0.000000000,1,1,0,4,1,4,-3.996429974,-5.283989333,1
8562,1789654184.644181013,0.000000000,1,1,0,4,1,4,-3.996429974,-5.283989333,1
8563,1789654184.654116392,0.000000000,1,1,0,4,1,4,-3.996429974,-5.283989333,1
8564,1789654184.664131880,0.000000000,1,1,0,4,1,4,-3.996429974,-5.283989333,1
8565,1789654184.674122334,0.000000000,1,1,0,4,1,4,-4.011187840,-5.283989333,1
8566,1789654184.684178591,0.000000000,1,1,0,4,1,4,-4.011187840,-5.283989333,1
8567,1789654184.694135666,0.000000000,1,1,0,4,1,4,-4.011187840,-5.283989333,1
8568,1789654184.704146147,0.000000000,1,1,0,4,1,4,-4.011187840,-5.283989333,1
8569,1789654184.714164972,0.000000000,1,1,0,4,1,4,-4.011187840,-5.283989333,1
8570,1789654184.724188566,0.000000000,1,1,0,4,1,4,-4.011187840,-5.283989333,1
8571,1789654184.734108210,0.000000000,1,1,0,4,1,4,-4.011187840,-5.283989333,1
8572,1789654184.744128466,0.000000000,1,1,0,4,1,4,-4.011187840,-5.283989333,1
8573,1789654184.754176617,0.000000000,1,1,0,4,1,4,-4.011187840,-5.283989333,1
8574,1789654184.764173746,0.000000000,1,1,0,4,1,4,-4.011187840,-5.283989333,1
8575,1789654184.774133921,0.000000000,1,1,0,4,1,4,-3.996429974,-5.283989333,1
8576,1789654184.784148693,0.000000000,1,1,0,4,1,4,-3.996429974,-5.283989333,1
8577,1789654184.794162989,0.000000000,1,1,0,4,1,4,-3.996429974,-5.283989333,1
8578,1789654184.804157972,0.000000000,1,1,0,4,1,4,-3.996429974,-5.283989333,1
8579,1789654184.814149141,0.000000000,1,1,0,4,1,4,-3.996429974,-5.283989333,1
8580,1789654184.824173450,0.000000000,1,1,0,4,1,4,-3.996429974,-5.283989333,1
8581,1789654184.834177017,0.000000000,1,1,0,4,1,4,-3.996429974,-5.283989333,1
8582,1789654184.844104528,0.000000000,1,1,0,4,1,4,-3.996429974,-5.283989333,1
8583,1789654184.854104996,0.000000000,1,1,0,4,1,4,-3.996429974,-5.283989333,1
8584,1789654184.864123106,0.000000000,1,1,0,4,1,4,-3.996429974,-5.283989333,1
8585,1789654184.874111891,0.000000000,1,1,0,4,1,4,-3.996429974,-5.283989333,1
8586,1789654184.884160042,0.000000000,1,1,0,4,1,4,-3.996429974,-5.283989333,1
8587,1789654184.894127846,0.000000000,1,1,0,4,1,4,-3.996429974,-5.283989333,1
8588,1789654184.904158354,0.000000000,1,1,0,4,1,4,-3.996429974,-5.283989333,1
8589,1789654184.914172173,0.000000000,1,1,0,4,1,4,-3.996429974,-5.283989333,1
8590,1789654184.924133778,0.000000000,1,1,0,4,1,4,-3.996429974,-5.283989333,1
8591,1789654184.934183121,0.000000000,1,1,0,4,1,4,-3.996429974,-5.283989333,1
8592,1789654184.944143534,0.000000000,1,1,0,4,1,4,-3.996429974,-5.283989333,1
8593,1789654184.954170942,0.000000000,1,1,0,4,1,4,-3.996429974,-5.283989333,1
8594,1789654184.964124441,0.000000000,1,1,0,4,1,4,-3.996429974,-5.283989333,1
8595,1789654184.974104643,0.000000000,1,1,0,4,1,4,-3.996429974,-5.283989333,1
8596,1789654184.984157324,0.000000000,1,1,0,4,1,4,-3.996429974,-5.283989333,1
8597,1789654184.994120121,0.000000000,1,1,0,4,1,4,-3.996429974,-5.283989333,1
8598,1789654185.004112482,0.000000000,1,1,0,4,1,4,-3.996429974,-5.283989333,1
8599,1789654185.014177322,0.000000000,1,1,0,4,1,4,-3.996429974,-5.283989333,1
8600,1789654185.024140358,0.000000000,1,1,0,4,1,4,-3.996429974,-5.283989333,1
8601,1789654185.034171343,0.000000000,1,1,0,4,1,4,-3.996429974,-5.283989333,1
8602,1789654185.044136286,0.000000000,1,1,0,4,1,4,-3.996429974,-5.283989333,1
8603,1789654185.054137230,0.000000000,1,1,0,4,1,4,-3.996429974,-5.283989333,1
8604,1789654185.064108133,0.000000000,1,1,0,4,1,4,-3.996429974,-5.283989333,1
8605,1789654185.074111700,0.000000000,1,1,0,4,1,4,-3.996429974,-5.283989333,1
8606,1789654185.084116697,0.000000000,1,1,0,4,1,4,-3.996429974,-5.283989333,1
8607,1789654185.094142914,0.000000000,1,1,0,4,1,4,-3.996429974,-5.283989333,1
8608,1789654185.104116917,0.000000000,1,1,0,4,1,4,-3.996429974,-5.283989333,1
8609,1789654185.114160061,0.000000000,1,1,0,4,1,4,-3.996429974,-5.283989333,1
8610,1789654185.124178410,0.000000000,1,1,0,4,1,4,-3.996429974,-5.283989333,1
8611,1789654185.134109735,0.000000000,1,1,0,4,1,4,-3.996429974,-5.283989333,1
8612,1789654185.144107580,0.000000000,1,1,0,4,1,4,-3.996429974,-5.283989333,1
8613,1789654185.154105902,0.000000000,1,1,0,4,1,4,-3.996429974,-5.283989333,1
8614,1789654185.164129019,0.000000000,1,1,0,4,1,4,-3.996429974,-5.283989333,1
8615,1789654185.174146652,0.000000000,1,1,0,4,1,4,-4.011187840,-5.283989333,1
8616,1789654185.184129238,0.000000000,1,1,0,4,1,4,-4.011187840,-5.283989333,1
8617,1789654185.194116354,0.000000000,1,1,0,4,1,4,-4.011187840,-5.283989333,1
8618,1789654185.204167604,0.000000000,1,1,0,4,1,4,-4.011187840,-5.283989333,1
8619,1789654185.214147568,0.000000000,1,1,0,4,1,4,-4.011187840,-5.283989333,1
8620,1789654185.224174738,0.000000000,1,1,0,4,1,4,-4.011187840,-5.283989333,1
8621,1789654185.234140635,0.000000000,1,1,0,4,1,4,-4.011187840,-5.283989333,1
8622,1789654185.244166851,0.000000000,1,1,0,4,1,4,-4.011187840,-5.283989333,1
8623,1789654185.254113674,0.000000000,1,1,0,4,1,4,-4.011187840,-5.283989333,1
8624,1789654185.264104843,0.000000000,1,1,0,4,1,4,-4.011187840,-5.283989333,1
8625,1789654185.274157524,0.000000000,1,1,0,4,1,4,-4.011187840,-5.283989333,1
8626,1789654185.284166813,0.000000000,1,1,0,4,1,4,-4.011187840,-5.283989333,1
8627,1789654185.294148684,0.000000000,1,1,0,4,1,4,-4.011187840,-5.283989333,1
8628,1789654185.304174185,0.000000000,1,1,0,4,1,4,-4.011187840,-5.283989333,1
8629,1789654185.314164639,0.000000000,1,1,0,4,1,4,-4.011187840,-5.283989333,1
8630,1789654185.324191093,0.000000000,1,1,0,4,1,4,-4.011187840,-5.283989333,1
8631,1789654185.334195852,0.000000000,1,1,0,4,1,4,-4.011187840,-5.283989333,1
8632,1789654185.344125032,0.000000000,1,1,0,4,1,4,-4.011187840,-5.283989333,1
8633,1789654185.354204178,0.000000000,1,1,0,4,1,4,-4.011187840,-5.283989333,1
8634,1789654185.364154100,0.000000000,1,1,0,4,1,4,-4.011187840,-5.283989333,1
8635,1789654185.374116659,0.000000000,1,1,0,4,1,4,-3.996429974,-5.283989333,1
8636,1789654185.384175062,0.000000000,1,1,0,4,1,4,-3.996429974,-5.283989333,1
8637,1789654185.394186258,0.000000000,1,1,0,4,1,4,-3.996429974,-5.283989333,1
8638,1789654185.404146910,0.000000000,1,1,0,4,1,4,-3.996429974,-5.283989333,1
8639,1789654185.414161205,0.000000000,1,1,0,4,1,4,-3.996429974,-5.283989333,1
8640,1789654185.424167871,0.000000000,1,1,0,4,1,4,-3.996429974,-5.283989333,1
8641,1789654185.434135199,0.000000000,1,1,0,4,1,4,-3.996429974,-5.283989333,1
8642,1789654185.444168329,0.000000000,1,1,0,4,1,4,-3.996429974,-5.283989333,1
8643,1789654185.454132557,0.000000000,1,1,0,4,1,4,-3.996429974,-5.283989333,1
8644,1789654185.464290380,0.000000000,1,1,0,4,1,4,-3.996429974,-5.283989333,1
8645,1789654185.474115849,0.000000000,1,1,0,4,1,4,-3.996429974,-5.283989333,1
8646,1789654185.484145164,0.000000000,1,1,0,4,1,4,-3.996429974,-5.283989333,1
8647,1789654185.494144440,0.000000000,1,1,0,4,1,4,-3.996429974,-5.283989333,1
8648,1789654185.504189253,0.000000000,1,1,0,4,1,4,-3.996429974,-5.283989333,1
8649,1789654185.514186382,0.000000000,1,1,0,4,1,4,-3.996429974,-5.283989333,1
8650,1789654185.524152279,0.000000000,1,1,0,4,1,4,-3.996429974,-5.283989333,1
8651,1789654185.534124613,0.000000000,1,1,0,4,1,4,-3.996429974,-5.283989333,1
8652,1789654185.544162512,0.000000000,1,1,0,4,1,4,-3.996429974,-5.283989333,1
8653,1789654185.554162502,0.000000000,1,1,0,4,1,4,-3.996429974,-5.283989333,1
8654,1789654185.564168453,0.000000000,1,1,0,4,1,4,-3.996429974,-5.283989333,1
8655,1789654185.574170589,0.000000000,1,1,0,4,1,4,-3.996429974,-5.283989333,1
8656,1789654185.584172010,0.000000000,1,1,0,4,1,4,-3.996429974,-5.283989333,1
8657,1789654185.594171286,0.000000000,1,1,0,4,1,4,-3.996429974,-5.283989333,1
8658,1789654185.604185104,0.000000000,1,1,0,4,1,4,-3.996429974,-5.283989333,1
8659,1789654185.614223719,0.000000000,1,1,0,4,1,4,-3.996429974,-5.283989333,1
8660,1789654185.624123096,0.000000000,1,1,0,4,1,4,-3.996429974,-5.283989333,1
8661,1789654185.634126663,0.000000000,1,1,0,4,1,4,-3.996429974,-5.283989333,1
8662,1789654185.644127369,0.000000000,1,1,0,4,1,4,-3.996429974,-5.283989333,1
8663,1789654185.654175520,0.000000000,1,1,0,4,1,4,-3.996429974,-5.283989333,1
8664,1789654185.664183140,0.000000000,1,1,0,4,1,4,-3.996429974,-5.283989333,1
8665,1789654185.674141169,0.000000000,1,1,0,4,1,4,-3.996429974,-5.283989333,1
8666,1789654185.684170485,0.000000000,1,1,0,4,1,4,-3.996429974,-5.283989333,1
8667,1789654185.694159508,0.000000000,1,1,0,4,1,4,-3.996429974,-5.283989333,1
8668,1789654185.704179525,0.000000000,1,1,0,4,1,4,-3.996429974,-5.283989333,1
8669,1789654185.714144945,0.000000000,1,1,0,4,1,4,-3.996429974,-5.283989333,1
8670,1789654185.724215031,0.000000000,1,1,0,4,1,4,-3.996429974,-5.283989333,1
8671,1789654185.734189034,0.000000000,1,1,0,4,1,4,-3.996429974,-5.283989333,1
8672,1789654185.744125366,0.000000000,1,1,0,4,1,4,-3.996429974,-5.283989333,1
8673,1789654185.754125834,0.000000000,1,1,0,4,1,4,-3.996429974,-5.283989333,1
8674,1789654185.764178038,0.000000000,1,1,0,4,1,4,-3.996429974,-5.283989333,1
8675,1789654185.774126291,0.000000000,1,1,0,4,1,4,-4.011187840,-5.283989333,1
8676,1789654185.784169674,0.000000000,1,1,0,4,1,4,-4.011187840,-5.283989333,1
8677,1789654185.794218063,0.000000000,1,1,0,4,1,4,-4.011187840,-5.283989333,1
8678,1789654185.804187536,0.000000000,1,1,0,4,1,4,-4.011187840,-5.283989333,1
8679,1789654185.814187765,0.000000000,1,1,0,4,1,4,-4.011187840,-5.283989333,1
8680,1789654185.824214697,0.000000000,1,1,0,4,1,4,-4.011187840,-5.283989333,1
8681,1789654185.834141016,0.000000000,1,1,0,4,1,4,-4.011187840,-5.283989333,1
8682,1789654185.844116449,0.000000000,1,1,0,4,1,4,-4.011187840,-5.283989333,1
8683,1789654185.854114532,0.000000000,1,1,0,4,1,4,-4.011187840,-5.283989333,1
8684,1789654185.864146709,0.000000000,1,1,0,4,1,4,-4.011187840,-5.283989333,1
8685,1789654185.874134541,0.000000000,1,1,0,4,1,4,-4.011187840,-5.283989333,1
8686,1789654185.884119511,0.000000000,1,1,0,4,1,4,-4.011187840,-5.283989333,1
8687,1789654185.894137383,0.000000000,1,1,0,4,1,4,-4.011187840,-5.283989333,1
8688,1789654185.904105902,0.000000000,1,1,0,4,1,4,-4.011187840,-5.283989333,1
8689,1789654185.914117336,0.000000000,1,1,0,4,1,4,-4.011187840,-5.283989333,1
8690,1789654185.924124479,0.000000000,1,1,0,4,1,4,-4.011187840,-5.283989333,1
8691,1789654185.934127808,0.000000000,1,1,0,4,1,4,-4.011187840,-5.283989333,1
8692,1789654185.944171190,0.000000000,1,1,0,4,1,4,-4.011187840,-5.283989333,1
8693,1789654185.954142570,0.000000000,1,1,0,4,1,4,-4.011187840,-5.283989333,1
8694,1789654185.964185238,0.000000000,1,1,0,4,1,4,-4.011187840,-5.283989333,1
8695,1789654185.974141121,0.000000000,1,1,0,4,1,4,-4.011187840,-5.283989333,1
8696,1789654185.984126568,0.000000000,1,1,0,4,1,4,-4.011187840,-5.283989333,1
8697,1789654185.994133711,0.000000000,1,1,0,4,1,4,-4.011187840,-5.283989333,1
8698,1789654186.004157066,0.000000000,1,1,0,4,1,4,-4.011187840,-5.283989333,1
8699,1789654186.014157772,0.000000000,1,1,0,4,1,4,-4.011187840,-5.283989333,1
8700,1789654186.024113894,0.000000000,1,1,0,4,1,4,-4.011187840,-5.283989333,1
8701,1789654186.040987253,0.000000000,1,1,0,4,1,4,-4.011187840,-5.283989333,1
8702,1789654186.044117928,0.000000000,1,1,0,4,1,4,-4.011187840,-5.283989333,1
8703,1789654186.054110765,0.000000000,1,1,0,4,1,4,-4.011187840,-5.283989333,1
8704,1789654186.064130783,0.000000000,1,1,0,4,1,4,-4.011187840,-5.283989333,1
8705,1789654186.074113846,0.000000000,1,1,0,4,1,4,-4.011187840,-5.283989333,1
8706,1789654186.084134579,0.000000000,1,1,0,4,1,4,-4.011187840,-5.283989333,1
8707,1789654186.094157219,0.000000000,1,1,0,4,1,4,-4.011187840,-5.283989333,1
8708,1789654186.104140282,0.000000000,1,1,0,4,1,4,-4.011187840,-5.283989333,1
8709,1789654186.114141464,0.000000000,1,1,0,4,1,4,-4.011187840,-5.283989333,1
8710,1789654186.124154091,0.000000000,1,1,0,4,1,4,-4.011187840,-5.283989333,1
8711,1789654186.134180307,0.000000000,1,1,0,4,1,4,-4.011187840,-5.283989333,1
8712,1789654186.144125462,0.000000000,1,1,0,4,1,4,-4.011187840,-5.283989333,1
8713,1789654186.154116154,0.000000000,1,1,0,4,1,4,-4.011187840,-5.283989333,1
8714,1789654186.164176464,0.000000000,1,1,0,4,1,4,-4.011187840,-5.283989333,1
8715,1789654186.174131155,0.000000000,1,1,0,4,1,4,-3.996429974,-5.283989333,1
8716,1789654186.184159040,0.000000000,1,1,0,4,1,4,-3.996429974,-5.283989333,1
8717,1789654186.194148779,0.000000000,1,1,0,4,1,4,-3.996429974,-5.283989333,1
8718,1789654186.204156160,0.000000000,1,1,0,4,1,4,-3.996429974,-5.283989333,1
8719,1789654186.214113951,0.000000000,1,1,0,4,1,4,-3.996429974,-5.283989333,1
8720,1789654186.224127769,0.000000000,1,1,0,4,1,4,-3.996429974,-5.283989333,1
8721,1789654186.234174252,0.000000000,1,1,0,4,1,4,-3.996429974,-5.283989333,1
8722,1789654186.244173050,0.000000000,1,1,0,4,1,4,-3.996429974,-5.283989333,1
8723,1789654186.254111290,0.000000000,1,1,0,4,1,4,-3.996429974,-5.283989333,1
8724,1789654186.264132977,0.000000000,1,1,0,4,1,4,-3.996429974,-5.283989333,1
8725,1789654186.274134159,0.000000000,1,1,0,4,1,4,-3.996429974,-5.283989333,1
8726,1789654186.284213543,0.000000000,1,1,0,4,1,4,-3.996429974,-5.283989333,1
8727,1789654186.294130087,0.000000000,1,1,0,4,1,4,-3.996429974,-5.283989333,1
8728,1789654186.304139614,0.000000000,1,1,0,4,1,4,-3.996429974,-5.283989333,1
8729,1789654186.314126492,0.000000000,1,1,0,4,1,4,-3.996429974,-5.283989333,1
8730,1789654186.324182272,0.000000000,1,1,0,4,1,4,-3.996429974,-5.283989333,1
8731,1789654186.334203482,0.000000000,1,1,0,4,1,4,-3.996429974,-5.283989333,1
8732,1789654186.344176292,0.000000000,1,1,0,4,1,4,-3.996429974,-5.283989333,1
8733,1789654186.354176998,0.000000000,1,1,0,4,1,4,-3.996429974,-5.283989333,1
8734,1789654186.364129305,0.000000000,1,1,0,4,1,4,-3.996429974,-5.283989333,1
8735,1789654186.374099731,0.000000000,1,1,0,4,1,4,-4.011187840,-5.283989333,1
8736,1789654186.384106398,0.000000000,1,1,0,4,1,4,-4.011187840,-5.283989333,1
8737,1789654186.394105196,0.000000000,1,1,0,4,1,4,-4.011187840,-5.283989333,1
8738,1789654186.404162407,0.000000000,1,1,0,4,1,4,-4.011187840,-5.283989333,1
8739,1789654186.414133072,0.000000000,1,1,0,4,1,4,-4.011187840,-5.283989333,1
8740,1789654186.424169302,0.000000000,1,1,0,4,1,4,-4.011187840,-5.283989333,1
8741,1789654186.434125900,0.000000000,1,1,0,4,1,4,-4.011187840,-5.283989333,1
8742,1789654186.444136143,0.000000000,1,1,0,4,1,4,-4.011187840,-5.283989333,1
8743,1789654186.454173326,0.000000000,1,1,0,4,1,4,-4.011187840,-5.283989333,1
8744,1789654186.464172125,0.000000000,1,1,0,4,1,4,-4.011187840,-5.283989333,1
8745,1789654186.474118471,0.000000000,1,1,0,4,1,4,-4.011187840,-5.283989333,1
8746,1789654186.484130383,0.000000000,1,1,0,4,1,4,-4.011187840,-5.283989333,1
8747,1789654186.494146109,0.000000000,1,1,0,4,1,4,-4.011187840,-5.283989333,1
8748,1789654186.504157782,0.000000000,1,1,0,4,1,4,-4.011187840,-5.283989333,1
8749,1789654186.514122009,0.000000000,1,1,0,4,1,4,-4.011187840,-5.283989333,1
8750,1789654186.524134636,0.000000000,1,1,0,4,1,4,-4.011187840,-5.283989333,1
8751,1789654186.534112930,0.000000000,1,1,0,4,1,4,-4.011187840,-5.283989333,1
8752,1789654186.544140577,0.000000000,1,1,0,4,1,4,-4.011187840,-5.283989333,1
8753,1789654186.554132938,0.000000000,1,1,0,4,1,4,-4.011187840,-5.283989333,1
8754,1789654186.564121246,0.000000000,1,1,0,4,1,4,-4.011187840,-5.283989333,1
8755,1789654186.574165821,0.000000000,1,1,0,4,1,4,-4.011187840,-5.283989333,1
8756,1789654186.584160805,0.000000000,1,1,0,4,1,4,-4.011187840,-5.283989333,1
8757,1789654186.594185591,0.000000000,1,1,0,4,1,4,-4.011187840,-5.283989333,1
8758,1789654186.604127884,0.000000000,1,1,0,4,1,4,-4.011187840,-5.283989333,1
8759,1789654186.614173174,0.000000000,1,1,0,4,1,4,-4.011187840,-5.283989333,1
8760,1789654186.624236584,0.000000000,1,1,0,4,1,4,-4.011187840,-5.283989333,1
8761,1789654186.634146929,0.000000000,1,1,0,4,1,4,-4.011187840,-5.283989333,1
8762,1789654186.644134760,0.000000000,1,1,0,4,1,4,-4.011187840,-5.283989333,1
8763,1789654186.654127836,0.000000000,1,1,0,4,1,4,-4.011187840,-5.283989333,1
8764,1789654186.664168119,0.000000000,1,1,0,4,1,4,-4.011187840,-5.283989333,1
8765,1789654186.674117804,0.000000000,1,1,0,4,1,4,-4.011187840,-5.283989333,1
8766,1789654186.684173822,0.000000000,1,1,0,4,1,4,-4.011187840,-5.283989333,1
8767,1789654186.694156885,0.000000000,1,1,0,4,1,4,-4.011187840,-5.283989333,1
8768,1789654186.704170704,0.000000000,1,1,0,4,1,4,-4.011187840,-5.283989333,1
8769,1789654186.714179039,0.000000000,1,1,0,4,1,4,-4.011187840,-5.283989333,1
8770,1789654186.724162102,0.000000000,1,1,0,4,1,4,-4.011187840,-5.283989333,1
8771,1789654186.734134197,0.000000000,1,1,0,4,1,4,-4.011187840,-5.283989333,1
8772,1789654186.744122982,0.000000000,1,1,0,4,1,4,-4.011187840,-5.283989333,1
8773,1789654186.754130125,0.000000000,1,1,0,4,1,4,-4.011187840,-5.283989333,1
8774,1789654186.764163017,0.000000000,1,1,0,4,1,4,-4.011187840,-5.283989333,1
8775,1789654186.774146080,0.000000000,1,1,0,4,1,4,-4.011187840,-5.283989333,1
8776,1789654186.784122467,0.000000000,1,1,0,4,1,4,-4.011187840,-5.283989333,1
8777,1789654186.794173002,0.000000000,1,1,0,4,1,4,-4.011187840,-5.283989333,1
8778,1789654186.804179668,0.000000000,1,1,0,4,1,4,-4.011187840,-5.283989333,1
8779,1789654186.814172983,0.000000000,1,1,0,4,1,4,-4.011187840,-5.283989333,1
8780,1789654186.824129581,0.000000000,1,1,0,4,1,4,-4.011187840,-5.283989333,1
8781,1789654186.834139585,0.000000000,1,1,0,4,1,4,-4.011187840,-5.283989333,1
8782,1789654186.844124556,0.000000000,1,1,0,4,1,4,-4.011187840,-5.283989333,1
8783,1789654186.854123592,0.000000000,1,1,0,4,1,4,-4.011187840,-5.283989333,1
8784,1789654186.864122152,0.000000000,1,1,0,4,1,4,-4.011187840,-5.283989333,1
8785,1789654186.874121428,0.000000000,1,1,0,4,1,4,-4.011187840,-5.283989333,1
8786,1789654186.884159088,0.000000000,1,1,0,4,1,4,-4.011187840,-5.283989333,1
8787,1789654186.894176245,0.000000000,1,1,0,4,1,4,-4.011187840,-5.283989333,1
8788,1789654186.904181004,0.000000000,1,1,0,4,1,4,-4.011187840,-5.283989333,1
8789,1789654186.914181232,0.000000000,1,1,0,4,1,4,-4.011187840,-5.283989333,1
8790,1789654186.924216270,0.000000000,1,1,0,4,1,4,-4.011187840,-5.283989333,1
8791,1789654186.934129715,0.000000000,1,1,0,4,1,4,-4.011187840,-5.283989333,1
8792,1789654186.944132566,0.000000000,1,1,0,4,1,4,-4.011187840,-5.283989333,1
8793,1789654186.954204321,0.000000000,1,1,0,4,1,4,-4.011187840,-5.283989333,1
8794,1789654186.964192152,0.000000000,1,1,0,4,1,4,-4.011187840,-5.283989333,1
8795,1789654186.974138975,0.000000000,1,1,0,4,1,4,-4.011187840,-5.283989333,1
8796,1789654186.984128952,0.000000000,1,1,0,4,1,4,-4.011187840,-5.283989333,1
8797,1789654186.994154215,0.000000000,1,1,0,4,1,4,-4.011187840,-5.283989333,1
8798,1789654187.004175425,0.000000000,1,1,0,4,1,4,-4.011187840,-5.283989333,1
8799,1789654187.014178753,0.000000000,1,1,0,4,1,4,-4.011187840,-5.283989333,1
8800,1789654187.024171591,0.000000000,1,1,0,4,1,4,-4.011187840,-5.283989333,1
8801,1789654187.034210443,0.000000000,1,1,0,4,1,4,-4.011187840,-5.283989333,1
8802,1789654187.044147730,0.000000000,1,1,0,4,1,4,-4.011187840,-5.283989333,1
8803,1789654187.054209709,0.000000000,1,1,0,4,1,4,-4.011187840,-5.283989333,1
8804,1789654187.064167023,0.000000000,1,1,0,4,1,4,-4.011187840,-5.283989333,1
8805,1789654187.074129820,0.000000000,1,1,0,4,1,4,-4.011187840,-5.283989333,1
8806,1789654187.084171295,0.000000000,1,1,0,4,1,4,-4.011187840,-5.283989333,1
8807,1789654187.094160795,0.000000000,1,1,0,4,1,4,-4.011187840,-5.283989333,1
8808,1789654187.104192495,0.000000000,1,1,0,4,1,4,-4.011187840,-5.283989333,1
8809,1789654187.114130735,0.000000000,1,1,0,4,1,4,-4.011187840,-5.283989333,1
8810,1789654187.124181509,0.000000000,1,1,0,4,1,4,-4.011187840,-5.283989333,1
8811,1789654187.134130716,0.000000000,1,1,0,4,1,4,-4.011187840,-5.283989333,1
8812,1789654187.144199848,0.000000000,1,1,0,4,1,4,-4.011187840,-5.283989333,1
8813,1789654187.154135227,0.000000000,1,1,0,4,1,4,-4.011187840,-5.283989333,1
8814,1789654187.164178610,0.000000000,1,1,0,4,1,4,-4.011187840,-5.283989333,1
8815,1789654187.174163103,0.000000000,1,1,0,4,1,4,-4.011187840,-5.283989333,1
8816,1789654187.184177637,0.000000000,1,1,0,4,1,4,-4.011187840,-5.283989333,1
8817,1789654187.194154501,0.000000000,1,1,0,4,1,4,-4.011187840,-5.283989333,1
8818,1789654187.204185963,0.000000000,1,1,0,4,1,4,-4.011187840,-5.283989333,1
8819,1789654187.214178085,0.000000000,1,1,0,4,1,4,-4.011187840,-5.283989333,1
8820,1789654187.224130154,0.000000000,1,1,0,4,1,4,-4.011187840,-5.283989333,1
8821,1789654187.234159708,0.000000000,1,1,0,4,1,4,-4.011187840,-5.283989333,1
8822,1789654187.244153261,0.000000000,1,1,0,4,1,4,-4.011187840,-5.283989333,1
8823,1789654187.254118919,0.000000000,1,1,0,4,1,4,-4.011187840,-5.283989333,1
8824,1789654187.264109850,0.000000000,1,1,0,4,1,4,-4.011187840,-5.283989333,1
8825,1789654187.274136543,0.000000000,1,1,0,4,1,4,-4.011187840,-5.283989333,1
8826,1789654187.284129381,0.000000000,1,1,0,4,1,4,-4.011187840,-5.283989333,1
8827,1789654187.294115067,0.000000000,1,1,0,4,1,4,-4.011187840,-5.283989333,1
8828,1789654187.304153442,0.000000000,1,1,0,4,1,4,-4.011187840,-5.283989333,1
8829,1789654187.314117670,0.000000000,1,1,0,4,1,4,-4.011187840,-5.283989333,1
8830,1789654187.324108124,0.000000000,1,1,0,4,1,4,-4.011187840,-5.283989333,1
8831,1789654187.334179163,0.000000000,1,1,0,4,1,4,-4.011187840,-5.283989333,1
8832,1789654187.344136715,0.000000000,1,1,0,4,1,4,-4.011187840,-5.283989333,1
8833,1789654187.354215622,0.000000000,1,1,0,4,1,4,-4.011187840,-5.283989333,1
8834,1789654187.364136219,0.000000000,1,1,0,4,1,4,-4.011187840,-5.283989333,1
8835,1789654187.374111652,0.000000000,1,1,0,4,1,4,-4.011187840,-5.283989333,1
8836,1789654187.384121656,0.000000000,1,1,0,4,1,4,-4.011187840,-5.283989333,1
8837,1789654187.394079924,0.000000000,1,1,0,4,1,4,-4.011187840,-5.283989333,1
8838,1789654187.404111862,0.000000000,1,1,0,4,1,4,-4.011187840,-5.283989333,1
8839,1789654187.414160728,0.000000000,1,1,0,4,1,4,-4.011187840,-5.283989333,1
8840,1789654187.424189806,0.000000000,1,1,0,4,1,4,-4.011187840,-5.283989333,1
8841,1789654187.434129238,0.000000000,1,1,0,4,1,4,-4.011187840,-5.283989333,1
8842,1789654187.444190979,0.000000000,1,1,0,4,1,4,-4.011187840,-5.283989333,1
8843,1789654187.454117537,0.000000000,1,1,0,4,1,4,-4.011187840,-5.283989333,1
8844,1789654187.464122057,0.000000000,1,1,0,4,1,4,-4.011187840,-5.283989333,1
8845,1789654187.474109650,0.000000000,1,1,0,4,1,4,-4.011187840,-5.283989333,1
8846,1789654187.484114408,0.000000000,1,1,0,4,1,4,-4.011187840,-5.283989333,1
8847,1789654187.494140148,0.000000000,1,1,0,4,1,4,-4.011187840,-5.283989333,1
8848,1789654187.504128218,0.000000000,1,1,0,4,1,4,-4.011187840,-5.283989333,1
8849,1789654187.514142990,0.000000000,1,1,0,4,1,4,-4.011187840,-5.283989333,1
8850,1789654187.524197817,0.000000000,1,1,0,4,1,4,-4.011187840,-5.283989333,1
8851,1789654187.534118176,0.000000000,1,1,0,4,1,4,-4.011187840,-5.283989333,1
8852,1789654187.544213295,0.000000000,1,1,0,4,1,4,-4.011187840,-5.283989333,1
8853,1789654187.554182053,0.000000000,1,1,0,4,1,4,-4.011187840,-5.283989333,1
8854,1789654187.564190865,0.000000000,1,1,0,4,1,4,-4.011187840,-5.283989333,1
8855,1789654187.574124336,0.000000000,1,1,0,4,1,4,-4.011187840,-5.283989333,1
8856,1789654187.584168434,0.000000000,1,1,0,4,1,4,-4.011187840,-5.283989333,1
8857,1789654187.594206095,0.000000000,1,1,0,4,1,4,-4.011187840,-5.283989333,1
8858,1789654187.604119778,0.000000000,1,1,0,4,1,4,-4.011187840,-5.283989333,1
8859,1789654187.614157915,0.000000000,1,1,0,4,1,4,-4.011187840,-5.283989333,1
8860,1789654187.624140263,0.000000000,1,1,0,4,1,4,-4.011187840,-5.283989333,1
8861,1789654187.634167671,0.000000000,1,1,0,4,1,4,-4.011187840,-5.283989333,1
8862,1789654187.644173145,0.000000000,1,1,0,4,1,4,-4.011187840,-5.283989333,1
8863,1789654187.654185057,0.000000000,1,1,0,4,1,4,-4.011187840,-5.283989333,1
8864,1789654187.664117336,0.000000000,1,1,0,4,1,4,-4.011187840,-5.283989333,1
8865,1789654187.674134016,0.000000000,1,1,0,4,1,4,-4.011187840,-5.283989333,1
8866,1789654187.684158564,0.000000000,1,1,0,4,1,4,-4.011187840,-5.283989333,1
8867,1789654187.694141388,0.000000000,1,1,0,4,1,4,-4.011187840,-5.283989333,1
8868,1789654187.704162121,0.000000000,1,1,0,4,1,4,-4.011187840,-5.283989333,1
8869,1789654187.714141130,0.000000000,1,1,0,4,1,4,-4.011187840,-5.283989333,1
8870,1789654187.724132538,0.000000000,1,1,0,4,1,4,-4.011187840,-5.283989333,1
8871,1789654187.734174967,0.000000000,1,1,0,4,1,4,-4.011187840,-5.283989333,1
8872,1789654187.744136095,0.000000000,1,1,0,4,1,4,-4.011187840,-5.283989333,1
8873,1789654187.754168987,0.000000000,1,1,0,4,1,4,-4.011187840,-5.283989333,1
8874,1789654187.764103889,0.000000000,1,1,0,4,1,4,-4.011187840,-5.283989333,1
8875,1789654187.774133921,0.000000000,1,1,0,4,1,4,-4.011187840,-5.283989333,1
8876,1789654187.784157991,0.000000000,1,1,0,4,1,4,-4.011187840,-5.283989333,1
8877,1789654187.794124603,0.000000000,1,1,0,4,1,4,-4.011187840,-5.283989333,1
8878,1789654187.804160833,0.000000000,1,1,0,4,1,4,-4.011187840,-5.283989333,1
8879,1789654187.814183235,0.000000000,1,1,0,4,1,4,-4.011187840,-5.283989333,1
8880,1789654187.824205160,0.000000000,1,1,0,4,1,4,-4.011187840,-5.283989333,1
8881,1789654187.834182978,0.000000000,1,1,0,4,1,4,-4.011187840,-5.283989333,1
8882,1789654187.844175577,0.000000000,1,1,0,4,1,4,-4.011187840,-5.283989333,1
8883,1789654187.854113579,0.000000000,1,1,0,4,1,4,-4.011187840,-5.283989333,1
8884,1789654187.864142418,0.000000000,1,1,0,4,1,4,-4.011187840,-5.283989333,1
8885,1789654187.874109983,0.000000000,1,1,0,4,1,4,-4.011187840,-5.283989333,1
8886,1789654187.884172440,0.000000000,1,1,0,4,1,4,-4.011187840,-5.283989333,1
8887,1789654187.894157648,0.000000000,1,1,0,4,1,4,-4.011187840,-5.283989333,1
8888,1789654187.904133320,0.000000000,1,1,0,4,1,4,-4.011187840,-5.283989333,1
8889,1789654187.914117575,0.000000000,1,1,0,4,1,4,-4.011187840,-5.283989333,1
8890,1789654187.924180984,0.000000000,1,1,0,4,1,4,-4.011187840,-5.283989333,1
8891,1789654187.934123755,0.000000000,1,1,0,4,1,4,-4.011187840,-5.283989333,1
8892,1789654187.944569588,0.000000000,1,1,0,4,1,4,-4.011187840,-5.283989333,1
8893,1789654187.954118967,0.000000000,1,1,0,4,1,4,-4.011187840,-5.283989333,1
8894,1789654187.964115381,0.000000000,1,1,0,4,1,4,-4.011187840,-5.283989333,1
8895,1789654187.978215694,0.000000000,1,1,0,4,1,4,-4.011187840,-5.283989333,1
8896,1789654187.984136105,0.000000000,1,1,0,4,1,4,-4.011187840,-5.283989333,1
8897,1789654187.994129658,0.000000000,1,1,0,4,1,4,-4.011187840,-5.283989333,1
8898,1789654188.004131794,0.000000000,1,1,0,4,1,4,-4.011187840,-5.283989333,1
8899,1789654188.014109373,0.000000000,1,1,0,4,1,4,-4.011187840,-5.283989333,1
8900,1789654188.024109364,0.000000000,1,1,0,4,1,4,-4.011187840,-5.283989333,1
8901,1789654188.034113169,0.000000000,1,1,0,4,1,4,-4.011187840,-5.283989333,1
8902,1789654188.044136047,0.000000000,1,1,0,4,1,4,-4.011187840,-5.283989333,1
8903,1789654188.054160357,0.000000000,1,1,0,4,1,4,-4.011187840,-5.283989333,1
8904,1789654188.064133167,0.000000000,1,1,0,4,1,4,-4.011187840,-5.283989333,1
8905,1789654188.074122429,0.000000000,1,1,0,4,1,4,-4.011187840,-5.283989333,1
8906,1789654188.084114790,0.000000000,1,1,0,4,1,4,-4.011187840,-5.283989333,1
8907,1789654188.094177485,0.000000000,1,1,0,4,1,4,-4.011187840,-5.283989333,1
8908,1789654188.104155302,0.000000000,1,1,0,4,1,4,-4.011187840,-5.283989333,1
8909,1789654188.114157915,0.000000000,1,1,0,4,1,4,-4.011187840,-5.283989333,1
8910,1789654188.124144077,0.000000000,1,1,0,4,1,4,-4.011187840,-5.283989333,1
8911,1789654188.134122610,0.000000000,1,1,0,4,1,4,-4.011187840,-5.283989333,1
8912,1789654188.144169331,0.000000000,1,1,0,4,1,4,-4.011187840,-5.283989333,1
8913,1789654188.154130936,0.000000000,1,1,0,4,1,4,-4.011187840,-5.283989333,1
8914,1789654188.164108276,0.000000000,1,1,0,4,1,4,-4.011187840,-5.283989333,1
8915,1789654188.174132824,0.000000000,1,1,0,4,1,4,-4.011187840,-5.283989333,1
8916,1789654188.184144974,0.000000000,1,1,0,4,1,4,-4.011187840,-5.283989333,1
8917,1789654188.194186211,0.000000000,1,1,0,4,1,4,-4.011187840,-5.283989333,1
8918,1789654188.204138517,0.000000000,1,1,0,4,1,4,-4.011187840,-5.283989333,1
8919,1789654188.214156151,0.000000000,1,1,0,4,1,4,-4.011187840,-5.283989333,1
8920,1789654188.224215746,0.000000000,1,1,0,4,1,4,-4.011187840,-5.283989333,1
8921,1789654188.234178782,0.000000000,1,1,0,4,1,4,-4.011187840,-5.283989333,1
8922,1789654188.244151115,0.000000000,1,1,0,4,1,4,-4.011187840,-5.283989333,1
8923,1789654188.254135609,0.000000000,1,1,0,4,1,4,-4.011187840,-5.283989333,1
8924,1789654188.264122963,0.000000000,1,1,0,4,1,4,-4.011187840,-5.283989333,1
8925,1789654188.274149179,0.000000000,1,1,0,4,1,4,-4.011187840,-5.283989333,1
8926,1789654188.284125805,0.000000000,1,1,0,4,1,4,-4.011187840,-5.283989333,1
8927,1789654188.294152260,0.000000000,1,1,0,4,1,4,-4.011187840,-5.283989333,1
8928,1789654188.304120541,0.000000000,1,1,0,4,1,4,-4.011187840,-5.283989333,1
8929,1789654188.314115286,0.000000000,1,1,0,4,1,4,-4.011187840,-5.283989333,1
8930,1789654188.324180841,0.000000000,1,1,0,4,1,4,-4.011187840,-5.283989333,1
8931,1789654188.334143400,0.000000000,1,1,0,4,1,4,-4.011187840,-5.283989333,1
8932,1789654188.344151974,0.000000000,1,1,0,4,1,4,-4.011187840,-5.283989333,1
8933,1789654188.354162455,0.000000000,1,1,0,4,1,4,-4.011187840,-5.283989333,1
8934,1789654188.364108324,0.000000000,1,1,0,4,1,4,-4.011187840,-5.283989333,1
8935,1789654188.374125719,0.000000000,1,1,0,4,1,4,-4.011187840,-5.283989333,1
8936,1789654188.384126425,0.000000000,1,1,0,4,1,4,-4.011187840,-5.283989333,1
8937,1789654188.394150972,0.000000000,1,1,0,4,1,4,-4.011187840,-5.283989333,1
8938,1789654188.404131174,0.000000000,1,1,0,4,1,4,-4.011187840,-5.283989333,1
8939,1789654188.415201187,0.000000000,1,1,0,4,1,4,-4.011187840,-5.283989333,1
8940,1789654188.424237728,0.000000000,1,1,0,4,1,4,-4.011187840,-5.283989333,1
8941,1789654188.434138298,0.000000000,1,1,0,4,1,4,-4.011187840,-5.283989333,1
8942,1789654188.444134235,0.000000000,1,1,0,4,1,4,-4.011187840,-5.283989333,1
8943,1789654188.454152822,0.000000000,1,1,0,4,1,4,-4.011187840,-5.283989333,1
8944,1789654188.464115858,0.000000000,1,1,0,4,1,4,-4.011187840,-5.283989333,1
8945,1789654188.474114418,0.000000000,1,1,0,4,1,4,-4.011187840,-5.283989333,1
8946,1789654188.484141350,0.000000000,1,1,0,4,1,4,-4.011187840,-5.283989333,1
8947,1789654188.494165182,0.000000000,1,1,0,4,1,4,-4.011187840,-5.283989333,1
8948,1789654188.504158258,0.000000000,1,1,0,4,1,4,-4.011187840,-5.283989333,1
8949,1789654188.514159918,0.000000000,1,1,0,4,1,4,-4.011187840,-5.283989333,1
8950,1789654188.524109602,0.000000000,1,1,0,4,1,4,-4.011187840,-5.283989333,1
8951,1789654188.534117937,0.000000000,1,1,0,4,1,4,-4.011187840,-5.283989333,1
8952,1789654188.544113874,0.000000000,1,1,0,4,1,4,-4.011187840,-5.283989333,1
8953,1789654188.554207087,0.000000000,1,1,0,4,1,4,-4.011187840,-5.283989333,1
8954,1789654188.564138412,0.000000000,1,1,0,4,1,4,-4.011187840,-5.283989333,1
8955,1789654188.574122667,0.000000000,1,1,0,4,1,4,-4.011187840,-5.283989333,1
8956,1789654188.584154606,0.000000000,1,1,0,4,1,4,-4.011187840,-5.283989333,1
8957,1789654188.594139814,0.000000000,1,1,0,4,1,4,-4.011187840,-5.283989333,1
8958,1789654188.604133129,0.000000000,1,1,0,4,1,4,-4.011187840,-5.283989333,1
8959,1789654188.614124537,0.000000000,1,1,0,4,1,4,-4.011187840,-5.283989333,1
8960,1789654188.624109268,0.000000000,1,1,0,4,1,4,-4.011187840,-5.283989333,1
8961,1789654188.634122610,0.000000000,1,1,0,4,1,4,-4.011187840,-5.283989333,1
8962,1789654188.644107342,0.000000000,1,1,0,4,1,4,-4.011187840,-5.283989333,1
8963,1789654188.654127836,0.000000000,1,1,0,4,1,4,-4.011187840,-5.283989333,1
8964,1789654188.664123297,0.000000000,1,1,0,4,1,4,-4.011187840,-5.283989333,1
8965,1789654188.674135208,0.000000000,1,1,0,4,1,4,-4.011187840,-5.283989333,1
8966,1789654188.684160233,0.000000000,1,1,0,4,1,4,-4.011187840,-5.283989333,1
8967,1789654188.694126606,0.000000000,1,1,0,4,1,4,-4.011187840,-5.283989333,1
8968,1789654188.704157114,0.000000000,1,1,0,4,1,4,-4.011187840,-5.283989333,1
8969,1789654188.714159966,0.000000000,1,1,0,4,1,4,-4.011187840,-5.283989333,1
8970,1789654188.724219084,0.000000000,1,1,0,4,1,4,-4.011187840,-5.283989333,1
8971,1789654188.734134197,0.000000000,1,1,0,4,1,4,-4.011187840,-5.283989333,1
8972,1789654188.744143724,0.000000000,1,1,0,4,1,4,-4.011187840,-5.283989333,1
8973,1789654188.754125595,0.000000000,1,1,0,4,1,4,-4.011187840,-5.283989333,1
8974,1789654188.764192820,0.000000000,1,1,0,4,1,4,-4.011187840,-5.283989333,1
8975,1789654188.774118185,0.000000000,1,1,0,4,1,4,-4.011187840,-5.283989333,1
8976,1789654188.784261942,0.000000000,1,1,0,4,1,4,-4.011187840,-5.283989333,1
8977,1789654188.794169188,0.000000000,1,1,0,4,1,4,-4.011187840,-5.283989333,1
8978,1789654188.804183722,0.000000000,1,1,0,4,1,4,-4.011187840,-5.283989333,1
8979,1789654188.814191580,0.000000000,1,1,0,4,1,4,-4.011187840,-5.283989333,1
8980,1789654188.824113131,0.000000000,1,1,0,4,1,4,-4.011187840,-5.283989333,1
8981,1789654188.834110737,0.000000000,1,1,0,4,1,4,-4.011187840,-5.283989333,1
8982,1789654188.844120502,0.000000000,1,1,0,4,1,4,-4.011187840,-5.283989333,1
8983,1789654188.854119062,0.000000000,1,1,0,4,1,4,-4.011187840,-5.283989333,1
8984,1789654188.864136934,0.000000000,1,1,0,4,1,4,-4.011187840,-5.283989333,1
8985,1789654188.874131680,0.000000000,1,1,0,4,1,4,-4.011187840,-5.283989333,1
8986,1789654188.884108067,0.000000000,1,1,0,4,1,4,-4.011187840,-5.283989333,1
8987,1789654188.894111395,0.000000000,1,1,0,4,1,4,-4.011187840,-5.283989333,1
8988,1789654188.904143572,0.000000000,1,1,0,4,1,4,-4.011187840,-5.283989333,1
8989,1789654188.914137363,0.000000000,1,1,0,4,1,4,-4.011187840,-5.283989333,1
8990,1789654188.924146891,0.000000000,1,1,0,4,1,4,-4.011187840,-5.283989333,1
8991,1789654188.934108734,0.000000000,1,1,0,4,1,4,-4.011187840,-5.283989333,1
8992,1789654188.944173098,0.000000000,1,1,0,4,1,4,-4.011187840,-5.283989333,1
8993,1789654188.954148531,0.000000000,1,1,0,4,1,4,-4.011187840,-5.283989333,1
8994,1789654188.964129210,0.000000000,1,1,0,4,1,4,-4.011187840,-5.283989333,1
8995,1789654188.974117279,0.000000000,1,1,0,4,1,4,-4.011187840,-5.283989333,1
8996,1789654188.984135866,0.000000000,1,1,0,4,1,4,-4.011187840,-5.283989333,1
8997,1789654188.994133234,0.000000000,1,1,0,4,1,4,-4.011187840,-5.283989333,1
8998,1789654189.004169703,0.000000000,1,1,0,4,1,4,-4.011187840,-5.283989333,1
8999,1789654189.014294386,0.000000000,1,1,0,4,1,4,-4.011187840,-5.283989333,1
9000,1789654189.024107456,0.000000000,1,1,0,4,1,4,-4.011187840,-5.283989333,1
9001,1789654189.034118652,0.000000000,1,1,0,4,1,4,-4.011187840,-5.283989333,1
9002,1789654189.044174910,0.000000000,1,1,0,4,1,4,-4.011187840,-5.283989333,1
9003,1789654189.054167271,0.000000000,1,1,0,4,1,4,-4.011187840,-5.283989333,1
9004,1789654189.064102173,0.000000000,1,1,0,4,1,4,-4.011187840,-5.283989333,1
9005,1789654189.074133873,0.000000000,1,1,0,4,1,4,-4.011187840,-5.283989333,1
9006,1789654189.084118128,0.000000000,1,1,0,4,1,4,-4.011187840,-5.283989333,1
9007,1789654189.094118357,0.000000000,1,1,0,4,1,4,-4.011187840,-5.283989333,1
9008,1789654189.104106903,0.000000000,1,1,0,4,1,4,-4.011187840,-5.283989333,1
9009,1789654189.114157200,0.000000000,1,1,0,4,1,4,-4.011187840,-5.283989333,1
9010,1789654189.124131441,0.000000000,1,1,0,4,1,4,-4.011187840,-5.283989333,1
9011,1789654189.134131908,0.000000000,1,1,0,4,1,4,-4.011187840,-5.283989333,1
9012,1789654189.144149780,0.000000000,1,1,0,4,1,4,-4.011187840,-5.283989333,1
9013,1789654189.154183388,0.000000000,1,1,0,4,1,4,-4.011187840,-5.283989333,1
9014,1789654189.164140224,0.000000000,1,1,0,4,1,4,-4.011187840,-5.283989333,1
9015,1789654189.174115658,0.000000000,1,1,0,4,1,4,-4.011187840,-5.283989333,1
9016,1789654189.184182882,0.000000000,1,1,0,4,1,4,-4.011187840,-5.283989333,1
9017,1789654189.194191217,0.000000000,1,1,0,4,1,4,-4.011187840,-5.283989333,1
9018,1789654189.204132557,0.000000000,1,1,0,4,1,4,-4.011187840,-5.283989333,1
9019,1789654189.214183569,0.000000000,1,1,0,4,1,4,-4.011187840,-5.283989333,1
9020,1789654189.224158764,0.000000000,1,1,0,4,1,4,-4.011187840,-5.283989333,1
9021,1789654189.235233784,0.000000000,1,1,0,4,1,4,-4.011187840,-5.283989333,1
9022,1789654189.244139671,0.000000000,1,1,0,4,1,4,-4.011187840,-5.283989333,1
9023,1789654189.254143238,0.000000000,1,1,0,4,1,4,-4.011187840,-5.283989333,1
9024,1789654189.264542580,0.000000000,1,1,0,4,1,4,-4.011187840,-5.283989333,1
9025,1789654189.274136305,0.000000000,1,1,0,4,1,4,-4.011187840,-5.283989333,1
9026,1789654189.284137964,0.000000000,1,1,0,4,1,4,-4.011187840,-5.283989333,1
9027,1789654189.294177294,0.000000000,1,1,0,4,1,4,-4.011187840,-5.283989333,1
9028,1789654189.304181099,0.000000000,1,1,0,4,1,4,-4.011187840,-5.283989333,1
9029,1789654189.314213514,0.000000000,1,1,0,4,1,4,-4.011187840,-5.283989333,1
9030,1789654189.324113846,0.000000000,1,1,0,4,1,4,-4.011187840,-5.283989333,1
9031,1789654189.334112406,0.000000000,1,1,0,4,1,4,-4.011187840,-5.283989333,1
9032,1789654189.344143391,0.000000000,1,1,0,4,1,4,-4.011187840,-5.283989333,1
9033,1789654189.354150295,0.000000000,1,1,0,4,1,4,-4.011187840,-5.283989333,1
9034,1789654189.364123821,0.000000000,1,1,0,4,1,4,-4.011187840,-5.283989333,1
9035,1789654189.374114275,0.000000000,1,1,0,4,1,4,-4.011187840,-5.283989333,1
9036,1789654189.384118080,0.000000000,1,1,0,4,1,4,-4.011187840,-5.283989333,1
9037,1789654189.394113064,0.000000000,1,1,0,4,1,4,-4.011187840,-5.283989333,1
9038,1789654189.404162645,0.000000000,1,1,0,4,1,4,-4.011187840,-5.283989333,1
9039,1789654189.414170980,0.000000000,1,1,0,4,1,4,-4.011187840,-5.283989333,1
9040,1789654189.424188137,0.000000000,1,1,0,4,1,4,-4.011187840,-5.283989333,1
9041,1789654189.434126854,0.000000000,1,1,0,4,1,4,-4.011187840,-5.283989333,1
9042,1789654189.444155693,0.000000000,1,1,0,4,1,4,-4.011187840,-5.283989333,1
9043,1789654189.454149723,0.000000000,1,1,0,4,1,4,-4.011187840,-5.283989333,1
9044,1789654189.464146376,0.000000000,1,1,0,4,1,4,-4.011187840,-5.283989333,1
9045,1789654189.474132776,0.000000000,1,1,0,4,1,4,-4.011187840,-5.283989333,1
9046,1789654189.484161615,0.000000000,1,1,0,4,1,4,-4.011187840,-5.283989333,1
9047,1789654189.494184256,0.000000000,1,1,0,4,1,4,-4.011187840,-5.283989333,1
9048,1789654189.504179716,0.000000000,1,1,0,4,1,4,-4.011187840,-5.283989333,1
9049,1789654189.514204264,0.000000000,1,1,0,4,1,4,-4.011187840,-5.283989333,1
9050,1789654189.524123669,0.000000000,1,1,0,4,1,4,-4.011187840,-5.283989333,1
9051,1789654189.534126043,0.000000000,1,1,0,4,1,4,-4.011187840,-5.283989333,1
9052,1789654189.544210911,0.000000000,1,1,0,4,1,4,-4.011187840,-5.283989333,1
9053,1789654189.554174423,0.000000000,1,1,0,4,1,4,-4.011187840,-5.283989333,1
9054,1789654189.564184666,0.000000000,1,1,0,4,1,4,-4.011187840,-5.283989333,1
9055,1789654189.574126482,0.000000000,1,1,0,4,1,4,-4.011187840,-5.283989333,1
9056,1789654189.584176302,0.000000000,1,1,0,4,1,4,-4.011187840,-5.283989333,1
9057,1789654189.594143152,0.000000000,1,1,0,4,1,4,-4.011187840,-5.283989333,1
9058,1789654189.604137182,0.000000000,1,1,0,4,1,4,-4.011187840,-5.283989333,1
9059,1789654189.614155054,0.000000000,1,1,0,4,1,4,-4.011187840,-5.283989333,1
9060,1789654189.624185562,0.000000000,1,1,0,4,1,4,-4.011187840,-5.283989333,1
9061,1789654189.634144306,0.000000000,1,1,0,4,1,4,-4.011187840,-5.283989333,1
9062,1789654189.644120932,0.000000000,1,1,0,4,1,4,-4.011187840,-5.283989333,1
9063,1789654189.654107571,0.000000000,1,1,0,4,1,4,-4.011187840,-5.283989333,1
9064,1789654189.664139748,0.000000000,1,1,0,4,1,4,-4.011187840,-5.283989333,1
9065,1789654189.674118519,0.000000000,1,1,0,4,1,4,-4.011187840,-5.283989333,1
9066,1789654189.684157610,0.000000000,1,1,0,4,1,4,-4.011187840,-5.283989333,1
9067,1789654189.694133997,0.000000000,1,1,0,4,1,4,-4.011187840,-5.283989333,1
9068,1789654189.704163074,0.000000000,1,1,0,4,1,4,-4.011187840,-5.283989333,1
9069,1789654189.714132309,0.000000000,1,1,0,4,1,4,-4.011187840,-5.283989333,1
9070,1789654189.724200010,0.000000000,1,1,0,4,1,4,-4.011187840,-5.283989333,1
9071,1789654189.734131098,0.000000000,1,1,0,4,1,4,-4.011187840,-5.283989333,1
9072,1789654189.744204998,0.000000000,1,1,0,4,1,4,-4.011187840,-5.283989333,1
9073,1789654189.754105568,0.000000000,1,1,0,4,1,4,-4.011187840,-5.283989333,1
9074,1789654189.764131069,0.000000000,1,1,0,4,1,4,-4.011187840,-5.283989333,1
9075,1789654189.774169922,0.000000000,1,1,0,4,1,4,-4.011187840,-5.283989333,1
9076,1789654189.784172297,0.000000000,1,1,0,4,1,4,-4.011187840,-5.283989333,1
9077,1789654189.794189930,0.000000000,1,1,0,4,1,4,-4.011187840,-5.283989333,1
9078,1789654189.804141760,0.000000000,1,1,0,4,1,4,-4.011187840,-5.283989333,1
9079,1789654189.814179420,0.000000000,1,1,0,4,1,4,-4.011187840,-5.283989333,1
9080,1789654189.824135780,0.000000000,1,1,0,4,1,4,-4.011187840,-5.283989333,1
9081,1789654189.834159851,0.000000000,1,1,0,4,1,4,-4.011187840,-5.283989333,1
9082,1789654189.844209671,0.000000000,1,1,0,4,1,4,-4.011187840,-5.283989333,1
9083,1789654189.854166985,0.000000000,1,1,0,4,1,4,-4.011187840,-5.283989333,1
9084,1789654189.864124775,0.000000000,1,1,0,4,1,4,-4.011187840,-5.283989333,1
9085,1789654189.874114513,0.000000000,1,1,0,4,1,4,-4.011187840,-5.283989333,1
9086,1789654189.884191275,0.000000000,1,1,0,4,1,4,-4.011187840,-5.283989333,1
9087,1789654189.894192219,0.000000000,1,1,0,4,1,4,-4.011187840,-5.283989333,1
9088,1789654189.904185295,0.000000000,1,1,0,4,1,4,-4.011187840,-5.283989333,1
9089,1789654189.914190292,0.000000000,1,1,0,4,1,4,-4.011187840,-5.283989333,1
9090,1789654189.924211502,0.000000000,1,1,0,4,1,4,-4.011187840,-5.283989333,1
9091,1789654189.934129000,0.000000000,1,1,0,4,1,4,-4.011187840,-5.283989333,1
9092,1789654189.944166422,0.000000000,1,1,0,4,1,4,-4.011187840,-5.283989333,1
9093,1789654189.954147577,0.000000000,1,1,0,4,1,4,-4.011187840,-5.283989333,1
9094,1789654189.964155197,0.000000000,1,1,0,4,1,4,-4.011187840,-5.283989333,1
9095,1789654189.974122047,0.000000000,1,1,0,4,1,4,-4.011187840,-5.283989333,1
9096,1789654189.984172821,0.000000000,1,1,0,4,1,4,-4.011187840,-5.283989333,1
9097,1789654189.994135618,0.000000000,1,1,0,4,1,4,-4.011187840,-5.283989333,1
9098,1789654190.004189253,0.000000000,1,1,0,4,1,4,-4.011187840,-5.283989333,1
9099,1789654190.014191866,0.000000000,1,1,0,4,1,4,-4.011187840,-5.283989333,1
9100,1789654190.024199009,0.000000000,1,1,0,4,1,4,-4.011187840,-5.283989333,1
9101,1789654190.034138441,0.000000000,1,1,0,4,1,4,-4.011187840,-5.283989333,1
9102,1789654190.044131994,0.000000000,1,1,0,4,1,4,-4.011187840,-5.283989333,1
9103,1789654190.054135799,0.000000000,1,1,0,4,1,4,-4.011187840,-5.283989333,1
9104,1789654190.064135313,0.000000000,1,1,0,4,1,4,-4.011187840,-5.283989333,1
9105,1789654190.074139357,0.000000000,1,1,0,4,1,4,-4.011187840,-5.283989333,1
9106,1789654190.084171772,0.000000000,1,1,0,4,1,4,-4.011187840,-5.283989333,1
9107,1789654190.094131708,0.000000000,1,1,0,4,1,4,-4.011187840,-5.283989333,1
9108,1789654190.104135752,0.000000000,1,1,0,4,1,4,-4.011187840,-5.283989333,1
9109,1789654190.114117861,0.000000000,1,1,0,4,1,4,-4.011187840,-5.283989333,1
9110,1789654190.124136448,0.000000000,1,1,0,4,1,4,-4.011187840,-5.283989333,1
9111,1789654190.134183645,0.000000000,1,1,0,4,1,4,-4.011187840,-5.283989333,1
9112,1789654190.144115686,0.000000000,1,1,0,4,1,4,-4.011187840,-5.283989333,1
9113,1789654190.154124975,0.000000000,1,1,0,4,1,4,-4.011187840,-5.283989333,1
9114,1789654190.164132357,0.000000000,1,1,0,4,1,4,-4.011187840,-5.283989333,1
9115,1789654190.174110651,0.000000000,1,1,0,4,1,4,-4.011187840,-5.283989333,1
9116,1789654190.184128046,0.000000000,1,1,0,4,1,4,-4.011187840,-5.283989333,1
9117,1789654190.194143534,0.000000000,1,1,0,4,1,4,-4.011187840,-5.283989333,1
9118,1789654190.204163074,0.000000000,1,1,0,4,1,4,-4.011187840,-5.283989333,1
9119,1789654190.214160442,0.000000000,1,1,0,4,1,4,-4.011187840,-5.283989333,1
9120,1789654190.224129200,0.000000000,1,1,0,4,1,4,-4.011187840,-5.283989333,1
9121,1789654190.234210968,0.000000000,1,1,0,4,1,4,-4.011187840,-5.283989333,1
9122,1789654190.244114161,0.000000000,1,1,0,4,1,4,-4.011187840,-5.283989333,1
9123,1789654190.254108667,0.000000000,1,1,0,4,1,4,-4.011187840,-5.283989333,1
9124,1789654190.264175177,0.000000000,1,1,0,4,1,4,-4.011187840,-5.283989333,1
9125,1789654190.274145365,0.000000000,1,1,0,4,1,4,-4.011187840,-5.283989333,1
9126,1789654190.284135103,0.000000000,1,1,0,4,1,4,-4.011187840,-5.283989333,1
9127,1789654190.294141293,0.000000000,1,1,0,4,1,4,-4.011187840,-5.283989333,1
9128,1789654190.304158926,0.000000000,1,1,0,4,1,4,-4.011187840,-5.283989333,1
9129,1789654190.314171076,0.000000000,1,1,0,4,1,4,-4.011187840,-5.283989333,1
9130,1789654190.324184656,0.000000000,1,1,0,4,1,4,-4.011187840,-5.283989333,1
9131,1789654190.334123850,0.000000000,1,1,0,4,1,4,-4.011187840,-5.283989333,1
9132,1789654190.344186783,0.000000000,1,1,0,4,1,4,-4.011187840,-5.283989333,1
9133,1789654190.354144573,0.000000000,1,1,0,4,1,4,-4.011187840,-5.283989333,1
9134,1789654190.364143372,0.000000000,1,1,0,4,1,4,-4.011187840,-5.283989333,1
9135,1789654190.374123573,0.000000000,1,1,0,4,1,4,-4.011187840,-5.283989333,1
9136,1789654190.384217501,0.000000000,1,1,0,4,1,4,-4.011187840,-5.283989333,1
9137,1789654190.394173145,0.000000000,1,1,0,4,1,4,-4.011187840,-5.283989333,1
9138,1789654190.404183626,0.000000000,1,1,0,4,1,4,-4.011187840,-5.283989333,1
9139,1789654190.414122581,0.000000000,1,1,0,4,1,4,-4.011187840,-5.283989333,1
9140,1789654190.424172640,0.000000000,1,1,0,4,1,4,-4.011187840,-5.283989333,1
9141,1789654190.434143066,0.000000000,1,1,0,4,1,4,-4.011187840,-5.283989333,1
9142,1789654190.444135189,0.000000000,1,1,0,4,1,4,-4.011187840,-5.283989333,1
9143,1789654190.454135895,0.000000000,1,1,0,4,1,4,-4.011187840,-5.283989333,1
9144,1789654190.464125872,0.000000000,1,1,0,4,1,4,-4.011187840,-5.283989333,1
9145,1789654190.474115849,0.000000000,1,1,0,4,1,4,-4.011187840,-5.283989333,1
9146,1789654190.484122276,0.000000000,1,1,0,4,1,4,-4.011187840,-5.283989333,1
9147,1789654190.494111538,0.000000000,1,1,0,4,1,4,-4.011187840,-5.283989333,1
9148,1789654190.504127979,0.000000000,1,1,0,4,1,4,-4.011187840,-5.283989333,1
9149,1789654190.514190435,0.000000000,1,1,0,4,1,4,-4.011187840,-5.283989333,1
9150,1789654190.524137259,0.000000000,1,1,0,4,1,4,-4.011187840,-5.283989333,1
9151,1789654190.534147501,0.000000000,1,1,0,4,1,4,-4.011187840,-5.283989333,1
9152,1789654190.544134855,0.000000000,1,1,0,4,1,4,-4.011187840,-5.283989333,1
9153,1789654190.554119825,0.000000000,1,1,0,4,1,4,-4.011187840,-5.283989333,1
9154,1789654190.564141750,0.000000000,1,1,0,4,1,4,-4.011187840,-5.283989333,1
9155,1789654190.574113607,0.000000000,1,1,0,4,1,4,-4.011187840,-5.283989333,1
9156,1789654190.584134579,0.000000000,1,1,0,4,1,4,-4.011187840,-5.283989333,1
9157,1789654190.594118834,0.000000000,1,1,0,4,1,4,-4.011187840,-5.283989333,1
9158,1789654190.604153633,0.000000000,1,1,0,4,1,4,-4.011187840,-5.283989333,1
9159,1789654190.614151001,0.000000000,1,1,0,4,1,4,-4.011187840,-5.283989333,1
9160,1789654190.624144793,0.000000000,1,1,0,4,1,4,-4.011187840,-5.283989333,1
9161,1789654190.634106398,0.000000000,1,1,0,4,1,4,-4.011187840,-5.283989333,1
9162,1789654190.644125700,0.000000000,1,1,0,4,1,4,-4.011187840,-5.283989333,1
9163,1789654190.654106140,0.000000000,1,1,0,4,1,4,-4.011187840,-5.283989333,1
9164,1789654190.664115667,0.000000000,1,1,0,4,1,4,-4.011187840,-5.283989333,1
9165,1789654190.674169302,0.000000000,1,1,0,4,1,4,-4.011187840,-5.283989333,1
9166,1789654190.684177160,0.000000000,1,1,0,4,1,4,-4.011187840,-5.283989333,1
9167,1789654190.694208622,0.000000000,1,1,0,4,1,4,-4.011187840,-5.283989333,1
9168,1789654190.704170465,0.000000000,1,1,0,4,1,4,-4.011187840,-5.283989333,1
9169,1789654190.714187622,0.000000000,1,1,0,4,1,4,-4.011187840,-5.283989333,1
9170,1789654190.724134445,0.000000000,1,1,0,4,1,4,-4.011187840,-5.283989333,1
9171,1789654190.734215021,0.000000000,1,1,0,4,1,4,-4.011187840,-5.283989333,1
9172,1789654190.744121075,0.000000000,1,1,0,4,1,4,-4.011187840,-5.283989333,1
9173,1789654190.754206657,0.000000000,1,1,0,4,1,4,-4.011187840,-5.283989333,1
9174,1789654190.764160395,0.000000000,1,1,0,4,1,4,-4.011187840,-5.283989333,1
9175,1789654190.774127722,0.000000000,1,1,0,4,1,4,-4.011187840,-5.283989333,1
9176,1789654190.784180880,0.000000000,1,1,0,4,1,4,-4.011187840,-5.283989333,1
9177,1789654190.794183731,0.000000000,1,1,0,4,1,4,-4.011187840,-5.283989333,1
9178,1789654190.804139614,0.000000000,1,1,0,4,1,4,-4.011187840,-5.283989333,1
9179,1789654190.814157009,0.000000000,1,1,0,4,1,4,-4.011187840,-5.283989333,1
9180,1789654190.824200630,0.000000000,1,1,0,4,1,4,-4.011187840,-5.283989333,1
9181,1789654190.834139824,0.000000000,1,1,0,4,1,4,-4.011187840,-5.283989333,1
9182,1789654190.844123363,0.000000000,1,1,0,4,1,4,-4.011187840,-5.283989333,1
9183,1789654190.854168415,0.000000000,1,1,0,4,1,4,-4.011187840,-5.283989333,1
9184,1789654190.864122152,0.000000000,1,1,0,4,1,4,-4.011187840,-5.283989333,1
9185,1789654190.874153376,0.000000000,1,1,0,4,1,4,-4.011187840,-5.283989333,1
9186,1789654190.884180784,0.000000000,1,1,0,4,1,4,-4.011187840,-5.283989333,1
9187,1789654190.894146204,0.000000000,1,1,0,4,1,4,-4.011187840,-5.283989333,1
9188,1789654190.904190779,0.000000000,1,1,0,4,1,4,-4.011187840,-5.283989333,1
9189,1789654190.914195538,0.000000000,1,1,0,4,1,4,-4.011187840,-5.283989333,1
9190,1789654190.924126148,0.000000000,1,1,0,4,1,4,-4.011187840,-5.283989333,1
9191,1789654190.934129477,0.000000000,1,1,0,4,1,4,-4.011187840,-5.283989333,1
9192,1789654190.944122314,0.000000000,1,1,0,4,1,4,-4.011187840,-5.283989333,1
9193,1789654190.954086542,0.000000000,1,1,0,4,1,4,-4.011187840,-5.283989333,1
9194,1789654190.964203358,0.000000000,1,1,0,4,1,4,-4.011187840,-5.283989333,1
9195,1789654190.974134922,0.000000000,1,1,0,4,1,4,-4.011187840,-5.283989333,1
9196,1789654190.984167337,0.000000000,1,1,0,4,1,4,-4.011187840,-5.283989333,1
9197,1789654190.994188070,0.000000000,1,1,0,4,1,4,-4.011187840,-5.283989333,1
9198,1789654191.004132032,0.000000000,1,1,0,4,1,4,-4.011187840,-5.283989333,1
9199,1789654191.014169931,0.000000000,1,1,0,4,1,4,-4.011187840,-5.283989333,1
9200,1789654191.024203300,0.000000000,1,1,0,4,1,4,-4.011187840,-5.283989333,1
9201,1789654191.034119129,0.000000000,1,1,0,4,1,4,-4.011187840,-5.283989333,1
9202,1789654191.050947905,0.000000000,1,1,0,4,1,4,-4.011187840,-5.283989333,1
9203,1789654191.054107666,0.000000000,1,1,0,4,1,4,-4.011187840,-5.283989333,1
9204,1789654191.064139843,0.000000000,1,1,0,4,1,4,-4.011187840,-5.283989333,1
9205,1789654191.074167252,0.000000000,1,1,0,4,1,4,-4.011187840,-5.283989333,1
9206,1789654191.084178686,0.000000000,1,1,0,4,1,4,-4.011187840,-5.283989333,1
9207,1789654191.094172001,0.000000000,1,1,0,4,1,4,-4.011187840,-5.283989333,1
9208,1789654191.104129553,0.000000000,1,1,0,4,1,4,-4.011187840,-5.283989333,1
9209,1789654191.114154339,0.000000000,1,1,0,4,1,4,-4.011187840,-5.283989333,1
9210,1789654191.124148369,0.000000000,1,1,0,4,1,4,-4.011187840,-5.283989333,1
9211,1789654191.134111643,0.000000000,1,1,0,4,1,4,-4.011187840,-5.283989333,1
9212,1789654191.144168615,0.000000000,1,1,0,4,1,4,-4.011187840,-5.283989333,1
9213,1789654191.154111147,0.000000000,1,1,0,4,1,4,-4.011187840,-5.283989333,1
9214,1789654191.164139748,0.000000000,1,1,0,4,1,4,-4.011187840,-5.283989333,1
9215,1789654191.174124956,0.000000000,1,1,0,4,1,4,-4.011187840,-5.283989333,1
9216,1789654191.184134245,0.000000000,1,1,0,4,1,4,-4.011187840,-5.283989333,1
9217,1789654191.194135904,0.000000000,1,1,0,4,1,4,-4.011187840,-5.283989333,1
9218,1789654191.204155445,0.000000000,1,1,0,4,1,4,-4.011187840,-5.283989333,1
9219,1789654191.214164257,0.000000000,1,1,0,4,1,4,-4.011187840,-5.283989333,1
9220,1789654191.224195242,0.000000000,1,1,0,4,1,4,-4.011187840,-5.283989333,1
9221,1789654191.234106779,0.000000000,1,1,0,4,1,4,-4.011187840,-5.283989333,1
9222,1789654191.244118452,0.000000000,1,1,0,4,1,4,-4.011187840,-5.283989333,1
9223,1789654191.254121780,0.000000000,1,1,0,4,1,4,-4.011187840,-5.283989333,1
9224,1789654191.264113665,0.000000000,1,1,0,4,1,4,-4.011187840,-5.283989333,1
9225,1789654191.274177313,0.000000000,1,1,0,4,1,4,-4.011187840,-5.283989333,1
9226,1789654191.284127951,0.000000000,1,1,0,4,1,4,-4.011187840,-5.283989333,1
9227,1789654191.294154644,0.000000000,1,1,0,4,1,4,-4.011187840,-5.283989333,1
9228,1789654191.304122686,0.000000000,1,1,0,4,1,4,-4.011187840,-5.283989333,1
9229,1789654191.314130783,0.000000000,1,1,0,4,1,4,-4.011187840,-5.283989333,1
9230,1789654191.324133396,0.000000000,1,1,0,4,1,4,-4.011187840,-5.283989333,1
9231,1789654191.334136009,0.000000000,1,1,0,4,1,4,-4.011187840,-5.283989333,1
9232,1789654191.344172716,0.000000000,1,1,0,4,1,4,-4.011187840,-5.283989333,1
9233,1789654191.354118109,0.000000000,1,1,0,4,1,4,-4.011187840,-5.283989333,1
9234,1789654191.364126205,0.000000000,1,1,0,4,1,4,-4.011187840,-5.283989333,1
9235,1789654191.374127388,0.000000000,1,1,0,4,1,4,-4.011187840,-5.283989333,1
9236,1789654191.384120464,0.000000000,1,1,0,4,1,4,-4.011187840,-5.283989333,1
9237,1789654191.394133806,0.000000000,1,1,0,4,1,4,-4.011187840,-5.283989333,1
9238,1789654191.404166937,0.000000000,1,1,0,4,1,4,-4.011187840,-5.283989333,1
9239,1789654191.414130926,0.000000000,1,1,0,4,1,4,-4.011187840,-5.283989333,1
9240,1789654191.424185753,0.000000000,1,1,0,4,1,4,-4.011187840,-5.283989333,1
9241,1789654191.434152842,0.000000000,1,1,0,4,1,4,-4.011187840,-5.283989333,1
9242,1789654191.444147348,0.000000000,1,1,0,4,1,4,-4.011187840,-5.283989333,1
9243,1789654191.454128742,0.000000000,1,1,0,4,1,4,-4.011187840,-5.283989333,1
9244,1789654191.464180231,0.000000000,1,1,0,4,1,4,-4.011187840,-5.283989333,1
9245,1789654191.474139214,0.000000000,1,1,0,4,1,4,-4.011187840,-5.283989333,1
9246,1789654191.484131575,0.000000000,1,1,0,4,1,4,-4.011187840,-5.283989333,1
9247,1789654191.494147301,0.000000000,1,1,0,4,1,4,-4.011187840,-5.283989333,1
9248,1789654191.504164934,0.000000000,1,1,0,4,1,4,-4.011187840,-5.283989333,1
9249,1789654191.514108658,0.000000000,1,1,0,4,1,4,-4.011187840,-5.283989333,1
9250,1789654191.524217606,0.000000000,1,1,0,4,1,4,-4.011187840,-5.283989333,1
9251,1789654191.534122229,0.000000000,1,1,0,4,1,4,-4.011187840,-5.283989333,1
9252,1789654191.544176579,0.000000000,1,1,0,4,1,4,-4.011187840,-5.283989333,1
9253,1789654191.554140568,0.000000000,1,1,0,4,1,4,-4.011187840,-5.283989333,1
9254,1789654191.564129591,0.000000000,1,1,0,4,1,4,-4.011187840,-5.283989333,1
9255,1789654191.574132681,0.000000000,1,1,0,4,1,4,-4.011187840,-5.283989333,1
9256,1789654191.584164143,0.000000000,1,1,0,4,1,4,-4.011187840,-5.283989333,1
9257,1789654191.594110727,0.000000000,1,1,0,4,1,4,-4.011187840,-5.283989333,1
9258,1789654191.604096651,0.000000000,1,1,0,4,1,4,-4.011187840,-5.283989333,1
9259,1789654191.614133358,0.000000000,1,1,0,4,1,4,-4.011187840,-5.283989333,1
9260,1789654191.624135017,0.000000000,1,1,0,4,1,4,-4.011187840,-5.283989333,1
9261,1789654191.634227276,0.000000000,1,1,0,4,1,4,-4.011187840,-5.283989333,1
9262,1789654191.644127131,0.000000000,1,1,0,4,1,4,-4.011187840,-5.283989333,1
9263,1789654191.654172421,0.000000000,1,1,0,4,1,4,-4.011187840,-5.283989333,1
9264,1789654191.664108753,0.000000000,1,1,0,4,1,4,-4.011187840,-5.283989333,1
9265,1789654191.674109221,0.000000000,1,1,0,4,1,4,-4.011187840,-5.283989333,1
9266,1789654191.684138060,0.000000000,1,1,0,4,1,4,-4.011187840,-5.283989333,1
9267,1789654191.694130659,0.000000000,1,1,0,4,1,4,-4.011187840,-5.283989333,1
9268,1789654191.704154015,0.000000000,1,1,0,4,1,4,-4.011187840,-5.283989333,1
9269,1789654191.714169502,0.000000000,1,1,0,4,1,4,-4.011187840,-5.283989333,1
9270,1789654191.724106312,0.000000000,1,1,0,4,1,4,-4.011187840,-5.283989333,1
9271,1789654191.734182119,0.000000000,1,1,0,4,1,4,-4.011187840,-5.283989333,1
9272,1789654191.744143009,0.000000000,1,1,0,4,1,4,-4.011187840,-5.283989333,1
9273,1789654191.754160881,0.000000000,1,1,0,4,1,4,-4.011187840,-5.283989333,1
9274,1789654191.764131546,0.000000000,1,1,0,4,1,4,-4.011187840,-5.283989333,1
9275,1789654191.774146557,0.000000000,1,1,0,4,1,4,-4.011187840,-5.283989333,1
9276,1789654191.784140348,0.000000000,1,1,0,4,1,4,-4.011187840,-5.283989333,1
9277,1789654191.794114113,0.000000000,1,1,0,4,1,4,-4.011187840,-5.283989333,1
9278,1789654191.804111242,0.000000000,1,1,0,4,1,4,-4.011187840,-5.283989333,1
9279,1789654191.814153671,0.000000000,1,1,0,4,1,4,-4.011187840,-5.283989333,1
9280,1789654191.824181080,0.000000000,1,1,0,4,1,4,-4.011187840,-5.283989333,1
9281,1789654191.834430695,0.000000000,1,1,0,4,1,4,-4.011187840,-5.283989333,1
9282,1789654191.844183922,0.000000000,1,1,0,4,1,4,-4.011187840,-5.283989333,1
9283,1789654191.854108810,0.000000000,1,1,0,4,1,4,-4.011187840,-5.283989333,1
9284,1789654191.864133835,0.000000000,1,1,0,4,1,4,-4.011187840,-5.283989333,1
9285,1789654191.874124289,0.000000000,1,1,0,4,1,4,-4.011187840,-5.283989333,1
9286,1789654191.884125948,0.000000000,1,1,0,4,1,4,-4.011187840,-5.283989333,1
9287,1789654191.894180775,0.000000000,1,1,0,4,1,4,-4.011187840,-5.283989333,1
9288,1789654191.904179096,0.000000000,1,1,0,4,1,4,-4.011187840,-5.283989333,1
9289,1789654191.914296865,0.000000000,1,1,0,4,1,4,-4.011187840,-5.283989333,1
9290,1789654191.924141645,0.000000000,1,1,0,4,1,4,-4.011187840,-5.283989333,1
9291,1789654191.934129953,0.000000000,1,1,0,4,1,4,-4.011187840,-5.283989333,1
9292,1789654191.944131136,0.000000000,1,1,0,4,1,4,-4.011187840,-5.283989333,1
9293,1789654191.954180956,0.000000000,1,1,0,4,1,4,-4.011187840,-5.283989333,1
9294,1789654191.964113235,0.000000000,1,1,0,4,1,4,-4.011187840,-5.283989333,1
9295,1789654191.974108696,0.000000000,1,1,0,4,1,4,-4.011187840,-5.283989333,1
9296,1789654191.984161854,0.000000000,1,1,0,4,1,4,-4.011187840,-5.283989333,1
9297,1789654191.994131565,0.000000000,1,1,0,4,1,4,-4.011187840,-5.283989333,1
9298,1789654192.004157543,0.000000000,1,1,0,4,1,4,-4.011187840,-5.283989333,1
9299,1789654192.014148951,0.000000000,1,1,0,4,1,4,-4.011187840,-5.283989333,1
9300,1789654192.024144650,0.000000000,1,1,0,4,1,4,-4.011187840,-5.283989333,1
9301,1789654192.034168243,0.000000000,1,1,0,4,1,4,-4.011187840,-5.283989333,1
9302,1789654192.044116735,0.000000000,1,1,0,4,1,4,-4.011187840,-5.283989333,1
9303,1789654192.054167747,0.000000000,1,1,0,4,1,4,-4.011187840,-5.283989333,1
9304,1789654192.064156771,0.000000000,1,1,0,4,1,4,-4.011187840,-5.283989333,1
9305,1789654192.074135065,0.000000000,1,1,0,4,1,4,-4.011187840,-5.283989333,1
9306,1789654192.084154606,0.000000000,1,1,0,4,1,4,-4.011187840,-5.283989333,1
9307,1789654192.094160557,0.000000000,1,1,0,4,1,4,-4.011187840,-5.283989333,1
9308,1789654192.104114532,0.000000000,1,1,0,4,1,4,-4.011187840,-5.283989333,1
9309,1789654192.114166975,0.000000000,1,1,0,4,1,4,-4.011187840,-5.283989333,1
9310,1789654192.124206543,0.000000000,1,1,0,4,1,4,-4.011187840,-5.283989333,1
9311,1789654192.134141207,0.000000000,1,1,0,4,1,4,-4.011187840,-5.283989333,1
9312,1789654192.144188643,0.000000000,1,1,0,4,1,4,-4.011187840,-5.283989333,1
9313,1789654192.154131651,0.000000000,1,1,0,4,1,4,-4.011187840,-5.283989333,1
9314,1789654192.164175987,0.000000000,1,1,0,4,1,4,-4.011187840,-5.283989333,1
9315,1789654192.174134731,0.000000000,1,1,0,4,1,4,-4.011187840,-5.283989333,1
9316,1789654192.184153795,0.000000000,1,1,0,4,1,4,-4.011187840,-5.283989333,1
9317,1789654192.194140196,0.000000000,1,1,0,4,1,4,-4.011187840,-5.283989333,1
9318,1789654192.204159975,0.000000000,1,1,0,4,1,4,-4.011187840,-5.283989333,1
9319,1789654192.214164495,0.000000000,1,1,0,4,1,4,-4.011187840,-5.283989333,1
9320,1789654192.224181652,0.000000000,1,1,0,4,1,4,-4.011187840,-5.283989333,1
9321,1789654192.234217167,0.000000000,1,1,0,4,1,4,-4.011187840,-5.283989333,1
9322,1789654192.244121313,0.000000000,1,1,0,4,1,4,-4.011187840,-5.283989333,1
9323,1789654192.254180908,0.000000000,1,1,0,4,1,4,-4.011187840,-5.283989333,1
9324,1789654192.264117002,0.000000000,1,1,0,4,1,4,-4.011187840,-5.283989333,1
9325,1789654192.274106026,0.000000000,1,1,0,4,1,4,-4.011187840,-5.283989333,1
9326,1789654192.284160137,0.000000000,1,1,0,4,1,4,-4.011187840,-5.283989333,1
9327,1789654192.294133902,0.000000000,1,1,0,4,1,4,-4.011187840,-5.283989333,1
9328,1789654192.304136038,0.000000000,1,1,0,4,1,4,-4.011187840,-5.283989333,1
9329,1789654192.314161062,0.000000000,1,1,0,4,1,4,-4.011187840,-5.283989333,1
9330,1789654192.324123859,0.000000000,1,1,0,4,1,4,-4.011187840,-5.283989333,1
9331,1789654192.334142208,0.000000000,1,1,0,4,1,4,-4.011187840,-5.283989333,1
9332,1789654192.344153404,0.000000000,1,1,0,4,1,4,-4.011187840,-5.283989333,1
9333,1789654192.354138374,0.000000000,1,1,0,4,1,4,-4.011187840,-5.283989333,1
9334,1789654192.364136696,0.000000000,1,1,0,4,1,4,-4.011187840,-5.283989333,1
9335,1789654192.374142647,0.000000000,1,1,0,4,1,4,-4.011187840,-5.283989333,1
9336,1789654192.384166718,0.000000000,1,1,0,4,1,4,-4.011187840,-5.283989333,1
9337,1789654192.394178152,0.000000000,1,1,0,4,1,4,-4.011187840,-5.283989333,1
9338,1789654192.404189587,0.000000000,1,1,0,4,1,4,-4.011187840,-5.283989333,1
9339,1789654192.414132118,0.000000000,1,1,0,4,1,4,-4.011187840,-5.283989333,1
9340,1789654192.424134254,0.000000000,1,1,0,4,1,4,-4.011187840,-5.283989333,1
9341,1789654192.434211731,0.000000000,1,1,0,4,1,4,-4.011187840,-5.283989333,1
9342,1789654192.444130659,0.000000000,1,1,0,4,1,4,-4.011187840,-5.283989333,1
9343,1789654192.454144001,0.000000000,1,1,0,4,1,4,-4.011187840,-5.283989333,1
9344,1789654192.464177847,0.000000000,1,1,0,4,1,4,-4.011187840,-5.283989333,1
9345,1789654192.474185944,0.000000000,1,1,0,4,1,4,-4.011187840,-5.283989333,1
9346,1789654192.484163523,0.000000000,1,1,0,4,1,4,-4.011187840,-5.283989333,1
9347,1789654192.494134188,0.000000000,1,1,0,4,1,4,-4.011187840,-5.283989333,1
9348,1789654192.504163742,0.000000000,1,1,0,4,1,4,-4.011187840,-5.283989333,1
9349,1789654192.514195919,0.000000000,1,1,0,4,1,4,-4.011187840,-5.283989333,1
9350,1789654192.524206877,0.000000000,1,1,0,4,1,4,-4.011187840,-5.283989333,1
9351,1789654192.534154654,0.000000000,1,1,0,4,1,4,-4.011187840,-5.283989333,1
9352,1789654192.544152975,0.000000000,1,1,0,4,1,4,-4.011187840,-5.283989333,1
9353,1789654192.554138899,0.000000000,1,1,0,4,1,4,-4.011187840,-5.283989333,1
9354,1789654192.564174414,0.000000000,1,1,0,4,1,4,-4.011187840,-5.283989333,1
9355,1789654192.574114323,0.000000000,1,1,0,4,1,4,-4.011187840,-5.283989333,1
9356,1789654192.584186316,0.000000000,1,1,0,4,1,4,-4.011187840,-5.283989333,1
9357,1789654192.594140768,0.000000000,1,1,0,4,1,4,-4.011187840,-5.283989333,1
9358,1789654192.604146719,0.000000000,1,1,0,4,1,4,-4.011187840,-5.283989333,1
9359,1789654192.614173174,0.000000000,1,1,0,4,1,4,-4.011187840,-5.283989333,1
9360,1789654192.624128580,0.000000000,1,1,0,4,1,4,-4.011187840,-5.283989333,1
9361,1789654192.634290457,0.000000000,1,1,0,4,1,4,-4.011187840,-5.283989333,1
9362,1789654192.644188404,0.000000000,1,1,0,4,1,4,-4.011187840,-5.283989333,1
9363,1789654192.654140711,0.000000000,1,1,0,4,1,4,-4.011187840,-5.283989333,1
9364,1789654192.664113522,0.000000000,1,1,0,4,1,4,-4.011187840,-5.283989333,1
9365,1789654192.674116135,0.000000000,1,1,0,4,1,4,-4.011187840,-5.283989333,1
9366,1789654192.684105635,0.000000000,1,1,0,4,1,4,-4.011187840,-5.283989333,1
9367,1789654192.694127560,0.000000000,1,1,0,4,1,4,-4.011187840,-5.283989333,1
9368,1789654192.704096794,0.000000000,1,1,0,4,1,4,-4.011187840,-5.283989333,1
9369,1789654192.714157820,0.000000000,1,1,0,4,1,4,-4.011187840,-5.283989333,1
9370,1789654192.724125862,0.000000000,1,1,0,4,1,4,-4.011187840,-5.283989333,1
9371,1789654192.734104633,0.000000000,1,1,0,4,1,4,-4.011187840,-5.283989333,1
9372,1789654192.744168997,0.000000000,1,1,0,4,1,4,-4.011187840,-5.283989333,1
9373,1789654192.754158258,0.000000000,1,1,0,4,1,4,-4.011187840,-5.283989333,1
9374,1789654192.764107704,0.000000000,1,1,0,4,1,4,-4.011187840,-5.283989333,1
9375,1789654192.774107218,0.000000000,1,1,0,4,1,4,-4.011187840,-5.283989333,1
9376,1789654192.784164906,0.000000000,1,1,0,4,1,4,-4.011187840,-5.283989333,1
9377,1789654192.794120073,0.000000000,1,1,0,4,1,4,-4.011187840,-5.283989333,1
9378,1789654192.804138422,0.000000000,1,1,0,4,1,4,-4.011187840,-5.283989333,1
9379,1789654192.814152479,0.000000000,1,1,0,4,1,4,-4.011187840,-5.283989333,1
9380,1789654192.824129343,0.000000000,1,1,0,4,1,4,-4.011187840,-5.283989333,1
9381,1789654192.834172249,0.000000000,1,1,0,4,1,4,-4.011187840,-5.283989333,1
9382,1789654192.844156504,0.000000000,1,1,0,4,1,4,-4.011187840,-5.283989333,1
9383,1789654192.854142427,0.000000000,1,1,0,4,1,4,-4.011187840,-5.283989333,1
9384,1789654192.864132404,0.000000000,1,1,0,4,1,4,-4.011187840,-5.283989333,1
9385,1789654192.874109507,0.000000000,1,1,0,4,1,4,-4.011187840,-5.283989333,1
9386,1789654192.884154081,0.000000000,1,1,0,4,1,4,-4.011187840,-5.283989333,1
9387,1789654192.894133091,0.000000000,1,1,0,4,1,4,-4.011187840,-5.283989333,1
9388,1789654192.904165745,0.000000000,1,1,0,4,1,4,-4.011187840,-5.283989333,1
9389,1789654192.914135218,0.000000000,1,1,0,4,1,4,-4.011187840,-5.283989333,1
9390,1789654192.924171209,0.000000000,1,1,0,4,1,4,-4.011187840,-5.283989333,1
9391,1789654192.934190989,0.000000000,1,1,0,4,1,4,-4.011187840,-5.283989333,1
9392,1789654192.944112539,0.000000000,1,1,0,4,1,4,-4.011187840,-5.283989333,1
9393,1789654192.954181910,0.000000000,1,1,0,4,1,4,-4.011187840,-5.283989333,1
9394,1789654192.964126110,0.000000000,1,1,0,4,1,4,-4.011187840,-5.283989333,1
9395,1789654192.974132061,0.000000000,1,1,0,4,1,4,-4.011187840,-5.283989333,1
9396,1789654192.984166622,0.000000000,1,1,0,4,1,4,-4.011187840,-5.283989333,1
9397,1789654192.994142056,0.000000000,1,1,0,4,1,4,-4.011187840,-5.283989333,1
9398,1789654193.004110575,0.000000000,1,1,0,4,1,4,-4.011187840,-5.283989333,1
9399,1789654193.014163733,0.000000000,1,1,0,4,1,4,-4.011187840,-5.283989333,1
9400,1789654193.024138927,0.000000000,1,1,0,4,1,4,-4.011187840,-5.283989333,1
9401,1789654193.034138918,0.000000000,1,1,0,4,1,4,-4.011187840,-5.283989333,1
9402,1789654193.044132710,0.000000000,1,1,0,4,1,4,-4.011187840,-5.283989333,1
9403,1789654193.054199457,0.000000000,1,1,0,4,1,4,-4.011187840,-5.283989333,1
9404,1789654193.064160824,0.000000000,1,1,0,4,1,4,-4.011187840,-5.283989333,1
9405,1789654193.074118137,0.000000000,1,1,0,4,1,4,-4.011187840,-5.283989333,1
9406,1789654193.084167957,0.000000000,1,1,0,4,1,4,-4.011187840,-5.283989333,1
9407,1789654193.094140768,0.000000000,1,1,0,4,1,4,-4.011187840,-5.283989333,1
9408,1789654193.104133129,0.000000000,1,1,0,4,1,4,-4.011187840,-5.283989333,1
9409,1789654193.114141941,0.000000000,1,1,0,4,1,4,-4.011187840,-5.283989333,1
9410,1789654193.124182463,0.000000000,1,1,0,4,1,4,-4.011187840,-5.283989333,1
9411,1789654193.134175777,0.000000000,1,1,0,4,1,4,-4.011187840,-5.283989333,1
9412,1789654193.144114733,0.000000000,1,1,0,4,1,4,-4.011187840,-5.283989333,1
9413,1789654193.154107094,0.000000000,1,1,0,4,1,4,-4.011187840,-5.283989333,1
9414,1789654193.164132118,0.000000000,1,1,0,4,1,4,-4.011187840,-5.283989333,1
9415,1789654193.174113989,0.000000000,1,1,0,4,1,4,-4.011187840,-5.283989333,1
9416,1789654193.184127331,0.000000000,1,1,0,4,1,4,-4.011187840,-5.283989333,1
9417,1789654193.194108248,0.000000000,1,1,0,4,1,4,-4.011187840,-5.283989333,1
9418,1789654193.204172850,0.000000000,1,1,0,4,1,4,-4.011187840,-5.283989333,1
9419,1789654193.214127541,0.000000000,1,1,0,4,1,4,-4.011187840,-5.283989333,1
9420,1789654193.224108696,0.000000000,1,1,0,4,1,4,-4.011187840,-5.283989333,1
9421,1789654193.234131575,0.000000000,1,1,0,4,1,4,-4.011187840,-5.283989333,1
9422,1789654193.244098902,0.000000000,1,1,0,4,1,4,-4.011187840,-5.283989333,1
9423,1789654193.254125834,0.000000000,1,1,0,4,1,4,-4.011187840,-5.283989333,1
9424,1789654193.264180183,0.000000000,1,1,0,4,1,4,-4.011187840,-5.283989333,1
9425,1789654193.274104595,0.000000000,1,1,0,4,1,4,-4.011187840,-5.283989333,1
9426,1789654193.284105778,0.000000000,1,1,0,4,1,4,-4.011187840,-5.283989333,1
9427,1789654193.294125557,0.000000000,1,1,0,4,1,4,-4.011187840,-5.283989333,1
9428,1789654193.304124594,0.000000000,1,1,0,4,1,4,-4.011187840,-5.283989333,1
9429,1789654193.314138651,0.000000000,1,1,0,4,1,4,-4.011187840,-5.283989333,1
9430,1789654193.324114084,0.000000000,1,1,0,4,1,4,-4.011187840,-5.283989333,1
9431,1789654193.334210396,0.000000000,1,1,0,4,1,4,-4.011187840,-5.283989333,1
9432,1789654193.344184637,0.000000000,1,1,0,4,1,4,-4.011187840,-5.283989333,1
9433,1789654193.354182005,0.000000000,1,1,0,4,1,4,-4.011187840,-5.283989333,1
9434,1789654193.364139080,0.000000000,1,1,0,4,1,4,-4.011187840,-5.283989333,1
9435,1789654193.374124765,0.000000000,1,1,0,4,1,4,-4.011187840,-5.283989333,1
9436,1789654193.384161949,0.000000000,1,1,0,4,1,4,-4.011187840,-5.283989333,1
9437,1789654193.394160271,0.000000000,1,1,0,4,1,4,-4.011187840,-5.283989333,1
9438,1789654193.404155731,0.000000000,1,1,0,4,1,4,-4.011187840,-5.283989333,1
9439,1789654193.414136410,0.000000000,1,1,0,4,1,4,-4.011187840,-5.283989333,1
9440,1789654193.424141169,0.000000000,1,1,0,4,1,4,-4.011187840,-5.283989333,1
9441,1789654193.434115648,0.000000000,1,1,0,4,1,4,-4.011187840,-5.283989333,1
9442,1789654193.444156885,0.000000000,1,1,0,4,1,4,-4.011187840,-5.283989333,1
9443,1789654193.454132795,0.000000000,1,1,0,4,1,4,-4.011187840,-5.283989333,1
9444,1789654193.464112759,0.000000000,1,1,0,4,1,4,-4.011187840,-5.283989333,1
9445,1789654193.474118233,0.000000000,1,1,0,4,1,4,-4.011187840,-5.283989333,1
9446,1789654193.484164000,0.000000000,1,1,0,4,1,4,-4.011187840,-5.283989333,1
9447,1789654193.494125843,0.000000000,1,1,0,4,1,4,-4.011187840,-5.283989333,1
9448,1789654193.504143000,0.000000000,1,1,0,4,1,4,-4.011187840,-5.283989333,1
9449,1789654193.514157295,0.000000000,1,1,0,4,1,4,-4.011187840,-5.283989333,1
9450,1789654193.524142265,0.000000000,1,1,0,4,1,4,-4.011187840,-5.283989333,1
9451,1789654193.534111738,0.000000000,1,1,0,4,1,4,-4.011187840,-5.283989333,1
9452,1789654193.544178486,0.000000000,1,1,0,4,1,4,-4.011187840,-5.283989333,1
9453,1789654193.554164648,0.000000000,1,1,0,4,1,4,-4.011187840,-5.283989333,1
9454,1789654193.564132452,0.000000000,1,1,0,4,1,4,-4.011187840,-5.283989333,1
9455,1789654193.574117899,0.000000000,1,1,0,4,1,4,-4.011187840,-5.283989333,1
9456,1789654193.584127665,0.000000000,1,1,0,4,1,4,-4.011187840,-5.283989333,1
9457,1789654193.594132423,0.000000000,1,1,0,4,1,4,-4.011187840,-5.283989333,1
9458,1789654193.604106426,0.000000000,1,1,0,4,1,4,-4.011187840,-5.283989333,1
9459,1789654193.614162445,0.000000000,1,1,0,4,1,4,-4.011187840,-5.283989333,1
9460,1789654193.624143600,0.000000000,1,1,0,4,1,4,-4.011187840,-5.283989333,1
9461,1789654193.634142876,0.000000000,1,1,0,4,1,4,-4.011187840,-5.283989333,1
9462,1789654193.644115448,0.000000000,1,1,0,4,1,4,-4.011187840,-5.283989333,1
9463,1789654193.654127598,0.000000000,1,1,0,4,1,4,-4.011187840,-5.283989333,1
9464,1789654193.664109230,0.000000000,1,1,0,4,1,4,-4.011187840,-5.283989333,1
9465,1789654193.674118519,0.000000000,1,1,0,4,1,4,-4.011187840,-5.283989333,1
9466,1789654193.684135914,0.000000000,1,1,0,4,1,4,-4.011187840,-5.283989333,1
9467,1789654193.694114208,0.000000000,1,1,0,4,1,4,-4.011187840,-5.283989333,1
9468,1789654193.704147339,0.000000000,1,1,0,4,1,4,-4.011187840,-5.283989333,1
9469,1789654193.714214087,0.000000000,1,1,0,4,1,4,-4.011187840,-5.283989333,1
9470,1789654193.724106312,0.000000000,1,1,0,4,1,4,-4.011187840,-5.283989333,1
9471,1789654193.734111071,0.000000000,1,1,0,4,1,4,-4.011187840,-5.283989333,1
9472,1789654193.744177341,0.000000000,1,1,0,4,1,4,-4.011187840,-5.283989333,1
9473,1789654193.754172087,0.000000000,1,1,0,4,1,4,-4.011187840,-5.283989333,1
9474,1789654193.764131308,0.000000000,1,1,0,4,1,4,-4.011187840,-5.283989333,1
9475,1789654193.774103403,0.000000000,1,1,0,4,1,4,-4.011187840,-5.283989333,1
9476,1789654193.784155369,0.000000000,1,1,0,4,1,4,-4.011187840,-5.283989333,1
9477,1789654193.794174194,0.000000000,1,1,0,4,1,4,-4.011187840,-5.283989333,1
9478,1789654193.804127216,0.000000000,1,1,0,4,1,4,-4.011187840,-5.283989333,1
9479,1789654193.814119577,0.000000000,1,1,0,4,1,4,-4.011187840,-5.283989333,1
9480,1789654193.824147701,0.000000000,1,1,0,4,1,4,-4.011187840,-5.283989333,1
9481,1789654193.834113598,0.000000000,1,1,0,4,1,4,-4.011187840,-5.283989333,1
9482,1789654193.844136715,0.000000000,1,1,0,4,1,4,-4.011187840,-5.283989333,1
9483,1789654193.854214430,0.000000000,1,1,0,4,1,4,-4.011187840,-5.283989333,1
9484,1789654193.864115715,0.000000000,1,1,0,4,1,4,-4.011187840,-5.283989333,1
9485,1789654193.874139071,0.000000000,1,1,0,4,1,4,-4.011187840,-5.283989333,1
9486,1789654193.884107828,0.000000000,1,1,0,4,1,4,-4.011187840,-5.283989333,1
9487,1789654193.894131422,0.000000000,1,1,0,4,1,4,-4.011187840,-5.283989333,1
9488,1789654193.904158831,0.000000000,1,1,0,4,1,4,-4.011187840,-5.283989333,1
9489,1789654193.914125919,0.000000000,1,1,0,4,1,4,-4.011187840,-5.283989333,1
9490,1789654193.924149990,0.000000000,1,1,0,4,1,4,-4.011187840,-5.283989333,1
9491,1789654193.934148073,0.000000000,1,1,0,4,1,4,-4.011187840,-5.283989333,1
9492,1789654193.944167137,0.000000000,1,1,0,4,1,4,-4.011187840,-5.283989333,1
9493,1789654193.954168558,0.000000000,1,1,0,4,1,4,-4.011187840,-5.283989333,1
9494,1789654193.964184999,0.000000000,1,1,0,4,1,4,-4.011187840,-5.283989333,1
9495,1789654193.974108696,0.000000000,1,1,0,4,1,4,-4.011187840,-5.283989333,1
9496,1789654193.984120846,0.000000000,1,1,0,4,1,4,-4.011187840,-5.283989333,1
9497,1789654193.994121075,0.000000000,1,1,0,4,1,4,-4.011187840,-5.283989333,1
9498,1789654194.004110098,0.000000000,1,1,0,4,1,4,-4.011187840,-5.283989333,1
9499,1789654194.014112711,0.000000000,1,1,0,4,1,4,-4.011187840,-5.283989333,1
9500,1789654194.024124384,0.000000000,1,1,0,4,1,4,-4.011187840,-5.283989333,1
9501,1789654194.034171104,0.000000000,1,1,0,4,1,4,-4.011187840,-5.283989333,1
9502,1789654194.044113398,0.000000000,1,1,0,4,1,4,-4.011187840,-5.283989333,1
9503,1789654194.054131746,0.000000000,1,1,0,4,1,4,-4.011187840,-5.283989333,1
9504,1789654194.064118862,0.000000000,1,1,0,4,1,4,-4.011187840,-5.283989333,1
9505,1789654194.074104309,0.000000000,1,1,0,4,1,4,-4.011187840,-5.283989333,1
9506,1789654194.084160566,0.000000000,1,1,0,4,1,4,-4.011187840,-5.283989333,1
9507,1789654194.094123602,0.000000000,1,1,0,4,1,4,-4.011187840,-5.283989333,1
9508,1789654194.104112864,0.000000000,1,1,0,4,1,4,-4.011187840,-5.283989333,1
9509,1789654194.114149332,0.000000000,1,1,0,4,1,4,-4.011187840,-5.283989333,1
9510,1789654194.124177933,0.000000000,1,1,0,4,1,4,-4.011187840,-5.283989333,1
9511,1789654194.134127378,0.000000000,1,1,0,4,1,4,-4.011187840,-5.283989333,1
9512,1789654194.144163609,0.000000000,1,1,0,4,1,4,-4.011187840,-5.283989333,1
9513,1789654194.154128790,0.000000000,1,1,0,4,1,4,-4.011187840,-5.283989333,1
9514,1789654194.164153576,0.000000000,1,1,0,4,1,4,-4.011187840,-5.283989333,1
9515,1789654194.174132109,0.000000000,1,1,0,4,1,4,-4.011187840,-5.283989333,1
9516,1789654194.184178352,0.000000000,1,1,0,4,1,4,-4.011187840,-5.283989333,1
9517,1789654194.194171667,0.000000000,1,1,0,4,1,4,-4.011187840,-5.283989333,1
9518,1789654194.204184532,0.000000000,1,1,0,4,1,4,-4.011187840,-5.283989333,1
9519,1789654194.214197397,0.000000000,1,1,0,4,1,4,-4.011187840,-5.283989333,1
9520,1789654194.224205971,0.000000000,1,1,0,4,1,4,-4.011187840,-5.283989333,1
9521,1789654194.234137058,0.000000000,1,1,0,4,1,4,-4.011187840,-5.283989333,1
9522,1789654194.244131088,0.000000000,1,1,0,4,1,4,-4.011187840,-5.283989333,1
9523,1789654194.254129410,0.000000000,1,1,0,4,1,4,-4.011187840,-5.283989333,1
9524,1789654194.264164686,0.000000000,1,1,0,4,1,4,-4.011187840,-5.283989333,1
9525,1789654194.274119139,0.000000000,1,1,0,4,1,4,-4.011187840,-5.283989333,1
9526,1789654194.284143925,0.000000000,1,1,0,4,1,4,-4.011187840,-5.283989333,1
9527,1789654194.294164419,0.000000000,1,1,0,4,1,4,-4.011187840,-5.283989333,1
9528,1789654194.304186106,0.000000000,1,1,0,4,1,4,-4.011187840,-5.283989333,1
9529,1789654194.314183474,0.000000000,1,1,0,4,1,4,-4.011187840,-5.283989333,1
9530,1789654194.324139833,0.000000000,1,1,0,4,1,4,-4.011187840,-5.283989333,1
9531,1789654194.334139824,0.000000000,1,1,0,4,1,4,-4.011187840,-5.283989333,1
9532,1789654194.344124079,0.000000000,1,1,0,4,1,4,-4.011187840,-5.283989333,1
9533,1789654194.354130030,0.000000000,1,1,0,4,1,4,-4.011187840,-5.283989333,1
9534,1789654194.364156008,0.000000000,1,1,0,4,1,4,-4.011187840,-5.283989333,1
9535,1789654194.374117851,0.000000000,1,1,0,4,1,4,-4.011187840,-5.283989333,1
9536,1789654194.384176731,0.000000000,1,1,0,4,1,4,-4.011187840,-5.283989333,1
9537,1789654194.394167900,0.000000000,1,1,0,4,1,4,-4.011187840,-5.283989333,1
9538,1789654194.404168367,0.000000000,1,1,0,4,1,4,-4.011187840,-5.283989333,1
9539,1789654194.414187193,0.000000000,1,1,0,4,1,4,-4.011187840,-5.283989333,1
9540,1789654194.424142838,0.000000000,1,1,0,4,1,4,-4.011187840,-5.283989333,1
9541,1789654194.434209824,0.000000000,1,1,0,4,1,4,-4.011187840,-5.283989333,1
9542,1789654194.444163561,0.000000000,1,1,0,4,1,4,-4.011187840,-5.283989333,1
9543,1789654194.454180241,0.000000000,1,1,0,4,1,4,-4.011187840,-5.283989333,1
9544,1789654194.464178085,0.000000000,1,1,0,4,1,4,-4.011187840,-5.283989333,1
9545,1789654194.474112272,0.000000000,1,1,0,4,1,4,-4.011187840,-5.283989333,1
9546,1789654194.484115124,0.000000000,1,1,0,4,1,4,-4.011187840,-5.283989333,1
9547,1789654194.494163275,0.000000000,1,1,0,4,1,4,-4.011187840,-5.283989333,1
9548,1789654194.504154682,0.000000000,1,1,0,4,1,4,-4.011187840,-5.283989333,1
9549,1789654194.514137745,0.000000000,1,1,0,4,1,4,-4.011187840,-5.283989333,1
9550,1789654194.524123192,0.000000000,1,1,0,4,1,4,-4.011187840,-5.283989333,1
9551,1789654194.534109116,0.000000000,1,1,0,4,1,4,-4.011187840,-5.283989333,1
9552,1789654194.544186592,0.000000000,1,1,0,4,1,4,-4.011187840,-5.283989333,1
9553,1789654194.554110289,0.000000000,1,1,0,4,1,4,-4.011187840,-5.283989333,1
9554,1789654194.564143419,0.000000000,1,1,0,4,1,4,-4.011187840,-5.283989333,1
9555,1789654194.574125528,0.000000000,1,1,0,4,1,4,-4.011187840,-5.283989333,1
9556,1789654194.584159136,0.000000000,1,1,0,4,1,4,-4.011187840,-5.283989333,1
9557,1789654194.594156742,0.000000000,1,1,0,4,1,4,-4.011187840,-5.283989333,1
9558,1789654194.604168177,0.000000000,1,1,0,4,1,4,-4.011187840,-5.283989333,1
9559,1789654194.614163876,0.000000000,1,1,0,4,1,4,-4.011187840,-5.283989333,1
9560,1789654194.624148369,0.000000000,1,1,0,4,1,4,-4.011187840,-5.283989333,1
9561,1789654194.634121418,0.000000000,1,1,0,4,1,4,-4.011187840,-5.283989333,1
9562,1789654194.644175053,0.000000000,1,1,0,4,1,4,-4.011187840,-5.283989333,1
9563,1789654194.654115438,0.000000000,1,1,0,4,1,4,-4.011187840,-5.283989333,1
9564,1789654194.664115191,0.000000000,1,1,0,4,1,4,-4.011187840,-5.283989333,1
9565,1789654194.674109221,0.000000000,1,1,0,4,1,4,-4.011187840,-5.283989333,1
9566,1789654194.684166193,0.000000000,1,1,0,4,1,4,-4.011187840,-5.283989333,1
9567,1789654194.694112301,0.000000000,1,1,0,4,1,4,-4.011187840,-5.283989333,1
9568,1789654194.704103947,0.000000000,1,1,0,4,1,4,-4.011187840,-5.283989333,1
9569,1789654194.714159727,0.000000000,1,1,0,4,1,4,-4.011187840,-5.283989333,1
9570,1789654194.724122047,0.000000000,1,1,0,4,1,4,-4.011187840,-5.283989333,1
9571,1789654194.734178066,0.000000000,1,1,0,4,1,4,-4.011187840,-5.283989333,1
9572,1789654194.744158506,0.000000000,1,1,0,4,1,4,-4.011187840,-5.283989333,1
9573,1789654194.754104376,0.000000000,1,1,0,4,1,4,-4.011187840,-5.283989333,1
9574,1789654194.764138460,0.000000000,1,1,0,4,1,4,-4.011187840,-5.283989333,1
9575,1789654194.774115086,0.000000000,1,1,0,4,1,4,-4.011187840,-5.283989333,1
9576,1789654194.784164429,0.000000000,1,1,0,4,1,4,-4.011187840,-5.283989333,1
9577,1789654194.794102192,0.000000000,1,1,0,4,1,4,-4.011187840,-5.283989333,1
9578,1789654194.804123402,0.000000000,1,1,0,4,1,4,-4.011187840,-5.283989333,1
9579,1789654194.814108372,0.000000000,1,1,0,4,1,4,-4.011187840,-5.283989333,1
9580,1789654194.824181080,0.000000000,1,1,0,4,1,4,-4.011187840,-5.283989333,1
9581,1789654194.834135532,0.000000000,1,1,0,4,1,4,-4.011187840,-5.283989333,1
9582,1789654194.844105244,0.000000000,1,1,0,4,1,4,-4.011187840,-5.283989333,1
9583,1789654194.854133844,0.000000000,1,1,0,4,1,4,-4.011187840,-5.283989333,1
9584,1789654194.864145756,0.000000000,1,1,0,4,1,4,-4.011187840,-5.283989333,1
9585,1789654194.874102592,0.000000000,1,1,0,4,1,4,-4.011187840,-5.283989333,1
9586,1789654194.884105444,0.000000000,1,1,0,4,1,4,-4.011187840,-5.283989333,1
9587,1789654194.894129753,0.000000000,1,1,0,4,1,4,-4.011187840,-5.283989333,1
9588,1789654194.904105902,0.000000000,1,1,0,4,1,4,-4.011187840,-5.283989333,1
9589,1789654194.914133787,0.000000000,1,1,0,4,1,4,-4.011187840,-5.283989333,1
9590,1789654194.924114943,0.000000000,1,1,0,4,1,4,-4.011187840,-5.283989333,1
9591,1789654194.934119225,0.000000000,1,1,0,4,1,4,-4.011187840,-5.283989333,1
9592,1789654194.944118977,0.000000000,1,1,0,4,1,4,-4.011187840,-5.283989333,1
9593,1789654194.954138517,0.000000000,1,1,0,4,1,4,-4.011187840,-5.283989333,1
9594,1789654194.964180946,0.000000000,1,1,0,4,1,4,-4.011187840,-5.283989333,1
9595,1789654194.974106789,0.000000000,1,1,0,4,1,4,-4.011187840,-5.283989333,1
9596,1789654194.984142542,0.000000000,1,1,0,4,1,4,-4.011187840,-5.283989333,1
9597,1789654194.994174242,0.000000000,1,1,0,4,1,4,-4.011187840,-5.283989333,1
9598,1789654195.004152536,0.000000000,1,1,0,4,1,4,-4.011187840,-5.283989333,1
9599,1789654195.014133215,0.000000000,1,1,0,4,1,4,-4.011187840,-5.283989333,1
9600,1789654195.024139166,0.000000000,1,1,0,4,1,4,-4.011187840,-5.283989333,1
9601,1789654195.034125566,0.000000000,1,1,0,4,1,4,-4.011187840,-5.283989333,1
9602,1789654195.044122934,0.000000000,1,1,0,4,1,4,-4.011187840,-5.283989333,1
9603,1789654195.054128170,0.000000000,1,1,0,4,1,4,-4.011187840,-5.283989333,1
9604,1789654195.064201355,0.000000000,1,1,0,4,1,4,-4.011187840,-5.283989333,1
9605,1789654195.074120760,0.000000000,1,1,0,4,1,4,-4.011187840,-5.283989333,1
9606,1789654195.084146976,0.000000000,1,1,0,4,1,4,-4.011187840,-5.283989333,1
9607,1789654195.094147444,0.000000000,1,1,0,4,1,4,-4.011187840,-5.283989333,1
9608,1789654195.104124069,0.000000000,1,1,0,4,1,4,-4.011187840,-5.283989333,1
9609,1789654195.114177942,0.000000000,1,1,0,4,1,4,-4.011187840,-5.283989333,1
9610,1789654195.124167204,0.000000000,1,1,0,4,1,4,-4.011187840,-5.283989333,1
9611,1789654195.134148359,0.000000000,1,1,0,4,1,4,-4.011187840,-5.283989333,1
9612,1789654195.144149542,0.000000000,1,1,0,4,1,4,-4.011187840,-5.283989333,1
9613,1789654195.154128313,0.000000000,1,1,0,4,1,4,-4.011187840,-5.283989333,1
9614,1789654195.164125681,0.000000000,1,1,0,4,1,4,-4.011187840,-5.283989333,1
9615,1789654195.174116611,0.000000000,1,1,0,4,1,4,-4.011187840,-5.283989333,1
9616,1789654195.184183359,0.000000000,1,1,0,4,1,4,-4.011187840,-5.283989333,1
9617,1789654195.194144249,0.000000000,1,1,0,4,1,4,-4.011187840,-5.283989333,1
9618,1789654195.204152822,0.000000000,1,1,0,4,1,4,-4.011187840,-5.283989333,1
9619,1789654195.214166164,0.000000000,1,1,0,4,1,4,-4.011187840,-5.283989333,1
9620,1789654195.224169731,0.000000000,1,1,0,4,1,4,-4.011187840,-5.283989333,1
9621,1789654195.234131813,0.000000000,1,1,0,4,1,4,-4.011187840,-5.283989333,1
9622,1789654195.244108915,0.000000000,1,1,0,4,1,4,-4.011187840,-5.283989333,1
9623,1789654195.254112482,0.000000000,1,1,0,4,1,4,-4.011187840,-5.283989333,1
9624,1789654195.264134407,0.000000000,1,1,0,4,1,4,-4.011187840,-5.283989333,1
9625,1789654195.274115086,0.000000000,1,1,0,4,1,4,-4.011187840,-5.283989333,1
9626,1789654195.284146070,0.000000000,1,1,0,4,1,4,-4.011187840,-5.283989333,1
9627,1789654195.294130087,0.000000000,1,1,0,4,1,4,-4.011187840,-5.283989333,1
9628,1789654195.304100752,0.000000000,1,1,0,4,1,4,-4.011187840,-5.283989333,1
9629,1789654195.314170599,0.000000000,1,1,0,4,1,4,-4.011187840,-5.283989333,1
9630,1789654195.324151278,0.000000000,1,1,0,4,1,4,-4.011187840,-5.283989333,1
9631,1789654195.334181070,0.000000000,1,1,0,4,1,4,-4.011187840,-5.283989333,1
9632,1789654195.344171047,0.000000000,1,1,0,4,1,4,-4.011187840,-5.283989333,1
9633,1789654195.354200125,0.000000000,1,1,0,4,1,4,-4.011187840,-5.283989333,1
9634,1789654195.364140272,0.000000000,1,1,0,4,1,4,-4.011187840,-5.283989333,1
9635,1789654195.374117613,0.000000000,1,1,0,4,1,4,-4.011187840,-5.283989333,1
9636,1789654195.384159803,0.000000000,1,1,0,4,1,4,-4.011187840,-5.283989333,1
9637,1789654195.394102335,0.000000000,1,1,0,4,1,4,-4.011187840,-5.283989333,1
9638,1789654195.404113054,0.000000000,1,1,0,4,1,4,-4.011187840,-5.283989333,1
9639,1789654195.414161444,0.000000000,1,1,0,4,1,4,-4.011187840,-5.283989333,1
9640,1789654195.424174070,0.000000000,1,1,0,4,1,4,-4.011187840,-5.283989333,1
9641,1789654195.434109211,0.000000000,1,1,0,4,1,4,-4.011187840,-5.283989333,1
9642,1789654195.444190025,0.000000000,1,1,0,4,1,4,-4.011187840,-5.283989333,1
9643,1789654195.454116344,0.000000000,1,1,0,4,1,4,-4.011187840,-5.283989333,1
9644,1789654195.464110613,0.000000000,1,1,0,4,1,4,-4.011187840,-5.283989333,1
9645,1789654195.474105120,0.000000000,1,1,0,4,1,4,-4.011187840,-5.283989333,1
9646,1789654195.484125137,0.000000000,1,1,0,4,1,4,-4.011187840,-5.283989333,1
9647,1789654195.494115114,0.000000000,1,1,0,4,1,4,-4.011187840,-5.283989333,1
9648,1789654195.504185438,0.000000000,1,1,0,4,1,4,-4.011187840,-5.283989333,1
9649,1789654195.514129162,0.000000000,1,1,0,4,1,4,-4.011187840,-5.283989333,1
9650,1789654195.524138927,0.000000000,1,1,0,4,1,4,-4.011187840,-5.283989333,1
9651,1789654195.534106731,0.000000000,1,1,0,4,1,4,-4.011187840,-5.283989333,1
9652,1789654195.544152498,0.000000000,1,1,0,4,1,4,-4.011187840,-5.283989333,1
9653,1789654195.554111242,0.000000000,1,1,0,4,1,4,-4.011187840,-5.283989333,1
9654,1789654195.564067125,0.000000000,1,1,0,4,1,4,-4.011187840,-5.283989333,1
9655,1789654195.574138403,0.000000000,1,1,0,4,1,4,-4.011187840,-5.283989333,1
9656,1789654195.584115744,0.000000000,1,1,0,4,1,4,-4.011187840,-5.283989333,1
9657,1789654195.594121218,0.000000000,1,1,0,4,1,4,-4.011187840,-5.283989333,1
9658,1789654195.604131699,0.000000000,1,1,0,4,1,4,-4.011187840,-5.283989333,1
9659,1789654195.614108086,0.000000000,1,1,0,4,1,4,-4.011187840,-5.283989333,1
9660,1789654195.624107599,0.000000000,1,1,0,4,1,4,-4.011187840,-5.283989333,1
9661,1789654195.634115219,0.000000000,1,1,0,4,1,4,-4.011187840,-5.283989333,1
9662,1789654195.644109964,0.000000000,1,1,0,4,1,4,-4.011187840,-5.283989333,1
9663,1789654195.654110432,0.000000000,1,1,0,4,1,4,-4.011187840,-5.283989333,1
9664,1789654195.664139509,0.000000000,1,1,0,4,1,4,-4.011187840,-5.283989333,1
9665,1789654195.674107552,0.000000000,1,1,0,4,1,4,-4.011187840,-5.283989333,1
9666,1789654195.684101105,0.000000000,1,1,0,4,1,4,-4.011187840,-5.283989333,1
9667,1789654195.694140434,0.000000000,1,1,0,4,1,4,-4.011187840,-5.283989333,1
9668,1789654195.704100847,0.000000000,1,1,0,4,1,4,-4.011187840,-5.283989333,1
9669,1789654195.714110374,0.000000000,1,1,0,4,1,4,-4.011187840,-5.283989333,1
9670,1789654195.724175453,0.000000000,1,1,0,4,1,4,-4.011187840,-5.283989333,1
9671,1789654195.734122515,0.000000000,1,1,0,4,1,4,-4.011187840,-5.283989333,1
9672,1789654195.744173527,0.000000000,1,1,0,4,1,4,-4.011187840,-5.283989333,1
9673,1789654195.754186392,0.000000000,1,1,0,4,1,4,-4.011187840,-5.283989333,1
9674,1789654195.764115095,0.000000000,1,1,0,4,1,4,-4.011187840,-5.283989333,1
9675,1789654195.774111509,0.000000000,1,1,0,4,1,4,-4.011187840,-5.283989333,1
9676,1789654195.784128189,0.000000000,1,1,0,4,1,4,-4.011187840,-5.283989333,1
9677,1789654195.794131994,0.000000000,1,1,0,4,1,4,-4.011187840,-5.283989333,1
9678,1789654195.804109812,0.000000000,1,1,0,4,1,4,-4.011187840,-5.283989333,1
9679,1789654195.814140320,0.000000000,1,1,0,4,1,4,-4.011187840,-5.283989333,1
9680,1789654195.824146509,0.000000000,1,1,0,4,1,4,-4.011187840,-5.283989333,1
9681,1789654195.834117651,0.000000000,1,1,0,4,1,4,-4.011187840,-5.283989333,1
9682,1789654195.844103575,0.000000000,1,1,0,4,1,4,-4.011187840,-5.283989333,1
9683,1789654195.854212761,0.000000000,1,1,0,4,1,4,-4.011187840,-5.283989333,1
9684,1789654195.864125490,0.000000000,1,1,0,4,1,4,-4.011187840,-5.283989333,1
9685,1789654195.874137402,0.000000000,1,1,0,4,1,4,-4.011187840,-5.283989333,1
9686,1789654195.884104967,0.000000000,1,1,0,4,1,4,-4.011187840,-5.283989333,1
9687,1789654195.894157648,0.000000000,1,1,0,4,1,4,-4.011187840,-5.283989333,1
9688,1789654195.904112816,0.000000000,1,1,0,4,1,4,-4.011187840,-5.283989333,1
9689,1789654195.914144039,0.000000000,1,1,0,4,1,4,-4.011187840,-5.283989333,1
9690,1789654195.924212456,0.000000000,1,1,0,4,1,4,-4.011187840,-5.283989333,1
9691,1789654195.934142828,0.000000000,1,1,0,4,1,4,-4.011187840,-5.283989333,1
9692,1789654195.944137812,0.000000000,1,1,0,4,1,4,-4.011187840,-5.283989333,1
9693,1789654195.954208374,0.000000000,1,1,0,4,1,4,-4.011187840,-5.283989333,1
9694,1789654195.964112043,0.000000000,1,1,0,4,1,4,-4.011187840,-5.283989333,1
9695,1789654195.974118948,0.000000000,1,1,0,4,1,4,-4.011187840,-5.283989333,1
9696,1789654195.984135866,0.000000000,1,1,0,4,1,4,-4.011187840,-5.283989333,1
9697,1789654195.994142532,0.000000000,1,1,0,4,1,4,-4.011187840,-5.283989333,1
9698,1789654196.004142523,0.000000000,1,1,0,4,1,4,-4.011187840,-5.283989333,1
9699,1789654196.014108658,0.000000000,1,1,0,4,1,4,-4.011187840,-5.283989333,1
9700,1789654196.024120569,0.000000000,1,1,0,4,1,4,-4.011187840,-5.283989333,1
9701,1789654196.034174681,0.000000000,1,1,0,4,1,4,-4.011187840,-5.283989333,1
9702,1789654196.044202089,0.000000000,1,1,0,4,1,4,-4.011187840,-5.283989333,1
9703,1789654196.054172993,0.000000000,1,1,0,4,1,4,-4.011187840,-5.283989333,1
9704,1789654196.064151049,0.000000000,1,1,0,4,1,4,-4.011187840,-5.283989333,1
9705,1789654196.074341536,0.000000000,1,1,0,4,1,4,-4.011187840,-5.283989333,1
9706,1789654196.084144115,0.000000000,1,1,0,4,1,4,-4.011187840,-5.283989333,1
9707,1789654196.094166994,0.000000000,1,1,0,4,1,4,-4.011187840,-5.283989333,1
9708,1789654196.104103327,0.000000000,1,1,0,4,1,4,-4.011187840,-5.283989333,1
9709,1789654196.114131927,0.000000000,1,1,0,4,1,4,-4.011187840,-5.283989333,1
9710,1789654196.124169111,0.000000000,1,1,0,4,1,4,-4.011187840,-5.283989333,1
9711,1789654196.134114742,0.000000000,1,1,0,4,1,4,-4.011187840,-5.283989333,1
9712,1789654196.144153595,0.000000000,1,1,0,4,1,4,-4.011187840,-5.283989333,1
9713,1789654196.154152393,0.000000000,1,1,0,4,1,4,-4.011187840,-5.283989333,1
9714,1789654196.164133549,0.000000000,1,1,0,4,1,4,-4.011187840,-5.283989333,1
9715,1789654196.174127340,0.000000000,1,1,0,4,1,4,-4.011187840,-5.283989333,1
9716,1789654196.184149981,0.000000000,1,1,0,4,1,4,-4.011187840,-5.283989333,1
9717,1789654196.194148302,0.000000000,1,1,0,4,1,4,-4.011187840,-5.283989333,1
9718,1789654196.204113245,0.000000000,1,1,0,4,1,4,-4.011187840,-5.283989333,1
9719,1789654196.214131594,0.000000000,1,1,0,4,1,4,-4.011187840,-5.283989333,1
9720,1789654196.224190474,0.000000000,1,1,0,4,1,4,-4.011187840,-5.283989333,1
9721,1789654196.234178066,0.000000000,1,1,0,4,1,4,-4.011187840,-5.283989333,1
9722,1789654196.244201183,0.000000000,1,1,0,4,1,4,-4.011187840,-5.283989333,1
9723,1789654196.254173040,0.000000000,1,1,0,4,1,4,-4.011187840,-5.283989333,1
9724,1789654196.264137745,0.000000000,1,1,0,4,1,4,-4.011187840,-5.283989333,1
9725,1789654196.274142265,0.000000000,1,1,0,4,1,4,-4.011187840,-5.283989333,1
9726,1789654196.284129143,0.000000000,1,1,0,4,1,4,-4.011187840,-5.283989333,1
9727,1789654196.294102430,0.000000000,1,1,0,4,1,4,-4.011187840,-5.283989333,1
9728,1789654196.304148197,0.000000000,1,1,0,4,1,4,-4.011187840,-5.283989333,1
9729,1789654196.314144611,0.000000000,1,1,0,4,1,4,-4.011187840,-5.283989333,1
9730,1789654196.324119568,0.000000000,1,1,0,4,1,4,-4.011187840,-5.283989333,1
9731,1789654196.334204435,0.000000000,1,1,0,4,1,4,-4.011187840,-5.283989333,1
9732,1789654196.344173908,0.000000000,1,1,0,4,1,4,-4.011187840,-5.283989333,1
9733,1789654196.354176283,0.000000000,1,1,0,4,1,4,-4.011187840,-5.283989333,1
9734,1789654196.364142656,0.000000000,1,1,0,4,1,4,-4.011187840,-5.283989333,1
9735,1789654196.374109030,0.000000000,1,1,0,4,1,4,-4.011187840,-5.283989333,1
9736,1789654196.384126425,0.000000000,1,1,0,4,1,4,-4.011187840,-5.283989333,1
9737,1789654196.394199848,0.000000000,1,1,0,4,1,4,-4.011187840,-5.283989333,1
9738,1789654196.404166937,0.000000000,1,1,0,4,1,4,-4.011187840,-5.283989333,1
9739,1789654196.414104939,0.000000000,1,1,0,4,1,4,-4.011187840,-5.283989333,1
9740,1789654196.424105644,0.000000000,1,1,0,4,1,4,-4.011187840,-5.283989333,1
9741,1789654196.434177637,0.000000000,1,1,0,4,1,4,-4.011187840,-5.283989333,1
9742,1789654196.444151878,0.000000000,1,1,0,4,1,4,-4.011187840,-5.283989333,1
9743,1789654196.454179525,0.000000000,1,1,0,4,1,4,-4.011187840,-5.283989333,1
9744,1789654196.464174032,0.000000000,1,1,0,4,1,4,-4.011187840,-5.283989333,1
9745,1789654196.474134922,0.000000000,1,1,0,4,1,4,-4.011187840,-5.283989333,1
9746,1789654196.484135151,0.000000000,1,1,0,4,1,4,-4.011187840,-5.283989333,1
9747,1789654196.494133234,0.000000000,1,1,0,4,1,4,-4.011187840,-5.283989333,1
9748,1789654196.504149675,0.000000000,1,1,0,4,1,4,-4.011187840,-5.283989333,1
9749,1789654196.514173985,0.000000000,1,1,0,4,1,4,-4.011187840,-5.283989333,1
9750,1789654196.524161339,0.000000000,1,1,0,4,1,4,-4.011187840,-5.283989333,1
9751,1789654196.534138441,0.000000000,1,1,0,4,1,4,-4.011187840,-5.283989333,1
9752,1789654196.544146538,0.000000000,1,1,0,4,1,4,-4.011187840,-5.283989333,1
9753,1789654196.554128885,0.000000000,1,1,0,4,1,4,-4.011187840,-5.283989333,1
9754,1789654196.564187050,0.000000000,1,1,0,4,1,4,-4.011187840,-5.283989333,1
9755,1789654196.574126959,0.000000000,1,1,0,4,1,4,-4.011187840,-5.283989333,1
9756,1789654196.584168911,0.000000000,1,1,0,4,1,4,-4.011187840,-5.283989333,1
9757,1789654196.594171047,0.000000000,1,1,0,4,1,4,-4.011187840,-5.283989333,1
9758,1789654196.604179382,0.000000000,1,1,0,4,1,4,-4.011187840,-5.283989333,1
9759,1789654196.614182711,0.000000000,1,1,0,4,1,4,-4.011187840,-5.283989333,1
9760,1789654196.624216795,0.000000000,1,1,0,4,1,4,-4.011187840,-5.283989333,1
9761,1789654196.634130716,0.000000000,1,1,0,4,1,4,-4.011187840,-5.283989333,1
9762,1789654196.644127846,0.000000000,1,1,0,4,1,4,-4.011187840,-5.283989333,1
9763,1789654196.654196024,0.000000000,1,1,0,4,1,4,-4.011187840,-5.283989333,1
9764,1789654196.664150238,0.000000000,1,1,0,4,1,4,-4.011187840,-5.283989333,1
9765,1789654196.674126387,0.000000000,1,1,0,4,1,4,-4.011187840,-5.283989333,1
9766,1789654196.684185028,0.000000000,1,1,0,4,1,4,-4.011187840,-5.283989333,1
9767,1789654196.694177389,0.000000000,1,1,0,4,1,4,-4.011187840,-5.283989333,1
9768,1789654196.704122066,0.000000000,1,1,0,4,1,4,-4.011187840,-5.283989333,1
9769,1789654196.714142799,0.000000000,1,1,0,4,1,4,-4.011187840,-5.283989333,1
9770,1789654196.724133730,0.000000000,1,1,0,4,1,4,-4.011187840,-5.283989333,1
9771,1789654196.734164953,0.000000000,1,1,0,4,1,4,-4.011187840,-5.283989333,1
9772,1789654196.744161367,0.000000000,1,1,0,4,1,4,-4.011187840,-5.283989333,1
9773,1789654196.754168749,0.000000000,1,1,0,4,1,4,-4.011187840,-5.283989333,1
9774,1789654196.764127254,0.000000000,1,1,0,4,1,4,-4.011187840,-5.283989333,1
9775,1789654196.774117708,0.000000000,1,1,0,4,1,4,-4.011187840,-5.283989333,1
9776,1789654196.784124136,0.000000000,1,1,0,4,1,4,-4.011187840,-5.283989333,1
9777,1789654196.794178486,0.000000000,1,1,0,4,1,4,-4.011187840,-5.283989333,1
9778,1789654196.804136038,0.000000000,1,1,0,4,1,4,-4.011187840,-5.283989333,1
9779,1789654196.814126492,0.000000000,1,1,0,4,1,4,-4.011187840,-5.283989333,1
9780,1789654196.824117661,0.000000000,1,1,0,4,1,4,-4.011187840,-5.283989333,1
9781,1789654196.834167480,0.000000000,1,1,0,4,1,4,-4.011187840,-5.283989333,1
9782,1789654196.844133139,0.000000000,1,1,0,4,1,4,-4.011187840,-5.283989333,1
9783,1789654196.854114056,0.000000000,1,1,0,4,1,4,-4.011187840,-5.283989333,1
9784,1789654196.864115715,0.000000000,1,1,0,4,1,4,-4.011187840,-5.283989333,1
9785,1789654196.874117851,0.000000000,1,1,0,4,1,4,-4.011187840,-5.283989333,1
9786,1789654196.884165049,0.000000000,1,1,0,4,1,4,-4.011187840,-5.283989333,1
9787,1789654196.894199133,0.000000000,1,1,0,4,1,4,-4.011187840,-5.283989333,1
9788,1789654196.904175520,0.000000000,1,1,0,4,1,4,-4.011187840,-5.283989333,1
9789,1789654196.914170742,0.000000000,1,1,0,4,1,4,-4.011187840,-5.283989333,1
9790,1789654196.924202919,0.000000000,1,1,0,4,1,4,-4.011187840,-5.283989333,1
9791,1789654196.934126616,0.000000000,1,1,0,4,1,4,-4.011187840,-5.283989333,1
9792,1789654196.944125414,0.000000000,1,1,0,4,1,4,-4.011187840,-5.283989333,1
9793,1789654196.954125166,0.000000000,1,1,0,4,1,4,-4.011187840,-5.283989333,1
9794,1789654196.964153528,0.000000000,1,1,0,4,1,4,-4.011187840,-5.283989333,1
9795,1789654196.974118471,0.000000000,1,1,0,4,1,4,-4.011187840,-5.283989333,1
9796,1789654196.984177828,0.000000000,1,1,0,4,1,4,-4.011187840,-5.283989333,1
9797,1789654196.994199753,0.000000000,1,1,0,4,1,4,-4.011187840,-5.283989333,1
9798,1789654197.004191160,0.000000000,1,1,0,4,1,4,-4.011187840,-5.283989333,1
9799,1789654197.014159918,0.000000000,1,1,0,4,1,4,-4.011187840,-5.283989333,1
9800,1789654197.024144888,0.000000000,1,1,0,4,1,4,-4.011187840,-5.283989333,1
9801,1789654197.034171343,0.000000000,1,1,0,4,1,4,-4.011187840,-5.283989333,1
9802,1789654197.044141769,0.000000000,1,1,0,4,1,4,-4.011187840,-5.283989333,1
9803,1789654197.054121017,0.000000000,1,1,0,4,1,4,-4.011187840,-5.283989333,1
9804,1789654197.064152241,0.000000000,1,1,0,4,1,4,-4.011187840,-5.283989333,1
9805,1789654197.074126244,0.000000000,1,1,0,4,1,4,-4.011187840,-5.283989333,1
9806,1789654197.084129810,0.000000000,1,1,0,4,1,4,-4.011187840,-5.283989333,1
9807,1789654197.094178677,0.000000000,1,1,0,4,1,4,-4.011187840,-5.283989333,1
9808,1789654197.104122400,0.000000000,1,1,0,4,1,4,-4.011187840,-5.283989333,1
9809,1789654197.114174128,0.000000000,1,1,0,4,1,4,-4.011187840,-5.283989333,1
9810,1789654197.124190569,0.000000000,1,1,0,4,1,4,-4.011187840,-5.283989333,1
9811,1789654197.134175301,0.000000000,1,1,0,4,1,4,-4.011187840,-5.283989333,1
9812,1789654197.144105911,0.000000000,1,1,0,4,1,4,-4.011187840,-5.283989333,1
9813,1789654197.154119253,0.000000000,1,1,0,4,1,4,-4.011187840,-5.283989333,1
9814,1789654197.164120674,0.000000000,1,1,0,4,1,4,-4.011187840,-5.283989333,1
9815,1789654197.174137115,0.000000000,1,1,0,4,1,4,-4.011187840,-5.283989333,1
9816,1789654197.184168100,0.000000000,1,1,0,4,1,4,-4.011187840,-5.283989333,1
9817,1789654197.194131374,0.000000000,1,1,0,4,1,4,-4.011187840,-5.283989333,1
9818,1789654197.204131603,0.000000000,1,1,0,4,1,4,-4.011187840,-5.283989333,1
9819,1789654197.214160681,0.000000000,1,1,0,4,1,4,-4.011187840,-5.283989333,1
9820,1789654197.224186659,0.000000000,1,1,0,4,1,4,-4.011187840,-5.283989333,1
9821,1789654197.234125614,0.000000000,1,1,0,4,1,4,-4.011187840,-5.283989333,1
9822,1789654197.244109154,0.000000000,1,1,0,4,1,4,-4.011187840,-5.283989333,1
9823,1789654197.254177332,0.000000000,1,1,0,4,1,4,-4.011187840,-5.283989333,1
9824,1789654197.264141560,0.000000000,1,1,0,4,1,4,-4.011187840,-5.283989333,1
9825,1789654197.274105072,0.000000000,1,1,0,4,1,4,-4.011187840,-5.283989333,1
9826,1789654197.284132719,0.000000000,1,1,0,4,1,4,-4.011187840,-5.283989333,1
9827,1789654197.294125080,0.000000000,1,1,0,4,1,4,-4.011187840,-5.283989333,1
9828,1789654197.304129839,0.000000000,1,1,0,4,1,4,-4.011187840,-5.283989333,1
9829,1789654197.314160824,0.000000000,1,1,0,4,1,4,-4.011187840,-5.283989333,1
9830,1789654197.324181318,0.000000000,1,1,0,4,1,4,-4.011187840,-5.283989333,1
9831,1789654197.334184408,0.000000000,1,1,0,4,1,4,-4.011187840,-5.283989333,1
9832,1789654197.344130039,0.000000000,1,1,0,4,1,4,-4.011187840,-5.283989333,1
9833,1789654197.354179144,0.000000000,1,1,0,4,1,4,-4.011187840,-5.283989333,1
9834,1789654197.364139318,0.000000000,1,1,0,4,1,4,-4.011187840,-5.283989333,1
9835,1789654197.374113321,0.000000000,1,1,0,4,1,4,-4.011187840,-5.283989333,1
9836,1789654197.384155989,0.000000000,1,1,0,4,1,4,-4.011187840,-5.283989333,1
9837,1789654197.394131422,0.000000000,1,1,0,4,1,4,-4.011187840,-5.283989333,1
9838,1789654197.404138565,0.000000000,1,1,0,4,1,4,-4.011187840,-5.283989333,1
9839,1789654197.414142132,0.000000000,1,1,0,4,1,4,-4.011187840,-5.283989333,1
9840,1789654197.424197912,0.000000000,1,1,0,4,1,4,-4.011187840,-5.283989333,1
9841,1789654197.434133530,0.000000000,1,1,0,4,1,4,-4.011187840,-5.283989333,1
9842,1789654197.444173098,0.000000000,1,1,0,4,1,4,-4.011187840,-5.283989333,1
9843,1789654197.454130411,0.000000000,1,1,0,4,1,4,-4.011187840,-5.283989333,1
9844,1789654197.464133978,0.000000000,1,1,0,4,1,4,-4.011187840,-5.283989333,1
9845,1789654197.480943441,0.000000000,1,1,0,4,1,4,-4.011187840,-5.283989333,1
9846,1789654197.484103203,0.000000000,1,1,0,4,1,4,-4.011187840,-5.283989333,1
9847,1789654197.494135618,0.000000000,1,1,0,4,1,4,-4.011187840,-5.283989333,1
9848,1789654197.504144907,0.000000000,1,1,0,4,1,4,-4.011187840,-5.283989333,1
9849,1789654197.514153481,0.000000000,1,1,0,4,1,4,-4.011187840,-5.283989333,1
9850,1789654197.524194956,0.000000000,1,1,0,4,1,4,-4.011187840,-5.283989333,1
9851,1789654197.534167051,0.000000000,1,1,0,4,1,4,-4.011187840,-5.283989333,1
9852,1789654197.544128656,0.000000000,1,1,0,4,1,4,-4.011187840,-5.283989333,1
9853,1789654197.554130077,0.000000000,1,1,0,4,1,4,-4.011187840,-5.283989333,1
9854,1789654197.564173937,0.000000000,1,1,0,4,1,4,-4.011187840,-5.283989333,1
9855,1789654197.574168682,0.000000000,1,1,0,4,1,4,-4.011187840,-5.283989333,1
9856,1789654197.584139585,0.000000000,1,1,0,4,1,4,-4.011187840,-5.283989333,1
9857,1789654197.594195604,0.000000000,1,1,0,4,1,4,-4.011187840,-5.283989333,1
9858,1789654197.604119778,0.000000000,1,1,0,4,1,4,-4.011187840,-5.283989333,1
9859,1789654197.614143133,0.000000000,1,1,0,4,1,4,-4.011187840,-5.283989333,1
9860,1789654197.624148369,0.000000000,1,1,0,4,1,4,-4.011187840,-5.283989333,1
9861,1789654197.634124994,0.000000000,1,1,0,4,1,4,-4.011187840,-5.283989333,1
9862,1789654197.644174814,0.000000000,1,1,0,4,1,4,-4.011187840,-5.283989333,1
9863,1789654197.654129505,0.000000000,1,1,0,4,1,4,-4.011187840,-5.283989333,1
9864,1789654197.664106846,0.000000000,1,1,0,4,1,4,-4.011187840,-5.283989333,1
9865,1789654197.674111605,0.000000000,1,1,0,4,1,4,-4.011187840,-5.283989333,1
9866,1789654197.684165716,0.000000000,1,1,0,4,1,4,-4.011187840,-5.283989333,1
9867,1789654197.694170713,0.000000000,1,1,0,4,1,4,-4.011187840,-5.283989333,1
9868,1789654197.704103470,0.000000000,1,1,0,4,1,4,-4.011187840,-5.283989333,1
9869,1789654197.714158535,0.000000000,1,1,0,4,1,4,-4.011187840,-5.283989333,1
9870,1789654197.724189520,0.000000000,1,1,0,4,1,4,-4.011187840,-5.283989333,1
9871,1789654197.734182119,0.000000000,1,1,0,4,1,4,-4.011187840,-5.283989333,1
9872,1789654197.744127512,0.000000000,1,1,0,4,1,4,-4.011187840,-5.283989333,1
9873,1789654197.754115820,0.000000000,1,1,0,4,1,4,-4.011187840,-5.283989333,1
9874,1789654197.764143467,0.000000000,1,1,0,4,1,4,-4.011187840,-5.283989333,1
9875,1789654197.774109602,0.000000000,1,1,0,4,1,4,-4.011187840,-5.283989333,1
9876,1789654197.784169674,0.000000000,1,1,0,4,1,4,-4.011187840,-5.283989333,1
9877,1789654197.794155359,0.000000000,1,1,0,4,1,4,-4.011187840,-5.283989333,1
9878,1789654197.804134607,0.000000000,1,1,0,4,1,4,-4.011187840,-5.283989333,1
9879,1789654197.814136982,0.000000000,1,1,0,4,1,4,-4.011187840,-5.283989333,1
9880,1789654197.824128151,0.000000000,1,1,0,4,1,4,-4.011187840,-5.283989333,1
9881,1789654197.834208965,0.000000000,1,1,0,4,1,4,-4.011187840,-5.283989333,1
9882,1789654197.844164610,0.000000000,1,1,0,4,1,4,-4.011187840,-5.283989333,1
9883,1789654197.854157925,0.000000000,1,1,0,4,1,4,-4.011187840,-5.283989333,1
9884,1789654197.864153624,0.000000000,1,1,0,4,1,4,-4.011187840,-5.283989333,1
9885,1789654197.874114275,0.000000000,1,1,0,4,1,4,-4.011187840,-5.283989333,1
9886,1789654197.884192467,0.000000000,1,1,0,4,1,4,-4.011187840,-5.283989333,1
9887,1789654197.894170523,0.000000000,1,1,0,4,1,4,-4.011187840,-5.283989333,1
9888,1789654197.904126406,0.000000000,1,1,0,4,1,4,-4.011187840,-5.283989333,1
9889,1789654197.914179087,0.000000000,1,1,0,4,1,4,-4.011187840,-5.283989333,1
9890,1789654197.924346447,0.000000000,1,1,0,4,1,4,-4.011187840,-5.283989333,1
9891,1789654197.934134007,0.000000000,1,1,0,4,1,4,-4.011187840,-5.283989333,1
9892,1789654197.944147825,0.000000000,1,1,0,4,1,4,-4.011187840,-5.283989333,1
9893,1789654197.954155445,0.000000000,1,1,0,4,1,4,-4.011187840,-5.283989333,1
9894,1789654197.964158297,0.000000000,1,1,0,4,1,4,-4.011187840,-5.283989333,1
9895,1789654197.974122047,0.000000000,1,1,0,4,1,4,-4.011187840,-5.283989333,1
9896,1789654197.984163046,0.000000000,1,1,0,4,1,4,-4.011187840,-5.283989333,1
9897,1789654197.994131565,0.000000000,1,1,0,4,1,4,-4.011187840,-5.283989333,1
9898,1789654198.004123926,0.000000000,1,1,0,4,1,4,-4.011187840,-5.283989333,1
9899,1789654198.014189005,0.000000000,1,1,0,4,1,4,-4.011187840,-5.283989333,1
9900,1789654198.024137020,0.000000000,1,1,0,4,1,4,-4.011187840,-5.283989333,1
9901,1789654198.034158230,0.000000000,1,1,0,4,1,4,-4.011187840,-5.283989333,1
9902,1789654198.044122219,0.000000000,1,1,0,4,1,4,-4.011187840,-5.283989333,1
9903,1789654198.054156780,0.000000000,1,1,0,4,1,4,-4.011187840,-5.283989333,1
9904,1789654198.064116478,0.000000000,1,1,0,4,1,4,-4.011187840,-5.283989333,1
9905,1789654198.074128628,0.000000000,1,1,0,4,1,4,-4.011187840,-5.283989333,1
9906,1789654198.084171295,0.000000000,1,1,0,4,1,4,-4.011187840,-5.283989333,1
9907,1789654198.094165325,0.000000000,1,1,0,4,1,4,-4.011187840,-5.283989333,1
9908,1789654198.104194164,0.000000000,1,1,0,4,1,4,-4.011187840,-5.283989333,1
9909,1789654198.114193916,0.000000000,1,1,0,4,1,4,-4.011187840,-5.283989333,1
9910,1789654198.124119997,0.000000000,1,1,0,4,1,4,-4.011187840,-5.283989333,1
9911,1789654198.134133816,0.000000000,1,1,0,4,1,4,-4.011187840,-5.283989333,1
9912,1789654198.144177675,0.000000000,1,1,0,4,1,4,-4.011187840,-5.283989333,1
9913,1789654198.154129982,0.000000000,1,1,0,4,1,4,-4.011187840,-5.283989333,1
9914,1789654198.164112806,0.000000000,1,1,0,4,1,4,-4.011187840,-5.283989333,1
9915,1789654198.174138784,0.000000000,1,1,0,4,1,4,-4.011187840,-5.283989333,1
9916,1789654198.184128284,0.000000000,1,1,0,4,1,4,-4.011187840,-5.283989333,1
9917,1789654198.194133759,0.000000000,1,1,0,4,1,4,-4.011187840,-5.283989333,1
9918,1789654198.204154253,0.000000000,1,1,0,4,1,4,-4.011187840,-5.283989333,1
9919,1789654198.214158297,0.000000000,1,1,0,4,1,4,-4.011187840,-5.283989333,1
9920,1789654198.224194527,0.000000000,1,1,0,4,1,4,-4.011187840,-5.283989333,1
9921,1789654198.234172583,0.000000000,1,1,0,4,1,4,-4.011187840,-5.283989333,1
9922,1789654198.244128942,0.000000000,1,1,0,4,1,4,-4.011187840,-5.283989333,1
9923,1789654198.254114389,0.000000000,1,1,0,4,1,4,-4.011187840,-5.283989333,1
9924,1789654198.264125109,0.000000000,1,1,0,4,1,4,-4.011187840,-5.283989333,1
9925,1789654198.274117231,0.000000000,1,1,0,4,1,4,-4.011187840,-5.283989333,1
9926,1789654198.284135580,0.000000000,1,1,0,4,1,4,-4.011187840,-5.283989333,1
9927,1789654198.294118166,0.000000000,1,1,0,4,1,4,-4.011187840,-5.283989333,1
9928,1789654198.304129839,0.000000000,1,1,0,4,1,4,-4.011187840,-5.283989333,1
9929,1789654198.314117193,0.000000000,1,1,0,4,1,4,-4.011187840,-5.283989333,1
9930,1789654198.324191093,0.000000000,1,1,0,4,1,4,-4.011187840,-5.283989333,1
9931,1789654198.334143162,0.000000000,1,1,0,4,1,4,-4.011187840,-5.283989333,1
9932,1789654198.344177246,0.000000000,1,1,0,4,1,4,-4.011187840,-5.283989333,1
9933,1789654198.354133129,0.000000000,1,1,0,4,1,4,-4.011187840,-5.283989333,1
9934,1789654198.364113331,0.000000000,1,1,0,4,1,4,-4.011187840,-5.283989333,1
9935,1789654198.374117851,0.000000000,1,1,0,4,1,4,-4.011187840,-5.283989333,1
9936,1789654198.384104490,0.000000000,1,1,0,4,1,4,-4.011187840,-5.283989333,1
9937,1789654198.394102097,0.000000000,1,1,0,4,1,4,-4.011187840,-5.283989333,1
9938,1789654198.404105186,0.000000000,1,1,0,4,1,4,-4.011187840,-5.283989333,1
9939,1789654198.414117336,0.000000000,1,1,0,4,1,4,-4.011187840,-5.283989333,1
9940,1789654198.424116850,0.000000000,1,1,0,4,1,4,-4.011187840,-5.283989333,1
9941,1789654198.434115410,0.000000000,1,1,0,4,1,4,-4.011187840,-5.283989333,1
9942,1789654198.444179535,0.000000000,1,1,0,4,1,4,-4.011187840,-5.283989333,1
9943,1789654198.454185486,0.000000000,1,1,0,4,1,4,-4.011187840,-5.283989333,1
9944,1789654198.464111805,0.000000000,1,1,0,4,1,4,-4.011187840,-5.283989333,1
9945,1789654198.474180698,0.000000000,1,1,0,4,1,4,-4.011187840,-5.283989333,1
9946,1789654198.484112740,0.000000000,1,1,0,4,1,4,-4.011187840,-5.283989333,1
9947,1789654198.494172335,0.000000000,1,1,0,4,1,4,-4.011187840,-5.283989333,1
9948,1789654198.504150391,0.000000000,1,1,0,4,1,4,-4.011187840,-5.283989333,1
9949,1789654198.514192104,0.000000000,1,1,0,4,1,4,-4.011187840,-5.283989333,1
9950,1789654198.524203300,0.000000000,1,1,0,4,1,4,-4.011187840,-5.283989333,1
9951,1789654198.534154654,0.000000000,1,1,0,4,1,4,-4.011187840,-5.283989333,1
9952,1789654198.544136763,0.000000000,1,1,0,4,1,4,-4.011187840,-5.283989333,1
9953,1789654198.554122448,0.000000000,1,1,0,4,1,4,-4.011187840,-5.283989333,1
9954,1789654198.564098597,0.000000000,1,1,0,4,1,4,-4.011187840,-5.283989333,1
9955,1789654198.574160576,0.000000000,1,1,0,4,1,4,-4.011187840,-5.283989333,1
9956,1789654198.584191561,0.000000000,1,1,0,4,1,4,-4.011187840,-5.283989333,1
9957,1789654198.594174623,0.000000000,1,1,0,4,1,4,-4.011187840,-5.283989333,1
9958,1789654198.604162931,0.000000000,1,1,0,4,1,4,-4.011187840,-5.283989333,1
9959,1789654198.614183664,0.000000000,1,1,0,4,1,4,-4.011187840,-5.283989333,1
9960,1789654198.624140501,0.000000000,1,1,0,4,1,4,-4.011187840,-5.283989333,1
9961,1789654198.634104490,0.000000000,1,1,0,4,1,4,-4.011187840,-5.283989333,1
9962,1789654198.644188166,0.000000000,1,1,0,4,1,4,-4.011187840,-5.283989333,1
9963,1789654198.654171467,0.000000000,1,1,0,4,1,4,-4.011187840,-5.283989333,1
9964,1789654198.664132118,0.000000000,1,1,0,4,1,4,-4.011187840,-5.283989333,1
9965,1789654198.674108505,0.000000000,1,1,0,4,1,4,-4.011187840,-5.283989333,1
9966,1789654198.684112787,0.000000000,1,1,0,4,1,4,-4.011187840,-5.283989333,1
9967,1789654198.694106102,0.000000000,1,1,0,4,1,4,-4.011187840,-5.283989333,1
9968,1789654198.704101086,0.000000000,1,1,0,4,1,4,-4.011187840,-5.283989333,1
9969,1789654198.714108706,0.000000000,1,1,0,4,1,4,-4.011187840,-5.283989333,1
9970,1789654198.724118233,0.000000000,1,1,0,4,1,4,-4.011187840,-5.283989333,1
9971,1789654198.734120131,0.000000000,1,1,0,4,1,4,-4.011187840,-5.283989333,1
9972,1789654198.744173527,0.000000000,1,1,0,4,1,4,-4.011187840,-5.283989333,1
9973,1789654198.754107952,0.000000000,1,1,0,4,1,4,-4.011187840,-5.283989333,1
9974,1789654198.764104366,0.000000000,1,1,0,4,1,4,-4.011187840,-5.283989333,1
9975,1789654198.774108410,0.000000000,1,1,0,4,1,4,-4.011187840,-5.283989333,1
9976,1789654198.784129381,0.000000000,1,1,0,4,1,4,-4.011187840,-5.283989333,1
9977,1789654198.794111252,0.000000000,1,1,0,4,1,4,-4.011187840,-5.283989333,1
9978,1789654198.804105520,0.000000000,1,1,0,4,1,4,-4.011187840,-5.283989333,1
9979,1789654198.814119101,0.000000000,1,1,0,4,1,4,-4.011187840,-5.283989333,1
9980,1789654198.824140310,0.000000000,1,1,0,4,1,4,-4.011187840,-5.283989333,1
9981,1789654198.834110737,0.000000000,1,1,0,4,1,4,-4.011187840,-5.283989333,1
9982,1789654198.844105482,0.000000000,1,1,0,4,1,4,-4.011187840,-5.283989333,1
9983,1789654198.854131699,0.000000000,1,1,0,4,1,4,-4.011187840,-5.283989333,1
9984,1789654198.864110947,0.000000000,1,1,0,4,1,4,-4.011187840,-5.283989333,1
9985,1789654198.874169827,0.000000000,1,1,0,4,1,4,-4.011187840,-5.283989333,1
9986,1789654198.884164333,0.000000000,1,1,0,4,1,4,-4.011187840,-5.283989333,1
9987,1789654198.894109488,0.000000000,1,1,0,4,1,4,-4.011187840,-5.283989333,1
9988,1789654198.904128551,0.000000000,1,1,0,4,1,4,-4.011187840,-5.283989333,1
9989,1789654198.914127111,0.000000000,1,1,0,4,1,4,-4.011187840,-5.283989333,1
9990,1789654198.924219370,0.000000000,1,1,0,4,1,4,-4.011187840,-5.283989333,1
9991,1789654198.934143305,0.000000000,1,1,0,4,1,4,-4.011187840,-5.283989333,1
9992,1789654198.944127560,0.000000000,1,1,0,4,1,4,-4.011187840,-5.283989333,1
9993,1789654198.954130650,0.000000000,1,1,0,4,1,4,-4.011187840,-5.283989333,1
9994,1789654198.964118242,0.000000000,1,1,0,4,1,4,-4.011187840,-5.283989333,1
9995,1789654198.974128723,0.000000000,1,1,0,4,1,4,-4.011187840,-5.283989333,1
9996,1789654198.984145164,0.000000000,1,1,0,4,1,4,-4.011187840,-5.283989333,1
9997,1789654198.994126320,0.000000000,1,1,0,4,1,4,-4.011187840,-5.283989333,1
9998,1789654199.004100800,0.000000000,1,1,0,4,1,4,-4.011187840,-5.283989333,1
9999,1789654199.014391184,0.000000000,1,1,0,4,1,4,-4.011187840,-5.283989333,1
10000,1789654199.024134159,0.000000000,1,1,0,4,1,4,-4.011187840,-5.283989333,1
10001,1789654199.034121037,0.000000000,1,1,0,4,1,4,-4.011187840,-5.283989333,1
10002,1789654199.044143438,0.000000000,1,1,0,4,1,4,-4.011187840,-5.283989333,1
10003,1789654199.054155350,0.000000000,1,1,0,4,1,4,-4.011187840,-5.283989333,1
10004,1789654199.064127684,0.000000000,1,1,0,4,1,4,-4.011187840,-5.283989333,1
10005,1789654199.074132919,0.000000000,1,1,0,4,1,4,-4.011187840,-5.283989333,1
10006,1789654199.084129095,0.000000000,1,1,0,4,1,4,-4.011187840,-5.283989333,1
10007,1789654199.094129562,0.000000000,1,1,0,4,1,4,-4.011187840,-5.283989333,1
10008,1789654199.104175568,0.000000000,1,1,0,4,1,4,-4.011187840,-5.283989333,1
10009,1789654199.114120960,0.000000000,1,1,0,4,1,4,-4.011187840,-5.283989333,1
10010,1789654199.124151230,0.000000000,1,1,0,4,1,4,-4.011187840,-5.283989333,1
10011,1789654199.134135008,0.000000000,1,1,0,4,1,4,-4.011187840,-5.283989333,1
10012,1789654199.144200802,0.000000000,1,1,0,4,1,4,-4.011187840,-5.283989333,1
10013,1789654199.154206038,0.000000000,1,1,0,4,1,4,-4.011187840,-5.283989333,1
10014,1789654199.164135456,0.000000000,1,1,0,4,1,4,-4.011187840,-5.283989333,1
10015,1789654199.174105644,0.000000000,1,1,0,4,1,4,-4.011187840,-5.283989333,1
10016,1789654199.184171200,0.000000000,1,1,0,4,1,4,-4.011187840,-5.283989333,1
10017,1789654199.194124222,0.000000000,1,1,0,4,1,4,-4.011187840,-5.283989333,1
10018,1789654199.204108715,0.000000000,1,1,0,4,1,4,-4.011187840,-5.283989333,1
10019,1789654199.214153051,0.000000000,1,1,0,4,1,4,-4.011187840,-5.283989333,1
10020,1789654199.224133968,0.000000000,1,1,0,4,1,4,-4.011187840,-5.283989333,1
10021,1789654199.234202623,0.000000000,1,1,0,4,1,4,-4.011187840,-5.283989333,1
10022,1789654199.244105577,0.000000000,1,1,0,4,1,4,-4.011187840,-5.283989333,1
10023,1789654199.254146338,0.000000000,1,1,0,4,1,4,-4.011187840,-5.283989333,1
10024,1789654199.264149427,0.000000000,1,1,0,4,1,4,-4.011187840,-5.283989333,1
10025,1789654199.274213076,0.000000000,1,1,0,4,1,4,-4.011187840,-5.283989333,1
10026,1789654199.284166336,0.000000000,1,1,0,4,1,4,-4.011187840,-5.283989333,1
10027,1789654199.294160366,0.000000000,1,1,0,4,1,4,-4.011187840,-5.283989333,1
10028,1789654199.304099798,0.000000000,1,1,0,4,1,4,-4.011187840,-5.283989333,1
10029,1789654199.314113140,0.000000000,1,1,0,4,1,4,-4.011187840,-5.283989333,1
10030,1789654199.324122906,0.000000000,1,1,0,4,1,4,-4.011187840,-5.283989333,1
10031,1789654199.334137678,0.000000000,1,1,0,4,1,4,-4.011187840,-5.283989333,1
10032,1789654199.344134808,0.000000000,1,1,0,4,1,4,-4.011187840,-5.283989333,1
10033,1789654199.354129076,0.000000000,1,1,0,4,1,4,-4.011187840,-5.283989333,1
10034,1789654199.364141226,0.000000000,1,1,0,4,1,4,-4.011187840,-5.283989333,1
10035,1789654199.374123335,0.000000000,1,1,0,4,1,4,-4.011187840,-5.283989333,1
10036,1789654199.384165049,0.000000000,1,1,0,4,1,4,-4.011187840,-5.283989333,1
10037,1789654199.394160032,0.000000000,1,1,0,4,1,4,-4.011187840,-5.283989333,1
10038,1789654199.404133320,0.000000000,1,1,0,4,1,4,-4.011187840,-5.283989333,1
10039,1789654199.414119005,0.000000000,1,1,0,4,1,4,-4.011187840,-5.283989333,1
10040,1789654199.424133301,0.000000000,1,1,0,4,1,4,-4.011187840,-5.283989333,1
10041,1789654199.434118509,0.000000000,1,1,0,4,1,4,-4.011187840,-5.283989333,1
10042,1789654199.444119215,0.000000000,1,1,0,4,1,4,-4.011187840,-5.283989333,1
10043,1789654199.454122305,0.000000000,1,1,0,4,1,4,-4.011187840,-5.283989333,1
10044,1789654199.464156628,0.000000000,1,1,0,4,1,4,-4.011187840,-5.283989333,1
10045,1789654199.474125147,0.000000000,1,1,0,4,1,4,-4.011187840,-5.283989333,1
10046,1789654199.484143019,0.000000000,1,1,0,4,1,4,-4.011187840,-5.283989333,1
10047,1789654199.494130135,0.000000000,1,1,0,4,1,4,-4.011187840,-5.283989333,1
10048,1789654199.504163265,0.000000000,1,1,0,4,1,4,-4.011187840,-5.283989333,1
10049,1789654199.514158487,0.000000000,1,1,0,4,1,4,-4.011187840,-5.283989333,1
10050,1789654199.524111509,0.000000000,1,1,0,4,1,4,-4.011187840,-5.283989333,1
10051,1789654199.534118176,0.000000000,1,1,0,4,1,4,-4.011187840,-5.283989333,1
10052,1789654199.544169664,0.000000000,1,1,0,4,1,4,-4.011187840,-5.283989333,1
10053,1789654199.554151773,0.000000000,1,1,0,4,1,4,-4.011187840,-5.283989333,1
10054,1789654199.564106464,0.000000000,1,1,0,4,1,4,-4.011187840,-5.283989333,1
10055,1789654199.574114799,0.000000000,1,1,0,4,1,4,-4.011187840,-5.283989333,1
10056,1789654199.584158897,0.000000000,1,1,0,4,1,4,-4.011187840,-5.283989333,1
10057,1789654199.594127178,0.000000000,1,1,0,4,1,4,-4.011187840,-5.283989333,1
10058,1789654199.604132414,0.000000000,1,1,0,4,1,4,-4.011187840,-5.283989333,1
10059,1789654199.614174366,0.000000000,1,1,0,4,1,4,-4.011187840,-5.283989333,1
10060,1789654199.624180555,0.000000000,1,1,0,4,1,4,-4.011187840,-5.283989333,1
10061,1789654199.634175062,0.000000000,1,1,0,4,1,4,-4.011187840,-5.283989333,1
10062,1789654199.644117355,0.000000000,1,1,0,4,1,4,-4.011187840,-5.283989333,1
10063,1789654199.654117107,0.000000000,1,1,0,4,1,4,-4.011187840,-5.283989333,1
10064,1789654199.664105892,0.000000000,1,1,0,4,1,4,-4.011187840,-5.283989333,1
10065,1789654199.674134731,0.000000000,1,1,0,4,1,4,-4.011187840,-5.283989333,1
10066,1789654199.684173346,0.000000000,1,1,0,4,1,4,-4.011187840,-5.283989333,1
10067,1789654199.694163084,0.000000000,1,1,0,4,1,4,-4.011187840,-5.283989333,1
10068,1789654199.704121828,0.000000000,1,1,0,4,1,4,-4.011187840,-5.283989333,1
10069,1789654199.714194775,0.000000000,1,1,0,4,1,4,-4.011187840,-5.283989333,1
10070,1789654199.724140644,0.000000000,1,1,0,4,1,4,-4.011187840,-5.283989333,1
10071,1789654199.734138966,0.000000000,1,1,0,4,1,4,-4.011187840,-5.283989333,1
10072,1789654199.744128942,0.000000000,1,1,0,4,1,4,-4.011187840,-5.283989333,1
10073,1789654199.754198790,0.000000000,1,1,0,4,1,4,-4.011187840,-5.283989333,1
10074,1789654199.764141083,0.000000000,1,1,0,4,1,4,-4.011187840,-5.283989333,1
10075,1789654199.774108648,0.000000000,1,1,0,4,1,4,-4.011187840,-5.283989333,1
10076,1789654199.784108400,0.000000000,1,1,0,4,1,4,-4.011187840,-5.283989333,1
10077,1789654199.794105053,0.000000000,1,1,0,4,1,4,-4.011187840,-5.283989333,1
10078,1789654199.804109335,0.000000000,1,1,0,4,1,4,-4.011187840,-5.283989333,1
10079,1789654199.814121962,0.000000000,1,1,0,4,1,4,-4.011187840,-5.283989333,1
10080,1789654199.824114799,0.000000000,1,1,0,4,1,4,-4.011187840,-5.283989333,1
10081,1789654199.834112167,0.000000000,1,1,0,4,1,4,-4.011187840,-5.283989333,1
10082,1789654199.844173193,0.000000000,1,1,0,4,1,4,-4.011187840,-5.283989333,1
10083,1789654199.854114056,0.000000000,1,1,0,4,1,4,-4.011187840,-5.283989333,1
10084,1789654199.864133120,0.000000000,1,1,0,4,1,4,-4.011187840,-5.283989333,1
10085,1789654199.874115944,0.000000000,1,1,0,4,1,4,-4.011187840,-5.283989333,1
10086,1789654199.884124517,0.000000000,1,1,0,4,1,4,-4.011187840,-5.283989333,1
10087,1789654199.894126177,0.000000000,1,1,0,4,1,4,-4.011187840,-5.283989333,1
10088,1789654199.904119015,0.000000000,1,1,0,4,1,4,-4.011187840,-5.283989333,1
10089,1789654199.914143324,0.000000000,1,1,0,4,1,4,-4.011187840,-5.283989333,1
10090,1789654199.924122810,0.000000000,1,1,0,4,1,4,-4.011187840,-5.283989333,1
10091,1789654199.934180498,0.000000000,1,1,0,4,1,4,-4.011187840,-5.283989333,1
10092,1789654199.944146633,0.000000000,1,1,0,4,1,4,-4.011187840,-5.283989333,1
10093,1789654199.954158783,0.000000000,1,1,0,4,1,4,-4.011187840,-5.283989333,1
10094,1789654199.964152098,0.000000000,1,1,0,4,1,4,-4.011187840,-5.283989333,1
10095,1789654199.974164486,0.000000000,1,1,0,4,1,4,-4.011187840,-5.283989333,1
10096,1789654199.984137058,0.000000000,1,1,0,4,1,4,-4.011187840,-5.283989333,1
10097,1789654199.994126081,0.000000000,1,1,0,4,1,4,-4.011187840,-5.283989333,1
10098,1789654200.004125357,0.000000000,1,1,0,4,1,4,-4.011187840,-5.283989333,1
10099,1789654200.014173985,0.000000000,1,1,0,4,1,4,-4.011187840,-5.283989333,1
10100,1789654200.024118185,0.000000000,1,1,0,4,1,4,-4.011187840,-5.283989333,1
10101,1789654200.034140825,0.000000000,1,1,0,4,1,4,-4.011187840,-5.283989333,1
10102,1789654200.044155121,0.000000000,1,1,0,4,1,4,-4.011187840,-5.283989333,1
10103,1789654200.054122925,0.000000000,1,1,0,4,1,4,-4.011187840,-5.283989333,1
10104,1789654200.064174175,0.000000000,1,1,0,4,1,4,-4.011187840,-5.283989333,1
10105,1789654200.074156523,0.000000000,1,1,0,4,1,4,-4.011187840,-5.283989333,1
10106,1789654200.084124088,0.000000000,1,1,0,4,1,4,-4.011187840,-5.283989333,1
10107,1789654200.094125986,0.000000000,1,1,0,4,1,4,-4.011187840,-5.283989333,1
10108,1789654200.104170561,0.000000000,1,1,0,4,1,4,-4.011187840,-5.283989333,1
10109,1789654200.114114761,0.000000000,1,1,0,4,1,4,-4.011187840,-5.283989333,1
10110,1789654200.124123573,0.000000000,1,1,0,4,1,4,-4.011187840,-5.283989333,1
10111,1789654200.134152889,0.000000000,1,1,0,4,1,4,-4.011187840,-5.283989333,1
10112,1789654200.144141197,0.000000000,1,1,0,4,1,4,-4.011187840,-5.283989333,1
10113,1789654200.154144526,0.000000000,1,1,0,4,1,4,-4.011187840,-5.283989333,1
10114,1789654200.164118528,0.000000000,1,1,0,4,1,4,-4.011187840,-5.283989333,1
10115,1789654200.174127340,0.000000000,1,1,0,4,1,4,-4.011187840,-5.283989333,1
10116,1789654200.184123278,0.000000000,1,1,0,4,1,4,-4.011187840,-5.283989333,1
10117,1789654200.194126368,0.000000000,1,1,0,4,1,4,-4.011187840,-5.283989333,1
10118,1789654200.204169750,0.000000000,1,1,0,4,1,4,-4.011187840,-5.283989333,1
10119,1789654200.214163780,0.000000000,1,1,0,4,1,4,-4.011187840,-5.283989333,1
10120,1789654200.224242449,0.000000000,1,1,0,4,1,4,-4.011187840,-5.283989333,1
10121,1789654200.234163284,0.000000000,1,1,0,4,1,4,-4.011187840,-5.283989333,1
10122,1789654200.244176149,0.000000000,1,1,0,4,1,4,-4.011187840,-5.283989333,1
10123,1789654200.254118204,0.000000000,1,1,0,4,1,4,-4.011187840,-5.283989333,1
10124,1789654200.264142513,0.000000000,1,1,0,4,1,4,-4.011187840,-5.283989333,1
10125,1789654200.274103403,0.000000000,1,1,0,4,1,4,-4.011187840,-5.283989333,1
10126,1789654200.284123421,0.000000000,1,1,0,4,1,4,-4.011187840,-5.283989333,1
10127,1789654200.294132471,0.000000000,1,1,0,4,1,4,-4.011187840,-5.283989333,1
10128,1789654200.304116726,0.000000000,1,1,0,4,1,4,-4.011187840,-5.283989333,1
10129,1789654200.314141512,0.000000000,1,1,0,4,1,4,-4.011187840,-5.283989333,1
10130,1789654200.324174881,0.000000000,1,1,0,4,1,4,-4.011187840,-5.283989333,1
10131,1789654200.334187746,0.000000000,1,1,0,4,1,4,-4.011187840,-5.283989333,1
10132,1789654200.344176531,0.000000000,1,1,0,4,1,4,-4.011187840,-5.283989333,1
10133,1789654200.354117870,0.000000000,1,1,0,4,1,4,-4.011187840,-5.283989333,1
10134,1789654200.364171743,0.000000000,1,1,0,4,1,4,-4.011187840,-5.283989333,1
10135,1789654200.374114275,0.000000000,1,1,0,4,1,4,-4.011187840,-5.283989333,1
10136,1789654200.384113073,0.000000000,1,1,0,4,1,4,-4.011187840,-5.283989333,1
10137,1789654200.394167185,0.000000000,1,1,0,4,1,4,-4.011187840,-5.283989333,1
10138,1789654200.404142141,0.000000000,1,1,0,4,1,4,-4.011187840,-5.283989333,1
10139,1789654200.414172173,0.000000000,1,1,0,4,1,4,-4.011187840,-5.283989333,1
10140,1789654200.424121857,0.000000000,1,1,0,4,1,4,-4.011187840,-5.283989333,1
10141,1789654200.434140682,0.000000000,1,1,0,4,1,4,-4.011187840,-5.283989333,1
10142,1789654200.444133043,0.000000000,1,1,0,4,1,4,-4.011187840,-5.283989333,1
10143,1789654200.454199791,0.000000000,1,1,0,4,1,4,-4.011187840,-5.283989333,1
10144,1789654200.464153290,0.000000000,1,1,0,4,1,4,-4.011187840,-5.283989333,1
10145,1789654200.474114418,0.000000000,1,1,0,4,1,4,-4.011187840,-5.283989333,1
10146,1789654200.484127045,0.000000000,1,1,0,4,1,4,-4.011187840,-5.283989333,1
10147,1789654200.494127989,0.000000000,1,1,0,4,1,4,-4.011187840,-5.283989333,1
10148,1789654200.504126310,0.000000000,1,1,0,4,1,4,-4.011187840,-5.283989333,1
10149,1789654200.514151335,0.000000000,1,1,0,4,1,4,-4.011187840,-5.283989333,1
10150,1789654200.524116278,0.000000000,1,1,0,4,1,4,-4.011187840,-5.283989333,1
10151,1789654200.534116268,0.000000000,1,1,0,4,1,4,-4.011187840,-5.283989333,1
10152,1789654200.544161558,0.000000000,1,1,0,4,1,4,-4.011187840,-5.283989333,1
10153,1789654200.554205179,0.000000000,1,1,0,4,1,4,-4.011187840,-5.283989333,1
10154,1789654200.564140558,0.000000000,1,1,0,4,1,4,-4.011187840,-5.283989333,1
10155,1789654200.574152708,0.000000000,1,1,0,4,1,4,-4.011187840,-5.283989333,1
10156,1789654200.584199429,0.000000000,1,1,0,4,1,4,-4.011187840,-5.283989333,1
10157,1789654200.594129086,0.000000000,1,1,0,4,1,4,-4.011187840,-5.283989333,1
10158,1789654200.604177237,0.000000000,1,1,0,4,1,4,-4.011187840,-5.283989333,1
10159,1789654200.614158154,0.000000000,1,1,0,4,1,4,-4.011187840,-5.283989333,1
10160,1789654200.624160051,0.000000000,1,1,0,4,1,4,-4.011187840,-5.283989333,1
10161,1789654200.634144306,0.000000000,1,1,0,4,1,4,-4.011187840,-5.283989333,1
10162,1789654200.644137144,0.000000000,1,1,0,4,1,4,-4.011187840,-5.283989333,1
10163,1789654200.654123306,0.000000000,1,1,0,4,1,4,-4.011187840,-5.283989333,1
10164,1789654200.664170265,0.000000000,1,1,0,4,1,4,-4.011187840,-5.283989333,1
10165,1789654200.674126148,0.000000000,1,1,0,4,1,4,-4.011187840,-5.283989333,1
10166,1789654200.684137106,0.000000000,1,1,0,4,1,4,-4.011187840,-5.283989333,1
10167,1789654200.694188356,0.000000000,1,1,0,4,1,4,-4.011187840,-5.283989333,1
10168,1789654200.704124451,0.000000000,1,1,0,4,1,4,-4.011187840,-5.283989333,1
10169,1789654200.714186907,0.000000000,1,1,0,4,1,4,-4.011187840,-5.283989333,1
10170,1789654200.724134207,0.000000000,1,1,0,4,1,4,-4.011187840,-5.283989333,1
10171,1789654200.734310150,0.000000000,1,1,0,4,1,4,-4.011187840,-5.283989333,1
10172,1789654200.744146347,0.000000000,1,1,0,4,1,4,-4.011187840,-5.283989333,1
10173,1789654200.754127502,0.000000000,1,1,0,4,1,4,-4.011187840,-5.283989333,1
10174,1789654200.764166117,0.000000000,1,1,0,4,1,4,-4.011187840,-5.283989333,1
10175,1789654200.774291515,0.000000000,1,1,0,4,1,4,-4.011187840,-5.283989333,1
10176,1789654200.784158945,0.000000000,1,1,0,4,1,4,-4.011187840,-5.283989333,1
10177,1789654200.794176817,0.000000000,1,1,0,4,1,4,-4.011187840,-5.283989333,1
10178,1789654200.804132938,0.000000000,1,1,0,4,1,4,-4.011187840,-5.283989333,1
10179,1789654200.814124823,0.000000000,1,1,0,4,1,4,-4.011187840,-5.283989333,1
10180,1789654200.824203491,0.000000000,1,1,0,4,1,4,-4.011187840,-5.283989333,1
10181,1789654200.834117651,0.000000000,1,1,0,4,1,4,-4.011187840,-5.283989333,1
10182,1789654200.844115973,0.000000000,1,1,0,4,1,4,-4.011187840,-5.283989333,1
10183,1789654200.854107380,0.000000000,1,1,0,4,1,4,-4.011187840,-5.283989333,1
10184,1789654200.864141226,0.000000000,1,1,0,4,1,4,-4.011187840,-5.283989333,1
10185,1789654200.874172688,0.000000000,1,1,0,4,1,4,-4.011187840,-5.283989333,1
10186,1789654200.884114027,0.000000000,1,1,0,4,1,4,-4.011187840,-5.283989333,1
10187,1789654200.894133091,0.000000000,1,1,0,4,1,4,-4.011187840,-5.283989333,1
10188,1789654200.904158354,0.000000000,1,1,0,4,1,4,-4.011187840,-5.283989333,1
10189,1789654200.914124966,0.000000000,1,1,0,4,1,4,-4.011187840,-5.283989333,1
10190,1789654200.924149513,0.000000000,1,1,0,4,1,4,-4.011187840,-5.283989333,1
10191,1789654200.934111118,0.000000000,1,1,0,4,1,4,-4.011187840,-5.283989333,1
10192,1789654200.944173813,0.000000000,1,1,0,4,1,4,-4.011187840,-5.283989333,1
10193,1789654200.954175949,0.000000000,1,1,0,4,1,4,-4.011187840,-5.283989333,1
10194,1789654200.964128971,0.000000000,1,1,0,4,1,4,-4.011187840,-5.283989333,1
10195,1789654200.974112988,0.000000000,1,1,0,4,1,4,-4.011187840,-5.283989333,1
10196,1789654200.984109402,0.000000000,1,1,0,4,1,4,-4.011187840,-5.283989333,1
10197,1789654200.994170427,0.000000000,1,1,0,4,1,4,-4.011187840,-5.283989333,1
10198,1789654201.004141569,0.000000000,1,1,0,4,1,4,-4.011187840,-5.283989333,1
10199,1789654201.014142513,0.000000000,1,1,0,4,1,4,-4.011187840,-5.283989333,1
10200,1789654201.024155378,0.000000000,1,1,0,4,1,4,-4.011187840,-5.283989333,1
10201,1789654201.034156084,0.000000000,1,1,0,4,1,4,-4.011187840,-5.283989333,1
10202,1789654201.044132471,0.000000000,1,1,0,4,1,4,-4.011187840,-5.283989333,1
10203,1789654201.054132223,0.000000000,1,1,0,4,1,4,-4.011187840,-5.283989333,1
10204,1789654201.064213514,0.000000000,1,1,0,4,1,4,-4.011187840,-5.283989333,1
10205,1789654201.074134350,0.000000000,1,1,0,4,1,4,-4.011187840,-5.283989333,1
10206,1789654201.084175348,0.000000000,1,1,0,4,1,4,-4.011187840,-5.283989333,1
10207,1789654201.094123602,0.000000000,1,1,0,4,1,4,-4.011187840,-5.283989333,1
10208,1789654201.104144573,0.000000000,1,1,0,4,1,4,-4.011187840,-5.283989333,1
10209,1789654201.114178419,0.000000000,1,1,0,4,1,4,-4.011187840,-5.283989333,1
10210,1789654201.124258995,0.000000000,1,1,0,4,1,4,-4.011187840,-5.283989333,1
10211,1789654201.134128332,0.000000000,1,1,0,4,1,4,-4.011187840,-5.283989333,1
10212,1789654201.144127369,0.000000000,1,1,0,4,1,4,-4.011187840,-5.283989333,1
10213,1789654201.154202461,0.000000000,1,1,0,4,1,4,-4.011187840,-5.283989333,1
10214,1789654201.164169312,0.000000000,1,1,0,4,1,4,-4.011187840,-5.283989333,1
10215,1789654201.174112558,0.000000000,1,1,0,4,1,4,-4.011187840,-5.283989333,1
10216,1789654201.184132338,0.000000000,1,1,0,4,1,4,-4.011187840,-5.283989333,1
10217,1789654201.194177389,0.000000000,1,1,0,4,1,4,-4.011187840,-5.283989333,1
10218,1789654201.204128265,0.000000000,1,1,0,4,1,4,-4.011187840,-5.283989333,1
10219,1789654201.214130402,0.000000000,1,1,0,4,1,4,-4.011187840,-5.283989333,1
10220,1789654201.224133730,0.000000000,1,1,0,4,1,4,-4.011187840,-5.283989333,1
10221,1789654201.234126568,0.000000000,1,1,0,4,1,4,-4.011187840,-5.283989333,1
10222,1789654201.244152069,0.000000000,1,1,0,4,1,4,-4.011187840,-5.283989333,1
10223,1789654201.254138947,0.000000000,1,1,0,4,1,4,-4.011187840,-5.283989333,1
10224,1789654201.264137745,0.000000000,1,1,0,4,1,4,-4.011187840,-5.283989333,1
10225,1789654201.274145365,0.000000000,1,1,0,4,1,4,-4.011187840,-5.283989333,1
10226,1789654201.284112692,0.000000000,1,1,0,4,1,4,-4.011187840,-5.283989333,1
10227,1789654201.294107199,0.000000000,1,1,0,4,1,4,-4.011187840,-5.283989333,1
10228,1789654201.304105282,0.000000000,1,1,0,4,1,4,-4.011187840,-5.283989333,1
10229,1789654201.314156532,0.000000000,1,1,0,4,1,4,-4.011187840,-5.283989333,1
10230,1789654201.324111938,0.000000000,1,1,0,4,1,4,-4.011187840,-5.283989333,1
10231,1789654201.334109545,0.000000000,1,1,0,4,1,4,-4.011187840,-5.283989333,1
10232,1789654201.344148636,0.000000000,1,1,0,4,1,4,-4.011187840,-5.283989333,1
10233,1789654201.354165792,0.000000000,1,1,0,4,1,4,-4.011187840,-5.283989333,1
10234,1789654201.364175797,0.000000000,1,1,0,4,1,4,-4.011187840,-5.283989333,1
10235,1789654201.374125242,0.000000000,1,1,0,4,1,4,-4.011187840,-5.283989333,1
10236,1789654201.384139776,0.000000000,1,1,0,4,1,4,-4.011187840,-5.283989333,1
10237,1789654201.394126177,0.000000000,1,1,0,4,1,4,-4.011187840,-5.283989333,1
10238,1789654201.404179573,0.000000000,1,1,0,4,1,4,-4.011187840,-5.283989333,1
10239,1789654201.414110184,0.000000000,1,1,0,4,1,4,-4.011187840,-5.283989333,1
10240,1789654201.424190998,0.000000000,1,1,0,4,1,4,-4.011187840,-5.283989333,1
10241,1789654201.434191942,0.000000000,1,1,0,4,1,4,-4.011187840,-5.283989333,1
10242,1789654201.444181442,0.000000000,1,1,0,4,1,4,-4.011187840,-5.283989333,1
10243,1789654201.454134464,0.000000000,1,1,0,4,1,4,-4.011187840,-5.283989333,1
10244,1789654201.464172125,0.000000000,1,1,0,4,1,4,-4.011187840,-5.283989333,1
10245,1789654201.474170923,0.000000000,1,1,0,4,1,4,-4.011187840,-5.283989333,1
10246,1789654201.484128714,0.000000000,1,1,0,4,1,4,-4.011187840,-5.283989333,1
10247,1789654201.494105101,0.000000000,1,1,0,4,1,4,-4.011187840,-5.283989333,1
10248,1789654201.504124403,0.000000000,1,1,0,4,1,4,-4.011187840,-5.283989333,1
10249,1789654201.514128208,0.000000000,1,1,0,4,1,4,-4.011187840,-5.283989333,1
10250,1789654201.524131298,0.000000000,1,1,0,4,1,4,-4.011187840,-5.283989333,1
10251,1789654201.534117699,0.000000000,1,1,0,4,1,4,-4.011187840,-5.283989333,1
10252,1789654201.544172049,0.000000000,1,1,0,4,1,4,-4.011187840,-5.283989333,1
10253,1789654201.554116726,0.000000000,1,1,0,4,1,4,-4.011187840,-5.283989333,1
10254,1789654201.564138174,0.000000000,1,1,0,4,1,4,-4.011187840,-5.283989333,1
10255,1789654201.574122906,0.000000000,1,1,0,4,1,4,-4.011187840,-5.283989333,1
10256,1789654201.584105492,0.000000000,1,1,0,4,1,4,-4.011187840,-5.283989333,1
10257,1789654201.594127417,0.000000000,1,1,0,4,1,4,-4.011187840,-5.283989333,1
10258,1789654201.604132891,0.000000000,1,1,0,4,1,4,-4.011187840,-5.283989333,1
10259,1789654201.614130259,0.000000000,1,1,0,4,1,4,-4.011187840,-5.283989333,1
10260,1789654201.624115229,0.000000000,1,1,0,4,1,4,-4.011187840,-5.283989333,1
10261,1789654201.634121895,0.000000000,1,1,0,4,1,4,-4.011187840,-5.283989333,1
10262,1789654201.644134045,0.000000000,1,1,0,4,1,4,-4.011187840,-5.283989333,1
10263,1789654201.654118299,0.000000000,1,1,0,4,1,4,-4.011187840,-5.283989333,1
10264,1789654201.664175272,0.000000000,1,1,0,4,1,4,-4.011187840,-5.283989333,1
10265,1789654201.674109221,0.000000000,1,1,0,4,1,4,-4.011187840,-5.283989333,1
10266,1789654201.684110641,0.000000000,1,1,0,4,1,4,-4.011187840,-5.283989333,1
10267,1789654201.694127321,0.000000000,1,1,0,4,1,4,-4.011187840,-5.283989333,1
10268,1789654201.704143047,0.000000000,1,1,0,4,1,4,-4.011187840,-5.283989333,1
10269,1789654201.714134455,0.000000000,1,1,0,4,1,4,-4.011187840,-5.283989333,1
10270,1789654201.724209070,0.000000000,1,1,0,4,1,4,-4.011187840,-5.283989333,1
10271,1789654201.734120846,0.000000000,1,1,0,4,1,4,-4.011187840,-5.283989333,1
10272,1789654201.744212627,0.000000000,1,1,0,4,1,4,-4.011187840,-5.283989333,1
10273,1789654201.754118681,0.000000000,1,1,0,4,1,4,-4.011187840,-5.283989333,1
10274,1789654201.764141560,0.000000000,1,1,0,4,1,4,-4.011187840,-5.283989333,1
10275,1789654201.774120331,0.000000000,1,1,0,4,1,4,-4.011187840,-5.283989333,1
10276,1789654201.784125805,0.000000000,1,1,0,4,1,4,-4.011187840,-5.283989333,1
10277,1789654201.794131756,0.000000000,1,1,0,4,1,4,-4.011187840,-5.283989333,1
10278,1789654201.804110527,0.000000000,1,1,0,4,1,4,-4.011187840,-5.283989333,1
10279,1789654201.814154863,0.000000000,1,1,0,4,1,4,-4.011187840,-5.283989333,1
10280,1789654201.824130535,0.000000000,1,1,0,4,1,4,-4.011187840,-5.283989333,1
10281,1789654201.834467649,0.000000000,1,1,0,4,1,4,-4.011187840,-5.283989333,1
10282,1789654201.844115734,0.000000000,1,1,0,4,1,4,-4.011187840,-5.283989333,1
10283,1789654201.854178190,0.000000000,1,1,0,4,1,4,-4.011187840,-5.283989333,1
10284,1789654201.864129066,0.000000000,1,1,0,4,1,4,-4.011187840,-5.283989333,1
10285,1789654201.874111652,0.000000000,1,1,0,4,1,4,-4.011187840,-5.283989333,1
10286,1789654201.884115458,0.000000000,1,1,0,4,1,4,-4.011187840,-5.283989333,1
10287,1789654201.894145012,0.000000000,1,1,0,4,1,4,-4.011187840,-5.283989333,1
10288,1789654201.904131413,0.000000000,1,1,0,4,1,4,-4.011187840,-5.283989333,1
10289,1789654201.914128065,0.000000000,1,1,0,4,1,4,-4.011187840,-5.283989333,1
10290,1789654201.924141407,0.000000000,1,1,0,4,1,4,-4.011187840,-5.283989333,1
10291,1789654201.934123039,0.000000000,1,1,0,4,1,4,-4.011187840,-5.283989333,1
10292,1789654201.944118500,0.000000000,1,1,0,4,1,4,-4.011187840,-5.283989333,1
10293,1789654201.954175711,0.000000000,1,1,0,4,1,4,-4.011187840,-5.283989333,1
10294,1789654201.964118242,0.000000000,1,1,0,4,1,4,-4.011187840,-5.283989333,1
10295,1789654201.974112034,0.000000000,1,1,0,4,1,4,-4.011187840,-5.283989333,1
10296,1789654201.984144449,0.000000000,1,1,0,4,1,4,-4.011187840,-5.283989333,1
10297,1789654201.994157791,0.000000000,1,1,0,4,1,4,-4.011187840,-5.283989333,1
10298,1789654202.004129171,0.000000000,1,1,0,4,1,4,-4.011187840,-5.283989333,1
10299,1789654202.014150381,0.000000000,1,1,0,4,1,4,-4.011187840,-5.283989333,1
10300,1789654202.024110794,0.000000000,1,1,0,4,1,4,-4.011187840,-5.283989333,1
10301,1789654202.034174681,0.000000000,1,1,0,4,1,4,-4.011187840,-5.283989333,1
10302,1789654202.044173002,0.000000000,1,1,0,4,1,4,-4.011187840,-5.283989333,1
10303,1789654202.054127216,0.000000000,1,1,0,4,1,4,-4.011187840,-5.283989333,1
10304,1789654202.064126730,0.000000000,1,1,0,4,1,4,-4.011187840,-5.283989333,1
10305,1789654202.074141264,0.000000000,1,1,0,4,1,4,-4.011187840,-5.283989333,1
10306,1789654202.084160089,0.000000000,1,1,0,4,1,4,-4.011187840,-5.283989333,1
10307,1789654202.094125032,0.000000000,1,1,0,4,1,4,-4.011187840,-5.283989333,1
10308,1789654202.104110479,0.000000000,1,1,0,4,1,4,-4.011187840,-5.283989333,1
10309,1789654202.114114285,0.000000000,1,1,0,4,1,4,-4.011187840,-5.283989333,1
10310,1789654202.124113560,0.000000000,1,1,0,4,1,4,-4.011187840,-5.283989333,1
10311,1789654202.134114504,0.000000000,1,1,0,4,1,4,-4.011187840,-5.283989333,1
10312,1789654202.144243956,0.000000000,1,1,0,4,1,4,-4.011187840,-5.283989333,1
10313,1789654202.154107809,0.000000000,1,1,0,4,1,4,-4.011187840,-5.283989333,1
10314,1789654202.164129972,0.000000000,1,1,0,4,1,4,-4.011187840,-5.283989333,1
10315,1789654202.174113512,0.000000000,1,1,0,4,1,4,-4.011187840,-5.302542666,1
10316,1789654202.184111357,0.000000000,1,1,0,4,1,4,-4.011187840,-5.302542666,1
10317,1789654202.194116592,0.000000000,1,1,0,4,1,4,-4.011187840,-5.302542666,1
10318,1789654202.204161167,0.000000000,1,1,0,4,1,4,-4.011187840,-5.302542666,1
10319,1789654202.214164257,0.000000000,1,1,0,4,1,4,-4.011187840,-5.302542666,1
10320,1789654202.224179983,0.000000000,1,1,0,4,1,4,-4.011187840,-5.302542666,1
10321,1789654202.234111309,0.000000000,1,1,0,4,1,4,-4.011187840,-5.302542666,1
10322,1789654202.244186878,0.000000000,1,1,0,4,1,4,-4.011187840,-5.302542666,1
10323,1789654202.254121065,0.000000000,1,1,0,4,1,4,-4.011187840,-5.302542666,1
10324,1789654202.264139891,0.000000000,1,1,0,4,1,4,-4.011187840,-5.302542666,1
10325,1789654202.274140835,0.000000000,1,1,0,4,1,4,-4.011187840,-5.283989333,1
10326,1789654202.284111977,0.000000000,1,1,0,4,1,4,-4.011187840,-5.283989333,1
10327,1789654202.294156075,0.000000000,1,1,0,4,1,4,-4.011187840,-5.283989333,1
10328,1789654202.304133177,0.000000000,1,1,0,4,1,4,-4.011187840,-5.283989333,1
10329,1789654202.314137459,0.000000000,1,1,0,4,1,4,-4.011187840,-5.283989333,1
10330,1789654202.324130058,0.000000000,1,1,0,4,1,4,-4.011187840,-5.283989333,1
10331,1789654202.334186554,0.000000000,1,1,0,4,1,4,-4.011187840,-5.283989333,1
10332,1789654202.344115973,0.000000000,1,1,0,4,1,4,-4.011187840,-5.283989333,1
10333,1789654202.354177952,0.000000000,1,1,0,4,1,4,-4.011187840,-5.283989333,1
10334,1789654202.364119291,0.000000000,1,1,0,4,1,4,-4.011187840,-5.283989333,1
10335,1789654202.374132156,0.000000000,1,1,0,4,1,4,-4.011187840,-5.283989333,1
10336,1789654202.384184599,0.000000000,1,1,0,4,1,4,-4.011187840,-5.283989333,1
10337,1789654202.394127131,0.000000000,1,1,0,4,1,4,-4.011187840,-5.283989333,1
10338,1789654202.404126883,0.000000000,1,1,0,4,1,4,-4.011187840,-5.283989333,1
10339,1789654202.414202452,0.000000000,1,1,0,4,1,4,-4.011187840,-5.283989333,1
10340,1789654202.424194813,0.000000000,1,1,0,4,1,4,-4.011187840,-5.283989333,1
10341,1789654202.434114218,0.000000000,1,1,0,4,1,4,-4.011187840,-5.283989333,1
10342,1789654202.444107533,0.000000000,1,1,0,4,1,4,-4.011187840,-5.283989333,1
10343,1789654202.454179525,0.000000000,1,1,0,4,1,4,-4.011187840,-5.283989333,1
10344,1789654202.464132547,0.000000000,1,1,0,4,1,4,-4.011187840,-5.283989333,1
10345,1789654202.474113703,0.000000000,1,1,0,4,1,4,-4.011187840,-5.283989333,1
10346,1789654202.484114408,0.000000000,1,1,0,4,1,4,-4.011187840,-5.283989333,1
10347,1789654202.494135380,0.000000000,1,1,0,4,1,4,-4.011187840,-5.283989333,1
10348,1789654202.504112244,0.000000000,1,1,0,4,1,4,-4.011187840,-5.283989333,1
10349,1789654202.514136314,0.000000000,1,1,0,4,1,4,-4.011187840,-5.283989333,1
10350,1789654202.524185896,0.000000000,1,1,0,4,1,4,-4.011187840,-5.283989333,1
10351,1789654202.534115791,0.000000000,1,1,0,4,1,4,-4.011187840,-5.283989333,1
10352,1789654202.544166327,0.000000000,1,1,0,4,1,4,-4.011187840,-5.283989333,1
10353,1789654202.554185629,0.000000000,1,1,0,4,1,4,-4.011187840,-5.283989333,1
10354,1789654202.564111471,0.000000000,1,1,0,4,1,4,-4.011187840,-5.283989333,1
10355,1789654202.574135780,0.000000000,1,1,0,4,1,4,-4.011187840,-5.283989333,1
10356,1789654202.584158182,0.000000000,1,1,0,4,1,4,-4.011187840,-5.283989333,1
10357,1789654202.594106913,0.000000000,1,1,0,4,1,4,-4.011187840,-5.283989333,1
10358,1789654202.604125500,0.000000000,1,1,0,4,1,4,-4.011187840,-5.283989333,1
10359,1789654202.614128113,0.000000000,1,1,0,4,1,4,-4.011187840,-5.283989333,1
10360,1789654202.624116182,0.000000000,1,1,0,4,1,4,-4.011187840,-5.283989333,1
10361,1789654202.634119511,0.000000000,1,1,0,4,1,4,-4.011187840,-5.283989333,1
10362,1789654202.644173861,0.000000000,1,1,0,4,1,4,-4.011187840,-5.283989333,1
10363,1789654202.654145479,0.000000000,1,1,0,4,1,4,-4.011187840,-5.283989333,1
10364,1789654202.664133787,0.000000000,1,1,0,4,1,4,-4.011187840,-5.283989333,1
10365,1789654202.674133062,0.000000000,1,1,0,4,1,4,-4.011187840,-5.283989333,1
10366,1789654202.684129477,0.000000000,1,1,0,4,1,4,-4.011187840,-5.283989333,1
10367,1789654202.694116116,0.000000000,1,1,0,4,1,4,-4.011187840,-5.283989333,1
10368,1789654202.704143524,0.000000000,1,1,0,4,1,4,-4.011187840,-5.283989333,1
10369,1789654202.714141846,0.000000000,1,1,0,4,1,4,-4.011187840,-5.283989333,1
10370,1789654202.724119902,0.000000000,1,1,0,4,1,4,-4.011187840,-5.283989333,1
10371,1789654202.734124184,0.000000000,1,1,0,4,1,4,-4.011187840,-5.283989333,1
10372,1789654202.744166374,0.000000000,1,1,0,4,1,4,-4.011187840,-5.283989333,1
10373,1789654202.754189014,0.000000000,1,1,0,4,1,4,-4.011187840,-5.283989333,1
10374,1789654202.764131069,0.000000000,1,1,0,4,1,4,-4.011187840,-5.283989333,1
10375,1789654202.774110556,0.000000000,1,1,0,4,1,4,-4.011187840,-5.283989333,1
10376,1789654202.784124136,0.000000000,1,1,0,4,1,4,-4.011187840,-5.283989333,1
10377,1789654202.794135571,0.000000000,1,1,0,4,1,4,-4.011187840,-5.283989333,1
10378,1789654202.804156780,0.000000000,1,1,0,4,1,4,-4.011187840,-5.283989333,1
10379,1789654202.814116001,0.000000000,1,1,0,4,1,4,-4.011187840,-5.283989333,1
10380,1789654202.824134588,0.000000000,1,1,0,4,1,4,-4.011187840,-5.283989333,1
10381,1789654202.834111214,0.000000000,1,1,0,4,1,4,-4.011187840,-5.283989333,1
10382,1789654202.844166994,0.000000000,1,1,0,4,1,4,-4.011187840,-5.283989333,1
10383,1789654202.854127884,0.000000000,1,1,0,4,1,4,-4.011187840,-5.283989333,1
10384,1789654202.864131927,0.000000000,1,1,0,4,1,4,-4.011187840,-5.283989333,1
10385,1789654202.874120474,0.000000000,1,1,0,4,1,4,-4.011187840,-5.283989333,1
10386,1789654202.884145498,0.000000000,1,1,0,4,1,4,-4.011187840,-5.283989333,1
10387,1789654202.894135952,0.000000000,1,1,0,4,1,4,-4.011187840,-5.283989333,1
10388,1789654202.904111862,0.000000000,1,1,0,4,1,4,-4.011187840,-5.283989333,1
10389,1789654202.914155245,0.000000000,1,1,0,4,1,4,-4.011187840,-5.283989333,1
10390,1789654202.924108267,0.000000000,1,1,0,4,1,4,-4.011187840,-5.283989333,1
10391,1789654202.934161425,0.000000000,1,1,0,4,1,4,-4.011187840,-5.283989333,1
10392,1789654202.944128990,0.000000000,1,1,0,4,1,4,-4.011187840,-5.283989333,1
10393,1789654202.954120398,0.000000000,1,1,0,4,1,4,-4.011187840,-5.283989333,1
10394,1789654202.964152336,0.000000000,1,1,0,4,1,4,-4.011187840,-5.283989333,1
10395,1789654202.974158525,0.000000000,1,1,0,4,1,4,-4.011187840,-5.283989333,1
10396,1789654202.984178066,0.000000000,1,1,0,4,1,4,-4.011187840,-5.283989333,1
10397,1789654202.994138479,0.000000000,1,1,0,4,1,4,-4.011187840,-5.283989333,1
10398,1789654203.004128218,0.000000000,1,1,0,4,1,4,-4.011187840,-5.283989333,1
10399,1789654203.014155626,0.000000000,1,1,0,4,1,4,-4.011187840,-5.283989333,1
10400,1789654203.024113178,0.000000000,1,1,0,4,1,4,-4.011187840,-5.283989333,1
10401,1789654203.034174204,0.000000000,1,1,0,4,1,4,-4.011187840,-5.283989333,1
10402,1789654203.044172287,0.000000000,1,1,0,4,1,4,-4.011187840,-5.283989333,1
10403,1789654203.054140329,0.000000000,1,1,0,4,1,4,-4.011187840,-5.283989333,1
10404,1789654203.064110994,0.000000000,1,1,0,4,1,4,-4.011187840,-5.283989333,1
10405,1789654203.074106693,0.000000000,1,1,0,4,1,4,-4.011187840,-5.283989333,1
10406,1789654203.084114790,0.000000000,1,1,0,4,1,4,-4.011187840,-5.283989333,1
10407,1789654203.094139338,0.000000000,1,1,0,4,1,4,-4.011187840,-5.283989333,1
10408,1789654203.104140043,0.000000000,1,1,0,4,1,4,-4.011187840,-5.283989333,1
10409,1789654203.114201546,0.000000000,1,1,0,4,1,4,-4.011187840,-5.283989333,1
10410,1789654203.124146938,0.000000000,1,1,0,4,1,4,-4.011187840,-5.283989333,1
10411,1789654203.134180546,0.000000000,1,1,0,4,1,4,-4.011187840,-5.283989333,1
10412,1789654203.144125223,0.000000000,1,1,0,4,1,4,-4.011187840,-5.283989333,1
10413,1789654203.154117823,0.000000000,1,1,0,4,1,4,-4.011187840,-5.283989333,1
10414,1789654203.164113522,0.000000000,1,1,0,4,1,4,-4.011187840,-5.283989333,1
10415,1789654203.174123049,0.000000000,1,1,0,4,1,4,-4.011187840,-5.283989333,1
10416,1789654203.184133291,0.000000000,1,1,0,4,1,4,-4.011187840,-5.283989333,1
10417,1789654203.194137812,0.000000000,1,1,0,4,1,4,-4.011187840,-5.283989333,1
10418,1789654203.204132795,0.000000000,1,1,0,4,1,4,-4.011187840,-5.283989333,1
10419,1789654203.214172602,0.000000000,1,1,0,4,1,4,-4.011187840,-5.283989333,1
10420,1789654203.224112272,0.000000000,1,1,0,4,1,4,-4.011187840,-5.283989333,1
10421,1789654203.234114647,0.000000000,1,1,0,4,1,4,-4.011187840,-5.283989333,1
10422,1789654203.244112968,0.000000000,1,1,0,4,1,4,-4.011187840,-5.283989333,1
10423,1789654203.254183531,0.000000000,1,1,0,4,1,4,-4.011187840,-5.283989333,1
10424,1789654203.264135122,0.000000000,1,1,0,4,1,4,-4.011187840,-5.283989333,1
10425,1789654203.274120092,0.000000000,1,1,0,4,1,4,-4.011187840,-5.283989333,1
10426,1789654203.284156322,0.000000000,1,1,0,4,1,4,-4.011187840,-5.283989333,1
10427,1789654203.294169188,0.000000000,1,1,0,4,1,4,-4.011187840,-5.283989333,1
10428,1789654203.304122925,0.000000000,1,1,0,4,1,4,-4.011187840,-5.283989333,1
10429,1789654203.314157009,0.000000000,1,1,0,4,1,4,-4.011187840,-5.283989333,1
10430,1789654203.324164391,0.000000000,1,1,0,4,1,4,-4.011187840,-5.283989333,1
10431,1789654203.334135771,0.000000000,1,1,0,4,1,4,-4.011187840,-5.283989333,1
10432,1789654203.344147682,0.000000000,1,1,0,4,1,4,-4.011187840,-5.283989333,1
10433,1789654203.354119539,0.000000000,1,1,0,4,1,4,-4.011187840,-5.283989333,1
10434,1789654203.364121914,0.000000000,1,1,0,4,1,4,-4.011187840,-5.283989333,1
10435,1789654203.374123096,0.000000000,1,1,0,4,1,4,-4.011187840,-5.283989333,1
10436,1789654203.384164095,0.000000000,1,1,0,4,1,4,-4.011187840,-5.283989333,1
10437,1789654203.394136906,0.000000000,1,1,0,4,1,4,-4.011187840,-5.283989333,1
10438,1789654203.404149532,0.000000000,1,1,0,4,1,4,-4.011187840,-5.283989333,1
10439,1789654203.414151430,0.000000000,1,1,0,4,1,4,-4.011187840,-5.283989333,1
10440,1789654203.424199820,0.000000000,1,1,0,4,1,4,-4.011187840,-5.283989333,1
10441,1789654203.434119463,0.000000000,1,1,0,4,1,4,-4.011187840,-5.283989333,1
10442,1789654203.444175720,0.000000000,1,1,0,4,1,4,-4.011187840,-5.283989333,1
10443,1789654203.454110146,0.000000000,1,1,0,4,1,4,-4.011187840,-5.283989333,1
10444,1789654203.464133024,0.000000000,1,1,0,4,1,4,-4.011187840,-5.283989333,1
10445,1789654203.474116564,0.000000000,1,1,0,4,1,4,-4.011187840,-5.283989333,1
10446,1789654203.484123707,0.000000000,1,1,0,4,1,4,-4.011187840,-5.283989333,1
10447,1789654203.494184017,0.000000000,1,1,0,4,1,4,-4.011187840,-5.283989333,1
10448,1789654203.504143953,0.000000000,1,1,0,4,1,4,-4.011187840,-5.283989333,1
10449,1789654203.514177799,0.000000000,1,1,0,4,1,4,-4.011187840,-5.283989333,1
10450,1789654203.524135113,0.000000000,1,1,0,4,1,4,-4.011187840,-5.283989333,1
10451,1789654203.534089804,0.000000000,1,1,0,4,1,4,-4.011187840,-5.283989333,1
10452,1789654203.544145107,0.000000000,1,1,0,4,1,4,-4.011187840,-5.283989333,1
10453,1789654203.554132938,0.000000000,1,1,0,4,1,4,-4.011187840,-5.283989333,1
10454,1789654203.564138174,0.000000000,1,1,0,4,1,4,-4.011187840,-5.283989333,1
10455,1789654203.574500561,0.000000000,1,1,0,4,1,4,-4.011187840,-5.283989333,1
10456,1789654203.584133387,0.000000000,1,1,0,4,1,4,-4.011187840,-5.283989333,1
10457,1789654203.594110250,0.000000000,1,1,0,4,1,4,-4.011187840,-5.283989333,1
10458,1789654203.604108810,0.000000000,1,1,0,4,1,4,-4.011187840,-5.283989333,1
10459,1789654203.614159822,0.000000000,1,1,0,4,1,4,-4.011187840,-5.283989333,1
10460,1789654203.624112844,0.000000000,1,1,0,4,1,4,-4.011187840,-5.283989333,1
10461,1789654203.634160280,0.000000000,1,1,0,4,1,4,-4.011187840,-5.283989333,1
10462,1789654203.644137383,0.000000000,1,1,0,4,1,4,-4.011187840,-5.283989333,1
10463,1789654203.654206276,0.000000000,1,1,0,4,1,4,-4.011187840,-5.283989333,1
10464,1789654203.664128304,0.000000000,1,1,0,4,1,4,-4.011187840,-5.283989333,1
10465,1789654203.674107075,0.000000000,1,1,0,4,1,4,-4.011187840,-5.283989333,1
10466,1789654203.684130907,0.000000000,1,1,0,4,1,4,-4.011187840,-5.283989333,1
10467,1789654203.694155693,0.000000000,1,1,0,4,1,4,-4.011187840,-5.283989333,1
10468,1789654203.704125881,0.000000000,1,1,0,4,1,4,-4.011187840,-5.283989333,1
