tick,event_time_ns,monotonic_ns,vehicle_speed,vehicle_speed_valid,external_stop,autonomous_enabled,lane_confidence,gps_valid,lidar_valid,avoid_updated,avoid_maneuver_done,avoid_path_n,avoid_generation,avoid_age_s,avoid_timeout_s,obstacle,avoidable,ttc,avoid_x,avoid_y,avoid_yaw,avoid_k,state,path_source,immediate_stop,v_ref,n_points,x0,y0,yaw0,k0,x1,y1,yaw1,k1,x2,y2,yaw2,k2,x3,y3,yaw3,k3,x4,y4,yaw4,k4,x5,y5,yaw5,k5,x6,y6,yaw6,k6,x7,y7,yaw7,k7,x8,y8,yaw8,k8,x9,y9,yaw9,k9,x10,y10,yaw10,k10,x11,y11,yaw11,k11,x12,y12,yaw12,k12,x13,y13,yaw13,k13,x14,y14,yaw14,k14,x15,y15,yaw15,k15,x16,y16,yaw16,k16,x17,y17,yaw17,k17,x18,y18,yaw18,k18,x19,y19,yaw19,k19,top,navigation,avoidance,signal,safety,mission,mission_type,speed_owner,reference_available,ref_valid,ref_fresh,ref_age_s,ref_generation,stop_reasons,parking_calibration,zone_calibration,zone_generation,recovery_configured,rear_sensor_valid,rear_corridor_state,recovery_eligible,recovery_block_reason,recovery_attempts,reverse_command_time_s,reverse_measured_distance_m,reverse_distance_complete,last_recovery_reason,traffic_remaining_m,traffic_stop_success,route_phase,route_index,route_count,route_sequence_id,route_instance_id,route_request_id,route_requested_index,route_end_reached,route_completion,route_connecting,route_requested_connecting,mission_failed,mission_cancel_reason,parking_search_zone_only,parking_zone_entry_active,sensor_alive_mask,reference_motion_blocked,stamp_s
3695.0,1.7893932470689485e+18,46146121488772.0,1.936120391,1.0,0.0,1.0,0.7663516998,1.0,1.0,0.0,0.0,0.0,0.0,-1.0,0.5,0.0,0.0,1.784395456,0.0,0.0,0.0,0.0,1.0,1.0,0.0,2.0,1.0,2.43392944,0.575162888,0.204072714,-0.000280684646,2.43392944,0.575162888,0.204072714,-0.000280684646,2.43392944,0.575162888,0.204072714,-0.000280684646,2.43392944,0.575162888,0.204072714,-0.000280684646,2.43392944,0.575162888,0.204072714,-0.000280684646,2.43392944,0.575162888,0.204072714,-0.000280684646,2.43392944,0.575162888,0.204072714,-0.000280684646,2.43392944,0.575162888,0.204072714,-0.000280684646,2.43392944,0.575162888,0.204072714,-0.000280684646,2.43392944,0.575162888,0.204072714,-0.000280684646,2.43392944,0.575162888,0.204072714,-0.000280684646,2.43392944,0.575162888,0.204072714,-0.000280684646,2.43392944,0.575162888,0.204072714,-0.000280684646,2.43392944,0.575162888,0.204072714,-0.000280684646,2.43392944,0.575162888,0.204072714,-0.000280684646,2.43392944,0.575162888,0.204072714,-0.000280684646,2.43392944,0.575162888,0.204072714,-0.000280684646,2.43392944,0.575162888,0.204072714,-0.000280684646,2.43392944,0.575162888,0.204072714,-0.000280684646,2.43392944,0.575162888,0.204072714,-0.000280684646,1.0,1.0,0.0,0.0,0.0,0.0,0.0,0.0,1.0,1.0,1.0,0.11446,1.7893932469544878e+18,0.0,3.0,1.0,1.7893932469544878e+18,1.0,0.0,0.0,0.0,10.0,0.0,0.0,0.0,1.0,0.0,0.0,0.0,1.0,0.0,1.0,1.780737510018285e+19,1.363203185561936e+19,0.0,0.0,0.0,0.0,0.0,0.0,0.0,0.0,0.0,1.0,127.0,0.0,1789393247.0689485
3696.0,1.7893932470789135e+18,46146131453720.0,1.937909007,1.0,0.0,1.0,0.7663516998,1.0,1.0,0.0,0.0,0.0,0.0,-1.0,0.5,0.0,0.0,1.784395456,0.0,0.0,0.0,0.0,1.0,1.0,0.0,2.0,1.0,2.43392944,0.575162888,0.204072714,-0.000280684646,2.43392944,0.575162888,0.204072714,-0.000280684646,2.43392944,0.575162888,0.204072714,-0.000280684646,2.43392944,0.575162888,0.204072714,-0.000280684646,2.43392944,0.575162888,0.204072714,-0.000280684646,2.43392944,0.575162888,0.204072714,-0.000280684646,2.43392944,0.575162888,0.204072714,-0.000280684646,2.43392944,0.575162888,0.204072714,-0.000280684646,2.43392944,0.575162888,0.204072714,-0.000280684646,2.43392944,0.575162888,0.204072714,-0.000280684646,2.43392944,0.575162888,0.204072714,-0.000280684646,2.43392944,0.575162888,0.204072714,-0.000280684646,2.43392944,0.575162888,0.204072714,-0.000280684646,2.43392944,0.575162888,0.204072714,-0.000280684646,2.43392944,0.575162888,0.204072714,-0.000280684646,2.43392944,0.575162888,0.204072714,-0.000280684646,2.43392944,0.575162888,0.204072714,-0.000280684646,2.43392944,0.575162888,0.204072714,-0.000280684646,2.43392944,0.575162888,0.204072714,-0.000280684646,2.43392944,0.575162888,0.204072714,-0.000280684646,1.0,1.0,0.0,0.0,0.0,0.0,0.0,0.0,1.0,1.0,1.0,0.124425,1.7893932469544878e+18,0.0,3.0,1.0,1.7893932469544878e+18,1.0,0.0,0.0,0.0,10.0,0.0,0.0,0.0,1.0,0.0,0.0,0.0,1.0,0.0,1.0,1.780737510018285e+19,1.363203185561936e+19,0.0,0.0,0.0,0.0,0.0,0.0,0.0,0.0,0.0,1.0,127.0,0.0,1789393247.0789135
3697.0,1.7893932470889848e+18,46146141525094.0,1.938168049,1.0,0.0,1.0,0.7663516998,1.0,1.0,1.0,0.0,0.0,0.0,-1.0,0.5,0.0,0.0,1.669815063,0.0,0.0,0.0,0.0,1.0,1.0,0.0,2.0,1.0,2.43392944,0.575162888,0.204072714,-0.000280684646,2.43392944,0.575162888,0.204072714,-0.000280684646,2.43392944,0.575162888,0.204072714,-0.000280684646,2.43392944,0.575162888,0.204072714,-0.000280684646,2.43392944,0.575162888,0.204072714,-0.000280684646,2.43392944,0.575162888,0.204072714,-0.000280684646,2.43392944,0.575162888,0.204072714,-0.000280684646,2.43392944,0.575162888,0.204072714,-0.000280684646,2.43392944,0.575162888,0.204072714,-0.000280684646,2.43392944,0.575162888,0.204072714,-0.000280684646,2.43392944,0.575162888,0.204072714,-0.000280684646,2.43392944,0.575162888,0.204072714,-0.000280684646,2.43392944,0.575162888,0.204072714,-0.000280684646,2.43392944,0.575162888,0.204072714,-0.000280684646,2.43392944,0.575162888,0.204072714,-0.000280684646,2.43392944,0.575162888,0.204072714,-0.000280684646,2.43392944,0.575162888,0.204072714,-0.000280684646,2.43392944,0.575162888,0.204072714,-0.000280684646,2.43392944,0.575162888,0.204072714,-0.000280684646,2.43392944,0.575162888,0.204072714,-0.000280684646,1.0,1.0,0.0,0.0,0.0,0.0,0.0,0.0,1.0,1.0,1.0,0.134497,1.7893932469544878e+18,0.0,3.0,1.0,1.7893932469544878e+18,1.0,0.0,0.0,0.0,10.0,0.0,0.0,0.0,1.0,0.0,0.0,0.0,1.0,0.0,1.0,1.780737510018285e+19,1.363203185561936e+19,0.0,0.0,0.0,0.0,0.0,0.0,0.0,0.0,0.0,1.0,127.0,0.0,1789393247.0889847
3698.0,1.7893932470989706e+18,46146151510937.0,1.938547254,1.0,0.0,1.0,0.7663516998,1.0,1.0,0.0,0.0,0.0,0.0,-1.0,0.5,0.0,0.0,1.669815063,0.0,0.0,0.0,0.0,1.0,1.0,0.0,2.0,1.0,2.43392944,0.575162888,0.204072714,-0.000280684646,2.43392944,0.575162888,0.204072714,-0.000280684646,2.43392944,0.575162888,0.204072714,-0.000280684646,2.43392944,0.575162888,0.204072714,-0.000280684646,2.43392944,0.575162888,0.204072714,-0.000280684646,2.43392944,0.575162888,0.204072714,-0.000280684646,2.43392944,0.575162888,0.204072714,-0.000280684646,2.43392944,0.575162888,0.204072714,-0.000280684646,2.43392944,0.575162888,0.204072714,-0.000280684646,2.43392944,0.575162888,0.204072714,-0.000280684646,2.43392944,0.575162888,0.204072714,-0.000280684646,2.43392944,0.575162888,0.204072714,-0.000280684646,2.43392944,0.575162888,0.204072714,-0.000280684646,2.43392944,0.575162888,0.204072714,-0.000280684646,2.43392944,0.575162888,0.204072714,-0.000280684646,2.43392944,0.575162888,0.204072714,-0.000280684646,2.43392944,0.575162888,0.204072714,-0.000280684646,2.43392944,0.575162888,0.204072714,-0.000280684646,2.43392944,0.575162888,0.204072714,-0.000280684646,2.43392944,0.575162888,0.204072714,-0.000280684646,1.0,1.0,0.0,0.0,0.0,0.0,0.0,0.0,1.0,1.0,1.0,0.144482,1.7893932469544878e+18,0.0,3.0,1.0,1.7893932469544878e+18,1.0,0.0,0.0,0.0,10.0,0.0,0.0,0.0,1.0,0.0,0.0,0.0,1.0,0.0,1.0,1.780737510018285e+19,1.363203185561936e+19,0.0,0.0,0.0,0.0,0.0,0.0,0.0,0.0,0.0,1.0,127.0,0.0,1789393247.0989707
3699.0,1.7893932471089774e+18,46146161517804.0,1.939671874,1.0,0.0,1.0,0.7663516998,1.0,1.0,0.0,0.0,0.0,0.0,-1.0,0.5,0.0,0.0,1.669815063,0.0,0.0,0.0,0.0,1.0,1.0,0.0,2.0,1.0,2.43392944,0.575162888,0.204072714,-0.000280684646,2.43392944,0.575162888,0.204072714,-0.000280684646,2.43392944,0.575162888,0.204072714,-0.000280684646,2.43392944,0.575162888,0.204072714,-0.000280684646,2.43392944,0.575162888,0.204072714,-0.000280684646,2.43392944,0.575162888,0.204072714,-0.000280684646,2.43392944,0.575162888,0.204072714,-0.000280684646,2.43392944,0.575162888,0.204072714,-0.000280684646,2.43392944,0.575162888,0.204072714,-0.000280684646,2.43392944,0.575162888,0.204072714,-0.000280684646,2.43392944,0.575162888,0.204072714,-0.000280684646,2.43392944,0.575162888,0.204072714,-0.000280684646,2.43392944,0.575162888,0.204072714,-0.000280684646,2.43392944,0.575162888,0.204072714,-0.000280684646,2.43392944,0.575162888,0.204072714,-0.000280684646,2.43392944,0.575162888,0.204072714,-0.000280684646,2.43392944,0.575162888,0.204072714,-0.000280684646,2.43392944,0.575162888,0.204072714,-0.000280684646,2.43392944,0.575162888,0.204072714,-0.000280684646,2.43392944,0.575162888,0.204072714,-0.000280684646,1.0,1.0,0.0,0.0,0.0,0.0,0.0,0.0,1.0,1.0,1.0,0.154489,1.7893932469544878e+18,0.0,3.0,1.0,1.7893932469544878e+18,1.0,0.0,0.0,0.0,10.0,0.0,0.0,0.0,1.0,0.0,0.0,0.0,1.0,0.0,1.0,1.780737510018285e+19,1.363203185561936e+19,0.0,0.0,0.0,0.0,0.0,0.0,0.0,0.0,0.0,1.0,127.0,0.0,1789393247.1089773
3700.0,1.7893932471189215e+18,46146171461668.0,1.93920362,1.0,0.0,1.0,0.7663516998,1.0,1.0,0.0,0.0,0.0,0.0,-1.0,0.5,0.0,0.0,1.669815063,0.0,0.0,0.0,0.0,1.0,1.0,0.0,2.0,1.0,2.43392944,0.575162888,0.204072714,-0.000280684646,2.43392944,0.575162888,0.204072714,-0.000280684646,2.43392944,0.575162888,0.204072714,-0.000280684646,2.43392944,0.575162888,0.204072714,-0.000280684646,2.43392944,0.575162888,0.204072714,-0.000280684646,2.43392944,0.575162888,0.204072714,-0.000280684646,2.43392944,0.575162888,0.204072714,-0.000280684646,2.43392944,0.575162888,0.204072714,-0.000280684646,2.43392944,0.575162888,0.204072714,-0.000280684646,2.43392944,0.575162888,0.204072714,-0.000280684646,2.43392944,0.575162888,0.204072714,-0.000280684646,2.43392944,0.575162888,0.204072714,-0.000280684646,2.43392944,0.575162888,0.204072714,-0.000280684646,2.43392944,0.575162888,0.204072714,-0.000280684646,2.43392944,0.575162888,0.204072714,-0.000280684646,2.43392944,0.575162888,0.204072714,-0.000280684646,2.43392944,0.575162888,0.204072714,-0.000280684646,2.43392944,0.575162888,0.204072714,-0.000280684646,2.43392944,0.575162888,0.204072714,-0.000280684646,2.43392944,0.575162888,0.204072714,-0.000280684646,1.0,1.0,0.0,0.0,0.0,0.0,0.0,0.0,1.0,1.0,1.0,0.164433,1.7893932469544878e+18,0.0,3.0,1.0,1.7893932469544878e+18,1.0,0.0,0.0,0.0,10.0,0.0,0.0,0.0,1.0,0.0,0.0,0.0,1.0,0.0,1.0,1.780737510018285e+19,1.363203185561936e+19,0.0,0.0,0.0,0.0,0.0,0.0,0.0,0.0,0.0,1.0,127.0,0.0,1789393247.1189215
3701.0,1.7893932471289096e+18,46146181449794.0,1.937935472,1.0,0.0,1.0,0.7663516998,1.0,1.0,0.0,0.0,0.0,0.0,-1.0,0.5,0.0,0.0,1.669815063,0.0,0.0,0.0,0.0,1.0,1.0,0.0,2.0,1.0,2.43392944,0.575162888,0.204072714,-0.000280684646,2.43392944,0.575162888,0.204072714,-0.000280684646,2.43392944,0.575162888,0.204072714,-0.000280684646,2.43392944,0.575162888,0.204072714,-0.000280684646,2.43392944,0.575162888,0.204072714,-0.000280684646,2.43392944,0.575162888,0.204072714,-0.000280684646,2.43392944,0.575162888,0.204072714,-0.000280684646,2.43392944,0.575162888,0.204072714,-0.000280684646,2.43392944,0.575162888,0.204072714,-0.000280684646,2.43392944,0.575162888,0.204072714,-0.000280684646,2.43392944,0.575162888,0.204072714,-0.000280684646,2.43392944,0.575162888,0.204072714,-0.000280684646,2.43392944,0.575162888,0.204072714,-0.000280684646,2.43392944,0.575162888,0.204072714,-0.000280684646,2.43392944,0.575162888,0.204072714,-0.000280684646,2.43392944,0.575162888,0.204072714,-0.000280684646,2.43392944,0.575162888,0.204072714,-0.000280684646,2.43392944,0.575162888,0.204072714,-0.000280684646,2.43392944,0.575162888,0.204072714,-0.000280684646,2.43392944,0.575162888,0.204072714,-0.000280684646,1.0,1.0,0.0,0.0,0.0,0.0,0.0,0.0,1.0,1.0,1.0,0.174421,1.7893932469544878e+18,0.0,3.0,1.0,1.7893932469544878e+18,1.0,0.0,0.0,0.0,10.0,0.0,0.0,0.0,1.0,0.0,0.0,0.0,1.0,0.0,1.0,1.780737510018285e+19,1.363203185561936e+19,0.0,0.0,0.0,0.0,0.0,0.0,0.0,0.0,0.0,1.0,127.0,0.0,1789393247.1289096
3702.0,1.7893932471389274e+18,46146191467669.0,1.937067032,1.0,0.0,1.0,0.68007797,1.0,1.0,0.0,0.0,0.0,0.0,-1.0,0.5,0.0,0.0,1.669815063,0.0,0.0,0.0,0.0,1.0,1.0,0.0,2.0,1.0,2.43392944,0.575162888,0.204072714,-0.000280684646,2.43392944,0.575162888,0.204072714,-0.000280684646,2.43392944,0.575162888,0.204072714,-0.000280684646,2.43392944,0.575162888,0.204072714,-0.000280684646,2.43392944,0.575162888,0.204072714,-0.000280684646,2.43392944,0.575162888,0.204072714,-0.000280684646,2.43392944,0.575162888,0.204072714,-0.000280684646,2.43392944,0.575162888,0.204072714,-0.000280684646,2.43392944,0.575162888,0.204072714,-0.000280684646,2.43392944,0.575162888,0.204072714,-0.000280684646,2.43392944,0.575162888,0.204072714,-0.000280684646,2.43392944,0.575162888,0.204072714,-0.000280684646,2.43392944,0.575162888,0.204072714,-0.000280684646,2.43392944,0.575162888,0.204072714,-0.000280684646,2.43392944,0.575162888,0.204072714,-0.000280684646,2.43392944,0.575162888,0.204072714,-0.000280684646,2.43392944,0.575162888,0.204072714,-0.000280684646,2.43392944,0.575162888,0.204072714,-0.000280684646,2.43392944,0.575162888,0.204072714,-0.000280684646,2.43392944,0.575162888,0.204072714,-0.000280684646,1.0,1.0,0.0,0.0,0.0,0.0,0.0,0.0,1.0,1.0,1.0,0.184439,1.7893932469544878e+18,0.0,3.0,1.0,1.7893932469544878e+18,1.0,0.0,0.0,0.0,10.0,0.0,0.0,0.0,1.0,0.0,0.0,0.0,1.0,0.0,1.0,1.780737510018285e+19,1.363203185561936e+19,0.0,0.0,0.0,0.0,0.0,0.0,0.0,0.0,0.0,1.0,127.0,0.0,1789393247.1389275
3703.0,1.789393247148938e+18,46146201478285.0,1.93562448,1.0,0.0,1.0,0.68007797,1.0,1.0,0.0,0.0,0.0,0.0,-1.0,0.5,0.0,0.0,1.669815063,0.0,0.0,0.0,0.0,2.0,2.0,1.0,0.0,1.0,2.43392944,0.575162888,0.204072714,-0.000280684646,2.43392944,0.575162888,0.204072714,-0.000280684646,2.43392944,0.575162888,0.204072714,-0.000280684646,2.43392944,0.575162888,0.204072714,-0.000280684646,2.43392944,0.575162888,0.204072714,-0.000280684646,2.43392944,0.575162888,0.204072714,-0.000280684646,2.43392944,0.575162888,0.204072714,-0.000280684646,2.43392944,0.575162888,0.204072714,-0.000280684646,2.43392944,0.575162888,0.204072714,-0.000280684646,2.43392944,0.575162888,0.204072714,-0.000280684646,2.43392944,0.575162888,0.204072714,-0.000280684646,2.43392944,0.575162888,0.204072714,-0.000280684646,2.43392944,0.575162888,0.204072714,-0.000280684646,2.43392944,0.575162888,0.204072714,-0.000280684646,2.43392944,0.575162888,0.204072714,-0.000280684646,2.43392944,0.575162888,0.204072714,-0.000280684646,2.43392944,0.575162888,0.204072714,-0.000280684646,2.43392944,0.575162888,0.204072714,-0.000280684646,2.43392944,0.575162888,0.204072714,-0.000280684646,2.43392944,0.575162888,0.204072714,-0.000280684646,1.0,1.0,1.0,0.0,0.0,0.0,0.0,4.0,0.0,0.0,0.0,-1.0,0.0,0.0,3.0,1.0,1.7893932470924613e+18,1.0,0.0,0.0,0.0,10.0,0.0,0.0,0.0,1.0,0.0,0.0,0.0,1.0,0.0,1.0,1.780737510018285e+19,1.363203185561936e+19,0.0,0.0,0.0,0.0,0.0,0.0,0.0,0.0,0.0,1.0,127.0,1.0,1789393247.148938
3704.0,1.7893932471589558e+18,46146211496098.0,1.935730219,1.0,0.0,1.0,0.68007797,1.0,1.0,0.0,0.0,0.0,0.0,-1.0,0.5,0.0,0.0,1.669815063,0.0,0.0,0.0,0.0,2.0,2.0,1.0,0.0,1.0,2.43392944,0.575162888,0.204072714,-0.000280684646,2.43392944,0.575162888,0.204072714,-0.000280684646,2.43392944,0.575162888,0.204072714,-0.000280684646,2.43392944,0.575162888,0.204072714,-0.000280684646,2.43392944,0.575162888,0.204072714,-0.000280684646,2.43392944,0.575162888,0.204072714,-0.000280684646,2.43392944,0.575162888,0.204072714,-0.000280684646,2.43392944,0.575162888,0.204072714,-0.000280684646,2.43392944,0.575162888,0.204072714,-0.000280684646,2.43392944,0.575162888,0.204072714,-0.000280684646,2.43392944,0.575162888,0.204072714,-0.000280684646,2.43392944,0.575162888,0.204072714,-0.000280684646,2.43392944,0.575162888,0.204072714,-0.000280684646,2.43392944,0.575162888,0.204072714,-0.000280684646,2.43392944,0.575162888,0.204072714,-0.000280684646,2.43392944,0.575162888,0.204072714,-0.000280684646,2.43392944,0.575162888,0.204072714,-0.000280684646,2.43392944,0.575162888,0.204072714,-0.000280684646,2.43392944,0.575162888,0.204072714,-0.000280684646,2.43392944,0.575162888,0.204072714,-0.000280684646,1.0,1.0,1.0,0.0,0.0,0.0,0.0,4.0,0.0,0.0,0.0,-1.0,0.0,0.0,3.0,1.0,1.7893932470924613e+18,1.0,0.0,0.0,0.0,10.0,0.0,0.0,0.0,1.0,0.0,0.0,0.0,1.0,0.0,1.0,1.780737510018285e+19,1.363203185561936e+19,0.0,0.0,0.0,0.0,0.0,0.0,0.0,0.0,0.0,1.0,127.0,1.0,1789393247.1589558
3705.0,1.7893932471689357e+18,46146221475844.0,1.936438918,1.0,0.0,1.0,0.68007797,1.0,1.0,0.0,0.0,0.0,0.0,-1.0,0.5,0.0,0.0,1.669815063,0.0,0.0,0.0,0.0,2.0,2.0,1.0,0.0,1.0,2.43392944,0.575162888,0.204072714,-0.000280684646,2.43392944,0.575162888,0.204072714,-0.000280684646,2.43392944,0.575162888,0.204072714,-0.000280684646,2.43392944,0.575162888,0.204072714,-0.000280684646,2.43392944,0.575162888,0.204072714,-0.000280684646,2.43392944,0.575162888,0.204072714,-0.000280684646,2.43392944,0.575162888,0.204072714,-0.000280684646,2.43392944,0.575162888,0.204072714,-0.000280684646,2.43392944,0.575162888,0.204072714,-0.000280684646,2.43392944,0.575162888,0.204072714,-0.000280684646,2.43392944,0.575162888,0.204072714,-0.000280684646,2.43392944,0.575162888,0.204072714,-0.000280684646,2.43392944,0.575162888,0.204072714,-0.000280684646,2.43392944,0.575162888,0.204072714,-0.000280684646,2.43392944,0.575162888,0.204072714,-0.000280684646,2.43392944,0.575162888,0.204072714,-0.000280684646,2.43392944,0.575162888,0.204072714,-0.000280684646,2.43392944,0.575162888,0.204072714,-0.000280684646,2.43392944,0.575162888,0.204072714,-0.000280684646,2.43392944,0.575162888,0.204072714,-0.000280684646,1.0,1.0,1.0,0.0,0.0,0.0,0.0,4.0,0.0,0.0,0.0,-1.0,0.0,0.0,3.0,1.0,1.7893932470924613e+18,1.0,0.0,0.0,0.0,10.0,0.0,0.0,0.0,1.0,0.0,0.0,0.0,1.0,0.0,1.0,1.780737510018285e+19,1.363203185561936e+19,0.0,0.0,0.0,0.0,0.0,0.0,0.0,0.0,0.0,1.0,127.0,1.0,1789393247.1689358
3706.0,1.789393247178962e+18,46146231502263.0,1.937935233,1.0,0.0,1.0,0.68007797,1.0,1.0,0.0,0.0,0.0,0.0,-1.0,0.5,0.0,0.0,1.669815063,0.0,0.0,0.0,0.0,2.0,2.0,1.0,0.0,1.0,2.43392944,0.575162888,0.204072714,-0.000280684646,2.43392944,0.575162888,0.204072714,-0.000280684646,2.43392944,0.575162888,0.204072714,-0.000280684646,2.43392944,0.575162888,0.204072714,-0.000280684646,2.43392944,0.575162888,0.204072714,-0.000280684646,2.43392944,0.575162888,0.204072714,-0.000280684646,2.43392944,0.575162888,0.204072714,-0.000280684646,2.43392944,0.575162888,0.204072714,-0.000280684646,2.43392944,0.575162888,0.204072714,-0.000280684646,2.43392944,0.575162888,0.204072714,-0.000280684646,2.43392944,0.575162888,0.204072714,-0.000280684646,2.43392944,0.575162888,0.204072714,-0.000280684646,2.43392944,0.575162888,0.204072714,-0.000280684646,2.43392944,0.575162888,0.204072714,-0.000280684646,2.43392944,0.575162888,0.204072714,-0.000280684646,2.43392944,0.575162888,0.204072714,-0.000280684646,2.43392944,0.575162888,0.204072714,-0.000280684646,2.43392944,0.575162888,0.204072714,-0.000280684646,2.43392944,0.575162888,0.204072714,-0.000280684646,2.43392944,0.575162888,0.204072714,-0.000280684646,1.0,1.0,1.0,0.0,0.0,0.0,0.0,4.0,0.0,0.0,0.0,-1.0,0.0,0.0,3.0,1.0,1.7893932470924613e+18,1.0,0.0,0.0,0.0,10.0,0.0,0.0,0.0,1.0,0.0,0.0,0.0,1.0,0.0,1.0,1.780737510018285e+19,1.363203185561936e+19,0.0,0.0,0.0,0.0,0.0,0.0,0.0,0.0,0.0,1.0,127.0,1.0,1789393247.178962
3707.0,1.78939324718892e+18,46146241460189.0,1.93759048,1.0,0.0,1.0,0.68007797,1.0,1.0,1.0,0.0,1.0,1.789393247080267e+18,0.108652167,0.5,0.0,1.0,1.548069239,0.9470834732,0.3414655924,0.2307558954,0.0001459258783,2.0,2.0,0.0,0.00499999989,1.0,2.29876161,0.553917706,0.206498459,-0.000241901886,2.29876161,0.553917706,0.206498459,-0.000241901886,2.29876161,0.553917706,0.206498459,-0.000241901886,2.29876161,0.553917706,0.206498459,-0.000241901886,2.29876161,0.553917706,0.206498459,-0.000241901886,2.29876161,0.553917706,0.206498459,-0.000241901886,2.29876161,0.553917706,0.206498459,-0.000241901886,2.29876161,0.553917706,0.206498459,-0.000241901886,2.29876161,0.553917706,0.206498459,-0.000241901886,2.29876161,0.553917706,0.206498459,-0.000241901886,2.29876161,0.553917706,0.206498459,-0.000241901886,2.29876161,0.553917706,0.206498459,-0.000241901886,2.29876161,0.553917706,0.206498459,-0.000241901886,2.29876161,0.553917706,0.206498459,-0.000241901886,2.29876161,0.553917706,0.206498459,-0.000241901886,2.29876161,0.553917706,0.206498459,-0.000241901886,2.29876161,0.553917706,0.206498459,-0.000241901886,2.29876161,0.553917706,0.206498459,-0.000241901886,2.29876161,0.553917706,0.206498459,-0.000241901886,2.29876161,0.553917706,0.206498459,-0.000241901886,1.0,1.0,1.0,0.0,0.0,0.0,0.0,1.0,1.0,1.0,1.0,0.108652,1.789393247080267e+18,0.0,3.0,1.0,1.7893932470924613e+18,1.0,0.0,0.0,0.0,10.0,0.0,0.0,0.0,1.0,0.0,0.0,0.0,1.0,0.0,1.0,1.780737510018285e+19,1.363203185561936e+19,0.0,0.0,0.0,0.0,0.0,0.0,0.0,0.0,0.0,1.0,127.0,0.0,1789393247.18892
3708.0,1.789393247198923e+18,46146251463402.0,1.935749531,1.0,0.0,1.0,0.68007797,1.0,1.0,0.0,0.0,1.0,1.789393247080267e+18,0.1186554879,0.5,0.0,1.0,1.548069239,0.9470834732,0.3414655924,0.2307558954,0.0001459258783,2.0,2.0,0.0,0.00999999978,1.0,2.16359377,0.532672465,0.208924204,-0.000203119096,2.16359377,0.532672465,0.208924204,-0.000203119096,2.16359377,0.532672465,0.208924204,-0.000203119096,2.16359377,0.532672465,0.208924204,-0.000203119096,2.16359377,0.532672465,0.208924204,-0.000203119096,2.16359377,0.532672465,0.208924204,-0.000203119096,2.16359377,0.532672465,0.208924204,-0.000203119096,2.16359377,0.532672465,0.208924204,-0.000203119096,2.16359377,0.532672465,0.208924204,-0.000203119096,2.16359377,0.532672465,0.208924204,-0.000203119096,2.16359377,0.532672465,0.208924204,-0.000203119096,2.16359377,0.532672465,0.208924204,-0.000203119096,2.16359377,0.532672465,0.208924204,-0.000203119096,2.16359377,0.532672465,0.208924204,-0.000203119096,2.16359377,0.532672465,0.208924204,-0.000203119096,2.16359377,0.532672465,0.208924204,-0.000203119096,2.16359377,0.532672465,0.208924204,-0.000203119096,2.16359377,0.532672465,0.208924204,-0.000203119096,2.16359377,0.532672465,0.208924204,-0.000203119096,2.16359377,0.532672465,0.208924204,-0.000203119096,1.0,1.0,1.0,0.0,0.0,0.0,0.0,1.0,1.0,1.0,1.0,0.118655,1.789393247080267e+18,0.0,3.0,1.0,1.7893932470924613e+18,1.0,0.0,0.0,0.0,10.0,0.0,0.0,0.0,1.0,0.0,0.0,0.0,1.0,0.0,1.0,1.780737510018285e+19,1.363203185561936e+19,0.0,0.0,0.0,0.0,0.0,0.0,0.0,0.0,0.0,1.0,127.0,0.0,1789393247.198923
3709.0,1.7893932472089096e+18,46146261449925.0,1.935232639,1.0,0.0,1.0,0.68007797,1.0,1.0,0.0,0.0,1.0,1.789393247080267e+18,0.1286418736,0.5,0.0,1.0,1.548069239,0.9470834732,0.3414655924,0.2307558954,0.0001459258783,2.0,2.0,0.0,0.0149999997,1.0,2.02842593,0.511427283,0.211349949,-0.000164336321,2.02842593,0.511427283,0.211349949,-0.000164336321,2.02842593,0.511427283,0.211349949,-0.000164336321,2.02842593,0.511427283,0.211349949,-0.000164336321,2.02842593,0.511427283,0.211349949,-0.000164336321,2.02842593,0.511427283,0.211349949,-0.000164336321,2.02842593,0.511427283,0.211349949,-0.000164336321,2.02842593,0.511427283,0.211349949,-0.000164336321,2.02842593,0.511427283,0.211349949,-0.000164336321,2.02842593,0.511427283,0.211349949,-0.000164336321,2.02842593,0.511427283,0.211349949,-0.000164336321,2.02842593,0.511427283,0.211349949,-0.000164336321,2.02842593,0.511427283,0.211349949,-0.000164336321,2.02842593,0.511427283,0.211349949,-0.000164336321,2.02842593,0.511427283,0.211349949,-0.000164336321,2.02842593,0.511427283,0.211349949,-0.000164336321,2.02842593,0.511427283,0.211349949,-0.000164336321,2.02842593,0.511427283,0.211349949,-0.000164336321,2.02842593,0.511427283,0.211349949,-0.000164336321,2.02842593,0.511427283,0.211349949,-0.000164336321,1.0,1.0,1.0,0.0,0.0,0.0,0.0,1.0,1.0,1.0,1.0,0.128642,1.789393247080267e+18,0.0,3.0,1.0,1.7893932470924613e+18,1.0,0.0,0.0,0.0,10.0,0.0,0.0,0.0,1.0,0.0,0.0,0.0,1.0,0.0,1.0,1.780737510018285e+19,1.363203185561936e+19,0.0,0.0,0.0,0.0,0.0,0.0,0.0,0.0,0.0,1.0,127.0,0.0,1789393247.2089095
3710.0,1.789393247218955e+18,46146271495188.0,1.934921741,1.0,0.0,1.0,0.68007797,1.0,1.0,0.0,0.0,1.0,1.789393247080267e+18,0.138687253,0.5,0.0,1.0,1.548069239,0.9470834732,0.3414655924,0.2307558954,0.0001459258783,2.0,2.0,0.0,0.0199999996,1.0,1.89325809,0.490182042,0.213775694,-0.000125553546,1.89325809,0.490182042,0.213775694,-0.000125553546,1.89325809,0.490182042,0.213775694,-0.000125553546,1.89325809,0.490182042,0.213775694,-0.000125553546,1.89325809,0.490182042,0.213775694,-0.000125553546,1.89325809,0.490182042,0.213775694,-0.000125553546,1.89325809,0.490182042,0.213775694,-0.000125553546,1.89325809,0.490182042,0.213775694,-0.000125553546,1.89325809,0.490182042,0.213775694,-0.000125553546,1.89325809,0.490182042,0.213775694,-0.000125553546,1.89325809,0.490182042,0.213775694,-0.000125553546,1.89325809,0.490182042,0.213775694,-0.000125553546,1.89325809,0.490182042,0.213775694,-0.000125553546,1.89325809,0.490182042,0.213775694,-0.000125553546,1.89325809,0.490182042,0.213775694,-0.000125553546,1.89325809,0.490182042,0.213775694,-0.000125553546,1.89325809,0.490182042,0.213775694,-0.000125553546,1.89325809,0.490182042,0.213775694,-0.000125553546,1.89325809,0.490182042,0.213775694,-0.000125553546,1.89325809,0.490182042,0.213775694,-0.000125553546,1.0,1.0,1.0,0.0,0.0,0.0,0.0,1.0,1.0,1.0,1.0,0.138687,1.789393247080267e+18,0.0,3.0,1.0,1.7893932470924613e+18,1.0,0.0,0.0,0.0,10.0,0.0,0.0,0.0,1.0,0.0,0.0,0.0,1.0,0.0,1.0,1.780737510018285e+19,1.363203185561936e+19,0.0,0.0,0.0,0.0,0.0,0.0,0.0,0.0,0.0,1.0,127.0,0.0,1789393247.218955
3711.0,1.7893932472289372e+18,46146281477450.0,1.934886932,1.0,0.0,1.0,0.68007797,1.0,1.0,0.0,0.0,1.0,1.789393247080267e+18,0.1486694813,0.5,0.0,1.0,1.548069239,0.9470834732,0.3414655924,0.2307558954,0.0001459258783,2.0,2.0,0.0,0.0249999985,1.0,1.75809038,0.468936861,0.216201425,-8.67707713e-05,1.75809038,0.468936861,0.216201425,-8.67707713e-05,1.75809038,0.468936861,0.216201425,-8.67707713e-05,1.75809038,0.468936861,0.216201425,-8.67707713e-05,1.75809038,0.468936861,0.216201425,-8.67707713e-05,1.75809038,0.468936861,0.216201425,-8.67707713e-05,1.75809038,0.468936861,0.216201425,-8.67707713e-05,1.75809038,0.468936861,0.216201425,-8.67707713e-05,1.75809038,0.468936861,0.216201425,-8.67707713e-05,1.75809038,0.468936861,0.216201425,-8.67707713e-05,1.75809038,0.468936861,0.216201425,-8.67707713e-05,1.75809038,0.468936861,0.216201425,-8.67707713e-05,1.75809038,0.468936861,0.216201425,-8.67707713e-05,1.75809038,0.468936861,0.216201425,-8.67707713e-05,1.75809038,0.468936861,0.216201425,-8.67707713e-05,1.75809038,0.468936861,0.216201425,-8.67707713e-05,1.75809038,0.468936861,0.216201425,-8.67707713e-05,1.75809038,0.468936861,0.216201425,-8.67707713e-05,1.75809038,0.468936861,0.216201425,-8.67707713e-05,1.75809038,0.468936861,0.216201425,-8.67707713e-05,1.0,1.0,1.0,0.0,0.0,0.0,0.0,1.0,1.0,1.0,1.0,0.148669,1.789393247080267e+18,0.0,3.0,1.0,1.7893932470924613e+18,1.0,0.0,0.0,0.0,10.0,0.0,0.0,0.0,1.0,0.0,0.0,0.0,1.0,0.0,1.0,1.780737510018285e+19,1.363203185561936e+19,0.0,0.0,0.0,0.0,0.0,0.0,0.0,0.0,0.0,1.0,127.0,0.0,1789393247.2289371
3712.0,1.7893932472389107e+18,46146291451041.0,1.934136987,1.0,0.0,1.0,0.686047554,1.0,1.0,0.0,0.0,1.0,1.789393247080267e+18,0.1586430669,0.5,0.0,1.0,1.548069239,0.9470834732,0.3414655924,0.2307558954,0.0001459258783,2.0,2.0,0.0,0.0299999975,1.0,1.62292266,0.447691649,0.21862717,-4.79880109e-05,1.62292266,0.447691649,0.21862717,-4.79880109e-05,1.62292266,0.447691649,0.21862717,-4.79880109e-05,1.62292266,0.447691649,0.21862717,-4.79880109e-05,1.62292266,0.447691649,0.21862717,-4.79880109e-05,1.62292266,0.447691649,0.21862717,-4.79880109e-05,1.62292266,0.447691649,0.21862717,-4.79880109e-05,1.62292266,0.447691649,0.21862717,-4.79880109e-05,1.62292266,0.447691649,0.21862717,-4.79880109e-05,1.62292266,0.447691649,0.21862717,-4.79880109e-05,1.62292266,0.447691649,0.21862717,-4.79880109e-05,1.62292266,0.447691649,0.21862717,-4.79880109e-05,1.62292266,0.447691649,0.21862717,-4.79880109e-05,1.62292266,0.447691649,0.21862717,-4.79880109e-05,1.62292266,0.447691649,0.21862717,-4.79880109e-05,1.62292266,0.447691649,0.21862717,-4.79880109e-05,1.62292266,0.447691649,0.21862717,-4.79880109e-05,1.62292266,0.447691649,0.21862717,-4.79880109e-05,1.62292266,0.447691649,0.21862717,-4.79880109e-05,1.62292266,0.447691649,0.21862717,-4.79880109e-05,1.0,1.0,1.0,0.0,0.0,0.0,0.0,1.0,1.0,1.0,1.0,0.158643,1.789393247080267e+18,0.0,3.0,1.0,1.7893932470924613e+18,1.0,0.0,0.0,0.0,10.0,0.0,0.0,0.0,1.0,0.0,0.0,0.0,1.0,0.0,1.0,1.780737510018285e+19,1.363203185561936e+19,0.0,0.0,0.0,0.0,0.0,0.0,0.0,0.0,0.0,1.0,127.0,0.0,1789393247.2389107
3713.0,1.7893932472489219e+18,46146301462233.0,1.933195829,1.0,0.0,1.0,0.686047554,1.0,1.0,0.0,0.0,1.0,1.789393247080267e+18,0.168654412,0.5,0.0,1.0,1.548069239,0.9470834732,0.3414655924,0.2307558954,0.0001459258783,2.0,2.0,0.0,0.0349999964,1.0,1.48775482,0.426446438,0.221052915,-9.20522143e-06,1.48775482,0.426446438,0.221052915,-9.20522143e-06,1.48775482,0.426446438,0.221052915,-9.20522143e-06,1.48775482,0.426446438,0.221052915,-9.20522143e-06,1.48775482,0.426446438,0.221052915,-9.20522143e-06,1.48775482,0.426446438,0.221052915,-9.20522143e-06,1.48775482,0.426446438,0.221052915,-9.20522143e-06,1.48775482,0.426446438,0.221052915,-9.20522143e-06,1.48775482,0.426446438,0.221052915,-9.20522143e-06,1.48775482,0.426446438,0.221052915,-9.20522143e-06,1.48775482,0.426446438,0.221052915,-9.20522143e-06,1.48775482,0.426446438,0.221052915,-9.20522143e-06,1.48775482,0.426446438,0.221052915,-9.20522143e-06,1.48775482,0.426446438,0.221052915,-9.20522143e-06,1.48775482,0.426446438,0.221052915,-9.20522143e-06,1.48775482,0.426446438,0.221052915,-9.20522143e-06,1.48775482,0.426446438,0.221052915,-9.20522143e-06,1.48775482,0.426446438,0.221052915,-9.20522143e-06,1.48775482,0.426446438,0.221052915,-9.20522143e-06,1.48775482,0.426446438,0.221052915,-9.20522143e-06,1.0,1.0,1.0,0.0,0.0,0.0,0.0,1.0,1.0,1.0,1.0,0.168654,1.789393247080267e+18,0.0,3.0,1.0,1.7893932472023025e+18,1.0,0.0,0.0,0.0,10.0,0.0,0.0,0.0,1.0,0.0,0.0,0.0,1.0,0.0,1.0,1.780737510018285e+19,1.363203185561936e+19,0.0,0.0,0.0,0.0,0.0,0.0,0.0,0.0,0.0,1.0,127.0,0.0,1789393247.2489219
3714.0,1.7893932472589015e+18,46146311441866.0,1.931413889,1.0,0.0,1.0,0.686047554,1.0,1.0,0.0,0.0,1.0,1.789393247080267e+18,0.1786341369,0.5,0.0,1.0,1.548069239,0.9470834732,0.3414655924,0.2307558954,0.0001459258783,2.0,2.0,0.0,0.0399999954,1.0,1.35258687,0.405201197,0.22347866,2.95775535e-05,1.35258687,0.405201197,0.22347866,2.95775535e-05,1.35258687,0.405201197,0.22347866,2.95775535e-05,1.35258687,0.405201197,0.22347866,2.95775535e-05,1.35258687,0.405201197,0.22347866,2.95775535e-05,1.35258687,0.405201197,0.22347866,2.95775535e-05,1.35258687,0.405201197,0.22347866,2.95775535e-05,1.35258687,0.405201197,0.22347866,2.95775535e-05,1.35258687,0.405201197,0.22347866,2.95775535e-05,1.35258687,0.405201197,0.22347866,2.95775535e-05,1.35258687,0.405201197,0.22347866,2.95775535e-05,1.35258687,0.405201197,0.22347866,2.95775535e-05,1.35258687,0.405201197,0.22347866,2.95775535e-05,1.35258687,0.405201197,0.22347866,2.95775535e-05,1.35258687,0.405201197,0.22347866,2.95775535e-05,1.35258687,0.405201197,0.22347866,2.95775535e-05,1.35258687,0.405201197,0.22347866,2.95775535e-05,1.35258687,0.405201197,0.22347866,2.95775535e-05,1.35258687,0.405201197,0.22347866,2.95775535e-05,1.35258687,0.405201197,0.22347866,2.95775535e-05,1.0,1.0,1.0,0.0,0.0,0.0,0.0,1.0,1.0,1.0,1.0,0.178634,1.789393247080267e+18,0.0,3.0,1.0,1.7893932472023025e+18,1.0,0.0,0.0,0.0,10.0,0.0,0.0,0.0,1.0,0.0,0.0,0.0,1.0,0.0,1.0,1.780737510018285e+19,1.363203185561936e+19,0.0,0.0,0.0,0.0,0.0,0.0,0.0,0.0,0.0,1.0,127.0,0.0,1789393247.2589016
3715.0,1.7893932472689444e+18,46146321484610.0,1.929691792,1.0,0.0,1.0,0.686047554,1.0,1.0,0.0,0.0,1.0,1.789393247080267e+18,0.1886765957,0.5,0.0,1.0,1.548069239,0.9470834732,0.3414655924,0.2307558954,0.0001459258783,2.0,2.0,0.0,0.0449999943,1.0,1.21741915,0.383956015,0.225904405,6.83603284e-05,1.21741915,0.383956015,0.225904405,6.83603284e-05,1.21741915,0.383956015,0.225904405,6.83603284e-05,1.21741915,0.383956015,0.225904405,6.83603284e-05,1.21741915,0.383956015,0.225904405,6.83603284e-05,1.21741915,0.383956015,0.225904405,6.83603284e-05,1.21741915,0.383956015,0.225904405,6.83603284e-05,1.21741915,0.383956015,0.225904405,6.83603284e-05,1.21741915,0.383956015,0.225904405,6.83603284e-05,1.21741915,0.383956015,0.225904405,6.83603284e-05,1.21741915,0.383956015,0.225904405,6.83603284e-05,1.21741915,0.383956015,0.225904405,6.83603284e-05,1.21741915,0.383956015,0.225904405,6.83603284e-05,1.21741915,0.383956015,0.225904405,6.83603284e-05,1.21741915,0.383956015,0.225904405,6.83603284e-05,1.21741915,0.383956015,0.225904405,6.83603284e-05,1.21741915,0.383956015,0.225904405,6.83603284e-05,1.21741915,0.383956015,0.225904405,6.83603284e-05,1.21741915,0.383956015,0.225904405,6.83603284e-05,1.21741915,0.383956015,0.225904405,6.83603284e-05,1.0,1.0,1.0,0.0,0.0,0.0,0.0,1.0,1.0,1.0,1.0,0.188677,1.789393247080267e+18,0.0,3.0,1.0,1.7893932472023025e+18,1.0,0.0,0.0,0.0,10.0,0.0,0.0,0.0,1.0,0.0,0.0,0.0,1.0,0.0,1.0,1.780737510018285e+19,1.363203185561936e+19,0.0,0.0,0.0,0.0,0.0,0.0,0.0,0.0,0.0,1.0,127.0,0.0,1789393247.2689445
3716.0,1.7893932472789268e+18,46146331467010.0,1.928914309,1.0,0.0,1.0,0.686047554,1.0,1.0,0.0,0.0,1.0,1.789393247080267e+18,0.1986588538,0.5,0.0,1.0,1.548069239,0.9470834732,0.3414655924,0.2307558954,0.0001459258783,2.0,2.0,0.0,0.0499999933,1.0,1.08225131,0.362710804,0.22833015,0.000107143103,1.08225131,0.362710804,0.22833015,0.000107143103,1.08225131,0.362710804,0.22833015,0.000107143103,1.08225131,0.362710804,0.22833015,0.000107143103,1.08225131,0.362710804,0.22833015,0.000107143103,1.08225131,0.362710804,0.22833015,0.000107143103,1.08225131,0.362710804,0.22833015,0.000107143103,1.08225131,0.362710804,0.22833015,0.000107143103,1.08225131,0.362710804,0.22833015,0.000107143103,1.08225131,0.362710804,0.22833015,0.000107143103,1.08225131,0.362710804,0.22833015,0.000107143103,1.08225131,0.362710804,0.22833015,0.000107143103,1.08225131,0.362710804,0.22833015,0.000107143103,1.08225131,0.362710804,0.22833015,0.000107143103,1.08225131,0.362710804,0.22833015,0.000107143103,1.08225131,0.362710804,0.22833015,0.000107143103,1.08225131,0.362710804,0.22833015,0.000107143103,1.08225131,0.362710804,0.22833015,0.000107143103,1.08225131,0.362710804,0.22833015,0.000107143103,1.08225131,0.362710804,0.22833015,0.000107143103,1.0,1.0,1.0,0.0,0.0,0.0,0.0,1.0,1.0,1.0,1.0,0.198659,1.789393247080267e+18,0.0,3.0,1.0,1.7893932472023025e+18,1.0,0.0,0.0,0.0,10.0,0.0,0.0,0.0,1.0,0.0,0.0,0.0,1.0,0.0,1.0,1.780737510018285e+19,1.363203185561936e+19,0.0,0.0,0.0,0.0,0.0,0.0,0.0,0.0,0.0,1.0,127.0,0.0,1789393247.2789268
3717.0,1.7893932472889388e+18,46146341478901.0,1.926961064,1.0,0.0,1.0,0.686047554,1.0,1.0,0.0,0.0,1.0,1.789393247080267e+18,0.2086709887,0.5,0.0,1.0,1.548069239,0.9470834732,0.3414655924,0.2307558954,0.0001459258783,2.0,2.0,0.0,0.0549999923,1.0,1.08225131,0.362710804,0.22833015,0.000107143103,1.08225131,0.362710804,0.22833015,0.000107143103,1.08225131,0.362710804,0.22833015,0.000107143103,1.08225131,0.362710804,0.22833015,0.000107143103,1.08225131,0.362710804,0.22833015,0.000107143103,1.08225131,0.362710804,0.22833015,0.000107143103,1.08225131,0.362710804,0.22833015,0.000107143103,1.08225131,0.362710804,0.22833015,0.000107143103,1.08225131,0.362710804,0.22833015,0.000107143103,1.08225131,0.362710804,0.22833015,0.000107143103,1.08225131,0.362710804,0.22833015,0.000107143103,1.08225131,0.362710804,0.22833015,0.000107143103,1.08225131,0.362710804,0.22833015,0.000107143103,1.08225131,0.362710804,0.22833015,0.000107143103,1.08225131,0.362710804,0.22833015,0.000107143103,1.08225131,0.362710804,0.22833015,0.000107143103,1.08225131,0.362710804,0.22833015,0.000107143103,1.08225131,0.362710804,0.22833015,0.000107143103,1.08225131,0.362710804,0.22833015,0.000107143103,1.08225131,0.362710804,0.22833015,0.000107143103,1.0,1.0,1.0,0.0,0.0,0.0,0.0,1.0,1.0,1.0,1.0,0.208671,1.789393247080267e+18,0.0,3.0,1.0,1.7893932472023025e+18,1.0,0.0,0.0,0.0,10.0,0.0,0.0,0.0,1.0,0.0,0.0,0.0,1.0,0.0,1.0,1.780737510018285e+19,1.363203185561936e+19,0.0,0.0,0.0,0.0,0.0,0.0,0.0,0.0,0.0,1.0,127.0,0.0,1789393247.2889388
3718.0,1.7893932472989076e+18,46146351448022.0,1.924844503,1.0,0.0,1.0,0.686047554,1.0,1.0,1.0,0.0,1.0,1.789393247180735e+18,0.1181724072,0.5,1.0,0.0,1.441439629,0.9878586531,0.1333720684,0.2718578875,0.2561227679,2.0,2.0,0.0,0.0599999912,1.0,0.987858653,0.133372068,0.271857888,0.256122768,0.987858653,0.133372068,0.271857888,0.256122768,0.987858653,0.133372068,0.271857888,0.256122768,0.987858653,0.133372068,0.271857888,0.256122768,0.987858653,0.133372068,0.271857888,0.256122768,0.987858653,0.133372068,0.271857888,0.256122768,0.987858653,0.133372068,0.271857888,0.256122768,0.987858653,0.133372068,0.271857888,0.256122768,0.987858653,0.133372068,0.271857888,0.256122768,0.987858653,0.133372068,0.271857888,0.256122768,0.987858653,0.133372068,0.271857888,0.256122768,0.987858653,0.133372068,0.271857888,0.256122768,0.987858653,0.133372068,0.271857888,0.256122768,0.987858653,0.133372068,0.271857888,0.256122768,0.987858653,0.133372068,0.271857888,0.256122768,0.987858653,0.133372068,0.271857888,0.256122768,0.987858653,0.133372068,0.271857888,0.256122768,0.987858653,0.133372068,0.271857888,0.256122768,0.987858653,0.133372068,0.271857888,0.256122768,0.987858653,0.133372068,0.271857888,0.256122768,1.0,1.0,1.0,0.0,0.0,0.0,0.0,1.0,1.0,1.0,1.0,0.118172,1.789393247180735e+18,0.0,3.0,1.0,1.7893932472023025e+18,1.0,0.0,0.0,0.0,10.0,0.0,0.0,0.0,1.0,0.0,0.0,0.0,1.0,0.0,1.0,1.780737510018285e+19,1.363203185561936e+19,0.0,0.0,0.0,0.0,0.0,0.0,0.0,0.0,0.0,1.0,127.0,0.0,1789393247.2989078
3719.0,1.7893932473088998e+18,46146361440057.0,1.921987176,1.0,0.0,1.0,0.686047554,1.0,1.0,0.0,0.0,1.0,1.789393247180735e+18,0.1281644553,0.5,1.0,0.0,1.441439629,0.9878586531,0.1333720684,0.2718578875,0.2561227679,2.0,2.0,0.0,0.0649999902,1.0,0.987858653,0.133372068,0.271857888,0.256122768,0.987858653,0.133372068,0.271857888,0.256122768,0.987858653,0.133372068,0.271857888,0.256122768,0.987858653,0.133372068,0.271857888,0.256122768,0.987858653,0.133372068,0.271857888,0.256122768,0.987858653,0.133372068,0.271857888,0.256122768,0.987858653,0.133372068,0.271857888,0.256122768,0.987858653,0.133372068,0.271857888,0.256122768,0.987858653,0.133372068,0.271857888,0.256122768,0.987858653,0.133372068,0.271857888,0.256122768,0.987858653,0.133372068,0.271857888,0.256122768,0.987858653,0.133372068,0.271857888,0.256122768,0.987858653,0.133372068,0.271857888,0.256122768,0.987858653,0.133372068,0.271857888,0.256122768,0.987858653,0.133372068,0.271857888,0.256122768,0.987858653,0.133372068,0.271857888,0.256122768,0.987858653,0.133372068,0.271857888,0.256122768,0.987858653,0.133372068,0.271857888,0.256122768,0.987858653,0.133372068,0.271857888,0.256122768,0.987858653,0.133372068,0.271857888,0.256122768,1.0,1.0,1.0,0.0,0.0,0.0,0.0,1.0,1.0,1.0,1.0,0.128164,1.789393247180735e+18,0.0,3.0,1.0,1.7893932472023025e+18,1.0,0.0,0.0,0.0,10.0,0.0,0.0,0.0,1.0,0.0,0.0,0.0,1.0,0.0,1.0,1.780737510018285e+19,1.363203185561936e+19,0.0,0.0,0.0,0.0,0.0,0.0,0.0,0.0,0.0,1.0,127.0,0.0,1789393247.3088999
3720.0,1.7893932473189274e+18,46146371467629.0,1.920170188,1.0,0.0,1.0,0.686047554,1.0,1.0,0.0,0.0,1.0,1.789393247180735e+18,0.138191849,0.5,1.0,0.0,1.441439629,0.9878586531,0.1333720684,0.2718578875,0.2561227679,2.0,2.0,0.0,0.0699999928,1.0,0.987858653,0.133372068,0.271857888,0.256122768,0.987858653,0.133372068,0.271857888,0.256122768,0.987858653,0.133372068,0.271857888,0.256122768,0.987858653,0.133372068,0.271857888,0.256122768,0.987858653,0.133372068,0.271857888,0.256122768,0.987858653,0.133372068,0.271857888,0.256122768,0.987858653,0.133372068,0.271857888,0.256122768,0.987858653,0.133372068,0.271857888,0.256122768,0.987858653,0.133372068,0.271857888,0.256122768,0.987858653,0.133372068,0.271857888,0.256122768,0.987858653,0.133372068,0.271857888,0.256122768,0.987858653,0.133372068,0.271857888,0.256122768,0.987858653,0.133372068,0.271857888,0.256122768,0.987858653,0.133372068,0.271857888,0.256122768,0.987858653,0.133372068,0.271857888,0.256122768,0.987858653,0.133372068,0.271857888,0.256122768,0.987858653,0.133372068,0.271857888,0.256122768,0.987858653,0.133372068,0.271857888,0.256122768,0.987858653,0.133372068,0.271857888,0.256122768,0.987858653,0.133372068,0.271857888,0.256122768,1.0,1.0,1.0,0.0,0.0,0.0,0.0,1.0,1.0,1.0,1.0,0.138192,1.789393247180735e+18,0.0,3.0,1.0,1.7893932472023025e+18,1.0,0.0,0.0,0.0,10.0,0.0,0.0,0.0,1.0,0.0,0.0,0.0,1.0,0.0,1.0,1.780737510018285e+19,1.363203185561936e+19,0.0,0.0,0.0,0.0,0.0,0.0,0.0,0.0,0.0,1.0,127.0,0.0,1789393247.3189273
3721.0,1.7893932473289009e+18,46146381441063.0,1.917251587,1.0,0.0,1.0,0.445930928,1.0,1.0,0.0,0.0,1.0,1.789393247180735e+18,0.1481654942,0.5,1.0,0.0,1.441439629,0.9878586531,0.1333720684,0.2718578875,0.2561227679,2.0,2.0,0.0,0.0749999955,1.0,0.987858653,0.133372068,0.271857888,0.256122768,0.987858653,0.133372068,0.271857888,0.256122768,0.987858653,0.133372068,0.271857888,0.256122768,0.987858653,0.133372068,0.271857888,0.256122768,0.987858653,0.133372068,0.271857888,0.256122768,0.987858653,0.133372068,0.271857888,0.256122768,0.987858653,0.133372068,0.271857888,0.256122768,0.987858653,0.133372068,0.271857888,0.256122768,0.987858653,0.133372068,0.271857888,0.256122768,0.987858653,0.133372068,0.271857888,0.256122768,0.987858653,0.133372068,0.271857888,0.256122768,0.987858653,0.133372068,0.271857888,0.256122768,0.987858653,0.133372068,0.271857888,0.256122768,0.987858653,0.133372068,0.271857888,0.256122768,0.987858653,0.133372068,0.271857888,0.256122768,0.987858653,0.133372068,0.271857888,0.256122768,0.987858653,0.133372068,0.271857888,0.256122768,0.987858653,0.133372068,0.271857888,0.256122768,0.987858653,0.133372068,0.271857888,0.256122768,0.987858653,0.133372068,0.271857888,0.256122768,1.0,1.0,1.0,0.0,0.0,0.0,0.0,1.0,1.0,1.0,1.0,0.148165,1.789393247180735e+18,0.0,3.0,1.0,1.7893932472023025e+18,1.0,0.0,0.0,0.0,10.0,0.0,0.0,0.0,1.0,0.0,0.0,0.0,1.0,0.0,1.0,1.780737510018285e+19,1.363203185561936e+19,0.0,0.0,0.0,0.0,0.0,0.0,0.0,0.0,0.0,1.0,127.0,0.0,1789393247.3289008
3722.0,1.7893932473389517e+18,46146391491828.0,1.912810206,1.0,0.0,1.0,0.445930928,1.0,1.0,0.0,0.0,1.0,1.789393247180735e+18,0.1582161933,0.5,1.0,0.0,1.441439629,0.9878586531,0.1333720684,0.2718578875,0.2561227679,2.0,2.0,0.0,0.0799999982,1.0,0.987858653,0.133372068,0.271857888,0.256122768,0.987858653,0.133372068,0.271857888,0.256122768,0.987858653,0.133372068,0.271857888,0.256122768,0.987858653,0.133372068,0.271857888,0.256122768,0.987858653,0.133372068,0.271857888,0.256122768,0.987858653,0.133372068,0.271857888,0.256122768,0.987858653,0.133372068,0.271857888,0.256122768,0.987858653,0.133372068,0.271857888,0.256122768,0.987858653,0.133372068,0.271857888,0.256122768,0.987858653,0.133372068,0.271857888,0.256122768,0.987858653,0.133372068,0.271857888,0.256122768,0.987858653,0.133372068,0.271857888,0.256122768,0.987858653,0.133372068,0.271857888,0.256122768,0.987858653,0.133372068,0.271857888,0.256122768,0.987858653,0.133372068,0.271857888,0.256122768,0.987858653,0.133372068,0.271857888,0.256122768,0.987858653,0.133372068,0.271857888,0.256122768,0.987858653,0.133372068,0.271857888,0.256122768,0.987858653,0.133372068,0.271857888,0.256122768,0.987858653,0.133372068,0.271857888,0.256122768,1.0,1.0,1.0,0.0,0.0,0.0,0.0,1.0,1.0,1.0,1.0,0.158216,1.789393247180735e+18,0.0,3.0,1.0,1.7893932472023025e+18,1.0,0.0,0.0,0.0,10.0,0.0,0.0,0.0,1.0,0.0,0.0,0.0,1.0,0.0,1.0,1.780737510018285e+19,1.363203185561936e+19,0.0,0.0,0.0,0.0,0.0,0.0,0.0,0.0,0.0,1.0,127.0,0.0,1789393247.3389516
3723.0,1.789393247348964e+18,46146401504197.0,1.908623815,1.0,0.0,1.0,0.445930928,1.0,1.0,0.0,0.0,1.0,1.789393247180735e+18,0.1682284027,0.5,1.0,0.0,1.441439629,0.9878586531,0.1333720684,0.2718578875,0.2561227679,2.0,2.0,0.0,0.0850000009,1.0,0.987858653,0.133372068,0.271857888,0.256122768,0.987858653,0.133372068,0.271857888,0.256122768,0.987858653,0.133372068,0.271857888,0.256122768,0.987858653,0.133372068,0.271857888,0.256122768,0.987858653,0.133372068,0.271857888,0.256122768,0.987858653,0.133372068,0.271857888,0.256122768,0.987858653,0.133372068,0.271857888,0.256122768,0.987858653,0.133372068,0.271857888,0.256122768,0.987858653,0.133372068,0.271857888,0.256122768,0.987858653,0.133372068,0.271857888,0.256122768,0.987858653,0.133372068,0.271857888,0.256122768,0.987858653,0.133372068,0.271857888,0.256122768,0.987858653,0.133372068,0.271857888,0.256122768,0.987858653,0.133372068,0.271857888,0.256122768,0.987858653,0.133372068,0.271857888,0.256122768,0.987858653,0.133372068,0.271857888,0.256122768,0.987858653,0.133372068,0.271857888,0.256122768,0.987858653,0.133372068,0.271857888,0.256122768,0.987858653,0.133372068,0.271857888,0.256122768,0.987858653,0.133372068,0.271857888,0.256122768,1.0,1.0,1.0,0.0,0.0,0.0,0.0,1.0,1.0,1.0,1.0,0.168228,1.789393247180735e+18,0.0,3.0,1.0,1.7893932473270482e+18,1.0,0.0,0.0,0.0,10.0,0.0,0.0,0.0,1.0,0.0,0.0,0.0,1.0,0.0,1.0,1.780737510018285e+19,1.363203185561936e+19,0.0,0.0,0.0,0.0,0.0,0.0,0.0,0.0,0.0,1.0,127.0,0.0,1789393247.3489642
3724.0,1.7893932473589445e+18,46146411484839.0,1.903324246,1.0,0.0,1.0,0.445930928,1.0,1.0,0.0,0.0,1.0,1.789393247180735e+18,0.1782090664,0.5,1.0,0.0,1.441439629,0.9878586531,0.1333720684,0.2718578875,0.2561227679,2.0,2.0,0.0,0.0900000036,1.0,0.987858653,0.133372068,0.271857888,0.256122768,0.987858653,0.133372068,0.271857888,0.256122768,0.987858653,0.133372068,0.271857888,0.256122768,0.987858653,0.133372068,0.271857888,0.256122768,0.987858653,0.133372068,0.271857888,0.256122768,0.987858653,0.133372068,0.271857888,0.256122768,0.987858653,0.133372068,0.271857888,0.256122768,0.987858653,0.133372068,0.271857888,0.256122768,0.987858653,0.133372068,0.271857888,0.256122768,0.987858653,0.133372068,0.271857888,0.256122768,0.987858653,0.133372068,0.271857888,0.256122768,0.987858653,0.133372068,0.271857888,0.256122768,0.987858653,0.133372068,0.271857888,0.256122768,0.987858653,0.133372068,0.271857888,0.256122768,0.987858653,0.133372068,0.271857888,0.256122768,0.987858653,0.133372068,0.271857888,0.256122768,0.987858653,0.133372068,0.271857888,0.256122768,0.987858653,0.133372068,0.271857888,0.256122768,0.987858653,0.133372068,0.271857888,0.256122768,0.987858653,0.133372068,0.271857888,0.256122768,1.0,1.0,1.0,0.0,0.0,0.0,0.0,1.0,1.0,1.0,1.0,0.178209,1.789393247180735e+18,0.0,3.0,1.0,1.7893932473270482e+18,1.0,0.0,0.0,0.0,10.0,0.0,0.0,0.0,1.0,0.0,0.0,0.0,1.0,0.0,1.0,1.780737510018285e+19,1.363203185561936e+19,0.0,0.0,0.0,0.0,0.0,0.0,0.0,0.0,0.0,1.0,127.0,0.0,1789393247.3589444
3725.0,1.7893932473689503e+18,46146421490407.0,1.898442149,1.0,0.0,1.0,0.445930928,1.0,1.0,0.0,0.0,1.0,1.789393247180735e+18,0.1882148534,0.5,1.0,0.0,1.441439629,0.9878586531,0.1333720684,0.2718578875,0.2561227679,2.0,2.0,0.0,0.0950000063,1.0,0.987858653,0.133372068,0.271857888,0.256122768,0.987858653,0.133372068,0.271857888,0.256122768,0.987858653,0.133372068,0.271857888,0.256122768,0.987858653,0.133372068,0.271857888,0.256122768,0.987858653,0.133372068,0.271857888,0.256122768,0.987858653,0.133372068,0.271857888,0.256122768,0.987858653,0.133372068,0.271857888,0.256122768,0.987858653,0.133372068,0.271857888,0.256122768,0.987858653,0.133372068,0.271857888,0.256122768,0.987858653,0.133372068,0.271857888,0.256122768,0.987858653,0.133372068,0.271857888,0.256122768,0.987858653,0.133372068,0.271857888,0.256122768,0.987858653,0.133372068,0.271857888,0.256122768,0.987858653,0.133372068,0.271857888,0.256122768,0.987858653,0.133372068,0.271857888,0.256122768,0.987858653,0.133372068,0.271857888,0.256122768,0.987858653,0.133372068,0.271857888,0.256122768,0.987858653,0.133372068,0.271857888,0.256122768,0.987858653,0.133372068,0.271857888,0.256122768,0.987858653,0.133372068,0.271857888,0.256122768,1.0,1.0,1.0,0.0,0.0,0.0,0.0,1.0,1.0,1.0,1.0,0.188215,1.789393247180735e+18,0.0,3.0,1.0,1.7893932473270482e+18,1.0,0.0,0.0,0.0,10.0,0.0,0.0,0.0,1.0,0.0,0.0,0.0,1.0,0.0,1.0,1.780737510018285e+19,1.363203185561936e+19,0.0,0.0,0.0,0.0,0.0,0.0,0.0,0.0,0.0,1.0,127.0,0.0,1789393247.3689504
3726.0,1.7893932473789356e+18,46146431475754.0,1.893166184,1.0,0.0,1.0,0.445930928,1.0,1.0,0.0,0.0,1.0,1.789393247180735e+18,0.1981999278,0.5,1.0,0.0,1.441439629,0.9878586531,0.1333720684,0.2718578875,0.2561227679,2.0,2.0,0.0,0.100000009,1.0,0.987858653,0.133372068,0.271857888,0.256122768,0.987858653,0.133372068,0.271857888,0.256122768,0.987858653,0.133372068,0.271857888,0.256122768,0.987858653,0.133372068,0.271857888,0.256122768,0.987858653,0.133372068,0.271857888,0.256122768,0.987858653,0.133372068,0.271857888,0.256122768,0.987858653,0.133372068,0.271857888,0.256122768,0.987858653,0.133372068,0.271857888,0.256122768,0.987858653,0.133372068,0.271857888,0.256122768,0.987858653,0.133372068,0.271857888,0.256122768,0.987858653,0.133372068,0.271857888,0.256122768,0.987858653,0.133372068,0.271857888,0.256122768,0.987858653,0.133372068,0.271857888,0.256122768,0.987858653,0.133372068,0.271857888,0.256122768,0.987858653,0.133372068,0.271857888,0.256122768,0.987858653,0.133372068,0.271857888,0.256122768,0.987858653,0.133372068,0.271857888,0.256122768,0.987858653,0.133372068,0.271857888,0.256122768,0.987858653,0.133372068,0.271857888,0.256122768,0.987858653,0.133372068,0.271857888,0.256122768,1.0,1.0,1.0,0.0,0.0,0.0,0.0,1.0,1.0,1.0,1.0,0.1982,1.789393247180735e+18,0.0,3.0,1.0,1.7893932473270482e+18,1.0,0.0,0.0,0.0,10.0,0.0,0.0,0.0,1.0,0.0,0.0,0.0,1.0,0.0,1.0,1.780737510018285e+19,1.363203185561936e+19,0.0,0.0,0.0,0.0,0.0,0.0,0.0,0.0,0.0,1.0,127.0,0.0,1789393247.3789356
3727.0,1.7893932473889152e+18,46146441455428.0,1.890112996,1.0,0.0,1.0,0.445930928,1.0,1.0,1.0,0.0,1.0,1.789393247280934e+18,0.1079804078,0.5,1.0,0.0,1.369836926,0.9844436646,0.08219649643,0.3189790249,0.2068443894,2.0,2.0,0.0,0.105000012,1.0,0.984443665,0.0821964964,0.318979025,0.206844389,0.984443665,0.0821964964,0.318979025,0.206844389,0.984443665,0.0821964964,0.318979025,0.206844389,0.984443665,0.0821964964,0.318979025,0.206844389,0.984443665,0.0821964964,0.318979025,0.206844389,0.984443665,0.0821964964,0.318979025,0.206844389,0.984443665,0.0821964964,0.318979025,0.206844389,0.984443665,0.0821964964,0.318979025,0.206844389,0.984443665,0.0821964964,0.318979025,0.206844389,0.984443665,0.0821964964,0.318979025,0.206844389,0.984443665,0.0821964964,0.318979025,0.206844389,0.984443665,0.0821964964,0.318979025,0.206844389,0.984443665,0.0821964964,0.318979025,0.206844389,0.984443665,0.0821964964,0.318979025,0.206844389,0.984443665,0.0821964964,0.318979025,0.206844389,0.984443665,0.0821964964,0.318979025,0.206844389,0.984443665,0.0821964964,0.318979025,0.206844389,0.984443665,0.0821964964,0.318979025,0.206844389,0.984443665,0.0821964964,0.318979025,0.206844389,0.984443665,0.0821964964,0.318979025,0.206844389,1.0,1.0,1.0,0.0,0.0,0.0,0.0,1.0,1.0,1.0,1.0,0.10798,1.789393247280934e+18,0.0,3.0,1.0,1.7893932473270482e+18,1.0,0.0,0.0,0.0,10.0,0.0,0.0,0.0,1.0,0.0,0.0,0.0,1.0,0.0,1.0,1.780737510018285e+19,1.363203185561936e+19,0.0,0.0,0.0,0.0,0.0,0.0,0.0,0.0,0.0,1.0,127.0,0.0,1789393247.3889153
3728.0,1.7893932473989117e+18,46146451452000.0,1.887949109,1.0,0.0,1.0,0.445930928,1.0,1.0,0.0,0.0,1.0,1.789393247280934e+18,0.1179770604,0.5,1.0,0.0,1.369836926,0.9844436646,0.08219649643,0.3189790249,0.2068443894,2.0,2.0,0.0,0.110000014,1.0,0.984443665,0.0821964964,0.318979025,0.206844389,0.984443665,0.0821964964,0.318979025,0.206844389,0.984443665,0.0821964964,0.318979025,0.206844389,0.984443665,0.0821964964,0.318979025,0.206844389,0.984443665,0.0821964964,0.318979025,0.206844389,0.984443665,0.0821964964,0.318979025,0.206844389,0.984443665,0.0821964964,0.318979025,0.206844389,0.984443665,0.0821964964,0.318979025,0.206844389,0.984443665,0.0821964964,0.318979025,0.206844389,0.984443665,0.0821964964,0.318979025,0.206844389,0.984443665,0.0821964964,0.318979025,0.206844389,0.984443665,0.0821964964,0.318979025,0.206844389,0.984443665,0.0821964964,0.318979025,0.206844389,0.984443665,0.0821964964,0.318979025,0.206844389,0.984443665,0.0821964964,0.318979025,0.206844389,0.984443665,0.0821964964,0.318979025,0.206844389,0.984443665,0.0821964964,0.318979025,0.206844389,0.984443665,0.0821964964,0.318979025,0.206844389,0.984443665,0.0821964964,0.318979025,0.206844389,0.984443665,0.0821964964,0.318979025,0.206844389,1.0,1.0,1.0,0.0,0.0,0.0,0.0,1.0,1.0,1.0,1.0,0.117977,1.789393247280934e+18,0.0,3.0,1.0,1.7893932473270482e+18,1.0,0.0,0.0,0.0,10.0,0.0,0.0,0.0,1.0,0.0,0.0,0.0,1.0,0.0,1.0,1.780737510018285e+19,1.363203185561936e+19,0.0,0.0,0.0,0.0,0.0,0.0,0.0,0.0,0.0,1.0,127.0,0.0,1789393247.3989117
3729.0,1.789393247408987e+18,46146461527175.0,1.883375168,1.0,0.0,1.0,0.445930928,1.0,1.0,0.0,0.0,1.0,1.789393247280934e+18,0.1280522048,0.5,1.0,0.0,1.369836926,0.9844436646,0.08219649643,0.3189790249,0.2068443894,2.0,2.0,0.0,0.115000017,1.0,0.984443665,0.0821964964,0.318979025,0.206844389,0.984443665,0.0821964964,0.318979025,0.206844389,0.984443665,0.0821964964,0.318979025,0.206844389,0.984443665,0.0821964964,0.318979025,0.206844389,0.984443665,0.0821964964,0.318979025,0.206844389,0.984443665,0.0821964964,0.318979025,0.206844389,0.984443665,0.0821964964,0.318979025,0.206844389,0.984443665,0.0821964964,0.318979025,0.206844389,0.984443665,0.0821964964,0.318979025,0.206844389,0.984443665,0.0821964964,0.318979025,0.206844389,0.984443665,0.0821964964,0.318979025,0.206844389,0.984443665,0.0821964964,0.318979025,0.206844389,0.984443665,0.0821964964,0.318979025,0.206844389,0.984443665,0.0821964964,0.318979025,0.206844389,0.984443665,0.0821964964,0.318979025,0.206844389,0.984443665,0.0821964964,0.318979025,0.206844389,0.984443665,0.0821964964,0.318979025,0.206844389,0.984443665,0.0821964964,0.318979025,0.206844389,0.984443665,0.0821964964,0.318979025,0.206844389,0.984443665,0.0821964964,0.318979025,0.206844389,1.0,1.0,1.0,0.0,0.0,0.0,0.0,1.0,1.0,1.0,1.0,0.128052,1.789393247280934e+18,0.0,3.0,1.0,1.7893932473270482e+18,1.0,0.0,0.0,0.0,10.0,0.0,0.0,0.0,1.0,0.0,0.0,0.0,1.0,0.0,1.0,1.780737510018285e+19,1.363203185561936e+19,0.0,0.0,0.0,0.0,0.0,0.0,0.0,0.0,0.0,1.0,127.0,0.0,1789393247.4089868
3730.0,1.7893932474189158e+18,46146471455948.0,1.880365729,1.0,0.0,1.0,0.445930928,1.0,1.0,0.0,0.0,1.0,1.789393247280934e+18,0.1379809678,0.5,1.0,0.0,1.369836926,0.9844436646,0.08219649643,0.3189790249,0.2068443894,2.0,2.0,0.0,0.12000002,1.0,0.984443665,0.0821964964,0.318979025,0.206844389,0.984443665,0.0821964964,0.318979025,0.206844389,0.984443665,0.0821964964,0.318979025,0.206844389,0.984443665,0.0821964964,0.318979025,0.206844389,0.984443665,0.0821964964,0.318979025,0.206844389,0.984443665,0.0821964964,0.318979025,0.206844389,0.984443665,0.0821964964,0.318979025,0.206844389,0.984443665,0.0821964964,0.318979025,0.206844389,0.984443665,0.0821964964,0.318979025,0.206844389,0.984443665,0.0821964964,0.318979025,0.206844389,0.984443665,0.0821964964,0.318979025,0.206844389,0.984443665,0.0821964964,0.318979025,0.206844389,0.984443665,0.0821964964,0.318979025,0.206844389,0.984443665,0.0821964964,0.318979025,0.206844389,0.984443665,0.0821964964,0.318979025,0.206844389,0.984443665,0.0821964964,0.318979025,0.206844389,0.984443665,0.0821964964,0.318979025,0.206844389,0.984443665,0.0821964964,0.318979025,0.206844389,0.984443665,0.0821964964,0.318979025,0.206844389,0.984443665,0.0821964964,0.318979025,0.206844389,1.0,1.0,1.0,0.0,0.0,0.0,0.0,1.0,1.0,1.0,1.0,0.137981,1.789393247280934e+18,0.0,3.0,1.0,1.7893932473270482e+18,1.0,0.0,0.0,0.0,10.0,0.0,0.0,0.0,1.0,0.0,0.0,0.0,1.0,0.0,1.0,1.780737510018285e+19,1.363203185561936e+19,0.0,0.0,0.0,0.0,0.0,0.0,0.0,0.0,0.0,1.0,127.0,0.0,1789393247.4189157
3731.0,1.7893932474289252e+18,46146481465490.0,1.877558231,1.0,0.0,1.0,0.445930928,1.0,1.0,0.0,0.0,1.0,1.789393247280934e+18,0.1479905248,0.5,1.0,0.0,1.369836926,0.9844436646,0.08219649643,0.3189790249,0.2068443894,2.0,2.0,0.0,0.125000015,1.0,0.984443665,0.0821964964,0.318979025,0.206844389,0.984443665,0.0821964964,0.318979025,0.206844389,0.984443665,0.0821964964,0.318979025,0.206844389,0.984443665,0.0821964964,0.318979025,0.206844389,0.984443665,0.0821964964,0.318979025,0.206844389,0.984443665,0.0821964964,0.318979025,0.206844389,0.984443665,0.0821964964,0.318979025,0.206844389,0.984443665,0.0821964964,0.318979025,0.206844389,0.984443665,0.0821964964,0.318979025,0.206844389,0.984443665,0.0821964964,0.318979025,0.206844389,0.984443665,0.0821964964,0.318979025,0.206844389,0.984443665,0.0821964964,0.318979025,0.206844389,0.984443665,0.0821964964,0.318979025,0.206844389,0.984443665,0.0821964964,0.318979025,0.206844389,0.984443665,0.0821964964,0.318979025,0.206844389,0.984443665,0.0821964964,0.318979025,0.206844389,0.984443665,0.0821964964,0.318979025,0.206844389,0.984443665,0.0821964964,0.318979025,0.206844389,0.984443665,0.0821964964,0.318979025,0.206844389,0.984443665,0.0821964964,0.318979025,0.206844389,1.0,1.0,1.0,0.0,0.0,0.0,0.0,1.0,1.0,1.0,1.0,0.147991,1.789393247280934e+18,0.0,3.0,1.0,1.7893932473270482e+18,1.0,0.0,0.0,0.0,10.0,0.0,0.0,0.0,1.0,0.0,0.0,0.0,1.0,0.0,1.0,1.780737510018285e+19,1.363203185561936e+19,0.0,0.0,0.0,0.0,0.0,0.0,0.0,0.0,0.0,1.0,127.0,0.0,1789393247.4289253
3732.0,1.7893932474389576e+18,46146491497727.0,1.874424219,1.0,0.0,1.0,0.2898550928,1.0,1.0,0.0,0.0,1.0,1.789393247280934e+18,0.1580228508,0.5,1.0,0.0,1.369836926,0.9844436646,0.08219649643,0.3189790249,0.2068443894,2.0,2.0,0.0,0.13000001,1.0,0.984443665,0.0821964964,0.318979025,0.206844389,0.984443665,0.0821964964,0.318979025,0.206844389,0.984443665,0.0821964964,0.318979025,0.206844389,0.984443665,0.0821964964,0.318979025,0.206844389,0.984443665,0.0821964964,0.318979025,0.206844389,0.984443665,0.0821964964,0.318979025,0.206844389,0.984443665,0.0821964964,0.318979025,0.206844389,0.984443665,0.0821964964,0.318979025,0.206844389,0.984443665,0.0821964964,0.318979025,0.206844389,0.984443665,0.0821964964,0.318979025,0.206844389,0.984443665,0.0821964964,0.318979025,0.206844389,0.984443665,0.0821964964,0.318979025,0.206844389,0.984443665,0.0821964964,0.318979025,0.206844389,0.984443665,0.0821964964,0.318979025,0.206844389,0.984443665,0.0821964964,0.318979025,0.206844389,0.984443665,0.0821964964,0.318979025,0.206844389,0.984443665,0.0821964964,0.318979025,0.206844389,0.984443665,0.0821964964,0.318979025,0.206844389,0.984443665,0.0821964964,0.318979025,0.206844389,0.984443665,0.0821964964,0.318979025,0.206844389,1.0,1.0,1.0,0.0,0.0,0.0,0.0,1.0,1.0,1.0,1.0,0.158023,1.789393247280934e+18,0.0,3.0,1.0,1.7893932473270482e+18,1.0,0.0,0.0,0.0,10.0,0.0,0.0,0.0,1.0,0.0,0.0,0.0,1.0,0.0,1.0,1.780737510018285e+19,1.363203185561936e+19,0.0,0.0,0.0,0.0,0.0,0.0,0.0,0.0,0.0,1.0,127.0,0.0,1789393247.4389575
3733.0,1.789393247448955e+18,46146501495068.0,1.871391416,1.0,0.0,1.0,0.2898550928,1.0,1.0,0.0,0.0,1.0,1.789393247280934e+18,0.1680202484,0.5,1.0,0.0,1.369836926,0.9844436646,0.08219649643,0.3189790249,0.2068443894,2.0,2.0,0.0,0.135000005,1.0,0.984443665,0.0821964964,0.318979025,0.206844389,0.984443665,0.0821964964,0.318979025,0.206844389,0.984443665,0.0821964964,0.318979025,0.206844389,0.984443665,0.0821964964,0.318979025,0.206844389,0.984443665,0.0821964964,0.318979025,0.206844389,0.984443665,0.0821964964,0.318979025,0.206844389,0.984443665,0.0821964964,0.318979025,0.206844389,0.984443665,0.0821964964,0.318979025,0.206844389,0.984443665,0.0821964964,0.318979025,0.206844389,0.984443665,0.0821964964,0.318979025,0.206844389,0.984443665,0.0821964964,0.318979025,0.206844389,0.984443665,0.0821964964,0.318979025,0.206844389,0.984443665,0.0821964964,0.318979025,0.206844389,0.984443665,0.0821964964,0.318979025,0.206844389,0.984443665,0.0821964964,0.318979025,0.206844389,0.984443665,0.0821964964,0.318979025,0.206844389,0.984443665,0.0821964964,0.318979025,0.206844389,0.984443665,0.0821964964,0.318979025,0.206844389,0.984443665,0.0821964964,0.318979025,0.206844389,0.984443665,0.0821964964,0.318979025,0.206844389,1.0,1.0,1.0,0.0,0.0,0.0,0.0,1.0,1.0,1.0,1.0,0.16802,1.789393247280934e+18,0.0,3.0,1.0,1.7893932473270482e+18,1.0,0.0,0.0,0.0,10.0,0.0,0.0,0.0,1.0,0.0,0.0,0.0,1.0,0.0,1.0,1.780737510018285e+19,1.363203185561936e+19,0.0,0.0,0.0,0.0,0.0,0.0,0.0,0.0,0.0,1.0,127.0,0.0,1789393247.4489548
3734.0,1.7893932474589094e+18,46146511449697.0,1.867321014,1.0,0.0,1.0,0.2898550928,1.0,1.0,0.0,0.0,1.0,1.789393247280934e+18,0.1779748797,0.5,1.0,0.0,1.369836926,0.9844436646,0.08219649643,0.3189790249,0.2068443894,2.0,2.0,0.0,0.140000001,1.0,0.984443665,0.0821964964,0.318979025,0.206844389,0.984443665,0.0821964964,0.318979025,0.206844389,0.984443665,0.0821964964,0.318979025,0.206844389,0.984443665,0.0821964964,0.318979025,0.206844389,0.984443665,0.0821964964,0.318979025,0.206844389,0.984443665,0.0821964964,0.318979025,0.206844389,0.984443665,0.0821964964,0.318979025,0.206844389,0.984443665,0.0821964964,0.318979025,0.206844389,0.984443665,0.0821964964,0.318979025,0.206844389,0.984443665,0.0821964964,0.318979025,0.206844389,0.984443665,0.0821964964,0.318979025,0.206844389,0.984443665,0.0821964964,0.318979025,0.206844389,0.984443665,0.0821964964,0.318979025,0.206844389,0.984443665,0.0821964964,0.318979025,0.206844389,0.984443665,0.0821964964,0.318979025,0.206844389,0.984443665,0.0821964964,0.318979025,0.206844389,0.984443665,0.0821964964,0.318979025,0.206844389,0.984443665,0.0821964964,0.318979025,0.206844389,0.984443665,0.0821964964,0.318979025,0.206844389,0.984443665,0.0821964964,0.318979025,0.206844389,1.0,1.0,1.0,0.0,0.0,0.0,0.0,1.0,1.0,1.0,1.0,0.177975,1.789393247280934e+18,0.0,3.0,1.0,1.7893932473270482e+18,1.0,0.0,0.0,0.0,10.0,0.0,0.0,0.0,1.0,0.0,0.0,0.0,1.0,0.0,1.0,1.780737510018285e+19,1.363203185561936e+19,0.0,0.0,0.0,0.0,0.0,0.0,0.0,0.0,0.0,1.0,127.0,0.0,1789393247.4589095
3735.0,1.7893932474689055e+18,46146521445696.0,1.862697959,1.0,0.0,1.0,0.2898550928,1.0,1.0,0.0,0.0,1.0,1.789393247280934e+18,0.1879708171,0.5,1.0,0.0,1.369836926,0.9844436646,0.08219649643,0.3189790249,0.2068443894,2.0,2.0,0.0,0.144999996,1.0,0.984443665,0.0821964964,0.318979025,0.206844389,0.984443665,0.0821964964,0.318979025,0.206844389,0.984443665,0.0821964964,0.318979025,0.206844389,0.984443665,0.0821964964,0.318979025,0.206844389,0.984443665,0.0821964964,0.318979025,0.206844389,0.984443665,0.0821964964,0.318979025,0.206844389,0.984443665,0.0821964964,0.318979025,0.206844389,0.984443665,0.0821964964,0.318979025,0.206844389,0.984443665,0.0821964964,0.318979025,0.206844389,0.984443665,0.0821964964,0.318979025,0.206844389,0.984443665,0.0821964964,0.318979025,0.206844389,0.984443665,0.0821964964,0.318979025,0.206844389,0.984443665,0.0821964964,0.318979025,0.206844389,0.984443665,0.0821964964,0.318979025,0.206844389,0.984443665,0.0821964964,0.318979025,0.206844389,0.984443665,0.0821964964,0.318979025,0.206844389,0.984443665,0.0821964964,0.318979025,0.206844389,0.984443665,0.0821964964,0.318979025,0.206844389,0.984443665,0.0821964964,0.318979025,0.206844389,0.984443665,0.0821964964,0.318979025,0.206844389,1.0,1.0,1.0,0.0,0.0,0.0,0.0,1.0,1.0,1.0,1.0,0.187971,1.789393247280934e+18,0.0,3.0,1.0,1.7893932473270482e+18,1.0,0.0,0.0,0.0,10.0,0.0,0.0,0.0,1.0,0.0,0.0,0.0,1.0,0.0,1.0,1.780737510018285e+19,1.363203185561936e+19,0.0,0.0,0.0,0.0,0.0,0.0,0.0,0.0,0.0,1.0,127.0,0.0,1789393247.4689054
3736.0,1.7893932474789115e+18,46146531451752.0,1.85583818,1.0,0.0,1.0,0.2898550928,1.0,1.0,0.0,0.0,1.0,1.789393247280934e+18,0.1979767084,0.5,1.0,0.0,1.369836926,0.9844436646,0.08219649643,0.3189790249,0.2068443894,2.0,2.0,0.0,0.149999991,1.0,0.984443665,0.0821964964,0.318979025,0.206844389,0.984443665,0.0821964964,0.318979025,0.206844389,0.984443665,0.0821964964,0.318979025,0.206844389,0.984443665,0.0821964964,0.318979025,0.206844389,0.984443665,0.0821964964,0.318979025,0.206844389,0.984443665,0.0821964964,0.318979025,0.206844389,0.984443665,0.0821964964,0.318979025,0.206844389,0.984443665,0.0821964964,0.318979025,0.206844389,0.984443665,0.0821964964,0.318979025,0.206844389,0.984443665,0.0821964964,0.318979025,0.206844389,0.984443665,0.0821964964,0.318979025,0.206844389,0.984443665,0.0821964964,0.318979025,0.206844389,0.984443665,0.0821964964,0.318979025,0.206844389,0.984443665,0.0821964964,0.318979025,0.206844389,0.984443665,0.0821964964,0.318979025,0.206844389,0.984443665,0.0821964964,0.318979025,0.206844389,0.984443665,0.0821964964,0.318979025,0.206844389,0.984443665,0.0821964964,0.318979025,0.206844389,0.984443665,0.0821964964,0.318979025,0.206844389,0.984443665,0.0821964964,0.318979025,0.206844389,1.0,1.0,1.0,0.0,0.0,0.0,0.0,1.0,1.0,1.0,1.0,0.197977,1.789393247280934e+18,0.0,3.0,1.0,1.7893932473270482e+18,1.0,0.0,0.0,0.0,10.0,0.0,0.0,0.0,1.0,0.0,0.0,0.0,1.0,0.0,1.0,1.780737510018285e+19,1.363203185561936e+19,0.0,0.0,0.0,0.0,0.0,0.0,0.0,0.0,0.0,1.0,127.0,0.0,1789393247.4789114
3737.0,1.7893932474889313e+18,46146541471552.0,1.850980759,1.0,0.0,1.0,0.2898550928,1.0,1.0,1.0,0.0,1.0,1.789393247380176e+18,0.1087547541,0.5,1.0,0.0,1.303757191,0.9900173545,0.04093809426,0.3464643061,0.1327792555,2.0,2.0,0.0,0.154999986,1.0,0.990017354,0.0409380943,0.346464306,0.132779256,0.990017354,0.0409380943,0.346464306,0.132779256,0.990017354,0.0409380943,0.346464306,0.132779256,0.990017354,0.0409380943,0.346464306,0.132779256,0.990017354,0.0409380943,0.346464306,0.132779256,0.990017354,0.0409380943,0.346464306,0.132779256,0.990017354,0.0409380943,0.346464306,0.132779256,0.990017354,0.0409380943,0.346464306,0.132779256,0.990017354,0.0409380943,0.346464306,0.132779256,0.990017354,0.0409380943,0.346464306,0.132779256,0.990017354,0.0409380943,0.346464306,0.132779256,0.990017354,0.0409380943,0.346464306,0.132779256,0.990017354,0.0409380943,0.346464306,0.132779256,0.990017354,0.0409380943,0.346464306,0.132779256,0.990017354,0.0409380943,0.346464306,0.132779256,0.990017354,0.0409380943,0.346464306,0.132779256,0.990017354,0.0409380943,0.346464306,0.132779256,0.990017354,0.0409380943,0.346464306,0.132779256,0.990017354,0.0409380943,0.346464306,0.132779256,0.990017354,0.0409380943,0.346464306,0.132779256,1.0,1.0,1.0,0.0,0.0,0.0,0.0,1.0,1.0,1.0,1.0,0.108755,1.789393247380176e+18,0.0,3.0,1.0,1.7893932473270482e+18,1.0,0.0,0.0,0.0,10.0,0.0,0.0,0.0,1.0,0.0,0.0,0.0,1.0,0.0,1.0,1.780737510018285e+19,1.363203185561936e+19,0.0,0.0,0.0,0.0,0.0,0.0,0.0,0.0,0.0,1.0,127.0,0.0,1789393247.4889314
3738.0,1.7893932474989225e+18,46146551462550.0,1.846059322,1.0,0.0,1.0,0.2898550928,1.0,1.0,0.0,0.0,1.0,1.789393247380176e+18,0.1187459156,0.5,1.0,0.0,1.303757191,0.9900173545,0.04093809426,0.3464643061,0.1327792555,2.0,2.0,0.0,0.159999982,1.0,0.990017354,0.0409380943,0.346464306,0.132779256,0.990017354,0.0409380943,0.346464306,0.132779256,0.990017354,0.0409380943,0.346464306,0.132779256,0.990017354,0.0409380943,0.346464306,0.132779256,0.990017354,0.0409380943,0.346464306,0.132779256,0.990017354,0.0409380943,0.346464306,0.132779256,0.990017354,0.0409380943,0.346464306,0.132779256,0.990017354,0.0409380943,0.346464306,0.132779256,0.990017354,0.0409380943,0.346464306,0.132779256,0.990017354,0.0409380943,0.346464306,0.132779256,0.990017354,0.0409380943,0.346464306,0.132779256,0.990017354,0.0409380943,0.346464306,0.132779256,0.990017354,0.0409380943,0.346464306,0.132779256,0.990017354,0.0409380943,0.346464306,0.132779256,0.990017354,0.0409380943,0.346464306,0.132779256,0.990017354,0.0409380943,0.346464306,0.132779256,0.990017354,0.0409380943,0.346464306,0.132779256,0.990017354,0.0409380943,0.346464306,0.132779256,0.990017354,0.0409380943,0.346464306,0.132779256,0.990017354,0.0409380943,0.346464306,0.132779256,1.0,1.0,1.0,0.0,0.0,0.0,0.0,1.0,1.0,1.0,1.0,0.118746,1.789393247380176e+18,0.0,3.0,1.0,1.7893932473270482e+18,1.0,0.0,0.0,0.0,10.0,0.0,0.0,0.0,1.0,0.0,0.0,0.0,1.0,0.0,1.0,1.780737510018285e+19,1.363203185561936e+19,0.0,0.0,0.0,0.0,0.0,0.0,0.0,0.0,0.0,1.0,127.0,0.0,1789393247.4989226
3739.0,1.7893932475089295e+18,46146561469706.0,1.840775371,1.0,0.0,1.0,0.2898550928,1.0,1.0,0.0,0.0,1.0,1.789393247380176e+18,0.1287529469,0.5,1.0,0.0,1.303757191,0.9900173545,0.04093809426,0.3464643061,0.1327792555,2.0,2.0,0.0,0.164999977,1.0,0.990017354,0.0409380943,0.346464306,0.132779256,0.990017354,0.0409380943,0.346464306,0.132779256,0.990017354,0.0409380943,0.346464306,0.132779256,0.990017354,0.0409380943,0.346464306,0.132779256,0.990017354,0.0409380943,0.346464306,0.132779256,0.990017354,0.0409380943,0.346464306,0.132779256,0.990017354,0.0409380943,0.346464306,0.132779256,0.990017354,0.0409380943,0.346464306,0.132779256,0.990017354,0.0409380943,0.346464306,0.132779256,0.990017354,0.0409380943,0.346464306,0.132779256,0.990017354,0.0409380943,0.346464306,0.132779256,0.990017354,0.0409380943,0.346464306,0.132779256,0.990017354,0.0409380943,0.346464306,0.132779256,0.990017354,0.0409380943,0.346464306,0.132779256,0.990017354,0.0409380943,0.346464306,0.132779256,0.990017354,0.0409380943,0.346464306,0.132779256,0.990017354,0.0409380943,0.346464306,0.132779256,0.990017354,0.0409380943,0.346464306,0.132779256,0.990017354,0.0409380943,0.346464306,0.132779256,0.990017354,0.0409380943,0.346464306,0.132779256,1.0,1.0,1.0,0.0,0.0,0.0,0.0,1.0,1.0,1.0,1.0,0.128753,1.789393247380176e+18,0.0,3.0,1.0,1.7893932473270482e+18,1.0,0.0,0.0,0.0,10.0,0.0,0.0,0.0,1.0,0.0,0.0,0.0,1.0,0.0,1.0,1.780737510018285e+19,1.363203185561936e+19,0.0,0.0,0.0,0.0,0.0,0.0,0.0,0.0,0.0,1.0,127.0,0.0,1789393247.5089295
3740.0,1.789393247518935e+18,46146571475374.0,1.834691286,1.0,0.0,1.0,0.2898550928,1.0,1.0,0.0,0.0,1.0,1.789393247380176e+18,0.1387587488,0.5,1.0,0.0,1.303757191,0.9900173545,0.04093809426,0.3464643061,0.1327792555,2.0,2.0,0.0,0.169999972,1.0,0.990017354,0.0409380943,0.346464306,0.132779256,0.990017354,0.0409380943,0.346464306,0.132779256,0.990017354,0.0409380943,0.346464306,0.132779256,0.990017354,0.0409380943,0.346464306,0.132779256,0.990017354,0.0409380943,0.346464306,0.132779256,0.990017354,0.0409380943,0.346464306,0.132779256,0.990017354,0.0409380943,0.346464306,0.132779256,0.990017354,0.0409380943,0.346464306,0.132779256,0.990017354,0.0409380943,0.346464306,0.132779256,0.990017354,0.0409380943,0.346464306,0.132779256,0.990017354,0.0409380943,0.346464306,0.132779256,0.990017354,0.0409380943,0.346464306,0.132779256,0.990017354,0.0409380943,0.346464306,0.132779256,0.990017354,0.0409380943,0.346464306,0.132779256,0.990017354,0.0409380943,0.346464306,0.132779256,0.990017354,0.0409380943,0.346464306,0.132779256,0.990017354,0.0409380943,0.346464306,0.132779256,0.990017354,0.0409380943,0.346464306,0.132779256,0.990017354,0.0409380943,0.346464306,0.132779256,0.990017354,0.0409380943,0.346464306,0.132779256,1.0,1.0,1.0,0.0,0.0,0.0,0.0,1.0,1.0,1.0,1.0,0.138759,1.789393247380176e+18,0.0,3.0,1.0,1.7893932473270482e+18,1.0,0.0,0.0,0.0,10.0,0.0,0.0,0.0,1.0,0.0,0.0,0.0,1.0,0.0,1.0,1.780737510018285e+19,1.363203185561936e+19,0.0,0.0,0.0,0.0,0.0,0.0,0.0,0.0,0.0,1.0,127.0,0.0,1789393247.518935
3741.0,1.7893932475289603e+18,46146581500594.0,1.828029275,1.0,0.0,1.0,0.1884058118,1.0,1.0,0.0,0.0,1.0,1.789393247380176e+18,0.1487837583,0.5,1.0,0.0,1.303757191,0.9900173545,0.04093809426,0.3464643061,0.1327792555,2.0,2.0,0.0,0.174999967,1.0,0.990017354,0.0409380943,0.346464306,0.132779256,0.990017354,0.0409380943,0.346464306,0.132779256,0.990017354,0.0409380943,0.346464306,0.132779256,0.990017354,0.0409380943,0.346464306,0.132779256,0.990017354,0.0409380943,0.346464306,0.132779256,0.990017354,0.0409380943,0.346464306,0.132779256,0.990017354,0.0409380943,0.346464306,0.132779256,0.990017354,0.0409380943,0.346464306,0.132779256,0.990017354,0.0409380943,0.346464306,0.132779256,0.990017354,0.0409380943,0.346464306,0.132779256,0.990017354,0.0409380943,0.346464306,0.132779256,0.990017354,0.0409380943,0.346464306,0.132779256,0.990017354,0.0409380943,0.346464306,0.132779256,0.990017354,0.0409380943,0.346464306,0.132779256,0.990017354,0.0409380943,0.346464306,0.132779256,0.990017354,0.0409380943,0.346464306,0.132779256,0.990017354,0.0409380943,0.346464306,0.132779256,0.990017354,0.0409380943,0.346464306,0.132779256,0.990017354,0.0409380943,0.346464306,0.132779256,0.990017354,0.0409380943,0.346464306,0.132779256,1.0,1.0,1.0,0.0,0.0,0.0,0.0,1.0,1.0,1.0,1.0,0.148784,1.789393247380176e+18,0.0,3.0,1.0,1.7893932473270482e+18,1.0,0.0,0.0,0.0,10.0,0.0,0.0,0.0,1.0,0.0,0.0,0.0,1.0,0.0,1.0,1.780737510018285e+19,1.363203185561936e+19,0.0,0.0,0.0,0.0,0.0,0.0,0.0,0.0,0.0,1.0,127.0,0.0,1789393247.5289602
3742.0,1.7893932475389542e+18,46146591494510.0,1.821943879,1.0,0.0,1.0,0.1884058118,1.0,1.0,0.0,0.0,1.0,1.789393247380176e+18,0.1587778926,0.5,1.0,0.0,1.303757191,0.9900173545,0.04093809426,0.3464643061,0.1327792555,2.0,2.0,0.0,0.179999962,1.0,0.990017354,0.0409380943,0.346464306,0.132779256,0.990017354,0.0409380943,0.346464306,0.132779256,0.990017354,0.0409380943,0.346464306,0.132779256,0.990017354,0.0409380943,0.346464306,0.132779256,0.990017354,0.0409380943,0.346464306,0.132779256,0.990017354,0.0409380943,0.346464306,0.132779256,0.990017354,0.0409380943,0.346464306,0.132779256,0.990017354,0.0409380943,0.346464306,0.132779256,0.990017354,0.0409380943,0.346464306,0.132779256,0.990017354,0.0409380943,0.346464306,0.132779256,0.990017354,0.0409380943,0.346464306,0.132779256,0.990017354,0.0409380943,0.346464306,0.132779256,0.990017354,0.0409380943,0.346464306,0.132779256,0.990017354,0.0409380943,0.346464306,0.132779256,0.990017354,0.0409380943,0.346464306,0.132779256,0.990017354,0.0409380943,0.346464306,0.132779256,0.990017354,0.0409380943,0.346464306,0.132779256,0.990017354,0.0409380943,0.346464306,0.132779256,0.990017354,0.0409380943,0.346464306,0.132779256,0.990017354,0.0409380943,0.346464306,0.132779256,1.0,1.0,1.0,0.0,0.0,0.0,0.0,1.0,1.0,1.0,1.0,0.158778,1.789393247380176e+18,0.0,3.0,1.0,1.7893932473270482e+18,1.0,0.0,0.0,0.0,10.0,0.0,0.0,0.0,1.0,0.0,0.0,0.0,1.0,0.0,1.0,1.780737510018285e+19,1.363203185561936e+19,0.0,0.0,0.0,0.0,0.0,0.0,0.0,0.0,0.0,1.0,127.0,0.0,1789393247.5389543
3743.0,1.7893932475489326e+18,46146601472790.0,1.814947128,1.0,0.0,1.0,0.1884058118,1.0,1.0,0.0,0.0,1.0,1.789393247380176e+18,0.1687559187,0.5,1.0,0.0,1.303757191,0.9900173545,0.04093809426,0.3464643061,0.1327792555,2.0,2.0,0.0,0.184999958,1.0,0.990017354,0.0409380943,0.346464306,0.132779256,0.990017354,0.0409380943,0.346464306,0.132779256,0.990017354,0.0409380943,0.346464306,0.132779256,0.990017354,0.0409380943,0.346464306,0.132779256,0.990017354,0.0409380943,0.346464306,0.132779256,0.990017354,0.0409380943,0.346464306,0.132779256,0.990017354,0.0409380943,0.346464306,0.132779256,0.990017354,0.0409380943,0.346464306,0.132779256,0.990017354,0.0409380943,0.346464306,0.132779256,0.990017354,0.0409380943,0.346464306,0.132779256,0.990017354,0.0409380943,0.346464306,0.132779256,0.990017354,0.0409380943,0.346464306,0.132779256,0.990017354,0.0409380943,0.346464306,0.132779256,0.990017354,0.0409380943,0.346464306,0.132779256,0.990017354,0.0409380943,0.346464306,0.132779256,0.990017354,0.0409380943,0.346464306,0.132779256,0.990017354,0.0409380943,0.346464306,0.132779256,0.990017354,0.0409380943,0.346464306,0.132779256,0.990017354,0.0409380943,0.346464306,0.132779256,0.990017354,0.0409380943,0.346464306,0.132779256,1.0,1.0,1.0,0.0,0.0,0.0,0.0,1.0,1.0,1.0,1.0,0.168756,1.789393247380176e+18,0.0,3.0,1.0,1.7893932474542938e+18,1.0,0.0,0.0,0.0,10.0,0.0,0.0,0.0,1.0,0.0,0.0,0.0,1.0,0.0,1.0,1.780737510018285e+19,1.363203185561936e+19,0.0,0.0,0.0,0.0,0.0,0.0,0.0,0.0,0.0,1.0,127.0,0.0,1789393247.5489326
3744.0,1.7893932475589391e+18,46146611479375.0,1.808888435,1.0,0.0,1.0,0.1884058118,1.0,1.0,0.0,0.0,1.0,1.789393247380176e+18,0.1787625104,0.5,1.0,0.0,1.303757191,0.9900173545,0.04093809426,0.3464643061,0.1327792555,2.0,2.0,0.0,0.189999953,1.0,0.990017354,0.0409380943,0.346464306,0.132779256,0.990017354,0.0409380943,0.346464306,0.132779256,0.990017354,0.0409380943,0.346464306,0.132779256,0.990017354,0.0409380943,0.346464306,0.132779256,0.990017354,0.0409380943,0.346464306,0.132779256,0.990017354,0.0409380943,0.346464306,0.132779256,0.990017354,0.0409380943,0.346464306,0.132779256,0.990017354,0.0409380943,0.346464306,0.132779256,0.990017354,0.0409380943,0.346464306,0.132779256,0.990017354,0.0409380943,0.346464306,0.132779256,0.990017354,0.0409380943,0.346464306,0.132779256,0.990017354,0.0409380943,0.346464306,0.132779256,0.990017354,0.0409380943,0.346464306,0.132779256,0.990017354,0.0409380943,0.346464306,0.132779256,0.990017354,0.0409380943,0.346464306,0.132779256,0.990017354,0.0409380943,0.346464306,0.132779256,0.990017354,0.0409380943,0.346464306,0.132779256,0.990017354,0.0409380943,0.346464306,0.132779256,0.990017354,0.0409380943,0.346464306,0.132779256,0.990017354,0.0409380943,0.346464306,0.132779256,1.0,1.0,1.0,0.0,0.0,0.0,0.0,1.0,1.0,1.0,1.0,0.178763,1.789393247380176e+18,0.0,3.0,1.0,1.7893932474542938e+18,1.0,0.0,0.0,0.0,10.0,0.0,0.0,0.0,1.0,0.0,0.0,0.0,1.0,0.0,1.0,1.780737510018285e+19,1.363203185561936e+19,0.0,0.0,0.0,0.0,0.0,0.0,0.0,0.0,0.0,1.0,127.0,0.0,1789393247.5589392
3745.0,1.789393247568957e+18,46146621497141.0,1.802053332,1.0,0.0,1.0,0.1884058118,1.0,1.0,0.0,0.0,1.0,1.789393247380176e+18,0.1887801886,0.5,1.0,0.0,1.303757191,0.9900173545,0.04093809426,0.3464643061,0.1327792555,2.0,2.0,0.0,0.194999948,1.0,0.990017354,0.0409380943,0.346464306,0.132779256,0.990017354,0.0409380943,0.346464306,0.132779256,0.990017354,0.0409380943,0.346464306,0.132779256,0.990017354,0.0409380943,0.346464306,0.132779256,0.990017354,0.0409380943,0.346464306,0.132779256,0.990017354,0.0409380943,0.346464306,0.132779256,0.990017354,0.0409380943,0.346464306,0.132779256,0.990017354,0.0409380943,0.346464306,0.132779256,0.990017354,0.0409380943,0.346464306,0.132779256,0.990017354,0.0409380943,0.346464306,0.132779256,0.990017354,0.0409380943,0.346464306,0.132779256,0.990017354,0.0409380943,0.346464306,0.132779256,0.990017354,0.0409380943,0.346464306,0.132779256,0.990017354,0.0409380943,0.346464306,0.132779256,0.990017354,0.0409380943,0.346464306,0.132779256,0.990017354,0.0409380943,0.346464306,0.132779256,0.990017354,0.0409380943,0.346464306,0.132779256,0.990017354,0.0409380943,0.346464306,0.132779256,0.990017354,0.0409380943,0.346464306,0.132779256,0.990017354,0.0409380943,0.346464306,0.132779256,1.0,1.0,1.0,0.0,0.0,0.0,0.0,1.0,1.0,1.0,1.0,0.18878,1.789393247380176e+18,0.0,3.0,1.0,1.7893932474542938e+18,1.0,0.0,0.0,0.0,10.0,0.0,0.0,0.0,1.0,0.0,0.0,0.0,1.0,0.0,1.0,1.780737510018285e+19,1.363203185561936e+19,0.0,0.0,0.0,0.0,0.0,0.0,0.0,0.0,0.0,1.0,127.0,0.0,1789393247.5689569
3746.0,1.7893932475789512e+18,46146631491381.0,1.794429302,1.0,0.0,1.0,0.1884058118,1.0,1.0,0.0,0.0,1.0,1.789393247380176e+18,0.198774755,0.5,1.0,0.0,1.303757191,0.9900173545,0.04093809426,0.3464643061,0.1327792555,2.0,2.0,0.0,0.199999943,1.0,0.990017354,0.0409380943,0.346464306,0.132779256,0.990017354,0.0409380943,0.346464306,0.132779256,0.990017354,0.0409380943,0.346464306,0.132779256,0.990017354,0.0409380943,0.346464306,0.132779256,0.990017354,0.0409380943,0.346464306,0.132779256,0.990017354,0.0409380943,0.346464306,0.132779256,0.990017354,0.0409380943,0.346464306,0.132779256,0.990017354,0.0409380943,0.346464306,0.132779256,0.990017354,0.0409380943,0.346464306,0.132779256,0.990017354,0.0409380943,0.346464306,0.132779256,0.990017354,0.0409380943,0.346464306,0.132779256,0.990017354,0.0409380943,0.346464306,0.132779256,0.990017354,0.0409380943,0.346464306,0.132779256,0.990017354,0.0409380943,0.346464306,0.132779256,0.990017354,0.0409380943,0.346464306,0.132779256,0.990017354,0.0409380943,0.346464306,0.132779256,0.990017354,0.0409380943,0.346464306,0.132779256,0.990017354,0.0409380943,0.346464306,0.132779256,0.990017354,0.0409380943,0.346464306,0.132779256,0.990017354,0.0409380943,0.346464306,0.132779256,1.0,1.0,1.0,0.0,0.0,0.0,0.0,1.0,1.0,1.0,1.0,0.198775,1.789393247380176e+18,0.0,3.0,1.0,1.7893932474542938e+18,1.0,0.0,0.0,0.0,10.0,0.0,0.0,0.0,1.0,0.0,0.0,0.0,1.0,0.0,1.0,1.780737510018285e+19,1.363203185561936e+19,0.0,0.0,0.0,0.0,0.0,0.0,0.0,0.0,0.0,1.0,127.0,0.0,1789393247.5789511
3747.0,1.789393247588933e+18,46146641473465.0,1.787316918,1.0,0.0,1.0,0.1884058118,1.0,1.0,1.0,0.0,1.0,1.789393247478929e+18,0.1100034937,0.5,1.0,0.0,1.245182872,1.002260566,0.03517867625,0.3772516549,0.04112404585,2.0,2.0,0.0,0.204999939,1.0,1.00226057,0.0351786762,0.377251655,0.0411240458,1.00226057,0.0351786762,0.377251655,0.0411240458,1.00226057,0.0351786762,0.377251655,0.0411240458,1.00226057,0.0351786762,0.377251655,0.0411240458,1.00226057,0.0351786762,0.377251655,0.0411240458,1.00226057,0.0351786762,0.377251655,0.0411240458,1.00226057,0.0351786762,0.377251655,0.0411240458,1.00226057,0.0351786762,0.377251655,0.0411240458,1.00226057,0.0351786762,0.377251655,0.0411240458,1.00226057,0.0351786762,0.377251655,0.0411240458,1.00226057,0.0351786762,0.377251655,0.0411240458,1.00226057,0.0351786762,0.377251655,0.0411240458,1.00226057,0.0351786762,0.377251655,0.0411240458,1.00226057,0.0351786762,0.377251655,0.0411240458,1.00226057,0.0351786762,0.377251655,0.0411240458,1.00226057,0.0351786762,0.377251655,0.0411240458,1.00226057,0.0351786762,0.377251655,0.0411240458,1.00226057,0.0351786762,0.377251655,0.0411240458,1.00226057,0.0351786762,0.377251655,0.0411240458,1.00226057,0.0351786762,0.377251655,0.0411240458,1.0,1.0,1.0,0.0,0.0,0.0,0.0,1.0,1.0,1.0,1.0,0.110003,1.789393247478929e+18,0.0,3.0,1.0,1.7893932474542938e+18,1.0,0.0,0.0,0.0,10.0,0.0,0.0,0.0,1.0,0.0,0.0,0.0,1.0,0.0,1.0,1.780737510018285e+19,1.363203185561936e+19,0.0,0.0,0.0,0.0,0.0,0.0,0.0,0.0,0.0,1.0,127.0,0.0,1789393247.5889332
3748.0,1.78939324759891e+18,46146651450148.0,1.780315399,1.0,0.0,1.0,0.1884058118,1.0,1.0,0.0,0.0,1.0,1.789393247478929e+18,0.1199802905,0.5,1.0,0.0,1.245182872,1.002260566,0.03517867625,0.3772516549,0.04112404585,2.0,2.0,0.0,0.209999934,1.0,1.00226057,0.0351786762,0.377251655,0.0411240458,1.00226057,0.0351786762,0.377251655,0.0411240458,1.00226057,0.0351786762,0.377251655,0.0411240458,1.00226057,0.0351786762,0.377251655,0.0411240458,1.00226057,0.0351786762,0.377251655,0.0411240458,1.00226057,0.0351786762,0.377251655,0.0411240458,1.00226057,0.0351786762,0.377251655,0.0411240458,1.00226057,0.0351786762,0.377251655,0.0411240458,1.00226057,0.0351786762,0.377251655,0.0411240458,1.00226057,0.0351786762,0.377251655,0.0411240458,1.00226057,0.0351786762,0.377251655,0.0411240458,1.00226057,0.0351786762,0.377251655,0.0411240458,1.00226057,0.0351786762,0.377251655,0.0411240458,1.00226057,0.0351786762,0.377251655,0.0411240458,1.00226057,0.0351786762,0.377251655,0.0411240458,1.00226057,0.0351786762,0.377251655,0.0411240458,1.00226057,0.0351786762,0.377251655,0.0411240458,1.00226057,0.0351786762,0.377251655,0.0411240458,1.00226057,0.0351786762,0.377251655,0.0411240458,1.00226057,0.0351786762,0.377251655,0.0411240458,1.0,1.0,1.0,0.0,0.0,0.0,0.0,1.0,1.0,1.0,1.0,0.11998,1.789393247478929e+18,0.0,3.0,1.0,1.7893932474542938e+18,1.0,0.0,0.0,0.0,10.0,0.0,0.0,0.0,1.0,0.0,0.0,0.0,1.0,0.0,1.0,1.780737510018285e+19,1.363203185561936e+19,0.0,0.0,0.0,0.0,0.0,0.0,0.0,0.0,0.0,1.0,127.0,0.0,1789393247.5989099
3749.0,1.7893932476089587e+18,46146661498956.0,1.772646904,1.0,0.0,1.0,0.1884058118,1.0,1.0,0.0,0.0,1.0,1.789393247478929e+18,0.1300289184,0.5,1.0,0.0,1.245182872,1.002260566,0.03517867625,0.3772516549,0.04112404585,2.0,2.0,0.0,0.214999929,1.0,1.00226057,0.0351786762,0.377251655,0.0411240458,1.00226057,0.0351786762,0.377251655,0.0411240458,1.00226057,0.0351786762,0.377251655,0.0411240458,1.00226057,0.0351786762,0.377251655,0.0411240458,1.00226057,0.0351786762,0.377251655,0.0411240458,1.00226057,0.0351786762,0.377251655,0.0411240458,1.00226057,0.0351786762,0.377251655,0.0411240458,1.00226057,0.0351786762,0.377251655,0.0411240458,1.00226057,0.0351786762,0.377251655,0.0411240458,1.00226057,0.0351786762,0.377251655,0.0411240458,1.00226057,0.0351786762,0.377251655,0.0411240458,1.00226057,0.0351786762,0.377251655,0.0411240458,1.00226057,0.0351786762,0.377251655,0.0411240458,1.00226057,0.0351786762,0.377251655,0.0411240458,1.00226057,0.0351786762,0.377251655,0.0411240458,1.00226057,0.0351786762,0.377251655,0.0411240458,1.00226057,0.0351786762,0.377251655,0.0411240458,1.00226057,0.0351786762,0.377251655,0.0411240458,1.00226057,0.0351786762,0.377251655,0.0411240458,1.00226057,0.0351786762,0.377251655,0.0411240458,1.0,1.0,1.0,0.0,0.0,0.0,0.0,1.0,1.0,1.0,1.0,0.130029,1.789393247478929e+18,0.0,3.0,1.0,1.7893932474542938e+18,1.0,0.0,0.0,0.0,10.0,0.0,0.0,0.0,1.0,0.0,0.0,0.0,1.0,0.0,1.0,1.780737510018285e+19,1.363203185561936e+19,0.0,0.0,0.0,0.0,0.0,0.0,0.0,0.0,0.0,1.0,127.0,0.0,1789393247.6089587
3750.0,1.7893932476189117e+18,46146671452008.0,1.765311241,1.0,0.0,1.0,0.1884058118,1.0,1.0,0.0,0.0,1.0,1.789393247478929e+18,0.1399820447,0.5,1.0,0.0,1.245182872,1.002260566,0.03517867625,0.3772516549,0.04112404585,2.0,2.0,0.0,0.219999924,1.0,1.00226057,0.0351786762,0.377251655,0.0411240458,1.00226057,0.0351786762,0.377251655,0.0411240458,1.00226057,0.0351786762,0.377251655,0.0411240458,1.00226057,0.0351786762,0.377251655,0.0411240458,1.00226057,0.0351786762,0.377251655,0.0411240458,1.00226057,0.0351786762,0.377251655,0.0411240458,1.00226057,0.0351786762,0.377251655,0.0411240458,1.00226057,0.0351786762,0.377251655,0.0411240458,1.00226057,0.0351786762,0.377251655,0.0411240458,1.00226057,0.0351786762,0.377251655,0.0411240458,1.00226057,0.0351786762,0.377251655,0.0411240458,1.00226057,0.0351786762,0.377251655,0.0411240458,1.00226057,0.0351786762,0.377251655,0.0411240458,1.00226057,0.0351786762,0.377251655,0.0411240458,1.00226057,0.0351786762,0.377251655,0.0411240458,1.00226057,0.0351786762,0.377251655,0.0411240458,1.00226057,0.0351786762,0.377251655,0.0411240458,1.00226057,0.0351786762,0.377251655,0.0411240458,1.00226057,0.0351786762,0.377251655,0.0411240458,1.00226057,0.0351786762,0.377251655,0.0411240458,1.0,1.0,1.0,0.0,0.0,0.0,0.0,1.0,1.0,1.0,1.0,0.139982,1.789393247478929e+18,0.0,3.0,1.0,1.7893932474542938e+18,1.0,0.0,0.0,0.0,10.0,0.0,0.0,0.0,1.0,0.0,0.0,0.0,1.0,0.0,1.0,1.780737510018285e+19,1.363203185561936e+19,0.0,0.0,0.0,0.0,0.0,0.0,0.0,0.0,0.0,1.0,127.0,0.0,1789393247.6189117
3751.0,1.7893932476289062e+18,46146681446443.0,1.757419586,1.0,0.0,1.0,0.1884058118,1.0,1.0,0.0,0.0,1.0,1.789393247478929e+18,0.1499766111,0.5,1.0,0.0,1.245182872,1.002260566,0.03517867625,0.3772516549,0.04112404585,2.0,2.0,0.0,0.22499992,1.0,1.00226057,0.0351786762,0.377251655,0.0411240458,1.00226057,0.0351786762,0.377251655,0.0411240458,1.00226057,0.0351786762,0.377251655,0.0411240458,1.00226057,0.0351786762,0.377251655,0.0411240458,1.00226057,0.0351786762,0.377251655,0.0411240458,1.00226057,0.0351786762,0.377251655,0.0411240458,1.00226057,0.0351786762,0.377251655,0.0411240458,1.00226057,0.0351786762,0.377251655,0.0411240458,1.00226057,0.0351786762,0.377251655,0.0411240458,1.00226057,0.0351786762,0.377251655,0.0411240458,1.00226057,0.0351786762,0.377251655,0.0411240458,1.00226057,0.0351786762,0.377251655,0.0411240458,1.00226057,0.0351786762,0.377251655,0.0411240458,1.00226057,0.0351786762,0.377251655,0.0411240458,1.00226057,0.0351786762,0.377251655,0.0411240458,1.00226057,0.0351786762,0.377251655,0.0411240458,1.00226057,0.0351786762,0.377251655,0.0411240458,1.00226057,0.0351786762,0.377251655,0.0411240458,1.00226057,0.0351786762,0.377251655,0.0411240458,1.00226057,0.0351786762,0.377251655,0.0411240458,1.0,1.0,1.0,0.0,0.0,0.0,0.0,1.0,1.0,1.0,1.0,0.149977,1.789393247478929e+18,0.0,3.0,1.0,1.7893932474542938e+18,1.0,0.0,0.0,0.0,10.0,0.0,0.0,0.0,1.0,0.0,0.0,0.0,1.0,0.0,1.0,1.780737510018285e+19,1.363203185561936e+19,0.0,0.0,0.0,0.0,0.0,0.0,0.0,0.0,0.0,1.0,127.0,0.0,1789393247.6289062
3752.0,1.789393247638915e+18,46146691455178.0,1.751181602,1.0,0.0,1.0,0.6710618734,1.0,1.0,0.0,0.0,1.0,1.789393247478929e+18,0.1599851996,0.5,1.0,0.0,1.245182872,1.002260566,0.03517867625,0.3772516549,0.04112404585,2.0,2.0,0.0,0.229999915,1.0,1.00226057,0.0351786762,0.377251655,0.0411240458,1.00226057,0.0351786762,0.377251655,0.0411240458,1.00226057,0.0351786762,0.377251655,0.0411240458,1.00226057,0.0351786762,0.377251655,0.0411240458,1.00226057,0.0351786762,0.377251655,0.0411240458,1.00226057,0.0351786762,0.377251655,0.0411240458,1.00226057,0.0351786762,0.377251655,0.0411240458,1.00226057,0.0351786762,0.377251655,0.0411240458,1.00226057,0.0351786762,0.377251655,0.0411240458,1.00226057,0.0351786762,0.377251655,0.0411240458,1.00226057,0.0351786762,0.377251655,0.0411240458,1.00226057,0.0351786762,0.377251655,0.0411240458,1.00226057,0.0351786762,0.377251655,0.0411240458,1.00226057,0.0351786762,0.377251655,0.0411240458,1.00226057,0.0351786762,0.377251655,0.0411240458,1.00226057,0.0351786762,0.377251655,0.0411240458,1.00226057,0.0351786762,0.377251655,0.0411240458,1.00226057,0.0351786762,0.377251655,0.0411240458,1.00226057,0.0351786762,0.377251655,0.0411240458,1.00226057,0.0351786762,0.377251655,0.0411240458,1.0,1.0,1.0,0.0,0.0,0.0,0.0,1.0,1.0,1.0,1.0,0.159985,1.789393247478929e+18,0.0,3.0,1.0,1.7893932474542938e+18,1.0,0.0,0.0,0.0,10.0,0.0,0.0,0.0,1.0,0.0,0.0,0.0,1.0,0.0,1.0,1.780737510018285e+19,1.363203185561936e+19,0.0,0.0,0.0,0.0,0.0,0.0,0.0,0.0,0.0,1.0,127.0,0.0,1789393247.638915
3753.0,1.7893932476489344e+18,46146701474740.0,1.743774414,1.0,0.0,1.0,0.6710618734,1.0,1.0,0.0,0.0,1.0,1.789393247478929e+18,0.1700047851,0.5,1.0,0.0,1.245182872,1.002260566,0.03517867625,0.3772516549,0.04112404585,2.0,2.0,0.0,0.23499991,1.0,1.00226057,0.0351786762,0.377251655,0.0411240458,1.00226057,0.0351786762,0.377251655,0.0411240458,1.00226057,0.0351786762,0.377251655,0.0411240458,1.00226057,0.0351786762,0.377251655,0.0411240458,1.00226057,0.0351786762,0.377251655,0.0411240458,1.00226057,0.0351786762,0.377251655,0.0411240458,1.00226057,0.0351786762,0.377251655,0.0411240458,1.00226057,0.0351786762,0.377251655,0.0411240458,1.00226057,0.0351786762,0.377251655,0.0411240458,1.00226057,0.0351786762,0.377251655,0.0411240458,1.00226057,0.0351786762,0.377251655,0.0411240458,1.00226057,0.0351786762,0.377251655,0.0411240458,1.00226057,0.0351786762,0.377251655,0.0411240458,1.00226057,0.0351786762,0.377251655,0.0411240458,1.00226057,0.0351786762,0.377251655,0.0411240458,1.00226057,0.0351786762,0.377251655,0.0411240458,1.00226057,0.0351786762,0.377251655,0.0411240458,1.00226057,0.0351786762,0.377251655,0.0411240458,1.00226057,0.0351786762,0.377251655,0.0411240458,1.00226057,0.0351786762,0.377251655,0.0411240458,1.0,1.0,1.0,0.0,0.0,0.0,0.0,1.0,1.0,1.0,1.0,0.170005,1.789393247478929e+18,0.0,3.0,1.0,1.7893932475882465e+18,1.0,0.0,0.0,0.0,10.0,0.0,0.0,0.0,1.0,0.0,0.0,0.0,1.0,0.0,1.0,1.780737510018285e+19,1.363203185561936e+19,0.0,0.0,0.0,0.0,0.0,0.0,0.0,0.0,0.0,1.0,127.0,0.0,1789393247.6489344
3754.0,1.789393247658939e+18,46146711479100.0,1.736988783,1.0,0.0,1.0,0.6710618734,1.0,1.0,0.0,0.0,1.0,1.789393247478929e+18,0.1800091863,0.5,1.0,0.0,1.245182872,1.002260566,0.03517867625,0.3772516549,0.04112404585,2.0,2.0,0.0,0.239999905,1.0,1.00226057,0.0351786762,0.377251655,0.0411240458,1.00226057,0.0351786762,0.377251655,0.0411240458,1.00226057,0.0351786762,0.377251655,0.0411240458,1.00226057,0.0351786762,0.377251655,0.0411240458,1.00226057,0.0351786762,0.377251655,0.0411240458,1.00226057,0.0351786762,0.377251655,0.0411240458,1.00226057,0.0351786762,0.377251655,0.0411240458,1.00226057,0.0351786762,0.377251655,0.0411240458,1.00226057,0.0351786762,0.377251655,0.0411240458,1.00226057,0.0351786762,0.377251655,0.0411240458,1.00226057,0.0351786762,0.377251655,0.0411240458,1.00226057,0.0351786762,0.377251655,0.0411240458,1.00226057,0.0351786762,0.377251655,0.0411240458,1.00226057,0.0351786762,0.377251655,0.0411240458,1.00226057,0.0351786762,0.377251655,0.0411240458,1.00226057,0.0351786762,0.377251655,0.0411240458,1.00226057,0.0351786762,0.377251655,0.0411240458,1.00226057,0.0351786762,0.377251655,0.0411240458,1.00226057,0.0351786762,0.377251655,0.0411240458,1.00226057,0.0351786762,0.377251655,0.0411240458,1.0,1.0,1.0,0.0,0.0,0.0,0.0,1.0,1.0,1.0,1.0,0.180009,1.789393247478929e+18,0.0,3.0,1.0,1.7893932475882465e+18,1.0,0.0,0.0,0.0,10.0,0.0,0.0,0.0,1.0,0.0,0.0,0.0,1.0,0.0,1.0,1.780737510018285e+19,1.363203185561936e+19,0.0,0.0,0.0,0.0,0.0,0.0,0.0,0.0,0.0,1.0,127.0,0.0,1789393247.658939
3755.0,1.7893932476689398e+18,46146721479964.0,1.729224682,1.0,0.0,1.0,0.6710618734,1.0,1.0,0.0,0.0,1.0,1.789393247478929e+18,0.1900101602,0.5,1.0,0.0,1.245182872,1.002260566,0.03517867625,0.3772516549,0.04112404585,2.0,2.0,0.0,0.2449999,1.0,1.00226057,0.0351786762,0.377251655,0.0411240458,1.00226057,0.0351786762,0.377251655,0.0411240458,1.00226057,0.0351786762,0.377251655,0.0411240458,1.00226057,0.0351786762,0.377251655,0.0411240458,1.00226057,0.0351786762,0.377251655,0.0411240458,1.00226057,0.0351786762,0.377251655,0.0411240458,1.00226057,0.0351786762,0.377251655,0.0411240458,1.00226057,0.0351786762,0.377251655,0.0411240458,1.00226057,0.0351786762,0.377251655,0.0411240458,1.00226057,0.0351786762,0.377251655,0.0411240458,1.00226057,0.0351786762,0.377251655,0.0411240458,1.00226057,0.0351786762,0.377251655,0.0411240458,1.00226057,0.0351786762,0.377251655,0.0411240458,1.00226057,0.0351786762,0.377251655,0.0411240458,1.00226057,0.0351786762,0.377251655,0.0411240458,1.00226057,0.0351786762,0.377251655,0.0411240458,1.00226057,0.0351786762,0.377251655,0.0411240458,1.00226057,0.0351786762,0.377251655,0.0411240458,1.00226057,0.0351786762,0.377251655,0.0411240458,1.00226057,0.0351786762,0.377251655,0.0411240458,1.0,1.0,1.0,0.0,0.0,0.0,0.0,1.0,1.0,1.0,1.0,0.19001,1.789393247478929e+18,0.0,3.0,1.0,1.7893932475882465e+18,1.0,0.0,0.0,0.0,10.0,0.0,0.0,0.0,1.0,0.0,0.0,0.0,1.0,0.0,1.0,1.780737510018285e+19,1.363203185561936e+19,0.0,0.0,0.0,0.0,0.0,0.0,0.0,0.0,0.0,1.0,127.0,0.0,1789393247.6689398
3756.0,1.7893932476789358e+18,46146731475960.0,1.722234368,1.0,0.0,1.0,0.6710618734,1.0,1.0,0.0,0.0,1.0,1.789393247478929e+18,0.200006038,0.5,1.0,0.0,1.245182872,1.002260566,0.03517867625,0.3772516549,0.04112404585,2.0,2.0,0.0,0.249999896,1.0,1.00226057,0.0351786762,0.377251655,0.0411240458,1.00226057,0.0351786762,0.377251655,0.0411240458,1.00226057,0.0351786762,0.377251655,0.0411240458,1.00226057,0.0351786762,0.377251655,0.0411240458,1.00226057,0.0351786762,0.377251655,0.0411240458,1.00226057,0.0351786762,0.377251655,0.0411240458,1.00226057,0.0351786762,0.377251655,0.0411240458,1.00226057,0.0351786762,0.377251655,0.0411240458,1.00226057,0.0351786762,0.377251655,0.0411240458,1.00226057,0.0351786762,0.377251655,0.0411240458,1.00226057,0.0351786762,0.377251655,0.0411240458,1.00226057,0.0351786762,0.377251655,0.0411240458,1.00226057,0.0351786762,0.377251655,0.0411240458,1.00226057,0.0351786762,0.377251655,0.0411240458,1.00226057,0.0351786762,0.377251655,0.0411240458,1.00226057,0.0351786762,0.377251655,0.0411240458,1.00226057,0.0351786762,0.377251655,0.0411240458,1.00226057,0.0351786762,0.377251655,0.0411240458,1.00226057,0.0351786762,0.377251655,0.0411240458,1.00226057,0.0351786762,0.377251655,0.0411240458,1.0,1.0,1.0,0.0,0.0,0.0,0.0,1.0,1.0,1.0,1.0,0.200006,1.789393247478929e+18,0.0,3.0,1.0,1.7893932475882465e+18,1.0,0.0,0.0,0.0,10.0,0.0,0.0,0.0,1.0,0.0,0.0,0.0,1.0,0.0,1.0,1.780737510018285e+19,1.363203185561936e+19,0.0,0.0,0.0,0.0,0.0,0.0,0.0,0.0,0.0,1.0,127.0,0.0,1789393247.6789358
3757.0,1.789393247688916e+18,46146741456319.0,1.712729931,1.0,0.0,1.0,0.6710618734,1.0,1.0,1.0,0.0,1.0,1.789393247577809e+18,0.1111067161,0.5,1.0,0.0,1.19526422,1.021120787,0.0222445894,0.3716084063,-0.05534538254,2.0,2.0,0.0,0.254999906,1.0,1.02112079,0.0222445894,0.371608406,-0.0553453825,1.02112079,0.0222445894,0.371608406,-0.0553453825,1.02112079,0.0222445894,0.371608406,-0.0553453825,1.02112079,0.0222445894,0.371608406,-0.0553453825,1.02112079,0.0222445894,0.371608406,-0.0553453825,1.02112079,0.0222445894,0.371608406,-0.0553453825,1.02112079,0.0222445894,0.371608406,-0.0553453825,1.02112079,0.0222445894,0.371608406,-0.0553453825,1.02112079,0.0222445894,0.371608406,-0.0553453825,1.02112079,0.0222445894,0.371608406,-0.0553453825,1.02112079,0.0222445894,0.371608406,-0.0553453825,1.02112079,0.0222445894,0.371608406,-0.0553453825,1.02112079,0.0222445894,0.371608406,-0.0553453825,1.02112079,0.0222445894,0.371608406,-0.0553453825,1.02112079,0.0222445894,0.371608406,-0.0553453825,1.02112079,0.0222445894,0.371608406,-0.0553453825,1.02112079,0.0222445894,0.371608406,-0.0553453825,1.02112079,0.0222445894,0.371608406,-0.0553453825,1.02112079,0.0222445894,0.371608406,-0.0553453825,1.02112079,0.0222445894,0.371608406,-0.0553453825,1.0,1.0,1.0,0.0,0.0,0.0,0.0,1.0,1.0,1.0,1.0,0.111107,1.789393247577809e+18,0.0,3.0,1.0,1.7893932475882465e+18,1.0,0.0,0.0,0.0,10.0,0.0,0.0,0.0,1.0,0.0,0.0,0.0,1.0,0.0,1.0,1.780737510018285e+19,1.363203185561936e+19,0.0,0.0,0.0,0.0,0.0,0.0,0.0,0.0,0.0,1.0,127.0,0.0,1789393247.688916
3758.0,1.789393247698901e+18,46146751441206.0,1.703270674,1.0,0.0,1.0,0.6710618734,1.0,1.0,0.0,0.0,1.0,1.789393247577809e+18,0.1210915446,0.5,1.0,0.0,1.19526422,1.021120787,0.0222445894,0.3716084063,-0.05534538254,2.0,2.0,0.0,0.259999901,1.0,1.02112079,0.0222445894,0.371608406,-0.0553453825,1.02112079,0.0222445894,0.371608406,-0.0553453825,1.02112079,0.0222445894,0.371608406,-0.0553453825,1.02112079,0.0222445894,0.371608406,-0.0553453825,1.02112079,0.0222445894,0.371608406,-0.0553453825,1.02112079,0.0222445894,0.371608406,-0.0553453825,1.02112079,0.0222445894,0.371608406,-0.0553453825,1.02112079,0.0222445894,0.371608406,-0.0553453825,1.02112079,0.0222445894,0.371608406,-0.0553453825,1.02112079,0.0222445894,0.371608406,-0.0553453825,1.02112079,0.0222445894,0.371608406,-0.0553453825,1.02112079,0.0222445894,0.371608406,-0.0553453825,1.02112079,0.0222445894,0.371608406,-0.0553453825,1.02112079,0.0222445894,0.371608406,-0.0553453825,1.02112079,0.0222445894,0.371608406,-0.0553453825,1.02112079,0.0222445894,0.371608406,-0.0553453825,1.02112079,0.0222445894,0.371608406,-0.0553453825,1.02112079,0.0222445894,0.371608406,-0.0553453825,1.02112079,0.0222445894,0.371608406,-0.0553453825,1.02112079,0.0222445894,0.371608406,-0.0553453825,1.0,1.0,1.0,0.0,0.0,0.0,0.0,1.0,1.0,1.0,1.0,0.121092,1.789393247577809e+18,0.0,3.0,1.0,1.7893932475882465e+18,1.0,0.0,0.0,0.0,10.0,0.0,0.0,0.0,1.0,0.0,0.0,0.0,1.0,0.0,1.0,1.780737510018285e+19,1.363203185561936e+19,0.0,0.0,0.0,0.0,0.0,0.0,0.0,0.0,0.0,1.0,127.0,0.0,1789393247.698901
3759.0,1.7893932477089413e+18,46146761481524.0,1.694660544,1.0,0.0,1.0,0.6710618734,1.0,1.0,0.0,0.0,1.0,1.789393247577809e+18,0.1311318576,0.5,1.0,0.0,1.19526422,1.021120787,0.0222445894,0.3716084063,-0.05534538254,2.0,2.0,0.0,0.264999896,1.0,1.02112079,0.0222445894,0.371608406,-0.0553453825,1.02112079,0.0222445894,0.371608406,-0.0553453825,1.02112079,0.0222445894,0.371608406,-0.0553453825,1.02112079,0.0222445894,0.371608406,-0.0553453825,1.02112079,0.0222445894,0.371608406,-0.0553453825,1.02112079,0.0222445894,0.371608406,-0.0553453825,1.02112079,0.0222445894,0.371608406,-0.0553453825,1.02112079,0.0222445894,0.371608406,-0.0553453825,1.02112079,0.0222445894,0.371608406,-0.0553453825,1.02112079,0.0222445894,0.371608406,-0.0553453825,1.02112079,0.0222445894,0.371608406,-0.0553453825,1.02112079,0.0222445894,0.371608406,-0.0553453825,1.02112079,0.0222445894,0.371608406,-0.0553453825,1.02112079,0.0222445894,0.371608406,-0.0553453825,1.02112079,0.0222445894,0.371608406,-0.0553453825,1.02112079,0.0222445894,0.371608406,-0.0553453825,1.02112079,0.0222445894,0.371608406,-0.0553453825,1.02112079,0.0222445894,0.371608406,-0.0553453825,1.02112079,0.0222445894,0.371608406,-0.0553453825,1.02112079,0.0222445894,0.371608406,-0.0553453825,1.0,1.0,1.0,0.0,0.0,0.0,0.0,1.0,1.0,1.0,1.0,0.131132,1.789393247577809e+18,0.0,3.0,1.0,1.7893932475882465e+18,1.0,0.0,0.0,0.0,10.0,0.0,0.0,0.0,1.0,0.0,0.0,0.0,1.0,0.0,1.0,1.780737510018285e+19,1.363203185561936e+19,0.0,0.0,0.0,0.0,0.0,0.0,0.0,0.0,0.0,1.0,127.0,0.0,1789393247.7089412
3760.0,1.7893932477189317e+18,46146771472039.0,1.686097741,1.0,0.0,1.0,0.6710618734,1.0,1.0,0.0,0.0,1.0,1.789393247577809e+18,0.141122371,0.5,1.0,0.0,1.19526422,1.021120787,0.0222445894,0.3716084063,-0.05534538254,2.0,2.0,0.0,0.269999892,1.0,1.02112079,0.0222445894,0.371608406,-0.0553453825,1.02112079,0.0222445894,0.371608406,-0.0553453825,1.02112079,0.0222445894,0.371608406,-0.0553453825,1.02112079,0.0222445894,0.371608406,-0.0553453825,1.02112079,0.0222445894,0.371608406,-0.0553453825,1.02112079,0.0222445894,0.371608406,-0.0553453825,1.02112079,0.0222445894,0.371608406,-0.0553453825,1.02112079,0.0222445894,0.371608406,-0.0553453825,1.02112079,0.0222445894,0.371608406,-0.0553453825,1.02112079,0.0222445894,0.371608406,-0.0553453825,1.02112079,0.0222445894,0.371608406,-0.0553453825,1.02112079,0.0222445894,0.371608406,-0.0553453825,1.02112079,0.0222445894,0.371608406,-0.0553453825,1.02112079,0.0222445894,0.371608406,-0.0553453825,1.02112079,0.0222445894,0.371608406,-0.0553453825,1.02112079,0.0222445894,0.371608406,-0.0553453825,1.02112079,0.0222445894,0.371608406,-0.0553453825,1.02112079,0.0222445894,0.371608406,-0.0553453825,1.02112079,0.0222445894,0.371608406,-0.0553453825,1.02112079,0.0222445894,0.371608406,-0.0553453825,1.0,1.0,1.0,0.0,0.0,0.0,0.0,1.0,1.0,1.0,1.0,0.141122,1.789393247577809e+18,0.0,3.0,1.0,1.7893932475882465e+18,1.0,0.0,0.0,0.0,10.0,0.0,0.0,0.0,1.0,0.0,0.0,0.0,1.0,0.0,1.0,1.780737510018285e+19,1.363203185561936e+19,0.0,0.0,0.0,0.0,0.0,0.0,0.0,0.0,0.0,1.0,127.0,0.0,1789393247.7189317
3761.0,1.7893932477289364e+18,46146781476684.0,1.677127361,1.0,0.0,1.0,0.6710618734,1.0,1.0,0.0,0.0,1.0,1.789393247577809e+18,0.1511269212,0.5,1.0,0.0,1.19526422,1.021120787,0.0222445894,0.3716084063,-0.05534538254,2.0,2.0,0.0,0.274999887,1.0,1.02112079,0.0222445894,0.371608406,-0.0553453825,1.02112079,0.0222445894,0.371608406,-0.0553453825,1.02112079,0.0222445894,0.371608406,-0.0553453825,1.02112079,0.0222445894,0.371608406,-0.0553453825,1.02112079,0.0222445894,0.371608406,-0.0553453825,1.02112079,0.0222445894,0.371608406,-0.0553453825,1.02112079,0.0222445894,0.371608406,-0.0553453825,1.02112079,0.0222445894,0.371608406,-0.0553453825,1.02112079,0.0222445894,0.371608406,-0.0553453825,1.02112079,0.0222445894,0.371608406,-0.0553453825,1.02112079,0.0222445894,0.371608406,-0.0553453825,1.02112079,0.0222445894,0.371608406,-0.0553453825,1.02112079,0.0222445894,0.371608406,-0.0553453825,1.02112079,0.0222445894,0.371608406,-0.0553453825,1.02112079,0.0222445894,0.371608406,-0.0553453825,1.02112079,0.0222445894,0.371608406,-0.0553453825,1.02112079,0.0222445894,0.371608406,-0.0553453825,1.02112079,0.0222445894,0.371608406,-0.0553453825,1.02112079,0.0222445894,0.371608406,-0.0553453825,1.02112079,0.0222445894,0.371608406,-0.0553453825,1.0,1.0,1.0,0.0,0.0,0.0,0.0,1.0,1.0,1.0,1.0,0.151127,1.789393247577809e+18,0.0,3.0,1.0,1.7893932475882465e+18,1.0,0.0,0.0,0.0,10.0,0.0,0.0,0.0,1.0,0.0,0.0,0.0,1.0,0.0,1.0,1.780737510018285e+19,1.363203185561936e+19,0.0,0.0,0.0,0.0,0.0,0.0,0.0,0.0,0.0,1.0,127.0,0.0,1789393247.7289364
3762.0,1.7893932477389622e+18,46146791502330.0,1.668017626,1.0,0.0,1.0,0.6807451844,1.0,1.0,0.0,0.0,1.0,1.789393247577809e+18,0.1611526757,0.5,1.0,0.0,1.19526422,1.021120787,0.0222445894,0.3716084063,-0.05534538254,2.0,2.0,0.0,0.279999882,1.0,1.02112079,0.0222445894,0.371608406,-0.0553453825,1.02112079,0.0222445894,0.371608406,-0.0553453825,1.02112079,0.0222445894,0.371608406,-0.0553453825,1.02112079,0.0222445894,0.371608406,-0.0553453825,1.02112079,0.0222445894,0.371608406,-0.0553453825,1.02112079,0.0222445894,0.371608406,-0.0553453825,1.02112079,0.0222445894,0.371608406,-0.0553453825,1.02112079,0.0222445894,0.371608406,-0.0553453825,1.02112079,0.0222445894,0.371608406,-0.0553453825,1.02112079,0.0222445894,0.371608406,-0.0553453825,1.02112079,0.0222445894,0.371608406,-0.0553453825,1.02112079,0.0222445894,0.371608406,-0.0553453825,1.02112079,0.0222445894,0.371608406,-0.0553453825,1.02112079,0.0222445894,0.371608406,-0.0553453825,1.02112079,0.0222445894,0.371608406,-0.0553453825,1.02112079,0.0222445894,0.371608406,-0.0553453825,1.02112079,0.0222445894,0.371608406,-0.0553453825,1.02112079,0.0222445894,0.371608406,-0.0553453825,1.02112079,0.0222445894,0.371608406,-0.0553453825,1.02112079,0.0222445894,0.371608406,-0.0553453825,1.0,1.0,1.0,0.0,0.0,0.0,0.0,1.0,1.0,1.0,1.0,0.161153,1.789393247577809e+18,0.0,3.0,1.0,1.7893932475882465e+18,1.0,0.0,0.0,0.0,10.0,0.0,0.0,0.0,1.0,0.0,0.0,0.0,1.0,0.0,1.0,1.780737510018285e+19,1.363203185561936e+19,0.0,0.0,0.0,0.0,0.0,0.0,0.0,0.0,0.0,1.0,127.0,0.0,1789393247.7389622
3763.0,1.7893932477489398e+18,46146801480138.0,1.658214927,1.0,0.0,1.0,0.6807451844,1.0,1.0,0.0,0.0,1.0,1.789393247577809e+18,0.1711303145,0.5,1.0,0.0,1.19526422,1.021120787,0.0222445894,0.3716084063,-0.05534538254,2.0,2.0,0.0,0.284999877,1.0,1.02112079,0.0222445894,0.371608406,-0.0553453825,1.02112079,0.0222445894,0.371608406,-0.0553453825,1.02112079,0.0222445894,0.371608406,-0.0553453825,1.02112079,0.0222445894,0.371608406,-0.0553453825,1.02112079,0.0222445894,0.371608406,-0.0553453825,1.02112079,0.0222445894,0.371608406,-0.0553453825,1.02112079,0.0222445894,0.371608406,-0.0553453825,1.02112079,0.0222445894,0.371608406,-0.0553453825,1.02112079,0.0222445894,0.371608406,-0.0553453825,1.02112079,0.0222445894,0.371608406,-0.0553453825,1.02112079,0.0222445894,0.371608406,-0.0553453825,1.02112079,0.0222445894,0.371608406,-0.0553453825,1.02112079,0.0222445894,0.371608406,-0.0553453825,1.02112079,0.0222445894,0.371608406,-0.0553453825,1.02112079,0.0222445894,0.371608406,-0.0553453825,1.02112079,0.0222445894,0.371608406,-0.0553453825,1.02112079,0.0222445894,0.371608406,-0.0553453825,1.02112079,0.0222445894,0.371608406,-0.0553453825,1.02112079,0.0222445894,0.371608406,-0.0553453825,1.02112079,0.0222445894,0.371608406,-0.0553453825,1.0,1.0,1.0,0.0,0.0,0.0,0.0,1.0,1.0,1.0,1.0,0.17113,1.789393247577809e+18,0.0,3.0,1.0,1.7893932476970286e+18,1.0,0.0,0.0,0.0,10.0,0.0,0.0,0.0,1.0,0.0,0.0,0.0,1.0,0.0,1.0,1.780737510018285e+19,1.363203185561936e+19,0.0,0.0,0.0,0.0,0.0,0.0,0.0,0.0,0.0,1.0,127.0,0.0,1789393247.7489398
3764.0,1.789393247758965e+18,46146811505368.0,1.649017811,1.0,0.0,1.0,0.6807451844,1.0,1.0,0.0,0.0,1.0,1.789393247577809e+18,0.181155622,0.5,1.0,0.0,1.19526422,1.021120787,0.0222445894,0.3716084063,-0.05534538254,2.0,2.0,0.0,0.289999872,1.0,1.02112079,0.0222445894,0.371608406,-0.0553453825,1.02112079,0.0222445894,0.371608406,-0.0553453825,1.02112079,0.0222445894,0.371608406,-0.0553453825,1.02112079,0.0222445894,0.371608406,-0.0553453825,1.02112079,0.0222445894,0.371608406,-0.0553453825,1.02112079,0.0222445894,0.371608406,-0.0553453825,1.02112079,0.0222445894,0.371608406,-0.0553453825,1.02112079,0.0222445894,0.371608406,-0.0553453825,1.02112079,0.0222445894,0.371608406,-0.0553453825,1.02112079,0.0222445894,0.371608406,-0.0553453825,1.02112079,0.0222445894,0.371608406,-0.0553453825,1.02112079,0.0222445894,0.371608406,-0.0553453825,1.02112079,0.0222445894,0.371608406,-0.0553453825,1.02112079,0.0222445894,0.371608406,-0.0553453825,1.02112079,0.0222445894,0.371608406,-0.0553453825,1.02112079,0.0222445894,0.371608406,-0.0553453825,1.02112079,0.0222445894,0.371608406,-0.0553453825,1.02112079,0.0222445894,0.371608406,-0.0553453825,1.02112079,0.0222445894,0.371608406,-0.0553453825,1.02112079,0.0222445894,0.371608406,-0.0553453825,1.0,1.0,1.0,0.0,0.0,0.0,0.0,1.0,1.0,1.0,1.0,0.181156,1.789393247577809e+18,0.0,3.0,1.0,1.7893932476970286e+18,1.0,0.0,0.0,0.0,10.0,0.0,0.0,0.0,1.0,0.0,0.0,0.0,1.0,0.0,1.0,1.780737510018285e+19,1.363203185561936e+19,0.0,0.0,0.0,0.0,0.0,0.0,0.0,0.0,0.0,1.0,127.0,0.0,1789393247.758965
3765.0,1.7893932477689564e+18,46146821496778.0,1.638895869,1.0,0.0,1.0,0.6807451844,1.0,1.0,0.0,0.0,1.0,1.789393247577809e+18,0.1911471188,0.5,1.0,0.0,1.19526422,1.021120787,0.0222445894,0.3716084063,-0.05534538254,2.0,2.0,0.0,0.294999868,1.0,1.02112079,0.0222445894,0.371608406,-0.0553453825,1.02112079,0.0222445894,0.371608406,-0.0553453825,1.02112079,0.0222445894,0.371608406,-0.0553453825,1.02112079,0.0222445894,0.371608406,-0.0553453825,1.02112079,0.0222445894,0.371608406,-0.0553453825,1.02112079,0.0222445894,0.371608406,-0.0553453825,1.02112079,0.0222445894,0.371608406,-0.0553453825,1.02112079,0.0222445894,0.371608406,-0.0553453825,1.02112079,0.0222445894,0.371608406,-0.0553453825,1.02112079,0.0222445894,0.371608406,-0.0553453825,1.02112079,0.0222445894,0.371608406,-0.0553453825,1.02112079,0.0222445894,0.371608406,-0.0553453825,1.02112079,0.0222445894,0.371608406,-0.0553453825,1.02112079,0.0222445894,0.371608406,-0.0553453825,1.02112079,0.0222445894,0.371608406,-0.0553453825,1.02112079,0.0222445894,0.371608406,-0.0553453825,1.02112079,0.0222445894,0.371608406,-0.0553453825,1.02112079,0.0222445894,0.371608406,-0.0553453825,1.02112079,0.0222445894,0.371608406,-0.0553453825,1.02112079,0.0222445894,0.371608406,-0.0553453825,1.0,1.0,1.0,0.0,0.0,0.0,0.0,1.0,1.0,1.0,1.0,0.191147,1.789393247577809e+18,0.0,3.0,1.0,1.7893932476970286e+18,1.0,0.0,0.0,0.0,10.0,0.0,0.0,0.0,1.0,0.0,0.0,0.0,1.0,0.0,1.0,1.780737510018285e+19,1.363203185561936e+19,0.0,0.0,0.0,0.0,0.0,0.0,0.0,0.0,0.0,1.0,127.0,0.0,1789393247.7689564
3766.0,1.7893932477789458e+18,46146831486175.0,1.63054502,1.0,0.0,1.0,0.6807451844,1.0,1.0,0.0,0.0,1.0,1.789393247577809e+18,0.2011364102,0.5,1.0,0.0,1.19526422,1.021120787,0.0222445894,0.3716084063,-0.05534538254,2.0,2.0,0.0,0.299999863,1.0,1.02112079,0.0222445894,0.371608406,-0.0553453825,1.02112079,0.0222445894,0.371608406,-0.0553453825,1.02112079,0.0222445894,0.371608406,-0.0553453825,1.02112079,0.0222445894,0.371608406,-0.0553453825,1.02112079,0.0222445894,0.371608406,-0.0553453825,1.02112079,0.0222445894,0.371608406,-0.0553453825,1.02112079,0.0222445894,0.371608406,-0.0553453825,1.02112079,0.0222445894,0.371608406,-0.0553453825,1.02112079,0.0222445894,0.371608406,-0.0553453825,1.02112079,0.0222445894,0.371608406,-0.0553453825,1.02112079,0.0222445894,0.371608406,-0.0553453825,1.02112079,0.0222445894,0.371608406,-0.0553453825,1.02112079,0.0222445894,0.371608406,-0.0553453825,1.02112079,0.0222445894,0.371608406,-0.0553453825,1.02112079,0.0222445894,0.371608406,-0.0553453825,1.02112079,0.0222445894,0.371608406,-0.0553453825,1.02112079,0.0222445894,0.371608406,-0.0553453825,1.02112079,0.0222445894,0.371608406,-0.0553453825,1.02112079,0.0222445894,0.371608406,-0.0553453825,1.02112079,0.0222445894,0.371608406,-0.0553453825,1.0,1.0,1.0,0.0,0.0,0.0,0.0,1.0,1.0,1.0,1.0,0.201136,1.789393247577809e+18,0.0,3.0,1.0,1.7893932476970286e+18,1.0,0.0,0.0,0.0,10.0,0.0,0.0,0.0,1.0,0.0,0.0,0.0,1.0,0.0,1.0,1.780737510018285e+19,1.363203185561936e+19,0.0,0.0,0.0,0.0,0.0,0.0,0.0,0.0,0.0,1.0,127.0,0.0,1789393247.7789457
3767.0,1.789393247788932e+18,46146841472150.0,1.620011091,1.0,0.0,1.0,0.6807451844,1.0,1.0,1.0,0.0,0.0,0.0,0.2111223787,0.5,1.0,0.0,1.170704007,0.0,0.0,0.0,0.0,2.0,2.0,1.0,0.0,1.0,1.02112079,0.0222445894,0.371608406,-0.0553453825,1.02112079,0.0222445894,0.371608406,-0.0553453825,1.02112079,0.0222445894,0.371608406,-0.0553453825,1.02112079,0.0222445894,0.371608406,-0.0553453825,1.02112079,0.0222445894,0.371608406,-0.0553453825,1.02112079,0.0222445894,0.371608406,-0.0553453825,1.02112079,0.0222445894,0.371608406,-0.0553453825,1.02112079,0.0222445894,0.371608406,-0.0553453825,1.02112079,0.0222445894,0.371608406,-0.0553453825,1.02112079,0.0222445894,0.371608406,-0.0553453825,1.02112079,0.0222445894,0.371608406,-0.0553453825,1.02112079,0.0222445894,0.371608406,-0.0553453825,1.02112079,0.0222445894,0.371608406,-0.0553453825,1.02112079,0.0222445894,0.371608406,-0.0553453825,1.02112079,0.0222445894,0.371608406,-0.0553453825,1.02112079,0.0222445894,0.371608406,-0.0553453825,1.02112079,0.0222445894,0.371608406,-0.0553453825,1.02112079,0.0222445894,0.371608406,-0.0553453825,1.02112079,0.0222445894,0.371608406,-0.0553453825,1.02112079,0.0222445894,0.371608406,-0.0553453825,1.0,1.0,1.0,0.0,0.0,0.0,0.0,4.0,0.0,0.0,0.0,0.211122,0.0,0.0,3.0,1.0,1.7893932476970286e+18,1.0,0.0,0.0,0.0,10.0,0.0,0.0,0.0,1.0,0.0,0.0,0.0,1.0,0.0,1.0,1.780737510018285e+19,1.363203185561936e+19,0.0,0.0,0.0,0.0,0.0,0.0,0.0,0.0,0.0,1.0,127.0,1.0,1789393247.788932
3768.0,1.7893932477989384e+18,46146851478688.0,1.611229539,1.0,0.0,1.0,0.6807451844,1.0,1.0,0.0,0.0,0.0,0.0,0.221128881,0.5,1.0,0.0,1.170704007,0.0,0.0,0.0,0.0,2.0,2.0,1.0,0.0,1.0,1.02112079,0.0222445894,0.371608406,-0.0553453825,1.02112079,0.0222445894,0.371608406,-0.0553453825,1.02112079,0.0222445894,0.371608406,-0.0553453825,1.02112079,0.0222445894,0.371608406,-0.0553453825,1.02112079,0.0222445894,0.371608406,-0.0553453825,1.02112079,0.0222445894,0.371608406,-0.0553453825,1.02112079,0.0222445894,0.371608406,-0.0553453825,1.02112079,0.0222445894,0.371608406,-0.0553453825,1.02112079,0.0222445894,0.371608406,-0.0553453825,1.02112079,0.0222445894,0.371608406,-0.0553453825,1.02112079,0.0222445894,0.371608406,-0.0553453825,1.02112079,0.0222445894,0.371608406,-0.0553453825,1.02112079,0.0222445894,0.371608406,-0.0553453825,1.02112079,0.0222445894,0.371608406,-0.0553453825,1.02112079,0.0222445894,0.371608406,-0.0553453825,1.02112079,0.0222445894,0.371608406,-0.0553453825,1.02112079,0.0222445894,0.371608406,-0.0553453825,1.02112079,0.0222445894,0.371608406,-0.0553453825,1.02112079,0.0222445894,0.371608406,-0.0553453825,1.02112079,0.0222445894,0.371608406,-0.0553453825,1.0,1.0,1.0,0.0,0.0,0.0,0.0,4.0,0.0,0.0,0.0,0.221129,0.0,0.0,3.0,1.0,1.7893932476970286e+18,1.0,0.0,0.0,0.0,10.0,0.0,0.0,0.0,1.0,0.0,0.0,0.0,1.0,0.0,1.0,1.780737510018285e+19,1.363203185561936e+19,0.0,0.0,0.0,0.0,0.0,0.0,0.0,0.0,0.0,1.0,127.0,1.0,1789393247.7989383
3769.0,1.7893932478089324e+18,46146861472468.0,1.601726651,1.0,0.0,1.0,0.6807451844,1.0,1.0,0.0,0.0,0.0,0.0,0.2311226428,0.5,1.0,0.0,1.170704007,0.0,0.0,0.0,0.0,2.0,2.0,1.0,0.0,1.0,1.02112079,0.0222445894,0.371608406,-0.0553453825,1.02112079,0.0222445894,0.371608406,-0.0553453825,1.02112079,0.0222445894,0.371608406,-0.0553453825,1.02112079,0.0222445894,0.371608406,-0.0553453825,1.02112079,0.0222445894,0.371608406,-0.0553453825,1.02112079,0.0222445894,0.371608406,-0.0553453825,1.02112079,0.0222445894,0.371608406,-0.0553453825,1.02112079,0.0222445894,0.371608406,-0.0553453825,1.02112079,0.0222445894,0.371608406,-0.0553453825,1.02112079,0.0222445894,0.371608406,-0.0553453825,1.02112079,0.0222445894,0.371608406,-0.0553453825,1.02112079,0.0222445894,0.371608406,-0.0553453825,1.02112079,0.0222445894,0.371608406,-0.0553453825,1.02112079,0.0222445894,0.371608406,-0.0553453825,1.02112079,0.0222445894,0.371608406,-0.0553453825,1.02112079,0.0222445894,0.371608406,-0.0553453825,1.02112079,0.0222445894,0.371608406,-0.0553453825,1.02112079,0.0222445894,0.371608406,-0.0553453825,1.02112079,0.0222445894,0.371608406,-0.0553453825,1.02112079,0.0222445894,0.371608406,-0.0553453825,1.0,1.0,1.0,0.0,0.0,0.0,0.0,4.0,0.0,0.0,0.0,0.231123,0.0,0.0,3.0,1.0,1.7893932476970286e+18,1.0,0.0,0.0,0.0,10.0,0.0,0.0,0.0,1.0,0.0,0.0,0.0,1.0,0.0,1.0,1.780737510018285e+19,1.363203185561936e+19,0.0,0.0,0.0,0.0,0.0,0.0,0.0,0.0,0.0,1.0,127.0,1.0,1789393247.8089323
3770.0,1.789393247818931e+18,46146871471094.0,1.592858911,1.0,0.0,1.0,0.6807451844,1.0,1.0,0.0,0.0,0.0,0.0,0.2411212474,0.5,1.0,0.0,1.170704007,0.0,0.0,0.0,0.0,2.0,2.0,1.0,0.0,1.0,1.02112079,0.0222445894,0.371608406,-0.0553453825,1.02112079,0.0222445894,0.371608406,-0.0553453825,1.02112079,0.0222445894,0.371608406,-0.0553453825,1.02112079,0.0222445894,0.371608406,-0.0553453825,1.02112079,0.0222445894,0.371608406,-0.0553453825,1.02112079,0.0222445894,0.371608406,-0.0553453825,1.02112079,0.0222445894,0.371608406,-0.0553453825,1.02112079,0.0222445894,0.371608406,-0.0553453825,1.02112079,0.0222445894,0.371608406,-0.0553453825,1.02112079,0.0222445894,0.371608406,-0.0553453825,1.02112079,0.0222445894,0.371608406,-0.0553453825,1.02112079,0.0222445894,0.371608406,-0.0553453825,1.02112079,0.0222445894,0.371608406,-0.0553453825,1.02112079,0.0222445894,0.371608406,-0.0553453825,1.02112079,0.0222445894,0.371608406,-0.0553453825,1.02112079,0.0222445894,0.371608406,-0.0553453825,1.02112079,0.0222445894,0.371608406,-0.0553453825,1.02112079,0.0222445894,0.371608406,-0.0553453825,1.02112079,0.0222445894,0.371608406,-0.0553453825,1.02112079,0.0222445894,0.371608406,-0.0553453825,1.0,1.0,1.0,0.0,0.0,0.0,0.0,4.0,0.0,0.0,0.0,0.241121,0.0,0.0,3.0,1.0,1.7893932476970286e+18,1.0,0.0,0.0,0.0,10.0,0.0,0.0,0.0,1.0,0.0,0.0,0.0,1.0,0.0,1.0,1.780737510018285e+19,1.363203185561936e+19,0.0,0.0,0.0,0.0,0.0,0.0,0.0,0.0,0.0,1.0,127.0,1.0,1789393247.8189309
3771.0,1.789393247828931e+18,46146881471194.0,1.582987666,1.0,0.0,1.0,0.6807451844,1.0,1.0,0.0,0.0,0.0,0.0,0.2511213422,0.5,1.0,0.0,1.170704007,0.0,0.0,0.0,0.0,2.0,2.0,1.0,0.0,1.0,1.02112079,0.0222445894,0.371608406,-0.0553453825,1.02112079,0.0222445894,0.371608406,-0.0553453825,1.02112079,0.0222445894,0.371608406,-0.0553453825,1.02112079,0.0222445894,0.371608406,-0.0553453825,1.02112079,0.0222445894,0.371608406,-0.0553453825,1.02112079,0.0222445894,0.371608406,-0.0553453825,1.02112079,0.0222445894,0.371608406,-0.0553453825,1.02112079,0.0222445894,0.371608406,-0.0553453825,1.02112079,0.0222445894,0.371608406,-0.0553453825,1.02112079,0.0222445894,0.371608406,-0.0553453825,1.02112079,0.0222445894,0.371608406,-0.0553453825,1.02112079,0.0222445894,0.371608406,-0.0553453825,1.02112079,0.0222445894,0.371608406,-0.0553453825,1.02112079,0.0222445894,0.371608406,-0.0553453825,1.02112079,0.0222445894,0.371608406,-0.0553453825,1.02112079,0.0222445894,0.371608406,-0.0553453825,1.02112079,0.0222445894,0.371608406,-0.0553453825,1.02112079,0.0222445894,0.371608406,-0.0553453825,1.02112079,0.0222445894,0.371608406,-0.0553453825,1.02112079,0.0222445894,0.371608406,-0.0553453825,1.0,1.0,1.0,0.0,0.0,0.0,0.0,4.0,0.0,0.0,0.0,0.251121,0.0,0.0,3.0,1.0,1.7893932476970286e+18,1.0,0.0,0.0,0.0,10.0,0.0,0.0,0.0,1.0,0.0,0.0,0.0,1.0,0.0,1.0,1.780737510018285e+19,1.363203185561936e+19,0.0,0.0,0.0,0.0,0.0,0.0,0.0,0.0,0.0,1.0,127.0,1.0,1789393247.828931
3772.0,1.789393247838929e+18,46146891469063.0,1.573876262,1.0,0.0,1.0,0.6927469373,1.0,1.0,0.0,0.0,0.0,0.0,0.2611191571,0.5,1.0,0.0,1.170704007,0.0,0.0,0.0,0.0,2.0,2.0,1.0,0.0,1.0,1.02112079,0.0222445894,0.371608406,-0.0553453825,1.02112079,0.0222445894,0.371608406,-0.0553453825,1.02112079,0.0222445894,0.371608406,-0.0553453825,1.02112079,0.0222445894,0.371608406,-0.0553453825,1.02112079,0.0222445894,0.371608406,-0.0553453825,1.02112079,0.0222445894,0.371608406,-0.0553453825,1.02112079,0.0222445894,0.371608406,-0.0553453825,1.02112079,0.0222445894,0.371608406,-0.0553453825,1.02112079,0.0222445894,0.371608406,-0.0553453825,1.02112079,0.0222445894,0.371608406,-0.0553453825,1.02112079,0.0222445894,0.371608406,-0.0553453825,1.02112079,0.0222445894,0.371608406,-0.0553453825,1.02112079,0.0222445894,0.371608406,-0.0553453825,1.02112079,0.0222445894,0.371608406,-0.0553453825,1.02112079,0.0222445894,0.371608406,-0.0553453825,1.02112079,0.0222445894,0.371608406,-0.0553453825,1.02112079,0.0222445894,0.371608406,-0.0553453825,1.02112079,0.0222445894,0.371608406,-0.0553453825,1.02112079,0.0222445894,0.371608406,-0.0553453825,1.02112079,0.0222445894,0.371608406,-0.0553453825,1.0,1.0,1.0,0.0,0.0,0.0,0.0,4.0,0.0,0.0,0.0,0.261119,0.0,0.0,3.0,1.0,1.7893932476970286e+18,1.0,0.0,0.0,0.0,10.0,0.0,0.0,0.0,1.0,0.0,0.0,0.0,1.0,0.0,1.0,1.780737510018285e+19,1.363203185561936e+19,0.0,0.0,0.0,0.0,0.0,0.0,0.0,0.0,0.0,1.0,127.0,1.0,1789393247.838929
3773.0,1.7893932478489244e+18,46146901464561.0,1.564283133,1.0,0.0,1.0,0.6927469373,1.0,1.0,0.0,0.0,0.0,0.0,0.2711145878,0.5,1.0,0.0,1.170704007,0.0,0.0,0.0,0.0,2.0,2.0,1.0,0.0,1.0,1.02112079,0.0222445894,0.371608406,-0.0553453825,1.02112079,0.0222445894,0.371608406,-0.0553453825,1.02112079,0.0222445894,0.371608406,-0.0553453825,1.02112079,0.0222445894,0.371608406,-0.0553453825,1.02112079,0.0222445894,0.371608406,-0.0553453825,1.02112079,0.0222445894,0.371608406,-0.0553453825,1.02112079,0.0222445894,0.371608406,-0.0553453825,1.02112079,0.0222445894,0.371608406,-0.0553453825,1.02112079,0.0222445894,0.371608406,-0.0553453825,1.02112079,0.0222445894,0.371608406,-0.0553453825,1.02112079,0.0222445894,0.371608406,-0.0553453825,1.02112079,0.0222445894,0.371608406,-0.0553453825,1.02112079,0.0222445894,0.371608406,-0.0553453825,1.02112079,0.0222445894,0.371608406,-0.0553453825,1.02112079,0.0222445894,0.371608406,-0.0553453825,1.02112079,0.0222445894,0.371608406,-0.0553453825,1.02112079,0.0222445894,0.371608406,-0.0553453825,1.02112079,0.0222445894,0.371608406,-0.0553453825,1.02112079,0.0222445894,0.371608406,-0.0553453825,1.02112079,0.0222445894,0.371608406,-0.0553453825,1.0,1.0,1.0,0.0,0.0,0.0,0.0,4.0,0.0,0.0,0.0,0.271115,0.0,0.0,3.0,1.0,1.789393247826375e+18,1.0,0.0,0.0,0.0,10.0,0.0,0.0,0.0,1.0,0.0,0.0,0.0,1.0,0.0,1.0,1.780737510018285e+19,1.363203185561936e+19,0.0,0.0,0.0,0.0,0.0,0.0,0.0,0.0,0.0,1.0,127.0,1.0,1789393247.8489244
3774.0,1.789393247858964e+18,46146911504150.0,1.554657221,1.0,0.0,1.0,0.6927469373,1.0,1.0,0.0,0.0,0.0,0.0,0.2811540365,0.5,1.0,0.0,1.170704007,0.0,0.0,0.0,0.0,2.0,2.0,1.0,0.0,1.0,1.02112079,0.0222445894,0.371608406,-0.0553453825,1.02112079,0.0222445894,0.371608406,-0.0553453825,1.02112079,0.0222445894,0.371608406,-0.0553453825,1.02112079,0.0222445894,0.371608406,-0.0553453825,1.02112079,0.0222445894,0.371608406,-0.0553453825,1.02112079,0.0222445894,0.371608406,-0.0553453825,1.02112079,0.0222445894,0.371608406,-0.0553453825,1.02112079,0.0222445894,0.371608406,-0.0553453825,1.02112079,0.0222445894,0.371608406,-0.0553453825,1.02112079,0.0222445894,0.371608406,-0.0553453825,1.02112079,0.0222445894,0.371608406,-0.0553453825,1.02112079,0.0222445894,0.371608406,-0.0553453825,1.02112079,0.0222445894,0.371608406,-0.0553453825,1.02112079,0.0222445894,0.371608406,-0.0553453825,1.02112079,0.0222445894,0.371608406,-0.0553453825,1.02112079,0.0222445894,0.371608406,-0.0553453825,1.02112079,0.0222445894,0.371608406,-0.0553453825,1.02112079,0.0222445894,0.371608406,-0.0553453825,1.02112079,0.0222445894,0.371608406,-0.0553453825,1.02112079,0.0222445894,0.371608406,-0.0553453825,1.0,1.0,1.0,0.0,0.0,0.0,0.0,4.0,0.0,0.0,0.0,0.281154,0.0,0.0,3.0,1.0,1.789393247826375e+18,1.0,0.0,0.0,0.0,10.0,0.0,0.0,0.0,1.0,0.0,0.0,0.0,1.0,0.0,1.0,1.780737510018285e+19,1.363203185561936e+19,0.0,0.0,0.0,0.0,0.0,0.0,0.0,0.0,0.0,1.0,127.0,1.0,1789393247.858964
3775.0,1.7893932478689718e+18,46146921512135.0,1.545190573,1.0,0.0,1.0,0.6927469373,1.0,1.0,0.0,0.0,0.0,0.0,0.2911623716,0.5,1.0,0.0,1.170704007,0.0,0.0,0.0,0.0,2.0,2.0,1.0,0.0,1.0,1.02112079,0.0222445894,0.371608406,-0.0553453825,1.02112079,0.0222445894,0.371608406,-0.0553453825,1.02112079,0.0222445894,0.371608406,-0.0553453825,1.02112079,0.0222445894,0.371608406,-0.0553453825,1.02112079,0.0222445894,0.371608406,-0.0553453825,1.02112079,0.0222445894,0.371608406,-0.0553453825,1.02112079,0.0222445894,0.371608406,-0.0553453825,1.02112079,0.0222445894,0.371608406,-0.0553453825,1.02112079,0.0222445894,0.371608406,-0.0553453825,1.02112079,0.0222445894,0.371608406,-0.0553453825,1.02112079,0.0222445894,0.371608406,-0.0553453825,1.02112079,0.0222445894,0.371608406,-0.0553453825,1.02112079,0.0222445894,0.371608406,-0.0553453825,1.02112079,0.0222445894,0.371608406,-0.0553453825,1.02112079,0.0222445894,0.371608406,-0.0553453825,1.02112079,0.0222445894,0.371608406,-0.0553453825,1.02112079,0.0222445894,0.371608406,-0.0553453825,1.02112079,0.0222445894,0.371608406,-0.0553453825,1.02112079,0.0222445894,0.371608406,-0.0553453825,1.02112079,0.0222445894,0.371608406,-0.0553453825,1.0,1.0,1.0,0.0,0.0,0.0,0.0,4.0,0.0,0.0,0.0,0.291162,0.0,0.0,3.0,1.0,1.789393247826375e+18,1.0,0.0,0.0,0.0,10.0,0.0,0.0,0.0,1.0,0.0,0.0,0.0,1.0,0.0,1.0,1.780737510018285e+19,1.363203185561936e+19,0.0,0.0,0.0,0.0,0.0,0.0,0.0,0.0,0.0,1.0,127.0,1.0,1789393247.8689718
3776.0,1.789393247878923e+18,46146931463334.0,1.535496831,1.0,0.0,1.0,0.6927469373,1.0,1.0,1.0,0.0,0.0,0.0,0.3011135161,0.5,1.0,0.0,1.144304633,0.0,0.0,0.0,0.0,2.0,2.0,1.0,0.0,1.0,1.02112079,0.0222445894,0.371608406,-0.0553453825,1.02112079,0.0222445894,0.371608406,-0.0553453825,1.02112079,0.0222445894,0.371608406,-0.0553453825,1.02112079,0.0222445894,0.371608406,-0.0553453825,1.02112079,0.0222445894,0.371608406,-0.0553453825,1.02112079,0.0222445894,0.371608406,-0.0553453825,1.02112079,0.0222445894,0.371608406,-0.0553453825,1.02112079,0.0222445894,0.371608406,-0.0553453825,1.02112079,0.0222445894,0.371608406,-0.0553453825,1.02112079,0.0222445894,0.371608406,-0.0553453825,1.02112079,0.0222445894,0.371608406,-0.0553453825,1.02112079,0.0222445894,0.371608406,-0.0553453825,1.02112079,0.0222445894,0.371608406,-0.0553453825,1.02112079,0.0222445894,0.371608406,-0.0553453825,1.02112079,0.0222445894,0.371608406,-0.0553453825,1.02112079,0.0222445894,0.371608406,-0.0553453825,1.02112079,0.0222445894,0.371608406,-0.0553453825,1.02112079,0.0222445894,0.371608406,-0.0553453825,1.02112079,0.0222445894,0.371608406,-0.0553453825,1.02112079,0.0222445894,0.371608406,-0.0553453825,1.0,1.0,1.0,0.0,0.0,0.0,0.0,4.0,0.0,0.0,0.0,0.301114,0.0,0.0,3.0,1.0,1.789393247826375e+18,1.0,0.0,0.0,0.0,10.0,0.0,0.0,0.0,1.0,0.0,0.0,0.0,1.0,0.0,1.0,1.780737510018285e+19,1.363203185561936e+19,0.0,0.0,0.0,0.0,0.0,0.0,0.0,0.0,0.0,1.0,127.0,1.0,1789393247.878923
3777.0,1.7893932478889812e+18,46146941521406.0,1.526478767,1.0,0.0,1.0,0.6927469373,1.0,1.0,0.0,0.0,0.0,0.0,0.3111716807,0.5,1.0,0.0,1.144304633,0.0,0.0,0.0,0.0,2.0,2.0,1.0,0.0,1.0,1.02112079,0.0222445894,0.371608406,-0.0553453825,1.02112079,0.0222445894,0.371608406,-0.0553453825,1.02112079,0.0222445894,0.371608406,-0.0553453825,1.02112079,0.0222445894,0.371608406,-0.0553453825,1.02112079,0.0222445894,0.371608406,-0.0553453825,1.02112079,0.0222445894,0.371608406,-0.0553453825,1.02112079,0.0222445894,0.371608406,-0.0553453825,1.02112079,0.0222445894,0.371608406,-0.0553453825,1.02112079,0.0222445894,0.371608406,-0.0553453825,1.02112079,0.0222445894,0.371608406,-0.0553453825,1.02112079,0.0222445894,0.371608406,-0.0553453825,1.02112079,0.0222445894,0.371608406,-0.0553453825,1.02112079,0.0222445894,0.371608406,-0.0553453825,1.02112079,0.0222445894,0.371608406,-0.0553453825,1.02112079,0.0222445894,0.371608406,-0.0553453825,1.02112079,0.0222445894,0.371608406,-0.0553453825,1.02112079,0.0222445894,0.371608406,-0.0553453825,1.02112079,0.0222445894,0.371608406,-0.0553453825,1.02112079,0.0222445894,0.371608406,-0.0553453825,1.02112079,0.0222445894,0.371608406,-0.0553453825,1.0,1.0,1.0,0.0,0.0,0.0,0.0,4.0,0.0,0.0,0.0,0.311172,0.0,0.0,3.0,1.0,1.789393247826375e+18,1.0,0.0,0.0,0.0,10.0,0.0,0.0,0.0,1.0,0.0,0.0,0.0,1.0,0.0,1.0,1.780737510018285e+19,1.363203185561936e+19,0.0,0.0,0.0,0.0,0.0,0.0,0.0,0.0,0.0,1.0,127.0,1.0,1789393247.8889813
3778.0,1.7893932478989647e+18,46146951504845.0,1.516025782,1.0,0.0,1.0,0.6927469373,1.0,1.0,0.0,0.0,0.0,0.0,0.3211550713,0.5,1.0,0.0,1.144304633,0.0,0.0,0.0,0.0,2.0,2.0,1.0,0.0,1.0,1.02112079,0.0222445894,0.371608406,-0.0553453825,1.02112079,0.0222445894,0.371608406,-0.0553453825,1.02112079,0.0222445894,0.371608406,-0.0553453825,1.02112079,0.0222445894,0.371608406,-0.0553453825,1.02112079,0.0222445894,0.371608406,-0.0553453825,1.02112079,0.0222445894,0.371608406,-0.0553453825,1.02112079,0.0222445894,0.371608406,-0.0553453825,1.02112079,0.0222445894,0.371608406,-0.0553453825,1.02112079,0.0222445894,0.371608406,-0.0553453825,1.02112079,0.0222445894,0.371608406,-0.0553453825,1.02112079,0.0222445894,0.371608406,-0.0553453825,1.02112079,0.0222445894,0.371608406,-0.0553453825,1.02112079,0.0222445894,0.371608406,-0.0553453825,1.02112079,0.0222445894,0.371608406,-0.0553453825,1.02112079,0.0222445894,0.371608406,-0.0553453825,1.02112079,0.0222445894,0.371608406,-0.0553453825,1.02112079,0.0222445894,0.371608406,-0.0553453825,1.02112079,0.0222445894,0.371608406,-0.0553453825,1.02112079,0.0222445894,0.371608406,-0.0553453825,1.02112079,0.0222445894,0.371608406,-0.0553453825,1.0,1.0,1.0,0.0,0.0,0.0,0.0,4.0,0.0,0.0,0.0,0.321155,0.0,0.0,3.0,1.0,1.789393247826375e+18,1.0,0.0,0.0,0.0,10.0,0.0,0.0,0.0,1.0,0.0,0.0,0.0,1.0,0.0,1.0,1.780737510018285e+19,1.363203185561936e+19,0.0,0.0,0.0,0.0,0.0,0.0,0.0,0.0,0.0,1.0,127.0,1.0,1789393247.8989646
3779.0,1.7893932479089966e+18,46146961536801.0,1.50729239,1.0,0.0,1.0,0.6927469373,1.0,1.0,0.0,0.0,0.0,0.0,0.3311870992,0.5,1.0,0.0,1.144304633,0.0,0.0,0.0,0.0,2.0,2.0,1.0,0.0,1.0,1.02112079,0.0222445894,0.371608406,-0.0553453825,1.02112079,0.0222445894,0.371608406,-0.0553453825,1.02112079,0.0222445894,0.371608406,-0.0553453825,1.02112079,0.0222445894,0.371608406,-0.0553453825,1.02112079,0.0222445894,0.371608406,-0.0553453825,1.02112079,0.0222445894,0.371608406,-0.0553453825,1.02112079,0.0222445894,0.371608406,-0.0553453825,1.02112079,0.0222445894,0.371608406,-0.0553453825,1.02112079,0.0222445894,0.371608406,-0.0553453825,1.02112079,0.0222445894,0.371608406,-0.0553453825,1.02112079,0.0222445894,0.371608406,-0.0553453825,1.02112079,0.0222445894,0.371608406,-0.0553453825,1.02112079,0.0222445894,0.371608406,-0.0553453825,1.02112079,0.0222445894,0.371608406,-0.0553453825,1.02112079,0.0222445894,0.371608406,-0.0553453825,1.02112079,0.0222445894,0.371608406,-0.0553453825,1.02112079,0.0222445894,0.371608406,-0.0553453825,1.02112079,0.0222445894,0.371608406,-0.0553453825,1.02112079,0.0222445894,0.371608406,-0.0553453825,1.02112079,0.0222445894,0.371608406,-0.0553453825,1.0,1.0,1.0,0.0,0.0,0.0,0.0,4.0,0.0,0.0,0.0,0.331187,0.0,0.0,3.0,1.0,1.789393247826375e+18,1.0,0.0,0.0,0.0,10.0,0.0,0.0,0.0,1.0,0.0,0.0,0.0,1.0,0.0,1.0,1.780737510018285e+19,1.363203185561936e+19,0.0,0.0,0.0,0.0,0.0,0.0,0.0,0.0,0.0,1.0,127.0,1.0,1789393247.9089966
3780.0,1.7893932479189422e+18,46146971482572.0,1.496689439,1.0,0.0,1.0,0.6927469373,1.0,1.0,0.0,0.0,0.0,0.0,0.34113276,0.5,1.0,0.0,1.144304633,0.0,0.0,0.0,0.0,2.0,2.0,1.0,0.0,1.0,1.02112079,0.0222445894,0.371608406,-0.0553453825,1.02112079,0.0222445894,0.371608406,-0.0553453825,1.02112079,0.0222445894,0.371608406,-0.0553453825,1.02112079,0.0222445894,0.371608406,-0.0553453825,1.02112079,0.0222445894,0.371608406,-0.0553453825,1.02112079,0.0222445894,0.371608406,-0.0553453825,1.02112079,0.0222445894,0.371608406,-0.0553453825,1.02112079,0.0222445894,0.371608406,-0.0553453825,1.02112079,0.0222445894,0.371608406,-0.0553453825,1.02112079,0.0222445894,0.371608406,-0.0553453825,1.02112079,0.0222445894,0.371608406,-0.0553453825,1.02112079,0.0222445894,0.371608406,-0.0553453825,1.02112079,0.0222445894,0.371608406,-0.0553453825,1.02112079,0.0222445894,0.371608406,-0.0553453825,1.02112079,0.0222445894,0.371608406,-0.0553453825,1.02112079,0.0222445894,0.371608406,-0.0553453825,1.02112079,0.0222445894,0.371608406,-0.0553453825,1.02112079,0.0222445894,0.371608406,-0.0553453825,1.02112079,0.0222445894,0.371608406,-0.0553453825,1.02112079,0.0222445894,0.371608406,-0.0553453825,1.0,1.0,1.0,0.0,0.0,0.0,0.0,4.0,0.0,0.0,0.0,0.341133,0.0,0.0,3.0,1.0,1.789393247826375e+18,1.0,0.0,0.0,0.0,10.0,0.0,0.0,0.0,1.0,0.0,0.0,0.0,1.0,0.0,1.0,1.780737510018285e+19,1.363203185561936e+19,0.0,0.0,0.0,0.0,0.0,0.0,0.0,0.0,0.0,1.0,127.0,1.0,1789393247.9189422
3781.0,1.789393247928934e+18,46146981474207.0,1.487633109,1.0,0.0,1.0,0.6927469373,1.0,1.0,0.0,0.0,0.0,0.0,0.3511244655,0.5,1.0,0.0,1.144304633,0.0,0.0,0.0,0.0,2.0,2.0,1.0,0.0,1.0,1.02112079,0.0222445894,0.371608406,-0.0553453825,1.02112079,0.0222445894,0.371608406,-0.0553453825,1.02112079,0.0222445894,0.371608406,-0.0553453825,1.02112079,0.0222445894,0.371608406,-0.0553453825,1.02112079,0.0222445894,0.371608406,-0.0553453825,1.02112079,0.0222445894,0.371608406,-0.0553453825,1.02112079,0.0222445894,0.371608406,-0.0553453825,1.02112079,0.0222445894,0.371608406,-0.0553453825,1.02112079,0.0222445894,0.371608406,-0.0553453825,1.02112079,0.0222445894,0.371608406,-0.0553453825,1.02112079,0.0222445894,0.371608406,-0.0553453825,1.02112079,0.0222445894,0.371608406,-0.0553453825,1.02112079,0.0222445894,0.371608406,-0.0553453825,1.02112079,0.0222445894,0.371608406,-0.0553453825,1.02112079,0.0222445894,0.371608406,-0.0553453825,1.02112079,0.0222445894,0.371608406,-0.0553453825,1.02112079,0.0222445894,0.371608406,-0.0553453825,1.02112079,0.0222445894,0.371608406,-0.0553453825,1.02112079,0.0222445894,0.371608406,-0.0553453825,1.02112079,0.0222445894,0.371608406,-0.0553453825,1.0,1.0,1.0,0.0,0.0,0.0,0.0,4.0,0.0,0.0,0.0,0.351124,0.0,0.0,3.0,1.0,1.789393247826375e+18,1.0,0.0,0.0,0.0,10.0,0.0,0.0,0.0,1.0,0.0,0.0,0.0,1.0,0.0,1.0,1.780737510018285e+19,1.363203185561936e+19,0.0,0.0,0.0,0.0,0.0,0.0,0.0,0.0,0.0,1.0,127.0,1.0,1789393247.9289339
3782.0,1.7893932479389578e+18,46146991498199.0,1.477188706,1.0,0.0,1.0,0.7461802363,1.0,1.0,0.0,0.0,0.0,0.0,0.3611483276,0.5,1.0,0.0,1.144304633,0.0,0.0,0.0,0.0,2.0,2.0,1.0,0.0,1.0,1.02112079,0.0222445894,0.371608406,-0.0553453825,1.02112079,0.0222445894,0.371608406,-0.0553453825,1.02112079,0.0222445894,0.371608406,-0.0553453825,1.02112079,0.0222445894,0.371608406,-0.0553453825,1.02112079,0.0222445894,0.371608406,-0.0553453825,1.02112079,0.0222445894,0.371608406,-0.0553453825,1.02112079,0.0222445894,0.371608406,-0.0553453825,1.02112079,0.0222445894,0.371608406,-0.0553453825,1.02112079,0.0222445894,0.371608406,-0.0553453825,1.02112079,0.0222445894,0.371608406,-0.0553453825,1.02112079,0.0222445894,0.371608406,-0.0553453825,1.02112079,0.0222445894,0.371608406,-0.0553453825,1.02112079,0.0222445894,0.371608406,-0.0553453825,1.02112079,0.0222445894,0.371608406,-0.0553453825,1.02112079,0.0222445894,0.371608406,-0.0553453825,1.02112079,0.0222445894,0.371608406,-0.0553453825,1.02112079,0.0222445894,0.371608406,-0.0553453825,1.02112079,0.0222445894,0.371608406,-0.0553453825,1.02112079,0.0222445894,0.371608406,-0.0553453825,1.02112079,0.0222445894,0.371608406,-0.0553453825,1.0,1.0,1.0,0.0,0.0,0.0,0.0,4.0,0.0,0.0,0.0,0.361148,0.0,0.0,3.0,1.0,1.789393247826375e+18,1.0,0.0,0.0,0.0,10.0,0.0,0.0,0.0,1.0,0.0,0.0,0.0,1.0,0.0,1.0,1.780737510018285e+19,1.363203185561936e+19,0.0,0.0,0.0,0.0,0.0,0.0,0.0,0.0,0.0,1.0,127.0,1.0,1789393247.938958
3783.0,1.789393247948955e+18,46147001495053.0,1.467465758,1.0,0.0,1.0,0.7461802363,1.0,1.0,0.0,0.0,0.0,0.0,0.3711453378,0.5,1.0,0.0,1.144304633,0.0,0.0,0.0,0.0,2.0,2.0,1.0,0.0,1.0,1.02112079,0.0222445894,0.371608406,-0.0553453825,1.02112079,0.0222445894,0.371608406,-0.0553453825,1.02112079,0.0222445894,0.371608406,-0.0553453825,1.02112079,0.0222445894,0.371608406,-0.0553453825,1.02112079,0.0222445894,0.371608406,-0.0553453825,1.02112079,0.0222445894,0.371608406,-0.0553453825,1.02112079,0.0222445894,0.371608406,-0.0553453825,1.02112079,0.0222445894,0.371608406,-0.0553453825,1.02112079,0.0222445894,0.371608406,-0.0553453825,1.02112079,0.0222445894,0.371608406,-0.0553453825,1.02112079,0.0222445894,0.371608406,-0.0553453825,1.02112079,0.0222445894,0.371608406,-0.0553453825,1.02112079,0.0222445894,0.371608406,-0.0553453825,1.02112079,0.0222445894,0.371608406,-0.0553453825,1.02112079,0.0222445894,0.371608406,-0.0553453825,1.02112079,0.0222445894,0.371608406,-0.0553453825,1.02112079,0.0222445894,0.371608406,-0.0553453825,1.02112079,0.0222445894,0.371608406,-0.0553453825,1.02112079,0.0222445894,0.371608406,-0.0553453825,1.02112079,0.0222445894,0.371608406,-0.0553453825,1.0,1.0,1.0,0.0,0.0,0.0,0.0,4.0,0.0,0.0,0.0,0.371145,0.0,0.0,3.0,1.0,1.789393247826375e+18,1.0,0.0,0.0,0.0,10.0,0.0,0.0,0.0,1.0,0.0,0.0,0.0,1.0,0.0,1.0,1.780737510018285e+19,1.363203185561936e+19,0.0,0.0,0.0,0.0,0.0,0.0,0.0,0.0,0.0,1.0,127.0,1.0,1789393247.9489548
3784.0,1.7893932479588997e+18,46147011439930.0,1.457864404,1.0,0.0,1.0,0.7461802363,1.0,1.0,0.0,0.0,0.0,0.0,0.3810902834,0.5,1.0,0.0,1.144304633,0.0,0.0,0.0,0.0,2.0,2.0,1.0,0.0,1.0,1.02112079,0.0222445894,0.371608406,-0.0553453825,1.02112079,0.0222445894,0.371608406,-0.0553453825,1.02112079,0.0222445894,0.371608406,-0.0553453825,1.02112079,0.0222445894,0.371608406,-0.0553453825,1.02112079,0.0222445894,0.371608406,-0.0553453825,1.02112079,0.0222445894,0.371608406,-0.0553453825,1.02112079,0.0222445894,0.371608406,-0.0553453825,1.02112079,0.0222445894,0.371608406,-0.0553453825,1.02112079,0.0222445894,0.371608406,-0.0553453825,1.02112079,0.0222445894,0.371608406,-0.0553453825,1.02112079,0.0222445894,0.371608406,-0.0553453825,1.02112079,0.0222445894,0.371608406,-0.0553453825,1.02112079,0.0222445894,0.371608406,-0.0553453825,1.02112079,0.0222445894,0.371608406,-0.0553453825,1.02112079,0.0222445894,0.371608406,-0.0553453825,1.02112079,0.0222445894,0.371608406,-0.0553453825,1.02112079,0.0222445894,0.371608406,-0.0553453825,1.02112079,0.0222445894,0.371608406,-0.0553453825,1.02112079,0.0222445894,0.371608406,-0.0553453825,1.02112079,0.0222445894,0.371608406,-0.0553453825,1.0,1.0,1.0,0.0,0.0,0.0,0.0,4.0,0.0,0.0,0.0,0.38109,0.0,0.0,3.0,1.0,1.789393247826375e+18,1.0,0.0,0.0,0.0,10.0,0.0,0.0,0.0,1.0,0.0,0.0,0.0,1.0,0.0,1.0,1.780737510018285e+19,1.363203185561936e+19,0.0,0.0,0.0,0.0,0.0,0.0,0.0,0.0,0.0,1.0,127.0,1.0,1789393247.9588997
3785.0,1.7893932479689518e+18,46147021491991.0,1.447863936,1.0,0.0,1.0,0.7461802363,1.0,1.0,0.0,0.0,0.0,0.0,0.3911423981,0.5,1.0,0.0,1.144304633,0.0,0.0,0.0,0.0,2.0,2.0,1.0,0.0,1.0,1.02112079,0.0222445894,0.371608406,-0.0553453825,1.02112079,0.0222445894,0.371608406,-0.0553453825,1.02112079,0.0222445894,0.371608406,-0.0553453825,1.02112079,0.0222445894,0.371608406,-0.0553453825,1.02112079,0.0222445894,0.371608406,-0.0553453825,1.02112079,0.0222445894,0.371608406,-0.0553453825,1.02112079,0.0222445894,0.371608406,-0.0553453825,1.02112079,0.0222445894,0.371608406,-0.0553453825,1.02112079,0.0222445894,0.371608406,-0.0553453825,1.02112079,0.0222445894,0.371608406,-0.0553453825,1.02112079,0.0222445894,0.371608406,-0.0553453825,1.02112079,0.0222445894,0.371608406,-0.0553453825,1.02112079,0.0222445894,0.371608406,-0.0553453825,1.02112079,0.0222445894,0.371608406,-0.0553453825,1.02112079,0.0222445894,0.371608406,-0.0553453825,1.02112079,0.0222445894,0.371608406,-0.0553453825,1.02112079,0.0222445894,0.371608406,-0.0553453825,1.02112079,0.0222445894,0.371608406,-0.0553453825,1.02112079,0.0222445894,0.371608406,-0.0553453825,1.02112079,0.0222445894,0.371608406,-0.0553453825,1.0,1.0,1.0,0.0,0.0,0.0,0.0,4.0,0.0,0.0,0.0,0.391142,0.0,0.0,3.0,1.0,1.789393247826375e+18,1.0,0.0,0.0,0.0,10.0,0.0,0.0,0.0,1.0,0.0,0.0,0.0,1.0,0.0,1.0,1.780737510018285e+19,1.363203185561936e+19,0.0,0.0,0.0,0.0,0.0,0.0,0.0,0.0,0.0,1.0,127.0,1.0,1789393247.9689517
3786.0,1.7893932479789402e+18,46147031480303.0,1.437770367,1.0,0.0,1.0,0.7461802363,1.0,1.0,1.0,0.0,0.0,0.0,0.4011304975,0.5,1.0,0.0,1.130772948,0.0,0.0,0.0,0.0,2.0,2.0,1.0,0.0,1.0,1.02112079,0.0222445894,0.371608406,-0.0553453825,1.02112079,0.0222445894,0.371608406,-0.0553453825,1.02112079,0.0222445894,0.371608406,-0.0553453825,1.02112079,0.0222445894,0.371608406,-0.0553453825,1.02112079,0.0222445894,0.371608406,-0.0553453825,1.02112079,0.0222445894,0.371608406,-0.0553453825,1.02112079,0.0222445894,0.371608406,-0.0553453825,1.02112079,0.0222445894,0.371608406,-0.0553453825,1.02112079,0.0222445894,0.371608406,-0.0553453825,1.02112079,0.0222445894,0.371608406,-0.0553453825,1.02112079,0.0222445894,0.371608406,-0.0553453825,1.02112079,0.0222445894,0.371608406,-0.0553453825,1.02112079,0.0222445894,0.371608406,-0.0553453825,1.02112079,0.0222445894,0.371608406,-0.0553453825,1.02112079,0.0222445894,0.371608406,-0.0553453825,1.02112079,0.0222445894,0.371608406,-0.0553453825,1.02112079,0.0222445894,0.371608406,-0.0553453825,1.02112079,0.0222445894,0.371608406,-0.0553453825,1.02112079,0.0222445894,0.371608406,-0.0553453825,1.02112079,0.0222445894,0.371608406,-0.0553453825,1.0,1.0,1.0,0.0,0.0,0.0,0.0,4.0,0.0,0.0,0.0,0.40113,0.0,0.0,3.0,1.0,1.789393247826375e+18,1.0,0.0,0.0,0.0,10.0,0.0,0.0,0.0,1.0,0.0,0.0,0.0,1.0,0.0,1.0,1.780737510018285e+19,1.363203185561936e+19,0.0,0.0,0.0,0.0,0.0,0.0,0.0,0.0,0.0,1.0,127.0,1.0,1789393247.9789402
3787.0,1.7893932479889157e+18,46147041456020.0,1.427910686,1.0,0.0,1.0,0.7461802363,1.0,1.0,0.0,0.0,0.0,0.0,0.4111062288,0.5,1.0,0.0,1.130772948,0.0,0.0,0.0,0.0,2.0,2.0,1.0,0.0,1.0,1.02112079,0.0222445894,0.371608406,-0.0553453825,1.02112079,0.0222445894,0.371608406,-0.0553453825,1.02112079,0.0222445894,0.371608406,-0.0553453825,1.02112079,0.0222445894,0.371608406,-0.0553453825,1.02112079,0.0222445894,0.371608406,-0.0553453825,1.02112079,0.0222445894,0.371608406,-0.0553453825,1.02112079,0.0222445894,0.371608406,-0.0553453825,1.02112079,0.0222445894,0.371608406,-0.0553453825,1.02112079,0.0222445894,0.371608406,-0.0553453825,1.02112079,0.0222445894,0.371608406,-0.0553453825,1.02112079,0.0222445894,0.371608406,-0.0553453825,1.02112079,0.0222445894,0.371608406,-0.0553453825,1.02112079,0.0222445894,0.371608406,-0.0553453825,1.02112079,0.0222445894,0.371608406,-0.0553453825,1.02112079,0.0222445894,0.371608406,-0.0553453825,1.02112079,0.0222445894,0.371608406,-0.0553453825,1.02112079,0.0222445894,0.371608406,-0.0553453825,1.02112079,0.0222445894,0.371608406,-0.0553453825,1.02112079,0.0222445894,0.371608406,-0.0553453825,1.02112079,0.0222445894,0.371608406,-0.0553453825,1.0,1.0,1.0,0.0,0.0,0.0,0.0,4.0,0.0,0.0,0.0,0.411106,0.0,0.0,3.0,1.0,1.789393247826375e+18,1.0,0.0,0.0,0.0,10.0,0.0,0.0,0.0,1.0,0.0,0.0,0.0,1.0,0.0,1.0,1.780737510018285e+19,1.363203185561936e+19,0.0,0.0,0.0,0.0,0.0,0.0,0.0,0.0,0.0,1.0,127.0,1.0,1789393247.9889157
3788.0,1.7893932479989164e+18,46147051456653.0,1.418032169,1.0,0.0,1.0,0.7461802363,1.0,1.0,0.0,0.0,0.0,0.0,0.4211068749,0.5,1.0,0.0,1.130772948,0.0,0.0,0.0,0.0,2.0,2.0,1.0,0.0,1.0,1.02112079,0.0222445894,0.371608406,-0.0553453825,1.02112079,0.0222445894,0.371608406,-0.0553453825,1.02112079,0.0222445894,0.371608406,-0.0553453825,1.02112079,0.0222445894,0.371608406,-0.0553453825,1.02112079,0.0222445894,0.371608406,-0.0553453825,1.02112079,0.0222445894,0.371608406,-0.0553453825,1.02112079,0.0222445894,0.371608406,-0.0553453825,1.02112079,0.0222445894,0.371608406,-0.0553453825,1.02112079,0.0222445894,0.371608406,-0.0553453825,1.02112079,0.0222445894,0.371608406,-0.0553453825,1.02112079,0.0222445894,0.371608406,-0.0553453825,1.02112079,0.0222445894,0.371608406,-0.0553453825,1.02112079,0.0222445894,0.371608406,-0.0553453825,1.02112079,0.0222445894,0.371608406,-0.0553453825,1.02112079,0.0222445894,0.371608406,-0.0553453825,1.02112079,0.0222445894,0.371608406,-0.0553453825,1.02112079,0.0222445894,0.371608406,-0.0553453825,1.02112079,0.0222445894,0.371608406,-0.0553453825,1.02112079,0.0222445894,0.371608406,-0.0553453825,1.02112079,0.0222445894,0.371608406,-0.0553453825,1.0,1.0,1.0,0.0,0.0,0.0,0.0,4.0,0.0,0.0,0.0,0.421107,0.0,0.0,3.0,1.0,1.789393247826375e+18,1.0,0.0,0.0,0.0,10.0,0.0,0.0,0.0,1.0,0.0,0.0,0.0,1.0,0.0,1.0,1.780737510018285e+19,1.363203185561936e+19,0.0,0.0,0.0,0.0,0.0,0.0,0.0,0.0,0.0,1.0,127.0,1.0,1789393247.9989164
3789.0,1.7893932480089172e+18,46147061457436.0,1.408414245,1.0,0.0,1.0,0.7461802363,1.0,1.0,0.0,0.0,0.0,0.0,0.4311073422,0.5,1.0,0.0,1.130772948,0.0,0.0,0.0,0.0,2.0,2.0,1.0,0.0,1.0,1.02112079,0.0222445894,0.371608406,-0.0553453825,1.02112079,0.0222445894,0.371608406,-0.0553453825,1.02112079,0.0222445894,0.371608406,-0.0553453825,1.02112079,0.0222445894,0.371608406,-0.0553453825,1.02112079,0.0222445894,0.371608406,-0.0553453825,1.02112079,0.0222445894,0.371608406,-0.0553453825,1.02112079,0.0222445894,0.371608406,-0.0553453825,1.02112079,0.0222445894,0.371608406,-0.0553453825,1.02112079,0.0222445894,0.371608406,-0.0553453825,1.02112079,0.0222445894,0.371608406,-0.0553453825,1.02112079,0.0222445894,0.371608406,-0.0553453825,1.02112079,0.0222445894,0.371608406,-0.0553453825,1.02112079,0.0222445894,0.371608406,-0.0553453825,1.02112079,0.0222445894,0.371608406,-0.0553453825,1.02112079,0.0222445894,0.371608406,-0.0553453825,1.02112079,0.0222445894,0.371608406,-0.0553453825,1.02112079,0.0222445894,0.371608406,-0.0553453825,1.02112079,0.0222445894,0.371608406,-0.0553453825,1.02112079,0.0222445894,0.371608406,-0.0553453825,1.02112079,0.0222445894,0.371608406,-0.0553453825,1.0,1.0,1.0,0.0,0.0,0.0,0.0,4.0,0.0,0.0,0.0,0.431107,0.0,0.0,3.0,1.0,1.789393247826375e+18,1.0,0.0,0.0,0.0,10.0,0.0,0.0,0.0,1.0,0.0,0.0,0.0,1.0,0.0,1.0,1.780737510018285e+19,1.363203185561936e+19,0.0,0.0,0.0,0.0,0.0,0.0,0.0,0.0,0.0,1.0,127.0,1.0,1789393248.0089173
3790.0,1.7893932480189125e+18,46147071452769.0,1.397741199,1.0,0.0,1.0,0.7461802363,1.0,1.0,0.0,0.0,0.0,0.0,0.4411030114,0.5,1.0,0.0,1.130772948,0.0,0.0,0.0,0.0,2.0,2.0,1.0,0.0,1.0,1.02112079,0.0222445894,0.371608406,-0.0553453825,1.02112079,0.0222445894,0.371608406,-0.0553453825,1.02112079,0.0222445894,0.371608406,-0.0553453825,1.02112079,0.0222445894,0.371608406,-0.0553453825,1.02112079,0.0222445894,0.371608406,-0.0553453825,1.02112079,0.0222445894,0.371608406,-0.0553453825,1.02112079,0.0222445894,0.371608406,-0.0553453825,1.02112079,0.0222445894,0.371608406,-0.0553453825,1.02112079,0.0222445894,0.371608406,-0.0553453825,1.02112079,0.0222445894,0.371608406,-0.0553453825,1.02112079,0.0222445894,0.371608406,-0.0553453825,1.02112079,0.0222445894,0.371608406,-0.0553453825,1.02112079,0.0222445894,0.371608406,-0.0553453825,1.02112079,0.0222445894,0.371608406,-0.0553453825,1.02112079,0.0222445894,0.371608406,-0.0553453825,1.02112079,0.0222445894,0.371608406,-0.0553453825,1.02112079,0.0222445894,0.371608406,-0.0553453825,1.02112079,0.0222445894,0.371608406,-0.0553453825,1.02112079,0.0222445894,0.371608406,-0.0553453825,1.02112079,0.0222445894,0.371608406,-0.0553453825,1.0,1.0,1.0,0.0,0.0,0.0,0.0,4.0,0.0,0.0,0.0,0.441103,0.0,0.0,3.0,1.0,1.789393247826375e+18,1.0,0.0,0.0,0.0,10.0,0.0,0.0,0.0,1.0,0.0,0.0,0.0,1.0,0.0,1.0,1.780737510018285e+19,1.363203185561936e+19,0.0,0.0,0.0,0.0,0.0,0.0,0.0,0.0,0.0,1.0,127.0,1.0,1789393248.0189126
3791.0,1.7893932480289098e+18,46147081450015.0,1.38835144,1.0,0.0,1.0,0.7461802363,1.0,1.0,0.0,0.0,0.0,0.0,0.4511002302,0.5,1.0,0.0,1.130772948,0.0,0.0,0.0,0.0,2.0,2.0,1.0,0.0,1.0,1.02112079,0.0222445894,0.371608406,-0.0553453825,1.02112079,0.0222445894,0.371608406,-0.0553453825,1.02112079,0.0222445894,0.371608406,-0.0553453825,1.02112079,0.0222445894,0.371608406,-0.0553453825,1.02112079,0.0222445894,0.371608406,-0.0553453825,1.02112079,0.0222445894,0.371608406,-0.0553453825,1.02112079,0.0222445894,0.371608406,-0.0553453825,1.02112079,0.0222445894,0.371608406,-0.0553453825,1.02112079,0.0222445894,0.371608406,-0.0553453825,1.02112079,0.0222445894,0.371608406,-0.0553453825,1.02112079,0.0222445894,0.371608406,-0.0553453825,1.02112079,0.0222445894,0.371608406,-0.0553453825,1.02112079,0.0222445894,0.371608406,-0.0553453825,1.02112079,0.0222445894,0.371608406,-0.0553453825,1.02112079,0.0222445894,0.371608406,-0.0553453825,1.02112079,0.0222445894,0.371608406,-0.0553453825,1.02112079,0.0222445894,0.371608406,-0.0553453825,1.02112079,0.0222445894,0.371608406,-0.0553453825,1.02112079,0.0222445894,0.371608406,-0.0553453825,1.02112079,0.0222445894,0.371608406,-0.0553453825,1.0,1.0,1.0,0.0,0.0,0.0,0.0,4.0,0.0,0.0,0.0,0.4511,0.0,0.0,3.0,1.0,1.789393247826375e+18,1.0,0.0,0.0,0.0,10.0,0.0,0.0,0.0,1.0,0.0,0.0,0.0,1.0,0.0,1.0,1.780737510018285e+19,1.363203185561936e+19,0.0,0.0,0.0,0.0,0.0,0.0,0.0,0.0,0.0,1.0,127.0,1.0,1789393248.02891
3792.0,1.7893932480389335e+18,46147091473760.0,1.377169132,1.0,0.0,1.0,0.7461802363,1.0,1.0,0.0,0.0,0.0,0.0,0.4611240029,0.5,1.0,0.0,1.130772948,0.0,0.0,0.0,0.0,2.0,2.0,1.0,0.0,1.0,1.02112079,0.0222445894,0.371608406,-0.0553453825,1.02112079,0.0222445894,0.371608406,-0.0553453825,1.02112079,0.0222445894,0.371608406,-0.0553453825,1.02112079,0.0222445894,0.371608406,-0.0553453825,1.02112079,0.0222445894,0.371608406,-0.0553453825,1.02112079,0.0222445894,0.371608406,-0.0553453825,1.02112079,0.0222445894,0.371608406,-0.0553453825,1.02112079,0.0222445894,0.371608406,-0.0553453825,1.02112079,0.0222445894,0.371608406,-0.0553453825,1.02112079,0.0222445894,0.371608406,-0.0553453825,1.02112079,0.0222445894,0.371608406,-0.0553453825,1.02112079,0.0222445894,0.371608406,-0.0553453825,1.02112079,0.0222445894,0.371608406,-0.0553453825,1.02112079,0.0222445894,0.371608406,-0.0553453825,1.02112079,0.0222445894,0.371608406,-0.0553453825,1.02112079,0.0222445894,0.371608406,-0.0553453825,1.02112079,0.0222445894,0.371608406,-0.0553453825,1.02112079,0.0222445894,0.371608406,-0.0553453825,1.02112079,0.0222445894,0.371608406,-0.0553453825,1.02112079,0.0222445894,0.371608406,-0.0553453825,1.0,1.0,1.0,0.0,0.0,0.0,0.0,4.0,0.0,0.0,0.0,0.461124,0.0,0.0,3.0,1.0,1.789393247826375e+18,1.0,0.0,0.0,0.0,10.0,0.0,0.0,0.0,1.0,0.0,0.0,0.0,1.0,0.0,1.0,1.780737510018285e+19,1.363203185561936e+19,0.0,0.0,0.0,0.0,0.0,0.0,0.0,0.0,0.0,1.0,127.0,1.0,1789393248.0389335
3793.0,1.7893932480489326e+18,46147101472881.0,1.367483258,1.0,0.0,1.0,0.6061729789,1.0,1.0,0.0,0.0,0.0,0.0,0.4711231291,0.5,1.0,0.0,1.130772948,0.0,0.0,0.0,0.0,2.0,2.0,1.0,0.0,1.0,1.02112079,0.0222445894,0.371608406,-0.0553453825,1.02112079,0.0222445894,0.371608406,-0.0553453825,1.02112079,0.0222445894,0.371608406,-0.0553453825,1.02112079,0.0222445894,0.371608406,-0.0553453825,1.02112079,0.0222445894,0.371608406,-0.0553453825,1.02112079,0.0222445894,0.371608406,-0.0553453825,1.02112079,0.0222445894,0.371608406,-0.0553453825,1.02112079,0.0222445894,0.371608406,-0.0553453825,1.02112079,0.0222445894,0.371608406,-0.0553453825,1.02112079,0.0222445894,0.371608406,-0.0553453825,1.02112079,0.0222445894,0.371608406,-0.0553453825,1.02112079,0.0222445894,0.371608406,-0.0553453825,1.02112079,0.0222445894,0.371608406,-0.0553453825,1.02112079,0.0222445894,0.371608406,-0.0553453825,1.02112079,0.0222445894,0.371608406,-0.0553453825,1.02112079,0.0222445894,0.371608406,-0.0553453825,1.02112079,0.0222445894,0.371608406,-0.0553453825,1.02112079,0.0222445894,0.371608406,-0.0553453825,1.02112079,0.0222445894,0.371608406,-0.0553453825,1.02112079,0.0222445894,0.371608406,-0.0553453825,1.0,1.0,1.0,0.0,0.0,0.0,0.0,4.0,0.0,0.0,0.0,0.471123,0.0,0.0,3.0,1.0,1.7893932479540355e+18,1.0,0.0,0.0,0.0,10.0,0.0,0.0,0.0,1.0,0.0,0.0,0.0,1.0,0.0,1.0,1.780737510018285e+19,1.363203185561936e+19,0.0,0.0,0.0,0.0,0.0,0.0,0.0,0.0,0.0,1.0,127.0,1.0,1789393248.0489326
3794.0,1.7893932480589117e+18,46147111451889.0,1.3576864,1.0,0.0,1.0,0.6061729789,1.0,1.0,0.0,0.0,0.0,0.0,0.481102258,0.5,1.0,0.0,1.130772948,0.0,0.0,0.0,0.0,2.0,2.0,1.0,0.0,1.0,1.02112079,0.0222445894,0.371608406,-0.0553453825,1.02112079,0.0222445894,0.371608406,-0.0553453825,1.02112079,0.0222445894,0.371608406,-0.0553453825,1.02112079,0.0222445894,0.371608406,-0.0553453825,1.02112079,0.0222445894,0.371608406,-0.0553453825,1.02112079,0.0222445894,0.371608406,-0.0553453825,1.02112079,0.0222445894,0.371608406,-0.0553453825,1.02112079,0.0222445894,0.371608406,-0.0553453825,1.02112079,0.0222445894,0.371608406,-0.0553453825,1.02112079,0.0222445894,0.371608406,-0.0553453825,1.02112079,0.0222445894,0.371608406,-0.0553453825,1.02112079,0.0222445894,0.371608406,-0.0553453825,1.02112079,0.0222445894,0.371608406,-0.0553453825,1.02112079,0.0222445894,0.371608406,-0.0553453825,1.02112079,0.0222445894,0.371608406,-0.0553453825,1.02112079,0.0222445894,0.371608406,-0.0553453825,1.02112079,0.0222445894,0.371608406,-0.0553453825,1.02112079,0.0222445894,0.371608406,-0.0553453825,1.02112079,0.0222445894,0.371608406,-0.0553453825,1.02112079,0.0222445894,0.371608406,-0.0553453825,1.0,1.0,1.0,0.0,0.0,0.0,0.0,4.0,0.0,0.0,0.0,0.481102,0.0,0.0,3.0,1.0,1.7893932479540355e+18,1.0,0.0,0.0,0.0,10.0,0.0,0.0,0.0,1.0,0.0,0.0,0.0,1.0,0.0,1.0,1.780737510018285e+19,1.363203185561936e+19,0.0,0.0,0.0,0.0,0.0,0.0,0.0,0.0,0.0,1.0,127.0,1.0,1789393248.0589118
3795.0,1.7893932480689385e+18,46147121478786.0,1.34817338,1.0,0.0,1.0,0.6061729789,1.0,1.0,0.0,0.0,0.0,0.0,0.4911291599,0.5,1.0,0.0,1.130772948,0.0,0.0,0.0,0.0,2.0,2.0,1.0,0.0,1.0,1.02112079,0.0222445894,0.371608406,-0.0553453825,1.02112079,0.0222445894,0.371608406,-0.0553453825,1.02112079,0.0222445894,0.371608406,-0.0553453825,1.02112079,0.0222445894,0.371608406,-0.0553453825,1.02112079,0.0222445894,0.371608406,-0.0553453825,1.02112079,0.0222445894,0.371608406,-0.0553453825,1.02112079,0.0222445894,0.371608406,-0.0553453825,1.02112079,0.0222445894,0.371608406,-0.0553453825,1.02112079,0.0222445894,0.371608406,-0.0553453825,1.02112079,0.0222445894,0.371608406,-0.0553453825,1.02112079,0.0222445894,0.371608406,-0.0553453825,1.02112079,0.0222445894,0.371608406,-0.0553453825,1.02112079,0.0222445894,0.371608406,-0.0553453825,1.02112079,0.0222445894,0.371608406,-0.0553453825,1.02112079,0.0222445894,0.371608406,-0.0553453825,1.02112079,0.0222445894,0.371608406,-0.0553453825,1.02112079,0.0222445894,0.371608406,-0.0553453825,1.02112079,0.0222445894,0.371608406,-0.0553453825,1.02112079,0.0222445894,0.371608406,-0.0553453825,1.02112079,0.0222445894,0.371608406,-0.0553453825,1.0,1.0,1.0,0.0,0.0,0.0,0.0,4.0,0.0,0.0,0.0,0.491129,0.0,0.0,3.0,1.0,1.7893932479540355e+18,1.0,0.0,0.0,0.0,10.0,0.0,0.0,0.0,1.0,0.0,0.0,0.0,1.0,0.0,1.0,1.780737510018285e+19,1.363203185561936e+19,0.0,0.0,0.0,0.0,0.0,0.0,0.0,0.0,0.0,1.0,127.0,1.0,1789393248.0689385
3796.0,1.7893932480789407e+18,46147131480939.0,1.337955594,1.0,0.0,1.0,0.6061729789,1.0,1.0,1.0,0.0,0.0,0.0,0.5011311173,0.5,1.0,0.0,1.118593335,0.0,0.0,0.0,0.0,2.0,2.0,1.0,0.0,1.0,1.02112079,0.0222445894,0.371608406,-0.0553453825,1.02112079,0.0222445894,0.371608406,-0.0553453825,1.02112079,0.0222445894,0.371608406,-0.0553453825,1.02112079,0.0222445894,0.371608406,-0.0553453825,1.02112079,0.0222445894,0.371608406,-0.0553453825,1.02112079,0.0222445894,0.371608406,-0.0553453825,1.02112079,0.0222445894,0.371608406,-0.0553453825,1.02112079,0.0222445894,0.371608406,-0.0553453825,1.02112079,0.0222445894,0.371608406,-0.0553453825,1.02112079,0.0222445894,0.371608406,-0.0553453825,1.02112079,0.0222445894,0.371608406,-0.0553453825,1.02112079,0.0222445894,0.371608406,-0.0553453825,1.02112079,0.0222445894,0.371608406,-0.0553453825,1.02112079,0.0222445894,0.371608406,-0.0553453825,1.02112079,0.0222445894,0.371608406,-0.0553453825,1.02112079,0.0222445894,0.371608406,-0.0553453825,1.02112079,0.0222445894,0.371608406,-0.0553453825,1.02112079,0.0222445894,0.371608406,-0.0553453825,1.02112079,0.0222445894,0.371608406,-0.0553453825,1.02112079,0.0222445894,0.371608406,-0.0553453825,1.0,1.0,1.0,0.0,0.0,0.0,0.0,4.0,0.0,0.0,0.0,0.501131,0.0,0.0,3.0,1.0,1.7893932479540355e+18,1.0,0.0,0.0,0.0,10.0,0.0,0.0,0.0,1.0,0.0,0.0,0.0,1.0,0.0,1.0,1.780737510018285e+19,1.363203185561936e+19,0.0,0.0,0.0,0.0,0.0,0.0,0.0,0.0,0.0,1.0,127.0,1.0,1789393248.0789406
3797.0,1.7893932480889216e+18,46147141461822.0,1.327877402,1.0,0.0,1.0,0.6061729789,1.0,1.0,0.0,0.0,0.0,0.0,0.5111119747,0.5,1.0,0.0,1.118593335,0.0,0.0,0.0,0.0,2.0,2.0,1.0,0.0,1.0,1.02112079,0.0222445894,0.371608406,-0.0553453825,1.02112079,0.0222445894,0.371608406,-0.0553453825,1.02112079,0.0222445894,0.371608406,-0.0553453825,1.02112079,0.0222445894,0.371608406,-0.0553453825,1.02112079,0.0222445894,0.371608406,-0.0553453825,1.02112079,0.0222445894,0.371608406,-0.0553453825,1.02112079,0.0222445894,0.371608406,-0.0553453825,1.02112079,0.0222445894,0.371608406,-0.0553453825,1.02112079,0.0222445894,0.371608406,-0.0553453825,1.02112079,0.0222445894,0.371608406,-0.0553453825,1.02112079,0.0222445894,0.371608406,-0.0553453825,1.02112079,0.0222445894,0.371608406,-0.0553453825,1.02112079,0.0222445894,0.371608406,-0.0553453825,1.02112079,0.0222445894,0.371608406,-0.0553453825,1.02112079,0.0222445894,0.371608406,-0.0553453825,1.02112079,0.0222445894,0.371608406,-0.0553453825,1.02112079,0.0222445894,0.371608406,-0.0553453825,1.02112079,0.0222445894,0.371608406,-0.0553453825,1.02112079,0.0222445894,0.371608406,-0.0553453825,1.02112079,0.0222445894,0.371608406,-0.0553453825,1.0,1.0,1.0,0.0,0.0,0.0,0.0,4.0,0.0,0.0,0.0,0.511112,0.0,0.0,3.0,1.0,1.7893932479540355e+18,1.0,0.0,0.0,0.0,10.0,0.0,0.0,0.0,1.0,0.0,0.0,0.0,1.0,0.0,1.0,1.780737510018285e+19,1.363203185561936e+19,0.0,0.0,0.0,0.0,0.0,0.0,0.0,0.0,0.0,1.0,127.0,1.0,1789393248.0889215
3798.0,1.7893932480989586e+18,46147151498825.0,1.317340493,1.0,0.0,1.0,0.6061729789,1.0,1.0,0.0,0.0,0.0,0.0,0.5211489201,0.5,1.0,0.0,1.118593335,0.0,0.0,0.0,0.0,2.0,2.0,1.0,0.0,1.0,1.02112079,0.0222445894,0.371608406,-0.0553453825,1.02112079,0.0222445894,0.371608406,-0.0553453825,1.02112079,0.0222445894,0.371608406,-0.0553453825,1.02112079,0.0222445894,0.371608406,-0.0553453825,1.02112079,0.0222445894,0.371608406,-0.0553453825,1.02112079,0.0222445894,0.371608406,-0.0553453825,1.02112079,0.0222445894,0.371608406,-0.0553453825,1.02112079,0.0222445894,0.371608406,-0.0553453825,1.02112079,0.0222445894,0.371608406,-0.0553453825,1.02112079,0.0222445894,0.371608406,-0.0553453825,1.02112079,0.0222445894,0.371608406,-0.0553453825,1.02112079,0.0222445894,0.371608406,-0.0553453825,1.02112079,0.0222445894,0.371608406,-0.0553453825,1.02112079,0.0222445894,0.371608406,-0.0553453825,1.02112079,0.0222445894,0.371608406,-0.0553453825,1.02112079,0.0222445894,0.371608406,-0.0553453825,1.02112079,0.0222445894,0.371608406,-0.0553453825,1.02112079,0.0222445894,0.371608406,-0.0553453825,1.02112079,0.0222445894,0.371608406,-0.0553453825,1.02112079,0.0222445894,0.371608406,-0.0553453825,1.0,1.0,1.0,0.0,0.0,0.0,0.0,4.0,0.0,0.0,0.0,0.521149,0.0,0.0,3.0,1.0,1.7893932479540355e+18,1.0,0.0,0.0,0.0,10.0,0.0,0.0,0.0,1.0,0.0,0.0,0.0,1.0,0.0,1.0,1.780737510018285e+19,1.363203185561936e+19,0.0,0.0,0.0,0.0,0.0,0.0,0.0,0.0,0.0,1.0,127.0,1.0,1789393248.0989585
3799.0,1.7893932481089582e+18,46147161498567.0,1.308089733,1.0,0.0,1.0,0.6061729789,1.0,1.0,0.0,0.0,0.0,0.0,0.5311489105,0.5,1.0,0.0,1.118593335,0.0,0.0,0.0,0.0,2.0,2.0,1.0,0.0,1.0,1.02112079,0.0222445894,0.371608406,-0.0553453825,1.02112079,0.0222445894,0.371608406,-0.0553453825,1.02112079,0.0222445894,0.371608406,-0.0553453825,1.02112079,0.0222445894,0.371608406,-0.0553453825,1.02112079,0.0222445894,0.371608406,-0.0553453825,1.02112079,0.0222445894,0.371608406,-0.0553453825,1.02112079,0.0222445894,0.371608406,-0.0553453825,1.02112079,0.0222445894,0.371608406,-0.0553453825,1.02112079,0.0222445894,0.371608406,-0.0553453825,1.02112079,0.0222445894,0.371608406,-0.0553453825,1.02112079,0.0222445894,0.371608406,-0.0553453825,1.02112079,0.0222445894,0.371608406,-0.0553453825,1.02112079,0.0222445894,0.371608406,-0.0553453825,1.02112079,0.0222445894,0.371608406,-0.0553453825,1.02112079,0.0222445894,0.371608406,-0.0553453825,1.02112079,0.0222445894,0.371608406,-0.0553453825,1.02112079,0.0222445894,0.371608406,-0.0553453825,1.02112079,0.0222445894,0.371608406,-0.0553453825,1.02112079,0.0222445894,0.371608406,-0.0553453825,1.02112079,0.0222445894,0.371608406,-0.0553453825,1.0,1.0,1.0,0.0,0.0,0.0,0.0,4.0,0.0,0.0,0.0,0.531149,0.0,0.0,3.0,1.0,1.7893932479540355e+18,1.0,0.0,0.0,0.0,10.0,0.0,0.0,0.0,1.0,0.0,0.0,0.0,1.0,0.0,1.0,1.780737510018285e+19,1.363203185561936e+19,0.0,0.0,0.0,0.0,0.0,0.0,0.0,0.0,0.0,1.0,127.0,1.0,1789393248.1089582
3800.0,1.7893932481189678e+18,46147171508100.0,1.297358155,1.0,0.0,1.0,0.6061729789,1.0,1.0,0.0,0.0,0.0,0.0,0.5411583185,0.5,1.0,0.0,1.118593335,0.0,0.0,0.0,0.0,2.0,2.0,1.0,0.0,1.0,1.02112079,0.0222445894,0.371608406,-0.0553453825,1.02112079,0.0222445894,0.371608406,-0.0553453825,1.02112079,0.0222445894,0.371608406,-0.0553453825,1.02112079,0.0222445894,0.371608406,-0.0553453825,1.02112079,0.0222445894,0.371608406,-0.0553453825,1.02112079,0.0222445894,0.371608406,-0.0553453825,1.02112079,0.0222445894,0.371608406,-0.0553453825,1.02112079,0.0222445894,0.371608406,-0.0553453825,1.02112079,0.0222445894,0.371608406,-0.0553453825,1.02112079,0.0222445894,0.371608406,-0.0553453825,1.02112079,0.0222445894,0.371608406,-0.0553453825,1.02112079,0.0222445894,0.371608406,-0.0553453825,1.02112079,0.0222445894,0.371608406,-0.0553453825,1.02112079,0.0222445894,0.371608406,-0.0553453825,1.02112079,0.0222445894,0.371608406,-0.0553453825,1.02112079,0.0222445894,0.371608406,-0.0553453825,1.02112079,0.0222445894,0.371608406,-0.0553453825,1.02112079,0.0222445894,0.371608406,-0.0553453825,1.02112079,0.0222445894,0.371608406,-0.0553453825,1.02112079,0.0222445894,0.371608406,-0.0553453825,1.0,1.0,1.0,0.0,0.0,0.0,0.0,4.0,0.0,0.0,0.0,0.541158,0.0,0.0,3.0,1.0,1.7893932479540355e+18,1.0,0.0,0.0,0.0,10.0,0.0,0.0,0.0,1.0,0.0,0.0,0.0,1.0,0.0,1.0,1.780737510018285e+19,1.363203185561936e+19,0.0,0.0,0.0,0.0,0.0,0.0,0.0,0.0,0.0,1.0,127.0,1.0,1789393248.1189678
3801.0,1.7893932481289603e+18,46147181500523.0,1.287397385,1.0,0.0,1.0,0.6061729789,1.0,1.0,0.0,0.0,0.0,0.0,0.5511507392,0.5,1.0,0.0,1.118593335,0.0,0.0,0.0,0.0,2.0,2.0,1.0,0.0,1.0,1.02112079,0.0222445894,0.371608406,-0.0553453825,1.02112079,0.0222445894,0.371608406,-0.0553453825,1.02112079,0.0222445894,0.371608406,-0.0553453825,1.02112079,0.0222445894,0.371608406,-0.0553453825,1.02112079,0.0222445894,0.371608406,-0.0553453825,1.02112079,0.0222445894,0.371608406,-0.0553453825,1.02112079,0.0222445894,0.371608406,-0.0553453825,1.02112079,0.0222445894,0.371608406,-0.0553453825,1.02112079,0.0222445894,0.371608406,-0.0553453825,1.02112079,0.0222445894,0.371608406,-0.0553453825,1.02112079,0.0222445894,0.371608406,-0.0553453825,1.02112079,0.0222445894,0.371608406,-0.0553453825,1.02112079,0.0222445894,0.371608406,-0.0553453825,1.02112079,0.0222445894,0.371608406,-0.0553453825,1.02112079,0.0222445894,0.371608406,-0.0553453825,1.02112079,0.0222445894,0.371608406,-0.0553453825,1.02112079,0.0222445894,0.371608406,-0.0553453825,1.02112079,0.0222445894,0.371608406,-0.0553453825,1.02112079,0.0222445894,0.371608406,-0.0553453825,1.02112079,0.0222445894,0.371608406,-0.0553453825,1.0,1.0,1.0,0.0,0.0,0.0,0.0,4.0,0.0,0.0,0.0,0.551151,0.0,0.0,3.0,1.0,1.7893932479540355e+18,1.0,0.0,0.0,0.0,10.0,0.0,0.0,0.0,1.0,0.0,0.0,0.0,1.0,0.0,1.0,1.780737510018285e+19,1.363203185561936e+19,0.0,0.0,0.0,0.0,0.0,0.0,0.0,0.0,0.0,1.0,127.0,1.0,1789393248.1289604
3802.0,1.7893932481389588e+18,46147191499135.0,1.277120709,1.0,0.0,1.0,0.6219006777,1.0,1.0,0.0,0.0,0.0,0.0,0.5611495376,0.5,1.0,0.0,1.118593335,0.0,0.0,0.0,0.0,2.0,2.0,1.0,0.0,1.0,1.02112079,0.0222445894,0.371608406,-0.0553453825,1.02112079,0.0222445894,0.371608406,-0.0553453825,1.02112079,0.0222445894,0.371608406,-0.0553453825,1.02112079,0.0222445894,0.371608406,-0.0553453825,1.02112079,0.0222445894,0.371608406,-0.0553453825,1.02112079,0.0222445894,0.371608406,-0.0553453825,1.02112079,0.0222445894,0.371608406,-0.0553453825,1.02112079,0.0222445894,0.371608406,-0.0553453825,1.02112079,0.0222445894,0.371608406,-0.0553453825,1.02112079,0.0222445894,0.371608406,-0.0553453825,1.02112079,0.0222445894,0.371608406,-0.0553453825,1.02112079,0.0222445894,0.371608406,-0.0553453825,1.02112079,0.0222445894,0.371608406,-0.0553453825,1.02112079,0.0222445894,0.371608406,-0.0553453825,1.02112079,0.0222445894,0.371608406,-0.0553453825,1.02112079,0.0222445894,0.371608406,-0.0553453825,1.02112079,0.0222445894,0.371608406,-0.0553453825,1.02112079,0.0222445894,0.371608406,-0.0553453825,1.02112079,0.0222445894,0.371608406,-0.0553453825,1.02112079,0.0222445894,0.371608406,-0.0553453825,1.0,1.0,1.0,0.0,0.0,0.0,0.0,4.0,0.0,0.0,0.0,0.56115,0.0,0.0,3.0,1.0,1.7893932479540355e+18,1.0,0.0,0.0,0.0,10.0,0.0,0.0,0.0,1.0,0.0,0.0,0.0,1.0,0.0,1.0,1.780737510018285e+19,1.363203185561936e+19,0.0,0.0,0.0,0.0,0.0,0.0,0.0,0.0,0.0,1.0,127.0,1.0,1789393248.138959
3803.0,1.7893932481489362e+18,46147201476547.0,1.267667651,1.0,0.0,1.0,0.6219006777,1.0,1.0,0.0,0.0,0.0,0.0,0.5711265802,0.5,1.0,0.0,1.118593335,0.0,0.0,0.0,0.0,2.0,2.0,1.0,0.0,1.0,1.02112079,0.0222445894,0.371608406,-0.0553453825,1.02112079,0.0222445894,0.371608406,-0.0553453825,1.02112079,0.0222445894,0.371608406,-0.0553453825,1.02112079,0.0222445894,0.371608406,-0.0553453825,1.02112079,0.0222445894,0.371608406,-0.0553453825,1.02112079,0.0222445894,0.371608406,-0.0553453825,1.02112079,0.0222445894,0.371608406,-0.0553453825,1.02112079,0.0222445894,0.371608406,-0.0553453825,1.02112079,0.0222445894,0.371608406,-0.0553453825,1.02112079,0.0222445894,0.371608406,-0.0553453825,1.02112079,0.0222445894,0.371608406,-0.0553453825,1.02112079,0.0222445894,0.371608406,-0.0553453825,1.02112079,0.0222445894,0.371608406,-0.0553453825,1.02112079,0.0222445894,0.371608406,-0.0553453825,1.02112079,0.0222445894,0.371608406,-0.0553453825,1.02112079,0.0222445894,0.371608406,-0.0553453825,1.02112079,0.0222445894,0.371608406,-0.0553453825,1.02112079,0.0222445894,0.371608406,-0.0553453825,1.02112079,0.0222445894,0.371608406,-0.0553453825,1.02112079,0.0222445894,0.371608406,-0.0553453825,1.0,1.0,1.0,0.0,0.0,0.0,0.0,4.0,0.0,0.0,0.0,0.571127,0.0,0.0,3.0,1.0,1.7893932480994488e+18,1.0,0.0,0.0,0.0,10.0,0.0,0.0,0.0,1.0,0.0,0.0,0.0,1.0,0.0,1.0,1.780737510018285e+19,1.363203185561936e+19,0.0,0.0,0.0,0.0,0.0,0.0,0.0,0.0,0.0,1.0,127.0,1.0,1789393248.1489363
3804.0,1.789393248159008e+18,46147211547963.0,1.257901311,1.0,0.0,1.0,0.6219006777,1.0,1.0,0.0,0.0,0.0,0.0,0.5811974406,0.5,1.0,0.0,1.118593335,0.0,0.0,0.0,0.0,2.0,2.0,1.0,0.0,1.0,1.02112079,0.0222445894,0.371608406,-0.0553453825,1.02112079,0.0222445894,0.371608406,-0.0553453825,1.02112079,0.0222445894,0.371608406,-0.0553453825,1.02112079,0.0222445894,0.371608406,-0.0553453825,1.02112079,0.0222445894,0.371608406,-0.0553453825,1.02112079,0.0222445894,0.371608406,-0.0553453825,1.02112079,0.0222445894,0.371608406,-0.0553453825,1.02112079,0.0222445894,0.371608406,-0.0553453825,1.02112079,0.0222445894,0.371608406,-0.0553453825,1.02112079,0.0222445894,0.371608406,-0.0553453825,1.02112079,0.0222445894,0.371608406,-0.0553453825,1.02112079,0.0222445894,0.371608406,-0.0553453825,1.02112079,0.0222445894,0.371608406,-0.0553453825,1.02112079,0.0222445894,0.371608406,-0.0553453825,1.02112079,0.0222445894,0.371608406,-0.0553453825,1.02112079,0.0222445894,0.371608406,-0.0553453825,1.02112079,0.0222445894,0.371608406,-0.0553453825,1.02112079,0.0222445894,0.371608406,-0.0553453825,1.02112079,0.0222445894,0.371608406,-0.0553453825,1.02112079,0.0222445894,0.371608406,-0.0553453825,1.0,1.0,1.0,0.0,0.0,0.0,0.0,4.0,0.0,0.0,0.0,0.581197,0.0,0.0,3.0,1.0,1.7893932480994488e+18,1.0,0.0,0.0,0.0,10.0,0.0,0.0,0.0,1.0,0.0,0.0,0.0,1.0,0.0,1.0,1.780737510018285e+19,1.363203185561936e+19,0.0,0.0,0.0,0.0,0.0,0.0,0.0,0.0,0.0,1.0,127.0,1.0,1789393248.159008
3805.0,1.7893932481689303e+18,46147221470693.0,1.247560978,1.0,0.0,1.0,0.6219006777,1.0,1.0,0.0,0.0,0.0,0.0,0.5911208987,0.5,1.0,0.0,1.118593335,0.0,0.0,0.0,0.0,2.0,2.0,1.0,0.0,1.0,1.02112079,0.0222445894,0.371608406,-0.0553453825,1.02112079,0.0222445894,0.371608406,-0.0553453825,1.02112079,0.0222445894,0.371608406,-0.0553453825,1.02112079,0.0222445894,0.371608406,-0.0553453825,1.02112079,0.0222445894,0.371608406,-0.0553453825,1.02112079,0.0222445894,0.371608406,-0.0553453825,1.02112079,0.0222445894,0.371608406,-0.0553453825,1.02112079,0.0222445894,0.371608406,-0.0553453825,1.02112079,0.0222445894,0.371608406,-0.0553453825,1.02112079,0.0222445894,0.371608406,-0.0553453825,1.02112079,0.0222445894,0.371608406,-0.0553453825,1.02112079,0.0222445894,0.371608406,-0.0553453825,1.02112079,0.0222445894,0.371608406,-0.0553453825,1.02112079,0.0222445894,0.371608406,-0.0553453825,1.02112079,0.0222445894,0.371608406,-0.0553453825,1.02112079,0.0222445894,0.371608406,-0.0553453825,1.02112079,0.0222445894,0.371608406,-0.0553453825,1.02112079,0.0222445894,0.371608406,-0.0553453825,1.02112079,0.0222445894,0.371608406,-0.0553453825,1.02112079,0.0222445894,0.371608406,-0.0553453825,1.0,1.0,1.0,0.0,0.0,0.0,0.0,4.0,0.0,0.0,0.0,0.591121,0.0,0.0,3.0,1.0,1.7893932480994488e+18,1.0,0.0,0.0,0.0,10.0,0.0,0.0,0.0,1.0,0.0,0.0,0.0,1.0,0.0,1.0,1.780737510018285e+19,1.363203185561936e+19,0.0,0.0,0.0,0.0,0.0,0.0,0.0,0.0,0.0,1.0,127.0,1.0,1789393248.1689303
3806.0,1.7893932481789412e+18,46147231481392.0,1.236208439,1.0,0.0,1.0,0.6219006777,1.0,1.0,1.0,0.0,0.0,0.0,0.6011314988,0.5,1.0,0.0,1.114652634,0.0,0.0,0.0,0.0,2.0,2.0,1.0,0.0,1.0,1.02112079,0.0222445894,0.371608406,-0.0553453825,1.02112079,0.0222445894,0.371608406,-0.0553453825,1.02112079,0.0222445894,0.371608406,-0.0553453825,1.02112079,0.0222445894,0.371608406,-0.0553453825,1.02112079,0.0222445894,0.371608406,-0.0553453825,1.02112079,0.0222445894,0.371608406,-0.0553453825,1.02112079,0.0222445894,0.371608406,-0.0553453825,1.02112079,0.0222445894,0.371608406,-0.0553453825,1.02112079,0.0222445894,0.371608406,-0.0553453825,1.02112079,0.0222445894,0.371608406,-0.0553453825,1.02112079,0.0222445894,0.371608406,-0.0553453825,1.02112079,0.0222445894,0.371608406,-0.0553453825,1.02112079,0.0222445894,0.371608406,-0.0553453825,1.02112079,0.0222445894,0.371608406,-0.0553453825,1.02112079,0.0222445894,0.371608406,-0.0553453825,1.02112079,0.0222445894,0.371608406,-0.0553453825,1.02112079,0.0222445894,0.371608406,-0.0553453825,1.02112079,0.0222445894,0.371608406,-0.0553453825,1.02112079,0.0222445894,0.371608406,-0.0553453825,1.02112079,0.0222445894,0.371608406,-0.0553453825,1.0,1.0,1.0,0.0,0.0,0.0,0.0,4.0,0.0,0.0,0.0,0.601131,0.0,0.0,3.0,1.0,1.7893932480994488e+18,1.0,0.0,0.0,0.0,10.0,0.0,0.0,0.0,1.0,0.0,0.0,0.0,1.0,0.0,1.0,1.780737510018285e+19,1.363203185561936e+19,0.0,0.0,0.0,0.0,0.0,0.0,0.0,0.0,0.0,1.0,127.0,1.0,1789393248.1789412
3807.0,1.7893932481889277e+18,46147241467964.0,1.224914074,1.0,0.0,1.0,0.6219006777,1.0,1.0,0.0,0.0,0.0,0.0,0.6111181974,0.5,1.0,0.0,1.114652634,0.0,0.0,0.0,0.0,2.0,2.0,1.0,0.0,1.0,1.02112079,0.0222445894,0.371608406,-0.0553453825,1.02112079,0.0222445894,0.371608406,-0.0553453825,1.02112079,0.0222445894,0.371608406,-0.0553453825,1.02112079,0.0222445894,0.371608406,-0.0553453825,1.02112079,0.0222445894,0.371608406,-0.0553453825,1.02112079,0.0222445894,0.371608406,-0.0553453825,1.02112079,0.0222445894,0.371608406,-0.0553453825,1.02112079,0.0222445894,0.371608406,-0.0553453825,1.02112079,0.0222445894,0.371608406,-0.0553453825,1.02112079,0.0222445894,0.371608406,-0.0553453825,1.02112079,0.0222445894,0.371608406,-0.0553453825,1.02112079,0.0222445894,0.371608406,-0.0553453825,1.02112079,0.0222445894,0.371608406,-0.0553453825,1.02112079,0.0222445894,0.371608406,-0.0553453825,1.02112079,0.0222445894,0.371608406,-0.0553453825,1.02112079,0.0222445894,0.371608406,-0.0553453825,1.02112079,0.0222445894,0.371608406,-0.0553453825,1.02112079,0.0222445894,0.371608406,-0.0553453825,1.02112079,0.0222445894,0.371608406,-0.0553453825,1.02112079,0.0222445894,0.371608406,-0.0553453825,1.0,1.0,1.0,0.0,0.0,0.0,0.0,4.0,0.0,0.0,0.0,0.611118,0.0,0.0,3.0,1.0,1.7893932480994488e+18,1.0,0.0,0.0,0.0,10.0,0.0,0.0,0.0,1.0,0.0,0.0,0.0,1.0,0.0,1.0,1.780737510018285e+19,1.363203185561936e+19,0.0,0.0,0.0,0.0,0.0,0.0,0.0,0.0,0.0,1.0,127.0,1.0,1789393248.1889277
3808.0,1.7893932481989253e+18,46147251465706.0,1.215144873,1.0,0.0,1.0,0.6219006777,1.0,1.0,0.0,0.0,0.0,0.0,0.6211158633,0.5,1.0,0.0,1.114652634,0.0,0.0,0.0,0.0,2.0,2.0,1.0,0.0,1.0,1.02112079,0.0222445894,0.371608406,-0.0553453825,1.02112079,0.0222445894,0.371608406,-0.0553453825,1.02112079,0.0222445894,0.371608406,-0.0553453825,1.02112079,0.0222445894,0.371608406,-0.0553453825,1.02112079,0.0222445894,0.371608406,-0.0553453825,1.02112079,0.0222445894,0.371608406,-0.0553453825,1.02112079,0.0222445894,0.371608406,-0.0553453825,1.02112079,0.0222445894,0.371608406,-0.0553453825,1.02112079,0.0222445894,0.371608406,-0.0553453825,1.02112079,0.0222445894,0.371608406,-0.0553453825,1.02112079,0.0222445894,0.371608406,-0.0553453825,1.02112079,0.0222445894,0.371608406,-0.0553453825,1.02112079,0.0222445894,0.371608406,-0.0553453825,1.02112079,0.0222445894,0.371608406,-0.0553453825,1.02112079,0.0222445894,0.371608406,-0.0553453825,1.02112079,0.0222445894,0.371608406,-0.0553453825,1.02112079,0.0222445894,0.371608406,-0.0553453825,1.02112079,0.0222445894,0.371608406,-0.0553453825,1.02112079,0.0222445894,0.371608406,-0.0553453825,1.02112079,0.0222445894,0.371608406,-0.0553453825,1.0,1.0,1.0,0.0,0.0,0.0,0.0,4.0,0.0,0.0,0.0,0.621116,0.0,0.0,3.0,1.0,1.7893932480994488e+18,1.0,0.0,0.0,0.0,10.0,0.0,0.0,0.0,1.0,0.0,0.0,0.0,1.0,0.0,1.0,1.780737510018285e+19,1.363203185561936e+19,0.0,0.0,0.0,0.0,0.0,0.0,0.0,0.0,0.0,1.0,127.0,1.0,1789393248.1989253
3809.0,1.7893932482089162e+18,46147261456582.0,1.204348922,1.0,0.0,1.0,0.6219006777,1.0,1.0,0.0,0.0,0.0,0.0,0.6311066747,0.5,1.0,0.0,1.114652634,0.0,0.0,0.0,0.0,2.0,2.0,1.0,0.0,1.0,1.02112079,0.0222445894,0.371608406,-0.0553453825,1.02112079,0.0222445894,0.371608406,-0.0553453825,1.02112079,0.0222445894,0.371608406,-0.0553453825,1.02112079,0.0222445894,0.371608406,-0.0553453825,1.02112079,0.0222445894,0.371608406,-0.0553453825,1.02112079,0.0222445894,0.371608406,-0.0553453825,1.02112079,0.0222445894,0.371608406,-0.0553453825,1.02112079,0.0222445894,0.371608406,-0.0553453825,1.02112079,0.0222445894,0.371608406,-0.0553453825,1.02112079,0.0222445894,0.371608406,-0.0553453825,1.02112079,0.0222445894,0.371608406,-0.0553453825,1.02112079,0.0222445894,0.371608406,-0.0553453825,1.02112079,0.0222445894,0.371608406,-0.0553453825,1.02112079,0.0222445894,0.371608406,-0.0553453825,1.02112079,0.0222445894,0.371608406,-0.0553453825,1.02112079,0.0222445894,0.371608406,-0.0553453825,1.02112079,0.0222445894,0.371608406,-0.0553453825,1.02112079,0.0222445894,0.371608406,-0.0553453825,1.02112079,0.0222445894,0.371608406,-0.0553453825,1.02112079,0.0222445894,0.371608406,-0.0553453825,1.0,1.0,1.0,0.0,0.0,0.0,0.0,4.0,0.0,0.0,0.0,0.631107,0.0,0.0,3.0,1.0,1.7893932480994488e+18,1.0,0.0,0.0,0.0,10.0,0.0,0.0,0.0,1.0,0.0,0.0,0.0,1.0,0.0,1.0,1.780737510018285e+19,1.363203185561936e+19,0.0,0.0,0.0,0.0,0.0,0.0,0.0,0.0,0.0,1.0,127.0,1.0,1789393248.2089162
3810.0,1.7893932482189087e+18,46147271448858.0,1.194210172,1.0,0.0,1.0,0.6219006777,1.0,1.0,0.0,0.0,0.0,0.0,0.6410990953,0.5,1.0,0.0,1.114652634,0.0,0.0,0.0,0.0,2.0,2.0,1.0,0.0,1.0,1.02112079,0.0222445894,0.371608406,-0.0553453825,1.02112079,0.0222445894,0.371608406,-0.0553453825,1.02112079,0.0222445894,0.371608406,-0.0553453825,1.02112079,0.0222445894,0.371608406,-0.0553453825,1.02112079,0.0222445894,0.371608406,-0.0553453825,1.02112079,0.0222445894,0.371608406,-0.0553453825,1.02112079,0.0222445894,0.371608406,-0.0553453825,1.02112079,0.0222445894,0.371608406,-0.0553453825,1.02112079,0.0222445894,0.371608406,-0.0553453825,1.02112079,0.0222445894,0.371608406,-0.0553453825,1.02112079,0.0222445894,0.371608406,-0.0553453825,1.02112079,0.0222445894,0.371608406,-0.0553453825,1.02112079,0.0222445894,0.371608406,-0.0553453825,1.02112079,0.0222445894,0.371608406,-0.0553453825,1.02112079,0.0222445894,0.371608406,-0.0553453825,1.02112079,0.0222445894,0.371608406,-0.0553453825,1.02112079,0.0222445894,0.371608406,-0.0553453825,1.02112079,0.0222445894,0.371608406,-0.0553453825,1.02112079,0.0222445894,0.371608406,-0.0553453825,1.02112079,0.0222445894,0.371608406,-0.0553453825,1.0,1.0,1.0,0.0,0.0,0.0,0.0,4.0,0.0,0.0,0.0,0.641099,0.0,0.0,3.0,1.0,1.7893932480994488e+18,1.0,0.0,0.0,0.0,10.0,0.0,0.0,0.0,1.0,0.0,0.0,0.0,1.0,0.0,1.0,1.780737510018285e+19,1.363203185561936e+19,0.0,0.0,0.0,0.0,0.0,0.0,0.0,0.0,0.0,1.0,127.0,1.0,1789393248.2189088
3811.0,1.7893932482289068e+18,46147281446986.0,1.183355331,1.0,0.0,1.0,0.6219006777,1.0,1.0,0.0,0.0,0.0,0.0,0.6510972381,0.5,1.0,0.0,1.114652634,0.0,0.0,0.0,0.0,2.0,2.0,1.0,0.0,1.0,1.02112079,0.0222445894,0.371608406,-0.0553453825,1.02112079,0.0222445894,0.371608406,-0.0553453825,1.02112079,0.0222445894,0.371608406,-0.0553453825,1.02112079,0.0222445894,0.371608406,-0.0553453825,1.02112079,0.0222445894,0.371608406,-0.0553453825,1.02112079,0.0222445894,0.371608406,-0.0553453825,1.02112079,0.0222445894,0.371608406,-0.0553453825,1.02112079,0.0222445894,0.371608406,-0.0553453825,1.02112079,0.0222445894,0.371608406,-0.0553453825,1.02112079,0.0222445894,0.371608406,-0.0553453825,1.02112079,0.0222445894,0.371608406,-0.0553453825,1.02112079,0.0222445894,0.371608406,-0.0553453825,1.02112079,0.0222445894,0.371608406,-0.0553453825,1.02112079,0.0222445894,0.371608406,-0.0553453825,1.02112079,0.0222445894,0.371608406,-0.0553453825,1.02112079,0.0222445894,0.371608406,-0.0553453825,1.02112079,0.0222445894,0.371608406,-0.0553453825,1.02112079,0.0222445894,0.371608406,-0.0553453825,1.02112079,0.0222445894,0.371608406,-0.0553453825,1.02112079,0.0222445894,0.371608406,-0.0553453825,1.0,1.0,1.0,0.0,0.0,0.0,0.0,4.0,0.0,0.0,0.0,0.651097,0.0,0.0,3.0,1.0,1.7893932480994488e+18,1.0,0.0,0.0,0.0,10.0,0.0,0.0,0.0,1.0,0.0,0.0,0.0,1.0,0.0,1.0,1.780737510018285e+19,1.363203185561936e+19,0.0,0.0,0.0,0.0,0.0,0.0,0.0,0.0,0.0,1.0,127.0,1.0,1789393248.2289069
3812.0,1.78939324823891e+18,46147291450121.0,1.172959328,1.0,0.0,1.0,0.7299832106,1.0,1.0,0.0,0.0,0.0,0.0,0.6611003876,0.5,1.0,0.0,1.114652634,0.0,0.0,0.0,0.0,2.0,2.0,1.0,0.0,1.0,1.02112079,0.0222445894,0.371608406,-0.0553453825,1.02112079,0.0222445894,0.371608406,-0.0553453825,1.02112079,0.0222445894,0.371608406,-0.0553453825,1.02112079,0.0222445894,0.371608406,-0.0553453825,1.02112079,0.0222445894,0.371608406,-0.0553453825,1.02112079,0.0222445894,0.371608406,-0.0553453825,1.02112079,0.0222445894,0.371608406,-0.0553453825,1.02112079,0.0222445894,0.371608406,-0.0553453825,1.02112079,0.0222445894,0.371608406,-0.0553453825,1.02112079,0.0222445894,0.371608406,-0.0553453825,1.02112079,0.0222445894,0.371608406,-0.0553453825,1.02112079,0.0222445894,0.371608406,-0.0553453825,1.02112079,0.0222445894,0.371608406,-0.0553453825,1.02112079,0.0222445894,0.371608406,-0.0553453825,1.02112079,0.0222445894,0.371608406,-0.0553453825,1.02112079,0.0222445894,0.371608406,-0.0553453825,1.02112079,0.0222445894,0.371608406,-0.0553453825,1.02112079,0.0222445894,0.371608406,-0.0553453825,1.02112079,0.0222445894,0.371608406,-0.0553453825,1.02112079,0.0222445894,0.371608406,-0.0553453825,1.0,1.0,1.0,0.0,0.0,0.0,0.0,4.0,0.0,0.0,0.0,0.6611,0.0,0.0,3.0,1.0,1.7893932480994488e+18,1.0,0.0,0.0,0.0,10.0,0.0,0.0,0.0,1.0,0.0,0.0,0.0,1.0,0.0,1.0,1.780737510018285e+19,1.363203185561936e+19,0.0,0.0,0.0,0.0,0.0,0.0,0.0,0.0,0.0,1.0,127.0,1.0,1789393248.23891
3813.0,1.7893932482489155e+18,46147301455705.0,1.163626432,1.0,0.0,1.0,0.7299832106,1.0,1.0,0.0,0.0,0.0,0.0,0.6711058021,0.5,1.0,0.0,1.114652634,0.0,0.0,0.0,0.0,2.0,2.0,1.0,0.0,1.0,1.02112079,0.0222445894,0.371608406,-0.0553453825,1.02112079,0.0222445894,0.371608406,-0.0553453825,1.02112079,0.0222445894,0.371608406,-0.0553453825,1.02112079,0.0222445894,0.371608406,-0.0553453825,1.02112079,0.0222445894,0.371608406,-0.0553453825,1.02112079,0.0222445894,0.371608406,-0.0553453825,1.02112079,0.0222445894,0.371608406,-0.0553453825,1.02112079,0.0222445894,0.371608406,-0.0553453825,1.02112079,0.0222445894,0.371608406,-0.0553453825,1.02112079,0.0222445894,0.371608406,-0.0553453825,1.02112079,0.0222445894,0.371608406,-0.0553453825,1.02112079,0.0222445894,0.371608406,-0.0553453825,1.02112079,0.0222445894,0.371608406,-0.0553453825,1.02112079,0.0222445894,0.371608406,-0.0553453825,1.02112079,0.0222445894,0.371608406,-0.0553453825,1.02112079,0.0222445894,0.371608406,-0.0553453825,1.02112079,0.0222445894,0.371608406,-0.0553453825,1.02112079,0.0222445894,0.371608406,-0.0553453825,1.02112079,0.0222445894,0.371608406,-0.0553453825,1.02112079,0.0222445894,0.371608406,-0.0553453825,1.0,1.0,1.0,0.0,0.0,0.0,0.0,4.0,0.0,0.0,0.0,0.671106,0.0,0.0,3.0,1.0,1.7893932482089836e+18,1.0,0.0,0.0,0.0,10.0,0.0,0.0,0.0,1.0,0.0,0.0,0.0,1.0,0.0,1.0,1.780737510018285e+19,1.363203185561936e+19,0.0,0.0,0.0,0.0,0.0,0.0,0.0,0.0,0.0,1.0,127.0,1.0,1789393248.2489154
3814.0,1.789393248258907e+18,46147311447120.0,1.152511239,1.0,0.0,1.0,0.7299832106,1.0,1.0,0.0,0.0,0.0,0.0,0.6810974479,0.5,1.0,0.0,1.114652634,0.0,0.0,0.0,0.0,2.0,2.0,1.0,0.0,1.0,1.02112079,0.0222445894,0.371608406,-0.0553453825,1.02112079,0.0222445894,0.371608406,-0.0553453825,1.02112079,0.0222445894,0.371608406,-0.0553453825,1.02112079,0.0222445894,0.371608406,-0.0553453825,1.02112079,0.0222445894,0.371608406,-0.0553453825,1.02112079,0.0222445894,0.371608406,-0.0553453825,1.02112079,0.0222445894,0.371608406,-0.0553453825,1.02112079,0.0222445894,0.371608406,-0.0553453825,1.02112079,0.0222445894,0.371608406,-0.0553453825,1.02112079,0.0222445894,0.371608406,-0.0553453825,1.02112079,0.0222445894,0.371608406,-0.0553453825,1.02112079,0.0222445894,0.371608406,-0.0553453825,1.02112079,0.0222445894,0.371608406,-0.0553453825,1.02112079,0.0222445894,0.371608406,-0.0553453825,1.02112079,0.0222445894,0.371608406,-0.0553453825,1.02112079,0.0222445894,0.371608406,-0.0553453825,1.02112079,0.0222445894,0.371608406,-0.0553453825,1.02112079,0.0222445894,0.371608406,-0.0553453825,1.02112079,0.0222445894,0.371608406,-0.0553453825,1.02112079,0.0222445894,0.371608406,-0.0553453825,1.0,1.0,1.0,0.0,0.0,0.0,0.0,4.0,0.0,0.0,0.0,0.681097,0.0,0.0,3.0,1.0,1.7893932482089836e+18,1.0,0.0,0.0,0.0,10.0,0.0,0.0,0.0,1.0,0.0,0.0,0.0,1.0,0.0,1.0,1.780737510018285e+19,1.363203185561936e+19,0.0,0.0,0.0,0.0,0.0,0.0,0.0,0.0,0.0,1.0,127.0,1.0,1789393248.2589068
3815.0,1.7893932482689364e+18,46147321476749.0,1.141643643,1.0,0.0,1.0,0.7299832106,1.0,1.0,0.0,0.0,0.0,0.0,0.6911267638,0.5,1.0,0.0,1.114652634,0.0,0.0,0.0,0.0,2.0,2.0,1.0,0.0,1.0,1.02112079,0.0222445894,0.371608406,-0.0553453825,1.02112079,0.0222445894,0.371608406,-0.0553453825,1.02112079,0.0222445894,0.371608406,-0.0553453825,1.02112079,0.0222445894,0.371608406,-0.0553453825,1.02112079,0.0222445894,0.371608406,-0.0553453825,1.02112079,0.0222445894,0.371608406,-0.0553453825,1.02112079,0.0222445894,0.371608406,-0.0553453825,1.02112079,0.0222445894,0.371608406,-0.0553453825,1.02112079,0.0222445894,0.371608406,-0.0553453825,1.02112079,0.0222445894,0.371608406,-0.0553453825,1.02112079,0.0222445894,0.371608406,-0.0553453825,1.02112079,0.0222445894,0.371608406,-0.0553453825,1.02112079,0.0222445894,0.371608406,-0.0553453825,1.02112079,0.0222445894,0.371608406,-0.0553453825,1.02112079,0.0222445894,0.371608406,-0.0553453825,1.02112079,0.0222445894,0.371608406,-0.0553453825,1.02112079,0.0222445894,0.371608406,-0.0553453825,1.02112079,0.0222445894,0.371608406,-0.0553453825,1.02112079,0.0222445894,0.371608406,-0.0553453825,1.02112079,0.0222445894,0.371608406,-0.0553453825,1.0,1.0,1.0,0.0,0.0,0.0,0.0,4.0,0.0,0.0,0.0,0.691127,0.0,0.0,3.0,1.0,1.7893932482089836e+18,1.0,0.0,0.0,0.0,10.0,0.0,0.0,0.0,1.0,0.0,0.0,0.0,1.0,0.0,1.0,1.780737510018285e+19,1.363203185561936e+19,0.0,0.0,0.0,0.0,0.0,0.0,0.0,0.0,0.0,1.0,127.0,1.0,1789393248.2689364
3816.0,1.7893932482789256e+18,46147331465908.0,1.131379008,1.0,0.0,1.0,0.7299832106,1.0,1.0,1.0,0.0,0.0,0.0,0.7011162639,0.5,1.0,0.0,1.111365676,0.0,0.0,0.0,0.0,2.0,2.0,1.0,0.0,1.0,1.02112079,0.0222445894,0.371608406,-0.0553453825,1.02112079,0.0222445894,0.371608406,-0.0553453825,1.02112079,0.0222445894,0.371608406,-0.0553453825,1.02112079,0.0222445894,0.371608406,-0.0553453825,1.02112079,0.0222445894,0.371608406,-0.0553453825,1.02112079,0.0222445894,0.371608406,-0.0553453825,1.02112079,0.0222445894,0.371608406,-0.0553453825,1.02112079,0.0222445894,0.371608406,-0.0553453825,1.02112079,0.0222445894,0.371608406,-0.0553453825,1.02112079,0.0222445894,0.371608406,-0.0553453825,1.02112079,0.0222445894,0.371608406,-0.0553453825,1.02112079,0.0222445894,0.371608406,-0.0553453825,1.02112079,0.0222445894,0.371608406,-0.0553453825,1.02112079,0.0222445894,0.371608406,-0.0553453825,1.02112079,0.0222445894,0.371608406,-0.0553453825,1.02112079,0.0222445894,0.371608406,-0.0553453825,1.02112079,0.0222445894,0.371608406,-0.0553453825,1.02112079,0.0222445894,0.371608406,-0.0553453825,1.02112079,0.0222445894,0.371608406,-0.0553453825,1.02112079,0.0222445894,0.371608406,-0.0553453825,1.0,1.0,1.0,0.0,0.0,0.0,0.0,4.0,0.0,0.0,0.0,0.701116,0.0,0.0,3.0,1.0,1.7893932482089836e+18,1.0,0.0,0.0,0.0,10.0,0.0,0.0,0.0,1.0,0.0,0.0,0.0,1.0,0.0,1.0,1.780737510018285e+19,1.363203185561936e+19,0.0,0.0,0.0,0.0,0.0,0.0,0.0,0.0,0.0,1.0,127.0,1.0,1789393248.2789257
3817.0,1.789393248288901e+18,46147341441355.0,1.121275902,1.0,0.0,1.0,0.7299832106,1.0,1.0,0.0,0.0,0.0,0.0,0.7110917568,0.5,1.0,0.0,1.111365676,0.0,0.0,0.0,0.0,2.0,2.0,1.0,0.0,1.0,1.02112079,0.0222445894,0.371608406,-0.0553453825,1.02112079,0.0222445894,0.371608406,-0.0553453825,1.02112079,0.0222445894,0.371608406,-0.0553453825,1.02112079,0.0222445894,0.371608406,-0.0553453825,1.02112079,0.0222445894,0.371608406,-0.0553453825,1.02112079,0.0222445894,0.371608406,-0.0553453825,1.02112079,0.0222445894,0.371608406,-0.0553453825,1.02112079,0.0222445894,0.371608406,-0.0553453825,1.02112079,0.0222445894,0.371608406,-0.0553453825,1.02112079,0.0222445894,0.371608406,-0.0553453825,1.02112079,0.0222445894,0.371608406,-0.0553453825,1.02112079,0.0222445894,0.371608406,-0.0553453825,1.02112079,0.0222445894,0.371608406,-0.0553453825,1.02112079,0.0222445894,0.371608406,-0.0553453825,1.02112079,0.0222445894,0.371608406,-0.0553453825,1.02112079,0.0222445894,0.371608406,-0.0553453825,1.02112079,0.0222445894,0.371608406,-0.0553453825,1.02112079,0.0222445894,0.371608406,-0.0553453825,1.02112079,0.0222445894,0.371608406,-0.0553453825,1.02112079,0.0222445894,0.371608406,-0.0553453825,1.0,1.0,1.0,0.0,0.0,0.0,0.0,4.0,0.0,0.0,0.0,0.711092,0.0,0.0,3.0,1.0,1.7893932482089836e+18,1.0,0.0,0.0,0.0,10.0,0.0,0.0,0.0,1.0,0.0,0.0,0.0,1.0,0.0,1.0,1.780737510018285e+19,1.363203185561936e+19,0.0,0.0,0.0,0.0,0.0,0.0,0.0,0.0,0.0,1.0,127.0,1.0,1789393248.288901
3818.0,1.7893932482989056e+18,46147351445963.0,1.110367537,1.0,0.0,1.0,0.7299832106,1.0,1.0,0.0,0.0,0.0,0.0,0.7210962176,0.5,1.0,0.0,1.111365676,0.0,0.0,0.0,0.0,2.0,2.0,1.0,0.0,1.0,1.02112079,0.0222445894,0.371608406,-0.0553453825,1.02112079,0.0222445894,0.371608406,-0.0553453825,1.02112079,0.0222445894,0.371608406,-0.0553453825,1.02112079,0.0222445894,0.371608406,-0.0553453825,1.02112079,0.0222445894,0.371608406,-0.0553453825,1.02112079,0.0222445894,0.371608406,-0.0553453825,1.02112079,0.0222445894,0.371608406,-0.0553453825,1.02112079,0.0222445894,0.371608406,-0.0553453825,1.02112079,0.0222445894,0.371608406,-0.0553453825,1.02112079,0.0222445894,0.371608406,-0.0553453825,1.02112079,0.0222445894,0.371608406,-0.0553453825,1.02112079,0.0222445894,0.371608406,-0.0553453825,1.02112079,0.0222445894,0.371608406,-0.0553453825,1.02112079,0.0222445894,0.371608406,-0.0553453825,1.02112079,0.0222445894,0.371608406,-0.0553453825,1.02112079,0.0222445894,0.371608406,-0.0553453825,1.02112079,0.0222445894,0.371608406,-0.0553453825,1.02112079,0.0222445894,0.371608406,-0.0553453825,1.02112079,0.0222445894,0.371608406,-0.0553453825,1.02112079,0.0222445894,0.371608406,-0.0553453825,1.0,1.0,1.0,0.0,0.0,0.0,0.0,4.0,0.0,0.0,0.0,0.721096,0.0,0.0,3.0,1.0,1.7893932482089836e+18,1.0,0.0,0.0,0.0,10.0,0.0,0.0,0.0,1.0,0.0,0.0,0.0,1.0,0.0,1.0,1.780737510018285e+19,1.363203185561936e+19,0.0,0.0,0.0,0.0,0.0,0.0,0.0,0.0,0.0,1.0,127.0,1.0,1789393248.2989056
3819.0,1.7893932483089766e+18,46147361517017.0,1.099318981,1.0,0.0,1.0,0.7299832106,1.0,1.0,0.0,0.0,0.0,0.0,0.7311670184,0.5,1.0,0.0,1.111365676,0.0,0.0,0.0,0.0,2.0,2.0,1.0,0.0,1.0,1.02112079,0.0222445894,0.371608406,-0.0553453825,1.02112079,0.0222445894,0.371608406,-0.0553453825,1.02112079,0.0222445894,0.371608406,-0.0553453825,1.02112079,0.0222445894,0.371608406,-0.0553453825,1.02112079,0.0222445894,0.371608406,-0.0553453825,1.02112079,0.0222445894,0.371608406,-0.0553453825,1.02112079,0.0222445894,0.371608406,-0.0553453825,1.02112079,0.0222445894,0.371608406,-0.0553453825,1.02112079,0.0222445894,0.371608406,-0.0553453825,1.02112079,0.0222445894,0.371608406,-0.0553453825,1.02112079,0.0222445894,0.371608406,-0.0553453825,1.02112079,0.0222445894,0.371608406,-0.0553453825,1.02112079,0.0222445894,0.371608406,-0.0553453825,1.02112079,0.0222445894,0.371608406,-0.0553453825,1.02112079,0.0222445894,0.371608406,-0.0553453825,1.02112079,0.0222445894,0.371608406,-0.0553453825,1.02112079,0.0222445894,0.371608406,-0.0553453825,1.02112079,0.0222445894,0.371608406,-0.0553453825,1.02112079,0.0222445894,0.371608406,-0.0553453825,1.02112079,0.0222445894,0.371608406,-0.0553453825,1.0,1.0,1.0,0.0,0.0,0.0,0.0,4.0,0.0,0.0,0.0,0.731167,0.0,0.0,3.0,1.0,1.7893932482089836e+18,1.0,0.0,0.0,0.0,10.0,0.0,0.0,0.0,1.0,0.0,0.0,0.0,1.0,0.0,1.0,1.780737510018285e+19,1.363203185561936e+19,0.0,0.0,0.0,0.0,0.0,0.0,0.0,0.0,0.0,1.0,127.0,1.0,1789393248.3089767
3820.0,1.7893932483189652e+18,46147371505598.0,1.089823604,1.0,0.0,1.0,0.7299832106,1.0,1.0,0.0,0.0,0.0,0.0,0.741155684,0.5,1.0,0.0,1.111365676,0.0,0.0,0.0,0.0,2.0,2.0,1.0,0.0,1.0,1.02112079,0.0222445894,0.371608406,-0.0553453825,1.02112079,0.0222445894,0.371608406,-0.0553453825,1.02112079,0.0222445894,0.371608406,-0.0553453825,1.02112079,0.0222445894,0.371608406,-0.0553453825,1.02112079,0.0222445894,0.371608406,-0.0553453825,1.02112079,0.0222445894,0.371608406,-0.0553453825,1.02112079,0.0222445894,0.371608406,-0.0553453825,1.02112079,0.0222445894,0.371608406,-0.0553453825,1.02112079,0.0222445894,0.371608406,-0.0553453825,1.02112079,0.0222445894,0.371608406,-0.0553453825,1.02112079,0.0222445894,0.371608406,-0.0553453825,1.02112079,0.0222445894,0.371608406,-0.0553453825,1.02112079,0.0222445894,0.371608406,-0.0553453825,1.02112079,0.0222445894,0.371608406,-0.0553453825,1.02112079,0.0222445894,0.371608406,-0.0553453825,1.02112079,0.0222445894,0.371608406,-0.0553453825,1.02112079,0.0222445894,0.371608406,-0.0553453825,1.02112079,0.0222445894,0.371608406,-0.0553453825,1.02112079,0.0222445894,0.371608406,-0.0553453825,1.02112079,0.0222445894,0.371608406,-0.0553453825,1.0,1.0,1.0,0.0,0.0,0.0,0.0,4.0,0.0,0.0,0.0,0.741156,0.0,0.0,3.0,1.0,1.7893932482089836e+18,1.0,0.0,0.0,0.0,10.0,0.0,0.0,0.0,1.0,0.0,0.0,0.0,1.0,0.0,1.0,1.780737510018285e+19,1.363203185561936e+19,0.0,0.0,0.0,0.0,0.0,0.0,0.0,0.0,0.0,1.0,127.0,1.0,1789393248.3189652
3821.0,1.789393248328991e+18,46147381531180.0,1.079647899,1.0,0.0,1.0,0.7299832106,1.0,1.0,0.0,0.0,0.0,0.0,0.7511814833,0.5,1.0,0.0,1.111365676,0.0,0.0,0.0,0.0,2.0,2.0,1.0,0.0,1.0,1.02112079,0.0222445894,0.371608406,-0.0553453825,1.02112079,0.0222445894,0.371608406,-0.0553453825,1.02112079,0.0222445894,0.371608406,-0.0553453825,1.02112079,0.0222445894,0.371608406,-0.0553453825,1.02112079,0.0222445894,0.371608406,-0.0553453825,1.02112079,0.0222445894,0.371608406,-0.0553453825,1.02112079,0.0222445894,0.371608406,-0.0553453825,1.02112079,0.0222445894,0.371608406,-0.0553453825,1.02112079,0.0222445894,0.371608406,-0.0553453825,1.02112079,0.0222445894,0.371608406,-0.0553453825,1.02112079,0.0222445894,0.371608406,-0.0553453825,1.02112079,0.0222445894,0.371608406,-0.0553453825,1.02112079,0.0222445894,0.371608406,-0.0553453825,1.02112079,0.0222445894,0.371608406,-0.0553453825,1.02112079,0.0222445894,0.371608406,-0.0553453825,1.02112079,0.0222445894,0.371608406,-0.0553453825,1.02112079,0.0222445894,0.371608406,-0.0553453825,1.02112079,0.0222445894,0.371608406,-0.0553453825,1.02112079,0.0222445894,0.371608406,-0.0553453825,1.02112079,0.0222445894,0.371608406,-0.0553453825,1.0,1.0,1.0,0.0,0.0,0.0,0.0,4.0,0.0,0.0,0.0,0.751181,0.0,0.0,3.0,1.0,1.7893932482089836e+18,1.0,0.0,0.0,0.0,10.0,0.0,0.0,0.0,1.0,0.0,0.0,0.0,1.0,0.0,1.0,1.780737510018285e+19,1.363203185561936e+19,0.0,0.0,0.0,0.0,0.0,0.0,0.0,0.0,0.0,1.0,127.0,1.0,1789393248.328991
3822.0,1.7893932483389612e+18,46147391501447.0,1.069312334,1.0,0.0,1.0,0.7299832106,1.0,1.0,0.0,0.0,0.0,0.0,0.7611516714,0.5,1.0,0.0,1.111365676,0.0,0.0,0.0,0.0,2.0,2.0,1.0,0.0,1.0,1.02112079,0.0222445894,0.371608406,-0.0553453825,1.02112079,0.0222445894,0.371608406,-0.0553453825,1.02112079,0.0222445894,0.371608406,-0.0553453825,1.02112079,0.0222445894,0.371608406,-0.0553453825,1.02112079,0.0222445894,0.371608406,-0.0553453825,1.02112079,0.0222445894,0.371608406,-0.0553453825,1.02112079,0.0222445894,0.371608406,-0.0553453825,1.02112079,0.0222445894,0.371608406,-0.0553453825,1.02112079,0.0222445894,0.371608406,-0.0553453825,1.02112079,0.0222445894,0.371608406,-0.0553453825,1.02112079,0.0222445894,0.371608406,-0.0553453825,1.02112079,0.0222445894,0.371608406,-0.0553453825,1.02112079,0.0222445894,0.371608406,-0.0553453825,1.02112079,0.0222445894,0.371608406,-0.0553453825,1.02112079,0.0222445894,0.371608406,-0.0553453825,1.02112079,0.0222445894,0.371608406,-0.0553453825,1.02112079,0.0222445894,0.371608406,-0.0553453825,1.02112079,0.0222445894,0.371608406,-0.0553453825,1.02112079,0.0222445894,0.371608406,-0.0553453825,1.02112079,0.0222445894,0.371608406,-0.0553453825,1.0,1.0,1.0,0.0,0.0,0.0,0.0,4.0,0.0,0.0,0.0,0.761152,0.0,0.0,3.0,1.0,1.7893932482089836e+18,1.0,0.0,0.0,0.0,10.0,0.0,0.0,0.0,1.0,0.0,0.0,0.0,1.0,0.0,1.0,1.780737510018285e+19,1.363203185561936e+19,0.0,0.0,0.0,0.0,0.0,0.0,0.0,0.0,0.0,1.0,127.0,1.0,1789393248.3389611
3823.0,1.7893932483489446e+18,46147401484809.0,1.059843659,1.0,0.0,1.0,0.7005127072,1.0,1.0,0.0,0.0,0.0,0.0,0.7711347938,0.5,1.0,0.0,1.111365676,0.0,0.0,0.0,0.0,2.0,2.0,1.0,0.0,1.0,1.02112079,0.0222445894,0.371608406,-0.0553453825,1.02112079,0.0222445894,0.371608406,-0.0553453825,1.02112079,0.0222445894,0.371608406,-0.0553453825,1.02112079,0.0222445894,0.371608406,-0.0553453825,1.02112079,0.0222445894,0.371608406,-0.0553453825,1.02112079,0.0222445894,0.371608406,-0.0553453825,1.02112079,0.0222445894,0.371608406,-0.0553453825,1.02112079,0.0222445894,0.371608406,-0.0553453825,1.02112079,0.0222445894,0.371608406,-0.0553453825,1.02112079,0.0222445894,0.371608406,-0.0553453825,1.02112079,0.0222445894,0.371608406,-0.0553453825,1.02112079,0.0222445894,0.371608406,-0.0553453825,1.02112079,0.0222445894,0.371608406,-0.0553453825,1.02112079,0.0222445894,0.371608406,-0.0553453825,1.02112079,0.0222445894,0.371608406,-0.0553453825,1.02112079,0.0222445894,0.371608406,-0.0553453825,1.02112079,0.0222445894,0.371608406,-0.0553453825,1.02112079,0.0222445894,0.371608406,-0.0553453825,1.02112079,0.0222445894,0.371608406,-0.0553453825,1.02112079,0.0222445894,0.371608406,-0.0553453825,1.0,1.0,1.0,0.0,0.0,0.0,0.0,4.0,0.0,0.0,0.0,0.771135,0.0,0.0,3.0,1.0,1.7893932483335813e+18,1.0,0.0,0.0,0.0,10.0,0.0,0.0,0.0,1.0,0.0,0.0,0.0,1.0,0.0,1.0,1.780737510018285e+19,1.363203185561936e+19,0.0,0.0,0.0,0.0,0.0,0.0,0.0,0.0,0.0,1.0,127.0,1.0,1789393248.3489447
3824.0,1.7893932483589463e+18,46147411486463.0,1.048784375,1.0,0.0,1.0,0.7005127072,1.0,1.0,0.0,0.0,0.0,0.0,0.7811365128,0.5,1.0,0.0,1.111365676,0.0,0.0,0.0,0.0,2.0,2.0,1.0,0.0,1.0,1.02112079,0.0222445894,0.371608406,-0.0553453825,1.02112079,0.0222445894,0.371608406,-0.0553453825,1.02112079,0.0222445894,0.371608406,-0.0553453825,1.02112079,0.0222445894,0.371608406,-0.0553453825,1.02112079,0.0222445894,0.371608406,-0.0553453825,1.02112079,0.0222445894,0.371608406,-0.0553453825,1.02112079,0.0222445894,0.371608406,-0.0553453825,1.02112079,0.0222445894,0.371608406,-0.0553453825,1.02112079,0.0222445894,0.371608406,-0.0553453825,1.02112079,0.0222445894,0.371608406,-0.0553453825,1.02112079,0.0222445894,0.371608406,-0.0553453825,1.02112079,0.0222445894,0.371608406,-0.0553453825,1.02112079,0.0222445894,0.371608406,-0.0553453825,1.02112079,0.0222445894,0.371608406,-0.0553453825,1.02112079,0.0222445894,0.371608406,-0.0553453825,1.02112079,0.0222445894,0.371608406,-0.0553453825,1.02112079,0.0222445894,0.371608406,-0.0553453825,1.02112079,0.0222445894,0.371608406,-0.0553453825,1.02112079,0.0222445894,0.371608406,-0.0553453825,1.02112079,0.0222445894,0.371608406,-0.0553453825,1.0,1.0,1.0,0.0,0.0,0.0,0.0,4.0,0.0,0.0,0.0,0.781137,0.0,0.0,3.0,1.0,1.7893932483335813e+18,1.0,0.0,0.0,0.0,10.0,0.0,0.0,0.0,1.0,0.0,0.0,0.0,1.0,0.0,1.0,1.780737510018285e+19,1.363203185561936e+19,0.0,0.0,0.0,0.0,0.0,0.0,0.0,0.0,0.0,1.0,127.0,1.0,1789393248.3589463
3825.0,1.7893932483690094e+18,46147421549658.0,1.037745118,1.0,0.0,1.0,0.7005127072,1.0,1.0,0.0,0.0,0.0,0.0,0.7911994457,0.5,1.0,0.0,1.111365676,0.0,0.0,0.0,0.0,2.0,2.0,1.0,0.0,1.0,1.02112079,0.0222445894,0.371608406,-0.0553453825,1.02112079,0.0222445894,0.371608406,-0.0553453825,1.02112079,0.0222445894,0.371608406,-0.0553453825,1.02112079,0.0222445894,0.371608406,-0.0553453825,1.02112079,0.0222445894,0.371608406,-0.0553453825,1.02112079,0.0222445894,0.371608406,-0.0553453825,1.02112079,0.0222445894,0.371608406,-0.0553453825,1.02112079,0.0222445894,0.371608406,-0.0553453825,1.02112079,0.0222445894,0.371608406,-0.0553453825,1.02112079,0.0222445894,0.371608406,-0.0553453825,1.02112079,0.0222445894,0.371608406,-0.0553453825,1.02112079,0.0222445894,0.371608406,-0.0553453825,1.02112079,0.0222445894,0.371608406,-0.0553453825,1.02112079,0.0222445894,0.371608406,-0.0553453825,1.02112079,0.0222445894,0.371608406,-0.0553453825,1.02112079,0.0222445894,0.371608406,-0.0553453825,1.02112079,0.0222445894,0.371608406,-0.0553453825,1.02112079,0.0222445894,0.371608406,-0.0553453825,1.02112079,0.0222445894,0.371608406,-0.0553453825,1.02112079,0.0222445894,0.371608406,-0.0553453825,1.0,1.0,1.0,0.0,0.0,0.0,0.0,4.0,0.0,0.0,0.0,0.791199,0.0,0.0,3.0,1.0,1.7893932483335813e+18,1.0,0.0,0.0,0.0,10.0,0.0,0.0,0.0,1.0,0.0,0.0,0.0,1.0,0.0,1.0,1.780737510018285e+19,1.363203185561936e+19,0.0,0.0,0.0,0.0,0.0,0.0,0.0,0.0,0.0,1.0,127.0,1.0,1789393248.3690095
3826.0,1.789393248378926e+18,46147431466414.0,1.02728343,1.0,0.0,1.0,0.7005127072,1.0,1.0,1.0,0.0,0.0,0.0,0.8011165857,0.5,1.0,0.0,1.134652853,0.0,0.0,0.0,0.0,2.0,2.0,1.0,0.0,1.0,1.02112079,0.0222445894,0.371608406,-0.0553453825,1.02112079,0.0222445894,0.371608406,-0.0553453825,1.02112079,0.0222445894,0.371608406,-0.0553453825,1.02112079,0.0222445894,0.371608406,-0.0553453825,1.02112079,0.0222445894,0.371608406,-0.0553453825,1.02112079,0.0222445894,0.371608406,-0.0553453825,1.02112079,0.0222445894,0.371608406,-0.0553453825,1.02112079,0.0222445894,0.371608406,-0.0553453825,1.02112079,0.0222445894,0.371608406,-0.0553453825,1.02112079,0.0222445894,0.371608406,-0.0553453825,1.02112079,0.0222445894,0.371608406,-0.0553453825,1.02112079,0.0222445894,0.371608406,-0.0553453825,1.02112079,0.0222445894,0.371608406,-0.0553453825,1.02112079,0.0222445894,0.371608406,-0.0553453825,1.02112079,0.0222445894,0.371608406,-0.0553453825,1.02112079,0.0222445894,0.371608406,-0.0553453825,1.02112079,0.0222445894,0.371608406,-0.0553453825,1.02112079,0.0222445894,0.371608406,-0.0553453825,1.02112079,0.0222445894,0.371608406,-0.0553453825,1.02112079,0.0222445894,0.371608406,-0.0553453825,1.0,1.0,1.0,0.0,0.0,0.0,0.0,4.0,0.0,0.0,0.0,0.801117,0.0,0.0,3.0,1.0,1.7893932483335813e+18,1.0,0.0,0.0,0.0,10.0,0.0,0.0,0.0,1.0,0.0,0.0,0.0,1.0,0.0,1.0,1.780737510018285e+19,1.363203185561936e+19,0.0,0.0,0.0,0.0,0.0,0.0,0.0,0.0,0.0,1.0,127.0,1.0,1789393248.378926
3827.0,1.7893932483889395e+18,46147441479898.0,1.018034339,1.0,0.0,1.0,0.7005127072,1.0,1.0,0.0,0.0,0.0,0.0,0.8111301064,0.5,1.0,0.0,1.134652853,0.0,0.0,0.0,0.0,2.0,2.0,1.0,0.0,1.0,1.02112079,0.0222445894,0.371608406,-0.0553453825,1.02112079,0.0222445894,0.371608406,-0.0553453825,1.02112079,0.0222445894,0.371608406,-0.0553453825,1.02112079,0.0222445894,0.371608406,-0.0553453825,1.02112079,0.0222445894,0.371608406,-0.0553453825,1.02112079,0.0222445894,0.371608406,-0.0553453825,1.02112079,0.0222445894,0.371608406,-0.0553453825,1.02112079,0.0222445894,0.371608406,-0.0553453825,1.02112079,0.0222445894,0.371608406,-0.0553453825,1.02112079,0.0222445894,0.371608406,-0.0553453825,1.02112079,0.0222445894,0.371608406,-0.0553453825,1.02112079,0.0222445894,0.371608406,-0.0553453825,1.02112079,0.0222445894,0.371608406,-0.0553453825,1.02112079,0.0222445894,0.371608406,-0.0553453825,1.02112079,0.0222445894,0.371608406,-0.0553453825,1.02112079,0.0222445894,0.371608406,-0.0553453825,1.02112079,0.0222445894,0.371608406,-0.0553453825,1.02112079,0.0222445894,0.371608406,-0.0553453825,1.02112079,0.0222445894,0.371608406,-0.0553453825,1.02112079,0.0222445894,0.371608406,-0.0553453825,1.0,1.0,1.0,0.0,0.0,0.0,0.0,4.0,0.0,0.0,0.0,0.81113,0.0,0.0,3.0,1.0,1.7893932483335813e+18,1.0,0.0,0.0,0.0,10.0,0.0,0.0,0.0,1.0,0.0,0.0,0.0,1.0,0.0,1.0,1.780737510018285e+19,1.363203185561936e+19,0.0,0.0,0.0,0.0,0.0,0.0,0.0,0.0,0.0,1.0,127.0,1.0,1789393248.3889396
3828.0,1.7893932483989156e+18,46147451455872.0,1.008149624,1.0,0.0,1.0,0.7005127072,1.0,1.0,0.0,0.0,0.0,0.0,0.8211060762,0.5,1.0,0.0,1.134652853,0.0,0.0,0.0,0.0,2.0,2.0,1.0,0.0,1.0,1.02112079,0.0222445894,0.371608406,-0.0553453825,1.02112079,0.0222445894,0.371608406,-0.0553453825,1.02112079,0.0222445894,0.371608406,-0.0553453825,1.02112079,0.0222445894,0.371608406,-0.0553453825,1.02112079,0.0222445894,0.371608406,-0.0553453825,1.02112079,0.0222445894,0.371608406,-0.0553453825,1.02112079,0.0222445894,0.371608406,-0.0553453825,1.02112079,0.0222445894,0.371608406,-0.0553453825,1.02112079,0.0222445894,0.371608406,-0.0553453825,1.02112079,0.0222445894,0.371608406,-0.0553453825,1.02112079,0.0222445894,0.371608406,-0.0553453825,1.02112079,0.0222445894,0.371608406,-0.0553453825,1.02112079,0.0222445894,0.371608406,-0.0553453825,1.02112079,0.0222445894,0.371608406,-0.0553453825,1.02112079,0.0222445894,0.371608406,-0.0553453825,1.02112079,0.0222445894,0.371608406,-0.0553453825,1.02112079,0.0222445894,0.371608406,-0.0553453825,1.02112079,0.0222445894,0.371608406,-0.0553453825,1.02112079,0.0222445894,0.371608406,-0.0553453825,1.02112079,0.0222445894,0.371608406,-0.0553453825,1.0,1.0,1.0,0.0,0.0,0.0,0.0,4.0,0.0,0.0,0.0,0.821106,0.0,0.0,3.0,1.0,1.7893932483335813e+18,1.0,0.0,0.0,0.0,10.0,0.0,0.0,0.0,1.0,0.0,0.0,0.0,1.0,0.0,1.0,1.780737510018285e+19,1.363203185561936e+19,0.0,0.0,0.0,0.0,0.0,0.0,0.0,0.0,0.0,1.0,127.0,1.0,1789393248.3989155
3829.0,1.7893932484089503e+18,46147461490486.0,0.9962307215,1.0,0.0,1.0,0.7005127072,1.0,1.0,0.0,0.0,0.0,0.0,0.8311406374,0.5,1.0,0.0,1.134652853,0.0,0.0,0.0,0.0,2.0,2.0,1.0,0.0,1.0,1.02112079,0.0222445894,0.371608406,-0.0553453825,1.02112079,0.0222445894,0.371608406,-0.0553453825,1.02112079,0.0222445894,0.371608406,-0.0553453825,1.02112079,0.0222445894,0.371608406,-0.0553453825,1.02112079,0.0222445894,0.371608406,-0.0553453825,1.02112079,0.0222445894,0.371608406,-0.0553453825,1.02112079,0.0222445894,0.371608406,-0.0553453825,1.02112079,0.0222445894,0.371608406,-0.0553453825,1.02112079,0.0222445894,0.371608406,-0.0553453825,1.02112079,0.0222445894,0.371608406,-0.0553453825,1.02112079,0.0222445894,0.371608406,-0.0553453825,1.02112079,0.0222445894,0.371608406,-0.0553453825,1.02112079,0.0222445894,0.371608406,-0.0553453825,1.02112079,0.0222445894,0.371608406,-0.0553453825,1.02112079,0.0222445894,0.371608406,-0.0553453825,1.02112079,0.0222445894,0.371608406,-0.0553453825,1.02112079,0.0222445894,0.371608406,-0.0553453825,1.02112079,0.0222445894,0.371608406,-0.0553453825,1.02112079,0.0222445894,0.371608406,-0.0553453825,1.02112079,0.0222445894,0.371608406,-0.0553453825,1.0,1.0,1.0,0.0,0.0,0.0,0.0,4.0,0.0,0.0,0.0,0.831141,0.0,0.0,3.0,1.0,1.7893932483335813e+18,1.0,0.0,0.0,0.0,10.0,0.0,0.0,0.0,1.0,0.0,0.0,0.0,1.0,0.0,1.0,1.780737510018285e+19,1.363203185561936e+19,0.0,0.0,0.0,0.0,0.0,0.0,0.0,0.0,0.0,1.0,127.0,1.0,1789393248.4089503
3830.0,1.789393248418912e+18,46147471452365.0,0.9874726534,1.0,0.0,1.0,0.7005127072,1.0,1.0,0.0,0.0,0.0,0.0,0.8411025405,0.5,1.0,0.0,1.134652853,0.0,0.0,0.0,0.0,2.0,2.0,1.0,0.0,1.0,1.02112079,0.0222445894,0.371608406,-0.0553453825,1.02112079,0.0222445894,0.371608406,-0.0553453825,1.02112079,0.0222445894,0.371608406,-0.0553453825,1.02112079,0.0222445894,0.371608406,-0.0553453825,1.02112079,0.0222445894,0.371608406,-0.0553453825,1.02112079,0.0222445894,0.371608406,-0.0553453825,1.02112079,0.0222445894,0.371608406,-0.0553453825,1.02112079,0.0222445894,0.371608406,-0.0553453825,1.02112079,0.0222445894,0.371608406,-0.0553453825,1.02112079,0.0222445894,0.371608406,-0.0553453825,1.02112079,0.0222445894,0.371608406,-0.0553453825,1.02112079,0.0222445894,0.371608406,-0.0553453825,1.02112079,0.0222445894,0.371608406,-0.0553453825,1.02112079,0.0222445894,0.371608406,-0.0553453825,1.02112079,0.0222445894,0.371608406,-0.0553453825,1.02112079,0.0222445894,0.371608406,-0.0553453825,1.02112079,0.0222445894,0.371608406,-0.0553453825,1.02112079,0.0222445894,0.371608406,-0.0553453825,1.02112079,0.0222445894,0.371608406,-0.0553453825,1.02112079,0.0222445894,0.371608406,-0.0553453825,1.0,1.0,1.0,0.0,0.0,0.0,0.0,4.0,0.0,0.0,0.0,0.841103,0.0,0.0,3.0,1.0,1.7893932483335813e+18,1.0,0.0,0.0,0.0,10.0,0.0,0.0,0.0,1.0,0.0,0.0,0.0,1.0,0.0,1.0,1.780737510018285e+19,1.363203185561936e+19,0.0,0.0,0.0,0.0,0.0,0.0,0.0,0.0,0.0,1.0,127.0,1.0,1789393248.418912
3831.0,1.7893932484289119e+18,46147481452163.0,0.9771835804,1.0,0.0,1.0,0.7005127072,1.0,1.0,0.0,0.0,0.0,0.0,0.8511023521,0.5,1.0,0.0,1.134652853,0.0,0.0,0.0,0.0,2.0,2.0,1.0,0.0,1.0,1.02112079,0.0222445894,0.371608406,-0.0553453825,1.02112079,0.0222445894,0.371608406,-0.0553453825,1.02112079,0.0222445894,0.371608406,-0.0553453825,1.02112079,0.0222445894,0.371608406,-0.0553453825,1.02112079,0.0222445894,0.371608406,-0.0553453825,1.02112079,0.0222445894,0.371608406,-0.0553453825,1.02112079,0.0222445894,0.371608406,-0.0553453825,1.02112079,0.0222445894,0.371608406,-0.0553453825,1.02112079,0.0222445894,0.371608406,-0.0553453825,1.02112079,0.0222445894,0.371608406,-0.0553453825,1.02112079,0.0222445894,0.371608406,-0.0553453825,1.02112079,0.0222445894,0.371608406,-0.0553453825,1.02112079,0.0222445894,0.371608406,-0.0553453825,1.02112079,0.0222445894,0.371608406,-0.0553453825,1.02112079,0.0222445894,0.371608406,-0.0553453825,1.02112079,0.0222445894,0.371608406,-0.0553453825,1.02112079,0.0222445894,0.371608406,-0.0553453825,1.02112079,0.0222445894,0.371608406,-0.0553453825,1.02112079,0.0222445894,0.371608406,-0.0553453825,1.02112079,0.0222445894,0.371608406,-0.0553453825,1.0,1.0,1.0,0.0,0.0,0.0,0.0,4.0,0.0,0.0,0.0,0.851102,0.0,0.0,3.0,1.0,1.7893932483335813e+18,1.0,0.0,0.0,0.0,10.0,0.0,0.0,0.0,1.0,0.0,0.0,0.0,1.0,0.0,1.0,1.780737510018285e+19,1.363203185561936e+19,0.0,0.0,0.0,0.0,0.0,0.0,0.0,0.0,0.0,1.0,127.0,1.0,1789393248.428912
3832.0,1.789393248438911e+18,46147491451241.0,0.9662522078,1.0,0.0,1.0,0.7505326867,1.0,1.0,0.0,0.0,0.0,0.0,0.8611015677,0.5,1.0,0.0,1.134652853,0.0,0.0,0.0,0.0,2.0,2.0,1.0,0.0,1.0,1.02112079,0.0222445894,0.371608406,-0.0553453825,1.02112079,0.0222445894,0.371608406,-0.0553453825,1.02112079,0.0222445894,0.371608406,-0.0553453825,1.02112079,0.0222445894,0.371608406,-0.0553453825,1.02112079,0.0222445894,0.371608406,-0.0553453825,1.02112079,0.0222445894,0.371608406,-0.0553453825,1.02112079,0.0222445894,0.371608406,-0.0553453825,1.02112079,0.0222445894,0.371608406,-0.0553453825,1.02112079,0.0222445894,0.371608406,-0.0553453825,1.02112079,0.0222445894,0.371608406,-0.0553453825,1.02112079,0.0222445894,0.371608406,-0.0553453825,1.02112079,0.0222445894,0.371608406,-0.0553453825,1.02112079,0.0222445894,0.371608406,-0.0553453825,1.02112079,0.0222445894,0.371608406,-0.0553453825,1.02112079,0.0222445894,0.371608406,-0.0553453825,1.02112079,0.0222445894,0.371608406,-0.0553453825,1.02112079,0.0222445894,0.371608406,-0.0553453825,1.02112079,0.0222445894,0.371608406,-0.0553453825,1.02112079,0.0222445894,0.371608406,-0.0553453825,1.02112079,0.0222445894,0.371608406,-0.0553453825,1.0,1.0,1.0,0.0,0.0,0.0,0.0,4.0,0.0,0.0,0.0,0.861102,0.0,0.0,3.0,1.0,1.7893932483335813e+18,1.0,0.0,0.0,0.0,10.0,0.0,0.0,0.0,1.0,0.0,0.0,0.0,1.0,0.0,1.0,1.780737510018285e+19,1.363203185561936e+19,0.0,0.0,0.0,0.0,0.0,0.0,0.0,0.0,0.0,1.0,127.0,1.0,1789393248.438911
3833.0,1.7893932484489213e+18,46147501461546.0,0.9551228881,1.0,0.0,1.0,0.7505326867,1.0,1.0,0.0,0.0,0.0,0.0,0.871111691,0.5,1.0,0.0,1.134652853,0.0,0.0,0.0,0.0,2.0,2.0,1.0,0.0,1.0,1.02112079,0.0222445894,0.371608406,-0.0553453825,1.02112079,0.0222445894,0.371608406,-0.0553453825,1.02112079,0.0222445894,0.371608406,-0.0553453825,1.02112079,0.0222445894,0.371608406,-0.0553453825,1.02112079,0.0222445894,0.371608406,-0.0553453825,1.02112079,0.0222445894,0.371608406,-0.0553453825,1.02112079,0.0222445894,0.371608406,-0.0553453825,1.02112079,0.0222445894,0.371608406,-0.0553453825,1.02112079,0.0222445894,0.371608406,-0.0553453825,1.02112079,0.0222445894,0.371608406,-0.0553453825,1.02112079,0.0222445894,0.371608406,-0.0553453825,1.02112079,0.0222445894,0.371608406,-0.0553453825,1.02112079,0.0222445894,0.371608406,-0.0553453825,1.02112079,0.0222445894,0.371608406,-0.0553453825,1.02112079,0.0222445894,0.371608406,-0.0553453825,1.02112079,0.0222445894,0.371608406,-0.0553453825,1.02112079,0.0222445894,0.371608406,-0.0553453825,1.02112079,0.0222445894,0.371608406,-0.0553453825,1.02112079,0.0222445894,0.371608406,-0.0553453825,1.02112079,0.0222445894,0.371608406,-0.0553453825,1.0,1.0,1.0,0.0,0.0,0.0,0.0,4.0,0.0,0.0,0.0,0.871112,0.0,0.0,3.0,1.0,1.7893932483335813e+18,1.0,0.0,0.0,0.0,10.0,0.0,0.0,0.0,1.0,0.0,0.0,0.0,1.0,0.0,1.0,1.780737510018285e+19,1.363203185561936e+19,0.0,0.0,0.0,0.0,0.0,0.0,0.0,0.0,0.0,1.0,127.0,1.0,1789393248.4489214
3834.0,1.7893932484589463e+18,46147511486673.0,0.9452109933,1.0,0.0,1.0,0.7505326867,1.0,1.0,0.0,0.0,0.0,0.0,0.881137073,0.5,1.0,0.0,1.134652853,0.0,0.0,0.0,0.0,2.0,2.0,1.0,0.0,1.0,1.02112079,0.0222445894,0.371608406,-0.0553453825,1.02112079,0.0222445894,0.371608406,-0.0553453825,1.02112079,0.0222445894,0.371608406,-0.0553453825,1.02112079,0.0222445894,0.371608406,-0.0553453825,1.02112079,0.0222445894,0.371608406,-0.0553453825,1.02112079,0.0222445894,0.371608406,-0.0553453825,1.02112079,0.0222445894,0.371608406,-0.0553453825,1.02112079,0.0222445894,0.371608406,-0.0553453825,1.02112079,0.0222445894,0.371608406,-0.0553453825,1.02112079,0.0222445894,0.371608406,-0.0553453825,1.02112079,0.0222445894,0.371608406,-0.0553453825,1.02112079,0.0222445894,0.371608406,-0.0553453825,1.02112079,0.0222445894,0.371608406,-0.0553453825,1.02112079,0.0222445894,0.371608406,-0.0553453825,1.02112079,0.0222445894,0.371608406,-0.0553453825,1.02112079,0.0222445894,0.371608406,-0.0553453825,1.02112079,0.0222445894,0.371608406,-0.0553453825,1.02112079,0.0222445894,0.371608406,-0.0553453825,1.02112079,0.0222445894,0.371608406,-0.0553453825,1.02112079,0.0222445894,0.371608406,-0.0553453825,1.0,1.0,1.0,0.0,0.0,0.0,0.0,4.0,0.0,0.0,0.0,0.881137,0.0,0.0,3.0,1.0,1.7893932483335813e+18,1.0,0.0,0.0,0.0,10.0,0.0,0.0,0.0,1.0,0.0,0.0,0.0,1.0,0.0,1.0,1.780737510018285e+19,1.363203185561936e+19,0.0,0.0,0.0,0.0,0.0,0.0,0.0,0.0,0.0,1.0,127.0,1.0,1789393248.4589462
3835.0,1.7893932484689375e+18,46147521477820.0,0.9350558519,1.0,0.0,1.0,0.7505326867,1.0,1.0,0.0,0.0,0.0,0.0,0.8911281824,0.5,1.0,0.0,1.134652853,0.0,0.0,0.0,0.0,2.0,2.0,1.0,0.0,1.0,1.02112079,0.0222445894,0.371608406,-0.0553453825,1.02112079,0.0222445894,0.371608406,-0.0553453825,1.02112079,0.0222445894,0.371608406,-0.0553453825,1.02112079,0.0222445894,0.371608406,-0.0553453825,1.02112079,0.0222445894,0.371608406,-0.0553453825,1.02112079,0.0222445894,0.371608406,-0.0553453825,1.02112079,0.0222445894,0.371608406,-0.0553453825,1.02112079,0.0222445894,0.371608406,-0.0553453825,1.02112079,0.0222445894,0.371608406,-0.0553453825,1.02112079,0.0222445894,0.371608406,-0.0553453825,1.02112079,0.0222445894,0.371608406,-0.0553453825,1.02112079,0.0222445894,0.371608406,-0.0553453825,1.02112079,0.0222445894,0.371608406,-0.0553453825,1.02112079,0.0222445894,0.371608406,-0.0553453825,1.02112079,0.0222445894,0.371608406,-0.0553453825,1.02112079,0.0222445894,0.371608406,-0.0553453825,1.02112079,0.0222445894,0.371608406,-0.0553453825,1.02112079,0.0222445894,0.371608406,-0.0553453825,1.02112079,0.0222445894,0.371608406,-0.0553453825,1.02112079,0.0222445894,0.371608406,-0.0553453825,1.0,1.0,1.0,0.0,0.0,0.0,0.0,4.0,0.0,0.0,0.0,0.891128,0.0,0.0,3.0,1.0,1.7893932483335813e+18,1.0,0.0,0.0,0.0,10.0,0.0,0.0,0.0,1.0,0.0,0.0,0.0,1.0,0.0,1.0,1.780737510018285e+19,1.363203185561936e+19,0.0,0.0,0.0,0.0,0.0,0.0,0.0,0.0,0.0,1.0,127.0,1.0,1789393248.4689374
3836.0,1.7893932484789496e+18,46147531490015.0,0.9262957573,1.0,0.0,1.0,0.7505326867,1.0,1.0,1.0,0.0,0.0,0.0,0.9011400342,0.5,1.0,0.0,1.156741858,0.0,0.0,0.0,0.0,2.0,2.0,1.0,0.0,1.0,1.02112079,0.0222445894,0.371608406,-0.0553453825,1.02112079,0.0222445894,0.371608406,-0.0553453825,1.02112079,0.0222445894,0.371608406,-0.0553453825,1.02112079,0.0222445894,0.371608406,-0.0553453825,1.02112079,0.0222445894,0.371608406,-0.0553453825,1.02112079,0.0222445894,0.371608406,-0.0553453825,1.02112079,0.0222445894,0.371608406,-0.0553453825,1.02112079,0.0222445894,0.371608406,-0.0553453825,1.02112079,0.0222445894,0.371608406,-0.0553453825,1.02112079,0.0222445894,0.371608406,-0.0553453825,1.02112079,0.0222445894,0.371608406,-0.0553453825,1.02112079,0.0222445894,0.371608406,-0.0553453825,1.02112079,0.0222445894,0.371608406,-0.0553453825,1.02112079,0.0222445894,0.371608406,-0.0553453825,1.02112079,0.0222445894,0.371608406,-0.0553453825,1.02112079,0.0222445894,0.371608406,-0.0553453825,1.02112079,0.0222445894,0.371608406,-0.0553453825,1.02112079,0.0222445894,0.371608406,-0.0553453825,1.02112079,0.0222445894,0.371608406,-0.0553453825,1.02112079,0.0222445894,0.371608406,-0.0553453825,1.0,1.0,1.0,0.0,0.0,0.0,0.0,4.0,0.0,0.0,0.0,0.90114,0.0,0.0,3.0,1.0,1.7893932483335813e+18,1.0,0.0,0.0,0.0,10.0,0.0,0.0,0.0,1.0,0.0,0.0,0.0,1.0,0.0,1.0,1.780737510018285e+19,1.363203185561936e+19,0.0,0.0,0.0,0.0,0.0,0.0,0.0,0.0,0.0,1.0,127.0,1.0,1789393248.4789495
3837.0,1.789393248488931e+18,46147541471342.0,0.9163811207,1.0,0.0,1.0,0.7505326867,1.0,1.0,0.0,0.0,0.0,0.0,0.9111216664,0.5,1.0,0.0,1.156741858,0.0,0.0,0.0,0.0,2.0,2.0,1.0,0.0,1.0,1.02112079,0.0222445894,0.371608406,-0.0553453825,1.02112079,0.0222445894,0.371608406,-0.0553453825,1.02112079,0.0222445894,0.371608406,-0.0553453825,1.02112079,0.0222445894,0.371608406,-0.0553453825,1.02112079,0.0222445894,0.371608406,-0.0553453825,1.02112079,0.0222445894,0.371608406,-0.0553453825,1.02112079,0.0222445894,0.371608406,-0.0553453825,1.02112079,0.0222445894,0.371608406,-0.0553453825,1.02112079,0.0222445894,0.371608406,-0.0553453825,1.02112079,0.0222445894,0.371608406,-0.0553453825,1.02112079,0.0222445894,0.371608406,-0.0553453825,1.02112079,0.0222445894,0.371608406,-0.0553453825,1.02112079,0.0222445894,0.371608406,-0.0553453825,1.02112079,0.0222445894,0.371608406,-0.0553453825,1.02112079,0.0222445894,0.371608406,-0.0553453825,1.02112079,0.0222445894,0.371608406,-0.0553453825,1.02112079,0.0222445894,0.371608406,-0.0553453825,1.02112079,0.0222445894,0.371608406,-0.0553453825,1.02112079,0.0222445894,0.371608406,-0.0553453825,1.02112079,0.0222445894,0.371608406,-0.0553453825,1.0,1.0,1.0,0.0,0.0,0.0,0.0,4.0,0.0,0.0,0.0,0.911122,0.0,0.0,3.0,1.0,1.7893932483335813e+18,1.0,0.0,0.0,0.0,10.0,0.0,0.0,0.0,1.0,0.0,0.0,0.0,1.0,0.0,1.0,1.780737510018285e+19,1.363203185561936e+19,0.0,0.0,0.0,0.0,0.0,0.0,0.0,0.0,0.0,1.0,127.0,1.0,1789393248.4889312
3838.0,1.789393248498923e+18,46147551463279.0,0.9069458246,1.0,0.0,1.0,0.7505326867,1.0,1.0,0.0,0.0,0.0,0.0,0.9211136103,0.5,1.0,0.0,1.156741858,0.0,0.0,0.0,0.0,2.0,2.0,1.0,0.0,1.0,1.02112079,0.0222445894,0.371608406,-0.0553453825,1.02112079,0.0222445894,0.371608406,-0.0553453825,1.02112079,0.0222445894,0.371608406,-0.0553453825,1.02112079,0.0222445894,0.371608406,-0.0553453825,1.02112079,0.0222445894,0.371608406,-0.0553453825,1.02112079,0.0222445894,0.371608406,-0.0553453825,1.02112079,0.0222445894,0.371608406,-0.0553453825,1.02112079,0.0222445894,0.371608406,-0.0553453825,1.02112079,0.0222445894,0.371608406,-0.0553453825,1.02112079,0.0222445894,0.371608406,-0.0553453825,1.02112079,0.0222445894,0.371608406,-0.0553453825,1.02112079,0.0222445894,0.371608406,-0.0553453825,1.02112079,0.0222445894,0.371608406,-0.0553453825,1.02112079,0.0222445894,0.371608406,-0.0553453825,1.02112079,0.0222445894,0.371608406,-0.0553453825,1.02112079,0.0222445894,0.371608406,-0.0553453825,1.02112079,0.0222445894,0.371608406,-0.0553453825,1.02112079,0.0222445894,0.371608406,-0.0553453825,1.02112079,0.0222445894,0.371608406,-0.0553453825,1.02112079,0.0222445894,0.371608406,-0.0553453825,1.0,1.0,1.0,0.0,0.0,0.0,0.0,4.0,0.0,0.0,0.0,0.921114,0.0,0.0,3.0,1.0,1.7893932483335813e+18,1.0,0.0,0.0,0.0,10.0,0.0,0.0,0.0,1.0,0.0,0.0,0.0,1.0,0.0,1.0,1.780737510018285e+19,1.363203185561936e+19,0.0,0.0,0.0,0.0,0.0,0.0,0.0,0.0,0.0,1.0,127.0,1.0,1789393248.498923
3839.0,1.789393248508917e+18,46147561457144.0,0.8964944482,1.0,0.0,1.0,0.7505326867,1.0,1.0,0.0,0.0,0.0,0.0,0.9311075211,0.5,1.0,0.0,1.156741858,0.0,0.0,0.0,0.0,2.0,2.0,1.0,0.0,1.0,1.02112079,0.0222445894,0.371608406,-0.0553453825,1.02112079,0.0222445894,0.371608406,-0.0553453825,1.02112079,0.0222445894,0.371608406,-0.0553453825,1.02112079,0.0222445894,0.371608406,-0.0553453825,1.02112079,0.0222445894,0.371608406,-0.0553453825,1.02112079,0.0222445894,0.371608406,-0.0553453825,1.02112079,0.0222445894,0.371608406,-0.0553453825,1.02112079,0.0222445894,0.371608406,-0.0553453825,1.02112079,0.0222445894,0.371608406,-0.0553453825,1.02112079,0.0222445894,0.371608406,-0.0553453825,1.02112079,0.0222445894,0.371608406,-0.0553453825,1.02112079,0.0222445894,0.371608406,-0.0553453825,1.02112079,0.0222445894,0.371608406,-0.0553453825,1.02112079,0.0222445894,0.371608406,-0.0553453825,1.02112079,0.0222445894,0.371608406,-0.0553453825,1.02112079,0.0222445894,0.371608406,-0.0553453825,1.02112079,0.0222445894,0.371608406,-0.0553453825,1.02112079,0.0222445894,0.371608406,-0.0553453825,1.02112079,0.0222445894,0.371608406,-0.0553453825,1.02112079,0.0222445894,0.371608406,-0.0553453825,1.0,1.0,1.0,0.0,0.0,0.0,0.0,4.0,0.0,0.0,0.0,0.931108,0.0,0.0,3.0,1.0,1.7893932483335813e+18,1.0,0.0,0.0,0.0,10.0,0.0,0.0,0.0,1.0,0.0,0.0,0.0,1.0,0.0,1.0,1.780737510018285e+19,1.363203185561936e+19,0.0,0.0,0.0,0.0,0.0,0.0,0.0,0.0,0.0,1.0,127.0,1.0,1789393248.508917
3840.0,1.7893932485189396e+18,46147571479959.0,0.8870333433,1.0,0.0,1.0,0.7505326867,1.0,1.0,0.0,0.0,0.0,0.0,0.9411301613,0.5,1.0,0.0,1.156741858,0.0,0.0,0.0,0.0,2.0,2.0,1.0,0.0,1.0,1.02112079,0.0222445894,0.371608406,-0.0553453825,1.02112079,0.0222445894,0.371608406,-0.0553453825,1.02112079,0.0222445894,0.371608406,-0.0553453825,1.02112079,0.0222445894,0.371608406,-0.0553453825,1.02112079,0.0222445894,0.371608406,-0.0553453825,1.02112079,0.0222445894,0.371608406,-0.0553453825,1.02112079,0.0222445894,0.371608406,-0.0553453825,1.02112079,0.0222445894,0.371608406,-0.0553453825,1.02112079,0.0222445894,0.371608406,-0.0553453825,1.02112079,0.0222445894,0.371608406,-0.0553453825,1.02112079,0.0222445894,0.371608406,-0.0553453825,1.02112079,0.0222445894,0.371608406,-0.0553453825,1.02112079,0.0222445894,0.371608406,-0.0553453825,1.02112079,0.0222445894,0.371608406,-0.0553453825,1.02112079,0.0222445894,0.371608406,-0.0553453825,1.02112079,0.0222445894,0.371608406,-0.0553453825,1.02112079,0.0222445894,0.371608406,-0.0553453825,1.02112079,0.0222445894,0.371608406,-0.0553453825,1.02112079,0.0222445894,0.371608406,-0.0553453825,1.02112079,0.0222445894,0.371608406,-0.0553453825,1.0,1.0,1.0,0.0,0.0,0.0,0.0,4.0,0.0,0.0,0.0,0.94113,0.0,0.0,3.0,1.0,1.7893932483335813e+18,1.0,0.0,0.0,0.0,10.0,0.0,0.0,0.0,1.0,0.0,0.0,0.0,1.0,0.0,1.0,1.780737510018285e+19,1.363203185561936e+19,0.0,0.0,0.0,0.0,0.0,0.0,0.0,0.0,0.0,1.0,127.0,1.0,1789393248.5189397
3841.0,1.789393248528941e+18,46147581481387.0,0.8765496016,1.0,0.0,1.0,0.7505326867,1.0,1.0,0.0,0.0,0.0,0.0,0.9511311054,0.5,1.0,0.0,1.156741858,0.0,0.0,0.0,0.0,2.0,2.0,1.0,0.0,1.0,1.02112079,0.0222445894,0.371608406,-0.0553453825,1.02112079,0.0222445894,0.371608406,-0.0553453825,1.02112079,0.0222445894,0.371608406,-0.0553453825,1.02112079,0.0222445894,0.371608406,-0.0553453825,1.02112079,0.0222445894,0.371608406,-0.0553453825,1.02112079,0.0222445894,0.371608406,-0.0553453825,1.02112079,0.0222445894,0.371608406,-0.0553453825,1.02112079,0.0222445894,0.371608406,-0.0553453825,1.02112079,0.0222445894,0.371608406,-0.0553453825,1.02112079,0.0222445894,0.371608406,-0.0553453825,1.02112079,0.0222445894,0.371608406,-0.0553453825,1.02112079,0.0222445894,0.371608406,-0.0553453825,1.02112079,0.0222445894,0.371608406,-0.0553453825,1.02112079,0.0222445894,0.371608406,-0.0553453825,1.02112079,0.0222445894,0.371608406,-0.0553453825,1.02112079,0.0222445894,0.371608406,-0.0553453825,1.02112079,0.0222445894,0.371608406,-0.0553453825,1.02112079,0.0222445894,0.371608406,-0.0553453825,1.02112079,0.0222445894,0.371608406,-0.0553453825,1.02112079,0.0222445894,0.371608406,-0.0553453825,1.0,1.0,1.0,0.0,0.0,0.0,0.0,4.0,0.0,0.0,0.0,0.951131,0.0,0.0,3.0,1.0,1.7893932483335813e+18,1.0,0.0,0.0,0.0,10.0,0.0,0.0,0.0,1.0,0.0,0.0,0.0,1.0,0.0,1.0,1.780737510018285e+19,1.363203185561936e+19,0.0,0.0,0.0,0.0,0.0,0.0,0.0,0.0,0.0,1.0,127.0,1.0,1789393248.5289412
3842.0,1.7893932485389376e+18,46147591477856.0,0.8675595522,1.0,0.0,1.0,0.7505326867,1.0,1.0,0.0,0.0,0.0,0.0,0.9611281157,0.5,1.0,0.0,1.156741858,0.0,0.0,0.0,0.0,2.0,2.0,1.0,0.0,1.0,1.02112079,0.0222445894,0.371608406,-0.0553453825,1.02112079,0.0222445894,0.371608406,-0.0553453825,1.02112079,0.0222445894,0.371608406,-0.0553453825,1.02112079,0.0222445894,0.371608406,-0.0553453825,1.02112079,0.0222445894,0.371608406,-0.0553453825,1.02112079,0.0222445894,0.371608406,-0.0553453825,1.02112079,0.0222445894,0.371608406,-0.0553453825,1.02112079,0.0222445894,0.371608406,-0.0553453825,1.02112079,0.0222445894,0.371608406,-0.0553453825,1.02112079,0.0222445894,0.371608406,-0.0553453825,1.02112079,0.0222445894,0.371608406,-0.0553453825,1.02112079,0.0222445894,0.371608406,-0.0553453825,1.02112079,0.0222445894,0.371608406,-0.0553453825,1.02112079,0.0222445894,0.371608406,-0.0553453825,1.02112079,0.0222445894,0.371608406,-0.0553453825,1.02112079,0.0222445894,0.371608406,-0.0553453825,1.02112079,0.0222445894,0.371608406,-0.0553453825,1.02112079,0.0222445894,0.371608406,-0.0553453825,1.02112079,0.0222445894,0.371608406,-0.0553453825,1.02112079,0.0222445894,0.371608406,-0.0553453825,1.0,1.0,1.0,0.0,0.0,0.0,0.0,4.0,0.0,0.0,0.0,0.961128,0.0,0.0,3.0,1.0,1.7893932483335813e+18,1.0,0.0,0.0,0.0,10.0,0.0,0.0,0.0,1.0,0.0,0.0,0.0,1.0,0.0,1.0,1.780737510018285e+19,1.363203185561936e+19,0.0,0.0,0.0,0.0,0.0,0.0,0.0,0.0,0.0,1.0,127.0,1.0,1789393248.5389376
3843.0,1.7893932485489242e+18,46147601464423.0,0.8561705947,1.0,0.0,1.0,0.7160494328,1.0,1.0,0.0,0.0,0.0,0.0,0.9711145759,0.5,1.0,0.0,1.156741858,0.0,0.0,0.0,0.0,2.0,2.0,1.0,0.0,1.0,1.02112079,0.0222445894,0.371608406,-0.0553453825,1.02112079,0.0222445894,0.371608406,-0.0553453825,1.02112079,0.0222445894,0.371608406,-0.0553453825,1.02112079,0.0222445894,0.371608406,-0.0553453825,1.02112079,0.0222445894,0.371608406,-0.0553453825,1.02112079,0.0222445894,0.371608406,-0.0553453825,1.02112079,0.0222445894,0.371608406,-0.0553453825,1.02112079,0.0222445894,0.371608406,-0.0553453825,1.02112079,0.0222445894,0.371608406,-0.0553453825,1.02112079,0.0222445894,0.371608406,-0.0553453825,1.02112079,0.0222445894,0.371608406,-0.0553453825,1.02112079,0.0222445894,0.371608406,-0.0553453825,1.02112079,0.0222445894,0.371608406,-0.0553453825,1.02112079,0.0222445894,0.371608406,-0.0553453825,1.02112079,0.0222445894,0.371608406,-0.0553453825,1.02112079,0.0222445894,0.371608406,-0.0553453825,1.02112079,0.0222445894,0.371608406,-0.0553453825,1.02112079,0.0222445894,0.371608406,-0.0553453825,1.02112079,0.0222445894,0.371608406,-0.0553453825,1.02112079,0.0222445894,0.371608406,-0.0553453825,1.0,1.0,1.0,0.0,0.0,0.0,0.0,4.0,0.0,0.0,0.0,0.971115,0.0,0.0,3.0,1.0,1.7893932484572518e+18,1.0,0.0,0.0,0.0,10.0,0.0,0.0,0.0,1.0,0.0,0.0,0.0,1.0,0.0,1.0,1.780737510018285e+19,1.363203185561936e+19,0.0,0.0,0.0,0.0,0.0,0.0,0.0,0.0,0.0,1.0,127.0,1.0,1789393248.5489242
3844.0,1.7893932485589248e+18,46147611465131.0,0.8466840982,1.0,0.0,1.0,0.7160494328,1.0,1.0,0.0,0.0,0.0,0.0,0.9811154604,0.5,1.0,0.0,1.156741858,0.0,0.0,0.0,0.0,2.0,2.0,1.0,0.0,1.0,1.02112079,0.0222445894,0.371608406,-0.0553453825,1.02112079,0.0222445894,0.371608406,-0.0553453825,1.02112079,0.0222445894,0.371608406,-0.0553453825,1.02112079,0.0222445894,0.371608406,-0.0553453825,1.02112079,0.0222445894,0.371608406,-0.0553453825,1.02112079,0.0222445894,0.371608406,-0.0553453825,1.02112079,0.0222445894,0.371608406,-0.0553453825,1.02112079,0.0222445894,0.371608406,-0.0553453825,1.02112079,0.0222445894,0.371608406,-0.0553453825,1.02112079,0.0222445894,0.371608406,-0.0553453825,1.02112079,0.0222445894,0.371608406,-0.0553453825,1.02112079,0.0222445894,0.371608406,-0.0553453825,1.02112079,0.0222445894,0.371608406,-0.0553453825,1.02112079,0.0222445894,0.371608406,-0.0553453825,1.02112079,0.0222445894,0.371608406,-0.0553453825,1.02112079,0.0222445894,0.371608406,-0.0553453825,1.02112079,0.0222445894,0.371608406,-0.0553453825,1.02112079,0.0222445894,0.371608406,-0.0553453825,1.02112079,0.0222445894,0.371608406,-0.0553453825,1.02112079,0.0222445894,0.371608406,-0.0553453825,1.0,1.0,1.0,0.0,0.0,0.0,0.0,4.0,0.0,0.0,0.0,0.981115,0.0,0.0,3.0,1.0,1.7893932484572518e+18,1.0,0.0,0.0,0.0,10.0,0.0,0.0,0.0,1.0,0.0,0.0,0.0,1.0,0.0,1.0,1.780737510018285e+19,1.363203185561936e+19,0.0,0.0,0.0,0.0,0.0,0.0,0.0,0.0,0.0,1.0,127.0,1.0,1789393248.558925
3845.0,1.7893932485689564e+18,46147621496684.0,0.8369750977,1.0,0.0,1.0,0.7160494328,1.0,1.0,0.0,0.0,0.0,0.0,0.9911470413,0.5,1.0,0.0,1.156741858,0.0,0.0,0.0,0.0,2.0,2.0,1.0,0.0,1.0,1.02112079,0.0222445894,0.371608406,-0.0553453825,1.02112079,0.0222445894,0.371608406,-0.0553453825,1.02112079,0.0222445894,0.371608406,-0.0553453825,1.02112079,0.0222445894,0.371608406,-0.0553453825,1.02112079,0.0222445894,0.371608406,-0.0553453825,1.02112079,0.0222445894,0.371608406,-0.0553453825,1.02112079,0.0222445894,0.371608406,-0.0553453825,1.02112079,0.0222445894,0.371608406,-0.0553453825,1.02112079,0.0222445894,0.371608406,-0.0553453825,1.02112079,0.0222445894,0.371608406,-0.0553453825,1.02112079,0.0222445894,0.371608406,-0.0553453825,1.02112079,0.0222445894,0.371608406,-0.0553453825,1.02112079,0.0222445894,0.371608406,-0.0553453825,1.02112079,0.0222445894,0.371608406,-0.0553453825,1.02112079,0.0222445894,0.371608406,-0.0553453825,1.02112079,0.0222445894,0.371608406,-0.0553453825,1.02112079,0.0222445894,0.371608406,-0.0553453825,1.02112079,0.0222445894,0.371608406,-0.0553453825,1.02112079,0.0222445894,0.371608406,-0.0553453825,1.02112079,0.0222445894,0.371608406,-0.0553453825,1.0,1.0,1.0,0.0,0.0,0.0,0.0,4.0,0.0,0.0,0.0,0.991147,0.0,0.0,3.0,1.0,1.7893932484572518e+18,1.0,0.0,0.0,0.0,10.0,0.0,0.0,0.0,1.0,0.0,0.0,0.0,1.0,0.0,1.0,1.780737510018285e+19,1.363203185561936e+19,0.0,0.0,0.0,0.0,0.0,0.0,0.0,0.0,0.0,1.0,127.0,1.0,1789393248.5689564
3846.0,1.7893932485789363e+18,46147631476644.0,0.8270494342,1.0,0.0,1.0,0.7160494328,1.0,1.0,1.0,0.0,0.0,0.0,1.001127005,0.5,1.0,0.0,1.212152362,0.0,0.0,0.0,0.0,2.0,2.0,1.0,0.0,1.0,1.02112079,0.0222445894,0.371608406,-0.0553453825,1.02112079,0.0222445894,0.371608406,-0.0553453825,1.02112079,0.0222445894,0.371608406,-0.0553453825,1.02112079,0.0222445894,0.371608406,-0.0553453825,1.02112079,0.0222445894,0.371608406,-0.0553453825,1.02112079,0.0222445894,0.371608406,-0.0553453825,1.02112079,0.0222445894,0.371608406,-0.0553453825,1.02112079,0.0222445894,0.371608406,-0.0553453825,1.02112079,0.0222445894,0.371608406,-0.0553453825,1.02112079,0.0222445894,0.371608406,-0.0553453825,1.02112079,0.0222445894,0.371608406,-0.0553453825,1.02112079,0.0222445894,0.371608406,-0.0553453825,1.02112079,0.0222445894,0.371608406,-0.0553453825,1.02112079,0.0222445894,0.371608406,-0.0553453825,1.02112079,0.0222445894,0.371608406,-0.0553453825,1.02112079,0.0222445894,0.371608406,-0.0553453825,1.02112079,0.0222445894,0.371608406,-0.0553453825,1.02112079,0.0222445894,0.371608406,-0.0553453825,1.02112079,0.0222445894,0.371608406,-0.0553453825,1.02112079,0.0222445894,0.371608406,-0.0553453825,1.0,1.0,1.0,0.0,0.0,0.0,0.0,4.0,0.0,0.0,0.0,1.00113,0.0,0.0,3.0,1.0,1.7893932484572518e+18,1.0,0.0,0.0,0.0,10.0,0.0,0.0,0.0,1.0,0.0,0.0,0.0,1.0,0.0,1.0,1.780737510018285e+19,1.363203185561936e+19,0.0,0.0,0.0,0.0,0.0,0.0,0.0,0.0,0.0,1.0,127.0,1.0,1789393248.5789363
3847.0,1.7893932485889132e+18,46147641453428.0,0.8178579211,1.0,0.0,1.0,0.7160494328,1.0,1.0,0.0,0.0,0.0,0.0,1.01110363,0.5,1.0,0.0,1.212152362,0.0,0.0,0.0,0.0,2.0,2.0,1.0,0.0,1.0,1.02112079,0.0222445894,0.371608406,-0.0553453825,1.02112079,0.0222445894,0.371608406,-0.0553453825,1.02112079,0.0222445894,0.371608406,-0.0553453825,1.02112079,0.0222445894,0.371608406,-0.0553453825,1.02112079,0.0222445894,0.371608406,-0.0553453825,1.02112079,0.0222445894,0.371608406,-0.0553453825,1.02112079,0.0222445894,0.371608406,-0.0553453825,1.02112079,0.0222445894,0.371608406,-0.0553453825,1.02112079,0.0222445894,0.371608406,-0.0553453825,1.02112079,0.0222445894,0.371608406,-0.0553453825,1.02112079,0.0222445894,0.371608406,-0.0553453825,1.02112079,0.0222445894,0.371608406,-0.0553453825,1.02112079,0.0222445894,0.371608406,-0.0553453825,1.02112079,0.0222445894,0.371608406,-0.0553453825,1.02112079,0.0222445894,0.371608406,-0.0553453825,1.02112079,0.0222445894,0.371608406,-0.0553453825,1.02112079,0.0222445894,0.371608406,-0.0553453825,1.02112079,0.0222445894,0.371608406,-0.0553453825,1.02112079,0.0222445894,0.371608406,-0.0553453825,1.02112079,0.0222445894,0.371608406,-0.0553453825,1.0,1.0,1.0,0.0,0.0,0.0,0.0,4.0,0.0,0.0,0.0,1.0111,0.0,0.0,3.0,1.0,1.7893932484572518e+18,1.0,0.0,0.0,0.0,10.0,0.0,0.0,0.0,1.0,0.0,0.0,0.0,1.0,0.0,1.0,1.780737510018285e+19,1.363203185561936e+19,0.0,0.0,0.0,0.0,0.0,0.0,0.0,0.0,0.0,1.0,127.0,1.0,1789393248.5889132
3848.0,1.7893932485989133e+18,46147651453541.0,0.8078132868,1.0,0.0,1.0,0.7160494328,1.0,1.0,0.0,0.0,0.0,0.0,1.02110374,0.5,1.0,0.0,1.212152362,0.0,0.0,0.0,0.0,2.0,2.0,1.0,0.0,1.0,1.02112079,0.0222445894,0.371608406,-0.0553453825,1.02112079,0.0222445894,0.371608406,-0.0553453825,1.02112079,0.0222445894,0.371608406,-0.0553453825,1.02112079,0.0222445894,0.371608406,-0.0553453825,1.02112079,0.0222445894,0.371608406,-0.0553453825,1.02112079,0.0222445894,0.371608406,-0.0553453825,1.02112079,0.0222445894,0.371608406,-0.0553453825,1.02112079,0.0222445894,0.371608406,-0.0553453825,1.02112079,0.0222445894,0.371608406,-0.0553453825,1.02112079,0.0222445894,0.371608406,-0.0553453825,1.02112079,0.0222445894,0.371608406,-0.0553453825,1.02112079,0.0222445894,0.371608406,-0.0553453825,1.02112079,0.0222445894,0.371608406,-0.0553453825,1.02112079,0.0222445894,0.371608406,-0.0553453825,1.02112079,0.0222445894,0.371608406,-0.0553453825,1.02112079,0.0222445894,0.371608406,-0.0553453825,1.02112079,0.0222445894,0.371608406,-0.0553453825,1.02112079,0.0222445894,0.371608406,-0.0553453825,1.02112079,0.0222445894,0.371608406,-0.0553453825,1.02112079,0.0222445894,0.371608406,-0.0553453825,1.0,1.0,1.0,0.0,0.0,0.0,0.0,4.0,0.0,0.0,0.0,1.0211,0.0,0.0,3.0,1.0,1.7893932484572518e+18,1.0,0.0,0.0,0.0,10.0,0.0,0.0,0.0,1.0,0.0,0.0,0.0,1.0,0.0,1.0,1.780737510018285e+19,1.363203185561936e+19,0.0,0.0,0.0,0.0,0.0,0.0,0.0,0.0,0.0,1.0,127.0,1.0,1789393248.5989132
3849.0,1.7893932486089236e+18,46147661464043.0,0.7989550829,1.0,0.0,1.0,0.7160494328,1.0,1.0,0.0,0.0,0.0,0.0,1.031114221,0.5,1.0,0.0,1.212152362,0.0,0.0,0.0,0.0,2.0,2.0,1.0,0.0,1.0,1.02112079,0.0222445894,0.371608406,-0.0553453825,1.02112079,0.0222445894,0.371608406,-0.0553453825,1.02112079,0.0222445894,0.371608406,-0.0553453825,1.02112079,0.0222445894,0.371608406,-0.0553453825,1.02112079,0.0222445894,0.371608406,-0.0553453825,1.02112079,0.0222445894,0.371608406,-0.0553453825,1.02112079,0.0222445894,0.371608406,-0.0553453825,1.02112079,0.0222445894,0.371608406,-0.0553453825,1.02112079,0.0222445894,0.371608406,-0.0553453825,1.02112079,0.0222445894,0.371608406,-0.0553453825,1.02112079,0.0222445894,0.371608406,-0.0553453825,1.02112079,0.0222445894,0.371608406,-0.0553453825,1.02112079,0.0222445894,0.371608406,-0.0553453825,1.02112079,0.0222445894,0.371608406,-0.0553453825,1.02112079,0.0222445894,0.371608406,-0.0553453825,1.02112079,0.0222445894,0.371608406,-0.0553453825,1.02112079,0.0222445894,0.371608406,-0.0553453825,1.02112079,0.0222445894,0.371608406,-0.0553453825,1.02112079,0.0222445894,0.371608406,-0.0553453825,1.02112079,0.0222445894,0.371608406,-0.0553453825,1.0,1.0,1.0,0.0,0.0,0.0,0.0,4.0,0.0,0.0,0.0,1.03111,0.0,0.0,3.0,1.0,1.7893932484572518e+18,1.0,0.0,0.0,0.0,10.0,0.0,0.0,0.0,1.0,0.0,0.0,0.0,1.0,0.0,1.0,1.780737510018285e+19,1.363203185561936e+19,0.0,0.0,0.0,0.0,0.0,0.0,0.0,0.0,0.0,1.0,127.0,1.0,1789393248.6089237
3850.0,1.789393248618916e+18,46147671456386.0,0.7872042656,1.0,0.0,1.0,0.7160494328,1.0,1.0,0.0,0.0,0.0,0.0,1.041106582,0.5,1.0,0.0,1.212152362,0.0,0.0,0.0,0.0,2.0,2.0,1.0,0.0,1.0,1.02112079,0.0222445894,0.371608406,-0.0553453825,1.02112079,0.0222445894,0.371608406,-0.0553453825,1.02112079,0.0222445894,0.371608406,-0.0553453825,1.02112079,0.0222445894,0.371608406,-0.0553453825,1.02112079,0.0222445894,0.371608406,-0.0553453825,1.02112079,0.0222445894,0.371608406,-0.0553453825,1.02112079,0.0222445894,0.371608406,-0.0553453825,1.02112079,0.0222445894,0.371608406,-0.0553453825,1.02112079,0.0222445894,0.371608406,-0.0553453825,1.02112079,0.0222445894,0.371608406,-0.0553453825,1.02112079,0.0222445894,0.371608406,-0.0553453825,1.02112079,0.0222445894,0.371608406,-0.0553453825,1.02112079,0.0222445894,0.371608406,-0.0553453825,1.02112079,0.0222445894,0.371608406,-0.0553453825,1.02112079,0.0222445894,0.371608406,-0.0553453825,1.02112079,0.0222445894,0.371608406,-0.0553453825,1.02112079,0.0222445894,0.371608406,-0.0553453825,1.02112079,0.0222445894,0.371608406,-0.0553453825,1.02112079,0.0222445894,0.371608406,-0.0553453825,1.02112079,0.0222445894,0.371608406,-0.0553453825,1.0,1.0,1.0,0.0,0.0,0.0,0.0,4.0,0.0,0.0,0.0,1.04111,0.0,0.0,3.0,1.0,1.7893932484572518e+18,1.0,0.0,0.0,0.0,10.0,0.0,0.0,0.0,1.0,0.0,0.0,0.0,1.0,0.0,1.0,1.780737510018285e+19,1.363203185561936e+19,0.0,0.0,0.0,0.0,0.0,0.0,0.0,0.0,0.0,1.0,127.0,1.0,1789393248.618916
3851.0,1.7893932486289116e+18,46147681451849.0,0.7770001888,1.0,0.0,1.0,0.7160494328,1.0,1.0,0.0,0.0,0.0,0.0,1.051102042,0.5,1.0,0.0,1.212152362,0.0,0.0,0.0,0.0,2.0,2.0,1.0,0.0,1.0,1.02112079,0.0222445894,0.371608406,-0.0553453825,1.02112079,0.0222445894,0.371608406,-0.0553453825,1.02112079,0.0222445894,0.371608406,-0.0553453825,1.02112079,0.0222445894,0.371608406,-0.0553453825,1.02112079,0.0222445894,0.371608406,-0.0553453825,1.02112079,0.0222445894,0.371608406,-0.0553453825,1.02112079,0.0222445894,0.371608406,-0.0553453825,1.02112079,0.0222445894,0.371608406,-0.0553453825,1.02112079,0.0222445894,0.371608406,-0.0553453825,1.02112079,0.0222445894,0.371608406,-0.0553453825,1.02112079,0.0222445894,0.371608406,-0.0553453825,1.02112079,0.0222445894,0.371608406,-0.0553453825,1.02112079,0.0222445894,0.371608406,-0.0553453825,1.02112079,0.0222445894,0.371608406,-0.0553453825,1.02112079,0.0222445894,0.371608406,-0.0553453825,1.02112079,0.0222445894,0.371608406,-0.0553453825,1.02112079,0.0222445894,0.371608406,-0.0553453825,1.02112079,0.0222445894,0.371608406,-0.0553453825,1.02112079,0.0222445894,0.371608406,-0.0553453825,1.02112079,0.0222445894,0.371608406,-0.0553453825,1.0,1.0,1.0,0.0,0.0,0.0,0.0,4.0,0.0,0.0,0.0,1.0511,0.0,0.0,3.0,1.0,1.7893932484572518e+18,1.0,0.0,0.0,0.0,10.0,0.0,0.0,0.0,1.0,0.0,0.0,0.0,1.0,0.0,1.0,1.780737510018285e+19,1.363203185561936e+19,0.0,0.0,0.0,0.0,0.0,0.0,0.0,0.0,0.0,1.0,127.0,1.0,1789393248.6289117
3852.0,1.7893932486389143e+18,46147691454566.0,0.7681675553,1.0,0.0,1.0,0.7160494328,1.0,1.0,0.0,0.0,0.0,0.0,1.061104774,0.5,1.0,0.0,1.212152362,0.0,0.0,0.0,0.0,2.0,2.0,1.0,0.0,1.0,1.02112079,0.0222445894,0.371608406,-0.0553453825,1.02112079,0.0222445894,0.371608406,-0.0553453825,1.02112079,0.0222445894,0.371608406,-0.0553453825,1.02112079,0.0222445894,0.371608406,-0.0553453825,1.02112079,0.0222445894,0.371608406,-0.0553453825,1.02112079,0.0222445894,0.371608406,-0.0553453825,1.02112079,0.0222445894,0.371608406,-0.0553453825,1.02112079,0.0222445894,0.371608406,-0.0553453825,1.02112079,0.0222445894,0.371608406,-0.0553453825,1.02112079,0.0222445894,0.371608406,-0.0553453825,1.02112079,0.0222445894,0.371608406,-0.0553453825,1.02112079,0.0222445894,0.371608406,-0.0553453825,1.02112079,0.0222445894,0.371608406,-0.0553453825,1.02112079,0.0222445894,0.371608406,-0.0553453825,1.02112079,0.0222445894,0.371608406,-0.0553453825,1.02112079,0.0222445894,0.371608406,-0.0553453825,1.02112079,0.0222445894,0.371608406,-0.0553453825,1.02112079,0.0222445894,0.371608406,-0.0553453825,1.02112079,0.0222445894,0.371608406,-0.0553453825,1.02112079,0.0222445894,0.371608406,-0.0553453825,1.0,1.0,1.0,0.0,0.0,0.0,0.0,4.0,0.0,0.0,0.0,1.0611,0.0,0.0,3.0,1.0,1.7893932484572518e+18,1.0,0.0,0.0,0.0,10.0,0.0,0.0,0.0,1.0,0.0,0.0,0.0,1.0,0.0,1.0,1.780737510018285e+19,1.363203185561936e+19,0.0,0.0,0.0,0.0,0.0,0.0,0.0,0.0,0.0,1.0,127.0,1.0,1789393248.6389143
3853.0,1.7893932486489185e+18,46147701458788.0,0.7572906613,1.0,0.0,1.0,0.6883231401,1.0,1.0,0.0,0.0,0.0,0.0,1.071108818,0.5,1.0,0.0,1.212152362,0.0,0.0,0.0,0.0,2.0,2.0,1.0,0.0,1.0,1.02112079,0.0222445894,0.371608406,-0.0553453825,1.02112079,0.0222445894,0.371608406,-0.0553453825,1.02112079,0.0222445894,0.371608406,-0.0553453825,1.02112079,0.0222445894,0.371608406,-0.0553453825,1.02112079,0.0222445894,0.371608406,-0.0553453825,1.02112079,0.0222445894,0.371608406,-0.0553453825,1.02112079,0.0222445894,0.371608406,-0.0553453825,1.02112079,0.0222445894,0.371608406,-0.0553453825,1.02112079,0.0222445894,0.371608406,-0.0553453825,1.02112079,0.0222445894,0.371608406,-0.0553453825,1.02112079,0.0222445894,0.371608406,-0.0553453825,1.02112079,0.0222445894,0.371608406,-0.0553453825,1.02112079,0.0222445894,0.371608406,-0.0553453825,1.02112079,0.0222445894,0.371608406,-0.0553453825,1.02112079,0.0222445894,0.371608406,-0.0553453825,1.02112079,0.0222445894,0.371608406,-0.0553453825,1.02112079,0.0222445894,0.371608406,-0.0553453825,1.02112079,0.0222445894,0.371608406,-0.0553453825,1.02112079,0.0222445894,0.371608406,-0.0553453825,1.02112079,0.0222445894,0.371608406,-0.0553453825,1.0,1.0,1.0,0.0,0.0,0.0,0.0,4.0,0.0,0.0,0.0,1.07111,0.0,0.0,3.0,1.0,1.789393248576546e+18,1.0,0.0,0.0,0.0,10.0,0.0,0.0,0.0,1.0,0.0,0.0,0.0,1.0,0.0,1.0,1.780737510018285e+19,1.363203185561936e+19,0.0,0.0,0.0,0.0,0.0,0.0,0.0,0.0,0.0,1.0,127.0,1.0,1789393248.6489186
3854.0,1.7893932486589123e+18,46147711452574.0,0.7479678988,1.0,0.0,1.0,0.6883231401,1.0,1.0,0.0,0.0,0.0,0.0,1.08110261,0.5,1.0,0.0,1.212152362,0.0,0.0,0.0,0.0,2.0,2.0,1.0,0.0,1.0,1.02112079,0.0222445894,0.371608406,-0.0553453825,1.02112079,0.0222445894,0.371608406,-0.0553453825,1.02112079,0.0222445894,0.371608406,-0.0553453825,1.02112079,0.0222445894,0.371608406,-0.0553453825,1.02112079,0.0222445894,0.371608406,-0.0553453825,1.02112079,0.0222445894,0.371608406,-0.0553453825,1.02112079,0.0222445894,0.371608406,-0.0553453825,1.02112079,0.0222445894,0.371608406,-0.0553453825,1.02112079,0.0222445894,0.371608406,-0.0553453825,1.02112079,0.0222445894,0.371608406,-0.0553453825,1.02112079,0.0222445894,0.371608406,-0.0553453825,1.02112079,0.0222445894,0.371608406,-0.0553453825,1.02112079,0.0222445894,0.371608406,-0.0553453825,1.02112079,0.0222445894,0.371608406,-0.0553453825,1.02112079,0.0222445894,0.371608406,-0.0553453825,1.02112079,0.0222445894,0.371608406,-0.0553453825,1.02112079,0.0222445894,0.371608406,-0.0553453825,1.02112079,0.0222445894,0.371608406,-0.0553453825,1.02112079,0.0222445894,0.371608406,-0.0553453825,1.02112079,0.0222445894,0.371608406,-0.0553453825,1.0,1.0,1.0,0.0,0.0,0.0,0.0,4.0,0.0,0.0,0.0,1.0811,0.0,0.0,3.0,1.0,1.789393248576546e+18,1.0,0.0,0.0,0.0,10.0,0.0,0.0,0.0,1.0,0.0,0.0,0.0,1.0,0.0,1.0,1.780737510018285e+19,1.363203185561936e+19,0.0,0.0,0.0,0.0,0.0,0.0,0.0,0.0,0.0,1.0,127.0,1.0,1789393248.6589122
3855.0,1.7893932486689341e+18,46147721474298.0,0.7375258207,1.0,0.0,1.0,0.6883231401,1.0,1.0,0.0,0.0,0.0,0.0,1.091124654,0.5,1.0,0.0,1.212152362,0.0,0.0,0.0,0.0,2.0,2.0,1.0,0.0,1.0,1.02112079,0.0222445894,0.371608406,-0.0553453825,1.02112079,0.0222445894,0.371608406,-0.0553453825,1.02112079,0.0222445894,0.371608406,-0.0553453825,1.02112079,0.0222445894,0.371608406,-0.0553453825,1.02112079,0.0222445894,0.371608406,-0.0553453825,1.02112079,0.0222445894,0.371608406,-0.0553453825,1.02112079,0.0222445894,0.371608406,-0.0553453825,1.02112079,0.0222445894,0.371608406,-0.0553453825,1.02112079,0.0222445894,0.371608406,-0.0553453825,1.02112079,0.0222445894,0.371608406,-0.0553453825,1.02112079,0.0222445894,0.371608406,-0.0553453825,1.02112079,0.0222445894,0.371608406,-0.0553453825,1.02112079,0.0222445894,0.371608406,-0.0553453825,1.02112079,0.0222445894,0.371608406,-0.0553453825,1.02112079,0.0222445894,0.371608406,-0.0553453825,1.02112079,0.0222445894,0.371608406,-0.0553453825,1.02112079,0.0222445894,0.371608406,-0.0553453825,1.02112079,0.0222445894,0.371608406,-0.0553453825,1.02112079,0.0222445894,0.371608406,-0.0553453825,1.02112079,0.0222445894,0.371608406,-0.0553453825,1.0,1.0,1.0,0.0,0.0,0.0,0.0,4.0,0.0,0.0,0.0,1.09112,0.0,0.0,3.0,1.0,1.789393248576546e+18,1.0,0.0,0.0,0.0,10.0,0.0,0.0,0.0,1.0,0.0,0.0,0.0,1.0,0.0,1.0,1.780737510018285e+19,1.363203185561936e+19,0.0,0.0,0.0,0.0,0.0,0.0,0.0,0.0,0.0,1.0,127.0,1.0,1789393248.668934
3856.0,1.7893932486789425e+18,46147731482728.0,0.7278417349,1.0,0.0,1.0,0.6883231401,1.0,1.0,1.0,0.0,0.0,0.0,1.10113287,0.5,1.0,0.0,1.281509519,0.0,0.0,0.0,0.0,2.0,2.0,1.0,0.0,1.0,1.02112079,0.0222445894,0.371608406,-0.0553453825,1.02112079,0.0222445894,0.371608406,-0.0553453825,1.02112079,0.0222445894,0.371608406,-0.0553453825,1.02112079,0.0222445894,0.371608406,-0.0553453825,1.02112079,0.0222445894,0.371608406,-0.0553453825,1.02112079,0.0222445894,0.371608406,-0.0553453825,1.02112079,0.0222445894,0.371608406,-0.0553453825,1.02112079,0.0222445894,0.371608406,-0.0553453825,1.02112079,0.0222445894,0.371608406,-0.0553453825,1.02112079,0.0222445894,0.371608406,-0.0553453825,1.02112079,0.0222445894,0.371608406,-0.0553453825,1.02112079,0.0222445894,0.371608406,-0.0553453825,1.02112079,0.0222445894,0.371608406,-0.0553453825,1.02112079,0.0222445894,0.371608406,-0.0553453825,1.02112079,0.0222445894,0.371608406,-0.0553453825,1.02112079,0.0222445894,0.371608406,-0.0553453825,1.02112079,0.0222445894,0.371608406,-0.0553453825,1.02112079,0.0222445894,0.371608406,-0.0553453825,1.02112079,0.0222445894,0.371608406,-0.0553453825,1.02112079,0.0222445894,0.371608406,-0.0553453825,1.0,1.0,1.0,0.0,0.0,0.0,0.0,4.0,0.0,0.0,0.0,1.10113,0.0,0.0,3.0,1.0,1.789393248576546e+18,1.0,0.0,0.0,0.0,10.0,0.0,0.0,0.0,1.0,0.0,0.0,0.0,1.0,0.0,1.0,1.780737510018285e+19,1.363203185561936e+19,0.0,0.0,0.0,0.0,0.0,0.0,0.0,0.0,0.0,1.0,127.0,1.0,1789393248.6789424
3857.0,1.789393248688932e+18,46147741472460.0,0.7178757191,1.0,0.0,1.0,0.6883231401,1.0,1.0,0.0,0.0,0.0,0.0,1.111122608,0.5,1.0,0.0,1.281509519,0.0,0.0,0.0,0.0,2.0,2.0,1.0,0.0,1.0,1.02112079,0.0222445894,0.371608406,-0.0553453825,1.02112079,0.0222445894,0.371608406,-0.0553453825,1.02112079,0.0222445894,0.371608406,-0.0553453825,1.02112079,0.0222445894,0.371608406,-0.0553453825,1.02112079,0.0222445894,0.371608406,-0.0553453825,1.02112079,0.0222445894,0.371608406,-0.0553453825,1.02112079,0.0222445894,0.371608406,-0.0553453825,1.02112079,0.0222445894,0.371608406,-0.0553453825,1.02112079,0.0222445894,0.371608406,-0.0553453825,1.02112079,0.0222445894,0.371608406,-0.0553453825,1.02112079,0.0222445894,0.371608406,-0.0553453825,1.02112079,0.0222445894,0.371608406,-0.0553453825,1.02112079,0.0222445894,0.371608406,-0.0553453825,1.02112079,0.0222445894,0.371608406,-0.0553453825,1.02112079,0.0222445894,0.371608406,-0.0553453825,1.02112079,0.0222445894,0.371608406,-0.0553453825,1.02112079,0.0222445894,0.371608406,-0.0553453825,1.02112079,0.0222445894,0.371608406,-0.0553453825,1.02112079,0.0222445894,0.371608406,-0.0553453825,1.02112079,0.0222445894,0.371608406,-0.0553453825,1.0,1.0,1.0,0.0,0.0,0.0,0.0,4.0,0.0,0.0,0.0,1.11112,0.0,0.0,3.0,1.0,1.789393248576546e+18,1.0,0.0,0.0,0.0,10.0,0.0,0.0,0.0,1.0,0.0,0.0,0.0,1.0,0.0,1.0,1.780737510018285e+19,1.363203185561936e+19,0.0,0.0,0.0,0.0,0.0,0.0,0.0,0.0,0.0,1.0,127.0,1.0,1789393248.6889322
3858.0,1.7893932486989217e+18,46147751461896.0,0.7069422603,1.0,0.0,1.0,0.6883231401,1.0,1.0,0.0,0.0,0.0,0.0,1.121112227,0.5,1.0,0.0,1.281509519,0.0,0.0,0.0,0.0,2.0,2.0,1.0,0.0,1.0,1.02112079,0.0222445894,0.371608406,-0.0553453825,1.02112079,0.0222445894,0.371608406,-0.0553453825,1.02112079,0.0222445894,0.371608406,-0.0553453825,1.02112079,0.0222445894,0.371608406,-0.0553453825,1.02112079,0.0222445894,0.371608406,-0.0553453825,1.02112079,0.0222445894,0.371608406,-0.0553453825,1.02112079,0.0222445894,0.371608406,-0.0553453825,1.02112079,0.0222445894,0.371608406,-0.0553453825,1.02112079,0.0222445894,0.371608406,-0.0553453825,1.02112079,0.0222445894,0.371608406,-0.0553453825,1.02112079,0.0222445894,0.371608406,-0.0553453825,1.02112079,0.0222445894,0.371608406,-0.0553453825,1.02112079,0.0222445894,0.371608406,-0.0553453825,1.02112079,0.0222445894,0.371608406,-0.0553453825,1.02112079,0.0222445894,0.371608406,-0.0553453825,1.02112079,0.0222445894,0.371608406,-0.0553453825,1.02112079,0.0222445894,0.371608406,-0.0553453825,1.02112079,0.0222445894,0.371608406,-0.0553453825,1.02112079,0.0222445894,0.371608406,-0.0553453825,1.02112079,0.0222445894,0.371608406,-0.0553453825,1.0,1.0,1.0,0.0,0.0,0.0,0.0,4.0,0.0,0.0,0.0,1.12111,0.0,0.0,3.0,1.0,1.789393248576546e+18,1.0,0.0,0.0,0.0,10.0,0.0,0.0,0.0,1.0,0.0,0.0,0.0,1.0,0.0,1.0,1.780737510018285e+19,1.363203185561936e+19,0.0,0.0,0.0,0.0,0.0,0.0,0.0,0.0,0.0,1.0,127.0,1.0,1789393248.6989217
3859.0,1.789393248708901e+18,46147761441393.0,0.6981815696,1.0,0.0,1.0,0.6883231401,1.0,1.0,0.0,0.0,0.0,0.0,1.131091714,0.5,1.0,0.0,1.281509519,0.0,0.0,0.0,0.0,2.0,2.0,1.0,0.0,1.0,1.02112079,0.0222445894,0.371608406,-0.0553453825,1.02112079,0.0222445894,0.371608406,-0.0553453825,1.02112079,0.0222445894,0.371608406,-0.0553453825,1.02112079,0.0222445894,0.371608406,-0.0553453825,1.02112079,0.0222445894,0.371608406,-0.0553453825,1.02112079,0.0222445894,0.371608406,-0.0553453825,1.02112079,0.0222445894,0.371608406,-0.0553453825,1.02112079,0.0222445894,0.371608406,-0.0553453825,1.02112079,0.0222445894,0.371608406,-0.0553453825,1.02112079,0.0222445894,0.371608406,-0.0553453825,1.02112079,0.0222445894,0.371608406,-0.0553453825,1.02112079,0.0222445894,0.371608406,-0.0553453825,1.02112079,0.0222445894,0.371608406,-0.0553453825,1.02112079,0.0222445894,0.371608406,-0.0553453825,1.02112079,0.0222445894,0.371608406,-0.0553453825,1.02112079,0.0222445894,0.371608406,-0.0553453825,1.02112079,0.0222445894,0.371608406,-0.0553453825,1.02112079,0.0222445894,0.371608406,-0.0553453825,1.02112079,0.0222445894,0.371608406,-0.0553453825,1.02112079,0.0222445894,0.371608406,-0.0553453825,1.0,1.0,1.0,0.0,0.0,0.0,0.0,4.0,0.0,0.0,0.0,1.13109,0.0,0.0,3.0,1.0,1.789393248576546e+18,1.0,0.0,0.0,0.0,10.0,0.0,0.0,0.0,1.0,0.0,0.0,0.0,1.0,0.0,1.0,1.780737510018285e+19,1.363203185561936e+19,0.0,0.0,0.0,0.0,0.0,0.0,0.0,0.0,0.0,1.0,127.0,1.0,1789393248.7089012
3860.0,1.7893932487189164e+18,46147771456616.0,0.6867330074,1.0,0.0,1.0,0.6883231401,1.0,1.0,0.0,0.0,0.0,0.0,1.141106725,0.5,1.0,0.0,1.281509519,0.0,0.0,0.0,0.0,2.0,2.0,1.0,0.0,1.0,1.02112079,0.0222445894,0.371608406,-0.0553453825,1.02112079,0.0222445894,0.371608406,-0.0553453825,1.02112079,0.0222445894,0.371608406,-0.0553453825,1.02112079,0.0222445894,0.371608406,-0.0553453825,1.02112079,0.0222445894,0.371608406,-0.0553453825,1.02112079,0.0222445894,0.371608406,-0.0553453825,1.02112079,0.0222445894,0.371608406,-0.0553453825,1.02112079,0.0222445894,0.371608406,-0.0553453825,1.02112079,0.0222445894,0.371608406,-0.0553453825,1.02112079,0.0222445894,0.371608406,-0.0553453825,1.02112079,0.0222445894,0.371608406,-0.0553453825,1.02112079,0.0222445894,0.371608406,-0.0553453825,1.02112079,0.0222445894,0.371608406,-0.0553453825,1.02112079,0.0222445894,0.371608406,-0.0553453825,1.02112079,0.0222445894,0.371608406,-0.0553453825,1.02112079,0.0222445894,0.371608406,-0.0553453825,1.02112079,0.0222445894,0.371608406,-0.0553453825,1.02112079,0.0222445894,0.371608406,-0.0553453825,1.02112079,0.0222445894,0.371608406,-0.0553453825,1.02112079,0.0222445894,0.371608406,-0.0553453825,1.0,1.0,1.0,0.0,0.0,0.0,0.0,4.0,0.0,0.0,0.0,1.14111,0.0,0.0,3.0,1.0,1.789393248576546e+18,1.0,0.0,0.0,0.0,10.0,0.0,0.0,0.0,1.0,0.0,0.0,0.0,1.0,0.0,1.0,1.780737510018285e+19,1.363203185561936e+19,0.0,0.0,0.0,0.0,0.0,0.0,0.0,0.0,0.0,1.0,127.0,1.0,1789393248.7189164
3861.0,1.7893932487289308e+18,46147781471188.0,0.6762475967,1.0,0.0,1.0,0.6883231401,1.0,1.0,0.0,0.0,0.0,0.0,1.151121616,0.5,1.0,0.0,1.281509519,0.0,0.0,0.0,0.0,2.0,2.0,1.0,0.0,1.0,1.02112079,0.0222445894,0.371608406,-0.0553453825,1.02112079,0.0222445894,0.371608406,-0.0553453825,1.02112079,0.0222445894,0.371608406,-0.0553453825,1.02112079,0.0222445894,0.371608406,-0.0553453825,1.02112079,0.0222445894,0.371608406,-0.0553453825,1.02112079,0.0222445894,0.371608406,-0.0553453825,1.02112079,0.0222445894,0.371608406,-0.0553453825,1.02112079,0.0222445894,0.371608406,-0.0553453825,1.02112079,0.0222445894,0.371608406,-0.0553453825,1.02112079,0.0222445894,0.371608406,-0.0553453825,1.02112079,0.0222445894,0.371608406,-0.0553453825,1.02112079,0.0222445894,0.371608406,-0.0553453825,1.02112079,0.0222445894,0.371608406,-0.0553453825,1.02112079,0.0222445894,0.371608406,-0.0553453825,1.02112079,0.0222445894,0.371608406,-0.0553453825,1.02112079,0.0222445894,0.371608406,-0.0553453825,1.02112079,0.0222445894,0.371608406,-0.0553453825,1.02112079,0.0222445894,0.371608406,-0.0553453825,1.02112079,0.0222445894,0.371608406,-0.0553453825,1.02112079,0.0222445894,0.371608406,-0.0553453825,1.0,1.0,1.0,0.0,0.0,0.0,0.0,4.0,0.0,0.0,0.0,1.15112,0.0,0.0,3.0,1.0,1.789393248576546e+18,1.0,0.0,0.0,0.0,10.0,0.0,0.0,0.0,1.0,0.0,0.0,0.0,1.0,0.0,1.0,1.780737510018285e+19,1.363203185561936e+19,0.0,0.0,0.0,0.0,0.0,0.0,0.0,0.0,0.0,1.0,127.0,1.0,1789393248.7289307
3862.0,1.789393248738919e+18,46147791459256.0,0.666860342,1.0,0.0,1.0,0.6883231401,1.0,1.0,0.0,0.0,0.0,0.0,1.161109686,0.5,1.0,0.0,1.281509519,0.0,0.0,0.0,0.0,2.0,2.0,1.0,0.0,1.0,1.02112079,0.0222445894,0.371608406,-0.0553453825,1.02112079,0.0222445894,0.371608406,-0.0553453825,1.02112079,0.0222445894,0.371608406,-0.0553453825,1.02112079,0.0222445894,0.371608406,-0.0553453825,1.02112079,0.0222445894,0.371608406,-0.0553453825,1.02112079,0.0222445894,0.371608406,-0.0553453825,1.02112079,0.0222445894,0.371608406,-0.0553453825,1.02112079,0.0222445894,0.371608406,-0.0553453825,1.02112079,0.0222445894,0.371608406,-0.0553453825,1.02112079,0.0222445894,0.371608406,-0.0553453825,1.02112079,0.0222445894,0.371608406,-0.0553453825,1.02112079,0.0222445894,0.371608406,-0.0553453825,1.02112079,0.0222445894,0.371608406,-0.0553453825,1.02112079,0.0222445894,0.371608406,-0.0553453825,1.02112079,0.0222445894,0.371608406,-0.0553453825,1.02112079,0.0222445894,0.371608406,-0.0553453825,1.02112079,0.0222445894,0.371608406,-0.0553453825,1.02112079,0.0222445894,0.371608406,-0.0553453825,1.02112079,0.0222445894,0.371608406,-0.0553453825,1.02112079,0.0222445894,0.371608406,-0.0553453825,1.0,1.0,1.0,0.0,0.0,0.0,0.0,4.0,0.0,0.0,0.0,1.16111,0.0,0.0,3.0,1.0,1.789393248576546e+18,1.0,0.0,0.0,0.0,10.0,0.0,0.0,0.0,1.0,0.0,0.0,0.0,1.0,0.0,1.0,1.780737510018285e+19,1.363203185561936e+19,0.0,0.0,0.0,0.0,0.0,0.0,0.0,0.0,0.0,1.0,127.0,1.0,1789393248.738919
3863.0,1.7893932487489364e+18,46147801476712.0,0.6577477455,1.0,0.0,1.0,0.7056661248,1.0,1.0,0.0,0.0,0.0,0.0,1.171127081,0.5,1.0,0.0,1.281509519,0.0,0.0,0.0,0.0,2.0,2.0,1.0,0.0,1.0,1.02112079,0.0222445894,0.371608406,-0.0553453825,1.02112079,0.0222445894,0.371608406,-0.0553453825,1.02112079,0.0222445894,0.371608406,-0.0553453825,1.02112079,0.0222445894,0.371608406,-0.0553453825,1.02112079,0.0222445894,0.371608406,-0.0553453825,1.02112079,0.0222445894,0.371608406,-0.0553453825,1.02112079,0.0222445894,0.371608406,-0.0553453825,1.02112079,0.0222445894,0.371608406,-0.0553453825,1.02112079,0.0222445894,0.371608406,-0.0553453825,1.02112079,0.0222445894,0.371608406,-0.0553453825,1.02112079,0.0222445894,0.371608406,-0.0553453825,1.02112079,0.0222445894,0.371608406,-0.0553453825,1.02112079,0.0222445894,0.371608406,-0.0553453825,1.02112079,0.0222445894,0.371608406,-0.0553453825,1.02112079,0.0222445894,0.371608406,-0.0553453825,1.02112079,0.0222445894,0.371608406,-0.0553453825,1.02112079,0.0222445894,0.371608406,-0.0553453825,1.02112079,0.0222445894,0.371608406,-0.0553453825,1.02112079,0.0222445894,0.371608406,-0.0553453825,1.02112079,0.0222445894,0.371608406,-0.0553453825,1.0,1.0,1.0,0.0,0.0,0.0,0.0,4.0,0.0,0.0,0.0,1.17113,0.0,0.0,3.0,1.0,1.7893932487081165e+18,1.0,0.0,0.0,0.0,10.0,0.0,0.0,0.0,1.0,0.0,0.0,0.0,1.0,0.0,1.0,1.780737510018285e+19,1.363203185561936e+19,0.0,0.0,0.0,0.0,0.0,0.0,0.0,0.0,0.0,1.0,127.0,1.0,1789393248.7489364
3864.0,1.789393248758958e+18,46147811498464.0,0.6466582417,1.0,0.0,1.0,0.7056661248,1.0,1.0,0.0,0.0,0.0,0.0,1.181148767,0.5,1.0,0.0,1.281509519,0.0,0.0,0.0,0.0,2.0,2.0,1.0,0.0,1.0,1.02112079,0.0222445894,0.371608406,-0.0553453825,1.02112079,0.0222445894,0.371608406,-0.0553453825,1.02112079,0.0222445894,0.371608406,-0.0553453825,1.02112079,0.0222445894,0.371608406,-0.0553453825,1.02112079,0.0222445894,0.371608406,-0.0553453825,1.02112079,0.0222445894,0.371608406,-0.0553453825,1.02112079,0.0222445894,0.371608406,-0.0553453825,1.02112079,0.0222445894,0.371608406,-0.0553453825,1.02112079,0.0222445894,0.371608406,-0.0553453825,1.02112079,0.0222445894,0.371608406,-0.0553453825,1.02112079,0.0222445894,0.371608406,-0.0553453825,1.02112079,0.0222445894,0.371608406,-0.0553453825,1.02112079,0.0222445894,0.371608406,-0.0553453825,1.02112079,0.0222445894,0.371608406,-0.0553453825,1.02112079,0.0222445894,0.371608406,-0.0553453825,1.02112079,0.0222445894,0.371608406,-0.0553453825,1.02112079,0.0222445894,0.371608406,-0.0553453825,1.02112079,0.0222445894,0.371608406,-0.0553453825,1.02112079,0.0222445894,0.371608406,-0.0553453825,1.02112079,0.0222445894,0.371608406,-0.0553453825,1.0,1.0,1.0,0.0,0.0,0.0,0.0,4.0,0.0,0.0,0.0,1.18115,0.0,0.0,3.0,1.0,1.7893932487081165e+18,1.0,0.0,0.0,0.0,10.0,0.0,0.0,0.0,1.0,0.0,0.0,0.0,1.0,0.0,1.0,1.780737510018285e+19,1.363203185561936e+19,0.0,0.0,0.0,0.0,0.0,0.0,0.0,0.0,0.0,1.0,127.0,1.0,1789393248.758958
3865.0,1.7893932487689498e+18,46147821490056.0,0.6370170712,1.0,0.0,1.0,0.7056661248,1.0,1.0,0.0,0.0,0.0,0.0,1.191140413,0.5,1.0,0.0,1.281509519,0.0,0.0,0.0,0.0,2.0,2.0,1.0,0.0,1.0,1.02112079,0.0222445894,0.371608406,-0.0553453825,1.02112079,0.0222445894,0.371608406,-0.0553453825,1.02112079,0.0222445894,0.371608406,-0.0553453825,1.02112079,0.0222445894,0.371608406,-0.0553453825,1.02112079,0.0222445894,0.371608406,-0.0553453825,1.02112079,0.0222445894,0.371608406,-0.0553453825,1.02112079,0.0222445894,0.371608406,-0.0553453825,1.02112079,0.0222445894,0.371608406,-0.0553453825,1.02112079,0.0222445894,0.371608406,-0.0553453825,1.02112079,0.0222445894,0.371608406,-0.0553453825,1.02112079,0.0222445894,0.371608406,-0.0553453825,1.02112079,0.0222445894,0.371608406,-0.0553453825,1.02112079,0.0222445894,0.371608406,-0.0553453825,1.02112079,0.0222445894,0.371608406,-0.0553453825,1.02112079,0.0222445894,0.371608406,-0.0553453825,1.02112079,0.0222445894,0.371608406,-0.0553453825,1.02112079,0.0222445894,0.371608406,-0.0553453825,1.02112079,0.0222445894,0.371608406,-0.0553453825,1.02112079,0.0222445894,0.371608406,-0.0553453825,1.02112079,0.0222445894,0.371608406,-0.0553453825,1.0,1.0,1.0,0.0,0.0,0.0,0.0,4.0,0.0,0.0,0.0,1.19114,0.0,0.0,3.0,1.0,1.7893932487081165e+18,1.0,0.0,0.0,0.0,10.0,0.0,0.0,0.0,1.0,0.0,0.0,0.0,1.0,0.0,1.0,1.780737510018285e+19,1.363203185561936e+19,0.0,0.0,0.0,0.0,0.0,0.0,0.0,0.0,0.0,1.0,127.0,1.0,1789393248.7689497
3866.0,1.7893932487789583e+18,46147831498519.0,0.6265214682,1.0,0.0,1.0,0.7056661248,1.0,1.0,1.0,0.0,0.0,0.0,1.201148748,0.5,1.0,0.0,1.403346539,0.0,0.0,0.0,0.0,2.0,2.0,1.0,0.0,1.0,1.02112079,0.0222445894,0.371608406,-0.0553453825,1.02112079,0.0222445894,0.371608406,-0.0553453825,1.02112079,0.0222445894,0.371608406,-0.0553453825,1.02112079,0.0222445894,0.371608406,-0.0553453825,1.02112079,0.0222445894,0.371608406,-0.0553453825,1.02112079,0.0222445894,0.371608406,-0.0553453825,1.02112079,0.0222445894,0.371608406,-0.0553453825,1.02112079,0.0222445894,0.371608406,-0.0553453825,1.02112079,0.0222445894,0.371608406,-0.0553453825,1.02112079,0.0222445894,0.371608406,-0.0553453825,1.02112079,0.0222445894,0.371608406,-0.0553453825,1.02112079,0.0222445894,0.371608406,-0.0553453825,1.02112079,0.0222445894,0.371608406,-0.0553453825,1.02112079,0.0222445894,0.371608406,-0.0553453825,1.02112079,0.0222445894,0.371608406,-0.0553453825,1.02112079,0.0222445894,0.371608406,-0.0553453825,1.02112079,0.0222445894,0.371608406,-0.0553453825,1.02112079,0.0222445894,0.371608406,-0.0553453825,1.02112079,0.0222445894,0.371608406,-0.0553453825,1.02112079,0.0222445894,0.371608406,-0.0553453825,1.0,1.0,1.0,0.0,1.0,0.0,0.0,4.0,0.0,0.0,0.0,1.20115,0.0,0.0,3.0,1.0,1.7893932487081165e+18,1.0,0.0,0.0,0.0,11.0,0.0,0.0,0.0,1.0,0.0,0.0,0.0,1.0,0.0,1.0,1.780737510018285e+19,1.363203185561936e+19,0.0,0.0,0.0,0.0,0.0,0.0,0.0,0.0,0.0,1.0,127.0,1.0,1789393248.7789583
3867.0,1.789393248788914e+18,46147841454034.0,0.6163579822,1.0,0.0,1.0,0.7056661248,1.0,1.0,0.0,0.0,0.0,0.0,1.211104155,0.5,1.0,0.0,1.403346539,0.0,0.0,0.0,0.0,2.0,2.0,1.0,0.0,1.0,1.02112079,0.0222445894,0.371608406,-0.0553453825,1.02112079,0.0222445894,0.371608406,-0.0553453825,1.02112079,0.0222445894,0.371608406,-0.0553453825,1.02112079,0.0222445894,0.371608406,-0.0553453825,1.02112079,0.0222445894,0.371608406,-0.0553453825,1.02112079,0.0222445894,0.371608406,-0.0553453825,1.02112079,0.0222445894,0.371608406,-0.0553453825,1.02112079,0.0222445894,0.371608406,-0.0553453825,1.02112079,0.0222445894,0.371608406,-0.0553453825,1.02112079,0.0222445894,0.371608406,-0.0553453825,1.02112079,0.0222445894,0.371608406,-0.0553453825,1.02112079,0.0222445894,0.371608406,-0.0553453825,1.02112079,0.0222445894,0.371608406,-0.0553453825,1.02112079,0.0222445894,0.371608406,-0.0553453825,1.02112079,0.0222445894,0.371608406,-0.0553453825,1.02112079,0.0222445894,0.371608406,-0.0553453825,1.02112079,0.0222445894,0.371608406,-0.0553453825,1.02112079,0.0222445894,0.371608406,-0.0553453825,1.02112079,0.0222445894,0.371608406,-0.0553453825,1.02112079,0.0222445894,0.371608406,-0.0553453825,1.0,1.0,1.0,0.0,1.0,0.0,0.0,4.0,0.0,0.0,0.0,1.2111,0.0,0.0,3.0,1.0,1.7893932487081165e+18,1.0,0.0,0.0,0.0,11.0,0.0,0.0,0.0,1.0,0.0,0.0,0.0,1.0,0.0,1.0,1.780737510018285e+19,1.363203185561936e+19,0.0,0.0,0.0,0.0,0.0,0.0,0.0,0.0,0.0,1.0,127.0,1.0,1789393248.788914
3868.0,1.7893932487989732e+18,46147851513412.0,0.6055098176,1.0,0.0,1.0,0.7056661248,1.0,1.0,0.0,0.0,0.0,0.0,1.22116363,0.5,1.0,0.0,1.403346539,0.0,0.0,0.0,0.0,2.0,2.0,1.0,0.0,1.0,1.02112079,0.0222445894,0.371608406,-0.0553453825,1.02112079,0.0222445894,0.371608406,-0.0553453825,1.02112079,0.0222445894,0.371608406,-0.0553453825,1.02112079,0.0222445894,0.371608406,-0.0553453825,1.02112079,0.0222445894,0.371608406,-0.0553453825,1.02112079,0.0222445894,0.371608406,-0.0553453825,1.02112079,0.0222445894,0.371608406,-0.0553453825,1.02112079,0.0222445894,0.371608406,-0.0553453825,1.02112079,0.0222445894,0.371608406,-0.0553453825,1.02112079,0.0222445894,0.371608406,-0.0553453825,1.02112079,0.0222445894,0.371608406,-0.0553453825,1.02112079,0.0222445894,0.371608406,-0.0553453825,1.02112079,0.0222445894,0.371608406,-0.0553453825,1.02112079,0.0222445894,0.371608406,-0.0553453825,1.02112079,0.0222445894,0.371608406,-0.0553453825,1.02112079,0.0222445894,0.371608406,-0.0553453825,1.02112079,0.0222445894,0.371608406,-0.0553453825,1.02112079,0.0222445894,0.371608406,-0.0553453825,1.02112079,0.0222445894,0.371608406,-0.0553453825,1.02112079,0.0222445894,0.371608406,-0.0553453825,1.0,1.0,1.0,0.0,1.0,0.0,0.0,4.0,0.0,0.0,0.0,1.22116,0.0,0.0,3.0,1.0,1.7893932487081165e+18,1.0,0.0,0.0,0.0,11.0,0.0,0.0,0.0,1.0,0.0,0.0,0.0,1.0,0.0,1.0,1.780737510018285e+19,1.363203185561936e+19,0.0,0.0,0.0,0.0,0.0,0.0,0.0,0.0,0.0,1.0,127.0,1.0,1789393248.798973
3869.0,1.7893932488089085e+18,46147861448701.0,0.5962462425,1.0,0.0,1.0,0.7056661248,1.0,1.0,0.0,0.0,0.0,0.0,1.23109889,0.5,1.0,0.0,1.403346539,0.0,0.0,0.0,0.0,2.0,2.0,1.0,0.0,1.0,1.02112079,0.0222445894,0.371608406,-0.0553453825,1.02112079,0.0222445894,0.371608406,-0.0553453825,1.02112079,0.0222445894,0.371608406,-0.0553453825,1.02112079,0.0222445894,0.371608406,-0.0553453825,1.02112079,0.0222445894,0.371608406,-0.0553453825,1.02112079,0.0222445894,0.371608406,-0.0553453825,1.02112079,0.0222445894,0.371608406,-0.0553453825,1.02112079,0.0222445894,0.371608406,-0.0553453825,1.02112079,0.0222445894,0.371608406,-0.0553453825,1.02112079,0.0222445894,0.371608406,-0.0553453825,1.02112079,0.0222445894,0.371608406,-0.0553453825,1.02112079,0.0222445894,0.371608406,-0.0553453825,1.02112079,0.0222445894,0.371608406,-0.0553453825,1.02112079,0.0222445894,0.371608406,-0.0553453825,1.02112079,0.0222445894,0.371608406,-0.0553453825,1.02112079,0.0222445894,0.371608406,-0.0553453825,1.02112079,0.0222445894,0.371608406,-0.0553453825,1.02112079,0.0222445894,0.371608406,-0.0553453825,1.02112079,0.0222445894,0.371608406,-0.0553453825,1.02112079,0.0222445894,0.371608406,-0.0553453825,1.0,1.0,1.0,0.0,1.0,0.0,0.0,4.0,0.0,0.0,0.0,1.2311,0.0,0.0,3.0,1.0,1.7893932487081165e+18,1.0,0.0,0.0,0.0,11.0,0.0,0.0,0.0,1.0,0.0,0.0,0.0,1.0,0.0,1.0,1.780737510018285e+19,1.363203185561936e+19,0.0,0.0,0.0,0.0,0.0,0.0,0.0,0.0,0.0,1.0,127.0,1.0,1789393248.8089085
3870.0,1.7893932488189294e+18,46147871469718.0,0.5855376124,1.0,0.0,1.0,0.7056661248,1.0,1.0,0.0,0.0,0.0,0.0,1.241119742,0.5,1.0,0.0,1.403346539,0.0,0.0,0.0,0.0,2.0,2.0,1.0,0.0,1.0,1.02112079,0.0222445894,0.371608406,-0.0553453825,1.02112079,0.0222445894,0.371608406,-0.0553453825,1.02112079,0.0222445894,0.371608406,-0.0553453825,1.02112079,0.0222445894,0.371608406,-0.0553453825,1.02112079,0.0222445894,0.371608406,-0.0553453825,1.02112079,0.0222445894,0.371608406,-0.0553453825,1.02112079,0.0222445894,0.371608406,-0.0553453825,1.02112079,0.0222445894,0.371608406,-0.0553453825,1.02112079,0.0222445894,0.371608406,-0.0553453825,1.02112079,0.0222445894,0.371608406,-0.0553453825,1.02112079,0.0222445894,0.371608406,-0.0553453825,1.02112079,0.0222445894,0.371608406,-0.0553453825,1.02112079,0.0222445894,0.371608406,-0.0553453825,1.02112079,0.0222445894,0.371608406,-0.0553453825,1.02112079,0.0222445894,0.371608406,-0.0553453825,1.02112079,0.0222445894,0.371608406,-0.0553453825,1.02112079,0.0222445894,0.371608406,-0.0553453825,1.02112079,0.0222445894,0.371608406,-0.0553453825,1.02112079,0.0222445894,0.371608406,-0.0553453825,1.02112079,0.0222445894,0.371608406,-0.0553453825,1.0,1.0,1.0,0.0,1.0,0.0,0.0,4.0,0.0,0.0,0.0,1.24112,0.0,0.0,3.0,1.0,1.7893932487081165e+18,1.0,0.0,0.0,0.0,11.0,0.0,0.0,0.0,1.0,0.0,0.0,0.0,1.0,0.0,1.0,1.780737510018285e+19,1.363203185561936e+19,0.0,0.0,0.0,0.0,0.0,0.0,0.0,0.0,0.0,1.0,127.0,1.0,1789393248.8189294
3871.0,1.789393248828934e+18,46147881474187.0,0.57561028,1.0,0.0,1.0,0.7056661248,1.0,1.0,0.0,0.0,0.0,0.0,1.251124382,0.5,1.0,0.0,1.403346539,0.0,0.0,0.0,0.0,2.0,2.0,1.0,0.0,1.0,1.02112079,0.0222445894,0.371608406,-0.0553453825,1.02112079,0.0222445894,0.371608406,-0.0553453825,1.02112079,0.0222445894,0.371608406,-0.0553453825,1.02112079,0.0222445894,0.371608406,-0.0553453825,1.02112079,0.0222445894,0.371608406,-0.0553453825,1.02112079,0.0222445894,0.371608406,-0.0553453825,1.02112079,0.0222445894,0.371608406,-0.0553453825,1.02112079,0.0222445894,0.371608406,-0.0553453825,1.02112079,0.0222445894,0.371608406,-0.0553453825,1.02112079,0.0222445894,0.371608406,-0.0553453825,1.02112079,0.0222445894,0.371608406,-0.0553453825,1.02112079,0.0222445894,0.371608406,-0.0553453825,1.02112079,0.0222445894,0.371608406,-0.0553453825,1.02112079,0.0222445894,0.371608406,-0.0553453825,1.02112079,0.0222445894,0.371608406,-0.0553453825,1.02112079,0.0222445894,0.371608406,-0.0553453825,1.02112079,0.0222445894,0.371608406,-0.0553453825,1.02112079,0.0222445894,0.371608406,-0.0553453825,1.02112079,0.0222445894,0.371608406,-0.0553453825,1.02112079,0.0222445894,0.371608406,-0.0553453825,1.0,1.0,1.0,0.0,1.0,0.0,0.0,4.0,0.0,0.0,0.0,1.25112,0.0,0.0,3.0,1.0,1.7893932487081165e+18,1.0,0.0,0.0,0.0,11.0,0.0,0.0,0.0,1.0,0.0,0.0,0.0,1.0,0.0,1.0,1.780737510018285e+19,1.363203185561936e+19,0.0,0.0,0.0,0.0,0.0,0.0,0.0,0.0,0.0,1.0,127.0,1.0,1789393248.828934
3872.0,1.7893932488389202e+18,46147891460359.0,0.5647342801,1.0,0.0,1.0,0.7056661248,1.0,1.0,0.0,0.0,0.0,0.0,1.261110663,0.5,1.0,0.0,1.403346539,0.0,0.0,0.0,0.0,2.0,2.0,1.0,0.0,1.0,1.02112079,0.0222445894,0.371608406,-0.0553453825,1.02112079,0.0222445894,0.371608406,-0.0553453825,1.02112079,0.0222445894,0.371608406,-0.0553453825,1.02112079,0.0222445894,0.371608406,-0.0553453825,1.02112079,0.0222445894,0.371608406,-0.0553453825,1.02112079,0.0222445894,0.371608406,-0.0553453825,1.02112079,0.0222445894,0.371608406,-0.0553453825,1.02112079,0.0222445894,0.371608406,-0.0553453825,1.02112079,0.0222445894,0.371608406,-0.0553453825,1.02112079,0.0222445894,0.371608406,-0.0553453825,1.02112079,0.0222445894,0.371608406,-0.0553453825,1.02112079,0.0222445894,0.371608406,-0.0553453825,1.02112079,0.0222445894,0.371608406,-0.0553453825,1.02112079,0.0222445894,0.371608406,-0.0553453825,1.02112079,0.0222445894,0.371608406,-0.0553453825,1.02112079,0.0222445894,0.371608406,-0.0553453825,1.02112079,0.0222445894,0.371608406,-0.0553453825,1.02112079,0.0222445894,0.371608406,-0.0553453825,1.02112079,0.0222445894,0.371608406,-0.0553453825,1.02112079,0.0222445894,0.371608406,-0.0553453825,1.0,1.0,1.0,0.0,1.0,0.0,0.0,4.0,0.0,0.0,0.0,1.26111,0.0,0.0,3.0,1.0,1.7893932487081165e+18,1.0,0.0,0.0,0.0,11.0,0.0,0.0,0.0,1.0,0.0,0.0,0.0,1.0,0.0,1.0,1.780737510018285e+19,1.363203185561936e+19,0.0,0.0,0.0,0.0,0.0,0.0,0.0,0.0,0.0,1.0,127.0,1.0,1789393248.83892
3873.0,1.7893932488489198e+18,46147901460191.0,0.5553179979,1.0,0.0,1.0,0.7258261442,1.0,1.0,0.0,0.0,0.0,0.0,1.271110296,0.5,1.0,0.0,1.403346539,0.0,0.0,0.0,0.0,2.0,2.0,1.0,0.0,1.0,1.02112079,0.0222445894,0.371608406,-0.0553453825,1.02112079,0.0222445894,0.371608406,-0.0553453825,1.02112079,0.0222445894,0.371608406,-0.0553453825,1.02112079,0.0222445894,0.371608406,-0.0553453825,1.02112079,0.0222445894,0.371608406,-0.0553453825,1.02112079,0.0222445894,0.371608406,-0.0553453825,1.02112079,0.0222445894,0.371608406,-0.0553453825,1.02112079,0.0222445894,0.371608406,-0.0553453825,1.02112079,0.0222445894,0.371608406,-0.0553453825,1.02112079,0.0222445894,0.371608406,-0.0553453825,1.02112079,0.0222445894,0.371608406,-0.0553453825,1.02112079,0.0222445894,0.371608406,-0.0553453825,1.02112079,0.0222445894,0.371608406,-0.0553453825,1.02112079,0.0222445894,0.371608406,-0.0553453825,1.02112079,0.0222445894,0.371608406,-0.0553453825,1.02112079,0.0222445894,0.371608406,-0.0553453825,1.02112079,0.0222445894,0.371608406,-0.0553453825,1.02112079,0.0222445894,0.371608406,-0.0553453825,1.02112079,0.0222445894,0.371608406,-0.0553453825,1.02112079,0.0222445894,0.371608406,-0.0553453825,1.0,1.0,1.0,0.0,1.0,0.0,0.0,4.0,0.0,0.0,0.0,1.27111,0.0,0.0,3.0,1.0,1.7893932488333128e+18,1.0,0.0,0.0,0.0,11.0,0.0,0.0,0.0,1.0,0.0,0.0,0.0,1.0,0.0,1.0,1.780737510018285e+19,1.363203185561936e+19,0.0,0.0,0.0,0.0,0.0,0.0,0.0,0.0,0.0,1.0,127.0,1.0,1789393248.8489199
3874.0,1.7893932488589537e+18,46147911494111.0,0.5442682505,1.0,0.0,1.0,0.7258261442,1.0,1.0,0.0,0.0,0.0,0.0,1.281144142,0.5,1.0,0.0,1.403346539,0.0,0.0,0.0,0.0,2.0,2.0,1.0,0.0,1.0,1.02112079,0.0222445894,0.371608406,-0.0553453825,1.02112079,0.0222445894,0.371608406,-0.0553453825,1.02112079,0.0222445894,0.371608406,-0.0553453825,1.02112079,0.0222445894,0.371608406,-0.0553453825,1.02112079,0.0222445894,0.371608406,-0.0553453825,1.02112079,0.0222445894,0.371608406,-0.0553453825,1.02112079,0.0222445894,0.371608406,-0.0553453825,1.02112079,0.0222445894,0.371608406,-0.0553453825,1.02112079,0.0222445894,0.371608406,-0.0553453825,1.02112079,0.0222445894,0.371608406,-0.0553453825,1.02112079,0.0222445894,0.371608406,-0.0553453825,1.02112079,0.0222445894,0.371608406,-0.0553453825,1.02112079,0.0222445894,0.371608406,-0.0553453825,1.02112079,0.0222445894,0.371608406,-0.0553453825,1.02112079,0.0222445894,0.371608406,-0.0553453825,1.02112079,0.0222445894,0.371608406,-0.0553453825,1.02112079,0.0222445894,0.371608406,-0.0553453825,1.02112079,0.0222445894,0.371608406,-0.0553453825,1.02112079,0.0222445894,0.371608406,-0.0553453825,1.02112079,0.0222445894,0.371608406,-0.0553453825,1.0,1.0,1.0,0.0,1.0,0.0,0.0,4.0,0.0,0.0,0.0,1.28114,0.0,0.0,3.0,1.0,1.7893932488333128e+18,1.0,0.0,0.0,0.0,11.0,0.0,0.0,0.0,1.0,0.0,0.0,0.0,1.0,0.0,1.0,1.780737510018285e+19,1.363203185561936e+19,0.0,0.0,0.0,0.0,0.0,0.0,0.0,0.0,0.0,1.0,127.0,1.0,1789393248.8589537
3875.0,1.7893932488689155e+18,46147921455795.0,0.5336826444,1.0,0.0,1.0,0.7258261442,1.0,1.0,0.0,0.0,0.0,0.0,1.291106105,0.5,1.0,0.0,1.403346539,0.0,0.0,0.0,0.0,2.0,2.0,1.0,0.0,1.0,1.02112079,0.0222445894,0.371608406,-0.0553453825,1.02112079,0.0222445894,0.371608406,-0.0553453825,1.02112079,0.0222445894,0.371608406,-0.0553453825,1.02112079,0.0222445894,0.371608406,-0.0553453825,1.02112079,0.0222445894,0.371608406,-0.0553453825,1.02112079,0.0222445894,0.371608406,-0.0553453825,1.02112079,0.0222445894,0.371608406,-0.0553453825,1.02112079,0.0222445894,0.371608406,-0.0553453825,1.02112079,0.0222445894,0.371608406,-0.0553453825,1.02112079,0.0222445894,0.371608406,-0.0553453825,1.02112079,0.0222445894,0.371608406,-0.0553453825,1.02112079,0.0222445894,0.371608406,-0.0553453825,1.02112079,0.0222445894,0.371608406,-0.0553453825,1.02112079,0.0222445894,0.371608406,-0.0553453825,1.02112079,0.0222445894,0.371608406,-0.0553453825,1.02112079,0.0222445894,0.371608406,-0.0553453825,1.02112079,0.0222445894,0.371608406,-0.0553453825,1.02112079,0.0222445894,0.371608406,-0.0553453825,1.02112079,0.0222445894,0.371608406,-0.0553453825,1.02112079,0.0222445894,0.371608406,-0.0553453825,1.0,1.0,1.0,0.0,1.0,0.0,0.0,4.0,0.0,0.0,0.0,1.29111,0.0,0.0,3.0,1.0,1.7893932488333128e+18,1.0,0.0,0.0,0.0,11.0,0.0,0.0,0.0,1.0,0.0,0.0,0.0,1.0,0.0,1.0,1.780737510018285e+19,1.363203185561936e+19,0.0,0.0,0.0,0.0,0.0,0.0,0.0,0.0,0.0,1.0,127.0,1.0,1789393248.8689156
3876.0,1.7893932488789117e+18,46147931451939.0,0.5236647725,1.0,0.0,1.0,0.7258261442,1.0,1.0,1.0,0.0,0.0,0.0,1.301102161,0.5,1.0,0.0,1.575850487,0.0,0.0,0.0,0.0,2.0,2.0,1.0,0.0,1.0,1.02112079,0.0222445894,0.371608406,-0.0553453825,1.02112079,0.0222445894,0.371608406,-0.0553453825,1.02112079,0.0222445894,0.371608406,-0.0553453825,1.02112079,0.0222445894,0.371608406,-0.0553453825,1.02112079,0.0222445894,0.371608406,-0.0553453825,1.02112079,0.0222445894,0.371608406,-0.0553453825,1.02112079,0.0222445894,0.371608406,-0.0553453825,1.02112079,0.0222445894,0.371608406,-0.0553453825,1.02112079,0.0222445894,0.371608406,-0.0553453825,1.02112079,0.0222445894,0.371608406,-0.0553453825,1.02112079,0.0222445894,0.371608406,-0.0553453825,1.02112079,0.0222445894,0.371608406,-0.0553453825,1.02112079,0.0222445894,0.371608406,-0.0553453825,1.02112079,0.0222445894,0.371608406,-0.0553453825,1.02112079,0.0222445894,0.371608406,-0.0553453825,1.02112079,0.0222445894,0.371608406,-0.0553453825,1.02112079,0.0222445894,0.371608406,-0.0553453825,1.02112079,0.0222445894,0.371608406,-0.0553453825,1.02112079,0.0222445894,0.371608406,-0.0553453825,1.02112079,0.0222445894,0.371608406,-0.0553453825,1.0,1.0,1.0,0.0,1.0,0.0,0.0,4.0,0.0,0.0,0.0,1.3011,0.0,0.0,3.0,1.0,1.7893932488333128e+18,1.0,0.0,0.0,0.0,11.0,0.0,0.0,0.0,1.0,0.0,0.0,0.0,1.0,0.0,1.0,1.780737510018285e+19,1.363203185561936e+19,0.0,0.0,0.0,0.0,0.0,0.0,0.0,0.0,0.0,1.0,127.0,1.0,1789393248.8789117
3877.0,1.7893932488889388e+18,46147941479142.0,0.513474524,1.0,0.0,1.0,0.7258261442,1.0,1.0,0.0,0.0,0.0,0.0,1.311129332,0.5,1.0,0.0,1.575850487,0.0,0.0,0.0,0.0,2.0,2.0,1.0,0.0,1.0,1.02112079,0.0222445894,0.371608406,-0.0553453825,1.02112079,0.0222445894,0.371608406,-0.0553453825,1.02112079,0.0222445894,0.371608406,-0.0553453825,1.02112079,0.0222445894,0.371608406,-0.0553453825,1.02112079,0.0222445894,0.371608406,-0.0553453825,1.02112079,0.0222445894,0.371608406,-0.0553453825,1.02112079,0.0222445894,0.371608406,-0.0553453825,1.02112079,0.0222445894,0.371608406,-0.0553453825,1.02112079,0.0222445894,0.371608406,-0.0553453825,1.02112079,0.0222445894,0.371608406,-0.0553453825,1.02112079,0.0222445894,0.371608406,-0.0553453825,1.02112079,0.0222445894,0.371608406,-0.0553453825,1.02112079,0.0222445894,0.371608406,-0.0553453825,1.02112079,0.0222445894,0.371608406,-0.0553453825,1.02112079,0.0222445894,0.371608406,-0.0553453825,1.02112079,0.0222445894,0.371608406,-0.0553453825,1.02112079,0.0222445894,0.371608406,-0.0553453825,1.02112079,0.0222445894,0.371608406,-0.0553453825,1.02112079,0.0222445894,0.371608406,-0.0553453825,1.02112079,0.0222445894,0.371608406,-0.0553453825,1.0,1.0,1.0,0.0,1.0,0.0,0.0,4.0,0.0,0.0,0.0,1.31113,0.0,0.0,3.0,1.0,1.7893932488333128e+18,1.0,0.0,0.0,0.0,11.0,0.0,0.0,0.0,1.0,0.0,0.0,0.0,1.0,0.0,1.0,1.780737510018285e+19,1.363203185561936e+19,0.0,0.0,0.0,0.0,0.0,0.0,0.0,0.0,0.0,1.0,127.0,1.0,1789393248.8889387
3878.0,1.7893932488989143e+18,46147951454667.0,0.503190279,1.0,0.0,1.0,0.7258261442,1.0,1.0,0.0,0.0,0.0,0.0,1.321105003,0.5,1.0,0.0,1.575850487,0.0,0.0,0.0,0.0,2.0,2.0,1.0,0.0,1.0,1.02112079,0.0222445894,0.371608406,-0.0553453825,1.02112079,0.0222445894,0.371608406,-0.0553453825,1.02112079,0.0222445894,0.371608406,-0.0553453825,1.02112079,0.0222445894,0.371608406,-0.0553453825,1.02112079,0.0222445894,0.371608406,-0.0553453825,1.02112079,0.0222445894,0.371608406,-0.0553453825,1.02112079,0.0222445894,0.371608406,-0.0553453825,1.02112079,0.0222445894,0.371608406,-0.0553453825,1.02112079,0.0222445894,0.371608406,-0.0553453825,1.02112079,0.0222445894,0.371608406,-0.0553453825,1.02112079,0.0222445894,0.371608406,-0.0553453825,1.02112079,0.0222445894,0.371608406,-0.0553453825,1.02112079,0.0222445894,0.371608406,-0.0553453825,1.02112079,0.0222445894,0.371608406,-0.0553453825,1.02112079,0.0222445894,0.371608406,-0.0553453825,1.02112079,0.0222445894,0.371608406,-0.0553453825,1.02112079,0.0222445894,0.371608406,-0.0553453825,1.02112079,0.0222445894,0.371608406,-0.0553453825,1.02112079,0.0222445894,0.371608406,-0.0553453825,1.02112079,0.0222445894,0.371608406,-0.0553453825,1.0,1.0,1.0,0.0,1.0,0.0,0.0,4.0,0.0,0.0,0.0,1.32111,0.0,0.0,3.0,1.0,1.7893932488333128e+18,1.0,0.0,0.0,0.0,11.0,0.0,0.0,0.0,1.0,0.0,0.0,0.0,1.0,0.0,1.0,1.780737510018285e+19,1.363203185561936e+19,0.0,0.0,0.0,0.0,0.0,0.0,0.0,0.0,0.0,1.0,127.0,1.0,1789393248.8989143
3879.0,1.7893932489089167e+18,46147961456957.0,0.4917519689,1.0,0.0,1.0,0.7258261442,1.0,1.0,0.0,0.0,0.0,0.0,1.331107259,0.5,1.0,0.0,1.575850487,0.0,0.0,0.0,0.0,2.0,2.0,1.0,0.0,1.0,1.02112079,0.0222445894,0.371608406,-0.0553453825,1.02112079,0.0222445894,0.371608406,-0.0553453825,1.02112079,0.0222445894,0.371608406,-0.0553453825,1.02112079,0.0222445894,0.371608406,-0.0553453825,1.02112079,0.0222445894,0.371608406,-0.0553453825,1.02112079,0.0222445894,0.371608406,-0.0553453825,1.02112079,0.0222445894,0.371608406,-0.0553453825,1.02112079,0.0222445894,0.371608406,-0.0553453825,1.02112079,0.0222445894,0.371608406,-0.0553453825,1.02112079,0.0222445894,0.371608406,-0.0553453825,1.02112079,0.0222445894,0.371608406,-0.0553453825,1.02112079,0.0222445894,0.371608406,-0.0553453825,1.02112079,0.0222445894,0.371608406,-0.0553453825,1.02112079,0.0222445894,0.371608406,-0.0553453825,1.02112079,0.0222445894,0.371608406,-0.0553453825,1.02112079,0.0222445894,0.371608406,-0.0553453825,1.02112079,0.0222445894,0.371608406,-0.0553453825,1.02112079,0.0222445894,0.371608406,-0.0553453825,1.02112079,0.0222445894,0.371608406,-0.0553453825,1.02112079,0.0222445894,0.371608406,-0.0553453825,1.0,1.0,1.0,0.0,1.0,0.0,0.0,4.0,0.0,0.0,0.0,1.33111,0.0,0.0,3.0,1.0,1.7893932488333128e+18,1.0,0.0,0.0,0.0,11.0,0.0,0.0,0.0,1.0,0.0,0.0,0.0,1.0,0.0,1.0,1.780737510018285e+19,1.363203185561936e+19,0.0,0.0,0.0,0.0,0.0,0.0,0.0,0.0,0.0,1.0,127.0,1.0,1789393248.9089167
3880.0,1.7893932489189307e+18,46147971470918.0,0.4823800027,1.0,0.0,1.0,0.7258261442,1.0,1.0,0.0,0.0,0.0,0.0,1.341121078,0.5,1.0,0.0,1.575850487,0.0,0.0,0.0,0.0,2.0,2.0,1.0,0.0,1.0,1.02112079,0.0222445894,0.371608406,-0.0553453825,1.02112079,0.0222445894,0.371608406,-0.0553453825,1.02112079,0.0222445894,0.371608406,-0.0553453825,1.02112079,0.0222445894,0.371608406,-0.0553453825,1.02112079,0.0222445894,0.371608406,-0.0553453825,1.02112079,0.0222445894,0.371608406,-0.0553453825,1.02112079,0.0222445894,0.371608406,-0.0553453825,1.02112079,0.0222445894,0.371608406,-0.0553453825,1.02112079,0.0222445894,0.371608406,-0.0553453825,1.02112079,0.0222445894,0.371608406,-0.0553453825,1.02112079,0.0222445894,0.371608406,-0.0553453825,1.02112079,0.0222445894,0.371608406,-0.0553453825,1.02112079,0.0222445894,0.371608406,-0.0553453825,1.02112079,0.0222445894,0.371608406,-0.0553453825,1.02112079,0.0222445894,0.371608406,-0.0553453825,1.02112079,0.0222445894,0.371608406,-0.0553453825,1.02112079,0.0222445894,0.371608406,-0.0553453825,1.02112079,0.0222445894,0.371608406,-0.0553453825,1.02112079,0.0222445894,0.371608406,-0.0553453825,1.02112079,0.0222445894,0.371608406,-0.0553453825,1.0,1.0,1.0,0.0,1.0,0.0,0.0,4.0,0.0,0.0,0.0,1.34112,0.0,0.0,3.0,1.0,1.7893932488333128e+18,1.0,0.0,0.0,0.0,11.0,0.0,0.0,0.0,1.0,0.0,0.0,0.0,1.0,0.0,1.0,1.780737510018285e+19,1.363203185561936e+19,0.0,0.0,0.0,0.0,0.0,0.0,0.0,0.0,0.0,1.0,127.0,1.0,1789393248.9189308
3881.0,1.7893932489288968e+18,46147981436933.0,0.4719253182,1.0,0.0,1.0,0.7258261442,1.0,1.0,0.0,0.0,0.0,0.0,1.351087332,0.5,1.0,0.0,1.575850487,0.0,0.0,0.0,0.0,2.0,2.0,1.0,0.0,1.0,1.02112079,0.0222445894,0.371608406,-0.0553453825,1.02112079,0.0222445894,0.371608406,-0.0553453825,1.02112079,0.0222445894,0.371608406,-0.0553453825,1.02112079,0.0222445894,0.371608406,-0.0553453825,1.02112079,0.0222445894,0.371608406,-0.0553453825,1.02112079,0.0222445894,0.371608406,-0.0553453825,1.02112079,0.0222445894,0.371608406,-0.0553453825,1.02112079,0.0222445894,0.371608406,-0.0553453825,1.02112079,0.0222445894,0.371608406,-0.0553453825,1.02112079,0.0222445894,0.371608406,-0.0553453825,1.02112079,0.0222445894,0.371608406,-0.0553453825,1.02112079,0.0222445894,0.371608406,-0.0553453825,1.02112079,0.0222445894,0.371608406,-0.0553453825,1.02112079,0.0222445894,0.371608406,-0.0553453825,1.02112079,0.0222445894,0.371608406,-0.0553453825,1.02112079,0.0222445894,0.371608406,-0.0553453825,1.02112079,0.0222445894,0.371608406,-0.0553453825,1.02112079,0.0222445894,0.371608406,-0.0553453825,1.02112079,0.0222445894,0.371608406,-0.0553453825,1.02112079,0.0222445894,0.371608406,-0.0553453825,1.0,1.0,1.0,0.0,1.0,0.0,0.0,4.0,0.0,0.0,0.0,1.35109,0.0,0.0,3.0,1.0,1.7893932488333128e+18,1.0,0.0,0.0,0.0,11.0,0.0,0.0,0.0,1.0,0.0,0.0,0.0,1.0,0.0,1.0,1.780737510018285e+19,1.363203185561936e+19,0.0,0.0,0.0,0.0,0.0,0.0,0.0,0.0,0.0,1.0,127.0,1.0,1789393248.9288967
3882.0,1.7893932489389164e+18,46147991456603.0,0.4608356655,1.0,0.0,1.0,0.7258261442,1.0,1.0,0.0,0.0,0.0,0.0,1.361106873,0.5,1.0,0.0,1.575850487,0.0,0.0,0.0,0.0,2.0,2.0,1.0,0.0,1.0,1.02112079,0.0222445894,0.371608406,-0.0553453825,1.02112079,0.0222445894,0.371608406,-0.0553453825,1.02112079,0.0222445894,0.371608406,-0.0553453825,1.02112079,0.0222445894,0.371608406,-0.0553453825,1.02112079,0.0222445894,0.371608406,-0.0553453825,1.02112079,0.0222445894,0.371608406,-0.0553453825,1.02112079,0.0222445894,0.371608406,-0.0553453825,1.02112079,0.0222445894,0.371608406,-0.0553453825,1.02112079,0.0222445894,0.371608406,-0.0553453825,1.02112079,0.0222445894,0.371608406,-0.0553453825,1.02112079,0.0222445894,0.371608406,-0.0553453825,1.02112079,0.0222445894,0.371608406,-0.0553453825,1.02112079,0.0222445894,0.371608406,-0.0553453825,1.02112079,0.0222445894,0.371608406,-0.0553453825,1.02112079,0.0222445894,0.371608406,-0.0553453825,1.02112079,0.0222445894,0.371608406,-0.0553453825,1.02112079,0.0222445894,0.371608406,-0.0553453825,1.02112079,0.0222445894,0.371608406,-0.0553453825,1.02112079,0.0222445894,0.371608406,-0.0553453825,1.02112079,0.0222445894,0.371608406,-0.0553453825,1.0,1.0,1.0,0.0,1.0,0.0,0.0,4.0,0.0,0.0,0.0,1.36111,0.0,0.0,3.0,1.0,1.7893932488333128e+18,1.0,0.0,0.0,0.0,11.0,0.0,0.0,0.0,1.0,0.0,0.0,0.0,1.0,0.0,1.0,1.780737510018285e+19,1.363203185561936e+19,0.0,0.0,0.0,0.0,0.0,0.0,0.0,0.0,0.0,1.0,127.0,1.0,1789393248.9389164
3883.0,1.7893932489489426e+18,46148001482817.0,0.4492500722,1.0,0.0,1.0,0.6903396249,1.0,1.0,0.0,0.0,0.0,0.0,1.371133089,0.5,1.0,0.0,1.575850487,0.0,0.0,0.0,0.0,2.0,2.0,1.0,0.0,1.0,1.02112079,0.0222445894,0.371608406,-0.0553453825,1.02112079,0.0222445894,0.371608406,-0.0553453825,1.02112079,0.0222445894,0.371608406,-0.0553453825,1.02112079,0.0222445894,0.371608406,-0.0553453825,1.02112079,0.0222445894,0.371608406,-0.0553453825,1.02112079,0.0222445894,0.371608406,-0.0553453825,1.02112079,0.0222445894,0.371608406,-0.0553453825,1.02112079,0.0222445894,0.371608406,-0.0553453825,1.02112079,0.0222445894,0.371608406,-0.0553453825,1.02112079,0.0222445894,0.371608406,-0.0553453825,1.02112079,0.0222445894,0.371608406,-0.0553453825,1.02112079,0.0222445894,0.371608406,-0.0553453825,1.02112079,0.0222445894,0.371608406,-0.0553453825,1.02112079,0.0222445894,0.371608406,-0.0553453825,1.02112079,0.0222445894,0.371608406,-0.0553453825,1.02112079,0.0222445894,0.371608406,-0.0553453825,1.02112079,0.0222445894,0.371608406,-0.0553453825,1.02112079,0.0222445894,0.371608406,-0.0553453825,1.02112079,0.0222445894,0.371608406,-0.0553453825,1.02112079,0.0222445894,0.371608406,-0.0553453825,1.0,1.0,1.0,0.0,1.0,0.0,0.0,4.0,0.0,0.0,0.0,1.37113,0.0,0.0,3.0,1.0,1.7893932488333128e+18,1.0,0.0,0.0,0.0,11.0,0.0,0.0,0.0,1.0,0.0,0.0,0.0,1.0,0.0,1.0,1.780737510018285e+19,1.363203185561936e+19,0.0,0.0,0.0,0.0,0.0,0.0,0.0,0.0,0.0,1.0,127.0,1.0,1789393248.9489427
3884.0,1.789393248958906e+18,46148011446315.0,0.4367392063,1.0,0.0,1.0,0.6903396249,1.0,1.0,0.0,0.0,0.0,0.0,1.381096601,0.5,1.0,0.0,1.575850487,0.0,0.0,0.0,0.0,2.0,2.0,1.0,0.0,1.0,1.02112079,0.0222445894,0.371608406,-0.0553453825,1.02112079,0.0222445894,0.371608406,-0.0553453825,1.02112079,0.0222445894,0.371608406,-0.0553453825,1.02112079,0.0222445894,0.371608406,-0.0553453825,1.02112079,0.0222445894,0.371608406,-0.0553453825,1.02112079,0.0222445894,0.371608406,-0.0553453825,1.02112079,0.0222445894,0.371608406,-0.0553453825,1.02112079,0.0222445894,0.371608406,-0.0553453825,1.02112079,0.0222445894,0.371608406,-0.0553453825,1.02112079,0.0222445894,0.371608406,-0.0553453825,1.02112079,0.0222445894,0.371608406,-0.0553453825,1.02112079,0.0222445894,0.371608406,-0.0553453825,1.02112079,0.0222445894,0.371608406,-0.0553453825,1.02112079,0.0222445894,0.371608406,-0.0553453825,1.02112079,0.0222445894,0.371608406,-0.0553453825,1.02112079,0.0222445894,0.371608406,-0.0553453825,1.02112079,0.0222445894,0.371608406,-0.0553453825,1.02112079,0.0222445894,0.371608406,-0.0553453825,1.02112079,0.0222445894,0.371608406,-0.0553453825,1.02112079,0.0222445894,0.371608406,-0.0553453825,1.0,1.0,1.0,0.0,1.0,0.0,0.0,4.0,0.0,0.0,0.0,1.3811,0.0,0.0,3.0,1.0,1.7893932488333128e+18,1.0,0.0,0.0,0.0,11.0,0.0,0.0,0.0,1.0,0.0,0.0,0.0,1.0,0.0,1.0,1.780737510018285e+19,1.363203185561936e+19,0.0,0.0,0.0,0.0,0.0,0.0,0.0,0.0,0.0,1.0,127.0,1.0,1789393248.9589062
3885.0,1.789393248968954e+18,46148021494468.0,0.4255379736,1.0,0.0,1.0,0.6903396249,1.0,1.0,0.0,0.0,0.0,0.0,1.391144872,0.5,1.0,0.0,1.575850487,0.0,0.0,0.0,0.0,2.0,2.0,1.0,0.0,1.0,1.02112079,0.0222445894,0.371608406,-0.0553453825,1.02112079,0.0222445894,0.371608406,-0.0553453825,1.02112079,0.0222445894,0.371608406,-0.0553453825,1.02112079,0.0222445894,0.371608406,-0.0553453825,1.02112079,0.0222445894,0.371608406,-0.0553453825,1.02112079,0.0222445894,0.371608406,-0.0553453825,1.02112079,0.0222445894,0.371608406,-0.0553453825,1.02112079,0.0222445894,0.371608406,-0.0553453825,1.02112079,0.0222445894,0.371608406,-0.0553453825,1.02112079,0.0222445894,0.371608406,-0.0553453825,1.02112079,0.0222445894,0.371608406,-0.0553453825,1.02112079,0.0222445894,0.371608406,-0.0553453825,1.02112079,0.0222445894,0.371608406,-0.0553453825,1.02112079,0.0222445894,0.371608406,-0.0553453825,1.02112079,0.0222445894,0.371608406,-0.0553453825,1.02112079,0.0222445894,0.371608406,-0.0553453825,1.02112079,0.0222445894,0.371608406,-0.0553453825,1.02112079,0.0222445894,0.371608406,-0.0553453825,1.02112079,0.0222445894,0.371608406,-0.0553453825,1.02112079,0.0222445894,0.371608406,-0.0553453825,1.0,1.0,1.0,0.0,1.0,0.0,0.0,4.0,0.0,0.0,0.0,1.39114,0.0,0.0,3.0,1.0,1.7893932488333128e+18,1.0,0.0,0.0,0.0,11.0,0.0,0.0,0.0,1.0,0.0,0.0,0.0,1.0,0.0,1.0,1.780737510018285e+19,1.363203185561936e+19,0.0,0.0,0.0,0.0,0.0,0.0,0.0,0.0,0.0,1.0,127.0,1.0,1789393248.968954
3886.0,1.7893932489789522e+18,46148031492407.0,0.4131554067,1.0,0.0,1.0,0.6903396249,1.0,1.0,1.0,0.0,0.0,0.0,1.401142478,0.5,1.0,0.0,1.892073154,0.0,0.0,0.0,0.0,2.0,2.0,1.0,0.0,1.0,1.02112079,0.0222445894,0.371608406,-0.0553453825,1.02112079,0.0222445894,0.371608406,-0.0553453825,1.02112079,0.0222445894,0.371608406,-0.0553453825,1.02112079,0.0222445894,0.371608406,-0.0553453825,1.02112079,0.0222445894,0.371608406,-0.0553453825,1.02112079,0.0222445894,0.371608406,-0.0553453825,1.02112079,0.0222445894,0.371608406,-0.0553453825,1.02112079,0.0222445894,0.371608406,-0.0553453825,1.02112079,0.0222445894,0.371608406,-0.0553453825,1.02112079,0.0222445894,0.371608406,-0.0553453825,1.02112079,0.0222445894,0.371608406,-0.0553453825,1.02112079,0.0222445894,0.371608406,-0.0553453825,1.02112079,0.0222445894,0.371608406,-0.0553453825,1.02112079,0.0222445894,0.371608406,-0.0553453825,1.02112079,0.0222445894,0.371608406,-0.0553453825,1.02112079,0.0222445894,0.371608406,-0.0553453825,1.02112079,0.0222445894,0.371608406,-0.0553453825,1.02112079,0.0222445894,0.371608406,-0.0553453825,1.02112079,0.0222445894,0.371608406,-0.0553453825,1.02112079,0.0222445894,0.371608406,-0.0553453825,1.0,1.0,1.0,0.0,1.0,0.0,0.0,4.0,0.0,0.0,0.0,1.40114,0.0,0.0,3.0,1.0,1.7893932488333128e+18,1.0,0.0,0.0,0.0,11.0,0.0,0.0,0.0,1.0,0.0,0.0,0.0,1.0,0.0,1.0,1.780737510018285e+19,1.363203185561936e+19,0.0,0.0,0.0,0.0,0.0,0.0,0.0,0.0,0.0,1.0,127.0,1.0,1789393248.9789522
3887.0,1.789393248988908e+18,46148041448232.0,0.4008638859,1.0,0.0,1.0,0.6903396249,1.0,1.0,0.0,0.0,0.0,0.0,1.41109848,0.5,1.0,0.0,1.892073154,0.0,0.0,0.0,0.0,2.0,2.0,1.0,0.0,1.0,1.02112079,0.0222445894,0.371608406,-0.0553453825,1.02112079,0.0222445894,0.371608406,-0.0553453825,1.02112079,0.0222445894,0.371608406,-0.0553453825,1.02112079,0.0222445894,0.371608406,-0.0553453825,1.02112079,0.0222445894,0.371608406,-0.0553453825,1.02112079,0.0222445894,0.371608406,-0.0553453825,1.02112079,0.0222445894,0.371608406,-0.0553453825,1.02112079,0.0222445894,0.371608406,-0.0553453825,1.02112079,0.0222445894,0.371608406,-0.0553453825,1.02112079,0.0222445894,0.371608406,-0.0553453825,1.02112079,0.0222445894,0.371608406,-0.0553453825,1.02112079,0.0222445894,0.371608406,-0.0553453825,1.02112079,0.0222445894,0.371608406,-0.0553453825,1.02112079,0.0222445894,0.371608406,-0.0553453825,1.02112079,0.0222445894,0.371608406,-0.0553453825,1.02112079,0.0222445894,0.371608406,-0.0553453825,1.02112079,0.0222445894,0.371608406,-0.0553453825,1.02112079,0.0222445894,0.371608406,-0.0553453825,1.02112079,0.0222445894,0.371608406,-0.0553453825,1.02112079,0.0222445894,0.371608406,-0.0553453825,1.0,1.0,1.0,0.0,1.0,0.0,0.0,4.0,0.0,0.0,0.0,1.4111,0.0,0.0,3.0,1.0,1.7893932488333128e+18,1.0,0.0,0.0,0.0,11.0,0.0,0.0,0.0,1.0,0.0,0.0,0.0,1.0,0.0,1.0,1.780737510018285e+19,1.363203185561936e+19,0.0,0.0,0.0,0.0,0.0,0.0,0.0,0.0,0.0,1.0,127.0,1.0,1789393248.988908
3888.0,1.7893932489989402e+18,46148051480394.0,0.3895103633,1.0,0.0,1.0,0.6903396249,1.0,1.0,0.0,0.0,0.0,0.0,1.421130538,0.5,1.0,0.0,1.892073154,0.0,0.0,0.0,0.0,2.0,2.0,1.0,0.0,1.0,1.02112079,0.0222445894,0.371608406,-0.0553453825,1.02112079,0.0222445894,0.371608406,-0.0553453825,1.02112079,0.0222445894,0.371608406,-0.0553453825,1.02112079,0.0222445894,0.371608406,-0.0553453825,1.02112079,0.0222445894,0.371608406,-0.0553453825,1.02112079,0.0222445894,0.371608406,-0.0553453825,1.02112079,0.0222445894,0.371608406,-0.0553453825,1.02112079,0.0222445894,0.371608406,-0.0553453825,1.02112079,0.0222445894,0.371608406,-0.0553453825,1.02112079,0.0222445894,0.371608406,-0.0553453825,1.02112079,0.0222445894,0.371608406,-0.0553453825,1.02112079,0.0222445894,0.371608406,-0.0553453825,1.02112079,0.0222445894,0.371608406,-0.0553453825,1.02112079,0.0222445894,0.371608406,-0.0553453825,1.02112079,0.0222445894,0.371608406,-0.0553453825,1.02112079,0.0222445894,0.371608406,-0.0553453825,1.02112079,0.0222445894,0.371608406,-0.0553453825,1.02112079,0.0222445894,0.371608406,-0.0553453825,1.02112079,0.0222445894,0.371608406,-0.0553453825,1.02112079,0.0222445894,0.371608406,-0.0553453825,1.0,1.0,1.0,0.0,1.0,0.0,0.0,4.0,0.0,0.0,0.0,1.42113,0.0,0.0,3.0,1.0,1.7893932488333128e+18,1.0,0.0,0.0,0.0,11.0,0.0,0.0,0.0,1.0,0.0,0.0,0.0,1.0,0.0,1.0,1.780737510018285e+19,1.363203185561936e+19,0.0,0.0,0.0,0.0,0.0,0.0,0.0,0.0,0.0,1.0,127.0,1.0,1789393248.9989402
3889.0,1.7893932490089198e+18,46148061460053.0,0.3771443367,1.0,0.0,1.0,0.6903396249,1.0,1.0,0.0,0.0,0.0,0.0,1.431110263,0.5,1.0,0.0,1.892073154,0.0,0.0,0.0,0.0,2.0,2.0,1.0,0.0,1.0,1.02112079,0.0222445894,0.371608406,-0.0553453825,1.02112079,0.0222445894,0.371608406,-0.0553453825,1.02112079,0.0222445894,0.371608406,-0.0553453825,1.02112079,0.0222445894,0.371608406,-0.0553453825,1.02112079,0.0222445894,0.371608406,-0.0553453825,1.02112079,0.0222445894,0.371608406,-0.0553453825,1.02112079,0.0222445894,0.371608406,-0.0553453825,1.02112079,0.0222445894,0.371608406,-0.0553453825,1.02112079,0.0222445894,0.371608406,-0.0553453825,1.02112079,0.0222445894,0.371608406,-0.0553453825,1.02112079,0.0222445894,0.371608406,-0.0553453825,1.02112079,0.0222445894,0.371608406,-0.0553453825,1.02112079,0.0222445894,0.371608406,-0.0553453825,1.02112079,0.0222445894,0.371608406,-0.0553453825,1.02112079,0.0222445894,0.371608406,-0.0553453825,1.02112079,0.0222445894,0.371608406,-0.0553453825,1.02112079,0.0222445894,0.371608406,-0.0553453825,1.02112079,0.0222445894,0.371608406,-0.0553453825,1.02112079,0.0222445894,0.371608406,-0.0553453825,1.02112079,0.0222445894,0.371608406,-0.0553453825,1.0,1.0,1.0,0.0,1.0,0.0,0.0,4.0,0.0,0.0,0.0,1.43111,0.0,0.0,3.0,1.0,1.7893932488333128e+18,1.0,0.0,0.0,0.0,11.0,0.0,0.0,0.0,1.0,0.0,0.0,0.0,1.0,0.0,1.0,1.780737510018285e+19,1.363203185561936e+19,0.0,0.0,0.0,0.0,0.0,0.0,0.0,0.0,0.0,1.0,127.0,1.0,1789393249.0089197
3890.0,1.7893932490189312e+18,46148071471519.0,0.3655368388,1.0,0.0,1.0,0.6903396249,1.0,1.0,0.0,0.0,0.0,0.0,1.441121697,0.5,1.0,0.0,1.892073154,0.0,0.0,0.0,0.0,2.0,2.0,1.0,0.0,1.0,1.02112079,0.0222445894,0.371608406,-0.0553453825,1.02112079,0.0222445894,0.371608406,-0.0553453825,1.02112079,0.0222445894,0.371608406,-0.0553453825,1.02112079,0.0222445894,0.371608406,-0.0553453825,1.02112079,0.0222445894,0.371608406,-0.0553453825,1.02112079,0.0222445894,0.371608406,-0.0553453825,1.02112079,0.0222445894,0.371608406,-0.0553453825,1.02112079,0.0222445894,0.371608406,-0.0553453825,1.02112079,0.0222445894,0.371608406,-0.0553453825,1.02112079,0.0222445894,0.371608406,-0.0553453825,1.02112079,0.0222445894,0.371608406,-0.0553453825,1.02112079,0.0222445894,0.371608406,-0.0553453825,1.02112079,0.0222445894,0.371608406,-0.0553453825,1.02112079,0.0222445894,0.371608406,-0.0553453825,1.02112079,0.0222445894,0.371608406,-0.0553453825,1.02112079,0.0222445894,0.371608406,-0.0553453825,1.02112079,0.0222445894,0.371608406,-0.0553453825,1.02112079,0.0222445894,0.371608406,-0.0553453825,1.02112079,0.0222445894,0.371608406,-0.0553453825,1.02112079,0.0222445894,0.371608406,-0.0553453825,1.0,1.0,1.0,0.0,1.0,0.0,0.0,4.0,0.0,0.0,0.0,1.44112,0.0,0.0,3.0,1.0,1.7893932488333128e+18,1.0,0.0,0.0,0.0,11.0,0.0,0.0,0.0,1.0,0.0,0.0,0.0,1.0,0.0,1.0,1.780737510018285e+19,1.363203185561936e+19,0.0,0.0,0.0,0.0,0.0,0.0,0.0,0.0,0.0,1.0,127.0,1.0,1789393249.0189312
3891.0,1.789393249028912e+18,46148081452441.0,0.3540842235,1.0,0.0,1.0,0.6903396249,1.0,1.0,0.0,0.0,0.0,0.0,1.451102734,0.5,1.0,0.0,1.892073154,0.0,0.0,0.0,0.0,2.0,2.0,1.0,0.0,1.0,1.02112079,0.0222445894,0.371608406,-0.0553453825,1.02112079,0.0222445894,0.371608406,-0.0553453825,1.02112079,0.0222445894,0.371608406,-0.0553453825,1.02112079,0.0222445894,0.371608406,-0.0553453825,1.02112079,0.0222445894,0.371608406,-0.0553453825,1.02112079,0.0222445894,0.371608406,-0.0553453825,1.02112079,0.0222445894,0.371608406,-0.0553453825,1.02112079,0.0222445894,0.371608406,-0.0553453825,1.02112079,0.0222445894,0.371608406,-0.0553453825,1.02112079,0.0222445894,0.371608406,-0.0553453825,1.02112079,0.0222445894,0.371608406,-0.0553453825,1.02112079,0.0222445894,0.371608406,-0.0553453825,1.02112079,0.0222445894,0.371608406,-0.0553453825,1.02112079,0.0222445894,0.371608406,-0.0553453825,1.02112079,0.0222445894,0.371608406,-0.0553453825,1.02112079,0.0222445894,0.371608406,-0.0553453825,1.02112079,0.0222445894,0.371608406,-0.0553453825,1.02112079,0.0222445894,0.371608406,-0.0553453825,1.02112079,0.0222445894,0.371608406,-0.0553453825,1.02112079,0.0222445894,0.371608406,-0.0553453825,1.0,1.0,1.0,0.0,1.0,0.0,0.0,4.0,0.0,0.0,0.0,1.4511,0.0,0.0,3.0,1.0,1.7893932488333128e+18,1.0,0.0,0.0,0.0,11.0,0.0,0.0,0.0,1.0,0.0,0.0,0.0,1.0,0.0,1.0,1.780737510018285e+19,1.363203185561936e+19,0.0,0.0,0.0,0.0,0.0,0.0,0.0,0.0,0.0,1.0,127.0,1.0,1789393249.028912
3892.0,1.7893932490389343e+18,46148091474432.0,0.3415603042,1.0,0.0,1.0,0.6903396249,1.0,1.0,0.0,0.0,0.0,0.0,1.461124539,0.5,1.0,0.0,1.892073154,0.0,0.0,0.0,0.0,2.0,2.0,1.0,0.0,1.0,1.02112079,0.0222445894,0.371608406,-0.0553453825,1.02112079,0.0222445894,0.371608406,-0.0553453825,1.02112079,0.0222445894,0.371608406,-0.0553453825,1.02112079,0.0222445894,0.371608406,-0.0553453825,1.02112079,0.0222445894,0.371608406,-0.0553453825,1.02112079,0.0222445894,0.371608406,-0.0553453825,1.02112079,0.0222445894,0.371608406,-0.0553453825,1.02112079,0.0222445894,0.371608406,-0.0553453825,1.02112079,0.0222445894,0.371608406,-0.0553453825,1.02112079,0.0222445894,0.371608406,-0.0553453825,1.02112079,0.0222445894,0.371608406,-0.0553453825,1.02112079,0.0222445894,0.371608406,-0.0553453825,1.02112079,0.0222445894,0.371608406,-0.0553453825,1.02112079,0.0222445894,0.371608406,-0.0553453825,1.02112079,0.0222445894,0.371608406,-0.0553453825,1.02112079,0.0222445894,0.371608406,-0.0553453825,1.02112079,0.0222445894,0.371608406,-0.0553453825,1.02112079,0.0222445894,0.371608406,-0.0553453825,1.02112079,0.0222445894,0.371608406,-0.0553453825,1.02112079,0.0222445894,0.371608406,-0.0553453825,1.0,1.0,1.0,0.0,1.0,0.0,0.0,4.0,0.0,0.0,0.0,1.46112,0.0,0.0,3.0,1.0,1.7893932488333128e+18,1.0,0.0,0.0,0.0,11.0,0.0,0.0,0.0,1.0,0.0,0.0,0.0,1.0,0.0,1.0,1.780737510018285e+19,1.363203185561936e+19,0.0,0.0,0.0,0.0,0.0,0.0,0.0,0.0,0.0,1.0,127.0,1.0,1789393249.0389342
3893.0,1.789393249048965e+18,46148101505402.0,0.3293563128,1.0,0.0,1.0,0.7251037955,1.0,1.0,0.0,0.0,0.0,0.0,1.471155524,0.5,1.0,0.0,1.892073154,0.0,0.0,0.0,0.0,2.0,2.0,1.0,0.0,1.0,1.02112079,0.0222445894,0.371608406,-0.0553453825,1.02112079,0.0222445894,0.371608406,-0.0553453825,1.02112079,0.0222445894,0.371608406,-0.0553453825,1.02112079,0.0222445894,0.371608406,-0.0553453825,1.02112079,0.0222445894,0.371608406,-0.0553453825,1.02112079,0.0222445894,0.371608406,-0.0553453825,1.02112079,0.0222445894,0.371608406,-0.0553453825,1.02112079,0.0222445894,0.371608406,-0.0553453825,1.02112079,0.0222445894,0.371608406,-0.0553453825,1.02112079,0.0222445894,0.371608406,-0.0553453825,1.02112079,0.0222445894,0.371608406,-0.0553453825,1.02112079,0.0222445894,0.371608406,-0.0553453825,1.02112079,0.0222445894,0.371608406,-0.0553453825,1.02112079,0.0222445894,0.371608406,-0.0553453825,1.02112079,0.0222445894,0.371608406,-0.0553453825,1.02112079,0.0222445894,0.371608406,-0.0553453825,1.02112079,0.0222445894,0.371608406,-0.0553453825,1.02112079,0.0222445894,0.371608406,-0.0553453825,1.02112079,0.0222445894,0.371608406,-0.0553453825,1.02112079,0.0222445894,0.371608406,-0.0553453825,1.0,1.0,1.0,0.0,1.0,0.0,0.0,4.0,0.0,0.0,0.0,1.47116,0.0,0.0,3.0,1.0,1.789393248955295e+18,1.0,0.0,0.0,0.0,11.0,0.0,0.0,0.0,1.0,0.0,0.0,0.0,1.0,0.0,1.0,1.780737510018285e+19,1.363203185561936e+19,0.0,0.0,0.0,0.0,0.0,0.0,0.0,0.0,0.0,1.0,127.0,1.0,1789393249.0489652
3894.0,1.7893932490589258e+18,46148111466187.0,0.318195343,1.0,0.0,1.0,0.7251037955,1.0,1.0,0.0,0.0,0.0,0.0,1.481116414,0.5,1.0,0.0,1.892073154,0.0,0.0,0.0,0.0,2.0,2.0,1.0,0.0,1.0,1.02112079,0.0222445894,0.371608406,-0.0553453825,1.02112079,0.0222445894,0.371608406,-0.0553453825,1.02112079,0.0222445894,0.371608406,-0.0553453825,1.02112079,0.0222445894,0.371608406,-0.0553453825,1.02112079,0.0222445894,0.371608406,-0.0553453825,1.02112079,0.0222445894,0.371608406,-0.0553453825,1.02112079,0.0222445894,0.371608406,-0.0553453825,1.02112079,0.0222445894,0.371608406,-0.0553453825,1.02112079,0.0222445894,0.371608406,-0.0553453825,1.02112079,0.0222445894,0.371608406,-0.0553453825,1.02112079,0.0222445894,0.371608406,-0.0553453825,1.02112079,0.0222445894,0.371608406,-0.0553453825,1.02112079,0.0222445894,0.371608406,-0.0553453825,1.02112079,0.0222445894,0.371608406,-0.0553453825,1.02112079,0.0222445894,0.371608406,-0.0553453825,1.02112079,0.0222445894,0.371608406,-0.0553453825,1.02112079,0.0222445894,0.371608406,-0.0553453825,1.02112079,0.0222445894,0.371608406,-0.0553453825,1.02112079,0.0222445894,0.371608406,-0.0553453825,1.02112079,0.0222445894,0.371608406,-0.0553453825,1.0,1.0,1.0,0.0,1.0,0.0,0.0,4.0,0.0,0.0,0.0,1.48112,0.0,0.0,3.0,1.0,1.789393248955295e+18,1.0,0.0,0.0,0.0,11.0,0.0,0.0,0.0,1.0,0.0,0.0,0.0,1.0,0.0,1.0,1.780737510018285e+19,1.363203185561936e+19,0.0,0.0,0.0,0.0,0.0,0.0,0.0,0.0,0.0,1.0,127.0,1.0,1789393249.0589259
3895.0,1.7893932490689859e+18,46148121526168.0,0.306992054,1.0,0.0,1.0,0.7251037955,1.0,1.0,0.0,0.0,0.0,0.0,1.491176009,0.5,1.0,0.0,1.892073154,0.0,0.0,0.0,0.0,2.0,2.0,1.0,0.0,1.0,1.02112079,0.0222445894,0.371608406,-0.0553453825,1.02112079,0.0222445894,0.371608406,-0.0553453825,1.02112079,0.0222445894,0.371608406,-0.0553453825,1.02112079,0.0222445894,0.371608406,-0.0553453825,1.02112079,0.0222445894,0.371608406,-0.0553453825,1.02112079,0.0222445894,0.371608406,-0.0553453825,1.02112079,0.0222445894,0.371608406,-0.0553453825,1.02112079,0.0222445894,0.371608406,-0.0553453825,1.02112079,0.0222445894,0.371608406,-0.0553453825,1.02112079,0.0222445894,0.371608406,-0.0553453825,1.02112079,0.0222445894,0.371608406,-0.0553453825,1.02112079,0.0222445894,0.371608406,-0.0553453825,1.02112079,0.0222445894,0.371608406,-0.0553453825,1.02112079,0.0222445894,0.371608406,-0.0553453825,1.02112079,0.0222445894,0.371608406,-0.0553453825,1.02112079,0.0222445894,0.371608406,-0.0553453825,1.02112079,0.0222445894,0.371608406,-0.0553453825,1.02112079,0.0222445894,0.371608406,-0.0553453825,1.02112079,0.0222445894,0.371608406,-0.0553453825,1.02112079,0.0222445894,0.371608406,-0.0553453825,1.0,1.0,1.0,0.0,1.0,0.0,0.0,4.0,0.0,0.0,0.0,1.49118,0.0,0.0,3.0,1.0,1.789393248955295e+18,1.0,0.0,0.0,0.0,11.0,0.0,0.0,0.0,1.0,0.0,0.0,0.0,1.0,0.0,1.0,1.780737510018285e+19,1.363203185561936e+19,0.0,0.0,0.0,0.0,0.0,0.0,0.0,0.0,0.0,1.0,127.0,1.0,1789393249.068986
3896.0,1.789393249078971e+18,46148131511101.0,0.2963434458,1.0,0.0,1.0,0.7251037955,1.0,1.0,1.0,0.0,0.0,0.0,1.501161218,0.5,1.0,0.0,2.562385798,0.0,0.0,0.0,0.0,2.0,2.0,1.0,0.0,1.0,1.02112079,0.0222445894,0.371608406,-0.0553453825,1.02112079,0.0222445894,0.371608406,-0.0553453825,1.02112079,0.0222445894,0.371608406,-0.0553453825,1.02112079,0.0222445894,0.371608406,-0.0553453825,1.02112079,0.0222445894,0.371608406,-0.0553453825,1.02112079,0.0222445894,0.371608406,-0.0553453825,1.02112079,0.0222445894,0.371608406,-0.0553453825,1.02112079,0.0222445894,0.371608406,-0.0553453825,1.02112079,0.0222445894,0.371608406,-0.0553453825,1.02112079,0.0222445894,0.371608406,-0.0553453825,1.02112079,0.0222445894,0.371608406,-0.0553453825,1.02112079,0.0222445894,0.371608406,-0.0553453825,1.02112079,0.0222445894,0.371608406,-0.0553453825,1.02112079,0.0222445894,0.371608406,-0.0553453825,1.02112079,0.0222445894,0.371608406,-0.0553453825,1.02112079,0.0222445894,0.371608406,-0.0553453825,1.02112079,0.0222445894,0.371608406,-0.0553453825,1.02112079,0.0222445894,0.371608406,-0.0553453825,1.02112079,0.0222445894,0.371608406,-0.0553453825,1.02112079,0.0222445894,0.371608406,-0.0553453825,1.0,1.0,1.0,0.0,1.0,0.0,0.0,4.0,0.0,0.0,0.0,1.50116,0.0,0.0,3.0,1.0,1.789393248955295e+18,1.0,0.0,0.0,0.0,11.0,0.0,0.0,0.0,1.0,0.0,0.0,0.0,1.0,0.0,1.0,1.780737510018285e+19,1.363203185561936e+19,0.0,0.0,0.0,0.0,0.0,0.0,0.0,0.0,0.0,1.0,127.0,1.0,1789393249.078971
3897.0,1.789393249088959e+18,46148141499194.0,0.2860883474,1.0,0.0,1.0,0.7251037955,1.0,1.0,0.0,0.0,0.0,0.0,1.511149406,0.5,1.0,0.0,2.562385798,0.0,0.0,0.0,0.0,2.0,2.0,1.0,0.0,1.0,1.02112079,0.0222445894,0.371608406,-0.0553453825,1.02112079,0.0222445894,0.371608406,-0.0553453825,1.02112079,0.0222445894,0.371608406,-0.0553453825,1.02112079,0.0222445894,0.371608406,-0.0553453825,1.02112079,0.0222445894,0.371608406,-0.0553453825,1.02112079,0.0222445894,0.371608406,-0.0553453825,1.02112079,0.0222445894,0.371608406,-0.0553453825,1.02112079,0.0222445894,0.371608406,-0.0553453825,1.02112079,0.0222445894,0.371608406,-0.0553453825,1.02112079,0.0222445894,0.371608406,-0.0553453825,1.02112079,0.0222445894,0.371608406,-0.0553453825,1.02112079,0.0222445894,0.371608406,-0.0553453825,1.02112079,0.0222445894,0.371608406,-0.0553453825,1.02112079,0.0222445894,0.371608406,-0.0553453825,1.02112079,0.0222445894,0.371608406,-0.0553453825,1.02112079,0.0222445894,0.371608406,-0.0553453825,1.02112079,0.0222445894,0.371608406,-0.0553453825,1.02112079,0.0222445894,0.371608406,-0.0553453825,1.02112079,0.0222445894,0.371608406,-0.0553453825,1.02112079,0.0222445894,0.371608406,-0.0553453825,1.0,1.0,1.0,0.0,1.0,0.0,0.0,4.0,0.0,0.0,0.0,1.51115,0.0,0.0,3.0,1.0,1.789393248955295e+18,1.0,0.0,0.0,0.0,11.0,0.0,0.0,0.0,1.0,0.0,0.0,0.0,1.0,0.0,1.0,1.780737510018285e+19,1.363203185561936e+19,0.0,0.0,0.0,0.0,0.0,0.0,0.0,0.0,0.0,1.0,127.0,1.0,1789393249.088959
3898.0,1.7893932490989658e+18,46148151505931.0,0.2751818597,1.0,0.0,1.0,0.7251037955,1.0,1.0,0.0,0.0,0.0,0.0,1.521156073,0.5,1.0,0.0,2.562385798,0.0,0.0,0.0,0.0,2.0,2.0,1.0,0.0,1.0,1.02112079,0.0222445894,0.371608406,-0.0553453825,1.02112079,0.0222445894,0.371608406,-0.0553453825,1.02112079,0.0222445894,0.371608406,-0.0553453825,1.02112079,0.0222445894,0.371608406,-0.0553453825,1.02112079,0.0222445894,0.371608406,-0.0553453825,1.02112079,0.0222445894,0.371608406,-0.0553453825,1.02112079,0.0222445894,0.371608406,-0.0553453825,1.02112079,0.0222445894,0.371608406,-0.0553453825,1.02112079,0.0222445894,0.371608406,-0.0553453825,1.02112079,0.0222445894,0.371608406,-0.0553453825,1.02112079,0.0222445894,0.371608406,-0.0553453825,1.02112079,0.0222445894,0.371608406,-0.0553453825,1.02112079,0.0222445894,0.371608406,-0.0553453825,1.02112079,0.0222445894,0.371608406,-0.0553453825,1.02112079,0.0222445894,0.371608406,-0.0553453825,1.02112079,0.0222445894,0.371608406,-0.0553453825,1.02112079,0.0222445894,0.371608406,-0.0553453825,1.02112079,0.0222445894,0.371608406,-0.0553453825,1.02112079,0.0222445894,0.371608406,-0.0553453825,1.02112079,0.0222445894,0.371608406,-0.0553453825,1.0,1.0,1.0,0.0,1.0,0.0,0.0,4.0,0.0,0.0,0.0,1.52116,0.0,0.0,3.0,1.0,1.789393248955295e+18,1.0,0.0,0.0,0.0,11.0,0.0,0.0,0.0,1.0,0.0,0.0,0.0,1.0,0.0,1.0,1.780737510018285e+19,1.363203185561936e+19,0.0,0.0,0.0,0.0,0.0,0.0,0.0,0.0,0.0,1.0,127.0,1.0,1789393249.0989656
3899.0,1.7893932491089198e+18,46148161459981.0,0.2638425529,1.0,0.0,1.0,0.7251037955,1.0,1.0,0.0,0.0,0.0,0.0,1.531110287,0.5,1.0,0.0,2.562385798,0.0,0.0,0.0,0.0,2.0,2.0,1.0,0.0,1.0,1.02112079,0.0222445894,0.371608406,-0.0553453825,1.02112079,0.0222445894,0.371608406,-0.0553453825,1.02112079,0.0222445894,0.371608406,-0.0553453825,1.02112079,0.0222445894,0.371608406,-0.0553453825,1.02112079,0.0222445894,0.371608406,-0.0553453825,1.02112079,0.0222445894,0.371608406,-0.0553453825,1.02112079,0.0222445894,0.371608406,-0.0553453825,1.02112079,0.0222445894,0.371608406,-0.0553453825,1.02112079,0.0222445894,0.371608406,-0.0553453825,1.02112079,0.0222445894,0.371608406,-0.0553453825,1.02112079,0.0222445894,0.371608406,-0.0553453825,1.02112079,0.0222445894,0.371608406,-0.0553453825,1.02112079,0.0222445894,0.371608406,-0.0553453825,1.02112079,0.0222445894,0.371608406,-0.0553453825,1.02112079,0.0222445894,0.371608406,-0.0553453825,1.02112079,0.0222445894,0.371608406,-0.0553453825,1.02112079,0.0222445894,0.371608406,-0.0553453825,1.02112079,0.0222445894,0.371608406,-0.0553453825,1.02112079,0.0222445894,0.371608406,-0.0553453825,1.02112079,0.0222445894,0.371608406,-0.0553453825,1.0,1.0,1.0,0.0,1.0,0.0,0.0,4.0,0.0,0.0,0.0,1.53111,0.0,0.0,3.0,1.0,1.789393248955295e+18,1.0,0.0,0.0,0.0,11.0,0.0,0.0,0.0,1.0,0.0,0.0,0.0,1.0,0.0,1.0,1.780737510018285e+19,1.363203185561936e+19,0.0,0.0,0.0,0.0,0.0,0.0,0.0,0.0,0.0,1.0,127.0,1.0,1789393249.1089199
3900.0,1.7893932491189302e+18,46148171470374.0,0.2532358766,1.0,0.0,1.0,0.7251037955,1.0,1.0,0.0,0.0,0.0,0.0,1.541120529,0.5,1.0,0.0,2.562385798,0.0,0.0,0.0,0.0,2.0,2.0,1.0,0.0,1.0,1.02112079,0.0222445894,0.371608406,-0.0553453825,1.02112079,0.0222445894,0.371608406,-0.0553453825,1.02112079,0.0222445894,0.371608406,-0.0553453825,1.02112079,0.0222445894,0.371608406,-0.0553453825,1.02112079,0.0222445894,0.371608406,-0.0553453825,1.02112079,0.0222445894,0.371608406,-0.0553453825,1.02112079,0.0222445894,0.371608406,-0.0553453825,1.02112079,0.0222445894,0.371608406,-0.0553453825,1.02112079,0.0222445894,0.371608406,-0.0553453825,1.02112079,0.0222445894,0.371608406,-0.0553453825,1.02112079,0.0222445894,0.371608406,-0.0553453825,1.02112079,0.0222445894,0.371608406,-0.0553453825,1.02112079,0.0222445894,0.371608406,-0.0553453825,1.02112079,0.0222445894,0.371608406,-0.0553453825,1.02112079,0.0222445894,0.371608406,-0.0553453825,1.02112079,0.0222445894,0.371608406,-0.0553453825,1.02112079,0.0222445894,0.371608406,-0.0553453825,1.02112079,0.0222445894,0.371608406,-0.0553453825,1.02112079,0.0222445894,0.371608406,-0.0553453825,1.02112079,0.0222445894,0.371608406,-0.0553453825,1.0,1.0,1.0,0.0,1.0,0.0,0.0,4.0,0.0,0.0,0.0,1.54112,0.0,0.0,3.0,1.0,1.789393248955295e+18,1.0,0.0,0.0,0.0,11.0,0.0,0.0,0.0,1.0,0.0,0.0,0.0,1.0,0.0,1.0,1.780737510018285e+19,1.363203185561936e+19,0.0,0.0,0.0,0.0,0.0,0.0,0.0,0.0,0.0,1.0,127.0,1.0,1789393249.11893
