stamp_s,lat,lon,quality,idx,cross_track_m,at_end,fix_age_s,heading_deg,heading_src,imu_yaw_deg,offset_deg,go,route_index,route_id,sequence_id,route_connecting,station_m,station_window_low_m,station_window_high_m,station_v_ref,station_sample_time_s,preview_requested_station_m,preview_station_m,preview_index,preview_snapped
1789733900.772,37.3037523,127.9070272,4,78,0.274,0,0.080,-133.6,융합,-0.0,-133.6,0,0,04,14378461398811817291,0,19.347580,0.000000,51.002753,0.000000,0.100000,21.847580,21.847580,88,0
1789733900.865,37.3037523,127.9070272,4,78,0.274,0,0.048,-133.6,융합,0.0,-133.6,0,0,04,14378461398811817291,0,19.347580,18.847580,19.847580,0.000000,0.100000,21.847580,21.847580,88,0
1789733900.964,37.3037523,127.9070272,4,78,0.274,0,0.024,-133.6,융합,-0.0,-133.6,0,0,04,14378461398811817291,0,19.347580,18.847580,19.847580,0.000000,0.100000,21.847580,21.847580,88,0
1789733901.064,37.3037523,127.9070272,4,78,0.274,0,0.124,-133.7,융합,-0.0,-133.6,0,0,04,14378461398811817291,0,19.347580,18.847580,19.847580,0.000000,0.100000,21.847580,21.847580,88,0
1789733901.163,37.3037523,127.9070272,4,78,0.274,0,0.089,-133.6,융합,-0.0,-133.6,0,0,04,14378461398811817291,0,19.347580,18.847580,19.847580,0.000000,0.100000,21.847580,21.847580,88,0
1789733901.263,37.3037523,127.9070272,4,78,0.274,0,0.073,-133.6,융합,-0.0,-133.6,0,0,04,14378461398811817291,0,19.347580,18.847580,19.847580,0.000000,0.100000,21.847580,21.847580,88,0
1789733901.363,37.3037523,127.9070272,4,78,0.274,0,0.049,-133.6,융합,-0.0,-133.6,0,0,04,14378461398811817291,0,19.347580,18.847580,19.847580,0.000000,0.100000,21.847580,21.847580,88,0
1789733901.464,37.3037523,127.9070272,4,78,0.274,0,0.021,-133.6,융합,-0.0,-133.6,0,0,04,14378461398811817291,0,19.347580,18.847580,19.847580,0.000000,0.100000,21.847580,21.847580,88,0
1789733901.564,37.3037523,127.9070272,4,78,0.274,0,0.121,-133.6,융합,-0.0,-133.6,0,0,04,14378461398811817291,0,19.347580,18.847580,19.847580,0.000000,0.100000,21.847580,21.847580,88,0
1789733901.664,37.3037523,127.9070272,4,78,0.274,0,0.095,-133.6,융합,-0.0,-133.6,0,0,04,14378461398811817291,0,19.347580,18.847580,19.847580,0.000000,0.100000,21.847580,21.847580,88,0
1789733901.764,37.3037523,127.9070272,4,78,0.274,0,0.069,-133.6,융합,-0.0,-133.6,0,0,04,14378461398811817291,0,19.347580,18.847580,19.847580,0.000000,0.100000,21.847580,21.847580,88,0
1789733901.864,37.3037523,127.9070272,4,78,0.274,0,0.042,-133.7,융합,-0.0,-133.6,0,0,04,14378461398811817291,0,19.347580,18.847580,19.847580,0.000000,0.100000,21.847580,21.847580,88,0
1789733901.963,37.3037523,127.9070272,4,78,0.274,0,0.019,-133.7,융합,-0.0,-133.6,0,0,04,14378461398811817291,0,19.347580,18.847580,19.847580,0.000000,0.100000,21.847580,21.847580,88,0
1789733902.064,37.3037523,127.9070272,4,78,0.274,0,0.119,-133.7,융합,-0.0,-133.6,0,0,04,14378461398811817291,0,19.347580,18.847580,19.847580,0.000000,0.100000,21.847580,21.847580,88,0
1789733902.165,37.3037523,127.9070272,4,78,0.274,0,0.078,-133.7,융합,-0.0,-133.6,0,0,04,14378461398811817291,0,19.347580,18.847580,19.847580,0.000000,0.100000,21.847580,21.847580,88,0
1789733902.264,37.3037523,127.9070272,4,78,0.274,0,0.066,-133.7,융합,-0.0,-133.6,0,0,04,14378461398811817291,0,19.347580,18.847580,19.847580,0.000000,0.100000,21.847580,21.847580,88,0
1789733902.363,37.3037523,127.9070272,4,78,0.274,0,0.044,-133.7,융합,-0.0,-133.6,0,0,04,14378461398811817291,0,19.347580,18.847580,19.847580,0.000000,0.100000,21.847580,21.847580,88,0
1789733902.464,37.3037523,127.9070272,4,78,0.274,0,0.021,-133.7,융합,-0.0,-133.6,0,0,04,14378461398811817291,0,19.347580,18.847580,19.847580,0.000000,0.100000,21.847580,21.847580,88,0
1789733902.564,37.3037523,127.9070272,4,78,0.274,0,0.121,-133.7,융합,-0.0,-133.6,0,0,04,14378461398811817291,0,19.347580,18.847580,19.847580,0.000000,0.100000,21.847580,21.847580,88,0
1789733902.665,37.3037523,127.9070272,4,78,0.274,0,0.094,-133.7,융합,-0.0,-133.6,0,0,04,14378461398811817291,0,19.347580,18.847580,19.847580,0.000000,0.100000,21.847580,21.847580,88,0
1789733902.764,37.3037523,127.9070272,4,78,0.274,0,0.065,-133.7,융합,-0.0,-133.6,0,0,04,14378461398811817291,0,19.347580,18.847580,19.847580,0.000000,0.100000,21.847580,21.847580,88,0
1789733902.864,37.3037523,127.9070272,4,78,0.274,0,0.039,-133.7,융합,-0.0,-133.6,0,0,04,14378461398811817291,0,19.347580,18.847580,19.847580,0.000000,0.100000,21.847580,21.847580,88,0
1789733902.964,37.3037523,127.9070272,4,78,0.274,0,0.019,-133.7,융합,-0.0,-133.6,0,0,04,14378461398811817291,0,19.347580,18.847580,19.847580,0.000000,0.100000,21.847580,21.847580,88,0
1789733903.064,37.3037523,127.9070272,4,78,0.274,0,0.119,-133.7,융합,-0.0,-133.6,0,0,04,14378461398811817291,0,19.347580,18.847580,19.847580,0.000000,0.100000,21.847580,21.847580,88,0
1789733903.163,37.3037523,127.9070272,4,78,0.274,0,0.094,-133.7,융합,-0.0,-133.6,0,0,04,14378461398811817291,0,19.347580,18.847580,19.847580,0.000000,0.100000,21.847580,21.847580,88,0
1789733903.263,37.3037523,127.9070272,4,78,0.274,0,0.067,-133.7,융합,-0.0,-133.6,0,0,04,14378461398811817291,0,19.347580,18.847580,19.847580,0.000000,0.100000,21.847580,21.847580,88,0
1789733903.364,37.3037523,127.9070272,4,78,0.274,0,0.043,-133.7,융합,-0.0,-133.6,0,0,04,14378461398811817291,0,19.347580,18.847580,19.847580,0.000000,0.100000,21.847580,21.847580,88,0
1789733903.464,37.3037523,127.9070272,4,78,0.274,0,0.018,-133.6,융합,-0.0,-133.6,0,0,04,14378461398811817291,0,19.347580,18.847580,19.847580,0.000000,0.100000,21.847580,21.847580,88,0
1789733903.563,37.3037523,127.9070272,4,78,0.274,0,0.118,-133.6,융합,-0.0,-133.6,0,0,04,14378461398811817291,0,19.347580,18.847580,19.847580,0.000000,0.100000,21.847580,21.847580,88,0
1789733903.663,37.3037523,127.9070272,4,78,0.274,0,0.093,-133.7,융합,-0.0,-133.6,0,0,04,14378461398811817291,0,19.347580,18.847580,19.847580,0.000000,0.100000,21.847580,21.847580,88,0
1789733903.764,37.3037523,127.9070273,4,78,0.263,0,0.068,-133.6,융합,-0.0,-133.6,0,0,04,14378461398811817291,0,19.337546,18.847580,19.847580,0.000000,0.100000,21.837546,21.837546,88,0
1789733903.863,37.3037523,127.9070272,4,78,0.274,0,0.038,-133.6,융합,-0.0,-133.6,0,0,04,14378461398811817291,0,19.347580,18.837546,19.837546,0.000000,0.100000,21.847580,21.847580,88,0
1789733903.963,37.3037523,127.9070273,4,78,0.263,0,0.023,-133.7,융합,-0.0,-133.6,0,0,04,14378461398811817291,0,19.337546,18.847580,19.847580,0.000000,0.100000,21.837546,21.837546,88,0
1789733904.064,37.3037523,127.9070273,4,78,0.263,0,0.124,-133.7,융합,-0.0,-133.6,0,0,04,14378461398811817291,0,19.337546,18.847580,19.847580,0.000000,0.100000,21.837546,21.837546,88,0
1789733904.164,37.3037523,127.9070273,4,78,0.263,0,0.078,-133.7,융합,-0.0,-133.6,0,0,04,14378461398811817291,0,19.337546,18.837546,19.837546,0.000000,0.100000,21.837546,21.837546,88,0
1789733904.264,37.3037523,127.9070273,4,78,0.263,0,0.069,-133.7,융합,-0.0,-133.6,0,0,04,14378461398811817291,0,19.337546,18.837546,19.837546,0.000000,0.100000,21.837546,21.837546,88,0
1789733904.364,37.3037523,127.9070272,4,78,0.274,0,0.044,-133.6,융합,-0.0,-133.6,0,0,04,14378461398811817291,0,19.347580,18.837546,19.837546,0.000000,0.100000,21.847580,21.847580,88,0
1789733904.464,37.3037523,127.9070273,4,78,0.263,0,0.024,-133.6,융합,-0.0,-133.6,0,0,04,14378461398811817291,0,19.337546,18.847580,19.847580,0.000000,0.100000,21.837546,21.837546,88,0
1789733904.564,37.3037523,127.9070273,4,78,0.263,0,0.124,-133.7,융합,-0.0,-133.6,0,0,04,14378461398811817291,0,19.337546,18.847580,19.847580,0.000000,0.100000,21.837546,21.837546,88,0
1789733904.663,37.3037523,127.9070272,4,78,0.274,0,0.092,-133.6,융합,-0.0,-133.6,0,0,04,14378461398811817291,0,19.347580,18.837546,19.837546,0.000000,0.100000,21.847580,21.847580,88,0
1789733904.763,37.3037523,127.9070272,4,78,0.274,0,0.071,-133.6,융합,-0.0,-133.6,0,0,04,14378461398811817291,0,19.347580,18.847580,19.847580,0.000000,0.100000,21.847580,21.847580,88,0
1789733904.863,37.3037523,127.9070272,4,78,0.274,0,0.046,-133.6,융합,-0.0,-133.6,0,0,04,14378461398811817291,0,19.347580,18.847580,19.847580,0.000000,0.100000,21.847580,21.847580,88,0
1789733904.964,37.3037523,127.9070272,4,78,0.274,0,0.025,-133.7,융합,-0.0,-133.6,0,0,04,14378461398811817291,0,19.347580,18.847580,19.847580,0.000000,0.100000,21.847580,21.847580,88,0
1789733905.064,37.3037523,127.9070272,4,78,0.274,0,0.124,-133.7,융합,-0.0,-133.6,0,0,04,14378461398811817291,0,19.347580,18.847580,19.847580,0.000000,0.100000,21.847580,21.847580,88,0
1789733905.164,37.3037523,127.9070272,4,78,0.274,0,0.090,-133.6,융합,-0.0,-133.6,0,0,04,14378461398811817291,0,19.347580,18.847580,19.847580,0.000000,0.100000,21.847580,21.847580,88,0
1789733905.264,37.3037523,127.9070272,4,78,0.274,0,0.075,-133.6,융합,-0.0,-133.6,0,0,04,14378461398811817291,0,19.347580,18.847580,19.847580,0.000000,0.100000,21.847580,21.847580,88,0
1789733905.363,37.3037523,127.9070273,4,78,0.263,0,0.046,-133.7,융합,-0.0,-133.6,0,0,04,14378461398811817291,0,19.337546,18.847580,19.847580,0.000000,0.100000,21.837546,21.837546,88,0
1789733905.463,37.3037523,127.9070272,4,78,0.274,0,0.024,-133.7,융합,-0.0,-133.6,0,0,04,14378461398811817291,0,19.347580,18.837546,19.837546,0.000000,0.100000,21.847580,21.847580,88,0
1789733905.563,37.3037523,127.9070272,4,78,0.274,0,0.123,-133.7,융합,-0.0,-133.6,0,0,04,14378461398811817291,0,19.347580,18.837546,19.837546,0.000000,0.100000,21.847580,21.847580,88,0
1789733905.664,37.3037523,127.9070272,4,78,0.274,0,0.095,-133.6,융합,-0.0,-133.6,0,0,04,14378461398811817291,0,19.347580,18.847580,19.847580,0.000000,0.100000,21.847580,21.847580,88,0
1789733905.763,37.3037523,127.9070272,4,78,0.274,0,0.073,-133.6,융합,-0.0,-133.6,0,0,04,14378461398811817291,0,19.347580,18.847580,19.847580,0.000000,0.100000,21.847580,21.847580,88,0
1789733905.863,37.3037523,127.9070272,4,78,0.274,0,0.049,-133.6,융합,-0.0,-133.6,0,0,04,14378461398811817291,0,19.347580,18.847580,19.847580,0.000000,0.100000,21.847580,21.847580,88,0
1789733905.963,37.3037523,127.9070272,4,78,0.274,0,0.025,-133.7,융합,-0.0,-133.6,0,0,04,14378461398811817291,0,19.347580,18.847580,19.847580,0.000000,0.100000,21.847580,21.847580,88,0
1789733906.063,37.3037523,127.9070272,4,78,0.274,0,0.126,-133.6,융합,-0.0,-133.6,0,0,04,14378461398811817291,0,19.347580,18.847580,19.847580,0.000000,0.100000,21.847580,21.847580,88,0
1789733906.163,37.3037523,127.9070272,4,78,0.274,0,0.085,-133.6,융합,-0.0,-133.6,0,0,04,14378461398811817291,0,19.347580,18.847580,19.847580,0.000000,0.100000,21.847580,21.847580,88,0
1789733906.263,37.3037523,127.9070272,4,78,0.274,0,0.068,-133.6,융합,-0.0,-133.6,0,0,04,14378461398811817291,0,19.347580,18.847580,19.847580,0.000000,0.100000,21.847580,21.847580,88,0
1789733906.364,37.3037523,127.9070272,4,78,0.274,0,0.047,-133.6,융합,-0.0,-133.6,0,0,04,14378461398811817291,0,19.347580,18.847580,19.847580,0.000000,0.100000,21.847580,21.847580,88,0
1789733906.463,37.3037523,127.9070272,4,78,0.274,0,0.025,-133.7,융합,-0.0,-133.6,0,0,04,14378461398811817291,0,19.347580,18.847580,19.847580,0.000000,0.100000,21.847580,21.847580,88,0
1789733906.563,37.3037523,127.9070272,4,78,0.274,0,0.125,-133.6,융합,-0.0,-133.6,0,0,04,14378461398811817291,0,19.347580,18.847580,19.847580,0.000000,0.100000,21.847580,21.847580,88,0
1789733906.663,37.3037523,127.9070272,4,78,0.274,0,0.097,-133.6,융합,-0.0,-133.6,0,0,04,14378461398811817291,0,19.347580,18.847580,19.847580,0.000000,0.100000,21.847580,21.847580,88,0
1789733906.763,37.3037523,127.9070272,4,78,0.274,0,0.076,-133.6,융합,0.0,-133.6,0,0,04,14378461398811817291,0,19.347580,18.847580,19.847580,0.000000,0.100000,21.847580,21.847580,88,0
1789733906.863,37.3037523,127.9070272,4,78,0.274,0,0.044,-133.6,융합,-0.0,-133.6,0,0,04,14378461398811817291,0,19.347580,18.847580,19.847580,0.000000,0.100000,21.847580,21.847580,88,0
1789733906.963,37.3037523,127.9070272,4,78,0.274,0,0.023,-133.6,융합,-0.0,-133.6,0,0,04,14378461398811817291,0,19.347580,18.847580,19.847580,0.000000,0.100000,21.847580,21.847580,88,0
1789733907.063,37.3037523,127.9070272,4,78,0.274,0,0.123,-133.6,융합,-0.0,-133.6,0,0,04,14378461398811817291,0,19.347580,18.847580,19.847580,0.000000,0.100000,21.847580,21.847580,88,0
1789733907.163,37.3037523,127.9070272,4,78,0.274,0,0.085,-133.6,융합,-0.0,-133.6,0,0,04,14378461398811817291,0,19.347580,18.847580,19.847580,0.000000,0.100000,21.847580,21.847580,88,0
1789733907.263,37.3037523,127.9070272,4,78,0.274,0,0.072,-133.6,융합,-0.0,-133.6,0,0,04,14378461398811817291,0,19.347580,18.847580,19.847580,0.000000,0.100000,21.847580,21.847580,88,0
1789733907.363,37.3037523,127.9070272,4,78,0.274,0,0.047,-133.6,융합,-0.0,-133.6,0,0,04,14378461398811817291,0,19.347580,18.847580,19.847580,0.000000,0.100000,21.847580,21.847580,88,0
1789733907.464,37.3037523,127.9070273,4,78,0.263,0,0.024,-133.6,융합,0.0,-133.6,0,0,04,14378461398811817291,0,19.337546,18.847580,19.847580,0.000000,0.100000,21.837546,21.837546,88,0
1789733907.563,37.3037523,127.9070272,4,78,0.274,0,0.004,-133.6,융합,-0.0,-133.6,0,0,04,14378461398811817291,0,19.347580,18.837546,19.837546,0.000000,0.100000,21.847580,21.847580,88,0
1789733907.667,37.3037523,127.9070272,4,78,0.274,0,0.105,-133.6,융합,0.0,-133.6,0,0,04,14378461398811817291,0,19.347580,18.837546,19.837546,0.000000,0.100000,21.847580,21.847580,88,0
1789733907.763,37.3037523,127.9070272,4,78,0.274,0,0.068,-133.6,융합,-0.0,-133.6,0,0,04,14378461398811817291,0,19.347580,18.847580,19.847580,0.000000,0.100000,21.847580,21.847580,88,0
1789733907.864,37.3037523,127.9070273,4,78,0.263,0,0.043,-133.6,융합,-0.0,-133.6,0,0,04,14378461398811817291,0,19.337546,18.847580,19.847580,0.000000,0.100000,21.837546,21.837546,88,0
1789733907.963,37.3037523,127.9070272,4,78,0.274,0,0.020,-133.6,융합,-0.0,-133.6,0,0,04,14378461398811817291,0,19.347580,18.837546,19.837546,0.000000,0.100000,21.847580,21.847580,88,0
1789733908.063,37.3037523,127.9070272,4,78,0.274,0,0.121,-133.6,융합,0.0,-133.6,0,0,04,14378461398811817291,0,19.347580,18.837546,19.837546,0.000000,0.100000,21.847580,21.847580,88,0
1789733908.163,37.3037523,127.9070272,4,78,0.274,0,0.080,-133.6,융합,0.0,-133.6,0,0,04,14378461398811817291,0,19.347580,18.847580,19.847580,0.000000,0.100000,21.847580,21.847580,88,0
1789733908.263,37.3037523,127.9070272,4,78,0.274,0,0.064,-133.6,융합,0.0,-133.6,0,0,04,14378461398811817291,0,19.347580,18.847580,19.847580,0.000000,0.100000,21.847580,21.847580,88,0
1789733908.363,37.3037523,127.9070272,4,78,0.274,0,0.044,-133.6,융합,0.0,-133.6,0,0,04,14378461398811817291,0,19.347580,18.847580,19.847580,0.000000,0.100000,21.847580,21.847580,88,0
1789733908.463,37.3037523,127.9070272,4,78,0.274,0,0.026,-133.6,융합,0.0,-133.6,0,0,04,14378461398811817291,0,19.347580,18.847580,19.847580,0.000000,0.100000,21.847580,21.847580,88,0
1789733908.563,37.3037523,127.9070272,4,78,0.274,0,0.126,-133.6,융합,0.0,-133.6,0,0,04,14378461398811817291,0,19.347580,18.847580,19.847580,0.000000,0.100000,21.847580,21.847580,88,0
1789733908.663,37.3037523,127.9070273,4,78,0.263,0,0.093,-133.6,융합,0.0,-133.6,0,0,04,14378461398811817291,0,19.337546,18.847580,19.847580,0.000000,0.100000,21.837546,21.837546,88,0
1789733908.764,37.3037523,127.9070273,4,78,0.263,0,0.070,-133.6,융합,0.0,-133.6,0,0,04,14378461398811817291,0,19.337546,18.837546,19.837546,0.000000,0.100000,21.837546,21.837546,88,0
1789733908.863,37.3037523,127.9070272,4,78,0.274,0,0.043,-133.6,융합,0.0,-133.6,0,0,04,14378461398811817291,0,19.347580,18.837546,19.837546,0.000000,0.100000,21.847580,21.847580,88,0
1789733908.963,37.3037523,127.9070272,4,78,0.274,0,0.024,-133.6,융합,0.0,-133.6,0,0,04,14378461398811817291,0,19.347580,18.847580,19.847580,0.000000,0.100000,21.847580,21.847580,88,0
1789733909.063,37.3037523,127.9070272,4,78,0.274,0,0.123,-133.6,융합,0.0,-133.6,0,0,04,14378461398811817291,0,19.347580,18.847580,19.847580,0.000000,0.100000,21.847580,21.847580,88,0
1789733909.163,37.3037523,127.9070272,4,78,0.274,0,0.086,-133.6,융합,0.0,-133.6,0,0,04,14378461398811817291,0,19.347580,18.847580,19.847580,0.000000,0.100000,21.847580,21.847580,88,0
1789733909.263,37.3037523,127.9070273,4,78,0.263,0,0.069,-133.6,융합,0.0,-133.6,0,0,04,14378461398811817291,0,19.337546,18.847580,19.847580,0.000000,0.100000,21.837546,21.837546,88,0
1789733909.363,37.3037523,127.9070272,4,78,0.274,0,0.047,-133.6,융합,0.0,-133.6,1,0,04,14378461398811817291,0,19.347580,18.837546,19.837546,0.000000,0.100000,21.847580,21.847580,88,0
1789733909.464,37.3037523,127.9070273,4,78,0.263,0,0.019,-133.6,융합,0.0,-133.6,1,0,04,14378461398811817291,0,19.337546,18.697580,19.997580,1.000000,0.100000,21.837546,21.837546,88,0
1789733909.563,37.3037523,127.9070273,4,78,0.263,0,0.119,-133.6,융합,0.0,-133.6,1,0,04,14378461398811817291,0,19.337546,18.697580,19.997580,1.000000,0.100000,21.837546,21.837546,88,0
1789733909.663,37.3037523,127.9070272,4,78,0.274,0,0.092,-133.6,융합,0.0,-133.6,1,0,04,14378461398811817291,0,19.347580,18.687546,19.987546,1.000000,0.100000,21.847580,21.847580,88,0
1789733909.763,37.3037523,127.9070272,4,78,0.274,0,0.070,-133.6,융합,0.0,-133.6,1,0,04,14378461398811817291,0,19.347580,18.697580,19.997580,1.000000,0.100000,21.847580,21.847580,88,0
1789733909.863,37.3037523,127.9070272,4,78,0.274,0,0.035,-133.6,융합,0.0,-133.6,1,0,04,14378461398811817291,0,19.347580,18.697580,19.997580,1.000000,0.100000,21.847580,21.847580,88,0
1789733909.963,37.3037523,127.9070272,4,78,0.274,0,0.015,-133.6,융합,0.0,-133.6,1,0,04,14378461398811817291,0,19.347580,18.697580,19.997580,1.000000,0.100000,21.847580,21.847580,88,0
1789733910.063,37.3037523,127.9070272,4,78,0.274,0,0.115,-133.6,융합,0.0,-133.6,1,0,04,14378461398811817291,0,19.347580,18.697580,19.997580,1.000000,0.100000,21.847580,21.847580,88,0
1789733910.163,37.3037523,127.9070272,4,78,0.274,0,0.071,-133.6,융합,0.0,-133.6,1,0,04,14378461398811817291,0,19.347580,18.697580,19.997580,1.000000,0.100000,21.847580,21.847580,88,0
1789733910.263,37.3037523,127.9070272,4,78,0.274,0,0.063,-133.6,융합,0.0,-133.6,1,0,04,14378461398811817291,0,19.347580,18.697580,19.997580,1.000000,0.100000,21.847580,21.847580,88,0
1789733910.364,37.3037523,127.9070272,4,78,0.274,0,0.046,-133.6,융합,0.0,-133.6,1,0,04,14378461398811817291,0,19.347580,18.697580,19.997580,1.000000,0.100000,21.847580,21.847580,88,0
1789733910.464,37.3037523,127.9070272,4,78,0.274,0,0.021,-133.6,융합,0.0,-133.6,1,0,04,14378461398811817291,0,19.347580,18.697580,19.997580,1.000000,0.100000,21.847580,21.847580,88,0
1789733910.563,37.3037523,127.9070272,4,78,0.274,0,0.120,-133.6,융합,0.0,-133.6,1,0,04,14378461398811817291,0,19.347580,18.697580,19.997580,1.000000,0.100000,21.847580,21.847580,88,0
1789733910.663,37.3037522,127.9070273,4,78,0.251,0,0.093,-133.6,융합,0.0,-133.6,1,0,04,14378461398811817291,0,19.351151,18.697580,19.997580,1.000000,0.100000,21.851151,21.851151,88,0
1789733910.763,37.3037522,127.9070273,4,78,0.251,0,0.066,-133.6,융합,0.0,-133.6,1,0,04,14378461398811817291,0,19.351151,18.701151,20.001151,1.000000,0.100000,21.851151,21.851151,88,0
1789733910.863,37.3037522,127.9070273,4,78,0.251,0,0.038,-133.6,융합,0.0,-133.6,1,0,04,14378461398811817291,0,19.351151,18.701151,20.001151,1.000000,0.100000,21.851151,21.851151,88,0
1789733910.963,37.3037523,127.9070273,4,78,0.263,0,0.021,-133.6,융합,0.0,-133.6,1,0,04,14378461398811817291,0,19.337546,18.701151,20.001151,1.000000,0.100000,21.837546,21.837546,88,0
1789733911.063,37.3037523,127.9070273,4,78,0.263,0,0.120,-133.6,융합,0.0,-133.6,1,0,04,14378461398811817291,0,19.337546,18.701151,20.001151,1.000000,0.100000,21.837546,21.837546,88,0
1789733911.163,37.3037523,127.9070273,4,78,0.263,0,0.085,-133.6,융합,0.0,-133.6,1,0,04,14378461398811817291,0,19.337546,18.687546,19.987546,1.000000,0.100000,21.837546,21.837546,88,0
1789733911.263,37.3037523,127.9070272,4,78,0.274,0,0.077,-133.6,융합,0.0,-133.6,1,0,04,14378461398811817291,0,19.347580,18.687546,19.987546,1.000000,0.100000,21.847580,21.847580,88,0
1789733911.363,37.3037523,127.9070272,4,78,0.274,0,0.045,-133.6,융합,0.0,-133.6,1,0,04,14378461398811817291,0,19.347580,18.697580,19.997580,1.000000,0.100000,21.847580,21.847580,88,0
1789733911.463,37.3037523,127.9070272,4,78,0.274,0,0.019,-133.6,융합,0.0,-133.6,1,0,04,14378461398811817291,0,19.347580,18.697580,19.997580,1.000000,0.100000,21.847580,21.847580,88,0
1789733911.563,37.3037523,127.9070272,4,78,0.274,0,0.119,-133.6,융합,0.0,-133.6,1,0,04,14378461398811817291,0,19.347580,18.697580,19.997580,1.000000,0.100000,21.847580,21.847580,88,0
1789733911.663,37.3037523,127.9070272,4,78,0.274,0,0.093,-133.6,융합,0.0,-133.6,1,0,04,14378461398811817291,0,19.347580,18.697580,19.997580,1.000000,0.100000,21.847580,21.847580,88,0
1789733911.763,37.3037523,127.9070273,4,78,0.263,0,0.069,-133.6,융합,0.0,-133.6,1,0,04,14378461398811817291,0,19.337546,18.697580,19.997580,1.000000,0.100000,21.837546,21.837546,88,0
1789733911.863,37.3037523,127.9070272,4,78,0.274,0,0.044,-133.6,융합,0.0,-133.6,1,0,04,14378461398811817291,0,19.347580,18.687546,19.987546,1.000000,0.100000,21.847580,21.847580,88,0
1789733911.963,37.3037523,127.9070272,4,78,0.274,0,0.020,-133.6,융합,0.0,-133.6,1,0,04,14378461398811817291,0,19.347580,18.697580,19.997580,1.000000,0.100000,21.847580,21.847580,88,0
1789733912.063,37.3037523,127.9070272,4,78,0.274,0,0.120,-133.6,융합,0.0,-133.6,1,0,04,14378461398811817291,0,19.347580,18.697580,19.997580,1.000000,0.100000,21.847580,21.847580,88,0
1789733912.163,37.3037523,127.9070272,4,78,0.274,0,0.094,-133.6,융합,0.0,-133.6,1,0,04,14378461398811817291,0,19.347580,18.697580,19.997580,1.000000,0.100000,21.847580,21.847580,88,0
1789733912.263,37.3037523,127.9070272,4,78,0.274,0,0.068,-133.6,융합,0.0,-133.6,1,0,04,14378461398811817291,0,19.347580,18.697580,19.997580,1.000000,0.100000,21.847580,21.847580,88,0
1789733912.363,37.3037523,127.9070272,4,78,0.274,0,0.040,-133.6,융합,0.0,-133.6,1,0,04,14378461398811817291,0,19.347580,18.697580,19.997580,1.000000,0.100000,21.847580,21.847580,88,0
1789733912.463,37.3037522,127.9070272,4,78,0.261,0,0.021,-133.6,융합,-0.0,-133.6,1,0,04,14378461398811817291,0,19.361185,18.697580,19.997580,1.000000,0.100000,21.861185,21.861185,88,0
1789733912.563,37.3037522,127.9070272,4,78,0.261,0,0.121,-133.7,융합,-0.1,-133.6,1,0,04,14378461398811817291,0,19.361185,18.697580,19.997580,1.000000,0.100000,21.861185,21.861185,88,0
1789733912.663,37.3037520,127.9070270,4,78,0.260,0,0.093,-133.9,융합,-0.2,-133.6,1,0,04,14378461398811817291,0,19.384824,18.711185,20.011185,1.000000,0.100000,21.884824,21.884824,88,0
1789733912.763,37.3037517,127.9070265,4,78,0.266,0,0.067,-134.4,융합,-0.3,-134.1,1,0,04,14378461398811817291,0,19.449780,18.734824,20.034824,1.000000,0.100000,21.949780,21.949780,88,0
1789733912.863,37.3037512,127.9070260,4,78,0.259,0,0.039,-134.2,융합,-0.5,-133.8,1,0,04,14378461398811817291,0,19.520514,18.799780,20.099780,1.000000,0.100000,22.020514,22.020514,88,0
1789733912.963,37.3037505,127.9070255,4,79,0.238,0,0.026,-133.4,융합,-0.6,-132.8,1,0,04,14378461398811817291,0,19.604486,18.870514,20.170514,1.000000,0.100000,22.104486,22.104486,89,0
1789733913.063,37.3037505,127.9070255,4,79,0.238,0,0.126,-133.5,융합,-0.7,-132.8,1,0,04,14378461398811817291,0,19.604486,18.870514,20.170514,1.000000,0.100000,22.104486,22.104486,89,0
1789733913.163,37.3037500,127.9070248,4,79,0.242,0,0.081,-133.7,융합,-0.9,-132.8,1,0,04,14378461398811817291,0,19.678632,18.954486,20.254486,1.000000,0.100000,22.178632,22.166573,89,1
1789733913.263,37.3037493,127.9070240,4,79,0.245,0,0.059,-133.9,융합,-1.2,-132.7,1,0,04,14378461398811817291,0,19.783222,19.028632,20.328632,1.000000,0.100000,22.283222,22.283222,89,0
1789733913.363,37.3037485,127.9070232,4,80,0.236,0,0.041,-134.0,융합,-1.7,-132.3,1,0,04,14378461398811817291,0,19.901418,19.133222,20.433222,1.000000,0.100000,22.401418,22.420123,90,1
1789733913.463,37.3037477,127.9070223,4,80,0.225,0,0.014,-133.8,융합,-1.9,-131.9,1,0,04,14378461398811817291,0,20.025404,19.251418,20.551418,1.000000,0.100000,22.525404,22.525404,90,0
1789733913.563,37.3037477,127.9070223,4,80,0.225,0,0.114,-134.0,융합,-2.1,-131.9,1,0,04,14378461398811817291,0,20.025404,19.251418,20.551418,1.000000,0.100000,22.525404,22.525404,90,0
1789733913.663,37.3037470,127.9070215,4,81,0.226,0,0.089,-134.0,융합,-2.3,-131.6,1,0,04,14378461398811817291,0,20.130053,19.375404,20.675404,1.000000,0.100000,22.630053,22.630053,91,0
1789733913.763,37.3037462,127.9070207,4,81,0.215,0,0.066,-133.7,융합,-2.7,-131.0,1,0,04,14378461398811817291,0,20.243144,19.480053,20.780053,1.000000,0.100000,22.743144,22.743144,91,0
1789733913.863,37.3037455,127.9070198,4,82,0.219,0,0.047,-134.2,융합,-3.2,-131.0,1,0,04,14378461398811817291,0,20.347746,19.593144,20.893144,1.000000,0.100000,22.847746,22.847746,92,0
1789733913.963,37.3037447,127.9070190,4,82,0.208,0,0.019,-134.2,융합,-3.5,-130.6,1,0,04,14378461398811817291,0,20.470621,19.697746,20.997746,1.000000,0.100000,22.970621,22.970621,92,0
1789733914.063,37.3037447,127.9070190,4,82,0.208,0,0.119,-134.7,융합,-4.0,-130.6,1,0,04,14378461398811817291,0,20.470621,19.697746,20.997746,1.000000,0.100000,22.970621,22.970621,92,0
1789733914.163,37.3037440,127.9070182,4,83,0.209,0,0.083,-135.1,융합,-4.5,-130.6,1,0,04,14378461398811817291,0,20.575271,19.820621,21.120621,1.000000,0.100000,23.075271,23.075271,93,0
1789733914.263,37.3037433,127.9070173,4,83,0.210,0,0.070,-135.5,융합,-4.9,-130.6,1,0,04,14378461398811817291,0,20.674535,20.075271,21.075271,0.000000,0.100000,23.174535,23.167749,93,1
1789733914.363,37.3037425,127.9070163,4,84,0.212,0,0.046,-135.8,융합,-5.1,-130.6,1,0,04,14378461398811817291,0,20.802765,20.174535,21.174535,0.000000,0.100000,23.302765,23.302765,94,0
1789733914.463,37.3037418,127.9070155,4,84,0.216,0,0.018,-135.8,융합,-5.2,-130.6,1,0,04,14378461398811817291,0,20.907355,20.302765,21.302765,0.000000,0.100000,23.407355,23.420503,94,1
1789733914.563,37.3037418,127.9070155,4,84,0.216,0,0.118,-135.8,융합,-5.2,-130.6,1,0,04,14378461398811817291,0,20.907355,20.302765,21.302765,0.000000,0.100000,23.407355,23.420503,94,1
1789733914.663,37.3037412,127.9070147,4,84,0.219,0,0.091,-135.1,융합,-5.1,-130.0,1,0,04,14378461398811817291,0,21.012619,20.407355,21.407355,0.000000,0.100000,23.512619,23.512619,94,0
1789733914.763,37.3037405,127.9070140,4,85,0.212,0,0.068,-135.4,융합,-5.2,-130.2,1,0,04,14378461398811817291,0,21.107153,20.512619,21.512619,0.000000,0.100000,23.607153,23.607153,95,0
1789733914.863,37.3037400,127.9070133,4,85,0.216,0,0.049,-135.3,융합,-5.2,-130.1,1,0,04,14378461398811817291,0,21.193005,20.607153,21.607153,0.000000,0.100000,23.693005,23.693005,95,0
1789733914.963,37.3037397,127.9070130,4,85,0.212,0,0.025,-134.2,융합,-5.4,-128.8,1,0,04,14378461398811817291,0,21.240176,20.693005,21.693005,0.000000,0.100000,23.740176,23.740176,95,0
1789733915.063,37.3037397,127.9070130,4,85,0.212,0,0.125,-134.1,융합,-5.3,-128.8,1,0,04,14378461398811817291,0,21.240176,20.693005,21.693005,0.000000,0.100000,23.740176,23.740176,95,0
1789733915.164,37.3037395,127.9070127,4,85,0.220,0,0.088,-135.4,융합,-5.3,-130.1,1,0,04,14378461398811817291,0,21.274070,20.740176,21.740176,0.000000,0.100000,23.774070,23.774070,95,0
1789733915.263,37.3037393,127.9070125,4,86,0.217,0,0.065,-135.3,융합,-5.3,-130.1,1,0,04,14378461398811817291,0,21.297655,20.774070,21.774070,0.000000,0.100000,23.797655,23.797655,96,0
1789733915.363,37.3037392,127.9070125,4,86,0.204,0,0.045,-135.3,융합,-5.3,-130.1,1,0,04,14378461398811817291,0,21.310933,20.797655,21.797655,0.000000,0.100000,23.810933,23.810933,96,0
1789733915.463,37.3037392,127.9070123,4,86,0.215,0,0.015,-135.3,융합,-5.3,-130.1,1,0,04,14378461398811817291,0,21.321241,20.810933,21.810933,0.000000,0.100000,23.821241,23.821241,96,0
1789733915.563,37.3037392,127.9070123,4,86,0.215,0,0.115,-135.3,융합,-5.3,-130.1,1,0,04,14378461398811817291,0,21.321241,20.810933,21.810933,0.000000,0.100000,23.821241,23.821241,96,0
1789733915.663,37.3037392,127.9070123,4,86,0.215,0,0.093,-135.3,융합,-5.3,-130.1,1,0,04,14378461398811817291,0,21.321241,20.821241,21.821241,0.000000,0.100000,23.821241,23.821241,96,0
1789733915.763,37.3037392,127.9070123,4,86,0.215,0,0.074,-135.3,융합,-5.3,-130.1,1,0,04,14378461398811817291,0,21.321241,20.821241,21.821241,0.000000,0.100000,23.821241,23.821241,96,0
1789733915.863,37.3037392,127.9070123,4,86,0.215,0,0.045,-135.3,융합,-5.3,-130.1,1,0,04,14378461398811817291,0,21.321241,20.821241,21.821241,0.000000,0.100000,23.821241,23.821241,96,0
1789733915.963,37.3037392,127.9070123,4,86,0.215,0,0.024,-135.3,융합,-5.3,-130.1,1,0,04,14378461398811817291,0,21.321241,20.821241,21.821241,0.000000,0.100000,23.821241,23.821241,96,0
1789733916.063,37.3037392,127.9070123,4,86,0.215,0,0.124,-135.3,융합,-5.3,-130.1,1,0,04,14378461398811817291,0,21.321241,20.821241,21.821241,0.000000,0.100000,23.821241,23.821241,96,0
1789733916.163,37.3037392,127.9070123,4,86,0.215,0,0.078,-135.3,융합,-5.3,-130.1,1,0,04,14378461398811817291,0,21.321241,20.821241,21.821241,0.000000,0.100000,23.821241,23.821241,96,0
1789733916.263,37.3037392,127.9070123,4,86,0.215,0,0.067,-135.3,융합,-5.2,-130.1,1,0,04,14378461398811817291,0,21.321241,20.821241,21.821241,0.000000,0.100000,23.821241,23.821241,96,0
1789733916.363,37.3037392,127.9070123,4,86,0.215,0,0.049,-135.3,융합,-5.3,-130.1,1,0,04,14378461398811817291,0,21.321241,20.821241,21.821241,0.000000,0.100000,23.821241,23.821241,96,0
1789733916.463,37.3037392,127.9070123,4,86,0.215,0,0.025,-135.3,융합,-5.2,-130.1,1,0,04,14378461398811817291,0,21.321241,20.821241,21.821241,0.000000,0.100000,23.821241,23.821241,96,0
1789733916.563,37.3037392,127.9070123,4,86,0.215,0,0.006,-135.3,융합,-5.3,-130.1,1,0,04,14378461398811817291,0,21.321241,20.821241,21.821241,0.000000,0.100000,23.821241,23.821241,96,0
1789733916.663,37.3037392,127.9070123,4,86,0.215,0,0.106,-135.3,융합,-5.3,-130.1,1,0,04,14378461398811817291,0,21.321241,20.821241,21.821241,0.000000,0.100000,23.821241,23.821241,96,0
1789733916.763,37.3037392,127.9070123,4,86,0.215,0,0.073,-135.3,융합,-5.3,-130.1,1,0,04,14378461398811817291,0,21.321241,20.821241,21.821241,0.000000,0.100000,23.821241,23.821241,96,0
1789733916.863,37.3037392,127.9070123,4,86,0.215,0,0.046,-135.3,융합,-5.3,-130.1,1,0,04,14378461398811817291,0,21.321241,20.821241,21.821241,0.000000,0.100000,23.821241,23.821241,96,0
1789733916.963,37.3037392,127.9070123,4,86,0.215,0,0.026,-135.3,융합,-5.3,-130.1,1,0,04,14378461398811817291,0,21.321241,20.821241,21.821241,0.000000,0.100000,23.821241,23.821241,96,0
1789733917.063,37.3037392,127.9070123,4,86,0.215,0,0.126,-135.3,융합,-5.3,-130.1,1,0,04,14378461398811817291,0,21.321241,20.821241,21.821241,0.000000,0.100000,23.821241,23.821241,96,0
1789733917.163,37.3037392,127.9070123,4,86,0.215,0,0.089,-135.3,융합,-5.3,-130.1,1,0,04,14378461398811817291,0,21.321241,20.821241,21.821241,0.000000,0.100000,23.821241,23.821241,96,0
1789733917.263,37.3037392,127.9070123,4,86,0.215,0,0.074,-135.3,융합,-5.3,-130.1,1,0,04,14378461398811817291,0,21.321241,20.821241,21.821241,0.000000,0.100000,23.821241,23.821241,96,0
1789733917.363,37.3037392,127.9070123,4,86,0.215,0,0.049,-135.3,융합,-5.3,-130.1,1,0,04,14378461398811817291,0,21.321241,20.821241,21.821241,0.000000,0.100000,23.821241,23.821241,96,0
1789733917.463,37.3037392,127.9070123,4,86,0.215,0,0.030,-135.3,융합,-5.3,-130.1,1,0,04,14378461398811817291,0,21.321241,20.821241,21.821241,0.000000,0.100000,23.821241,23.821241,96,0
1789733917.563,37.3037392,127.9070123,4,86,0.215,0,0.130,-135.3,융합,-5.3,-130.1,1,0,04,14378461398811817291,0,21.321241,20.821241,21.821241,0.000000,0.100000,23.821241,23.821241,96,0
1789733917.663,37.3037392,127.9070123,4,86,0.215,0,0.094,-135.3,융합,-5.3,-130.1,1,0,04,14378461398811817291,0,21.321241,20.821241,21.821241,0.000000,0.100000,23.821241,23.821241,96,0
1789733917.764,37.3037392,127.9070123,4,86,0.215,0,0.068,-135.3,융합,-5.3,-130.1,1,0,04,14378461398811817291,0,21.321241,20.821241,21.821241,0.000000,0.100000,23.821241,23.821241,96,0
1789733917.863,37.3037392,127.9070123,4,86,0.215,0,0.044,-135.3,융합,-5.3,-130.1,1,0,04,14378461398811817291,0,21.321241,20.821241,21.821241,0.000000,0.100000,23.821241,23.821241,96,0
1789733917.963,37.3037393,127.9070123,4,86,0.228,0,0.021,-135.3,융합,-5.3,-130.1,1,0,04,14378461398811817291,0,21.307963,20.821241,21.821241,0.000000,0.100000,23.807963,23.807963,96,0
1789733918.063,37.3037393,127.9070123,4,86,0.228,0,0.121,-135.3,융합,-5.3,-130.1,1,0,04,14378461398811817291,0,21.307963,20.821241,21.821241,0.000000,0.100000,23.807963,23.807963,96,0
1789733918.163,37.3037392,127.9070123,4,86,0.215,0,0.079,-135.3,융합,-5.3,-130.1,1,0,04,14378461398811817291,0,21.321241,20.807963,21.807963,0.000000,0.100000,23.821241,23.821241,96,0
1789733918.263,37.3037392,127.9070123,4,86,0.215,0,0.067,-135.3,융합,-5.3,-130.1,1,0,04,14378461398811817291,0,21.321241,20.821241,21.821241,0.000000,0.100000,23.821241,23.821241,96,0
1789733918.364,37.3037392,127.9070123,4,86,0.215,0,0.054,-135.3,융합,-5.3,-130.1,1,0,04,14378461398811817291,0,21.321241,20.821241,21.821241,0.000000,0.100000,23.821241,23.821241,96,0
1789733918.463,37.3037392,127.9070123,4,86,0.215,0,0.029,-135.3,융합,-5.3,-130.1,1,0,04,14378461398811817291,0,21.321241,20.821241,21.821241,0.000000,0.100000,23.821241,23.821241,96,0
1789733918.563,37.3037392,127.9070123,4,86,0.215,0,0.004,-135.3,융합,-5.3,-130.1,1,0,04,14378461398811817291,0,21.321241,20.821241,21.821241,0.000000,0.100000,23.821241,23.821241,96,0
1789733918.663,37.3037392,127.9070123,4,86,0.215,0,0.104,-135.3,융합,-5.3,-130.1,1,0,04,14378461398811817291,0,21.321241,20.821241,21.821241,0.000000,0.100000,23.821241,23.821241,96,0
1789733918.763,37.3037392,127.9070123,4,86,0.215,0,0.078,-135.3,융합,-5.3,-130.1,1,0,04,14378461398811817291,0,21.321241,20.821241,21.821241,0.000000,0.100000,23.821241,23.821241,96,0
1789733918.864,37.3037392,127.9070123,4,86,0.215,0,0.050,-135.3,융합,-5.3,-130.1,1,0,04,14378461398811817291,0,21.321241,20.821241,21.821241,0.000000,0.100000,23.821241,23.821241,96,0
1789733918.963,37.3037392,127.9070123,4,86,0.215,0,0.029,-135.3,융합,-5.3,-130.1,1,0,04,14378461398811817291,0,21.321241,20.821241,21.821241,0.000000,0.100000,23.821241,23.821241,96,0
1789733919.063,37.3037392,127.9070123,4,86,0.215,0,0.129,-135.3,융합,-5.3,-130.1,1,0,04,14378461398811817291,0,21.321241,20.821241,21.821241,0.000000,0.100000,23.821241,23.821241,96,0
1789733919.163,37.3037392,127.9070123,4,86,0.215,0,0.085,-135.3,융합,-5.3,-130.1,1,0,04,14378461398811817291,0,21.321241,20.821241,21.821241,0.000000,0.100000,23.821241,23.821241,96,0
1789733919.263,37.3037392,127.9070123,4,86,0.215,0,0.070,-135.3,융합,-5.3,-130.1,1,0,04,14378461398811817291,0,21.321241,20.821241,21.821241,0.000000,0.100000,23.821241,23.821241,96,0
1789733919.363,37.3037392,127.9070123,4,86,0.215,0,0.052,-135.3,융합,-5.3,-130.1,1,0,04,14378461398811817291,0,21.321241,20.821241,21.821241,0.000000,0.100000,23.821241,23.821241,96,0
1789733919.463,37.3037392,127.9070123,4,86,0.215,0,0.028,-135.3,융합,-5.3,-130.1,1,0,04,14378461398811817291,0,21.321241,20.821241,21.821241,0.000000,0.100000,23.821241,23.821241,96,0
1789733919.563,37.3037392,127.9070123,4,86,0.215,0,0.001,-135.3,융합,-5.3,-130.1,1,0,04,14378461398811817291,0,21.321241,20.821241,21.821241,0.000000,0.100000,23.821241,23.821241,96,0
1789733919.663,37.3037392,127.9070123,4,86,0.215,0,0.101,-135.3,융합,-5.3,-130.1,1,0,04,14378461398811817291,0,21.321241,20.821241,21.821241,0.000000,0.100000,23.821241,23.821241,96,0
1789733919.763,37.3037393,127.9070123,4,86,0.228,0,0.074,-135.3,융합,-5.3,-130.1,1,0,04,14378461398811817291,0,21.307963,20.821241,21.821241,0.000000,0.100000,23.807963,23.807963,96,0
1789733919.863,37.3037393,127.9070123,4,86,0.228,0,0.041,-135.3,융합,-5.3,-130.1,1,0,04,14378461398811817291,0,21.307963,20.807963,21.807963,0.000000,0.100000,23.807963,23.807963,96,0
1789733919.963,37.3037393,127.9070123,4,86,0.228,0,0.022,-135.3,융합,-5.3,-130.1,1,0,04,14378461398811817291,0,21.307963,20.807963,21.807963,0.000000,0.100000,23.807963,23.807963,96,0
1789733920.063,37.3037393,127.9070123,4,86,0.228,0,0.122,-135.3,융합,-5.3,-130.1,1,0,04,14378461398811817291,0,21.307963,20.807963,21.807963,0.000000,0.100000,23.807963,23.807963,96,0
1789733920.163,37.3037392,127.9070123,4,86,0.215,0,0.079,-135.3,융합,-5.3,-130.1,1,0,04,14378461398811817291,0,21.321241,20.807963,21.807963,0.000000,0.100000,23.821241,23.821241,96,0
1789733920.263,37.3037392,127.9070123,4,86,0.215,0,0.072,-135.3,융합,-5.3,-130.1,1,0,04,14378461398811817291,0,21.321241,20.821241,21.821241,0.000000,0.100000,23.821241,23.821241,96,0
1789733920.363,37.3037392,127.9070123,4,86,0.215,0,0.047,-135.3,융합,-5.3,-130.1,1,0,04,14378461398811817291,0,21.321241,20.821241,21.821241,0.000000,0.100000,23.821241,23.821241,96,0
1789733920.463,37.3037392,127.9070123,4,86,0.215,0,0.024,-135.3,융합,-5.3,-130.1,1,0,04,14378461398811817291,0,21.321241,20.821241,21.821241,0.000000,0.100000,23.821241,23.821241,96,0
1789733920.563,37.3037392,127.9070123,4,86,0.215,0,0.124,-135.3,융합,-5.3,-130.1,1,0,04,14378461398811817291,0,21.321241,20.821241,21.821241,0.000000,0.100000,23.821241,23.821241,96,0
1789733920.663,37.3037393,127.9070123,4,86,0.228,0,0.097,-135.3,융합,-5.3,-130.1,1,0,04,14378461398811817291,0,21.307963,20.821241,21.821241,0.000000,0.100000,23.807963,23.807963,96,0
1789733920.763,37.3037392,127.9070123,4,86,0.215,0,0.072,-135.3,융합,-5.3,-130.1,1,0,04,14378461398811817291,0,21.321241,20.807963,21.807963,0.000000,0.100000,23.821241,23.821241,96,0
1789733920.863,37.3037393,127.9070123,4,86,0.228,0,0.046,-135.3,융합,-5.3,-130.1,1,0,04,14378461398811817291,0,21.307963,20.821241,21.821241,0.000000,0.100000,23.807963,23.807963,96,0
1789733920.963,37.3037393,127.9070123,4,86,0.228,0,0.025,-135.3,융합,-5.3,-130.1,1,0,04,14378461398811817291,0,21.307963,20.807963,21.807963,0.000000,0.100000,23.807963,23.807963,96,0
1789733921.063,37.3037393,127.9070123,4,86,0.228,0,0.125,-135.3,융합,-5.3,-130.1,1,0,04,14378461398811817291,0,21.307963,20.807963,21.807963,0.000000,0.100000,23.807963,23.807963,96,0
1789733921.163,37.3037392,127.9070123,4,86,0.215,0,0.098,-135.3,융합,-5.3,-130.1,1,0,04,14378461398811817291,0,21.321241,20.807963,21.807963,0.000000,0.100000,23.821241,23.821241,96,0
1789733921.263,37.3037392,127.9070123,4,86,0.215,0,0.073,-135.3,융합,-5.3,-130.1,1,0,04,14378461398811817291,0,21.321241,20.821241,21.821241,0.000000,0.100000,23.821241,23.821241,96,0
1789733921.363,37.3037393,127.9070123,4,86,0.228,0,0.047,-135.3,융합,-5.3,-130.1,1,0,04,14378461398811817291,0,21.307963,20.821241,21.821241,0.000000,0.100000,23.807963,23.807963,96,0
1789733921.463,37.3037393,127.9070123,4,86,0.228,0,0.024,-135.4,융합,-5.3,-130.1,1,0,04,14378461398811817291,0,21.307963,20.807963,21.807963,0.000000,0.100000,23.807963,23.807963,96,0
1789733921.563,37.3037393,127.9070123,4,86,0.228,0,0.125,-135.3,융합,-5.3,-130.1,1,0,04,14378461398811817291,0,21.307963,20.807963,21.807963,0.000000,0.100000,23.807963,23.807963,96,0
1789733921.664,37.3037393,127.9070123,4,86,0.228,0,0.098,-135.3,융합,-5.3,-130.1,1,0,04,14378461398811817291,0,21.307963,20.807963,21.807963,0.000000,0.100000,23.807963,23.807963,96,0
1789733921.763,37.3037392,127.9070123,4,86,0.215,0,0.074,-135.3,융합,-5.3,-130.1,1,0,04,14378461398811817291,0,21.321241,20.807963,21.807963,0.000000,0.100000,23.821241,23.821241,96,0
1789733921.865,37.3037392,127.9070123,4,86,0.215,0,0.049,-135.3,융합,-5.3,-130.1,1,0,04,14378461398811817291,0,21.321241,20.821241,21.821241,0.000000,0.100000,23.821241,23.821241,96,0
1789733921.964,37.3037392,127.9070123,4,86,0.215,0,0.031,-135.3,융합,-5.3,-130.1,1,0,04,14378461398811817291,0,21.321241,20.821241,21.821241,0.000000,0.100000,23.821241,23.821241,96,0
1789733922.063,37.3037392,127.9070123,4,86,0.215,0,0.131,-135.3,융합,-5.3,-130.1,1,0,04,14378461398811817291,0,21.321241,20.821241,21.821241,0.000000,0.100000,23.821241,23.821241,96,0
1789733922.164,37.3037393,127.9070123,4,86,0.228,0,0.085,-135.3,융합,-5.3,-130.1,1,0,04,14378461398811817291,0,21.307963,20.821241,21.821241,0.000000,0.100000,23.807963,23.807963,96,0
1789733922.263,37.3037392,127.9070123,4,86,0.215,0,0.073,-135.3,융합,-5.3,-130.1,1,0,04,14378461398811817291,0,21.321241,20.807963,21.807963,0.000000,0.100000,23.821241,23.821241,96,0
1789733922.363,37.3037393,127.9070123,4,86,0.228,0,0.051,-135.3,융합,-5.3,-130.1,1,0,04,14378461398811817291,0,21.307963,20.821241,21.821241,0.000000,0.100000,23.807963,23.807963,96,0
1789733922.463,37.3037392,127.9070123,4,86,0.215,0,0.027,-135.3,융합,-5.3,-130.1,1,0,04,14378461398811817291,0,21.321241,20.807963,21.807963,0.000000,0.100000,23.821241,23.821241,96,0
1789733922.563,37.3037392,127.9070123,4,86,0.215,0,0.127,-135.3,융합,-5.3,-130.1,1,0,04,14378461398811817291,0,21.321241,20.807963,21.807963,0.000000,0.100000,23.821241,23.821241,96,0
1789733922.664,37.3037393,127.9070123,4,86,0.228,0,0.099,-135.3,융합,-5.3,-130.1,1,0,04,14378461398811817291,0,21.307963,20.821241,21.821241,0.000000,0.100000,23.807963,23.807963,96,0
1789733922.763,37.3037393,127.9070123,4,86,0.228,0,0.074,-135.3,융합,-5.3,-130.1,1,0,04,14378461398811817291,0,21.307963,20.807963,21.807963,0.000000,0.100000,23.807963,23.807963,96,0
1789733922.863,37.3037392,127.9070123,4,86,0.215,0,0.050,-135.3,융합,-5.3,-130.1,1,0,04,14378461398811817291,0,21.321241,20.807963,21.807963,0.000000,0.100000,23.821241,23.821241,96,0
1789733922.963,37.3037392,127.9070123,4,86,0.215,0,0.027,-135.3,융합,-5.3,-130.1,1,0,04,14378461398811817291,0,21.321241,20.821241,21.821241,0.000000,0.100000,23.821241,23.821241,96,0
1789733923.064,37.3037392,127.9070123,4,86,0.215,0,0.127,-135.3,융합,-5.3,-130.1,1,0,04,14378461398811817291,0,21.321241,20.821241,21.821241,0.000000,0.100000,23.821241,23.821241,96,0
1789733923.163,37.3037393,127.9070123,4,86,0.228,0,0.089,-135.3,융합,-5.3,-130.1,1,0,04,14378461398811817291,0,21.307963,20.821241,21.821241,0.000000,0.100000,23.807963,23.807963,96,0
1789733923.263,37.3037392,127.9070123,4,86,0.215,0,0.076,-135.3,융합,-5.3,-130.1,1,0,04,14378461398811817291,0,21.321241,20.807963,21.807963,0.000000,0.100000,23.821241,23.821241,96,0
1789733923.363,37.3037393,127.9070123,4,86,0.228,0,0.050,-135.3,융합,-5.3,-130.1,1,0,04,14378461398811817291,0,21.307963,20.821241,21.821241,0.000000,0.100000,23.807963,23.807963,96,0
1789733923.464,37.3037393,127.9070123,4,86,0.228,0,0.025,-135.4,융합,-5.3,-130.1,1,0,04,14378461398811817291,0,21.307963,20.807963,21.807963,0.000000,0.100000,23.807963,23.807963,96,0
1789733923.563,37.3037393,127.9070123,4,86,0.228,0,0.125,-135.4,융합,-5.3,-130.1,1,0,04,14378461398811817291,0,21.307963,20.807963,21.807963,0.000000,0.100000,23.807963,23.807963,96,0
1789733923.663,37.3037393,127.9070123,4,86,0.228,0,0.099,-135.4,융합,-5.3,-130.1,1,0,04,14378461398811817291,0,21.307963,20.807963,21.807963,0.000000,0.100000,23.807963,23.807963,96,0
1789733923.763,37.3037393,127.9070123,4,86,0.228,0,0.074,-135.4,융합,-5.3,-130.1,1,0,04,14378461398811817291,0,21.307963,20.807963,21.807963,0.000000,0.100000,23.807963,23.807963,96,0
1789733923.863,37.3037393,127.9070123,4,86,0.228,0,0.047,-135.4,융합,-5.3,-130.1,1,0,04,14378461398811817291,0,21.307963,20.807963,21.807963,0.000000,0.100000,23.807963,23.807963,96,0
1789733923.963,37.3037392,127.9070123,4,86,0.215,0,0.024,-135.4,융합,-5.3,-130.1,1,0,04,14378461398811817291,0,21.321241,20.807963,21.807963,0.000000,0.100000,23.821241,23.821241,96,0
1789733924.063,37.3037392,127.9070123,4,86,0.215,0,0.124,-135.3,융합,-5.3,-130.1,1,0,04,14378461398811817291,0,21.321241,20.807963,21.807963,0.000000,0.100000,23.821241,23.821241,96,0
1789733924.163,37.3037393,127.9070123,4,86,0.228,0,0.085,-135.3,융합,-5.3,-130.1,1,0,04,14378461398811817291,0,21.307963,20.821241,21.821241,0.000000,0.100000,23.807963,23.807963,96,0
1789733924.263,37.3037392,127.9070123,4,86,0.215,0,0.066,-135.4,융합,-5.3,-130.1,1,0,04,14378461398811817291,0,21.321241,20.807963,21.807963,0.000000,0.100000,23.821241,23.821241,96,0
1789733924.363,37.3037392,127.9070123,4,86,0.215,0,0.046,-135.4,융합,-5.3,-130.1,1,0,04,14378461398811817291,0,21.321241,20.821241,21.821241,0.000000,0.100000,23.821241,23.821241,96,0
1789733924.463,37.3037392,127.9070123,4,86,0.215,0,0.025,-135.4,융합,-5.3,-130.1,1,0,04,14378461398811817291,0,21.321241,20.821241,21.821241,0.000000,0.100000,23.821241,23.821241,96,0
1789733924.563,37.3037392,127.9070123,4,86,0.215,0,0.125,-135.3,융합,-5.3,-130.1,1,0,04,14378461398811817291,0,21.321241,20.821241,21.821241,0.000000,0.100000,23.821241,23.821241,96,0
1789733924.663,37.3037392,127.9070123,4,86,0.215,0,0.100,-135.3,융합,-5.3,-130.1,1,0,04,14378461398811817291,0,21.321241,20.821241,21.821241,0.000000,0.100000,23.821241,23.821241,96,0
1789733924.763,37.3037392,127.9070123,4,86,0.215,0,0.080,-135.3,융합,-5.3,-130.1,1,0,04,14378461398811817291,0,21.321241,20.821241,21.821241,0.000000,0.100000,23.821241,23.821241,96,0
1789733924.863,37.3037392,127.9070123,4,86,0.215,0,0.047,-135.3,융합,-5.3,-130.1,1,0,04,14378461398811817291,0,21.321241,20.821241,21.821241,0.000000,0.100000,23.821241,23.821241,96,0
1789733924.963,37.3037392,127.9070123,4,86,0.215,0,0.027,-135.3,융합,-5.3,-130.1,1,0,04,14378461398811817291,0,21.321241,20.821241,21.821241,0.000000,0.100000,23.821241,23.821241,96,0
1789733925.063,37.3037392,127.9070123,4,86,0.215,0,0.127,-135.3,융합,-5.3,-130.1,1,0,04,14378461398811817291,0,21.321241,20.821241,21.821241,0.000000,0.100000,23.821241,23.821241,96,0
1789733925.163,37.3037392,127.9070123,4,86,0.215,0,0.090,-135.3,융합,-5.3,-130.1,1,0,04,14378461398811817291,0,21.321241,20.821241,21.821241,0.000000,0.100000,23.821241,23.821241,96,0
1789733925.263,37.3037392,127.9070123,4,86,0.215,0,0.077,-135.3,융합,-5.3,-130.1,1,0,04,14378461398811817291,0,21.321241,20.821241,21.821241,0.000000,0.100000,23.821241,23.821241,96,0
1789733925.364,37.3037392,127.9070123,4,86,0.215,0,0.048,-135.3,융합,-5.3,-130.1,1,0,04,14378461398811817291,0,21.321241,20.821241,21.821241,0.000000,0.100000,23.821241,23.821241,96,0
1789733925.464,37.3037392,127.9070123,4,86,0.215,0,0.023,-135.3,융합,-5.3,-130.1,1,0,04,14378461398811817291,0,21.321241,20.821241,21.821241,0.000000,0.100000,23.821241,23.821241,96,0
1789733925.563,37.3037392,127.9070123,4,86,0.215,0,0.003,-135.3,융합,-5.3,-130.1,1,0,04,14378461398811817291,0,21.321241,20.821241,21.821241,0.000000,0.100000,23.821241,23.821241,96,0
1789733925.663,37.3037392,127.9070123,4,86,0.215,0,0.104,-135.3,융합,-5.3,-130.1,1,0,04,14378461398811817291,0,21.321241,20.821241,21.821241,0.000000,0.100000,23.821241,23.821241,96,0
1789733925.763,37.3037392,127.9070123,4,86,0.215,0,0.069,-135.3,융합,-5.3,-130.1,1,0,04,14378461398811817291,0,21.321241,20.821241,21.821241,0.000000,0.100000,23.821241,23.821241,96,0
1789733925.863,37.3037392,127.9070123,4,86,0.215,0,0.043,-135.3,융합,-5.3,-130.1,1,0,04,14378461398811817291,0,21.321241,20.821241,21.821241,0.000000,0.100000,23.821241,23.821241,96,0
1789733925.963,37.3037392,127.9070123,4,86,0.215,0,0.020,-135.3,융합,-5.3,-130.1,1,0,04,14378461398811817291,0,21.321241,20.821241,21.821241,0.000000,0.100000,23.821241,23.821241,96,0
1789733926.063,37.3037392,127.9070123,4,86,0.215,0,0.120,-135.3,융합,-5.3,-130.1,1,0,04,14378461398811817291,0,21.321241,20.821241,21.821241,0.000000,0.100000,23.821241,23.821241,96,0
1789733926.163,37.3037392,127.9070123,4,86,0.215,0,0.087,-135.3,융합,-5.3,-130.1,1,0,04,14378461398811817291,0,21.321241,20.821241,21.821241,0.000000,0.100000,23.821241,23.821241,96,0
1789733926.263,37.3037392,127.9070123,4,86,0.215,0,0.076,-135.3,융합,-5.3,-130.1,1,0,04,14378461398811817291,0,21.321241,20.821241,21.821241,0.000000,0.100000,23.821241,23.821241,96,0
1789733926.363,37.3037392,127.9070123,4,86,0.215,0,0.050,-135.3,융합,-5.3,-130.1,1,0,04,14378461398811817291,0,21.321241,20.821241,21.821241,0.000000,0.100000,23.821241,23.821241,96,0
1789733926.463,37.3037392,127.9070123,4,86,0.215,0,0.030,-135.3,융합,-5.3,-130.1,1,0,04,14378461398811817291,0,21.321241,20.821241,21.821241,0.000000,0.100000,23.821241,23.821241,96,0
1789733926.563,37.3037392,127.9070123,4,86,0.215,0,0.130,-135.3,융합,-5.3,-130.1,1,0,04,14378461398811817291,0,21.321241,20.821241,21.821241,0.000000,0.100000,23.821241,23.821241,96,0
1789733926.663,37.3037392,127.9070123,4,86,0.215,0,0.098,-135.3,융합,-5.3,-130.1,1,0,04,14378461398811817291,0,21.321241,20.821241,21.821241,0.000000,0.100000,23.821241,23.821241,96,0
1789733926.763,37.3037392,127.9070123,4,86,0.215,0,0.075,-135.3,융합,-5.3,-130.1,1,0,04,14378461398811817291,0,21.321241,20.821241,21.821241,0.000000,0.100000,23.821241,23.821241,96,0
1789733926.863,37.3037392,127.9070123,4,86,0.215,0,0.048,-135.3,융합,-5.3,-130.1,1,0,04,14378461398811817291,0,21.321241,20.821241,21.821241,0.000000,0.100000,23.821241,23.821241,96,0
1789733926.963,37.3037392,127.9070123,4,86,0.215,0,0.027,-135.3,융합,-5.3,-130.1,1,0,04,14378461398811817291,0,21.321241,20.821241,21.821241,0.000000,0.100000,23.821241,23.821241,96,0
1789733927.063,37.3037392,127.9070123,4,86,0.215,0,0.127,-135.3,융합,-5.3,-130.1,1,0,04,14378461398811817291,0,21.321241,20.821241,21.821241,0.000000,0.100000,23.821241,23.821241,96,0
1789733927.163,37.3037392,127.9070123,4,86,0.215,0,0.093,-135.3,융합,-5.3,-130.1,1,0,04,14378461398811817291,0,21.321241,20.821241,21.821241,0.000000,0.100000,23.821241,23.821241,96,0
1789733927.263,37.3037392,127.9070123,4,86,0.215,0,0.075,-135.3,융합,-5.3,-130.1,1,0,04,14378461398811817291,0,21.321241,20.821241,21.821241,0.000000,0.100000,23.821241,23.821241,96,0
1789733927.363,37.3037392,127.9070123,4,86,0.215,0,0.053,-135.3,융합,-5.3,-130.1,1,0,04,14378461398811817291,0,21.321241,20.821241,21.821241,0.000000,0.100000,23.821241,23.821241,96,0
1789733927.463,37.3037392,127.9070123,4,86,0.215,0,0.027,-135.3,융합,-5.3,-130.1,1,0,04,14378461398811817291,0,21.321241,20.821241,21.821241,0.000000,0.100000,23.821241,23.821241,96,0
1789733927.563,37.3037392,127.9070123,4,86,0.215,0,0.001,-135.3,융합,-5.3,-130.1,1,0,04,14378461398811817291,0,21.321241,20.821241,21.821241,0.000000,0.100000,23.821241,23.821241,96,0
1789733927.663,37.3037392,127.9070123,4,86,0.215,0,0.101,-135.3,융합,-5.3,-130.1,1,0,04,14378461398811817291,0,21.321241,20.821241,21.821241,0.000000,0.100000,23.821241,23.821241,96,0
1789733927.763,37.3037392,127.9070123,4,86,0.215,0,0.075,-135.3,융합,-5.3,-130.1,1,0,04,14378461398811817291,0,21.321241,20.821241,21.821241,0.000000,0.100000,23.821241,23.821241,96,0
1789733927.863,37.3037392,127.9070123,4,86,0.215,0,0.047,-135.3,융합,-5.3,-130.1,1,0,04,14378461398811817291,0,21.321241,20.821241,21.821241,0.000000,0.100000,23.821241,23.821241,96,0
1789733927.963,37.3037392,127.9070123,4,86,0.215,0,0.026,-135.3,융합,-5.3,-130.1,1,0,04,14378461398811817291,0,21.321241,20.821241,21.821241,0.000000,0.100000,23.821241,23.821241,96,0
1789733928.063,37.3037392,127.9070123,4,86,0.215,0,0.126,-135.3,융합,-5.3,-130.1,1,0,04,14378461398811817291,0,21.321241,20.821241,21.821241,0.000000,0.100000,23.821241,23.821241,96,0
1789733928.164,37.3037392,127.9070123,4,86,0.215,0,0.087,-135.3,융합,-5.3,-130.1,1,0,04,14378461398811817291,0,21.321241,20.821241,21.821241,0.000000,0.100000,23.821241,23.821241,96,0
1789733928.263,37.3037392,127.9070123,4,86,0.215,0,0.075,-135.3,융합,-5.3,-130.1,1,0,04,14378461398811817291,0,21.321241,20.821241,21.821241,0.000000,0.100000,23.821241,23.821241,96,0
1789733928.363,37.3037392,127.9070123,4,86,0.215,0,0.055,-135.3,융합,-5.3,-130.1,1,0,04,14378461398811817291,0,21.321241,20.821241,21.821241,0.000000,0.100000,23.821241,23.821241,96,0
1789733928.463,37.3037392,127.9070123,4,86,0.215,0,0.029,-135.3,융합,-5.3,-130.1,1,0,04,14378461398811817291,0,21.321241,20.821241,21.821241,0.000000,0.100000,23.821241,23.821241,96,0
1789733928.563,37.3037392,127.9070123,4,86,0.215,0,0.001,-135.3,융합,-5.3,-130.1,1,0,04,14378461398811817291,0,21.321241,20.821241,21.821241,0.000000,0.100000,23.821241,23.821241,96,0
1789733928.663,37.3037392,127.9070123,4,86,0.215,0,0.101,-135.3,융합,-5.3,-130.1,1,0,04,14378461398811817291,0,21.321241,20.821241,21.821241,0.000000,0.100000,23.821241,23.821241,96,0
1789733928.763,37.3037392,127.9070123,4,86,0.215,0,0.069,-135.3,융합,-5.3,-130.1,1,0,04,14378461398811817291,0,21.321241,20.821241,21.821241,0.000000,0.100000,23.821241,23.821241,96,0
1789733928.863,37.3037392,127.9070123,4,86,0.215,0,0.043,-135.3,융합,-5.3,-130.1,1,0,04,14378461398811817291,0,21.321241,20.821241,21.821241,0.000000,0.100000,23.821241,23.821241,96,0
1789733928.963,37.3037392,127.9070123,4,86,0.215,0,0.025,-135.3,융합,-5.3,-130.1,1,0,04,14378461398811817291,0,21.321241,20.821241,21.821241,0.000000,0.100000,23.821241,23.821241,96,0
1789733929.063,37.3037392,127.9070123,4,86,0.215,0,0.125,-135.3,융합,-5.3,-130.1,1,0,04,14378461398811817291,0,21.321241,20.821241,21.821241,0.000000,0.100000,23.821241,23.821241,96,0
1789733929.163,37.3037392,127.9070123,4,86,0.215,0,0.087,-135.3,융합,-5.3,-130.1,1,0,04,14378461398811817291,0,21.321241,20.821241,21.821241,0.000000,0.100000,23.821241,23.821241,96,0
1789733929.263,37.3037392,127.9070123,4,86,0.215,0,0.078,-135.3,융합,-5.3,-130.1,1,0,04,14378461398811817291,0,21.321241,20.821241,21.821241,0.000000,0.100000,23.821241,23.821241,96,0
1789733929.363,37.3037392,127.9070123,4,86,0.215,0,0.048,-135.3,융합,-5.3,-130.1,1,0,04,14378461398811817291,0,21.321241,20.821241,21.821241,0.000000,0.100000,23.821241,23.821241,96,0
1789733929.463,37.3037392,127.9070123,4,86,0.215,0,0.027,-135.3,융합,-5.3,-130.1,1,0,04,14378461398811817291,0,21.321241,20.821241,21.821241,0.000000,0.100000,23.821241,23.821241,96,0
1789733929.563,37.3037392,127.9070123,4,86,0.215,0,0.127,-135.3,융합,-5.3,-130.1,1,0,04,14378461398811817291,0,21.321241,20.821241,21.821241,0.000000,0.100000,23.821241,23.821241,96,0
1789733929.663,37.3037393,127.9070123,4,86,0.228,0,0.098,-135.3,융합,-5.3,-130.1,1,0,04,14378461398811817291,0,21.307963,20.821241,21.821241,0.000000,0.100000,23.807963,23.807963,96,0
1789733929.763,37.3037392,127.9070123,4,86,0.215,0,0.076,-135.3,융합,-5.3,-130.1,1,0,04,14378461398811817291,0,21.321241,20.807963,21.807963,0.000000,0.100000,23.821241,23.821241,96,0
1789733929.863,37.3037392,127.9070123,4,86,0.215,0,0.046,-135.3,융합,-5.3,-130.1,1,0,04,14378461398811817291,0,21.321241,20.821241,21.821241,0.000000,0.100000,23.821241,23.821241,96,0
1789733929.963,37.3037392,127.9070123,4,86,0.215,0,0.024,-135.3,융합,-5.3,-130.1,1,0,04,14378461398811817291,0,21.321241,20.821241,21.821241,0.000000,0.100000,23.821241,23.821241,96,0
1789733930.063,37.3037392,127.9070123,4,86,0.215,0,0.124,-135.3,융합,-5.3,-130.1,1,0,04,14378461398811817291,0,21.321241,20.821241,21.821241,0.000000,0.100000,23.821241,23.821241,96,0
1789733930.164,37.3037393,127.9070123,4,86,0.228,0,0.096,-135.3,융합,-5.3,-130.1,1,0,04,14378461398811817291,0,21.307963,20.821241,21.821241,0.000000,0.100000,23.807963,23.807963,96,0
1789733930.263,37.3037392,127.9070123,4,86,0.215,0,0.071,-135.3,융합,-5.3,-130.1,1,0,04,14378461398811817291,0,21.321241,20.807963,21.807963,0.000000,0.100000,23.821241,23.821241,96,0
1789733930.363,37.3037392,127.9070123,4,86,0.215,0,0.047,-135.3,융합,-5.3,-130.1,1,0,04,14378461398811817291,0,21.321241,20.821241,21.821241,0.000000,0.100000,23.821241,23.821241,96,0
1789733930.463,37.3037392,127.9070123,4,86,0.215,0,0.024,-135.3,융합,-5.3,-130.1,1,0,04,14378461398811817291,0,21.321241,20.821241,21.821241,0.000000,0.100000,23.821241,23.821241,96,0
1789733930.563,37.3037392,127.9070123,4,86,0.215,0,0.004,-135.3,융합,-5.3,-130.1,1,0,04,14378461398811817291,0,21.321241,20.821241,21.821241,0.000000,0.100000,23.821241,23.821241,96,0
1789733930.663,37.3037392,127.9070123,4,86,0.215,0,0.104,-135.3,융합,-5.3,-130.1,1,0,04,14378461398811817291,0,21.321241,20.821241,21.821241,0.000000,0.100000,23.821241,23.821241,96,0
1789733930.763,37.3037393,127.9070123,4,86,0.228,0,0.077,-135.3,융합,-5.3,-130.1,1,0,04,14378461398811817291,0,21.307963,20.821241,21.821241,0.000000,0.100000,23.807963,23.807963,96,0
1789733930.863,37.3037392,127.9070123,4,86,0.215,0,0.049,-135.4,융합,-5.3,-130.1,1,0,04,14378461398811817291,0,21.321241,20.807963,21.807963,0.000000,0.100000,23.821241,23.821241,96,0
1789733930.963,37.3037392,127.9070123,4,86,0.215,0,0.032,-135.3,융합,-5.3,-130.1,1,0,04,14378461398811817291,0,21.321241,20.821241,21.821241,0.000000,0.100000,23.821241,23.821241,96,0
1789733931.063,37.3037392,127.9070123,4,86,0.215,0,0.132,-135.3,융합,-5.3,-130.1,1,0,04,14378461398811817291,0,21.321241,20.821241,21.821241,0.000000,0.100000,23.821241,23.821241,96,0
1789733931.163,37.3037392,127.9070123,4,86,0.215,0,0.094,-135.4,융합,-5.3,-130.1,1,0,04,14378461398811817291,0,21.321241,20.821241,21.821241,0.000000,0.100000,23.821241,23.821241,96,0
1789733931.264,37.3037392,127.9070123,4,86,0.215,0,0.078,-135.4,융합,-5.3,-130.1,1,0,04,14378461398811817291,0,21.321241,20.821241,21.821241,0.000000,0.100000,23.821241,23.821241,96,0
1789733931.364,37.3037392,127.9070123,4,86,0.215,0,0.054,-135.4,융합,-5.3,-130.1,1,0,04,14378461398811817291,0,21.321241,20.821241,21.821241,0.000000,0.100000,23.821241,23.821241,96,0
1789733931.463,37.3037392,127.9070123,4,86,0.215,0,0.030,-135.4,융합,-5.3,-130.1,1,0,04,14378461398811817291,0,21.321241,20.821241,21.821241,0.000000,0.100000,23.821241,23.821241,96,0
1789733931.563,37.3037392,127.9070123,4,86,0.215,0,0.004,-135.4,융합,-5.3,-130.1,1,0,04,14378461398811817291,0,21.321241,20.821241,21.821241,0.000000,0.100000,23.821241,23.821241,96,0
1789733931.663,37.3037392,127.9070123,4,86,0.215,0,0.104,-135.4,융합,-5.3,-130.1,1,0,04,14378461398811817291,0,21.321241,20.821241,21.821241,0.000000,0.100000,23.821241,23.821241,96,0
1789733931.763,37.3037392,127.9070123,4,86,0.215,0,0.077,-135.4,융합,-5.3,-130.1,1,0,04,14378461398811817291,0,21.321241,20.821241,21.821241,0.000000,0.100000,23.821241,23.821241,96,0
1789733931.863,37.3037392,127.9070123,4,86,0.215,0,0.052,-135.4,융합,-5.3,-130.1,1,0,04,14378461398811817291,0,21.321241,20.821241,21.821241,0.000000,0.100000,23.821241,23.821241,96,0
1789733931.963,37.3037392,127.9070123,4,86,0.215,0,0.029,-135.4,융합,-5.3,-130.1,1,0,04,14378461398811817291,0,21.321241,20.821241,21.821241,0.000000,0.100000,23.821241,23.821241,96,0
1789733932.063,37.3037392,127.9070123,4,86,0.215,0,0.129,-135.4,융합,-5.3,-130.1,1,0,04,14378461398811817291,0,21.321241,20.821241,21.821241,0.000000,0.100000,23.821241,23.821241,96,0
1789733932.163,37.3037392,127.9070123,4,86,0.215,0,0.094,-135.4,융합,-5.3,-130.1,1,0,04,14378461398811817291,0,21.321241,20.821241,21.821241,0.000000,0.100000,23.821241,23.821241,96,0
1789733932.264,37.3037392,127.9070123,4,86,0.215,0,0.077,-135.4,융합,-5.3,-130.1,1,0,04,14378461398811817291,0,21.321241,20.821241,21.821241,0.000000,0.100000,23.821241,23.821241,96,0
1789733932.363,37.3037392,127.9070123,4,86,0.215,0,0.051,-135.4,융합,-5.3,-130.1,1,0,04,14378461398811817291,0,21.321241,20.821241,21.821241,0.000000,0.100000,23.821241,23.821241,96,0
1789733932.463,37.3037393,127.9070123,4,86,0.228,0,0.026,-135.4,융합,-5.3,-130.1,1,0,04,14378461398811817291,0,21.307963,20.821241,21.821241,0.000000,0.100000,23.807963,23.807963,96,0
1789733932.563,37.3037392,127.9070123,4,86,0.215,0,0.000,-135.4,융합,-5.3,-130.1,1,0,04,14378461398811817291,0,21.321241,20.807963,21.807963,0.000000,0.100000,23.821241,23.821241,96,0
1789733932.663,37.3037392,127.9070123,4,86,0.215,0,0.100,-135.4,융합,-5.3,-130.1,1,0,04,14378461398811817291,0,21.321241,20.807963,21.807963,0.000000,0.100000,23.821241,23.821241,96,0
1789733932.763,37.3037392,127.9070123,4,86,0.215,0,0.073,-135.4,융합,-5.3,-130.1,1,0,04,14378461398811817291,0,21.321241,20.821241,21.821241,0.000000,0.100000,23.821241,23.821241,96,0
1789733932.863,37.3037392,127.9070123,4,86,0.215,0,0.048,-135.4,융합,-5.3,-130.1,1,0,04,14378461398811817291,0,21.321241,20.821241,21.821241,0.000000,0.100000,23.821241,23.821241,96,0
1789733932.970,37.3037392,127.9070123,4,86,0.215,0,0.031,-135.4,융합,-5.3,-130.1,1,0,04,14378461398811817291,0,21.321241,20.821241,21.821241,0.000000,0.100000,23.821241,23.821241,96,0
1789733933.063,37.3037392,127.9070123,4,86,0.215,0,0.125,-135.4,융합,-5.3,-130.1,1,0,04,14378461398811817291,0,21.321241,20.821241,21.821241,0.000000,0.100000,23.821241,23.821241,96,0
1789733933.166,37.3037392,127.9070123,4,86,0.215,0,0.093,-135.4,융합,-5.3,-130.1,1,0,04,14378461398811817291,0,21.321241,20.821241,21.821241,0.000000,0.100000,23.821241,23.821241,96,0
1789733933.263,37.3037392,127.9070123,4,86,0.215,0,0.069,-135.4,융합,-5.3,-130.1,1,0,04,14378461398811817291,0,21.321241,20.821241,21.821241,0.000000,0.100000,23.821241,23.821241,96,0
1789733933.363,37.3037393,127.9070123,4,86,0.228,0,0.051,-135.4,융합,-5.3,-130.1,1,0,04,14378461398811817291,0,21.307963,20.821241,21.821241,0.000000,0.100000,23.807963,23.807963,96,0
1789733933.463,37.3037393,127.9070123,4,86,0.228,0,0.026,-135.4,융합,-5.4,-130.1,1,0,04,14378461398811817291,0,21.307963,20.807963,21.807963,0.000000,0.100000,23.807963,23.807963,96,0
1789733933.563,37.3037393,127.9070123,4,86,0.228,0,0.126,-135.4,융합,-5.4,-130.1,1,0,04,14378461398811817291,0,21.307963,20.807963,21.807963,0.000000,0.100000,23.807963,23.807963,96,0
1789733933.663,37.3037393,127.9070123,4,86,0.228,0,0.096,-135.4,융합,-5.4,-130.1,1,0,04,14378461398811817291,0,21.307963,20.807963,21.807963,0.000000,0.100000,23.807963,23.807963,96,0
1789733933.763,37.3037392,127.9070123,4,86,0.215,0,0.077,-135.4,융합,-5.3,-130.1,1,0,04,14378461398811817291,0,21.321241,20.807963,21.807963,0.000000,0.100000,23.821241,23.821241,96,0
1789733933.863,37.3037392,127.9070123,4,86,0.215,0,0.043,-135.4,융합,-5.3,-130.1,1,0,04,14378461398811817291,0,21.321241,20.821241,21.821241,0.000000,0.100000,23.821241,23.821241,96,0
1789733933.963,37.3037392,127.9070123,4,86,0.215,0,0.021,-135.4,융합,-5.3,-130.1,1,0,04,14378461398811817291,0,21.321241,20.821241,21.821241,0.000000,0.100000,23.821241,23.821241,96,0
1789733934.063,37.3037392,127.9070123,4,86,0.215,0,0.121,-135.4,융합,-5.3,-130.1,1,0,04,14378461398811817291,0,21.321241,20.821241,21.821241,0.000000,0.100000,23.821241,23.821241,96,0
1789733934.167,37.3037392,127.9070123,4,86,0.215,0,0.080,-135.4,융합,-5.3,-130.1,1,0,04,14378461398811817291,0,21.321241,20.821241,21.821241,0.000000,0.100000,23.821241,23.821241,96,0
1789733934.263,37.3037392,127.9070123,4,86,0.215,0,0.068,-135.4,융합,-5.3,-130.1,1,0,04,14378461398811817291,0,21.321241,20.821241,21.821241,0.000000,0.100000,23.821241,23.821241,96,0
1789733934.363,37.3037392,127.9070123,4,86,0.215,0,0.047,-135.4,융합,-5.3,-130.1,1,0,04,14378461398811817291,0,21.321241,20.821241,21.821241,0.000000,0.100000,23.821241,23.821241,96,0
1789733934.464,37.3037392,127.9070123,4,86,0.215,0,0.028,-135.4,융합,-5.3,-130.1,1,0,04,14378461398811817291,0,21.321241,20.821241,21.821241,0.000000,0.100000,23.821241,23.821241,96,0
1789733934.563,37.3037392,127.9070123,4,86,0.215,0,0.010,-135.4,융합,-5.3,-130.1,1,0,04,14378461398811817291,0,21.321241,20.821241,21.821241,0.000000,0.100000,23.821241,23.821241,96,0
1789733934.663,37.3037392,127.9070123,4,86,0.215,0,0.110,-135.4,융합,-5.3,-130.1,1,0,04,14378461398811817291,0,21.321241,20.821241,21.821241,0.000000,0.100000,23.821241,23.821241,96,0
1789733934.763,37.3037392,127.9070123,4,86,0.215,0,0.078,-135.4,융합,-5.3,-130.1,1,0,04,14378461398811817291,0,21.321241,20.821241,21.821241,0.000000,0.100000,23.821241,23.821241,96,0
1789733934.863,37.3037393,127.9070123,4,86,0.228,0,0.050,-135.4,융합,-5.3,-130.1,1,0,04,14378461398811817291,0,21.307963,20.821241,21.821241,0.000000,0.100000,23.807963,23.807963,96,0
1789733934.963,37.3037392,127.9070123,4,86,0.215,0,0.030,-135.4,융합,-5.3,-130.1,1,0,04,14378461398811817291,0,21.321241,20.807963,21.807963,0.000000,0.100000,23.821241,23.821241,96,0
1789733935.063,37.3037392,127.9070123,4,86,0.215,0,0.130,-135.4,융합,-5.3,-130.1,1,0,04,14378461398811817291,0,21.321241,20.807963,21.807963,0.000000,0.100000,23.821241,23.821241,96,0
1789733935.163,37.3037392,127.9070123,4,86,0.215,0,0.096,-135.4,융합,-5.3,-130.1,1,0,04,14378461398811817291,0,21.321241,20.821241,21.821241,0.000000,0.100000,23.821241,23.821241,96,0
1789733935.263,37.3037392,127.9070123,4,86,0.215,0,0.080,-135.4,융합,-5.3,-130.1,1,0,04,14378461398811817291,0,21.321241,20.821241,21.821241,0.000000,0.100000,23.821241,23.821241,96,0
1789733935.363,37.3037393,127.9070123,4,86,0.228,0,0.049,-135.4,융합,-5.3,-130.1,1,0,04,14378461398811817291,0,21.307963,20.821241,21.821241,0.000000,0.100000,23.807963,23.807963,96,0
1789733935.463,37.3037393,127.9070123,4,86,0.228,0,0.029,-135.4,융합,-5.3,-130.1,1,0,04,14378461398811817291,0,21.307963,20.807963,21.807963,0.000000,0.100000,23.807963,23.807963,96,0
1789733935.563,37.3037393,127.9070123,4,86,0.228,0,0.129,-135.4,융합,-5.3,-130.1,1,0,04,14378461398811817291,0,21.307963,20.807963,21.807963,0.000000,0.100000,23.807963,23.807963,96,0
1789733935.663,37.3037392,127.9070123,4,86,0.215,0,0.097,-135.4,융합,-5.3,-130.1,1,0,04,14378461398811817291,0,21.321241,20.807963,21.807963,0.000000,0.100000,23.821241,23.821241,96,0
1789733935.763,37.3037392,127.9070123,4,86,0.215,0,0.073,-135.4,융합,-5.3,-130.1,1,0,04,14378461398811817291,0,21.321241,20.821241,21.821241,0.000000,0.100000,23.821241,23.821241,96,0
1789733935.863,37.3037392,127.9070123,4,86,0.215,0,0.048,-135.4,융합,-5.3,-130.1,1,0,04,14378461398811817291,0,21.321241,20.821241,21.821241,0.000000,0.100000,23.821241,23.821241,96,0
1789733935.963,37.3037392,127.9070123,4,86,0.215,0,0.027,-135.4,융합,-5.3,-130.1,1,0,04,14378461398811817291,0,21.321241,20.821241,21.821241,0.000000,0.100000,23.821241,23.821241,96,0
1789733936.064,37.3037392,127.9070123,4,86,0.215,0,0.128,-135.4,융합,-5.3,-130.1,1,0,04,14378461398811817291,0,21.321241,20.821241,21.821241,0.000000,0.100000,23.821241,23.821241,96,0
1789733936.163,37.3037392,127.9070123,4,86,0.215,0,0.087,-135.4,융합,-5.3,-130.1,1,0,04,14378461398811817291,0,21.321241,20.821241,21.821241,0.000000,0.100000,23.821241,23.821241,96,0
1789733936.263,37.3037393,127.9070123,4,86,0.228,0,0.072,-135.4,융합,-5.3,-130.1,1,0,04,14378461398811817291,0,21.307963,20.821241,21.821241,0.000000,0.100000,23.807963,23.807963,96,0
1789733936.363,37.3037393,127.9070123,4,86,0.228,0,0.053,-135.4,융합,-5.3,-130.1,1,0,04,14378461398811817291,0,21.307963,20.807963,21.807963,0.000000,0.100000,23.807963,23.807963,96,0
1789733936.463,37.3037392,127.9070123,4,86,0.215,0,0.025,-135.4,융합,-5.3,-130.1,1,0,04,14378461398811817291,0,21.321241,20.807963,21.807963,0.000000,0.100000,23.821241,23.821241,96,0
1789733936.563,37.3037392,127.9070123,4,86,0.215,0,0.125,-135.4,융합,-5.3,-130.1,1,0,04,14378461398811817291,0,21.321241,20.807963,21.807963,0.000000,0.100000,23.821241,23.821241,96,0
1789733936.663,37.3037392,127.9070123,4,86,0.215,0,0.099,-135.4,융합,-5.3,-130.1,1,0,04,14378461398811817291,0,21.321241,20.821241,21.821241,0.000000,0.100000,23.821241,23.821241,96,0
1789733936.763,37.3037392,127.9070123,4,86,0.215,0,0.075,-135.4,융합,-5.3,-130.1,1,0,04,14378461398811817291,0,21.321241,20.821241,21.821241,0.000000,0.100000,23.821241,23.821241,96,0
1789733936.863,37.3037392,127.9070123,4,86,0.215,0,0.046,-135.4,융합,-5.3,-130.1,1,0,04,14378461398811817291,0,21.321241,20.821241,21.821241,0.000000,0.100000,23.821241,23.821241,96,0
1789733936.963,37.3037392,127.9070123,4,86,0.215,0,0.025,-135.4,융합,-5.3,-130.1,1,0,04,14378461398811817291,0,21.321241,20.821241,21.821241,0.000000,0.100000,23.821241,23.821241,96,0
1789733937.063,37.3037392,127.9070123,4,86,0.215,0,0.125,-135.4,융합,-5.3,-130.1,1,0,04,14378461398811817291,0,21.321241,20.821241,21.821241,0.000000,0.100000,23.821241,23.821241,96,0
1789733937.163,37.3037392,127.9070123,4,86,0.215,0,0.090,-135.4,융합,-5.3,-130.1,1,0,04,14378461398811817291,0,21.321241,20.821241,21.821241,0.000000,0.100000,23.821241,23.821241,96,0
1789733937.263,37.3037392,127.9070123,4,86,0.215,0,0.076,-135.4,융합,-5.3,-130.1,1,0,04,14378461398811817291,0,21.321241,20.821241,21.821241,0.000000,0.100000,23.821241,23.821241,96,0
1789733937.363,37.3037392,127.9070123,4,86,0.215,0,0.055,-135.4,융합,-5.3,-130.1,1,0,04,14378461398811817291,0,21.321241,20.821241,21.821241,0.000000,0.100000,23.821241,23.821241,96,0
1789733937.463,37.3037392,127.9070123,4,86,0.215,0,0.027,-135.4,융합,-5.3,-130.1,1,0,04,14378461398811817291,0,21.321241,20.821241,21.821241,0.000000,0.100000,23.821241,23.821241,96,0
1789733937.563,37.3037392,127.9070123,4,86,0.215,0,0.000,-135.4,융합,-5.3,-130.1,1,0,04,14378461398811817291,0,21.321241,20.821241,21.821241,0.000000,0.100000,23.821241,23.821241,96,0
1789733937.663,37.3037392,127.9070123,4,86,0.215,0,0.100,-135.4,융합,-5.3,-130.1,1,0,04,14378461398811817291,0,21.321241,20.821241,21.821241,0.000000,0.100000,23.821241,23.821241,96,0
1789733937.763,37.3037393,127.9070123,4,86,0.228,0,0.074,-135.4,융합,-5.3,-130.1,1,0,04,14378461398811817291,0,21.307963,20.821241,21.821241,0.000000,0.100000,23.807963,23.807963,96,0
1789733937.864,37.3037393,127.9070123,4,86,0.228,0,0.048,-135.4,융합,-5.3,-130.1,1,0,04,14378461398811817291,0,21.307963,20.807963,21.807963,0.000000,0.100000,23.807963,23.807963,96,0
1789733937.963,37.3037392,127.9070123,4,86,0.215,0,0.025,-135.4,융합,-5.3,-130.1,1,0,04,14378461398811817291,0,21.321241,20.807963,21.807963,0.000000,0.100000,23.821241,23.821241,96,0
1789733938.063,37.3037392,127.9070123,4,86,0.215,0,0.125,-135.4,융합,-5.3,-130.1,1,0,04,14378461398811817291,0,21.321241,20.807963,21.807963,0.000000,0.100000,23.821241,23.821241,96,0
1789733938.163,37.3037393,127.9070123,4,86,0.228,0,0.086,-135.4,융합,-5.3,-130.1,1,0,04,14378461398811817291,0,21.307963,20.821241,21.821241,0.000000,0.100000,23.807963,23.807963,96,0
1789733938.263,37.3037393,127.9070123,4,86,0.228,0,0.078,-135.4,융합,-5.3,-130.1,1,0,04,14378461398811817291,0,21.307963,20.807963,21.807963,0.000000,0.100000,23.807963,23.807963,96,0
1789733938.363,37.3037392,127.9070123,4,86,0.215,0,0.050,-135.4,융합,-5.3,-130.1,1,0,04,14378461398811817291,0,21.321241,20.807963,21.807963,0.000000,0.100000,23.821241,23.821241,96,0
1789733938.463,37.3037392,127.9070123,4,86,0.215,0,0.025,-135.4,융합,-5.3,-130.1,1,0,04,14378461398811817291,0,21.321241,20.821241,21.821241,0.000000,0.100000,23.821241,23.821241,96,0
1789733938.563,37.3037392,127.9070123,4,86,0.215,0,0.126,-135.4,융합,-5.3,-130.1,1,0,04,14378461398811817291,0,21.321241,20.821241,21.821241,0.000000,0.100000,23.821241,23.821241,96,0
1789733938.663,37.3037392,127.9070123,4,86,0.215,0,0.097,-135.4,융합,-5.3,-130.1,1,0,04,14378461398811817291,0,21.321241,20.821241,21.821241,0.000000,0.100000,23.821241,23.821241,96,0
1789733938.763,37.3037392,127.9070123,4,86,0.215,0,0.073,-135.4,융합,-5.3,-130.1,1,0,04,14378461398811817291,0,21.321241,20.821241,21.821241,0.000000,0.100000,23.821241,23.821241,96,0
1789733938.863,37.3037392,127.9070123,4,86,0.215,0,0.046,-135.4,융합,-5.3,-130.1,1,0,04,14378461398811817291,0,21.321241,20.821241,21.821241,0.000000,0.100000,23.821241,23.821241,96,0
1789733938.963,37.3037392,127.9070123,4,86,0.215,0,0.025,-135.4,융합,-5.3,-130.1,1,0,04,14378461398811817291,0,21.321241,20.821241,21.821241,0.000000,0.100000,23.821241,23.821241,96,0
1789733939.063,37.3037392,127.9070123,4,86,0.215,0,0.125,-135.4,융합,-5.3,-130.1,1,0,04,14378461398811817291,0,21.321241,20.821241,21.821241,0.000000,0.100000,23.821241,23.821241,96,0
1789733939.163,37.3037392,127.9070123,4,86,0.215,0,0.098,-135.4,융합,-5.3,-130.1,1,0,04,14378461398811817291,0,21.321241,20.821241,21.821241,0.000000,0.100000,23.821241,23.821241,96,0
1789733939.263,37.3037392,127.9070123,4,86,0.215,0,0.073,-135.4,융합,-5.3,-130.1,1,0,04,14378461398811817291,0,21.321241,20.821241,21.821241,0.000000,0.100000,23.821241,23.821241,96,0
1789733939.363,37.3037392,127.9070123,4,86,0.215,0,0.047,-135.4,융합,-5.3,-130.1,1,0,04,14378461398811817291,0,21.321241,20.821241,21.821241,0.000000,0.100000,23.821241,23.821241,96,0
1789733939.463,37.3037392,127.9070123,4,86,0.215,0,0.025,-135.4,융합,-5.3,-130.1,1,0,04,14378461398811817291,0,21.321241,20.821241,21.821241,0.000000,0.100000,23.821241,23.821241,96,0
1789733939.563,37.3037392,127.9070123,4,86,0.215,0,0.125,-135.4,융합,-5.3,-130.1,1,0,04,14378461398811817291,0,21.321241,20.821241,21.821241,0.000000,0.100000,23.821241,23.821241,96,0
1789733939.663,37.3037392,127.9070123,4,86,0.215,0,0.098,-135.4,융합,-5.3,-130.1,1,0,04,14378461398811817291,0,21.321241,20.821241,21.821241,0.000000,0.100000,23.821241,23.821241,96,0
1789733939.763,37.3037393,127.9070123,4,86,0.228,0,0.073,-135.4,융합,-5.3,-130.1,1,0,04,14378461398811817291,0,21.307963,20.821241,21.821241,0.000000,0.100000,23.807963,23.807963,96,0
1789733939.863,37.3037392,127.9070123,4,86,0.215,0,0.046,-135.4,융합,-5.3,-130.1,1,0,04,14378461398811817291,0,21.321241,20.807963,21.807963,0.000000,0.100000,23.821241,23.821241,96,0
1789733939.963,37.3037393,127.9070123,4,86,0.228,0,0.030,-135.4,융합,-5.3,-130.1,1,0,04,14378461398811817291,0,21.307963,20.821241,21.821241,0.000000,0.100000,23.807963,23.807963,96,0
1789733940.064,37.3037393,127.9070123,4,86,0.228,0,0.130,-135.4,융합,-5.3,-130.1,1,0,04,14378461398811817291,0,21.307963,20.821241,21.821241,0.000000,0.100000,23.807963,23.807963,96,0
1789733940.165,37.3037392,127.9070123,4,86,0.215,0,0.080,-135.4,융합,-5.3,-130.1,1,0,04,14378461398811817291,0,21.321241,20.807963,21.807963,0.000000,0.100000,23.821241,23.821241,96,0
1789733940.266,37.3037393,127.9070123,4,86,0.228,0,0.069,-135.4,융합,-5.3,-130.1,1,0,04,14378461398811817291,0,21.307963,20.821241,21.821241,0.000000,0.100000,23.807963,23.807963,96,0
1789733940.364,37.3037393,127.9070123,4,86,0.228,0,0.049,-135.4,융합,-5.3,-130.1,1,0,04,14378461398811817291,0,21.307963,20.807963,21.807963,0.000000,0.100000,23.807963,23.807963,96,0
1789733940.464,37.3037393,127.9070123,4,86,0.228,0,0.028,-135.4,융합,-5.3,-130.1,1,0,04,14378461398811817291,0,21.307963,20.807963,21.807963,0.000000,0.100000,23.807963,23.807963,96,0
1789733940.566,37.3037393,127.9070123,4,86,0.228,0,0.128,-135.4,융합,-5.3,-130.1,1,0,04,14378461398811817291,0,21.307963,20.807963,21.807963,0.000000,0.100000,23.807963,23.807963,96,0
1789733940.664,37.3037393,127.9070123,4,86,0.228,0,0.097,-135.4,융합,-5.3,-130.1,1,0,04,14378461398811817291,0,21.307963,20.807963,21.807963,0.000000,0.100000,23.807963,23.807963,96,0
1789733940.766,37.3037393,127.9070123,4,86,0.228,0,0.070,-135.4,융합,-5.3,-130.1,1,0,04,14378461398811817291,0,21.307963,20.807963,21.807963,0.000000,0.100000,23.807963,23.807963,96,0
1789733940.863,37.3037393,127.9070123,4,86,0.228,0,0.046,-135.4,융합,-5.3,-130.1,1,0,04,14378461398811817291,0,21.307963,20.807963,21.807963,0.000000,0.100000,23.807963,23.807963,96,0
1789733940.963,37.3037392,127.9070123,4,86,0.215,0,0.021,-135.4,융합,-5.3,-130.1,1,0,04,14378461398811817291,0,21.321241,20.807963,21.807963,0.000000,0.100000,23.821241,23.821241,96,0
1789733941.063,37.3037392,127.9070123,4,86,0.215,0,0.121,-135.4,융합,-5.3,-130.1,1,0,04,14378461398811817291,0,21.321241,20.807963,21.807963,0.000000,0.100000,23.821241,23.821241,96,0
1789733941.164,37.3037393,127.9070123,4,86,0.228,0,0.087,-135.4,융합,-5.3,-130.1,1,0,04,14378461398811817291,0,21.307963,20.821241,21.821241,0.000000,0.100000,23.807963,23.807963,96,0
1789733941.264,37.3037393,127.9070123,4,86,0.228,0,0.073,-135.4,융합,-5.3,-130.1,1,0,04,14378461398811817291,0,21.307963,20.807963,21.807963,0.000000,0.100000,23.807963,23.807963,96,0
1789733941.363,37.3037393,127.9070123,4,86,0.228,0,0.047,-135.4,융합,-5.3,-130.1,1,0,04,14378461398811817291,0,21.307963,20.807963,21.807963,0.000000,0.100000,23.807963,23.807963,96,0
1789733941.463,37.3037393,127.9070123,4,86,0.228,0,0.020,-135.4,융합,-5.3,-130.1,1,0,04,14378461398811817291,0,21.307963,20.807963,21.807963,0.000000,0.100000,23.807963,23.807963,96,0
1789733941.563,37.3037393,127.9070123,4,86,0.228,0,0.120,-135.4,융합,-5.3,-130.1,1,0,04,14378461398811817291,0,21.307963,20.807963,21.807963,0.000000,0.100000,23.807963,23.807963,96,0
1789733941.663,37.3037393,127.9070123,4,86,0.228,0,0.095,-135.4,융합,-5.3,-130.1,1,0,04,14378461398811817291,0,21.307963,20.807963,21.807963,0.000000,0.100000,23.807963,23.807963,96,0
1789733941.764,37.3037392,127.9070123,4,86,0.215,0,0.070,-135.4,융합,-5.3,-130.1,1,0,04,14378461398811817291,0,21.321241,20.807963,21.807963,0.000000,0.100000,23.821241,23.821241,96,0
1789733941.863,37.3037393,127.9070123,4,86,0.228,0,0.046,-135.4,융합,-5.3,-130.1,1,0,04,14378461398811817291,0,21.307963,20.821241,21.821241,0.000000,0.100000,23.807963,23.807963,96,0
1789733941.963,37.3037393,127.9070123,4,86,0.228,0,0.025,-135.4,융합,-5.3,-130.1,1,0,04,14378461398811817291,0,21.307963,20.807963,21.807963,0.000000,0.100000,23.807963,23.807963,96,0
1789733942.063,37.3037393,127.9070123,4,86,0.228,0,0.125,-135.4,융합,-5.3,-130.1,1,0,04,14378461398811817291,0,21.307963,20.807963,21.807963,0.000000,0.100000,23.807963,23.807963,96,0
1789733942.163,37.3037392,127.9070123,4,86,0.215,0,0.086,-135.4,융합,-5.3,-130.1,1,0,04,14378461398811817291,0,21.321241,20.807963,21.807963,0.000000,0.100000,23.821241,23.821241,96,0
1789733942.263,37.3037392,127.9070123,4,86,0.215,0,0.073,-135.4,융합,-5.3,-130.1,1,0,04,14378461398811817291,0,21.321241,20.821241,21.821241,0.000000,0.100000,23.821241,23.821241,96,0
1789733942.363,37.3037392,127.9070123,4,86,0.215,0,0.051,-135.4,융합,-5.3,-130.1,1,0,04,14378461398811817291,0,21.321241,20.821241,21.821241,0.000000,0.100000,23.821241,23.821241,96,0
1789733942.463,37.3037392,127.9070123,4,86,0.215,0,0.027,-135.4,융합,-5.3,-130.1,1,0,04,14378461398811817291,0,21.321241,20.821241,21.821241,0.000000,0.100000,23.821241,23.821241,96,0
1789733942.563,37.3037392,127.9070123,4,86,0.215,0,0.002,-135.4,융합,-5.3,-130.1,1,0,04,14378461398811817291,0,21.321241,20.821241,21.821241,0.000000,0.100000,23.821241,23.821241,96,0
1789733942.663,37.3037392,127.9070123,4,86,0.215,0,0.102,-135.4,융합,-5.3,-130.1,1,0,04,14378461398811817291,0,21.321241,20.821241,21.821241,0.000000,0.100000,23.821241,23.821241,96,0
1789733942.763,37.3037392,127.9070123,4,86,0.215,0,0.083,-135.4,융합,-5.3,-130.1,1,0,04,14378461398811817291,0,21.321241,20.821241,21.821241,0.000000,0.100000,23.821241,23.821241,96,0
1789733942.863,37.3037392,127.9070123,4,86,0.215,0,0.049,-135.4,융합,-5.3,-130.1,1,0,04,14378461398811817291,0,21.321241,20.821241,21.821241,0.000000,0.100000,23.821241,23.821241,96,0
1789733942.963,37.3037392,127.9070123,4,86,0.215,0,0.027,-135.4,융합,-5.3,-130.1,1,0,04,14378461398811817291,0,21.321241,20.821241,21.821241,0.000000,0.100000,23.821241,23.821241,96,0
1789733943.063,37.3037392,127.9070123,4,86,0.215,0,0.127,-135.4,융합,-5.3,-130.1,1,0,04,14378461398811817291,0,21.321241,20.821241,21.821241,0.000000,0.100000,23.821241,23.821241,96,0
1789733943.164,37.3037392,127.9070123,4,86,0.215,0,0.092,-135.4,융합,-5.3,-130.1,1,0,04,14378461398811817291,0,21.321241,20.821241,21.821241,0.000000,0.100000,23.821241,23.821241,96,0
1789733943.263,37.3037392,127.9070123,4,86,0.215,0,0.076,-135.4,융합,-5.3,-130.1,1,0,04,14378461398811817291,0,21.321241,20.821241,21.821241,0.000000,0.100000,23.821241,23.821241,96,0
1789733943.363,37.3037392,127.9070123,4,86,0.215,0,0.052,-135.4,융합,-5.3,-130.1,1,0,04,14378461398811817291,0,21.321241,20.821241,21.821241,0.000000,0.100000,23.821241,23.821241,96,0
1789733943.463,37.3037392,127.9070123,4,86,0.215,0,0.028,-135.4,융합,-5.3,-130.1,1,0,04,14378461398811817291,0,21.321241,20.821241,21.821241,0.000000,0.100000,23.821241,23.821241,96,0
1789733943.563,37.3037392,127.9070123,4,86,0.215,0,0.009,-135.4,융합,-5.3,-130.1,1,0,04,14378461398811817291,0,21.321241,20.821241,21.821241,0.000000,0.100000,23.821241,23.821241,96,0
1789733943.663,37.3037392,127.9070123,4,86,0.215,0,0.109,-135.4,융합,-5.3,-130.1,1,0,04,14378461398811817291,0,21.321241,20.821241,21.821241,0.000000,0.100000,23.821241,23.821241,96,0
1789733943.763,37.3037392,127.9070123,4,86,0.215,0,0.073,-135.4,융합,-5.3,-130.1,1,0,04,14378461398811817291,0,21.321241,20.821241,21.821241,0.000000,0.100000,23.821241,23.821241,96,0
1789733943.863,37.3037392,127.9070123,4,86,0.215,0,0.046,-135.4,융합,-5.3,-130.1,1,0,04,14378461398811817291,0,21.321241,20.821241,21.821241,0.000000,0.100000,23.821241,23.821241,96,0
1789733943.963,37.3037392,127.9070123,4,86,0.215,0,0.026,-135.4,융합,-5.3,-130.1,1,0,04,14378461398811817291,0,21.321241,20.821241,21.821241,0.000000,0.100000,23.821241,23.821241,96,0
1789733944.063,37.3037392,127.9070123,4,86,0.215,0,0.126,-135.4,융합,-5.3,-130.1,1,0,04,14378461398811817291,0,21.321241,20.821241,21.821241,0.000000,0.100000,23.821241,23.821241,96,0
1789733944.163,37.3037392,127.9070123,4,86,0.215,0,0.087,-135.4,융합,-5.3,-130.1,1,0,04,14378461398811817291,0,21.321241,20.821241,21.821241,0.000000,0.100000,23.821241,23.821241,96,0
1789733944.263,37.3037393,127.9070123,4,86,0.228,0,0.074,-135.4,융합,-5.3,-130.1,1,0,04,14378461398811817291,0,21.307963,20.821241,21.821241,0.000000,0.100000,23.807963,23.807963,96,0
1789733944.363,37.3037392,127.9070123,4,86,0.215,0,0.052,-135.4,융합,-5.3,-130.1,1,0,04,14378461398811817291,0,21.321241,20.807963,21.807963,0.000000,0.100000,23.821241,23.821241,96,0
1789733944.463,37.3037393,127.9070123,4,86,0.228,0,0.031,-135.4,융합,-5.3,-130.1,1,0,04,14378461398811817291,0,21.307963,20.821241,21.821241,0.000000,0.100000,23.807963,23.807963,96,0
1789733944.563,37.3037393,127.9070123,4,86,0.228,0,0.131,-135.4,융합,-5.3,-130.1,1,0,04,14378461398811817291,0,21.307963,20.821241,21.821241,0.000000,0.100000,23.807963,23.807963,96,0
1789733944.663,37.3037393,127.9070123,4,86,0.228,0,0.099,-135.4,융합,-5.3,-130.1,1,0,04,14378461398811817291,0,21.307963,20.807963,21.807963,0.000000,0.100000,23.807963,23.807963,96,0
1789733944.763,37.3037393,127.9070123,4,86,0.228,0,0.075,-135.4,융합,-5.3,-130.1,1,0,04,14378461398811817291,0,21.307963,20.807963,21.807963,0.000000,0.100000,23.807963,23.807963,96,0
1789733944.863,37.3037392,127.9070123,4,86,0.215,0,0.050,-135.4,융합,-5.3,-130.1,1,0,04,14378461398811817291,0,21.321241,20.807963,21.807963,0.000000,0.100000,23.821241,23.821241,96,0
1789733944.964,37.3037393,127.9070123,4,86,0.228,0,0.027,-135.4,융합,-5.3,-130.1,1,0,04,14378461398811817291,0,21.307963,20.821241,21.821241,0.000000,0.100000,23.807963,23.807963,96,0
1789733945.063,37.3037393,127.9070123,4,86,0.228,0,0.127,-135.4,융합,-5.3,-130.1,1,0,04,14378461398811817291,0,21.307963,20.821241,21.821241,0.000000,0.100000,23.807963,23.807963,96,0
1789733945.163,37.3037393,127.9070123,4,86,0.228,0,0.092,-135.4,융합,-5.3,-130.1,1,0,04,14378461398811817291,0,21.307963,20.807963,21.807963,0.000000,0.100000,23.807963,23.807963,96,0
1789733945.263,37.3037393,127.9070123,4,86,0.228,0,0.075,-135.4,융합,-5.3,-130.1,1,0,04,14378461398811817291,0,21.307963,20.807963,21.807963,0.000000,0.100000,23.807963,23.807963,96,0
1789733945.363,37.3037393,127.9070123,4,86,0.228,0,0.052,-135.4,융합,-5.3,-130.1,1,0,04,14378461398811817291,0,21.307963,20.807963,21.807963,0.000000,0.100000,23.807963,23.807963,96,0
1789733945.463,37.3037393,127.9070123,4,86,0.228,0,0.026,-135.4,융합,-5.3,-130.1,1,0,04,14378461398811817291,0,21.307963,20.807963,21.807963,0.000000,0.100000,23.807963,23.807963,96,0
1789733945.563,37.3037393,127.9070123,4,86,0.228,0,0.001,-135.4,융합,-5.3,-130.1,1,0,04,14378461398811817291,0,21.307963,20.807963,21.807963,0.000000,0.100000,23.807963,23.807963,96,0
1789733945.663,37.3037393,127.9070123,4,86,0.228,0,0.101,-135.4,융합,-5.3,-130.1,1,0,04,14378461398811817291,0,21.307963,20.807963,21.807963,0.000000,0.100000,23.807963,23.807963,96,0
1789733945.763,37.3037393,127.9070123,4,86,0.228,0,0.076,-135.4,융합,-5.3,-130.1,1,0,04,14378461398811817291,0,21.307963,20.807963,21.807963,0.000000,0.100000,23.807963,23.807963,96,0
1789733945.863,37.3037393,127.9070123,4,86,0.228,0,0.047,-135.4,융합,-5.3,-130.1,1,0,04,14378461398811817291,0,21.307963,20.807963,21.807963,0.000000,0.100000,23.807963,23.807963,96,0
1789733945.963,37.3037393,127.9070123,4,86,0.228,0,0.026,-135.4,융합,-5.3,-130.1,1,0,04,14378461398811817291,0,21.307963,20.807963,21.807963,0.000000,0.100000,23.807963,23.807963,96,0
1789733946.063,37.3037393,127.9070123,4,86,0.228,0,0.126,-135.4,융합,-5.3,-130.1,1,0,04,14378461398811817291,0,21.307963,20.807963,21.807963,0.000000,0.100000,23.807963,23.807963,96,0
1789733946.163,37.3037393,127.9070123,4,86,0.228,0,0.085,-135.4,융합,-5.3,-130.1,1,0,04,14378461398811817291,0,21.307963,20.807963,21.807963,0.000000,0.100000,23.807963,23.807963,96,0
1789733946.263,37.3037393,127.9070123,4,86,0.228,0,0.072,-135.4,융합,-5.3,-130.1,1,0,04,14378461398811817291,0,21.307963,20.807963,21.807963,0.000000,0.100000,23.807963,23.807963,96,0
1789733946.363,37.3037393,127.9070123,4,86,0.228,0,0.055,-135.4,융합,-5.3,-130.1,1,0,04,14378461398811817291,0,21.307963,20.807963,21.807963,0.000000,0.100000,23.807963,23.807963,96,0
1789733946.463,37.3037393,127.9070123,4,86,0.228,0,0.027,-135.4,융합,-5.3,-130.1,1,0,04,14378461398811817291,0,21.307963,20.807963,21.807963,0.000000,0.100000,23.807963,23.807963,96,0
1789733946.563,37.3037393,127.9070123,4,86,0.228,0,0.002,-135.4,융합,-5.4,-130.1,1,0,04,14378461398811817291,0,21.307963,20.807963,21.807963,0.000000,0.100000,23.807963,23.807963,96,0
1789733946.663,37.3037393,127.9070123,4,86,0.228,0,0.102,-135.4,융합,-5.4,-130.1,1,0,04,14378461398811817291,0,21.307963,20.807963,21.807963,0.000000,0.100000,23.807963,23.807963,96,0
1789733946.763,37.3037393,127.9070123,4,86,0.228,0,0.074,-135.4,융합,-5.4,-130.1,1,0,04,14378461398811817291,0,21.307963,20.807963,21.807963,0.000000,0.100000,23.807963,23.807963,96,0
1789733946.863,37.3037392,127.9070123,4,86,0.215,0,0.045,-135.4,융합,-5.4,-130.1,1,0,04,14378461398811817291,0,21.321241,20.807963,21.807963,0.000000,0.100000,23.821241,23.821241,96,0
1789733946.963,37.3037392,127.9070123,4,86,0.215,0,0.026,-135.4,융합,-5.4,-130.1,1,0,04,14378461398811817291,0,21.321241,20.821241,21.821241,0.000000,0.100000,23.821241,23.821241,96,0
1789733947.063,37.3037392,127.9070123,4,86,0.215,0,0.126,-135.4,융합,-5.4,-130.1,1,0,04,14378461398811817291,0,21.321241,20.821241,21.821241,0.000000,0.100000,23.821241,23.821241,96,0
1789733947.163,37.3037393,127.9070123,4,86,0.228,0,0.091,-135.4,융합,-5.4,-130.1,1,0,04,14378461398811817291,0,21.307963,20.821241,21.821241,0.000000,0.100000,23.807963,23.807963,96,0
1789733947.263,37.3037392,127.9070123,4,86,0.215,0,0.081,-135.4,융합,-5.4,-130.1,1,0,04,14378461398811817291,0,21.321241,20.807963,21.807963,0.000000,0.100000,23.821241,23.821241,96,0
1789733947.363,37.3037392,127.9070123,4,86,0.215,0,0.051,-135.4,융합,-5.4,-130.1,1,0,04,14378461398811817291,0,21.321241,20.821241,21.821241,0.000000,0.100000,23.821241,23.821241,96,0
1789733947.463,37.3037393,127.9070123,4,86,0.228,0,0.025,-135.4,융합,-5.4,-130.1,1,0,04,14378461398811817291,0,21.307963,20.821241,21.821241,0.000000,0.100000,23.807963,23.807963,96,0
1789733947.563,37.3037393,127.9070123,4,86,0.228,0,0.125,-135.4,융합,-5.4,-130.1,1,0,04,14378461398811817291,0,21.307963,20.821241,21.821241,0.000000,0.100000,23.807963,23.807963,96,0
1789733947.663,37.3037392,127.9070123,4,86,0.215,0,0.098,-135.4,융합,-5.4,-130.1,1,0,04,14378461398811817291,0,21.321241,20.807963,21.807963,0.000000,0.100000,23.821241,23.821241,96,0
1789733947.763,37.3037393,127.9070123,4,86,0.228,0,0.072,-135.4,융합,-5.4,-130.1,1,0,04,14378461398811817291,0,21.307963,20.821241,21.821241,0.000000,0.100000,23.807963,23.807963,96,0
1789733947.863,37.3037392,127.9070123,4,86,0.215,0,0.050,-135.4,융합,-5.4,-130.1,1,0,04,14378461398811817291,0,21.321241,20.807963,21.807963,0.000000,0.100000,23.821241,23.821241,96,0
1789733947.963,37.3037393,127.9070123,4,86,0.228,0,0.029,-135.4,융합,-5.4,-130.1,1,0,04,14378461398811817291,0,21.307963,20.821241,21.821241,0.000000,0.100000,23.807963,23.807963,96,0
1789733948.063,37.3037393,127.9070123,4,86,0.228,0,0.001,-135.4,융합,-5.4,-130.1,1,0,04,14378461398811817291,0,21.307963,20.807963,21.807963,0.000000,0.100000,23.807963,23.807963,96,0
1789733948.163,37.3037393,127.9070123,4,86,0.228,0,0.101,-135.4,융합,-5.4,-130.1,1,0,04,14378461398811817291,0,21.307963,20.807963,21.807963,0.000000,0.100000,23.807963,23.807963,96,0
1789733948.263,37.3037392,127.9070123,4,86,0.215,0,0.076,-135.4,융합,-5.4,-130.1,1,0,04,14378461398811817291,0,21.321241,20.807963,21.807963,0.000000,0.100000,23.821241,23.821241,96,0
1789733948.363,37.3037392,127.9070123,4,86,0.215,0,0.050,-135.4,융합,-5.4,-130.1,1,0,04,14378461398811817291,0,21.321241,20.821241,21.821241,0.000000,0.100000,23.821241,23.821241,96,0
1789733948.463,37.3037393,127.9070123,4,86,0.228,0,0.026,-135.4,융합,-5.4,-130.1,1,0,04,14378461398811817291,0,21.307963,20.821241,21.821241,0.000000,0.100000,23.807963,23.807963,96,0
1789733948.563,37.3037392,127.9070123,4,86,0.215,0,0.002,-135.4,융합,-5.3,-130.1,1,0,04,14378461398811817291,0,21.321241,20.807963,21.807963,0.000000,0.100000,23.821241,23.821241,96,0
1789733948.663,37.3037392,127.9070123,4,86,0.215,0,0.102,-135.4,융합,-5.4,-130.1,1,0,04,14378461398811817291,0,21.321241,20.807963,21.807963,0.000000,0.100000,23.821241,23.821241,96,0
1789733948.763,37.3037392,127.9070123,4,86,0.215,0,0.076,-135.4,융합,-5.4,-130.1,1,0,04,14378461398811817291,0,21.321241,20.821241,21.821241,0.000000,0.100000,23.821241,23.821241,96,0
1789733948.863,37.3037392,127.9070123,4,86,0.215,0,0.048,-135.4,융합,-5.4,-130.1,1,0,04,14378461398811817291,0,21.321241,20.821241,21.821241,0.000000,0.100000,23.821241,23.821241,96,0
1789733948.964,37.3037392,127.9070123,4,86,0.215,0,0.031,-135.4,융합,-5.4,-130.1,1,0,04,14378461398811817291,0,21.321241,20.821241,21.821241,0.000000,0.100000,23.821241,23.821241,96,0
1789733949.063,37.3037392,127.9070123,4,86,0.215,0,0.130,-135.4,융합,-5.3,-130.1,1,0,04,14378461398811817291,0,21.321241,20.821241,21.821241,0.000000,0.100000,23.821241,23.821241,96,0
1789733949.163,37.3037393,127.9070123,4,86,0.228,0,0.090,-135.4,융합,-5.3,-130.1,1,0,04,14378461398811817291,0,21.307963,20.821241,21.821241,0.000000,0.100000,23.807963,23.807963,96,0
1789733949.263,37.3037393,127.9070123,4,86,0.228,0,0.077,-135.4,융합,-5.3,-130.1,1,0,04,14378461398811817291,0,21.307963,20.807963,21.807963,0.000000,0.100000,23.807963,23.807963,96,0
1789733949.363,37.3037392,127.9070123,4,86,0.215,0,0.051,-135.4,융합,-5.3,-130.1,1,0,04,14378461398811817291,0,21.321241,20.807963,21.807963,0.000000,0.100000,23.821241,23.821241,96,0
1789733949.463,37.3037393,127.9070123,4,86,0.228,0,0.028,-135.4,융합,-5.3,-130.1,1,0,04,14378461398811817291,0,21.307963,20.821241,21.821241,0.000000,0.100000,23.807963,23.807963,96,0
1789733949.563,37.3037393,127.9070123,4,86,0.228,0,0.001,-135.4,융합,-5.4,-130.1,1,0,04,14378461398811817291,0,21.307963,20.807963,21.807963,0.000000,0.100000,23.807963,23.807963,96,0
1789733949.663,37.3037393,127.9070123,4,86,0.228,0,0.102,-135.4,융합,-5.4,-130.1,1,0,04,14378461398811817291,0,21.307963,20.807963,21.807963,0.000000,0.100000,23.807963,23.807963,96,0
1789733949.763,37.3037392,127.9070123,4,86,0.215,0,0.074,-135.4,융합,-5.4,-130.1,1,0,04,14378461398811817291,0,21.321241,20.807963,21.807963,0.000000,0.100000,23.821241,23.821241,96,0
1789733949.863,37.3037392,127.9070123,4,86,0.215,0,0.050,-135.4,융합,-5.4,-130.1,1,0,04,14378461398811817291,0,21.321241,20.821241,21.821241,0.000000,0.100000,23.821241,23.821241,96,0
1789733949.963,37.3037393,127.9070123,4,86,0.228,0,0.027,-135.4,융합,-5.4,-130.1,1,0,04,14378461398811817291,0,21.307963,20.821241,21.821241,0.000000,0.100000,23.807963,23.807963,96,0
1789733950.063,37.3037393,127.9070123,4,86,0.228,0,0.127,-135.4,융합,-5.4,-130.1,1,0,04,14378461398811817291,0,21.307963,20.821241,21.821241,0.000000,0.100000,23.807963,23.807963,96,0
1789733950.163,37.3037392,127.9070123,4,86,0.215,0,0.093,-135.4,융합,-5.4,-130.1,1,0,04,14378461398811817291,0,21.321241,20.807963,21.807963,0.000000,0.100000,23.821241,23.821241,96,0
1789733950.263,37.3037392,127.9070123,4,86,0.215,0,0.078,-135.4,융합,-5.4,-130.1,1,0,04,14378461398811817291,0,21.321241,20.821241,21.821241,0.000000,0.100000,23.821241,23.821241,96,0
1789733950.363,37.3037392,127.9070123,4,86,0.215,0,0.052,-135.4,융합,-5.4,-130.1,1,0,04,14378461398811817291,0,21.321241,20.821241,21.821241,0.000000,0.100000,23.821241,23.821241,96,0
1789733950.463,37.3037393,127.9070123,4,86,0.228,0,0.026,-135.4,융합,-5.4,-130.1,1,0,04,14378461398811817291,0,21.307963,20.821241,21.821241,0.000000,0.100000,23.807963,23.807963,96,0
1789733950.563,37.3037393,127.9070123,4,86,0.228,0,0.002,-135.4,융합,-5.4,-130.1,1,0,04,14378461398811817291,0,21.307963,20.807963,21.807963,0.000000,0.100000,23.807963,23.807963,96,0
1789733950.663,37.3037393,127.9070123,4,86,0.228,0,0.101,-135.4,융합,-5.4,-130.1,1,0,04,14378461398811817291,0,21.307963,20.807963,21.807963,0.000000,0.100000,23.807963,23.807963,96,0
1789733950.763,37.3037393,127.9070123,4,86,0.228,0,0.075,-135.4,융합,-5.4,-130.1,1,0,04,14378461398811817291,0,21.307963,20.807963,21.807963,0.000000,0.100000,23.807963,23.807963,96,0
1789733950.863,37.3037393,127.9070123,4,86,0.228,0,0.050,-135.4,융합,-5.4,-130.1,1,0,04,14378461398811817291,0,21.307963,20.807963,21.807963,0.000000,0.100000,23.807963,23.807963,96,0
1789733950.963,37.3037393,127.9070123,4,86,0.228,0,0.022,-135.4,융합,-5.4,-130.1,1,0,04,14378461398811817291,0,21.307963,20.807963,21.807963,0.000000,0.100000,23.807963,23.807963,96,0
1789733951.063,37.3037393,127.9070123,4,86,0.228,0,0.122,-135.4,융합,-5.4,-130.1,1,0,04,14378461398811817291,0,21.307963,20.807963,21.807963,0.000000,0.100000,23.807963,23.807963,96,0
1789733951.163,37.3037393,127.9070123,4,86,0.228,0,0.087,-135.4,융합,-5.4,-130.1,1,0,04,14378461398811817291,0,21.307963,20.807963,21.807963,0.000000,0.100000,23.807963,23.807963,96,0
1789733951.263,37.3037393,127.9070123,4,86,0.228,0,0.066,-135.4,융합,-5.4,-130.1,1,0,04,14378461398811817291,0,21.307963,20.807963,21.807963,0.000000,0.100000,23.807963,23.807963,96,0
1789733951.364,37.3037393,127.9070123,4,86,0.228,0,0.046,-135.4,융합,-5.4,-130.1,1,0,04,14378461398811817291,0,21.307963,20.807963,21.807963,0.000000,0.100000,23.807963,23.807963,96,0
1789733951.463,37.3037393,127.9070123,4,86,0.228,0,0.022,-135.4,융합,-5.4,-130.1,1,0,04,14378461398811817291,0,21.307963,20.807963,21.807963,0.000000,0.100000,23.807963,23.807963,96,0
1789733951.563,37.3037393,127.9070123,4,86,0.228,0,0.122,-135.4,융합,-5.4,-130.1,1,0,04,14378461398811817291,0,21.307963,20.807963,21.807963,0.000000,0.100000,23.807963,23.807963,96,0
1789733951.663,37.3037393,127.9070123,4,86,0.228,0,0.098,-135.4,융합,-5.4,-130.1,1,0,04,14378461398811817291,0,21.307963,20.807963,21.807963,0.000000,0.100000,23.807963,23.807963,96,0
1789733951.763,37.3037393,127.9070123,4,86,0.228,0,0.078,-135.4,융합,-5.4,-130.1,1,0,04,14378461398811817291,0,21.307963,20.807963,21.807963,0.000000,0.100000,23.807963,23.807963,96,0
1789733951.863,37.3037393,127.9070123,4,86,0.228,0,0.040,-135.4,융합,-5.4,-130.1,1,0,04,14378461398811817291,0,21.307963,20.807963,21.807963,0.000000,0.100000,23.807963,23.807963,96,0
1789733951.963,37.3037393,127.9070123,4,86,0.228,0,0.023,-135.4,융합,-5.4,-130.1,1,0,04,14378461398811817291,0,21.307963,20.807963,21.807963,0.000000,0.100000,23.807963,23.807963,96,0
1789733952.063,37.3037393,127.9070123,4,86,0.228,0,0.123,-135.4,융합,-5.4,-130.1,1,0,04,14378461398811817291,0,21.307963,20.807963,21.807963,0.000000,0.100000,23.807963,23.807963,96,0
1789733952.163,37.3037393,127.9070123,4,86,0.228,0,0.080,-135.4,융합,-5.4,-130.1,1,0,04,14378461398811817291,0,21.307963,20.807963,21.807963,0.000000,0.100000,23.807963,23.807963,96,0
1789733952.263,37.3037393,127.9070123,4,86,0.228,0,0.063,-135.4,융합,-5.4,-130.1,1,0,04,14378461398811817291,0,21.307963,20.807963,21.807963,0.000000,0.100000,23.807963,23.807963,96,0
1789733952.363,37.3037393,127.9070123,4,86,0.228,0,0.046,-135.4,융합,-5.4,-130.1,1,0,04,14378461398811817291,0,21.307963,20.807963,21.807963,0.000000,0.100000,23.807963,23.807963,96,0
1789733952.463,37.3037393,127.9070123,4,86,0.228,0,0.026,-135.4,융합,-5.4,-130.1,1,0,04,14378461398811817291,0,21.307963,20.807963,21.807963,0.000000,0.100000,23.807963,23.807963,96,0
1789733952.563,37.3037393,127.9070123,4,86,0.228,0,0.008,-135.4,융합,-5.4,-130.1,1,0,04,14378461398811817291,0,21.307963,20.807963,21.807963,0.000000,0.100000,23.807963,23.807963,96,0
1789733952.663,37.3037393,127.9070123,4,86,0.228,0,0.108,-135.4,융합,-5.4,-130.1,1,0,04,14378461398811817291,0,21.307963,20.807963,21.807963,0.000000,0.100000,23.807963,23.807963,96,0
1789733952.763,37.3037393,127.9070123,4,86,0.228,0,0.073,-135.4,융합,-5.4,-130.1,1,0,04,14378461398811817291,0,21.307963,20.807963,21.807963,0.000000,0.100000,23.807963,23.807963,96,0
1789733952.863,37.3037393,127.9070123,4,86,0.228,0,0.045,-135.4,융합,-5.4,-130.1,1,0,04,14378461398811817291,0,21.307963,20.807963,21.807963,0.000000,0.100000,23.807963,23.807963,96,0
1789733952.963,37.3037393,127.9070123,4,86,0.228,0,0.023,-135.4,융합,-5.4,-130.1,1,0,04,14378461398811817291,0,21.307963,20.807963,21.807963,0.000000,0.100000,23.807963,23.807963,96,0
1789733953.063,37.3037393,127.9070123,4,86,0.228,0,0.122,-135.4,융합,-5.4,-130.1,1,0,04,14378461398811817291,0,21.307963,20.807963,21.807963,0.000000,0.100000,23.807963,23.807963,96,0
1789733953.163,37.3037393,127.9070123,4,86,0.228,0,0.088,-135.4,융합,-5.4,-130.1,1,0,04,14378461398811817291,0,21.307963,20.807963,21.807963,0.000000,0.100000,23.807963,23.807963,96,0
1789733953.263,37.3037393,127.9070123,4,86,0.228,0,0.076,-135.4,융합,-5.4,-130.1,1,0,04,14378461398811817291,0,21.307963,20.807963,21.807963,0.000000,0.100000,23.807963,23.807963,96,0
1789733953.363,37.3037393,127.9070123,4,86,0.228,0,0.050,-135.4,융합,-5.4,-130.1,1,0,04,14378461398811817291,0,21.307963,20.807963,21.807963,0.000000,0.100000,23.807963,23.807963,96,0
1789733953.463,37.3037393,127.9070123,4,86,0.228,0,0.026,-135.4,융합,-5.4,-130.1,1,0,04,14378461398811817291,0,21.307963,20.807963,21.807963,0.000000,0.100000,23.807963,23.807963,96,0
1789733953.563,37.3037393,127.9070123,4,86,0.228,0,0.126,-135.4,융합,-5.4,-130.1,1,0,04,14378461398811817291,0,21.307963,20.807963,21.807963,0.000000,0.100000,23.807963,23.807963,96,0
1789733953.663,37.3037393,127.9070123,4,86,0.228,0,0.096,-135.4,융합,-5.4,-130.1,1,0,04,14378461398811817291,0,21.307963,20.807963,21.807963,0.000000,0.100000,23.807963,23.807963,96,0
1789733953.763,37.3037393,127.9070123,4,86,0.228,0,0.068,-135.4,융합,-5.4,-130.1,1,0,04,14378461398811817291,0,21.307963,20.807963,21.807963,0.000000,0.100000,23.807963,23.807963,96,0
1789733953.863,37.3037393,127.9070123,4,86,0.228,0,0.042,-135.4,융합,-5.4,-130.1,1,0,04,14378461398811817291,0,21.307963,20.807963,21.807963,0.000000,0.100000,23.807963,23.807963,96,0
1789733953.963,37.3037393,127.9070123,4,86,0.228,0,0.020,-135.4,융합,-5.4,-130.1,1,0,04,14378461398811817291,0,21.307963,20.807963,21.807963,0.000000,0.100000,23.807963,23.807963,96,0
1789733954.063,37.3037393,127.9070123,4,86,0.228,0,0.120,-135.4,융합,-5.4,-130.1,1,0,04,14378461398811817291,0,21.307963,20.807963,21.807963,0.000000,0.100000,23.807963,23.807963,96,0
1789733954.163,37.3037393,127.9070123,4,86,0.228,0,0.078,-135.4,융합,-5.4,-130.1,1,0,04,14378461398811817291,0,21.307963,20.807963,21.807963,0.000000,0.100000,23.807963,23.807963,96,0
1789733954.263,37.3037393,127.9070123,4,86,0.228,0,0.069,-135.4,융합,-5.4,-130.1,1,0,04,14378461398811817291,0,21.307963,20.807963,21.807963,0.000000,0.100000,23.807963,23.807963,96,0
1789733954.363,37.3037393,127.9070123,4,86,0.228,0,0.049,-135.4,융합,-5.4,-130.1,1,0,04,14378461398811817291,0,21.307963,20.807963,21.807963,0.000000,0.100000,23.807963,23.807963,96,0
1789733954.463,37.3037393,127.9070123,4,86,0.228,0,0.026,-135.4,융합,-5.4,-130.1,1,0,04,14378461398811817291,0,21.307963,20.807963,21.807963,0.000000,0.100000,23.807963,23.807963,96,0
1789733954.563,37.3037393,127.9070123,4,86,0.228,0,0.000,-135.4,융합,-5.4,-130.1,1,0,04,14378461398811817291,0,21.307963,20.807963,21.807963,0.000000,0.100000,23.807963,23.807963,96,0
1789733954.663,37.3037393,127.9070123,4,86,0.228,0,0.100,-135.4,융합,-5.4,-130.1,1,0,04,14378461398811817291,0,21.307963,20.807963,21.807963,0.000000,0.100000,23.807963,23.807963,96,0
1789733954.763,37.3037393,127.9070123,4,86,0.228,0,0.075,-135.4,융합,-5.4,-130.1,1,0,04,14378461398811817291,0,21.307963,20.807963,21.807963,0.000000,0.100000,23.807963,23.807963,96,0
1789733954.863,37.3037393,127.9070123,4,86,0.228,0,0.047,-135.4,융합,-5.4,-130.1,1,0,04,14378461398811817291,0,21.307963,20.807963,21.807963,0.000000,0.100000,23.807963,23.807963,96,0
1789733954.963,37.3037393,127.9070123,4,86,0.228,0,0.026,-135.4,융합,-5.4,-130.1,1,0,04,14378461398811817291,0,21.307963,20.807963,21.807963,0.000000,0.100000,23.807963,23.807963,96,0
1789733955.063,37.3037393,127.9070123,4,86,0.228,0,0.126,-135.4,융합,-5.4,-130.1,1,0,04,14378461398811817291,0,21.307963,20.807963,21.807963,0.000000,0.100000,23.807963,23.807963,96,0
1789733955.163,37.3037393,127.9070123,4,86,0.228,0,0.091,-135.4,융합,-5.4,-130.1,1,0,04,14378461398811817291,0,21.307963,20.807963,21.807963,0.000000,0.100000,23.807963,23.807963,96,0
1789733955.263,37.3037393,127.9070123,4,86,0.228,0,0.071,-135.4,융합,-5.4,-130.1,1,0,04,14378461398811817291,0,21.307963,20.807963,21.807963,0.000000,0.100000,23.807963,23.807963,96,0
1789733955.363,37.3037393,127.9070123,4,86,0.228,0,0.048,-135.4,융합,-5.4,-130.1,1,0,04,14378461398811817291,0,21.307963,20.807963,21.807963,0.000000,0.100000,23.807963,23.807963,96,0
1789733955.463,37.3037393,127.9070123,4,86,0.228,0,0.023,-135.4,융합,-5.4,-130.1,1,0,04,14378461398811817291,0,21.307963,20.807963,21.807963,0.000000,0.100000,23.807963,23.807963,96,0
1789733955.563,37.3037393,127.9070123,4,86,0.228,0,0.123,-135.4,융합,-5.4,-130.1,1,0,04,14378461398811817291,0,21.307963,20.807963,21.807963,0.000000,0.100000,23.807963,23.807963,96,0
1789733955.663,37.3037393,127.9070123,4,86,0.228,0,0.099,-135.5,융합,-5.4,-130.1,1,0,04,14378461398811817291,0,21.307963,20.807963,21.807963,0.000000,0.100000,23.807963,23.807963,96,0
1789733955.763,37.3037393,127.9070123,4,86,0.228,0,0.072,-135.5,융합,-5.4,-130.1,1,0,04,14378461398811817291,0,21.307963,20.807963,21.807963,0.000000,0.100000,23.807963,23.807963,96,0
1789733955.863,37.3037393,127.9070123,4,86,0.228,0,0.044,-135.5,융합,-5.4,-130.1,1,0,04,14378461398811817291,0,21.307963,20.807963,21.807963,0.000000,0.100000,23.807963,23.807963,96,0
1789733955.963,37.3037393,127.9070123,4,86,0.228,0,0.026,-135.5,융합,-5.4,-130.1,1,0,04,14378461398811817291,0,21.307963,20.807963,21.807963,0.000000,0.100000,23.807963,23.807963,96,0
1789733956.063,37.3037393,127.9070123,4,86,0.228,0,0.126,-135.5,융합,-5.4,-130.1,1,0,04,14378461398811817291,0,21.307963,20.807963,21.807963,0.000000,0.100000,23.807963,23.807963,96,0
1789733956.163,37.3037393,127.9070123,4,86,0.228,0,0.087,-135.5,융합,-5.4,-130.1,1,0,04,14378461398811817291,0,21.307963,20.807963,21.807963,0.000000,0.100000,23.807963,23.807963,96,0
1789733956.263,37.3037393,127.9070123,4,86,0.228,0,0.083,-135.5,융합,-5.4,-130.1,1,0,04,14378461398811817291,0,21.307963,20.807963,21.807963,0.000000,0.100000,23.807963,23.807963,96,0
1789733956.363,37.3037393,127.9070123,4,86,0.228,0,0.051,-135.5,융합,-5.4,-130.1,1,0,04,14378461398811817291,0,21.307963,20.807963,21.807963,0.000000,0.100000,23.807963,23.807963,96,0
1789733956.463,37.3037393,127.9070123,4,86,0.228,0,0.026,-135.5,융합,-5.4,-130.1,1,0,04,14378461398811817291,0,21.307963,20.807963,21.807963,0.000000,0.100000,23.807963,23.807963,96,0
1789733956.563,37.3037393,127.9070123,4,86,0.228,0,0.001,-135.5,융합,-5.4,-130.1,1,0,04,14378461398811817291,0,21.307963,20.807963,21.807963,0.000000,0.100000,23.807963,23.807963,96,0
1789733956.663,37.3037393,127.9070123,4,86,0.228,0,0.101,-135.5,융합,-5.4,-130.1,1,0,04,14378461398811817291,0,21.307963,20.807963,21.807963,0.000000,0.100000,23.807963,23.807963,96,0
1789733956.763,37.3037392,127.9070123,4,86,0.215,0,0.069,-135.5,융합,-5.4,-130.1,1,0,04,14378461398811817291,0,21.321241,20.807963,21.807963,0.000000,0.100000,23.821241,23.821241,96,0
1789733956.863,37.3037393,127.9070123,4,86,0.228,0,0.041,-135.5,융합,-5.4,-130.1,1,0,04,14378461398811817291,0,21.307963,20.821241,21.821241,0.000000,0.100000,23.807963,23.807963,96,0
1789733956.963,37.3037393,127.9070123,4,86,0.228,0,0.020,-135.5,융합,-5.4,-130.1,1,0,04,14378461398811817291,0,21.307963,20.807963,21.807963,0.000000,0.100000,23.807963,23.807963,96,0
1789733957.063,37.3037393,127.9070123,4,86,0.228,0,0.119,-135.4,융합,-5.4,-130.1,1,0,04,14378461398811817291,0,21.307963,20.807963,21.807963,0.000000,0.100000,23.807963,23.807963,96,0
1789733957.163,37.3037393,127.9070122,4,86,0.238,0,0.097,-135.4,융합,-5.4,-130.1,1,0,04,14378461398811817291,0,21.318271,20.807963,21.807963,0.000000,0.100000,23.818271,23.818271,96,0
1789733957.263,37.3037393,127.9070122,4,86,0.238,0,0.071,-135.4,융합,-5.4,-130.1,1,0,04,14378461398811817291,0,21.318271,20.818271,21.818271,0.000000,0.100000,23.818271,23.818271,96,0
1789733957.363,37.3037393,127.9070122,4,86,0.238,0,0.049,-135.4,융합,-5.4,-130.1,1,0,04,14378461398811817291,0,21.318271,20.818271,21.818271,0.000000,0.100000,23.818271,23.818271,96,0
1789733957.463,37.3037392,127.9070123,4,86,0.215,0,0.024,-135.4,융합,-5.4,-130.1,1,0,04,14378461398811817291,0,21.321241,20.818271,21.818271,0.000000,0.100000,23.821241,23.821241,96,0
1789733957.563,37.3037393,127.9070123,4,86,0.228,0,0.001,-135.4,융합,-5.4,-130.1,1,0,04,14378461398811817291,0,21.307963,20.821241,21.821241,0.000000,0.100000,23.807963,23.807963,96,0
1789733957.663,37.3037393,127.9070123,4,86,0.228,0,0.101,-135.4,융합,-5.4,-130.1,1,0,04,14378461398811817291,0,21.307963,20.821241,21.821241,0.000000,0.100000,23.807963,23.807963,96,0
1789733957.763,37.3037393,127.9070122,4,86,0.238,0,0.074,-135.4,융합,-5.4,-130.1,1,0,04,14378461398811817291,0,21.318271,20.807963,21.807963,0.000000,0.100000,23.818271,23.818271,96,0
1789733957.863,37.3037393,127.9070123,4,86,0.228,0,0.046,-135.4,융합,-5.4,-130.1,1,0,04,14378461398811817291,0,21.307963,20.818271,21.818271,0.000000,0.100000,23.807963,23.807963,96,0
1789733957.963,37.3037393,127.9070123,4,86,0.228,0,0.029,-135.4,융합,-5.4,-130.1,1,0,04,14378461398811817291,0,21.307963,20.807963,21.807963,0.000000,0.100000,23.807963,23.807963,96,0
1789733958.063,37.3037393,127.9070123,4,86,0.228,0,0.129,-135.4,융합,-5.4,-130.1,1,0,04,14378461398811817291,0,21.307963,20.807963,21.807963,0.000000,0.100000,23.807963,23.807963,96,0
1789733958.164,37.3037393,127.9070123,4,86,0.228,0,0.085,-135.4,융합,-5.4,-130.1,1,0,04,14378461398811817291,0,21.307963,20.807963,21.807963,0.000000,0.100000,23.807963,23.807963,96,0
1789733958.263,37.3037393,127.9070123,4,86,0.228,0,0.070,-135.4,융합,-5.4,-130.1,1,0,04,14378461398811817291,0,21.307963,20.807963,21.807963,0.000000,0.100000,23.807963,23.807963,96,0
1789733958.363,37.3037393,127.9070123,4,86,0.228,0,0.050,-135.4,융합,-5.4,-130.1,1,0,04,14378461398811817291,0,21.307963,20.807963,21.807963,0.000000,0.100000,23.807963,23.807963,96,0
1789733958.463,37.3037393,127.9070123,4,86,0.228,0,0.025,-135.4,융합,-5.4,-130.1,1,0,04,14378461398811817291,0,21.307963,20.807963,21.807963,0.000000,0.100000,23.807963,23.807963,96,0
1789733958.563,37.3037393,127.9070123,4,86,0.228,0,0.125,-135.4,융합,-5.4,-130.1,1,0,04,14378461398811817291,0,21.307963,20.807963,21.807963,0.000000,0.100000,23.807963,23.807963,96,0
1789733958.663,37.3037393,127.9070123,4,86,0.228,0,0.097,-135.4,융합,-5.4,-130.1,1,0,04,14378461398811817291,0,21.307963,20.807963,21.807963,0.000000,0.100000,23.807963,23.807963,96,0
1789733958.763,37.3037393,127.9070123,4,86,0.228,0,0.068,-135.4,융합,-5.4,-130.1,1,0,04,14378461398811817291,0,21.307963,20.807963,21.807963,0.000000,0.100000,23.807963,23.807963,96,0
1789733958.863,37.3037392,127.9070123,4,86,0.215,0,0.043,-135.4,융합,-5.4,-130.1,1,0,04,14378461398811817291,0,21.321241,20.807963,21.807963,0.000000,0.100000,23.821241,23.821241,96,0
1789733958.963,37.3037392,127.9070123,4,86,0.215,0,0.026,-135.4,융합,-5.4,-130.1,1,0,04,14378461398811817291,0,21.321241,20.821241,21.821241,0.000000,0.100000,23.821241,23.821241,96,0
1789733959.063,37.3037392,127.9070123,4,86,0.215,0,0.126,-135.4,융합,-5.4,-130.1,1,0,04,14378461398811817291,0,21.321241,20.821241,21.821241,0.000000,0.100000,23.821241,23.821241,96,0
1789733959.163,37.3037392,127.9070123,4,86,0.215,0,0.090,-135.4,융합,-5.4,-130.1,1,0,04,14378461398811817291,0,21.321241,20.821241,21.821241,0.000000,0.100000,23.821241,23.821241,96,0
1789733959.263,37.3037392,127.9070123,4,86,0.215,0,0.074,-135.4,융합,-5.4,-130.1,1,0,04,14378461398811817291,0,21.321241,20.821241,21.821241,0.000000,0.100000,23.821241,23.821241,96,0
1789733959.363,37.3037392,127.9070123,4,86,0.215,0,0.046,-135.4,융합,-5.4,-130.1,1,0,04,14378461398811817291,0,21.321241,20.821241,21.821241,0.000000,0.100000,23.821241,23.821241,96,0
1789733959.463,37.3037392,127.9070123,4,86,0.215,0,0.020,-135.4,융합,-5.4,-130.1,1,0,04,14378461398811817291,0,21.321241,20.821241,21.821241,0.000000,0.100000,23.821241,23.821241,96,0
1789733959.563,37.3037392,127.9070123,4,86,0.215,0,0.120,-135.4,융합,-5.4,-130.1,1,0,04,14378461398811817291,0,21.321241,20.821241,21.821241,0.000000,0.100000,23.821241,23.821241,96,0
1789733959.663,37.3037392,127.9070123,4,86,0.215,0,0.095,-135.4,융합,-5.4,-130.1,1,0,04,14378461398811817291,0,21.321241,20.821241,21.821241,0.000000,0.100000,23.821241,23.821241,96,0
1789733959.763,37.3037392,127.9070123,4,86,0.215,0,0.069,-135.4,융합,-5.4,-130.1,1,0,04,14378461398811817291,0,21.321241,20.821241,21.821241,0.000000,0.100000,23.821241,23.821241,96,0
1789733959.863,37.3037392,127.9070123,4,86,0.215,0,0.045,-135.4,융합,-5.4,-130.1,1,0,04,14378461398811817291,0,21.321241,20.821241,21.821241,0.000000,0.100000,23.821241,23.821241,96,0
1789733959.963,37.3037392,127.9070123,4,86,0.215,0,0.020,-135.4,융합,-5.4,-130.1,1,0,04,14378461398811817291,0,21.321241,20.821241,21.821241,0.000000,0.100000,23.821241,23.821241,96,0
1789733960.063,37.3037392,127.9070123,4,86,0.215,0,0.121,-135.4,융합,-5.4,-130.1,1,0,04,14378461398811817291,0,21.321241,20.821241,21.821241,0.000000,0.100000,23.821241,23.821241,96,0
1789733960.163,37.3037392,127.9070123,4,86,0.215,0,0.078,-135.4,융합,-5.4,-130.1,1,0,04,14378461398811817291,0,21.321241,20.821241,21.821241,0.000000,0.100000,23.821241,23.821241,96,0
1789733960.263,37.3037392,127.9070123,4,86,0.215,0,0.067,-135.4,융합,-5.4,-130.1,1,0,04,14378461398811817291,0,21.321241,20.821241,21.821241,0.000000,0.100000,23.821241,23.821241,96,0
1789733960.363,37.3037392,127.9070123,4,86,0.215,0,0.042,-135.4,융합,-5.4,-130.1,1,0,04,14378461398811817291,0,21.321241,20.821241,21.821241,0.000000,0.100000,23.821241,23.821241,96,0
1789733960.463,37.3037392,127.9070123,4,86,0.215,0,0.020,-135.4,융합,-5.4,-130.1,1,0,04,14378461398811817291,0,21.321241,20.821241,21.821241,0.000000,0.100000,23.821241,23.821241,96,0
1789733960.563,37.3037392,127.9070123,4,86,0.215,0,0.120,-135.4,융합,-5.4,-130.1,1,0,04,14378461398811817291,0,21.321241,20.821241,21.821241,0.000000,0.100000,23.821241,23.821241,96,0
1789733960.663,37.3037393,127.9070123,4,86,0.228,0,0.098,-135.4,융합,-5.4,-130.1,1,0,04,14378461398811817291,0,21.307963,20.821241,21.821241,0.000000,0.100000,23.807963,23.807963,96,0
1789733960.763,37.3037392,127.9070123,4,86,0.215,0,0.078,-135.4,융합,-5.4,-130.1,1,0,04,14378461398811817291,0,21.321241,20.807963,21.807963,0.000000,0.100000,23.821241,23.821241,96,0
1789733960.864,37.3037392,127.9070123,4,86,0.215,0,0.044,-135.4,융합,-5.4,-130.1,1,0,04,14378461398811817291,0,21.321241,20.821241,21.821241,0.000000,0.100000,23.821241,23.821241,96,0
1789733960.963,37.3037393,127.9070123,4,86,0.228,0,0.018,-135.4,융합,-5.4,-130.1,1,0,04,14378461398811817291,0,21.307963,20.821241,21.821241,0.000000,0.100000,23.807963,23.807963,96,0
1789733961.063,37.3037393,127.9070123,4,86,0.228,0,0.118,-135.4,융합,-5.4,-130.1,1,0,04,14378461398811817291,0,21.307963,20.821241,21.821241,0.000000,0.100000,23.807963,23.807963,96,0
1789733961.163,37.3037392,127.9070123,4,86,0.215,0,0.081,-135.4,융합,-5.4,-130.1,1,0,04,14378461398811817291,0,21.321241,20.807963,21.807963,0.000000,0.100000,23.821241,23.821241,96,0
1789733961.263,37.3037392,127.9070123,4,86,0.215,0,0.072,-135.4,융합,-5.4,-130.1,1,0,04,14378461398811817291,0,21.321241,20.821241,21.821241,0.000000,0.100000,23.821241,23.821241,96,0
1789733961.363,37.3037393,127.9070123,4,86,0.228,0,0.050,-135.4,융합,-5.4,-130.1,1,0,04,14378461398811817291,0,21.307963,20.821241,21.821241,0.000000,0.100000,23.807963,23.807963,96,0
1789733961.463,37.3037392,127.9070123,4,86,0.215,0,0.025,-135.4,융합,-5.4,-130.1,1,0,04,14378461398811817291,0,21.321241,20.807963,21.807963,0.000000,0.100000,23.821241,23.821241,96,0
1789733961.563,37.3037393,127.9070123,4,86,0.228,0,0.008,-135.4,융합,-5.4,-130.1,1,0,04,14378461398811817291,0,21.307963,20.821241,21.821241,0.000000,0.100000,23.807963,23.807963,96,0
1789733961.663,37.3037393,127.9070123,4,86,0.228,0,0.109,-135.4,융합,-5.4,-130.1,1,0,04,14378461398811817291,0,21.307963,20.821241,21.821241,0.000000,0.100000,23.807963,23.807963,96,0
1789733961.763,37.3037392,127.9070123,4,86,0.215,0,0.074,-135.4,융합,-5.4,-130.1,1,0,04,14378461398811817291,0,21.321241,20.807963,21.807963,0.000000,0.100000,23.821241,23.821241,96,0
1789733961.863,37.3037393,127.9070123,4,86,0.228,0,0.047,-135.4,융합,-5.4,-130.1,1,0,04,14378461398811817291,0,21.307963,20.821241,21.821241,0.000000,0.100000,23.807963,23.807963,96,0
1789733961.963,37.3037392,127.9070123,4,86,0.215,0,0.026,-135.4,융합,-5.4,-130.1,1,0,04,14378461398811817291,0,21.321241,20.807963,21.807963,0.000000,0.100000,23.821241,23.821241,96,0
1789733962.063,37.3037392,127.9070123,4,86,0.215,0,0.126,-135.4,융합,-5.4,-130.1,1,0,04,14378461398811817291,0,21.321241,20.807963,21.807963,0.000000,0.100000,23.821241,23.821241,96,0
1789733962.163,37.3037392,127.9070123,4,86,0.215,0,0.088,-135.4,융합,-5.4,-130.1,1,0,04,14378461398811817291,0,21.321241,20.821241,21.821241,0.000000,0.100000,23.821241,23.821241,96,0
1789733962.263,37.3037392,127.9070123,4,86,0.215,0,0.076,-135.4,융합,-5.4,-130.1,1,0,04,14378461398811817291,0,21.321241,20.821241,21.821241,0.000000,0.100000,23.821241,23.821241,96,0
1789733962.363,37.3037393,127.9070123,4,86,0.228,0,0.049,-135.4,융합,-5.4,-130.1,1,0,04,14378461398811817291,0,21.307963,20.821241,21.821241,0.000000,0.100000,23.807963,23.807963,96,0
1789733962.463,37.3037392,127.9070123,4,86,0.215,0,0.030,-135.4,융합,-5.4,-130.1,1,0,04,14378461398811817291,0,21.321241,20.807963,21.807963,0.000000,0.100000,23.821241,23.821241,96,0
1789733962.563,37.3037392,127.9070123,4,86,0.215,0,0.001,-135.4,융합,-5.4,-130.1,1,0,04,14378461398811817291,0,21.321241,20.821241,21.821241,0.000000,0.100000,23.821241,23.821241,96,0
1789733962.663,37.3037392,127.9070123,4,86,0.215,0,0.101,-135.4,융합,-5.4,-130.1,1,0,04,14378461398811817291,0,21.321241,20.821241,21.821241,0.000000,0.100000,23.821241,23.821241,96,0
1789733962.763,37.3037392,127.9070123,4,86,0.215,0,0.074,-135.4,융합,-5.4,-130.1,1,0,04,14378461398811817291,0,21.321241,20.821241,21.821241,0.000000,0.100000,23.821241,23.821241,96,0
1789733962.863,37.3037392,127.9070123,4,86,0.215,0,0.048,-135.4,융합,-5.4,-130.1,1,0,04,14378461398811817291,0,21.321241,20.821241,21.821241,0.000000,0.100000,23.821241,23.821241,96,0
1789733962.963,37.3037393,127.9070123,4,86,0.228,0,0.028,-135.4,융합,-5.4,-130.1,1,0,04,14378461398811817291,0,21.307963,20.821241,21.821241,0.000000,0.100000,23.807963,23.807963,96,0
1789733963.063,37.3037393,127.9070123,4,86,0.228,0,0.128,-135.4,융합,-5.4,-130.1,1,0,04,14378461398811817291,0,21.307963,20.821241,21.821241,0.000000,0.100000,23.807963,23.807963,96,0
1789733963.163,37.3037392,127.9070123,4,86,0.215,0,0.092,-135.4,융합,-5.4,-130.1,1,0,04,14378461398811817291,0,21.321241,20.807963,21.807963,0.000000,0.100000,23.821241,23.821241,96,0
1789733963.263,37.3037392,127.9070123,4,86,0.215,0,0.073,-135.4,융합,-5.4,-130.1,1,0,04,14378461398811817291,0,21.321241,20.821241,21.821241,0.000000,0.100000,23.821241,23.821241,96,0
1789733963.363,37.3037392,127.9070123,4,86,0.215,0,0.048,-135.4,융합,-5.4,-130.1,1,0,04,14378461398811817291,0,21.321241,20.821241,21.821241,0.000000,0.100000,23.821241,23.821241,96,0
1789733963.463,37.3037392,127.9070123,4,86,0.215,0,0.022,-135.4,융합,-5.4,-130.1,1,0,04,14378461398811817291,0,21.321241,20.821241,21.821241,0.000000,0.100000,23.821241,23.821241,96,0
1789733963.563,37.3037392,127.9070123,4,86,0.215,0,0.122,-135.4,융합,-5.4,-130.1,1,0,04,14378461398811817291,0,21.321241,20.821241,21.821241,0.000000,0.100000,23.821241,23.821241,96,0
1789733963.663,37.3037392,127.9070123,4,86,0.215,0,0.098,-135.4,융합,-5.4,-130.1,1,0,04,14378461398811817291,0,21.321241,20.821241,21.821241,0.000000,0.100000,23.821241,23.821241,96,0
1789733963.763,37.3037392,127.9070123,4,86,0.215,0,0.069,-135.4,융합,-5.4,-130.1,1,0,04,14378461398811817291,0,21.321241,20.821241,21.821241,0.000000,0.100000,23.821241,23.821241,96,0
1789733963.863,37.3037392,127.9070123,4,86,0.215,0,0.042,-135.4,융합,-5.4,-130.1,1,0,04,14378461398811817291,0,21.321241,20.821241,21.821241,0.000000,0.100000,23.821241,23.821241,96,0
1789733963.963,37.3037392,127.9070123,4,86,0.215,0,0.019,-135.4,융합,-5.4,-130.1,1,0,04,14378461398811817291,0,21.321241,20.821241,21.821241,0.000000,0.100000,23.821241,23.821241,96,0
1789733964.063,37.3037392,127.9070123,4,86,0.215,0,0.119,-135.4,융합,-5.4,-130.1,1,0,04,14378461398811817291,0,21.321241,20.821241,21.821241,0.000000,0.100000,23.821241,23.821241,96,0
1789733964.163,37.3037392,127.9070123,4,86,0.215,0,0.077,-135.4,융합,-5.4,-130.1,1,0,04,14378461398811817291,0,21.321241,20.821241,21.821241,0.000000,0.100000,23.821241,23.821241,96,0
1789733964.263,37.3037392,127.9070123,4,86,0.215,0,0.070,-135.4,융합,-5.4,-130.1,1,0,04,14378461398811817291,0,21.321241,20.821241,21.821241,0.000000,0.100000,23.821241,23.821241,96,0
1789733964.363,37.3037392,127.9070123,4,86,0.215,0,0.048,-135.4,융합,-5.4,-130.1,1,0,04,14378461398811817291,0,21.321241,20.821241,21.821241,0.000000,0.100000,23.821241,23.821241,96,0
1789733964.463,37.3037392,127.9070123,4,86,0.215,0,0.019,-135.4,융합,-5.4,-130.1,1,0,04,14378461398811817291,0,21.321241,20.821241,21.821241,0.000000,0.100000,23.821241,23.821241,96,0
1789733964.563,37.3037392,127.9070123,4,86,0.215,0,0.119,-135.4,융합,-5.4,-130.1,1,0,04,14378461398811817291,0,21.321241,20.821241,21.821241,0.000000,0.100000,23.821241,23.821241,96,0
1789733964.663,37.3037392,127.9070123,4,86,0.215,0,0.096,-135.4,융합,-5.4,-130.1,1,0,04,14378461398811817291,0,21.321241,20.821241,21.821241,0.000000,0.100000,23.821241,23.821241,96,0
1789733964.763,37.3037392,127.9070123,4,86,0.215,0,0.068,-135.4,융합,-5.4,-130.1,1,0,04,14378461398811817291,0,21.321241,20.821241,21.821241,0.000000,0.100000,23.821241,23.821241,96,0
1789733964.863,37.3037392,127.9070123,4,86,0.215,0,0.045,-135.4,융합,-5.4,-130.1,1,0,04,14378461398811817291,0,21.321241,20.821241,21.821241,0.000000,0.100000,23.821241,23.821241,96,0
1789733964.963,37.3037392,127.9070123,4,86,0.215,0,0.026,-135.4,융합,-5.4,-130.1,1,0,04,14378461398811817291,0,21.321241,20.821241,21.821241,0.000000,0.100000,23.821241,23.821241,96,0
1789733965.063,37.3037392,127.9070123,4,86,0.215,0,0.126,-135.4,융합,-5.4,-130.1,1,0,04,14378461398811817291,0,21.321241,20.821241,21.821241,1.000000,0.100000,23.821241,23.821241,96,0
1789733965.163,37.3037392,127.9070123,4,86,0.215,0,0.093,-135.4,융합,-5.4,-130.1,1,0,04,14378461398811817291,0,21.321241,20.821241,21.821241,0.000000,0.100000,23.821241,23.821241,96,0
1789733965.263,37.3037392,127.9070123,4,86,0.215,0,0.084,-135.4,융합,-5.4,-130.1,1,0,04,14378461398811817291,0,21.321241,20.821241,21.821241,0.000000,0.100000,23.821241,23.821241,96,0
1789733965.363,37.3037392,127.9070123,4,86,0.215,0,0.051,-135.4,융합,-5.4,-130.1,1,0,04,14378461398811817291,0,21.321241,20.821241,21.821241,0.000000,0.100000,23.821241,23.821241,96,0
1789733965.463,37.3037392,127.9070123,4,86,0.215,0,0.027,-135.4,융합,-5.4,-130.1,1,0,04,14378461398811817291,0,21.321241,20.821241,21.821241,0.000000,0.100000,23.821241,23.821241,96,0
1789733965.563,37.3037392,127.9070123,4,86,0.215,0,0.127,-135.4,융합,-5.4,-130.1,1,0,04,14378461398811817291,0,21.321241,20.821241,21.821241,1.000000,0.100000,23.821241,23.821241,96,0
1789733965.663,37.3037392,127.9070123,4,86,0.215,0,0.098,-135.4,융합,-5.4,-130.1,1,0,04,14378461398811817291,0,21.321241,20.671241,21.971241,1.000000,0.100000,23.821241,23.821241,96,0
1789733965.764,37.3037392,127.9070123,4,86,0.215,0,0.071,-135.4,융합,-5.4,-130.1,1,0,04,14378461398811817291,0,21.321241,20.671241,21.971241,1.000000,0.100000,23.821241,23.821241,96,0
1789733965.863,37.3037392,127.9070123,4,86,0.215,0,0.045,-135.4,융합,-5.4,-130.1,1,0,04,14378461398811817291,0,21.321241,20.671241,21.971241,1.000000,0.100000,23.821241,23.821241,96,0
1789733965.963,37.3037392,127.9070123,4,86,0.215,0,0.025,-135.4,융합,-5.4,-130.1,1,0,04,14378461398811817291,0,21.321241,20.671241,21.971241,1.000000,0.100000,23.821241,23.821241,96,0
1789733966.063,37.3037392,127.9070123,4,86,0.215,0,0.124,-135.4,융합,-5.4,-130.1,1,0,04,14378461398811817291,0,21.321241,20.671241,21.971241,1.000000,0.100000,23.821241,23.821241,96,0
1789733966.163,37.3037392,127.9070123,4,86,0.215,0,0.098,-135.4,융합,-5.4,-130.1,1,0,04,14378461398811817291,0,21.321241,20.671241,21.971241,1.000000,0.100000,23.821241,23.821241,96,0
1789733966.263,37.3037393,127.9070123,4,86,0.228,0,0.073,-135.4,융합,-5.4,-130.1,1,0,04,14378461398811817291,0,21.307963,20.671241,21.971241,1.000000,0.100000,23.807963,23.807963,96,0
1789733966.363,37.3037392,127.9070123,4,86,0.215,0,0.048,-135.4,융합,-5.4,-130.1,1,0,04,14378461398811817291,0,21.321241,20.657963,21.957963,1.000000,0.100000,23.821241,23.821241,96,0
1789733966.463,37.3037392,127.9070123,4,86,0.215,0,0.025,-135.4,융합,-5.4,-130.1,1,0,04,14378461398811817291,0,21.321241,20.671241,21.971241,1.000000,0.100000,23.821241,23.821241,96,0
1789733966.563,37.3037392,127.9070123,4,86,0.215,0,0.124,-135.4,융합,-5.4,-130.1,1,0,04,14378461398811817291,0,21.321241,20.671241,21.971241,1.000000,0.100000,23.821241,23.821241,96,0
1789733966.663,37.3037392,127.9070123,4,86,0.215,0,0.100,-135.4,융합,-5.4,-130.1,1,0,04,14378461398811817291,0,21.321241,20.671241,21.971241,1.000000,0.100000,23.821241,23.821241,96,0
1789733966.763,37.3037392,127.9070123,4,86,0.215,0,0.074,-135.4,융합,-5.4,-130.1,1,0,04,14378461398811817291,0,21.321241,20.671241,21.971241,1.000000,0.100000,23.821241,23.821241,96,0
1789733966.863,37.3037392,127.9070123,4,86,0.215,0,0.046,-135.4,융합,-5.4,-130.1,1,0,04,14378461398811817291,0,21.321241,20.671241,21.971241,1.000000,0.100000,23.821241,23.821241,96,0
1789733966.963,37.3037392,127.9070123,4,86,0.215,0,0.029,-135.4,융합,-5.4,-130.1,1,0,04,14378461398811817291,0,21.321241,20.671241,21.971241,1.000000,0.100000,23.821241,23.821241,96,0
1789733967.063,37.3037392,127.9070123,4,86,0.215,0,0.129,-135.4,융합,-5.4,-130.1,1,0,04,14378461398811817291,0,21.321241,20.671241,21.971241,1.000000,0.100000,23.821241,23.821241,96,0
1789733967.163,37.3037392,127.9070123,4,86,0.215,0,0.089,-135.4,융합,-5.4,-130.1,1,0,04,14378461398811817291,0,21.321241,20.671241,21.971241,1.000000,0.100000,23.821241,23.821241,96,0
1789733967.263,37.3037392,127.9070123,4,86,0.215,0,0.074,-135.4,융합,-5.4,-130.1,1,0,04,14378461398811817291,0,21.321241,20.671241,21.971241,1.000000,0.100000,23.821241,23.821241,96,0
1789733967.363,37.3037392,127.9070123,4,86,0.215,0,0.049,-135.4,융합,-5.4,-130.1,1,0,04,14378461398811817291,0,21.321241,20.671241,21.971241,1.000000,0.100000,23.821241,23.821241,96,0
1789733967.463,37.3037392,127.9070123,4,86,0.215,0,0.024,-135.4,융합,-5.4,-130.1,1,0,04,14378461398811817291,0,21.321241,20.671241,21.971241,1.000000,0.100000,23.821241,23.821241,96,0
1789733967.563,37.3037392,127.9070123,4,86,0.215,0,0.002,-135.4,융합,-5.4,-130.1,1,0,04,14378461398811817291,0,21.321241,20.671241,21.971241,1.000000,0.100000,23.821241,23.821241,96,0
1789733967.663,37.3037392,127.9070123,4,86,0.215,0,0.102,-135.4,융합,-5.4,-130.1,1,0,04,14378461398811817291,0,21.321241,20.671241,21.971241,1.000000,0.100000,23.821241,23.821241,96,0
1789733967.763,37.3037393,127.9070123,4,86,0.228,0,0.074,-135.4,융합,-5.4,-130.1,1,0,04,14378461398811817291,0,21.307963,20.671241,21.971241,1.000000,0.100000,23.807963,23.807963,96,0
1789733967.863,37.3037392,127.9070123,4,86,0.215,0,0.050,-135.4,융합,-5.4,-130.1,1,0,04,14378461398811817291,0,21.321241,20.657963,21.957963,1.000000,0.100000,23.821241,23.821241,96,0
1789733967.963,37.3037392,127.9070123,4,86,0.215,0,0.026,-135.4,융합,-5.4,-130.1,1,0,04,14378461398811817291,0,21.321241,20.671241,21.971241,1.000000,0.100000,23.821241,23.821241,96,0
1789733968.063,37.3037392,127.9070123,4,86,0.215,0,0.126,-135.4,융합,-5.4,-130.1,1,0,04,14378461398811817291,0,21.321241,20.671241,21.971241,1.000000,0.100000,23.821241,23.821241,96,0
1789733968.163,37.3037392,127.9070123,4,86,0.215,0,0.090,-135.4,융합,-5.3,-130.1,1,0,04,14378461398811817291,0,21.321241,20.671241,21.971241,1.000000,0.100000,23.821241,23.821241,96,0
1789733968.263,37.3037392,127.9070123,4,86,0.215,0,0.075,-135.4,융합,-5.4,-130.1,1,0,04,14378461398811817291,0,21.321241,20.671241,21.971241,1.000000,0.100000,23.821241,23.821241,96,0
1789733968.363,37.3037392,127.9070123,4,86,0.215,0,0.048,-135.4,융합,-5.3,-130.1,1,0,04,14378461398811817291,0,21.321241,20.671241,21.971241,1.000000,0.100000,23.821241,23.821241,96,0
1789733968.463,37.3037392,127.9070123,4,86,0.215,0,0.021,-135.4,융합,-5.3,-130.1,1,0,04,14378461398811817291,0,21.321241,20.671241,21.971241,1.000000,0.100000,23.821241,23.821241,96,0
1789733968.563,37.3037392,127.9070123,4,86,0.215,0,0.121,-135.4,융합,-5.3,-130.1,1,0,04,14378461398811817291,0,21.321241,20.671241,21.971241,1.000000,0.100000,23.821241,23.821241,96,0
1789733968.663,37.3037392,127.9070123,4,86,0.215,0,0.098,-135.4,융합,-5.4,-130.1,1,0,04,14378461398811817291,0,21.321241,20.671241,21.971241,1.000000,0.100000,23.821241,23.821241,96,0
1789733968.763,37.3037392,127.9070123,4,86,0.215,0,0.072,-135.4,융합,-5.4,-130.1,1,0,04,14378461398811817291,0,21.321241,20.671241,21.971241,1.000000,0.100000,23.821241,23.821241,96,0
1789733968.863,37.3037392,127.9070123,4,86,0.215,0,0.049,-135.4,융합,-5.4,-130.1,1,0,04,14378461398811817291,0,21.321241,20.671241,21.971241,1.000000,0.100000,23.821241,23.821241,96,0
1789733968.963,37.3037392,127.9070123,4,86,0.215,0,0.025,-135.4,융합,-5.4,-130.1,1,0,04,14378461398811817291,0,21.321241,20.671241,21.971241,1.000000,0.100000,23.821241,23.821241,96,0
1789733969.063,37.3037392,127.9070123,4,86,0.215,0,0.125,-135.4,융합,-5.4,-130.1,1,0,04,14378461398811817291,0,21.321241,20.671241,21.971241,1.000000,0.100000,23.821241,23.821241,96,0
1789733969.163,37.3037392,127.9070123,4,86,0.215,0,0.087,-135.4,융합,-5.4,-130.1,1,0,04,14378461398811817291,0,21.321241,20.671241,21.971241,1.000000,0.100000,23.821241,23.821241,96,0
1789733969.263,37.3037392,127.9070123,4,86,0.215,0,0.067,-135.4,융합,-5.4,-130.1,1,0,04,14378461398811817291,0,21.321241,20.671241,21.971241,1.000000,0.100000,23.821241,23.821241,96,0
1789733969.363,37.3037392,127.9070123,4,86,0.215,0,0.045,-135.4,융합,-5.4,-130.1,1,0,04,14378461398811817291,0,21.321241,20.671241,21.971241,1.000000,0.100000,23.821241,23.821241,96,0
1789733969.463,37.3037392,127.9070123,4,86,0.215,0,0.024,-135.4,융합,-5.4,-130.1,1,0,04,14378461398811817291,0,21.321241,20.671241,21.971241,1.000000,0.100000,23.821241,23.821241,96,0
1789733969.563,37.3037392,127.9070123,4,86,0.215,0,0.000,-135.4,융합,-5.4,-130.1,1,0,04,14378461398811817291,0,21.321241,20.671241,21.971241,1.000000,0.100000,23.821241,23.821241,96,0
1789733969.663,37.3037392,127.9070123,4,86,0.215,0,0.100,-135.4,융합,-5.4,-130.1,1,0,04,14378461398811817291,0,21.321241,20.671241,21.971241,1.000000,0.100000,23.821241,23.821241,96,0
1789733969.763,37.3037392,127.9070123,4,86,0.215,0,0.077,-135.4,융합,-5.4,-130.1,1,0,04,14378461398811817291,0,21.321241,20.671241,21.971241,1.000000,0.100000,23.821241,23.821241,96,0
1789733969.863,37.3037392,127.9070123,4,86,0.215,0,0.046,-135.4,융합,-5.4,-130.1,1,0,04,14378461398811817291,0,21.321241,20.671241,21.971241,1.000000,0.100000,23.821241,23.821241,96,0
1789733969.963,37.3037392,127.9070123,4,86,0.215,0,0.023,-135.4,융합,-5.4,-130.1,1,0,04,14378461398811817291,0,21.321241,20.671241,21.971241,1.000000,0.100000,23.821241,23.821241,96,0
1789733970.063,37.3037392,127.9070123,4,86,0.215,0,0.124,-135.4,융합,-5.4,-130.1,1,0,04,14378461398811817291,0,21.321241,20.671241,21.971241,1.000000,0.100000,23.821241,23.821241,96,0
1789733970.163,37.3037392,127.9070123,4,86,0.215,0,0.079,-135.4,융합,-5.4,-130.1,1,0,04,14378461398811817291,0,21.321241,20.671241,21.971241,1.000000,0.100000,23.821241,23.821241,96,0
1789733970.263,37.3037392,127.9070123,4,86,0.215,0,0.072,-135.4,융합,-5.4,-130.1,1,0,04,14378461398811817291,0,21.321241,20.671241,21.971241,1.000000,0.100000,23.821241,23.821241,96,0
1789733970.363,37.3037392,127.9070123,4,86,0.215,0,0.048,-135.4,융합,-5.4,-130.1,1,0,04,14378461398811817291,0,21.321241,20.671241,21.971241,1.000000,0.100000,23.821241,23.821241,96,0
1789733970.463,37.3037392,127.9070123,4,86,0.215,0,0.021,-135.4,융합,-5.4,-130.1,1,0,04,14378461398811817291,0,21.321241,20.671241,21.971241,1.000000,0.100000,23.821241,23.821241,96,0
1789733970.563,37.3037392,127.9070123,4,86,0.215,0,0.005,-135.4,융합,-5.4,-130.1,1,0,04,14378461398811817291,0,21.321241,20.671241,21.971241,1.000000,0.100000,23.821241,23.821241,96,0
1789733970.663,37.3037392,127.9070123,4,86,0.215,0,0.105,-135.4,융합,-5.4,-130.1,1,0,04,14378461398811817291,0,21.321241,20.671241,21.971241,1.000000,0.100000,23.821241,23.821241,96,0
1789733970.763,37.3037392,127.9070123,4,86,0.215,0,0.070,-135.4,융합,-5.4,-130.1,1,0,04,14378461398811817291,0,21.321241,20.671241,21.971241,1.000000,0.100000,23.821241,23.821241,96,0
1789733970.863,37.3037392,127.9070123,4,86,0.215,0,0.044,-135.4,융합,-5.4,-130.1,1,0,04,14378461398811817291,0,21.321241,20.671241,21.971241,1.000000,0.100000,23.821241,23.821241,96,0
1789733970.963,37.3037392,127.9070123,4,86,0.215,0,0.023,-135.4,융합,-5.4,-130.1,1,0,04,14378461398811817291,0,21.321241,20.671241,21.971241,1.000000,0.100000,23.821241,23.821241,96,0
1789733971.063,37.3037392,127.9070123,4,86,0.215,0,0.122,-135.4,융합,-5.4,-130.1,1,0,04,14378461398811817291,0,21.321241,20.671241,21.971241,1.000000,0.100000,23.821241,23.821241,96,0
1789733971.163,37.3037392,127.9070123,4,86,0.215,0,0.088,-135.4,융합,-5.4,-130.1,1,0,04,14378461398811817291,0,21.321241,20.671241,21.971241,1.000000,0.100000,23.821241,23.821241,96,0
1789733971.263,37.3037392,127.9070123,4,86,0.215,0,0.073,-135.4,융합,-5.4,-130.1,1,0,04,14378461398811817291,0,21.321241,20.671241,21.971241,1.000000,0.100000,23.821241,23.821241,96,0
1789733971.363,37.3037392,127.9070123,4,86,0.215,0,0.046,-135.4,융합,-5.4,-130.1,1,0,04,14378461398811817291,0,21.321241,20.671241,21.971241,1.000000,0.100000,23.821241,23.821241,96,0
1789733971.463,37.3037392,127.9070123,4,86,0.215,0,0.027,-135.4,융합,-5.4,-130.1,1,0,04,14378461398811817291,0,21.321241,20.671241,21.971241,1.000000,0.100000,23.821241,23.821241,96,0
1789733971.563,37.3037392,127.9070123,4,86,0.215,0,0.127,-135.4,융합,-5.4,-130.1,1,0,04,14378461398811817291,0,21.321241,20.671241,21.971241,1.000000,0.100000,23.821241,23.821241,96,0
1789733971.663,37.3037392,127.9070123,4,86,0.215,0,0.095,-135.4,융합,-5.4,-130.1,1,0,04,14378461398811817291,0,21.321241,20.671241,21.971241,1.000000,0.100000,23.821241,23.821241,96,0
1789733971.763,37.3037392,127.9070123,4,86,0.215,0,0.068,-135.4,융합,-5.4,-130.1,1,0,04,14378461398811817291,0,21.321241,20.671241,21.971241,1.000000,0.100000,23.821241,23.821241,96,0
1789733971.863,37.3037392,127.9070123,4,86,0.215,0,0.045,-135.4,융합,-5.4,-130.1,1,0,04,14378461398811817291,0,21.321241,20.671241,21.971241,1.000000,0.100000,23.821241,23.821241,96,0
1789733971.963,37.3037392,127.9070123,4,86,0.215,0,0.025,-135.4,융합,-5.4,-130.1,1,0,04,14378461398811817291,0,21.321241,20.671241,21.971241,1.000000,0.100000,23.821241,23.821241,96,0
1789733972.063,37.3037392,127.9070123,4,86,0.215,0,0.125,-135.4,융합,-5.4,-130.1,1,0,04,14378461398811817291,0,21.321241,20.671241,21.971241,1.000000,0.100000,23.821241,23.821241,96,0
1789733972.163,37.3037392,127.9070123,4,86,0.215,0,0.085,-135.4,융합,-5.4,-130.1,1,0,04,14378461398811817291,0,21.321241,20.671241,21.971241,1.000000,0.100000,23.821241,23.821241,96,0
1789733972.263,37.3037392,127.9070123,4,86,0.215,0,0.066,-135.4,융합,-5.4,-130.1,1,0,04,14378461398811817291,0,21.321241,20.671241,21.971241,1.000000,0.100000,23.821241,23.821241,96,0
1789733972.363,37.3037392,127.9070123,4,86,0.215,0,0.050,-135.4,융합,-5.4,-130.1,1,0,04,14378461398811817291,0,21.321241,20.671241,21.971241,1.000000,0.100000,23.821241,23.821241,96,0
1789733972.463,37.3037392,127.9070123,4,86,0.215,0,0.023,-135.4,융합,-5.4,-130.1,1,0,04,14378461398811817291,0,21.321241,20.671241,21.971241,1.000000,0.100000,23.821241,23.821241,96,0
1789733972.563,37.3037392,127.9070123,4,86,0.215,0,0.124,-135.4,융합,-5.4,-130.1,1,0,04,14378461398811817291,0,21.321241,20.671241,21.971241,1.000000,0.100000,23.821241,23.821241,96,0
1789733972.663,37.3037392,127.9070123,4,86,0.215,0,0.099,-135.4,융합,-5.4,-130.1,1,0,04,14378461398811817291,0,21.321241,20.671241,21.971241,1.000000,0.100000,23.821241,23.821241,96,0
1789733972.763,37.3037392,127.9070123,4,86,0.215,0,0.073,-135.4,융합,-5.4,-130.1,1,0,04,14378461398811817291,0,21.321241,20.671241,21.971241,1.000000,0.100000,23.821241,23.821241,96,0
1789733972.863,37.3037392,127.9070123,4,86,0.215,0,0.045,-135.4,융합,-5.4,-130.1,1,0,04,14378461398811817291,0,21.321241,20.671241,21.971241,1.000000,0.100000,23.821241,23.821241,96,0
1789733972.963,37.3037392,127.9070123,4,86,0.215,0,0.023,-135.4,융합,-5.4,-130.1,1,0,04,14378461398811817291,0,21.321241,20.671241,21.971241,1.000000,0.100000,23.821241,23.821241,96,0
1789733973.063,37.3037392,127.9070123,4,86,0.215,0,0.123,-135.4,융합,-5.4,-130.1,1,0,04,14378461398811817291,0,21.321241,20.671241,21.971241,1.000000,0.100000,23.821241,23.821241,96,0
1789733973.163,37.3037392,127.9070123,4,86,0.215,0,0.085,-135.4,융합,-5.4,-130.1,1,0,04,14378461398811817291,0,21.321241,20.671241,21.971241,1.000000,0.100000,23.821241,23.821241,96,0
1789733973.263,37.3037392,127.9070123,4,86,0.215,0,0.065,-135.4,융합,-5.4,-130.1,1,0,04,14378461398811817291,0,21.321241,20.671241,21.971241,1.000000,0.100000,23.821241,23.821241,96,0
1789733973.363,37.3037392,127.9070123,4,86,0.215,0,0.048,-135.4,융합,-5.4,-130.1,1,0,04,14378461398811817291,0,21.321241,20.671241,21.971241,1.000000,0.100000,23.821241,23.821241,96,0
1789733973.463,37.3037392,127.9070123,4,86,0.215,0,0.024,-135.4,융합,-5.4,-130.1,1,0,04,14378461398811817291,0,21.321241,20.671241,21.971241,1.000000,0.100000,23.821241,23.821241,96,0
1789733973.563,37.3037392,127.9070123,4,86,0.215,0,0.124,-135.4,융합,-5.4,-130.1,1,0,04,14378461398811817291,0,21.321241,20.671241,21.971241,1.000000,0.100000,23.821241,23.821241,96,0
1789733973.663,37.3037392,127.9070123,4,86,0.215,0,0.096,-135.4,융합,-5.4,-130.1,1,0,04,14378461398811817291,0,21.321241,20.671241,21.971241,1.000000,0.100000,23.821241,23.821241,96,0
1789733973.763,37.3037392,127.9070123,4,86,0.215,0,0.065,-135.4,융합,-5.4,-130.1,1,0,04,14378461398811817291,0,21.321241,20.671241,21.971241,1.000000,0.100000,23.821241,23.821241,96,0
1789733973.863,37.3037392,127.9070123,4,86,0.215,0,0.040,-135.4,융합,-5.4,-130.1,1,0,04,14378461398811817291,0,21.321241,20.671241,21.971241,1.000000,0.100000,23.821241,23.821241,96,0
1789733973.963,37.3037392,127.9070123,4,86,0.215,0,0.021,-135.4,융합,-5.4,-130.1,1,0,04,14378461398811817291,0,21.321241,20.671241,21.971241,1.000000,0.100000,23.821241,23.821241,96,0
1789733974.063,37.3037392,127.9070123,4,86,0.215,0,0.121,-135.4,융합,-5.4,-130.1,1,0,04,14378461398811817291,0,21.321241,20.671241,21.971241,1.000000,0.100000,23.821241,23.821241,96,0
1789733974.163,37.3037392,127.9070123,4,86,0.215,0,0.081,-135.4,융합,-5.4,-130.1,1,0,04,14378461398811817291,0,21.321241,20.671241,21.971241,1.000000,0.100000,23.821241,23.821241,96,0
1789733974.263,37.3037392,127.9070123,4,86,0.215,0,0.071,-135.4,융합,-5.4,-130.1,1,0,04,14378461398811817291,0,21.321241,20.671241,21.971241,1.000000,0.100000,23.821241,23.821241,96,0
1789733974.363,37.3037392,127.9070123,4,86,0.215,0,0.046,-135.4,융합,-5.4,-130.1,1,0,04,14378461398811817291,0,21.321241,20.671241,21.971241,1.000000,0.100000,23.821241,23.821241,96,0
1789733974.463,37.3037392,127.9070123,4,86,0.215,0,0.020,-135.4,융합,-5.4,-130.1,1,0,04,14378461398811817291,0,21.321241,20.671241,21.971241,1.000000,0.100000,23.821241,23.821241,96,0
1789733974.563,37.3037392,127.9070123,4,86,0.215,0,0.120,-135.4,융합,-5.4,-130.1,1,0,04,14378461398811817291,0,21.321241,20.671241,21.971241,1.000000,0.100000,23.821241,23.821241,96,0
1789733974.663,37.3037392,127.9070123,4,86,0.215,0,0.095,-135.4,융합,-5.4,-130.1,1,0,04,14378461398811817291,0,21.321241,20.671241,21.971241,1.000000,0.100000,23.821241,23.821241,96,0
1789733974.764,37.3037392,127.9070123,4,86,0.215,0,0.069,-135.4,융합,-5.4,-130.1,1,0,04,14378461398811817291,0,21.321241,20.671241,21.971241,1.000000,0.100000,23.821241,23.821241,96,0
1789733974.863,37.3037392,127.9070123,4,86,0.215,0,0.043,-135.4,융합,-5.4,-130.1,1,0,04,14378461398811817291,0,21.321241,20.671241,21.971241,1.000000,0.100000,23.821241,23.821241,96,0
1789733974.963,37.3037392,127.9070123,4,86,0.215,0,0.020,-135.4,융합,-5.4,-130.1,1,0,04,14378461398811817291,0,21.321241,20.671241,21.971241,1.000000,0.100000,23.821241,23.821241,96,0
1789733975.063,37.3037392,127.9070123,4,86,0.215,0,0.120,-135.4,융합,-5.4,-130.1,1,0,04,14378461398811817291,0,21.321241,20.671241,21.971241,1.000000,0.100000,23.821241,23.821241,96,0
1789733975.163,37.3037392,127.9070123,4,86,0.215,0,0.096,-135.4,융합,-5.4,-130.1,1,0,04,14378461398811817291,0,21.321241,20.671241,21.971241,1.000000,0.100000,23.821241,23.821241,96,0
1789733975.263,37.3037393,127.9070123,4,86,0.228,0,0.069,-135.4,융합,-5.4,-130.1,1,0,04,14378461398811817291,0,21.307963,20.671241,21.971241,1.000000,0.100000,23.807963,23.807963,96,0
1789733975.363,37.3037392,127.9070123,4,86,0.215,0,0.045,-135.4,융합,-5.4,-130.1,1,0,04,14378461398811817291,0,21.321241,20.657963,21.957963,1.000000,0.100000,23.821241,23.821241,96,0
1789733975.463,37.3037392,127.9070123,4,86,0.215,0,0.020,-135.4,융합,-5.4,-130.1,1,0,04,14378461398811817291,0,21.321241,20.671241,21.971241,1.000000,0.100000,23.821241,23.821241,96,0
1789733975.563,37.3037392,127.9070123,4,86,0.215,0,0.121,-135.4,융합,-5.4,-130.1,1,0,04,14378461398811817291,0,21.321241,20.671241,21.971241,1.000000,0.100000,23.821241,23.821241,96,0
1789733975.663,37.3037392,127.9070123,4,86,0.215,0,0.098,-135.4,융합,-5.4,-130.1,1,0,04,14378461398811817291,0,21.321241,20.671241,21.971241,1.000000,0.100000,23.821241,23.821241,96,0
1789733975.763,37.3037392,127.9070123,4,86,0.215,0,0.073,-135.4,융합,-5.4,-130.1,1,0,04,14378461398811817291,0,21.321241,20.671241,21.971241,1.000000,0.100000,23.821241,23.821241,96,0
1789733975.864,37.3037392,127.9070123,4,86,0.215,0,0.042,-135.4,융합,-5.4,-130.1,1,0,04,14378461398811817291,0,21.321241,20.671241,21.971241,1.000000,0.100000,23.821241,23.821241,96,0
1789733975.963,37.3037392,127.9070123,4,86,0.215,0,0.027,-135.4,융합,-5.4,-130.1,1,0,04,14378461398811817291,0,21.321241,20.671241,21.971241,1.000000,0.100000,23.821241,23.821241,96,0
1789733976.063,37.3037392,127.9070123,4,86,0.215,0,0.127,-135.4,융합,-5.4,-130.1,1,0,04,14378461398811817291,0,21.321241,20.671241,21.971241,1.000000,0.100000,23.821241,23.821241,96,0
1789733976.163,37.3037392,127.9070123,4,86,0.215,0,0.080,-135.4,융합,-5.4,-130.1,1,0,04,14378461398811817291,0,21.321241,20.671241,21.971241,1.000000,0.100000,23.821241,23.821241,96,0
1789733976.263,37.3037392,127.9070123,4,86,0.215,0,0.066,-135.4,융합,-5.4,-130.1,1,0,04,14378461398811817291,0,21.321241,20.671241,21.971241,1.000000,0.100000,23.821241,23.821241,96,0
1789733976.363,37.3037392,127.9070123,4,86,0.215,0,0.049,-135.4,융합,-5.4,-130.1,1,0,04,14378461398811817291,0,21.321241,20.671241,21.971241,1.000000,0.100000,23.821241,23.821241,96,0
1789733976.463,37.3037392,127.9070123,4,86,0.215,0,0.025,-135.4,융합,-5.4,-130.1,1,0,04,14378461398811817291,0,21.321241,20.671241,21.971241,1.000000,0.100000,23.821241,23.821241,96,0
1789733976.563,37.3037392,127.9070123,4,86,0.215,0,0.125,-135.4,융합,-5.4,-130.1,1,0,04,14378461398811817291,0,21.321241,20.671241,21.971241,1.000000,0.100000,23.821241,23.821241,96,0
1789733976.664,37.3037392,127.9070123,4,86,0.215,0,0.099,-135.4,융합,-5.4,-130.1,1,0,04,14378461398811817291,0,21.321241,20.671241,21.971241,1.000000,0.100000,23.821241,23.821241,96,0
1789733976.763,37.3037392,127.9070123,4,86,0.215,0,0.071,-135.4,융합,-5.4,-130.1,1,0,04,14378461398811817291,0,21.321241,20.671241,21.971241,1.000000,0.100000,23.821241,23.821241,96,0
1789733976.863,37.3037392,127.9070123,4,86,0.215,0,0.048,-135.4,융합,-5.4,-130.1,1,0,04,14378461398811817291,0,21.321241,20.671241,21.971241,1.000000,0.100000,23.821241,23.821241,96,0
1789733976.963,37.3037392,127.9070123,4,86,0.215,0,0.025,-135.4,융합,-5.4,-130.1,1,0,04,14378461398811817291,0,21.321241,20.671241,21.971241,1.000000,0.100000,23.821241,23.821241,96,0
1789733977.063,37.3037392,127.9070123,4,86,0.215,0,0.125,-135.4,융합,-5.4,-130.1,1,0,04,14378461398811817291,0,21.321241,20.671241,21.971241,1.000000,0.100000,23.821241,23.821241,96,0
1789733977.163,37.3037392,127.9070123,4,86,0.215,0,0.091,-135.4,융합,-5.4,-130.1,1,0,04,14378461398811817291,0,21.321241,20.671241,21.971241,1.000000,0.100000,23.821241,23.821241,96,0
1789733977.263,37.3037392,127.9070123,4,86,0.215,0,0.072,-135.4,융합,-5.4,-130.1,1,0,04,14378461398811817291,0,21.321241,20.671241,21.971241,1.000000,0.100000,23.821241,23.821241,96,0
1789733977.363,37.3037392,127.9070123,4,86,0.215,0,0.047,-135.5,융합,-5.4,-130.1,1,0,04,14378461398811817291,0,21.321241,20.671241,21.971241,1.000000,0.100000,23.821241,23.821241,96,0
1789733977.463,37.3037392,127.9070123,4,86,0.215,0,0.022,-135.5,융합,-5.4,-130.1,1,0,04,14378461398811817291,0,21.321241,20.671241,21.971241,1.000000,0.100000,23.821241,23.821241,96,0
1789733977.563,37.3037392,127.9070123,4,86,0.215,0,0.122,-135.5,융합,-5.4,-130.1,1,0,04,14378461398811817291,0,21.321241,20.671241,21.971241,1.000000,0.100000,23.821241,23.821241,96,0
1789733977.663,37.3037393,127.9070123,4,86,0.228,0,0.097,-135.4,융합,-5.4,-130.1,1,0,04,14378461398811817291,0,21.307963,20.671241,21.971241,1.000000,0.100000,23.807963,23.807963,96,0
1789733977.763,37.3037393,127.9070123,4,86,0.228,0,0.071,-135.5,융합,-5.4,-130.1,1,0,04,14378461398811817291,0,21.307963,20.657963,21.957963,1.000000,0.100000,23.807963,23.807963,96,0
1789733977.863,37.3037393,127.9070123,4,86,0.228,0,0.049,-135.5,융합,-5.4,-130.1,1,0,04,14378461398811817291,0,21.307963,20.657963,21.957963,1.000000,0.100000,23.807963,23.807963,96,0
1789733977.963,37.3037392,127.9070123,4,86,0.215,0,0.024,-135.5,융합,-5.4,-130.1,1,0,04,14378461398811817291,0,21.321241,20.657963,21.957963,1.000000,0.100000,23.821241,23.821241,96,0
1789733978.063,37.3037392,127.9070123,4,86,0.215,0,0.125,-135.5,융합,-5.4,-130.1,1,0,04,14378461398811817291,0,21.321241,20.657963,21.957963,1.000000,0.100000,23.821241,23.821241,96,0
1789733978.163,37.3037392,127.9070123,4,86,0.215,0,0.085,-135.5,융합,-5.4,-130.1,1,0,04,14378461398811817291,0,21.321241,20.671241,21.971241,1.000000,0.100000,23.821241,23.821241,96,0
1789733978.263,37.3037392,127.9070123,4,86,0.215,0,0.065,-135.4,융합,-5.4,-130.1,1,0,04,14378461398811817291,0,21.321241,20.671241,21.971241,1.000000,0.100000,23.821241,23.821241,96,0
1789733978.363,37.3037392,127.9070123,4,86,0.215,0,0.044,-135.5,융합,-5.4,-130.1,1,0,04,14378461398811817291,0,21.321241,20.671241,21.971241,1.000000,0.100000,23.821241,23.821241,96,0
1789733978.463,37.3037392,127.9070123,4,86,0.215,0,0.019,-135.5,융합,-5.4,-130.1,1,0,04,14378461398811817291,0,21.321241,20.671241,21.971241,1.000000,0.100000,23.821241,23.821241,96,0
1789733978.563,37.3037392,127.9070123,4,86,0.215,0,0.119,-135.5,융합,-5.4,-130.1,1,0,04,14378461398811817291,0,21.321241,20.671241,21.971241,1.000000,0.100000,23.821241,23.821241,96,0
1789733978.663,37.3037392,127.9070123,4,86,0.215,0,0.095,-135.5,융합,-5.4,-130.1,1,0,04,14378461398811817291,0,21.321241,20.671241,21.971241,1.000000,0.100000,23.821241,23.821241,96,0
1789733978.763,37.3037392,127.9070123,4,86,0.215,0,0.077,-135.5,융합,-5.4,-130.1,1,0,04,14378461398811817291,0,21.321241,20.671241,21.971241,1.000000,0.100000,23.821241,23.821241,96,0
1789733978.863,37.3037392,127.9070123,4,86,0.215,0,0.042,-135.5,융합,-5.4,-130.1,1,0,04,14378461398811817291,0,21.321241,20.671241,21.971241,1.000000,0.100000,23.821241,23.821241,96,0
1789733978.963,37.3037392,127.9070123,4,86,0.215,0,0.022,-135.5,융합,-5.4,-130.1,1,0,04,14378461398811817291,0,21.321241,20.671241,21.971241,1.000000,0.100000,23.821241,23.821241,96,0
1789733979.063,37.3037392,127.9070123,4,86,0.215,0,0.122,-135.5,융합,-5.4,-130.1,1,0,04,14378461398811817291,0,21.321241,20.671241,21.971241,1.000000,0.100000,23.821241,23.821241,96,0
1789733979.163,37.3037392,127.9070123,4,86,0.215,0,0.088,-135.5,융합,-5.4,-130.1,1,0,04,14378461398811817291,0,21.321241,20.671241,21.971241,1.000000,0.100000,23.821241,23.821241,96,0
1789733979.263,37.3037392,127.9070123,4,86,0.215,0,0.074,-135.5,융합,-5.4,-130.1,1,0,04,14378461398811817291,0,21.321241,20.671241,21.971241,1.000000,0.100000,23.821241,23.821241,96,0
1789733979.363,37.3037392,127.9070123,4,86,0.215,0,0.048,-135.5,융합,-5.4,-130.1,1,0,04,14378461398811817291,0,21.321241,20.671241,21.971241,1.000000,0.100000,23.821241,23.821241,96,0
1789733979.463,37.3037392,127.9070123,4,86,0.215,0,0.024,-135.5,융합,-5.4,-130.1,1,0,04,14378461398811817291,0,21.321241,20.671241,21.971241,1.000000,0.100000,23.821241,23.821241,96,0
1789733979.563,37.3037392,127.9070123,4,86,0.215,0,0.007,-135.5,융합,-5.4,-130.1,1,0,04,14378461398811817291,0,21.321241,20.671241,21.971241,1.000000,0.100000,23.821241,23.821241,96,0
1789733979.663,37.3037392,127.9070123,4,86,0.215,0,0.107,-135.5,융합,-5.4,-130.1,1,0,04,14378461398811817291,0,21.321241,20.671241,21.971241,1.000000,0.100000,23.821241,23.821241,96,0
1789733979.763,37.3037392,127.9070123,4,86,0.215,0,0.071,-135.5,융합,-5.4,-130.1,1,0,04,14378461398811817291,0,21.321241,20.671241,21.971241,1.000000,0.100000,23.821241,23.821241,96,0
1789733979.864,37.3037392,127.9070123,4,86,0.215,0,0.042,-135.5,융합,-5.4,-130.1,1,0,04,14378461398811817291,0,21.321241,20.671241,21.971241,1.000000,0.100000,23.821241,23.821241,96,0
1789733979.963,37.3037392,127.9070123,4,86,0.215,0,0.025,-135.5,융합,-5.4,-130.1,1,0,04,14378461398811817291,0,21.321241,20.671241,21.971241,1.000000,0.100000,23.821241,23.821241,96,0
1789733980.063,37.3037392,127.9070123,4,86,0.215,0,0.125,-135.5,융합,-5.4,-130.1,1,0,04,14378461398811817291,0,21.321241,20.671241,21.971241,1.000000,0.100000,23.821241,23.821241,96,0
1789733980.163,37.3037392,127.9070123,4,86,0.215,0,0.086,-135.5,융합,-5.4,-130.1,1,0,04,14378461398811817291,0,21.321241,20.671241,21.971241,1.000000,0.100000,23.821241,23.821241,96,0
1789733980.263,37.3037392,127.9070123,4,86,0.215,0,0.061,-135.5,융합,-5.4,-130.1,1,0,04,14378461398811817291,0,21.321241,20.671241,21.971241,1.000000,0.100000,23.821241,23.821241,96,0
1789733980.363,37.3037392,127.9070123,4,86,0.215,0,0.041,-135.5,융합,-5.4,-130.1,1,0,04,14378461398811817291,0,21.321241,20.671241,21.971241,1.000000,0.100000,23.821241,23.821241,96,0
1789733980.463,37.3037392,127.9070123,4,86,0.215,0,0.023,-135.5,융합,-5.4,-130.1,1,0,04,14378461398811817291,0,21.321241,20.671241,21.971241,1.000000,0.100000,23.821241,23.821241,96,0
1789733980.563,37.3037392,127.9070123,4,86,0.215,0,0.123,-135.5,융합,-5.4,-130.1,1,0,04,14378461398811817291,0,21.321241,20.671241,21.971241,1.000000,0.100000,23.821241,23.821241,96,0
1789733980.663,37.3037392,127.9070123,4,86,0.215,0,0.092,-135.5,융합,-5.4,-130.1,1,0,04,14378461398811817291,0,21.321241,20.671241,21.971241,1.000000,0.100000,23.821241,23.821241,96,0
1789733980.763,37.3037392,127.9070123,4,86,0.215,0,0.066,-135.5,융합,-5.4,-130.1,1,0,04,14378461398811817291,0,21.321241,20.671241,21.971241,1.000000,0.100000,23.821241,23.821241,96,0
1789733980.863,37.3037392,127.9070123,4,86,0.215,0,0.038,-135.5,융합,-5.4,-130.1,1,0,04,14378461398811817291,0,21.321241,20.671241,21.971241,1.000000,0.100000,23.821241,23.821241,96,0
1789733980.963,37.3037392,127.9070123,4,86,0.215,0,0.018,-135.5,융합,-5.4,-130.1,1,0,04,14378461398811817291,0,21.321241,20.671241,21.971241,1.000000,0.100000,23.821241,23.821241,96,0
1789733981.063,37.3037392,127.9070123,4,86,0.215,0,0.118,-135.4,융합,-5.4,-130.1,1,0,04,14378461398811817291,0,21.321241,20.671241,21.971241,1.000000,0.100000,23.821241,23.821241,96,0
1789733981.163,37.3037392,127.9070123,4,86,0.215,0,0.082,-135.4,융합,-5.4,-130.1,1,0,04,14378461398811817291,0,21.321241,20.671241,21.971241,1.000000,0.100000,23.821241,23.821241,96,0
1789733981.263,37.3037392,127.9070123,4,86,0.215,0,0.063,-135.4,융합,-5.4,-130.1,1,0,04,14378461398811817291,0,21.321241,20.671241,21.971241,1.000000,0.100000,23.821241,23.821241,96,0
1789733981.363,37.3037392,127.9070123,4,86,0.215,0,0.050,-135.4,융합,-5.4,-130.1,1,0,04,14378461398811817291,0,21.321241,20.671241,21.971241,1.000000,0.100000,23.821241,23.821241,96,0
1789733981.463,37.3037392,127.9070123,4,86,0.215,0,0.023,-135.4,융합,-5.4,-130.1,1,0,04,14378461398811817291,0,21.321241,20.671241,21.971241,1.000000,0.100000,23.821241,23.821241,96,0
1789733981.563,37.3037392,127.9070123,4,86,0.215,0,0.123,-135.4,융합,-5.4,-130.1,1,0,04,14378461398811817291,0,21.321241,20.671241,21.971241,1.000000,0.100000,23.821241,23.821241,96,0
1789733981.663,37.3037392,127.9070123,4,86,0.215,0,0.098,-135.5,융합,-5.4,-130.1,1,0,04,14378461398811817291,0,21.321241,20.671241,21.971241,1.000000,0.100000,23.821241,23.821241,96,0
1789733981.763,37.3037392,127.9070123,4,86,0.215,0,0.074,-135.4,융합,-5.4,-130.1,1,0,04,14378461398811817291,0,21.321241,20.671241,21.971241,1.000000,0.100000,23.821241,23.821241,96,0
1789733981.863,37.3037392,127.9070123,4,86,0.215,0,0.038,-135.4,융합,-5.4,-130.1,1,0,04,14378461398811817291,0,21.321241,20.671241,21.971241,1.000000,0.100000,23.821241,23.821241,96,0
1789733981.963,37.3037392,127.9070123,4,86,0.215,0,0.018,-135.4,융합,-5.4,-130.1,1,0,04,14378461398811817291,0,21.321241,20.671241,21.971241,1.000000,0.100000,23.821241,23.821241,96,0
1789733982.063,37.3037392,127.9070123,4,86,0.215,0,0.118,-135.4,융합,-5.4,-130.1,1,0,04,14378461398811817291,0,21.321241,20.671241,21.971241,1.000000,0.100000,23.821241,23.821241,96,0
1789733982.163,37.3037393,127.9070123,4,86,0.228,0,0.075,-135.4,융합,-5.4,-130.1,1,0,04,14378461398811817291,0,21.307963,20.671241,21.971241,1.000000,0.100000,23.807963,23.807963,96,0
1789733982.263,37.3037392,127.9070123,4,86,0.215,0,0.064,-135.4,융합,-5.4,-130.1,1,0,04,14378461398811817291,0,21.321241,20.657963,21.957963,1.000000,0.100000,23.821241,23.821241,96,0
1789733982.363,37.3037392,127.9070123,4,86,0.215,0,0.049,-135.4,융합,-5.4,-130.1,1,0,04,14378461398811817291,0,21.321241,20.671241,21.971241,1.000000,0.100000,23.821241,23.821241,96,0
1789733982.464,37.3037392,127.9070123,4,86,0.215,0,0.025,-135.4,융합,-5.4,-130.1,1,0,04,14378461398811817291,0,21.321241,20.671241,21.971241,1.000000,0.100000,23.821241,23.821241,96,0
1789733982.563,37.3037392,127.9070123,4,86,0.215,0,0.125,-135.4,융합,-5.4,-130.1,1,0,04,14378461398811817291,0,21.321241,20.671241,21.971241,1.000000,0.100000,23.821241,23.821241,96,0
1789733982.663,37.3037392,127.9070123,4,86,0.215,0,0.100,-135.4,융합,-5.4,-130.1,1,0,04,14378461398811817291,0,21.321241,20.671241,21.971241,1.000000,0.100000,23.821241,23.821241,96,0
1789733982.763,37.3037392,127.9070123,4,86,0.215,0,0.070,-135.4,융합,-5.4,-130.1,1,0,04,14378461398811817291,0,21.321241,20.671241,21.971241,1.000000,0.100000,23.821241,23.821241,96,0
1789733982.863,37.3037392,127.9070123,4,86,0.215,0,0.045,-135.4,융합,-5.4,-130.1,1,0,04,14378461398811817291,0,21.321241,20.671241,21.971241,1.000000,0.100000,23.821241,23.821241,96,0
1789733982.964,37.3037392,127.9070123,4,86,0.215,0,0.025,-135.4,융합,-5.4,-130.1,1,0,04,14378461398811817291,0,21.321241,20.671241,21.971241,1.000000,0.100000,23.821241,23.821241,96,0
1789733983.063,37.3037392,127.9070123,4,86,0.215,0,0.125,-135.4,융합,-5.4,-130.1,1,0,04,14378461398811817291,0,21.321241,20.671241,21.971241,1.000000,0.100000,23.821241,23.821241,96,0
1789733983.163,37.3037392,127.9070123,4,86,0.215,0,0.088,-135.4,융합,-5.4,-130.1,1,0,04,14378461398811817291,0,21.321241,20.671241,21.971241,1.000000,0.100000,23.821241,23.821241,96,0
1789733983.263,37.3037392,127.9070123,4,86,0.215,0,0.076,-135.4,융합,-5.4,-130.1,1,0,04,14378461398811817291,0,21.321241,20.671241,21.971241,1.000000,0.100000,23.821241,23.821241,96,0
1789733983.363,37.3037392,127.9070123,4,86,0.215,0,0.043,-135.4,융합,-5.4,-130.1,1,0,04,14378461398811817291,0,21.321241,20.671241,21.971241,1.000000,0.100000,23.821241,23.821241,96,0
1789733983.463,37.3037392,127.9070123,4,86,0.215,0,0.021,-135.4,융합,-5.4,-130.1,1,0,04,14378461398811817291,0,21.321241,20.671241,21.971241,1.000000,0.100000,23.821241,23.821241,96,0
1789733983.563,37.3037392,127.9070123,4,86,0.215,0,0.121,-135.4,융합,-5.4,-130.1,1,0,04,14378461398811817291,0,21.321241,20.671241,21.971241,1.000000,0.100000,23.821241,23.821241,96,0
1789733983.663,37.3037392,127.9070123,4,86,0.215,0,0.095,-135.4,융합,-5.4,-130.1,1,0,04,14378461398811817291,0,21.321241,20.671241,21.971241,1.000000,0.100000,23.821241,23.821241,96,0
1789733983.763,37.3037392,127.9070123,4,86,0.215,0,0.067,-135.5,융합,-5.4,-130.1,1,0,04,14378461398811817291,0,21.321241,20.671241,21.971241,1.000000,0.100000,23.821241,23.821241,96,0
1789733983.863,37.3037392,127.9070123,4,86,0.215,0,0.040,-135.5,융합,-5.4,-130.1,1,0,04,14378461398811817291,0,21.321241,20.671241,21.971241,1.000000,0.100000,23.821241,23.821241,96,0
1789733983.963,37.3037393,127.9070123,4,86,0.228,0,0.020,-135.5,융합,-5.4,-130.1,1,0,04,14378461398811817291,0,21.307963,20.671241,21.971241,1.000000,0.100000,23.807963,23.807963,96,0
1789733984.063,37.3037393,127.9070123,4,86,0.228,0,0.120,-135.5,융합,-5.4,-130.1,1,0,04,14378461398811817291,0,21.307963,20.671241,21.971241,1.000000,0.100000,23.807963,23.807963,96,0
1789733984.163,37.3037392,127.9070123,4,86,0.215,0,0.089,-135.5,융합,-5.4,-130.1,1,0,04,14378461398811817291,0,21.321241,20.657963,21.957963,1.000000,0.100000,23.821241,23.821241,96,0
1789733984.263,37.3037392,127.9070123,4,86,0.215,0,0.062,-135.5,융합,-5.4,-130.1,1,0,04,14378461398811817291,0,21.321241,20.671241,21.971241,1.000000,0.100000,23.821241,23.821241,96,0
1789733984.363,37.3037392,127.9070123,4,86,0.215,0,0.041,-135.5,융합,-5.4,-130.1,1,0,04,14378461398811817291,0,21.321241,20.671241,21.971241,1.000000,0.100000,23.821241,23.821241,96,0
1789733984.463,37.3037392,127.9070123,4,86,0.215,0,0.017,-135.5,융합,-5.4,-130.1,1,0,04,14378461398811817291,0,21.321241,20.671241,21.971241,1.000000,0.100000,23.821241,23.821241,96,0
1789733984.563,37.3037392,127.9070123,4,86,0.215,0,0.118,-135.4,융합,-5.4,-130.1,1,0,04,14378461398811817291,0,21.321241,20.671241,21.971241,1.000000,0.100000,23.821241,23.821241,96,0
1789733984.663,37.3037392,127.9070123,4,86,0.215,0,0.094,-135.4,융합,-5.4,-130.1,1,0,04,14378461398811817291,0,21.321241,20.671241,21.971241,1.000000,0.100000,23.821241,23.821241,96,0
1789733984.764,37.3037392,127.9070123,4,86,0.215,0,0.067,-135.5,융합,-5.4,-130.1,1,0,04,14378461398811817291,0,21.321241,20.671241,21.971241,1.000000,0.100000,23.821241,23.821241,96,0
1789733984.863,37.3037392,127.9070123,4,86,0.215,0,0.039,-135.4,융합,-5.4,-130.1,1,0,04,14378461398811817291,0,21.321241,20.671241,21.971241,1.000000,0.100000,23.821241,23.821241,96,0
1789733984.963,37.3037392,127.9070123,4,86,0.215,0,0.026,-135.4,융합,-5.4,-130.1,1,0,04,14378461398811817291,0,21.321241,20.671241,21.971241,1.000000,0.100000,23.821241,23.821241,96,0
1789733985.063,37.3037392,127.9070123,4,86,0.215,0,0.126,-135.4,융합,-5.4,-130.1,1,0,04,14378461398811817291,0,21.321241,20.671241,21.971241,1.000000,0.100000,23.821241,23.821241,96,0
1789733985.163,37.3037393,127.9070123,4,86,0.228,0,0.083,-135.4,융합,-5.4,-130.1,1,0,04,14378461398811817291,0,21.307963,20.821241,21.821241,0.000000,0.100000,23.807963,23.807963,96,0
1789733985.263,37.3037392,127.9070123,4,86,0.215,0,0.068,-135.4,융합,-5.4,-130.1,1,0,04,14378461398811817291,0,21.321241,20.807963,21.807963,0.000000,0.100000,23.821241,23.821241,96,0
1789733985.363,37.3037392,127.9070123,4,86,0.215,0,0.048,-135.4,융합,-5.4,-130.1,1,0,04,14378461398811817291,0,21.321241,20.671241,21.971241,1.000000,0.100000,23.821241,23.821241,96,0
1789733985.463,37.3037392,127.9070123,4,86,0.215,0,0.023,-135.4,융합,-5.4,-130.1,1,0,04,14378461398811817291,0,21.321241,20.671241,21.971241,1.000000,0.100000,23.821241,23.821241,96,0
1789733985.563,37.3037392,127.9070123,4,86,0.215,0,0.123,-135.4,융합,-5.4,-130.1,1,0,04,14378461398811817291,0,21.321241,20.671241,21.971241,1.000000,0.100000,23.821241,23.821241,96,0
1789733985.663,37.3037392,127.9070123,4,86,0.215,0,0.095,-135.4,융합,-5.4,-130.1,1,0,04,14378461398811817291,0,21.321241,20.671241,21.971241,1.000000,0.100000,23.821241,23.821241,96,0
1789733985.763,37.3037392,127.9070123,4,86,0.215,0,0.068,-135.4,융합,-5.4,-130.1,1,0,04,14378461398811817291,0,21.321241,20.671241,21.971241,1.000000,0.100000,23.821241,23.821241,96,0
1789733985.863,37.3037392,127.9070123,4,86,0.215,0,0.045,-135.5,융합,-5.4,-130.1,1,0,04,14378461398811817291,0,21.321241,20.671241,21.971241,1.000000,0.100000,23.821241,23.821241,96,0
1789733985.963,37.3037392,127.9070123,4,86,0.215,0,0.019,-135.5,융합,-5.4,-130.1,1,0,04,14378461398811817291,0,21.321241,20.671241,21.971241,1.000000,0.100000,23.821241,23.821241,96,0
1789733986.063,37.3037392,127.9070123,4,86,0.215,0,0.119,-135.5,융합,-5.4,-130.1,1,0,04,14378461398811817291,0,21.321241,20.671241,21.971241,1.000000,0.100000,23.821241,23.821241,96,0
1789733986.164,37.3037392,127.9070123,4,86,0.215,0,0.081,-135.5,융합,-5.4,-130.1,1,0,04,14378461398811817291,0,21.321241,20.671241,21.971241,1.000000,0.100000,23.821241,23.821241,96,0
1789733986.263,37.3037392,127.9070123,4,86,0.215,0,0.071,-135.5,융합,-5.4,-130.1,1,0,04,14378461398811817291,0,21.321241,20.671241,21.971241,1.000000,0.100000,23.821241,23.821241,96,0
1789733986.363,37.3037392,127.9070123,4,86,0.215,0,0.050,-135.4,융합,-5.4,-130.1,1,0,04,14378461398811817291,0,21.321241,20.671241,21.971241,1.000000,0.100000,23.821241,23.821241,96,0
1789733986.463,37.3037392,127.9070123,4,86,0.215,0,0.026,-135.4,융합,-5.4,-130.1,1,0,04,14378461398811817291,0,21.321241,20.671241,21.971241,1.000000,0.100000,23.821241,23.821241,96,0
1789733986.563,37.3037392,127.9070123,4,86,0.215,0,0.126,-135.4,융합,-5.4,-130.1,1,0,04,14378461398811817291,0,21.321241,20.671241,21.971241,1.000000,0.100000,23.821241,23.821241,96,0
1789733986.663,37.3037392,127.9070123,4,86,0.215,0,0.099,-135.5,융합,-5.4,-130.1,1,0,04,14378461398811817291,0,21.321241,20.671241,21.971241,1.000000,0.100000,23.821241,23.821241,96,0
1789733986.763,37.3037392,127.9070123,4,86,0.215,0,0.073,-135.2,융합,-5.1,-130.1,1,0,04,14378461398811817291,0,21.321241,20.671241,21.971241,1.000000,0.100000,23.821241,23.821241,96,0
1789733986.864,37.3037392,127.9070123,4,86,0.215,0,0.048,-134.7,융합,-4.6,-130.1,1,0,04,14378461398811817291,0,21.321241,20.671241,21.971241,1.000000,0.100000,23.821241,23.821241,96,0
1789733986.963,37.3037390,127.9070122,4,86,0.213,0,0.020,-133.7,융합,-3.6,-130.1,1,0,04,14378461398811817291,0,21.344826,20.671241,21.971241,1.000000,0.100000,23.844826,23.844826,96,0
1789733987.064,37.3037390,127.9070122,4,86,0.213,0,0.120,-132.4,융합,-2.4,-130.1,1,0,04,14378461398811817291,0,21.344826,20.671241,21.971241,1.000000,0.100000,23.844826,23.844826,96,0
1789733987.163,37.3037388,127.9070120,4,86,0.210,0,0.088,-130.9,융합,-0.8,-130.1,1,0,04,14378461398811817291,0,21.368412,20.694826,21.994826,1.000000,0.100000,23.868412,23.868412,96,0
1789733987.263,37.3037385,127.9070118,4,86,0.195,0,0.070,-129.2,융합,0.9,-130.1,1,0,04,14378461398811817291,0,21.405275,20.718412,22.018412,1.000000,0.100000,23.905275,23.915395,96,1
1789733987.364,37.3037378,127.9070115,4,86,0.166,0,0.048,-127.2,융합,2.8,-130.1,1,0,04,14378461398811817291,0,21.474779,20.755275,22.055275,1.000000,0.100000,23.974779,23.974779,96,0
1789733987.463,37.3037372,127.9070112,4,87,0.137,0,0.027,-125.0,융합,5.0,-130.1,1,0,04,14378461398811817291,0,21.549268,20.824779,22.124779,1.000000,0.100000,24.049268,24.049268,97,0
1789733987.564,37.3037365,127.9070107,4,87,0.119,0,0.005,-122.8,융합,7.3,-130.1,1,0,04,14378461398811817291,0,21.633790,20.899268,22.199268,1.000000,0.100000,24.133790,24.133790,97,0
1789733987.663,37.3037365,127.9070107,4,87,0.119,0,0.104,-120.5,융합,9.6,-130.1,1,0,04,14378461398811817291,0,21.633790,20.899268,22.199268,1.000000,0.100000,24.133790,24.133790,97,0
1789733987.763,37.3037357,127.9070103,4,87,0.076,0,0.077,-118.2,융합,11.8,-130.1,1,0,04,14378461398811817291,0,21.724079,20.983790,22.283790,1.000000,0.100000,24.224079,24.224079,97,0
1789733987.863,37.3037348,127.9070100,4,88,0.032,0,0.049,-115.9,융합,14.1,-130.1,1,0,04,14378461398811817291,0,21.810948,21.074079,22.374079,1.000000,0.100000,24.310948,24.310948,98,0
1789733987.963,37.3037338,127.9070097,4,88,0.025,0,0.028,-113.9,융합,16.2,-130.1,1,0,04,14378461398811817291,0,21.911055,21.160948,22.460948,1.000000,0.100000,24.411055,24.415595,98,1
1789733988.063,37.3037338,127.9070097,4,88,0.025,0,0.128,-112.1,융합,18.0,-130.1,1,0,04,14378461398811817291,0,21.911055,21.160948,22.460948,1.000000,0.100000,24.411055,24.415595,98,1
1789733988.163,37.3037328,127.9070092,4,88,0.069,0,0.089,-110.5,융합,19.5,-130.1,1,0,04,14378461398811817291,0,22.023513,21.261055,22.561055,1.000000,0.100000,24.523513,24.523513,98,0
1789733988.263,37.3037318,127.9070090,4,89,0.133,0,0.076,-109.2,융합,20.8,-130.1,1,0,04,14378461398811817291,0,22.115178,21.373513,22.673513,1.000000,0.100000,24.615178,24.615178,99,0
1789733988.363,37.3037308,127.9070088,4,89,0.199,0,0.052,-108.1,융합,21.9,-130.1,1,0,04,14378461398811817291,0,22.201750,21.465178,22.765178,1.000000,0.100000,24.701750,24.701750,99,0
1789733988.463,37.3037300,127.9070085,4,89,0.243,0,0.027,-107.2,융합,22.8,-130.1,1,0,04,14378461398811817291,0,22.288754,21.551750,22.851750,1.000000,0.100000,24.788754,24.788754,99,0
1789733988.563,37.3037288,127.9070082,4,90,0.313,0,0.008,-106.6,융합,23.5,-130.1,1,0,04,14378461398811817291,0,22.402313,21.638754,22.938754,1.000000,0.100000,24.902313,24.915775,100,1
1789733988.663,37.3037288,127.9070082,4,90,0.313,0,0.108,-106.7,융합,23.4,-130.1,1,0,04,14378461398811817291,0,22.402313,21.638754,22.938754,1.000000,0.100000,24.902313,24.915775,100,1
1789733988.763,37.3037280,127.9070080,4,90,0.365,0,0.074,-106.9,융합,23.1,-130.1,1,0,04,14378461398811817291,0,22.487262,21.752313,23.052313,1.000000,0.100000,24.987262,24.987262,100,0
1789733988.863,37.3037270,127.9070075,4,91,0.409,0,0.048,-107.6,융합,22.5,-130.1,1,0,04,14378461398811817291,0,22.598862,21.837262,23.137262,1.000000,0.100000,25.098862,25.098862,101,0
1789733988.963,37.3037260,127.9070072,4,91,0.464,0,0.025,-108.2,융합,21.9,-130.1,1,0,04,14378461398811817291,0,22.689942,21.948862,23.248862,1.000000,0.100000,25.189942,25.169325,101,1
1789733989.063,37.3037260,127.9070072,4,91,0.464,0,0.125,-109.2,융합,20.9,-130.1,1,0,04,14378461398811817291,0,22.689942,21.948862,23.248862,1.000000,0.100000,25.189942,25.169325,101,1
1789733989.163,37.3037250,127.9070068,4,91,0.521,0,0.091,-110.4,융합,19.7,-130.1,1,0,04,14378461398811817291,0,22.790224,22.039942,23.339942,1.000000,0.100000,25.290224,25.290224,101,0
1789733989.263,37.3037240,127.9070063,4,92,0.567,0,0.075,-111.7,융합,18.4,-130.1,1,0,04,14378461398811817291,0,22.900813,22.140224,23.440224,1.000000,0.100000,25.400813,25.416771,102,1
1789733989.364,37.3037232,127.9070058,4,92,0.598,0,0.049,-112.9,융합,17.1,-130.1,1,0,04,14378461398811817291,0,23.013458,22.250813,23.550813,1.000000,0.100000,25.513458,25.513458,102,0
1789733989.463,37.3037223,127.9070052,4,93,0.617,0,0.026,-114.2,융합,15.8,-130.1,1,0,04,14378461398811817291,0,23.121620,22.363458,23.663458,1.000000,0.100000,25.621620,25.621620,103,0
1789733989.563,37.3037223,127.9070052,4,93,0.617,0,0.126,-115.6,융합,14.4,-130.1,1,0,04,14378461398811817291,0,23.121620,22.363458,23.663458,1.000000,0.100000,25.621620,25.621620,103,0
1789733989.663,37.3037213,127.9070047,4,93,0.662,0,0.095,-117.2,융합,12.8,-130.1,1,0,04,14378461398811817291,0,23.214378,22.471620,23.771620,1.000000,0.100000,25.714378,25.714378,103,0
1789733989.763,37.3037205,127.9070040,4,94,0.685,0,0.065,-119.0,융합,11.1,-130.1,1,0,04,14378461398811817291,0,23.321927,22.564378,23.864378,1.000000,0.100000,25.821927,25.821927,104,0
1789733989.863,37.3037197,127.9070033,4,94,0.707,0,0.038,-120.7,융합,9.4,-130.1,1,0,04,14378461398811817291,0,23.449780,22.671927,23.971927,1.000000,0.100000,25.949780,25.949780,104,0
1789733989.963,37.3037187,127.9070027,4,95,0.740,0,0.016,-122.6,융합,7.5,-130.1,1,0,04,14378461398811817291,0,23.571547,22.799780,24.099780,1.000000,0.100000,26.071547,26.071547,105,0
1789733990.063,37.3037187,127.9070027,4,95,0.740,0,0.117,-124.7,융합,5.4,-130.1,1,0,04,14378461398811817291,0,23.571547,22.799780,24.099780,1.000000,0.100000,26.071547,26.071547,105,0
1789733990.163,37.3037178,127.9070018,4,95,0.749,0,0.085,-127.1,융합,2.9,-130.1,1,0,04,14378461398811817291,0,23.689742,22.921547,24.221547,1.000000,0.100000,26.189742,26.189742,105,0
1789733990.263,37.3037170,127.9070008,4,96,0.747,0,0.068,-129.7,융합,0.3,-130.1,1,0,04,14378461398811817291,0,23.817972,23.039742,24.339742,1.000000,0.100000,26.317972,26.317972,106,0
1789733990.363,37.3037163,127.9070000,4,96,0.743,0,0.048,-133.2,융합,-3.2,-130.1,1,0,04,14378461398811817291,0,23.915395,23.167972,24.467972,1.000000,0.100000,26.415395,26.417171,106,1
1789733990.463,37.3037157,127.9069990,4,96,0.732,0,0.019,-137.1,융합,-7.1,-130.1,1,0,04,14378461398811817291,0,24.016233,23.265395,24.565395,1.000000,0.100000,26.516233,26.516233,106,0
1789733990.563,37.3037157,127.9069990,4,96,0.732,0,0.119,-141.2,융합,-11.2,-130.1,1,0,04,14378461398811817291,0,24.016233,23.265395,24.565395,1.000000,0.100000,26.516233,26.516233,106,0
1789733990.663,37.3037152,127.9069977,4,97,0.687,0,0.096,-145.4,융합,-15.3,-130.1,1,0,04,14378461398811817291,0,24.138669,23.366233,24.666233,1.000000,0.100000,26.638669,26.638669,107,0
1789733990.763,37.3037147,127.9069965,4,97,0.649,0,0.068,-149.4,융합,-19.4,-130.1,1,0,04,14378461398811817291,0,24.269432,23.488669,24.788669,1.000000,0.100000,26.769432,26.769432,107,0
1789733990.863,37.3037142,127.9069953,4,98,0.611,0,0.040,-153.6,융합,-23.6,-130.1,1,0,04,14378461398811817291,0,24.380486,23.619432,24.919432,1.000000,0.100000,26.880486,26.880486,108,0
1789733990.963,37.3037140,127.9069940,4,98,0.539,0,0.016,-157.5,융합,-27.5,-130.1,1,0,04,14378461398811817291,0,24.460579,23.730486,25.030486,1.000000,0.100000,26.960579,26.960579,108,0
1789733991.063,37.3037140,127.9069940,4,98,0.539,0,0.116,-161.2,융합,-31.1,-130.1,1,0,04,14378461398811817291,0,24.460579,23.730486,25.030486,1.000000,0.100000,26.960579,26.960579,108,0
1789733991.163,37.3037137,127.9069927,4,99,0.480,0,0.086,-165.1,융합,-35.1,-130.1,1,0,04,14378461398811817291,0,24.569597,23.810579,25.110579,1.000000,0.100000,27.069597,27.069597,109,0
1789733991.263,37.3037137,127.9069913,4,99,0.396,0,0.068,-168.8,융합,-38.7,-130.1,1,0,04,14378461398811817291,0,24.652060,23.919597,25.219597,1.000000,0.100000,27.152060,27.164797,109,1
1789733991.363,37.3037135,127.9069900,4,99,0.322,0,0.056,-172.1,융합,-42.1,-130.1,1,0,04,14378461398811817291,0,24.755089,24.002060,25.302060,1.000000,0.100000,27.255089,27.255089,109,0
1789733991.463,37.3037137,127.9069885,4,100,0.213,0,0.027,-175.4,융합,-45.3,-130.1,1,0,04,14378461398811817291,0,24.832128,24.105089,25.405089,1.000000,0.100000,27.332128,27.332128,110,0
1789733991.563,37.3037137,127.9069872,4,100,0.126,0,0.004,-178.6,융합,-48.5,-130.1,1,0,04,14378461398811817291,0,24.912665,24.182128,25.482128,1.000000,0.100000,27.412665,27.418346,110,1
1789733991.663,37.3037137,127.9069872,4,100,0.126,0,0.104,178.7,융합,-51.2,-130.1,1,0,04,14378461398811817291,0,24.912665,24.182128,25.482128,1.000000,0.100000,27.412665,27.418346,110,1
1789733991.763,37.3037140,127.9069857,4,100,0.005,0,0.069,176.1,융합,-53.8,-130.1,1,0,04,14378461398811817291,0,24.976035,24.262665,25.562665,1.000000,0.100000,27.476035,27.476035,110,0
1789733991.863,37.3037142,127.9069845,4,100,0.082,0,0.043,173.8,융합,-56.1,-130.1,1,0,04,14378461398811817291,0,25.034913,24.326035,25.626035,1.000000,0.100000,27.534913,27.534913,110,0
1789733991.963,37.3037143,127.9069830,4,101,0.190,0,0.018,171.9,융합,-58.0,-130.1,1,0,04,14378461398811817291,0,25.114406,24.384913,25.684913,1.000000,0.100000,27.614406,27.614406,111,0
1789733992.063,37.3037143,127.9069830,4,101,0.190,0,0.118,170.6,융합,-59.3,-130.1,1,0,04,14378461398811817291,0,25.114406,24.384913,25.684913,1.000000,0.100000,27.614406,27.614406,111,0
1789733992.163,37.3037147,127.9069818,4,101,0.290,0,0.078,169.5,융합,-60.5,-130.1,1,0,04,14378461398811817291,0,25.160006,24.464406,25.764406,1.000000,0.100000,27.660006,27.665792,111,1
1789733992.263,37.3037148,127.9069803,4,101,0.399,0,0.072,168.4,융합,-61.6,-130.1,1,0,04,14378461398811817291,0,25.229295,24.510006,25.810006,1.000000,0.100000,27.729295,27.729295,111,0
1789733992.363,37.3037150,127.9069790,4,102,0.498,0,0.046,167.3,융합,-62.6,-130.1,1,0,04,14378461398811817291,0,25.295962,24.579295,25.879295,1.000000,0.100000,27.795962,27.795962,112,0
1789733992.463,37.3037155,127.9069777,4,102,0.623,0,0.021,167.2,융합,-62.7,-130.1,1,0,04,14378461398811817291,0,25.335419,24.645962,25.945962,1.000000,0.100000,27.835419,27.835419,112,0
1789733992.563,37.3037155,127.9069777,4,102,0.623,0,0.121,168.1,융합,-61.9,-130.1,1,0,04,14378461398811817291,0,25.335419,24.645962,25.945962,1.000000,0.100000,27.835419,27.835419,112,0
1789733992.663,37.3037155,127.9069762,4,102,0.720,0,0.096,169.8,융합,-60.2,-130.1,1,0,04,14378461398811817291,0,25.446381,24.685419,25.985419,1.000000,0.100000,27.946381,27.946381,112,0
1789733992.763,37.3037158,127.9069748,4,102,0.830,0,0.071,172.3,융합,-57.7,-130.1,1,0,04,14378461398811817291,0,25.502628,24.796381,26.096381,1.000000,0.100000,28.002628,28.002628,112,0
1789733992.863,37.3037157,127.9069735,4,103,0.901,0,0.045,174.8,융합,-55.2,-130.1,1,0,04,14378461398811817291,0,25.598588,24.852628,26.152628,1.000000,0.100000,28.098588,28.098588,113,0
1789733992.963,37.3037155,127.9069720,4,103,0.984,0,0.023,177.3,융합,-52.6,-130.1,1,0,04,14378461398811817291,0,25.676680,24.948588,26.248588,1.000000,0.100000,28.176680,28.165992,113,1
1789733993.063,37.3037155,127.9069720,4,103,0.984,0,0.123,-179.2,융합,-49.1,-130.1,1,0,04,14378461398811817291,0,25.676680,24.948588,26.248588,1.000000,0.100000,28.176680,28.165992,113,1
1789733993.163,37.3037153,127.9069707,4,103,1.057,0,0.098,-176.0,융합,-45.9,-130.1,1,0,04,14378461398811817291,0,25.770557,25.026680,26.326680,1.000000,0.100000,28.270557,28.270557,113,0
1789733993.264,37.3037152,127.9069693,4,104,1.131,0,0.069,-172.9,융합,-42.8,-130.1,1,0,04,14378461398811817291,0,25.864434,25.120557,26.420557,1.000000,0.100000,28.364434,28.364434,114,0
1789733993.363,37.3037148,127.9069680,4,104,1.193,0,0.046,-170.2,융합,-40.1,-130.1,1,0,04,14378461398811817291,0,25.971917,25.214434,26.514434,1.000000,0.100000,28.471917,28.471917,114,0
1789733993.463,37.3037143,127.9069668,4,105,1.231,0,0.021,-167.3,융합,-37.3,-130.1,1,0,04,14378461398811817291,0,26.082970,25.321917,26.621917,1.000000,0.100000,28.582970,28.582970,115,0
1789733993.563,37.3037138,127.9069655,4,105,1.278,0,0.007,-164.5,융합,-34.4,-130.1,1,0,04,14378461398811817291,0,26.240741,25.432970,26.732970,1.000000,0.100000,28.740741,28.740741,115,0
1789733993.663,37.3037138,127.9069655,4,105,1.278,0,0.107,-161.5,융합,-31.5,-130.1,1,0,04,14378461398811817291,0,26.240741,25.432970,26.732970,1.000000,0.100000,28.740741,28.740741,115,0
1789733993.764,37.3037135,127.9069642,4,106,1.336,0,0.078,-158.6,융합,-28.5,-130.1,1,0,04,14378461398811817291,0,26.349939,25.590741,26.890741,1.000000,0.100000,28.849939,28.849939,116,0
1789733993.863,37.3037128,127.9069630,4,106,1.359,0,0.052,-155.5,융합,-25.4,-130.1,1,0,04,14378461398811817291,0,26.436303,25.699939,26.999939,1.000000,0.100000,28.936303,28.913619,116,1
1789733993.963,37.3037120,127.9069620,4,107,1.361,0,0.034,-152.9,융합,-22.9,-130.1,1,0,04,14378461398811817291,0,26.564532,25.786303,27.086303,1.000000,0.100000,29.064532,29.064532,117,0
1789733994.063,37.3037120,127.9069620,4,107,1.361,0,0.134,-150.2,융합,-20.1,-130.1,1,0,04,14378461398811817291,0,26.564532,25.786303,27.086303,1.000000,0.100000,29.064532,29.064532,117,0
1789733994.163,37.3037115,127.9069608,4,107,1.398,0,0.089,-147.1,융합,-17.1,-130.1,1,0,04,14378461398811817291,0,26.711399,25.914532,27.214532,1.000000,0.100000,29.211399,29.211399,117,0
1789733994.263,37.3037107,127.9069598,4,108,1.396,0,0.079,-144.3,융합,-14.2,-130.1,1,0,04,14378461398811817291,0,26.839635,26.061399,27.361399,1.000000,0.100000,29.339635,29.339635,118,0
1789733994.363,37.3037098,127.9069588,4,108,1.396,0,0.056,-141.4,융합,-11.3,-130.1,1,0,04,14378461398811817291,0,26.936412,26.189635,27.489635,1.000000,0.100000,29.436412,29.413799,118,1
1789733994.463,37.3037090,127.9069580,4,109,1.386,0,0.031,-138.8,융합,-8.8,-130.1,1,0,04,14378461398811817291,0,27.054580,26.286412,27.586412,1.000000,0.100000,29.554580,29.554580,119,0
1789733994.563,37.3037082,127.9069570,4,109,1.387,0,0.005,-135.8,융합,-5.7,-130.1,1,0,04,14378461398811817291,0,27.214095,26.404580,27.704580,1.000000,0.100000,29.714095,29.714095,119,0
1789733994.663,37.3037082,127.9069570,4,109,1.387,0,0.105,-132.8,융합,-2.7,-130.1,1,0,04,14378461398811817291,0,27.214095,26.404580,27.704580,1.000000,0.100000,29.714095,29.714095,119,0
1789733994.763,37.3037072,127.9069563,4,110,1.352,0,0.075,-129.8,융합,0.3,-130.1,1,0,04,14378461398811817291,0,27.334993,26.564095,27.864095,1.000000,0.100000,29.834993,29.834993,120,0
1789733994.863,37.3037063,127.9069557,4,110,1.329,0,0.052,-126.9,융합,3.2,-130.1,1,0,04,14378461398811817291,0,27.418346,26.684993,27.984993,1.000000,0.100000,29.918346,29.914794,120,1
1789733994.963,37.3037055,127.9069550,4,110,1.310,0,0.028,-124.3,융합,5.8,-130.1,1,0,04,14378461398811817291,0,27.516729,26.768346,28.068346,1.000000,0.100000,30.016729,30.016729,120,0
1789733995.063,37.3037055,127.9069550,4,110,1.310,0,0.128,-121.6,융합,8.4,-130.1,1,0,04,14378461398811817291,0,27.516729,26.768346,28.068346,1.000000,0.100000,30.016729,30.016729,120,0
1789733995.163,37.3037043,127.9069545,4,111,1.254,0,0.093,-118.8,융합,11.2,-130.1,1,0,04,14378461398811817291,0,27.642066,26.866729,28.166729,1.000000,0.100000,30.142066,30.142066,121,0
1789733995.264,37.3037033,127.9069540,4,111,1.207,0,0.079,-116.4,융합,13.6,-130.1,1,0,04,14378461398811817291,0,27.788484,26.992066,28.292066,1.000000,0.100000,30.288484,30.288484,121,0
1789733995.363,37.3037022,127.9069535,4,112,1.148,0,0.051,-114.2,융합,15.9,-130.1,1,0,04,14378461398811817291,0,27.912169,27.138484,28.438484,1.000000,0.100000,30.412169,30.414994,122,1
1789733995.463,37.3037012,127.9069533,4,112,1.083,0,0.027,-112.2,융합,17.9,-130.1,1,0,04,14378461398811817291,0,27.970906,27.262169,28.562169,1.000000,0.100000,30.470906,30.470906,122,0
1789733995.563,37.3037002,127.9069528,4,113,1.039,0,0.002,-110.3,융합,19.7,-130.1,1,0,04,14378461398811817291,0,28.082639,27.320906,28.620906,1.000000,0.100000,30.582639,30.582639,123,0
1789733995.663,37.3037002,127.9069528,4,113,1.039,0,0.102,-108.6,융합,21.4,-130.1,1,0,04,14378461398811817291,0,28.082639,27.320906,28.620906,1.000000,0.100000,30.582639,30.582639,123,0
1789733995.764,37.3036990,127.9069525,4,113,0.971,0,0.075,-107.4,융합,22.7,-130.1,1,0,04,14378461398811817291,0,28.222840,27.432639,28.732639,1.000000,0.100000,30.722840,30.722840,123,0
1789733995.863,37.3036982,127.9069520,4,114,0.938,0,0.052,-106.0,융합,24.0,-130.1,1,0,04,14378461398811817291,0,28.320152,27.572840,28.872840,1.000000,0.100000,30.820152,30.820152,124,0
1789733995.963,37.3036968,127.9069522,4,114,0.824,0,0.028,-105.0,융합,25.1,-130.1,1,0,04,14378461398811817291,0,28.416065,27.670152,28.970152,1.000000,0.100000,30.916065,30.915175,124,1
1789733996.063,37.3036968,127.9069522,4,114,0.824,0,0.128,-104.1,융합,25.9,-130.1,1,0,04,14378461398811817291,0,28.416065,27.670152,28.970152,1.000000,0.100000,30.916065,30.915175,124,1
1789733996.163,37.3036958,127.9069518,4,114,0.769,0,0.079,-103.6,융합,26.4,-130.1,1,0,04,14378461398811817291,0,28.499021,27.766065,29.066065,1.000000,0.100000,30.999021,30.999021,124,0
1789733996.263,37.3036947,127.9069515,4,115,0.702,0,0.066,-103.6,융합,26.5,-130.1,1,0,04,14378461398811817291,0,28.614120,27.849021,29.149021,1.000000,0.100000,31.114120,31.114120,125,0
1789733996.363,37.3036937,127.9069513,4,115,0.637,0,0.046,-103.7,융합,26.4,-130.1,1,0,04,14378461398811817291,0,28.703629,27.964120,29.264120,1.000000,0.100000,31.203629,31.203629,125,0
1789733996.463,37.3036925,127.9069512,4,116,0.560,0,0.024,-104.2,융합,25.9,-130.1,1,0,04,14378461398811817291,0,28.808899,28.053629,29.353629,1.000000,0.100000,31.308899,31.308899,126,0
1789733996.563,37.3036925,127.9069512,4,116,0.560,0,0.124,-105.1,융합,24.9,-130.1,1,0,04,14378461398811817291,0,28.808899,28.053629,29.353629,1.000000,0.100000,31.308899,31.308899,126,0
1789733996.663,37.3036915,127.9069507,4,116,0.516,0,0.099,-106.6,융합,23.4,-130.1,1,0,04,14378461398811817291,0,28.933863,28.158899,29.458899,1.000000,0.100000,31.433863,31.415375,126,1
1789733996.763,37.3036905,127.9069503,4,116,0.460,0,0.080,-108.2,융합,21.8,-130.1,1,0,04,14378461398811817291,0,29.034144,28.283863,29.583863,1.000000,0.100000,31.534144,31.534144,126,0
1789733996.863,37.3036895,127.9069498,4,117,0.414,0,0.046,-110.0,융합,20.1,-130.1,1,0,04,14378461398811817291,0,29.144734,28.384144,29.684144,1.000000,0.100000,31.644734,31.662821,127,1
1789733996.963,37.3036885,127.9069492,4,117,0.380,0,0.024,-111.9,융합,18.1,-130.1,1,0,04,14378461398811817291,0,29.257081,28.494734,29.794734,1.000000,0.100000,31.757081,31.757081,127,0
1789733997.063,37.3036885,127.9069492,4,117,0.380,0,0.124,-114.1,융합,15.9,-130.1,1,0,04,14378461398811817291,0,29.257081,28.494734,29.794734,1.000000,0.100000,31.757081,31.757081,127,0
1789733997.163,37.3036873,127.9069487,4,118,0.324,0,0.087,-116.1,융합,13.9,-130.1,1,0,04,14378461398811817291,0,29.382247,28.607081,29.907081,1.000000,0.100000,31.882247,31.882247,128,0
1789733997.263,37.3036865,127.9069478,4,118,0.313,0,0.073,-118.4,융합,11.6,-130.1,1,0,04,14378461398811817291,0,29.507488,28.732247,30.032247,1.000000,0.100000,32.007488,32.007488,128,0
1789733997.363,37.3036855,127.9069472,4,119,0.277,0,0.046,-120.3,융합,9.7,-130.1,1,0,04,14378461398811817291,0,29.628385,28.857488,30.157488,1.000000,0.100000,32.128385,32.128385,129,0
1789733997.463,37.3036847,127.9069463,4,119,0.267,0,0.025,-122.1,융합,8.0,-130.1,1,0,04,14378461398811817291,0,29.739494,28.978385,30.278385,1.000000,0.100000,32.239494,32.239494,129,0
1789733997.563,37.3036837,127.9069455,4,120,0.246,0,0.006,-123.8,융합,6.3,-130.1,1,0,04,14378461398811817291,0,29.871294,29.089494,30.389494,1.000000,0.100000,32.371294,32.371294,130,0
1789733997.663,37.3036837,127.9069455,4,120,0.246,0,0.106,-125.4,융합,4.7,-130.1,1,0,04,14378461398811817291,0,29.871294,29.089494,30.389494,1.000000,0.100000,32.371294,32.371294,130,0
1789733997.763,37.3036828,127.9069447,4,120,0.234,0,0.070,-127.2,융합,2.9,-130.1,1,0,04,14378461398811817291,0,29.996248,29.221294,30.521294,1.000000,0.100000,32.496248,32.496248,130,0
1789733997.863,37.3036820,127.9069437,4,121,0.233,0,0.043,-127.9,융합,2.1,-130.1,1,0,04,14378461398811817291,0,30.124478,29.346248,30.646248,1.000000,0.100000,32.624478,32.624478,131,0
1789733997.963,37.3036812,127.9069428,4,121,0.222,0,0.024,-127.9,융합,2.2,-130.1,1,0,04,14378461398811817291,0,30.236020,29.474478,30.774478,1.000000,0.100000,32.736020,32.736020,131,0
1789733998.063,37.3036812,127.9069428,4,121,0.222,0,0.124,-127.9,융합,2.1,-130.1,1,0,04,14378461398811817291,0,30.236020,29.474478,30.774478,1.000000,0.100000,32.736020,32.736020,131,0
1789733998.163,37.3036803,127.9069420,4,122,0.213,0,0.092,-127.8,융합,2.2,-130.1,1,0,04,14378461398811817291,0,30.354215,29.586020,30.886020,1.000000,0.100000,32.854215,32.854215,132,0
1789733998.263,37.3036797,127.9069413,4,122,0.205,0,0.078,-127.8,융합,2.2,-130.1,1,0,04,14378461398811817291,0,30.454040,29.704215,31.004215,1.000000,0.100000,32.954040,32.954040,132,0
1789733998.363,37.3036788,127.9069408,4,123,0.172,0,0.053,-127.8,융합,2.3,-130.1,1,0,04,14378461398811817291,0,30.551352,29.804040,31.104040,1.000000,0.100000,33.051352,33.051352,133,0
1789733998.463,37.3036785,127.9069403,4,123,0.178,0,0.031,-127.1,융합,2.2,-129.3,1,0,04,14378461398811817291,0,30.608831,29.901352,31.201352,1.000000,0.100000,33.108831,33.108831,133,0
1789733998.563,37.3036785,127.9069403,4,123,0.178,0,0.131,-127.0,융합,2.3,-129.3,1,0,04,14378461398811817291,0,30.608831,29.901352,31.201352,1.000000,0.100000,33.108831,33.108831,133,0
1789733998.663,37.3036780,127.9069402,4,123,0.150,0,0.100,-127.2,융합,2.3,-129.4,1,0,04,14378461398811817291,0,30.658972,29.958831,31.258831,1.000000,0.100000,33.158972,33.164196,133,1
1789733998.763,37.3036778,127.9069398,4,123,0.158,0,0.073,-127.5,융합,2.1,-129.6,1,0,04,14378461398811817291,0,30.689303,30.008972,31.308972,1.000000,0.100000,33.189303,33.164196,133,1
1789733998.863,37.3036777,127.9069398,4,123,0.146,0,0.049,-127.3,융합,2.3,-129.6,1,0,04,14378461398811817291,0,30.702870,30.039303,31.339303,1.000000,0.100000,33.202870,33.202870,133,0
1789733998.963,37.3036778,127.9069398,4,123,0.158,0,0.028,-127.4,융합,2.3,-129.6,1,0,04,14378461398811817291,0,30.689303,30.052870,31.352870,1.000000,0.100000,33.189303,33.164196,133,1
1789733999.063,37.3036778,127.9069398,4,123,0.158,0,0.128,-127.3,융합,2.3,-129.6,1,0,04,14378461398811817291,0,30.689303,30.052870,31.352870,1.000000,0.100000,33.189303,33.164196,133,1
1789733999.163,37.3036780,127.9069400,4,123,0.160,0,0.088,-127.3,융합,2.3,-129.6,1,0,04,14378461398811817291,0,30.668544,30.039303,31.339303,1.000000,0.100000,33.168544,33.164196,133,1
1789733999.263,37.3036778,127.9069398,4,123,0.158,0,0.071,-127.4,융합,2.2,-129.6,1,0,04,14378461398811817291,0,30.689303,30.018544,31.318544,1.000000,0.100000,33.189303,33.164196,133,1
1789733999.363,37.3036778,127.9069398,4,123,0.158,0,0.050,-127.3,융합,2.3,-129.6,1,0,04,14378461398811817291,0,30.689303,30.039303,31.339303,1.000000,0.100000,33.189303,33.164196,133,1
1789733999.463,37.3036778,127.9069398,4,123,0.158,0,0.020,-127.3,융합,2.3,-129.6,1,0,04,14378461398811817291,0,30.689303,30.039303,31.339303,1.000000,0.100000,33.189303,33.164196,133,1
1789733999.563,37.3036778,127.9069398,4,123,0.158,0,0.120,-127.3,융합,2.3,-129.6,1,0,04,14378461398811817291,0,30.689303,30.039303,31.339303,1.000000,0.100000,33.189303,33.164196,133,1
1789733999.663,37.3036780,127.9069400,4,123,0.160,0,0.096,-127.4,융합,2.2,-129.6,1,0,04,14378461398811817291,0,30.668544,30.039303,31.339303,1.000000,0.100000,33.168544,33.164196,133,1
1789733999.763,37.3036778,127.9069398,4,123,0.158,0,0.071,-127.8,융합,1.8,-129.6,1,0,04,14378461398811817291,0,30.689303,30.018544,31.318544,1.000000,0.100000,33.189303,33.164196,133,1
1789733999.863,37.3036778,127.9069397,4,123,0.169,0,0.041,-128.3,융합,1.3,-129.6,1,0,04,14378461398811817291,0,30.699371,30.039303,31.339303,1.000000,0.100000,33.199371,33.199371,133,0
1789733999.963,37.3036775,127.9069395,4,123,0.155,0,0.021,-129.0,융합,0.7,-129.6,1,0,04,14378461398811817291,0,30.736570,30.049371,31.349371,1.000000,0.100000,33.236570,33.236570,133,0
1789734000.063,37.3036775,127.9069395,4,123,0.155,0,0.121,-129.7,융합,-0.1,-129.6,1,0,04,14378461398811817291,0,30.736570,30.049371,31.349371,1.000000,0.100000,33.236570,33.236570,133,0
1789734000.163,37.3036772,127.9069392,4,123,0.151,0,0.081,-130.6,융합,-1.0,-129.6,1,0,04,14378461398811817291,0,30.783837,30.086570,31.386570,1.000000,0.100000,33.283837,33.283837,133,0
1789734000.263,37.3036768,127.9069387,4,124,0.158,0,0.072,-131.6,융합,-2.0,-129.6,1,0,04,14378461398811817291,0,30.841172,30.133837,31.433837,1.000000,0.100000,33.341172,33.341172,134,0
1789734000.363,37.3036763,127.9069380,4,124,0.163,0,0.052,-132.7,융합,-3.1,-129.6,1,0,04,14378461398811817291,0,30.921639,30.191172,31.491172,1.000000,0.100000,33.421639,33.417746,134,1
1789734000.463,37.3036757,127.9069373,4,124,0.156,0,0.028,-133.7,융합,-4.1,-129.6,1,0,04,14378461398811817291,0,31.016196,30.271639,31.571639,1.000000,0.100000,33.516196,33.516196,134,0
1789734000.563,37.3036752,127.9069363,4,125,0.183,0,0.001,-134.8,융합,-5.2,-129.6,1,0,04,14378461398811817291,0,31.117215,30.366196,31.666196,1.000000,0.100000,33.617215,33.617215,135,0
1789734000.663,37.3036752,127.9069363,4,125,0.183,0,0.101,-135.7,융합,-6.1,-129.6,1,0,04,14378461398811817291,0,31.117215,30.366196,31.666196,1.000000,0.100000,33.617215,33.617215,135,0
1789734000.763,37.3036743,127.9069355,4,125,0.172,0,0.072,-136.3,융합,-6.7,-129.6,1,0,04,14378461398811817291,0,31.240372,30.467215,31.767215,1.000000,0.100000,33.740372,33.740372,135,0
1789734000.863,37.3036738,127.9069345,4,126,0.196,0,0.047,-136.9,융합,-7.2,-129.6,1,0,04,14378461398811817291,0,31.342127,30.590372,31.890372,1.000000,0.100000,33.842127,33.842127,136,0
1789734000.963,37.3036732,127.9069335,4,126,0.208,0,0.020,-137.2,융합,-7.6,-129.6,1,0,04,14378461398811817291,0,31.451159,30.692127,31.992127,1.000000,0.100000,33.951159,33.951159,136,0
1789734001.063,37.3036732,127.9069335,4,126,0.208,0,0.120,-137.5,융합,-7.9,-129.6,1,0,04,14378461398811817291,0,31.451159,30.692127,31.992127,1.000000,0.100000,33.951159,33.951159,136,0
1789734001.163,37.3036725,127.9069327,4,127,0.212,0,0.093,-138.0,융합,-8.1,-129.9,1,0,04,14378461398811817291,0,31.555750,30.801159,32.101159,1.000000,0.100000,34.055750,34.055750,137,0
1789734001.263,37.3036718,127.9069317,4,127,0.226,0,0.078,-137.8,융합,-8.1,-129.7,1,0,04,14378461398811817291,0,31.676171,30.905750,32.205750,1.000000,0.100000,34.176171,34.165372,137,1
1789734001.363,37.3036712,127.9069307,4,128,0.238,0,0.052,-138.6,융합,-8.2,-130.4,1,0,04,14378461398811817291,0,31.791129,31.026171,32.326171,1.000000,0.100000,34.291129,34.291129,138,0
1789734001.463,37.3036705,127.9069300,4,128,0.228,0,0.028,-137.7,융합,-8.1,-129.7,1,0,04,14378461398811817291,0,31.885471,31.141129,32.441129,1.000000,0.100000,34.385471,34.385471,138,0
1789734001.563,37.3036698,127.9069288,4,128,0.252,0,0.003,-138.0,융합,-8.2,-129.8,1,0,04,14378461398811817291,0,32.005072,31.235471,32.535471,1.000000,0.100000,34.505072,34.505072,138,0
1789734001.663,37.3036698,127.9069288,4,128,0.252,0,0.103,-137.9,융합,-8.0,-129.8,1,0,04,14378461398811817291,0,32.005072,31.235471,32.535471,1.000000,0.100000,34.505072,34.505072,138,0
1789734001.763,37.3036692,127.9069280,4,129,0.256,0,0.075,-137.6,융합,-8.1,-129.5,1,0,04,14378461398811817291,0,32.109673,31.355072,32.655072,1.000000,0.100000,34.609673,34.609673,139,0
1789734001.863,37.3036685,127.9069272,4,129,0.258,0,0.048,-137.4,융합,-7.9,-129.4,1,0,04,14378461398811817291,0,32.220098,31.459673,32.759673,1.000000,0.100000,34.720098,34.720098,139,0
1789734001.963,37.3036677,127.9069262,4,130,0.256,0,0.027,-137.2,융합,-7.9,-129.3,1,0,04,14378461398811817291,0,32.348334,31.570098,32.870098,1.000000,0.100000,34.848334,34.848334,140,0
1789734002.063,37.3036677,127.9069262,4,130,0.256,0,0.127,-137.2,융합,-7.9,-129.3,1,0,04,14378461398811817291,0,32.348334,31.570098,32.870098,1.000000,0.100000,34.848334,34.848334,140,0
1789734002.163,37.3036670,127.9069253,4,130,0.258,0,0.098,-136.8,융합,-7.8,-129.1,1,0,04,14378461398811817291,0,32.446383,31.698334,32.998334,1.000000,0.100000,34.946383,34.946383,140,0
1789734002.263,37.3036663,127.9069243,4,131,0.273,0,0.071,-137.2,융합,-7.8,-129.4,1,0,04,14378461398811817291,0,32.561008,31.796383,33.096383,1.000000,0.100000,35.061008,35.061008,141,0
1789734002.363,37.3036657,127.9069235,4,131,0.276,0,0.044,-137.1,융합,-7.8,-129.3,1,0,04,14378461398811817291,0,32.673522,31.911008,33.211008,1.000000,0.100000,35.173522,35.165752,141,1
1789734002.463,37.3036648,127.9069225,4,132,0.274,0,0.022,-137.3,융합,-7.7,-129.5,1,0,04,14378461398811817291,0,32.801752,32.023522,33.323522,1.000000,0.100000,35.301752,35.301752,142,0
1789734002.563,37.3036648,127.9069225,4,132,0.274,0,0.122,-137.4,융합,-7.8,-129.5,1,0,04,14378461398811817291,0,32.801752,32.023522,33.323522,1.000000,0.100000,35.301752,35.301752,142,0
1789734002.663,37.3036642,127.9069217,4,132,0.275,0,0.099,-137.1,융합,-7.6,-129.5,1,0,04,14378461398811817291,0,32.906404,32.151752,33.451752,1.000000,0.100000,35.406404,35.413198,142,1
1789734002.763,37.3036635,127.9069207,4,132,0.289,0,0.072,-136.9,융합,-7.3,-129.5,1,0,04,14378461398811817291,0,33.013147,32.256404,33.556404,1.000000,0.100000,35.513147,35.513147,142,0
1789734002.863,37.3036627,127.9069198,4,133,0.280,0,0.046,-136.7,융합,-7.1,-129.5,1,0,04,14378461398811817291,0,33.131343,32.363147,33.663147,1.000000,0.100000,35.631343,35.631343,143,0
1789734002.963,37.3036622,127.9069187,4,133,0.316,0,0.030,-136.4,융합,-6.9,-129.5,1,0,04,14378461398811817291,0,33.250513,32.481343,33.781343,1.000000,0.100000,35.750513,35.750513,143,0
1789734003.063,37.3036622,127.9069187,4,133,0.316,0,0.130,-136.2,융합,-6.7,-129.5,1,0,04,14378461398811817291,0,33.250513,32.481343,33.781343,1.000000,0.100000,35.750513,35.750513,143,0
1789734003.163,37.3036613,127.9069178,4,134,0.304,0,0.090,-136.6,융합,-6.8,-129.8,1,0,04,14378461398811817291,0,33.368440,32.600513,33.900513,1.000000,0.100000,35.868440,35.868440,144,0
1789734003.263,37.3036605,127.9069170,4,134,0.293,0,0.075,-135.8,융합,-6.4,-129.4,1,0,04,14378461398811817291,0,33.479772,32.718440,34.018440,1.000000,0.100000,35.979772,35.979772,144,0
1789734003.363,37.3036598,127.9069162,4,135,0.297,0,0.051,-135.6,융합,-6.1,-129.5,1,0,04,14378461398811817291,0,33.584373,32.829772,34.129772,1.000000,0.100000,36.084373,36.084373,145,0
1789734003.463,37.3036592,127.9069152,4,135,0.311,0,0.022,-135.0,융합,-5.9,-129.1,1,0,04,14378461398811817291,0,33.698087,32.934373,34.234373,1.000000,0.100000,36.198087,36.198087,145,0
1789734003.563,37.3036583,127.9069143,4,136,0.302,0,0.002,-134.8,융합,-5.7,-129.1,1,0,04,14378461398811817291,0,33.816283,33.048087,34.348087,1.000000,0.100000,36.316283,36.316283,146,0
1789734003.663,37.3036583,127.9069143,4,136,0.302,0,0.102,-134.8,융합,-5.7,-129.1,1,0,04,14378461398811817291,0,33.816283,33.048087,34.348087,1.000000,0.100000,36.316283,36.316283,146,0
1789734003.763,37.3036577,127.9069133,4,136,0.316,0,0.073,-134.8,융합,-5.7,-129.1,1,0,04,14378461398811817291,0,33.939004,33.166283,34.466283,1.000000,0.100000,36.439004,36.414374,146,1
1789734003.863,37.3036568,127.9069125,4,137,0.304,0,0.048,-134.8,융합,-5.7,-129.1,1,0,04,14378461398811817291,0,34.056931,33.289004,34.589004,1.000000,0.100000,36.556931,36.556931,147,0
1789734003.963,37.3036562,127.9069115,4,137,0.315,0,0.024,-134.8,융합,-5.7,-129.1,1,0,04,14378461398811817291,0,34.165372,33.406931,34.706931,1.000000,0.100000,36.665372,36.661005,147,1
1789734004.063,37.3036562,127.9069115,4,137,0.315,0,0.124,-134.8,융합,-5.7,-129.1,1,0,04,14378461398811817291,0,34.165372,33.406931,34.706931,1.000000,0.100000,36.665372,36.661005,147,1
1789734004.164,37.3036553,127.9069105,4,138,0.317,0,0.087,-134.5,융합,-5.6,-129.0,1,0,04,14378461398811817291,0,34.293014,33.515372,34.815372,1.000000,0.100000,36.793014,36.793014,148,0
1789734004.263,37.3036545,127.9069098,4,138,0.297,0,0.069,-134.4,융합,-5.5,-128.9,1,0,04,14378461398811817291,0,34.401115,33.643014,34.943014,1.000000,0.100000,36.901115,36.914554,148,1
1789734004.364,37.3036537,127.9069088,4,138,0.296,0,0.047,-134.1,융합,-5.4,-128.7,1,0,04,14378461398811817291,0,34.536042,33.751115,35.051115,1.000000,0.100000,37.036042,37.036042,148,0
1789734004.463,37.3036530,127.9069078,4,139,0.307,0,0.023,-134.2,융합,-5.3,-128.9,1,0,04,14378461398811817291,0,34.650999,33.886042,35.186042,1.000000,0.100000,37.150999,37.162000,149,1
1789734004.563,37.3036530,127.9069078,4,139,0.307,0,0.123,-134.3,융합,-5.4,-128.9,1,0,04,14378461398811817291,0,34.650999,33.886042,35.186042,1.000000,0.100000,37.150999,37.162000,149,1
1789734004.663,37.3036522,127.9069070,4,139,0.298,0,0.098,-134.7,융합,-5.8,-128.9,1,0,04,14378461398811817291,0,34.761337,34.000999,35.300999,1.000000,0.100000,37.261337,37.261337,149,0
1789734004.763,37.3036515,127.9069062,4,140,0.301,0,0.073,-134.3,융합,-5.4,-128.9,1,0,04,14378461398811817291,0,34.865928,34.111337,35.411337,1.000000,0.100000,37.365928,37.365928,150,0
1789734004.863,37.3036507,127.9069052,4,140,0.301,0,0.048,-134.3,융합,-5.4,-128.9,1,0,04,14378461398811817291,0,35.002818,34.215928,35.515928,1.000000,0.100000,37.502818,37.502818,150,0
1789734004.964,37.3036498,127.9069043,4,141,0.288,0,0.024,-134.2,융합,-5.3,-128.9,1,0,04,14378461398811817291,0,35.120708,34.352818,35.652818,1.000000,0.100000,37.620708,37.620708,151,0
1789734005.063,37.3036498,127.9069043,4,141,0.288,0,0.124,-134.3,융합,-5.3,-128.9,1,0,04,14378461398811817291,0,35.120708,34.352818,35.652818,1.000000,0.100000,37.620708,37.620708,151,0
1789734005.163,37.3036492,127.9069033,4,141,0.301,0,0.091,-134.4,융합,-5.5,-128.9,1,0,04,14378461398811817291,0,35.227082,34.470708,35.770708,1.000000,0.100000,37.727082,37.727082,151,0
1789734005.263,37.3036483,127.9069023,4,142,0.303,0,0.074,-134.5,융합,-5.6,-128.9,1,0,04,14378461398811817291,0,35.355312,34.577082,35.877082,1.000000,0.100000,37.855312,37.855312,152,0
1789734005.363,37.3036475,127.9069015,4,142,0.293,0,0.049,-134.6,융합,-5.7,-128.9,1,0,04,14378461398811817291,0,35.481023,34.705312,36.005312,1.000000,0.100000,37.981023,37.981023,152,0
1789734005.463,37.3036468,127.9069005,4,143,0.304,0,0.022,-134.4,융합,-5.5,-128.9,1,0,04,14378461398811817291,0,35.595981,34.831023,36.131023,1.000000,0.100000,38.095981,38.095981,153,0
1789734005.563,37.3036468,127.9069005,4,143,0.304,0,0.122,-134.3,융합,-5.4,-128.9,1,0,04,14378461398811817291,0,35.595981,34.831023,36.131023,1.000000,0.100000,38.095981,38.095981,153,0
1789734005.663,37.3036460,127.9068997,4,143,0.293,0,0.098,-134.3,융합,-5.4,-128.9,1,0,04,14378461398811817291,0,35.707311,34.945981,36.245981,1.000000,0.100000,38.207311,38.207311,153,0
1789734005.763,37.3036453,127.9068987,4,144,0.307,0,0.078,-134.3,융합,-5.3,-128.9,1,0,04,14378461398811817291,0,35.821979,35.057311,36.357311,1.000000,0.100000,38.321979,38.321979,154,0
1789734005.863,37.3036445,127.9068977,4,144,0.309,0,0.046,-134.1,융합,-5.4,-128.7,1,0,04,14378461398811817291,0,35.949266,35.171979,36.471979,1.000000,0.100000,38.449266,38.449266,154,0
1789734005.963,37.3036437,127.9068967,4,145,0.311,0,0.025,-134.1,융합,-5.3,-128.7,1,0,04,14378461398811817291,0,36.077496,35.299266,36.599266,1.000000,0.100000,38.577496,38.577496,155,0
1789734006.063,37.3036437,127.9068967,4,145,0.311,0,0.125,-134.2,융합,-5.5,-128.7,1,0,04,14378461398811817291,0,36.077496,35.299266,36.599266,1.000000,0.100000,38.577496,38.577496,155,0
1789734006.163,37.3036430,127.9068957,4,145,0.324,0,0.078,-134.4,융합,-5.5,-128.9,1,0,04,14378461398811817291,0,36.200438,35.427496,36.727496,1.000000,0.100000,38.700438,38.700438,155,0
1789734006.263,37.3036420,127.9068948,4,146,0.299,0,0.068,-134.0,융합,-5.5,-128.6,1,0,04,14378461398811817291,0,36.331643,35.550438,36.850438,1.000000,0.100000,38.831643,38.831643,156,0
1789734006.363,37.3036413,127.9068938,4,146,0.312,0,0.048,-134.3,융합,-5.6,-128.8,1,0,04,14378461398811817291,0,36.439585,35.681643,36.981643,1.000000,0.100000,38.939585,38.939585,156,0
1789734006.463,37.3036405,127.9068928,4,147,0.313,0,0.026,-134.1,융합,-5.3,-128.7,1,0,04,14378461398811817291,0,36.567820,35.789585,37.089585,1.000000,0.100000,39.067820,39.067820,157,0
1789734006.563,37.3036397,127.9068918,4,147,0.314,0,0.008,-133.9,융합,-5.1,-128.7,1,0,04,14378461398811817291,0,36.703134,35.917820,37.217820,1.000000,0.100000,39.203134,39.203134,157,0
1789734006.663,37.3036397,127.9068918,4,147,0.314,0,0.108,-134.0,융합,-5.3,-128.7,1,0,04,14378461398811817291,0,36.703134,35.917820,37.217820,1.000000,0.100000,39.203134,39.203134,157,0
1789734006.763,37.3036388,127.9068908,4,148,0.312,0,0.075,-133.9,융합,-5.1,-128.8,1,0,04,14378461398811817291,0,36.831369,36.053134,37.353134,1.000000,0.100000,39.331369,39.331369,158,0
1789734006.863,37.3036380,127.9068900,4,148,0.301,0,0.043,-133.8,융합,-5.3,-128.5,1,0,04,14378461398811817291,0,36.941598,36.181369,37.481369,1.000000,0.100000,39.441598,39.441598,158,0
1789734006.964,37.3036372,127.9068890,4,149,0.303,0,0.027,-133.7,융합,-5.1,-128.6,1,0,04,14378461398811817291,0,37.069828,36.291598,37.591598,1.000000,0.100000,39.569828,39.569828,159,0
1789734007.063,37.3036372,127.9068890,4,149,0.303,0,0.127,-133.8,융합,-5.2,-128.6,1,0,04,14378461398811817291,0,37.069828,36.291598,37.591598,1.000000,0.100000,39.569828,39.569828,159,0
1789734007.163,37.3036365,127.9068880,4,149,0.317,0,0.096,-133.8,융합,-5.2,-128.6,1,0,04,14378461398811817291,0,37.193545,36.419828,37.719828,1.000000,0.100000,39.693545,39.693545,159,0
1789734007.263,37.3036355,127.9068872,4,150,0.291,0,0.078,-133.7,융합,-5.1,-128.6,1,0,04,14378461398811817291,0,37.324672,36.543545,37.843545,1.000000,0.100000,39.824672,39.824672,160,0
1789734007.364,37.3036348,127.9068862,4,150,0.303,0,0.053,-133.8,융합,-5.2,-128.6,1,0,04,14378461398811817291,0,37.430982,36.674672,37.974672,1.000000,0.100000,39.930982,39.911202,160,1
1789734007.463,37.3036340,127.9068853,4,151,0.294,0,0.032,-133.9,융합,-5.3,-128.6,1,0,04,14378461398811817291,0,37.549178,36.780982,38.080982,1.000000,0.100000,40.049178,40.049178,161,0
1789734007.563,37.3036332,127.9068843,4,151,0.295,0,0.003,-133.7,융합,-5.3,-128.4,1,0,04,14378461398811817291,0,37.684979,36.899178,38.199178,1.000000,0.100000,40.184979,40.164752,161,1
1789734007.663,37.3036332,127.9068843,4,151,0.295,0,0.103,-133.8,융합,-5.3,-128.4,1,0,04,14378461398811817291,0,37.684979,36.899178,38.199178,1.000000,0.100000,40.184979,40.164752,161,1
1789734007.763,37.3036323,127.9068833,4,152,0.294,0,0.076,-134.0,융합,-5.2,-128.8,1,0,04,14378461398811817291,0,37.813214,37.034979,38.334979,1.000000,0.100000,40.313214,40.313214,162,0
1789734007.863,37.3036315,127.9068823,4,152,0.293,0,0.050,-133.9,융합,-5.4,-128.5,1,0,04,14378461398811817291,0,37.934850,37.163214,38.463214,1.000000,0.100000,40.434850,40.411383,162,1
1789734007.963,37.3036308,127.9068815,4,153,0.296,0,0.028,-133.8,융합,-5.3,-128.5,1,0,04,14378461398811817291,0,38.039451,37.284850,38.584850,1.000000,0.100000,40.539451,40.539451,163,0
1789734008.064,37.3036308,127.9068815,4,153,0.296,0,0.128,-133.7,융합,-5.3,-128.5,1,0,04,14378461398811817291,0,38.039451,37.284850,38.584850,1.000000,0.100000,40.539451,40.539451,163,0
1789734008.163,37.3036300,127.9068805,4,153,0.298,0,0.091,-133.8,융합,-5.3,-128.5,1,0,04,14378461398811817291,0,38.174397,37.389451,38.689451,1.000000,0.100000,40.674397,40.664932,163,1
1789734008.263,37.3036292,127.9068797,4,154,0.286,0,0.075,-133.8,융합,-5.3,-128.5,1,0,04,14378461398811817291,0,38.292324,37.524397,38.824397,1.000000,0.100000,40.792324,40.792324,164,0
1789734008.363,37.3036283,127.9068787,4,154,0.284,0,0.054,-133.8,융합,-5.3,-128.5,1,0,04,14378461398811817291,0,38.415930,37.642324,38.942324,1.000000,0.100000,40.915930,40.912378,164,1
1789734008.463,37.3036275,127.9068777,4,155,0.286,0,0.028,-133.9,융합,-5.4,-128.5,1,0,04,14378461398811817291,0,38.541510,37.765930,39.065930,1.000000,0.100000,41.041510,41.041510,165,0
1789734008.563,37.3036268,127.9068767,4,155,0.301,0,0.006,-133.8,융합,-5.4,-128.5,1,0,04,14378461398811817291,0,38.656135,37.891510,39.191510,1.000000,0.100000,41.156135,41.159009,165,1
1789734008.663,37.3036268,127.9068767,4,155,0.301,0,0.106,-134.1,융합,-5.6,-128.5,1,0,04,14378461398811817291,0,38.656135,37.891510,39.191510,1.000000,0.100000,41.156135,41.159009,165,1
1789734008.763,37.3036260,127.9068757,4,155,0.302,0,0.078,-134.3,융합,-5.8,-128.5,1,0,04,14378461398811817291,0,38.785292,38.006135,39.306135,1.000000,0.100000,41.285292,41.285292,165,0
1789734008.863,37.3036252,127.9068748,4,156,0.293,0,0.050,-134.2,융합,-5.7,-128.5,1,0,04,14378461398811817291,0,38.903460,38.135292,39.435292,1.000000,0.100000,41.403460,41.412558,166,1
1789734008.963,37.3036245,127.9068738,4,156,0.304,0,0.028,-134.3,융합,-5.9,-128.5,1,0,04,14378461398811817291,0,39.025017,38.253460,39.553460,1.000000,0.100000,41.525017,41.525017,166,0
1789734009.063,37.3036245,127.9068738,4,156,0.304,0,0.128,-134.4,융합,-5.9,-128.5,1,0,04,14378461398811817291,0,39.025017,38.253460,39.553460,1.000000,0.100000,41.525017,41.525017,166,0
1789734009.163,37.3036237,127.9068728,4,157,0.303,0,0.093,-134.4,융합,-5.9,-128.5,1,0,04,14378461398811817291,0,39.153252,38.375017,39.675017,1.000000,0.100000,41.653252,41.660004,167,1
1789734009.263,37.3036228,127.9068720,4,157,0.294,0,0.078,-134.3,융합,-5.8,-128.5,1,0,04,14378461398811817291,0,39.263695,38.503252,39.803252,1.000000,0.100000,41.763695,41.763695,167,0
1789734009.363,37.3036222,127.9068708,4,158,0.319,0,0.058,-134.4,융합,-5.9,-128.5,1,0,04,14378461398811817291,0,39.388353,38.613695,39.913695,1.000000,0.100000,41.888353,41.912758,168,1
1789734009.463,37.3036213,127.9068698,4,158,0.318,0,0.029,-134.8,융합,-6.0,-128.9,1,0,04,14378461398811817291,0,39.525739,38.738353,40.038353,1.000000,0.100000,42.025739,42.025739,168,0
1789734009.563,37.3036205,127.9068690,4,159,0.305,0,0.003,-134.4,융합,-5.8,-128.6,1,0,04,14378461398811817291,0,39.643629,38.875739,40.175739,1.000000,0.100000,42.143629,42.160204,169,1
1789734009.663,37.3036205,127.9068690,4,159,0.305,0,0.103,-134.3,융합,-5.7,-128.6,1,0,04,14378461398811817291,0,39.643629,38.875739,40.175739,1.000000,0.100000,42.143629,42.160204,169,1
1789734009.763,37.3036198,127.9068680,4,159,0.319,0,0.074,-134.1,융합,-5.5,-128.5,1,0,04,14378461398811817291,0,39.749507,38.993629,40.293629,1.000000,0.100000,42.249507,42.249507,169,0
1789734009.863,37.3036190,127.9068672,4,160,0.310,0,0.049,-133.6,융합,-5.4,-128.2,1,0,04,14378461398811817291,0,39.867703,39.099507,40.399507,1.000000,0.100000,42.367703,42.367703,170,0
1789734009.963,37.3036182,127.9068662,4,160,0.310,0,0.026,-133.5,융합,-5.4,-128.1,1,0,04,14378461398811817291,0,40.003892,39.217703,40.517703,1.000000,0.100000,42.503892,42.503892,170,0
1789734010.063,37.3036182,127.9068662,4,160,0.310,0,0.126,-133.5,융합,-5.4,-128.1,1,0,04,14378461398811817291,0,40.003892,39.217703,40.517703,1.000000,0.100000,42.503892,42.503892,170,0
1789734010.163,37.3036173,127.9068653,4,161,0.298,0,0.086,-133.4,융합,-5.4,-128.0,1,0,04,14378461398811817291,0,40.121819,39.353892,40.653892,1.000000,0.100000,42.621819,42.621819,171,0
1789734010.263,37.3036167,127.9068643,4,161,0.311,0,0.075,-133.7,융합,-5.4,-128.4,1,0,04,14378461398811817291,0,40.229790,39.471819,40.771819,1.000000,0.100000,42.729790,42.729790,171,0
1789734010.363,37.3036158,127.9068633,4,162,0.312,0,0.049,-133.8,융합,-5.5,-128.3,1,0,04,14378461398811817291,0,40.358025,39.579790,40.879790,1.000000,0.100000,42.858025,42.858025,172,0
1789734010.463,37.3036150,127.9068625,4,162,0.301,0,0.025,-133.1,융합,-4.8,-128.3,1,0,04,14378461398811817291,0,40.483002,39.708025,41.008025,1.000000,0.100000,42.983002,42.983002,172,0
1789734010.563,37.3036150,127.9068625,4,162,0.301,0,0.125,-131.6,융합,-3.3,-128.3,1,0,04,14378461398811817291,0,40.483002,39.708025,41.008025,1.000000,0.100000,42.983002,42.983002,172,0
1789734010.663,37.3036142,127.9068615,4,163,0.300,0,0.099,-128.9,융합,-0.6,-128.3,1,0,04,14378461398811817291,0,40.611238,39.833002,41.133002,1.000000,0.100000,43.111238,43.111238,173,0
1789734010.763,37.3036133,127.9068607,4,163,0.289,0,0.071,-125.6,융합,2.7,-128.3,1,0,04,14378461398811817291,0,40.721772,39.961238,41.261238,1.000000,0.100000,43.221772,43.221772,173,0
1789734010.863,37.3036123,127.9068602,4,164,0.246,0,0.044,-121.6,융합,6.7,-128.3,1,0,04,14378461398811817291,0,40.833504,40.071772,41.371772,1.000000,0.100000,43.333504,43.333504,174,0
1789734010.963,37.3036113,127.9068597,4,164,0.203,0,0.029,-117.2,융합,11.1,-128.3,1,0,04,14378461398811817291,0,40.945860,40.183504,41.483504,1.000000,0.100000,43.445860,43.445860,174,0
1789734011.063,37.3036113,127.9068597,4,164,0.203,0,0.129,-112.9,융합,15.4,-128.3,1,0,04,14378461398811817291,0,40.945860,40.183504,41.483504,1.000000,0.100000,43.445860,43.445860,174,0
1789734011.163,37.3036102,127.9068595,4,165,0.125,0,0.099,-108.7,융합,19.6,-128.3,1,0,04,14378461398811817291,0,41.050892,40.295860,41.595860,1.000000,0.100000,43.550892,43.550892,175,0
1789734011.263,37.3036092,127.9068593,4,165,0.060,0,0.074,-105.2,융합,23.1,-128.3,1,0,04,14378461398811817291,0,41.142357,40.400892,41.700892,1.000000,0.100000,43.642357,43.661580,175,1
1789734011.364,37.3036080,127.9068593,4,165,0.030,0,0.045,-102.0,융합,26.3,-128.3,1,0,04,14378461398811817291,0,41.236655,40.492357,41.792357,1.000000,0.100000,43.736655,43.736655,175,0
1789734011.463,37.3036070,127.9068593,4,166,0.108,0,0.020,-99.5,융합,28.8,-128.3,1,0,04,14378461398811817291,0,41.316321,40.586655,41.886655,1.000000,0.100000,43.816321,43.816321,176,0
1789734011.563,37.3036070,127.9068593,4,166,0.108,0,0.120,-97.7,융합,30.6,-128.3,1,0,04,14378461398811817291,0,41.316321,40.586655,41.886655,1.000000,0.100000,43.816321,43.816321,176,0
1789734011.663,37.3036058,127.9068592,4,166,0.188,0,0.095,-96.7,융합,31.6,-128.3,1,0,04,14378461398811817291,0,41.424393,40.666321,41.966321,1.000000,0.100000,43.924393,43.909026,176,1
1789734011.763,37.3036047,127.9068592,4,166,0.276,0,0.069,-96.7,융합,31.6,-128.3,1,0,04,14378461398811817291,0,41.519628,40.774393,42.074393,1.000000,0.100000,44.019628,44.019628,176,0
1789734011.863,37.3036037,127.9068590,4,167,0.341,0,0.041,-97.3,융합,31.0,-128.3,1,0,04,14378461398811817291,0,41.611293,40.869628,42.169628,1.000000,0.100000,44.111293,44.111293,177,0
1789734011.963,37.3036025,127.9068587,4,167,0.410,0,0.030,-98.4,융합,29.9,-128.3,1,0,04,14378461398811817291,0,41.714869,40.961293,42.261293,1.000000,0.100000,44.214869,44.214869,177,0
1789734012.063,37.3036025,127.9068587,4,167,0.410,0,0.130,-100.3,융합,28.0,-128.3,1,0,04,14378461398811817291,0,41.714869,40.961293,42.261293,1.000000,0.100000,44.214869,44.214869,177,0
1789734012.163,37.3036015,127.9068585,4,168,0.477,0,0.085,-102.6,융합,25.7,-128.3,1,0,04,14378461398811817291,0,41.804636,41.064869,42.364869,1.000000,0.100000,44.304636,44.304636,178,0
1789734012.263,37.3036003,127.9068582,4,168,0.547,0,0.058,-105.3,융합,23.0,-128.3,1,0,04,14378461398811817291,0,41.933670,41.154636,42.454636,1.000000,0.100000,44.433670,44.409226,178,1
1789734012.364,37.3035993,127.9068575,4,169,0.579,0,0.052,-107.9,융합,20.4,-128.3,1,0,04,14378461398811817291,0,42.055437,41.283670,42.583670,1.000000,0.100000,44.555437,44.555437,179,0
1789734012.463,37.3035983,127.9068568,4,169,0.612,0,0.020,-110.9,융합,17.4,-128.3,1,0,04,14378461398811817291,0,42.161538,41.405437,42.705437,1.000000,0.100000,44.661538,44.662775,179,1
1789734012.563,37.3035983,127.9068568,4,169,0.612,0,0.120,-114.3,융합,14.0,-128.3,1,0,04,14378461398811817291,0,42.161538,41.405437,42.705437,1.000000,0.100000,44.661538,44.662775,179,1
1789734012.663,37.3035975,127.9068562,4,169,0.634,0,0.095,-117.8,융합,10.6,-128.3,1,0,04,14378461398811817291,0,42.269158,41.511538,42.811538,1.000000,0.100000,44.769158,44.769158,179,0
1789734012.763,37.3035965,127.9068553,4,170,0.659,0,0.068,-121.3,융합,7.0,-128.3,1,0,04,14378461398811817291,0,42.400363,41.619158,42.919158,1.000000,0.100000,44.900363,44.909406,180,1
1789734012.863,37.3035957,127.9068543,4,171,0.658,0,0.045,-124.7,융합,3.6,-128.3,1,0,04,14378461398811817291,0,42.543460,41.750363,43.050363,1.000000,0.100000,45.043460,45.043460,181,0
1789734012.963,37.3035948,127.9068533,4,171,0.657,0,0.022,-128.0,융합,0.3,-128.3,1,0,04,14378461398811817291,0,42.660384,41.893460,43.193460,1.000000,0.100000,45.160384,45.162956,181,1
1789734013.063,37.3035948,127.9068533,4,171,0.657,0,0.122,-131.4,융합,-3.1,-128.3,1,0,04,14378461398811817291,0,42.660384,41.893460,43.193460,1.000000,0.100000,45.160384,45.162956,181,1
1789734013.163,37.3035940,127.9068523,4,171,0.658,0,0.087,-135.1,융합,-6.8,-128.3,1,0,04,14378461398811817291,0,42.785132,42.010384,43.310384,1.000000,0.100000,45.285132,45.285132,181,0
1789734013.263,37.3035935,127.9068512,4,172,0.623,0,0.068,-138.8,융합,-10.5,-128.3,1,0,04,14378461398811817291,0,42.897120,42.135132,43.435132,1.000000,0.100000,45.397120,45.410402,182,1
1789734013.363,37.3035928,127.9068498,4,173,0.587,0,0.046,-142.0,융합,-13.7,-128.3,1,0,04,14378461398811817291,0,43.047769,42.247120,43.547120,1.000000,0.100000,45.547769,45.547769,183,0
1789734013.463,37.3035923,127.9068485,4,173,0.538,0,0.020,-145.3,융합,-17.0,-128.3,1,0,04,14378461398811817291,0,43.161380,42.397769,43.697769,1.000000,0.100000,45.661380,45.663156,183,1
1789734013.563,37.3035923,127.9068485,4,173,0.538,0,0.120,-148.3,융합,-20.0,-128.3,1,0,04,14378461398811817291,0,43.161380,42.397769,43.697769,1.000000,0.100000,45.661380,45.663156,183,1
1789734013.663,37.3035918,127.9068473,4,173,0.504,0,0.097,-151.3,융합,-23.0,-128.3,1,0,04,14378461398811817291,0,43.265509,42.511380,43.811380,1.000000,0.100000,45.765509,45.765509,183,0
1789734013.763,37.3035913,127.9068460,4,174,0.458,0,0.072,-154.2,융합,-25.9,-128.3,1,0,04,14378461398811817291,0,43.387945,42.615509,43.915509,1.000000,0.100000,45.887945,45.910602,184,1
1789734013.863,37.3035912,127.9068445,4,174,0.374,0,0.049,-156.7,융합,-28.4,-128.3,1,0,04,14378461398811817291,0,43.505013,42.737945,44.037945,1.000000,0.100000,46.005013,46.005013,184,0
1789734013.963,37.3035908,127.9068432,4,175,0.313,0,0.018,-158.8,융합,-30.5,-128.3,1,0,04,14378461398811817291,0,43.612495,42.855013,44.155013,1.000000,0.100000,46.112495,46.112495,185,0
1789734014.063,37.3035908,127.9068432,4,175,0.313,0,0.118,-160.9,융합,-32.6,-128.3,1,0,04,14378461398811817291,0,43.612495,42.855013,44.155013,1.000000,0.100000,46.112495,46.112495,185,0
1789734014.163,37.3035907,127.9068417,4,175,0.228,0,0.072,-163.0,융합,-34.7,-128.3,1,0,04,14378461398811817291,0,43.716406,42.962495,44.262495,1.000000,0.100000,46.216406,46.216406,185,0
1789734014.263,37.3035903,127.9068403,4,176,0.167,0,0.054,-164.0,융합,-35.7,-128.3,1,0,04,14378461398811817291,0,43.823889,43.066406,44.366406,1.000000,0.100000,46.323889,46.323889,186,0
1789734014.363,37.3035900,127.9068388,4,176,0.095,0,0.049,-164.9,융합,-36.6,-128.3,1,0,04,14378461398811817291,0,43.938683,43.173889,44.473889,1.000000,0.100000,46.438683,46.438683,186,0
1789734014.463,37.3035900,127.9068373,4,176,0.001,0,0.025,-164.7,융합,-36.4,-128.3,1,0,04,14378461398811817291,0,44.031746,43.288683,44.588683,1.000000,0.100000,46.531746,46.531746,186,0
1789734014.563,37.3035895,127.9068362,4,177,0.034,0,0.005,-164.1,융합,-35.8,-128.3,1,0,04,14378461398811817291,0,44.143842,43.381746,44.681746,1.000000,0.100000,46.643842,46.658228,187,1
1789734014.663,37.3035895,127.9068362,4,177,0.034,0,0.105,-162.8,융합,-34.5,-128.3,1,0,04,14378461398811817291,0,44.143842,43.381746,44.681746,1.000000,0.100000,46.643842,46.658228,187,1
1789734014.763,37.3035892,127.9068347,4,177,0.106,0,0.078,-160.8,융합,-32.5,-128.3,1,0,04,14378461398811817291,0,44.260385,43.493842,44.793842,1.000000,0.100000,46.760385,46.760385,187,0
1789734014.863,37.3035888,127.9068333,4,178,0.167,0,0.045,-159.1,융합,-30.8,-128.3,1,0,04,14378461398811817291,0,44.367868,43.610385,44.910385,1.000000,0.100000,46.867868,46.867868,188,0
1789734014.963,37.3035882,127.9068322,4,178,0.190,0,0.025,-157.2,융합,-28.9,-128.3,1,0,04,14378461398811817291,0,44.497427,43.717868,45.017868,1.000000,0.100000,46.997427,46.997427,188,0
1789734015.063,37.3035882,127.9068322,4,178,0.190,0,0.125,-155.2,융합,-26.9,-128.3,1,0,04,14378461398811817291,0,44.497427,43.717868,45.017868,1.000000,0.100000,46.997427,46.997427,188,0
1789734015.163,37.3035877,127.9068308,4,179,0.236,0,0.091,-152.9,융합,-24.6,-128.3,1,0,04,14378461398811817291,0,44.619723,43.847427,45.147427,1.000000,0.100000,47.119723,47.119723,189,0
1789734015.263,37.3035872,127.9068297,4,179,0.272,0,0.076,-150.8,융합,-22.5,-128.3,1,0,04,14378461398811817291,0,44.725587,43.969723,45.269723,1.000000,0.100000,47.225587,47.225587,189,0
1789734015.363,37.3035865,127.9068283,4,180,0.308,0,0.049,-149.0,융합,-20.7,-128.3,1,0,04,14378461398811817291,0,44.860390,44.075587,45.375587,1.000000,0.100000,47.360390,47.360390,190,0
1789734015.463,37.3035857,127.9068273,4,180,0.308,0,0.026,-147.1,융합,-18.8,-128.3,1,0,04,14378461398811817291,0,44.995583,44.210390,45.510390,1.000000,0.100000,47.495583,47.495583,190,0
1789734015.563,37.3035850,127.9068262,4,181,0.330,0,0.005,-145.3,융합,-17.0,-128.3,1,0,04,14378461398811817291,0,45.120848,44.345583,45.645583,1.000000,0.100000,47.620848,47.620848,191,0
1789734015.663,37.3035850,127.9068262,4,181,0.330,0,0.105,-143.6,융합,-15.3,-128.3,1,0,04,14378461398811817291,0,45.120848,44.345583,45.645583,1.000000,0.100000,47.620848,47.620848,191,0
1789734015.764,37.3035843,127.9068250,4,181,0.354,0,0.070,-142.0,융합,-13.7,-128.3,1,0,04,14378461398811817291,0,45.237075,44.470848,45.770848,1.000000,0.100000,47.737075,47.737075,191,0
1789734015.863,37.3035835,127.9068242,4,182,0.345,0,0.040,-140.6,융합,-12.3,-128.3,1,0,04,14378461398811817291,0,45.355270,44.587075,45.887075,1.000000,0.100000,47.855270,47.855270,192,0
1789734015.963,37.3035828,127.9068230,4,182,0.368,0,0.021,-139.2,융합,-10.9,-128.3,1,0,04,14378461398811817291,0,45.490521,44.705270,46.005270,1.000000,0.100000,47.990521,47.990521,192,0
1789734016.063,37.3035828,127.9068230,4,182,0.368,0,0.121,-138.1,융합,-9.8,-128.3,1,0,04,14378461398811817291,0,45.490521,44.705270,46.005270,1.000000,0.100000,47.990521,47.990521,192,0
1789734016.163,37.3035820,127.9068220,4,183,0.366,0,0.079,-137.0,융합,-8.7,-128.3,1,0,04,14378461398811817291,0,45.618751,44.840521,46.140521,1.000000,0.100000,48.118751,48.118751,193,0
1789734016.263,37.3035812,127.9068210,4,183,0.367,0,0.070,-136.0,융합,-7.7,-128.3,1,0,04,14378461398811817291,0,45.736493,44.968751,46.268751,1.000000,0.100000,48.236493,48.236493,193,0
1789734016.363,37.3035803,127.9068200,4,184,0.369,0,0.046,-135.2,융합,-6.9,-128.3,1,0,04,14378461398811817291,0,45.864722,45.086493,46.386493,1.000000,0.100000,48.364722,48.364722,194,0
1789734016.463,37.3035795,127.9068192,4,184,0.358,0,0.028,-134.4,융합,-6.1,-128.3,1,0,04,14378461398811817291,0,45.992103,45.214722,46.514722,1.000000,0.100000,48.492103,48.492103,194,0
1789734016.563,37.3035787,127.9068182,4,185,0.356,0,0.001,-133.7,융합,-5.4,-128.3,1,0,04,14378461398811817291,0,46.120339,45.342103,46.642103,1.000000,0.100000,48.620339,48.620339,195,0
1789734016.663,37.3035787,127.9068182,4,185,0.356,0,0.101,-133.2,융합,-4.9,-128.3,1,0,04,14378461398811817291,0,46.120339,45.342103,46.642103,1.000000,0.100000,48.620339,48.620339,195,0
1789734016.763,37.3035778,127.9068173,4,185,0.346,0,0.075,-132.8,융합,-4.5,-128.3,1,0,04,14378461398811817291,0,46.230488,45.470339,46.770339,1.000000,0.100000,48.730488,48.730488,195,0
1789734016.863,37.3035770,127.9068163,4,186,0.347,0,0.050,-132.4,융합,-4.1,-128.3,1,0,04,14378461398811817291,0,46.358723,45.580488,46.880488,1.000000,0.100000,48.858723,48.858723,196,0
1789734016.963,37.3035762,127.9068155,4,186,0.338,0,0.026,-131.8,융합,-3.8,-128.0,1,0,04,14378461398811817291,0,46.475853,45.708723,47.008723,1.000000,0.100000,48.975853,48.975853,196,0
1789734017.063,37.3035762,127.9068155,4,186,0.338,0,0.126,-131.9,융합,-3.9,-128.0,1,0,04,14378461398811817291,0,46.475853,45.708723,47.008723,1.000000,0.100000,48.975853,48.975853,196,0
1789734017.163,37.3035753,127.9068147,4,187,0.329,0,0.088,-132.7,융합,-4.4,-128.4,1,0,04,14378461398811817291,0,46.594049,45.825853,47.125853,1.000000,0.100000,49.094049,49.094049,197,0
1789734017.263,37.3035745,127.9068137,4,187,0.329,0,0.073,-133.7,융합,-5.4,-128.4,1,0,04,14378461398811817291,0,46.730735,45.944049,47.244049,1.000000,0.100000,49.230735,49.230735,197,0
1789734017.363,37.3035738,127.9068127,4,188,0.341,0,0.051,-134.8,융합,-6.4,-128.4,1,0,04,14378461398811817291,0,46.845693,46.080735,47.380735,1.000000,0.100000,49.345693,49.345693,198,0
1789734017.463,37.3035730,127.9068117,4,188,0.341,0,0.027,-135.8,융합,-7.4,-128.4,1,0,04,14378461398811817291,0,46.966262,46.195693,47.495693,1.000000,0.100000,49.466262,49.466262,198,0
1789734017.563,37.3035723,127.9068105,4,189,0.366,0,0.003,-136.7,융합,-8.3,-128.4,1,0,04,14378461398811817291,0,47.090998,46.316262,47.616262,1.000000,0.100000,49.590998,49.590998,199,0
1789734017.663,37.3035723,127.9068105,4,189,0.366,0,0.103,-136.9,융합,-8.5,-128.4,1,0,04,14378461398811817291,0,47.090998,46.316262,47.616262,1.000000,0.100000,49.590998,49.590998,199,0
1789734017.763,37.3035717,127.9068095,4,189,0.379,0,0.077,-136.3,융합,-7.9,-128.4,1,0,04,14378461398811817291,0,47.214214,46.440998,47.740998,1.000000,0.100000,49.714214,49.714214,199,0
1789734017.863,37.3035708,127.9068085,4,190,0.377,0,0.049,-135.7,융합,-7.4,-128.4,1,0,04,14378461398811817291,0,47.342450,46.564214,47.864214,1.000000,0.100000,49.842450,49.842450,200,0
1789734017.963,37.3035700,127.9068073,4,190,0.388,0,0.028,-135.0,융합,-6.6,-128.4,1,0,04,14378461398811817291,0,47.471077,46.692450,47.992450,1.000000,0.100000,49.971077,49.971077,200,0
1789734018.063,37.3035700,127.9068073,4,190,0.388,0,0.128,-133.7,융합,-5.3,-128.4,1,0,04,14378461398811817291,0,47.471077,46.692450,47.992450,1.000000,0.100000,49.971077,49.971077,200,0
1789734018.163,37.3035692,127.9068065,4,191,0.379,0,0.088,-131.8,융합,-3.5,-128.4,1,0,04,14378461398811817291,0,47.589273,46.821077,48.121077,1.000000,0.100000,50.089273,50.089273,201,0
1789734018.264,37.3035683,127.9068057,4,191,0.368,0,0.076,-129.9,융합,-1.6,-128.4,1,0,04,14378461398811817291,0,47.718063,46.939273,48.239273,1.000000,0.100000,50.218063,50.218063,201,0
1789734018.363,37.3035673,127.9068048,4,192,0.343,0,0.056,-128.0,융합,0.3,-128.4,1,0,04,14378461398811817291,0,47.849190,47.068063,48.368063,1.000000,0.100000,50.349190,50.349190,202,0
1789734018.463,37.3035665,127.9068040,4,192,0.335,0,0.025,-126.1,융합,2.3,-128.4,1,0,04,14378461398811817291,0,47.912158,47.199190,48.499190,1.000000,0.100000,50.412158,50.416902,202,1
1789734018.563,37.3035665,127.9068040,4,192,0.335,0,0.125,-124.0,융합,4.4,-128.4,1,0,04,14378461398811817291,0,47.912158,47.199190,48.499190,1.000000,0.100000,50.412158,50.416902,202,1
1789734018.663,37.3035655,127.9068033,4,192,0.333,0,0.100,-121.5,융합,6.8,-128.4,1,0,04,14378461398811817291,0,47.993836,47.262158,48.562158,1.000000,0.100000,50.493836,50.493836,202,0
1789734018.763,37.3035645,127.9068028,4,193,0.321,0,0.075,-119.0,융합,9.4,-128.4,1,0,04,14378461398811817291,0,48.113031,47.343836,48.643836,1.000000,0.100000,50.613031,50.613031,203,0
1789734018.863,37.3035635,127.9068022,4,193,0.332,0,0.049,-116.8,융합,11.5,-128.4,1,0,04,14378461398811817291,0,48.163766,47.463031,48.763031,1.000000,0.100000,50.663766,50.667503,203,1
1789734018.963,37.3035625,127.9068015,4,193,0.361,0,0.027,-114.5,융합,13.9,-128.4,1,0,04,14378461398811817291,0,48.286232,47.513766,48.813766,1.000000,0.100000,50.786232,50.786232,203,0
1789734019.063,37.3035625,127.9068015,4,193,0.361,0,0.127,-112.2,융합,16.1,-128.4,1,0,04,14378461398811817291,0,48.286232,47.513766,48.813766,1.000000,0.100000,50.786232,50.786232,203,0
1789734019.163,37.3035613,127.9068013,4,194,0.343,0,0.090,-110.0,융합,18.3,-128.4,1,0,04,14378461398811817291,0,48.412275,47.636232,48.936232,1.000000,0.100000,50.912275,50.920755,204,1
1789734019.263,37.3035603,127.9068008,4,194,0.370,0,0.082,-107.8,융합,20.6,-128.4,1,0,04,14378461398811817291,0,48.495260,47.762275,49.062275,1.000000,0.100000,50.995260,51.002753,205,1
1789734019.363,37.3035592,127.9068008,4,195,0.351,0,0.048,-105.5,융합,22.9,-128.4,1,0,04,14378461398811817291,0,48.623820,47.845260,49.145260,1.000000,0.100000,51.002753,51.002753,205,1
1789734019.463,37.3035582,127.9068003,4,195,0.382,0,0.020,-103.5,융합,24.8,-128.4,1,0,04,14378461398811817291,0,48.726505,47.973820,49.273820,1.000000,0.100000,51.002753,51.002753,205,1
1789734019.563,37.3035582,127.9068003,4,195,0.382,0,0.120,-101.7,융합,26.6,-128.4,1,0,04,14378461398811817291,0,48.726505,47.973820,49.273820,1.000000,0.100000,51.002753,51.002753,205,1
1789734019.663,37.3035570,127.9068003,4,196,0.368,0,0.098,-100.0,융합,28.4,-128.4,1,0,04,14378461398811817291,0,48.855647,48.076505,49.376505,1.000000,0.100000,51.002753,51.002753,205,1
1789734019.763,37.3035560,127.9068002,4,196,0.373,0,0.075,-98.3,융합,30.0,-128.4,1,0,04,14378461398811817291,0,48.954683,48.205647,49.505647,1.000000,0.100000,51.002753,51.002753,205,1
1789734019.863,37.3035548,127.9068002,4,197,0.364,0,0.050,-96.9,융합,31.5,-128.4,1,0,04,14378461398811817291,0,49.084233,48.304683,49.604683,1.000000,0.100000,51.002753,51.002753,205,1
1789734019.963,37.3035537,127.9068002,4,197,0.357,0,0.028,-95.7,융합,32.7,-128.4,1,0,04,14378461398811817291,0,49.188655,48.434233,49.734233,1.000000,0.100000,51.002753,51.002753,205,1
1789734020.063,37.3035537,127.9068002,4,197,0.357,0,0.128,-94.6,융합,33.7,-128.4,1,0,04,14378461398811817291,0,49.188655,48.434233,49.734233,1.000000,0.100000,51.002753,51.002753,205,1
1789734020.163,37.3035525,127.9068000,4,198,0.372,0,0.100,-93.8,융합,34.6,-128.4,1,0,04,14378461398811817291,0,49.318529,48.538655,49.838655,1.000000,0.100000,51.002753,51.002753,205,1
1789734020.263,37.3035515,127.9068000,4,198,0.372,0,0.069,-93.1,융합,35.3,-128.4,1,0,04,14378461398811817291,0,49.429849,48.668529,49.968529,1.000000,0.100000,51.002753,51.002753,205,1
1789734020.363,37.3035503,127.9068000,4,199,0.372,0,0.048,-92.6,융합,35.8,-128.4,1,0,04,14378461398811817291,0,49.559722,48.779849,50.079849,1.000000,0.100000,51.002753,51.002753,205,1
1789734020.463,37.3035493,127.9068000,4,199,0.372,0,0.028,-92.1,융합,36.3,-128.4,1,0,04,14378461398811817291,0,49.665847,48.909722,50.209722,1.000000,0.100000,51.002753,51.002753,205,1
1789734020.563,37.3035482,127.9068000,4,199,0.376,0,0.001,-91.9,융합,36.5,-128.4,1,0,04,14378461398811817291,0,49.787692,49.165847,50.165847,0.000000,0.100000,51.002753,51.002753,205,1
1789734020.663,37.3035482,127.9068000,4,199,0.376,0,0.101,-92.0,융합,36.4,-128.4,1,0,04,14378461398811817291,0,49.787692,49.165847,50.165847,0.000000,0.100000,51.002753,51.002753,205,1
1789734020.763,37.3035472,127.9068000,4,200,0.380,0,0.073,-92.0,융합,36.3,-128.4,1,0,04,14378461398811817291,0,49.898942,49.287692,50.287692,0.000000,0.100000,51.002753,51.002753,205,1
1789734020.863,37.3035460,127.9068000,4,200,0.392,0,0.042,-92.1,융합,36.3,-128.4,1,0,04,14378461398811817291,0,50.001224,49.398942,50.398942,0.000000,0.100000,51.002753,51.002753,205,1
1789734020.963,37.3035452,127.9067998,4,201,0.416,0,0.030,-92.3,융합,36.1,-128.4,1,0,04,14378461398811817291,0,50.091905,49.501224,50.501224,0.000000,0.100000,51.002753,51.002753,205,1
1789734021.063,37.3035452,127.9067998,4,201,0.416,0,0.130,-92.3,융합,36.0,-128.4,1,0,04,14378461398811817291,0,50.091905,49.501224,50.501224,0.000000,0.100000,51.002753,51.002753,205,1
1789734021.163,37.3035443,127.9067997,4,201,0.441,0,0.088,-93.3,융합,36.0,-129.4,1,0,04,14378461398811817291,0,50.182378,49.591905,50.591905,0.000000,0.100000,51.002753,51.002753,205,1
1789734021.263,37.3035435,127.9067998,4,201,0.436,0,0.072,-92.5,융합,36.0,-128.5,1,0,04,14378461398811817291,0,50.276188,49.682378,50.682378,0.000000,0.100000,51.002753,51.002753,205,1
1789734021.363,37.3035432,127.9067997,4,202,0.455,0,0.046,-93.1,융합,36.0,-129.2,1,0,04,14378461398811817291,0,50.311514,49.776188,50.776188,0.000000,0.100000,51.002753,51.002753,205,1
1789734021.463,37.3035427,127.9067998,4,202,0.446,0,0.023,-93.2,융합,35.9,-129.1,1,0,04,14378461398811817291,0,50.368428,49.811514,50.811514,0.000000,0.100000,51.002753,51.002753,205,1
1789734021.563,37.3035427,127.9067998,4,202,0.446,0,0.123,-93.1,융합,36.0,-129.1,1,0,04,14378461398811817291,0,50.368428,49.811514,50.811514,0.000000,0.100000,51.002753,51.002753,205,1
1789734021.663,37.3035425,127.9067998,4,202,0.448,0,0.095,-92.8,융합,35.9,-128.8,1,0,04,14378461398811817291,0,50.386876,49.868428,50.868428,0.000000,0.100000,51.002753,51.002753,205,1
1789734021.763,37.3035423,127.9067998,4,202,0.450,0,0.068,-92.8,융합,36.0,-128.8,1,0,04,14378461398811817291,0,50.405324,49.886876,50.886876,0.000000,0.100000,51.002753,51.002753,205,1
1789734021.863,37.3035423,127.9067998,4,202,0.450,0,0.048,-92.8,융합,36.0,-128.8,1,0,04,14378461398811817291,0,50.405324,49.905324,50.905324,0.000000,0.100000,51.002753,51.002753,205,1
1789734021.963,37.3035425,127.9067997,4,202,0.463,0,0.021,-92.8,융합,36.0,-128.8,1,0,04,14378461398811817291,0,50.385306,49.905324,50.905324,0.000000,0.100000,51.002753,51.002753,205,1
1789734022.063,37.3035425,127.9067997,4,202,0.463,0,0.121,-92.8,융합,36.0,-128.8,1,0,04,14378461398811817291,0,50.385306,49.905324,50.905324,0.000000,0.100000,51.002753,51.002753,205,1
1789734022.163,37.3035425,127.9067997,4,202,0.463,0,0.078,-92.8,융합,36.0,-128.8,1,0,04,14378461398811817291,0,50.385306,49.885306,50.885306,0.000000,0.100000,51.002753,51.002753,205,1
1789734022.263,37.3035425,127.9067997,4,202,0.463,0,0.070,-92.8,융합,36.0,-128.8,1,0,04,14378461398811817291,0,50.385306,49.885306,50.885306,0.000000,0.100000,51.002753,51.002753,205,1
1789734022.363,37.3035425,127.9067997,4,202,0.463,0,0.050,-92.8,융합,36.0,-128.8,1,0,04,14378461398811817291,0,50.385306,49.885306,50.885306,0.000000,0.100000,51.002753,51.002753,205,1
1789734022.463,37.3035425,127.9067997,4,202,0.463,0,0.021,-92.8,융합,36.0,-128.8,1,0,04,14378461398811817291,0,50.385306,49.885306,50.885306,0.000000,0.100000,51.002753,51.002753,205,1
1789734022.563,37.3035425,127.9067997,4,202,0.463,0,0.121,-92.8,융합,36.0,-128.8,1,0,04,14378461398811817291,0,50.385306,49.885306,50.885306,0.000000,0.100000,51.002753,51.002753,205,1
1789734022.663,37.3035425,127.9067997,4,202,0.463,0,0.096,-92.8,융합,36.0,-128.8,1,0,04,14378461398811817291,0,50.385306,49.885306,50.885306,0.000000,0.100000,51.002753,51.002753,205,1
1789734022.763,37.3035425,127.9067997,4,202,0.463,0,0.071,-92.8,융합,36.0,-128.8,1,0,04,14378461398811817291,0,50.385306,49.885306,50.885306,0.000000,0.100000,51.002753,51.002753,205,1
1789734022.863,37.3035425,127.9067997,4,202,0.463,0,0.045,-92.8,융합,36.0,-128.8,1,0,04,14378461398811817291,0,50.385306,49.885306,50.885306,0.000000,0.100000,51.002753,51.002753,205,1
1789734022.963,37.3035425,127.9067997,4,202,0.463,0,0.018,-92.8,융합,36.0,-128.8,1,0,04,14378461398811817291,0,50.385306,49.885306,50.885306,0.000000,0.100000,51.002753,51.002753,205,1
1789734023.063,37.3035425,127.9067997,4,202,0.463,0,0.118,-92.8,융합,36.0,-128.8,1,0,04,14378461398811817291,0,50.385306,49.885306,50.885306,0.000000,0.100000,51.002753,51.002753,205,1
1789734023.163,37.3035425,127.9067997,4,202,0.463,0,0.080,-92.8,융합,36.0,-128.8,1,0,04,14378461398811817291,0,50.385306,49.885306,50.885306,0.000000,0.100000,51.002753,51.002753,205,1
1789734023.263,37.3035425,127.9067997,4,202,0.463,0,0.066,-92.8,융합,36.0,-128.8,1,0,04,14378461398811817291,0,50.385306,49.885306,50.885306,0.000000,0.100000,51.002753,51.002753,205,1
1789734023.363,37.3035425,127.9067997,4,202,0.463,0,0.041,-92.8,융합,36.0,-128.8,1,0,04,14378461398811817291,0,50.385306,49.885306,50.885306,0.000000,0.100000,51.002753,51.002753,205,1
1789734023.463,37.3035425,127.9067997,4,202,0.463,0,0.022,-92.8,융합,36.0,-128.8,1,0,04,14378461398811817291,0,50.385306,49.885306,50.885306,0.000000,0.100000,51.002753,51.002753,205,1
1789734023.563,37.3035425,127.9067997,4,202,0.463,0,0.001,-92.8,융합,36.0,-128.8,1,0,04,14378461398811817291,0,50.385306,49.885306,50.885306,0.000000,0.100000,51.002753,51.002753,205,1
1789734023.663,37.3035425,127.9067997,4,202,0.463,0,0.101,-92.8,융합,36.0,-128.8,1,0,04,14378461398811817291,0,50.385306,49.885306,50.885306,0.000000,0.100000,51.002753,51.002753,205,1
1789734023.763,37.3035425,127.9067997,4,202,0.463,0,0.080,-92.8,융합,36.0,-128.8,1,0,04,14378461398811817291,0,50.385306,49.885306,50.885306,0.000000,0.100000,51.002753,51.002753,205,1
1789734023.863,37.3035425,127.9067997,4,202,0.463,0,0.046,-92.8,융합,36.0,-128.8,1,0,04,14378461398811817291,0,50.385306,49.885306,50.885306,0.000000,0.100000,51.002753,51.002753,205,1
1789734023.963,37.3035425,127.9067997,4,202,0.463,0,0.025,-92.7,융합,36.0,-128.8,1,0,04,14378461398811817291,0,50.385306,49.885306,50.885306,0.000000,0.100000,51.002753,51.002753,205,1
1789734024.063,37.3035425,127.9067997,4,202,0.463,0,0.125,-92.7,융합,36.0,-128.8,1,0,04,14378461398811817291,0,50.385306,49.885306,50.885306,0.000000,0.100000,51.002753,51.002753,205,1
1789734024.163,37.3035425,127.9067997,4,202,0.463,0,0.085,-92.7,융합,36.0,-128.8,1,0,04,14378461398811817291,0,50.385306,49.885306,50.885306,0.000000,0.100000,51.002753,51.002753,205,1
1789734024.263,37.3035425,127.9067997,4,202,0.463,0,0.071,-92.7,융합,36.0,-128.8,1,0,04,14378461398811817291,0,50.385306,49.885306,50.885306,0.000000,0.100000,51.002753,51.002753,205,1
1789734024.363,37.3035425,127.9067997,4,202,0.463,0,0.050,-92.7,융합,36.0,-128.8,1,0,04,14378461398811817291,0,50.385306,49.885306,50.885306,0.000000,0.100000,51.002753,51.002753,205,1
1789734024.463,37.3035425,127.9067997,4,202,0.463,0,0.027,-92.7,융합,36.0,-128.8,1,0,04,14378461398811817291,0,50.385306,49.885306,50.885306,0.000000,0.100000,51.002753,51.002753,205,1
1789734024.563,37.3035425,127.9067997,4,202,0.463,0,0.009,-92.7,융합,36.0,-128.8,1,0,04,14378461398811817291,0,50.385306,49.885306,50.885306,0.000000,0.100000,51.002753,51.002753,205,1
1789734024.663,37.3035425,127.9067997,4,202,0.463,0,0.108,-92.7,융합,36.0,-128.8,1,0,04,14378461398811817291,0,50.385306,49.885306,50.885306,0.000000,0.100000,51.002753,51.002753,205,1
1789734024.763,37.3035425,127.9067997,4,202,0.463,0,0.074,-92.7,융합,36.1,-128.8,1,0,04,14378461398811817291,0,50.385306,49.885306,50.885306,0.000000,0.100000,51.002753,51.002753,205,1
1789734024.863,37.3035425,127.9067997,4,202,0.463,0,0.047,-92.7,융합,36.1,-128.8,1,0,04,14378461398811817291,0,50.385306,49.885306,50.885306,0.000000,0.100000,51.002753,51.002753,205,1
1789734024.963,37.3035425,127.9067997,4,202,0.463,0,0.026,-92.7,융합,36.1,-128.8,1,0,04,14378461398811817291,0,50.385306,49.885306,50.885306,0.000000,0.100000,51.002753,51.002753,205,1
1789734025.063,37.3035425,127.9067997,4,202,0.463,0,0.127,-92.7,융합,36.1,-128.8,1,0,04,14378461398811817291,0,50.385306,49.885306,50.885306,0.000000,0.100000,51.002753,51.002753,205,1
1789734025.163,37.3035425,127.9067997,4,202,0.463,0,0.093,-92.7,융합,36.1,-128.8,1,0,04,14378461398811817291,0,50.385306,49.885306,50.885306,0.000000,0.100000,51.002753,51.002753,205,1
1789734025.263,37.3035425,127.9067997,4,202,0.463,0,0.076,-92.7,융합,36.1,-128.8,1,0,04,14378461398811817291,0,50.385306,49.885306,50.885306,0.000000,0.100000,51.002753,51.002753,205,1
1789734025.363,37.3035425,127.9067997,4,202,0.463,0,0.049,-92.7,융합,36.1,-128.8,1,0,04,14378461398811817291,0,50.385306,49.885306,50.885306,0.000000,0.100000,51.002753,51.002753,205,1
1789734025.463,37.3035425,127.9067997,4,202,0.463,0,0.030,-92.7,융합,36.1,-128.8,1,0,04,14378461398811817291,0,50.385306,49.885306,50.885306,0.000000,0.100000,51.002753,51.002753,205,1
1789734025.563,37.3035425,127.9067997,4,202,0.463,0,0.130,-92.7,융합,36.1,-128.8,1,0,04,14378461398811817291,0,50.385306,49.885306,50.885306,0.000000,0.100000,51.002753,51.002753,205,1
1789734025.663,37.3035425,127.9067997,4,202,0.463,0,0.098,-92.7,융합,36.1,-128.8,1,0,04,14378461398811817291,0,50.385306,49.885306,50.885306,0.000000,0.100000,51.002753,51.002753,205,1
1789734025.763,37.3035425,127.9067997,4,202,0.463,0,0.074,-92.7,융합,36.1,-128.8,1,0,04,14378461398811817291,0,50.385306,49.885306,50.885306,0.000000,0.100000,51.002753,51.002753,205,1
1789734025.863,37.3035425,127.9067997,4,202,0.463,0,0.047,-92.7,융합,36.1,-128.8,1,0,04,14378461398811817291,0,50.385306,49.885306,50.885306,0.000000,0.100000,51.002753,51.002753,205,1
1789734025.963,37.3035425,127.9067997,4,202,0.463,0,0.026,-92.7,융합,36.1,-128.8,1,0,04,14378461398811817291,0,50.385306,49.885306,50.885306,0.000000,0.100000,51.002753,51.002753,205,1
1789734026.063,37.3035425,127.9067997,4,202,0.463,0,0.125,-92.7,융합,36.1,-128.8,1,0,04,14378461398811817291,0,50.385306,49.885306,50.885306,0.000000,0.100000,51.002753,51.002753,205,1
1789734026.163,37.3035425,127.9067997,4,202,0.463,0,0.075,-92.7,융합,36.1,-128.8,1,0,04,14378461398811817291,0,50.385306,49.885306,50.885306,0.000000,0.100000,51.002753,51.002753,205,1
1789734026.263,37.3035425,127.9067997,4,202,0.463,0,0.073,-92.7,융합,36.1,-128.8,1,0,04,14378461398811817291,0,50.385306,49.885306,50.885306,0.000000,0.100000,51.002753,51.002753,205,1
1789734026.363,37.3035425,127.9067997,4,202,0.463,0,0.051,-92.7,융합,36.1,-128.8,1,0,04,14378461398811817291,0,50.385306,49.885306,50.885306,0.000000,0.100000,51.002753,51.002753,205,1
1789734026.463,37.3035425,127.9067997,4,202,0.463,0,0.025,-92.7,융합,36.1,-128.8,1,0,04,14378461398811817291,0,50.385306,49.885306,50.885306,0.000000,0.100000,51.002753,51.002753,205,1
1789734026.563,37.3035425,127.9067997,4,202,0.463,0,0.125,-92.7,융합,36.1,-128.8,1,0,04,14378461398811817291,0,50.385306,49.885306,50.885306,0.000000,0.100000,51.002753,51.002753,205,1
1789734026.663,37.3035425,127.9067997,4,202,0.463,0,0.099,-92.7,융합,36.1,-128.8,1,0,04,14378461398811817291,0,50.385306,49.885306,50.885306,0.000000,0.100000,51.002753,51.002753,205,1
1789734026.763,37.3035425,127.9067997,4,202,0.463,0,0.074,-92.7,융합,36.1,-128.8,1,0,04,14378461398811817291,0,50.385306,49.885306,50.885306,0.000000,0.100000,51.002753,51.002753,205,1
1789734026.863,37.3035425,127.9067997,4,202,0.463,0,0.046,-92.7,융합,36.1,-128.8,1,0,04,14378461398811817291,0,50.385306,49.885306,50.885306,0.000000,0.100000,51.002753,51.002753,205,1
1789734026.963,37.3035425,127.9067997,4,202,0.463,0,0.023,-92.7,융합,36.1,-128.8,1,0,04,14378461398811817291,0,50.385306,49.885306,50.885306,0.000000,0.100000,51.002753,51.002753,205,1
1789734027.063,37.3035425,127.9067997,4,202,0.463,0,0.123,-92.7,융합,36.1,-128.8,1,0,04,14378461398811817291,0,50.385306,49.885306,50.885306,0.000000,0.100000,51.002753,51.002753,205,1
1789734027.163,37.3035425,127.9067997,4,202,0.463,0,0.088,-92.7,융합,36.1,-128.8,1,0,04,14378461398811817291,0,50.385306,49.885306,50.885306,0.000000,0.100000,51.002753,51.002753,205,1
1789734027.263,37.3035425,127.9067997,4,202,0.463,0,0.075,-92.7,융합,36.1,-128.8,1,0,04,14378461398811817291,0,50.385306,49.885306,50.885306,0.000000,0.100000,51.002753,51.002753,205,1
1789734027.363,37.3035425,127.9067997,4,202,0.463,0,0.053,-92.7,융합,36.1,-128.8,1,0,04,14378461398811817291,0,50.385306,49.885306,50.885306,0.000000,0.100000,51.002753,51.002753,205,1
1789734027.463,37.3035425,127.9067997,4,202,0.463,0,0.025,-92.7,융합,36.1,-128.8,1,0,04,14378461398811817291,0,50.385306,49.885306,50.885306,0.000000,0.100000,51.002753,51.002753,205,1
1789734027.563,37.3035425,127.9067997,4,202,0.463,0,0.125,-92.7,융합,36.1,-128.8,1,0,04,14378461398811817291,0,50.385306,49.885306,50.885306,0.000000,0.100000,51.002753,51.002753,205,1
1789734027.663,37.3035425,127.9067997,4,202,0.463,0,0.099,-92.7,융합,36.1,-128.8,1,0,04,14378461398811817291,0,50.385306,49.885306,50.885306,0.000000,0.100000,51.002753,51.002753,205,1
1789734027.763,37.3035425,127.9067997,4,202,0.463,0,0.073,-92.7,융합,36.1,-128.8,1,0,04,14378461398811817291,0,50.385306,49.885306,50.885306,0.000000,0.100000,51.002753,51.002753,205,1
1789734027.863,37.3035425,127.9067997,4,202,0.463,0,0.045,-92.7,융합,36.1,-128.8,1,0,04,14378461398811817291,0,50.385306,49.885306,50.885306,0.000000,0.100000,51.002753,51.002753,205,1
1789734027.963,37.3035425,127.9067997,4,202,0.463,0,0.025,-92.7,융합,36.1,-128.8,1,0,04,14378461398811817291,0,50.385306,49.885306,50.885306,0.000000,0.100000,51.002753,51.002753,205,1
1789734028.063,37.3035425,127.9067997,4,202,0.463,0,0.125,-92.7,융합,36.1,-128.8,1,0,04,14378461398811817291,0,50.385306,49.885306,50.885306,0.000000,0.100000,51.002753,51.002753,205,1
1789734028.163,37.3035425,127.9067997,4,202,0.463,0,0.085,-92.7,융합,36.1,-128.8,1,0,04,14378461398811817291,0,50.385306,49.885306,50.885306,0.000000,0.100000,51.002753,51.002753,205,1
1789734028.263,37.3035425,127.9067997,4,202,0.463,0,0.077,-92.7,융합,36.1,-128.8,1,0,04,14378461398811817291,0,50.385306,49.885306,50.885306,0.000000,0.100000,51.002753,51.002753,205,1
1789734028.363,37.3035425,127.9067997,4,202,0.463,0,0.049,-92.7,융합,36.1,-128.8,1,0,04,14378461398811817291,0,50.385306,49.885306,50.885306,0.000000,0.100000,51.002753,51.002753,205,1
1789734028.463,37.3035425,127.9067997,4,202,0.463,0,0.022,-92.7,융합,36.1,-128.8,1,0,04,14378461398811817291,0,50.385306,49.885306,50.885306,0.000000,0.100000,51.002753,51.002753,205,1
1789734028.563,37.3035425,127.9067997,4,202,0.463,0,0.122,-92.7,융합,36.1,-128.8,1,0,04,14378461398811817291,0,50.385306,49.885306,50.885306,0.000000,0.100000,51.002753,51.002753,205,1
1789734028.663,37.3035425,127.9067997,4,202,0.463,0,0.098,-92.7,융합,36.1,-128.8,1,0,04,14378461398811817291,0,50.385306,49.885306,50.885306,0.000000,0.100000,51.002753,51.002753,205,1
1789734028.763,37.3035425,127.9067997,4,202,0.463,0,0.072,-92.7,융합,36.1,-128.8,1,0,04,14378461398811817291,0,50.385306,49.885306,50.885306,0.000000,0.100000,51.002753,51.002753,205,1
1789734028.863,37.3035425,127.9067997,4,202,0.463,0,0.047,-92.7,융합,36.1,-128.8,1,0,04,14378461398811817291,0,50.385306,49.885306,50.885306,0.000000,0.100000,51.002753,51.002753,205,1
1789734028.963,37.3035425,127.9067997,4,202,0.463,0,0.021,-92.7,융합,36.1,-128.8,1,0,04,14378461398811817291,0,50.385306,49.885306,50.885306,0.000000,0.100000,51.002753,51.002753,205,1
1789734029.063,37.3035425,127.9067997,4,202,0.463,0,0.121,-92.7,융합,36.1,-128.8,1,0,04,14378461398811817291,0,50.385306,49.885306,50.885306,0.000000,0.100000,51.002753,51.002753,205,1
1789734029.163,37.3035425,127.9067997,4,202,0.463,0,0.098,-92.7,융합,36.1,-128.8,1,0,04,14378461398811817291,0,50.385306,49.885306,50.885306,0.000000,0.100000,51.002753,51.002753,205,1
1789734029.263,37.3035425,127.9067997,4,202,0.463,0,0.074,-92.7,융합,36.1,-128.8,1,0,04,14378461398811817291,0,50.385306,49.885306,50.885306,0.000000,0.100000,51.002753,51.002753,205,1
1789734029.363,37.3035425,127.9067997,4,202,0.463,0,0.048,-92.7,융합,36.1,-128.8,1,0,04,14378461398811817291,0,50.385306,49.885306,50.885306,0.000000,0.100000,51.002753,51.002753,205,1
1789734029.463,37.3035425,127.9067997,4,202,0.463,0,0.025,-92.7,융합,36.1,-128.8,1,0,04,14378461398811817291,0,50.385306,49.885306,50.885306,0.000000,0.100000,51.002753,51.002753,205,1
1789734029.563,37.3035425,127.9067997,4,202,0.463,0,0.000,-92.7,융합,36.1,-128.8,1,0,04,14378461398811817291,0,50.385306,49.885306,50.885306,0.000000,0.100000,51.002753,51.002753,205,1
1789734029.663,37.3035425,127.9067997,4,202,0.463,0,0.100,-92.7,융합,36.1,-128.8,1,0,04,14378461398811817291,0,50.385306,49.885306,50.885306,0.000000,0.100000,51.002753,51.002753,205,1
1789734029.763,37.3035425,127.9067997,4,202,0.463,0,0.075,-92.7,융합,36.1,-128.8,1,0,04,14378461398811817291,0,50.385306,49.885306,50.885306,0.000000,0.100000,51.002753,51.002753,205,1
1789734029.863,37.3035425,127.9067997,4,202,0.463,0,0.047,-92.7,융합,36.1,-128.8,1,0,04,14378461398811817291,0,50.385306,49.885306,50.885306,0.000000,0.100000,51.002753,51.002753,205,1
1789734029.963,37.3035425,127.9067997,4,202,0.463,0,0.028,-92.7,융합,36.1,-128.8,1,0,04,14378461398811817291,0,50.385306,49.885306,50.885306,0.000000,0.100000,51.002753,51.002753,205,1
1789734030.063,37.3035425,127.9067997,4,202,0.463,0,0.128,-92.7,융합,36.1,-128.8,1,0,04,14378461398811817291,0,50.385306,49.885306,50.885306,0.000000,0.100000,51.002753,51.002753,205,1
1789734030.163,37.3035425,127.9067997,4,202,0.463,0,0.080,-92.7,융합,36.1,-128.8,1,0,04,14378461398811817291,0,50.385306,49.885306,50.885306,0.000000,0.100000,51.002753,51.002753,205,1
1789734030.263,37.3035425,127.9067997,4,202,0.463,0,0.068,-92.6,융합,36.1,-128.8,1,0,04,14378461398811817291,0,50.385306,49.885306,50.885306,0.000000,0.100000,51.002753,51.002753,205,1
1789734030.363,37.3035425,127.9067997,4,202,0.463,0,0.048,-92.6,융합,36.1,-128.8,1,0,04,14378461398811817291,0,50.385306,49.885306,50.885306,0.000000,0.100000,51.002753,51.002753,205,1
1789734030.463,37.3035425,127.9067997,4,202,0.463,0,0.027,-92.6,융합,36.1,-128.8,1,0,04,14378461398811817291,0,50.385306,49.885306,50.885306,0.000000,0.100000,51.002753,51.002753,205,1
1789734030.563,37.3035425,127.9067997,4,202,0.463,0,0.126,-92.6,융합,36.1,-128.8,1,0,04,14378461398811817291,0,50.385306,49.885306,50.885306,0.000000,0.100000,51.002753,51.002753,205,1
1789734030.664,37.3035425,127.9067997,4,202,0.463,0,0.098,-92.6,융합,36.1,-128.8,1,0,04,14378461398811817291,0,50.385306,49.885306,50.885306,0.000000,0.100000,51.002753,51.002753,205,1
1789734030.763,37.3035425,127.9067997,4,202,0.463,0,0.073,-92.6,융합,36.1,-128.8,1,0,04,14378461398811817291,0,50.385306,49.885306,50.885306,0.000000,0.100000,51.002753,51.002753,205,1
1789734030.863,37.3035425,127.9067995,4,202,0.477,0,0.048,-92.6,융합,36.1,-128.8,1,0,04,14378461398811817291,0,50.383736,49.885306,50.885306,0.000000,0.100000,51.002753,51.002753,205,1
1789734030.963,37.3035425,127.9067997,4,202,0.463,0,0.025,-92.6,융합,36.1,-128.8,1,0,04,14378461398811817291,0,50.385306,49.883736,50.883736,0.000000,0.100000,51.002753,51.002753,205,1
1789734031.063,37.3035425,127.9067997,4,202,0.463,0,0.126,-92.7,융합,36.1,-128.8,1,0,04,14378461398811817291,0,50.385306,49.883736,50.883736,0.000000,0.100000,51.002753,51.002753,205,1
1789734031.163,37.3035425,127.9067997,4,202,0.463,0,0.093,-92.6,융합,36.1,-128.8,1,0,04,14378461398811817291,0,50.385306,49.885306,50.885306,0.000000,0.100000,51.002753,51.002753,205,1
1789734031.263,37.3035425,127.9067997,4,202,0.463,0,0.076,-92.6,융합,36.1,-128.8,1,0,04,14378461398811817291,0,50.385306,49.885306,50.885306,0.000000,0.100000,51.002753,51.002753,205,1
1789734031.363,37.3035425,127.9067997,4,202,0.463,0,0.052,-92.6,융합,36.1,-128.8,1,0,04,14378461398811817291,0,50.385306,49.885306,50.885306,0.000000,0.100000,51.002753,51.002753,205,1
1789734031.463,37.3035425,127.9067997,4,202,0.463,0,0.028,-92.6,융합,36.1,-128.8,1,0,04,14378461398811817291,0,50.385306,49.885306,50.885306,0.000000,0.100000,51.002753,51.002753,205,1
1789734031.563,37.3035425,127.9067997,4,202,0.463,0,0.001,-92.7,융합,36.1,-128.8,1,0,04,14378461398811817291,0,50.385306,49.885306,50.885306,0.000000,0.100000,51.002753,51.002753,205,1
1789734031.663,37.3035425,127.9067997,4,202,0.463,0,0.101,-92.6,융합,36.1,-128.8,1,0,04,14378461398811817291,0,50.385306,49.885306,50.885306,0.000000,0.100000,51.002753,51.002753,205,1
1789734031.763,37.3035425,127.9067997,4,202,0.463,0,0.075,-92.7,융합,36.1,-128.8,1,0,04,14378461398811817291,0,50.385306,49.885306,50.885306,0.000000,0.100000,51.002753,51.002753,205,1
1789734031.863,37.3035425,127.9067997,4,202,0.463,0,0.049,-92.7,융합,36.1,-128.8,1,0,04,14378461398811817291,0,50.385306,49.885306,50.885306,0.000000,0.100000,51.002753,51.002753,205,1
1789734031.963,37.3035425,127.9067997,4,202,0.463,0,0.025,-92.6,융합,36.1,-128.8,1,0,04,14378461398811817291,0,50.385306,49.885306,50.885306,0.000000,0.100000,51.002753,51.002753,205,1
1789734032.063,37.3035425,127.9067997,4,202,0.463,0,0.125,-92.6,융합,36.1,-128.8,1,0,04,14378461398811817291,0,50.385306,49.885306,50.885306,0.000000,0.100000,51.002753,51.002753,205,1
1789734032.163,37.3035425,127.9067997,4,202,0.463,0,0.081,-92.6,융합,36.1,-128.8,1,0,04,14378461398811817291,0,50.385306,49.885306,50.885306,0.000000,0.100000,51.002753,51.002753,205,1
1789734032.263,37.3035425,127.9067997,4,202,0.463,0,0.064,-92.6,융합,36.1,-128.8,1,0,04,14378461398811817291,0,50.385306,49.885306,50.885306,0.000000,0.100000,51.002753,51.002753,205,1
1789734032.363,37.3035425,127.9067997,4,202,0.463,0,0.048,-92.6,융합,36.1,-128.8,1,0,04,14378461398811817291,0,50.385306,49.885306,50.885306,0.000000,0.100000,51.002753,51.002753,205,1
1789734032.463,37.3035425,127.9067997,4,202,0.463,0,0.024,-92.6,융합,36.1,-128.8,1,0,04,14378461398811817291,0,50.385306,49.885306,50.885306,0.000000,0.100000,51.002753,51.002753,205,1
1789734032.563,37.3035425,127.9067997,4,202,0.463,0,0.124,-92.6,융합,36.1,-128.8,1,0,04,14378461398811817291,0,50.385306,49.885306,50.885306,0.000000,0.100000,51.002753,51.002753,205,1
1789734032.663,37.3035425,127.9067997,4,202,0.463,0,0.097,-92.6,융합,36.1,-128.8,1,0,04,14378461398811817291,0,50.385306,49.885306,50.885306,0.000000,0.100000,51.002753,51.002753,205,1
1789734032.763,37.3035425,127.9067997,4,202,0.463,0,0.079,-92.6,융합,36.1,-128.8,1,0,04,14378461398811817291,0,50.385306,49.885306,50.885306,0.000000,0.100000,51.002753,51.002753,205,1
1789734032.863,37.3035425,127.9067997,4,202,0.463,0,0.048,-92.6,융합,36.1,-128.8,1,0,04,14378461398811817291,0,50.385306,49.885306,50.885306,0.000000,0.100000,51.002753,51.002753,205,1
1789734032.963,37.3035425,127.9067997,4,202,0.463,0,0.023,-92.6,융합,36.1,-128.8,1,0,04,14378461398811817291,0,50.385306,49.885306,50.885306,0.000000,0.100000,51.002753,51.002753,205,1
1789734033.063,37.3035425,127.9067997,4,202,0.463,0,0.123,-92.6,융합,36.1,-128.8,1,0,04,14378461398811817291,0,50.385306,49.885306,50.885306,0.000000,0.100000,51.002753,51.002753,205,1
1789734033.163,37.3035425,127.9067997,4,202,0.463,0,0.089,-92.6,융합,36.1,-128.8,1,0,04,14378461398811817291,0,50.385306,49.885306,50.885306,0.000000,0.100000,51.002753,51.002753,205,1
1789734033.263,37.3035425,127.9067997,4,202,0.463,0,0.079,-92.6,융합,36.1,-128.8,1,0,04,14378461398811817291,0,50.385306,49.885306,50.885306,0.000000,0.100000,51.002753,51.002753,205,1
1789734033.363,37.3035425,127.9067997,4,202,0.463,0,0.052,-92.6,융합,36.1,-128.8,1,0,04,14378461398811817291,0,50.385306,49.885306,50.885306,0.000000,0.100000,51.002753,51.002753,205,1
1789734033.463,37.3035425,127.9067997,4,202,0.463,0,0.026,-92.6,융합,36.1,-128.8,1,0,04,14378461398811817291,0,50.385306,49.885306,50.885306,0.000000,0.100000,51.002753,51.002753,205,1
1789734033.563,37.3035425,127.9067997,4,202,0.463,0,0.008,-92.6,융합,36.1,-128.8,1,0,04,14378461398811817291,0,50.385306,49.885306,50.885306,0.000000,0.100000,51.002753,51.002753,205,1
1789734033.663,37.3035425,127.9067997,4,202,0.463,0,0.108,-92.6,융합,36.1,-128.8,1,0,04,14378461398811817291,0,50.385306,49.885306,50.885306,0.000000,0.100000,51.002753,51.002753,205,1
1789734033.763,37.3035425,127.9067997,4,202,0.463,0,0.072,-92.6,융합,36.1,-128.8,1,0,04,14378461398811817291,0,50.385306,49.885306,50.885306,0.000000,0.100000,51.002753,51.002753,205,1
1789734033.863,37.3035425,127.9067997,4,202,0.463,0,0.046,-92.6,융합,36.1,-128.8,1,0,04,14378461398811817291,0,50.385306,49.885306,50.885306,0.000000,0.100000,51.002753,51.002753,205,1
1789734033.963,37.3035425,127.9067997,4,202,0.463,0,0.024,-92.6,융합,36.1,-128.8,1,0,04,14378461398811817291,0,50.385306,49.885306,50.885306,0.000000,0.100000,51.002753,51.002753,205,1
1789734034.063,37.3035425,127.9067997,4,202,0.463,0,0.124,-92.6,융합,36.1,-128.8,1,0,04,14378461398811817291,0,50.385306,49.885306,50.885306,0.000000,0.100000,51.002753,51.002753,205,1
1789734034.163,37.3035425,127.9067997,4,202,0.463,0,0.083,-92.6,융합,36.1,-128.8,1,0,04,14378461398811817291,0,50.385306,49.885306,50.885306,0.000000,0.100000,51.002753,51.002753,205,1
1789734034.263,37.3035425,127.9067997,4,202,0.463,0,0.069,-92.6,융합,36.1,-128.8,1,0,04,14378461398811817291,0,50.385306,49.885306,50.885306,0.000000,0.100000,51.002753,51.002753,205,1
1789734034.363,37.3035425,127.9067997,4,202,0.463,0,0.049,-92.6,융합,36.1,-128.8,1,0,04,14378461398811817291,0,50.385306,49.885306,50.885306,0.000000,0.100000,51.002753,51.002753,205,1
1789734034.463,37.3035425,127.9067997,4,202,0.463,0,0.027,-92.6,융합,36.1,-128.8,1,0,04,14378461398811817291,0,50.385306,49.885306,50.885306,0.000000,0.100000,51.002753,51.002753,205,1
1789734034.563,37.3035425,127.9067997,4,202,0.463,0,0.127,-92.6,융합,36.1,-128.8,1,0,04,14378461398811817291,0,50.385306,49.885306,50.885306,0.000000,0.100000,51.002753,51.002753,205,1
1789734034.663,37.3035425,127.9067997,4,202,0.463,0,0.097,-92.6,융합,36.1,-128.8,1,0,04,14378461398811817291,0,50.385306,49.885306,50.885306,0.000000,0.100000,51.002753,51.002753,205,1
1789734034.763,37.3035425,127.9067997,4,202,0.463,0,0.073,-92.6,융합,36.1,-128.8,1,0,04,14378461398811817291,0,50.385306,49.885306,50.885306,0.000000,0.100000,51.002753,51.002753,205,1
1789734034.863,37.3035425,127.9067997,4,202,0.463,0,0.047,-92.6,융합,36.1,-128.8,1,0,04,14378461398811817291,0,50.385306,49.885306,50.885306,0.000000,0.100000,51.002753,51.002753,205,1
1789734034.963,37.3035425,127.9067997,4,202,0.463,0,0.026,-92.6,융합,36.1,-128.8,1,0,04,14378461398811817291,0,50.385306,49.885306,50.885306,0.000000,0.100000,51.002753,51.002753,205,1
1789734035.063,37.3035425,127.9067997,4,202,0.463,0,0.127,-92.6,융합,36.2,-128.8,1,0,04,14378461398811817291,0,50.385306,49.885306,50.885306,0.000000,0.100000,51.002753,51.002753,205,1
1789734035.163,37.3035425,127.9067997,4,202,0.463,0,0.089,-92.6,융합,36.1,-128.8,1,0,04,14378461398811817291,0,50.385306,49.885306,50.885306,0.000000,0.100000,51.002753,51.002753,205,1
1789734035.263,37.3035425,127.9067997,4,202,0.463,0,0.076,-92.6,융합,36.1,-128.8,1,0,04,14378461398811817291,0,50.385306,49.885306,50.885306,0.000000,0.100000,51.002753,51.002753,205,1
1789734035.363,37.3035425,127.9067997,4,202,0.463,0,0.052,-92.6,융합,36.1,-128.8,1,0,04,14378461398811817291,0,50.385306,49.885306,50.885306,0.000000,0.100000,51.002753,51.002753,205,1
1789734035.463,37.3035425,127.9067997,4,202,0.463,0,0.025,-92.6,융합,36.1,-128.8,1,0,04,14378461398811817291,0,50.385306,49.885306,50.885306,0.000000,0.100000,51.002753,51.002753,205,1
1789734035.563,37.3035425,127.9067997,4,202,0.463,0,0.125,-92.6,융합,36.1,-128.8,1,0,04,14378461398811817291,0,50.385306,49.885306,50.885306,0.000000,0.100000,51.002753,51.002753,205,1
1789734035.663,37.3035425,127.9067997,4,202,0.463,0,0.098,-92.6,융합,36.1,-128.8,1,0,04,14378461398811817291,0,50.385306,49.885306,50.885306,0.000000,0.100000,51.002753,51.002753,205,1
1789734035.763,37.3035425,127.9067997,4,202,0.463,0,0.075,-92.6,융합,36.1,-128.8,1,0,04,14378461398811817291,0,50.385306,49.885306,50.885306,0.000000,0.100000,51.002753,51.002753,205,1
1789734035.863,37.3035425,127.9067997,4,202,0.463,0,0.047,-92.6,융합,36.1,-128.8,1,0,04,14378461398811817291,0,50.385306,49.885306,50.885306,0.000000,0.100000,51.002753,51.002753,205,1
1789734035.963,37.3035425,127.9067997,4,202,0.463,0,0.026,-92.6,융합,36.1,-128.8,1,0,04,14378461398811817291,0,50.385306,49.885306,50.885306,0.000000,0.100000,51.002753,51.002753,205,1
1789734036.063,37.3035425,127.9067997,4,202,0.463,0,0.125,-92.6,융합,36.1,-128.8,1,0,04,14378461398811817291,0,50.385306,49.885306,50.885306,0.000000,0.100000,51.002753,51.002753,205,1
1789734036.163,37.3035425,127.9067997,4,202,0.463,0,0.081,-92.6,융합,36.1,-128.8,1,0,04,14378461398811817291,0,50.385306,49.885306,50.885306,0.000000,0.100000,51.002753,51.002753,205,1
1789734036.263,37.3035425,127.9067997,4,202,0.463,0,0.070,-92.6,융합,36.1,-128.8,1,0,04,14378461398811817291,0,50.385306,49.885306,50.885306,0.000000,0.100000,51.002753,51.002753,205,1
1789734036.363,37.3035425,127.9067997,4,202,0.463,0,0.054,-92.6,융합,36.1,-128.8,1,0,04,14378461398811817291,0,50.385306,49.885306,50.885306,0.000000,0.100000,51.002753,51.002753,205,1
1789734036.463,37.3035425,127.9067997,4,202,0.463,0,0.028,-92.6,융합,36.1,-128.8,1,0,04,14378461398811817291,0,50.385306,49.885306,50.885306,0.000000,0.100000,51.002753,51.002753,205,1
1789734036.563,37.3035425,127.9067997,4,202,0.463,0,0.000,-92.6,융합,36.1,-128.8,1,0,04,14378461398811817291,0,50.385306,49.885306,50.885306,0.000000,0.100000,51.002753,51.002753,205,1
1789734036.663,37.3035425,127.9067997,4,202,0.463,0,0.100,-92.6,융합,36.1,-128.8,1,0,04,14378461398811817291,0,50.385306,49.885306,50.885306,0.000000,0.100000,51.002753,51.002753,205,1
1789734036.763,37.3035425,127.9067997,4,202,0.463,0,0.075,-92.6,융합,36.1,-128.8,1,0,04,14378461398811817291,0,50.385306,49.885306,50.885306,0.000000,0.100000,51.002753,51.002753,205,1
1789734036.863,37.3035425,127.9067997,4,202,0.463,0,0.046,-92.6,융합,36.1,-128.8,1,0,04,14378461398811817291,0,50.385306,49.885306,50.885306,0.000000,0.100000,51.002753,51.002753,205,1
1789734036.963,37.3035425,127.9067997,4,202,0.463,0,0.025,-92.6,융합,36.1,-128.8,1,0,04,14378461398811817291,0,50.385306,49.885306,50.885306,0.000000,0.100000,51.002753,51.002753,205,1
1789734037.063,37.3035425,127.9067997,4,202,0.463,0,0.125,-92.6,융합,36.1,-128.8,1,0,04,14378461398811817291,0,50.385306,49.885306,50.885306,0.000000,0.100000,51.002753,51.002753,205,1
1789734037.163,37.3035425,127.9067997,4,202,0.463,0,0.091,-92.6,융합,36.1,-128.8,1,0,04,14378461398811817291,0,50.385306,49.885306,50.885306,0.000000,0.100000,51.002753,51.002753,205,1
1789734037.263,37.3035425,127.9067997,4,202,0.463,0,0.080,-92.6,융합,36.1,-128.8,1,0,04,14378461398811817291,0,50.385306,49.885306,50.885306,0.000000,0.100000,51.002753,51.002753,205,1
1789734037.363,37.3035425,127.9067997,4,202,0.463,0,0.048,-92.6,융합,36.1,-128.8,1,0,04,14378461398811817291,0,50.385306,49.885306,50.885306,0.000000,0.100000,51.002753,51.002753,205,1
1789734037.463,37.3035425,127.9067997,4,202,0.463,0,0.023,-92.6,융합,36.1,-128.8,1,0,04,14378461398811817291,0,50.385306,49.885306,50.885306,0.000000,0.100000,51.002753,51.002753,205,1
1789734037.563,37.3035425,127.9067997,4,202,0.463,0,0.123,-92.6,융합,36.1,-128.8,1,0,04,14378461398811817291,0,50.385306,49.885306,50.885306,0.000000,0.100000,51.002753,51.002753,205,1
1789734037.663,37.3035425,127.9067997,4,202,0.463,0,0.098,-92.6,융합,36.1,-128.8,1,0,04,14378461398811817291,0,50.385306,49.885306,50.885306,0.000000,0.100000,51.002753,51.002753,205,1
1789734037.763,37.3035425,127.9067997,4,202,0.463,0,0.076,-92.6,융합,36.1,-128.8,1,0,04,14378461398811817291,0,50.385306,49.885306,50.885306,0.000000,0.100000,51.002753,51.002753,205,1
1789734037.863,37.3035425,127.9067997,4,202,0.463,0,0.047,-92.6,융합,36.1,-128.8,1,0,04,14378461398811817291,0,50.385306,49.885306,50.885306,0.000000,0.100000,51.002753,51.002753,205,1
1789734037.963,37.3035425,127.9067997,4,202,0.463,0,0.025,-92.6,융합,36.1,-128.8,1,0,04,14378461398811817291,0,50.385306,49.885306,50.885306,0.000000,0.100000,51.002753,51.002753,205,1
1789734038.063,37.3035425,127.9067997,4,202,0.463,0,0.125,-92.6,융합,36.1,-128.8,1,0,04,14378461398811817291,0,50.385306,49.885306,50.885306,0.000000,0.100000,51.002753,51.002753,205,1
1789734038.163,37.3035425,127.9067997,4,202,0.463,0,0.099,-92.6,융합,36.1,-128.8,1,0,04,14378461398811817291,0,50.385306,49.885306,50.885306,0.000000,0.100000,51.002753,51.002753,205,1
1789734038.263,37.3035425,127.9067997,4,202,0.463,0,0.072,-92.6,융합,36.1,-128.8,1,0,04,14378461398811817291,0,50.385306,49.885306,50.885306,0.000000,0.100000,51.002753,51.002753,205,1
1789734038.363,37.3035425,127.9067997,4,202,0.463,0,0.048,-92.6,융합,36.1,-128.8,1,0,04,14378461398811817291,0,50.385306,49.885306,50.885306,0.000000,0.100000,51.002753,51.002753,205,1
1789734038.463,37.3035423,127.9067997,4,202,0.465,0,0.026,-92.6,융합,36.1,-128.8,1,0,04,14378461398811817291,0,50.403754,49.885306,50.885306,0.000000,0.100000,51.002753,51.002753,205,1
1789734038.563,37.3035423,127.9067997,4,202,0.465,0,0.126,-92.6,융합,36.1,-128.8,1,0,04,14378461398811817291,0,50.403754,49.885306,50.885306,0.000000,0.100000,51.002753,51.002753,205,1
1789734038.663,37.3035423,127.9067997,4,202,0.465,0,0.099,-92.6,융합,36.1,-128.8,1,0,04,14378461398811817291,0,50.403754,49.903754,50.903754,0.000000,0.100000,51.002753,51.002753,205,1
1789734038.763,37.3035423,127.9067997,4,202,0.465,0,0.075,-92.6,융합,36.1,-128.8,1,0,04,14378461398811817291,0,50.403754,49.903754,50.903754,0.000000,0.100000,51.002753,51.002753,205,1
1789734038.863,37.3035423,127.9067997,4,202,0.465,0,0.045,-92.6,융합,36.1,-128.8,1,0,04,14378461398811817291,0,50.403754,49.903754,50.903754,0.000000,0.100000,51.002753,51.002753,205,1
1789734038.963,37.3035425,127.9067997,4,202,0.463,0,0.031,-92.6,융합,36.1,-128.8,1,0,04,14378461398811817291,0,50.385306,49.903754,50.903754,0.000000,0.100000,51.002753,51.002753,205,1
1789734039.063,37.3035425,127.9067997,4,202,0.463,0,0.131,-92.6,융합,36.1,-128.8,1,0,04,14378461398811817291,0,50.385306,49.903754,50.903754,0.000000,0.100000,51.002753,51.002753,205,1
1789734039.163,37.3035423,127.9067997,4,202,0.465,0,0.089,-92.7,융합,36.1,-128.8,1,0,04,14378461398811817291,0,50.403754,49.885306,50.885306,0.000000,0.100000,51.002753,51.002753,205,1
1789734039.263,37.3035425,127.9067997,4,202,0.463,0,0.076,-92.5,융합,36.2,-128.8,1,0,04,14378461398811817291,0,50.385306,49.903754,50.903754,0.000000,0.100000,51.002753,51.002753,205,1
1789734039.363,37.3035427,127.9067997,4,202,0.461,0,0.051,-92.4,융합,36.4,-128.8,1,0,04,14378461398811817291,0,50.366858,49.885306,50.885306,0.000000,0.100000,51.002753,51.002753,205,1
1789734039.463,37.3035430,127.9067997,4,202,0.457,0,0.024,-92.0,융합,36.8,-128.8,1,0,04,14378461398811817291,0,50.329962,49.866858,50.866858,0.000000,0.100000,51.002753,51.002753,205,1
1789734039.563,37.3035430,127.9067997,4,202,0.457,0,0.124,-91.5,융합,37.3,-128.8,1,0,04,14378461398811817291,0,50.329962,49.866858,50.866858,0.000000,0.100000,51.002753,51.002753,205,1
1789734039.663,37.3035432,127.9067998,4,202,0.440,0,0.098,-90.7,융합,38.1,-128.8,1,0,04,14378461398811817291,0,50.313084,49.829962,50.829962,0.000000,0.100000,51.002753,51.002753,205,1
1789734039.763,37.3035435,127.9067998,4,201,0.436,0,0.073,-89.7,융합,39.1,-128.8,1,0,04,14378461398811817291,0,50.276188,49.813084,50.813084,0.000000,0.100000,51.002753,51.002753,205,1
1789734039.863,37.3035438,127.9068000,4,201,0.418,0,0.048,-88.8,융합,40.0,-128.8,1,0,04,14378461398811817291,0,50.240863,49.776188,50.776188,0.000000,0.100000,51.002753,51.002753,205,1
1789734039.963,37.3035442,127.9067998,4,201,0.428,0,0.022,-87.6,융합,41.2,-128.8,1,0,04,14378461398811817291,0,50.202396,49.740863,50.740863,0.000000,0.100000,51.002753,51.002753,205,1
1789734040.063,37.3035442,127.9067998,4,201,0.428,0,0.122,-86.5,융합,42.3,-128.8,1,0,04,14378461398811817291,0,50.202396,49.740863,50.740863,0.000000,0.100000,51.002753,51.002753,205,1
1789734040.163,37.3035443,127.9068000,4,201,0.412,0,0.080,-85.2,융합,43.5,-128.8,1,0,04,14378461398811817291,0,50.185519,49.702396,50.702396,0.000000,0.100000,51.002753,51.002753,205,1
1789734040.263,37.3035447,127.9068002,4,201,0.393,0,0.072,-84.1,융합,44.7,-128.8,1,0,04,14378461398811817291,0,50.150378,49.685519,50.685519,0.000000,0.100000,51.002753,51.002753,205,1
1789734040.363,37.3035450,127.9068002,4,201,0.389,0,0.045,-82.8,융합,46.0,-128.8,1,0,04,14378461398811817291,0,50.113481,49.650378,50.650378,0.000000,0.100000,51.002753,51.002753,205,1
1789734040.463,37.3035453,127.9068003,4,201,0.370,0,0.019,-81.6,융합,47.2,-128.8,1,0,04,14378461398811817291,0,50.078146,49.613481,50.613481,0.000000,0.100000,51.002753,51.002753,205,1
1789734040.563,37.3035453,127.9068003,4,201,0.370,0,0.119,-80.4,융합,48.4,-128.8,1,0,04,14378461398811817291,0,50.078146,49.613481,50.613481,0.000000,0.100000,51.002753,51.002753,205,1
1789734040.663,37.3035455,127.9068005,4,201,0.354,0,0.094,-79.2,융합,49.6,-128.8,1,0,04,14378461398811817291,0,50.061260,49.578146,50.578146,0.000000,0.100000,51.002753,51.002753,205,1
1789734040.763,37.3035458,127.9068005,4,200,0.350,0,0.071,-77.9,융합,50.8,-128.8,1,0,04,14378461398811817291,0,50.024362,49.561260,50.561260,0.000000,0.100000,51.002753,51.002753,205,1
1789734040.863,37.3035460,127.9068007,4,200,0.333,0,0.049,-76.8,융합,52.0,-128.8,1,0,04,14378461398811817291,0,50.007477,49.524362,50.524362,0.000000,0.100000,51.002753,51.002753,205,1
1789734040.963,37.3035465,127.9068007,4,200,0.327,0,0.026,-75.6,융합,53.1,-128.8,1,0,04,14378461398811817291,0,49.952130,49.507477,50.507477,0.000000,0.100000,51.002753,51.002753,205,1
1789734041.063,37.3035465,127.9068007,4,200,0.327,0,0.126,-75.0,융합,53.8,-128.8,1,0,04,14378461398811817291,0,49.952130,49.507477,50.507477,0.000000,0.100000,51.002753,51.002753,205,1
1789734041.163,37.3035467,127.9068007,4,200,0.325,0,0.088,-74.5,융합,54.2,-128.8,1,0,04,14378461398811817291,0,49.933681,49.452130,50.452130,0.000000,0.100000,51.002753,51.002753,205,1
1789734041.263,37.3035468,127.9068007,4,200,0.323,0,0.072,-74.6,융합,54.1,-128.8,1,0,04,14378461398811817291,0,49.916474,49.433681,50.433681,0.000000,0.100000,51.002753,51.002753,205,1
1789734041.363,37.3035470,127.9068007,4,200,0.322,0,0.047,-74.8,융합,53.9,-128.8,1,0,04,14378461398811817291,0,49.916474,49.416474,50.416474,0.000000,0.100000,51.002753,51.002753,205,1
1789734041.463,37.3035468,127.9068007,4,200,0.323,0,0.025,-75.0,융합,53.7,-128.8,1,0,04,14378461398811817291,0,49.916474,49.416474,50.416474,0.000000,0.100000,51.002753,51.002753,205,1
1789734041.563,37.3035468,127.9068007,4,200,0.323,0,0.125,-75.1,융합,53.7,-128.8,1,0,04,14378461398811817291,0,49.916474,49.416474,50.416474,0.000000,0.100000,51.002753,51.002753,205,1
1789734041.663,37.3035468,127.9068007,4,200,0.323,0,0.100,-75.2,융합,53.6,-128.8,1,0,04,14378461398811817291,0,49.916474,49.416474,50.416474,0.000000,0.100000,51.002753,51.002753,205,1
1789734041.763,37.3035467,127.9068007,4,200,0.325,0,0.079,-75.1,융합,53.7,-128.8,1,0,04,14378461398811817291,0,49.933681,49.416474,50.416474,0.000000,0.100000,51.002753,51.002753,205,1
1789734041.863,37.3035465,127.9068007,4,200,0.327,0,0.046,-74.9,융합,53.8,-128.8,1,0,04,14378461398811817291,0,49.952130,49.433681,50.433681,0.000000,0.100000,51.002753,51.002753,205,1
1789734041.963,37.3035462,127.9068010,4,200,0.302,0,0.025,-74.6,융합,54.1,-128.8,1,0,04,14378461398811817291,0,49.992155,49.452130,50.452130,0.000000,0.100000,51.002753,51.002753,205,1
1789734042.063,37.3035462,127.9068010,4,200,0.302,0,0.124,-74.2,융합,54.6,-128.8,1,0,04,14378461398811817291,0,49.992155,49.452130,50.452130,0.000000,0.100000,51.002753,51.002753,205,1
1789734042.163,37.3035460,127.9068010,4,200,0.304,0,0.080,-73.7,융합,55.1,-128.8,1,0,04,14378461398811817291,0,50.010604,49.492155,50.492155,0.000000,0.100000,51.002753,51.002753,205,1
1789734042.263,37.3035458,127.9068012,4,200,0.291,0,0.067,-73.1,융합,55.7,-128.8,1,0,04,14378461398811817291,0,50.030616,49.510604,50.510604,0.000000,0.100000,51.002753,51.002753,205,1
1789734042.363,37.3035457,127.9068012,4,201,0.293,0,0.049,-72.3,융합,56.5,-128.8,1,0,04,14378461398811817291,0,50.049065,49.530616,50.530616,0.000000,0.100000,51.002753,51.002753,205,1
1789734042.463,37.3035457,127.9068013,4,201,0.278,0,0.025,-71.6,융합,57.1,-128.8,1,0,04,14378461398811817291,0,50.050628,49.549065,50.549065,0.000000,0.100000,51.002753,51.002753,205,1
1789734042.563,37.3035453,127.9068015,4,201,0.268,0,0.007,-70.8,융합,58.0,-128.8,1,0,04,14378461398811817291,0,50.089089,49.550628,50.550628,0.000000,0.100000,51.002753,51.002753,205,1
1789734042.663,37.3035453,127.9068015,4,201,0.268,0,0.107,-70.0,융합,58.8,-128.8,1,0,04,14378461398811817291,0,50.089089,49.550628,50.550628,0.000000,0.100000,51.002753,51.002753,205,1
1789734042.763,37.3035452,127.9068017,4,201,0.255,0,0.073,-69.1,융합,59.6,-128.8,1,0,04,14378461398811817291,0,50.109102,49.589089,50.589089,0.000000,0.100000,51.002753,51.002753,205,1
1789734042.863,37.3035450,127.9068018,4,201,0.242,0,0.046,-68.2,융합,60.6,-128.8,1,0,04,14378461398811817291,0,50.129114,49.609102,50.609102,0.000000,0.100000,51.002753,51.002753,205,1
1789734042.963,37.3035448,127.9068020,4,201,0.230,0,0.025,-67.3,융합,61.5,-128.8,1,0,04,14378461398811817291,0,50.149126,49.629114,50.629114,0.000000,0.100000,51.002753,51.002753,205,1
1789734043.063,37.3035448,127.9068020,4,201,0.230,0,0.125,-66.4,융합,62.4,-128.8,1,0,04,14378461398811817291,0,50.149126,49.629114,50.629114,0.000000,0.100000,51.002753,51.002753,205,1
1789734043.163,37.3035447,127.9068022,4,201,0.217,0,0.090,-65.3,융합,63.5,-128.8,1,0,04,14378461398811817291,0,50.169036,49.649126,50.649126,0.000000,0.100000,51.002753,51.002753,205,1
1789734043.263,37.3035445,127.9068023,4,201,0.204,0,0.076,-64.3,융합,64.4,-128.8,1,0,04,14378461398811817291,0,50.189054,49.669036,50.669036,0.000000,0.100000,51.002753,51.002753,205,1
1789734043.363,37.3035443,127.9068027,4,201,0.177,0,0.049,-63.3,융합,65.4,-128.8,1,0,04,14378461398811817291,0,50.210643,49.689054,50.689054,0.000000,0.100000,51.002753,51.002753,205,1
1789734043.463,37.3035442,127.9068028,4,201,0.164,0,0.029,-62.3,융합,66.5,-128.8,1,0,04,14378461398811817291,0,50.230661,49.710643,50.710643,0.000000,0.100000,51.002753,51.002753,205,1
1789734043.563,37.3035442,127.9068028,4,201,0.164,0,0.129,-61.3,융합,67.5,-128.8,1,0,04,14378461398811817291,0,50.230661,49.710643,50.710643,0.000000,0.100000,51.002753,51.002753,205,1
1789734043.663,37.3035440,127.9068032,4,201,0.137,0,0.097,-60.2,융합,68.5,-128.8,1,0,04,14378461398811817291,0,50.252250,49.730661,50.730661,0.000000,0.100000,51.002753,51.002753,205,1
1789734043.764,37.3035438,127.9068033,4,201,0.124,0,0.072,-59.2,융합,69.5,-128.8,1,0,04,14378461398811817291,0,50.272268,49.752250,50.752250,0.000000,0.100000,51.002753,51.002753,205,1
1789734043.863,37.3035437,127.9068035,4,202,0.111,0,0.045,-58.2,융합,70.6,-128.8,1,0,04,14378461398811817291,0,50.292286,49.772268,50.772268,0.000000,0.100000,51.002753,51.002753,205,1
1789734043.963,37.3035433,127.9068038,4,202,0.086,0,0.023,-57.1,융합,71.6,-128.8,1,0,04,14378461398811817291,0,50.332323,49.792286,50.792286,0.000000,0.100000,51.002753,51.002753,205,1
1789734044.063,37.3035433,127.9068038,4,202,0.086,0,0.123,-56.1,융합,72.7,-128.8,1,0,04,14378461398811817291,0,50.332323,49.792286,50.792286,0.000000,0.100000,51.002753,51.002753,205,1
1789734044.163,37.3035432,127.9068040,4,202,0.073,0,0.089,-55.0,융합,73.8,-128.8,1,0,04,14378461398811817291,0,50.352341,49.832323,50.832323,0.000000,0.100000,51.002753,51.002753,205,1
1789734044.263,37.3035430,127.9068043,4,202,0.046,0,0.076,-54.0,융합,74.7,-128.8,1,0,04,14378461398811817291,0,50.373929,49.852341,50.852341,0.000000,0.100000,51.002753,51.002753,205,1
1789734044.363,37.3035430,127.9068045,4,202,0.031,0,0.051,-53.0,융합,75.8,-128.8,1,0,04,14378461398811817291,0,50.375500,49.873929,50.873929,0.000000,0.100000,51.002753,51.002753,205,1
1789734044.463,37.3035428,127.9068048,4,202,0.004,0,0.027,-51.9,융합,76.9,-128.8,1,0,04,14378461398811817291,0,50.397088,49.875500,50.875500,0.000000,0.100000,51.002753,51.002753,205,1
1789734044.564,37.3035428,127.9068048,4,202,0.004,0,0.127,-50.8,융합,78.0,-128.8,1,0,04,14378461398811817291,0,50.397088,49.875500,50.875500,0.000000,0.100000,51.002753,51.002753,205,1
1789734044.663,37.3035425,127.9068052,4,202,0.019,0,0.098,-49.7,융합,79.1,-128.8,1,0,04,14378461398811817291,0,50.439315,49.897088,50.897088,0.000000,0.100000,51.002753,51.002753,205,1
1789734044.763,37.3035423,127.9068055,4,202,0.044,0,0.075,-48.5,융합,80.3,-128.8,1,0,04,14378461398811817291,0,50.463704,49.939315,50.939315,0.000000,0.100000,51.002753,51.002753,205,1
1789734044.863,37.3035422,127.9068058,4,202,0.069,0,0.043,-47.4,융합,81.4,-128.8,1,0,04,14378461398811817291,0,50.488093,49.963704,50.963704,0.000000,0.100000,51.002753,51.002753,205,1
1789734044.963,37.3035420,127.9068062,4,202,0.094,0,0.024,-46.2,융합,82.5,-128.8,1,0,04,14378461398811817291,0,50.512482,49.988093,50.988093,0.000000,0.100000,51.002753,51.002753,205,1
1789734045.063,37.3035420,127.9068062,4,202,0.094,0,0.124,-45.0,융합,83.7,-128.8,1,0,04,14378461398811817291,0,50.512482,49.988093,50.988093,0.000000,0.100000,51.002753,51.002753,205,1
1789734045.163,37.3035418,127.9068065,4,202,0.119,0,0.088,-43.9,융합,84.9,-128.8,1,0,04,14378461398811817291,0,50.536871,50.012482,51.002753,0.000000,0.100000,51.002753,51.002753,205,1
1789734045.263,37.3035417,127.9068070,4,203,0.158,0,0.071,-42.8,융합,86.0,-128.8,1,0,04,14378461398811817291,0,50.564389,50.036871,51.002753,0.000000,0.100000,51.002753,51.002753,205,1
1789734045.363,37.3035417,127.9068072,4,203,0.173,0,0.052,-42.2,융합,86.6,-128.8,1,0,04,14378461398811817291,0,50.567518,50.064389,51.002753,0.000000,0.100000,51.002753,51.002753,205,1
1789734045.463,37.3035415,127.9068075,4,203,0.198,0,0.025,-41.9,융합,86.9,-128.8,1,0,04,14378461398811817291,0,50.591907,50.067518,51.002753,0.000000,0.100000,51.002753,51.002753,205,1
1789734045.563,37.3035415,127.9068075,4,203,0.198,0,0.126,-42.0,융합,86.8,-128.8,1,0,04,14378461398811817291,0,50.591907,50.067518,51.002753,0.000000,0.100000,51.002753,51.002753,205,1
1789734045.663,37.3035415,127.9068077,4,203,0.212,0,0.098,-42.0,융합,86.7,-128.8,1,0,04,14378461398811817291,0,50.595035,50.091907,51.002753,0.000000,0.100000,51.002753,51.002753,205,1
1789734045.763,37.3035415,127.9068075,4,203,0.198,0,0.067,-42.0,융합,86.8,-128.8,1,0,04,14378461398811817291,0,50.591907,50.095035,51.002753,0.000000,0.100000,51.002753,51.002753,205,1
1789734045.863,37.3035415,127.9068075,4,203,0.198,0,0.041,-42.0,융합,86.8,-128.8,1,0,04,14378461398811817291,0,50.591907,50.091907,51.002753,0.000000,0.100000,51.002753,51.002753,205,1
1789734045.963,37.3035415,127.9068075,4,203,0.198,0,0.020,-42.0,융합,86.8,-128.8,1,0,04,14378461398811817291,0,50.591907,50.091907,51.002753,0.000000,0.100000,51.002753,51.002753,205,1
1789734046.063,37.3035415,127.9068075,4,203,0.198,0,0.120,-42.0,융합,86.8,-128.8,1,0,04,14378461398811817291,0,50.591907,50.091907,51.002753,0.000000,0.100000,51.002753,51.002753,205,1
1789734046.163,37.3035415,127.9068075,4,203,0.198,0,0.079,-42.0,융합,86.8,-128.8,1,0,04,14378461398811817291,0,50.591907,50.091907,51.002753,0.000000,0.100000,51.002753,51.002753,205,1
1789734046.263,37.3035415,127.9068075,4,203,0.198,0,0.070,-42.0,융합,86.8,-128.8,1,0,04,14378461398811817291,0,50.591907,50.091907,51.002753,0.000000,0.100000,51.002753,51.002753,205,1
1789734046.363,37.3035415,127.9068077,4,203,0.212,0,0.045,-42.0,융합,86.8,-128.8,1,0,04,14378461398811817291,0,50.595035,50.091907,51.002753,0.000000,0.100000,51.002753,51.002753,205,1
1789734046.463,37.3035415,127.9068075,4,203,0.198,0,0.026,-42.0,융합,86.8,-128.8,1,0,04,14378461398811817291,0,50.591907,50.095035,51.002753,0.000000,0.100000,51.002753,51.002753,205,1
1789734046.563,37.3035415,127.9068075,4,203,0.198,0,0.125,-42.0,융합,86.8,-128.8,1,0,04,14378461398811817291,0,50.591907,50.095035,51.002753,0.000000,0.100000,51.002753,51.002753,205,1
1789734046.663,37.3035415,127.9068077,4,203,0.212,0,0.094,-42.0,융합,86.8,-128.8,1,0,04,14378461398811817291,0,50.595035,50.091907,51.002753,0.000000,0.100000,51.002753,51.002753,205,1
1789734046.763,37.3035415,127.9068075,4,203,0.198,0,0.070,-42.0,융합,86.8,-128.8,1,0,04,14378461398811817291,0,50.591907,50.095035,51.002753,0.000000,0.100000,51.002753,51.002753,205,1
1789734046.863,37.3035415,127.9068077,4,203,0.212,0,0.040,-42.0,융합,86.8,-128.8,1,0,04,14378461398811817291,0,50.595035,50.091907,51.002753,0.000000,0.100000,51.002753,51.002753,205,1
1789734046.963,37.3035415,127.9068077,4,203,0.212,0,0.021,-42.0,융합,86.8,-128.8,1,0,04,14378461398811817291,0,50.595035,50.095035,51.002753,0.000000,0.100000,51.002753,51.002753,205,1
1789734047.063,37.3035415,127.9068077,4,203,0.212,0,0.120,-42.0,융합,86.8,-128.8,1,0,04,14378461398811817291,0,50.595035,50.095035,51.002753,0.000000,0.100000,51.002753,51.002753,205,1
1789734047.163,37.3035415,127.9068077,4,203,0.212,0,0.095,-42.0,융합,86.8,-128.8,1,0,04,14378461398811817291,0,50.595035,50.095035,51.002753,0.000000,0.100000,51.002753,51.002753,205,1
1789734047.263,37.3035415,127.9068075,4,203,0.198,0,0.068,-42.0,융합,86.8,-128.8,1,0,04,14378461398811817291,0,50.591907,50.095035,51.002753,0.000000,0.100000,51.002753,51.002753,205,1
1789734047.363,37.3035415,127.9068077,4,203,0.212,0,0.042,-42.0,융합,86.8,-128.8,1,0,04,14378461398811817291,0,50.595035,50.091907,51.002753,0.000000,0.100000,51.002753,51.002753,205,1
1789734047.463,37.3035415,127.9068077,4,203,0.212,0,0.021,-41.9,융합,86.8,-128.8,1,0,04,14378461398811817291,0,50.595035,50.095035,51.002753,0.000000,0.100000,51.002753,51.002753,205,1
1789734047.563,37.3035415,127.9068077,4,203,0.212,0,0.121,-41.9,융합,86.8,-128.8,1,0,04,14378461398811817291,0,50.595035,50.095035,51.002753,0.000000,0.100000,51.002753,51.002753,205,1
1789734047.663,37.3035415,127.9068077,4,203,0.212,0,0.096,-41.9,융합,86.8,-128.8,1,0,04,14378461398811817291,0,50.595035,50.095035,51.002753,0.000000,0.100000,51.002753,51.002753,205,1
1789734047.763,37.3035415,127.9068077,4,203,0.212,0,0.074,-41.9,융합,86.9,-128.8,1,0,04,14378461398811817291,0,50.595035,50.095035,51.002753,0.000000,0.100000,51.002753,51.002753,205,1
1789734047.863,37.3035415,127.9068077,4,203,0.212,0,0.044,-42.1,융합,86.7,-128.8,1,0,04,14378461398811817291,0,50.595035,50.095035,51.002753,0.000000,0.100000,51.002753,51.002753,205,1
1789734047.963,37.3035415,127.9068077,4,203,0.212,0,0.030,-42.6,융합,86.1,-128.8,1,0,04,14378461398811817291,0,50.595035,50.095035,51.002753,0.000000,0.100000,51.002753,51.002753,205,1
1789734048.063,37.3035415,127.9068077,4,203,0.212,0,0.130,-43.4,융합,85.4,-128.8,1,0,04,14378461398811817291,0,50.595035,50.095035,51.002753,0.000000,0.100000,51.002753,51.002753,205,1
1789734048.163,37.3035413,127.9068078,4,203,0.223,0,0.078,-44.3,융합,84.4,-128.8,1,0,04,14378461398811817291,0,50.616296,50.095035,51.002753,0.000000,0.100000,51.002753,51.002753,205,1
1789734048.263,37.3035412,127.9068078,4,203,0.219,0,0.060,-45.4,융합,83.3,-128.8,1,0,04,14378461398811817291,0,50.634427,50.116296,51.002753,0.000000,0.100000,51.002753,51.002753,205,1
1789734048.363,37.3035408,127.9068080,4,203,0.220,0,0.042,-46.6,융합,82.2,-128.8,1,0,04,14378461398811817291,0,50.714280,50.134427,51.002753,0.000000,0.100000,51.002753,51.002753,205,1
1789734048.463,37.3035407,127.9068082,4,203,0.227,0,0.015,-47.8,융합,81.0,-128.8,1,0,04,14378461398811817291,0,50.737082,50.214280,51.002753,0.000000,0.100000,51.002753,51.002753,205,1
1789734048.563,37.3035407,127.9068082,4,203,0.227,0,0.115,-49.0,융합,79.8,-128.8,1,0,04,14378461398811817291,0,50.737082,50.214280,51.002753,0.000000,0.100000,51.002753,51.002753,205,1
1789734048.663,37.3035403,127.9068083,4,203,0.226,0,0.094,-50.2,융합,78.5,-128.8,1,0,04,14378461398811817291,0,50.777011,50.237082,51.002753,0.000000,0.100000,51.002753,51.002753,205,1
1789734048.763,37.3035400,127.9068085,4,204,0.226,1,0.069,-51.4,융합,77.4,-128.8,1,0,04,14378461398811817291,0,50.816939,50.277011,51.002753,0.000000,0.100000,51.002753,51.002753,205,1
