generation,time_ns,zone_id,zone_valid,raw_in,stable_in,enter_count,exit_count,x,y,position_valid,track_index,previous_track_index,position_step_m,heading_rad,heading_valid,boundary_endpoint_distance_m,calibration_state
1789733900688140398,1789733900777644771,0,1,1,1,0,0,-13.500908841281413,-13.862876265239663,1,78,-1,0,-2.3325449653407211,1,0,1
1789733900816388467,1789733900876755970,0,1,1,1,0,0,-13.500908841281413,-13.862876265239663,1,78,78,0,-2.3323926104224109,1,0,1
1789733900938826443,1789733900966761133,0,1,1,1,0,0,-13.500908841281413,-13.862876265239663,1,78,78,0,-2.3325099188707412,1,0,1
1789733901073348654,1789733901166778109,0,1,1,1,0,0,-13.500908841281413,-13.862876265239663,1,78,78,0,-2.332490377885021,1,0,1
1789733901190268445,1789733901266786095,0,1,1,1,0,0,-13.500908841281413,-13.862876265239663,1,78,78,0,-2.3324379067890102,1,0,1
1789733901313940765,1789733901366779015,0,1,1,1,0,0,-13.500908841281413,-13.862876265239663,1,78,78,0,-2.3324426954897315,1,0,1
1789733901442248709,1789733901466779843,0,1,1,1,0,0,-13.500908841281413,-13.862876265239663,1,78,78,0,-2.3324901671242273,1,0,1
1789733901568193631,1789733901666781971,0,1,1,1,0,0,-13.500908841281413,-13.862876265239663,1,78,78,0,-2.3325707324655371,1,0,1
1789733901694621698,1789733901766755277,0,1,1,1,0,0,-13.500908841281413,-13.862876265239663,1,78,78,0,-2.332610453917356,1,0,1
1789733901821221075,1789733901866810312,0,1,1,1,0,0,-13.500908841281413,-13.862876265239663,1,78,78,0,-2.3326646556027102,1,0,1
1789733901944233875,1789733901966768770,0,1,1,1,0,0,-13.500908841281413,-13.862876265239663,1,78,78,0,-2.3328476032391041,1,0,1
1789733902085916679,1789733902166747322,0,1,1,1,0,0,-13.500908841281413,-13.862876265239663,1,78,78,0,-2.3327687737899767,1,0,1
1789733902197322552,1789733902266748513,0,1,1,1,0,0,-13.500908841281413,-13.862876265239663,1,78,78,0,-2.3327461957061169,1,0,1
1789733902318935442,1789733902366743409,0,1,1,1,0,0,-13.500908841281413,-13.862876265239663,1,78,78,0,-2.3326578247113088,1,0,1
1789733902441988638,1789733902466750657,0,1,1,1,0,0,-13.500908841281413,-13.862876265239663,1,78,78,0,-2.3327536380317095,1,0,1
1789733902569153606,1789733902666750427,0,1,1,1,0,0,-13.500908841281413,-13.862876265239663,1,78,78,0,-2.3326906932349241,1,0,1
1789733902698399175,1789733902766734246,0,1,1,1,0,0,-13.500908841281413,-13.862876265239663,1,78,78,0,-2.3327022298214599,1,0,1
1789733902824235670,1789733902866762970,0,1,1,1,0,0,-13.500908841281413,-13.862876265239663,1,78,78,0,-2.3327704964789522,1,0,1
1789733902944289920,1789733902966729428,0,1,1,1,0,0,-13.500908841281413,-13.862876265239663,1,78,78,0,-2.3327748114797631,1,0,1
1789733903069020665,1789733903166734362,0,1,1,1,0,0,-13.500908841281413,-13.862876265239663,1,78,78,0,-2.3327760283284613,1,0,1
1789733903196023616,1789733903266724079,0,1,1,1,0,0,-13.500908841281413,-13.862876265239663,1,78,78,0,-2.3327379043999357,1,0,1
1789733903320486388,1789733903366794803,0,1,1,1,0,0,-13.500908841281413,-13.862876265239663,1,78,78,0,-2.3326424811200788,1,0,1
1789733903445021997,1789733903466748150,0,1,1,1,0,0,-13.500908841281413,-13.862876265239663,1,78,78,0,-2.3325753201776367,1,0,1
1789733903570245923,1789733903666747875,0,1,1,1,0,0,-13.500908841281413,-13.862876265239663,1,78,78,0,-2.3327199527104878,1,0,1
1789733903695490918,1789733903766739233,0,1,1,1,0,0,-13.486150917458454,-13.862876265239663,1,78,78,0.014757923822958929,-2.3326300072967201,1,0,1
1789733903824509220,1789733903866796309,0,1,1,1,0,0,-13.500908841281413,-13.862876265239663,1,78,78,0.014757923822958929,-2.3325827109572206,1,0,1
1789733903939136555,1789733903966742313,0,1,1,1,0,0,-13.486150917458454,-13.862876265239663,1,78,78,0.014757923822958929,-2.3326869571651683,1,0,1
1789733904085230478,1789733904166728261,0,1,1,1,0,0,-13.486150917458454,-13.862876265239663,1,78,78,0,-2.3327441960929116,1,0,1
1789733904194201014,1789733904266746827,0,1,1,1,0,0,-13.486150917458454,-13.862876265239663,1,78,78,0,-2.3326559219860488,1,0,1
1789733904318729286,1789733904366843796,0,1,1,1,0,0,-13.500908841281413,-13.862876265239663,1,78,78,0.014757923822958929,-2.3325890944814138,1,0,1
1789733904439073106,1789733904466723819,0,1,1,1,0,0,-13.486150917458454,-13.862876265239663,1,78,78,0.014757923822958929,-2.3326222031310748,1,0,1
1789733904570350036,1789733904666752108,0,1,1,1,0,0,-13.500908841281413,-13.862876265239663,1,78,78,0.014757923822958929,-2.3325803673603449,1,0,1
1789733904691161351,1789733904766741180,0,1,1,1,0,0,-13.500908841281413,-13.862876265239663,1,78,78,0,-2.3325988955041792,1,0,1
1789733904817022654,1789733904866750531,0,1,1,1,0,0,-13.500908841281413,-13.862876265239663,1,78,78,0,-2.332559875148946,1,0,1
1789733904939102974,1789733904966801990,0,1,1,1,0,0,-13.500908841281413,-13.862876265239663,1,78,78,0,-2.3326421082531787,1,0,1
1789733905073841056,1789733905166750127,0,1,1,1,0,0,-13.500908841281413,-13.862876265239663,1,78,78,0,-2.332628591329867,1,0,1
1789733905188242549,1789733905266745058,0,1,1,1,0,0,-13.500908841281413,-13.862876265239663,1,78,78,0,-2.3326114787596777,1,0,1
1789733905316465092,1789733905366733755,0,1,1,1,0,0,-13.486150917458454,-13.862876265239663,1,78,78,0.014757923822958929,-2.3326496355433637,1,0,1
1789733905439258464,1789733905466774063,0,1,1,1,0,0,-13.500908841281413,-13.862876265239663,1,78,78,0.014757923822958929,-2.332661405091931,1,0,1
1789733905567184359,1789733905666726705,0,1,1,1,0,0,-13.500908841281413,-13.862876265239663,1,78,78,0,-2.3326270707866996,1,0,1
1789733905689877520,1789733905766748554,0,1,1,1,0,0,-13.500908841281413,-13.862876265239663,1,78,78,0,-2.3325025929495067,1,0,1
1789733905813829657,1789733905866722087,0,1,1,1,0,0,-13.500908841281413,-13.862876265239663,1,78,78,0,-2.3325497302483087,1,0,1
1789733905937277607,1789733905966767642,0,1,1,1,0,0,-13.500908841281413,-13.862876265239663,1,78,78,0,-2.332660521788581,1,0,1
1789733906078078843,1789733906166790895,0,1,1,1,0,0,-13.500908841281413,-13.862876265239663,1,78,78,0,-2.3325261218320215,1,0,1
1789733906195231024,1789733906266726552,0,1,1,1,0,0,-13.500908841281413,-13.862876265239663,1,78,78,0,-2.3325371941772808,1,0,1
1789733906315999385,1789733906366733743,0,1,1,1,0,0,-13.500908841281413,-13.862876265239663,1,78,78,0,-2.3325488593524151,1,0,1
1789733906438077005,1789733906466723039,0,1,1,1,0,0,-13.500908841281413,-13.862876265239663,1,78,78,0,-2.332651372192081,1,0,1
1789733906565234039,1789733906666747894,0,1,1,1,0,0,-13.500908841281413,-13.862876265239663,1,78,78,0,-2.3324671569684976,1,0,1
1789733906686295843,1789733906766748804,0,1,1,1,0,0,-13.500908841281413,-13.862876265239663,1,78,78,0,-2.3323709326994297,1,0,1
1789733906818969328,1789733906866747641,0,1,1,1,0,0,-13.500908841281413,-13.862876265239663,1,78,78,0,-2.3324462831206403,1,0,1
1789733906940256908,1789733906966761337,0,1,1,1,0,0,-13.500908841281413,-13.862876265239663,1,78,78,0,-2.3325004470851511,1,0,1
1789733907077602447,1789733907166746766,0,1,1,1,0,0,-13.500908841281413,-13.862876265239663,1,78,78,0,-2.3324163544293826,1,0,1
1789733907190981902,1789733907266724484,0,1,1,1,0,0,-13.500908841281413,-13.862876265239663,1,78,78,0,-2.3325706025750113,1,0,1
1789733907315978381,1789733907366774546,0,1,1,1,0,0,-13.500908841281413,-13.862876265239663,1,78,78,0,-2.3325596328530196,1,0,1
1789733907439039689,1789733907466751262,0,1,1,1,0,0,-13.486150917458454,-13.862876265239663,1,78,78,0.014757923822958929,-2.3323783794027526,1,0,1
1789733907558352565,1789733907566742587,0,1,1,1,0,0,-13.500908841281413,-13.862876265239663,1,78,78,0.014757923822958929,-2.3324607542632472,1,0,1
1789733907695109143,1789733907766778351,0,1,1,1,0,0,-13.500908841281413,-13.862876265239663,1,78,78,0,-2.3324542510883193,1,0,1
1789733907820266115,1789733907867522918,0,1,1,1,0,0,-13.486150917458454,-13.862876265239663,1,78,78,0.014757923822958929,-2.3325154782298849,1,0,1
1789733907942245958,1789733907966704527,0,1,1,1,0,0,-13.500908841281413,-13.862876265239663,1,78,78,0.014757923822958929,-2.3324402138750271,1,0,1
1789733908083009792,1789733908166739624,0,1,1,1,0,0,-13.500908841281413,-13.862876265239663,1,78,78,0,-2.3322766346951274,1,0,1
1789733908198870853,1789733908266756974,0,1,1,1,0,0,-13.500908841281413,-13.862876265239663,1,78,78,0,-2.3322305972444619,1,0,1
1789733908318231518,1789733908366739202,0,1,1,1,0,0,-13.500908841281413,-13.862876265239663,1,78,78,0,-2.3321998341567647,1,0,1
1789733908436886076,1789733908466766899,0,1,1,1,0,0,-13.500908841281413,-13.862876265239663,1,78,78,0,-2.3322182496073345,1,0,1
1789733908569805505,1789733908666719099,0,1,1,1,0,0,-13.486150917458454,-13.862876265239663,1,78,78,0.014757923822958929,-2.3321626806801423,1,0,1
1789733908693308845,1789733908766741951,0,1,1,1,0,0,-13.486150917458454,-13.862876265239663,1,78,78,0,-2.3321319176069886,1,0,1
1789733908819328847,1789733908866739440,0,1,1,1,0,0,-13.500908841281413,-13.862876265239663,1,78,78,0.014757923822958929,-2.332250524595497,1,0,1
1789733908939112559,1789733908966773357,0,1,1,1,0,0,-13.500908841281413,-13.862876265239663,1,78,78,0,-2.3321905050380844,1,0,1
1789733909077161968,1789733909166778615,0,1,1,1,0,0,-13.500908841281413,-13.862876265239663,1,78,78,0,-2.3320985288510871,1,0,1
1789733909194022570,1789733909266731082,0,1,1,1,0,0,-13.486150917458454,-13.862876265239663,1,78,78,0.014757923822958929,-2.3320222974803073,1,0,1
1789733909316134024,1789733909366729716,0,1,1,1,0,0,-13.500908841281413,-13.862876265239663,1,78,78,0.014757923822958929,-2.332048224687187,1,0,1
1789733909444256173,1789733909466739430,0,1,1,1,0,0,-13.486150917458454,-13.862876265239663,1,78,78,0.014757923822958929,-2.3320594827454721,1,0,1
1789733909570207583,1789733909666798967,0,1,1,1,0,0,-13.500908841281413,-13.862876265239663,1,78,78,0.014757923822958929,-2.3320746104866061,1,0,1
1789733909693054477,1789733909766749929,0,1,1,1,0,0,-13.500908841281413,-13.862876265239663,1,78,78,0,-2.3320645663220079,1,0,1
1789733909827293095,1789733909866776934,0,1,1,1,0,0,-13.500908841281413,-13.862876265239663,1,78,78,0,-2.3320971164446163,1,0,1
1789733909948197001,1789733909966739923,0,1,1,1,0,0,-13.500908841281413,-13.862876265239663,1,78,78,0,-2.3321581331348136,1,0,1
1789733910091187870,1789733910166734145,0,1,1,1,0,0,-13.500908841281413,-13.862876265239663,1,78,78,0,-2.3321165304829514,1,0,1
1789733910199235685,1789733910266772529,0,1,1,1,0,0,-13.500908841281413,-13.862876265239663,1,78,78,0,-2.3320140142578163,1,0,1
1789733910316774605,1789733910366780081,0,1,1,1,0,0,-13.500908841281413,-13.862876265239663,1,78,78,0,-2.332018615518717,1,0,1
1789733910442313670,1789733910466772053,0,1,1,1,0,0,-13.500908841281413,-13.862876265239663,1,78,78,0,-2.3319873505335718,1,0,1
1789733910569238056,1789733910666733857,0,1,1,1,0,0,-13.486150917458454,-13.881429598526154,1,78,78,0.023707013553036609,-2.3319317307465326,1,0,1
1789733910696196107,1789733910766776673,0,1,1,1,0,0,-13.486150917458454,-13.881429598526154,1,78,78,0,-2.3319484121395329,1,0,1
1789733910824939609,1789733910866776957,0,1,1,1,0,0,-13.486150917458454,-13.881429598526154,1,78,78,0,-2.3320165359263121,1,0,1
1789733910942195066,1789733910966748512,0,1,1,1,0,0,-13.486150917458454,-13.862876265239663,1,78,78,0.01855333328649067,-2.332041962833638,1,0,1
1789733911078120351,1789733911166774084,0,1,1,1,0,0,-13.486150917458454,-13.862876265239663,1,78,78,0,-2.3318860089374538,1,0,1
1789733911185533501,1789733911266772336,0,1,1,1,0,0,-13.500908841281413,-13.862876265239663,1,78,78,0.014757923822958929,-2.3319399798752292,1,0,1
1789733911317899358,1789733911366745402,0,1,1,1,0,0,-13.500908841281413,-13.862876265239663,1,78,78,0,-2.3319724125021715,1,0,1
1789733911443500814,1789733911466736509,0,1,1,1,0,0,-13.500908841281413,-13.862876265239663,1,78,78,0,-2.3320406615181946,1,0,1
1789733911569403398,1789733911666716639,0,1,1,1,0,0,-13.500908841281413,-13.862876265239663,1,78,78,0,-2.3319914982044128,1,0,1
1789733911693205537,1789733911766747962,0,1,1,1,0,0,-13.486150917458454,-13.862876265239663,1,78,78,0.014757923822958929,-2.3320238891105642,1,0,1
1789733911819012212,1789733911866730259,0,1,1,1,0,0,-13.500908841281413,-13.862876265239663,1,78,78,0.014757923822958929,-2.332091581059943,1,0,1
1789733911942919307,1789733911966743150,0,1,1,1,0,0,-13.500908841281413,-13.862876265239663,1,78,78,0,-2.3320739175314102,1,0,1
1789733912068736044,1789733912166738610,0,1,1,1,0,0,-13.500908841281413,-13.862876265239663,1,78,78,0,-2.332184062779961,1,0,1
1789733912194789711,1789733912266739801,0,1,1,1,0,0,-13.500908841281413,-13.862876265239663,1,78,78,0,-2.3316966075353274,1,0,1
1789733912322312304,1789733912366721079,0,1,1,1,0,0,-13.500908841281413,-13.862876265239663,1,78,78,0,-2.3321396704922988,1,0,1
1789733912442032584,1789733912466718142,0,1,1,1,0,0,-13.500908841281413,-13.881429598526154,1,78,78,0.01855333328649067,-2.3324258075675681,1,0,1
1789733912569517016,1789733912666768583,0,1,1,1,0,0,-13.515666765104372,-13.899982931812644,1,78,78,0.023707013553036609,-2.3364177107959194,1,0,1
1789733912695902253,1789733912766711130,0,1,1,1,0,0,-13.559940536573247,-13.937089599176602,1,78,78,0.057767392211675615,-2.3462465190685418,1,0,1
1789733912823179491,1789733912866717781,0,1,1,1,0,0,-13.604214308042122,-13.992749599036074,1,78,78,0.071121040659108722,-2.3430961668140462,1,0,1
1789733912936845102,1789733912966758265,0,1,1,1,0,0,-13.648488079510997,-14.066962932182037,1,79,78,0.086416350632920233,-2.329058129082243,1,0,1
1789733913081999147,1789733913166787624,0,1,1,1,0,0,-13.707519774802829,-14.122622932041509,1,79,79,0.08113431230610231,-2.3335725070765148,1,0,1
1789733913203931779,1789733913266783510,0,1,1,1,0,0,-13.781309393917622,-14.196836265187471,1,79,79,0.10465432005292399,-2.3371554628115407,1,0,1
1789733913322096268,1789733913366779784,0,1,1,1,0,0,-13.855099014290749,-14.289602932410901,1,80,79,0.11853506916753656,-2.3385870910868283,1,0,1
1789733913448751453,1789733913466776844,0,1,1,1,0,0,-13.92888863340554,-14.382369598843354,1,80,80,0.11853506776518083,-2.3354123264388256,1,0,1
1789733913574154855,1789733913666789941,0,1,1,1,0,0,-14.002678252520333,-14.456582931989317,1,81,80,0.10465432005292399,-2.3382640966945352,1,0,1
1789733913696636728,1789733913766745800,0,1,1,1,0,0,-14.076467871635124,-14.54934959842177,1,81,81,0.11853506776518083,-2.333284295035511,1,0,1
1789733913815873748,1789733913866748523,0,1,1,1,0,0,-14.150257490749915,-14.623562932358709,1,82,81,0.10465432061382628,-2.3414065902783014,1,0,1
1789733913943931730,1789733913966767813,0,1,1,1,0,0,-14.224047109864706,-14.716329598791162,1,82,82,0.11853506776518083,-2.3416876336180121,1,0,1
1789733914079933068,1789733914166712992,0,1,1,1,0,0,-14.297836730237835,-14.790542931937125,1,83,82,0.10465432094015072,-2.358046100003524,1,0,1
1789733914192848560,1789733914266793396,0,1,1,1,0,0,-14.371626349352626,-14.864756265083088,1,83,83,0.10465432005292273,-2.3650135959212482,1,0,1
1789733914316987698,1789733914366714905,0,1,1,1,0,0,-14.460173892290376,-14.957522932306517,1,84,83,0.12824321388695464,-2.369593110479828,1,0,1
1789733914444973395,1789733914466738097,0,1,1,1,0,0,-14.533963511405169,-15.03173626545248,1,84,84,0.10465432005292399,-2.3700259386502562,1,0,1
1789733914571379469,1789733914666783164,0,1,1,1,0,0,-14.60775313051996,-15.105949598598443,1,84,84,0.10465432005292273,-2.3586061780845831,1,0,1
1789733914694530164,1789733914766751612,0,1,1,1,0,0,-14.666784825811792,-15.180162931744405,1,85,84,0.094828054212144214,-2.3626600289931172,1,0,1
1789733914814003055,1789733914866792350,0,1,1,1,0,0,-14.725816521103626,-15.235822932394854,1,85,85,0.081134312848731405,-2.3611708361699204,1,0,1
1789733914937748813,1789733914966783145,0,1,1,1,0,0,-14.755332368749542,-15.272929598967835,1,85,85,0.047414027106072107,-2.3414612129246488,1,0,1
1789733915075125487,1789733915166777330,0,1,1,1,0,0,-14.78484821639546,-15.291482932254326,1,85,85,0.034862751444724463,-2.3638034120453844,1,0,1
1789733915198151439,1789733915266737292,0,1,1,1,0,0,-14.799606141476755,-15.310036265540816,1,86,85,0.023707014336366915,-2.3615558726671777,1,0,1
1789733915317901539,1789733915366755215,0,1,1,1,0,0,-14.799606141476755,-15.328589598827307,1,86,86,0.01855333328649067,-2.3615352666311296,1,0,1
1789733915448187545,1789733915466759478,0,1,1,1,0,0,-14.814364065299712,-15.328589598827307,1,86,86,0.014757923822957153,-2.3618322793034894,1,0,1
1789733915569932381,1789733915666737747,0,1,1,1,0,0,-14.814364065299712,-15.328589598827307,1,86,86,0,-2.3615710346322256,1,0,1
1789733915688780700,1789733915766781829,0,1,1,1,0,0,-14.814364065299712,-15.328589598827307,1,86,86,0,-2.361686340292227,1,0,1
1789733915817202204,1789733915866771764,0,1,1,1,0,0,-14.814364065299712,-15.328589598827307,1,86,86,0,-2.3615202700676092,1,0,1
1789733915938828379,1789733915966737076,0,1,1,1,0,0,-14.814364065299712,-15.328589598827307,1,86,86,0,-2.3614944082607017,1,0,1
1789733916084806477,1789733916166802421,0,1,1,1,0,0,-14.814364065299712,-15.328589598827307,1,86,86,0,-2.3615208251773412,1,0,1
1789733916195905689,1789733916266783373,0,1,1,1,0,0,-14.814364065299712,-15.328589598827307,1,86,86,0,-2.3614659210788722,1,0,1
1789733916313940289,1789733916366748221,0,1,1,1,0,0,-14.814364065299712,-15.328589598827307,1,86,86,0,-2.3614955705191187,1,0,1
1789733916437306699,1789733916466791810,0,1,1,1,0,0,-14.814364065299712,-15.328589598827307,1,86,86,0,-2.3614834357909413,1,0,1
1789733916556296700,1789733916566786909,0,1,1,1,0,0,-14.814364065299712,-15.328589598827307,1,86,86,0,-2.3615348517981016,1,0,1
1789733916690068780,1789733916766772405,0,1,1,1,0,0,-14.814364065299712,-15.328589598827307,1,86,86,0,-2.3615231728500827,1,0,1
1789733916816137913,1789733916866761987,0,1,1,1,0,0,-14.814364065299712,-15.328589598827307,1,86,86,0,-2.3615387651080453,1,0,1
1789733916936782746,1789733916966777317,0,1,1,1,0,0,-14.814364065299712,-15.328589598827307,1,86,86,0,-2.3615614601400248,1,0,1
1789733917073713325,1789733917166776609,0,1,1,1,0,0,-14.814364065299712,-15.328589598827307,1,86,86,0,-2.361620372853205,1,0,1
1789733917188532313,1789733917266774077,0,1,1,1,0,0,-14.814364065299712,-15.328589598827307,1,86,86,0,-2.3616638507840606,1,0,1
1789733917313615594,1789733917366785819,0,1,1,1,0,0,-14.814364065299712,-15.328589598827307,1,86,86,0,-2.3617003976830739,1,0,1
1789733917432794081,1789733917466786164,0,1,1,1,0,0,-14.814364065299712,-15.328589598827307,1,86,86,0,-2.361750995292577,1,0,1
1789733917568655028,1789733917666735253,0,1,1,1,0,0,-14.814364065299712,-15.328589598827307,1,86,86,0,-2.3615872100976754,1,0,1
1789733917694993690,1789733917766733899,0,1,1,1,0,0,-14.814364065299712,-15.328589598827307,1,86,86,0,-2.3616712924856911,1,0,1
1789733917818916229,1789733917866730196,0,1,1,1,0,0,-14.814364065299712,-15.328589598827307,1,86,86,0,-2.3616786913782213,1,0,1
1789733917941095961,1789733917966729883,0,1,1,1,0,0,-14.814364065299712,-15.310036265540816,1,86,86,0.01855333328649067,-2.3616002506492744,1,0,1
1789733918084172225,1789733918166787602,0,1,1,1,0,0,-14.814364065299712,-15.328589598827307,1,86,86,0.01855333328649067,-2.361649758315707,1,0,1
1789733918196101966,1789733918266734891,0,1,1,1,0,0,-14.814364065299712,-15.328589598827307,1,86,86,0,-2.3616922569420704,1,0,1
1789733918309132615,1789733918366783053,0,1,1,1,0,0,-14.814364065299712,-15.328589598827307,1,86,86,0,-2.3617416291089937,1,0,1
1789733918434162818,1789733918466804627,0,1,1,1,0,0,-14.814364065299712,-15.328589598827307,1,86,86,0,-2.3617839325095855,1,0,1
1789733918559005752,1789733918566771489,0,1,1,1,0,0,-14.814364065299712,-15.328589598827307,1,86,86,0,-2.3616979485644682,1,0,1
1789733918685165027,1789733918766787451,0,1,1,1,0,0,-14.814364065299712,-15.328589598827307,1,86,86,0,-2.3617397782917249,1,0,1
1789733918812671671,1789733918866786193,0,1,1,1,0,0,-14.814364065299712,-15.328589598827307,1,86,86,0,-2.3617318455179501,1,0,1
1789733918933747692,1789733918966733814,0,1,1,1,0,0,-14.814364065299712,-15.328589598827307,1,86,86,0,-2.361817129808601,1,0,1
1789733919078167797,1789733919166791321,0,1,1,1,0,0,-14.814364065299712,-15.328589598827307,1,86,86,0,-2.361942055422225,1,0,1
1789733919192811006,1789733919266753536,0,1,1,1,0,0,-14.814364065299712,-15.328589598827307,1,86,86,0,-2.3620126749589136,1,0,1
1789733919310852222,1789733919366733058,0,1,1,1,0,0,-14.814364065299712,-15.328589598827307,1,86,86,0,-2.3620260814869471,1,0,1
1789733919434702859,1789733919466775697,0,1,1,1,0,0,-14.814364065299712,-15.328589598827307,1,86,86,0,-2.3619316930123215,1,0,1
1789733919562254994,1789733919566777015,0,1,1,1,0,0,-14.814364065299712,-15.328589598827307,1,86,86,0,-2.3619518318426675,1,0,1
1789733919689165862,1789733919766736887,0,1,1,1,0,0,-14.814364065299712,-15.310036265540816,1,86,86,0.01855333328649067,-2.3620995803711544,1,0,1
1789733919821841410,1789733919866739641,0,1,1,1,0,0,-14.814364065299712,-15.310036265540816,1,86,86,0,-2.3621914894962481,1,0,1
1789733919941051225,1789733919966718165,0,1,1,1,0,0,-14.814364065299712,-15.310036265540816,1,86,86,0,-2.3621188965977842,1,0,1
1789733920084023675,1789733920166773402,0,1,1,1,0,0,-14.814364065299712,-15.328589598827307,1,86,86,0.01855333328649067,-2.362137601375351,1,0,1
1789733920190950403,1789733920266743580,0,1,1,1,0,0,-14.814364065299712,-15.328589598827307,1,86,86,0,-2.3620862182119136,1,0,1
1789733920316072394,1789733920366716667,0,1,1,1,0,0,-14.814364065299712,-15.328589598827307,1,86,86,0,-2.3622976965978557,1,0,1
1789733920438750046,1789733920466765323,0,1,1,1,0,0,-14.814364065299712,-15.328589598827307,1,86,86,0,-2.3622387575142048,1,0,1
1789733920566065558,1789733920666776936,0,1,1,1,0,0,-14.814364065299712,-15.310036265540816,1,86,86,0.01855333328649067,-2.3621555259335918,1,0,1
1789733920690993194,1789733920766740248,0,1,1,1,0,0,-14.814364065299712,-15.328589598827307,1,86,86,0.01855333328649067,-2.3621467824083968,1,0,1
1789733920816670371,1789733920866755474,0,1,1,1,0,0,-14.814364065299712,-15.310036265540816,1,86,86,0.01855333328649067,-2.3621153454668358,1,0,1
1789733920937651912,1789733920966737616,0,1,1,1,0,0,-14.814364065299712,-15.310036265540816,1,86,86,0,-2.3620705373569084,1,0,1
1789733921064861497,1789733921166741305,0,1,1,1,0,0,-14.814364065299712,-15.328589598827307,1,86,86,0.01855333328649067,-2.3621593692148561,1,0,1
1789733921189916042,1789733921266749988,0,1,1,1,0,0,-14.814364065299712,-15.328589598827307,1,86,86,0,-2.362128534782582,1,0,1
1789733921315620349,1789733921366788123,0,1,1,1,0,0,-14.814364065299712,-15.310036265540816,1,86,86,0.01855333328649067,-2.3622839644142308,1,0,1
1789733921438329593,1789733921466772685,0,1,1,1,0,0,-14.814364065299712,-15.310036265540816,1,86,86,0,-2.3623385821265588,1,0,1
1789733921564717946,1789733921666744729,0,1,1,1,0,0,-14.814364065299712,-15.310036265540816,1,86,86,0,-2.3619719841514502,1,0,1
1789733921688923727,1789733921766741124,0,1,1,1,0,0,-14.814364065299712,-15.328589598827307,1,86,86,0.01855333328649067,-2.3622409205001977,1,0,1
1789733921815212337,1789733921866739381,0,1,1,1,0,0,-14.814364065299712,-15.328589598827307,1,86,86,0,-2.3622318366724757,1,0,1
1789733921931782231,1789733921966779595,0,1,1,1,0,0,-14.814364065299712,-15.328589598827307,1,86,86,0,-2.3620993601086311,1,0,1
1789733922077811321,1789733922166787516,0,1,1,1,0,0,-14.814364065299712,-15.310036265540816,1,86,86,0.01855333328649067,-2.3622238958234201,1,0,1
1789733922189707461,1789733922266784560,0,1,1,1,0,0,-14.814364065299712,-15.328589598827307,1,86,86,0.01855333328649067,-2.3621290069529768,1,0,1
1789733922311985315,1789733922366764802,0,1,1,1,0,0,-14.814364065299712,-15.310036265540816,1,86,86,0.01855333328649067,-2.3621482006204242,1,0,1
1789733922435900108,1789733922466738821,0,1,1,1,0,0,-14.814364065299712,-15.328589598827307,1,86,86,0.01855333328649067,-2.3622243244863164,1,0,1
1789733922563481313,1789733922666770812,0,1,1,1,0,0,-14.814364065299712,-15.310036265540816,1,86,86,0.01855333328649067,-2.3621488866800946,1,0,1
1789733922688957645,1789733922766722239,0,1,1,1,0,0,-14.814364065299712,-15.310036265540816,1,86,86,0,-2.3621178675472092,1,0,1
1789733922812479821,1789733922866736330,0,1,1,1,0,0,-14.814364065299712,-15.328589598827307,1,86,86,0.01855333328649067,-2.362158617343435,1,0,1
1789733922936038025,1789733922966735168,0,1,1,1,0,0,-14.814364065299712,-15.328589598827307,1,86,86,0,-2.3621993258630756,1,0,1
1789733923073983495,1789733923166778907,0,1,1,1,0,0,-14.814364065299712,-15.310036265540816,1,86,86,0.01855333328649067,-2.3622580828308073,1,0,1
1789733923187251409,1789733923266766960,0,1,1,1,0,0,-14.814364065299712,-15.328589598827307,1,86,86,0.01855333328649067,-2.3622900408445586,1,0,1
1789733923313107732,1789733923366789940,0,1,1,1,0,0,-14.814364065299712,-15.310036265540816,1,86,86,0.01855333328649067,-2.3622521478654055,1,0,1
1789733923438211160,1789733923466742691,0,1,1,1,0,0,-14.814364065299712,-15.310036265540816,1,86,86,0,-2.3624283241905717,1,0,1
1789733923563993164,1789733923666787370,0,1,1,1,0,0,-14.814364065299712,-15.310036265540816,1,86,86,0,-2.3624949130250346,1,0,1
1789733923688686700,1789733923766789791,0,1,1,1,0,0,-14.814364065299712,-15.310036265540816,1,86,86,0,-2.3626212011683436,1,0,1
1789733923816257625,1789733923866777571,0,1,1,1,0,0,-14.814364065299712,-15.310036265540816,1,86,86,0,-2.3623837693438445,1,0,1
1789733923938850990,1789733923966736283,0,1,1,1,0,0,-14.814364065299712,-15.328589598827307,1,86,86,0.01855333328649067,-2.3624243719900009,1,0,1
1789733924077945903,1789733924166741992,0,1,1,1,0,0,-14.814364065299712,-15.310036265540816,1,86,86,0.01855333328649067,-2.3622772807842827,1,0,1
1789733924196683687,1789733924266766824,0,1,1,1,0,0,-14.814364065299712,-15.328589598827307,1,86,86,0.01855333328649067,-2.3624250161631712,1,0,1
1789733924316833330,1789733924366779462,0,1,1,1,0,0,-14.814364065299712,-15.328589598827307,1,86,86,0,-2.3623726531900848,1,0,1
1789733924438211318,1789733924466781316,0,1,1,1,0,0,-14.814364065299712,-15.328589598827307,1,86,86,0,-2.3623054712391411,1,0,1
1789733924563008032,1789733924666754719,0,1,1,1,0,0,-14.814364065299712,-15.328589598827307,1,86,86,0,-2.3622637205666992,1,0,1
1789733924683120666,1789733924766731522,0,1,1,1,0,0,-14.814364065299712,-15.328589598827307,1,86,86,0,-2.3622541496022884,1,0,1
1789733924815884947,1789733924866715159,0,1,1,1,0,0,-14.814364065299712,-15.328589598827307,1,86,86,0,-2.3621873581500967,1,0,1
1789733924935928940,1789733924966770272,0,1,1,1,0,0,-14.814364065299712,-15.328589598827307,1,86,86,0,-2.3621636522050204,1,0,1
1789733925072918462,1789733925166772438,0,1,1,1,0,0,-14.814364065299712,-15.328589598827307,1,86,86,0,-2.3620234367600244,1,0,1
1789733925186041281,1789733925266737837,0,1,1,1,0,0,-14.814364065299712,-15.328589598827307,1,86,86,0,-2.3620565595808012,1,0,1
1789733925315397624,1789733925366730081,0,1,1,1,0,0,-14.814364065299712,-15.328589598827307,1,86,86,0,-2.3620402163601408,1,0,1
1789733925440180801,1789733925466721876,0,1,1,1,0,0,-14.814364065299712,-15.328589598827307,1,86,86,0,-2.3619877763863149,1,0,1
1789733925559119777,1789733925566741748,0,1,1,1,0,0,-14.814364065299712,-15.328589598827307,1,86,86,0,-2.3619855329457011,1,0,1
1789733925693588180,1789733925766726060,0,1,1,1,0,0,-14.814364065299712,-15.328589598827307,1,86,86,0,-2.3619159832786369,1,0,1
1789733925820075618,1789733925866746308,0,1,1,1,0,0,-14.814364065299712,-15.328589598827307,1,86,86,0,-2.3617336294476177,1,0,1
1789733925942786424,1789733925966766889,0,1,1,1,0,0,-14.814364065299712,-15.328589598827307,1,86,86,0,-2.362023953389202,1,0,1
1789733926075453937,1789733926166754329,0,1,1,1,0,0,-14.814364065299712,-15.328589598827307,1,86,86,0,-2.3619401750298619,1,0,1
1789733926186751666,1789733926266776781,0,1,1,1,0,0,-14.814364065299712,-15.328589598827307,1,86,86,0,-2.3619517498752942,1,0,1
1789733926313074442,1789733926366748621,0,1,1,1,0,0,-14.814364065299712,-15.328589598827307,1,86,86,0,-2.361920537025501,1,0,1
1789733926432926104,1789733926466721389,0,1,1,1,0,0,-14.814364065299712,-15.328589598827307,1,86,86,0,-2.361982374159731,1,0,1
1789733926564835079,1789733926666779271,0,1,1,1,0,0,-14.814364065299712,-15.328589598827307,1,86,86,0,-2.3619787161690433,1,0,1
1789733926687724121,1789733926766730265,0,1,1,1,0,0,-14.814364065299712,-15.328589598827307,1,86,86,0,-2.3619054118112541,1,0,1
1789733926814718297,1789733926866776415,0,1,1,1,0,0,-14.814364065299712,-15.328589598827307,1,86,86,0,-2.3619670403070487,1,0,1
1789733926935641661,1789733926966769359,0,1,1,1,0,0,-14.814364065299712,-15.328589598827307,1,86,86,0,-2.3620213498314135,1,0,1
1789733927069888299,1789733927166742699,0,1,1,1,0,0,-14.814364065299712,-15.328589598827307,1,86,86,0,-2.3620858523060662,1,0,1
1789733927187720451,1789733927266721254,0,1,1,1,0,0,-14.814364065299712,-15.328589598827307,1,86,86,0,-2.3620332261510937,1,0,1
1789733927309567121,1789733927366765784,0,1,1,1,0,0,-14.814364065299712,-15.328589598827307,1,86,86,0,-2.3621530810557658,1,0,1
1789733927435496763,1789733927466789825,0,1,1,1,0,0,-14.814364065299712,-15.328589598827307,1,86,86,0,-2.3622920320381522,1,0,1
1789733927561837956,1789733927566743179,0,1,1,1,0,0,-14.814364065299712,-15.328589598827307,1,86,86,0,-2.3622751785898104,1,0,1
1789733927687601253,1789733927766733497,0,1,1,1,0,0,-14.814364065299712,-15.328589598827307,1,86,86,0,-2.361992417338389,1,0,1
1789733927815364150,1789733927866753893,0,1,1,1,0,0,-14.814364065299712,-15.328589598827307,1,86,86,0,-2.3621609181240881,1,0,1
1789733927937425658,1789733927966746423,0,1,1,1,0,0,-14.814364065299712,-15.328589598827307,1,86,86,0,-2.3622084931348151,1,0,1
1789733928075732163,1789733928166773694,0,1,1,1,0,0,-14.814364065299712,-15.328589598827307,1,86,86,0,-2.362131188465896,1,0,1
1789733928188147219,1789733928266742209,0,1,1,1,0,0,-14.814364065299712,-15.328589598827307,1,86,86,0,-2.3620151072730504,1,0,1
1789733928307916031,1789733928366736996,0,1,1,1,0,0,-14.814364065299712,-15.328589598827307,1,86,86,0,-2.361955669436449,1,0,1
1789733928434032754,1789733928466765402,0,1,1,1,0,0,-14.814364065299712,-15.328589598827307,1,86,86,0,-2.3621652528697465,1,0,1
1789733928562007437,1789733928566779495,0,1,1,1,0,0,-14.814364065299712,-15.328589598827307,1,86,86,0,-2.3621620509491867,1,0,1
1789733928693836587,1789733928766748950,0,1,1,1,0,0,-14.814364065299712,-15.328589598827307,1,86,86,0,-2.3620280512375458,1,0,1
1789733928819741236,1789733928866782944,0,1,1,1,0,0,-14.814364065299712,-15.328589598827307,1,86,86,0,-2.3620611498312156,1,0,1
1789733928937820462,1789733928966766420,0,1,1,1,0,0,-14.814364065299712,-15.328589598827307,1,86,86,0,-2.3619299470166459,1,0,1
1789733929075932877,1789733929166787188,0,1,1,1,0,0,-14.814364065299712,-15.328589598827307,1,86,86,0,-2.3620164493155351,1,0,1
1789733929184146232,1789733929266781752,0,1,1,1,0,0,-14.814364065299712,-15.328589598827307,1,86,86,0,-2.3621207668550324,1,0,1
1789733929314814460,1789733929366747272,0,1,1,1,0,0,-14.814364065299712,-15.328589598827307,1,86,86,0,-2.3619254058398624,1,0,1
1789733929435445856,1789733929466741185,0,1,1,1,0,0,-14.814364065299712,-15.328589598827307,1,86,86,0,-2.3619214087321061,1,0,1
1789733929565036473,1789733929666773364,0,1,1,1,0,0,-14.814364065299712,-15.310036265540816,1,86,86,0.01855333328649067,-2.3620933921854124,1,0,1
1789733929686908173,1789733929766721825,0,1,1,1,0,0,-14.814364065299712,-15.328589598827307,1,86,86,0.01855333328649067,-2.3622031046726053,1,0,1
1789733929816910845,1789733929866722586,0,1,1,1,0,0,-14.814364065299712,-15.328589598827307,1,86,86,0,-2.3621283260078703,1,0,1
1789733929938970384,1789733929966775049,0,1,1,1,0,0,-14.814364065299712,-15.328589598827307,1,86,86,0,-2.3620978919871347,1,0,1
1789733930066521811,1789733930166778909,0,1,1,1,0,0,-14.814364065299712,-15.310036265540816,1,86,86,0.01855333328649067,-2.3620308238531025,1,0,1
1789733930191845448,1789733930266734847,0,1,1,1,0,0,-14.814364065299712,-15.328589598827307,1,86,86,0.01855333328649067,-2.3620767034689245,1,0,1
1789733930316052998,1789733930366745324,0,1,1,1,0,0,-14.814364065299712,-15.328589598827307,1,86,86,0,-2.3621379617754568,1,0,1
1789733930438086776,1789733930466766148,0,1,1,1,0,0,-14.814364065299712,-15.328589598827307,1,86,86,0,-2.3621130433274948,1,0,1
1789733930558757133,1789733930566779730,0,1,1,1,0,0,-14.814364065299712,-15.328589598827307,1,86,86,0,-2.3622513269357031,1,0,1
1789733930685365562,1789733930766739954,0,1,1,1,0,0,-14.814364065299712,-15.310036265540816,1,86,86,0.01855333328649067,-2.3622789208615695,1,0,1
1789733930813508446,1789733930866722414,0,1,1,1,0,0,-14.814364065299712,-15.328589598827307,1,86,86,0.01855333328649067,-2.3623696793446749,1,0,1
1789733930930559344,1789733930966768320,0,1,1,1,0,0,-14.814364065299712,-15.328589598827307,1,86,86,0,-2.362209388056117,1,0,1
1789733931069056864,1789733931166753836,0,1,1,1,0,0,-14.814364065299712,-15.328589598827307,1,86,86,0,-2.3624232994155818,1,0,1
1789733931184807372,1789733931266758470,0,1,1,1,0,0,-14.814364065299712,-15.328589598827307,1,86,86,0,-2.3623277665067643,1,0,1
1789733931309435014,1789733931366785382,0,1,1,1,0,0,-14.814364065299712,-15.328589598827307,1,86,86,0,-2.3624461211223604,1,0,1
1789733931433078375,1789733931466725602,0,1,1,1,0,0,-14.814364065299712,-15.328589598827307,1,86,86,0,-2.3625365728397267,1,0,1
1789733931558843887,1789733931566738664,0,1,1,1,0,0,-14.814364065299712,-15.328589598827307,1,86,86,0,-2.3625477869699392,1,0,1
1789733931685970432,1789733931766738720,0,1,1,1,0,0,-14.814364065299712,-15.328589598827307,1,86,86,0,-2.3628101075179688,1,0,1
1789733931810977822,1789733931866738158,0,1,1,1,0,0,-14.814364065299712,-15.328589598827307,1,86,86,0,-2.3626870729620291,1,0,1
1789733931933701572,1789733931966772863,0,1,1,1,0,0,-14.814364065299712,-15.328589598827307,1,86,86,0,-2.3626564905986425,1,0,1
1789733932068836334,1789733932166746480,0,1,1,1,0,0,-14.814364065299712,-15.328589598827307,1,86,86,0,-2.3627277752024214,1,0,1
1789733932185965682,1789733932266768699,0,1,1,1,0,0,-14.814364065299712,-15.328589598827307,1,86,86,0,-2.3627393571835933,1,0,1
1789733932311952364,1789733932366730891,0,1,1,1,0,0,-14.814364065299712,-15.328589598827307,1,86,86,0,-2.3628348578307938,1,0,1
1789733932436616533,1789733932466730083,0,1,1,1,0,0,-14.814364065299712,-15.310036265540816,1,86,86,0.01855333328649067,-2.362889212058767,1,0,1
1789733932562490693,1789733932566751503,0,1,1,1,0,0,-14.814364065299712,-15.328589598827307,1,86,86,0.01855333328649067,-2.362843444953465,1,0,1
1789733932689502998,1789733932766724235,0,1,1,1,0,0,-14.814364065299712,-15.328589598827307,1,86,86,0,-2.3629086366541752,1,0,1
1789733932814671134,1789733932866837166,0,1,1,1,0,0,-14.814364065299712,-15.328589598827307,1,86,86,0,-2.3629630838833107,1,0,1
1789733932937964398,1789733932976784239,0,1,1,1,0,0,-14.814364065299712,-15.328589598827307,1,86,86,0,-2.3629549606581759,1,0,1
1789733933071990770,1789733933169262485,0,1,1,1,0,0,-14.814364065299712,-15.328589598827307,1,86,86,0,-2.3629975111647603,1,0,1
1789733933193630505,1789733933266737515,0,1,1,1,0,0,-14.814364065299712,-15.328589598827307,1,86,86,0,-2.3630801176312146,1,0,1
1789733933311908267,1789733933366715811,0,1,1,1,0,0,-14.814364065299712,-15.310036265540816,1,86,86,0.01855333328649067,-2.3631982281379522,1,0,1
1789733933436649554,1789733933466774393,0,1,1,1,0,0,-14.814364065299712,-15.310036265540816,1,86,86,0,-2.3632669189551101,1,0,1
1789733933566784514,1789733933666783161,0,1,1,1,0,0,-14.814364065299712,-15.310036265540816,1,86,86,0,-2.3632472704750449,1,0,1
1789733933685284309,1789733933766731216,0,1,1,1,0,0,-14.814364065299712,-15.328589598827307,1,86,86,0.01855333328649067,-2.3631783937092452,1,0,1
1789733933819858824,1789733933866744854,0,1,1,1,0,0,-14.814364065299712,-15.328589598827307,1,86,86,0,-2.3631758157805502,1,0,1
1789733933941716500,1789733933966777624,0,1,1,1,0,0,-14.814364065299712,-15.328589598827307,1,86,86,0,-2.3631943917476534,1,0,1
1789733934086446221,1789733934166728390,0,1,1,1,0,0,-14.814364065299712,-15.328589598827307,1,86,86,0,-2.3631123955518185,1,0,1
1789733934194399989,1789733934266774533,0,1,1,1,0,0,-14.814364065299712,-15.328589598827307,1,86,86,0,-2.3630725441612874,1,0,1
1789733934315276568,1789733934366777293,0,1,1,1,0,0,-14.814364065299712,-15.328589598827307,1,86,86,0,-2.3630769289740448,1,0,1
1789733934434554471,1789733934466735276,0,1,1,1,0,0,-14.814364065299712,-15.328589598827307,1,86,86,0,-2.3630311486953581,1,0,1
1789733934552531505,1789733934566746963,0,1,1,1,0,0,-14.814364065299712,-15.328589598827307,1,86,86,0,-2.3629210427252092,1,0,1
1789733934685401336,1789733934766765967,0,1,1,1,0,0,-14.814364065299712,-15.328589598827307,1,86,86,0,-2.3628656214724555,1,0,1
1789733934812859762,1789733934866742789,0,1,1,1,0,0,-14.814364065299712,-15.310036265540816,1,86,86,0.01855333328649067,-2.3628126065751212,1,0,1
1789733934932730446,1789733934966782959,0,1,1,1,0,0,-14.814364065299712,-15.328589598827307,1,86,86,0.01855333328649067,-2.3627598460718775,1,0,1
1789733935066870145,1789733935166783938,0,1,1,1,0,0,-14.814364065299712,-15.328589598827307,1,86,86,0,-2.3626109892210674,1,0,1
1789733935182842774,1789733935266748439,0,1,1,1,0,0,-14.814364065299712,-15.328589598827307,1,86,86,0,-2.3626707138238103,1,0,1
1789733935313646345,1789733935366746213,0,1,1,1,0,0,-14.814364065299712,-15.310036265540816,1,86,86,0.01855333328649067,-2.3627968513164364,1,0,1
1789733935433483464,1789733935466741881,0,1,1,1,0,0,-14.814364065299712,-15.310036265540816,1,86,86,0,-2.3628580023108863,1,0,1
1789733935565272902,1789733935666774124,0,1,1,1,0,0,-14.814364065299712,-15.328589598827307,1,86,86,0.01855333328649067,-2.362767033083248,1,0,1
1789733935689651011,1789733935766744322,0,1,1,1,0,0,-14.814364065299712,-15.328589598827307,1,86,86,0,-2.3626355236343688,1,0,1
1789733935815253744,1789733935866751441,0,1,1,1,0,0,-14.814364065299712,-15.328589598827307,1,86,86,0,-2.3626730787869024,1,0,1
1789733935935600142,1789733935966748147,0,1,1,1,0,0,-14.814364065299712,-15.328589598827307,1,86,86,0,-2.3628896262287005,1,0,1
1789733936075259221,1789733936166769592,0,1,1,1,0,0,-14.814364065299712,-15.328589598827307,1,86,86,0,-2.3626741193876462,1,0,1
1789733936190558729,1789733936266746921,0,1,1,1,0,0,-14.814364065299712,-15.310036265540816,1,86,86,0.01855333328649067,-2.3628491756316627,1,0,1
1789733936309805364,1789733936366739128,0,1,1,1,0,0,-14.814364065299712,-15.310036265540816,1,86,86,0,-2.3627258132920832,1,0,1
1789733936437467620,1789733936466751420,0,1,1,1,0,0,-14.814364065299712,-15.328589598827307,1,86,86,0.01855333328649067,-2.3627582578219277,1,0,1
1789733936564187060,1789733936666765685,0,1,1,1,0,0,-14.814364065299712,-15.328589598827307,1,86,86,0,-2.3627356931476529,1,0,1
1789733936688351511,1789733936766748209,0,1,1,1,0,0,-14.814364065299712,-15.328589598827307,1,86,86,0,-2.3626262487525698,1,0,1
1789733936816659272,1789733936866714956,0,1,1,1,0,0,-14.814364065299712,-15.328589598827307,1,86,86,0,-2.362822383921273,1,0,1
1789733936937511106,1789733936966699387,0,1,1,1,0,0,-14.814364065299712,-15.328589598827307,1,86,86,0,-2.3627487652389418,1,0,1
1789733937072760886,1789733937166735250,0,1,1,1,0,0,-14.814364065299712,-15.328589598827307,1,86,86,0,-2.3626780677509309,1,0,1
1789733937186932302,1789733937266739559,0,1,1,1,0,0,-14.814364065299712,-15.328589598827307,1,86,86,0,-2.3627462115616957,1,0,1
1789733937307828387,1789733937366778763,0,1,1,1,0,0,-14.814364065299712,-15.328589598827307,1,86,86,0,-2.3626360044382952,1,0,1
1789733937435337668,1789733937466770842,0,1,1,1,0,0,-14.814364065299712,-15.328589598827307,1,86,86,0,-2.3625259979782709,1,0,1
1789733937562406926,1789733937566767188,0,1,1,1,0,0,-14.814364065299712,-15.328589598827307,1,86,86,0,-2.3626363633859353,1,0,1
1789733937688823473,1789733937766757279,0,1,1,1,0,0,-14.814364065299712,-15.310036265540816,1,86,86,0.01855333328649067,-2.3624093476521018,1,0,1
1789733937815324861,1789733937866896602,0,1,1,1,0,0,-14.814364065299712,-15.310036265540816,1,86,86,0,-2.3624855789418202,1,0,1
1789733937937918800,1789733937966804702,0,1,1,1,0,0,-14.814364065299712,-15.328589598827307,1,86,86,0.01855333328649067,-2.3625658207818008,1,0,1
1789733938076837663,1789733938166774153,0,1,1,1,0,0,-14.814364065299712,-15.310036265540816,1,86,86,0.01855333328649067,-2.3626322232018131,1,0,1
1789733938184390830,1789733938266749096,0,1,1,1,0,0,-14.814364065299712,-15.310036265540816,1,86,86,0,-2.3626371775863952,1,0,1
1789733938312496497,1789733938366748880,0,1,1,1,0,0,-14.814364065299712,-15.328589598827307,1,86,86,0.01855333328649067,-2.3624913597008113,1,0,1
1789733938437313693,1789733938466754744,0,1,1,1,0,0,-14.814364065299712,-15.328589598827307,1,86,86,0,-2.3624960280682585,1,0,1
1789733938565238352,1789733938666715475,0,1,1,1,0,0,-14.814364065299712,-15.328589598827307,1,86,86,0,-2.362526216808853,1,0,1
1789733938689828495,1789733938766744182,0,1,1,1,0,0,-14.814364065299712,-15.328589598827307,1,86,86,0,-2.3625234150438894,1,0,1
1789733938816913153,1789733938866784240,0,1,1,1,0,0,-14.814364065299712,-15.328589598827307,1,86,86,0,-2.3624991225605134,1,0,1
1789733938938209136,1789733938966754078,0,1,1,1,0,0,-14.814364065299712,-15.328589598827307,1,86,86,0,-2.3623539725825777,1,0,1
1789733939064442913,1789733939166739243,0,1,1,1,0,0,-14.814364065299712,-15.328589598827307,1,86,86,0,-2.3624061873770468,1,0,1
1789733939189448657,1789733939266746167,0,1,1,1,0,0,-14.814364065299712,-15.328589598827307,1,86,86,0,-2.3625656622671802,1,0,1
1789733939315150673,1789733939366737781,0,1,1,1,0,0,-14.814364065299712,-15.328589598827307,1,86,86,0,-2.3625769066158693,1,0,1
1789733939437422500,1789733939466732167,0,1,1,1,0,0,-14.814364065299712,-15.328589598827307,1,86,86,0,-2.3626311228411505,1,0,1
1789733939564600163,1789733939666753567,0,1,1,1,0,0,-14.814364065299712,-15.328589598827307,1,86,86,0,-2.3624542300817901,1,0,1
1789733939689419151,1789733939766754946,0,1,1,1,0,0,-14.814364065299712,-15.310036265540816,1,86,86,0.01855333328649067,-2.3626859353997269,1,0,1
1789733939816547735,1789733939866751657,0,1,1,1,0,0,-14.814364065299712,-15.328589598827307,1,86,86,0.01855333328649067,-2.3626762313057204,1,0,1
1789733939932782567,1789733939966742945,0,1,1,1,0,0,-14.814364065299712,-15.310036265540816,1,86,86,0.01855333328649067,-2.3627020318465282,1,0,1
1789733940082765056,1789733940167657970,0,1,1,1,0,0,-14.814364065299712,-15.328589598827307,1,86,86,0.01855333328649067,-2.3625614411567497,1,0,1
1789733940193865295,1789733940266742713,0,1,1,1,0,0,-14.814364065299712,-15.310036265540816,1,86,86,0.01855333328649067,-2.3626940660267555,1,0,1
1789733940314735359,1789733940367148283,0,1,1,1,0,0,-14.814364065299712,-15.310036265540816,1,86,86,0,-2.3627768767991615,1,0,1
1789733940435620070,1789733940467761496,0,1,1,1,0,0,-14.814364065299712,-15.310036265540816,1,86,86,0,-2.3627458143127709,1,0,1
1789733940565953690,1789733940677105363,0,1,1,1,0,0,-14.814364065299712,-15.310036265540816,1,86,86,0,-2.3627046444588622,1,0,1
1789733940695220502,1789733940777096526,0,1,1,1,0,0,-14.814364065299712,-15.310036265540816,1,86,86,0,-2.3627429673155982,1,0,1
1789733940817130077,1789733940866756247,0,1,1,1,0,0,-14.814364065299712,-15.310036265540816,1,86,86,0,-2.3628532991711415,1,0,1
1789733940941516037,1789733940966743823,0,1,1,1,0,0,-14.814364065299712,-15.328589598827307,1,86,86,0.01855333328649067,-2.3629828682377085,1,0,1
1789733941076504441,1789733941168212692,0,1,1,1,0,0,-14.814364065299712,-15.310036265540816,1,86,86,0.01855333328649067,-2.3628681037763952,1,0,1
1789733941190802405,1789733941266819145,0,1,1,1,0,0,-14.814364065299712,-15.310036265540816,1,86,86,0,-2.3630154371137468,1,0,1
1789733941315636161,1789733941366731665,0,1,1,1,0,0,-14.814364065299712,-15.310036265540816,1,86,86,0,-2.3630191180516622,1,0,1
1789733941442834999,1789733941466757567,0,1,1,1,0,0,-14.814364065299712,-15.310036265540816,1,86,86,0,-2.3630089949151807,1,0,1
1789733941567584905,1789733941666752305,0,1,1,1,0,0,-14.814364065299712,-15.310036265540816,1,86,86,0,-2.3630743826237861,1,0,1
1789733941692552599,1789733941767136817,0,1,1,1,0,0,-14.814364065299712,-15.328589598827307,1,86,86,0.01855333328649067,-2.3630715040100219,1,0,1
1789733941816418154,1789733941866722655,0,1,1,1,0,0,-14.814364065299712,-15.310036265540816,1,86,86,0.01855333328649067,-2.3630762697079777,1,0,1
1789733941937734014,1789733941966739686,0,1,1,1,0,0,-14.814364065299712,-15.310036265540816,1,86,86,0,-2.3630735215796328,1,0,1
1789733942076620990,1789733942166749032,0,1,1,1,0,0,-14.814364065299712,-15.328589598827307,1,86,86,0.01855333328649067,-2.3629020956512803,1,0,1
1789733942189376132,1789733942266737425,0,1,1,1,0,0,-14.814364065299712,-15.328589598827307,1,86,86,0,-2.3628635335743708,1,0,1
1789733942312226642,1789733942366753796,0,1,1,1,0,0,-14.814364065299712,-15.328589598827307,1,86,86,0,-2.3629105736067193,1,0,1
1789733942435570582,1789733942466749900,0,1,1,1,0,0,-14.814364065299712,-15.328589598827307,1,86,86,0,-2.362914940956192,1,0,1
1789733942560654757,1789733942566724616,0,1,1,1,0,0,-14.814364065299712,-15.328589598827307,1,86,86,0,-2.3628982124861322,1,0,1
1789733942679495611,1789733942766909974,0,1,1,1,0,0,-14.814364065299712,-15.328589598827307,1,86,86,0,-2.3629215094741647,1,0,1
1789733942813831115,1789733942866716907,0,1,1,1,0,0,-14.814364065299712,-15.328589598827307,1,86,86,0,-2.3629469106233847,1,0,1
1789733942935684875,1789733942966747137,0,1,1,1,0,0,-14.814364065299712,-15.328589598827307,1,86,86,0,-2.362922799502353,1,0,1
1789733943071418892,1789733943166739013,0,1,1,1,0,0,-14.814364065299712,-15.328589598827307,1,86,86,0,-2.362874873000917,1,0,1
1789733943186532343,1789733943266748959,0,1,1,1,0,0,-14.814364065299712,-15.328589598827307,1,86,86,0,-2.3629078843380937,1,0,1
1789733943310474864,1789733943366747707,0,1,1,1,0,0,-14.814364065299712,-15.328589598827307,1,86,86,0,-2.3629408535111778,1,0,1
1789733943434657386,1789733943466744243,0,1,1,1,0,0,-14.814364065299712,-15.328589598827307,1,86,86,0,-2.3628881849061463,1,0,1
1789733943554090249,1789733943566753741,0,1,1,1,0,0,-14.814364065299712,-15.328589598827307,1,86,86,0,-2.3628784196871706,1,0,1
1789733943689672372,1789733943766749543,0,1,1,1,0,0,-14.814364065299712,-15.328589598827307,1,86,86,0,-2.3629718203180974,1,0,1
1789733943816535432,1789733943866747999,0,1,1,1,0,0,-14.814364065299712,-15.328589598827307,1,86,86,0,-2.3630260328417045,1,0,1
1789733943936586656,1789733943966746619,0,1,1,1,0,0,-14.814364065299712,-15.328589598827307,1,86,86,0,-2.3629732573546636,1,0,1
1789733944075160617,1789733944166866939,0,1,1,1,0,0,-14.814364065299712,-15.328589598827307,1,86,86,0,-2.3628321015901275,1,0,1
1789733944188497729,1789733944266763775,0,1,1,1,0,0,-14.814364065299712,-15.310036265540816,1,86,86,0.01855333328649067,-2.362808073614465,1,0,1
1789733944310687029,1789733944366741200,0,1,1,1,0,0,-14.814364065299712,-15.328589598827307,1,86,86,0.01855333328649067,-2.362784103448007,1,0,1
1789733944431607027,1789733944466742002,0,1,1,1,0,0,-14.814364065299712,-15.310036265540816,1,86,86,0.01855333328649067,-2.3628957823918864,1,0,1
1789733944563723265,1789733944666748917,0,1,1,1,0,0,-14.814364065299712,-15.310036265540816,1,86,86,0,-2.3628112367227438,1,0,1
1789733944687655883,1789733944766727121,0,1,1,1,0,0,-14.814364065299712,-15.310036265540816,1,86,86,0,-2.3628654394553767,1,0,1
1789733944812556557,1789733944866805099,0,1,1,1,0,0,-14.814364065299712,-15.328589598827307,1,86,86,0.01855333328649067,-2.3628203336635494,1,0,1
1789733944935499665,1789733944966751723,0,1,1,1,0,0,-14.814364065299712,-15.310036265540816,1,86,86,0.01855333328649067,-2.3628462143611544,1,0,1
1789733945070601869,1789733945166723676,0,1,1,1,0,0,-14.814364065299712,-15.310036265540816,1,86,86,0,-2.3628250962948054,1,0,1
1789733945187886149,1789733945266755566,0,1,1,1,0,0,-14.814364065299712,-15.310036265540816,1,86,86,0,-2.3626431796963967,1,0,1
1789733945310483322,1789733945366735829,0,1,1,1,0,0,-14.814364065299712,-15.310036265540816,1,86,86,0,-2.3629746836964962,1,0,1
1789733945436720176,1789733945466726061,0,1,1,1,0,0,-14.814364065299712,-15.310036265540816,1,86,86,0,-2.3629014725934434,1,0,1
1789733945561756610,1789733945566715806,0,1,1,1,0,0,-14.814364065299712,-15.310036265540816,1,86,86,0,-2.3627760668371711,1,0,1
1789733945686436171,1789733945766734380,0,1,1,1,0,0,-14.814364065299712,-15.310036265540816,1,86,86,0,-2.3630264470942941,1,0,1
1789733945815636985,1789733945866734427,0,1,1,1,0,0,-14.814364065299712,-15.310036265540816,1,86,86,0,-2.3630449619382601,1,0,1
1789733945936625376,1789733945966728030,0,1,1,1,0,0,-14.814364065299712,-15.310036265540816,1,86,86,0,-2.3630209274131264,1,0,1
1789733946077198616,1789733946166720484,0,1,1,1,0,0,-14.814364065299712,-15.310036265540816,1,86,86,0,-2.3630870527056222,1,0,1
1789733946190363515,1789733946266712331,0,1,1,1,0,0,-14.814364065299712,-15.310036265540816,1,86,86,0,-2.3630773697542549,1,0,1
1789733946308281509,1789733946366749683,0,1,1,1,0,0,-14.814364065299712,-15.310036265540816,1,86,86,0,-2.3630719045454311,1,0,1
1789733946435594319,1789733946466739432,0,1,1,1,0,0,-14.814364065299712,-15.310036265540816,1,86,86,0,-2.3631960843360509,1,0,1
1789733946560796308,1789733946566740433,0,1,1,1,0,0,-14.814364065299712,-15.310036265540816,1,86,86,0,-2.3632646527653085,1,0,1
1789733946688781731,1789733946766757109,0,1,1,1,0,0,-14.814364065299712,-15.310036265540816,1,86,86,0,-2.3633148204877981,1,0,1
1789733946817778148,1789733946866725429,0,1,1,1,0,0,-14.814364065299712,-15.328589598827307,1,86,86,0.01855333328649067,-2.3633981634427057,1,0,1
1789733946936443638,1789733946966744793,0,1,1,1,0,0,-14.814364065299712,-15.328589598827307,1,86,86,0,-2.363366843534652,1,0,1
1789733947071646162,1789733947166741814,0,1,1,1,0,0,-14.814364065299712,-15.310036265540816,1,86,86,0.01855333328649067,-2.3633686691285485,1,0,1
1789733947181653018,1789733947266754794,0,1,1,1,0,0,-14.814364065299712,-15.328589598827307,1,86,86,0.01855333328649067,-2.3634443489924006,1,0,1
1789733947312279227,1789733947366740492,0,1,1,1,0,0,-14.814364065299712,-15.328589598827307,1,86,86,0,-2.363462750591113,1,0,1
1789733947437692937,1789733947466790862,0,1,1,1,0,0,-14.814364065299712,-15.310036265540816,1,86,86,0.01855333328649067,-2.3633812758690027,1,0,1
1789733947564551162,1789733947666772250,0,1,1,1,0,0,-14.814364065299712,-15.328589598827307,1,86,86,0.01855333328649067,-2.3633899350533873,1,0,1
1789733947690319075,1789733947766779717,0,1,1,1,0,0,-14.814364065299712,-15.310036265540816,1,86,86,0.01855333328649067,-2.3633304776154409,1,0,1
1789733947812772357,1789733947866767714,0,1,1,1,0,0,-14.814364065299712,-15.328589598827307,1,86,86,0.01855333328649067,-2.3634134601045127,1,0,1
1789733947933691503,1789733947966742315,0,1,1,1,0,0,-14.814364065299712,-15.310036265540816,1,86,86,0.01855333328649067,-2.3633465876192674,1,0,1
1789733948061525214,1789733948066728168,0,1,1,1,0,0,-14.814364065299712,-15.310036265540816,1,86,86,0,-2.3633774201421152,1,0,1
1789733948186251016,1789733948266750359,0,1,1,1,0,0,-14.814364065299712,-15.328589598827307,1,86,86,0.01855333328649067,-2.3632789174061015,1,0,1
1789733948312432602,1789733948366723732,0,1,1,1,0,0,-14.814364065299712,-15.328589598827307,1,86,86,0,-2.3632978328266878,1,0,1
1789733948436524617,1789733948466731417,0,1,1,1,0,0,-14.814364065299712,-15.310036265540816,1,86,86,0.01855333328649067,-2.3632874513032611,1,0,1
1789733948560722276,1789733948566719518,0,1,1,1,0,0,-14.814364065299712,-15.328589598827307,1,86,86,0.01855333328649067,-2.3631987030739943,1,0,1
1789733948686719977,1789733948766757411,0,1,1,1,0,0,-14.814364065299712,-15.328589598827307,1,86,86,0,-2.3632861070801483,1,0,1
1789733948815164895,1789733948866738214,0,1,1,1,0,0,-14.814364065299712,-15.328589598827307,1,86,86,0,-2.3632548987326265,1,0,1
1789733948932155170,1789733948966741865,0,1,1,1,0,0,-14.814364065299712,-15.328589598827307,1,86,86,0,-2.3632516348377308,1,0,1
1789733949072457481,1789733949166736471,0,1,1,1,0,0,-14.814364065299712,-15.310036265540816,1,86,86,0.01855333328649067,-2.3631247805399864,1,0,1
1789733949185610568,1789733949266719277,0,1,1,1,0,0,-14.814364065299712,-15.310036265540816,1,86,86,0,-2.3630579709728097,1,0,1
1789733949311326513,1789733949366718568,0,1,1,1,0,0,-14.814364065299712,-15.328589598827307,1,86,86,0.01855333328649067,-2.3630393417604023,1,0,1
1789733949434669694,1789733949466715206,0,1,1,1,0,0,-14.814364065299712,-15.310036265540816,1,86,86,0.01855333328649067,-2.3631152744031678,1,0,1
1789733949561398744,1789733949566725150,0,1,1,1,0,0,-14.814364065299712,-15.310036265540816,1,86,86,0,-2.3632908501267034,1,0,1
1789733949688271875,1789733949766729196,0,1,1,1,0,0,-14.814364065299712,-15.328589598827307,1,86,86,0.01855333328649067,-2.363342534923222,1,0,1
1789733949812302567,1789733949866741639,0,1,1,1,0,0,-14.814364065299712,-15.328589598827307,1,86,86,0,-2.3633255327528135,1,0,1
1789733949935602883,1789733949966722791,0,1,1,1,0,0,-14.814364065299712,-15.310036265540816,1,86,86,0.01855333328649067,-2.363451459848132,1,0,1
1789733950069350430,1789733950166746062,0,1,1,1,0,0,-14.814364065299712,-15.328589598827307,1,86,86,0.01855333328649067,-2.3634460286741059,1,0,1
1789733950185180495,1789733950266800858,0,1,1,1,0,0,-14.814364065299712,-15.328589598827307,1,86,86,0,-2.363522696291195,1,0,1
1789733950310465164,1789733950366718224,0,1,1,1,0,0,-14.814364065299712,-15.328589598827307,1,86,86,0,-2.363534301590791,1,0,1
1789733950436456544,1789733950466764600,0,1,1,1,0,0,-14.814364065299712,-15.310036265540816,1,86,86,0.01855333328649067,-2.3634957060128423,1,0,1
1789733950561287764,1789733950566721352,0,1,1,1,0,0,-14.814364065299712,-15.310036265540816,1,86,86,0,-2.3634430955377304,1,0,1
1789733950688180037,1789733950766738160,0,1,1,1,0,0,-14.814364065299712,-15.310036265540816,1,86,86,0,-2.3635572280926058,1,0,1
1789733950813397335,1789733950866738469,0,1,1,1,0,0,-14.814364065299712,-15.310036265540816,1,86,86,0,-2.3635402338205398,1,0,1
1789733950940664585,1789733950966734220,0,1,1,1,0,0,-14.814364065299712,-15.310036265540816,1,86,86,0,-2.3636229583807324,1,0,1
1789733951075326017,1789733951166719789,0,1,1,1,0,0,-14.814364065299712,-15.310036265540816,1,86,86,0,-2.3636534982374942,1,0,1
1789733951196451600,1789733951266761160,0,1,1,1,0,0,-14.814364065299712,-15.310036265540816,1,86,86,0,-2.3637726479508485,1,0,1
1789733951316652562,1789733951366724625,0,1,1,1,0,0,-14.814364065299712,-15.310036265540816,1,86,86,0,-2.3637979510820712,1,0,1
1789733951440832437,1789733951466743602,0,1,1,1,0,0,-14.814364065299712,-15.310036265540816,1,86,86,0,-2.3637164728186688,1,0,1
1789733951564401487,1789733951666769922,0,1,1,1,0,0,-14.814364065299712,-15.310036265540816,1,86,86,0,-2.3638468504886441,1,0,1
1789733951685175023,1789733951766765607,0,1,1,1,0,0,-14.814364065299712,-15.310036265540816,1,86,86,0,-2.3639010868655088,1,0,1
1789733951822305106,1789733951866751334,0,1,1,1,0,0,-14.814364065299712,-15.310036265540816,1,86,86,0,-2.3638556740236365,1,0,1
1789733951939506436,1789733951966771153,0,1,1,1,0,0,-14.814364065299712,-15.310036265540816,1,86,86,0,-2.3638098721982743,1,0,1
1789733952083231770,1789733952166775591,0,1,1,1,0,0,-14.814364065299712,-15.310036265540816,1,86,86,0,-2.3638457080227422,1,0,1
1789733952200360248,1789733952266765420,0,1,1,1,0,0,-14.814364065299712,-15.310036265540816,1,86,86,0,-2.3639002287888853,1,0,1
1789733952316246468,1789733952366792542,0,1,1,1,0,0,-14.814364065299712,-15.310036265540816,1,86,86,0,-2.3639333545557211,1,0,1
1789733952437179091,1789733952466773170,0,1,1,1,0,0,-14.814364065299712,-15.310036265540816,1,86,86,0,-2.3639095114912809,1,0,1
1789733952554409792,1789733952566783486,0,1,1,1,0,0,-14.814364065299712,-15.310036265540816,1,86,86,0,-2.3638997620982627,1,0,1
1789733952689679265,1789733952766731197,0,1,1,1,0,0,-14.814364065299712,-15.310036265540816,1,86,86,0,-2.3639943431771675,1,0,1
1789733952818134757,1789733952866741791,0,1,1,1,0,0,-14.814364065299712,-15.310036265540816,1,86,86,0,-2.3639487895753661,1,0,1
1789733952940426816,1789733952966783165,0,1,1,1,0,0,-14.814364065299712,-15.310036265540816,1,86,86,0,-2.3638746503754526,1,0,1
1789733953075108714,1789733953166751677,0,1,1,1,0,0,-14.814364065299712,-15.310036265540816,1,86,86,0,-2.3638192987203039,1,0,1
1789733953187187950,1789733953266739299,0,1,1,1,0,0,-14.814364065299712,-15.310036265540816,1,86,86,0,-2.3638166891461068,1,0,1
1789733953312670058,1789733953366737520,0,1,1,1,0,0,-14.814364065299712,-15.310036265540816,1,86,86,0,-2.363785836133462,1,0,1
1789733953436405434,1789733953466720402,0,1,1,1,0,0,-14.814364065299712,-15.310036265540816,1,86,86,0,-2.3637743841780345,1,0,1
1789733953566915285,1789733953666740873,0,1,1,1,0,0,-14.814364065299712,-15.310036265540816,1,86,86,0,-2.3638403143778954,1,0,1
1789733953694986784,1789733953766783919,0,1,1,1,0,0,-14.814364065299712,-15.310036265540816,1,86,86,0,-2.3637736930661255,1,0,1
1789733953820680785,1789733953866773513,0,1,1,1,0,0,-14.814364065299712,-15.310036265540816,1,86,86,0,-2.3637498652006164,1,0,1
1789733953942260410,1789733953966766122,0,1,1,1,0,0,-14.814364065299712,-15.310036265540816,1,86,86,0,-2.3637112382682326,1,0,1
1789733954084492630,1789733954166784785,0,1,1,1,0,0,-14.814364065299712,-15.310036265540816,1,86,86,0,-2.3637412234022279,1,0,1
1789733954193377521,1789733954266718203,0,1,1,1,0,0,-14.814364065299712,-15.310036265540816,1,86,86,0,-2.3637459472936717,1,0,1
1789733954313425481,1789733954366744962,0,1,1,1,0,0,-14.814364065299712,-15.310036265540816,1,86,86,0,-2.3637715610223671,1,0,1
1789733954436706833,1789733954466779957,0,1,1,1,0,0,-14.814364065299712,-15.310036265540816,1,86,86,0,-2.3638190469065874,1,0,1
1789733954562294885,1789733954566767128,0,1,1,1,0,0,-14.814364065299712,-15.310036265540816,1,86,86,0,-2.3638446757130929,1,0,1
1789733954687584961,1789733954766765356,0,1,1,1,0,0,-14.814364065299712,-15.310036265540816,1,86,86,0,-2.3638680833056678,1,0,1
1789733954815304992,1789733954866770775,0,1,1,1,0,0,-14.814364065299712,-15.310036265540816,1,86,86,0,-2.3638496324653615,1,0,1
1789733954937009543,1789733954966763572,0,1,1,1,0,0,-14.814364065299712,-15.310036265540816,1,86,86,0,-2.3638610494276255,1,0,1
1789733955071137060,1789733955166789331,0,1,1,1,0,0,-14.814364065299712,-15.310036265540816,1,86,86,0,-2.3638773875666659,1,0,1
1789733955191524317,1789733955266746989,0,1,1,1,0,0,-14.814364065299712,-15.310036265540816,1,86,86,0,-2.3639245835553471,1,0,1
1789733955315102350,1789733955366770441,0,1,1,1,0,0,-14.814364065299712,-15.310036265540816,1,86,86,0,-2.3639294264992836,1,0,1
1789733955439842224,1789733955466737047,0,1,1,1,0,0,-14.814364065299712,-15.310036265540816,1,86,86,0,-2.363970051898888,1,0,1
1789733955563300792,1789733955666727853,0,1,1,1,0,0,-14.814364065299712,-15.310036265540816,1,86,86,0,-2.364100505696952,1,0,1
1789733955690555845,1789733955766771694,0,1,1,1,0,0,-14.814364065299712,-15.310036265540816,1,86,86,0,-2.36405513376992,1,0,1
1789733955818129622,1789733955866774423,0,1,1,1,0,0,-14.814364065299712,-15.310036265540816,1,86,86,0,-2.3640807480350126,1,0,1
1789733955936987796,1789733955966765560,0,1,1,1,0,0,-14.814364065299712,-15.310036265540816,1,86,86,0,-2.3641065489932251,1,0,1
1789733956075553696,1789733956166769812,0,1,1,1,0,0,-14.814364065299712,-15.310036265540816,1,86,86,0,-2.3640945309548878,1,0,1
1789733956179424325,1789733956266725688,0,1,1,1,0,0,-14.814364065299712,-15.310036265540816,1,86,86,0,-2.364049015915195,1,0,1
1789733956311548022,1789733956366763442,0,1,1,1,0,0,-14.814364065299712,-15.310036265540816,1,86,86,0,-2.3640732747631721,1,0,1
1789733956437184821,1789733956466769506,0,1,1,1,0,0,-14.814364065299712,-15.310036265540816,1,86,86,0,-2.3641065018830409,1,0,1
1789733956561426569,1789733956566718358,0,1,1,1,0,0,-14.814364065299712,-15.310036265540816,1,86,86,0,-2.3641322861247254,1,0,1
1789733956693355333,1789733956766781958,0,1,1,1,0,0,-14.814364065299712,-15.328589598827307,1,86,86,0.01855333328649067,-2.3641629808323614,1,0,1
1789733956821439542,1789733956866752689,0,1,1,1,0,0,-14.814364065299712,-15.310036265540816,1,86,86,0.01855333328649067,-2.3641816916461109,1,0,1
1789733956943321915,1789733956966811122,0,1,1,1,0,0,-14.814364065299712,-15.310036265540816,1,86,86,0,-2.3640936925796474,1,0,1
1789733957066098324,1789733957166716787,0,1,1,1,0,0,-14.829121989122671,-15.310036265540816,1,86,86,0.014757923822958929,-2.3640458303426866,1,0,1
1789733957192096626,1789733957266782556,0,1,1,1,0,0,-14.829121989122671,-15.310036265540816,1,86,86,0,-2.3639797430382807,1,0,1
1789733957313486522,1789733957366767642,0,1,1,1,0,0,-14.829121989122671,-15.310036265540816,1,86,86,0,-2.3639480780954507,1,0,1
1789733957438617036,1789733957466787740,0,1,1,1,0,0,-14.814364065299712,-15.328589598827307,1,86,86,0.023707013553036609,-2.3639957051806171,1,0,1
1789733957561411381,1789733957566758873,0,1,1,1,0,0,-14.814364065299712,-15.310036265540816,1,86,86,0.01855333328649067,-2.3639288125311739,1,0,1
1789733957688549865,1789733957766784385,0,1,1,1,0,0,-14.829121989122671,-15.310036265540816,1,86,86,0.014757923822958929,-2.364002505664704,1,0,1
1789733957816213128,1789733957866776626,0,1,1,1,0,0,-14.814364065299712,-15.310036265540816,1,86,86,0.014757923822958929,-2.3639412817055292,1,0,1
1789733957934179166,1789733957966766838,0,1,1,1,0,0,-14.814364065299712,-15.310036265540816,1,86,86,0,-2.3639172971577485,1,0,1
1789733958078311261,1789733958173772730,0,1,1,1,0,0,-14.814364065299712,-15.310036265540816,1,86,86,0,-2.3639763451223148,1,0,1
1789733958192432896,1789733958266772859,0,1,1,1,0,0,-14.814364065299712,-15.310036265540816,1,86,86,0,-2.3639947136056123,1,0,1
1789733958313181609,1789733958366770991,0,1,1,1,0,0,-14.814364065299712,-15.310036265540816,1,86,86,0,-2.3639205430394212,1,0,1
1789733958437537133,1789733958466774780,0,1,1,1,0,0,-14.814364065299712,-15.310036265540816,1,86,86,0,-2.3638894514014552,1,0,1
1789733958565526069,1789733958666723018,0,1,1,1,0,0,-14.814364065299712,-15.310036265540816,1,86,86,0,-2.3638983215426039,1,0,1
1789733958695085823,1789733958766770233,0,1,1,1,0,0,-14.814364065299712,-15.310036265540816,1,86,86,0,-2.3639460578454758,1,0,1
1789733958819270581,1789733958866729150,0,1,1,1,0,0,-14.814364065299712,-15.328589598827307,1,86,86,0.01855333328649067,-2.3638790292116578,1,0,1
1789733958936958204,1789733958966722479,0,1,1,1,0,0,-14.814364065299712,-15.328589598827307,1,86,86,0,-2.363862307060753,1,0,1
1789733959073162212,1789733959166714550,0,1,1,1,0,0,-14.814364065299712,-15.328589598827307,1,86,86,0,-2.3638428863384564,1,0,1
1789733959189378605,1789733959266770540,0,1,1,1,0,0,-14.814364065299712,-15.328589598827307,1,86,86,0,-2.3638827600531251,1,0,1
1789733959316232261,1789733959366776505,0,1,1,1,0,0,-14.814364065299712,-15.328589598827307,1,86,86,0,-2.3637639634757535,1,0,1
1789733959442268007,1789733959466738894,0,1,1,1,0,0,-14.814364065299712,-15.328589598827307,1,86,86,0,-2.3637759802442386,1,0,1
1789733959567344145,1789733959666773740,0,1,1,1,0,0,-14.814364065299712,-15.328589598827307,1,86,86,0,-2.3639489532432245,1,0,1
1789733959694208398,1789733959766738947,0,1,1,1,0,0,-14.814364065299712,-15.328589598827307,1,86,86,0,-2.3638891254678467,1,0,1
1789733959817365249,1789733959866742274,0,1,1,1,0,0,-14.814364065299712,-15.328589598827307,1,86,86,0,-2.3638716315131045,1,0,1
1789733959942216571,1789733959966782785,0,1,1,1,0,0,-14.814364065299712,-15.328589598827307,1,86,86,0,-2.3638256769070196,1,0,1
1789733960084453332,1789733960166780712,0,1,1,1,0,0,-14.814364065299712,-15.328589598827307,1,86,86,0,-2.3639477235595758,1,0,1
1789733960195248635,1789733960266770122,0,1,1,1,0,0,-14.814364065299712,-15.328589598827307,1,86,86,0,-2.363944439506648,1,0,1
1789733960320299498,1789733960366777914,0,1,1,1,0,0,-14.814364065299712,-15.328589598827307,1,86,86,0,-2.3639480558557322,1,0,1
1789733960442389694,1789733960466782011,0,1,1,1,0,0,-14.814364065299712,-15.328589598827307,1,86,86,0,-2.3639015496338098,1,0,1
1789733960564270858,1789733960666779980,0,1,1,1,0,0,-14.814364065299712,-15.310036265540816,1,86,86,0.01855333328649067,-2.3638071862529038,1,0,1
1789733960684202789,1789733960766755867,0,1,1,1,0,0,-14.814364065299712,-15.328589598827307,1,86,86,0.01855333328649067,-2.3638398247681351,1,0,1
1789733960819300171,1789733960866776628,0,1,1,1,0,0,-14.814364065299712,-15.328589598827307,1,86,86,0,-2.3637650793234739,1,0,1
1789733960944497150,1789733960966780433,0,1,1,1,0,0,-14.814364065299712,-15.310036265540816,1,86,86,0.01855333328649067,-2.3637683563921068,1,0,1
1789733961081533636,1789733961166766716,0,1,1,1,0,0,-14.814364065299712,-15.328589598827307,1,86,86,0.01855333328649067,-2.3638463525743258,1,0,1
1789733961190565563,1789733961266718474,0,1,1,1,0,0,-14.814364065299712,-15.328589598827307,1,86,86,0,-2.3638857217996789,1,0,1
1789733961312332336,1789733961366766809,0,1,1,1,0,0,-14.814364065299712,-15.310036265540816,1,86,86,0.01855333328649067,-2.3638100911957918,1,0,1
1789733961437315224,1789733961466768649,0,1,1,1,0,0,-14.814364065299712,-15.328589598827307,1,86,86,0.01855333328649067,-2.3637421084466528,1,0,1
1789733961554116902,1789733961566720654,0,1,1,1,0,0,-14.814364065299712,-15.310036265540816,1,86,86,0.01855333328649067,-2.3637735946345626,1,0,1
1789733961688607573,1789733961766713370,0,1,1,1,0,0,-14.814364065299712,-15.328589598827307,1,86,86,0.01855333328649067,-2.3637863838983026,1,0,1
1789733961816278016,1789733961866772604,0,1,1,1,0,0,-14.814364065299712,-15.310036265540816,1,86,86,0.01855333328649067,-2.3636974102844723,1,0,1
1789733961936457468,1789733961966739922,0,1,1,1,0,0,-14.814364065299712,-15.328589598827307,1,86,86,0.01855333328649067,-2.3637000752043322,1,0,1
1789733962074536137,1789733962166774737,0,1,1,1,0,0,-14.814364065299712,-15.328589598827307,1,86,86,0,-2.363632519538267,1,0,1
1789733962186483473,1789733962266727507,0,1,1,1,0,0,-14.814364065299712,-15.328589598827307,1,86,86,0,-2.3636282071882437,1,0,1
1789733962313226786,1789733962366741543,0,1,1,1,0,0,-14.814364065299712,-15.310036265540816,1,86,86,0.01855333328649067,-2.3636593317932149,1,0,1
1789733962433217821,1789733962466770313,0,1,1,1,0,0,-14.814364065299712,-15.328589598827307,1,86,86,0.01855333328649067,-2.3636550463245767,1,0,1
1789733962561390329,1789733962566772267,0,1,1,1,0,0,-14.814364065299712,-15.328589598827307,1,86,86,0,-2.3636930943762078,1,0,1
1789733962688355872,1789733962766767312,0,1,1,1,0,0,-14.814364065299712,-15.328589598827307,1,86,86,0,-2.3637332710405641,1,0,1
1789733962815138705,1789733962866772445,0,1,1,1,0,0,-14.814364065299712,-15.328589598827307,1,86,86,0,-2.3636504634419815,1,0,1
1789733962935318413,1789733962966765625,0,1,1,1,0,0,-14.814364065299712,-15.310036265540816,1,86,86,0.01855333328649067,-2.3636384498834691,1,0,1
1789733963070452609,1789733963166772980,0,1,1,1,0,0,-14.814364065299712,-15.328589598827307,1,86,86,0.01855333328649067,-2.3636646544451141,1,0,1
1789733963189382021,1789733963266751304,0,1,1,1,0,0,-14.814364065299712,-15.328589598827307,1,86,86,0,-2.3637095212172974,1,0,1
1789733963314100286,1789733963366745924,0,1,1,1,0,0,-14.814364065299712,-15.328589598827307,1,86,86,0,-2.3636269453346865,1,0,1
1789733963440351143,1789733963466782372,0,1,1,1,0,0,-14.814364065299712,-15.328589598827307,1,86,86,0,-2.3635582956968682,1,0,1
1789733963564551391,1789733963666780895,0,1,1,1,0,0,-14.814364065299712,-15.328589598827307,1,86,86,0,-2.3636033030201977,1,0,1
1789733963693272350,1789733963766781179,0,1,1,1,0,0,-14.814364065299712,-15.328589598827307,1,86,86,0,-2.3635771833761408,1,0,1
1789733963821303924,1789733963866773505,0,1,1,1,0,0,-14.814364065299712,-15.328589598827307,1,86,86,0,-2.3635938319488909,1,0,1
1789733963943313218,1789733963966736161,0,1,1,1,0,0,-14.814364065299712,-15.328589598827307,1,86,86,0,-2.3635533088706935,1,0,1
1789733964085998644,1789733964166776734,0,1,1,1,0,0,-14.814364065299712,-15.328589598827307,1,86,86,0,-2.3635505095958727,1,0,1
1789733964193251320,1789733964266776355,0,1,1,1,0,0,-14.814364065299712,-15.328589598827307,1,86,86,0,-2.3636095799958006,1,0,1
1789733964314331245,1789733964366774429,0,1,1,1,0,0,-14.814364065299712,-15.328589598827307,1,86,86,0,-2.3635618259409643,1,0,1
1789733964443506556,1789733964466775098,0,1,1,1,0,0,-14.814364065299712,-15.328589598827307,1,86,86,0,-2.3635354499362564,1,0,1
1789733964567290597,1789733964666782344,0,1,1,1,0,0,-14.814364065299712,-15.328589598827307,1,86,86,0,-2.3635385381679077,1,0,1
1789733964694442729,1789733964766723227,0,1,1,1,0,0,-14.814364065299712,-15.328589598827307,1,86,86,0,-2.3636117984810765,1,0,1
1789733964817521920,1789733964866788009,0,1,1,1,0,0,-14.814364065299712,-15.328589598827307,1,86,86,0,-2.3635846206431963,1,0,1
1789733964937074419,1789733964966776326,0,1,1,1,0,0,-14.814364065299712,-15.328589598827307,1,86,86,0,-2.3635151446267737,1,0,1
1789733965070195227,1789733965166789818,0,1,1,1,0,0,-14.814364065299712,-15.328589598827307,1,86,86,0,-2.3635812562879051,1,0,1
1789733965178445925,1789733965266788960,0,1,1,1,0,0,-14.814364065299712,-15.328589598827307,1,86,86,0,-2.3635402515445656,1,0,1
1789733965311462749,1789733965366734932,0,1,1,1,0,0,-14.814364065299712,-15.328589598827307,1,86,86,0,-2.3635634190333836,1,0,1
1789733965436049838,1789733965466728782,0,1,1,1,0,0,-14.814364065299712,-15.328589598827307,1,86,86,0,-2.3635360683050499,1,0,1
1789733965564453122,1789733965666758041,0,1,1,1,0,0,-14.814364065299712,-15.328589598827307,1,86,86,0,-2.3635893333019973,1,0,1
1789733965691508818,1789733965766777084,0,1,1,1,0,0,-14.814364065299712,-15.328589598827307,1,86,86,0,-2.3635549707879013,1,0,1
1789733965817333968,1789733965866775539,0,1,1,1,0,0,-14.814364065299712,-15.328589598827307,1,86,86,0,-2.3636206086700016,1,0,1
1789733965938236543,1789733965966714893,0,1,1,1,0,0,-14.814364065299712,-15.328589598827307,1,86,86,0,-2.3636220615866881,1,0,1
1789733966064421773,1789733966166769008,0,1,1,1,0,0,-14.814364065299712,-15.328589598827307,1,86,86,0,-2.3635538381753634,1,0,1
1789733966189341473,1789733966266762908,0,1,1,1,0,0,-14.814364065299712,-15.310036265540816,1,86,86,0.01855333328649067,-2.3635334251020099,1,0,1
1789733966315178698,1789733966366773992,0,1,1,1,0,0,-14.814364065299712,-15.328589598827307,1,86,86,0.01855333328649067,-2.3634635015378649,1,0,1
1789733966438483108,1789733966466787193,0,1,1,1,0,0,-14.814364065299712,-15.328589598827307,1,86,86,0,-2.3634362993711493,1,0,1
1789733966562622482,1789733966666718017,0,1,1,1,0,0,-14.814364065299712,-15.328589598827307,1,86,86,0,-2.3634231937780079,1,0,1
1789733966688982626,1789733966766767349,0,1,1,1,0,0,-14.814364065299712,-15.328589598827307,1,86,86,0,-2.3634028855309017,1,0,1
1789733966816597930,1789733966866793672,0,1,1,1,0,0,-14.814364065299712,-15.328589598827307,1,86,86,0,-2.3633685744926143,1,0,1
1789733966933249785,1789733966966785514,0,1,1,1,0,0,-14.814364065299712,-15.328589598827307,1,86,86,0,-2.3633129028630533,1,0,1
1789733967074346507,1789733967166739442,0,1,1,1,0,0,-14.814364065299712,-15.328589598827307,1,86,86,0,-2.3634364809981721,1,0,1
1789733967188406347,1789733967266730968,0,1,1,1,0,0,-14.814364065299712,-15.328589598827307,1,86,86,0,-2.3635235423957757,1,0,1
1789733967313330374,1789733967366729672,0,1,1,1,0,0,-14.814364065299712,-15.328589598827307,1,86,86,0,-2.3635181318087009,1,0,1
1789733967438801819,1789733967466781558,0,1,1,1,0,0,-14.814364065299712,-15.328589598827307,1,86,86,0,-2.36349853094733,1,0,1
1789733967560431551,1789733967566796975,0,1,1,1,0,0,-14.814364065299712,-15.328589598827307,1,86,86,0,-2.363506793985525,1,0,1
1789733967689078465,1789733967766780679,0,1,1,1,0,0,-14.814364065299712,-15.310036265540816,1,86,86,0.01855333328649067,-2.3634374037089745,1,0,1
1789733967813176234,1789733967866780717,0,1,1,1,0,0,-14.814364065299712,-15.328589598827307,1,86,86,0.01855333328649067,-2.3633233053882332,1,0,1
1789733967936347646,1789733967966748482,0,1,1,1,0,0,-14.814364065299712,-15.328589598827307,1,86,86,0,-2.3633098188905435,1,0,1
1789733968073109006,1789733968166783433,0,1,1,1,0,0,-14.814364065299712,-15.328589598827307,1,86,86,0,-2.3632331778241977,1,0,1
1789733968187213612,1789733968266782892,0,1,1,1,0,0,-14.814364065299712,-15.328589598827307,1,86,86,0,-2.3632488403093701,1,0,1
1789733968314808536,1789733968366782587,0,1,1,1,0,0,-14.814364065299712,-15.328589598827307,1,86,86,0,-2.3632006258544975,1,0,1
1789733968442173342,1789733968466733730,0,1,1,1,0,0,-14.814364065299712,-15.328589598827307,1,86,86,0,-2.3631591693162317,1,0,1
1789733968564837620,1789733968666785346,0,1,1,1,0,0,-14.814364065299712,-15.328589598827307,1,86,86,0,-2.3632834748495162,1,0,1
1789733968690387052,1789733968766735873,0,1,1,1,0,0,-14.814364065299712,-15.328589598827307,1,86,86,0,-2.3633350764268282,1,0,1
1789733968813642077,1789733968866746350,0,1,1,1,0,0,-14.814364065299712,-15.328589598827307,1,86,86,0,-2.3633295256734703,1,0,1
1789733968937363800,1789733968966719068,0,1,1,1,0,0,-14.814364065299712,-15.328589598827307,1,86,86,0,-2.3633308783013156,1,0,1
1789733969075455466,1789733969166770087,0,1,1,1,0,0,-14.814364065299712,-15.328589598827307,1,86,86,0,-2.3634177518062307,1,0,1
1789733969195338011,1789733969266724950,0,1,1,1,0,0,-14.814364065299712,-15.328589598827307,1,86,86,0,-2.3633906855538056,1,0,1
1789733969317407015,1789733969366778164,0,1,1,1,0,0,-14.814364065299712,-15.328589598827307,1,86,86,0,-2.3633565961819345,1,0,1
1789733969438481397,1789733969466789393,0,1,1,1,0,0,-14.814364065299712,-15.328589598827307,1,86,86,0,-2.3634365701883207,1,0,1
1789733969562506555,1789733969566767153,0,1,1,1,0,0,-14.814364065299712,-15.328589598827307,1,86,86,0,-2.3634236735370315,1,0,1
1789733969685442724,1789733969766782968,0,1,1,1,0,0,-14.814364065299712,-15.328589598827307,1,86,86,0,-2.3634483341148176,1,0,1
1789733969817067055,1789733969866717587,0,1,1,1,0,0,-14.814364065299712,-15.328589598827307,1,86,86,0,-2.3634573945442567,1,0,1
1789733969939377087,1789733969966769378,0,1,1,1,0,0,-14.814364065299712,-15.328589598827307,1,86,86,0,-2.3634663201513342,1,0,1
1789733970084028792,1789733970166782239,0,1,1,1,0,0,-14.814364065299712,-15.328589598827307,1,86,86,0,-2.3633986087092551,1,0,1
1789733970191001643,1789733970266779739,0,1,1,1,0,0,-14.814364065299712,-15.328589598827307,1,86,86,0,-2.3634289432764573,1,0,1
1789733970314724022,1789733970366718031,0,1,1,1,0,0,-14.814364065299712,-15.328589598827307,1,86,86,0,-2.3634237999524172,1,0,1
1789733970441287534,1789733970466778610,0,1,1,1,0,0,-14.814364065299712,-15.328589598827307,1,86,86,0,-2.3634112002525738,1,0,1
1789733970557611438,1789733970566775479,0,1,1,1,0,0,-14.814364065299712,-15.328589598827307,1,86,86,0,-2.3634042674347921,1,0,1
1789733970693175772,1789733970766770204,0,1,1,1,0,0,-14.814364065299712,-15.328589598827307,1,86,86,0,-2.3633799648116312,1,0,1
1789733970819069309,1789733970866777548,0,1,1,1,0,0,-14.814364065299712,-15.328589598827307,1,86,86,0,-2.3633179932649866,1,0,1
1789733970940276086,1789733970966766749,0,1,1,1,0,0,-14.814364065299712,-15.328589598827307,1,86,86,0,-2.3633486447305119,1,0,1
1789733971074371141,1789733971166770908,0,1,1,1,0,0,-14.814364065299712,-15.328589598827307,1,86,86,0,-2.3633320840182876,1,0,1
1789733971189502882,1789733971266769037,0,1,1,1,0,0,-14.814364065299712,-15.328589598827307,1,86,86,0,-2.3633912687123182,1,0,1
1789733971316703898,1789733971366744885,0,1,1,1,0,0,-14.814364065299712,-15.328589598827307,1,86,86,0,-2.3634077857110629,1,0,1
1789733971435235958,1789733971466733155,0,1,1,1,0,0,-14.814364065299712,-15.328589598827307,1,86,86,0,-2.3634104594544567,1,0,1
1789733971567433568,1789733971666744000,0,1,1,1,0,0,-14.814364065299712,-15.328589598827307,1,86,86,0,-2.3634506686165571,1,0,1
1789733971694282921,1789733971766766404,0,1,1,1,0,0,-14.814364065299712,-15.328589598827307,1,86,86,0,-2.3633822106663955,1,0,1
1789733971818224053,1789733971866781638,0,1,1,1,0,0,-14.814364065299712,-15.328589598827307,1,86,86,0,-2.3634277033257591,1,0,1
1789733971937435400,1789733971966749713,0,1,1,1,0,0,-14.814364065299712,-15.328589598827307,1,86,86,0,-2.3634803128626065,1,0,1
1789733972077920021,1789733972166726529,0,1,1,1,0,0,-14.814364065299712,-15.328589598827307,1,86,86,0,-2.3636058061972007,1,0,1
1789733972196883509,1789733972266772490,0,1,1,1,0,0,-14.814364065299712,-15.328589598827307,1,86,86,0,-2.3636302329463361,1,0,1
1789733972312976653,1789733972366768383,0,1,1,1,0,0,-14.814364065299712,-15.328589598827307,1,86,86,0,-2.3636396190351321,1,0,1
1789733972439312446,1789733972466770075,0,1,1,1,0,0,-14.814364065299712,-15.328589598827307,1,86,86,0,-2.3637207665126825,1,0,1
1789733972563433681,1789733972666777838,0,1,1,1,0,0,-14.814364065299712,-15.328589598827307,1,86,86,0,-2.3639119549003427,1,0,1
1789733972690110795,1789733972766768597,0,1,1,1,0,0,-14.814364065299712,-15.328589598827307,1,86,86,0,-2.3638932354602091,1,0,1
1789733972817429384,1789733972866775259,0,1,1,1,0,0,-14.814364065299712,-15.328589598827307,1,86,86,0,-2.3639392119543485,1,0,1
1789733972939576916,1789733972966775073,0,1,1,1,0,0,-14.814364065299712,-15.328589598827307,1,86,86,0,-2.3638850842108816,1,0,1
1789733973078044327,1789733973166785663,0,1,1,1,0,0,-14.814364065299712,-15.328589598827307,1,86,86,0,-2.3638479677582445,1,0,1
1789733973197598317,1789733973266737978,0,1,1,1,0,0,-14.814364065299712,-15.328589598827307,1,86,86,0,-2.3637725876025732,1,0,1
1789733973314287756,1789733973366788531,0,1,1,1,0,0,-14.814364065299712,-15.328589598827307,1,86,86,0,-2.3637330338028146,1,0,1
1789733973438579453,1789733973466766569,0,1,1,1,0,0,-14.814364065299712,-15.328589598827307,1,86,86,0,-2.3637004706472444,1,0,1
1789733973567202079,1789733973666748216,0,1,1,1,0,0,-14.814364065299712,-15.328589598827307,1,86,86,0,-2.3637195196478373,1,0,1
1789733973697511646,1789733973766758265,0,1,1,1,0,0,-14.814364065299712,-15.328589598827307,1,86,86,0,-2.3637944246889648,1,0,1
1789733973822163158,1789733973866786816,0,1,1,1,0,0,-14.814364065299712,-15.328589598827307,1,86,86,0,-2.3637977715621736,1,0,1
1789733973941415958,1789733973966771438,0,1,1,1,0,0,-14.814364065299712,-15.328589598827307,1,86,86,0,-2.3639580896497532,1,0,1
1789733974082071435,1789733974166766435,0,1,1,1,0,0,-14.814364065299712,-15.328589598827307,1,86,86,0,-2.3639360968879997,1,0,1
1789733974192098925,1789733974266731861,0,1,1,1,0,0,-14.814364065299712,-15.328589598827307,1,86,86,0,-2.3639033363093898,1,0,1
1789733974316921289,1789733974366771420,0,1,1,1,0,0,-14.814364065299712,-15.328589598827307,1,86,86,0,-2.3638780422216996,1,0,1
1789733974442854438,1789733974466738719,0,1,1,1,0,0,-14.814364065299712,-15.328589598827307,1,86,86,0,-2.3639739695872892,1,0,1
1789733974567333011,1789733974666775282,0,1,1,1,0,0,-14.814364065299712,-15.328589598827307,1,86,86,0,-2.3638805091930597,1,0,1
1789733974693567701,1789733974766740554,0,1,1,1,0,0,-14.814364065299712,-15.328589598827307,1,86,86,0,-2.363919544807211,1,0,1
1789733974819317281,1789733974866747850,0,1,1,1,0,0,-14.814364065299712,-15.328589598827307,1,86,86,0,-2.3639280543501933,1,0,1
1789733974942164426,1789733974966772098,0,1,1,1,0,0,-14.814364065299712,-15.328589598827307,1,86,86,0,-2.3639884519457617,1,0,1
1789733975066913078,1789733975166736710,0,1,1,1,0,0,-14.814364065299712,-15.328589598827307,1,86,86,0,-2.3639239786311226,1,0,1
1789733975193334596,1789733975266767866,0,1,1,1,0,0,-14.814364065299712,-15.310036265540816,1,86,86,0.01855333328649067,-2.3639129435055586,1,0,1
1789733975317819382,1789733975366772123,0,1,1,1,0,0,-14.814364065299712,-15.328589598827307,1,86,86,0.01855333328649067,-2.3639377986224086,1,0,1
1789733975442130110,1789733975466772465,0,1,1,1,0,0,-14.814364065299712,-15.328589598827307,1,86,86,0,-2.3639049109517889,1,0,1
1789733975564831997,1789733975666750277,0,1,1,1,0,0,-14.814364065299712,-15.328589598827307,1,86,86,0,-2.3638335851484356,1,0,1
1789733975690026376,1789733975766770344,0,1,1,1,0,0,-14.814364065299712,-15.328589598827307,1,86,86,0,-2.3638651660600543,1,0,1
1789733975821357239,1789733975866766705,0,1,1,1,0,0,-14.814364065299712,-15.328589598827307,1,86,86,0,-2.3638756027212997,1,0,1
1789733975935887956,1789733975966767582,0,1,1,1,0,0,-14.814364065299712,-15.328589598827307,1,86,86,0,-2.3639144020864813,1,0,1
1789733976083016800,1789733976166770688,0,1,1,1,0,0,-14.814364065299712,-15.328589598827307,1,86,86,0,-2.3639268847180674,1,0,1
1789733976196249317,1789733976266769168,0,1,1,1,0,0,-14.814364065299712,-15.328589598827307,1,86,86,0,-2.3638804537025089,1,0,1
1789733976314246942,1789733976366753221,0,1,1,1,0,0,-14.814364065299712,-15.328589598827307,1,86,86,0,-2.3638485869612773,1,0,1
1789733976438343983,1789733976466788897,0,1,1,1,0,0,-14.814364065299712,-15.328589598827307,1,86,86,0,-2.3638453507026487,1,0,1
1789733976564196929,1789733976666738148,0,1,1,1,0,0,-14.814364065299712,-15.328589598827307,1,86,86,0,-2.3638662722462778,1,0,1
1789733976691392747,1789733976766773131,0,1,1,1,0,0,-14.814364065299712,-15.328589598827307,1,86,86,0,-2.3638550028144825,1,0,1
1789733976815114110,1789733976866737438,0,1,1,1,0,0,-14.814364065299712,-15.328589598827307,1,86,86,0,-2.3638801077745835,1,0,1
1789733976937918849,1789733976966780583,0,1,1,1,0,0,-14.814364065299712,-15.328589598827307,1,86,86,0,-2.3639549257661949,1,0,1
1789733977072044774,1789733977166771721,0,1,1,1,0,0,-14.814364065299712,-15.328589598827307,1,86,86,0,-2.363969240154606,1,0,1
1789733977190279596,1789733977266768058,0,1,1,1,0,0,-14.814364065299712,-15.328589598827307,1,86,86,0,-2.3639943839281301,1,0,1
1789733977315930540,1789733977366767162,0,1,1,1,0,0,-14.814364065299712,-15.328589598827307,1,86,86,0,-2.3640485489756333,1,0,1
1789733977441141135,1789733977466773013,0,1,1,1,0,0,-14.814364065299712,-15.328589598827307,1,86,86,0,-2.3641091022465561,1,0,1
1789733977565954262,1789733977666768025,0,1,1,1,0,0,-14.814364065299712,-15.310036265540816,1,86,86,0.01855333328649067,-2.3640294342247925,1,0,1
1789733977691353869,1789733977766733197,0,1,1,1,0,0,-14.814364065299712,-15.310036265540816,1,86,86,0,-2.3641114295447681,1,0,1
1789733977814174932,1789733977866767860,0,1,1,1,0,0,-14.814364065299712,-15.310036265540816,1,86,86,0,-2.3641647634441205,1,0,1
1789733977938102301,1789733977966731591,0,1,1,1,0,0,-14.814364065299712,-15.328589598827307,1,86,86,0.01855333328649067,-2.3641823388298029,1,0,1
1789733978077917010,1789733978166784604,0,1,1,1,0,0,-14.814364065299712,-15.328589598827307,1,86,86,0,-2.3640812984859445,1,0,1
1789733978197835880,1789733978266782990,0,1,1,1,0,0,-14.814364065299712,-15.328589598827307,1,86,86,0,-2.3640336965748365,1,0,1
1789733978319061422,1789733978366773243,0,1,1,1,0,0,-14.814364065299712,-15.328589598827307,1,86,86,0,-2.3641218025259549,1,0,1
1789733978443344841,1789733978466778462,0,1,1,1,0,0,-14.814364065299712,-15.328589598827307,1,86,86,0,-2.3641523536161162,1,0,1
1789733978567902903,1789733978666768962,0,1,1,1,0,0,-14.814364065299712,-15.328589598827307,1,86,86,0,-2.3641776553460385,1,0,1
1789733978685389838,1789733978766768639,0,1,1,1,0,0,-14.814364065299712,-15.328589598827307,1,86,86,0,-2.3640941074736115,1,0,1
1789733978821113263,1789733978866766554,0,1,1,1,0,0,-14.814364065299712,-15.328589598827307,1,86,86,0,-2.3640529294083681,1,0,1
1789733978941072408,1789733978966764074,0,1,1,1,0,0,-14.814364065299712,-15.328589598827307,1,86,86,0,-2.3640886013192008,1,0,1
1789733979074968235,1789733979166760019,0,1,1,1,0,0,-14.814364065299712,-15.328589598827307,1,86,86,0,-2.364162867481423,1,0,1
1789733979188997003,1789733979266713622,0,1,1,1,0,0,-14.814364065299712,-15.328589598827307,1,86,86,0,-2.364106301150493,1,0,1
1789733979314519582,1789733979366766010,0,1,1,1,0,0,-14.814364065299712,-15.328589598827307,1,86,86,0,-2.3641637641435782,1,0,1
1789733979438316376,1789733979466765365,0,1,1,1,0,0,-14.814364065299712,-15.328589598827307,1,86,86,0,-2.3642003124789324,1,0,1
1789733979555876841,1789733979566781067,0,1,1,1,0,0,-14.814364065299712,-15.328589598827307,1,86,86,0,-2.3641791105648267,1,0,1
1789733979692145344,1789733979766772851,0,1,1,1,0,0,-14.814364065299712,-15.328589598827307,1,86,86,0,-2.364136843273819,1,0,1
1789733979821352961,1789733979866787298,0,1,1,1,0,0,-14.814364065299712,-15.328589598827307,1,86,86,0,-2.3641867142186173,1,0,1
1789733979938058391,1789733979966740134,0,1,1,1,0,0,-14.814364065299712,-15.328589598827307,1,86,86,0,-2.3641868565295692,1,0,1
1789733980077106694,1789733980166774780,0,1,1,1,0,0,-14.814364065299712,-15.328589598827307,1,86,86,0,-2.3640647703090001,1,0,1
1789733980201821063,1789733980266769308,0,1,1,1,0,0,-14.814364065299712,-15.328589598827307,1,86,86,0,-2.3640986903206618,1,0,1
1789733980321301229,1789733980366741535,0,1,1,1,0,0,-14.814364065299712,-15.328589598827307,1,86,86,0,-2.3641192795361006,1,0,1
1789733980439244422,1789733980466770038,0,1,1,1,0,0,-14.814364065299712,-15.328589598827307,1,86,86,0,-2.3640618186158386,1,0,1
1789733980570921190,1789733980666773226,0,1,1,1,0,0,-14.814364065299712,-15.328589598827307,1,86,86,0,-2.36414557065127,1,0,1
1789733980696938749,1789733980766749195,0,1,1,1,0,0,-14.814364065299712,-15.328589598827307,1,86,86,0,-2.3641307770388376,1,0,1
1789733980824742366,1789733980866780748,0,1,1,1,0,0,-14.814364065299712,-15.328589598827307,1,86,86,0,-2.3641511496768541,1,0,1
1789733980944554903,1789733980966749524,0,1,1,1,0,0,-14.814364065299712,-15.328589598827307,1,86,86,0,-2.364049885720533,1,0,1
1789733981080980896,1789733981166719650,0,1,1,1,0,0,-14.814364065299712,-15.328589598827307,1,86,86,0,-2.3638040161877663,1,0,1
1789733981199121557,1789733981266769268,0,1,1,1,0,0,-14.814364065299712,-15.328589598827307,1,86,86,0,-2.3639018891486159,1,0,1
1789733981313030998,1789733981366723804,0,1,1,1,0,0,-14.814364065299712,-15.328589598827307,1,86,86,0,-2.3639285589137735,1,0,1
1789733981440067011,1789733981466746170,0,1,1,1,0,0,-14.814364065299712,-15.328589598827307,1,86,86,0,-2.3639835480025631,1,0,1
1789733981564381790,1789733981666773287,0,1,1,1,0,0,-14.814364065299712,-15.328589598827307,1,86,86,0,-2.3640485822187416,1,0,1
1789733981688495943,1789733981766740840,0,1,1,1,0,0,-14.814364065299712,-15.328589598827307,1,86,86,0,-2.3640389596256592,1,0,1
1789733981824625914,1789733981866773996,0,1,1,1,0,0,-14.814364065299712,-15.328589598827307,1,86,86,0,-2.3640152872708238,1,0,1
1789733981944680094,1789733981966771066,0,1,1,1,0,0,-14.814364065299712,-15.328589598827307,1,86,86,0,-2.3639554856159051,1,0,1
1789733982087958017,1789733982166769877,0,1,1,1,0,0,-14.814364065299712,-15.310036265540816,1,86,86,0.01855333328649067,-2.3639359701452203,1,0,1
1789733982198028012,1789733982266776451,0,1,1,1,0,0,-14.814364065299712,-15.328589598827307,1,86,86,0.01855333328649067,-2.3639191111642637,1,0,1
1789733982314075900,1789733982366769576,0,1,1,1,0,0,-14.814364065299712,-15.328589598827307,1,86,86,0,-2.3638806594854525,1,0,1
1789733982438022885,1789733982466745319,0,1,1,1,0,0,-14.814364065299712,-15.328589598827307,1,86,86,0,-2.3638490032954778,1,0,1
1789733982563035539,1789733982666805513,0,1,1,1,0,0,-14.814364065299712,-15.328589598827307,1,86,86,0,-2.3638284183180898,1,0,1
1789733982692189296,1789733982766808214,0,1,1,1,0,0,-14.814364065299712,-15.328589598827307,1,86,86,0,-2.3638823474972122,1,0,1
1789733982817841316,1789733982866779784,0,1,1,1,0,0,-14.814364065299712,-15.328589598827307,1,86,86,0,-2.3639216138433401,1,0,1
1789733982938250695,1789733982966782965,0,1,1,1,0,0,-14.814364065299712,-15.328589598827307,1,86,86,0,-2.3639327485234092,1,0,1
1789733983074921951,1789733983166776501,0,1,1,1,0,0,-14.814364065299712,-15.328589598827307,1,86,86,0,-2.3638103059510631,1,0,1
1789733983186802438,1789733983266744097,0,1,1,1,0,0,-14.814364065299712,-15.328589598827307,1,86,86,0,-2.3639208068268509,1,0,1
1789733983320062423,1789733983366802383,0,1,1,1,0,0,-14.814364065299712,-15.328589598827307,1,86,86,0,-2.3638528260515215,1,0,1
1789733983441792196,1789733983466793457,0,1,1,1,0,0,-14.814364065299712,-15.328589598827307,1,86,86,0,-2.3639849709176688,1,0,1
1789733983567972087,1789733983666798359,0,1,1,1,0,0,-14.814364065299712,-15.328589598827307,1,86,86,0,-2.3640413565263576,1,0,1
1789733983696000455,1789733983766772239,0,1,1,1,0,0,-14.814364065299712,-15.328589598827307,1,86,86,0,-2.3641088808819024,1,0,1
1789733983822267079,1789733983866772402,0,1,1,1,0,0,-14.814364065299712,-15.328589598827307,1,86,86,0,-2.3641763234916353,1,0,1
1789733983943017467,1789733983966751974,0,1,1,1,0,0,-14.814364065299712,-15.310036265540816,1,86,86,0.01855333328649067,-2.3641007986772959,1,0,1
1789733984073904687,1789733984166767513,0,1,1,1,0,0,-14.814364065299712,-15.328589598827307,1,86,86,0.01855333328649067,-2.3640710293265306,1,0,1
1789733984200133702,1789733984266766324,0,1,1,1,0,0,-14.814364065299712,-15.328589598827307,1,86,86,0,-2.3641311413539654,1,0,1
1789733984322143323,1789733984366793056,0,1,1,1,0,0,-14.814364065299712,-15.328589598827307,1,86,86,0,-2.3641115980110574,1,0,1
1789733984445206802,1789733984466798508,0,1,1,1,0,0,-14.814364065299712,-15.328589598827307,1,86,86,0,-2.3640643345776216,1,0,1
1789733984569297954,1789733984666778857,0,1,1,1,0,0,-14.814364065299712,-15.328589598827307,1,86,86,0,-2.36402692368718,1,0,1
1789733984696325307,1789733984766777576,0,1,1,1,0,0,-14.814364065299712,-15.328589598827307,1,86,86,0,-2.3640797877678512,1,0,1
1789733984823933216,1789733984866769090,0,1,1,1,0,0,-14.814364065299712,-15.328589598827307,1,86,86,0,-2.3639822768057579,1,0,1
1789733984936760656,1789733984966783583,0,1,1,1,0,0,-14.814364065299712,-15.328589598827307,1,86,86,0,-2.3639488145261396,1,0,1
1789733985079324077,1789733985166779855,0,1,1,1,0,0,-14.814364065299712,-15.310036265540816,1,86,86,0.01855333328649067,-2.3639533624000881,1,0,1
1789733985195069326,1789733985266780838,0,1,1,1,0,0,-14.814364065299712,-15.328589598827307,1,86,86,0.01855333328649067,-2.3639908776535137,1,0,1
1789733985314671913,1789733985366779350,0,1,1,1,0,0,-14.814364065299712,-15.328589598827307,1,86,86,0,-2.3640287613707125,1,0,1
1789733985440115901,1789733985466780438,0,1,1,1,0,0,-14.814364065299712,-15.328589598827307,1,86,86,0,-2.3639880653064527,1,0,1
1789733985567781396,1789733985666785124,0,1,1,1,0,0,-14.814364065299712,-15.328589598827307,1,86,86,0,-2.3639633907778248,1,0,1
1789733985694860692,1789733985766778033,0,1,1,1,0,0,-14.814364065299712,-15.328589598827307,1,86,86,0,-2.3640428483521441,1,0,1
1789733985818107988,1789733985866754772,0,1,1,1,0,0,-14.814364065299712,-15.328589598827307,1,86,86,0,-2.3641164291548566,1,0,1
1789733985943859755,1789733985966737640,0,1,1,1,0,0,-14.814364065299712,-15.328589598827307,1,86,86,0,-2.36408281522968,1,0,1
1789733986082302113,1789733986166782928,0,1,1,1,0,0,-14.814364065299712,-15.328589598827307,1,86,86,0,-2.3640803692922439,1,0,1
1789733986191867902,1789733986266755580,0,1,1,1,0,0,-14.814364065299712,-15.328589598827307,1,86,86,0,-2.3640611442551629,1,0,1
1789733986313041622,1789733986366738357,0,1,1,1,0,0,-14.814364065299712,-15.328589598827307,1,86,86,0,-2.3640127449021473,1,0,1
1789733986437216132,1789733986466789828,0,1,1,1,0,0,-14.814364065299712,-15.328589598827307,1,86,86,0,-2.3639434427315962,1,0,1
1789733986563771471,1789733986666740791,0,1,1,1,0,0,-14.814364065299712,-15.328589598827307,1,86,86,0,-2.364706569088912,1,0,1
1789733986689929305,1789733986766727720,0,1,1,1,0,0,-14.814364065299712,-15.328589598827307,1,86,86,0,-2.3595099262819716,1,0,1
1789733986814841072,1789733986866738896,0,1,1,1,0,0,-14.814364065299712,-15.328589598827307,1,86,86,0,-2.3501382748138453,1,0,1
1789733986942790755,1789733986966751397,0,1,1,1,0,0,-14.829121989122671,-15.347142932113798,1,86,86,0.023707013553036609,-2.3331909867772307,1,0,1
1789733987075271949,1789733987166785037,0,1,1,1,0,0,-14.84387991294563,-15.365696265400288,1,86,86,0.023707013553036609,-2.2845211025427425,1,0,1
1789733987193138587,1789733987266785873,0,1,1,1,0,0,-14.858637836768587,-15.40280293197327,1,86,86,0.039933707813357588,-2.2541463529200549,1,0,1
1789733987314516767,1789733987366793743,0,1,1,1,0,0,-14.888153684414505,-15.477016265119232,1,86,86,0.079867415626716495,-2.2208137488726671,1,0,1
1789733987435881845,1789733987466784570,0,1,1,1,0,0,-14.917669532060421,-15.551229599056171,1,87,86,0.079867416361696156,-2.1824236329256292,1,0,1
1789733987558312822,1789733987566782380,0,1,1,1,0,0,-14.961943303529296,-15.625442932202134,1,87,87,0.086416350632920233,-2.1432007880569395,1,0,1
1789733987685213294,1789733987766780788,0,1,1,1,0,0,-14.991459151175212,-15.718209598634587,1,87,87,0.097349060926374617,-2.0635298388211725,1,0,1
1789733987814130178,1789733987866772079,0,1,1,1,0,0,-15.020974998821128,-15.810976265858017,1,88,87,0.097349061680118129,-2.0234378931132255,1,0,1
1789733987934677984,1789733987966750064,0,1,1,1,0,0,-15.050490846467046,-15.922296265576961,1,88,88,0.11516652117556878,-1.9878832936233577,1,0,1
1789733988073575221,1789733988166724129,0,1,1,1,0,0,-15.094764617935921,-16.033616265295905,1,88,88,0.11980112344007408,-1.9292198548331256,1,0,1
1789733988186918530,1789733988266783722,0,1,1,1,0,0,-15.109522541758878,-16.144936265805825,1,89,88,0.11229398393989251,-1.9064554147880224,1,0,1
1789733988310834154,1789733988366785100,0,1,1,1,0,0,-15.124280465581837,-16.256256265524769,1,89,89,0.11229398315577711,-1.8874558413136524,1,0,1
1789733988435865336,1789733988466781502,0,1,1,1,0,0,-15.153796313227753,-16.349022931957222,1,89,89,0.097349060926374617,-1.8713063527890252,1,0,1
1789733988554584067,1789733988566784672,0,1,1,1,0,0,-15.183312160873671,-16.478896265753633,1,90,89,0.13318508960709899,-1.860206027029905,1,0,1
1789733988688904133,1789733988766729625,0,1,1,1,0,0,-15.198070084696628,-16.571662932186086,1,90,90,0.09393322477459333,-1.8661174853952123,1,0,1
1789733988815126906,1789733988866743971,0,1,1,1,0,0,-15.242343856165503,-16.68298293190503,1,91,90,0.11980112344007408,-1.8774050536774642,1,0,1
1789733988937920459,1789733988966719621,0,1,1,1,0,0,-15.271859703811421,-16.794302932414951,1,91,91,0.11516652194012662,-1.888500926255883,1,0,1
1789733989071643027,1789733989166787719,0,1,1,1,0,0,-15.301375552715673,-16.905622932133895,1,91,91,0.11516652149806521,-1.9264080859793138,1,0,1
1789733989187969923,1789733989266737964,0,1,1,1,0,0,-15.345649324184548,-17.016942931852839,1,92,91,0.11980112344007408,-1.9494694782006752,1,0,1
1789733989314028045,1789733989366733864,0,1,1,1,0,0,-15.389923095653423,-17.109709599076268,1,92,92,0.10279018137847935,-1.9713349306578798,1,0,1
1789733989436503203,1789733989466734950,0,1,1,1,0,0,-15.448954790945256,-17.202476265508722,1,93,92,0.10995633428783444,-1.9938106433164564,1,0,1
1789733989568166562,1789733989666788235,0,1,1,1,0,0,-15.493228562414131,-17.313796265227666,1,93,93,0.11980112344007408,-2.0460991358088489,1,0,1
1789733989697475008,1789733989766739381,0,1,1,1,0,0,-15.552260257705964,-17.406562932451095,1,94,93,0.10995633495515496,-2.0767409875844951,1,0,1
1789733989824629264,1789733989866729143,0,1,1,1,0,0,-15.611291952997798,-17.499329598883548,1,94,94,0.10995633428783444,-2.1061038666922087,1,0,1
1789733989946139356,1789733989966743766,0,1,1,1,0,0,-15.670323648289632,-17.610649598602492,1,95,94,0.1260035054530374,-2.1392177145518896,1,0,1
1789733990078032384,1789733990166749335,0,1,1,1,0,0,-15.744113267404423,-17.703416265825922,1,95,95,0.11853506838420627,-2.2187048394687561,1,0,1
1789733990194589423,1789733990266763472,0,1,1,1,0,0,-15.832660811600508,-17.796182932258375,1,96,95,0.12824321418362772,-2.2644279106684411,1,0,1
1789733990314261517,1789733990366770456,0,1,1,1,0,0,-15.906450430715299,-17.870396265404338,1,96,96,0.10465432005292273,-2.3250266588625399,1,0,1
1789733990443428536,1789733990466752064,0,1,1,1,0,0,-15.994997973653049,-17.944609598550301,1,96,96,0.11553478340719009,-2.3929924216684784,1,0,1
1789733990567007720,1789733990666733860,0,1,1,1,0,0,-16.113061364236717,-18.000269599200749,1,97,96,0.13052585900318606,-2.5375132643263427,1,0,1
1789733990694679832,1789733990766786368,0,1,1,1,0,0,-16.216366830997426,-18.055929599060221,1,97,97,0.11734587784410822,-2.608012359111854,1,0,1
1789733990822848332,1789733990866790578,0,1,1,1,0,0,-16.319672299016471,-18.111589598919693,1,98,97,0.11734587895188425,-2.680907095856556,1,0,1
1789733990946932090,1789733990966788521,0,1,1,1,0,0,-16.437735689600135,-18.130142932206184,1,98,98,0.11951230217910824,-2.7492581727326,1,0,1
1789733991077095003,1789733991166729805,0,1,1,1,0,0,-16.555799080183803,-18.167249598779165,1,99,98,0.12375729837173292,-2.8822684997051442,1,0,1
1789733991195138638,1789733991266778979,0,1,1,1,0,0,-16.673862470767467,-18.167249598779165,1,99,99,0.11806339058366433,-2.9455430328437169,1,0,1
1789733991306142100,1789733991366736789,0,1,1,1,0,0,-16.791925862609471,-18.185802932065656,1,99,99,0.11951230342219193,-3.004155267181762,1,0,1
1789733991435277282,1789733991466777808,0,1,1,1,0,0,-16.924747177016098,-18.167249598779165,1,100,99,0.13411087851752973,-3.0606953046302579,1,0,1
1789733991558862418,1789733991566774283,0,1,1,1,0,0,-17.042810567599762,-18.167249598779165,1,100,100,0.11806339058366433,-3.1170503021892091,1,0,1
1789733991693807819,1789733991766780634,0,1,1,1,0,0,-17.175631882006389,-18.130142932206184,1,100,100,0.13790723789874998,3.073699399338313,1,0,1
1789733991820089491,1789733991866786291,0,1,1,1,0,0,-17.278937350025434,-18.111589598919693,1,100,100,0.1049583055249724,3.0334769760390605,1,0,1
1789733991945113539,1789733991966782143,0,1,1,1,0,0,-17.411758664432057,-18.093036265633202,1,101,100,0.13411087851752621,3.0010609579616867,1,0,1
1789733992084853191,1789733992166810935,0,1,1,1,0,0,-17.515064131192766,-18.055929599060221,1,101,101,0.10976759160520173,2.9579974945291276,1,0,1
1789733992191040149,1789733992266802151,0,1,1,1,0,0,-17.647885445599389,-18.03737626577373,1,101,101,0.13411087851752621,2.9383037998739185,1,0,1
1789733992316325779,1789733992366742758,0,1,1,1,0,0,-17.765948836183057,-18.01882293248724,1,102,101,0.11951230217911175,2.9207374182715267,1,0,1
1789733992441226453,1789733992466783539,0,1,1,1,0,0,-17.88401222802506,-17.963162931836791,1,102,102,0.13052586014137721,2.9190602045068506,1,0,1
1789733992567162381,1789733992666768604,0,1,1,1,0,0,-18.016833542431684,-17.963162931836791,1,102,102,0.13282131440662326,2.9630495821491127,1,0,1
1789733992692032316,1789733992766725689,0,1,1,1,0,0,-18.134896933015352,-17.92605626526381,1,102,102,0.12375729837173292,3.006592958478147,1,0,1
1789733992818009500,1789733992866771854,0,1,1,1,0,0,-18.252960323599016,-17.944609598550301,1,103,102,0.11951230217910824,3.0502858018295402,1,0,1
1789733992940036717,1789733992966749969,0,1,1,1,0,0,-18.385781639263978,-17.963162931836791,1,103,103,0.13411087976376565,3.0951837240307274,1,0,1
1789733993064647040,1789733993166790908,0,1,1,1,0,0,-18.503845029847646,-17.981716265123282,1,103,103,0.11951230217911175,-3.0711892812107422,1,0,1
1789733993193666541,1789733993266777222,0,1,1,1,0,0,-18.621908420431311,-18.000269599200749,1,104,103,0.11951230230190101,-3.0176122554211537,1,0,1
1789733993316215690,1789733993366768016,0,1,1,1,0,0,-18.739971811014978,-18.03737626577373,1,104,104,0.12375729837173292,-2.9702541138669174,1,0,1
1789733993442175113,1789733993466787527,0,1,1,1,0,0,-18.843277279034023,-18.093036265633202,1,105,104,0.11734587895188425,-2.9201032308087269,1,0,1
1789733993555249943,1789733993566777122,0,1,1,1,0,0,-18.961340669617687,-18.148696265492674,1,105,105,0.13052585866588776,-2.8710100870411317,1,0,1
1789733993685164953,1789733993766719090,0,1,1,1,0,0,-19.079404060201355,-18.185802932065656,1,106,105,0.12375729837173292,-2.7676672963548818,1,0,1
1789733993811176154,1789733993866768867,0,1,1,1,0,0,-19.182709526962064,-18.260016265211618,1,106,106,0.12719920707017629,-2.713561305539153,1,0,1
1789733993928837202,1789733993966782662,0,1,1,1,0,0,-19.27125707115815,-18.352782932435048,1,107,106,0.12824321475579228,-2.6687584563288609,1,0,1
1789733994073653027,1789733994166776027,0,1,1,1,0,0,-19.374562537918859,-18.40844293229452,1,107,107,0.11734587784410822,-2.568027928984038,1,0,1
1789733994183631572,1789733994266767221,0,1,1,1,0,0,-19.463110080856609,-18.501209598726973,1,108,107,0.12824321331479008,-2.5176530633332352,1,0,1
1789733994307196767,1789733994366812631,0,1,1,1,0,0,-19.551657623794359,-18.593976265159426,1,108,108,0.12824321331479008,-2.4675662480035938,1,0,1
1789733994431696640,1789733994466783139,0,1,1,1,0,0,-19.62544724290915,-18.686742932382856,1,109,108,0.11853506838420627,-2.4228583069737772,1,0,1
1789733994557775414,1789733994566743195,0,1,1,1,0,0,-19.7139947858469,-18.779509598815309,1,109,109,0.12824321331479008,-2.3700398966748635,1,0,1
1789733994687217852,1789733994766734479,0,1,1,1,0,0,-19.773026482397068,-18.890829598534253,1,110,109,0.12600350604255736,-2.2652626654763139,1,0,1
1789733994810704243,1789733994866777274,0,1,1,1,0,0,-19.8320581776889,-18.983596265757683,1,110,110,0.10995633495515496,-2.2148527186403792,1,0,1
1789733994934786469,1789733994966789872,0,1,1,1,0,0,-19.891089872980736,-19.076362932190136,1,110,110,0.1099563342878354,-2.1686475267062106,1,0,1
1789733995069912690,1789733995166783702,0,1,1,1,0,0,-19.935363644449609,-19.206236265195571,1,111,110,0.13721242460513022,-2.0739395715265192,1,0,1
1789733995184427801,1789733995266749689,0,1,1,1,0,0,-19.979637415918486,-19.317556265705491,1,111,111,0.11980112417505505,-2.0317974842013635,1,0,1
1789733995311700464,1789733995366776266,0,1,1,1,0,0,-20.023911187387359,-19.447429598710926,1,112,111,0.13721242460513022,-1.9925827287269751,1,0,1
1789733995436294683,1789733995466733240,0,1,1,1,0,0,-20.038669111210318,-19.55874959842987,1,112,112,0.11229398315577711,-1.957961951235957,1,0,1
1789733995560855689,1789733995566775583,0,1,1,1,0,0,-20.082942882679195,-19.67006959893979,1,113,112,0.11980112417505505,-1.9257456631650249,1,0,1
1789733995688113039,1789733995766768483,0,1,1,1,0,0,-20.112458730325109,-19.799942931945225,1,113,113,0.13318508883579031,-1.8739409942883101,1,0,1
1789733995810890061,1789733995866737216,0,1,1,1,0,0,-20.156732501793986,-19.892709599168654,1,114,113,0.10279018137848012,-1.8507854506519135,1,0,1
1789733995934863956,1789733995966777239,0,1,1,1,0,0,-20.141974577971027,-20.04113626546058,1,114,114,0.14915854511927512,-1.8320893800421725,1,0,1
1789733996083711018,1789733996166737527,0,1,1,1,0,0,-20.171490425616945,-20.152456265179524,1,114,114,0.11516652117556878,-1.8084247530820552,1,0,1
1789733996196584421,1789733996266787940,0,1,1,1,0,0,-20.201006273262859,-20.282329598975934,1,115,114,0.13318508960709821,-1.807990348091723,1,0,1
1789733996316644468,1789733996366779571,0,1,1,1,0,0,-20.215764197085818,-20.393649598694878,1,115,115,0.11229398315577711,-1.8091446717146604,1,0,1
1789733996438805660,1789733996466780463,0,1,1,1,0,0,-20.230522120908777,-20.523522932491289,1,116,115,0.13070913949283813,-1.8185785872203604,1,0,1
1789733996564034583,1789733996666781414,0,1,1,1,0,0,-20.274795893635986,-20.634842932210233,1,116,116,0.11980112390510467,-1.8609976900165908,1,0,1
1789733996682713400,1789733996766784232,0,1,1,1,0,0,-20.304311741281904,-20.746162931929177,1,116,116,0.11516652117556878,-1.8888747207718573,1,0,1
1789733996816868932,1789733996866745802,0,1,1,1,0,0,-20.34858551275078,-20.857482932439098,1,117,116,0.11980112417505505,-1.9198989747508697,1,0,1
1789733996939000378,1789733996966790986,0,1,1,1,0,0,-20.407617208042613,-20.968802932158042,1,117,117,0.12600350545303657,-1.953705701332622,1,0,1
1789733997075861593,1789733997166738816,0,1,1,1,0,0,-20.451890979511486,-21.098676265163476,1,118,117,0.13721242460513022,-2.0269704749390716,1,0,1
1789733997189946902,1789733997266726224,0,1,1,1,0,0,-20.52568059862628,-21.191442932386906,1,118,118,0.11853506838420848,-2.0665283683557742,1,0,1
1789733997316529476,1789733997366782435,0,1,1,1,0,0,-20.584712293918113,-21.30276293210585,1,119,118,0.12600350545303657,-2.0999685225913458,1,0,1
1789733997437232099,1789733997466777668,0,1,1,1,0,0,-20.658501913032904,-21.395529598538303,1,119,119,0.11853506776518083,-2.1304420158225827,1,0,1
1789733997556850482,1789733997566779515,0,1,1,1,0,0,-20.732291532147695,-21.506849599048223,1,120,119,0.1335554207160255,-2.1604020310182954,1,0,1
1789733997693218759,1789733997766786891,0,1,1,1,0,0,-20.806081152520822,-21.599616265480677,1,120,120,0.11853506854851112,-2.2195227274701006,1,0,1
1789733997819951395,1789733997866789019,0,1,1,1,0,0,-20.894628695458572,-21.69238293191313,1,121,120,0.12824321331479008,-2.232509286984329,1,0,1
1789733997938781263,1789733997966789568,0,1,1,1,0,0,-20.968418314573366,-21.78514959913656,1,121,121,0.11853506838420848,-2.2318057588751659,1,0,1
1789733998070818573,1789733998166776899,0,1,1,1,0,0,-21.042207933688157,-21.877916265569013,1,122,121,0.11853506776518083,-2.2311455425019906,1,0,1
1789733998184701059,1789733998266762933,0,1,1,1,0,0,-21.10123962897999,-21.952129598714976,1,122,122,0.094828054212144214,-2.2313368591636764,1,0,1
1789733998310081365,1789733998366793624,0,1,1,1,0,0,-21.145513400448863,-22.044896265147429,1,123,122,0.10279018066463391,-2.2302394954130396,1,0,1
1789733998431572999,1789733998466771315,0,1,1,1,0,0,-21.18978717191774,-22.082002932511386,1,123,123,0.057767392211676975,-2.2177895755284989,1,0,1
1789733998562883226,1789733998666777611,0,1,1,1,0,0,-21.204545095740698,-22.137662932370858,1,123,123,0.057583260587784388,-2.2192069998925401,1,0,1
1789733998689715757,1789733998766740015,0,1,1,1,0,0,-21.234060943386613,-22.156216265657349,1,123,123,0.034862751444721451,-2.2250681821279525,1,0,1
1789733998814040439,1789733998866774667,0,1,1,1,0,0,-21.234060943386613,-22.17476959894384,1,123,123,0.01855333328649067,-2.2224358113405489,1,0,1
1789733998934649343,1789733998966773228,0,1,1,1,0,0,-21.234060943386613,-22.156216265657349,1,123,123,0.01855333328649067,-2.222759959373203,1,0,1
1789733999074940064,1789733999166731573,0,1,1,1,0,0,-21.219303019563657,-22.137662932370858,1,123,123,0.023707013553034395,-2.2225313160289115,1,0,1
1789733999191734242,1789733999266781434,0,1,1,1,0,0,-21.234060943386613,-22.156216265657349,1,123,123,0.023707013553034395,-2.2237876777548213,1,0,1
1789733999313159780,1789733999366790918,0,1,1,1,0,0,-21.234060943386613,-22.156216265657349,1,123,123,0,-2.2219504568201045,1,0,1
1789733999442663296,1789733999466788959,0,1,1,1,0,0,-21.234060943386613,-22.156216265657349,1,123,123,0,-2.221634544491756,1,0,1
1789733999566819197,1789733999666783501,0,1,1,1,0,0,-21.219303019563657,-22.137662932370858,1,123,123,0.023707013553034395,-2.2241890730342901,1,0,1
1789733999691808693,1789733999766804951,0,1,1,1,0,0,-21.234060943386613,-22.156216265657349,1,123,123,0.023707013553034395,-2.2312102734619716,1,0,1
1789733999821946070,1789733999866791289,0,1,1,1,0,0,-21.248818867209572,-22.156216265657349,1,123,123,0.014757923822958929,-2.2390598566568998,1,0,1
1789733999941616759,1789733999966767313,0,1,1,1,0,0,-21.263576792290866,-22.19332293223033,1,123,123,0.039933708278389504,-2.2508907996317729,1,0,1
1789734000082098550,1789734000166775187,0,1,1,1,0,0,-21.293092639936784,-22.230429598803312,1,123,123,0.047414027106073217,-2.2793753976987432,1,0,1
1789734000190810437,1789734000266768141,0,1,1,1,0,0,-21.337366411405657,-22.267536265376293,1,124,123,0.057767391703593685,-2.2974471791829298,1,0,1
1789734000310843172,1789734000366740477,0,1,1,1,0,0,-21.396398106697493,-22.323196265235765,1,124,124,0.081134312306104892,-2.3159369187847618,1,0,1
1789734000434966781,1789734000466731660,0,1,1,1,0,0,-21.455429801989325,-22.397409599172704,1,124,124,0.094828054831169656,-2.333053488877574,1,0,1
1789734000561815386,1789734000566780090,0,1,1,1,0,0,-21.543977344927075,-22.453069599032176,1,125,124,0.10458825433417038,-2.3528744883614947,1,0,1
1789734000690805702,1789734000766777271,0,1,1,1,0,0,-21.617766964041866,-22.545836265464629,1,125,125,0.11853506776518083,-2.3794772788649219,1,0,1
1789734000815822000,1789734000866783987,0,1,1,1,0,0,-21.706314506979616,-22.601496265324101,1,126,125,0.10458825433417038,-2.3888506042650062,1,0,1
1789734000943048442,1789734000966731664,0,1,1,1,0,0,-21.794862051175702,-22.675709598470064,1,126,126,0.11553478437159689,-2.3947469933786252,1,0,1
1789734001070079144,1789734001166767227,0,1,1,1,0,0,-21.868651670290493,-22.749922932407003,1,127,126,0.10465432061382628,-2.4084453993995982,1,0,1
1789734001184860546,1789734001266762781,0,1,1,1,0,0,-21.957199213228243,-22.824136265552966,1,127,127,0.11553478340719009,-2.4055184622992583,1,0,1
1789734001310795481,1789734001366770376,0,1,1,1,0,0,-22.045746756165993,-22.898349598698928,1,128,127,0.11553478340719009,-2.4189230588560084,1,0,1
1789734001434753609,1789734001466770867,0,1,1,1,0,0,-22.104778451457829,-22.972562931844891,1,128,128,0.094828054212146434,-2.4037711132308317,1,0,1
1789734001559904428,1789734001566783967,0,1,1,1,0,0,-22.208083918218534,-23.04677626578183,1,128,128,0.12719920753166195,-2.4087560024761836,1,0,1
1789734001687264603,1789734001766754133,0,1,1,1,0,0,-22.281873538591665,-23.120989598927792,1,129,128,0.10465432094015197,-2.4015252825655393,1,0,1
1789734001815071343,1789734001866741062,0,1,1,1,0,0,-22.355663157706456,-23.195202932073755,1,129,129,0.10465432005292273,-2.3976683932837828,1,0,1
1789734001935777145,1789734001966767279,0,1,1,1,0,0,-22.444210700644206,-23.287969598506209,1,130,129,0.12824321331479008,-2.3949279654381233,1,0,1
1789734002064173788,1789734002166725590,0,1,1,1,0,0,-22.518000319758997,-23.362182932443147,1,130,130,0.10465432061382628,-2.3884464945449584,1,0,1
1789734002191708434,1789734002266735188,0,1,1,1,0,0,-22.606547862696747,-23.43639626558911,1,131,130,0.11553478340719009,-2.3947056906566671,1,0,1
1789734002319058046,1789734002366739123,0,1,1,1,0,0,-22.680337481811538,-23.510609598735073,1,131,131,0.10465432005292273,-2.392475983222857,1,0,1
1789734002440269041,1789734002466778519,0,1,1,1,0,0,-22.768885026007624,-23.603376265167526,1,132,131,0.12824321418362772,-2.3958001562193987,1,0,1
1789734002563648646,1789734002666771352,0,1,1,1,0,0,-22.842674645122415,-23.677589599104465,1,132,132,0.10465432061382628,-2.3929245903695842,1,0,1
1789734002691205062,1789734002766778071,0,1,1,1,0,0,-22.931222188060165,-23.751802932250428,1,132,132,0.11553478340719009,-2.3888334431347884,1,0,1
1789734002816759209,1789734002866773000,0,1,1,1,0,0,-23.005011807174956,-23.844569598682881,1,133,132,0.11853506776518083,-2.3856370054710871,1,0,1
1789734002932721896,1789734002966773723,0,1,1,1,0,0,-23.108317273935665,-23.900229598542353,1,133,133,0.11734587784410822,-2.3808290630763609,1,0,1
1789734003072788053,1789734003166772940,0,1,1,1,0,0,-23.182106893050456,-23.992996265765782,1,134,133,0.11853506838420627,-2.3840644102376229,1,0,1
1789734003187809044,1789734003266768543,0,1,1,1,0,0,-23.255896513423586,-24.085762932198236,1,134,134,0.11853506854851333,-2.3703458663379231,1,0,1
1789734003311652291,1789734003366785679,0,1,1,1,0,0,-23.329686132538377,-24.159976265344199,1,135,134,0.10465432005292273,-2.3662319429052321,1,0,1
1789734003440740938,1789734003466738478,0,1,1,1,0,0,-23.418233675476127,-24.234189598490161,1,135,135,0.11553478340719009,-2.3554993301828731,1,0,1
1789734003560964628,1789734003566799042,0,1,1,1,0,0,-23.492023294590918,-24.326956265713591,1,136,135,0.11853506838420627,-2.3529376574928222,1,0,1
1789734003689648474,1789734003766770255,0,1,1,1,0,0,-23.580570837528668,-24.401169598859553,1,136,136,0.11553478340719009,-2.3530513196037339,1,0,1
1789734003814919248,1789734003866777212,0,1,1,1,0,0,-23.65436045664346,-24.493936265292007,1,137,136,0.11853506776518083,-2.352789174055721,1,0,1
1789734003938688883,1789734003966738740,0,1,1,1,0,0,-23.74290799958121,-24.568149598437969,1,137,137,0.11553478340719009,-2.3533612973346489,1,0,1
1789734004076056934,1789734004166793244,0,1,1,1,0,0,-23.831455543777295,-24.660916265661399,1,138,137,0.12824321475579228,-2.3477916988797509,1,0,1
1789734004194370346,1789734004266784445,0,1,1,1,0,0,-23.890487239069127,-24.753682932093852,1,138,138,0.1099563342878335,-2.3458106894322874,1,0,1
1789734004315585786,1789734004366780217,0,1,1,1,0,0,-23.979034782006877,-24.846449598526306,1,138,138,0.12824321331479008,-2.340304314819905,1,0,1
1789734004439821147,1789734004466789745,0,1,1,1,0,0,-24.067582324944627,-24.920662932463244,1,139,138,0.11553478391527067,-2.3423323771679985,1,0,1
1789734004564913239,1789734004666751229,0,1,1,1,0,0,-24.141371944059419,-25.013429598895698,1,139,139,0.11853506776518083,-2.3505288068647636,1,0,1
1789734004689269343,1789734004766770214,0,1,1,1,0,0,-24.21516156317421,-25.087642932041661,1,140,139,0.10465432005292273,-2.3443852127714098,1,0,1
1789734004814797740,1789734004866746810,0,1,1,1,0,0,-24.303709107370299,-25.180409598474114,1,140,140,0.12824321418363016,-2.3447874217633502,1,0,1
1789734004938796585,1789734004966768774,0,1,1,1,0,0,-24.37749872648509,-25.273176265697543,1,141,140,0.11853506838420627,-2.3424348640034673,1,0,1
1789734005071842796,1789734005166784762,0,1,1,1,0,0,-24.46604626942284,-25.347389598843506,1,141,141,0.11553478340719009,-2.3456460027455779,1,0,1
1789734005188684804,1789734005266716083,0,1,1,1,0,0,-24.55459381236059,-25.440156265275959,1,142,141,0.12824321331479008,-2.3472756397037187,1,0,1
1789734005313687282,1789734005366777209,0,1,1,1,0,0,-24.628383431475381,-25.532922932499389,1,142,142,0.11853506838420627,-2.3489604148116658,1,0,1
1789734005440971489,1789734005466772370,0,1,1,1,0,0,-24.716930974413131,-25.607136265645352,1,143,142,0.11553478340719009,-2.3453350880113746,1,0,1
1789734005565013195,1789734005666785937,0,1,1,1,0,0,-24.790720594786258,-25.699902932077805,1,143,143,0.11853506854851112,-2.3447135496904767,1,0,1
1789734005684895692,1789734005766775295,0,1,1,1,0,0,-24.879268137724008,-25.774116265223768,1,144,143,0.11553478340719009,-2.3431182613276476,1,0,1
1789734005816558473,1789734005866768193,0,1,1,1,0,0,-24.967815680661758,-25.866882932447197,1,144,144,0.12824321388695464,-2.3400206024799064,1,0,1
1789734005937824010,1789734005966775002,0,1,1,1,0,0,-25.056363223599508,-25.959649598879651,1,145,144,0.12824321331479008,-2.339684793218396,1,0,1
1789734006084462792,1789734006166772926,0,1,1,1,0,0,-25.144910766537258,-26.033862932025613,1,145,145,0.11553478340719009,-2.3451555306097345,1,0,1
1789734006194784011,1789734006266784578,0,1,1,1,0,0,-25.218700385652049,-26.145182931744557,1,146,145,0.13355542005673765,-2.3392507602950907,1,0,1
1789734006314485413,1789734006366771408,0,1,1,1,0,0,-25.307247929848135,-26.219396265681496,1,146,146,0.11553478487967746,-2.3444582311916902,1,0,1
1789734006436814231,1789734006466789528,0,1,1,1,0,0,-25.395795472785885,-26.312162932113949,1,147,146,0.12824321331479008,-2.339625508053468,1,0,1
1789734006554917413,1789734006566774439,0,1,1,1,0,0,-25.484343015723635,-26.404929598546403,1,147,147,0.12824321331479008,-2.3363738765606157,1,0,1
1789734006687487738,1789734006766740971,0,1,1,1,0,0,-25.572890558661385,-26.497696265769832,1,148,147,0.12824321388695464,-2.3373144716282166,1,0,1
1789734006819535448,1789734006866733301,0,1,1,1,0,0,-25.646680177776176,-26.590462932202286,1,148,148,0.11853506776518083,-2.335736350896696,1,0,1
1789734006935627624,1789734006966786788,0,1,1,1,0,0,-25.735227720713926,-26.683229598634739,1,149,148,0.12824321331479008,-2.3340350978210798,1,0,1
1789734007066918132,1789734007166738267,0,1,1,1,0,0,-25.823775264910012,-26.757442931780702,1,149,149,0.11553478437159689,-2.3348874537855382,1,0,1
1789734007184816000,1789734007266776228,0,1,1,1,0,0,-25.897564884024803,-26.868762932290622,1,150,149,0.1335554207160255,-2.3337775935511642,1,0,1
1789734007309648882,1789734007366737667,0,1,1,1,0,0,-25.986112426962553,-26.942976265436585,1,150,150,0.11553478340719009,-2.335688061409392,1,0,1
1789734007430568479,1789734007466763551,0,1,1,1,0,0,-26.059902046077344,-27.035742931869038,1,151,150,0.11853506776518083,-2.3376372561237706,1,0,1
1789734007559845604,1789734007566763707,0,1,1,1,0,0,-26.148449589015094,-27.128509599092467,1,151,151,0.12824321388695464,-2.3341810482421432,1,0,1
1789734007686958473,1789734007766737523,0,1,1,1,0,0,-26.236997131952844,-27.221276265524921,1,152,151,0.12824321331479008,-2.3382566456501435,1,0,1
1789734007812667854,1789734007866794719,0,1,1,1,0,0,-26.325544676148933,-27.314042931957374,1,152,152,0.12824321418363016,-2.3368869516374122,1,0,1
1789734007934623571,1789734007966789440,0,1,1,1,0,0,-26.399334295263724,-27.388256265103337,1,153,152,0.10465432005292273,-2.3352081064628316,1,0,1
1789734008071798624,1789734008166777739,0,1,1,1,0,0,-26.487881838201474,-27.481022932326766,1,153,153,0.12824321388695464,-2.3352212799027199,1,0,1
1789734008187849049,1789734008266775792,0,1,1,1,0,0,-26.561671457316265,-27.57378959875922,1,154,153,0.11853506776518083,-2.3356483190744419,1,0,1
1789734008308631718,1789734008366734021,0,1,1,1,0,0,-26.650219000254015,-27.666556265191673,1,154,154,0.12824321331479008,-2.3352085962661477,1,0,1
1789734008435049011,1789734008466782110,0,1,1,1,0,0,-26.738766543191765,-27.759322932415103,1,155,154,0.12824321388695464,-2.3374232776317543,1,0,1
1789734008556949140,1789734008566730042,0,1,1,1,0,0,-26.827314087387851,-27.833536265561065,1,155,155,0.11553478437159689,-2.3360503747770283,1,0,1
1789734008684336087,1789734008766769652,0,1,1,1,0,0,-26.915861630325601,-27.926302931993519,1,155,155,0.12824321331479008,-2.3438564699423101,1,0,1
1789734008812738626,1789734008866738828,0,1,1,1,0,0,-26.989651249440392,-28.019069598425972,1,156,155,0.11853506776518083,-2.3423783203459427,1,0,1
1789734008934385997,1789734008966738883,0,1,1,1,0,0,-27.078198792378142,-28.093282932362911,1,156,156,0.11553478391527067,-2.3446003003964528,1,0,1
1789734009069496495,1789734009166752968,0,1,1,1,0,0,-27.166746335315892,-28.186049598795364,1,157,156,0.12824321331479008,-2.3459910848057812,1,0,1
1789734009184830574,1789734009266743021,0,1,1,1,0,0,-27.240535954430683,-28.278816265227817,1,157,157,0.11853506776518083,-2.3440493471152912,1,0,1
1789734009304716217,1789734009366781469,0,1,1,1,0,0,-27.343841422449728,-28.353029599164756,1,158,157,0.12719920855362837,-2.345934734406784,1,0,1
1789734009433888385,1789734009466739906,0,1,1,1,0,0,-27.432388965387478,-28.44579626559721,1,158,158,0.12824321331479008,-2.3535431834051557,1,0,1
1789734009559718736,1789734009566738313,0,1,1,1,0,0,-27.506178584502269,-28.538562932029663,1,159,158,0.11853506776518083,-2.3459937877887262,1,0,1
1789734009688202694,1789734009766726014,0,1,1,1,0,0,-27.594726127440019,-28.612776265175626,1,159,159,0.11553478340719009,-2.340365684800807,1,0,1
1789734009813598258,1789734009866802154,0,1,1,1,0,0,-27.66851574655481,-28.705542932399055,1,160,159,0.11853506838420627,-2.332340645275611,1,0,1
1789734009936813132,1789734009966737040,0,1,1,1,0,0,-27.757063290750896,-28.798309598831509,1,160,160,0.12824321418362772,-2.3302630495433094,1,0,1
1789734010076248757,1789734010166773715,0,1,1,1,0,0,-27.830852909865687,-28.891076265263962,1,161,160,0.11853506776518083,-2.3279458669332893,1,0,1
1789734010187766920,1789734010266740224,0,1,1,1,0,0,-27.919400452803437,-28.965289598409925,1,161,161,0.11553478340719009,-2.3342044771078299,1,0,1
1789734010313339028,1789734010366738752,0,1,1,1,0,0,-28.007947995741187,-29.058056265633354,1,162,161,0.12824321388695464,-2.3352453755902278,1,0,1
1789734010437907942,1789734010466735692,0,1,1,1,0,0,-28.081737614855978,-29.150822932065807,1,162,162,0.11853506776518083,-2.322896864846971,1,0,1
1789734010564445621,1789734010666712268,0,1,1,1,0,0,-28.170285157793728,-29.243589598498261,1,163,162,0.12824321331479008,-2.2492603758696132,1,0,1
1789734010691610628,1789734010766709122,0,1,1,1,0,0,-28.244074778166858,-29.33635626572169,1,163,163,0.11853506916753877,-2.1917035371396358,1,0,1
1789734010818899587,1789734010866732273,0,1,1,1,0,0,-28.288348549635732,-29.447676265440634,1,164,163,0.11980112344007342,-2.1219155291271621,1,0,1
1789734010933719994,1789734010966743125,0,1,1,1,0,0,-28.332622321104608,-29.558996265159578,1,164,164,0.11980112344007474,-2.0456958303088957,1,0,1
1789734011063658146,1789734011166769490,0,1,1,1,0,0,-28.347380244927567,-29.688869598955989,1,165,164,0.13070913949283813,-1.8970548073705251,1,0,1
1789734011188924051,1789734011266769156,0,1,1,1,0,0,-28.362138168750523,-29.800189598674933,1,165,165,0.11229398315577666,-1.8354606308020764,1,0,1
1789734011317974005,1789734011366738609,0,1,1,1,0,0,-28.362138168750523,-29.930062932471344,1,165,165,0.12987333379641086,-1.780300328296494,1,0,1
1789734011442932458,1789734011466749325,0,1,1,1,0,0,-28.362138168750523,-30.041382932190288,1,166,165,0.11131999971894402,-1.7364624505331332,1,0,1
1789734011567578091,1789734011666713636,0,1,1,1,0,0,-28.376896092573482,-30.171256265195723,1,166,166,0.13070913870691975,-1.6871366312880332,1,0,1
1789734011693666457,1789734011766734630,0,1,1,1,0,0,-28.376896092573482,-30.301129598992134,1,166,166,0.12987333379641086,-1.6870052381545038,1,0,1
1789734011821983342,1789734011866788497,0,1,1,1,0,0,-28.391654016396441,-30.412449598711078,1,167,166,0.11229398315577711,-1.6985880042454298,1,0,1
1789734011932634095,1789734011966790668,0,1,1,1,0,0,-28.421169864042358,-30.542322932507489,1,167,167,0.13318508960709899,-1.7176143607153587,1,0,1
1789734012077961696,1789734012166768964,0,1,1,1,0,0,-28.435927787865314,-30.653642932226433,1,168,167,0.11229398315577666,-1.7903720490419111,1,0,1
1789734012204700126,1789734012266773078,0,1,1,1,0,0,-28.465443635511232,-30.783516265231867,1,168,168,0.13318508883579108,-1.8380244634662708,1,0,1
1789734012310724644,1789734012366742197,0,1,1,1,0,0,-28.524475330803064,-30.894836265741787,1,169,168,0.12600350615183831,-1.8838028316621922,1,0,1
1789734012442883593,1789734012466752902,0,1,1,1,0,0,-28.5835070260949,-31.006156265460731,1,169,169,0.12600350545303823,-1.9356191633271118,1,0,1
1789734012567406486,1789734012666770129,0,1,1,1,0,0,-28.642538721386732,-31.098922931893185,1,169,169,0.1099563342878335,-2.0551889992773673,1,0,1
1789734012694904409,1789734012766772959,0,1,1,1,0,0,-28.716328340501523,-31.210242932403105,1,170,169,0.1335554207160255,-2.1170147253598115,1,0,1
1789734012817469210,1789734012866738976,0,1,1,1,0,0,-28.804875884697609,-31.303009598835558,1,171,170,0.12824321418362772,-2.1760508016774796,1,0,1
1789734012940880181,1789734012966737733,0,1,1,1,0,0,-28.893423427635359,-31.395776265268012,1,171,171,0.12824321331479008,-2.2347396416124843,1,0,1
1789734013075520485,1789734013166730794,0,1,1,1,0,0,-28.981970970573109,-31.488542932491441,1,171,171,0.12824321388695464,-2.3579289532853207,1,0,1
1789734013194736100,1789734013266776353,0,1,1,1,0,0,-29.085276437333818,-31.544202932350913,1,172,171,0.11734587784410822,-2.421943916550382,1,0,1
1789734013316616828,1789734013366788709,0,1,1,1,0,0,-29.203339827917485,-31.618416265496876,1,173,172,0.13945100577889483,-2.4781641046859764,1,0,1
1789734013442751595,1789734013466763185,0,1,1,1,0,0,-29.321403219759485,-31.674076265356348,1,173,173,0.13052585980407888,-2.535359534754797,1,0,1
1789734013565716981,1789734013666784073,0,1,1,1,0,0,-29.424708686520194,-31.72973626521582,1,173,173,0.11734587784410822,-2.639956904993876,1,0,1
1789734013691227877,1789734013766774892,0,1,1,1,0,0,-29.542772077103862,-31.785396265866268,1,174,173,0.13052585900318606,-2.6908008811476072,1,0,1
1789734013813744356,1789734013866784770,0,1,1,1,0,0,-29.675593391510485,-31.803949599152759,1,174,174,0.13411087851752621,-2.7343404662855111,1,0,1
1789734013944770820,1789734013966727015,0,1,1,1,0,0,-29.793656783352489,-31.84105626572574,1,175,174,0.12375729957217424,-2.7714939717361915,1,0,1
1789734014090974342,1789734014166786857,0,1,1,1,0,0,-29.926478097759112,-31.859609599012231,1,175,175,0.13411087851752621,-2.8443258856580842,1,0,1
1789734014208436073,1789734014266715821,0,1,1,1,0,0,-30.04454148834278,-31.896716265585212,1,176,175,0.12375729837173292,-2.8621148412750803,1,0,1
1789734014313974101,1789734014366767970,0,1,1,1,0,0,-30.177362802749407,-31.933822932158193,1,176,176,0.13790723789874998,-2.8783580259943857,1,0,1
1789734014437901367,1789734014466738896,0,1,1,1,0,0,-30.310184118414366,-31.933822932158193,1,176,176,0.13282131566495892,-2.874044223244594,1,0,1
1789734014557926646,1789734014566722166,0,1,1,1,0,0,-30.413489585175075,-31.989482932017665,1,177,176,0.11734587784410822,-2.8639616461498729,1,0,1
1789734014684654695,1789734014766772410,0,1,1,1,0,0,-30.546310899581698,-32.026589598590647,1,177,177,0.13790723789874657,-2.8069492160441571,1,0,1
1789734014817744632,1789734014866757610,0,1,1,1,0,0,-30.664374290165366,-32.063696265163628,1,178,177,0.12375729837173292,-2.7772640670315023,1,0,1
1789734014937859480,1789734014966789737,0,1,1,1,0,0,-30.767679758184411,-32.137909599100567,1,178,178,0.12719920855362837,-2.7437436960186359,1,0,1
1789734015071349209,1789734015166741178,0,1,1,1,0,0,-30.885743148768078,-32.193569598960039,1,179,178,0.13052585866589095,-2.6689956762857134,1,0,1
1789734015186900908,1789734015266770102,0,1,1,1,0,0,-30.989048615528784,-32.249229598819511,1,179,179,0.11734587784410508,-2.6315548453283903,1,0,1
1789734015313428814,1789734015366734061,0,1,1,1,0,0,-31.107112006112452,-32.323442931965474,1,180,179,0.13945100577889483,-2.6012898128947612,1,0,1
1789734015436907175,1789734015466771062,0,1,1,1,0,0,-31.195659549050202,-32.416209599188903,1,180,180,0.12824321388695464,-2.5681242561345248,1,0,1
1789734015557635159,1789734015566766723,0,1,1,1,0,0,-31.298965017069246,-32.490422932334866,1,181,180,0.12719920809213983,-2.536656806808248,1,0,1
1789734015693554768,1789734015766786719,0,1,1,1,0,0,-31.402270483829955,-32.564636265480829,1,181,181,0.12719920707017629,-2.4783143554778246,1,0,1
1789734015822684431,1789734015866783689,0,1,1,1,0,0,-31.476060102944746,-32.657402931913282,1,182,181,0.11853506776518083,-2.4545899503630917,1,0,1
1789734015941548594,1789734015966785351,0,1,1,1,0,0,-31.579365569705455,-32.731616265850221,1,182,182,0.12719920753166483,-2.4291591394515333,1,0,1
1789734016083343728,1789734016166779970,0,1,1,1,0,0,-31.667913112643205,-32.824382932282674,1,183,182,0.12824321331479008,-2.3909486053244748,1,0,1
1789734016192398506,1789734016266768318,0,1,1,1,0,0,-31.756460656839291,-32.917149598715127,1,183,183,0.12824321418362772,-2.3738360291501337,1,0,1
1789734016316604466,1789734016366765405,0,1,1,1,0,0,-31.845008199777041,-33.009916265147581,1,184,183,0.12824321331479008,-2.3596919617889798,1,0,1
1789734016434854723,1789734016466760333,0,1,1,1,0,0,-31.918797818891832,-33.10268293237101,1,184,184,0.11853506838420627,-2.3453044402185732,1,0,1
1789734016561474045,1789734016566770361,0,1,1,1,0,0,-32.007345361829579,-33.195449598803464,1,185,184,0.12824321331478764,-2.3327783534029067,1,0,1
1789734016687947125,1789734016766743990,0,1,1,1,0,0,-32.08113498094437,-33.288216265235917,1,185,185,0.11853506776518083,-2.3170648289586619,1,0,1
1789734016812679444,1789734016866770810,0,1,1,1,0,0,-32.169682523882123,-33.380982932459347,1,186,185,0.12824321388695711,-2.3107968803175769,1,0,1
1789734016937029156,1789734016966723919,0,1,1,1,0,0,-32.24347214425525,-33.4737495988918,1,186,186,0.11853506854851112,-2.3006184964589598,1,0,1
1789734017074572858,1789734017166768787,0,1,1,1,0,0,-32.317261763370041,-33.566516265324253,1,187,186,0.11853506776518083,-2.316361165652657,1,0,1
1789734017189491061,1789734017266772929,0,1,1,1,0,0,-32.405809306307795,-33.659282931756707,1,187,187,0.12824321331479252,-2.3340649857969673,1,0,1
1789734017311717932,1789734017366781554,0,1,1,1,0,0,-32.494356849245541,-33.733496265693645,1,188,187,0.11553478391526793,-2.3522533654969502,1,0,1
1789734017436062533,1789734017466773869,0,1,1,1,0,0,-32.582904392183295,-33.826262932126099,1,188,188,0.12824321331479252,-2.3700137150174694,1,0,1
1789734017559630893,1789734017566773879,0,1,1,1,0,0,-32.686209858943997,-33.900476265272061,1,189,188,0.12719920707017052,-2.3857927202768643,1,0,1
1789734017685547829,1789734017766796553,0,1,1,1,0,0,-32.774757403140086,-33.974689598418024,1,189,189,0.11553478437159961,-2.3786731455100627,1,0,1
1789734017813573074,1789734017866791032,0,1,1,1,0,0,-32.863304946077839,-34.067456265641454,1,190,189,0.12824321388695711,-2.3687485294211013,1,0,1
1789734017934600925,1789734017966724573,0,1,1,1,0,0,-32.966610412838541,-34.160222932073907,1,190,190,0.13884406311987754,-2.3553719579486017,1,0,1
1789734018074500226,1789734018166773732,0,1,1,1,0,0,-33.040400031953332,-34.25298959850636,1,191,190,0.11853506776518083,-2.3007903159859544,1,0,1
1789734018186879003,1789734018266769327,0,1,1,1,0,0,-33.114189651068131,-34.34575626572979,1,191,191,0.11853506838421068,-2.2678095786660526,1,0,1
1789734018306657774,1789734018366725623,0,1,1,1,0,0,-33.187979270182922,-34.457076265448734,1,192,191,0.13355542005673765,-2.2342280806645669,1,0,1
1789734018437600548,1789734018466720977,0,1,1,1,0,0,-33.261768890556048,-34.549842931881187,1,192,192,0.11853506854851112,-2.2002599079421823,1,0,1
1789734018562755840,1789734018666717251,0,1,1,1,0,0,-33.320800585847877,-34.661162932391107,1,192,192,0.12600350615183664,-2.1209558870398468,1,0,1
1789734018687514271,1789734018766767606,0,1,1,1,0,0,-33.365074357316757,-34.772482932110051,1,193,192,0.11980112344007605,-2.0767310918161042,1,0,1
1789734018813848809,1789734018866751319,0,1,1,1,0,0,-33.424106052608586,-34.883802931828995,1,193,193,0.1260035054530349,-2.038833962306029,1,0,1
1789734018935436526,1789734018966801598,0,1,1,1,0,0,-33.483137747900422,-34.995122932338916,1,193,193,0.12600350615183997,-1.9984692138025231,1,0,1
1789734019072541028,1789734019166736411,0,1,1,1,0,0,-33.497895671723377,-35.12499626534435,1,194,193,0.13070913870691936,-1.9206189722096689,1,0,1
1789734019180586699,1789734019266779743,0,1,1,1,0,0,-33.542169443192257,-35.236316265854271,1,194,194,0.11980112417505637,-1.8808566212849682,1,0,1
1789734019315073845,1789734019366774131,0,1,1,1,0,0,-33.542169443192257,-35.366189598859705,1,195,194,0.12987333300543469,-1.8410643235852189,1,0,1
1789734019442923184,1789734019466780814,0,1,1,1,0,0,-33.586443214661131,-35.477509598578649,1,195,195,0.11980112344007342,-1.8071655907238788,1,0,1
1789734019564444971,1789734019666733556,0,1,1,1,0,0,-33.586443214661131,-35.60738293237506,1,196,195,0.12987333379641086,-1.7453798407695955,1,0,1
1789734019687505359,1789734019766772305,0,1,1,1,0,0,-33.601201138484086,-35.718702932094004,1,196,196,0.11229398315577666,-1.7160933213596856,1,0,1
1789734019813435109,1789734019866775075,0,1,1,1,0,0,-33.601201138484086,-35.848576265099439,1,197,196,0.12987333300543469,-1.6906223024767106,1,0,1
1789734019934481494,1789734019966753276,0,1,1,1,0,0,-33.601201138484086,-35.97844959889585,1,197,197,0.12987333379641086,-1.6701263551947911,1,0,1
1789734020062727731,1789734020166768309,0,1,1,1,0,0,-33.615959062307049,-36.108322931901284,1,198,197,0.13070913870692016,-1.6365366609979859,1,0,1
1789734020193416328,1789734020266768763,0,1,1,1,0,0,-33.615959062307049,-36.219642932411205,1,198,198,0.11132000050992019,-1.6241293578224658,1,0,1
1789734020314925933,1789734020366754707,0,1,1,1,0,0,-33.615959062307049,-36.349516265416639,1,199,198,0.12987333300543469,-1.6153818918084641,1,0,1
1789734020434364556,1789734020466788433,0,1,1,1,0,0,-33.615959062307049,-36.460836265135583,1,199,199,0.11131999971894402,-1.6066131149124847,1,0,1
1789734020561866353,1789734020566776538,0,1,1,1,0,0,-33.615959062307049,-36.590709598931994,1,199,199,0.12987333379641086,-1.6032317622624892,1,0,1
1789734020689191527,1789734020766768521,0,1,1,1,0,0,-33.615959062307049,-36.702029598650938,1,200,199,0.11131999971894402,-1.6062848584639777,1,0,1
1789734020820539621,1789734020866733045,0,1,1,1,0,0,-33.615959062307049,-36.831902932447349,1,200,200,0.12987333379641086,-1.6068769964828469,1,0,1
1789734020932889054,1789734020966783103,0,1,1,1,0,0,-33.630716986130004,-36.924669598879802,1,201,200,0.093933224774593052,-1.6107657534480149,1,0,1
1789734021074482047,1789734021166742505,0,1,1,1,0,0,-33.645474909952966,-37.017436265312256,1,201,201,0.093933224774594162,-1.6292514355015535,1,0,1
1789734021190463233,1789734021266738570,0,1,1,1,0,0,-33.630716986130004,-37.110202931744709,1,201,201,0.093933224774594162,-1.6138429058143451,1,0,1
1789734021316482314,1789734021366769369,0,1,1,1,0,0,-33.645474909952966,-37.147309599108667,1,202,201,0.039933708548339872,-1.6257108491076089,1,0,1
1789734021439969661,1789734021466771933,0,1,1,1,0,0,-33.630716986130004,-37.202969598968139,1,202,202,0.057583260587785297,-1.6263170211974936,1,0,1
1789734021567595695,1789734021666766813,0,1,1,1,0,0,-33.630716986130004,-37.221522932254629,1,202,202,0.01855333328649067,-1.6201284425566582,1,0,1
1789734021694251108,1789734021766739091,0,1,1,1,0,0,-33.630716986130004,-37.24007626554112,1,202,202,0.01855333328649067,-1.6197497355227652,1,0,1
1789734021815279764,1789734021866720596,0,1,1,1,0,0,-33.630716986130004,-37.24007626554112,1,202,202,0,-1.6197124399721106,1,0,1
1789734021941656687,1789734021966761008,0,1,1,1,0,0,-33.645474909952966,-37.221522932254629,1,202,202,0.023707013553038819,-1.6198207991419691,1,0,1
1789734022084780265,1789734022166737059,0,1,1,1,0,0,-33.645474909952966,-37.221522932254629,1,202,202,0,-1.6195393242205238,1,0,1
1789734022193457130,1789734022266724692,0,1,1,1,0,0,-33.645474909952966,-37.221522932254629,1,202,202,0,-1.6195122093303813,1,0,1
1789734022312792605,1789734022366764745,0,1,1,1,0,0,-33.645474909952966,-37.221522932254629,1,202,202,0,-1.6193046328561449,1,0,1
1789734022441306109,1789734022466718821,0,1,1,1,0,0,-33.645474909952966,-37.221522932254629,1,202,202,0,-1.6192371456963657,1,0,1
1789734022566655280,1789734022666719097,0,1,1,1,0,0,-33.645474909952966,-37.221522932254629,1,202,202,0,-1.619271086928328,1,0,1
1789734022691325034,1789734022766757568,0,1,1,1,0,0,-33.645474909952966,-37.221522932254629,1,202,202,0,-1.6191750471487236,1,0,1
1789734022817408157,1789734022866766700,0,1,1,1,0,0,-33.645474909952966,-37.221522932254629,1,202,202,0,-1.619087332924849,1,0,1
1789734022944640748,1789734022966770981,0,1,1,1,0,0,-33.645474909952966,-37.221522932254629,1,202,202,0,-1.6190667588303294,1,0,1
1789734023082539087,1789734023166738427,0,1,1,1,0,0,-33.645474909952966,-37.221522932254629,1,202,202,0,-1.6190779059824383,1,0,1
1789734023196750202,1789734023266767911,0,1,1,1,0,0,-33.645474909952966,-37.221522932254629,1,202,202,0,-1.6190814394594009,1,0,1
1789734023321866898,1789734023366752387,0,1,1,1,0,0,-33.645474909952966,-37.221522932254629,1,202,202,0,-1.6191134864270431,1,0,1
1789734023440604325,1789734023466767595,0,1,1,1,0,0,-33.645474909952966,-37.221522932254629,1,202,202,0,-1.6189798376985169,1,0,1
1789734023561655290,1789734023566774477,0,1,1,1,0,0,-33.645474909952966,-37.221522932254629,1,202,202,0,-1.6189555431051912,1,0,1
1789734023682806941,1789734023766739077,0,1,1,1,0,0,-33.645474909952966,-37.221522932254629,1,202,202,0,-1.618800733172292,1,0,1
1789734023816401589,1789734023866769496,0,1,1,1,0,0,-33.645474909952966,-37.221522932254629,1,202,202,0,-1.6188072306545207,1,0,1
1789734023937619795,1789734023966737324,0,1,1,1,0,0,-33.645474909952966,-37.221522932254629,1,202,202,0,-1.6187851183788111,1,0,1
1789734024077634623,1789734024166745552,0,1,1,1,0,0,-33.645474909952966,-37.221522932254629,1,202,202,0,-1.6186636026660171,1,0,1
1789734024191468477,1789734024266768575,0,1,1,1,0,0,-33.645474909952966,-37.221522932254629,1,202,202,0,-1.6185196350554185,1,0,1
1789734024312409554,1789734024366791068,0,1,1,1,0,0,-33.645474909952966,-37.221522932254629,1,202,202,0,-1.6185372708998877,1,0,1
1789734024435587464,1789734024466781734,0,1,1,1,0,0,-33.645474909952966,-37.221522932254629,1,202,202,0,-1.6183880676353821,1,0,1
1789734024554189568,1789734024566792031,0,1,1,1,0,0,-33.645474909952966,-37.221522932254629,1,202,202,0,-1.6183923128605384,1,0,1
1789734024689214099,1789734024766739550,0,1,1,1,0,0,-33.645474909952966,-37.221522932254629,1,202,202,0,-1.6182766522505427,1,0,1
1789734024815830844,1789734024866754125,0,1,1,1,0,0,-33.645474909952966,-37.221522932254629,1,202,202,0,-1.6182455632282042,1,0,1
1789734024936513119,1789734024966783572,0,1,1,1,0,0,-33.645474909952966,-37.221522932254629,1,202,202,0,-1.6182653788758481,1,0,1
1789734025070293750,1789734025166779229,0,1,1,1,0,0,-33.645474909952966,-37.221522932254629,1,202,202,0,-1.6182859160168137,1,0,1
1789734025186627956,1789734025266776831,0,1,1,1,0,0,-33.645474909952966,-37.221522932254629,1,202,202,0,-1.6181685371545762,1,0,1
1789734025313306824,1789734025366774431,0,1,1,1,0,0,-33.645474909952966,-37.221522932254629,1,202,202,0,-1.6181625752775739,1,0,1
1789734025432506832,1789734025466768546,0,1,1,1,0,0,-33.645474909952966,-37.221522932254629,1,202,202,0,-1.618170941329893,1,0,1
1789734025564561603,1789734025666774895,0,1,1,1,0,0,-33.645474909952966,-37.221522932254629,1,202,202,0,-1.618041766019042,1,0,1
1789734025688328854,1789734025766770428,0,1,1,1,0,0,-33.645474909952966,-37.221522932254629,1,202,202,0,-1.6180440074897859,1,0,1
1789734025815244858,1789734025866769394,0,1,1,1,0,0,-33.645474909952966,-37.221522932254629,1,202,202,0,-1.6180029122433908,1,0,1
1789734025937257541,1789734025966765772,0,1,1,1,0,0,-33.645474909952966,-37.221522932254629,1,202,202,0,-1.6180134336660572,1,0,1
1789734026087876891,1789734026166782555,0,1,1,1,0,0,-33.645474909952966,-37.221522932254629,1,202,202,0,-1.6179984413954005,1,0,1
1789734026189680727,1789734026266777105,0,1,1,1,0,0,-33.645474909952966,-37.221522932254629,1,202,202,0,-1.6180173006543568,1,0,1
1789734026311924316,1789734026366749748,0,1,1,1,0,0,-33.645474909952966,-37.221522932254629,1,202,202,0,-1.6180364142739061,1,0,1
1789734026437615125,1789734026466766666,0,1,1,1,0,0,-33.645474909952966,-37.221522932254629,1,202,202,0,-1.6180049887578383,1,0,1
1789734026563648183,1789734026666772946,0,1,1,1,0,0,-33.645474909952966,-37.221522932254629,1,202,202,0,-1.6179207870608778,1,0,1
1789734026688487269,1789734026766778463,0,1,1,1,0,0,-33.645474909952966,-37.221522932254629,1,202,202,0,-1.617875995283901,1,0,1
1789734026816619535,1789734026866734121,0,1,1,1,0,0,-33.645474909952966,-37.221522932254629,1,202,202,0,-1.6178750910776007,1,0,1
1789734026939408927,1789734026966734361,0,1,1,1,0,0,-33.645474909952966,-37.221522932254629,1,202,202,0,-1.6178958693333483,1,0,1
1789734027074633615,1789734027166767951,0,1,1,1,0,0,-33.645474909952966,-37.221522932254629,1,202,202,0,-1.6178082079007923,1,0,1
1789734027188013666,1789734027266787814,0,1,1,1,0,0,-33.645474909952966,-37.221522932254629,1,202,202,0,-1.6177571366583621,1,0,1
1789734027309929921,1789734027366771717,0,1,1,1,0,0,-33.645474909952966,-37.221522932254629,1,202,202,0,-1.6176915228966453,1,0,1
1789734027437706679,1789734027466766889,0,1,1,1,0,0,-33.645474909952966,-37.221522932254629,1,202,202,0,-1.6177072345455827,1,0,1
1789734027563697702,1789734027666773300,0,1,1,1,0,0,-33.645474909952966,-37.221522932254629,1,202,202,0,-1.6177109595894956,1,0,1
1789734027689951141,1789734027766807608,0,1,1,1,0,0,-33.645474909952966,-37.221522932254629,1,202,202,0,-1.6176398201263633,1,0,1
1789734027817568978,1789734027866781289,0,1,1,1,0,0,-33.645474909952966,-37.221522932254629,1,202,202,0,-1.6177003220139206,1,0,1
1789734027937697789,1789734027966755190,0,1,1,1,0,0,-33.645474909952966,-37.221522932254629,1,202,202,0,-1.6176663760664456,1,0,1
1789734028077980040,1789734028166763118,0,1,1,1,0,0,-33.645474909952966,-37.221522932254629,1,202,202,0,-1.6175042514168392,1,0,1
1789734028185726069,1789734028266715934,0,1,1,1,0,0,-33.645474909952966,-37.221522932254629,1,202,202,0,-1.6176387929579277,1,0,1
1789734028314274201,1789734028366739677,0,1,1,1,0,0,-33.645474909952966,-37.221522932254629,1,202,202,0,-1.6175699734151872,1,0,1
1789734028440358127,1789734028466788340,0,1,1,1,0,0,-33.645474909952966,-37.221522932254629,1,202,202,0,-1.6175308795357228,1,0,1
1789734028564669356,1789734028666737286,0,1,1,1,0,0,-33.645474909952966,-37.221522932254629,1,202,202,0,-1.6176268773268865,1,0,1
1789734028690615038,1789734028766722831,0,1,1,1,0,0,-33.645474909952966,-37.221522932254629,1,202,202,0,-1.6174930838708936,1,0,1
1789734028815291316,1789734028866786408,0,1,1,1,0,0,-33.645474909952966,-37.221522932254629,1,202,202,0,-1.6175707207100898,1,0,1
1789734028941694226,1789734028966773804,0,1,1,1,0,0,-33.645474909952966,-37.221522932254629,1,202,202,0,-1.6175249467481416,1,0,1
1789734029064173982,1789734029166776441,0,1,1,1,0,0,-33.645474909952966,-37.221522932254629,1,202,202,0,-1.6175436526250575,1,0,1
1789734029188435549,1789734029266769921,0,1,1,1,0,0,-33.645474909952966,-37.221522932254629,1,202,202,0,-1.6174259893326346,1,0,1
1789734029314696912,1789734029366772161,0,1,1,1,0,0,-33.645474909952966,-37.221522932254629,1,202,202,0,-1.6174682788990611,1,0,1
1789734029437303071,1789734029466740134,0,1,1,1,0,0,-33.645474909952966,-37.221522932254629,1,202,202,0,-1.617489426359787,1,0,1
1789734029562447807,1789734029566774703,0,1,1,1,0,0,-33.645474909952966,-37.221522932254629,1,202,202,0,-1.6174013061188717,1,0,1
1789734029688266659,1789734029766741976,0,1,1,1,0,0,-33.645474909952966,-37.221522932254629,1,202,202,0,-1.6173857333297197,1,0,1
1789734029816156501,1789734029866741410,0,1,1,1,0,0,-33.645474909952966,-37.221522932254629,1,202,202,0,-1.6172689835114364,1,0,1
1789734029934393117,1789734029966738754,0,1,1,1,0,0,-33.645474909952966,-37.221522932254629,1,202,202,0,-1.6171966398237316,1,0,1
1789734030082432096,1789734030166769136,0,1,1,1,0,0,-33.645474909952966,-37.221522932254629,1,202,202,0,-1.6171032388790199,1,0,1
1789734030194304111,1789734030266740310,0,1,1,1,0,0,-33.645474909952966,-37.221522932254629,1,202,202,0,-1.6170174231595933,1,0,1
1789734030314580195,1789734030366770157,0,1,1,1,0,0,-33.645474909952966,-37.221522932254629,1,202,202,0,-1.6169388821784243,1,0,1
1789734030436389486,1789734030466767809,0,1,1,1,0,0,-33.645474909952966,-37.221522932254629,1,202,202,0,-1.6169173774325993,1,0,1
1789734030564700964,1789734030666720113,0,1,1,1,0,0,-33.645474909952966,-37.221522932254629,1,202,202,0,-1.6169851277014109,1,0,1
1789734030690244213,1789734030766726110,0,1,1,1,0,0,-33.645474909952966,-37.221522932254629,1,202,202,0,-1.6168930867173812,1,0,1
1789734030814318131,1789734030866768701,0,1,1,1,0,0,-33.660232833775922,-37.221522932254629,1,202,202,0.014757923822955377,-1.6169612176441355,1,0,1
1789734030937365015,1789734030966721353,0,1,1,1,0,0,-33.645474909952966,-37.221522932254629,1,202,202,0.014757923822955377,-1.6169118701718499,1,0,1
1789734031070235700,1789734031166748185,0,1,1,1,0,0,-33.645474909952966,-37.221522932254629,1,202,202,0,-1.6170187679232662,1,0,1
1789734031186143109,1789734031266770872,0,1,1,1,0,0,-33.645474909952966,-37.221522932254629,1,202,202,0,-1.6170427746939944,1,0,1
1789734031310216600,1789734031366773349,0,1,1,1,0,0,-33.645474909952966,-37.221522932254629,1,202,202,0,-1.6169659262828868,1,0,1
1789734031434525409,1789734031466770723,0,1,1,1,0,0,-33.645474909952966,-37.221522932254629,1,202,202,0,-1.6170120394187717,1,0,1
1789734031561852494,1789734031566753195,0,1,1,1,0,0,-33.645474909952966,-37.221522932254629,1,202,202,0,-1.6170515752559536,1,0,1
1789734031687677374,1789734031766787632,0,1,1,1,0,0,-33.645474909952966,-37.221522932254629,1,202,202,0,-1.6170797764117388,1,0,1
1789734031813681505,1789734031866748219,0,1,1,1,0,0,-33.645474909952966,-37.221522932254629,1,202,202,0,-1.6170617772883267,1,0,1
1789734031937705904,1789734031966784982,0,1,1,1,0,0,-33.645474909952966,-37.221522932254629,1,202,202,0,-1.6170071879363048,1,0,1
1789734032081552875,1789734032166732131,0,1,1,1,0,0,-33.645474909952966,-37.221522932254629,1,202,202,0,-1.6169861691713618,1,0,1
1789734032199373826,1789734032266773671,0,1,1,1,0,0,-33.645474909952966,-37.221522932254629,1,202,202,0,-1.6169464612972395,1,0,1
1789734032315190004,1789734032366777914,0,1,1,1,0,0,-33.645474909952966,-37.221522932254629,1,202,202,0,-1.6169280178461274,1,0,1
1789734032438754298,1789734032466770617,0,1,1,1,0,0,-33.645474909952966,-37.221522932254629,1,202,202,0,-1.6169395590192601,1,0,1
1789734032565714271,1789734032666734025,0,1,1,1,0,0,-33.645474909952966,-37.221522932254629,1,202,202,0,-1.6169414580891674,1,0,1
1789734032683552688,1789734032766719568,0,1,1,1,0,0,-33.645474909952966,-37.221522932254629,1,202,202,0,-1.6169023592472769,1,0,1
1789734032815269260,1789734032866762654,0,1,1,1,0,0,-33.645474909952966,-37.221522932254629,1,202,202,0,-1.6169211267743542,1,0,1
1789734032939431128,1789734032966772821,0,1,1,1,0,0,-33.645474909952966,-37.221522932254629,1,202,202,0,-1.616977460309541,1,0,1
1789734033073348112,1789734033166775518,0,1,1,1,0,0,-33.645474909952966,-37.221522932254629,1,202,202,0,-1.6170087488726237,1,0,1
1789734033184479416,1789734033266725931,0,1,1,1,0,0,-33.645474909952966,-37.221522932254629,1,202,202,0,-1.6169846440745368,1,0,1
1789734033310358013,1789734033366750702,0,1,1,1,0,0,-33.645474909952966,-37.221522932254629,1,202,202,0,-1.6169386223230102,1,0,1
1789734033436728451,1789734033466745961,0,1,1,1,0,0,-33.645474909952966,-37.221522932254629,1,202,202,0,-1.6168787836304066,1,0,1
1789734033554250279,1789734033566769395,0,1,1,1,0,0,-33.645474909952966,-37.221522932254629,1,202,202,0,-1.6168776761519927,1,0,1
1789734033690422598,1789734033766740311,0,1,1,1,0,0,-33.645474909952966,-37.221522932254629,1,202,202,0,-1.6168014021141657,1,0,1
1789734033816401602,1789734033866774554,0,1,1,1,0,0,-33.645474909952966,-37.221522932254629,1,202,202,0,-1.6167930855370991,1,0,1
1789734033938479938,1789734033966746584,0,1,1,1,0,0,-33.645474909952966,-37.221522932254629,1,202,202,0,-1.6167694449496555,1,0,1
1789734034079685811,1789734034166741394,0,1,1,1,0,0,-33.645474909952966,-37.221522932254629,1,202,202,0,-1.6167962523788484,1,0,1
1789734034193628380,1789734034266744727,0,1,1,1,0,0,-33.645474909952966,-37.221522932254629,1,202,202,0,-1.616758846537887,1,0,1
1789734034313380198,1789734034366727348,0,1,1,1,0,0,-33.645474909952966,-37.221522932254629,1,202,202,0,-1.6167292555532518,1,0,1
1789734034435395738,1789734034466743625,0,1,1,1,0,0,-33.645474909952966,-37.221522932254629,1,202,202,0,-1.6167207496630791,1,0,1
1789734034565606245,1789734034666784636,0,1,1,1,0,0,-33.645474909952966,-37.221522932254629,1,202,202,0,-1.6167056414743679,1,0,1
1789734034690260195,1789734034766736934,0,1,1,1,0,0,-33.645474909952966,-37.221522932254629,1,202,202,0,-1.6166683857185129,1,0,1
1789734034815262491,1789734034866739300,0,1,1,1,0,0,-33.645474909952966,-37.221522932254629,1,202,202,0,-1.6166113938052129,1,0,1
1789734034936167122,1789734034966727954,0,1,1,1,0,0,-33.645474909952966,-37.221522932254629,1,202,202,0,-1.6166256309686819,1,0,1
1789734035073345132,1789734035166770301,0,1,1,1,0,0,-33.645474909952966,-37.221522932254629,1,202,202,0,-1.6166262785382357,1,0,1
1789734035187373164,1789734035266757167,0,1,1,1,0,0,-33.645474909952966,-37.221522932254629,1,202,202,0,-1.6166982003261579,1,0,1
1789734035310521824,1789734035366744557,0,1,1,1,0,0,-33.645474909952966,-37.221522932254629,1,202,202,0,-1.6166918506697734,1,0,1
1789734035437462390,1789734035466774506,0,1,1,1,0,0,-33.645474909952966,-37.221522932254629,1,202,202,0,-1.6167506390024302,1,0,1
1789734035564551277,1789734035666719541,0,1,1,1,0,0,-33.645474909952966,-37.221522932254629,1,202,202,0,-1.6166191604363926,1,0,1
1789734035687512481,1789734035766729986,0,1,1,1,0,0,-33.645474909952966,-37.221522932254629,1,202,202,0,-1.6167648681156224,1,0,1
1789734035816131256,1789734035866766475,0,1,1,1,0,0,-33.645474909952966,-37.221522932254629,1,202,202,0,-1.616649061970111,1,0,1
1789734035937284370,1789734035966777839,0,1,1,1,0,0,-33.645474909952966,-37.221522932254629,1,202,202,0,-1.6166941074936063,1,0,1
1789734036081505326,1789734036166787648,0,1,1,1,0,0,-33.645474909952966,-37.221522932254629,1,202,202,0,-1.616753830533324,1,0,1
1789734036192676129,1789734036266785586,0,1,1,1,0,0,-33.645474909952966,-37.221522932254629,1,202,202,0,-1.6167103509941931,1,0,1
1789734036308226756,1789734036366781828,0,1,1,1,0,0,-33.645474909952966,-37.221522932254629,1,202,202,0,-1.6167264371958774,1,0,1
1789734036435179309,1789734036466779205,0,1,1,1,0,0,-33.645474909952966,-37.221522932254629,1,202,202,0,-1.6167350969720156,1,0,1
1789734036562437802,1789734036566728828,0,1,1,1,0,0,-33.645474909952966,-37.221522932254629,1,202,202,0,-1.6167283880643692,1,0,1
1789734036687978657,1789734036766772409,0,1,1,1,0,0,-33.645474909952966,-37.221522932254629,1,202,202,0,-1.6167528336047194,1,0,1
1789734036816512247,1789734036866782774,0,1,1,1,0,0,-33.645474909952966,-37.221522932254629,1,202,202,0,-1.6167032004862838,1,0,1
1789734036937222317,1789734036966767096,0,1,1,1,0,0,-33.645474909952966,-37.221522932254629,1,202,202,0,-1.6167052814346374,1,0,1
1789734037071564111,1789734037166768507,0,1,1,1,0,0,-33.645474909952966,-37.221522932254629,1,202,202,0,-1.6166725164881344,1,0,1
1789734037182510459,1789734037266767737,0,1,1,1,0,0,-33.645474909952966,-37.221522932254629,1,202,202,0,-1.6165873052787154,1,0,1
1789734037314523410,1789734037366781943,0,1,1,1,0,0,-33.645474909952966,-37.221522932254629,1,202,202,0,-1.6166614231158696,1,0,1
1789734037439619982,1789734037466739060,0,1,1,1,0,0,-33.645474909952966,-37.221522932254629,1,202,202,0,-1.6166998481919577,1,0,1
1789734037564744253,1789734037666765195,0,1,1,1,0,0,-33.645474909952966,-37.221522932254629,1,202,202,0,-1.6167618121146585,1,0,1
1789734037687124923,1789734037766768487,0,1,1,1,0,0,-33.645474909952966,-37.221522932254629,1,202,202,0,-1.616895186269649,1,0,1
1789734037815453050,1789734037866768747,0,1,1,1,0,0,-33.645474909952966,-37.221522932254629,1,202,202,0,-1.616881903967029,1,0,1
1789734037937482730,1789734037966766643,0,1,1,1,0,0,-33.645474909952966,-37.221522932254629,1,202,202,0,-1.6168989741892994,1,0,1
1789734038064005609,1789734038166749278,0,1,1,1,0,0,-33.645474909952966,-37.221522932254629,1,202,202,0,-1.6168018046368151,1,0,1
1789734038190436606,1789734038266742931,0,1,1,1,0,0,-33.645474909952966,-37.221522932254629,1,202,202,0,-1.6167683657969985,1,0,1
1789734038314573976,1789734038366773994,0,1,1,1,0,0,-33.645474909952966,-37.221522932254629,1,202,202,0,-1.616807698622325,1,0,1
1789734038437028123,1789734038466772612,0,1,1,1,0,0,-33.645474909952966,-37.24007626554112,1,202,202,0.01855333328649067,-1.6167803571706456,1,0,1
1789734038563469697,1789734038666722289,0,1,1,1,0,0,-33.645474909952966,-37.24007626554112,1,202,202,0,-1.6166826705710826,1,0,1
1789734038688158584,1789734038766769913,0,1,1,1,0,0,-33.645474909952966,-37.24007626554112,1,202,202,0,-1.6166199822652352,1,0,1
1789734038817602596,1789734038866769095,0,1,1,1,0,0,-33.645474909952966,-37.24007626554112,1,202,202,0,-1.6166088221235753,1,0,1
1789734038931658201,1789734038966772291,0,1,1,1,0,0,-33.645474909952966,-37.221522932254629,1,202,202,0.01855333328649067,-1.616625691607444,1,0,1
1789734039073790279,1789734039166737984,0,1,1,1,0,0,-33.645474909952966,-37.24007626554112,1,202,202,0.01855333328649067,-1.6173253071722065,1,0,1
1789734039186321325,1789734039266777465,0,1,1,1,0,0,-33.645474909952966,-37.221522932254629,1,202,202,0.01855333328649067,-1.6148723761220616,1,0,1
1789734039311325422,1789734039366747099,0,1,1,1,0,0,-33.645474909952966,-37.202969598968139,1,202,202,0.01855333328649067,-1.6124473580074388,1,0,1
1789734039438720842,1789734039466781454,0,1,1,1,0,0,-33.645474909952966,-37.165862932395157,1,202,202,0.037106666572981339,-1.6057421796587428,1,0,1
1789734039564636543,1789734039666746735,0,1,1,1,0,0,-33.630716986130004,-37.147309599108667,1,202,202,0.023707013553038819,-1.5827765882861824,1,0,1
1789734039689254360,1789734039766764119,0,1,1,1,0,0,-33.630716986130004,-37.110202931744709,1,201,202,0.037106667363957513,-1.5659276337521808,1,0,1
1789734039814396770,1789734039866772610,0,1,1,1,0,0,-33.615959062307049,-37.073096265171728,1,201,201,0.039933707813356936,-1.5492325230891395,1,0,1
1789734039940533601,1789734039966786924,0,1,1,1,0,0,-33.630716986130004,-37.035989598598746,1,201,201,0.039933707813356936,-1.5284618113382822,1,0,1
1789734040083392873,1789734040166730107,0,1,1,1,0,0,-33.615959062307049,-37.017436265312256,1,201,201,0.023707013553034395,-1.4877092212102627,1,0,1
1789734040190242393,1789734040266770009,0,1,1,1,0,0,-33.601201138484086,-36.980329598739274,1,201,201,0.039933707813359559,-1.4674593815260595,1,0,1
1789734040317580923,1789734040366769707,0,1,1,1,0,0,-33.601201138484086,-36.943222932166293,1,201,201,0.037106666572981339,-1.4446451532422371,1,0,1
1789734040443172220,1789734040466777278,0,1,1,1,0,0,-33.586443214661131,-36.906116265593312,1,201,201,0.039933707813356936,-1.424078454785056,1,0,1
1789734040568372520,1789734040666769063,0,1,1,1,0,0,-33.571685290838168,-36.887562932306821,1,201,201,0.023707013553038819,-1.3814676106796036,1,0,1
1789734040691555246,1789734040766720241,0,1,1,1,0,0,-33.571685290838168,-36.85045626573384,1,200,201,0.037106666572981339,-1.3603315002673784,1,0,1
1789734040813904808,1789734040866753244,0,1,1,1,0,0,-33.556927367015213,-36.831902932447349,1,200,200,0.023707013553034395,-1.3398806631891349,1,0,1
1789734040936604356,1789734040966766876,0,1,1,1,0,0,-33.556927367015213,-36.776242931796901,1,200,200,0.055660000650448183,-1.3200665240264455,1,0,1
1789734041074344650,1789734041166774492,0,1,1,1,0,0,-33.556927367015213,-36.75768959851041,1,200,200,0.01855333328649067,-1.30110133004476,1,0,1
1789734041190421320,1789734041266730005,0,1,1,1,0,0,-33.556927367015213,-36.73913626522392,1,200,200,0.01855333328649067,-1.3024350466750121,1,0,1
1789734041315365221,1789734041366777418,0,1,1,1,0,0,-33.556927367015213,-36.720582931937429,1,200,200,0.01855333328649067,-1.3063672028010596,1,0,1
1789734041438108405,1789734041466767824,0,1,1,1,0,0,-33.556927367015213,-36.73913626522392,1,200,200,0.01855333328649067,-1.3095576182724087,1,0,1
1789734041562779060,1789734041666738283,0,1,1,1,0,0,-33.556927367015213,-36.73913626522392,1,200,200,0,-1.3121263457043575,1,0,1
1789734041683725213,1789734041766768661,0,1,1,1,0,0,-33.556927367015213,-36.75768959851041,1,200,200,0.01855333328649067,-1.3104685329842849,1,0,1
1789734041816211218,1789734041866769582,0,1,1,1,0,0,-33.556927367015213,-36.776242931796901,1,200,200,0.01855333328649067,-1.3080933209106924,1,0,1
1789734041938518567,1789734041966753850,0,1,1,1,0,0,-33.527411519369295,-36.813349599160858,1,200,200,0.047414027725098659,-1.3028275872115076,1,0,1
1789734042082288397,1789734042166770208,0,1,1,1,0,0,-33.527411519369295,-36.831902932447349,1,200,200,0.01855333328649067,-1.2863336524734272,1,0,1
1789734042195592036,1789734042266779764,0,1,1,1,0,0,-33.51265359554634,-36.85045626573384,1,200,200,0.023707013553034395,-1.2752951886174531,1,0,1
1789734042313453279,1789734042366752104,0,1,1,1,0,0,-33.51265359554634,-36.86900959902033,1,201,200,0.01855333328649067,-1.2622648263292162,1,0,1
1789734042437645952,1789734042466778947,0,1,1,1,0,0,-33.497895671723377,-36.86900959902033,1,201,201,0.014757923822962482,-1.250167133748278,1,0,1
1789734042555286485,1789734042566773078,0,1,1,1,0,0,-33.483137747900422,-36.906116265593312,1,201,201,0.039933707813356936,-1.2354404744253829,1,0,1
1789734042690291277,1789734042766793901,0,1,1,1,0,0,-33.468379824077466,-36.924669598879802,1,201,201,0.023707013553034395,-1.2068901234020888,1,0,1
1789734042817205148,1789734042866770255,0,1,1,1,0,0,-33.453621900254504,-36.943222932166293,1,201,201,0.023707013553038819,-1.1907178468429744,1,0,1
1789734042937941140,1789734042966783118,0,1,1,1,0,0,-33.438863976431549,-36.961776265452784,1,201,201,0.023707013553034395,-1.1743541058615001,1,0,1
1789734043072300078,1789734043166776687,0,1,1,1,0,0,-33.424106052608586,-36.980329598739274,1,201,201,0.023707013553038819,-1.1400281483767927,1,0,1
1789734043186707589,1789734043266776001,0,1,1,1,0,0,-33.409348128785631,-36.998882932025765,1,201,201,0.023707013553034395,-1.1230359248814135,1,0,1
1789734043313400089,1789734043366718726,0,1,1,1,0,0,-33.379832281139713,-37.017436265312256,1,201,201,0.034862751444724463,-1.105213608707353,1,0,1
1789734043433262728,1789734043466771964,0,1,1,1,0,0,-33.365074357316757,-37.035989598598746,1,201,201,0.023707013553034395,-1.0876517384452069,1,0,1
1789734043565524055,1789734043666740754,0,1,1,1,0,0,-33.33555850967084,-37.054542931885237,1,201,201,0.034862751444724463,-1.051545957104965,1,0,1
1789734043690603710,1789734043766764623,0,1,1,1,0,0,-33.320800585847877,-37.073096265171728,1,201,201,0.023707013553038819,-1.0339603287944041,1,0,1
1789734043817757927,1789734043866739674,0,1,1,1,0,0,-33.306042662024922,-37.091649598458218,1,202,201,0.023707013553034395,-1.0153252958851455,1,0,1
1789734043939431143,1789734043966748205,0,1,1,1,0,0,-33.276526814379004,-37.128756265822176,1,202,202,0.047414027725098659,-0.99736928867198493,1,0,1
1789734044074075157,1789734044166767232,0,1,1,1,0,0,-33.261768890556048,-37.147309599108667,1,202,202,0.023707013553034395,-0.95984612202133146,1,0,1
1789734044187478525,1789734044266783120,0,1,1,1,0,0,-33.232253042910131,-37.165862932395157,1,202,202,0.034862751444724463,-0.94312824310439014,1,0,1
1789734044311525818,1789734044366768364,0,1,1,1,0,0,-33.217495117828832,-37.165862932395157,1,202,202,0.01475792508129814,-0.92439337888812201,1,0,1
1789734044436195338,1789734044466770268,0,1,1,1,0,0,-33.187979270182922,-37.184416265681648,1,202,202,0.034862751444718447,-0.90569606551071224,1,0,1
1789734044564253622,1789734044666773692,0,1,1,1,0,0,-33.158463422537004,-37.221522932254629,1,202,202,0.047414027106073217,-0.86674918550812396,1,0,1
1789734044687635020,1789734044766774239,0,1,1,1,0,0,-33.128947574891086,-37.24007626554112,1,202,202,0.034862751444724463,-0.84634081900516778,1,0,1
1789734044819487459,1789734044866764034,0,1,1,1,0,0,-33.099431727245168,-37.258629598827611,1,202,202,0.034862751444724463,-0.82676602065770988,1,0,1
1789734044938430818,1789734044966739932,0,1,1,1,0,0,-33.06991587959925,-37.277182932114101,1,202,202,0.034862751444724463,-0.80700038032875199,1,0,1
1789734045075167347,1789734045166770817,0,1,1,1,0,0,-33.040400031953332,-37.295736265400592,1,202,202,0.034862751444724463,-0.76603028417881491,1,0,1
1789734045191526099,1789734045266750840,0,1,1,1,0,0,-32.996126260484459,-37.314289598687083,1,203,202,0.048004093743321687,-0.74681515119848285,1,0,1
1789734045310495451,1789734045366767834,0,1,1,1,0,0,-32.981368336661504,-37.314289598687083,1,203,203,0.014757923822955377,-0.73605614651969731,1,0,1
1789734045437272526,1789734045466740079,0,1,1,1,0,0,-32.951852489015586,-37.332842931973573,1,203,203,0.034862751444724463,-0.73101414910513096,1,0,1
1789734045564419922,1789734045666787563,0,1,1,1,0,0,-32.937094565192631,-37.332842931973573,1,203,203,0.014757923822955377,-0.73354799167007467,1,0,1
1789734045695457328,1789734045766772893,0,1,1,1,0,0,-32.951852489015586,-37.332842931973573,1,203,203,0.014757923822955377,-0.73246149799214866,1,0,1
1789734045821575552,1789734045866765896,0,1,1,1,0,0,-32.951852489015586,-37.332842931973573,1,203,203,0,-0.73324498701311658,1,0,1
1789734045942451206,1789734045966770235,0,1,1,1,0,0,-32.951852489015586,-37.332842931973573,1,203,203,0,-0.73325417705586204,1,0,1
1789734046084142865,1789734046166767414,0,1,1,1,0,0,-32.951852489015586,-37.332842931973573,1,203,203,0,-0.73315575329339522,1,0,1
1789734046192197534,1789734046266767695,0,1,1,1,0,0,-32.951852489015586,-37.332842931973573,1,203,203,0,-0.73281073283259879,1,0,1
1789734046317469656,1789734046366725870,0,1,1,1,0,0,-32.937094565192631,-37.332842931973573,1,203,203,0.014757923822955377,-0.73298609320863184,1,0,1
1789734046437335676,1789734046466779114,0,1,1,1,0,0,-32.951852489015586,-37.332842931973573,1,203,203,0.014757923822955377,-0.73277703570659369,1,0,1
1789734046568374026,1789734046666774529,0,1,1,1,0,0,-32.937094565192631,-37.332842931973573,1,203,203,0.014757923822955377,-0.73268640182042599,1,0,1
1789734046693254949,1789734046766738674,0,1,1,1,0,0,-32.951852489015586,-37.332842931973573,1,203,203,0.014757923822955377,-0.73260134665524657,1,0,1
1789734046822521392,1789734046866766879,0,1,1,1,0,0,-32.937094565192631,-37.332842931973573,1,203,203,0.014757923822955377,-0.73255378473241617,1,0,1
1789734046942167301,1789734046966766669,0,1,1,1,0,0,-32.937094565192631,-37.332842931973573,1,203,203,0,-0.7325001386973744,1,0,1
1789734047068132501,1789734047166767338,0,1,1,1,0,0,-32.937094565192631,-37.332842931973573,1,203,203,0,-0.73234388997774325,1,0,1
1789734047194245477,1789734047266766508,0,1,1,1,0,0,-32.951852489015586,-37.332842931973573,1,203,203,0.014757923822955377,-0.7322211597457704,1,0,1
1789734047320376603,1789734047366748018,0,1,1,1,0,0,-32.937094565192631,-37.332842931973573,1,203,203,0.014757923822955377,-0.73221383819466412,1,0,1
1789734047441412216,1789734047466746378,0,1,1,1,0,0,-32.937094565192631,-37.332842931973573,1,203,203,0,-0.73194195998949674,1,0,1
1789734047566289504,1789734047666764964,0,1,1,1,0,0,-32.937094565192631,-37.332842931973573,1,203,203,0,-0.73187424935125955,1,0,1
1789734047688502690,1789734047766774946,0,1,1,1,0,0,-32.937094565192631,-37.332842931973573,1,203,203,0,-0.73158955239661561,1,0,1
1789734047818238070,1789734047866770818,0,1,1,1,0,0,-32.937094565192631,-37.332842931973573,1,203,203,0,-0.73502263961142722,1,0,1
1789734047932171468,1789734047966772792,0,1,1,1,0,0,-32.937094565192631,-37.332842931973573,1,203,203,0,-0.74403348113982437,1,0,1
1789734048085191755,1789734048166767863,0,1,1,1,0,0,-32.922336641369668,-37.351396265260064,1,203,203,0.023707013553038819,-0.77396182140983694,1,0,1
1789734048202355077,1789734048266768122,0,1,1,1,0,0,-32.922336641369668,-37.369949598546555,1,203,203,0.01855333328649067,-0.79288955994652355,1,0,1
1789734048320484487,1789734048366768604,0,1,1,1,0,0,-32.907578717546713,-37.407056265119536,1,203,203,0.039933707813356936,-0.81267881413404774,1,0,1
1789734048447521673,1789734048466741204,0,1,1,1,0,0,-32.89282079372375,-37.425609599197003,1,203,203,0.023707014172064268,-0.83346778930039855,1,0,1
1789734048568643933,1789734048666771345,0,1,1,1,0,0,-32.878062869900795,-37.462716265769984,1,203,203,0.039933707813356936,-0.87662942237395169,1,0,1
1789734048694276339,1789734048766737149,0,1,1,1,0,0,-32.863304946077839,-37.499822932342965,1,204,203,0.039933707813356936,-0.8969103601557924,1,0,1
