idx,utc,lat,lon,height_m,east_m,north_m,quality
0,041400.37,37.2889723,127.1076515,113.300,0.000,0.000,4
1,041406.50,37.2889735,127.1076480,113.300,-0.310,0.130,4
2,041407.12,37.2889745,127.1076447,113.300,-0.605,0.241,4
3,041407.75,37.2889755,127.1076413,113.300,-0.900,0.353,4
4,041408.37,37.2889763,127.1076380,113.300,-1.196,0.445,4
5,041409.00,37.2889773,127.1076345,113.300,-1.506,0.557,4
6,041409.62,37.2889783,127.1076310,113.300,-1.816,0.668,4
7,041410.25,37.2889793,127.1076273,113.300,-2.140,0.779,4
8,041410.87,37.2889805,127.1076237,113.300,-2.465,0.909,4
9,041411.50,37.2889815,127.1076202,113.300,-2.775,1.020,4
10,041412.12,37.2889823,127.1076168,113.300,-3.070,1.113,4
11,041412.75,37.2889833,127.1076132,113.300,-3.395,1.225,4
12,041413.37,37.2889845,127.1076097,113.300,-3.705,1.354,4
13,041414.00,37.2889857,127.1076060,113.300,-4.030,1.484,4
14,041414.62,37.2889867,127.1076023,113.300,-4.354,1.596,4
15,041415.25,37.2889877,127.1075988,113.300,-4.664,1.707,4
16,041415.87,37.2889888,127.1075948,113.300,-5.019,1.837,4
17,041416.37,37.2889900,127.1075907,113.300,-5.388,1.967,4
18,041416.87,37.2889913,127.1075863,113.300,-5.771,2.115,4
19,041417.25,37.2889923,127.1075832,113.300,-6.052,2.226,4
20,041417.62,37.2889930,127.1075798,113.300,-6.347,2.301,4
21,041418.12,37.2889942,127.1075755,113.300,-6.731,2.430,4
22,041418.50,37.2889952,127.1075722,113.300,-7.026,2.542,4
23,041419.00,37.2889962,127.1075678,113.300,-7.410,2.653,4
24,041419.37,37.2889972,127.1075647,113.300,-7.690,2.764,4
25,041419.75,37.2889982,127.1075613,113.300,-7.986,2.876,4
26,041420.25,37.2889992,127.1075570,113.200,-8.369,2.987,4
27,041420.62,37.2890000,127.1075535,113.200,-8.679,3.080,4
28,041421.00,37.2890010,127.1075503,113.300,-8.960,3.191,4
29,041421.37,37.2890018,127.1075470,113.200,-9.255,3.284,4
30,041421.75,37.2890027,127.1075437,113.200,-9.550,3.377,4
31,041422.12,37.2890035,127.1075403,113.300,-9.845,3.469,4
32,041422.62,37.2890047,127.1075360,113.200,-10.229,3.599,4
33,041423.00,37.2890057,127.1075327,113.200,-10.524,3.711,4
34,041423.37,37.2890065,127.1075293,113.300,-10.820,3.803,4
35,041423.87,37.2890077,127.1075250,113.300,-11.203,3.933,4
36,041424.25,37.2890085,127.1075217,113.300,-11.499,4.026,4
37,041424.62,37.2890095,127.1075183,113.200,-11.794,4.137,4
38,041425.00,37.2890108,127.1075153,113.200,-12.060,4.286,4
39,041425.37,37.2890118,127.1075120,113.200,-12.355,4.397,4
40,041425.75,37.2890130,127.1075087,113.200,-12.650,4.527,4
41,041426.25,37.2890143,127.1075043,113.200,-13.034,4.675,4
42,041426.62,37.2890153,127.1075012,113.200,-13.314,4.787,4
43,041427.00,37.2890163,127.1074980,113.200,-13.595,4.898,4
44,041427.37,37.2890173,127.1074945,113.200,-13.905,5.009,4
45,041427.75,37.2890183,127.1074913,113.200,-14.185,5.121,4
46,041428.12,37.2890193,127.1074880,113.200,-14.480,5.232,4
47,041428.50,37.2890203,127.1074847,113.200,-14.776,5.343,4
48,041428.87,37.2890213,127.1074813,113.200,-15.071,5.455,4
49,041429.37,37.2890225,127.1074770,113.200,-15.455,5.585,4
50,041429.75,37.2890233,127.1074737,113.200,-15.750,5.677,4
51,041430.12,37.2890240,127.1074703,113.200,-16.045,5.752,4
52,041430.50,37.2890250,127.1074670,113.200,-16.340,5.863,4
53,041430.87,37.2890257,127.1074637,113.200,-16.635,5.937,4
54,041431.25,37.2890265,127.1074603,113.200,-16.931,6.030,4
55,041431.62,37.2890273,127.1074570,113.200,-17.226,6.123,4
56,041432.00,37.2890283,127.1074537,113.200,-17.521,6.234,4
57,041432.37,37.2890290,127.1074502,113.200,-17.831,6.308,4
58,041432.75,37.2890297,127.1074468,113.200,-18.126,6.382,4
59,041433.12,37.2890305,127.1074435,113.200,-18.422,6.475,4
60,041433.50,37.2890312,127.1074402,113.200,-18.717,6.549,4
61,041433.87,37.2890320,127.1074368,113.200,-19.012,6.642,4
62,041434.37,37.2890330,127.1074325,113.200,-19.396,6.753,4
63,041434.75,37.2890338,127.1074292,113.200,-19.691,6.846,4
64,041435.12,37.2890345,127.1074257,113.200,-20.001,6.920,4
65,041435.50,37.2890353,127.1074223,113.200,-20.296,7.013,4
66,041435.87,37.2890362,127.1074190,113.200,-20.591,7.106,4
67,041436.25,37.2890370,127.1074157,113.200,-20.887,7.199,4
68,041436.62,37.2890378,127.1074122,113.200,-21.197,7.291,4
69,041437.00,37.2890385,127.1074088,113.200,-21.492,7.366,4
70,041437.37,37.2890393,127.1074055,113.200,-21.787,7.458,4
71,041437.87,37.2890407,127.1074018,113.200,-22.112,7.607,4
72,041438.37,37.2890417,127.1073983,113.200,-22.422,7.718,4
73,041438.87,37.2890427,127.1073945,113.300,-22.761,7.830,4
74,041439.37,37.2890437,127.1073905,113.300,-23.115,7.941,4
75,041439.87,37.2890447,127.1073868,113.400,-23.440,8.052,4
76,041440.37,37.2890458,127.1073830,113.400,-23.780,8.182,4
77,041440.87,37.2890467,127.1073790,113.400,-24.134,8.275,4
78,041441.37,37.2890477,127.1073752,113.500,-24.473,8.386,4
79,041441.87,37.2890487,127.1073712,113.500,-24.828,8.497,4
80,041442.37,37.2890498,127.1073670,113.500,-25.197,8.627,4
81,041442.87,37.2890508,127.1073630,113.600,-25.551,8.739,4
82,041443.37,37.2890518,127.1073587,113.600,-25.935,8.850,4
83,041443.87,37.2890530,127.1073548,113.700,-26.274,8.980,4
84,041444.37,37.2890542,127.1073508,113.700,-26.629,9.110,4
85,041444.87,37.2890553,127.1073467,113.800,-26.998,9.240,4
86,041445.37,37.2890565,127.1073427,113.800,-27.352,9.369,4
87,041445.87,37.2890577,127.1073385,113.800,-27.721,9.499,4
88,041446.37,37.2890588,127.1073343,113.900,-28.090,9.629,4
89,041446.87,37.2890598,127.1073302,113.900,-28.459,9.740,4
90,041447.37,37.2890610,127.1073260,114.000,-28.828,9.870,4
91,041447.87,37.2890622,127.1073218,114.000,-29.197,10.000,4
92,041448.37,37.2890633,127.1073177,114.000,-29.566,10.130,4
93,041448.75,37.2890642,127.1073143,114.100,-29.861,10.223,4
94,041449.25,37.2890655,127.1073103,114.100,-30.215,10.371,4
95,041449.62,37.2890662,127.1073070,114.200,-30.511,10.446,4
96,041450.00,37.2890672,127.1073038,114.200,-30.791,10.557,4
97,041450.50,37.2890683,127.1072997,114.300,-31.160,10.687,4
98,041450.87,37.2890693,127.1072965,114.300,-31.441,10.798,4
99,041451.37,37.2890705,127.1072923,114.300,-31.810,10.928,4
100,041451.75,37.2890713,127.1072890,114.400,-32.105,11.021,4
101,041452.12,37.2890722,127.1072857,114.400,-32.400,11.113,4
102,041452.62,37.2890735,127.1072817,114.500,-32.754,11.262,4
103,041453.12,37.2890747,127.1072775,114.500,-33.123,11.392,4
104,041453.50,37.2890755,127.1072742,114.600,-33.419,11.485,4
105,041454.00,37.2890767,127.1072700,114.600,-33.788,11.614,4
106,041454.50,37.2890780,127.1072658,114.700,-34.157,11.763,4
107,041454.87,37.2890790,127.1072627,114.700,-34.437,11.874,4
108,041455.37,37.2890802,127.1072583,114.700,-34.821,12.004,4
109,041455.75,37.2890812,127.1072550,114.800,-35.116,12.115,4
110,041456.12,37.2890822,127.1072517,114.800,-35.411,12.227,4
111,041456.50,37.2890830,127.1072480,114.800,-35.736,12.319,4
112,041456.87,37.2890840,127.1072443,114.900,-36.061,12.431,4
113,041457.25,37.2890852,127.1072407,114.900,-36.385,12.561,4
114,041457.62,37.2890862,127.1072367,114.900,-36.740,12.672,4
115,041458.00,37.2890873,127.1072323,114.900,-37.124,12.802,4
116,041458.37,37.2890885,127.1072282,114.900,-37.493,12.932,4
117,041458.75,37.2890898,127.1072235,114.900,-37.906,13.080,4
118,041459.12,37.2890908,127.1072190,114.800,-38.304,13.191,4
119,041459.50,37.2890920,127.1072147,114.800,-38.688,13.321,4
120,041459.87,37.2890932,127.1072103,114.700,-39.072,13.451,4
121,041500.25,37.2890942,127.1072058,114.700,-39.471,13.562,4
122,041500.62,37.2890953,127.1072017,114.700,-39.840,13.692,4
123,041501.00,37.2890965,127.1071977,114.600,-40.194,13.822,4
124,041501.37,37.2890975,127.1071933,114.600,-40.578,13.934,4
125,041501.75,37.2890985,127.1071893,114.500,-40.932,14.045,4
126,041502.12,37.2890993,127.1071855,114.500,-41.271,14.138,4
127,041502.50,37.2891003,127.1071815,114.400,-41.626,14.249,4
128,041502.87,37.2891013,127.1071778,114.400,-41.950,14.360,4
129,041503.25,37.2891023,127.1071740,114.300,-42.290,14.472,4
130,041503.62,37.2891035,127.1071703,114.300,-42.615,14.601,4
131,041504.00,37.2891047,127.1071668,114.300,-42.925,14.731,4
132,041504.37,37.2891058,127.1071633,114.200,-43.235,14.861,4
133,041504.75,37.2891070,127.1071598,114.200,-43.545,14.991,4
134,041505.12,37.2891080,127.1071562,114.200,-43.869,15.102,4
135,041505.50,37.2891090,127.1071527,114.100,-44.179,15.214,4
136,041505.87,37.2891100,127.1071492,114.100,-44.489,15.325,4
137,041506.25,37.2891112,127.1071457,114.000,-44.799,15.455,4
138,041506.62,37.2891122,127.1071422,114.000,-45.109,15.566,4
139,041507.00,37.2891132,127.1071387,114.000,-45.419,15.678,4
140,041507.37,37.2891142,127.1071352,113.900,-45.729,15.789,4
141,041507.75,37.2891153,127.1071318,113.900,-46.024,15.919,4
142,041508.12,37.2891163,127.1071283,113.900,-46.334,16.030,4
143,041508.50,37.2891172,127.1071248,113.800,-46.644,16.123,4
144,041508.87,37.2891182,127.1071213,113.800,-46.954,16.234,4
145,041509.25,37.2891192,127.1071180,113.800,-47.249,16.345,4
146,041509.62,37.2891203,127.1071145,113.700,-47.559,16.475,4
147,041510.00,37.2891212,127.1071112,113.700,-47.855,16.568,4
148,041510.37,37.2891222,127.1071078,113.700,-48.150,16.679,4
149,041510.87,37.2891232,127.1071045,113.600,-48.445,16.791,4
150,041511.50,37.2891242,127.1071005,113.600,-48.799,16.902,4
151,041512.12,37.2891253,127.1070967,113.600,-49.139,17.032,4
152,041512.75,37.2891263,127.1070927,113.600,-49.493,17.143,4
153,041513.37,37.2891275,127.1070888,113.500,-49.833,17.273,4
154,041514.00,37.2891285,127.1070852,113.500,-50.157,17.384,4
155,041514.50,37.2891293,127.1070818,113.400,-50.453,17.477,4
156,041515.12,37.2891303,127.1070782,113.400,-50.777,17.589,4
157,041515.75,37.2891313,127.1070745,113.400,-51.102,17.700,4
158,041516.37,37.2891325,127.1070708,113.400,-51.427,17.830,4
159,041517.00,37.2891335,127.1070672,113.300,-51.752,17.941,4
160,041517.62,37.2891345,127.1070637,113.300,-52.062,18.052,4
161,041518.25,37.2891355,127.1070600,113.300,-52.386,18.164,4
162,041518.87,37.2891363,127.1070562,113.300,-52.726,18.256,4
163,041519.50,37.2891375,127.1070525,113.200,-53.050,18.386,4
164,041520.12,37.2891383,127.1070488,113.200,-53.375,18.479,4
165,041520.75,37.2891393,127.1070453,113.200,-53.685,18.590,4
166,041521.37,37.2891403,127.1070418,113.100,-53.995,18.702,4
167,041522.00,37.2891412,127.1070382,113.100,-54.320,18.795,4
168,041522.62,37.2891422,127.1070348,113.100,-54.615,18.906,4
169,041523.25,37.2891430,127.1070313,113.100,-54.925,18.999,4
170,041523.87,37.2891438,127.1070278,113.100,-55.235,19.091,4
171,041524.50,37.2891448,127.1070243,113.100,-55.545,19.203,4
172,041525.12,37.2891457,127.1070210,113.100,-55.840,19.295,4
173,041525.75,37.2891465,127.1070172,113.100,-56.180,19.388,4
174,041526.37,37.2891475,127.1070138,113.000,-56.475,19.500,4
175,041527.00,37.2891482,127.1070105,113.000,-56.770,19.574,4
176,041527.62,37.2891490,127.1070072,113.000,-57.065,19.667,4
177,041528.37,37.2891500,127.1070033,113.000,-57.405,19.778,4
178,041529.00,37.2891508,127.1070000,113.000,-57.700,19.871,4
179,041529.75,37.2891517,127.1069965,113.000,-58.010,19.963,4
180,041530.50,37.2891525,127.1069928,113.000,-58.335,20.056,4
181,041531.25,37.2891527,127.1069890,113.100,-58.674,20.075,4
182,041532.00,37.2891530,127.1069850,113.100,-59.029,20.112,4
183,041532.75,37.2891533,127.1069810,113.100,-59.383,20.149,4
184,041533.50,37.2891537,127.1069770,113.100,-59.737,20.186,4
185,041534.12,37.2891537,127.1069735,113.200,-60.047,20.186,4
186,041534.75,37.2891535,127.1069698,113.200,-60.372,20.167,4
187,041535.37,37.2891535,127.1069662,113.200,-60.697,20.167,4
188,041536.00,37.2891533,127.1069623,113.200,-61.036,20.149,4
189,041536.62,37.2891528,127.1069585,113.200,-61.376,20.093,4
190,041537.25,37.2891523,127.1069547,113.200,-61.715,20.038,4
191,041537.87,37.2891515,127.1069508,113.200,-62.055,19.945,4
192,041538.50,37.2891508,127.1069468,113.200,-62.409,19.871,4
193,041539.12,37.2891500,127.1069430,113.200,-62.748,19.778,4
194,041539.75,37.2891483,127.1069395,113.300,-63.058,19.592,4
195,041540.37,37.2891468,127.1069360,113.300,-63.368,19.425,4
196,041540.87,37.2891455,127.1069330,113.300,-63.634,19.277,4
197,041541.50,37.2891442,127.1069293,113.300,-63.959,19.128,4
198,041542.00,37.2891428,127.1069263,113.300,-64.224,18.980,4
199,041542.62,37.2891410,127.1069230,113.300,-64.520,18.776,4
200,041543.12,37.2891392,127.1069205,113.300,-64.741,18.572,4
201,041543.75,37.2891368,127.1069178,113.300,-64.977,18.312,4
202,041544.25,37.2891347,127.1069157,113.300,-65.169,18.071,4
203,041544.87,37.2891323,127.1069130,113.300,-65.405,17.811,4
204,041545.50,37.2891298,127.1069105,113.200,-65.627,17.533,4
205,041546.00,37.2891277,127.1069083,113.300,-65.819,17.292,4
206,041546.62,37.2891252,127.1069058,113.200,-66.040,17.013,4
207,041547.25,37.2891227,127.1069032,113.200,-66.276,16.735,4
208,041547.87,37.2891202,127.1069007,113.200,-66.498,16.457,4
209,041548.50,37.2891173,127.1068985,113.200,-66.690,16.141,4
210,041549.12,37.2891150,127.1068962,113.200,-66.896,15.882,4
211,041549.75,37.2891123,127.1068938,113.200,-67.103,15.585,4
212,041550.37,37.2891098,127.1068917,113.200,-67.295,15.307,4
213,041551.00,37.2891073,127.1068893,113.200,-67.501,15.028,4
214,041551.62,37.2891048,127.1068870,113.200,-67.708,14.750,4
215,041552.25,37.2891022,127.1068847,113.200,-67.915,14.453,4
216,041552.87,37.2890997,127.1068823,113.200,-68.121,14.175,4
217,041553.50,37.2890970,127.1068802,113.200,-68.313,13.878,4
218,041554.12,37.2890945,127.1068778,113.200,-68.520,13.600,4
219,041554.75,37.2890920,127.1068757,113.200,-68.712,13.321,4
220,041555.37,37.2890893,127.1068732,113.200,-68.933,13.024,4
221,041556.00,37.2890868,127.1068710,113.200,-69.125,12.746,4
222,041556.62,37.2890843,127.1068687,113.200,-69.332,12.468,4
223,041557.25,37.2890817,127.1068665,113.200,-69.524,12.171,4
224,041557.87,37.2890792,127.1068642,113.200,-69.730,11.893,4
225,041558.37,37.2890765,127.1068618,113.200,-69.937,11.596,4
226,041558.75,37.2890742,127.1068600,113.200,-70.099,11.336,4
227,041559.25,37.2890712,127.1068573,113.200,-70.335,11.002,4
228,041559.75,37.2890682,127.1068548,113.200,-70.557,10.668,4
229,041600.25,37.2890653,127.1068522,113.200,-70.793,10.353,4
230,041600.62,37.2890630,127.1068503,113.200,-70.955,10.093,4
231,041601.00,37.2890607,127.1068485,113.200,-71.118,9.833,4
232,041601.37,37.2890583,127.1068467,113.200,-71.280,9.574,4
233,041601.87,37.2890553,127.1068442,113.200,-71.502,9.240,4
234,041602.25,37.2890530,127.1068422,113.200,-71.679,8.980,4
235,041602.62,37.2890507,127.1068403,113.200,-71.841,8.720,4
236,041603.12,37.2890475,127.1068380,113.200,-72.048,8.368,4
237,041603.50,37.2890450,127.1068362,113.200,-72.210,8.089,4
238,041604.00,37.2890418,127.1068338,113.200,-72.417,7.737,4
239,041604.37,37.2890395,127.1068320,113.200,-72.579,7.477,4
240,041604.87,37.2890363,127.1068298,113.200,-72.771,7.124,4
241,041605.25,37.2890338,127.1068280,113.200,-72.933,6.846,4
242,041605.75,37.2890307,127.1068257,113.200,-73.140,6.494,4
243,041606.12,37.2890282,127.1068240,113.200,-73.288,6.215,4
244,041606.62,37.2890250,127.1068218,113.200,-73.480,5.863,4
245,041607.00,37.2890227,127.1068200,113.200,-73.642,5.603,4
246,041607.37,37.2890203,127.1068182,113.200,-73.804,5.343,4
247,041607.75,37.2890178,127.1068165,113.200,-73.952,5.065,4
248,041608.12,37.2890153,127.1068150,113.200,-74.085,4.787,4
249,041608.50,37.2890128,127.1068135,113.200,-74.218,4.508,4
250,041608.87,37.2890102,127.1068122,113.200,-74.336,4.212,4
251,041609.25,37.2890075,127.1068110,113.200,-74.439,3.915,4
252,041609.62,37.2890048,127.1068100,113.200,-74.528,3.618,4
253,041610.00,37.2890022,127.1068095,113.200,-74.572,3.321,4
254,041610.37,37.2889993,127.1068088,113.200,-74.631,3.006,4
255,041610.87,37.2889958,127.1068093,113.200,-74.587,2.616,4
256,041611.25,37.2889930,127.1068098,113.200,-74.542,2.301,4
257,041611.62,37.2889903,127.1068108,113.200,-74.454,2.004,4
258,041612.00,37.2889875,127.1068115,113.200,-74.395,1.688,4
259,041612.37,37.2889847,127.1068120,113.200,-74.350,1.373,4
260,041612.75,37.2889820,127.1068130,113.200,-74.262,1.076,4
261,041613.12,37.2889795,127.1068145,113.200,-74.129,0.798,4
262,041613.50,37.2889770,127.1068163,113.200,-73.967,0.519,4
263,041613.87,37.2889748,127.1068185,113.200,-73.775,0.278,4
264,041614.25,37.2889725,127.1068208,113.200,-73.568,0.019,4
265,041614.62,37.2889703,127.1068232,113.200,-73.361,-0.223,4
266,041615.00,37.2889678,127.1068253,113.200,-73.170,-0.501,4
267,041615.37,37.2889655,127.1068277,113.200,-72.963,-0.761,4
268,041615.75,37.2889633,127.1068300,113.200,-72.756,-1.002,4
269,041616.12,37.2889613,127.1068325,113.200,-72.535,-1.225,4
270,041616.50,37.2889592,127.1068350,113.200,-72.313,-1.466,4
271,041616.87,37.2889573,127.1068375,113.200,-72.092,-1.670,4
272,041617.25,37.2889553,127.1068402,113.200,-71.856,-1.892,4
273,041617.62,37.2889535,127.1068427,113.200,-71.634,-2.097,4
274,041618.00,37.2889517,127.1068453,113.100,-71.398,-2.301,4
275,041618.37,37.2889498,127.1068480,113.100,-71.162,-2.505,4
276,041618.75,37.2889480,127.1068507,113.100,-70.926,-2.709,4
277,041619.12,37.2889463,127.1068533,113.100,-70.690,-2.894,4
278,041619.50,37.2889445,127.1068560,113.100,-70.454,-3.098,4
279,041619.87,37.2889430,127.1068588,113.100,-70.203,-3.265,4
280,041620.25,37.2889415,127.1068617,113.100,-69.952,-3.432,4
281,041620.62,37.2889398,127.1068645,113.100,-69.701,-3.618,4
282,041621.00,37.2889383,127.1068673,113.100,-69.450,-3.785,4
283,041621.37,37.2889368,127.1068703,113.100,-69.184,-3.952,4
284,041621.75,37.2889355,127.1068733,113.100,-68.918,-4.100,4
285,041622.12,37.2889340,127.1068762,113.100,-68.667,-4.267,4
286,041622.50,37.2889327,127.1068792,113.100,-68.402,-4.416,4
287,041622.87,37.2889312,127.1068820,113.100,-68.151,-4.583,4
288,041623.25,37.2889298,127.1068850,113.100,-67.885,-4.731,4
289,041623.62,37.2889285,127.1068882,113.100,-67.605,-4.880,4
290,041624.00,37.2889272,127.1068912,113.100,-67.339,-5.028,4
291,041624.37,37.2889258,127.1068942,113.100,-67.073,-5.176,4
292,041624.75,37.2889247,127.1068973,113.100,-66.793,-5.306,4
293,041625.12,37.2889233,127.1069005,113.100,-66.512,-5.455,4
294,041625.50,37.2889222,127.1069037,113.100,-66.232,-5.585,4
295,041626.00,37.2889207,127.1069078,113.200,-65.863,-5.752,4
296,041626.37,37.2889193,127.1069110,113.200,-65.582,-5.900,4
297,041626.75,37.2889182,127.1069142,113.200,-65.302,-6.030,4
298,041627.12,37.2889172,127.1069173,113.200,-65.022,-6.141,4
299,041627.50,37.2889160,127.1069207,113.200,-64.726,-6.271,4
300,041627.87,37.2889152,127.1069240,113.200,-64.431,-6.364,4
301,041628.25,37.2889142,127.1069273,113.200,-64.136,-6.475,4
302,041628.62,37.2889130,127.1069307,113.200,-63.841,-6.605,4
303,041629.12,37.2889118,127.1069350,113.200,-63.457,-6.735,4
304,041629.50,37.2889107,127.1069383,113.200,-63.162,-6.865,4
305,041630.00,37.2889093,127.1069425,113.100,-62.793,-7.013,4
306,041630.37,37.2889082,127.1069457,113.200,-62.512,-7.143,4
307,041630.75,37.2889072,127.1069488,113.200,-62.232,-7.254,4
308,041631.12,37.2889060,127.1069522,113.100,-61.937,-7.384,4
309,041631.50,37.2889050,127.1069553,113.200,-61.656,-7.496,4
310,041631.87,37.2889038,127.1069585,113.100,-61.376,-7.625,4
311,041632.25,37.2889027,127.1069617,113.200,-61.095,-7.755,4
312,041632.62,37.2889017,127.1069648,113.200,-60.815,-7.867,4
313,041633.00,37.2889005,127.1069680,113.200,-60.534,-7.996,4
314,041633.37,37.2888995,127.1069712,113.200,-60.254,-8.108,4
315,041633.75,37.2888983,127.1069743,113.200,-59.973,-8.238,4
316,041634.12,37.2888972,127.1069775,113.200,-59.693,-8.368,4
317,041634.50,37.2888962,127.1069807,113.200,-59.412,-8.479,4
318,041634.87,37.2888950,127.1069838,113.200,-59.132,-8.609,4
319,041635.25,37.2888938,127.1069872,113.200,-58.837,-8.739,4
320,041635.62,37.2888928,127.1069903,113.200,-58.556,-8.850,4
321,041636.00,37.2888917,127.1069935,113.200,-58.276,-8.980,4
322,041636.37,37.2888905,127.1069967,113.200,-57.995,-9.110,4
323,041636.87,37.2888890,127.1070008,113.200,-57.626,-9.277,4
324,041637.25,37.2888880,127.1070042,113.200,-57.331,-9.388,4
325,041637.75,37.2888880,127.1070085,113.200,-56.947,-9.388,4
326,041638.12,37.2888888,127.1070118,113.200,-56.652,-9.295,4
327,041638.62,37.2888902,127.1070162,113.200,-56.268,-9.147,4
328,041639.12,37.2888918,127.1070202,113.200,-55.914,-8.961,4
329,041639.50,37.2888937,127.1070228,113.200,-55.678,-8.757,4
330,041639.87,37.2888957,127.1070252,113.200,-55.471,-8.535,4
331,041640.25,37.2888980,127.1070273,113.200,-55.279,-8.275,4
332,041640.62,37.2889002,127.1070295,113.200,-55.087,-8.034,4
333,041641.00,37.2889023,127.1070318,113.200,-54.881,-7.792,4
334,041641.37,37.2889045,127.1070343,113.200,-54.659,-7.551,4
335,041641.75,37.2889067,127.1070367,113.200,-54.453,-7.310,4
336,041642.12,37.2889090,127.1070387,113.200,-54.276,-7.050,4
337,041642.62,37.2889122,127.1070413,113.200,-54.039,-6.698,4
338,041643.12,37.2889152,127.1070438,113.200,-53.818,-6.364,4
339,041643.50,37.2889175,127.1070457,113.200,-53.656,-6.104,4
340,041643.87,37.2889200,127.1070475,113.200,-53.493,-5.826,4
341,041644.37,37.2889232,127.1070497,113.300,-53.301,-5.473,4
342,041644.75,37.2889257,127.1070515,113.300,-53.139,-5.195,4
343,041645.12,37.2889283,127.1070528,113.300,-53.021,-4.898,4
344,041645.50,37.2889308,127.1070542,113.300,-52.903,-4.620,4
345,041645.87,37.2889335,127.1070558,113.300,-52.755,-4.323,4
346,041646.25,37.2889360,127.1070573,113.300,-52.622,-4.045,4
347,041646.62,37.2889387,127.1070588,113.300,-52.490,-3.748,4
348,041647.00,37.2889412,127.1070602,113.300,-52.371,-3.469,4
349,041647.37,37.2889438,127.1070617,113.300,-52.239,-3.173,4
350,041647.75,37.2889463,127.1070630,113.300,-52.121,-2.894,4
351,041648.12,37.2889490,127.1070643,113.300,-52.002,-2.597,4
352,041648.50,37.2889515,127.1070660,113.300,-51.855,-2.319,4
353,041648.87,37.2889543,127.1070673,113.200,-51.737,-2.004,4
354,041649.25,37.2889568,127.1070687,113.300,-51.619,-1.725,4
355,041649.62,37.2889593,127.1070702,113.300,-51.486,-1.447,4
356,041650.00,37.2889622,127.1070715,113.200,-51.368,-1.132,4
357,041650.50,37.2889655,127.1070735,113.300,-51.191,-0.761,4
358,041650.87,37.2889680,127.1070750,113.200,-51.058,-0.482,4
359,041651.25,37.2889707,127.1070765,113.200,-50.925,-0.186,4
360,041651.62,37.2889732,127.1070778,113.200,-50.807,0.093,4
361,041652.00,37.2889757,127.1070793,113.200,-50.674,0.371,4
362,041652.37,37.2889782,127.1070810,113.200,-50.526,0.649,4
363,041652.75,37.2889807,127.1070828,113.200,-50.364,0.928,4
364,041653.12,37.2889830,127.1070850,113.200,-50.172,1.187,4
365,041653.50,37.2889848,127.1070878,113.200,-49.921,1.391,4
366,041653.87,37.2889863,127.1070910,113.200,-49.641,1.558,4
367,041654.25,37.2889870,127.1070945,113.200,-49.331,1.633,4
368,041654.62,37.2889872,127.1070982,113.200,-49.006,1.651,4
369,041655.00,37.2889878,127.1071017,113.200,-48.696,1.725,4
370,041655.37,37.2889883,127.1071052,113.200,-48.386,1.781,4
371,041655.75,37.2889890,127.1071087,113.200,-48.076,1.855,4
372,041656.12,37.2889895,127.1071120,113.200,-47.781,1.911,4
373,041656.50,37.2889897,127.1071155,113.200,-47.471,1.930,4
374,041656.87,37.2889900,127.1071190,113.200,-47.161,1.967,4
375,041657.25,37.2889902,127.1071225,113.200,-46.851,1.985,4
376,041657.62,37.2889902,127.1071260,113.200,-46.541,1.985,4
377,041658.00,37.2889902,127.1071295,113.200,-46.231,1.985,4
378,041658.37,37.2889898,127.1071330,113.200,-45.921,1.948,4
379,041658.75,37.2889897,127.1071365,113.200,-45.611,1.930,4
380,041659.12,37.2889892,127.1071398,113.200,-45.316,1.874,4
381,041659.50,37.2889888,127.1071433,113.200,-45.006,1.837,4
382,041659.87,37.2889882,127.1071467,113.200,-44.711,1.763,4
383,041700.25,37.2889875,127.1071500,113.200,-44.415,1.688,4
384,041700.62,37.2889865,127.1071533,113.200,-44.120,1.577,4
385,041701.00,37.2889858,127.1071567,113.200,-43.825,1.503,4
386,041701.37,37.2889852,127.1071600,113.200,-43.530,1.429,4
387,041701.75,37.2889845,127.1071633,113.200,-43.235,1.354,4
388,041702.12,37.2889835,127.1071667,113.200,-42.939,1.243,4
389,041702.50,37.2889828,127.1071700,113.200,-42.644,1.169,4
390,041702.87,37.2889818,127.1071733,113.200,-42.349,1.058,4
391,041703.25,37.2889808,127.1071765,113.200,-42.068,0.946,4
392,041703.62,37.2889798,127.1071797,113.200,-41.788,0.835,4
393,041704.00,37.2889783,127.1071827,113.200,-41.522,0.668,4
394,041704.50,37.2889767,127.1071865,113.200,-41.183,0.482,4
395,041705.00,37.2889750,127.1071905,113.200,-40.829,0.297,4
396,041705.50,37.2889733,127.1071945,113.200,-40.474,0.111,4
397,041705.87,37.2889722,127.1071977,113.200,-40.194,-0.019,4
398,041706.25,37.2889708,127.1072008,113.200,-39.913,-0.167,4
399,041706.62,37.2889695,127.1072040,113.200,-39.633,-0.315,4
400,041707.00,37.2889682,127.1072072,113.200,-39.352,-0.464,4
401,041707.37,37.2889668,127.1072103,113.200,-39.072,-0.612,4
402,041707.75,37.2889655,127.1072135,113.200,-38.792,-0.761,4
403,041708.12,37.2889642,127.1072167,113.200,-38.511,-0.909,4
404,041708.50,37.2889630,127.1072198,113.200,-38.231,-1.039,4
405,041708.87,37.2889617,127.1072230,113.200,-37.950,-1.187,4
406,041709.25,37.2889605,127.1072262,113.200,-37.670,-1.317,4
407,041709.62,37.2889592,127.1072293,113.200,-37.389,-1.466,4
408,041710.00,37.2889578,127.1072323,113.200,-37.124,-1.614,4
409,041710.37,37.2889562,127.1072353,113.200,-36.858,-1.800,4
410,041710.75,37.2889545,127.1072380,113.200,-36.622,-1.985,4
411,041711.12,37.2889530,127.1072410,113.200,-36.356,-2.152,4
412,041711.50,37.2889513,127.1072437,113.200,-36.120,-2.338,4
413,041711.87,37.2889497,127.1072467,113.200,-35.854,-2.523,4
414,041712.25,37.2889480,127.1072493,113.200,-35.618,-2.709,4
415,041712.62,37.2889462,127.1072520,113.200,-35.382,-2.913,4
416,041713.00,37.2889442,127.1072543,113.200,-35.175,-3.136,4
417,041713.37,37.2889423,127.1072568,113.200,-34.954,-3.340,4
418,041713.75,37.2889402,127.1072592,113.200,-34.747,-3.581,4
419,041714.12,37.2889377,127.1072608,113.200,-34.599,-3.859,4
420,041714.62,37.2889347,127.1072633,113.200,-34.378,-4.193,4
421,041715.00,37.2889323,127.1072652,113.200,-34.216,-4.453,4
422,041715.37,37.2889297,127.1072663,113.200,-34.112,-4.750,4
423,041715.87,37.2889263,127.1072678,113.200,-33.979,-5.121,4
424,041716.25,37.2889238,127.1072693,113.200,-33.847,-5.399,4
425,041716.62,37.2889212,127.1072707,113.200,-33.729,-5.696,4
426,041717.00,37.2889185,127.1072718,113.200,-33.625,-5.993,4
427,041717.37,37.2889158,127.1072727,113.200,-33.551,-6.290,4
428,041717.75,37.2889132,127.1072737,113.200,-33.463,-6.586,4
429,041718.12,37.2889105,127.1072745,113.200,-33.389,-6.883,4
430,041718.50,37.2889077,127.1072753,113.200,-33.315,-7.199,4
431,041718.87,37.2889050,127.1072762,113.200,-33.241,-7.496,4
432,041719.25,37.2889022,127.1072768,113.200,-33.182,-7.811,4
433,041719.62,37.2888993,127.1072775,113.200,-33.123,-8.126,4
434,041720.00,37.2888965,127.1072772,113.200,-33.153,-8.442,4
435,041720.37,37.2888937,127.1072763,113.200,-33.227,-8.757,4
436,041720.75,37.2888908,127.1072757,113.200,-33.286,-9.073,4
437,041721.12,37.2888880,127.1072747,113.200,-33.374,-9.388,4
438,041721.50,37.2888853,127.1072735,113.200,-33.478,-9.685,4
439,041721.87,37.2888825,127.1072725,113.200,-33.566,-10.000,4
440,041722.25,37.2888798,127.1072713,113.200,-33.669,-10.297,4
441,041722.62,37.2888773,127.1072698,113.200,-33.802,-10.575,4
442,041723.00,37.2888747,127.1072687,113.200,-33.906,-10.872,4
443,041723.37,37.2888720,127.1072675,113.200,-34.009,-11.169,4
444,041723.75,37.2888693,127.1072662,113.200,-34.127,-11.466,4
445,041724.12,37.2888667,127.1072648,113.200,-34.245,-11.763,4
446,041724.50,37.2888640,127.1072635,113.200,-34.363,-12.060,4
447,041724.87,37.2888613,127.1072622,113.200,-34.481,-12.357,4
448,041725.25,37.2888588,127.1072608,113.200,-34.599,-12.635,4
449,041725.62,37.2888562,127.1072592,113.200,-34.747,-12.932,4
450,041726.00,37.2888537,127.1072578,113.200,-34.865,-13.210,4
451,041726.37,37.2888510,127.1072563,113.200,-34.998,-13.507,4
452,041726.75,37.2888485,127.1072550,113.200,-35.116,-13.785,4
453,041727.12,37.2888460,127.1072537,113.200,-35.234,-14.063,4
454,041727.50,37.2888433,127.1072523,113.200,-35.352,-14.360,4
455,041727.87,37.2888408,127.1072508,113.200,-35.485,-14.639,4
456,041728.25,37.2888382,127.1072495,113.200,-35.603,-14.935,4
457,041728.62,37.2888357,127.1072480,113.200,-35.736,-15.214,4
458,041729.00,37.2888328,127.1072467,113.200,-35.854,-15.529,4
459,041729.37,37.2888303,127.1072453,113.200,-35.972,-15.807,4
460,041729.75,37.2888277,127.1072440,113.200,-36.090,-16.104,4
461,041730.12,37.2888252,127.1072425,113.200,-36.223,-16.383,4
462,041730.50,37.2888225,127.1072413,113.200,-36.326,-16.679,4
463,041730.87,37.2888200,127.1072400,113.200,-36.445,-16.958,4
464,041731.25,37.2888173,127.1072387,113.200,-36.563,-17.255,4
465,041731.62,37.2888147,127.1072373,113.200,-36.681,-17.551,4
466,041732.00,37.2888122,127.1072360,113.200,-36.799,-17.830,4
467,041732.37,37.2888095,127.1072347,113.200,-36.917,-18.127,4
468,041732.87,37.2888060,127.1072330,113.200,-37.064,-18.516,4
469,041733.25,37.2888035,127.1072317,113.200,-37.183,-18.795,4
470,041733.62,37.2888010,127.1072303,113.200,-37.301,-19.073,4
471,041734.00,37.2887983,127.1072290,113.200,-37.419,-19.370,4
472,041734.37,37.2887958,127.1072277,113.200,-37.537,-19.648,4
473,041734.87,37.2887925,127.1072260,113.200,-37.684,-20.019,4
474,041735.25,37.2887898,127.1072248,113.200,-37.788,-20.316,4
475,041735.62,37.2887873,127.1072235,113.200,-37.906,-20.594,4
476,041736.12,37.2887838,127.1072218,113.200,-38.053,-20.984,4
477,041736.62,37.2887805,127.1072202,113.200,-38.201,-21.355,4
478,041737.00,37.2887778,127.1072188,113.200,-38.319,-21.652,4
479,041737.50,37.2887745,127.1072172,113.200,-38.467,-22.023,4
480,041737.87,37.2887718,127.1072160,113.200,-38.570,-22.320,4
481,041738.25,37.2887693,127.1072147,113.200,-38.688,-22.598,4
482,041738.62,37.2887667,127.1072133,113.200,-38.806,-22.895,4
483,041739.00,37.2887642,127.1072120,113.200,-38.924,-23.173,4
484,041739.50,37.2887607,127.1072103,113.200,-39.072,-23.563,4
485,041739.87,37.2887582,127.1072090,113.200,-39.190,-23.841,4
486,041740.25,37.2887555,127.1072078,113.200,-39.293,-24.138,4
487,041740.62,37.2887530,127.1072065,113.200,-39.411,-24.416,4
488,041741.00,37.2887503,127.1072053,113.200,-39.515,-24.713,4
489,041741.37,37.2887477,127.1072040,113.200,-39.633,-25.010,4
490,041741.75,37.2887450,127.1072028,113.200,-39.736,-25.307,4
491,041742.12,37.2887425,127.1072015,113.200,-39.854,-25.585,4
492,041742.50,37.2887398,127.1072002,113.200,-39.972,-25.882,4
493,041742.87,37.2887372,127.1071988,113.200,-40.090,-26.179,4
494,041743.25,37.2887345,127.1071977,113.200,-40.194,-26.476,4
495,041743.62,37.2887320,127.1071963,113.200,-40.312,-26.754,4
496,041744.00,37.2887295,127.1071948,113.200,-40.445,-27.032,4
497,041744.37,37.2887270,127.1071933,113.200,-40.578,-27.311,4
498,041744.75,37.2887243,127.1071922,113.200,-40.681,-27.607,4
499,041745.12,37.2887218,127.1071907,113.200,-40.814,-27.886,4
500,041745.50,37.2887192,127.1071893,113.200,-40.932,-28.183,4
501,041745.87,37.2887167,127.1071880,113.200,-41.050,-28.461,4
502,041746.25,37.2887140,127.1071867,113.200,-41.168,-28.758,4
503,041746.62,37.2887113,127.1071852,113.200,-41.301,-29.055,4
504,041747.00,37.2887087,127.1071838,113.200,-41.419,-29.351,4
505,041747.37,37.2887060,127.1071827,113.200,-41.522,-29.648,4
506,041747.75,37.2887033,127.1071813,113.200,-41.640,-29.945,4
507,041748.12,37.2887008,127.1071800,113.200,-41.758,-30.223,4
508,041748.50,37.2886982,127.1071787,113.200,-41.877,-30.520,4
509,041748.87,37.2886955,127.1071773,113.200,-41.995,-30.817,4
510,041749.25,37.2886930,127.1071760,113.200,-42.113,-31.095,4
511,041749.62,37.2886903,127.1071745,113.200,-42.246,-31.392,4
512,041750.12,37.2886868,127.1071728,113.200,-42.393,-31.782,4
513,041750.50,37.2886843,127.1071715,113.200,-42.511,-32.060,4
514,041750.87,37.2886817,127.1071702,113.200,-42.629,-32.357,4
515,041751.37,37.2886783,127.1071685,113.200,-42.777,-32.728,4
516,041751.75,37.2886757,127.1071672,113.200,-42.895,-33.025,4
517,041752.12,37.2886730,127.1071658,113.200,-43.013,-33.322,4
518,041752.50,37.2886705,127.1071645,113.200,-43.131,-33.600,4
519,041753.00,37.2886672,127.1071628,113.200,-43.279,-33.971,4
520,041753.37,37.2886645,127.1071617,113.200,-43.382,-34.268,4
521,041753.75,37.2886620,127.1071603,113.200,-43.500,-34.546,4
522,041754.12,37.2886592,127.1071590,113.200,-43.618,-34.862,4
523,041754.62,37.2886557,127.1071573,113.200,-43.766,-35.251,4
524,041755.12,37.2886522,127.1071557,113.200,-43.914,-35.641,4
525,041755.62,37.2886487,127.1071540,113.200,-44.061,-36.031,4
526,041756.00,37.2886460,127.1071528,113.200,-44.164,-36.327,4
527,041756.37,37.2886435,127.1071515,113.200,-44.283,-36.606,4
528,041756.75,37.2886408,127.1071503,113.200,-44.386,-36.903,4
529,041757.12,37.2886382,127.1071490,113.200,-44.504,-37.199,4
530,041757.50,37.2886355,127.1071478,113.200,-44.607,-37.496,4
531,041757.87,37.2886328,127.1071467,113.200,-44.711,-37.793,4
532,041758.25,37.2886303,127.1071453,113.200,-44.829,-38.071,4
533,041758.62,37.2886275,127.1071442,113.200,-44.932,-38.387,4
534,041759.00,37.2886248,127.1071430,113.200,-45.035,-38.684,4
535,041759.37,37.2886222,127.1071420,113.200,-45.124,-38.981,4
536,041759.87,37.2886187,127.1071405,113.200,-45.257,-39.370,4
537,041800.25,37.2886160,127.1071393,113.200,-45.360,-39.667,4
538,041800.62,37.2886133,127.1071380,113.200,-45.478,-39.964,4
539,041801.00,37.2886107,127.1071368,113.200,-45.581,-40.261,4
540,041801.37,37.2886080,127.1071357,113.200,-45.685,-40.558,4
541,041801.75,37.2886053,127.1071345,113.200,-45.788,-40.854,4
542,041802.12,37.2886027,127.1071332,113.200,-45.906,-41.151,4
543,041802.62,37.2885992,127.1071317,113.200,-46.039,-41.541,4
544,041803.12,37.2885957,127.1071303,113.200,-46.157,-41.931,4
545,041803.50,37.2885930,127.1071292,113.200,-46.260,-42.227,4
546,041804.00,37.2885895,127.1071277,113.200,-46.393,-42.617,4
547,041804.37,37.2885870,127.1071262,113.200,-46.526,-42.895,4
548,041804.75,37.2885843,127.1071248,113.200,-46.644,-43.192,4
549,041805.12,37.2885818,127.1071233,113.200,-46.777,-43.470,4
550,041805.50,37.2885792,127.1071220,113.200,-46.895,-43.767,4
551,041805.87,37.2885765,127.1071207,113.200,-47.013,-44.064,4
552,041806.25,37.2885740,127.1071190,113.200,-47.161,-44.342,4
553,041806.62,37.2885717,127.1071172,113.200,-47.323,-44.602,4
554,041807.00,37.2885692,127.1071155,113.200,-47.471,-44.881,4
555,041807.37,37.2885667,127.1071140,113.200,-47.604,-45.159,4
556,041807.75,37.2885642,127.1071125,113.200,-47.737,-45.437,4
557,041808.12,37.2885615,127.1071108,113.200,-47.884,-45.734,4
558,041808.50,37.2885590,127.1071093,113.200,-48.017,-46.012,4
559,041808.87,37.2885565,127.1071077,113.200,-48.165,-46.291,4
560,041809.25,37.2885540,127.1071062,113.200,-48.297,-46.569,4
561,041809.62,37.2885515,127.1071045,113.200,-48.445,-46.847,4
562,041810.00,37.2885490,127.1071030,113.200,-48.578,-47.125,4
563,041810.37,37.2885465,127.1071015,113.200,-48.711,-47.404,4
564,041810.75,37.2885440,127.1071002,113.200,-48.829,-47.682,4
565,041811.12,37.2885415,127.1070987,113.200,-48.962,-47.960,4
566,041811.50,37.2885390,127.1070970,113.200,-49.109,-48.239,4
567,041811.87,37.2885365,127.1070957,113.200,-49.227,-48.517,4
568,041812.25,37.2885340,127.1070940,113.200,-49.375,-48.795,4
569,041812.62,37.2885317,127.1070920,113.200,-49.552,-49.055,4
570,041813.00,37.2885293,127.1070902,113.200,-49.715,-49.315,4
571,041813.37,37.2885270,127.1070883,113.200,-49.877,-49.575,4
572,041813.75,37.2885250,127.1070857,113.200,-50.113,-49.797,4
573,041814.12,37.2885230,127.1070830,113.200,-50.349,-50.020,4
574,041814.62,37.2885205,127.1070798,113.200,-50.630,-50.298,4
575,041815.00,37.2885185,127.1070775,113.200,-50.836,-50.521,4
576,041815.37,37.2885167,127.1070748,113.200,-51.073,-50.725,4
577,041815.75,37.2885150,127.1070722,113.200,-51.309,-50.910,4
578,041816.12,37.2885133,127.1070692,113.200,-51.574,-51.096,4
579,041816.50,37.2885117,127.1070663,113.200,-51.825,-51.281,4
580,041816.87,37.2885102,127.1070632,113.200,-52.106,-51.448,4
581,041817.25,37.2885090,127.1070600,113.200,-52.386,-51.578,4
582,041817.62,37.2885080,127.1070567,113.200,-52.681,-51.690,4
583,041818.00,37.2885072,127.1070532,113.200,-52.991,-51.782,4
584,041818.37,37.2885062,127.1070498,113.200,-53.287,-51.894,4
585,041818.75,37.2885052,127.1070465,113.200,-53.582,-52.005,4
586,041819.12,37.2885048,127.1070428,113.200,-53.907,-52.042,4
587,041819.50,37.2885047,127.1070393,113.200,-54.217,-52.061,4
588,041819.87,37.2885050,127.1070358,113.200,-54.527,-52.024,4
589,041820.25,37.2885055,127.1070323,113.200,-54.837,-51.968,4
590,041820.62,37.2885057,127.1070287,113.200,-55.161,-51.949,4
591,041821.00,37.2885060,127.1070252,113.200,-55.471,-51.912,4
592,041821.37,37.2885063,127.1070217,113.200,-55.781,-51.875,4
593,041821.75,37.2885072,127.1070183,113.200,-56.076,-51.782,4
594,041822.12,37.2885080,127.1070148,113.200,-56.386,-51.690,4
595,041822.50,37.2885092,127.1070117,113.200,-56.667,-51.560,4
596,041822.87,37.2885100,127.1070082,113.200,-56.977,-51.467,4
597,041823.25,37.2885112,127.1070050,113.200,-57.257,-51.337,4
598,041823.62,37.2885123,127.1070017,113.200,-57.553,-51.207,4
599,041824.00,37.2885135,127.1069985,113.200,-57.833,-51.077,4
600,041824.37,37.2885148,127.1069955,113.200,-58.099,-50.929,4
601,041824.75,37.2885162,127.1069923,113.200,-58.379,-50.780,4
602,041825.12,37.2885177,127.1069895,113.200,-58.630,-50.613,4
603,041825.50,37.2885197,127.1069872,113.200,-58.837,-50.391,4
604,041826.00,37.2885228,127.1069848,113.200,-59.043,-50.038,4
605,041826.37,37.2885253,127.1069833,113.200,-59.176,-49.760,4
606,041826.75,37.2885280,127.1069820,113.200,-59.294,-49.463,4
607,041827.12,37.2885305,127.1069803,113.200,-59.442,-49.185,4
608,041827.50,37.2885332,127.1069792,113.200,-59.545,-48.888,4
609,041828.00,37.2885367,127.1069778,113.200,-59.663,-48.498,4
610,041828.37,37.2885393,127.1069768,113.200,-59.752,-48.202,4
611,041828.87,37.2885428,127.1069753,113.200,-59.885,-47.812,4
612,041829.25,37.2885457,127.1069748,113.200,-59.929,-47.497,4
613,041829.62,37.2885485,127.1069745,113.200,-59.959,-47.181,4
614,041830.12,37.2885522,127.1069742,113.200,-59.988,-46.773,4
615,041830.50,37.2885550,127.1069740,113.200,-60.003,-46.458,4
616,041831.00,37.2885587,127.1069742,113.200,-59.988,-46.049,4
617,041831.37,37.2885615,127.1069743,113.200,-59.973,-45.734,4
618,041831.75,37.2885642,127.1069748,113.200,-59.929,-45.437,4
619,041832.12,37.2885668,127.1069755,113.200,-59.870,-45.140,4
620,041832.50,37.2885697,127.1069758,113.200,-59.840,-44.825,4
621,041832.87,37.2885723,127.1069763,113.200,-59.796,-44.528,4
622,041833.25,37.2885752,127.1069768,113.200,-59.752,-44.213,4
623,041833.75,37.2885787,127.1069780,113.200,-59.649,-43.823,4
624,041834.12,37.2885813,127.1069787,113.200,-59.590,-43.526,4
625,041834.50,37.2885842,127.1069793,113.200,-59.531,-43.211,4
626,041834.87,37.2885868,127.1069800,113.200,-59.471,-42.914,4
627,041835.25,37.2885897,127.1069808,113.200,-59.398,-42.598,4
628,041835.75,37.2885930,127.1069818,113.200,-59.309,-42.227,4
629,041836.12,37.2885960,127.1069823,113.200,-59.265,-41.893,4
630,041836.62,37.2885995,127.1069833,113.200,-59.176,-41.504,4
631,041837.00,37.2886023,127.1069840,113.200,-59.117,-41.188,4
632,041837.37,37.2886050,127.1069847,113.200,-59.058,-40.892,4
633,041837.75,37.2886078,127.1069852,113.200,-59.014,-40.576,4
634,041838.12,37.2886107,127.1069855,113.200,-58.984,-40.261,4
635,041838.50,37.2886135,127.1069855,113.200,-58.984,-39.945,4
636,041838.87,37.2886163,127.1069853,113.200,-58.999,-39.630,4
637,041839.37,37.2886200,127.1069852,113.200,-59.014,-39.222,4
638,041839.75,37.2886228,127.1069848,113.200,-59.043,-38.906,4
639,041840.12,37.2886257,127.1069847,113.200,-59.058,-38.591,4
640,041840.50,37.2886283,127.1069838,113.200,-59.132,-38.294,4
641,041840.87,37.2886310,127.1069833,113.200,-59.176,-37.997,4
642,041841.25,37.2886338,127.1069827,113.200,-59.235,-37.682,4
643,041841.62,37.2886365,127.1069815,113.200,-59.339,-37.385,4
644,041842.00,37.2886392,127.1069802,113.200,-59.457,-37.088,4
645,041842.37,37.2886415,127.1069782,113.200,-59.634,-36.828,4
646,041842.75,37.2886433,127.1069755,113.200,-59.870,-36.624,4
647,041843.12,37.2886453,127.1069732,113.200,-60.077,-36.402,4
648,041843.50,37.2886477,127.1069710,113.200,-60.269,-36.142,4
649,041844.00,37.2886507,127.1069685,113.200,-60.490,-35.808,4
650,041844.37,37.2886528,127.1069663,113.200,-60.682,-35.567,4
651,041844.75,37.2886555,127.1069650,113.200,-60.800,-35.270,4
652,041845.12,37.2886580,127.1069637,113.200,-60.918,-34.992,4
653,041845.50,37.2886605,127.1069620,113.200,-61.066,-34.713,4
654,041845.87,37.2886628,127.1069602,113.200,-61.228,-34.454,4
655,041846.25,37.2886652,127.1069583,113.300,-61.390,-34.194,4
656,041846.62,37.2886675,127.1069565,113.300,-61.553,-33.934,4
657,041847.00,37.2886698,127.1069545,113.300,-61.730,-33.674,4
658,041847.50,37.2886727,127.1069517,113.300,-61.981,-33.359,4
659,041847.87,37.2886750,127.1069497,113.300,-62.158,-33.099,4
660,041848.25,37.2886767,127.1069470,113.300,-62.394,-32.914,4
661,041848.62,37.2886785,127.1069445,113.300,-62.616,-32.710,4
662,041849.00,37.2886802,127.1069415,113.300,-62.881,-32.524,4
663,041849.37,37.2886817,127.1069385,113.300,-63.147,-32.357,4
664,041849.75,37.2886832,127.1069355,113.300,-63.413,-32.190,4
665,041850.25,37.2886847,127.1069313,113.300,-63.782,-32.023,4
666,041850.62,37.2886857,127.1069282,113.300,-64.062,-31.912,4
667,041851.00,37.2886865,127.1069248,113.300,-64.357,-31.819,4
668,041851.37,37.2886868,127.1069212,113.300,-64.682,-31.782,4
669,041851.87,37.2886880,127.1069168,113.300,-65.066,-31.652,4
670,041852.25,37.2886882,127.1069133,113.300,-65.376,-31.633,4
671,041852.62,37.2886883,127.1069097,113.300,-65.701,-31.615,4
672,041853.00,37.2886887,127.1069062,113.300,-66.011,-31.578,4
673,041853.37,37.2886888,127.1069025,113.300,-66.335,-31.559,4
674,041853.87,37.2886892,127.1068978,113.300,-66.749,-31.522,4
675,041854.37,37.2886893,127.1068932,113.300,-67.162,-31.504,4
676,041854.87,37.2886895,127.1068887,113.300,-67.560,-31.485,4
677,041855.25,37.2886895,127.1068850,113.300,-67.885,-31.485,4
678,041855.75,37.2886897,127.1068803,113.300,-68.298,-31.466,4
679,041856.12,37.2886892,127.1068768,113.300,-68.608,-31.522,4
680,041856.50,37.2886880,127.1068735,113.300,-68.904,-31.652,4
681,041856.87,37.2886872,127.1068702,113.300,-69.199,-31.745,4
682,041857.25,37.2886865,127.1068665,113.300,-69.524,-31.819,4
683,041857.62,37.2886857,127.1068632,113.300,-69.819,-31.912,4
684,041858.00,37.2886848,127.1068598,113.300,-70.114,-32.004,4
685,041858.37,37.2886842,127.1068562,113.300,-70.439,-32.079,4
686,041858.75,37.2886833,127.1068528,113.300,-70.734,-32.171,4
687,041859.12,37.2886828,127.1068493,113.300,-71.044,-32.227,4
688,041859.50,37.2886820,127.1068458,113.300,-71.354,-32.320,4
689,041859.87,37.2886813,127.1068425,113.300,-71.649,-32.394,4
690,041900.25,37.2886807,127.1068392,113.300,-71.944,-32.468,4
691,041900.62,37.2886800,127.1068357,113.300,-72.254,-32.543,4
692,041901.00,37.2886793,127.1068320,113.300,-72.579,-32.617,4
693,041901.37,37.2886788,127.1068285,113.300,-72.889,-32.672,4
694,041901.75,37.2886788,127.1068248,113.200,-73.214,-32.672,4
695,041902.12,37.2886793,127.1068213,113.200,-73.524,-32.617,4
696,041902.50,37.2886800,127.1068178,113.200,-73.834,-32.543,4
697,041902.87,37.2886805,127.1068143,113.200,-74.144,-32.487,4
698,041903.37,37.2886812,127.1068100,113.200,-74.528,-32.413,4
699,041903.87,37.2886823,127.1068057,113.200,-74.911,-32.283,4
700,041904.37,37.2886840,127.1068017,113.200,-75.266,-32.097,4
701,041904.75,37.2886855,127.1067988,113.200,-75.517,-31.930,4
702,041905.12,37.2886868,127.1067958,113.200,-75.782,-31.782,4
703,041905.62,37.2886888,127.1067923,113.200,-76.092,-31.559,4
704,041906.00,37.2886908,127.1067898,113.200,-76.314,-31.337,4
705,041906.37,37.2886930,127.1067875,113.200,-76.520,-31.095,4
706,041906.87,37.2886957,127.1067843,113.200,-76.801,-30.799,4
707,041907.25,37.2886977,127.1067820,113.200,-77.007,-30.576,4
708,041907.62,37.2886998,127.1067797,113.200,-77.214,-30.335,4
709,041908.00,37.2887018,127.1067773,113.200,-77.421,-30.112,4
710,041908.37,37.2887040,127.1067747,113.300,-77.657,-29.871,4
711,041908.75,37.2887062,127.1067722,113.200,-77.878,-29.630,4
712,041909.12,37.2887082,127.1067697,113.200,-78.100,-29.407,4
713,041909.50,37.2887100,127.1067672,113.200,-78.321,-29.203,4
714,041909.87,37.2887123,127.1067648,113.200,-78.528,-28.943,4
715,041910.25,37.2887148,127.1067632,113.200,-78.675,-28.665,4
716,041910.62,37.2887173,127.1067617,113.200,-78.808,-28.387,4
717,041911.00,37.2887200,127.1067598,113.200,-78.971,-28.090,4
718,041911.50,37.2887233,127.1067577,113.200,-79.162,-27.719,4
719,041911.87,37.2887258,127.1067562,113.200,-79.295,-27.440,4
720,041912.25,37.2887285,127.1067550,113.200,-79.399,-27.144,4
721,041912.62,37.2887312,127.1067538,113.200,-79.502,-26.847,4
722,041913.00,37.2887338,127.1067525,113.200,-79.620,-26.550,4
723,041913.37,37.2887365,127.1067518,113.100,-79.679,-26.253,4
724,041913.75,37.2887393,127.1067510,113.100,-79.753,-25.938,4
725,041914.12,37.2887423,127.1067505,113.100,-79.797,-25.604,4
726,041914.62,37.2887460,127.1067505,113.200,-79.797,-25.195,4
727,041915.12,37.2887497,127.1067507,113.200,-79.782,-24.787,4
728,041915.50,37.2887525,127.1067507,113.200,-79.782,-24.472,4
729,041915.87,37.2887552,127.1067502,113.200,-79.827,-24.175,4
730,041916.25,37.2887580,127.1067502,113.100,-79.827,-23.860,4
731,041916.62,37.2887608,127.1067500,113.100,-79.841,-23.544,4
732,041917.12,37.2887643,127.1067500,113.100,-79.841,-23.155,4
733,041917.62,37.2887678,127.1067500,113.100,-79.841,-22.765,4
734,041918.00,37.2887705,127.1067505,113.200,-79.797,-22.468,4
735,041918.50,37.2887740,127.1067508,113.200,-79.768,-22.078,4
736,041918.87,37.2887768,127.1067512,113.200,-79.738,-21.763,4
737,041919.37,37.2887805,127.1067513,113.200,-79.723,-21.355,4
738,041919.75,37.2887832,127.1067522,113.200,-79.650,-21.058,4
739,041920.12,37.2887860,127.1067523,113.200,-79.635,-20.743,4
740,041920.50,37.2887888,127.1067537,113.200,-79.517,-20.427,4
741,041920.87,37.2887913,127.1067552,113.200,-79.384,-20.149,4
742,041921.37,37.2887945,127.1067573,113.200,-79.192,-19.796,4
743,041921.75,37.2887972,127.1067587,113.200,-79.074,-19.500,4
744,041922.12,37.2887997,127.1067600,113.200,-78.956,-19.221,4
745,041922.50,37.2888022,127.1067617,113.200,-78.808,-18.943,4
746,041922.87,37.2888047,127.1067633,113.200,-78.661,-18.665,4
747,041923.37,37.2888077,127.1067657,113.200,-78.454,-18.331,4
748,041923.75,37.2888098,127.1067678,113.200,-78.262,-18.090,4
749,041924.25,37.2888118,127.1067715,113.200,-77.937,-17.867,4
750,041924.62,37.2888132,127.1067745,113.200,-77.672,-17.718,4
751,041925.00,37.2888145,127.1067775,113.200,-77.406,-17.570,4
752,041925.37,37.2888155,127.1067808,113.200,-77.111,-17.459,4
753,041925.75,37.2888162,127.1067842,113.200,-76.815,-17.384,4
754,041926.12,37.2888167,127.1067877,113.100,-76.505,-17.329,4
755,041926.50,37.2888172,127.1067912,113.100,-76.195,-17.273,4
756,041926.87,37.2888177,127.1067945,113.100,-75.900,-17.217,4
757,041927.25,37.2888180,127.1067980,113.200,-75.590,-17.180,4
758,041927.62,37.2888183,127.1068015,113.200,-75.280,-17.143,4
759,041928.00,37.2888185,127.1068050,113.200,-74.970,-17.125,4
760,041928.37,37.2888185,127.1068085,113.200,-74.660,-17.125,4
761,041928.75,37.2888185,127.1068120,113.200,-74.350,-17.125,4
762,041929.12,37.2888185,127.1068157,113.200,-74.026,-17.125,4
763,041929.62,37.2888183,127.1068202,113.200,-73.627,-17.143,4
764,041930.00,37.2888182,127.1068237,113.200,-73.317,-17.162,4
765,041930.37,37.2888178,127.1068272,113.200,-73.007,-17.199,4
766,041930.75,37.2888173,127.1068307,113.200,-72.697,-17.255,4
767,041931.12,37.2888163,127.1068340,113.200,-72.402,-17.366,4
768,041931.50,37.2888155,127.1068373,113.200,-72.107,-17.459,4
769,041931.87,37.2888148,127.1068408,113.200,-71.797,-17.533,4
770,041932.25,37.2888142,127.1068443,113.200,-71.487,-17.607,4
771,041932.62,37.2888133,127.1068477,113.200,-71.192,-17.700,4
772,041933.00,37.2888127,127.1068512,113.200,-70.882,-17.774,4
773,041933.37,37.2888120,127.1068547,113.200,-70.572,-17.848,4
774,041933.87,37.2888108,127.1068590,113.200,-70.188,-17.978,4
775,041934.25,37.2888100,127.1068625,113.200,-69.878,-18.071,4
776,041934.62,37.2888093,127.1068658,113.200,-69.583,-18.145,4
777,041935.00,37.2888085,127.1068692,113.200,-69.287,-18.238,4
778,041935.37,37.2888078,127.1068725,113.200,-68.992,-18.312,4
779,041935.75,37.2888070,127.1068760,113.200,-68.682,-18.405,4
780,041936.12,37.2888063,127.1068795,113.200,-68.372,-18.479,4
781,041936.50,37.2888055,127.1068828,113.200,-68.077,-18.572,4
782,041936.87,37.2888048,127.1068862,113.200,-67.782,-18.646,4
783,041937.25,37.2888040,127.1068897,113.200,-67.472,-18.739,4
784,041937.62,37.2888033,127.1068932,113.200,-67.162,-18.813,4
785,041938.00,37.2888025,127.1068965,113.200,-66.867,-18.906,4
786,041938.37,37.2888018,127.1069000,113.200,-66.557,-18.980,4
787,041938.75,37.2888012,127.1069033,113.200,-66.261,-19.054,4
788,041939.12,37.2888003,127.1069068,113.200,-65.951,-19.147,4
789,041939.50,37.2887997,127.1069102,113.200,-65.656,-19.221,4
790,041939.87,37.2887988,127.1069135,113.200,-65.361,-19.314,4
791,041940.25,37.2887982,127.1069170,113.200,-65.051,-19.388,4
792,041940.62,37.2887973,127.1069203,113.200,-64.756,-19.481,4
793,041941.00,37.2887963,127.1069237,113.200,-64.461,-19.592,4
794,041941.37,37.2887953,127.1069270,113.200,-64.165,-19.704,4
795,041941.75,37.2887942,127.1069302,113.200,-63.885,-19.834,4
796,041942.12,37.2887933,127.1069335,113.200,-63.590,-19.926,4
797,041942.50,37.2887923,127.1069368,113.200,-63.295,-20.038,4
798,041942.87,37.2887913,127.1069402,113.200,-62.999,-20.149,4
799,041943.25,37.2887903,127.1069435,113.200,-62.704,-20.260,4
800,041943.62,37.2887893,127.1069468,113.200,-62.409,-20.372,4
801,041944.00,37.2887883,127.1069502,113.200,-62.114,-20.483,4
802,041944.37,37.2887873,127.1069535,113.200,-61.818,-20.594,4
803,041944.75,37.2887863,127.1069568,113.200,-61.523,-20.706,4
804,041945.12,37.2887853,127.1069602,113.200,-61.228,-20.817,4
805,041945.50,37.2887843,127.1069633,113.200,-60.948,-20.928,4
806,041945.87,37.2887835,127.1069667,113.200,-60.652,-21.021,4
807,041946.25,37.2887825,127.1069700,113.200,-60.357,-21.132,4
808,041946.62,37.2887815,127.1069732,113.200,-60.077,-21.244,4
809,041947.00,37.2887805,127.1069765,113.200,-59.781,-21.355,4
810,041947.37,37.2887797,127.1069798,113.200,-59.486,-21.448,4
811,041947.75,37.2887787,127.1069832,113.200,-59.191,-21.559,4
812,041948.12,37.2887777,127.1069865,113.200,-58.896,-21.670,4
813,041948.50,37.2887767,127.1069898,113.200,-58.601,-21.782,4
814,041948.87,37.2887758,127.1069932,113.200,-58.305,-21.874,4
815,041949.25,37.2887748,127.1069965,113.200,-58.010,-21.986,4
816,041949.62,37.2887740,127.1069998,113.200,-57.715,-22.078,4
817,041950.12,37.2887728,127.1070042,113.200,-57.331,-22.208,4
818,041950.50,37.2887718,127.1070075,113.200,-57.036,-22.320,4
819,041950.87,37.2887710,127.1070108,113.200,-56.741,-22.412,4
820,041951.25,37.2887700,127.1070142,113.200,-56.445,-22.524,4
821,041951.62,37.2887692,127.1070175,113.200,-56.150,-22.617,4
822,041952.00,37.2887680,127.1070207,113.200,-55.870,-22.746,4
823,041952.37,37.2887670,127.1070240,113.200,-55.575,-22.858,4
824,041952.75,37.2887660,127.1070272,113.200,-55.294,-22.969,4
825,041953.12,37.2887652,127.1070305,113.200,-54.999,-23.062,4
826,041953.50,37.2887642,127.1070338,113.200,-54.704,-23.173,4
827,041953.87,37.2887630,127.1070370,113.200,-54.423,-23.303,4
828,041954.25,37.2887622,127.1070403,113.200,-54.128,-23.396,4
829,041954.62,37.2887608,127.1070437,113.200,-53.833,-23.544,4
830,041955.00,37.2887598,127.1070468,113.200,-53.552,-23.656,4
831,041955.37,37.2887587,127.1070500,113.200,-53.272,-23.785,4
832,041955.75,37.2887577,127.1070533,113.200,-52.977,-23.897,4
833,041956.12,37.2887565,127.1070565,113.200,-52.696,-24.027,4
834,041956.50,37.2887555,127.1070598,113.200,-52.401,-24.138,4
835,041956.87,37.2887542,127.1070628,113.200,-52.135,-24.286,4
836,041957.25,37.2887530,127.1070662,113.200,-51.840,-24.416,4
837,041957.62,37.2887518,127.1070693,113.200,-51.560,-24.546,4
838,041958.00,37.2887507,127.1070725,113.200,-51.279,-24.676,4
839,041958.37,37.2887495,127.1070758,113.200,-50.984,-24.806,4
840,041958.87,37.2887480,127.1070800,113.200,-50.615,-24.973,4
841,041959.25,37.2887467,127.1070832,113.200,-50.334,-25.121,4
842,041959.62,37.2887453,127.1070862,113.200,-50.069,-25.270,4
843,042000.00,37.2887440,127.1070893,113.200,-49.788,-25.418,4
844,042000.37,37.2887428,127.1070927,113.200,-49.493,-25.548,4
845,042000.75,37.2887415,127.1070958,113.200,-49.213,-25.696,4
846,042001.25,37.2887398,127.1071000,113.200,-48.844,-25.882,4
847,042001.62,37.2887387,127.1071032,113.200,-48.563,-26.012,4
848,042002.00,37.2887373,127.1071062,113.200,-48.297,-26.160,4
849,042002.37,37.2887362,127.1071095,113.200,-48.002,-26.290,4
850,042002.75,37.2887350,127.1071127,113.200,-47.722,-26.420,4
851,042003.12,37.2887340,127.1071158,113.200,-47.441,-26.531,4
852,042003.50,37.2887328,127.1071190,113.200,-47.161,-26.661,4
853,042003.87,37.2887317,127.1071222,113.200,-46.880,-26.791,4
854,042004.25,37.2887305,127.1071255,113.200,-46.585,-26.921,4
855,042004.62,37.2887295,127.1071287,113.200,-46.305,-27.032,4
856,042005.00,37.2887283,127.1071320,113.200,-46.010,-27.162,4
857,042005.37,37.2887273,127.1071352,113.200,-45.729,-27.273,4
858,042005.75,37.2887263,127.1071383,113.200,-45.449,-27.385,4
859,042006.12,37.2887252,127.1071417,113.200,-45.153,-27.515,4
860,042006.50,37.2887240,127.1071448,113.200,-44.873,-27.644,4
861,042006.87,37.2887230,127.1071480,113.200,-44.593,-27.756,4
862,042007.25,37.2887218,127.1071513,113.200,-44.297,-27.886,4
863,042007.62,37.2887210,127.1071547,113.200,-44.002,-27.978,4
864,042008.00,37.2887198,127.1071578,113.200,-43.722,-28.108,4
865,042008.37,37.2887188,127.1071612,113.200,-43.426,-28.220,4
866,042008.75,37.2887177,127.1071643,113.200,-43.146,-28.349,4
867,042009.12,37.2887167,127.1071675,113.200,-42.866,-28.461,4
868,042009.50,37.2887155,127.1071708,113.200,-42.570,-28.591,4
869,042009.87,37.2887143,127.1071742,113.200,-42.275,-28.721,4
870,042010.25,37.2887133,127.1071773,113.200,-41.995,-28.832,4
871,042010.62,37.2887123,127.1071805,113.200,-41.714,-28.943,4
872,042011.00,37.2887113,127.1071838,113.200,-41.419,-29.055,4
873,042011.37,37.2887102,127.1071870,113.200,-41.138,-29.184,4
874,042011.75,37.2887092,127.1071903,113.200,-40.843,-29.296,4
875,042012.12,37.2887082,127.1071935,113.200,-40.563,-29.407,4
876,042012.50,37.2887070,127.1071968,113.200,-40.268,-29.537,4
877,042012.87,37.2887060,127.1072002,113.200,-39.972,-29.648,4
878,042013.25,37.2887050,127.1072033,113.200,-39.692,-29.760,4
879,042013.62,37.2887040,127.1072065,113.200,-39.411,-29.871,4
880,042014.00,37.2887030,127.1072098,113.200,-39.116,-29.982,4
881,042014.37,37.2887018,127.1072132,113.200,-38.821,-30.112,4
882,042014.75,37.2887008,127.1072163,113.200,-38.541,-30.223,4
883,042015.12,37.2886998,127.1072197,113.200,-38.245,-30.335,4
884,042015.50,37.2886988,127.1072230,113.200,-37.950,-30.446,4
885,042015.87,37.2886977,127.1072263,113.200,-37.655,-30.576,4
886,042016.25,37.2886967,127.1072297,113.200,-37.360,-30.687,4
887,042016.62,37.2886957,127.1072330,113.200,-37.064,-30.799,4
888,042017.00,37.2886947,127.1072362,113.200,-36.784,-30.910,4
889,042017.37,37.2886937,127.1072393,113.200,-36.504,-31.021,4
890,042017.75,37.2886927,127.1072427,113.200,-36.208,-31.132,4
891,042018.25,37.2886912,127.1072470,113.200,-35.825,-31.299,4
892,042018.62,37.2886902,127.1072503,113.200,-35.529,-31.411,4
893,042019.00,37.2886892,127.1072537,113.200,-35.234,-31.522,4
894,042019.37,37.2886882,127.1072570,113.200,-34.939,-31.633,4
895,042019.75,37.2886872,127.1072602,113.200,-34.658,-31.745,4
896,042020.12,37.2886860,127.1072635,113.200,-34.363,-31.875,4
897,042020.50,37.2886850,127.1072668,113.200,-34.068,-31.986,4
898,042020.87,37.2886840,127.1072702,113.200,-33.773,-32.097,4
899,042021.37,37.2886828,127.1072743,113.200,-33.404,-32.227,4
900,042021.75,37.2886818,127.1072777,113.200,-33.109,-32.338,4
901,042022.12,37.2886807,127.1072808,113.200,-32.828,-32.468,4
902,042022.50,37.2886795,127.1072842,113.200,-32.533,-32.598,4
903,042023.00,37.2886775,127.1072878,113.200,-32.208,-32.821,4
904,042023.37,37.2886757,127.1072905,113.200,-31.972,-33.025,4
905,042023.75,37.2886742,127.1072933,113.200,-31.721,-33.192,4
906,042024.12,37.2886722,127.1072957,113.300,-31.514,-33.415,4
907,042024.50,37.2886700,127.1072980,113.300,-31.308,-33.656,4
908,042024.87,37.2886677,127.1072998,113.300,-31.145,-33.915,4
909,042025.25,37.2886650,127.1073007,113.300,-31.072,-34.212,4
910,042025.62,37.2886623,127.1073012,113.200,-31.027,-34.509,4
911,042026.00,37.2886595,127.1073018,113.200,-30.968,-34.825,4
912,042026.37,37.2886567,127.1073025,113.200,-30.909,-35.140,4
913,042026.75,37.2886538,127.1073032,113.200,-30.850,-35.455,4
914,042027.12,37.2886510,127.1073038,113.200,-30.791,-35.771,4
915,042027.50,37.2886482,127.1073038,113.200,-30.791,-36.086,4
916,042027.87,37.2886453,127.1073035,113.200,-30.821,-36.402,4
917,042028.25,37.2886425,127.1073028,113.200,-30.880,-36.717,4
918,042028.62,37.2886397,127.1073020,113.200,-30.953,-37.032,4
919,042029.00,37.2886370,127.1073007,113.200,-31.072,-37.329,4
920,042029.37,37.2886345,127.1072993,113.200,-31.190,-37.608,4
921,042029.75,37.2886317,127.1072980,113.200,-31.308,-37.923,4
922,042030.25,37.2886283,127.1072963,113.200,-31.455,-38.294,4
923,042030.75,37.2886250,127.1072948,113.200,-31.588,-38.665,4
924,042031.25,37.2886218,127.1072933,113.200,-31.721,-39.018,4
925,042031.62,37.2886192,127.1072925,113.200,-31.795,-39.315,4
926,042032.12,37.2886158,127.1072910,113.200,-31.928,-39.686,4
927,042032.50,37.2886132,127.1072898,113.200,-32.031,-39.982,4
928,042032.87,37.2886105,127.1072892,113.200,-32.090,-40.279,4
929,042033.25,37.2886077,127.1072883,113.200,-32.164,-40.595,4
930,042033.62,37.2886050,127.1072875,113.200,-32.238,-40.892,4
931,042034.00,37.2886022,127.1072872,113.200,-32.267,-41.207,4
932,042034.37,37.2885993,127.1072867,113.200,-32.311,-41.522,4
933,042034.75,37.2885965,127.1072862,113.200,-32.356,-41.838,4
934,042035.25,37.2885930,127.1072855,113.200,-32.415,-42.227,4
935,042035.62,37.2885902,127.1072850,113.200,-32.459,-42.543,4
936,042036.00,37.2885873,127.1072847,113.300,-32.489,-42.858,4
937,042036.37,37.2885847,127.1072840,113.300,-32.548,-43.155,4
938,042036.75,37.2885818,127.1072835,113.300,-32.592,-43.470,4
939,042037.12,37.2885792,127.1072827,113.300,-32.666,-43.767,4
940,042037.50,37.2885763,127.1072822,113.300,-32.710,-44.083,4
941,042037.87,37.2885737,127.1072813,113.300,-32.784,-44.380,4
942,042038.25,37.2885708,127.1072807,113.300,-32.843,-44.695,4
943,042038.62,37.2885682,127.1072797,113.300,-32.931,-44.992,4
944,042039.00,37.2885653,127.1072788,113.300,-33.005,-45.307,4
945,042039.37,37.2885627,127.1072778,113.300,-33.094,-45.604,4
946,042039.75,37.2885600,127.1072767,113.300,-33.197,-45.901,4
947,042040.25,37.2885565,127.1072753,113.300,-33.315,-46.291,4
948,042040.75,37.2885532,127.1072738,113.300,-33.448,-46.662,4
949,042041.12,37.2885505,127.1072723,113.300,-33.581,-46.958,4
950,042041.50,37.2885478,127.1072710,113.300,-33.699,-47.255,4
951,042041.87,37.2885450,127.1072697,113.200,-33.817,-47.571,4
952,042042.25,37.2885425,127.1072682,113.200,-33.950,-47.849,4
953,042042.62,37.2885398,127.1072668,113.200,-34.068,-48.146,4
954,042043.00,37.2885373,127.1072652,113.200,-34.216,-48.424,4
955,042043.37,37.2885347,127.1072637,113.200,-34.348,-48.721,4
956,042043.75,37.2885322,127.1072622,113.200,-34.481,-48.999,4
957,042044.12,37.2885295,127.1072607,113.200,-34.614,-49.296,4
958,042044.50,37.2885270,127.1072593,113.300,-34.732,-49.575,4
959,042044.87,37.2885243,127.1072580,113.200,-34.850,-49.871,4
960,042045.25,37.2885218,127.1072563,113.300,-34.998,-50.150,4
961,042045.62,37.2885193,127.1072550,113.300,-35.116,-50.428,4
962,042046.00,37.2885168,127.1072535,113.300,-35.249,-50.706,4
963,042046.37,37.2885142,127.1072520,113.200,-35.382,-51.003,4
964,042046.75,37.2885117,127.1072507,113.300,-35.500,-51.281,4
965,042047.12,37.2885092,127.1072493,113.300,-35.618,-51.560,4
966,042047.50,37.2885067,127.1072478,113.300,-35.751,-51.838,4
967,042047.87,37.2885040,127.1072463,113.300,-35.884,-52.135,4
968,042048.25,37.2885015,127.1072448,113.300,-36.016,-52.413,4
969,042048.62,37.2884988,127.1072432,113.300,-36.164,-52.710,4
970,042049.00,37.2884962,127.1072418,113.300,-36.282,-53.007,4
971,042049.37,37.2884937,127.1072403,113.300,-36.415,-53.285,4
972,042049.87,37.2884905,127.1072385,113.300,-36.577,-53.638,4
973,042050.50,37.2884878,127.1072370,113.300,-36.710,-53.935,4
974,042052.00,37.2884905,127.1072383,113.300,-36.592,-53.638,4
975,042052.62,37.2884930,127.1072398,113.300,-36.459,-53.359,4
976,042053.37,37.2884960,127.1072418,113.300,-36.282,-53.025,4
977,042054.12,37.2884988,127.1072438,113.300,-36.105,-52.710,4
978,042054.75,37.2885015,127.1072453,113.300,-35.972,-52.413,4
979,042055.37,37.2885042,127.1072472,113.300,-35.810,-52.116,4
980,042056.00,37.2885068,127.1072485,113.300,-35.692,-51.819,4
981,042056.62,37.2885097,127.1072505,113.300,-35.515,-51.504,4
982,042057.25,37.2885127,127.1072518,113.300,-35.397,-51.170,4
983,042057.87,37.2885150,127.1072545,113.300,-35.160,-50.910,4
984,042058.50,37.2885170,127.1072573,113.300,-34.909,-50.688,4
985,042059.12,37.2885188,127.1072605,113.300,-34.629,-50.484,4
986,042059.75,37.2885203,127.1072640,113.300,-34.319,-50.317,4
987,042100.37,37.2885213,127.1072672,113.300,-34.039,-50.205,4
988,042101.00,37.2885223,127.1072705,113.300,-33.743,-50.094,4
989,042101.62,37.2885227,127.1072740,113.300,-33.433,-50.057,4
990,042102.25,37.2885225,127.1072777,113.300,-33.109,-50.075,4
991,042102.87,37.2885227,127.1072815,113.300,-32.769,-50.057,4
992,042103.50,37.2885227,127.1072855,113.300,-32.415,-50.057,4
993,042104.12,37.2885227,127.1072893,113.300,-32.075,-50.057,4
994,042104.87,37.2885218,127.1072940,113.300,-31.662,-50.150,4
995,042105.50,37.2885207,127.1072977,113.300,-31.337,-50.280,4
996,042106.25,37.2885193,127.1073022,113.300,-30.939,-50.428,4
997,042106.87,37.2885188,127.1073058,113.300,-30.614,-50.484,4
998,042107.50,37.2885177,127.1073090,113.300,-30.334,-50.613,4
999,042110.50,37.2885190,127.1073055,113.300,-30.644,-50.465,4
1000,042111.12,37.2885205,127.1073025,113.300,-30.909,-50.298,4
1001,042111.75,37.2885222,127.1072997,113.300,-31.160,-50.113,4
1002,042112.37,37.2885237,127.1072968,113.300,-31.411,-49.946,4
1003,042113.00,37.2885253,127.1072940,113.300,-31.662,-49.760,4
1004,042113.50,37.2885268,127.1072910,113.300,-31.928,-49.593,4
1005,042113.87,37.2885285,127.1072883,113.300,-32.164,-49.408,4
1006,042114.37,37.2885310,127.1072852,113.300,-32.444,-49.129,4
1007,042114.87,37.2885340,127.1072832,113.300,-32.621,-48.795,4
1008,042115.37,37.2885372,127.1072812,113.300,-32.799,-48.443,4
1009,042115.87,37.2885400,127.1072785,113.300,-33.035,-48.127,4
1010,042116.37,37.2885432,127.1072767,113.300,-33.197,-47.775,4
1011,042116.87,37.2885468,127.1072760,113.300,-33.256,-47.367,4
1012,042117.37,37.2885505,127.1072758,113.300,-33.271,-46.958,4
1013,042117.75,37.2885533,127.1072755,113.300,-33.300,-46.643,4
1014,042118.25,37.2885573,127.1072752,113.300,-33.330,-46.198,4
1015,042118.62,37.2885600,127.1072758,113.300,-33.271,-45.901,4
1016,042119.00,37.2885628,127.1072768,113.300,-33.182,-45.586,4
1017,042119.37,37.2885655,127.1072773,113.300,-33.138,-45.289,4
1018,042119.75,37.2885683,127.1072782,113.300,-33.064,-44.973,4
1019,042120.12,37.2885710,127.1072790,113.300,-32.990,-44.676,4
1020,042120.50,37.2885737,127.1072800,113.300,-32.902,-44.380,4
1021,042120.87,37.2885765,127.1072810,113.300,-32.813,-44.064,4
1022,042121.25,37.2885792,127.1072820,113.300,-32.725,-43.767,4
1023,042121.62,37.2885818,127.1072832,113.300,-32.621,-43.470,4
1024,042122.00,37.2885845,127.1072843,113.300,-32.518,-43.174,4
1025,042122.37,37.2885872,127.1072853,113.300,-32.430,-42.877,4
1026,042122.75,37.2885897,127.1072867,113.300,-32.311,-42.598,4
1027,042123.12,37.2885925,127.1072880,113.300,-32.193,-42.283,4
1028,042123.50,37.2885952,127.1072893,113.300,-32.075,-41.986,4
1029,042123.87,37.2885977,127.1072907,113.200,-31.957,-41.708,4
1030,042124.25,37.2886003,127.1072918,113.200,-31.854,-41.411,4
1031,042124.62,37.2886028,127.1072933,113.200,-31.721,-41.133,4
1032,042125.00,37.2886055,127.1072943,113.200,-31.632,-40.836,4
1033,042125.37,37.2886080,127.1072958,113.200,-31.500,-40.558,4
1034,042125.87,37.2886115,127.1072975,113.200,-31.352,-40.168,4
1035,042126.25,37.2886140,127.1072990,113.200,-31.219,-39.890,4
1036,042126.75,37.2886172,127.1073008,113.200,-31.057,-39.537,4
1037,042127.12,37.2886197,127.1073022,113.200,-30.939,-39.259,4
1038,042127.62,37.2886228,127.1073037,113.200,-30.806,-38.906,4
1039,042128.12,37.2886262,127.1073057,113.200,-30.629,-38.535,4
1040,042128.62,37.2886292,127.1073077,113.200,-30.452,-38.201,4
1041,042129.12,37.2886323,127.1073093,113.200,-30.304,-37.849,4
1042,042129.62,37.2886353,127.1073115,113.200,-30.112,-37.515,4
1043,042130.00,37.2886377,127.1073133,113.200,-29.950,-37.255,4
1044,042130.50,37.2886405,127.1073162,113.200,-29.699,-36.940,4
1045,042130.87,37.2886425,127.1073185,113.200,-29.492,-36.717,4
1046,042131.25,37.2886445,127.1073210,113.200,-29.271,-36.494,4
1047,042131.62,37.2886465,127.1073235,113.200,-29.049,-36.272,4
1048,042132.00,37.2886480,127.1073267,113.200,-28.769,-36.105,4
1049,042132.50,37.2886495,127.1073308,113.200,-28.400,-35.938,4
1050,042132.87,37.2886507,127.1073342,113.200,-28.105,-35.808,4
1051,042133.25,37.2886512,127.1073375,113.200,-27.809,-35.752,4
1052,042133.62,37.2886518,127.1073410,113.200,-27.499,-35.678,4
1053,042134.00,37.2886525,127.1073445,113.200,-27.189,-35.604,4
1054,042134.37,37.2886525,127.1073480,113.200,-26.880,-35.604,4
1055,042134.75,37.2886525,127.1073517,113.200,-26.555,-35.604,4
1056,042135.12,37.2886523,127.1073552,113.200,-26.245,-35.622,4
1057,042135.50,37.2886517,127.1073587,113.200,-25.935,-35.697,4
1058,042135.87,37.2886508,127.1073620,113.200,-25.640,-35.789,4
1059,042136.25,37.2886502,127.1073657,113.200,-25.315,-35.864,4
1060,042136.62,37.2886495,127.1073692,113.200,-25.005,-35.938,4
1061,042137.00,37.2886488,127.1073725,113.200,-24.710,-36.012,4
1062,042137.37,37.2886482,127.1073760,113.200,-24.400,-36.086,4
1063,042137.75,37.2886475,127.1073795,113.200,-24.090,-36.160,4
1064,042138.12,37.2886468,127.1073830,113.200,-23.780,-36.235,4
1065,042138.50,37.2886462,127.1073865,113.200,-23.470,-36.309,4
1066,042138.87,37.2886452,127.1073900,113.200,-23.160,-36.420,4
1067,042139.25,37.2886443,127.1073933,113.200,-22.865,-36.513,4
1068,042139.62,37.2886435,127.1073968,113.200,-22.555,-36.606,4
1069,042140.00,37.2886425,127.1074002,113.200,-22.259,-36.717,4
1070,042140.37,37.2886415,127.1074033,113.200,-21.979,-36.828,4
1071,042140.75,37.2886405,127.1074067,113.200,-21.684,-36.940,4
1072,042141.12,37.2886397,127.1074100,113.300,-21.388,-37.032,4
1073,042141.50,37.2886387,127.1074132,113.200,-21.108,-37.144,4
1074,042141.87,37.2886373,127.1074163,113.200,-20.828,-37.292,4
1075,042142.37,37.2886357,127.1074203,113.300,-20.473,-37.478,4
1076,042142.75,37.2886343,127.1074235,113.300,-20.193,-37.626,4
1077,042143.12,37.2886330,127.1074265,113.300,-19.927,-37.775,4
1078,042143.50,37.2886315,127.1074295,113.300,-19.661,-37.942,4
1079,042143.87,37.2886297,127.1074323,113.300,-19.411,-38.146,4
1080,042144.25,37.2886277,127.1074348,113.300,-19.189,-38.368,4
1081,042144.62,37.2886258,127.1074377,113.300,-18.938,-38.572,4
1082,042145.00,37.2886240,127.1074403,113.300,-18.702,-38.776,4
1083,042145.37,37.2886220,127.1074428,113.300,-18.481,-38.999,4
1084,042145.75,37.2886198,127.1074450,113.300,-18.289,-39.240,4
1085,042146.25,37.2886165,127.1074465,113.300,-18.156,-39.611,4
1086,042146.62,37.2886137,127.1074472,113.300,-18.097,-39.927,4
1087,042147.12,37.2886100,127.1074475,113.300,-18.067,-40.335,4
1088,042147.50,37.2886072,127.1074478,113.300,-18.038,-40.650,4
1089,042147.87,37.2886043,127.1074483,113.300,-17.993,-40.966,4
1090,042148.37,37.2886007,127.1074483,113.300,-17.993,-41.374,4
1091,042148.75,37.2885980,127.1074477,113.200,-18.053,-41.671,4
1092,042149.12,37.2885953,127.1074467,113.200,-18.141,-41.968,4
1093,042149.50,37.2885927,127.1074452,113.200,-18.274,-42.264,4
1094,042149.87,37.2885900,127.1074445,113.200,-18.333,-42.561,4
1095,042150.25,37.2885872,127.1074443,113.200,-18.348,-42.877,4
1096,042150.62,37.2885842,127.1074440,113.200,-18.377,-43.211,4
1097,042151.00,37.2885813,127.1074437,113.300,-18.407,-43.526,4
1098,042151.37,37.2885785,127.1074433,113.300,-18.436,-43.842,4
1099,042151.75,37.2885757,127.1074433,113.300,-18.436,-44.157,4
1100,042152.12,37.2885728,127.1074432,113.300,-18.451,-44.472,4
1101,042152.50,37.2885700,127.1074430,113.300,-18.466,-44.788,4
1102,042153.00,37.2885663,127.1074430,113.200,-18.466,-45.196,4
1103,042153.37,37.2885635,127.1074427,113.200,-18.495,-45.511,4
1104,042153.75,37.2885608,127.1074422,113.300,-18.540,-45.808,4
1105,042154.12,37.2885580,127.1074417,113.300,-18.584,-46.124,4
1106,042154.50,37.2885552,127.1074412,113.300,-18.628,-46.439,4
1107,042154.87,37.2885523,127.1074408,113.300,-18.658,-46.754,4
1108,042155.25,37.2885495,127.1074403,113.300,-18.702,-47.070,4
1109,042155.75,37.2885458,127.1074398,113.300,-18.746,-47.478,4
1110,042156.12,37.2885432,127.1074392,113.300,-18.805,-47.775,4
1111,042156.50,37.2885403,127.1074388,113.300,-18.835,-48.090,4
1112,042156.87,37.2885377,127.1074380,113.300,-18.909,-48.387,4
1113,042157.25,37.2885348,127.1074375,113.300,-18.953,-48.702,4
1114,042157.62,37.2885320,127.1074370,113.300,-18.997,-49.018,4
1115,042158.00,37.2885293,127.1074363,113.300,-19.056,-49.315,4
1116,042158.37,37.2885265,127.1074355,113.300,-19.130,-49.630,4
1117,042158.75,37.2885237,127.1074348,113.300,-19.189,-49.946,4
1118,042159.12,37.2885210,127.1074340,113.300,-19.263,-50.242,4
1119,042159.50,37.2885183,127.1074327,113.300,-19.381,-50.539,4
1120,042159.87,37.2885157,127.1074317,113.200,-19.470,-50.836,4
1121,042200.37,37.2885123,127.1074300,113.300,-19.617,-51.207,4
1122,042200.75,37.2885095,127.1074288,113.300,-19.720,-51.523,4
1123,042201.12,37.2885068,127.1074277,113.300,-19.824,-51.819,4
1124,042201.62,37.2885033,127.1074260,113.300,-19.971,-52.209,4
1125,042202.00,37.2885007,127.1074250,113.300,-20.060,-52.506,4
1126,042202.37,37.2884980,127.1074242,113.300,-20.134,-52.803,4
1127,042202.75,37.2884952,127.1074232,113.300,-20.222,-53.118,4
1128,042203.25,37.2884917,127.1074217,113.300,-20.355,-53.508,4
1129,042203.62,37.2884890,127.1074208,113.300,-20.429,-53.805,4
1130,042204.00,37.2884863,127.1074197,113.300,-20.532,-54.102,4
1131,042204.37,37.2884837,127.1074188,113.300,-20.606,-54.398,4
1132,042204.87,37.2884800,127.1074175,113.300,-20.724,-54.807,4
1133,042205.25,37.2884775,127.1074162,113.300,-20.842,-55.085,4
1134,042205.62,37.2884748,127.1074152,113.300,-20.931,-55.382,4
1135,042206.00,37.2884723,127.1074137,113.300,-21.064,-55.660,4
1136,042206.37,37.2884698,127.1074122,113.300,-21.197,-55.938,4
1137,042206.87,37.2884663,127.1074100,113.300,-21.388,-56.328,4
1138,042207.25,37.2884638,127.1074085,113.300,-21.521,-56.606,4
1139,042207.62,37.2884612,127.1074070,113.300,-21.654,-56.903,4
1140,042208.00,37.2884587,127.1074055,113.300,-21.787,-57.181,4
1141,042208.37,37.2884558,127.1074038,113.300,-21.935,-57.497,4
1142,042208.87,37.2884525,127.1074022,113.300,-22.082,-57.868,4
1143,042209.25,37.2884498,127.1074005,113.300,-22.230,-58.165,4
1144,042209.62,37.2884473,127.1073992,113.300,-22.348,-58.443,4
1145,042210.00,37.2884447,127.1073975,113.300,-22.496,-58.740,4
1146,042210.37,37.2884422,127.1073962,113.300,-22.614,-59.018,4
1147,042210.75,37.2884395,127.1073948,113.300,-22.732,-59.315,4
1148,042211.12,37.2884370,127.1073935,113.300,-22.850,-59.593,4
1149,042211.50,37.2884345,127.1073922,113.300,-22.968,-59.872,4
1150,042211.87,37.2884318,127.1073907,113.300,-23.101,-60.168,4
1151,042212.25,37.2884292,127.1073892,113.300,-23.234,-60.465,4
1152,042212.62,37.2884267,127.1073877,113.300,-23.366,-60.744,4
1153,042213.00,37.2884242,127.1073860,113.300,-23.514,-61.022,4
1154,042213.37,37.2884215,127.1073845,113.300,-23.647,-61.319,4
1155,042213.75,37.2884192,127.1073827,113.300,-23.809,-61.579,4
1156,042214.12,37.2884165,127.1073810,113.300,-23.957,-61.875,4
1157,042214.62,37.2884132,127.1073790,113.300,-24.134,-62.246,4
1158,042215.00,37.2884108,127.1073772,113.300,-24.296,-62.506,4
1159,042215.37,37.2884083,127.1073753,113.300,-24.459,-62.784,4
1160,042215.75,37.2884060,127.1073735,113.300,-24.621,-63.044,4
1161,042216.12,37.2884035,127.1073718,113.300,-24.769,-63.323,4
1162,042216.50,37.2884012,127.1073698,113.300,-24.946,-63.582,4
1163,042216.87,37.2883990,127.1073677,113.300,-25.138,-63.823,4
1164,042217.25,37.2883968,127.1073655,113.300,-25.330,-64.065,4
1165,042217.62,37.2883947,127.1073633,113.300,-25.522,-64.306,4
1166,042218.00,37.2883925,127.1073612,113.300,-25.713,-64.547,4
1167,042218.37,37.2883907,127.1073585,113.300,-25.950,-64.751,4
1168,042218.75,37.2883890,127.1073555,113.300,-26.215,-64.937,4
1169,042219.12,37.2883875,127.1073525,113.200,-26.481,-65.104,4
1170,042219.50,37.2883858,127.1073497,113.300,-26.732,-65.289,4
1171,042219.87,37.2883845,127.1073465,113.200,-27.012,-65.438,4
1172,042220.25,37.2883830,127.1073435,113.200,-27.278,-65.605,4
1173,042220.62,37.2883820,127.1073402,113.200,-27.573,-65.716,4
1174,042221.12,37.2883812,127.1073358,113.200,-27.957,-65.809,4
1175,042221.50,37.2883805,127.1073325,113.200,-28.252,-65.883,4
1176,042221.87,37.2883797,127.1073292,113.200,-28.547,-65.976,4
1177,042222.25,37.2883788,127.1073258,113.200,-28.843,-66.068,4
1178,042222.62,37.2883783,127.1073223,113.200,-29.153,-66.124,4
1179,042223.00,37.2883775,127.1073188,113.200,-29.463,-66.217,4
1180,042223.37,37.2883770,127.1073155,113.200,-29.758,-66.273,4
1181,042223.87,37.2883765,127.1073110,113.200,-30.156,-66.328,4
1182,042224.25,37.2883760,127.1073075,113.200,-30.466,-66.384,4
1183,042224.75,37.2883760,127.1073032,113.200,-30.850,-66.384,4
1184,042225.25,37.2883760,127.1072987,113.200,-31.249,-66.384,4
1185,042225.62,37.2883763,127.1072952,113.200,-31.559,-66.347,4
1186,042226.00,37.2883763,127.1072917,113.200,-31.869,-66.347,4
1187,042226.37,37.2883767,127.1072882,113.200,-32.179,-66.310,4
1188,042226.75,37.2883772,127.1072848,113.200,-32.474,-66.254,4
1189,042227.12,37.2883775,127.1072813,113.200,-32.784,-66.217,4
1190,042227.50,37.2883778,127.1072778,113.200,-33.094,-66.180,4
1191,042227.87,37.2883783,127.1072743,113.200,-33.404,-66.124,4
1192,042228.25,37.2883792,127.1072710,113.300,-33.699,-66.031,4
1193,042228.62,37.2883798,127.1072677,113.300,-33.994,-65.957,4
1194,042229.00,37.2883805,127.1072642,113.300,-34.304,-65.883,4
1195,042229.37,37.2883817,127.1072608,113.300,-34.599,-65.753,4
1196,042229.75,37.2883823,127.1072575,113.300,-34.895,-65.679,4
1197,042230.12,37.2883833,127.1072540,113.200,-35.205,-65.567,4
1198,042230.62,37.2883843,127.1072497,113.200,-35.588,-65.456,4
1199,042231.00,37.2883853,127.1072463,113.300,-35.884,-65.345,4
1200,042231.37,37.2883862,127.1072430,113.300,-36.179,-65.252,4
1201,042231.75,37.2883870,127.1072397,113.300,-36.474,-65.159,4
1202,042232.12,37.2883878,127.1072363,113.300,-36.769,-65.067,4
1203,042232.50,37.2883887,127.1072330,113.300,-37.064,-64.974,4
1204,042232.87,37.2883895,127.1072295,113.300,-37.374,-64.881,4
1205,042233.25,37.2883905,127.1072263,113.300,-37.655,-64.770,4
1206,042233.62,37.2883915,127.1072230,113.300,-37.950,-64.658,4
1207,042234.00,37.2883925,127.1072198,113.300,-38.231,-64.547,4
1208,042234.37,37.2883937,127.1072165,113.300,-38.526,-64.417,4
1209,042234.75,37.2883947,127.1072133,113.300,-38.806,-64.306,4
1210,042235.12,37.2883958,127.1072100,113.300,-39.101,-64.176,4
1211,042235.50,37.2883968,127.1072067,113.300,-39.397,-64.065,4
1212,042235.87,37.2883980,127.1072033,113.300,-39.692,-63.935,4
1213,042236.25,37.2883990,127.1072000,113.300,-39.987,-63.823,4
1214,042236.62,37.2884000,127.1071967,113.300,-40.282,-63.712,4
1215,042237.00,37.2884010,127.1071935,113.300,-40.563,-63.601,4
1216,042237.37,37.2884022,127.1071902,113.300,-40.858,-63.471,4
1217,042237.75,37.2884033,127.1071870,113.200,-41.138,-63.341,4
1218,042238.12,37.2884045,127.1071838,113.200,-41.419,-63.211,4
1219,042238.50,37.2884055,127.1071805,113.200,-41.714,-63.100,4
1220,042238.87,37.2884067,127.1071772,113.200,-42.009,-62.970,4
1221,042239.25,37.2884080,127.1071740,113.200,-42.290,-62.822,4
1222,042239.62,37.2884092,127.1071708,113.200,-42.570,-62.692,4
1223,042240.00,37.2884103,127.1071677,113.200,-42.851,-62.562,4
1224,042240.37,37.2884115,127.1071645,113.200,-43.131,-62.432,4
1225,042240.75,37.2884128,127.1071612,113.200,-43.426,-62.284,4
1226,042241.12,37.2884140,127.1071580,113.200,-43.707,-62.154,4
1227,042241.50,37.2884153,127.1071548,113.200,-43.987,-62.005,4
1228,042241.87,37.2884167,127.1071518,113.200,-44.253,-61.857,4
1229,042242.25,37.2884182,127.1071488,113.200,-44.519,-61.690,4
1230,042242.62,37.2884195,127.1071457,113.200,-44.799,-61.541,4
1231,042243.00,37.2884208,127.1071425,113.200,-45.080,-61.393,4
1232,042243.37,37.2884222,127.1071395,113.200,-45.345,-61.245,4
1233,042243.75,37.2884238,127.1071367,113.200,-45.596,-61.059,4
1234,042244.12,37.2884252,127.1071335,113.200,-45.877,-60.911,4
1235,042244.50,37.2884270,127.1071308,113.200,-46.113,-60.707,4
1236,042244.87,37.2884290,127.1071285,113.200,-46.320,-60.484,4
1237,042245.37,37.2884318,127.1071257,113.200,-46.570,-60.168,4
1238,042245.87,37.2884347,127.1071227,113.200,-46.836,-59.853,4
1239,042246.25,37.2884367,127.1071203,113.200,-47.043,-59.630,4
1240,042246.62,37.2884392,127.1071187,113.200,-47.190,-59.352,4
1241,042247.12,37.2884422,127.1071160,113.200,-47.427,-59.018,4
1242,042247.50,37.2884447,127.1071147,113.200,-47.545,-58.740,4
1243,042331.75,37.2885565,127.1071482,113.200,-44.578,-46.291,4
1244,042336.12,37.2885592,127.1071493,113.200,-44.474,-45.994,4
1245,042336.87,37.2885620,127.1071508,113.200,-44.342,-45.678,4
1246,042337.50,37.2885647,127.1071522,113.200,-44.224,-45.381,4
1247,042338.12,37.2885673,127.1071533,113.200,-44.120,-45.085,4
1248,042338.75,37.2885700,127.1071548,113.300,-43.987,-44.788,4
1249,042339.37,37.2885728,127.1071560,113.300,-43.884,-44.472,4
1250,042340.00,37.2885755,127.1071575,113.200,-43.751,-44.175,4
1251,042340.62,37.2885783,127.1071588,113.200,-43.633,-43.860,4
1252,042341.25,37.2885812,127.1071603,113.200,-43.500,-43.545,4
1253,042341.87,37.2885838,127.1071617,113.200,-43.382,-43.248,4
1254,042342.50,37.2885867,127.1071632,113.200,-43.249,-42.932,4
1255,042343.00,37.2885898,127.1071647,113.200,-43.116,-42.580,4
1256,042343.37,37.2885923,127.1071660,113.200,-42.998,-42.302,4
1257,042343.75,37.2885948,127.1071673,113.200,-42.880,-42.023,4
1258,042344.25,37.2885982,127.1071692,113.200,-42.718,-41.652,4
1259,042344.62,37.2886007,127.1071705,113.200,-42.600,-41.374,4
1260,042345.12,37.2886040,127.1071722,113.200,-42.452,-41.003,4
1261,042345.50,37.2886065,127.1071735,113.200,-42.334,-40.725,4
1262,042345.87,37.2886090,127.1071748,113.200,-42.216,-40.446,4
1263,042346.37,37.2886123,127.1071765,113.200,-42.068,-40.075,4
1264,042346.87,37.2886157,127.1071782,113.200,-41.921,-39.704,4
1265,042347.25,37.2886183,127.1071793,113.200,-41.817,-39.407,4
1266,042347.62,37.2886210,127.1071807,113.200,-41.699,-39.110,4
1267,042348.00,37.2886235,127.1071820,113.200,-41.581,-38.832,4
1268,042348.37,37.2886262,127.1071833,113.200,-41.463,-38.535,4
1269,042348.75,37.2886287,127.1071847,113.200,-41.345,-38.257,4
1270,042349.25,37.2886320,127.1071863,113.200,-41.198,-37.886,4
1271,042349.62,37.2886347,127.1071877,113.200,-41.079,-37.589,4
1272,042350.00,37.2886373,127.1071888,113.200,-40.976,-37.292,4
1273,042350.37,37.2886398,127.1071902,113.200,-40.858,-37.014,4
1274,042350.75,37.2886423,127.1071915,113.200,-40.740,-36.736,4
1275,042351.12,37.2886450,127.1071928,113.200,-40.622,-36.439,4
1276,042351.50,37.2886477,127.1071940,113.200,-40.519,-36.142,4
1277,042352.00,37.2886510,127.1071957,113.200,-40.371,-35.771,4
1278,042352.37,37.2886537,127.1071970,113.200,-40.253,-35.474,4
1279,042352.75,37.2886562,127.1071983,113.200,-40.135,-35.196,4
1280,042353.12,37.2886588,127.1071997,113.200,-40.017,-34.899,4
1281,042353.50,37.2886615,127.1072010,113.200,-39.899,-34.602,4
1282,042353.87,37.2886640,127.1072023,113.200,-39.780,-34.324,4
1283,042354.25,37.2886667,127.1072033,113.200,-39.692,-34.027,4
1284,042354.62,37.2886693,127.1072045,113.200,-39.589,-33.730,4
1285,042355.00,37.2886722,127.1072052,113.200,-39.530,-33.415,4
1286,042355.37,37.2886750,127.1072057,113.200,-39.485,-33.099,4
1287,042355.75,37.2886778,127.1072053,113.200,-39.515,-32.784,4
1288,042356.25,37.2886815,127.1072053,113.200,-39.515,-32.376,4
1289,042356.62,37.2886842,127.1072048,113.200,-39.559,-32.079,4
1290,042357.00,37.2886870,127.1072047,113.200,-39.574,-31.763,4
1291,042357.37,37.2886898,127.1072043,113.200,-39.603,-31.448,4
1292,042357.75,37.2886925,127.1072038,113.200,-39.648,-31.151,4
1293,042358.12,37.2886953,127.1072030,113.200,-39.721,-30.836,4
1294,042358.50,37.2886982,127.1072025,113.200,-39.766,-30.520,4
1295,042358.87,37.2887008,127.1072013,113.200,-39.869,-30.223,4
1296,042359.25,37.2887035,127.1072003,113.200,-39.958,-29.927,4
1297,042359.62,37.2887062,127.1071993,113.200,-40.046,-29.630,4
1298,042400.00,37.2887088,127.1071982,113.200,-40.150,-29.333,4
1299,042400.37,37.2887113,127.1071967,113.200,-40.282,-29.055,4
1300,042400.75,37.2887140,127.1071955,113.200,-40.386,-28.758,4
1301,042401.12,37.2887165,127.1071935,113.200,-40.563,-28.479,4
1302,042401.50,37.2887188,127.1071917,113.200,-40.725,-28.220,4
1303,042401.87,37.2887213,127.1071898,113.200,-40.888,-27.941,4
1304,042402.25,37.2887238,127.1071880,113.200,-41.050,-27.663,4
1305,042402.62,37.2887263,127.1071860,113.200,-41.227,-27.385,4
1306,042403.00,37.2887287,127.1071842,113.200,-41.389,-27.125,4
1307,042403.37,37.2887310,127.1071822,113.200,-41.567,-26.865,4
1308,042403.75,37.2887333,127.1071802,113.200,-41.744,-26.605,4
1309,042404.12,37.2887357,127.1071782,113.200,-41.921,-26.346,4
1310,042404.50,37.2887377,127.1071758,113.200,-42.127,-26.123,4
1311,042404.87,37.2887398,127.1071735,113.200,-42.334,-25.882,4
1312,042405.25,37.2887420,127.1071712,113.200,-42.541,-25.641,4
1313,042405.62,37.2887440,127.1071687,113.200,-42.762,-25.418,4
1314,042406.00,37.2887460,127.1071662,113.200,-42.984,-25.195,4
1315,042406.37,37.2887480,127.1071637,113.200,-43.205,-24.973,4
1316,042406.75,37.2887500,127.1071612,113.200,-43.426,-24.750,4
1317,042407.12,37.2887520,127.1071585,113.200,-43.663,-24.528,4
1318,042407.50,37.2887538,127.1071558,113.200,-43.899,-24.323,4
1319,042407.87,37.2887552,127.1071528,113.200,-44.164,-24.175,4
1320,042408.25,37.2887562,127.1071495,113.200,-44.460,-24.064,4
1321,042408.62,37.2887572,127.1071462,113.200,-44.755,-23.952,4
1322,042409.00,37.2887585,127.1071430,113.200,-45.035,-23.804,4
1323,042409.37,37.2887597,127.1071398,113.200,-45.316,-23.674,4
1324,042409.75,37.2887607,127.1071365,113.200,-45.611,-23.563,4
1325,042410.12,37.2887618,127.1071333,113.200,-45.891,-23.433,4
1326,042410.50,37.2887630,127.1071302,113.200,-46.172,-23.303,4
1327,042410.87,37.2887642,127.1071270,113.200,-46.452,-23.173,4
1328,042411.25,37.2887652,127.1071237,113.200,-46.748,-23.062,4
1329,042411.62,37.2887665,127.1071205,113.200,-47.028,-22.913,4
1330,042412.00,37.2887675,127.1071173,113.200,-47.309,-22.802,4
1331,042412.37,37.2887687,127.1071140,113.200,-47.604,-22.672,4
1332,042412.75,37.2887697,127.1071108,113.200,-47.884,-22.561,4
1333,042413.12,37.2887707,127.1071077,113.200,-48.165,-22.450,4
1334,042413.50,37.2887718,127.1071045,113.200,-48.445,-22.320,4
1335,042413.87,37.2887730,127.1071013,113.200,-48.726,-22.190,4
1336,042414.25,37.2887740,127.1070980,113.200,-49.021,-22.078,4
1337,042414.62,37.2887752,127.1070948,113.200,-49.301,-21.949,4
1338,042415.00,37.2887762,127.1070915,113.200,-49.596,-21.837,4
1339,042415.37,37.2887773,127.1070883,113.200,-49.877,-21.707,4
1340,042415.75,37.2887783,127.1070852,113.200,-50.157,-21.596,4
1341,042416.12,37.2887793,127.1070818,113.200,-50.453,-21.485,4
1342,042416.50,37.2887805,127.1070787,113.200,-50.733,-21.355,4
1343,042416.87,37.2887815,127.1070753,113.200,-51.028,-21.244,4
1344,042417.25,37.2887825,127.1070722,113.200,-51.309,-21.132,4
1345,042417.62,37.2887837,127.1070688,113.200,-51.604,-21.002,4
1346,042418.00,37.2887847,127.1070657,113.200,-51.884,-20.891,4
1347,042418.37,37.2887857,127.1070623,113.200,-52.180,-20.780,4
1348,042418.75,37.2887868,127.1070590,113.200,-52.475,-20.650,4
1349,042419.12,37.2887878,127.1070558,113.200,-52.755,-20.539,4
1350,042419.50,37.2887888,127.1070525,113.200,-53.050,-20.427,4
1351,042419.87,37.2887900,127.1070492,113.200,-53.346,-20.297,4
1352,042420.25,37.2887910,127.1070458,113.200,-53.641,-20.186,4
1353,042420.62,37.2887920,127.1070427,113.200,-53.921,-20.075,4
1354,042421.00,37.2887930,127.1070393,113.200,-54.217,-19.963,4
1355,042421.37,37.2887940,127.1070360,113.200,-54.512,-19.852,4
1356,042421.75,37.2887950,127.1070328,113.200,-54.792,-19.741,4
1357,042422.12,37.2887962,127.1070295,113.200,-55.087,-19.611,4
1358,042422.50,37.2887972,127.1070263,113.200,-55.368,-19.500,4
1359,042422.87,37.2887983,127.1070230,113.200,-55.663,-19.370,4
1360,042423.25,37.2887993,127.1070198,113.200,-55.944,-19.258,4
1361,042423.62,37.2888003,127.1070165,113.200,-56.239,-19.147,4
1362,042424.00,37.2888015,127.1070133,113.200,-56.519,-19.017,4
1363,042424.37,37.2888025,127.1070100,113.200,-56.815,-18.906,4
1364,042424.75,37.2888035,127.1070068,113.200,-57.095,-18.795,4
1365,042425.12,37.2888045,127.1070035,113.200,-57.390,-18.683,4
1366,042425.50,37.2888055,127.1070003,113.200,-57.671,-18.572,4
1367,042425.87,37.2888065,127.1069970,113.200,-57.966,-18.461,4
1368,042426.25,37.2888077,127.1069937,113.200,-58.261,-18.331,4
1369,042426.62,37.2888088,127.1069905,113.200,-58.542,-18.201,4
1370,042427.00,37.2888098,127.1069873,113.200,-58.822,-18.090,4
1371,042427.37,37.2888110,127.1069840,113.200,-59.117,-17.960,4
1372,042427.75,37.2888120,127.1069808,113.200,-59.398,-17.848,4
1373,042428.12,37.2888132,127.1069775,113.200,-59.693,-17.718,4
1374,042428.50,37.2888142,127.1069743,113.200,-59.973,-17.607,4
1375,042428.87,37.2888152,127.1069712,113.200,-60.254,-17.496,4
1376,042429.25,37.2888162,127.1069678,113.200,-60.549,-17.384,4
1377,042429.62,37.2888173,127.1069647,113.200,-60.829,-17.255,4
1378,042430.00,37.2888183,127.1069613,113.200,-61.125,-17.143,4
1379,042430.37,37.2888195,127.1069582,113.200,-61.405,-17.013,4
1380,042430.75,37.2888205,127.1069548,113.200,-61.700,-16.902,4
1381,042431.12,37.2888217,127.1069515,113.200,-61.996,-16.772,4
1382,042431.50,37.2888227,127.1069483,113.200,-62.276,-16.661,4
1383,042431.87,37.2888238,127.1069450,113.200,-62.571,-16.531,4
1384,042432.25,37.2888248,127.1069417,113.200,-62.866,-16.420,4
1385,042432.62,37.2888260,127.1069383,113.200,-63.162,-16.290,4
1386,042433.00,37.2888270,127.1069350,113.200,-63.457,-16.179,4
1387,042433.37,37.2888280,127.1069318,113.200,-63.737,-16.067,4
1388,042433.75,37.2888292,127.1069285,113.200,-64.033,-15.937,4
1389,042434.12,37.2888302,127.1069252,113.200,-64.328,-15.826,4
1390,042434.50,37.2888313,127.1069218,113.200,-64.623,-15.696,4
1391,042434.87,37.2888323,127.1069185,113.100,-64.918,-15.585,4
1392,042435.25,37.2888335,127.1069153,113.100,-65.199,-15.455,4
1393,042435.62,37.2888345,127.1069120,113.100,-65.494,-15.344,4
1394,042436.00,37.2888355,127.1069088,113.100,-65.774,-15.232,4
1395,042436.37,37.2888367,127.1069055,113.100,-66.070,-15.102,4
1396,042436.75,37.2888377,127.1069023,113.100,-66.350,-14.991,4
1397,042437.12,37.2888387,127.1068992,113.100,-66.630,-14.880,4
1398,042437.50,37.2888397,127.1068960,113.100,-66.911,-14.768,4
1399,042437.87,37.2888407,127.1068928,113.100,-67.191,-14.657,4
1400,042438.25,37.2888417,127.1068897,113.100,-67.472,-14.546,4
1401,042438.62,37.2888427,127.1068863,113.100,-67.767,-14.434,4
1402,042439.00,37.2888438,127.1068832,113.100,-68.048,-14.305,4
1403,042439.37,37.2888448,127.1068800,113.100,-68.328,-14.193,4
1404,042439.75,37.2888458,127.1068767,113.100,-68.623,-14.082,4
1405,042440.12,37.2888468,127.1068735,113.100,-68.904,-13.971,4
1406,042440.50,37.2888478,127.1068702,113.100,-69.199,-13.859,4
1407,042440.87,37.2888488,127.1068668,113.100,-69.494,-13.748,4
1408,042441.25,37.2888500,127.1068637,113.100,-69.775,-13.618,4
1409,042441.62,37.2888508,127.1068603,113.100,-70.070,-13.525,4
1410,042442.00,37.2888520,127.1068570,113.100,-70.365,-13.396,4
1411,042442.37,37.2888530,127.1068537,113.100,-70.660,-13.284,4
1412,042442.75,37.2888540,127.1068503,113.100,-70.955,-13.173,4
1413,042443.12,37.2888550,127.1068470,113.100,-71.251,-13.062,4
1414,042443.50,37.2888560,127.1068437,113.100,-71.546,-12.950,4
1415,042443.87,37.2888570,127.1068405,113.100,-71.826,-12.839,4
1416,042444.25,37.2888580,127.1068372,113.100,-72.122,-12.728,4
1417,042444.62,37.2888590,127.1068338,113.100,-72.417,-12.616,4
1418,042445.00,37.2888600,127.1068305,113.100,-72.712,-12.505,4
1419,042445.37,37.2888610,127.1068272,113.100,-73.007,-12.394,4
1420,042445.75,37.2888620,127.1068238,113.100,-73.302,-12.282,4
1421,042446.25,37.2888633,127.1068195,113.100,-73.686,-12.134,4
1422,042446.62,37.2888642,127.1068162,113.100,-73.981,-12.041,4
1423,042447.00,37.2888652,127.1068128,113.100,-74.277,-11.930,4
1424,042447.37,37.2888662,127.1068095,113.100,-74.572,-11.818,4
1425,042447.75,37.2888672,127.1068062,113.100,-74.867,-11.707,4
1426,042448.12,37.2888682,127.1068028,113.100,-75.162,-11.596,4
1427,042448.50,37.2888692,127.1067995,113.100,-75.457,-11.485,4
1428,042448.87,37.2888702,127.1067963,113.100,-75.738,-11.373,4
1429,042449.25,37.2888712,127.1067930,113.100,-76.033,-11.262,4
1430,042449.75,37.2888723,127.1067887,113.100,-76.417,-11.132,4
1431,042450.12,37.2888733,127.1067855,113.100,-76.697,-11.021,4
1432,042450.62,37.2888745,127.1067813,113.100,-77.066,-10.891,4
1433,042451.00,37.2888753,127.1067780,113.100,-77.362,-10.798,4
1434,042451.37,37.2888760,127.1067747,113.100,-77.657,-10.724,4
1435,042451.75,37.2888768,127.1067713,113.100,-77.952,-10.631,4
1436,042452.12,37.2888772,127.1067678,113.100,-78.262,-10.594,4
1437,042452.50,37.2888775,127.1067643,113.100,-78.572,-10.557,4
1438,042453.00,37.2888775,127.1067602,113.100,-78.941,-10.557,4
1439,042453.37,37.2888770,127.1067567,113.100,-79.251,-10.613,4
1440,042453.75,37.2888770,127.1067532,113.100,-79.561,-10.613,4
1441,042454.25,37.2888765,127.1067487,113.100,-79.960,-10.668,4
1442,042454.62,37.2888757,127.1067453,113.200,-80.255,-10.761,4
1443,042455.00,37.2888750,127.1067420,113.200,-80.550,-10.835,4
1444,042455.37,37.2888742,127.1067387,113.200,-80.845,-10.928,4
1445,042455.75,37.2888733,127.1067353,113.200,-81.140,-11.021,4
1446,042456.12,37.2888723,127.1067320,113.200,-81.436,-11.132,4
1447,042456.50,37.2888713,127.1067287,113.200,-81.731,-11.243,4
1448,042457.00,37.2888702,127.1067242,113.200,-82.129,-11.373,4
1449,042457.37,37.2888690,127.1067208,113.200,-82.425,-11.503,4
1450,042457.75,37.2888677,127.1067177,113.200,-82.705,-11.651,4
1451,042458.12,37.2888665,127.1067145,113.200,-82.985,-11.781,4
1452,042458.50,37.2888648,127.1067113,113.200,-83.266,-11.967,4
1453,042458.87,37.2888633,127.1067083,113.200,-83.532,-12.134,4
1454,042459.25,37.2888617,127.1067055,113.200,-83.783,-12.319,4
1455,042459.62,37.2888600,127.1067027,113.200,-84.034,-12.505,4
1456,042500.00,37.2888582,127.1067000,113.200,-84.270,-12.709,4
1457,042500.37,37.2888560,127.1066975,113.200,-84.491,-12.950,4
1458,042500.75,37.2888538,127.1066952,113.200,-84.698,-13.191,4
1459,042501.12,37.2888518,127.1066927,113.200,-84.919,-13.414,4
1460,042501.50,37.2888497,127.1066903,113.200,-85.126,-13.655,4
1461,042501.87,37.2888475,127.1066882,113.200,-85.318,-13.896,4
1462,042502.25,37.2888452,127.1066860,113.200,-85.510,-14.156,4
1463,042502.62,37.2888430,127.1066838,113.200,-85.701,-14.397,4
1464,042503.00,37.2888407,127.1066818,113.200,-85.879,-14.657,4
1465,042503.37,37.2888383,127.1066797,113.200,-86.071,-14.917,4
1466,042503.75,37.2888362,127.1066775,113.200,-86.262,-15.158,4
1467,042504.12,37.2888338,127.1066752,113.200,-86.469,-15.418,4
1468,042504.50,37.2888315,127.1066732,113.200,-86.646,-15.678,4
1469,042504.87,37.2888293,127.1066710,113.200,-86.838,-15.919,4
1470,042505.25,37.2888270,127.1066688,113.200,-87.030,-16.179,4
1471,042505.62,37.2888247,127.1066667,113.200,-87.222,-16.438,4
1472,042506.00,37.2888223,127.1066648,113.200,-87.384,-16.698,4
1473,042506.37,37.2888200,127.1066628,113.200,-87.561,-16.958,4
1474,042506.87,37.2888168,127.1066605,113.200,-87.768,-17.310,4
1475,042507.25,37.2888145,127.1066587,113.200,-87.930,-17.570,4
1476,042507.62,37.2888122,127.1066567,113.200,-88.108,-17.830,4
1477,042508.00,37.2888098,127.1066548,113.200,-88.270,-18.090,4
1478,042508.37,37.2888073,127.1066530,113.200,-88.432,-18.368,4
1479,042508.75,37.2888050,127.1066510,113.200,-88.609,-18.628,4
1480,042509.12,37.2888027,127.1066492,113.200,-88.772,-18.887,4
1481,042509.50,37.2888002,127.1066475,113.200,-88.919,-19.166,4
1482,042510.00,37.2887968,127.1066458,113.200,-89.067,-19.537,4
1483,042510.37,37.2887943,127.1066442,113.200,-89.215,-19.815,4
1484,042510.75,37.2887918,127.1066428,113.200,-89.333,-20.093,4
1485,042511.12,37.2887892,127.1066415,113.200,-89.451,-20.390,4
1486,042511.50,37.2887867,127.1066398,113.200,-89.598,-20.668,4
1487,042511.87,37.2887840,127.1066385,113.200,-89.716,-20.965,4
1488,042512.25,37.2887813,127.1066375,113.200,-89.805,-21.262,4
1489,042512.62,37.2887788,127.1066360,113.200,-89.938,-21.540,4
1490,042513.00,37.2887762,127.1066347,113.200,-90.056,-21.837,4
1491,042513.50,37.2887728,127.1066328,113.200,-90.218,-22.208,4
1492,042513.87,37.2887702,127.1066317,113.200,-90.322,-22.505,4
1493,042514.25,37.2887675,127.1066305,113.200,-90.425,-22.802,4
1494,042514.62,37.2887648,127.1066292,113.200,-90.543,-23.099,4
1495,042515.00,37.2887623,127.1066278,113.200,-90.661,-23.377,4
1496,042515.37,37.2887597,127.1066265,113.200,-90.779,-23.674,4
1497,042515.75,37.2887570,127.1066253,113.200,-90.883,-23.971,4
1498,042516.12,37.2887545,127.1066240,113.200,-91.001,-24.249,4
1499,042516.50,37.2887518,127.1066227,113.200,-91.119,-24.546,4
1500,042516.87,37.2887492,127.1066215,113.200,-91.222,-24.843,4
1501,042517.25,37.2887467,127.1066202,113.200,-91.340,-25.121,4
1502,042517.62,37.2887442,127.1066188,113.200,-91.458,-25.400,4
1503,042518.00,37.2887415,127.1066177,113.200,-91.562,-25.696,4
1504,042518.37,37.2887388,127.1066163,113.200,-91.680,-25.993,4
1505,042518.75,37.2887362,127.1066150,113.200,-91.798,-26.290,4
1506,042519.12,37.2887337,127.1066137,113.200,-91.916,-26.568,4
1507,042519.50,37.2887310,127.1066122,113.200,-92.049,-26.865,4
1508,042520.00,37.2887280,127.1066108,113.200,-92.167,-27.199,4
1509,042520.62,37.2887253,127.1066095,113.200,-92.285,-27.496,4
1510,042521.37,37.2887225,127.1066080,113.200,-92.418,-27.811,4
1511,042522.12,37.2887198,127.1066068,113.300,-92.521,-28.108,4
1512,042522.87,37.2887172,127.1066055,113.300,-92.639,-28.405,4
1513,042523.50,37.2887143,127.1066038,113.300,-92.787,-28.721,4
1514,042524.00,37.2887115,127.1066025,113.300,-92.905,-29.036,4
1515,042524.62,37.2887085,127.1066012,113.300,-93.023,-29.370,4
1516,042525.25,37.2887053,127.1065993,113.300,-93.185,-29.722,4
1517,042526.00,37.2887022,127.1065977,113.300,-93.333,-30.075,4
1518,042526.50,37.2886995,127.1065957,113.300,-93.510,-30.372,4
1519,042527.37,37.2886967,127.1065948,113.300,-93.584,-30.687,4
1520,042528.37,37.2886940,127.1065933,113.300,-93.717,-30.984,4
1521,042528.87,37.2886910,127.1065917,113.300,-93.864,-31.318,4
1522,042529.25,37.2886885,127.1065902,113.300,-93.997,-31.596,4
1523,042529.62,37.2886860,127.1065887,113.300,-94.130,-31.875,4
1524,042530.00,37.2886835,127.1065872,113.200,-94.263,-32.153,4
1525,042530.50,37.2886808,127.1065862,113.200,-94.351,-32.450,4
1526,042531.12,37.2886777,127.1065848,113.200,-94.469,-32.802,4
1527,042531.75,37.2886748,127.1065833,113.200,-94.602,-33.118,4
1528,042532.37,37.2886717,127.1065818,113.200,-94.735,-33.470,4
1529,042533.00,37.2886687,127.1065805,113.200,-94.853,-33.804,4
1530,042533.62,37.2886658,127.1065792,113.200,-94.971,-34.120,4
1531,042534.12,37.2886632,127.1065780,113.200,-95.075,-34.416,4
1532,042534.62,37.2886598,127.1065765,113.200,-95.207,-34.787,4
1533,042535.00,37.2886572,127.1065753,113.200,-95.311,-35.084,4
1534,042535.50,37.2886537,127.1065738,113.200,-95.444,-35.474,4
1535,042535.87,37.2886510,127.1065728,113.200,-95.532,-35.771,4
1536,042536.25,37.2886483,127.1065717,113.200,-95.636,-36.068,4
1537,042536.62,37.2886457,127.1065705,113.200,-95.739,-36.365,4
1538,042537.00,37.2886428,127.1065693,113.200,-95.842,-36.680,4
1539,042537.50,37.2886395,127.1065680,113.200,-95.960,-37.051,4
1540,042537.87,37.2886368,127.1065670,113.200,-96.049,-37.348,4
1541,042538.25,37.2886340,127.1065662,113.200,-96.123,-37.663,4
1542,042538.62,37.2886312,127.1065660,113.200,-96.137,-37.979,4
1543,042539.12,37.2886277,127.1065657,113.200,-96.167,-38.368,4
1544,042539.50,37.2886248,127.1065655,113.300,-96.182,-38.684,4
1545,042540.00,37.2886213,127.1065653,113.200,-96.196,-39.073,4
1546,042540.37,37.2886185,127.1065655,113.300,-96.182,-39.389,4
1547,042540.87,37.2886148,127.1065658,113.300,-96.152,-39.797,4
1548,042541.25,37.2886120,127.1065665,113.300,-96.093,-40.112,4
1549,042541.62,37.2886093,127.1065677,113.300,-95.990,-40.409,4
1550,042542.00,37.2886063,127.1065682,113.300,-95.946,-40.743,4
1551,042542.37,37.2886037,127.1065693,113.300,-95.842,-41.040,4
1552,042542.87,37.2886005,127.1065713,113.300,-95.665,-41.392,4
1553,042543.25,37.2885980,127.1065732,113.300,-95.503,-41.671,4
1554,042543.62,37.2885953,127.1065747,113.300,-95.370,-41.968,4
1555,042544.00,37.2885927,127.1065763,113.300,-95.222,-42.264,4
1556,042544.50,37.2885897,127.1065788,113.200,-95.001,-42.598,4
1557,042544.87,37.2885868,127.1065808,113.200,-94.824,-42.914,4
1558,042545.37,37.2885842,127.1065838,113.200,-94.558,-43.211,4
1559,042545.75,37.2885822,127.1065862,113.200,-94.351,-43.433,4
1560,042546.12,37.2885802,127.1065885,113.200,-94.145,-43.656,4
1561,042546.50,37.2885783,127.1065912,113.100,-93.909,-43.860,4
1562,042546.87,37.2885767,127.1065940,113.100,-93.658,-44.046,4
1563,042547.25,37.2885750,127.1065967,113.100,-93.421,-44.231,4
1564,042547.62,37.2885732,127.1065995,113.100,-93.170,-44.435,4
1565,042548.00,37.2885715,127.1066023,113.100,-92.920,-44.621,4
1566,042548.37,37.2885697,127.1066053,113.100,-92.654,-44.825,4
1567,042548.75,37.2885682,127.1066083,113.100,-92.388,-44.992,4
1568,042549.12,37.2885663,127.1066110,113.100,-92.152,-45.196,4
1569,042549.50,37.2885647,127.1066140,113.000,-91.886,-45.381,4
1570,042549.87,37.2885633,127.1066172,113.100,-91.606,-45.530,4
1571,042550.25,37.2885618,127.1066200,113.100,-91.355,-45.697,4
1572,042550.62,37.2885605,127.1066230,113.100,-91.089,-45.845,4
1573,042551.00,37.2885590,127.1066260,113.200,-90.823,-46.012,4
1574,042551.37,37.2885577,127.1066290,113.200,-90.558,-46.161,4
1575,042551.75,37.2885563,127.1066322,113.200,-90.277,-46.309,4
1576,042552.12,37.2885548,127.1066350,113.200,-90.026,-46.476,4
1577,042552.50,37.2885535,127.1066380,113.200,-89.761,-46.625,4
1578,042552.87,37.2885523,127.1066412,113.200,-89.480,-46.754,4
1579,042553.37,37.2885508,127.1066453,113.200,-89.111,-46.921,4
1580,042553.87,37.2885492,127.1066495,113.200,-88.742,-47.107,4
1581,042554.25,37.2885485,127.1066528,113.200,-88.447,-47.181,4
1582,042554.62,37.2885475,127.1066560,113.200,-88.167,-47.292,4
1583,042555.00,37.2885463,127.1066593,113.200,-87.871,-47.422,4
1584,042555.37,37.2885453,127.1066625,113.200,-87.591,-47.534,4
1585,042555.75,37.2885443,127.1066658,113.200,-87.296,-47.645,4
1586,042556.12,37.2885432,127.1066690,113.200,-87.015,-47.775,4
1587,042556.50,37.2885420,127.1066723,113.200,-86.720,-47.905,4
1588,042556.87,37.2885410,127.1066757,113.200,-86.425,-48.016,4
1589,042557.25,37.2885400,127.1066788,113.200,-86.144,-48.127,4
1590,042557.62,37.2885388,127.1066820,113.200,-85.864,-48.257,4
1591,042558.00,37.2885377,127.1066853,113.200,-85.569,-48.387,4
1592,042558.37,37.2885365,127.1066885,113.200,-85.288,-48.517,4
1593,042558.75,37.2885355,127.1066918,113.200,-84.993,-48.628,4
1594,042559.25,37.2885345,127.1066962,113.200,-84.609,-48.740,4
1595,042559.62,37.2885333,127.1066995,113.200,-84.314,-48.869,4
1596,042600.00,37.2885323,127.1067027,113.200,-84.034,-48.981,4
1597,042600.37,37.2885313,127.1067062,113.200,-83.724,-49.092,4
1598,042600.75,37.2885300,127.1067092,113.200,-83.458,-49.241,4
1599,042601.12,37.2885290,127.1067125,113.200,-83.163,-49.352,4
1600,042601.50,37.2885280,127.1067157,113.200,-82.882,-49.463,4
1601,042601.87,37.2885267,127.1067190,113.200,-82.587,-49.612,4
1602,042602.25,37.2885257,127.1067222,113.200,-82.306,-49.723,4
1603,042602.62,37.2885245,127.1067255,113.200,-82.011,-49.853,4
1604,042603.00,37.2885235,127.1067287,113.200,-81.731,-49.964,4
1605,042603.37,37.2885225,127.1067320,113.200,-81.436,-50.075,4
1606,042603.75,37.2885213,127.1067352,113.200,-81.155,-50.205,4
1607,042604.12,37.2885203,127.1067383,113.200,-80.875,-50.317,4
1608,042604.50,37.2885193,127.1067417,113.200,-80.579,-50.428,4
1609,042604.87,37.2885183,127.1067452,113.200,-80.269,-50.539,4
1610,042605.37,37.2885172,127.1067495,113.200,-79.886,-50.669,4
1611,042605.75,37.2885162,127.1067528,113.200,-79.590,-50.780,4
1612,042606.12,37.2885152,127.1067560,113.200,-79.310,-50.892,4
1613,042606.50,37.2885143,127.1067593,113.200,-79.015,-50.985,4
1614,042606.87,37.2885133,127.1067627,113.200,-78.720,-51.096,4
1615,042607.25,37.2885123,127.1067660,113.200,-78.424,-51.207,4
1616,042607.62,37.2885113,127.1067693,113.200,-78.129,-51.319,4
1617,042608.00,37.2885102,127.1067725,113.200,-77.849,-51.448,4
1618,042608.37,37.2885090,127.1067758,113.200,-77.553,-51.578,4
1619,042608.75,37.2885082,127.1067792,113.200,-77.258,-51.671,4
1620,042609.12,37.2885072,127.1067825,113.200,-76.963,-51.782,4
1621,042609.50,37.2885060,127.1067857,113.200,-76.683,-51.912,4
1622,042609.87,37.2885048,127.1067890,113.200,-76.387,-52.042,4
1623,042610.25,37.2885038,127.1067922,113.200,-76.107,-52.153,4
1624,042610.62,37.2885027,127.1067953,113.300,-75.826,-52.283,4
1625,042611.00,37.2885018,127.1067987,113.200,-75.531,-52.376,4
1626,042611.37,37.2885007,127.1068018,113.200,-75.251,-52.506,4
1627,042611.75,37.2884995,127.1068050,113.200,-74.970,-52.636,4
1628,042612.12,37.2884987,127.1068083,113.200,-74.675,-52.729,4
1629,042612.50,37.2884977,127.1068117,113.200,-74.380,-52.840,4
1630,042612.87,37.2884967,127.1068148,113.200,-74.099,-52.951,4
1631,042613.25,37.2884957,127.1068182,113.200,-73.804,-53.063,4
1632,042613.62,37.2884947,127.1068215,113.200,-73.509,-53.174,4
1633,042614.00,37.2884937,127.1068247,113.200,-73.229,-53.285,4
1634,042614.37,37.2884925,127.1068280,113.200,-72.933,-53.415,4
1635,042614.75,37.2884913,127.1068313,113.200,-72.638,-53.545,4
1636,042615.25,37.2884898,127.1068355,113.200,-72.269,-53.712,4
1637,042615.62,37.2884887,127.1068387,113.200,-71.989,-53.842,4
1638,042616.00,37.2884875,127.1068418,113.200,-71.708,-53.972,4
1639,042616.37,37.2884865,127.1068450,113.200,-71.428,-54.083,4
1640,042616.75,37.2884853,127.1068483,113.200,-71.133,-54.213,4
1641,042617.12,37.2884842,127.1068517,113.200,-70.837,-54.343,4
1642,042617.50,37.2884832,127.1068548,113.200,-70.557,-54.454,4
1643,042617.87,37.2884820,127.1068582,113.200,-70.262,-54.584,4
1644,042618.25,37.2884808,127.1068613,113.200,-69.981,-54.714,4
1645,042618.62,37.2884798,127.1068647,113.200,-69.686,-54.825,4
1646,042619.00,37.2884787,127.1068678,113.200,-69.406,-54.955,4
1647,042619.37,37.2884775,127.1068712,113.200,-69.110,-55.085,4
1648,042619.75,37.2884765,127.1068745,113.200,-68.815,-55.196,4
1649,042620.12,37.2884755,127.1068777,113.200,-68.535,-55.307,4
1650,042620.50,37.2884745,127.1068810,113.200,-68.239,-55.419,4
1651,042621.00,37.2884733,127.1068853,113.200,-67.856,-55.549,4
1652,042621.37,37.2884723,127.1068887,113.200,-67.560,-55.660,4
1653,042621.75,37.2884713,127.1068920,113.200,-67.265,-55.771,4
1654,042622.25,37.2884698,127.1068963,113.200,-66.881,-55.938,4
1655,042622.62,37.2884688,127.1068997,113.200,-66.586,-56.050,4
1656,042623.00,37.2884677,127.1069028,113.200,-66.306,-56.179,4
1657,042623.37,37.2884667,127.1069062,113.200,-66.011,-56.291,4
1658,042623.75,37.2884655,127.1069095,113.200,-65.715,-56.421,4
1659,042624.12,37.2884643,127.1069127,113.200,-65.435,-56.551,4
1660,042624.50,37.2884632,127.1069158,113.200,-65.154,-56.680,4
1661,042624.87,37.2884620,127.1069192,113.200,-64.859,-56.810,4
1662,042625.25,37.2884610,127.1069223,113.200,-64.579,-56.922,4
1663,042625.62,37.2884598,127.1069255,113.200,-64.298,-57.051,4
1664,042626.00,37.2884588,127.1069287,113.200,-64.018,-57.163,4
1665,042626.37,37.2884577,127.1069320,113.200,-63.723,-57.293,4
1666,042626.75,37.2884567,127.1069353,113.200,-63.427,-57.404,4
1667,042627.12,37.2884557,127.1069387,113.200,-63.132,-57.515,4
1668,042627.50,37.2884545,127.1069418,113.200,-62.852,-57.645,4
1669,042628.00,37.2884532,127.1069462,113.200,-62.468,-57.794,4
1670,042628.37,37.2884522,127.1069493,113.200,-62.187,-57.905,4
1671,042628.75,37.2884512,127.1069527,113.200,-61.892,-58.016,4
1672,042629.12,37.2884503,127.1069560,113.200,-61.597,-58.109,4
1673,042629.50,37.2884492,127.1069593,113.200,-61.302,-58.239,4
1674,042629.87,37.2884480,127.1069625,113.200,-61.021,-58.369,4
1675,042630.25,37.2884470,127.1069658,113.200,-60.726,-58.480,4
1676,042630.62,37.2884460,127.1069692,113.200,-60.431,-58.591,4
1677,042631.00,37.2884450,127.1069723,113.200,-60.150,-58.703,4
1678,042631.37,37.2884440,127.1069757,113.200,-59.855,-58.814,4
1679,042631.75,37.2884430,127.1069790,113.200,-59.560,-58.925,4
1680,042632.12,37.2884420,127.1069822,113.200,-59.280,-59.037,4
1681,042632.50,37.2884412,127.1069855,113.200,-58.984,-59.129,4
1682,042632.87,37.2884402,127.1069888,113.200,-58.689,-59.241,4
1683,042633.25,37.2884392,127.1069920,113.200,-58.409,-59.352,4
1684,042633.62,37.2884380,127.1069953,113.200,-58.113,-59.482,4
1685,042634.00,37.2884370,127.1069987,113.200,-57.818,-59.593,4
1686,042634.37,37.2884362,127.1070020,113.200,-57.523,-59.686,4
1687,042634.75,37.2884350,127.1070052,113.200,-57.243,-59.816,4
1688,042635.12,37.2884340,127.1070085,113.200,-56.947,-59.927,4
1689,042635.50,37.2884330,127.1070118,113.200,-56.652,-60.039,4
1690,042635.87,37.2884320,127.1070150,113.200,-56.372,-60.150,4
1691,042636.25,37.2884310,127.1070182,113.200,-56.091,-60.261,4
1692,042636.62,37.2884300,127.1070215,113.200,-55.796,-60.373,4
1693,042637.00,37.2884290,127.1070248,113.200,-55.501,-60.484,4
1694,042637.37,37.2884280,127.1070280,113.200,-55.220,-60.595,4
1695,042637.75,37.2884270,127.1070313,113.200,-54.925,-60.707,4
1696,042638.12,37.2884260,127.1070345,113.200,-54.645,-60.818,4
1697,042638.50,37.2884248,127.1070378,113.200,-54.349,-60.948,4
1698,042638.87,37.2884237,127.1070412,113.200,-54.054,-61.078,4
1699,042639.25,37.2884225,127.1070445,113.200,-53.759,-61.207,4
1700,042639.75,37.2884210,127.1070487,113.200,-53.390,-61.374,4
1701,042640.12,37.2884200,127.1070518,113.200,-53.110,-61.486,4
1702,042640.50,37.2884188,127.1070552,113.200,-52.814,-61.616,4
1703,042640.87,37.2884178,127.1070585,113.200,-52.519,-61.727,4
1704,042641.25,37.2884165,127.1070617,113.200,-52.239,-61.875,4
1705,042641.62,37.2884153,127.1070648,113.200,-51.958,-62.005,4
1706,042642.00,37.2884142,127.1070682,113.200,-51.663,-62.135,4
1707,042642.37,37.2884132,127.1070715,113.200,-51.368,-62.246,4
1708,042642.75,37.2884120,127.1070747,113.200,-51.087,-62.376,4
1709,042643.25,37.2884103,127.1070788,113.200,-50.718,-62.562,4
1710,042643.62,37.2884093,127.1070820,113.200,-50.438,-62.673,4
1711,042644.00,37.2884080,127.1070850,113.200,-50.172,-62.822,4
1712,042644.37,37.2884068,127.1070883,113.200,-49.877,-62.951,4
1713,042644.75,37.2884055,127.1070915,113.200,-49.596,-63.100,4
1714,042645.12,37.2884043,127.1070947,113.200,-49.316,-63.230,4
1715,042645.50,37.2884030,127.1070978,113.200,-49.036,-63.378,4
1716,042645.87,37.2884018,127.1071010,113.200,-48.755,-63.508,4
1717,042646.25,37.2884008,127.1071042,113.200,-48.475,-63.619,4
1718,042646.62,37.2883997,127.1071077,113.200,-48.165,-63.749,4
1719,042647.00,37.2883985,127.1071108,113.200,-47.884,-63.879,4
1720,042647.37,37.2883975,127.1071142,113.200,-47.589,-63.990,4
1721,042647.75,37.2883963,127.1071173,113.200,-47.309,-64.120,4
1722,042648.12,37.2883952,127.1071205,113.200,-47.028,-64.250,4
1723,042648.50,37.2883942,127.1071238,113.200,-46.733,-64.362,4
1724,042648.87,37.2883930,127.1071270,113.200,-46.452,-64.491,4
1725,042649.25,37.2883920,127.1071303,113.200,-46.157,-64.603,4
1726,042649.62,37.2883908,127.1071335,113.200,-45.877,-64.733,4
1727,042650.00,37.2883898,127.1071367,113.200,-45.596,-64.844,4
1728,042650.37,37.2883888,127.1071402,113.200,-45.286,-64.955,4
1729,042650.75,37.2883877,127.1071433,113.200,-45.006,-65.085,4
1730,042651.12,37.2883868,127.1071467,113.100,-44.711,-65.178,4
1731,042651.62,37.2883858,127.1071510,113.100,-44.327,-65.289,4
1732,042652.00,37.2883848,127.1071542,113.100,-44.046,-65.401,4
1733,042652.37,37.2883837,127.1071573,113.200,-43.766,-65.530,4
1734,042652.75,37.2883827,127.1071605,113.100,-43.485,-65.642,4
1735,042653.25,37.2883815,127.1071648,113.200,-43.102,-65.772,4
1736,042653.62,37.2883802,127.1071678,113.100,-42.836,-65.920,4
1737,042654.00,37.2883790,127.1071710,113.100,-42.556,-66.050,4
1738,042654.37,37.2883778,127.1071742,113.100,-42.275,-66.180,4
1739,042654.75,37.2883767,127.1071773,113.100,-41.995,-66.310,4
1740,042655.12,37.2883757,127.1071807,113.100,-41.699,-66.421,4
1741,042655.62,37.2883740,127.1071848,113.200,-41.330,-66.606,4
1742,042656.12,37.2883728,127.1071890,113.100,-40.961,-66.736,4
1743,042656.50,37.2883717,127.1071922,113.100,-40.681,-66.866,4
1744,042656.87,37.2883707,127.1071953,113.100,-40.400,-66.978,4
1745,042657.25,37.2883697,127.1071987,113.100,-40.105,-67.089,4
1746,042657.62,37.2883685,127.1072020,113.100,-39.810,-67.219,4
1747,042658.00,37.2883677,127.1072053,113.100,-39.515,-67.311,4
1748,042658.50,37.2883665,127.1072098,113.200,-39.116,-67.441,4
1749,042658.87,37.2883655,127.1072130,113.200,-38.836,-67.553,4
1750,042659.25,37.2883645,127.1072162,113.200,-38.555,-67.664,4
1751,042659.62,37.2883635,127.1072195,113.200,-38.260,-67.775,4
1752,042700.00,37.2883625,127.1072228,113.200,-37.965,-67.887,4
1753,042700.37,37.2883615,127.1072262,113.200,-37.670,-67.998,4
1754,042700.75,37.2883607,127.1072295,113.200,-37.374,-68.091,4
1755,042701.25,37.2883595,127.1072337,113.200,-37.005,-68.221,4
1756,042701.62,37.2883585,127.1072370,113.200,-36.710,-68.332,4
1757,042702.00,37.2883573,127.1072402,113.200,-36.430,-68.462,4
1758,042702.37,37.2883560,127.1072435,113.200,-36.135,-68.610,4
1759,042702.75,37.2883550,127.1072467,113.200,-35.854,-68.722,4
1760,042703.12,37.2883540,127.1072498,113.200,-35.574,-68.833,4
1761,042703.50,37.2883530,127.1072532,113.200,-35.278,-68.944,4
1762,042703.87,37.2883520,127.1072567,113.200,-34.968,-69.056,4
1763,042704.37,37.2883505,127.1072608,113.200,-34.599,-69.222,4
1764,042704.75,37.2883493,127.1072642,113.200,-34.304,-69.352,4
1765,042705.12,37.2883485,127.1072675,113.200,-34.009,-69.445,4
1766,042705.50,37.2883475,127.1072708,113.200,-33.714,-69.556,4
1767,042705.87,37.2883465,127.1072742,113.200,-33.419,-69.668,4
1768,042706.25,37.2883455,127.1072775,113.200,-33.123,-69.779,4
1769,042706.62,37.2883445,127.1072807,113.200,-32.843,-69.890,4
1770,042707.00,37.2883437,127.1072840,113.200,-32.548,-69.983,4
1771,042707.37,37.2883425,127.1072872,113.200,-32.267,-70.113,4
1772,042707.75,37.2883413,127.1072905,113.200,-31.972,-70.243,4
1773,042708.25,37.2883398,127.1072945,113.300,-31.618,-70.410,4
1774,042708.62,37.2883388,127.1072978,113.200,-31.323,-70.521,4
1775,042709.00,37.2883378,127.1073010,113.300,-31.042,-70.633,4
1776,042709.37,37.2883370,127.1073045,113.200,-30.732,-70.725,4
1777,042709.75,37.2883362,127.1073080,113.200,-30.422,-70.818,4
1778,042710.12,37.2883355,127.1073113,113.200,-30.127,-70.892,4
1779,042710.50,37.2883347,127.1073150,113.200,-29.802,-70.985,4
1780,042710.87,37.2883347,127.1073185,113.200,-29.492,-70.985,4
1781,042711.25,37.2883348,127.1073222,113.200,-29.167,-70.967,4
1782,042711.75,37.2883350,127.1073267,113.200,-28.769,-70.948,4
1783,042712.12,37.2883350,127.1073305,113.200,-28.429,-70.948,4
1784,042712.50,37.2883352,127.1073340,113.200,-28.119,-70.929,4
1785,042712.87,37.2883357,127.1073377,113.200,-27.795,-70.874,4
1786,042713.25,37.2883362,127.1073410,113.200,-27.499,-70.818,4
1787,042713.62,37.2883363,127.1073447,113.200,-27.175,-70.800,4
1788,042714.00,37.2883370,127.1073482,113.200,-26.865,-70.725,4
1789,042714.37,37.2883380,127.1073513,113.200,-26.584,-70.614,4
1790,042714.75,37.2883390,127.1073545,113.200,-26.304,-70.503,4
1791,042715.12,37.2883400,127.1073577,113.200,-26.023,-70.391,4
1792,042715.50,37.2883410,127.1073610,113.200,-25.728,-70.280,4
1793,042715.87,37.2883425,127.1073640,113.200,-25.462,-70.113,4
1794,042716.37,37.2883447,127.1073675,113.200,-25.152,-69.872,4
1795,042716.75,37.2883463,127.1073703,113.200,-24.902,-69.686,4
1796,042717.25,37.2883487,127.1073738,113.300,-24.592,-69.427,4
1797,042717.62,37.2883503,127.1073765,113.300,-24.355,-69.241,4
1798,042718.00,37.2883522,127.1073792,113.300,-24.119,-69.037,4
1799,042718.37,37.2883542,127.1073817,113.200,-23.898,-68.814,4
1800,042718.75,37.2883562,127.1073842,113.200,-23.676,-68.592,4
1801,042719.12,37.2883585,127.1073865,113.200,-23.470,-68.332,4
1802,042719.62,37.2883613,127.1073892,113.200,-23.234,-68.017,4
1803,042720.12,37.2883642,127.1073918,113.300,-22.997,-67.701,4
1804,042720.50,37.2883667,127.1073933,113.300,-22.865,-67.423,4
1805,042720.87,37.2883690,127.1073952,113.300,-22.702,-67.163,4
1806,042721.25,37.2883715,127.1073968,113.300,-22.555,-66.885,4
1807,042721.62,37.2883742,127.1073983,113.300,-22.422,-66.588,4
1808,042722.00,37.2883767,127.1073998,113.300,-22.289,-66.310,4
1809,042722.37,37.2883793,127.1074015,113.300,-22.141,-66.013,4
1810,042722.87,37.2883827,127.1074032,113.300,-21.994,-65.642,4
1811,042723.25,37.2883853,127.1074042,113.300,-21.905,-65.345,4
1812,042723.62,37.2883878,127.1074055,113.300,-21.787,-65.067,4
1813,042724.00,37.2883905,127.1074070,113.400,-21.654,-64.770,4
1814,042724.37,37.2883930,127.1074087,113.300,-21.507,-64.491,4
1815,042724.75,37.2883957,127.1074102,113.300,-21.374,-64.195,4
1816,042725.12,37.2883982,127.1074115,113.300,-21.256,-63.916,4
1817,042725.50,37.2884008,127.1074127,113.300,-21.152,-63.619,4
1818,042726.00,37.2884042,127.1074145,113.300,-20.990,-63.248,4
1819,042726.37,37.2884068,127.1074157,113.300,-20.887,-62.951,4
1820,042726.75,37.2884095,127.1074170,113.300,-20.769,-62.655,4
1821,042727.12,37.2884122,127.1074183,113.300,-20.650,-62.358,4
1822,042727.50,37.2884148,127.1074197,113.300,-20.532,-62.061,4
1823,042728.00,37.2884183,127.1074213,113.300,-20.385,-61.671,4
1824,042728.37,37.2884208,127.1074227,113.300,-20.267,-61.393,4
1825,042728.75,37.2884235,127.1074240,113.300,-20.149,-61.096,4
1826,042729.12,37.2884262,127.1074253,113.300,-20.030,-60.799,4
1827,042729.50,37.2884288,127.1074265,113.300,-19.927,-60.502,4
1828,042730.00,37.2884322,127.1074280,113.400,-19.794,-60.131,4
1829,042730.37,37.2884348,127.1074293,113.300,-19.676,-59.835,4
1830,042730.75,37.2884375,127.1074307,113.300,-19.558,-59.538,4
1831,042731.12,37.2884400,127.1074320,113.300,-19.440,-59.259,4
1832,042731.50,37.2884428,127.1074332,113.300,-19.337,-58.944,4
1833,042731.87,37.2884457,127.1074345,113.300,-19.219,-58.629,4
1834,042732.37,37.2884490,127.1074363,113.300,-19.056,-58.257,4
1835,042732.87,37.2884523,127.1074383,113.300,-18.879,-57.886,4
1836,042733.25,37.2884548,127.1074397,113.300,-18.761,-57.608,4
1837,042733.62,37.2884575,127.1074412,113.300,-18.628,-57.311,4
1838,042734.00,37.2884602,127.1074427,113.300,-18.495,-57.014,4
1839,042734.37,37.2884627,127.1074440,113.300,-18.377,-56.736,4
1840,042734.75,37.2884652,127.1074455,113.300,-18.244,-56.458,4
1841,042735.12,37.2884678,127.1074468,113.300,-18.126,-56.161,4
1842,042735.50,37.2884703,127.1074483,113.300,-17.993,-55.883,4
1843,042735.87,37.2884730,127.1074497,113.300,-17.875,-55.586,4
1844,042736.37,37.2884765,127.1074513,113.300,-17.728,-55.196,4
1845,042736.87,37.2884798,127.1074530,113.300,-17.580,-54.825,4
1846,042737.25,37.2884823,127.1074543,113.300,-17.462,-54.547,4
1847,042737.62,37.2884850,127.1074557,113.300,-17.344,-54.250,4
1848,042738.00,37.2884877,127.1074570,113.300,-17.226,-53.953,4
1849,042738.37,37.2884903,127.1074582,113.300,-17.123,-53.656,4
1850,042738.75,37.2884928,127.1074595,113.300,-17.004,-53.378,4
1851,042739.12,37.2884955,127.1074607,113.300,-16.901,-53.081,4
1852,042739.50,37.2884982,127.1074620,113.300,-16.783,-52.784,4
1853,042739.87,37.2885010,127.1074633,113.300,-16.665,-52.469,4
1854,042740.25,37.2885035,127.1074648,113.300,-16.532,-52.191,4
1855,042740.62,37.2885060,127.1074662,113.300,-16.414,-51.912,4
1856,042741.00,37.2885087,127.1074675,113.300,-16.296,-51.615,4
1857,042741.37,37.2885113,127.1074687,113.300,-16.193,-51.319,4
1858,042741.75,37.2885138,127.1074702,113.300,-16.060,-51.040,4
1859,042742.12,37.2885165,127.1074715,113.300,-15.942,-50.743,4
1860,042742.50,37.2885192,127.1074727,113.300,-15.838,-50.447,4
1861,042743.00,37.2885225,127.1074743,113.300,-15.691,-50.075,4
1862,042743.37,37.2885252,127.1074757,113.300,-15.573,-49.779,4
1863,042743.75,37.2885278,127.1074770,113.300,-15.455,-49.482,4
1864,042744.12,37.2885305,127.1074783,113.300,-15.337,-49.185,4
1865,042744.50,37.2885332,127.1074797,113.300,-15.218,-48.888,4
1866,042745.00,37.2885365,127.1074813,113.300,-15.071,-48.517,4
1867,042745.50,37.2885398,127.1074830,113.300,-14.923,-48.146,4
1868,042745.87,37.2885425,127.1074843,113.300,-14.805,-47.849,4
1869,042746.25,37.2885450,127.1074857,113.300,-14.687,-47.571,4
1870,042746.62,37.2885477,127.1074870,113.300,-14.569,-47.274,4
1871,042747.00,37.2885505,127.1074877,113.300,-14.510,-46.958,4
1872,042747.37,37.2885530,127.1074893,113.300,-14.362,-46.680,4
1873,042747.75,37.2885555,127.1074907,113.300,-14.244,-46.402,4
1874,042748.12,37.2885583,127.1074920,113.300,-14.126,-46.086,4
1875,042748.50,37.2885608,127.1074933,113.300,-14.008,-45.808,4
1876,042748.87,37.2885633,127.1074947,113.300,-13.890,-45.530,4
1877,042749.25,37.2885662,127.1074958,113.300,-13.787,-45.214,4
1878,042749.62,37.2885687,127.1074972,113.300,-13.669,-44.936,4
1879,042750.00,37.2885713,127.1074985,113.300,-13.550,-44.639,4
1880,042750.37,37.2885740,127.1074998,113.300,-13.432,-44.342,4
1881,042750.75,37.2885765,127.1075012,113.300,-13.314,-44.064,4
1882,042751.25,37.2885800,127.1075028,113.300,-13.167,-43.675,4
1883,042751.75,37.2885835,127.1075045,113.300,-13.019,-43.285,4
1884,042752.12,37.2885862,127.1075057,113.300,-12.916,-42.988,4
1885,042752.50,37.2885888,127.1075068,113.300,-12.812,-42.691,4
1886,042752.87,37.2885915,127.1075080,113.300,-12.709,-42.394,4
1887,042753.25,37.2885942,127.1075093,113.300,-12.591,-42.098,4
1888,042753.75,37.2885975,127.1075108,113.300,-12.458,-41.726,4
1889,042754.12,37.2886002,127.1075120,113.300,-12.355,-41.430,4
1890,042754.50,37.2886028,127.1075132,113.300,-12.252,-41.133,4
1891,042754.87,37.2886055,127.1075140,113.300,-12.178,-40.836,4
1892,042755.25,37.2886082,127.1075147,113.300,-12.119,-40.539,4
1893,042755.62,37.2886108,127.1075153,113.300,-12.060,-40.242,4
1894,042756.00,37.2886135,127.1075158,113.300,-12.015,-39.945,4
1895,042756.37,37.2886162,127.1075163,113.300,-11.971,-39.648,4
1896,042756.75,37.2886190,127.1075163,113.300,-11.971,-39.333,4
1897,042757.12,37.2886217,127.1075158,113.300,-12.015,-39.036,4
1898,042757.62,37.2886253,127.1075155,113.300,-12.045,-38.628,4
1899,042758.00,37.2886282,127.1075153,113.300,-12.060,-38.313,4
1900,042758.37,37.2886308,127.1075147,113.300,-12.119,-38.016,4
1901,042758.75,37.2886335,127.1075140,113.300,-12.178,-37.719,4
1902,042759.12,37.2886362,127.1075127,113.300,-12.296,-37.422,4
1903,042759.62,37.2886392,127.1075103,113.300,-12.502,-37.088,4
1904,042800.00,37.2886417,127.1075087,113.300,-12.650,-36.810,4
1905,042800.37,37.2886442,127.1075072,113.300,-12.783,-36.532,4
1906,042800.75,37.2886467,127.1075053,113.300,-12.945,-36.253,4
1907,042801.12,37.2886490,127.1075033,113.300,-13.122,-35.993,4
1908,042801.50,37.2886513,127.1075013,113.300,-13.300,-35.734,4
1909,042801.87,37.2886535,127.1074992,113.300,-13.491,-35.493,4
1910,042802.25,37.2886555,127.1074967,113.300,-13.713,-35.270,4
1911,042802.62,37.2886572,127.1074938,113.300,-13.964,-35.084,4
1912,042803.00,37.2886588,127.1074908,113.300,-14.229,-34.899,4
1913,042803.37,37.2886607,127.1074880,113.300,-14.480,-34.695,4
1914,042803.75,37.2886623,127.1074852,113.300,-14.731,-34.509,4
1915,042804.12,37.2886640,127.1074823,113.300,-14.982,-34.324,4
1916,042804.50,37.2886658,127.1074793,113.300,-15.248,-34.120,4
1917,042804.87,37.2886670,127.1074762,113.300,-15.528,-33.990,4
1918,042805.25,37.2886682,127.1074730,113.300,-15.809,-33.860,4
1919,042805.62,37.2886693,127.1074698,113.300,-16.089,-33.730,4
1920,042806.00,37.2886705,127.1074667,113.300,-16.370,-33.600,4
1921,042806.37,37.2886717,127.1074635,113.300,-16.650,-33.470,4
1922,042806.75,37.2886730,127.1074602,113.300,-16.945,-33.322,4
1923,042807.12,37.2886743,127.1074572,113.300,-17.211,-33.173,4
1924,042807.50,37.2886765,127.1074547,113.300,-17.433,-32.932,4
1925,042807.87,37.2886787,127.1074523,113.300,-17.639,-32.691,4
1926,042808.25,37.2886807,127.1074497,113.300,-17.875,-32.468,4
1927,042808.62,37.2886827,127.1074472,113.300,-18.097,-32.246,4
1928,042809.00,37.2886850,127.1074448,113.300,-18.303,-31.986,4
1929,042809.50,37.2886878,127.1074417,113.300,-18.584,-31.671,4
1930,042810.00,37.2886900,127.1074382,113.300,-18.894,-31.429,4
1931,042810.37,37.2886918,127.1074355,113.300,-19.130,-31.225,4
1932,042810.75,37.2886937,127.1074327,113.300,-19.381,-31.021,4
1933,042811.12,37.2886955,127.1074300,113.300,-19.617,-30.817,4
1934,042811.50,37.2886972,127.1074273,113.300,-19.853,-30.632,4
1935,042811.87,37.2886990,127.1074247,113.300,-20.090,-30.427,4
1936,042812.25,37.2887008,127.1074217,113.300,-20.355,-30.223,4
1937,042812.62,37.2887027,127.1074190,113.200,-20.591,-30.019,4
1938,042813.00,37.2887045,127.1074163,113.300,-20.828,-29.815,4
1939,042813.37,37.2887062,127.1074137,113.200,-21.064,-29.630,4
1940,042813.75,37.2887073,127.1074105,113.200,-21.344,-29.500,4
1941,042814.25,37.2887087,127.1074062,113.200,-21.728,-29.351,4
1942,042814.62,37.2887097,127.1074028,113.200,-22.023,-29.240,4
1943,042815.00,37.2887107,127.1073997,113.200,-22.304,-29.129,4
1944,042815.50,37.2887117,127.1073963,113.200,-22.599,-29.017,4
1945,042817.12,37.2887103,127.1073995,113.200,-22.318,-29.166,4
1946,042817.75,37.2887090,127.1074025,113.200,-22.053,-29.314,4
1947,042818.37,37.2887080,127.1074060,113.200,-21.743,-29.426,4
1948,042819.00,37.2887083,127.1074097,113.200,-21.418,-29.388,4
1949,042819.62,37.2887087,127.1074135,113.200,-21.078,-29.351,4
1950,042820.25,37.2887100,127.1074167,113.200,-20.798,-29.203,4
1951,042820.87,37.2887120,127.1074198,113.200,-20.518,-28.980,4
1952,042821.50,37.2887137,127.1074227,113.200,-20.267,-28.795,4
1953,042822.12,37.2887155,127.1074255,113.200,-20.016,-28.591,4
1954,042822.75,37.2887172,127.1074283,113.200,-19.765,-28.405,4
1955,042823.37,37.2887192,127.1074310,113.200,-19.529,-28.183,4
1956,042824.00,37.2887208,127.1074342,113.300,-19.248,-27.997,4
1957,042824.62,37.2887217,127.1074378,113.300,-18.923,-27.904,4
1958,042825.25,37.2887217,127.1074418,113.300,-18.569,-27.904,4
1959,042825.87,37.2887205,127.1074458,113.300,-18.215,-28.034,4
1960,042826.37,37.2887188,127.1074485,113.200,-17.979,-28.220,4
1961,042827.00,37.2887168,127.1074515,113.200,-17.713,-28.442,4
1962,042829.00,37.2887178,127.1074478,113.200,-18.038,-28.331,4
1963,042829.50,37.2887183,127.1074438,113.200,-18.392,-28.275,4
1964,042830.00,37.2887190,127.1074397,113.200,-18.761,-28.201,4
1965,042830.50,37.2887185,127.1074353,113.200,-19.145,-28.257,4
1966,042830.87,37.2887178,127.1074320,113.200,-19.440,-28.331,4
1967,042831.37,37.2887168,127.1074277,113.200,-19.824,-28.442,4
1968,042831.75,37.2887162,127.1074243,113.200,-20.119,-28.516,4
1969,042832.12,37.2887152,127.1074212,113.200,-20.399,-28.628,4
1970,042832.62,37.2887132,127.1074175,113.200,-20.724,-28.850,4
1971,042833.12,37.2887112,127.1074138,113.200,-21.049,-29.073,4
1972,042833.50,37.2887097,127.1074108,113.200,-21.315,-29.240,4
1973,042833.87,37.2887082,127.1074080,113.200,-21.566,-29.407,4
1974,042834.37,37.2887065,127.1074042,113.300,-21.905,-29.593,4
1975,042834.75,37.2887057,127.1074008,113.200,-22.200,-29.685,4
1976,042835.12,37.2887047,127.1073977,113.300,-22.481,-29.797,4
1977,042835.50,37.2887038,127.1073942,113.300,-22.791,-29.889,4
1978,042835.87,37.2887030,127.1073908,113.300,-23.086,-29.982,4
1979,042836.25,37.2887030,127.1073873,113.300,-23.396,-29.982,4
1980,042836.62,37.2887033,127.1073838,113.300,-23.706,-29.945,4
1981,042837.00,37.2887033,127.1073803,113.300,-24.016,-29.945,4
1982,042837.37,37.2887035,127.1073768,113.300,-24.326,-29.927,4
1983,042837.75,37.2887038,127.1073733,113.300,-24.636,-29.889,4
1984,042838.12,37.2887045,127.1073700,113.300,-24.931,-29.815,4
1985,042838.50,37.2887050,127.1073665,113.300,-25.241,-29.760,4
1986,042838.87,37.2887055,127.1073630,113.200,-25.551,-29.704,4
1987,042839.25,37.2887060,127.1073595,113.300,-25.861,-29.648,4
1988,042839.62,37.2887065,127.1073562,113.300,-26.156,-29.593,4
1989,042840.00,37.2887073,127.1073527,113.300,-26.466,-29.500,4
1990,042840.37,37.2887078,127.1073493,113.300,-26.761,-29.444,4
1991,042840.75,37.2887085,127.1073460,113.300,-27.057,-29.370,4
1992,042841.12,37.2887093,127.1073427,113.200,-27.352,-29.277,4
1993,042841.50,37.2887100,127.1073392,113.200,-27.662,-29.203,4
1994,042841.87,37.2887107,127.1073357,113.300,-27.972,-29.129,4
1995,042842.25,37.2887112,127.1073322,113.200,-28.282,-29.073,4
1996,042842.62,37.2887118,127.1073287,113.200,-28.592,-28.999,4
1997,042843.00,37.2887125,127.1073253,113.200,-28.887,-28.925,4
1998,042843.37,37.2887133,127.1073218,113.200,-29.197,-28.832,4
1999,042843.75,37.2887142,127.1073185,113.200,-29.492,-28.739,4
2000,042844.12,37.2887148,127.1073150,113.200,-29.802,-28.665,4
2001,042844.50,37.2887158,127.1073117,113.200,-30.097,-28.554,4
2002,042844.87,37.2887167,127.1073082,113.200,-30.407,-28.461,4
2003,042845.25,37.2887177,127.1073050,113.200,-30.688,-28.349,4
2004,042845.62,37.2887188,127.1073017,113.200,-30.983,-28.220,4
2005,042846.00,37.2887198,127.1072980,113.200,-31.308,-28.108,4
2006,042846.50,37.2887210,127.1072942,113.200,-31.647,-27.978,4
2007,042846.87,37.2887222,127.1072905,113.200,-31.972,-27.849,4
2008,042847.37,37.2887233,127.1072867,113.200,-32.311,-27.719,4
2009,042847.87,37.2887253,127.1072828,113.200,-32.651,-27.496,4
2010,042848.37,37.2887278,127.1072797,113.200,-32.931,-27.218,4
2011,042848.75,37.2887302,127.1072775,113.200,-33.123,-26.958,4
2012,042849.12,37.2887323,127.1072753,113.200,-33.315,-26.717,4
2013,042849.50,37.2887345,127.1072730,113.200,-33.522,-26.476,4
2014,042849.87,37.2887365,127.1072707,113.200,-33.729,-26.253,4
2015,042850.25,37.2887387,127.1072685,113.200,-33.920,-26.012,4
2016,042850.62,37.2887410,127.1072665,113.200,-34.098,-25.752,4
2017,042851.00,37.2887435,127.1072652,113.200,-34.216,-25.474,4
2018,042851.37,37.2887462,127.1072640,113.200,-34.319,-25.177,4
2019,042851.75,37.2887488,127.1072628,113.200,-34.422,-24.880,4
2020,042852.12,37.2887515,127.1072620,113.200,-34.496,-24.583,4
2021,042852.50,37.2887542,127.1072610,113.200,-34.585,-24.286,4
2022,042852.87,37.2887568,127.1072602,113.200,-34.658,-23.989,4
2023,042853.25,37.2887597,127.1072600,113.200,-34.673,-23.674,4
2024,042853.62,37.2887625,127.1072602,113.200,-34.658,-23.359,4
2025,042854.00,37.2887653,127.1072605,113.200,-34.629,-23.043,4
2026,042854.50,37.2887690,127.1072610,113.200,-34.585,-22.635,4
2027,042854.87,37.2887718,127.1072613,113.200,-34.555,-22.320,4
2028,042855.25,37.2887745,127.1072618,113.200,-34.511,-22.023,4
2029,042855.62,37.2887773,127.1072625,113.200,-34.452,-21.707,4
2030,042856.00,37.2887802,127.1072635,113.200,-34.363,-21.392,4
2031,042856.37,37.2887828,127.1072643,113.200,-34.289,-21.095,4
2032,042856.75,37.2887855,127.1072653,113.200,-34.201,-20.798,4
2033,042857.12,37.2887882,127.1072663,113.200,-34.112,-20.501,4
2034,042857.50,37.2887908,127.1072673,113.200,-34.024,-20.205,4
2035,042857.87,37.2887935,127.1072687,113.200,-33.906,-19.908,4
2036,042858.25,37.2887960,127.1072700,113.200,-33.788,-19.629,4
2037,042858.62,37.2887985,127.1072713,113.200,-33.669,-19.351,4
2038,042859.00,37.2888012,127.1072727,113.200,-33.551,-19.054,4
2039,042859.50,37.2888043,127.1072747,113.200,-33.374,-18.702,4
2040,042859.87,37.2888068,127.1072760,113.200,-33.256,-18.423,4
2041,042900.25,37.2888093,127.1072775,113.200,-33.123,-18.145,4
2042,042900.62,37.2888118,127.1072790,113.200,-32.990,-17.867,4
2043,042901.12,37.2888152,127.1072810,113.200,-32.813,-17.496,4
2044,042901.50,37.2888175,127.1072828,113.200,-32.651,-17.236,4
2045,042902.00,37.2888207,127.1072853,113.200,-32.430,-16.884,4
2046,042902.50,37.2888232,127.1072885,113.200,-32.149,-16.605,4
2047,042902.87,37.2888248,127.1072915,113.200,-31.883,-16.420,4
2048,042903.25,37.2888262,127.1072945,113.200,-31.618,-16.271,4
2049,042903.62,37.2888268,127.1072978,113.200,-31.323,-16.197,4
2050,042904.12,37.2888267,127.1073023,113.200,-30.924,-16.216,4
2051,042904.50,37.2888265,127.1073058,113.200,-30.614,-16.234,4
2052,042904.87,37.2888267,127.1073095,113.200,-30.289,-16.216,4
2053,042905.25,37.2888268,127.1073130,113.200,-29.979,-16.197,4
2054,042905.62,37.2888270,127.1073167,113.200,-29.655,-16.179,4
2055,042906.00,37.2888273,127.1073202,113.200,-29.345,-16.141,4
2056,042906.37,37.2888275,127.1073238,113.200,-29.020,-16.123,4
2057,042906.87,37.2888275,127.1073283,113.200,-28.621,-16.123,4
2058,042907.25,37.2888277,127.1073320,113.200,-28.297,-16.104,4
2059,042907.62,37.2888278,127.1073355,113.200,-27.987,-16.086,4
2060,042908.00,37.2888275,127.1073390,113.200,-27.677,-16.123,4
2061,042908.37,37.2888273,127.1073425,113.200,-27.367,-16.141,4
2062,042908.75,37.2888270,127.1073460,113.200,-27.057,-16.179,4
2063,042909.12,37.2888268,127.1073497,113.200,-26.732,-16.197,4
2064,042909.50,37.2888267,127.1073532,113.200,-26.422,-16.216,4
2065,042909.87,37.2888267,127.1073567,113.200,-26.112,-16.216,4
2066,042910.25,37.2888265,127.1073602,113.200,-25.802,-16.234,4
2067,042910.75,37.2888268,127.1073648,113.200,-25.389,-16.197,4
2068,042911.12,37.2888272,127.1073683,113.200,-25.079,-16.160,4
2069,042911.62,37.2888273,127.1073728,113.200,-24.680,-16.141,4
2070,042912.00,37.2888277,127.1073763,113.200,-24.370,-16.104,4
2071,042912.37,37.2888282,127.1073797,113.200,-24.075,-16.049,4
2072,042912.75,37.2888287,127.1073832,113.300,-23.765,-15.993,4
2073,042913.12,37.2888290,127.1073867,113.300,-23.455,-15.956,4
2074,042913.62,37.2888295,127.1073912,113.300,-23.056,-15.900,4
2075,042914.00,37.2888300,127.1073947,113.300,-22.746,-15.845,4
2076,042914.37,37.2888305,127.1073982,113.300,-22.436,-15.789,4
2077,042914.75,37.2888307,127.1074017,113.300,-22.127,-15.770,4
2078,042915.12,37.2888307,127.1074053,113.300,-21.802,-15.770,4
2079,042915.50,37.2888303,127.1074088,113.300,-21.492,-15.807,4
2080,042915.87,37.2888297,127.1074123,113.300,-21.182,-15.882,4
2081,042916.25,37.2888288,127.1074157,113.300,-20.887,-15.974,4
2082,042916.62,37.2888282,127.1074192,113.300,-20.577,-16.049,4
2083,042917.00,37.2888275,127.1074227,113.300,-20.267,-16.123,4
2084,042917.37,37.2888268,127.1074262,113.300,-19.957,-16.197,4
2085,042917.75,37.2888260,127.1074295,113.300,-19.661,-16.290,4
2086,042918.12,37.2888252,127.1074328,113.300,-19.366,-16.383,4
2087,042918.50,37.2888243,127.1074363,113.300,-19.056,-16.475,4
2088,042918.87,37.2888235,127.1074398,113.300,-18.746,-16.568,4
2089,042919.25,37.2888227,127.1074432,113.300,-18.451,-16.661,4
2090,042919.62,37.2888220,127.1074465,113.300,-18.156,-16.735,4
2091,042920.00,37.2888212,127.1074498,113.300,-17.861,-16.828,4
2092,042920.37,37.2888205,127.1074533,113.300,-17.551,-16.902,4
2093,042920.75,37.2888195,127.1074567,113.300,-17.255,-17.013,4
2094,042921.12,37.2888187,127.1074602,113.300,-16.945,-17.106,4
2095,042921.50,37.2888177,127.1074635,113.300,-16.650,-17.217,4
2096,042921.87,37.2888167,127.1074668,113.300,-16.355,-17.329,4
2097,042922.25,37.2888157,127.1074702,113.300,-16.060,-17.440,4
2098,042922.62,37.2888145,127.1074733,113.300,-15.779,-17.570,4
2099,042923.00,37.2888135,127.1074767,113.300,-15.484,-17.681,4
2100,042923.37,37.2888125,127.1074798,113.300,-15.204,-17.793,4
2101,042923.75,37.2888113,127.1074830,113.300,-14.923,-17.923,4
2102,042924.12,37.2888103,127.1074863,113.300,-14.628,-18.034,4
2103,042924.50,37.2888092,127.1074897,113.300,-14.333,-18.164,4
2104,042925.00,37.2888077,127.1074938,113.300,-13.964,-18.331,4
2105,042925.37,37.2888067,127.1074972,113.300,-13.669,-18.442,4
2106,042925.75,37.2888057,127.1075007,113.300,-13.359,-18.553,4
2107,042926.12,37.2888048,127.1075040,113.300,-13.063,-18.646,4
2108,042926.50,37.2888038,127.1075073,113.300,-12.768,-18.757,4
2109,042926.87,37.2888030,127.1075107,113.300,-12.473,-18.850,4
2110,042927.25,37.2888023,127.1075140,113.300,-12.178,-18.924,4
2111,042927.62,37.2888013,127.1075173,113.300,-11.882,-19.036,4
2112,042928.00,37.2888005,127.1075208,113.300,-11.573,-19.128,4
2113,042928.37,37.2887997,127.1075242,113.300,-11.277,-19.221,4
2114,042928.75,37.2887990,127.1075277,113.300,-10.967,-19.295,4
2115,042929.12,37.2887983,127.1075310,113.300,-10.672,-19.370,4
2116,042929.50,37.2887977,127.1075345,113.300,-10.362,-19.444,4
2117,042929.87,37.2887968,127.1075380,113.300,-10.052,-19.537,4
2118,042930.25,37.2887960,127.1075413,113.300,-9.757,-19.629,4
2119,042930.62,37.2887952,127.1075448,113.300,-9.447,-19.722,4
2120,042931.00,37.2887943,127.1075482,113.300,-9.152,-19.815,4
2121,042931.37,37.2887933,127.1075515,113.300,-8.857,-19.926,4
2122,042931.75,37.2887923,127.1075548,113.300,-8.561,-20.038,4
2123,042932.12,37.2887913,127.1075580,113.300,-8.281,-20.149,4
2124,042932.50,37.2887905,127.1075615,113.300,-7.971,-20.242,4
2125,042932.87,37.2887895,127.1075647,113.300,-7.690,-20.353,4
2126,042933.37,37.2887883,127.1075692,113.300,-7.292,-20.483,4
2127,042933.75,37.2887875,127.1075725,113.300,-6.997,-20.576,4
2128,042934.12,37.2887863,127.1075757,113.300,-6.716,-20.706,4
2129,042934.50,37.2887853,127.1075790,113.300,-6.421,-20.817,4
2130,042934.87,37.2887845,127.1075823,113.300,-6.126,-20.910,4
2131,042935.25,37.2887837,127.1075857,113.300,-5.831,-21.002,4
2132,042935.62,37.2887830,127.1075890,113.300,-5.535,-21.077,4
2133,042936.00,37.2887822,127.1075923,113.300,-5.240,-21.169,4
2134,042936.37,37.2887815,127.1075957,113.300,-4.945,-21.244,4
2135,042936.75,37.2887808,127.1075992,113.300,-4.635,-21.318,4
2136,042937.12,37.2887800,127.1076025,113.300,-4.340,-21.411,4
2137,042937.62,37.2887788,127.1076068,113.300,-3.956,-21.540,4
2138,042938.00,37.2887780,127.1076102,113.300,-3.661,-21.633,4
2139,042938.37,37.2887773,127.1076137,113.300,-3.351,-21.707,4
2140,042938.87,37.2887765,127.1076170,113.300,-3.055,-21.800,4
