path_id,idx,lat,lon,east_m,north_m,yaw_rad,yaw_deg,s_m,zone_id,inside_zone,state
1,0,37.2889723,127.1076515,0,0,2.809316172,160.96196,0,0,0,0
1,1,37.2889732,127.1076481,-0.297382,0.102618,2.809316172,160.96196,0.314589,0,0,0
1,2,37.2889741,127.1076448,-0.594764,0.205236,2.809316172,160.96196,0.629179,0,0,0
1,3,37.2889751,127.1076414,-0.892147,0.307853,2.809316172,160.96196,0.943769,0,0,0
1,4,37.288976,127.1076381,-1.189529,0.410471,2.809316172,160.96196,1.258358,0,0,0
1,5,37.2889769,127.1076347,-1.486911,0.513089,2.809316172,160.96196,1.572948,0,0,0
1,6,37.2889778,127.1076314,-1.784293,0.615707,2.809316172,160.96196,1.887537,0,0,0
1,7,37.2889788,127.107628,-2.081675,0.718325,2.809316172,160.96196,2.202127,0,0,0
1,8,37.2889797,127.1076246,-2.379058,0.820942,2.809316172,160.96196,2.516717,0,0,0
1,9,37.2889806,127.1076213,-2.67644,0.92356,2.809316172,160.96196,2.831306,0,0,0
1,10,37.2889815,127.1076179,-2.973822,1.026178,2.809316172,160.96196,3.145896,0,0,0
1,11,37.2889824,127.1076146,-3.271204,1.128796,2.809316172,160.96196,3.460485,0,0,0
1,12,37.2889834,127.1076112,-3.568586,1.231414,2.809316172,160.96196,3.775074,0,0,0
1,13,37.2889843,127.1076078,-3.865969,1.334031,2.809316172,160.96196,4.089664,0,0,0
1,14,37.2889852,127.1076045,-4.163351,1.436649,2.809316172,160.96196,4.404254,0,0,0
1,15,37.2889861,127.1076011,-4.460733,1.539267,2.809316172,160.96196,4.718843,0,0,0
1,16,37.288987,127.1075978,-4.758115,1.641885,2.809316172,160.96196,5.033433,0,0,0
1,17,37.288988,127.1075944,-5.055497,1.744503,2.809316172,160.96196,5.348022,0,0,0
1,18,37.2889889,127.1075911,-5.35288,1.84712,2.809316172,160.96196,5.662612,0,0,0
1,19,37.2889898,127.1075877,-5.650262,1.949738,2.809316172,160.96196,5.977202,0,0,0
1,20,37.2889907,127.1075843,-5.947644,2.052356,2.809316172,160.96196,6.291791,0,0,0
1,21,37.2889917,127.107581,-6.245026,2.154974,2.809316172,160.96196,6.60638,0,0,0
1,22,37.2889926,127.1075776,-6.542408,2.257592,2.809316172,160.96196,6.92097,0,0,0
1,23,37.2889935,127.1075743,-6.839791,2.360209,2.809316172,160.96196,7.23556,0,0,0
1,24,37.2889944,127.1075709,-7.137173,2.462827,2.809316172,160.96196,7.550149,0,0,0
1,25,37.2889953,127.1075676,-7.434555,2.565445,2.809316172,160.96196,7.864739,0,0,0
1,26,37.2889963,127.1075642,-7.731937,2.668063,2.809316172,160.96196,8.179328,0,0,0
1,27,37.2889972,127.1075608,-8.029319,2.770681,2.809316172,160.96196,8.493918,0,0,0
1,28,37.2889981,127.1075575,-8.326702,2.873298,2.809316172,160.96196,8.808508,0,0,0
1,29,37.288999,127.1075541,-8.624084,2.975916,2.809316172,160.96196,9.123097,0,0,0
1,30,37.289,127.1075508,-8.921466,3.078534,2.809316172,160.96196,9.437687,0,0,0
1,31,37.2890009,127.1075474,-9.218848,3.181152,2.809316172,160.96196,9.752276,0,0,0
1,32,37.2890018,127.1075441,-9.51623,3.28377,2.809316172,160.96196,10.066865,0,0,0
1,33,37.2890027,127.1075407,-9.813613,3.386387,2.809316172,160.96196,10.381455,0,0,0
1,34,37.2890036,127.1075373,-10.110995,3.489005,2.809316172,160.96196,10.696045,0,0,0
1,35,37.2890046,127.107534,-10.408377,3.591623,2.809316172,160.96196,11.010634,0,0,0
1,36,37.2890055,127.1075306,-10.705759,3.694241,2.809316172,160.96196,11.325224,0,0,0
1,37,37.2890064,127.1075273,-11.003141,3.796859,2.809316172,160.96196,11.639813,0,0,0
1,38,37.2890073,127.1075239,-11.300524,3.899476,2.809316172,160.96196,11.954403,0,0,0
1,39,37.2890083,127.1075205,-11.597906,4.002094,2.809316172,160.96196,12.268993,0,0,0
1,40,37.2890092,127.1075172,-11.895288,4.104712,2.809316172,160.96196,12.583582,0,0,0
1,41,37.2890101,127.1075138,-12.19267,4.20733,2.809316172,160.96196,12.898171,0,0,0
1,42,37.289011,127.1075105,-12.490052,4.309948,2.809316172,160.96196,13.212761,0,0,0
1,43,37.2890119,127.1075071,-12.787435,4.412565,2.809316172,160.96196,13.527351,0,0,0
1,44,37.2890129,127.1075038,-13.084817,4.515183,2.809316172,160.96196,13.84194,0,0,0
1,45,37.2890138,127.1075004,-13.382199,4.617801,2.809316172,160.96196,14.15653,0,0,0
1,46,37.2890147,127.107497,-13.679581,4.720419,2.809316172,160.96196,14.471119,0,0,0
1,47,37.2890156,127.1074937,-13.976963,4.823037,2.809316172,160.96196,14.785709,0,0,0
1,48,37.2890165,127.1074903,-14.274346,4.925654,2.809316172,160.96196,15.100299,0,0,0
1,49,37.2890175,127.107487,-14.571728,5.028272,2.809316172,160.96196,15.414888,0,0,0
1,50,37.2890184,127.1074836,-14.86911,5.13089,2.809316172,160.96196,15.729478,0,0,0
1,51,37.2890193,127.1074803,-15.166492,5.233508,2.809316172,160.96196,16.044067,0,0,0
1,52,37.2890202,127.1074769,-15.463874,5.336126,2.809316172,160.96196,16.358656,0,0,0
1,53,37.2890212,127.1074735,-15.761257,5.438743,2.809316172,160.96196,16.673246,0,0,0
1,54,37.2890221,127.1074702,-16.058639,5.541361,2.809316172,160.96196,16.987836,0,0,0
1,55,37.289023,127.1074668,-16.356021,5.643979,2.809316172,160.96196,17.302425,0,0,0
1,56,37.2890239,127.1074635,-16.653403,5.746597,2.809316172,160.96196,17.617015,0,0,0
1,57,37.2890248,127.1074601,-16.950785,5.849215,2.809316172,160.96196,17.931604,0,0,0
1,58,37.2890258,127.1074567,-17.248168,5.951832,2.809316172,160.96196,18.246194,0,0,0
1,59,37.2890267,127.1074534,-17.54555,6.05445,2.809316172,160.96196,18.560784,0,0,0
1,60,37.2890276,127.10745,-17.842932,6.157068,2.809316172,160.96196,18.875373,0,0,0
1,61,37.2890285,127.1074467,-18.140314,6.259686,2.809316172,160.96196,19.189963,0,0,0
1,62,37.2890295,127.1074433,-18.437696,6.362304,2.809316172,160.96196,19.504552,0,0,0
1,63,37.2890304,127.10744,-18.735079,6.464921,2.809316172,160.96196,19.819142,0,0,0
1,64,37.2890313,127.1074366,-19.032461,6.567539,2.809316172,160.96196,20.133731,0,0,0
1,65,37.2890322,127.1074332,-19.329843,6.670157,2.809316172,160.96196,20.448321,0,0,0
1,66,37.2890331,127.1074299,-19.627225,6.772775,2.809316172,160.96196,20.76291,0,0,0
1,67,37.2890341,127.1074265,-19.924607,6.875393,2.809316172,160.96196,21.0775,0,0,0
1,68,37.289035,127.1074232,-20.22199,6.97801,2.809316172,160.96196,21.39209,0,0,0
1,69,37.2890359,127.1074198,-20.519372,7.080628,2.809316172,160.96196,21.706679,0,0,0
1,70,37.2890368,127.1074165,-20.816754,7.183246,2.809316172,160.96196,22.021269,0,0,0
1,71,37.2890377,127.1074131,-21.114136,7.285864,2.809316172,160.96196,22.335858,0,0,0
1,72,37.2890387,127.1074097,-21.411518,7.388482,2.809316172,160.96196,22.650447,0,0,0
1,73,37.2890396,127.1074064,-21.708901,7.491099,2.809316172,160.96196,22.965037,0,0,0
1,74,37.2890405,127.107403,-22.006283,7.593717,2.809316172,160.96196,23.279627,0,0,0
1,75,37.2890414,127.1073997,-22.303665,7.696335,2.809316172,160.96196,23.594216,0,0,0
1,76,37.2890424,127.1073963,-22.601047,7.798953,2.809316172,160.96196,23.908806,0,0,0
1,77,37.2890433,127.107393,-22.898429,7.901571,2.809316172,160.96196,24.223395,0,0,0
1,78,37.2890442,127.1073896,-23.195812,8.004188,2.809316172,160.96196,24.537985,0,0,0
1,79,37.2890451,127.1073862,-23.493194,8.106806,2.809316172,160.96196,24.852575,0,0,0
1,80,37.289046,127.1073829,-23.790576,8.209424,2.809316172,160.96196,25.167164,0,0,0
1,81,37.289047,127.1073795,-24.087958,8.312042,2.809316172,160.96196,25.481754,0,0,0
1,82,37.2890479,127.1073762,-24.38534,8.41466,2.809316172,160.96196,25.796343,0,0,0
1,83,37.2890488,127.1073728,-24.682723,8.517277,2.809316172,160.96196,26.110933,0,0,0
1,84,37.2890497,127.1073694,-24.980105,8.619895,2.809316172,160.96196,26.425522,0,0,0
1,85,37.2890507,127.1073661,-25.277487,8.722513,2.809316172,160.96196,26.740112,0,0,0
1,86,37.2890516,127.1073627,-25.574869,8.825131,2.809316172,160.96196,27.054701,0,0,0
1,87,37.2890525,127.1073594,-25.872251,8.927749,2.809316172,160.96196,27.369291,0,0,0
1,88,37.2890534,127.107356,-26.169634,9.030366,2.809316172,160.96196,27.683881,0,0,0
1,89,37.2890543,127.1073527,-26.467016,9.132984,2.809316172,160.96196,27.99847,0,0,0
1,90,37.2890553,127.1073493,-26.764398,9.235602,2.809316172,160.96196,28.31306,0,0,5
1,91,37.2890562,127.1073459,-27.06178,9.33822,2.809316172,160.96196,28.627649,0,0,0
1,92,37.2890571,127.1073426,-27.359162,9.440838,2.809316172,160.96196,28.942238,0,0,0
1,93,37.289058,127.1073392,-27.656545,9.543455,2.809316172,160.96196,29.256829,0,0,0
1,94,37.289059,127.1073359,-27.953927,9.646073,2.809316172,160.96196,29.571418,0,0,0
1,95,37.2890599,127.1073325,-28.251309,9.748691,2.809316172,160.96196,29.886007,0,0,0
1,96,37.2890608,127.1073292,-28.548691,9.851309,2.809316172,160.96196,30.200597,0,0,0
1,97,37.2890617,127.1073258,-28.846073,9.953927,2.809316172,160.96196,30.515186,0,0,0
1,98,37.2890626,127.1073224,-29.143455,10.056545,2.809316172,160.96196,30.829776,0,0,0
1,99,37.2890636,127.1073191,-29.440838,10.159162,2.809316172,160.96196,31.144366,0,0,0
1,100,37.2890645,127.1073157,-29.73822,10.26178,2.809316172,160.96196,31.458955,0,0,0
1,101,37.2890654,127.1073124,-30.035602,10.364398,2.809316172,160.96196,31.773545,0,0,0
1,102,37.2890663,127.107309,-30.332984,10.467016,2.809316172,160.96196,32.088134,0,0,0
1,103,37.2890672,127.1073056,-30.630366,10.569634,2.809316172,160.96196,32.402723,0,0,0
1,104,37.2890682,127.1073023,-30.927749,10.672251,2.809316172,160.96196,32.717313,0,0,0
1,105,37.2890691,127.1072989,-31.225131,10.774869,2.809316172,160.96196,33.031903,0,0,0
1,106,37.28907,127.1072956,-31.522513,10.877487,2.809316172,160.96196,33.346492,0,0,0
1,107,37.2890709,127.1072922,-31.819895,10.980105,2.809316172,160.96196,33.661082,0,0,0
1,108,37.2890719,127.1072889,-32.117277,11.082723,2.809316172,160.96196,33.975671,0,0,0
1,109,37.2890728,127.1072855,-32.41466,11.18534,2.809316172,160.96196,34.290261,0,0,0
1,110,37.2890737,127.1072821,-32.712042,11.287958,2.809316172,160.96196,34.604851,0,0,0
1,111,37.2890746,127.1072788,-33.009424,11.390576,2.809316172,160.96196,34.91944,0,0,0
1,112,37.2890755,127.1072754,-33.306806,11.493194,2.809316172,160.96196,35.234029,0,0,0
1,113,37.2890765,127.1072721,-33.604188,11.595812,2.809316172,160.96196,35.548619,0,0,0
1,114,37.2890774,127.1072687,-33.901571,11.698429,2.809316172,160.96196,35.863209,0,0,0
1,115,37.2890783,127.1072654,-34.198953,11.801047,2.809316172,160.96196,36.177798,0,0,0
1,116,37.2890792,127.107262,-34.496335,11.903665,2.809316172,160.96196,36.492388,0,0,0
1,117,37.2890802,127.1072586,-34.793717,12.006283,2.809316172,160.96196,36.806977,0,0,0
1,118,37.2890811,127.1072553,-35.091099,12.108901,2.809316172,160.96196,37.121567,0,0,0
1,119,37.289082,127.1072519,-35.388482,12.211518,2.809316172,160.96196,37.436157,0,0,0
1,120,37.2890829,127.1072486,-35.685864,12.314136,2.809316172,160.96196,37.750746,0,0,0
1,121,37.2890838,127.1072452,-35.983246,12.416754,2.809316172,160.96196,38.065336,0,0,0
1,122,37.2890848,127.1072419,-36.280628,12.519372,2.809316172,160.96196,38.379925,0,0,0
1,123,37.2890857,127.1072385,-36.57801,12.62199,2.809316172,160.96196,38.694514,0,0,0
1,124,37.2890866,127.1072351,-36.875393,12.724607,2.809316172,160.96196,39.009104,0,0,0
1,125,37.2890875,127.1072318,-37.172775,12.827225,2.809316172,160.96196,39.323694,0,0,0
1,126,37.2890885,127.1072284,-37.470157,12.929843,2.809316172,160.96196,39.638283,0,0,0
1,127,37.2890894,127.1072251,-37.767539,13.032461,2.809316172,160.96196,39.952873,0,0,0
1,128,37.2890903,127.1072217,-38.064921,13.135079,2.809316172,160.96196,40.267462,0,0,0
1,129,37.2890912,127.1072183,-38.362304,13.237696,2.809316172,160.96196,40.582052,0,0,0
1,130,37.2890921,127.107215,-38.659686,13.340314,2.809316172,160.96196,40.896642,0,0,0
1,131,37.2890931,127.1072116,-38.957068,13.442932,2.809316172,160.96196,41.211231,0,0,0
1,132,37.289094,127.1072083,-39.25445,13.54555,2.809316172,160.96196,41.525821,0,0,0
1,133,37.2890949,127.1072049,-39.551832,13.648168,2.809316172,160.96196,41.84041,0,0,0
1,134,37.2890958,127.1072016,-39.849215,13.750785,2.809316172,160.96196,42.155,0,0,0
1,135,37.2890967,127.1071982,-40.146597,13.853403,2.809316172,160.96196,42.469589,0,0,0
1,136,37.2890977,127.1071948,-40.443979,13.956021,2.809316172,160.96196,42.784179,0,0,0
1,137,37.2890986,127.1071915,-40.741361,14.058639,2.809316172,160.96196,43.098768,0,0,0
1,138,37.2890995,127.1071881,-41.038743,14.161257,2.809316172,160.96196,43.413358,0,0,0
1,139,37.2891004,127.1071848,-41.336126,14.263874,2.809316172,160.96196,43.727948,0,0,0
1,140,37.2891014,127.1071814,-41.633508,14.366492,2.809316172,160.96196,44.042537,0,0,0
1,141,37.2891023,127.1071781,-41.93089,14.46911,2.809316172,160.96196,44.357127,0,0,0
1,142,37.2891032,127.1071747,-42.228272,14.571728,2.809316172,160.96196,44.671716,0,0,0
1,143,37.2891041,127.1071713,-42.525654,14.674346,2.809316172,160.96196,44.986305,0,0,0
1,144,37.289105,127.107168,-42.823037,14.776963,2.809316172,160.96196,45.300896,0,0,0
1,145,37.289106,127.1071646,-43.120419,14.879581,2.809316172,160.96196,45.615485,0,0,0
1,146,37.2891069,127.1071613,-43.417801,14.982199,2.809316172,160.96196,45.930074,0,0,0
1,147,37.2891078,127.1071579,-43.715183,15.084817,2.809316172,160.96196,46.244664,0,0,0
1,148,37.2891087,127.1071545,-44.012565,15.187435,2.809316172,160.96196,46.559253,0,0,0
1,149,37.2891097,127.1071512,-44.309948,15.290052,2.809316172,160.96196,46.873843,0,0,0
1,150,37.2891106,127.1071478,-44.60733,15.39267,2.809316172,160.96196,47.188433,0,0,0
1,151,37.2891115,127.1071445,-44.904712,15.495288,2.809316172,160.96196,47.503022,0,0,0
1,152,37.2891124,127.1071411,-45.202094,15.597906,2.809316172,160.96196,47.817612,0,0,0
1,153,37.2891133,127.1071378,-45.499476,15.700524,2.809316172,160.96196,48.132201,0,0,0
1,154,37.2891143,127.1071344,-45.796859,15.803141,2.809316172,160.96196,48.446791,0,0,0
1,155,37.2891152,127.107131,-46.094241,15.905759,2.809316172,160.96196,48.76138,0,0,0
1,156,37.2891161,127.1071277,-46.391623,16.008377,2.809316172,160.96196,49.07597,0,0,0
1,157,37.289117,127.1071243,-46.689005,16.110995,2.809316172,160.96196,49.390559,0,0,0
1,158,37.2891179,127.107121,-46.986387,16.213613,2.809316172,160.96196,49.705149,0,0,0
1,159,37.2891189,127.1071176,-47.28377,16.31623,2.809316172,160.96196,50.019739,0,0,0
1,160,37.2891198,127.1071143,-47.581152,16.418848,2.809316172,160.96196,50.334328,0,0,0
1,161,37.2891207,127.1071109,-47.878534,16.521466,2.809316172,160.96196,50.648918,0,0,0
1,162,37.2891216,127.1071075,-48.175916,16.624084,2.809316172,160.96196,50.963507,0,0,0
1,163,37.2891226,127.1071042,-48.473298,16.726702,2.809316172,160.96196,51.278096,0,0,0
1,164,37.2891235,127.1071008,-48.770681,16.829319,2.809316172,160.96196,51.592687,0,0,0
1,165,37.2891244,127.1070975,-49.068063,16.931937,2.809316172,160.96196,51.907276,0,0,0
1,166,37.2891253,127.1070941,-49.365445,17.034555,2.809316172,160.96196,52.221865,0,0,0
1,167,37.2891262,127.1070908,-49.662827,17.137173,2.809316172,160.96196,52.536455,0,0,0
1,168,37.2891272,127.1070874,-49.960209,17.239791,2.809316172,160.96196,52.851044,0,0,0
1,169,37.2891281,127.107084,-50.257592,17.342408,2.809316172,160.96196,53.165634,0,0,0
1,170,37.289129,127.1070807,-50.554974,17.445026,2.809316172,160.96196,53.480224,0,0,0
1,171,37.2891299,127.1070773,-50.852356,17.547644,2.809316172,160.96196,53.794813,0,0,0
1,172,37.2891309,127.107074,-51.149738,17.650262,2.809316172,160.96196,54.109403,0,0,0
1,173,37.2891318,127.1070706,-51.44712,17.75288,2.809316172,160.96196,54.423992,0,0,0
1,174,37.2891327,127.1070672,-51.744503,17.855497,2.809316172,160.96196,54.738582,0,0,0
1,175,37.2891336,127.1070639,-52.041885,17.958115,2.809316172,160.96196,55.053171,0,0,0
1,176,37.2891345,127.1070605,-52.339267,18.060733,2.809316172,160.96196,55.367761,0,0,0
1,177,37.2891355,127.1070572,-52.636649,18.163351,2.809316172,160.96196,55.68235,0,0,0
1,178,37.2891364,127.1070538,-52.934031,18.265969,2.809316172,160.96196,55.99694,0,0,0
1,179,37.2891373,127.1070505,-53.231414,18.368586,2.809316172,160.96196,56.31153,0,0,0
1,180,37.2891382,127.1070471,-53.528796,18.471204,2.809316172,160.96196,56.626119,0,0,0
1,181,37.2891392,127.1070437,-53.826178,18.573822,2.809316172,160.96196,56.940709,0,0,0
1,182,37.2891401,127.1070404,-54.12356,18.67644,2.809316172,160.96196,57.255298,0,0,0
1,183,37.289141,127.107037,-54.420942,18.779058,2.809316172,160.96196,57.569888,0,0,0
1,184,37.2891419,127.1070337,-54.718325,18.881675,2.809316172,160.96196,57.884478,0,0,0
1,185,37.2891428,127.1070303,-55.015707,18.984293,2.809316172,160.96196,58.199067,0,0,0
1,186,37.2891438,127.107027,-55.313089,19.086911,2.809316172,160.96196,58.513656,0,0,0
1,187,37.2891447,127.1070236,-55.610471,19.189529,2.809316172,160.96196,58.828246,0,0,0
1,188,37.2891456,127.1070202,-55.907853,19.292147,2.809316172,160.96196,59.142835,0,0,0
1,189,37.2891465,127.1070169,-56.205236,19.394764,2.809316172,160.96196,59.457425,0,0,0
1,190,37.2891474,127.1070135,-56.502618,19.497382,2.809316172,160.96196,59.772015,0,0,0
1,191,37.2891484,127.1070102,-56.8,19.6,2.815234719,161.3010677,60.086604,0,0,0
1,192,37.2891492,127.1070069,-57.093004,19.697205,2.833215929,162.3313152,60.395311,0,0,0
1,193,37.2891501,127.1070035,-57.388247,19.787379,2.857115686,163.7006704,60.704018,0,0,0
1,194,37.2891508,127.1070002,-57.68556,19.870473,2.881015443,165.0700256,61.012724,0,0,0
1,195,37.2891515,127.1069968,-57.984775,19.946437,2.904915201,166.4393809,61.321432,0,0,0
1,196,37.2891521,127.1069934,-58.285719,20.01523,2.928814958,167.8087361,61.630138,0,0,0
1,197,37.2891527,127.10699,-58.588221,20.076811,2.952714715,169.1780913,61.938845,0,0,0
1,198,37.2891531,127.1069865,-58.892109,20.131145,2.976614472,170.5474465,62.247552,0,0,0
1,199,37.2891536,127.1069831,-59.197208,20.178202,3.000514229,171.9168017,62.556258,0,0,0
1,200,37.2891539,127.1069796,-59.503345,20.217954,3.024413986,173.2861569,62.864966,0,0,0
1,201,37.2891542,127.1069762,-59.810344,20.250379,3.048313743,174.6555121,63.173672,0,0,0
1,202,37.2891544,127.1069727,-60.118031,20.275458,3.0722135,176.0248673,63.48238,0,0,0
1,203,37.2891546,127.1069692,-60.426228,20.293177,3.096113257,177.3942225,63.791085,0,0,0
1,204,37.2891547,127.1069657,-60.734762,20.303526,3.120013014,178.7635777,64.099793,0,0,0
1,205,37.2891547,127.1069623,-61.043454,20.306499,-3.139272536,-179.8670671,64.408499,0,0,0
1,206,37.2891547,127.1069588,-61.35213,20.302094,-3.104358239,-177.8666252,64.717207,0,0,0
1,207,37.2891545,127.1069553,-61.660252,20.283522,-3.047411124,-174.6037958,65.025888,0,0,0
1,208,37.2891542,127.1069518,-61.966402,20.244069,-2.97944947,-170.7098799,65.33457,0,0,0
1,209,37.2891536,127.1069484,-62.269166,20.183916,-2.911487816,-166.815964,65.643251,0,0,0
1,210,37.2891529,127.106945,-62.567146,20.103342,-2.843526161,-162.922048,65.951933,0,0,0
1,211,37.289152,127.1069418,-62.858967,20.002718,-2.775564507,-159.028132,66.260615,0,0,0
1,212,37.2891509,127.1069385,-63.143281,19.88251,-2.707602853,-155.1342161,66.569297,0,0,0
1,213,37.2891497,127.1069354,-63.418775,19.743271,-2.639641198,-151.2403001,66.877978,0,0,0
1,214,37.2891482,127.1069324,-63.684177,19.585645,-2.571679544,-147.3463841,67.18666,0,0,0
1,215,37.2891467,127.1069296,-63.938262,19.410359,-2.50371789,-143.4524682,67.495342,0,0,0
1,216,37.2891449,127.1069268,-64.179858,19.218223,-2.435756236,-139.5585522,67.804024,0,0,0
1,217,37.2891431,127.1069243,-64.407847,19.010125,-2.367794581,-135.6646362,68.112705,0,0,0
1,218,37.2891411,127.1069219,-64.621179,18.787024,-2.299832927,-131.7707203,68.421387,0,0,0
1,219,37.2891389,127.1069196,-64.818867,18.549951,-2.231871273,-127.8768044,68.730068,0,0,0
1,220,37.2891367,127.1069176,-65,18.3,-2.180779569,-124.9494654,69.03875,0,0,0
1,221,37.2891344,127.1069156,-65.175,18.040385,-2.163909618,-123.9828884,69.35184,0,0,0
1,222,37.289132,127.1069136,-65.35,17.780769,-2.163909618,-123.9828884,69.66493,0,0,0
1,223,37.2891297,127.1069116,-65.525,17.521154,-2.163909618,-123.9828884,69.978019,0,0,0
1,224,37.2891274,127.1069097,-65.7,17.261538,-2.163909618,-123.9828884,70.291109,0,0,0
1,225,37.289125,127.1069077,-65.875,17.001923,-2.163909618,-123.9828884,70.604199,0,0,0
1,226,37.2891227,127.1069057,-66.05,16.742308,-2.163909618,-123.9828884,70.917288,0,0,0
1,227,37.2891204,127.1069037,-66.225,16.482692,-2.163909618,-123.9828884,71.230378,0,0,0
1,228,37.289118,127.1069018,-66.4,16.223077,-2.163909618,-123.9828884,71.543468,0,0,0
1,229,37.2891157,127.1068998,-66.575,15.963462,-2.163909618,-123.9828884,71.856557,0,0,0
1,230,37.2891134,127.1068978,-66.75,15.703846,-2.163909618,-123.9828884,72.169647,0,0,0
1,231,37.289111,127.1068958,-66.925,15.444231,-2.163909618,-123.9828884,72.482736,0,0,0
1,232,37.2891087,127.1068939,-67.1,15.184615,-2.163909618,-123.9828884,72.795827,0,0,0
1,233,37.2891064,127.1068919,-67.275,14.925,-2.163909618,-123.9828884,73.108916,0,0,0
1,234,37.289104,127.1068899,-67.45,14.665385,-2.163909618,-123.9828884,73.422005,0,0,0
1,235,37.2891017,127.1068879,-67.625,14.405769,-2.163909618,-123.9828884,73.735096,0,0,0
1,236,37.2890994,127.106886,-67.8,14.146154,-2.163909618,-123.9828884,74.048185,0,0,0
1,237,37.289097,127.106884,-67.975,13.886538,-2.163909618,-123.9828884,74.361275,0,0,0
1,238,37.2890947,127.106882,-68.15,13.626923,-2.163909618,-123.9828884,74.674364,0,0,0
1,239,37.2890924,127.10688,-68.325,13.367308,-2.163909618,-123.9828884,74.987454,0,0,0
1,240,37.28909,127.1068781,-68.5,13.107692,-2.163909618,-123.9828884,75.300544,0,0,0
1,241,37.2890877,127.1068761,-68.675,12.848077,-2.163909618,-123.9828884,75.613633,0,0,0
1,242,37.2890854,127.1068741,-68.85,12.588462,-2.163909618,-123.9828884,75.926723,0,0,0
1,243,37.2890831,127.1068721,-69.025,12.328846,-2.163909618,-123.9828884,76.239813,0,0,0
1,244,37.2890807,127.1068702,-69.2,12.069231,-2.163909618,-123.9828884,76.552902,0,0,0
1,245,37.2890784,127.1068682,-69.375,11.809615,-2.163909618,-123.9828884,76.865992,0,0,0
1,246,37.2890761,127.1068662,-69.55,11.55,-2.163909618,-123.9828884,77.179082,0,0,0
1,247,37.2890737,127.1068642,-69.725,11.290385,-2.163909618,-123.9828884,77.492171,0,0,0
1,248,37.2890714,127.1068622,-69.9,11.030769,-2.163909618,-123.9828884,77.805261,0,0,0
1,249,37.2890691,127.1068603,-70.075,10.771154,-2.163909618,-123.9828884,78.118351,0,0,0
1,250,37.2890667,127.1068583,-70.25,10.511538,-2.163909618,-123.9828884,78.431441,0,0,0
1,251,37.2890644,127.1068563,-70.425,10.251923,-2.163909618,-123.9828884,78.74453,0,0,0
1,252,37.2890621,127.1068543,-70.6,9.992308,-2.163909618,-123.9828884,79.05762,0,0,0
1,253,37.2890597,127.1068524,-70.775,9.732692,-2.163909618,-123.9828884,79.37071,0,0,0
1,254,37.2890574,127.1068504,-70.95,9.473077,-2.163909618,-123.9828884,79.683799,0,0,0
1,255,37.2890551,127.1068484,-71.125,9.213462,-2.163909618,-123.9828884,79.996889,0,0,0
1,256,37.2890527,127.1068464,-71.3,8.953846,-2.163909618,-123.9828884,80.309979,0,0,0
1,257,37.2890504,127.1068445,-71.475,8.694231,-2.163909618,-123.9828884,80.623068,0,0,0
1,258,37.2890481,127.1068425,-71.65,8.434615,-2.163909618,-123.9828884,80.936158,0,0,0
1,259,37.2890457,127.1068405,-71.825,8.175,-2.163909618,-123.9828884,81.249248,0,0,0
1,260,37.2890434,127.1068385,-72,7.915385,-2.163909618,-123.9828884,81.562337,0,0,0
1,261,37.2890411,127.1068366,-72.175,7.655769,-2.163909618,-123.9828884,81.875427,0,0,0
1,262,37.2890387,127.1068346,-72.35,7.396154,-2.163909618,-123.9828884,82.188517,0,0,0
1,263,37.2890364,127.1068326,-72.525,7.136538,-2.163909618,-123.9828884,82.501607,0,0,0
1,264,37.2890341,127.1068306,-72.7,6.876923,-2.163909618,-123.9828884,82.814696,0,0,0
1,265,37.2890317,127.1068287,-72.875,6.617308,-2.163909618,-123.9828884,83.127786,0,0,0
1,266,37.2890294,127.1068267,-73.05,6.357692,-2.163909618,-123.9828884,83.440876,0,0,0
1,267,37.2890271,127.1068247,-73.225,6.098077,-2.163909618,-123.9828884,83.753965,0,0,0
1,268,37.2890247,127.1068227,-73.4,5.838462,-2.163909618,-123.9828884,84.067054,0,0,0
1,269,37.2890224,127.1068208,-73.575,5.578846,-2.163909618,-123.9828884,84.380145,0,0,0
1,270,37.2890201,127.1068188,-73.75,5.319231,-2.163909618,-123.9828884,84.693234,0,0,0
1,271,37.2890178,127.1068168,-73.925,5.059615,-2.163909618,-123.9828884,85.006324,0,0,0
1,272,37.2890154,127.1068148,-74.1,4.8,-2.145353282,-122.9196886,85.319414,0,0,0
1,273,37.2890131,127.106813,-74.259312,4.543237,-2.088343072,-119.6532442,85.621585,0,0,0
1,274,37.2890107,127.1068115,-74.398785,4.27518,-2.012776527,-115.3236001,85.923756,0,0,0
1,275,37.2890082,127.1068101,-74.517623,3.997359,-1.937209981,-110.9939559,86.225926,0,0,0
1,276,37.2890056,127.106809,-74.615147,3.711358,-1.861643435,-106.6643118,86.528098,0,0,0
1,277,37.289003,127.1068082,-74.690802,3.418811,-1.786076889,-102.3346676,86.830269,0,0,0
1,278,37.2890003,127.1068076,-74.744156,3.121388,-1.710510343,-98.00502347,87.132439,0,0,0
1,279,37.2889976,127.1068072,-74.774903,2.820785,-1.634943797,-93.67537931,87.434611,0,0,0
1,280,37.2889949,127.1068071,-74.782868,2.518719,-1.559377251,-89.34573515,87.736782,0,0,0
1,281,37.2889922,127.1068073,-74.768007,2.216914,-1.483810705,-85.01609099,88.038952,0,0,0
1,282,37.2889895,127.1068077,-74.730403,1.917092,-1.408244159,-80.68644684,88.341123,0,0,0
1,283,37.2889869,127.1068084,-74.670272,1.620965,-1.332677613,-76.35680268,88.643294,0,0,0
1,284,37.2889842,127.1068093,-74.587956,1.330222,-1.260302871,-72.21003542,88.945465,0,0,0
1,285,37.2889816,127.1068105,-74.48331,1.038295,-1.196084793,-68.53061058,89.255581,0,0,0
1,286,37.2889791,127.1068119,-74.361054,0.753295,-1.135058518,-65.03406258,89.565697,0,0,0
1,287,37.2889766,127.1068135,-74.221645,0.476281,-1.074032243,-61.53751459,89.875812,0,0,0
1,288,37.2889742,127.1068152,-74.0656,0.208285,-1.013005969,-58.04096665,90.185928,0,0,0
1,289,37.2889719,127.1068172,-73.893501,-0.049695,-0.951979694,-54.54441865,90.496044,0,0,0
1,290,37.2889696,127.1068193,-73.705989,-0.296699,-0.890953419,-51.04787065,90.80616,0,0,0
1,291,37.2889675,127.1068216,-73.503761,-0.531807,-0.829927145,-47.55132271,91.116276,0,0,0
1,292,37.2889655,127.106824,-73.287571,-0.754144,-0.76890087,-44.05477472,91.426391,0,0,0
1,293,37.2889637,127.1068266,-73.058223,-0.962882,-0.707874596,-40.55822678,91.736508,0,0,0
1,294,37.2889619,127.1068293,-72.816572,-1.157243,-0.646848321,-37.06167878,92.046623,0,0,0
1,295,37.2889603,127.1068322,-72.563517,-1.336505,-0.585822046,-33.56513078,92.356738,0,0,0
1,296,37.2889588,127.1068352,-72.3,-1.5,-0.539966238,-30.93778652,92.666854,0,0,0
1,297,37.2889574,127.1068382,-72.028571,-1.657143,-0.524795772,-30.06858284,92.98049,0,0,0
1,298,37.288956,127.1068413,-71.757143,-1.814286,-0.524795772,-30.06858284,93.294126,0,0,0
1,299,37.2889546,127.1068443,-71.485714,-1.971429,-0.524795772,-30.06858284,93.607762,0,0,0
1,300,37.2889532,127.1068474,-71.214286,-2.128571,-0.524795772,-30.06858284,93.921396,0,0,0
1,301,37.2889518,127.1068505,-70.942857,-2.285714,-0.524795772,-30.06858284,94.235033,0,0,0
1,302,37.2889504,127.1068535,-70.671429,-2.442857,-0.524795772,-30.06858284,94.548668,0,0,0
1,303,37.2889489,127.1068566,-70.4,-2.6,-0.524795772,-30.06858284,94.862304,0,0,0
1,304,37.2889475,127.1068597,-70.128571,-2.757143,-0.524795772,-30.06858284,95.17594,0,0,0
1,305,37.2889461,127.1068627,-69.857143,-2.914286,-0.524795772,-30.06858284,95.489575,0,0,0
1,306,37.2889447,127.1068658,-69.585714,-3.071429,-0.524795772,-30.06858284,95.803212,0,0,0
1,307,37.2889433,127.1068689,-69.314286,-3.228571,-0.524795772,-30.06858284,96.116846,0,0,0
1,308,37.2889419,127.1068719,-69.042857,-3.385714,-0.524795772,-30.06858284,96.430482,0,0,0
1,309,37.2889405,127.106875,-68.771429,-3.542857,-0.524795772,-30.06858284,96.744118,0,0,0
1,310,37.2889391,127.1068781,-68.5,-3.7,-0.524795772,-30.06858284,97.057754,0,0,0
1,311,37.2889377,127.1068811,-68.228571,-3.857143,-0.524795772,-30.06858284,97.37139,0,0,0
1,312,37.2889362,127.1068842,-67.957143,-4.014286,-0.524795772,-30.06858284,97.685025,0,0,0
1,313,37.2889348,127.1068873,-67.685714,-4.171429,-0.524795772,-30.06858284,97.998661,0,0,0
1,314,37.2889334,127.1068903,-67.414286,-4.328571,-0.524795772,-30.06858284,98.312296,0,0,0
1,315,37.288932,127.1068934,-67.142857,-4.485714,-0.524795772,-30.06858284,98.625932,0,0,0
1,316,37.2889306,127.1068964,-66.871429,-4.642857,-0.524795772,-30.06858284,98.939568,0,0,0
1,317,37.2889292,127.1068995,-66.6,-4.8,-0.524795772,-30.06858284,99.253204,0,0,0
1,318,37.2889278,127.1069026,-66.328571,-4.957143,-0.524795772,-30.06858284,99.56684,0,0,0
1,319,37.2889264,127.1069056,-66.057143,-5.114286,-0.524795772,-30.06858284,99.880475,0,0,0
1,320,37.2889249,127.1069087,-65.785714,-5.271429,-0.524795772,-30.06858284,100.194111,0,0,0
1,321,37.2889235,127.1069118,-65.514286,-5.428571,-0.524795772,-30.06858284,100.507746,0,0,0
1,322,37.2889221,127.1069148,-65.242857,-5.585714,-0.524795772,-30.06858284,100.821382,0,0,0
1,323,37.2889207,127.1069179,-64.971429,-5.742857,-0.524795772,-30.06858284,101.135017,0,0,0
1,324,37.2889193,127.106921,-64.7,-5.9,-0.524795772,-30.06858284,101.448654,0,0,0
1,325,37.2889179,127.106924,-64.428571,-6.057143,-0.524795772,-30.06858284,101.76229,0,0,0
1,326,37.2889165,127.1069271,-64.157143,-6.214286,-0.524795772,-30.06858284,102.075925,0,0,0
1,327,37.2889151,127.1069302,-63.885714,-6.371429,-0.524795772,-30.06858284,102.389561,0,0,0
1,328,37.2889137,127.1069332,-63.614286,-6.528571,-0.524795772,-30.06858284,102.703196,0,0,0
1,329,37.2889122,127.1069363,-63.342857,-6.685714,-0.524795772,-30.06858284,103.016832,0,0,0
1,330,37.2889108,127.1069394,-63.071429,-6.842857,-0.524795772,-30.06858284,103.330467,0,0,0
1,331,37.2889094,127.1069424,-62.8,-7,-0.524795772,-30.06858284,103.644103,0,0,0
2,0,37.2889454,127.1076459,-0.5,-3,2.814494557,161.2586596,0,0,0,0
2,1,37.2889463,127.1076425,-0.797872,-2.898936,2.814494557,161.2586596,0.31455,0,0,0
2,2,37.2889472,127.1076391,-1.095745,-2.797872,2.814494557,161.2586596,0.629101,0,0,0
2,3,37.2889481,127.1076358,-1.393617,-2.696809,2.814494557,161.2586596,0.94365,0,0,0
2,4,37.288949,127.1076324,-1.691489,-2.595745,2.814494557,161.2586596,1.2582,0,0,0
2,5,37.2889499,127.107629,-1.989362,-2.494681,2.814494557,161.2586596,1.572751,0,0,0
2,6,37.2889508,127.1076257,-2.287234,-2.393617,2.814494557,161.2586596,1.887301,0,0,0
2,7,37.2889517,127.1076223,-2.585106,-2.292553,2.814494557,161.2586596,2.201851,0,0,0
2,8,37.2889526,127.1076189,-2.882979,-2.191489,2.814494557,161.2586596,2.516402,0,0,0
2,9,37.2889535,127.1076156,-3.180851,-2.090426,2.814494557,161.2586596,2.830952,0,0,0
2,10,37.2889544,127.1076122,-3.478723,-1.989362,2.814494557,161.2586596,3.145502,0,0,0
2,11,37.2889553,127.1076089,-3.776596,-1.888298,2.814494557,161.2586596,3.460052,0,0,0
2,12,37.2889562,127.1076055,-4.074468,-1.787234,2.814494557,161.2586596,3.774602,0,0,0
2,13,37.2889572,127.1076021,-4.37234,-1.68617,2.814494557,161.2586596,4.089152,0,0,0
2,14,37.2889581,127.1075988,-4.670213,-1.585106,2.814494557,161.2586596,4.403703,0,0,0
2,15,37.288959,127.1075954,-4.968085,-1.484043,2.814494557,161.2586596,4.718253,0,0,0
2,16,37.2889599,127.107592,-5.265957,-1.382979,2.814494557,161.2586596,5.032803,0,0,0
2,17,37.2889608,127.1075887,-5.56383,-1.281915,2.814494557,161.2586596,5.347354,0,0,0
2,18,37.2889617,127.1075853,-5.861702,-1.180851,2.814494557,161.2586596,5.661904,0,0,0
2,19,37.2889626,127.107582,-6.159574,-1.079787,2.814494557,161.2586596,5.976453,0,0,0
2,20,37.2889635,127.1075786,-6.457447,-0.978723,2.814494557,161.2586596,6.291004,0,0,0
2,21,37.2889644,127.1075752,-6.755319,-0.87766,2.814494557,161.2586596,6.605554,0,0,0
2,22,37.2889653,127.1075719,-7.053191,-0.776596,2.814494557,161.2586596,6.920104,0,0,0
2,23,37.2889662,127.1075685,-7.351064,-0.675532,2.814494557,161.2586596,7.234655,0,0,0
2,24,37.2889671,127.1075651,-7.648936,-0.574468,2.814494557,161.2586596,7.549205,0,0,0
2,25,37.288968,127.1075618,-7.946809,-0.473404,2.814494557,161.2586596,7.863756,0,0,0
2,26,37.288969,127.1075584,-8.244681,-0.37234,2.814494557,161.2586596,8.178306,0,0,0
2,27,37.2889699,127.107555,-8.542553,-0.271277,2.814494557,161.2586596,8.492855,0,0,0
2,28,37.2889708,127.1075517,-8.840426,-0.170213,2.814494557,161.2586596,8.807406,0,0,0
2,29,37.2889717,127.1075483,-9.138298,-0.069149,2.814494557,161.2586596,9.121956,0,0,0
2,30,37.2889726,127.107545,-9.43617,0.031915,2.814494557,161.2586596,9.436506,0,0,0
2,31,37.2889735,127.1075416,-9.734043,0.132979,2.814494557,161.2586596,9.751057,0,0,0
2,32,37.2889744,127.1075382,-10.031915,0.234043,2.814494557,161.2586596,10.065607,0,0,0
2,33,37.2889753,127.1075349,-10.329787,0.335106,2.814494557,161.2586596,10.380156,0,0,0
2,34,37.2889762,127.1075315,-10.62766,0.43617,2.814494557,161.2586596,10.694707,0,0,0
2,35,37.2889771,127.1075281,-10.925532,0.537234,2.814494557,161.2586596,11.009257,0,0,0
2,36,37.288978,127.1075248,-11.223404,0.638298,2.814494557,161.2586596,11.323807,0,0,0
2,37,37.2889789,127.1075214,-11.521277,0.739362,2.814494557,161.2586596,11.638358,0,0,0
2,38,37.2889798,127.107518,-11.819149,0.840426,2.814494557,161.2586596,11.952908,0,0,0
2,39,37.2889808,127.1075147,-12.117021,0.941489,2.814494557,161.2586596,12.267457,0,0,0
2,40,37.2889817,127.1075113,-12.414894,1.042553,2.814494557,161.2586596,12.582008,0,0,0
2,41,37.2889826,127.107508,-12.712766,1.143617,2.814494557,161.2586596,12.896558,0,0,0
2,42,37.2889835,127.1075046,-13.010638,1.244681,2.814494557,161.2586596,13.211108,0,0,0
2,43,37.2889844,127.1075012,-13.308511,1.345745,2.814494557,161.2586596,13.525659,0,0,0
2,44,37.2889853,127.1074979,-13.606383,1.446809,2.814494557,161.2586596,13.840209,0,0,0
2,45,37.2889862,127.1074945,-13.904255,1.547872,2.814494557,161.2586596,14.154759,0,0,0
2,46,37.2889871,127.1074911,-14.202128,1.648936,2.814494557,161.2586596,14.46931,0,0,0
2,47,37.288988,127.1074878,-14.5,1.75,2.814494557,161.2586596,14.783859,0,0,0
2,48,37.2889889,127.1074844,-14.797872,1.851064,2.814494557,161.2586596,15.098409,0,0,0
2,49,37.2889898,127.1074811,-15.095745,1.952128,2.814494557,161.2586596,15.41296,0,0,0
2,50,37.2889907,127.1074777,-15.393617,2.053191,2.814494557,161.2586596,15.72751,0,0,0
2,51,37.2889917,127.1074743,-15.691489,2.154255,2.814494557,161.2586596,16.04206,0,0,0
2,52,37.2889926,127.107471,-15.989362,2.255319,2.814494557,161.2586596,16.356611,0,0,0
2,53,37.2889935,127.1074676,-16.287234,2.356383,2.814494557,161.2586596,16.671161,0,0,0
2,54,37.2889944,127.1074642,-16.585106,2.457447,2.814494557,161.2586596,16.985711,0,0,0
2,55,37.2889953,127.1074609,-16.882979,2.558511,2.814494557,161.2586596,17.300261,0,0,0
2,56,37.2889962,127.1074575,-17.180851,2.659574,2.814494557,161.2586596,17.614811,0,0,0
2,57,37.2889971,127.1074541,-17.478723,2.760638,2.814494557,161.2586596,17.929361,0,0,0
2,58,37.288998,127.1074508,-17.776596,2.861702,2.814494557,161.2586596,18.243912,0,0,0
2,59,37.2889989,127.1074474,-18.074468,2.962766,2.814494557,161.2586596,18.558462,0,0,0
2,60,37.2889998,127.1074441,-18.37234,3.06383,2.814494557,161.2586596,18.873012,0,0,0
2,61,37.2890007,127.1074407,-18.670213,3.164894,2.814494557,161.2586596,19.187563,0,0,0
2,62,37.2890016,127.1074373,-18.968085,3.265957,2.814494557,161.2586596,19.502112,0,0,0
2,63,37.2890025,127.107434,-19.265957,3.367021,2.814494557,161.2586596,19.816662,0,0,0
2,64,37.2890035,127.1074306,-19.56383,3.468085,2.814494557,161.2586596,20.131213,0,0,0
2,65,37.2890044,127.1074272,-19.861702,3.569149,2.814494557,161.2586596,20.445763,0,0,0
2,66,37.2890053,127.1074239,-20.159574,3.670213,2.814494557,161.2586596,20.760313,0,0,0
2,67,37.2890062,127.1074205,-20.457447,3.771277,2.814494557,161.2586596,21.074864,0,0,0
2,68,37.2890071,127.1074171,-20.755319,3.87234,2.814494557,161.2586596,21.389413,0,0,0
2,69,37.289008,127.1074138,-21.053191,3.973404,2.814494557,161.2586596,21.703963,0,0,0
2,70,37.2890089,127.1074104,-21.351064,4.074468,2.814494557,161.2586596,22.018514,0,0,0
2,71,37.2890098,127.1074071,-21.648936,4.175532,2.814494557,161.2586596,22.333064,0,0,0
2,72,37.2890107,127.1074037,-21.946809,4.276596,2.814494557,161.2586596,22.647615,0,0,0
2,73,37.2890116,127.1074003,-22.244681,4.37766,2.814494557,161.2586596,22.962165,0,0,0
2,74,37.2890125,127.107397,-22.542553,4.478723,2.814494557,161.2586596,23.276715,0,0,0
2,75,37.2890134,127.1073936,-22.840426,4.579787,2.814494557,161.2586596,23.591265,0,0,0
2,76,37.2890143,127.1073902,-23.138298,4.680851,2.814494557,161.2586596,23.905815,0,0,0
2,77,37.2890153,127.1073869,-23.43617,4.781915,2.814494557,161.2586596,24.220365,0,0,0
2,78,37.2890162,127.1073835,-23.734043,4.882979,2.814494557,161.2586596,24.534916,0,0,0
2,79,37.2890171,127.1073802,-24.031915,4.984043,2.814494557,161.2586596,24.849466,0,0,0
2,80,37.289018,127.1073768,-24.329787,5.085106,2.814494557,161.2586596,25.164016,0,0,0
2,81,37.2890189,127.1073734,-24.62766,5.18617,2.814494557,161.2586596,25.478567,0,0,0
2,82,37.2890198,127.1073701,-24.925532,5.287234,2.814494557,161.2586596,25.793117,0,0,0
2,83,37.2890207,127.1073667,-25.223404,5.388298,2.814494557,161.2586596,26.107666,0,0,0
2,84,37.2890216,127.1073633,-25.521277,5.489362,2.814494557,161.2586596,26.422217,0,0,0
2,85,37.2890225,127.10736,-25.819149,5.590426,2.814494557,161.2586596,26.736767,0,0,0
2,86,37.2890234,127.1073566,-26.117021,5.691489,2.814494557,161.2586596,27.051317,0,0,0
2,87,37.2890243,127.1073532,-26.414894,5.792553,2.814494557,161.2586596,27.365868,0,0,0
2,88,37.2890252,127.1073499,-26.712766,5.893617,2.814494557,161.2586596,27.680418,0,0,5
2,89,37.2890262,127.1073465,-27.010638,5.994681,2.814494557,161.2586596,27.994968,0,0,0
2,90,37.2890271,127.1073432,-27.308511,6.095745,2.814494557,161.2586596,28.309519,0,0,0
2,91,37.289028,127.1073398,-27.606383,6.196809,2.814494557,161.2586596,28.624068,0,0,0
2,92,37.2890289,127.1073364,-27.904255,6.297872,2.814494557,161.2586596,28.938618,0,0,0
2,93,37.2890298,127.1073331,-28.202128,6.398936,2.814494557,161.2586596,29.253169,0,0,0
2,94,37.2890307,127.1073297,-28.5,6.5,2.814494557,161.2586596,29.567719,0,0,0
2,95,37.2890316,127.1073263,-28.797872,6.601064,2.814494557,161.2586596,29.882269,0,0,0
2,96,37.2890325,127.107323,-29.095745,6.702128,2.814494557,161.2586596,30.19682,0,0,0
2,97,37.2890334,127.1073196,-29.393617,6.803191,2.814494557,161.2586596,30.511369,0,0,0
2,98,37.2890343,127.1073162,-29.691489,6.904255,2.814494557,161.2586596,30.825919,0,0,0
2,99,37.2890352,127.1073129,-29.989362,7.005319,2.814494557,161.2586596,31.14047,0,0,0
2,100,37.2890361,127.1073095,-30.287234,7.106383,2.814494557,161.2586596,31.45502,0,0,0
2,101,37.289037,127.1073062,-30.585106,7.207447,2.814494557,161.2586596,31.76957,0,0,0
2,102,37.289038,127.1073028,-30.882979,7.308511,2.814494557,161.2586596,32.084121,0,0,0
2,103,37.2890389,127.1072994,-31.180851,7.409574,2.814494557,161.2586596,32.39867,0,0,0
2,104,37.2890398,127.1072961,-31.478723,7.510638,2.814494557,161.2586596,32.71322,0,0,0
2,105,37.2890407,127.1072927,-31.776596,7.611702,2.814494557,161.2586596,33.027771,0,0,0
2,106,37.2890416,127.1072893,-32.074468,7.712766,2.814494557,161.2586596,33.342321,0,0,0
2,107,37.2890425,127.107286,-32.37234,7.81383,2.814494557,161.2586596,33.656871,0,0,0
2,108,37.2890434,127.1072826,-32.670213,7.914894,2.814494557,161.2586596,33.971422,0,0,0
2,109,37.2890443,127.1072793,-32.968085,8.015957,2.814494557,161.2586596,34.285972,0,0,0
2,110,37.2890452,127.1072759,-33.265957,8.117021,2.814494557,161.2586596,34.600522,0,0,0
2,111,37.2890461,127.1072725,-33.56383,8.218085,2.814494557,161.2586596,34.915072,0,0,0
2,112,37.289047,127.1072692,-33.861702,8.319149,2.814494557,161.2586596,35.229622,0,0,0
2,113,37.2890479,127.1072658,-34.159574,8.420213,2.814494557,161.2586596,35.544172,0,0,0
2,114,37.2890488,127.1072624,-34.457447,8.521277,2.814494557,161.2586596,35.858723,0,0,0
2,115,37.2890498,127.1072591,-34.755319,8.62234,2.814494557,161.2586596,36.173273,0,0,0
2,116,37.2890507,127.1072557,-35.053191,8.723404,2.814494557,161.2586596,36.487823,0,0,0
2,117,37.2890516,127.1072523,-35.351064,8.824468,2.814494557,161.2586596,36.802374,0,0,0
2,118,37.2890525,127.107249,-35.648936,8.925532,2.814494557,161.2586596,37.116924,0,0,0
2,119,37.2890534,127.1072456,-35.946809,9.026596,2.814494557,161.2586596,37.431474,0,0,0
2,120,37.2890543,127.1072423,-36.244681,9.12766,2.814494557,161.2586596,37.746024,0,0,0
2,121,37.2890552,127.1072389,-36.542553,9.228723,2.814494557,161.2586596,38.060574,0,0,0
2,122,37.2890561,127.1072355,-36.840426,9.329787,2.814494557,161.2586596,38.375125,0,0,0
2,123,37.289057,127.1072322,-37.138298,9.430851,2.814494557,161.2586596,38.689675,0,0,0
2,124,37.2890579,127.1072288,-37.43617,9.531915,2.814494557,161.2586596,39.004225,0,0,0
2,125,37.2890588,127.1072254,-37.734043,9.632979,2.814494557,161.2586596,39.318776,0,0,0
2,126,37.2890597,127.1072221,-38.031915,9.734043,2.814494557,161.2586596,39.633326,0,0,0
2,127,37.2890606,127.1072187,-38.329787,9.835106,2.814494557,161.2586596,39.947875,0,0,0
2,128,37.2890616,127.1072154,-38.62766,9.93617,2.814494557,161.2586596,40.262426,0,0,0
2,129,37.2890625,127.107212,-38.925532,10.037234,2.814494557,161.2586596,40.576976,0,0,0
2,130,37.2890634,127.1072086,-39.223404,10.138298,2.814494557,161.2586596,40.891526,0,0,0
2,131,37.2890643,127.1072053,-39.521277,10.239362,2.814494557,161.2586596,41.206077,0,0,0
2,132,37.2890652,127.1072019,-39.819149,10.340426,2.814494557,161.2586596,41.520627,0,0,0
2,133,37.2890661,127.1071985,-40.117021,10.441489,2.814494557,161.2586596,41.835176,0,0,0
2,134,37.289067,127.1071952,-40.414894,10.542553,2.814494557,161.2586596,42.149727,0,0,0
2,135,37.2890679,127.1071918,-40.712766,10.643617,2.814494557,161.2586596,42.464277,0,0,0
2,136,37.2890688,127.1071884,-41.010638,10.744681,2.814494557,161.2586596,42.778827,0,0,0
2,137,37.2890697,127.1071851,-41.308511,10.845745,2.814494557,161.2586596,43.093378,0,0,0
2,138,37.2890706,127.1071817,-41.606383,10.946809,2.814494557,161.2586596,43.407928,0,0,0
2,139,37.2890715,127.1071784,-41.904255,11.047872,2.814494557,161.2586596,43.722478,0,0,0
2,140,37.2890725,127.107175,-42.202128,11.148936,2.814494557,161.2586596,44.037028,0,0,0
2,141,37.2890734,127.1071716,-42.5,11.25,2.814494557,161.2586596,44.351578,0,0,0
2,142,37.2890743,127.1071683,-42.797872,11.351064,2.814494557,161.2586596,44.666128,0,0,0
2,143,37.2890752,127.1071649,-43.095745,11.452128,2.814494557,161.2586596,44.980679,0,0,0
2,144,37.2890761,127.1071615,-43.393617,11.553191,2.814494557,161.2586596,45.295229,0,0,0
2,145,37.289077,127.1071582,-43.691489,11.654255,2.814494557,161.2586596,45.609779,0,0,0
2,146,37.2890779,127.1071548,-43.989362,11.755319,2.814494557,161.2586596,45.92433,0,0,0
2,147,37.2890788,127.1071514,-44.287234,11.856383,2.814494557,161.2586596,46.238879,0,0,0
2,148,37.2890797,127.1071481,-44.585106,11.957447,2.814494557,161.2586596,46.553429,0,0,0
2,149,37.2890806,127.1071447,-44.882979,12.058511,2.814494557,161.2586596,46.86798,0,0,0
2,150,37.2890815,127.1071414,-45.180851,12.159574,2.814494557,161.2586596,47.18253,0,0,0
2,151,37.2890824,127.107138,-45.478723,12.260638,2.814494557,161.2586596,47.49708,0,0,0
2,152,37.2890833,127.1071346,-45.776596,12.361702,2.814494557,161.2586596,47.811631,0,0,0
2,153,37.2890843,127.1071313,-46.074468,12.462766,2.814494557,161.2586596,48.126181,0,0,0
2,154,37.2890852,127.1071279,-46.37234,12.56383,2.814494557,161.2586596,48.440731,0,0,0
2,155,37.2890861,127.1071245,-46.670213,12.664894,2.814494557,161.2586596,48.755281,0,0,0
2,156,37.289087,127.1071212,-46.968085,12.765957,2.814494557,161.2586596,49.069831,0,0,0
2,157,37.2890879,127.1071178,-47.265957,12.867021,2.814494557,161.2586596,49.384381,0,0,0
2,158,37.2890888,127.1071145,-47.56383,12.968085,2.814494557,161.2586596,49.698932,0,0,0
2,159,37.2890897,127.1071111,-47.861702,13.069149,2.814494557,161.2586596,50.013482,0,0,0
2,160,37.2890906,127.1071077,-48.159574,13.170213,2.814494557,161.2586596,50.328032,0,0,0
2,161,37.2890915,127.1071044,-48.457447,13.271277,2.814494557,161.2586596,50.642583,0,0,0
2,162,37.2890924,127.107101,-48.755319,13.37234,2.814494557,161.2586596,50.957132,0,0,0
2,163,37.2890933,127.1070976,-49.053191,13.473404,2.814494557,161.2586596,51.271682,0,0,0
2,164,37.2890942,127.1070943,-49.351064,13.574468,2.814494557,161.2586596,51.586233,0,0,0
2,165,37.2890951,127.1070909,-49.648936,13.675532,2.814494557,161.2586596,51.900783,0,0,0
2,166,37.2890961,127.1070875,-49.946809,13.776596,2.814494557,161.2586596,52.215334,0,0,0
2,167,37.289097,127.1070842,-50.244681,13.87766,2.814494557,161.2586596,52.529884,0,0,0
2,168,37.2890979,127.1070808,-50.542553,13.978723,2.814494557,161.2586596,52.844433,0,0,0
2,169,37.2890988,127.1070775,-50.840426,14.079787,2.814494557,161.2586596,53.158984,0,0,0
2,170,37.2890997,127.1070741,-51.138298,14.180851,2.814494557,161.2586596,53.473534,0,0,0
2,171,37.2891006,127.1070707,-51.43617,14.281915,2.814494557,161.2586596,53.788084,0,0,0
2,172,37.2891015,127.1070674,-51.734043,14.382979,2.814494557,161.2586596,54.102635,0,0,0
2,173,37.2891024,127.107064,-52.031915,14.484043,2.814494557,161.2586596,54.417185,0,0,0
2,174,37.2891033,127.1070606,-52.329787,14.585106,2.814494557,161.2586596,54.731735,0,0,0
2,175,37.2891042,127.1070573,-52.62766,14.68617,2.814494557,161.2586596,55.046285,0,0,0
2,176,37.2891051,127.1070539,-52.925532,14.787234,2.814494557,161.2586596,55.360835,0,0,0
2,177,37.289106,127.1070505,-53.223404,14.888298,2.814494557,161.2586596,55.675385,0,0,0
2,178,37.289107,127.1070472,-53.521277,14.989362,2.814494557,161.2586596,55.989936,0,0,0
2,179,37.2891079,127.1070438,-53.819149,15.090426,2.814494557,161.2586596,56.304486,0,0,0
2,180,37.2891088,127.1070405,-54.117021,15.191489,2.814494557,161.2586596,56.619036,0,0,0
2,181,37.2891097,127.1070371,-54.414894,15.292553,2.814494557,161.2586596,56.933587,0,0,0
2,182,37.2891106,127.1070337,-54.712766,15.393617,2.814494557,161.2586596,57.248137,0,0,0
2,183,37.2891115,127.1070304,-55.010638,15.494681,2.814494557,161.2586596,57.562687,0,0,0
2,184,37.2891124,127.107027,-55.308511,15.595745,2.814494557,161.2586596,57.877237,0,0,0
2,185,37.2891133,127.1070236,-55.606383,15.696809,2.814494557,161.2586596,58.191787,0,0,0
2,186,37.2891142,127.1070203,-55.904255,15.797872,2.814494557,161.2586596,58.506337,0,0,0
2,187,37.2891151,127.1070169,-56.202128,15.898936,2.814494557,161.2586596,58.820888,0,0,0
2,188,37.289116,127.1070136,-56.5,16,2.821714865,161.6723528,59.135438,0,0,0
2,189,37.2891169,127.1070102,-56.795681,16.095553,2.843553013,162.9235865,59.446175,0,0,0
2,190,37.2891177,127.1070068,-57.094012,16.182474,2.87261147,164.5885134,59.756911,0,0,0
2,191,37.2891184,127.1070034,-57.394744,16.260692,2.901669927,166.2534404,60.067648,0,0,0
2,192,37.289119,127.107,-57.697621,16.330138,2.930728384,167.9183673,60.378385,0,0,0
2,193,37.2891195,127.1069966,-58.002388,16.390755,2.959786841,169.5832942,60.689122,0,0,0
2,194,37.28912,127.1069931,-58.308787,16.442492,2.988845298,171.2482212,60.999858,0,0,0
2,195,37.2891204,127.1069897,-58.61656,16.485305,3.017903755,172.9131481,61.310594,0,0,0
2,196,37.2891207,127.1069862,-58.925448,16.519158,3.046962211,174.578075,61.621332,0,0,0
2,197,37.2891209,127.1069827,-59.235188,16.544022,3.076020668,176.243002,61.932068,0,0,0
2,198,37.2891211,127.1069792,-59.54552,16.559875,3.105079125,177.9079289,62.242805,0,0,0
2,199,37.2891211,127.1069757,-59.856182,16.566706,3.134137582,179.5728559,62.553542,0,0,0
2,200,37.2891211,127.1069721,-60.166911,16.564508,-3.119989268,-178.7622172,62.864279,0,0,0
2,201,37.289121,127.1069686,-60.477445,16.553283,-3.090930812,-177.0972903,63.175016,0,0,0
2,202,37.2891208,127.1069651,-60.787521,16.53304,-3.061872355,-175.4323633,63.485752,0,0,0
2,203,37.2891206,127.1069616,-61.096879,16.503796,-3.020167566,-173.042855,63.796489,0,0,0
2,204,37.2891202,127.1069583,-61.394282,16.459,-2.951366254,-169.1008302,64.097247,0,0,0
2,205,37.2891195,127.106955,-61.687054,16.390156,-2.86991861,-164.4342239,64.398004,0,0,0
2,206,37.2891187,127.1069518,-61.973254,16.29772,-2.788470966,-159.7676176,64.698761,0,0,0
2,207,37.2891177,127.1069486,-62.250986,16.182307,-2.707023322,-155.1010114,64.999519,0,0,0
2,208,37.2891164,127.1069456,-62.518407,16.044681,-2.625575678,-150.4344051,65.300276,0,0,0
2,209,37.289115,127.1069427,-62.773745,15.885754,-2.544128034,-145.7677989,65.601034,0,0,0
2,210,37.2891134,127.10694,-63.015306,15.70658,-2.46268039,-141.1011926,65.901791,0,0,0
2,211,37.2891116,127.1069374,-63.241489,15.508347,-2.381232745,-136.4345863,66.202549,0,0,0
2,212,37.2891097,127.1069351,-63.450795,15.29237,-2.299785101,-131.7679801,66.503306,0,0,0
2,213,37.2891076,127.1069329,-63.641836,15.060081,-2.218337457,-127.1013738,66.804063,0,0,0
2,214,37.2891054,127.106931,-63.813344,14.813018,-2.136889813,-122.4347676,67.104821,0,0,0
2,215,37.289103,127.1069293,-63.964184,14.552821,-2.055442169,-117.7681613,67.405579,0,0,0
2,216,37.2891006,127.1069278,-64.093355,14.281215,-1.973994525,-113.1015551,67.706336,0,0,0
2,217,37.2890981,127.1069266,-64.2,14,-1.912662564,-109.5874926,68.007093,0,0,0
2,218,37.2890954,127.1069255,-64.297436,13.707692,-1.892546881,-108.4349488,68.315213,0,0,0
2,219,37.2890928,127.1069244,-64.394872,13.415385,-1.892546881,-108.4349488,68.623332,0,0,0
2,220,37.2890902,127.1069233,-64.492308,13.123077,-1.892546881,-108.4349488,68.931451,0,0,0
2,221,37.2890876,127.1069222,-64.589744,12.830769,-1.892546881,-108.4349488,69.239571,0,0,0
2,222,37.2890849,127.1069211,-64.687179,12.538462,-1.892546881,-108.4349488,69.54769,0,0,0
2,223,37.2890823,127.10692,-64.784615,12.246154,-1.892546881,-108.4349488,69.855809,0,0,0
2,224,37.2890797,127.1069189,-64.882051,11.953846,-1.892546881,-108.4349488,70.163929,0,0,0
2,225,37.2890771,127.1069178,-64.979487,11.661538,-1.892546881,-108.4349488,70.472049,0,0,0
2,226,37.2890744,127.1069167,-65.076923,11.369231,-1.892546881,-108.4349488,70.780167,0,0,0
2,227,37.2890718,127.1069156,-65.174359,11.076923,-1.892546881,-108.4349488,71.088287,0,0,0
2,228,37.2890692,127.1069145,-65.271795,10.784615,-1.892546881,-108.4349488,71.396407,0,0,0
2,229,37.2890666,127.1069134,-65.369231,10.492308,-1.892546881,-108.4349488,71.704525,0,0,0
2,230,37.2890639,127.1069123,-65.466667,10.2,-1.892546881,-108.4349488,72.012645,0,0,0
2,231,37.2890613,127.1069112,-65.564103,9.907692,-1.892546881,-108.4349488,72.320765,0,0,0
2,232,37.2890587,127.1069101,-65.661538,9.615385,-1.892546881,-108.4349488,72.628883,0,0,0
2,233,37.2890561,127.106909,-65.758974,9.323077,-1.892546881,-108.4349488,72.937003,0,0,0
2,234,37.2890534,127.1069079,-65.85641,9.030769,-1.892546881,-108.4349488,73.245123,0,0,0
2,235,37.2890508,127.1069068,-65.953846,8.738462,-1.892546881,-108.4349488,73.553241,0,0,0
2,236,37.2890482,127.1069057,-66.051282,8.446154,-1.892546881,-108.4349488,73.861361,0,0,0
2,237,37.2890455,127.1069046,-66.148718,8.153846,-1.892546881,-108.4349488,74.169481,0,0,0
2,238,37.2890429,127.1069035,-66.246154,7.861538,-1.892546881,-108.4349488,74.4776,0,0,0
2,239,37.2890403,127.1069024,-66.34359,7.569231,-1.892546881,-108.4349488,74.785719,0,0,0
2,240,37.2890377,127.1069013,-66.441026,7.276923,-1.892546881,-108.4349488,75.093839,0,0,0
2,241,37.289035,127.1069002,-66.538462,6.984615,-1.892546881,-108.4349488,75.401959,0,0,0
2,242,37.2890324,127.1068991,-66.635897,6.692308,-1.892546881,-108.4349488,75.710077,0,0,0
2,243,37.2890298,127.106898,-66.733333,6.4,-1.892546881,-108.4349488,76.018197,0,0,0
2,244,37.2890272,127.1068969,-66.830769,6.107692,-1.892546881,-108.4349488,76.326316,0,0,0
2,245,37.2890245,127.1068958,-66.928205,5.815385,-1.892546881,-108.4349488,76.634435,0,0,0
2,246,37.2890219,127.1068947,-67.025641,5.523077,-1.892546881,-108.4349488,76.942555,0,0,0
2,247,37.2890193,127.1068936,-67.123077,5.230769,-1.892546881,-108.4349488,77.250674,0,0,0
2,248,37.2890167,127.1068925,-67.220513,4.938462,-1.892546881,-108.4349488,77.558793,0,0,0
2,249,37.289014,127.1068914,-67.317949,4.646154,-1.892546881,-108.4349488,77.866913,0,0,0
2,250,37.2890114,127.1068903,-67.415385,4.353846,-1.892546881,-108.4349488,78.175033,0,0,0
2,251,37.2890088,127.1068892,-67.512821,4.061538,-1.892546881,-108.4349488,78.483152,0,0,0
2,252,37.2890062,127.1068881,-67.610256,3.769231,-1.892546881,-108.4349488,78.791271,0,0,0
2,253,37.2890035,127.106887,-67.707692,3.476923,-1.892546881,-108.4349488,79.09939,0,0,0
2,254,37.2890009,127.1068859,-67.805128,3.184615,-1.892546881,-108.4349488,79.40751,0,0,0
2,255,37.2889983,127.1068848,-67.902564,2.892308,-1.892546881,-108.4349488,79.715629,0,0,0
2,256,37.2889957,127.1068837,-68,2.6,-1.887373298,-108.1385243,80.023748,0,0,0
2,257,37.288993,127.1068826,-68.096516,2.300258,-1.872075285,-107.2620128,80.338646,0,0,0
2,258,37.2889903,127.1068816,-68.186877,1.998603,-1.851603688,-106.0890767,80.653544,0,0,0
2,259,37.2889875,127.1068806,-68.271044,1.695162,-1.831132092,-104.9161406,80.968442,0,0,0
2,260,37.2889848,127.1068798,-68.348981,1.390061,-1.810660495,-103.7432045,81.28334,0,0,0
2,261,37.288982,127.106879,-68.420657,1.083429,-1.790188898,-102.5702684,81.598238,0,0,0
2,262,37.2889793,127.1068782,-68.486041,0.775394,-1.769717302,-101.3973323,81.913136,0,0,0
2,263,37.2889765,127.1068775,-68.545105,0.466085,-1.749245705,-100.2243962,82.228034,0,0,0
2,264,37.2889737,127.106877,-68.597826,0.155632,-1.728774109,-99.05146018,82.542931,0,0,0
2,265,37.2889709,127.1068764,-68.64418,-0.155835,-1.708302512,-97.87852407,82.857829,0,0,0
2,266,37.2889681,127.106876,-68.684149,-0.468186,-1.687830916,-96.70558802,83.172727,0,0,0
2,267,37.2889653,127.1068756,-68.717716,-0.78129,-1.667359319,-95.53265191,83.487625,0,0,0
2,268,37.2889625,127.1068753,-68.744867,-1.095015,-1.646887723,-94.35971586,83.802522,0,0,0
2,269,37.2889596,127.1068751,-68.76559,-1.40923,-1.608943285,-92.18565971,84.11742,0,0,0
2,270,37.2889569,127.106875,-68.768604,-1.716973,-1.534767055,-87.93567479,84.425178,0,0,0
2,271,37.2889541,127.1068753,-68.743441,-2.0237,-1.443117984,-82.68456982,84.732935,0,0,0
2,272,37.2889514,127.1068759,-68.690312,-2.326837,-1.351468912,-77.4334648,85.040693,0,0,0
2,273,37.2889487,127.1068768,-68.609662,-2.623839,-1.259819841,-72.18235984,85.34845,0,0,0
2,274,37.2889461,127.106878,-68.502169,-2.912213,-1.16817077,-66.93125487,85.656207,0,0,0
2,275,37.2889436,127.1068795,-68.368735,-3.18954,-1.076521699,-61.68014991,85.963965,0,0,0
2,276,37.2889413,127.1068813,-68.21048,-3.45349,-0.984872627,-56.42904489,86.271722,0,0,0
2,277,37.288939,127.1068834,-68.028731,-3.701849,-0.893223556,-51.17793992,86.57948,0,0,0
2,278,37.288937,127.1068857,-67.825016,-3.932532,-0.801574485,-45.92683496,86.887237,0,0,0
2,279,37.2889351,127.1068882,-67.601043,-4.143603,-0.709925414,-40.67572999,87.194994,0,0,0
2,280,37.2889334,127.1068909,-67.358693,-4.333289,-0.618276343,-35.42462503,87.502751,0,0,0
2,281,37.2889319,127.1068939,-67.1,-4.5,-0.549424208,-31.47968828,87.810509,0,0,0
2,282,37.2889305,127.1068969,-66.83125,-4.65625,-0.526627271,-30.17352001,88.12138,0,0,0
2,283,37.2889291,127.1068999,-66.5625,-4.8125,-0.526627271,-30.17352001,88.43225,0,0,0
2,284,37.2889277,127.106903,-66.29375,-4.96875,-0.526627271,-30.17352001,88.743121,0,0,0
2,285,37.2889263,127.106906,-66.025,-5.125,-0.526627271,-30.17352001,89.053992,0,0,0
2,286,37.2889249,127.106909,-65.75625,-5.28125,-0.526627271,-30.17352001,89.364863,0,0,0
2,287,37.2889235,127.1069121,-65.4875,-5.4375,-0.526627271,-30.17352001,89.675733,0,0,0
2,288,37.2889221,127.1069151,-65.21875,-5.59375,-0.526627271,-30.17352001,89.986604,0,0,0
2,289,37.2889206,127.1069181,-64.95,-5.75,-0.526627271,-30.17352001,90.297475,0,0,0
2,290,37.2889192,127.1069212,-64.68125,-5.90625,-0.526627271,-30.17352001,90.608346,0,0,0
2,291,37.2889178,127.1069242,-64.4125,-6.0625,-0.526627271,-30.17352001,90.919216,0,0,0
2,292,37.2889164,127.1069272,-64.14375,-6.21875,-0.526627271,-30.17352001,91.230087,0,0,0
2,293,37.288915,127.1069303,-63.875,-6.375,-0.526627271,-30.17352001,91.540958,0,0,0
2,294,37.2889136,127.1069333,-63.60625,-6.53125,-0.526627271,-30.17352001,91.851829,0,0,0
2,295,37.2889122,127.1069363,-63.3375,-6.6875,-0.526627271,-30.17352001,92.162699,0,0,0
2,296,37.2889108,127.1069394,-63.06875,-6.84375,-0.526627271,-30.17352001,92.47357,0,0,0
2,297,37.2889094,127.1069424,-62.8,-7,-0.526627271,-30.17352001,92.784441,0,0,0
3,0,37.2889094,127.1069424,-62.8,-7,-0.398522446,-22.8336542,0,0,0,0
3,1,37.2889084,127.1069455,-62.528571,-7.114286,-0.398522446,-22.8336542,0.294508,0,0,0
3,2,37.2889074,127.1069485,-62.257143,-7.228571,-0.398522446,-22.8336542,0.589015,0,0,0
3,3,37.2889063,127.1069516,-61.985714,-7.342857,-0.398522446,-22.8336542,0.883523,0,0,0
3,4,37.2889053,127.1069547,-61.714286,-7.457143,-0.398522446,-22.8336542,1.17803,0,0,0
3,5,37.2889043,127.1069577,-61.442857,-7.571429,-0.398522446,-22.8336542,1.472538,0,0,0
3,6,37.2889033,127.1069608,-61.171429,-7.685714,-0.398522446,-22.8336542,1.767045,0,0,0
3,7,37.2889022,127.1069639,-60.9,-7.8,-0.398522446,-22.8336542,2.061553,0,0,0
3,8,37.2889012,127.1069669,-60.628571,-7.914286,-0.398522446,-22.8336542,2.356061,0,0,0
3,9,37.2889002,127.10697,-60.357143,-8.028571,-0.398522446,-22.8336542,2.650568,0,0,0
3,10,37.2888992,127.1069731,-60.085714,-8.142857,-0.398522446,-22.8336542,2.945076,0,0,0
3,11,37.2888981,127.1069761,-59.814286,-8.257143,-0.398522446,-22.8336542,3.239583,0,0,0
3,12,37.2888971,127.1069792,-59.542857,-8.371429,-0.398522446,-22.8336542,3.534091,0,0,0
3,13,37.2888961,127.1069823,-59.271429,-8.485714,-0.398522446,-22.8336542,3.828598,0,0,0
3,14,37.288895,127.1069853,-59,-8.6,-0.381202486,-21.84129359,4.123106,0,0,0
3,15,37.288894,127.1069886,-58.708256,-8.711438,-0.331216647,-18.97731598,4.435408,0,0,0
3,16,37.2888932,127.106992,-58.409677,-8.803003,-0.263910849,-15.12097782,4.747712,0,0,0
3,17,37.2888926,127.1069954,-58.105616,-8.87428,-0.19660505,-11.2646396,5.060016,0,0,0
3,18,37.2888921,127.1069989,-57.79745,-8.924945,-0.129299251,-7.408301377,5.372319,0,0,0
3,19,37.2888919,127.1070024,-57.486574,-8.95477,-0.061993453,-3.551963214,5.684622,0,0,0
3,20,37.2888918,127.1070059,-57.174396,-8.96362,0.005312346,0.304375005,5.996925,0,0,0
3,21,37.2888919,127.1070095,-56.86233,-8.951454,0.072618144,4.160713167,6.309229,0,0,0
3,22,37.2888922,127.107013,-56.551789,-8.918328,0.151696196,8.691551799,6.621531,0,0,0
3,23,37.2888927,127.1070162,-56.262541,-8.859764,0.259613486,14.87475705,6.916649,0,0,0
3,24,37.2888935,127.1070194,-55.982355,-8.767082,0.379303028,21.73246266,7.211766,0,0,0
3,25,37.2888947,127.1070224,-55.715241,-8.641608,0.498992571,28.59016833,7.506882,0,0,0
3,26,37.2888961,127.1070252,-55.46502,-8.485136,0.618682114,35.44787399,7.801999,0,0,0
3,27,37.2888977,127.1070278,-55.235272,-8.299907,0.738371657,42.30557966,8.097116,0,0,0
3,28,37.2888996,127.1070302,-55.029285,-8.088571,0.858061199,49.16328527,8.392232,0,0,0
3,29,37.2889017,127.1070322,-54.850006,-7.85415,0.977750742,56.02099093,8.687349,0,0,0
3,30,37.288904,127.1070339,-54.7,-7.6,1.068113542,61.198398,8.982466,0,0,0
3,31,37.2889065,127.1070355,-54.56,-7.326667,1.097440285,62.8786966,9.289567,0,0,0
3,32,37.2889089,127.107037,-54.42,-7.053333,1.097440285,62.8786966,9.596669,0,0,0
3,33,37.2889114,127.1070386,-54.28,-6.78,1.097440285,62.8786966,9.903769,0,0,0
3,34,37.2889138,127.1070402,-54.14,-6.506667,1.097440285,62.8786966,10.21087,0,0,0
3,35,37.2889163,127.1070418,-54,-6.233333,1.097440285,62.8786966,10.517972,0,0,0
3,36,37.2889188,127.1070434,-53.86,-5.96,1.097440285,62.8786966,10.825073,0,0,0
3,37,37.2889212,127.1070449,-53.72,-5.686667,1.097440285,62.8786966,11.132174,0,0,0
3,38,37.2889237,127.1070465,-53.58,-5.413333,1.097440285,62.8786966,11.439276,0,0,0
3,39,37.2889261,127.1070481,-53.44,-5.14,1.097440285,62.8786966,11.746376,0,0,0
3,40,37.2889286,127.1070497,-53.3,-4.866667,1.097440285,62.8786966,12.053477,0,0,0
3,41,37.288931,127.1070513,-53.16,-4.593333,1.097440285,62.8786966,12.360579,0,0,0
3,42,37.2889335,127.1070528,-53.02,-4.32,1.097440285,62.8786966,12.66768,0,0,0
3,43,37.2889359,127.1070544,-52.88,-4.046667,1.097440285,62.8786966,12.974781,0,0,0
3,44,37.2889384,127.107056,-52.74,-3.773333,1.097440285,62.8786966,13.281882,0,0,0
3,45,37.2889409,127.1070576,-52.6,-3.5,1.097440285,62.8786966,13.588983,0,0,0
3,46,37.2889433,127.1070592,-52.46,-3.226667,1.097440285,62.8786966,13.896084,0,0,0
3,47,37.2889458,127.1070607,-52.32,-2.953333,1.097440285,62.8786966,14.203186,0,0,0
3,48,37.2889482,127.1070623,-52.18,-2.68,1.097440285,62.8786966,14.510287,0,0,0
3,49,37.2889507,127.1070639,-52.04,-2.406667,1.097440285,62.8786966,14.817387,0,0,0
3,50,37.2889531,127.1070655,-51.9,-2.133333,1.097440285,62.8786966,15.124489,0,0,0
3,51,37.2889556,127.1070671,-51.76,-1.86,1.097440285,62.8786966,15.43159,0,0,0
3,52,37.288958,127.1070687,-51.62,-1.586667,1.097440285,62.8786966,15.738691,0,0,0
3,53,37.2889605,127.1070702,-51.48,-1.313333,1.097440285,62.8786966,16.045793,0,0,0
3,54,37.288963,127.1070718,-51.34,-1.04,1.097440285,62.8786966,16.352893,0,0,0
3,55,37.2889654,127.1070734,-51.2,-0.766667,1.097440285,62.8786966,16.659994,0,0,0
3,56,37.2889679,127.107075,-51.06,-0.493333,1.097440285,62.8786966,16.967096,0,0,0
3,57,37.2889703,127.1070766,-50.92,-0.22,1.097440285,62.8786966,17.274197,0,0,0
3,58,37.2889728,127.1070781,-50.78,0.053333,1.097440285,62.8786966,17.581298,0,0,0
3,59,37.2889752,127.1070797,-50.64,0.326667,1.097440285,62.8786966,17.888399,0,0,0
3,60,37.2889777,127.1070813,-50.5,0.6,1.075334131,61.61210727,18.1955,0,0,0
3,61,37.28898,127.1070829,-50.355561,0.852992,1.006620322,57.67509602,18.486821,0,0,0
3,62,37.2889821,127.1070848,-50.188771,1.091842,0.915800359,52.47149545,18.778142,0,0,0
3,63,37.2889841,127.1070869,-50.001007,1.31458,0.824980395,47.26789482,19.069463,0,0,0
3,64,37.2889859,127.1070893,-49.793815,1.519371,0.734160432,42.06429424,19.360783,0,0,0
3,65,37.2889876,127.1070918,-49.568904,1.704526,0.643340469,36.86069366,19.652103,0,0,0
3,66,37.2889891,127.1070945,-49.328127,1.86852,0.552520506,31.65709309,19.943424,0,0,0
3,67,37.2889904,127.1070974,-49.073468,2.010001,0.461700542,26.45349246,20.234745,0,0,0
3,68,37.2889914,127.1071004,-48.807028,2.127803,0.370880579,21.24989188,20.526066,0,0,0
3,69,37.2889923,127.1071035,-48.531001,2.220954,0.280060616,16.04629131,20.817387,0,0,0
3,70,37.2889929,127.1071067,-48.247664,2.288687,0.195204509,11.18439451,21.108707,0,0,0
3,71,37.2889933,127.1071101,-47.94898,2.336032,0.125171278,7.171785946,21.41112,0,0,0
3,72,37.2889935,127.1071135,-47.647878,2.364157,0.061101904,3.500881219,21.713533,0,0,0
3,73,37.2889936,127.1071169,-47.345592,2.372946,-0.002967471,-0.170023564,22.015947,0,0,0
3,74,37.2889935,127.1071203,-47.043365,2.362363,-0.067036845,-3.84092829,22.318359,0,0,0
3,75,37.2889933,127.1071237,-46.742434,2.332452,-0.131106219,-7.511833017,22.620773,0,0,0
3,76,37.2889928,127.1071271,-46.444037,2.283334,-0.195175594,-11.1827378,22.923185,0,0,0
3,77,37.2889922,127.1071304,-46.149396,2.215213,-0.259244968,-14.85364253,23.225599,0,0,0
3,78,37.2889914,127.1071337,-45.859722,2.128366,-0.323314343,-18.52454731,23.528011,0,0,0
3,79,37.2889905,127.1071369,-45.576202,2.023151,-0.387383717,-22.19545204,23.830425,0,0,0
3,80,37.2889894,127.10714,-45.3,1.9,-0.435745793,-24.96639488,24.132838,0,0,0
3,81,37.2889881,127.1071432,-45.017143,1.762857,-0.451453092,-25.86635682,24.447188,0,0,0
3,82,37.2889869,127.1071464,-44.734286,1.625714,-0.451453092,-25.86635682,24.761539,0,0,0
3,83,37.2889857,127.1071496,-44.451429,1.488571,-0.451453092,-25.86635682,25.075889,0,0,0
3,84,37.2889844,127.1071528,-44.168571,1.351429,-0.451453092,-25.86635682,25.390241,0,0,0
3,85,37.2889832,127.107156,-43.885714,1.214286,-0.451453092,-25.86635682,25.704591,0,0,0
3,86,37.288982,127.1071592,-43.602857,1.077143,-0.451453092,-25.86635682,26.018942,0,0,0
3,87,37.2889807,127.1071624,-43.32,0.94,-0.451453092,-25.86635682,26.333292,0,0,0
3,88,37.2889795,127.1071656,-43.037143,0.802857,-0.451453092,-25.86635682,26.647643,0,0,0
3,89,37.2889783,127.1071688,-42.754286,0.665714,-0.451453092,-25.86635682,26.961993,0,0,0
3,90,37.288977,127.1071719,-42.471429,0.528571,-0.451453092,-25.86635682,27.276344,0,0,0
3,91,37.2889758,127.1071751,-42.188571,0.391429,-0.451453092,-25.86635682,27.590695,0,0,0
3,92,37.2889746,127.1071783,-41.905714,0.254286,-0.451453092,-25.86635682,27.905046,0,0,0
3,93,37.2889734,127.1071815,-41.622857,0.117143,-0.451453092,-25.86635682,28.219396,0,0,0
3,94,37.2889721,127.1071847,-41.34,-0.02,-0.451453092,-25.86635682,28.533747,0,0,0
3,95,37.2889709,127.1071879,-41.057143,-0.157143,-0.451453092,-25.86635682,28.848097,0,0,0
3,96,37.2889697,127.1071911,-40.774286,-0.294286,-0.451453092,-25.86635682,29.162448,0,0,0
3,97,37.2889684,127.1071943,-40.491429,-0.431429,-0.451453092,-25.86635682,29.476798,0,0,0
3,98,37.2889672,127.1071975,-40.208571,-0.568571,-0.451453092,-25.86635682,29.791149,0,0,0
3,99,37.288966,127.1072007,-39.925714,-0.705714,-0.451453092,-25.86635682,30.1055,0,0,0
3,100,37.2889647,127.1072039,-39.642857,-0.842857,-0.451453092,-25.86635682,30.419851,0,0,0
3,101,37.2889635,127.1072071,-39.36,-0.98,-0.451453092,-25.86635682,30.734201,0,0,0
3,102,37.2889623,127.1072103,-39.077143,-1.117143,-0.451453092,-25.86635682,31.048552,0,0,0
3,103,37.288961,127.1072135,-38.794286,-1.254286,-0.451453092,-25.86635682,31.362902,0,0,0
3,104,37.2889598,127.1072167,-38.511429,-1.391429,-0.451453092,-25.86635682,31.677253,0,0,0
3,105,37.2889586,127.1072199,-38.228571,-1.528571,-0.451453092,-25.86635682,31.991604,0,0,0
3,106,37.2889573,127.107223,-37.945714,-1.665714,-0.451453092,-25.86635682,32.305955,0,0,0
3,107,37.2889561,127.1072262,-37.662857,-1.802857,-0.451453092,-25.86635682,32.620305,0,0,0
3,108,37.2889549,127.1072294,-37.38,-1.94,-0.451453092,-25.86635682,32.934656,0,0,0
3,109,37.2889536,127.1072326,-37.097143,-2.077143,-0.451453092,-25.86635682,33.249006,0,0,0
3,110,37.2889524,127.1072358,-36.814286,-2.214286,-0.451453092,-25.86635682,33.563357,0,0,0
3,111,37.2889512,127.107239,-36.531429,-2.351429,-0.451453092,-25.86635682,33.877707,0,0,0
3,112,37.2889499,127.1072422,-36.248571,-2.488571,-0.451453092,-25.86635682,34.192058,0,0,0
3,113,37.2889487,127.1072454,-35.965714,-2.625714,-0.451453092,-25.86635682,34.506409,0,0,0
3,114,37.2889475,127.1072486,-35.682857,-2.762857,-0.451453092,-25.86635682,34.82076,0,0,0
3,115,37.2889462,127.1072518,-35.4,-2.9,-0.46812045,-26.82132609,35.13511,0,0,0
3,116,37.288945,127.1072548,-35.137067,-3.038811,-0.520031499,-29.79561011,35.432435,0,0,0
3,117,37.2889436,127.1072576,-34.884263,-3.195313,-0.588609906,-33.72486339,35.729761,0,0,0
3,118,37.288942,127.1072603,-34.642778,-3.36877,-0.657188314,-37.65411674,36.027087,0,0,0
3,119,37.2889403,127.1072629,-34.413747,-3.558368,-0.725766721,-41.58337002,36.324412,0,0,0
3,120,37.2889385,127.1072654,-34.198246,-3.763213,-0.794345128,-45.51262331,36.621737,0,0,0
3,121,37.2889365,127.1072676,-33.997289,-3.982345,-0.862923536,-49.44187666,36.919063,0,0,0
3,122,37.2889344,127.1072697,-33.81182,-4.214732,-0.931501943,-53.37112994,37.216389,0,0,0
3,123,37.2889322,127.1072716,-33.642711,-4.459282,-1.00008035,-57.30038323,37.513714,0,0,0
3,124,37.2889299,127.1072734,-33.490758,-4.714845,-1.068658758,-61.22963657,37.811039,0,0,0
3,125,37.2889276,127.1072749,-33.356674,-4.98022,-1.137237165,-65.15888986,38.108365,0,0,0
3,126,37.2889251,127.1072762,-33.24109,-5.25416,-1.205815573,-69.0881432,38.405691,0,0,0
3,127,37.2889226,127.1072773,-33.144549,-5.535376,-1.271716612,-72.8639946,38.703017,0,0,0
3,128,37.2889199,127.1072782,-33.064267,-5.82765,-1.331057993,-76.26400529,39.006116,0,0,0
3,129,37.2889173,127.1072789,-33.000666,-6.124002,-1.387722006,-79.51061408,39.309216,0,0,0
3,130,37.2889146,127.1072794,-32.95395,-6.423481,-1.444386019,-82.75722288,39.612317,0,0,0
3,131,37.2889119,127.1072797,-32.92427,-6.725124,-1.501050032,-86.00383167,39.915416,0,0,0
3,132,37.2889092,127.1072799,-32.911721,-7.027964,-1.557714045,-89.25044047,40.218516,0,0,0
3,133,37.2889064,127.1072798,-32.916343,-7.331029,-1.614378057,-92.49704921,40.521617,0,0,0
3,134,37.2889037,127.1072796,-32.938121,-7.633346,-1.67104207,-95.743658,40.824717,0,0,0
3,135,37.288901,127.1072792,-32.976986,-7.933944,-1.727706083,-98.9902668,41.127817,0,0,0
3,136,37.2888984,127.1072785,-33.032812,-8.231859,-1.784370096,-102.2368756,41.430917,0,0,0
3,137,37.2888957,127.1072777,-33.105421,-8.526133,-1.841034109,-105.4834844,41.734017,0,0,0
3,138,37.2888931,127.1072767,-33.194579,-8.815824,-1.897698122,-108.7300932,42.037118,0,0,0
3,139,37.2888906,127.1072755,-33.3,-9.1,-1.940462597,-111.1803171,42.340217,0,0,0
3,140,37.2888879,127.1072742,-33.417778,-9.391852,-1.954362135,-111.976702,42.654938,0,0,0
3,141,37.2888853,127.1072728,-33.535556,-9.683704,-1.954362135,-111.976702,42.969659,0,0,0
3,142,37.2888827,127.1072715,-33.653333,-9.975556,-1.954362135,-111.976702,43.28438,0,0,0
3,143,37.2888801,127.1072702,-33.771111,-10.267407,-1.954362135,-111.976702,43.5991,0,0,0
3,144,37.2888774,127.1072689,-33.888889,-10.559259,-1.954362135,-111.976702,43.913821,0,0,0
3,145,37.2888748,127.1072675,-34.006667,-10.851111,-1.954362135,-111.976702,44.228542,0,0,0
3,146,37.2888722,127.1072662,-34.124444,-11.142963,-1.954362135,-111.976702,44.543262,0,0,0
3,147,37.2888696,127.1072649,-34.242222,-11.434815,-1.954362135,-111.976702,44.857983,0,0,0
3,148,37.288867,127.1072635,-34.36,-11.726667,-1.954362135,-111.976702,45.172704,0,0,0
3,149,37.2888643,127.1072622,-34.477778,-12.018519,-1.954362135,-111.976702,45.487425,0,0,0
3,150,37.2888617,127.1072609,-34.595556,-12.31037,-1.954362135,-111.976702,45.802145,0,0,0
3,151,37.2888591,127.1072595,-34.713333,-12.602222,-1.954362135,-111.976702,46.116865,0,0,0
3,152,37.2888565,127.1072582,-34.831111,-12.894074,-1.954362135,-111.976702,46.431586,0,0,0
3,153,37.2888538,127.1072569,-34.948889,-13.185926,-1.954362135,-111.976702,46.746307,0,0,0
3,154,37.2888512,127.1072556,-35.066667,-13.477778,-1.954362135,-111.976702,47.061028,0,0,0
3,155,37.2888486,127.1072542,-35.184444,-13.76963,-1.954362135,-111.976702,47.375749,0,0,0
3,156,37.288846,127.1072529,-35.302222,-14.061481,-1.954362135,-111.976702,47.690469,0,0,0
3,157,37.2888434,127.1072516,-35.42,-14.353333,-1.954362135,-111.976702,48.005189,0,0,0
3,158,37.2888407,127.1072502,-35.537778,-14.645185,-1.954362135,-111.976702,48.31991,0,0,0
3,159,37.2888381,127.1072489,-35.655556,-14.937037,-1.954362135,-111.976702,48.634631,0,0,0
3,160,37.2888355,127.1072476,-35.773333,-15.228889,-1.954362135,-111.976702,48.949352,3,1,0
3,161,37.2888329,127.1072462,-35.891111,-15.520741,-1.954362135,-111.976702,49.264073,3,1,0
3,162,37.2888303,127.1072449,-36.008889,-15.812593,-1.954362135,-111.976702,49.578794,3,1,0
3,163,37.2888276,127.1072436,-36.126667,-16.104444,-1.954362135,-111.976702,49.893514,3,1,0
3,164,37.288825,127.1072423,-36.244444,-16.396296,-1.954362135,-111.976702,50.208234,3,1,0
3,165,37.2888224,127.1072409,-36.362222,-16.688148,-1.954362135,-111.976702,50.522955,3,1,0
3,166,37.2888198,127.1072396,-36.48,-16.98,-1.954362135,-111.976702,50.837676,3,1,0
3,167,37.2888171,127.1072383,-36.597778,-17.271852,-1.954362135,-111.976702,51.152397,3,1,0
3,168,37.2888145,127.1072369,-36.715556,-17.563704,-1.954362135,-111.976702,51.467118,3,1,0
3,169,37.2888119,127.1072356,-36.833333,-17.855556,-1.954362135,-111.976702,51.781838,3,1,0
3,170,37.2888093,127.1072343,-36.951111,-18.147407,-1.954362135,-111.976702,52.096558,3,1,0
3,171,37.2888067,127.107233,-37.068889,-18.439259,-1.954362135,-111.976702,52.411279,3,1,0
3,172,37.288804,127.1072316,-37.186667,-18.731111,-1.954362135,-111.976702,52.726,3,1,0
3,173,37.2888014,127.1072303,-37.304444,-19.022963,-1.954362135,-111.976702,53.040721,3,1,0
3,174,37.2887988,127.107229,-37.422222,-19.314815,-1.954362135,-111.976702,53.355441,3,1,0
3,175,37.2887962,127.1072276,-37.54,-19.606667,-1.954362135,-111.976702,53.670162,3,1,0
3,176,37.2887935,127.1072263,-37.657778,-19.898519,-1.954362135,-111.976702,53.984883,3,1,0
3,177,37.2887909,127.107225,-37.775556,-20.19037,-1.954362135,-111.976702,54.299603,3,1,0
3,178,37.2887883,127.1072236,-37.893333,-20.482222,-1.954362135,-111.976702,54.614324,1,1,0
3,179,37.2887857,127.1072223,-38.011111,-20.774074,-1.954362135,-111.976702,54.929045,1,1,0
3,180,37.2887831,127.107221,-38.128889,-21.065926,-1.954362135,-111.976702,55.243766,1,1,0
3,181,37.2887804,127.1072197,-38.246667,-21.357778,-1.954362135,-111.976702,55.558486,1,1,0
3,182,37.2887778,127.1072183,-38.364444,-21.64963,-1.954362135,-111.976702,55.873207,1,1,0
3,183,37.2887752,127.107217,-38.482222,-21.941481,-1.954362135,-111.976702,56.187927,1,1,0
3,184,37.2887726,127.1072157,-38.6,-22.233333,-1.954362135,-111.976702,56.502648,1,1,0
3,185,37.28877,127.1072143,-38.717778,-22.525185,-1.954362135,-111.976702,56.817369,1,1,0
3,186,37.2887673,127.107213,-38.835556,-22.817037,-1.954362135,-111.976702,57.13209,1,1,0
3,187,37.2887647,127.1072117,-38.953333,-23.108889,-1.954362135,-111.976702,57.44681,1,1,0
3,188,37.2887621,127.1072103,-39.071111,-23.400741,-1.954362135,-111.976702,57.761531,1,1,0
3,189,37.2887595,127.107209,-39.188889,-23.692593,-1.954362135,-111.976702,58.076252,1,1,0
3,190,37.2887568,127.1072077,-39.306667,-23.984444,-1.954362135,-111.976702,58.390972,1,1,0
3,191,37.2887542,127.1072064,-39.424444,-24.276296,-1.954362135,-111.976702,58.705693,1,1,0
3,192,37.2887516,127.107205,-39.542222,-24.568148,-1.954362135,-111.976702,59.020413,1,1,0
3,193,37.288749,127.1072037,-39.66,-24.86,-1.954362135,-111.976702,59.335134,1,1,0
3,194,37.2887464,127.1072024,-39.777778,-25.151852,-1.954362135,-111.976702,59.649855,1,1,0
3,195,37.2887437,127.107201,-39.895556,-25.443704,-1.954362135,-111.976702,59.964576,1,1,0
3,196,37.2887411,127.1071997,-40.013333,-25.735556,-1.954362135,-111.976702,60.279297,1,1,0
3,197,37.2887385,127.1071984,-40.131111,-26.027407,-1.954362135,-111.976702,60.594017,1,1,0
3,198,37.2887359,127.107197,-40.248889,-26.319259,-1.954362135,-111.976702,60.908738,1,1,0
3,199,37.2887332,127.1071957,-40.366667,-26.611111,-1.954362135,-111.976702,61.223458,1,1,0
3,200,37.2887306,127.1071944,-40.484444,-26.902963,-1.954362135,-111.976702,61.538179,1,1,0
3,201,37.288728,127.1071931,-40.602222,-27.194815,-1.954362135,-111.976702,61.8529,1,1,0
3,202,37.2887254,127.1071917,-40.72,-27.486667,-1.954362135,-111.976702,62.167621,1,1,0
3,203,37.2887228,127.1071904,-40.837778,-27.778519,-1.954362135,-111.976702,62.482342,1,1,0
3,204,37.2887201,127.1071891,-40.955556,-28.07037,-1.954362135,-111.976702,62.797062,1,1,0
3,205,37.2887175,127.1071877,-41.073333,-28.362222,-1.954362135,-111.976702,63.111782,1,1,0
3,206,37.2887149,127.1071864,-41.191111,-28.654074,-1.954362135,-111.976702,63.426503,1,1,0
3,207,37.2887123,127.1071851,-41.308889,-28.945926,-1.954362135,-111.976702,63.741224,1,1,0
3,208,37.2887097,127.1071837,-41.426667,-29.237778,-1.954362135,-111.976702,64.055945,1,1,0
3,209,37.288707,127.1071824,-41.544444,-29.52963,-1.954362135,-111.976702,64.370665,1,1,0
3,210,37.2887044,127.1071811,-41.662222,-29.821481,-1.954362135,-111.976702,64.685385,1,1,0
3,211,37.2887018,127.1071798,-41.78,-30.113333,-1.954362135,-111.976702,65.000106,1,1,0
3,212,37.2886992,127.1071784,-41.897778,-30.405185,-1.954362135,-111.976702,65.314827,1,1,0
3,213,37.2886965,127.1071771,-42.015556,-30.697037,-1.954362135,-111.976702,65.629548,1,1,0
3,214,37.2886939,127.1071758,-42.133333,-30.988889,-1.954362135,-111.976702,65.944269,1,1,0
3,215,37.2886913,127.1071744,-42.251111,-31.280741,-1.954362135,-111.976702,66.25899,1,1,0
3,216,37.2886887,127.1071731,-42.368889,-31.572593,-1.954362135,-111.976702,66.57371,1,1,0
3,217,37.2886861,127.1071718,-42.486667,-31.864444,-1.954362135,-111.976702,66.88843,1,1,0
3,218,37.2886834,127.1071704,-42.604444,-32.156296,-1.954362135,-111.976702,67.203151,1,1,0
3,219,37.2886808,127.1071691,-42.722222,-32.448148,-1.954362135,-111.976702,67.517872,1,1,0
3,220,37.2886782,127.1071678,-42.84,-32.74,-1.954362135,-111.976702,67.832593,1,1,0
3,221,37.2886756,127.1071665,-42.957778,-33.031852,-1.954362135,-111.976702,68.147314,1,1,0
3,222,37.2886729,127.1071651,-43.075556,-33.323704,-1.954362135,-111.976702,68.462035,1,1,0
3,223,37.2886703,127.1071638,-43.193333,-33.615556,-1.954362135,-111.976702,68.776755,0,0,0
3,224,37.2886677,127.1071625,-43.311111,-33.907407,-1.954362135,-111.976702,69.091475,0,0,0
3,225,37.2886651,127.1071611,-43.428889,-34.199259,-1.954362135,-111.976702,69.406196,0,0,0
3,226,37.2886625,127.1071598,-43.546667,-34.491111,-1.954362135,-111.976702,69.720917,0,0,0
3,227,37.2886598,127.1071585,-43.664444,-34.782963,-1.954362135,-111.976702,70.035637,0,0,0
3,228,37.2886572,127.1071571,-43.782222,-35.074815,-1.954362135,-111.976702,70.350358,0,0,0
3,229,37.2886546,127.1071558,-43.9,-35.366667,-1.954362135,-111.976702,70.665079,0,0,0
3,230,37.288652,127.1071545,-44.017778,-35.658519,-1.954362135,-111.976702,70.9798,0,0,0
3,231,37.2886494,127.1071532,-44.135556,-35.95037,-1.954362135,-111.976702,71.29452,0,0,0
3,232,37.2886467,127.1071518,-44.253333,-36.242222,-1.954362135,-111.976702,71.609241,0,0,0
3,233,37.2886441,127.1071505,-44.371111,-36.534074,-1.954362135,-111.976702,71.923962,0,0,0
3,234,37.2886415,127.1071492,-44.488889,-36.825926,-1.954362135,-111.976702,72.238682,0,0,0
3,235,37.2886389,127.1071478,-44.606667,-37.117778,-1.954362135,-111.976702,72.553403,0,0,0
3,236,37.2886362,127.1071465,-44.724444,-37.40963,-1.954362135,-111.976702,72.868124,0,0,0
3,237,37.2886336,127.1071452,-44.842222,-37.701481,-1.954362135,-111.976702,73.182844,0,0,0
3,238,37.288631,127.1071439,-44.96,-37.993333,-1.954362135,-111.976702,73.497565,0,0,0
3,239,37.2886284,127.1071425,-45.077778,-38.285185,-1.954362135,-111.976702,73.812286,0,0,0
3,240,37.2886258,127.1071412,-45.195556,-38.577037,-1.954362135,-111.976702,74.127007,0,0,0
3,241,37.2886231,127.1071399,-45.313333,-38.868889,-1.954362135,-111.976702,74.441727,0,0,0
3,242,37.2886205,127.1071385,-45.431111,-39.160741,-1.954362135,-111.976702,74.756448,0,0,0
3,243,37.2886179,127.1071372,-45.548889,-39.452593,-1.954362135,-111.976702,75.071169,0,0,0
3,244,37.2886153,127.1071359,-45.666667,-39.744444,-1.954362135,-111.976702,75.385889,0,0,0
3,245,37.2886126,127.1071345,-45.784444,-40.036296,-1.954362135,-111.976702,75.700609,0,0,0
3,246,37.28861,127.1071332,-45.902222,-40.328148,-1.954362135,-111.976702,76.01533,0,0,0
3,247,37.2886074,127.1071319,-46.02,-40.62,-1.954362135,-111.976702,76.330051,0,0,0
3,248,37.2886048,127.1071306,-46.137778,-40.911852,-1.954362135,-111.976702,76.644772,0,0,0
3,249,37.2886022,127.1071292,-46.255556,-41.203704,-1.954362135,-111.976702,76.959493,0,0,0
3,250,37.2885995,127.1071279,-46.373333,-41.495556,-1.954362135,-111.976702,77.274214,0,0,0
3,251,37.2885969,127.1071266,-46.491111,-41.787407,-1.954362135,-111.976702,77.588934,0,0,0
3,252,37.2885943,127.1071252,-46.608889,-42.079259,-1.954362135,-111.976702,77.903654,0,0,0
3,253,37.2885917,127.1071239,-46.726667,-42.371111,-1.954362135,-111.976702,78.218375,0,0,0
3,254,37.2885891,127.1071226,-46.844444,-42.662963,-1.954362135,-111.976702,78.533096,0,0,0
3,255,37.2885864,127.1071212,-46.962222,-42.954815,-1.954362135,-111.976702,78.847817,0,0,0
3,256,37.2885838,127.1071199,-47.08,-43.246667,-1.954362135,-111.976702,79.162538,0,0,0
3,257,37.2885812,127.1071186,-47.197778,-43.538519,-1.954362135,-111.976702,79.477259,0,0,0
3,258,37.2885786,127.1071173,-47.315556,-43.83037,-1.954362135,-111.976702,79.791979,0,0,0
3,259,37.2885759,127.1071159,-47.433333,-44.122222,-1.954362135,-111.976702,80.106699,0,0,0
3,260,37.2885733,127.1071146,-47.551111,-44.414074,-1.954362135,-111.976702,80.42142,0,0,0
3,261,37.2885707,127.1071133,-47.668889,-44.705926,-1.954362135,-111.976702,80.736141,0,0,0
3,262,37.2885681,127.1071119,-47.786667,-44.997778,-1.954362135,-111.976702,81.050862,0,0,0
3,263,37.2885655,127.1071106,-47.904444,-45.28963,-1.954362135,-111.976702,81.365582,0,0,0
3,264,37.2885628,127.1071093,-48.022222,-45.581481,-1.954362135,-111.976702,81.680302,0,0,0
3,265,37.2885602,127.1071079,-48.14,-45.873333,-1.954362135,-111.976702,81.995023,0,0,0
3,266,37.2885576,127.1071066,-48.257778,-46.165185,-1.954362135,-111.976702,82.309744,0,0,0
3,267,37.288555,127.1071053,-48.375556,-46.457037,-1.954362135,-111.976702,82.624465,0,0,0
3,268,37.2885523,127.107104,-48.493333,-46.748889,-1.954362135,-111.976702,82.939186,0,0,0
3,269,37.2885497,127.1071026,-48.611111,-47.040741,-1.954362135,-111.976702,83.253906,0,0,0
3,270,37.2885471,127.1071013,-48.728889,-47.332593,-1.954362135,-111.976702,83.568627,1,1,0
3,271,37.2885445,127.1071,-48.846667,-47.624444,-1.954362135,-111.976702,83.883347,1,1,0
3,272,37.2885419,127.1070986,-48.964444,-47.916296,-1.954362135,-111.976702,84.198068,1,1,0
3,273,37.2885392,127.1070973,-49.082222,-48.208148,-1.954362135,-111.976702,84.512789,1,1,0
3,274,37.2885366,127.107096,-49.2,-48.5,-1.968174012,-112.7680642,84.82751,1,1,0
3,275,37.2885341,127.1070946,-49.323349,-48.782661,-2.010175596,-115.1745777,85.135912,1,1,0
3,276,37.2885316,127.107093,-49.462273,-49.058001,-2.065989056,-118.3724534,85.444315,1,1,0
3,277,37.2885292,127.1070913,-49.616341,-49.325163,-2.121802517,-121.5703292,85.752718,1,1,0
3,278,37.2885269,127.1070894,-49.785072,-49.583313,-2.177615977,-124.7682049,86.061119,1,1,0
3,279,37.2885247,127.1070873,-49.967942,-49.83165,-2.233429438,-127.9660806,86.369523,1,1,0
3,280,37.2885225,127.1070851,-50.16438,-50.069398,-2.289242898,-131.1639563,86.677925,1,1,0
3,281,37.2885205,127.1070827,-50.373775,-50.295818,-2.345056359,-134.3618321,86.986328,1,1,0
3,282,37.2885186,127.1070802,-50.595475,-50.510204,-2.40086982,-137.5597078,87.294731,1,1,0
3,283,37.2885167,127.1070776,-50.828788,-50.711889,-2.45668328,-140.7575835,87.603133,1,1,0
3,284,37.2885151,127.1070748,-51.07299,-50.900245,-2.512496741,-143.9554593,87.911536,1,1,0
3,285,37.2885135,127.107072,-51.327318,-51.074685,-2.568310201,-147.153335,88.219939,1,1,0
3,286,37.2885121,127.107069,-51.590981,-51.234665,-2.624123662,-150.3512108,88.52834,1,1,0
3,287,37.2885108,127.1070659,-51.863159,-51.379688,-2.679937123,-153.5490865,88.836744,1,1,0
3,288,37.2885096,127.1070627,-52.143002,-51.509302,-2.735750583,-156.7469622,89.145146,1,1,0
3,289,37.2885086,127.1070595,-52.42964,-51.623104,-2.790334331,-159.8743806,89.453549,1,1,0
3,290,37.2885077,127.1070562,-52.72542,-51.722732,-2.84182502,-162.8245798,89.765657,1,1,0
3,291,37.2885069,127.1070528,-53.025832,-51.807376,-2.892085995,-165.7043215,90.077766,1,1,0
3,292,37.2885063,127.1070493,-53.330116,-51.876819,-2.942346971,-168.5840633,90.389873,1,1,0
3,293,37.2885058,127.1070459,-53.637506,-51.930888,-2.992607947,-171.4638051,90.701982,1,1,0
3,294,37.2885055,127.1070424,-53.947223,-51.969445,-3.042868922,-174.3435468,91.01409,1,1,0
3,295,37.2885052,127.1070389,-54.258487,-51.992393,-3.093129898,-177.2232886,91.326199,1,1,0
3,296,37.2885052,127.1070353,-54.57051,-51.999675,3.139794433,179.8969696,91.638307,1,1,0
3,297,37.2885053,127.1070318,-54.882505,-51.991271,3.089533458,177.0172278,91.950415,1,1,0
3,298,37.2885055,127.1070283,-55.193684,-51.967203,3.039272482,174.137486,92.262523,1,1,0
3,299,37.2885058,127.1070248,-55.503261,-51.927533,2.989011506,171.2577442,92.574632,1,1,0
3,300,37.2885063,127.1070213,-55.810454,-51.872359,2.938750531,168.3780025,92.88674,1,1,0
3,301,37.288507,127.1070179,-56.114487,-51.801821,2.888489555,165.4982607,93.198849,1,1,0
3,302,37.2885077,127.1070145,-56.414593,-51.716098,2.838228579,162.6185189,93.510958,1,1,0
3,303,37.2885086,127.1070112,-56.710012,-51.615407,2.787967603,159.7387771,93.823065,1,1,0
3,304,37.2885097,127.1070079,-57,-51.5,2.734541836,156.6777061,94.135174,1,1,0
3,305,37.2885108,127.1070049,-57.265555,-51.375896,2.671120107,153.0439087,94.428297,1,1,0
3,306,37.2885121,127.107002,-57.522263,-51.234397,2.604533586,149.2287821,94.72142,1,1,0
3,307,37.2885135,127.1069992,-57.768988,-51.076132,2.537947065,145.4136555,95.014543,1,1,0
3,308,37.288515,127.1069966,-58.004636,-50.901801,2.471360544,141.5985288,95.307666,1,1,0
3,309,37.2885167,127.106994,-58.228162,-50.712176,2.404774023,137.7834022,95.60079,1,1,0
3,310,37.2885186,127.1069917,-58.438575,-50.5081,2.338187502,133.9682756,95.893912,1,1,0
3,311,37.2885205,127.1069894,-58.634943,-50.290475,2.271600981,130.1531489,96.187035,1,1,0
3,312,37.2885226,127.1069874,-58.816396,-50.060266,2.20501446,126.3380223,96.480158,1,1,0
3,313,37.2885248,127.1069855,-58.98213,-49.818494,2.138427939,122.5228957,96.773282,1,1,0
3,314,37.288527,127.1069838,-59.131409,-49.566231,2.071841418,118.7077691,97.066405,1,1,0
3,315,37.2885294,127.1069823,-59.263573,-49.304594,2.005254898,114.8926425,97.359528,1,1,0
3,316,37.2885318,127.1069811,-59.378035,-49.034743,1.938668377,111.0775159,97.652651,1,1,0
3,317,37.2885343,127.10698,-59.474288,-48.757874,1.879680922,107.6977837,97.945774,1,1,0
3,318,37.288537,127.106979,-59.560694,-48.462319,1.838362494,105.3304121,98.2537,1,1,0
3,319,37.2885396,127.1069781,-59.637087,-48.16402,1.804643132,103.398435,98.561626,1,1,0
3,320,37.2885423,127.1069774,-59.70338,-47.863315,1.77092377,101.4664579,98.869552,1,1,0
3,321,37.2885451,127.1069767,-59.759497,-47.560545,1.737204409,99.53448079,99.177478,1,1,0
3,322,37.2885478,127.1069762,-59.805376,-47.256056,1.703485047,97.60250366,99.485404,1,1,0
3,323,37.2885505,127.1069758,-59.840963,-46.950194,1.669765685,95.67052653,99.79333,1,1,0
3,324,37.2885533,127.1069755,-59.866218,-46.643305,1.636046323,93.7385494,100.101256,1,1,0
3,325,37.2885561,127.1069754,-59.881113,-46.335739,1.602326961,91.80657227,100.409183,1,1,0
3,326,37.2885588,127.1069753,-59.88563,-46.027847,1.5686076,89.87459519,100.717108,1,1,0
3,327,37.2885616,127.1069754,-59.879765,-45.719976,1.534888238,87.94261806,101.025035,1,1,0
3,328,37.2885644,127.1069756,-59.863524,-45.412479,1.501168876,86.01064093,101.33296,1,1,0
3,329,37.2885671,127.1069759,-59.836926,-45.105704,1.467449514,84.0786638,101.640886,1,1,0
3,330,37.2885699,127.1069763,-59.8,-44.8,1.442156883,82.62950279,101.948812,1,1,0
3,331,37.2885726,127.1069768,-59.757895,-44.494737,1.433730152,82.14668667,102.256965,1,1,0
3,332,37.2885753,127.1069772,-59.715789,-44.189474,1.433730152,82.14668667,102.565118,1,1,0
3,333,37.2885781,127.1069777,-59.673684,-43.884211,1.433730152,82.14668667,102.873271,1,1,0
3,334,37.2885808,127.1069782,-59.631579,-43.578947,1.433730152,82.14668667,103.181426,1,1,0
3,335,37.2885836,127.1069787,-59.589474,-43.273684,1.433730152,82.14668667,103.489579,1,1,0
3,336,37.2885863,127.1069791,-59.547368,-42.968421,1.433730152,82.14668667,103.797732,1,1,0
3,337,37.2885891,127.1069796,-59.505263,-42.663158,1.433730152,82.14668667,104.105885,5,1,0
3,338,37.2885918,127.1069801,-59.463158,-42.357895,1.433730152,82.14668667,104.414038,5,1,0
3,339,37.2885945,127.1069806,-59.421053,-42.052632,1.433730152,82.14668667,104.722191,5,1,0
3,340,37.2885973,127.106981,-59.378947,-41.747368,1.433730152,82.14668667,105.030345,5,1,0
3,341,37.2886,127.1069815,-59.336842,-41.442105,1.433730152,82.14668667,105.338499,5,1,0
3,342,37.2886028,127.106982,-59.294737,-41.136842,1.433730152,82.14668667,105.646652,5,1,0
3,343,37.2886055,127.1069825,-59.252632,-40.831579,1.433730152,82.14668667,105.954805,5,1,0
3,344,37.2886082,127.1069829,-59.210526,-40.526316,1.433730152,82.14668667,106.262958,5,1,0
3,345,37.288611,127.1069834,-59.168421,-40.221053,1.433730152,82.14668667,106.571111,5,1,0
3,346,37.2886137,127.1069839,-59.126316,-39.915789,1.433730152,82.14668667,106.879265,5,1,0
3,347,37.2886165,127.1069844,-59.084211,-39.610526,1.433730152,82.14668667,107.187418,5,1,0
3,348,37.2886192,127.1069848,-59.042105,-39.305263,1.433730152,82.14668667,107.495571,5,1,0
3,349,37.288622,127.1069853,-59,-39,1.445090374,82.79757945,107.803725,5,1,0
3,350,37.2886247,127.1069857,-58.965491,-38.699003,1.479559885,84.77253695,108.106693,5,1,0
3,351,37.2886274,127.1069859,-58.944808,-38.396742,1.525389618,87.39838722,108.409661,5,1,0
3,352,37.2886301,127.106986,-58.937994,-38.09385,1.571219351,90.0242375,108.71263,5,1,0
3,353,37.2886328,127.1069859,-58.945064,-37.790964,1.617049083,92.65008772,109.015598,5,1,0
3,354,37.2886355,127.1069857,-58.966003,-37.48872,1.662878816,95.275938,109.318567,5,1,0
3,355,37.2886382,127.1069853,-59.000767,-37.187753,1.708708549,97.90178828,109.621535,5,1,0
3,356,37.2886409,127.1069848,-59.049282,-36.888694,1.754538281,100.5276385,109.924503,5,1,0
3,357,37.2886436,127.1069841,-59.111448,-36.592172,1.800368014,103.1534888,110.227472,5,1,0
3,358,37.2886462,127.1069832,-59.187133,-36.29881,1.846197747,105.7793391,110.53044,5,1,0
3,359,37.2886488,127.1069822,-59.276179,-36.009223,1.892027479,108.4051893,110.833408,5,1,0
3,360,37.2886514,127.1069811,-59.378399,-35.724019,1.937857212,111.0310395,111.136377,5,1,0
3,361,37.2886539,127.1069798,-59.493577,-35.443798,1.983686945,113.6568898,111.439345,5,1,0
3,362,37.2886564,127.1069783,-59.621472,-35.169148,2.029516677,116.28274,111.742314,5,1,0
3,363,37.2886588,127.1069767,-59.761816,-34.900646,2.07534641,118.9085903,112.045282,5,1,0
3,364,37.2886611,127.106975,-59.914313,-34.638855,2.121176143,121.5344406,112.34825,5,1,0
3,365,37.2886634,127.1069731,-60.078644,-34.384326,2.167005875,124.1602908,112.651218,5,1,0
3,366,37.2886656,127.1069712,-60.254464,-34.137592,2.212835608,126.7861411,112.954188,5,1,0
3,367,37.2886678,127.106969,-60.441402,-33.899173,2.258665341,129.4119914,113.257155,5,1,0
3,368,37.2886698,127.1069668,-60.639067,-33.669568,2.304495073,132.0378416,113.560124,5,1,0
3,369,37.2886718,127.1069645,-60.847044,-33.44926,2.350324806,134.6636919,113.863093,5,1,0
3,370,37.2886737,127.106962,-61.064895,-33.238711,2.396154539,137.2895421,114.166061,5,1,0
3,371,37.2886755,127.1069594,-61.292164,-33.038365,2.441984271,139.9153924,114.469029,5,1,0
3,372,37.2886772,127.1069568,-61.528372,-32.84864,2.486571969,142.4700793,114.771998,5,1,0
3,373,37.2886789,127.1069539,-61.778871,-32.664497,2.527569701,144.8190763,115.082897,5,1,0
3,374,37.2886804,127.106951,-62.036491,-32.490455,2.567325399,147.09691,115.393797,5,1,0
3,375,37.2886819,127.1069481,-62.300824,-32.32679,2.607081096,149.3747436,115.704696,5,1,0
3,376,37.2886833,127.106945,-62.571454,-32.173761,2.646836794,151.6525774,116.015595,5,1,0
3,377,37.2886846,127.1069419,-62.847952,-32.031608,2.686592491,153.930411,116.326495,5,1,0
3,378,37.2886857,127.1069387,-63.129881,-31.900558,2.726348189,156.2082447,116.637394,5,1,0
3,379,37.2886868,127.1069355,-63.416796,-31.780816,2.766103886,158.4860784,116.948293,5,1,0
3,380,37.2886878,127.1069322,-63.708243,-31.672572,2.805859584,160.7639121,117.259192,5,1,0
3,381,37.2886886,127.1069288,-64.003763,-31.575998,2.845615281,163.0417457,117.570091,5,1,0
3,382,37.2886894,127.1069254,-64.302887,-31.491245,2.885370978,165.3195794,117.880991,5,1,0
3,383,37.2886901,127.106922,-64.605144,-31.418448,2.925126676,167.5974131,118.19189,5,1,0
3,384,37.2886906,127.1069186,-64.910055,-31.357722,2.964882373,169.8752467,118.50279,5,1,0
3,385,37.288691,127.1069151,-65.217138,-31.309162,3.004638071,172.1530804,118.813688,5,1,0
3,386,37.2886914,127.1069116,-65.525909,-31.272846,3.044393768,174.4309141,119.124588,5,1,0
3,387,37.2886916,127.1069081,-65.83588,-31.248831,3.084149466,176.7087478,119.435488,5,1,0
3,388,37.2886917,127.1069046,-66.14656,-31.237155,3.123905163,178.9865814,119.746387,5,1,0
3,389,37.2886917,127.1069011,-66.457458,-31.237836,-3.119524447,-178.7355849,120.057286,5,1,0
3,390,37.2886916,127.1068976,-66.768084,-31.250873,-3.079768749,-176.4577512,120.368185,5,1,0
3,391,37.2886913,127.1068941,-67.077946,-31.276246,-3.040013052,-174.1799175,120.679084,5,1,0
3,392,37.288691,127.1068906,-67.386555,-31.313914,-3.000257354,-171.9020838,120.989984,5,1,0
3,393,37.2886906,127.1068872,-67.693423,-31.363818,-2.960501657,-169.6242502,121.300883,5,1,0
3,394,37.28869,127.1068837,-67.998065,-31.42588,-2.920745959,-167.3464165,121.611782,5,1,0
3,395,37.2886893,127.1068803,-68.3,-31.5,-2.890935837,-165.6384223,121.922682,5,1,0
3,396,37.2886886,127.1068769,-68.6,-31.58,-2.880990262,-165.0685828,122.233165,5,1,0
3,397,37.2886879,127.1068735,-68.9,-31.66,-2.880990262,-165.0685828,122.543649,5,1,0
3,398,37.2886872,127.1068702,-69.2,-31.74,-2.880990262,-165.0685828,122.854132,5,1,0
3,399,37.2886865,127.1068668,-69.5,-31.82,-2.880990262,-165.0685828,123.164616,5,1,0
3,400,37.2886857,127.1068634,-69.8,-31.9,-2.880990262,-165.0685828,123.475099,5,1,0
3,401,37.288685,127.10686,-70.1,-31.98,-2.880990262,-165.0685828,123.785583,5,1,0
3,402,37.2886843,127.1068566,-70.4,-32.06,-2.880990262,-165.0685828,124.096066,5,1,0
3,403,37.2886836,127.1068532,-70.7,-32.14,-2.880990262,-165.0685828,124.40655,5,1,0
3,404,37.2886829,127.1068498,-71,-32.22,-2.880990262,-165.0685828,124.717033,5,1,0
3,405,37.2886821,127.1068464,-71.3,-32.3,-2.893674896,-165.7953588,125.027517,5,1,0
3,406,37.2886815,127.106843,-71.604829,-32.373097,-2.931487057,-167.9618361,125.340988,5,1,0
3,407,37.288681,127.1068395,-71.912958,-32.430715,-2.981983852,-170.8550893,125.654457,5,1,0
3,408,37.2886806,127.106836,-72.223603,-32.472706,-3.032480647,-173.7483425,125.967927,5,1,0
3,409,37.2886804,127.1068325,-72.535972,-32.498964,-3.082977442,-176.6415958,126.281398,5,1,0
3,410,37.2886803,127.1068289,-72.849268,-32.509422,-3.133474237,-179.534849,126.594869,5,1,0
3,411,37.2886803,127.1068254,-73.162692,-32.504053,3.099214275,177.5718978,126.908339,5,1,0
3,412,37.2886805,127.1068219,-73.475446,-32.48287,3.04871748,174.6786445,127.221809,5,1,0
3,413,37.2886808,127.1068184,-73.786732,-32.445927,2.998220685,171.7853913,127.53528,5,1,0
3,414,37.2886813,127.1068149,-74.095757,-32.39332,2.94772389,168.8921381,127.848751,5,1,0
3,415,37.2886819,127.1068114,-74.401732,-32.325182,2.897227095,165.9988848,128.162221,5,1,0
3,416,37.2886827,127.106808,-74.703878,-32.241686,2.8467303,163.1056316,128.475691,5,1,0
3,417,37.2886836,127.1068046,-75.001424,-32.143046,2.796233505,160.2123784,128.789161,5,1,0
3,418,37.2886846,127.1068013,-75.293612,-32.029512,2.74573671,157.3191251,129.102632,5,1,0
3,419,37.2886857,127.1067981,-75.579697,-31.901376,2.695239915,154.4258719,129.416102,5,1,0
3,420,37.288687,127.106795,-75.85895,-31.758962,2.64474312,151.5326187,129.729573,5,1,0
3,421,37.2886884,127.1067919,-76.130658,-31.602634,2.594246324,148.6393654,130.043043,5,1,0
3,422,37.2886899,127.1067889,-76.394129,-31.432791,2.543749529,145.7461122,130.356513,5,1,0
3,423,37.2886916,127.106786,-76.648691,-31.249866,2.493252734,142.8528589,130.669983,5,1,0
3,424,37.2886933,127.1067833,-76.893696,-31.054325,2.442755939,139.9596057,130.983454,5,1,0
3,425,37.2886952,127.1067806,-77.128519,-30.846667,2.392259144,137.0663525,131.296924,5,1,0
3,426,37.2886972,127.1067781,-77.35256,-30.62742,2.341762349,134.1730992,131.610394,5,1,0
3,427,37.2886992,127.1067757,-77.56525,-30.397144,2.291265554,131.279846,131.923865,5,1,0
3,428,37.2887014,127.1067734,-77.766045,-30.156427,2.240768759,128.3865928,132.237335,5,1,0
3,429,37.2887037,127.1067713,-77.954433,-29.90588,2.190271964,125.4933395,132.550806,5,1,0
3,430,37.288706,127.1067693,-78.129936,-29.646145,2.139775169,122.6000863,132.864276,5,1,0
3,431,37.2887084,127.1067675,-78.292104,-29.377882,2.089278374,119.7068331,133.177746,5,1,0
3,432,37.2887109,127.1067658,-78.440525,-29.101775,2.045316949,117.1880289,133.491217,5,1,0
3,433,37.2887134,127.1067643,-78.57632,-28.824573,2.013844963,115.384817,133.799893,5,1,0
3,434,37.2887159,127.1067628,-78.705161,-28.544071,1.988908347,113.9560541,134.10857,5,1,0
3,435,37.2887184,127.1067615,-78.826968,-28.260444,1.963971731,112.5272913,134.417247,5,1,0
3,436,37.288721,127.1067602,-78.941665,-27.973868,1.939035115,111.0985284,134.725923,5,1,0
3,437,37.2887236,127.1067589,-79.049181,-27.684521,1.914098499,109.6697656,135.0346,5,1,0
3,438,37.2887262,127.1067578,-79.149449,-27.392584,1.889161883,108.2410027,135.343276,5,1,0
3,439,37.2887289,127.1067568,-79.242407,-27.098237,1.864225267,106.8122399,135.651953,5,1,0
3,440,37.2887315,127.1067558,-79.327996,-26.801664,1.839288651,105.383477,135.960629,5,1,0
3,441,37.2887342,127.1067549,-79.406164,-26.503049,1.814352035,103.9547142,136.269306,5,1,0
3,442,37.2887369,127.1067541,-79.476862,-26.202577,1.789415419,102.5259513,136.577983,5,1,0
3,443,37.2887396,127.1067534,-79.540046,-25.900437,1.764478803,101.0971885,136.886659,5,1,0
3,444,37.2887424,127.1067528,-79.595677,-25.596814,1.739542187,99.6684256,137.195336,5,1,0
3,445,37.2887451,127.1067522,-79.64372,-25.291899,1.714605571,98.23966275,137.504013,5,1,0
3,446,37.2887478,127.1067518,-79.684146,-24.985881,1.689668955,96.8108999,137.812689,5,1,0
3,447,37.2887506,127.1067514,-79.716928,-24.678951,1.664732339,95.38213704,138.121365,5,1,0
3,448,37.2887534,127.1067511,-79.742048,-24.371298,1.639795723,93.95337419,138.430042,5,1,0
3,449,37.2887561,127.1067509,-79.759488,-24.063114,1.614859107,92.52461134,138.738719,5,1,0
3,450,37.2887589,127.1067508,-79.769239,-23.754592,1.589922491,91.09584849,139.047395,5,1,0
3,451,37.2887617,127.1067508,-79.771294,-23.445922,1.564985875,89.66708564,139.356072,5,1,0
3,452,37.2887645,127.1067509,-79.765652,-23.137297,1.540049259,88.23832278,139.664748,5,1,0
3,453,37.2887672,127.106751,-79.752317,-22.828909,1.515112643,86.80955993,139.973425,5,1,0
3,454,37.28877,127.1067512,-79.731296,-22.520949,1.490176027,85.38079708,140.282101,5,1,0
3,455,37.2887728,127.1067516,-79.702603,-22.213609,1.465239411,83.95203423,140.590778,5,1,0
3,456,37.2887755,127.106752,-79.666256,-21.907079,1.440302795,82.52327137,140.899455,5,1,0
3,457,37.2887783,127.1067525,-79.622278,-21.601552,1.415366179,81.09450852,141.208131,5,1,0
3,458,37.288781,127.1067531,-79.570694,-21.297216,1.390429563,79.66574567,141.516808,5,1,0
3,459,37.2887837,127.1067537,-79.511539,-20.994261,1.365492947,78.23698282,141.825484,5,1,0
3,460,37.2887864,127.1067545,-79.444848,-20.692875,1.340556331,76.80821997,142.134161,5,1,0
3,461,37.2887891,127.1067553,-79.370663,-20.393245,1.315619715,75.37945711,142.442838,5,1,0
3,462,37.2887918,127.1067562,-79.28903,-20.095559,1.290683099,73.95069426,142.751514,5,1,0
3,463,37.2887944,127.1067572,-79.2,-19.8,1.253077985,71.79607994,143.060191,1,1,0
3,464,37.2887971,127.1067584,-79.095983,-19.508539,1.190264068,68.1971076,143.369656,1,1,0
3,465,37.2887996,127.1067598,-78.970284,-19.225752,1.114781653,63.8722838,143.679122,1,1,0
3,466,37.288802,127.1067615,-78.823617,-18.953249,1.039299238,59.54745999,143.988587,1,1,0
3,467,37.2888044,127.1067634,-78.656818,-18.692583,0.963816823,55.22263618,144.298053,1,1,0
3,468,37.2888066,127.1067655,-78.470836,-18.445237,0.888334409,50.89781243,144.607519,1,1,0
3,469,37.2888087,127.1067678,-78.266732,-18.212621,0.812851994,46.57298863,144.916984,1,1,0
3,470,37.2888106,127.1067703,-78.045668,-17.996058,0.737369579,42.24816482,145.226449,1,1,0
3,471,37.2888124,127.1067729,-77.808901,-17.796783,0.661887164,37.92334101,145.535915,1,1,0
3,472,37.2888141,127.1067758,-77.557782,-17.61593,0.586404749,33.5985172,145.84538,1,1,0
3,473,37.2888155,127.1067788,-77.293739,-17.454529,0.510922334,29.2736934,146.154846,1,1,0
3,474,37.2888168,127.1067819,-77.018276,-17.313499,0.435439919,24.94886959,146.464312,1,1,0
3,475,37.2888178,127.1067851,-76.732963,-17.193644,0.365788051,20.95811152,146.773777,1,1,0
3,476,37.2888187,127.1067882,-76.455532,-17.097954,0.304317484,17.43610747,147.067247,1,1,0
3,477,37.2888194,127.1067914,-76.173208,-17.01784,0.248677465,14.24816921,147.360718,1,1,0
3,478,37.28882,127.1067947,-75.886867,-16.953551,0.193037445,11.06023089,147.654187,1,1,0
3,479,37.2888204,127.1067979,-75.597393,-16.905285,0.137397426,7.872292626,147.947657,1,1,0
3,480,37.2888207,127.1068012,-75.305682,-16.873191,0.081757406,4.684354308,148.241129,1,1,0
3,481,37.2888209,127.1068045,-75.012639,-16.85737,0.026117387,1.496416047,148.534598,1,1,0
3,482,37.2888209,127.1068078,-74.719169,-16.85787,-0.029522633,-1.691522271,148.828069,1,1,0
3,483,37.2888207,127.1068111,-74.426181,-16.874689,-0.085162653,-4.879460589,149.121539,1,1,0
3,484,37.2888204,127.1068144,-74.134582,-16.907775,-0.140802672,-8.06739885,149.415009,1,1,0
3,485,37.28882,127.1068177,-73.845274,-16.957027,-0.196442692,-11.25533717,149.70848,1,1,0
3,486,37.2888194,127.1068209,-73.559153,-17.022291,-0.252082711,-14.44327543,150.001949,1,1,0
3,487,37.2888294,127.1068284,-72.898493,-15.912084,-0.307722731,-17.63121375,150.29542,1,1,0
3,488,37.2888285,127.1068315,-72.621389,-16.008718,-0.349922405,-20.04907696,150.58889,1,1,0
3,489,37.2888275,127.1068348,-72.327911,-16.120312,-0.36336275,-20.81915201,150.902869,1,1,0
3,490,37.2888265,127.1068382,-72.034432,-16.231906,-0.36336275,-20.81915201,151.216848,1,1,0
3,491,37.2888255,127.1068415,-71.740954,-16.343501,-0.36336275,-20.81915201,151.530827,1,1,0
3,492,37.2888245,127.1068448,-71.447476,-16.455095,-0.36336275,-20.81915201,151.844806,1,1,0
3,493,37.2888235,127.1068481,-71.153998,-16.566689,-0.36336275,-20.81915201,152.158784,1,1,0
3,494,37.2888225,127.1068514,-70.860519,-16.678283,-0.36336275,-20.81915201,152.472764,1,1,0
3,495,37.2888215,127.1068547,-70.567041,-16.789877,-0.36336275,-20.81915201,152.786742,1,1,0
3,496,37.2888205,127.106858,-70.273563,-16.901472,-0.36336275,-20.81915201,153.100721,1,1,0
3,497,37.2888195,127.1068613,-69.980085,-17.013066,-0.36336275,-20.81915201,153.4147,0,0,0
3,498,37.2888185,127.1068647,-69.686606,-17.12466,-0.36336275,-20.81915201,153.728679,0,0,0
3,499,37.2888175,127.106868,-69.393128,-17.236254,-0.36336275,-20.81915201,154.042658,0,0,0
3,500,37.2888165,127.1068713,-69.09965,-17.347848,-0.36336275,-20.81915201,154.356637,0,0,0
3,501,37.2888155,127.1068746,-68.806172,-17.459443,-0.36336275,-20.81915201,154.670616,0,0,0
3,502,37.2888145,127.1068779,-68.512693,-17.571037,-0.36336275,-20.81915201,154.984595,0,0,0
3,503,37.2888135,127.1068812,-68.219215,-17.682631,-0.36336275,-20.81915201,155.298574,0,0,0
3,504,37.2888125,127.1068845,-67.925737,-17.794225,-0.36336275,-20.81915201,155.612552,0,0,0
3,505,37.2888114,127.1068879,-67.632259,-17.905819,-0.36336275,-20.81915201,155.926531,0,0,0
3,506,37.2888104,127.1068912,-67.33878,-18.017414,-0.36336275,-20.81915201,156.240511,0,0,0
3,507,37.2888094,127.1068945,-67.045302,-18.129008,-0.36336275,-20.81915201,156.554489,0,0,0
3,508,37.2888084,127.1068978,-66.751824,-18.240602,-0.36336275,-20.81915201,156.868468,0,0,0
3,509,37.2888074,127.1069011,-66.458346,-18.352196,-0.36336275,-20.81915201,157.182447,0,0,0
3,510,37.2888064,127.1069044,-66.164867,-18.46379,-0.36336275,-20.81915201,157.496426,0,0,0
3,511,37.2888054,127.1069077,-65.871389,-18.575385,-0.36336275,-20.81915201,157.810405,0,0,0
3,512,37.2888044,127.1069111,-65.577911,-18.686979,-0.36336275,-20.81915201,158.124384,0,0,0
3,513,37.2888034,127.1069144,-65.284432,-18.798573,-0.36336275,-20.81915201,158.438363,0,0,0
3,514,37.2888024,127.1069177,-64.990954,-18.910167,-0.36336275,-20.81915201,158.752342,0,0,0
3,515,37.2888014,127.106921,-64.697476,-19.021761,-0.36336275,-20.81915201,159.06632,0,0,0
3,516,37.2888004,127.1069243,-64.403998,-19.133356,-0.36336275,-20.81915201,159.380299,0,0,0
3,517,37.2887994,127.1069276,-64.110519,-19.24495,-0.36336275,-20.81915201,159.694279,0,0,0
3,518,37.2887984,127.1069309,-63.817041,-19.356544,-0.36336275,-20.81915201,160.008257,0,0,0
3,519,37.2887974,127.1069343,-63.523563,-19.468138,-0.36336275,-20.81915201,160.322236,0,0,0
3,520,37.2887964,127.1069376,-63.230085,-19.579732,-0.36336275,-20.81915201,160.636215,0,0,0
3,521,37.2887954,127.1069409,-62.936606,-19.691327,-0.36336275,-20.81915201,160.950194,0,0,0
3,522,37.2887944,127.1069442,-62.643128,-19.802921,-0.36336275,-20.81915201,161.264173,0,0,0
3,523,37.2887934,127.1069475,-62.34965,-19.914515,-0.36336275,-20.81915201,161.578152,0,0,0
3,524,37.2887924,127.1069508,-62.056172,-20.026109,-0.36336275,-20.81915201,161.89213,0,0,0
3,525,37.2887914,127.1069541,-61.762693,-20.137704,-0.36336275,-20.81915201,162.20611,0,0,0
3,526,37.2887904,127.1069574,-61.469215,-20.249298,-0.36336275,-20.81915201,162.520089,0,0,0
3,527,37.2887894,127.1069608,-61.175737,-20.360892,-0.36336275,-20.81915201,162.834067,0,0,0
3,528,37.2887884,127.1069641,-60.882259,-20.472486,-0.36336275,-20.81915201,163.148046,0,0,0
3,529,37.2887874,127.1069674,-60.58878,-20.58408,-0.36336275,-20.81915201,163.462025,0,0,0
3,530,37.2887864,127.1069707,-60.295302,-20.695675,-0.36336275,-20.81915201,163.776004,0,0,0
3,531,37.2887854,127.106974,-60.001824,-20.807269,-0.36336275,-20.81915201,164.089983,0,0,0
3,532,37.2887844,127.1069773,-59.708346,-20.918863,-0.36336275,-20.81915201,164.403962,0,0,0
3,533,37.2887834,127.1069806,-59.414867,-21.030457,-0.36336275,-20.81915201,164.717941,0,0,0
3,534,37.2887824,127.106984,-59.121389,-21.142051,-0.36336275,-20.81915201,165.03192,0,0,0
3,535,37.2887814,127.1069873,-58.827911,-21.253646,-0.36336275,-20.81915201,165.345899,0,0,0
3,536,37.2887804,127.1069906,-58.534432,-21.36524,-0.36336275,-20.81915201,165.659878,0,0,0
3,537,37.2887794,127.1069939,-58.240954,-21.476834,-0.36336275,-20.81915201,165.973857,0,0,0
3,538,37.2887784,127.1069972,-57.947476,-21.588428,-0.36336275,-20.81915201,166.287835,0,0,0
3,539,37.2887774,127.1070005,-57.653998,-21.700022,-0.36336275,-20.81915201,166.601814,0,0,0
3,540,37.2887764,127.1070038,-57.360519,-21.811617,-0.36336275,-20.81915201,166.915794,0,0,0
3,541,37.2887754,127.1070072,-57.067041,-21.923211,-0.36336275,-20.81915201,167.229772,0,0,0
3,542,37.2887744,127.1070105,-56.773563,-22.034805,-0.36336275,-20.81915201,167.543751,0,0,0
3,543,37.2887734,127.1070138,-56.480085,-22.146399,-0.36336275,-20.81915201,167.85773,0,0,0
3,544,37.2887724,127.1070171,-56.186606,-22.257993,-0.36336275,-20.81915201,168.171709,0,0,0
3,545,37.2887714,127.1070204,-55.893128,-22.369588,-0.36336275,-20.81915201,168.485688,0,0,0
3,546,37.2887703,127.1070237,-55.59965,-22.481182,-0.36336275,-20.81915201,168.799667,0,0,0
3,547,37.2887693,127.107027,-55.306172,-22.592776,-0.36336275,-20.81915201,169.113645,0,0,0
3,548,37.2887683,127.1070303,-55.012693,-22.70437,-0.36336275,-20.81915201,169.427625,0,0,0
3,549,37.2887673,127.1070337,-54.719215,-22.815964,-0.36336275,-20.81915201,169.741603,0,0,0
3,550,37.2887663,127.107037,-54.425737,-22.927559,-0.36336275,-20.81915201,170.055582,0,0,0
3,551,37.2887653,127.1070403,-54.132259,-23.039153,-0.36336275,-20.81915201,170.369561,0,0,0
3,552,37.2887643,127.1070436,-53.83878,-23.150747,-0.36336275,-20.81915201,170.68354,0,0,0
3,553,37.2887633,127.1070469,-53.545302,-23.262341,-0.36336275,-20.81915201,170.997519,0,0,0
3,554,37.2887623,127.1070502,-53.251824,-23.373935,-0.36336275,-20.81915201,171.311498,0,0,0
3,555,37.2887613,127.1070535,-52.958346,-23.48553,-0.36336275,-20.81915201,171.625477,0,0,0
3,556,37.2887603,127.1070569,-52.664867,-23.597124,-0.36336275,-20.81915201,171.939456,0,0,0
3,557,37.2887593,127.1070602,-52.371389,-23.708718,-0.36336275,-20.81915201,172.253435,0,0,0
3,558,37.2887583,127.1070635,-52.077911,-23.820312,-0.36336275,-20.81915201,172.567413,0,0,0
3,559,37.2887573,127.1070668,-51.784432,-23.931906,-0.36336275,-20.81915201,172.881393,0,0,0
3,560,37.2887563,127.1070701,-51.490954,-24.043501,-0.36336275,-20.81915201,173.195372,0,0,0
3,561,37.2887553,127.1070734,-51.197476,-24.155095,-0.36336275,-20.81915201,173.50935,0,0,0
3,562,37.2887543,127.1070767,-50.903998,-24.266689,-0.36336275,-20.81915201,173.823329,0,0,0
3,563,37.2887533,127.1070801,-50.610519,-24.378283,-0.36336275,-20.81915201,174.137309,0,0,0
3,564,37.2887523,127.1070834,-50.317041,-24.489877,-0.36336275,-20.81915201,174.451287,0,0,0
3,565,37.2887513,127.1070867,-50.023563,-24.601472,-0.36336275,-20.81915201,174.765266,3,1,0
3,566,37.2887503,127.10709,-49.730085,-24.713066,-0.36336275,-20.81915201,175.079245,3,1,0
3,567,37.2887493,127.1070933,-49.436606,-24.82466,-0.36336275,-20.81915201,175.393224,3,1,0
3,568,37.2887483,127.1070966,-49.143128,-24.936254,-0.36336275,-20.81915201,175.707203,3,1,0
3,569,37.2887473,127.1070999,-48.84965,-25.047848,-0.36336275,-20.81915201,176.021181,3,1,0
3,570,37.2887463,127.1071032,-48.556172,-25.159443,-0.36336275,-20.81915201,176.33516,3,1,0
3,571,37.2887453,127.1071066,-48.262693,-25.271037,-0.36336275,-20.81915201,176.64914,3,1,0
3,572,37.2887443,127.1071099,-47.969215,-25.382631,-0.36336275,-20.81915201,176.963118,3,1,0
3,573,37.2887433,127.1071132,-47.675737,-25.494225,-0.36336275,-20.81915201,177.277097,3,1,0
3,574,37.2887423,127.1071165,-47.382259,-25.605819,-0.36336275,-20.81915201,177.591076,3,1,0
3,575,37.2887413,127.1071198,-47.08878,-25.717414,-0.36336275,-20.81915201,177.905056,3,1,0
3,576,37.2887403,127.1071231,-46.795302,-25.829008,-0.36336275,-20.81915201,178.219034,3,1,0
3,577,37.2887393,127.1071264,-46.501824,-25.940602,-0.36336275,-20.81915201,178.533013,3,1,0
3,578,37.2887383,127.1071298,-46.208346,-26.052196,-0.36336275,-20.81915201,178.846991,3,1,0
3,579,37.2887373,127.1071331,-45.914867,-26.16379,-0.36336275,-20.81915201,179.160971,3,1,0
3,580,37.2887363,127.1071364,-45.621389,-26.275385,-0.36336275,-20.81915201,179.47495,1,1,0
3,581,37.2887353,127.1071397,-45.327911,-26.386979,-0.36336275,-20.81915201,179.788928,1,1,0
3,582,37.2887343,127.107143,-45.034432,-26.498573,-0.36336275,-20.81915201,180.102908,1,1,0
3,583,37.2887333,127.1071463,-44.740954,-26.610167,-0.36336275,-20.81915201,180.416886,1,1,0
3,584,37.2887323,127.1071496,-44.447476,-26.721761,-0.36336275,-20.81915201,180.730865,1,1,0
3,585,37.2887313,127.107153,-44.153998,-26.833356,-0.36336275,-20.81915201,181.044844,1,1,0
3,586,37.2887303,127.1071563,-43.860519,-26.94495,-0.36336275,-20.81915201,181.358824,1,1,0
3,587,37.2887292,127.1071596,-43.567041,-27.056544,-0.36336275,-20.81915201,181.672802,1,1,0
3,588,37.2887282,127.1071629,-43.273563,-27.168138,-0.36336275,-20.81915201,181.986781,1,1,0
3,589,37.2887272,127.1071662,-42.980085,-27.279732,-0.36336275,-20.81915201,182.300759,1,1,0
3,590,37.2887262,127.1071695,-42.686606,-27.391327,-0.36336275,-20.81915201,182.614739,1,1,0
3,591,37.2887252,127.1071728,-42.393128,-27.502921,-0.36336275,-20.81915201,182.928718,1,1,0
3,592,37.2887242,127.1071761,-42.09965,-27.614515,-0.36336275,-20.81915201,183.242696,1,1,0
3,593,37.2887232,127.1071795,-41.806172,-27.726109,-0.36336275,-20.81915201,183.556675,1,1,0
3,594,37.2887222,127.1071828,-41.512693,-27.837704,-0.36336275,-20.81915201,183.870655,1,1,0
3,595,37.2887212,127.1071861,-41.219215,-27.949298,-0.36336275,-20.81915201,184.184633,1,1,0
3,596,37.2887202,127.1071894,-40.925737,-28.060892,-0.36336275,-20.81915201,184.498612,1,1,0
3,597,37.2887192,127.1071927,-40.632259,-28.172486,-0.36336275,-20.81915201,184.812591,1,1,0
3,598,37.2887182,127.107196,-40.33878,-28.28408,-0.36336275,-20.81915201,185.12657,1,1,0
3,599,37.2887172,127.1071993,-40.045302,-28.395675,-0.36336275,-20.81915201,185.440549,1,1,0
3,600,37.2887162,127.1072027,-39.751824,-28.507269,-0.36336275,-20.81915201,185.754528,1,1,0
3,601,37.2887152,127.107206,-39.458346,-28.618863,-0.36336275,-20.81915201,186.068506,1,1,0
3,602,37.2887142,127.1072093,-39.164867,-28.730457,-0.36336275,-20.81915201,186.382486,1,1,0
3,603,37.2887132,127.1072126,-38.871389,-28.842051,-0.36336275,-20.81915201,186.696464,1,1,0
3,604,37.2887122,127.1072159,-38.577911,-28.953646,-0.36336275,-20.81915201,187.010443,1,1,0
3,605,37.2887112,127.1072192,-38.284432,-29.06524,-0.36336275,-20.81915201,187.324423,1,1,0
3,606,37.2887102,127.1072225,-37.990954,-29.176834,-0.36336275,-20.81915201,187.638402,1,1,0
3,607,37.2887092,127.1072259,-37.697476,-29.288428,-0.36336275,-20.81915201,187.95238,1,1,0
3,608,37.2887082,127.1072292,-37.403998,-29.400022,-0.36336275,-20.81915201,188.266359,1,1,0
3,609,37.2887072,127.1072325,-37.110519,-29.511617,-0.36336275,-20.81915201,188.580339,1,1,0
3,610,37.2887062,127.1072358,-36.817041,-29.623211,-0.36336275,-20.81915201,188.894317,1,1,0
3,611,37.2887052,127.1072391,-36.523563,-29.734805,-0.36336275,-20.81915201,189.208296,1,1,0
3,612,37.2887042,127.1072424,-36.230085,-29.846399,-0.36336275,-20.81915201,189.522274,1,1,0
3,613,37.2887032,127.1072457,-35.936606,-29.957993,-0.36336275,-20.81915201,189.836254,1,1,0
3,614,37.2887022,127.107249,-35.643128,-30.069588,-0.36336275,-20.81915201,190.150233,1,1,0
3,615,37.2887012,127.1072524,-35.34965,-30.181182,-0.36336275,-20.81915201,190.464211,1,1,0
3,616,37.2887002,127.1072557,-35.056172,-30.292776,-0.36336275,-20.81915201,190.77819,1,1,0
3,617,37.2886992,127.107259,-34.762693,-30.40437,-0.36336275,-20.81915201,191.09217,1,1,0
3,618,37.2886982,127.1072623,-34.469215,-30.515964,-0.36336275,-20.81915201,191.406148,1,1,0
3,619,37.2886972,127.1072656,-34.175737,-30.627559,-0.36336275,-20.81915201,191.720127,1,1,0
3,620,37.2886962,127.1072689,-33.882259,-30.739153,-0.36336275,-20.81915201,192.034106,1,1,0
3,621,37.2886952,127.1072722,-33.58878,-30.850747,-0.36336275,-20.81915201,192.348085,1,1,0
3,622,37.2886942,127.1072756,-33.295302,-30.962341,-0.36336275,-20.81915201,192.662064,1,1,0
3,623,37.2886932,127.1072789,-33.001824,-31.073935,-0.36336275,-20.81915201,192.976042,1,1,0
3,624,37.2886922,127.1072822,-32.708346,-31.18553,-0.36336275,-20.81915201,193.290021,1,1,0
3,625,37.2886912,127.1072855,-32.414867,-31.297124,-0.36336275,-20.81915201,193.604001,1,1,0
3,626,37.2886902,127.1072888,-32.121389,-31.408718,-0.381205465,-21.84146427,193.917979,1,1,0
3,627,37.2886891,127.107292,-31.838579,-31.528106,-0.43554766,-24.9550427,194.224957,1,1,0
3,628,37.2886878,127.1072951,-31.565117,-31.667581,-0.50773257,-29.09093338,194.531933,1,1,0
3,629,37.2886757,127.1072938,-31.681037,-33.017697,-0.579917479,-33.22682401,194.83891,1,1,0
3,630,37.2886741,127.1072966,-31.430485,-33.195063,-0.652102389,-37.3627147,195.145888,1,1,0
3,631,37.2886724,127.1072993,-31.193378,-33.390037,-0.724287298,-41.49860533,195.452864,1,1,0
3,632,37.2886705,127.1073018,-30.97095,-33.601605,-0.796472208,-45.63449602,195.759842,1,1,0
3,633,37.2886684,127.1073041,-30.764361,-33.828663,-0.868657118,-49.77038671,196.066818,1,1,0
3,634,37.2886662,127.1073063,-30.574685,-34.07003,-0.940842027,-53.90627734,196.373795,1,1,0
3,635,37.288664,127.1073082,-30.402911,-34.324448,-1.013026937,-58.04216802,196.680772,1,1,0
3,636,37.2886616,127.1073099,-30.249934,-34.590593,-1.088452128,-62.36371314,196.987749,1,1,0
3,637,37.2886591,127.1073114,-30.121311,-34.86227,-1.172031016,-67.15243068,197.288336,1,1,0
3,638,37.2886566,127.1073126,-30.016729,-35.144078,-1.258850185,-72.12680264,197.588924,1,1,0
3,639,37.288654,127.1073135,-29.936977,-35.433892,-1.345669355,-77.10117466,197.889511,1,1,0
3,640,37.2886513,127.1073141,-29.882656,-35.72953,-1.432488524,-82.07554663,198.190098,1,1,0
3,641,37.2886486,127.1073144,-29.854173,-36.028764,-1.519307694,-87.04991865,198.490684,1,1,0
3,642,37.2886459,127.1073144,-29.851745,-36.329342,-1.606126863,-92.02429061,198.791272,1,1,0
3,643,37.2886433,127.1073142,-29.875389,-36.628998,-1.692946033,-96.99866263,199.09186,1,1,0
3,644,37.2886406,127.1073136,-29.924927,-36.925475,-1.779765202,-101.9730346,199.392447,1,1,0
3,645,37.288638,127.1073128,-29.999985,-37.21654,-1.866584372,-106.9474066,199.693034,1,1,0
3,646,37.2886354,127.1073116,-30.1,-37.5,-1.932038459,-110.6976496,199.993621,1,1,0
3,647,37.2886328,127.1073103,-30.215789,-37.787719,-1.953403541,-111.9217786,200.303765,1,1,0
3,648,37.2886303,127.107309,-30.331579,-38.075439,-1.953403541,-111.9217786,200.61391,1,1,0
3,649,37.2886277,127.1073077,-30.447368,-38.363158,-1.953403541,-111.9217786,200.924054,1,1,0
3,650,37.2886251,127.1073064,-30.563158,-38.650877,-1.953403541,-111.9217786,201.234199,1,1,0
3,651,37.2886225,127.1073051,-30.678947,-38.938596,-1.953403541,-111.9217786,201.544343,1,1,0
3,652,37.2886199,127.1073038,-30.794737,-39.226316,-1.953403541,-111.9217786,201.854488,1,1,0
3,653,37.2886173,127.1073025,-30.910526,-39.514035,-1.953403541,-111.9217786,202.164632,1,1,0
3,654,37.2886148,127.1073012,-31.026316,-39.801754,-1.953403541,-111.9217786,202.474776,1,1,0
3,655,37.2886122,127.1072999,-31.142105,-40.089474,-1.953403541,-111.9217786,202.784921,1,1,0
3,656,37.2886096,127.1072986,-31.257895,-40.377193,-1.953403541,-111.9217786,203.095066,1,1,0
3,657,37.288607,127.1072973,-31.373684,-40.664912,-1.953403541,-111.9217786,203.40521,1,1,0
3,658,37.2886044,127.1072959,-31.489474,-40.952632,-1.953403541,-111.9217786,203.715355,1,1,0
3,659,37.2886018,127.1072946,-31.605263,-41.240351,-1.953403541,-111.9217786,204.025499,1,1,0
3,660,37.2885992,127.1072933,-31.721053,-41.52807,-1.953403541,-111.9217786,204.335643,1,1,0
3,661,37.2885967,127.107292,-31.836842,-41.815789,-1.953403541,-111.9217786,204.645787,1,1,0
3,662,37.2885941,127.1072907,-31.952632,-42.103509,-1.953403541,-111.9217786,204.955933,1,1,0
3,663,37.2885915,127.1072894,-32.068421,-42.391228,-1.953403541,-111.9217786,205.266077,1,1,0
3,664,37.2885889,127.1072881,-32.184211,-42.678947,-1.953403541,-111.9217786,205.576221,1,1,0
3,665,37.2885863,127.1072868,-32.3,-42.966667,-1.953403541,-111.9217786,205.886366,1,1,0
3,666,37.2885837,127.1072855,-32.415789,-43.254386,-1.953403541,-111.9217786,206.19651,1,1,0
3,667,37.2885812,127.1072842,-32.531579,-43.542105,-1.953403541,-111.9217786,206.506655,1,1,0
3,668,37.2885786,127.1072829,-32.647368,-43.829825,-1.953403541,-111.9217786,206.8168,1,1,0
3,669,37.288576,127.1072816,-32.763158,-44.117544,-1.953403541,-111.9217786,207.126944,1,1,0
3,670,37.2885734,127.1072803,-32.878947,-44.405263,-1.953403541,-111.9217786,207.437088,1,1,0
3,671,37.2885708,127.107279,-32.994737,-44.692982,-1.953403541,-111.9217786,207.747232,1,1,0
3,672,37.2885682,127.1072776,-33.110526,-44.980702,-1.953403541,-111.9217786,208.057377,1,1,0
3,673,37.2885656,127.1072763,-33.226316,-45.268421,-1.953403541,-111.9217786,208.367522,1,1,0
3,674,37.2885631,127.107275,-33.342105,-45.55614,-1.953403541,-111.9217786,208.677666,1,1,0
3,675,37.2885605,127.1072737,-33.457895,-45.84386,-1.953403541,-111.9217786,208.987811,1,1,0
3,676,37.2885579,127.1072724,-33.573684,-46.131579,-1.953403541,-111.9217786,209.297955,4,1,0
3,677,37.2885553,127.1072711,-33.689474,-46.419298,-1.953403541,-111.9217786,209.608099,4,1,0
3,678,37.2885527,127.1072698,-33.805263,-46.707018,-1.953403541,-111.9217786,209.918244,4,1,0
3,679,37.2885501,127.1072685,-33.921053,-46.994737,-1.953403541,-111.9217786,210.228389,4,1,0
3,680,37.2885476,127.1072672,-34.036842,-47.282456,-1.953403541,-111.9217786,210.538533,4,1,0
3,681,37.288545,127.1072659,-34.152632,-47.570175,-1.953403541,-111.9217786,210.848677,4,1,0
3,682,37.2885424,127.1072646,-34.268421,-47.857895,-1.953403541,-111.9217786,211.158822,4,1,0
3,683,37.2885398,127.1072633,-34.384211,-48.145614,-1.953403541,-111.9217786,211.468967,4,1,1
3,684,37.2885372,127.107262,-34.5,-48.433333,-1.953403541,-111.9217786,211.779111,0,0,0
3,685,37.2885346,127.1072606,-34.615789,-48.721053,-1.953403541,-111.9217786,212.089256,0,0,0
3,686,37.288532,127.1072593,-34.731579,-49.008772,-1.953403541,-111.9217786,212.3994,0,0,0
3,687,37.2885295,127.107258,-34.847368,-49.296491,-1.953403541,-111.9217786,212.709544,0,0,0
3,688,37.2885269,127.1072567,-34.963158,-49.584211,-1.953403541,-111.9217786,213.019689,0,0,0
3,689,37.2885243,127.1072554,-35.078947,-49.87193,-1.953403541,-111.9217786,213.329833,0,0,0
3,690,37.2885217,127.1072541,-35.194737,-50.159649,-1.953403541,-111.9217786,213.639978,0,0,0
3,691,37.2885191,127.1072528,-35.310526,-50.447368,-1.953403541,-111.9217786,213.950122,0,0,0
3,692,37.2885165,127.1072515,-35.426316,-50.735088,-1.953403541,-111.9217786,214.260267,0,0,0
3,693,37.288514,127.1072502,-35.542105,-51.022807,-1.953403541,-111.9217786,214.570411,0,0,0
3,694,37.2885114,127.1072489,-35.657895,-51.310526,-1.953403541,-111.9217786,214.880556,0,0,0
3,695,37.2885088,127.1072476,-35.773684,-51.598246,-1.953403541,-111.9217786,215.1907,0,0,0
3,696,37.2885062,127.1072463,-35.889474,-51.885965,-1.953403541,-111.9217786,215.500845,0,0,0
3,697,37.2885036,127.107245,-36.005263,-52.173684,-1.953403541,-111.9217786,215.810989,0,0,0
3,698,37.288501,127.1072437,-36.121053,-52.461404,-1.953403541,-111.9217786,216.121134,0,0,0
3,699,37.2884984,127.1072423,-36.236842,-52.749123,-1.953403541,-111.9217786,216.431278,0,0,0
3,700,37.2884959,127.107241,-36.352632,-53.036842,-1.953403541,-111.9217786,216.741423,0,0,0
3,701,37.2884933,127.1072397,-36.468421,-53.324561,-1.953403541,-111.9217786,217.051567,0,0,0
3,702,37.2884907,127.1072384,-36.584211,-53.612281,-1.953403541,-111.9217786,217.361712,0,0,0
3,703,37.2884881,127.1072371,-36.7,-53.9,-1.953403541,-111.9217786,217.671856,0,0,0
4,0,37.2885896,127.1072868,-32.3,-42.6,1.163540479,66.66595874,0,1,1,0
4,1,37.2885922,127.1072882,-32.177778,-42.316667,1.163540479,66.66595874,0.308571,1,1,0
4,2,37.2885947,127.1072896,-32.055556,-42.033333,1.163540479,66.66595874,0.617142,1,1,0
4,3,37.2885973,127.1072909,-31.933333,-41.75,1.163540479,66.66595874,0.925713,1,1,0
4,4,37.2885998,127.1072923,-31.811111,-41.466667,1.163540479,66.66595874,1.234284,1,1,0
4,5,37.2886023,127.1072937,-31.688889,-41.183333,1.163540479,66.66595874,1.542855,1,1,0
4,6,37.2886049,127.1072951,-31.566667,-40.9,1.163540479,66.66595874,1.851426,1,1,0
4,7,37.2886074,127.1072965,-31.444444,-40.616667,1.163540479,66.66595874,2.159997,1,1,0
4,8,37.28861,127.1072978,-31.322222,-40.333333,1.163540479,66.66595874,2.468568,1,1,0
4,9,37.2886125,127.1072992,-31.2,-40.05,1.163540479,66.66595874,2.777139,1,1,0
4,10,37.2886151,127.1073006,-31.077778,-39.766667,1.163540479,66.66595874,3.085709,1,1,0
4,11,37.2886176,127.107302,-30.955556,-39.483333,1.163540479,66.66595874,3.394281,1,1,0
4,12,37.2886202,127.1073034,-30.833333,-39.2,1.163540479,66.66595874,3.702852,1,1,0
4,13,37.2886227,127.1073047,-30.711111,-38.916667,1.163540479,66.66595874,4.011422,1,1,0
4,14,37.2886253,127.1073061,-30.588889,-38.633333,1.163540479,66.66595874,4.319994,1,1,0
4,15,37.2886278,127.1073075,-30.466667,-38.35,1.163540479,66.66595874,4.628565,1,1,0
4,16,37.2886303,127.1073089,-30.344444,-38.066667,1.163540479,66.66595874,4.937136,1,1,0
4,17,37.2886329,127.1073103,-30.222222,-37.783333,1.163540479,66.66595874,5.245707,1,1,0
4,18,37.2886354,127.1073116,-30.1,-37.5,1.140904131,65.36899154,5.554278,1,1,0
4,19,37.2886378,127.1073131,-29.972608,-37.238908,1.070180387,61.31681949,5.844791,1,1,0
4,20,37.28864,127.1073148,-29.821431,-36.990829,0.976820295,55.96768025,6.135303,1,1,0
4,21,37.2886421,127.1073167,-29.647786,-36.757924,0.883460203,50.618541,6.425816,1,1,0
4,22,37.288644,127.1073189,-29.453184,-36.542222,0.790100111,45.26940175,6.716328,1,1,0
4,23,37.2886458,127.1073214,-29.239321,-36.3456,0.69674002,39.92026256,7.00684,1,1,0
4,24,37.2886474,127.107324,-29.008059,-36.169772,0.603379928,34.57112332,7.297353,1,1,0
4,25,37.2886488,127.1073268,-28.761413,-36.016269,0.510019836,29.22198407,7.587865,1,1,0
4,26,37.2886499,127.1073297,-28.501531,-35.886428,0.416659744,23.87284482,7.878377,1,1,0
4,27,37.2886509,127.1073327,-28.230676,-35.781379,0.327780929,18.78046384,8.16889,1,1,0
4,28,37.2886516,127.107336,-27.945191,-35.697246,0.24988235,14.31720403,8.466514,1,1,0
4,29,37.2886522,127.1073393,-27.654304,-35.63428,0.176465047,10.11070243,8.764138,1,1,0
4,30,37.2886526,127.1073426,-27.359582,-35.59282,0.103047745,5.904200877,9.061762,1,1,0
4,31,37.2886527,127.1073459,-27.062613,-35.57309,0.029630443,1.697699329,9.359386,1,1,0
4,32,37.2886527,127.1073493,-26.764997,-35.575197,-0.04378686,-2.508802276,9.657009,1,1,0
4,33,37.2886525,127.1073526,-26.468337,-35.599129,-0.117204162,-6.715303824,9.954633,1,1,0
4,34,37.2886521,127.107356,-26.174231,-35.644756,-0.190621464,-10.92180537,10.252257,1,1,0
4,35,37.2886515,127.1073592,-25.884265,-35.711834,-0.264038767,-15.12830698,10.549881,1,1,0
4,36,37.2886507,127.1073624,-25.6,-35.8,-0.319236771,-18.29091964,10.847504,1,1,0
4,37,37.2886498,127.1073657,-25.315,-35.9,-0.337456069,-19.33480853,11.149539,1,1,0
4,38,37.2886489,127.1073689,-25.03,-36,-0.337456069,-19.33480853,11.451574,1,1,0
4,39,37.288648,127.1073721,-24.745,-36.1,-0.337456069,-19.33480853,11.753609,1,1,0
4,40,37.2886471,127.1073753,-24.46,-36.2,-0.337456069,-19.33480853,12.055643,0,0,0
4,41,37.2886462,127.1073785,-24.175,-36.3,-0.337456069,-19.33480853,12.357678,0,0,0
4,42,37.2886453,127.1073818,-23.89,-36.4,-0.337456069,-19.33480853,12.659713,0,0,0
4,43,37.2886444,127.107385,-23.605,-36.5,-0.337456069,-19.33480853,12.961748,0,0,0
4,44,37.2886435,127.1073882,-23.32,-36.6,-0.337456069,-19.33480853,13.263782,0,0,0
4,45,37.2886426,127.1073914,-23.035,-36.7,-0.337456069,-19.33480853,13.565817,0,0,0
4,46,37.2886417,127.1073946,-22.75,-36.8,-0.337456069,-19.33480853,13.867852,0,0,0
4,47,37.2886408,127.1073978,-22.465,-36.9,-0.337456069,-19.33480853,14.169887,0,0,0
4,48,37.2886399,127.1074011,-22.18,-37,-0.337456069,-19.33480853,14.471922,0,0,0
4,49,37.288639,127.1074043,-21.895,-37.1,-0.337456069,-19.33480853,14.773956,0,0,0
4,50,37.2886381,127.1074075,-21.61,-37.2,-0.337456069,-19.33480853,15.075991,0,0,0
4,51,37.2886372,127.1074107,-21.325,-37.3,-0.337456069,-19.33480853,15.378026,0,0,0
4,52,37.2886363,127.1074139,-21.04,-37.4,-0.337456069,-19.33480853,15.680061,0,0,0
4,53,37.2886354,127.1074172,-20.755,-37.5,-0.337456069,-19.33480853,15.982095,0,0,0
4,54,37.2886345,127.1074204,-20.47,-37.6,-0.337456069,-19.33480853,16.28413,0,0,0
4,55,37.2886336,127.1074236,-20.185,-37.7,-0.337456069,-19.33480853,16.586165,0,0,0
4,56,37.2886327,127.1074268,-19.9,-37.8,-0.349119866,-20.00309487,16.8882,0,0,0
4,57,37.2886317,127.1074301,-19.607231,-37.910326,-0.383303606,-21.9616789,17.201066,0,0,0
4,58,37.2886306,127.1074334,-19.319826,-38.033954,-0.429151143,-24.58854927,17.513933,0,0,0
4,59,37.2886294,127.1074365,-19.03839,-38.170624,-0.474998679,-27.21541958,17.826798,0,0,0
4,60,37.2886281,127.1074396,-18.763513,-38.32005,-0.520846216,-29.84228995,18.139665,0,0,0
4,61,37.2886266,127.1074427,-18.495773,-38.481916,-0.566693753,-32.46916032,18.452531,0,0,0
4,62,37.288625,127.1074456,-18.235733,-38.655883,-0.61254129,-35.09603069,18.765398,0,0,0
4,63,37.2886234,127.1074484,-17.983939,-38.841586,-0.658388827,-37.72290107,19.078265,0,0,0
4,64,37.2886216,127.1074512,-17.740921,-39.038633,-0.704236363,-40.34977138,19.391131,0,0,0
4,65,37.2886197,127.1074538,-17.50719,-39.246611,-0.7500839,-42.97664175,19.703997,0,0,0
4,66,37.2886178,127.1074564,-17.283236,-39.465083,-0.795931437,-45.60351212,20.016863,0,0,0
4,67,37.2886157,127.1074588,-17.06953,-39.69359,-0.841778974,-48.23038249,20.32973,0,0,0
4,68,37.2886136,127.1074611,-16.866521,-39.931651,-0.897369358,-51.41547688,20.642597,0,0,0
4,69,37.2886115,127.107463,-16.694419,-40.163743,-0.977857915,-56.02713149,20.931536,0,0,0
4,70,37.2886093,127.1074647,-16.543931,-40.410399,-1.06808932,-61.19701018,21.220475,0,0,0
4,71,37.288607,127.1074661,-16.416281,-40.669611,-1.158320725,-66.36688887,21.509414,0,0,0
4,72,37.2886045,127.1074673,-16.312508,-40.939272,-1.24855213,-71.53676755,21.798353,0,0,0
4,73,37.288602,127.1074682,-16.233456,-41.217187,-1.338783535,-76.70664624,22.087292,0,0,0
4,74,37.2885995,127.1074688,-16.179768,-41.501094,-1.429014941,-81.87652498,22.376231,0,0,0
4,75,37.2885969,127.1074691,-16.151881,-41.788684,-1.519246346,-87.04640367,22.66517,0,0,0
4,76,37.2885943,127.1074691,-16.150022,-42.077617,-1.609477751,-92.21628235,22.954109,0,0,0
4,77,37.2885917,127.1074689,-16.174206,-42.365543,-1.699709156,-97.38616104,23.243049,0,0,0
4,78,37.2885892,127.1074683,-16.224236,-42.650117,-1.789940561,-102.5560397,23.531987,0,0,0
4,79,37.2885867,127.1074675,-16.299705,-42.929026,-1.880171966,-107.7259184,23.820926,0,0,0
4,80,37.2885842,127.1074663,-16.4,-43.2,-1.948817479,-111.6590166,24.109866,0,0,0
4,81,37.2885816,127.1074649,-16.522535,-43.490141,-1.970403371,-112.8957971,24.424821,0,0,0
4,82,37.288579,127.1074636,-16.64507,-43.780282,-1.970403371,-112.8957971,24.739776,0,0,0
4,83,37.2885764,127.1074622,-16.767606,-44.070423,-1.970403371,-112.8957971,25.054731,0,0,0
4,84,37.2885738,127.1074608,-16.890141,-44.360563,-1.970403371,-112.8957971,25.369685,0,0,0
4,85,37.2885712,127.1074594,-17.012676,-44.650704,-1.970403371,-112.8957971,25.68464,0,0,0
4,86,37.2885686,127.107458,-17.135211,-44.940845,-1.970403371,-112.8957971,25.999595,0,0,0
4,87,37.288566,127.1074566,-17.257746,-45.230986,-1.970403371,-112.8957971,26.31455,0,0,0
4,88,37.2885634,127.1074553,-17.380282,-45.521127,-1.970403371,-112.8957971,26.629505,0,0,0
4,89,37.2885608,127.1074539,-17.502817,-45.811268,-1.970403371,-112.8957971,26.94446,0,0,0
4,90,37.2885582,127.1074525,-17.625352,-46.101408,-1.970403371,-112.8957971,27.259414,0,0,0
4,91,37.2885556,127.1074511,-17.747887,-46.391549,-1.970403371,-112.8957971,27.574369,0,0,0
4,92,37.288553,127.1074497,-17.870423,-46.68169,-1.970403371,-112.8957971,27.889324,0,0,0
4,93,37.2885503,127.1074483,-17.992958,-46.971831,-1.970403371,-112.8957971,28.204279,0,0,0
4,94,37.2885477,127.107447,-18.115493,-47.261972,-1.970403371,-112.8957971,28.519234,0,0,0
4,95,37.2885451,127.1074456,-18.238028,-47.552113,-1.970403371,-112.8957971,28.834189,0,0,0
4,96,37.2885425,127.1074442,-18.360563,-47.842254,-1.970403371,-112.8957971,29.149144,0,0,0
4,97,37.2885399,127.1074428,-18.483099,-48.132394,-1.970403371,-112.8957971,29.464099,0,0,0
4,98,37.2885373,127.1074414,-18.605634,-48.422535,-1.970403371,-112.8957971,29.779054,0,0,0
4,99,37.2885347,127.10744,-18.728169,-48.712676,-1.970403371,-112.8957971,30.094009,0,0,0
4,100,37.2885321,127.1074387,-18.850704,-49.002817,-1.970403371,-112.8957971,30.408964,0,0,0
4,101,37.2885295,127.1074373,-18.973239,-49.292958,-1.970403371,-112.8957971,30.723919,0,0,0
4,102,37.2885269,127.1074359,-19.095775,-49.583099,-1.970403371,-112.8957971,31.038874,0,0,0
4,103,37.2885243,127.1074345,-19.21831,-49.873239,-1.970403371,-112.8957971,31.353828,0,0,0
4,104,37.2885217,127.1074331,-19.340845,-50.16338,-1.970403371,-112.8957971,31.668783,0,0,0
4,105,37.2885191,127.1074317,-19.46338,-50.453521,-1.970403371,-112.8957971,31.983738,0,0,0
4,106,37.2885165,127.1074304,-19.585915,-50.743662,-1.970403371,-112.8957971,32.298693,0,0,0
4,107,37.2885139,127.107429,-19.708451,-51.033803,-1.970403371,-112.8957971,32.613648,0,0,0
4,108,37.2885113,127.1074276,-19.830986,-51.323944,-1.970403371,-112.8957971,32.928603,0,0,0
4,109,37.2885086,127.1074262,-19.953521,-51.614085,-1.970403371,-112.8957971,33.243558,0,0,0
4,110,37.288506,127.1074248,-20.076056,-51.904225,-1.970403371,-112.8957971,33.558512,0,0,0
4,111,37.2885034,127.1074234,-20.198592,-52.194366,-1.970403371,-112.8957971,33.873467,0,0,0
4,112,37.2885008,127.1074221,-20.321127,-52.484507,-1.970403371,-112.8957971,34.188422,0,0,0
4,113,37.2884982,127.1074207,-20.443662,-52.774648,-1.970403371,-112.8957971,34.503377,0,0,0
4,114,37.2884956,127.1074193,-20.566197,-53.064789,-1.970403371,-112.8957971,34.818332,0,0,0
4,115,37.288493,127.1074179,-20.688732,-53.35493,-1.970403371,-112.8957971,35.133287,0,0,0
4,116,37.2884904,127.1074165,-20.811268,-53.64507,-1.970403371,-112.8957971,35.448242,0,0,0
4,117,37.2884878,127.1074151,-20.933803,-53.935211,-1.970403371,-112.8957971,35.763197,0,0,0
4,118,37.2884852,127.1074138,-21.056338,-54.225352,-1.970403371,-112.8957971,36.078152,0,0,0
4,119,37.2884826,127.1074124,-21.178873,-54.515493,-1.970403371,-112.8957971,36.393107,0,0,0
4,120,37.28848,127.107411,-21.301408,-54.805634,-1.970403371,-112.8957971,36.708062,0,0,0
4,121,37.2884774,127.1074096,-21.423944,-55.095775,-1.970403371,-112.8957971,37.023017,0,0,0
4,122,37.2884748,127.1074082,-21.546479,-55.385915,-1.970403371,-112.8957971,37.337971,0,0,0
4,123,37.2884722,127.1074068,-21.669014,-55.676056,-1.970403371,-112.8957971,37.652926,0,0,0
4,124,37.2884695,127.1074054,-21.791549,-55.966197,-1.970403371,-112.8957971,37.967881,0,0,0
4,125,37.2884669,127.1074041,-21.914085,-56.256338,-1.970403371,-112.8957971,38.282836,0,0,0
4,126,37.2884643,127.1074027,-22.03662,-56.546479,-1.970403371,-112.8957971,38.597791,0,0,0
4,127,37.2884617,127.1074013,-22.159155,-56.83662,-1.970403371,-112.8957971,38.912746,0,0,0
4,128,37.2884591,127.1073999,-22.28169,-57.126761,-1.970403371,-112.8957971,39.227701,0,0,0
4,129,37.2884565,127.1073985,-22.404225,-57.416901,-1.970403371,-112.8957971,39.542655,0,0,0
4,130,37.2884539,127.1073971,-22.526761,-57.707042,-1.970403371,-112.8957971,39.85761,0,0,0
4,131,37.2884513,127.1073958,-22.649296,-57.997183,-1.970403371,-112.8957971,40.172565,0,0,0
4,132,37.2884487,127.1073944,-22.771831,-58.287324,-1.970403371,-112.8957971,40.48752,0,0,0
4,133,37.2884461,127.107393,-22.894366,-58.577465,-1.970403371,-112.8957971,40.802475,0,0,0
4,134,37.2884435,127.1073916,-23.016901,-58.867606,-1.970403371,-112.8957971,41.11743,0,0,0
4,135,37.2884409,127.1073902,-23.139437,-59.157746,-1.970403371,-112.8957971,41.432385,0,0,0
4,136,37.2884383,127.1073888,-23.261972,-59.447887,-1.970403371,-112.8957971,41.74734,0,0,0
4,137,37.2884357,127.1073875,-23.384507,-59.738028,-1.970403371,-112.8957971,42.062295,0,0,0
4,138,37.2884331,127.1073861,-23.507042,-60.028169,-1.970403371,-112.8957971,42.37725,0,0,0
4,139,37.2884305,127.1073847,-23.629577,-60.31831,-1.970403371,-112.8957971,42.692205,0,0,0
4,140,37.2884278,127.1073833,-23.752113,-60.608451,-1.970403371,-112.8957971,43.00716,0,0,0
4,141,37.2884252,127.1073819,-23.874648,-60.898592,-1.970403371,-112.8957971,43.322115,0,0,0
4,142,37.2884226,127.1073805,-23.997183,-61.188732,-1.970403371,-112.8957971,43.637069,0,0,0
4,143,37.28842,127.1073792,-24.119718,-61.478873,-1.970403371,-112.8957971,43.952024,0,0,0
4,144,37.2884174,127.1073778,-24.242254,-61.769014,-1.970403371,-112.8957971,44.266979,0,0,0
4,145,37.2884148,127.1073764,-24.364789,-62.059155,-1.970403371,-112.8957971,44.581934,0,0,0
4,146,37.2884122,127.107375,-24.487324,-62.349296,-1.970403371,-112.8957971,44.896889,0,0,0
4,147,37.2884096,127.1073736,-24.609859,-62.639437,-1.970403371,-112.8957971,45.211844,0,0,0
4,148,37.288407,127.1073722,-24.732394,-62.929577,-1.970403371,-112.8957971,45.526798,0,0,0
4,149,37.2884044,127.1073709,-24.85493,-63.219718,-1.970403371,-112.8957971,45.841753,0,0,0
4,150,37.2884018,127.1073695,-24.977465,-63.509859,-1.970403371,-112.8957971,46.156708,0,0,0
4,151,37.2883992,127.1073681,-25.1,-63.8,-1.986695347,-113.8292586,46.471663,0,0,0
4,152,37.2883967,127.1073666,-25.229759,-64.081096,-2.03613483,-116.6619323,46.781264,0,0,0
4,153,37.2883942,127.107365,-25.377701,-64.353063,-2.101866289,-120.4280675,47.090865,0,0,0
4,154,37.2883919,127.1073631,-25.543188,-64.614724,-2.167597748,-124.1942026,47.400465,0,0,0
4,155,37.2883896,127.107361,-25.725504,-64.864951,-2.233329207,-127.9603378,47.710066,0,0,0
4,156,37.2883875,127.1073588,-25.923863,-65.102662,-2.299060666,-131.726473,48.019667,0,0,0
4,157,37.2883855,127.1073564,-26.137407,-65.32683,-2.364792125,-135.4926082,48.329267,0,0,0
4,158,37.2883836,127.1073538,-26.365214,-65.536488,-2.430523584,-139.2587434,48.638868,0,0,0
4,159,37.2883818,127.1073511,-26.606301,-65.73073,-2.496255043,-143.0248786,48.948469,0,0,0
4,160,37.2883802,127.1073482,-26.859625,-65.908717,-2.561986502,-146.7910137,49.25807,0,0,0
4,161,37.2883788,127.1073452,-27.124093,-66.06968,-2.627717961,-150.5571489,49.56767,0,0,0
4,162,37.2883775,127.1073421,-27.398563,-66.212924,-2.69344942,-154.3232841,49.877271,0,0,0
4,163,37.2883764,127.1073389,-27.681849,-66.337831,-2.759180879,-158.0894193,50.186872,0,0,0
4,164,37.2883754,127.1073357,-27.972728,-66.44386,-2.824912338,-161.8555545,50.496473,0,0,0
4,165,37.2883746,127.1073323,-28.269943,-66.530555,-2.890643797,-165.6216896,50.806074,0,0,0
4,166,37.288374,127.1073289,-28.57221,-66.597539,-2.94885513,-168.9569533,51.115674,0,0,0
4,167,37.2883736,127.1073255,-28.87547,-66.648729,-2.992364283,-171.4498442,51.423224,0,0,0
4,168,37.2883732,127.107322,-29.180376,-66.688975,-3.028353311,-173.5118636,51.730774,0,0,0
4,169,37.288373,127.1073186,-29.486532,-66.718223,-3.064342339,-175.573883,52.038324,0,0,0
4,170,37.2883728,127.1073151,-29.793542,-66.736436,-3.100331366,-177.6359024,52.345874,0,0,0
4,171,37.2883727,127.1073116,-30.101009,-66.743591,-3.136320394,-179.6979218,52.653424,0,0,0
4,172,37.2883728,127.1073082,-30.408534,-66.739679,3.110875886,178.2400589,52.960974,0,0,0
4,173,37.2883729,127.1073047,-30.715719,-66.724704,3.074886858,176.1780394,53.268524,0,0,0
4,174,37.2883731,127.1073012,-31.022166,-66.698685,3.038897831,174.1160201,53.576074,0,0,0
4,175,37.2883735,127.1072978,-31.327479,-66.661657,3.002908803,172.0540007,53.883624,0,0,0
4,176,37.2883739,127.1072943,-31.631262,-66.613668,2.966919775,169.9919813,54.191174,0,0,0
4,177,37.2883744,127.1072909,-31.933122,-66.554779,2.930930748,167.9299619,54.498724,0,0,0
4,178,37.2883751,127.1072876,-32.232667,-66.485067,2.89494172,165.8679425,54.806274,0,0,0
4,179,37.2883758,127.1072842,-32.529509,-66.404622,2.858952693,163.8059231,55.113824,0,0,0
4,180,37.2883766,127.1072809,-32.823265,-66.313548,2.822963665,161.7439037,55.421374,0,0,0
4,181,37.2883775,127.1072776,-33.113554,-66.211964,2.786974637,159.6818843,55.728924,0,0,0
4,182,37.2883785,127.1072744,-33.4,-66.1,2.759891125,158.1301134,56.036474,0,0,0
4,183,37.2883796,127.1072711,-33.690244,-65.980488,2.75098561,157.619865,56.350361,0,0,0
4,184,37.2883807,127.1072678,-33.980488,-65.860976,2.75098561,157.619865,56.664247,0,0,0
4,185,37.2883817,127.1072645,-34.270732,-65.741463,2.75098561,157.619865,56.978134,0,0,0
4,186,37.2883828,127.1072613,-34.560976,-65.621951,2.75098561,157.619865,57.29202,0,0,0
4,187,37.2883839,127.107258,-34.85122,-65.502439,2.75098561,157.619865,57.605907,0,0,0
4,188,37.288385,127.1072547,-35.141463,-65.382927,2.75098561,157.619865,57.919792,0,0,0
4,189,37.288386,127.1072514,-35.431707,-65.263415,2.75098561,157.619865,58.233679,0,0,0
4,190,37.2883871,127.1072482,-35.721951,-65.143902,2.75098561,157.619865,58.547566,0,0,0
4,191,37.2883882,127.1072449,-36.012195,-65.02439,2.75098561,157.619865,58.861452,0,0,0
4,192,37.2883893,127.1072416,-36.302439,-64.904878,2.75098561,157.619865,59.175338,0,0,0
4,193,37.2883903,127.1072383,-36.592683,-64.785366,2.75098561,157.619865,59.489225,0,0,0
4,194,37.2883914,127.1072351,-36.882927,-64.665854,2.75098561,157.619865,59.803111,0,0,0
4,195,37.2883925,127.1072318,-37.173171,-64.546341,2.75098561,157.619865,60.116998,0,0,0
4,196,37.2883935,127.1072285,-37.463415,-64.426829,2.75098561,157.619865,60.430885,0,0,0
4,197,37.2883946,127.1072252,-37.753659,-64.307317,2.75098561,157.619865,60.744771,0,0,0
4,198,37.2883957,127.1072219,-38.043902,-64.187805,2.75098561,157.619865,61.058657,0,0,0
4,199,37.2883968,127.1072187,-38.334146,-64.068293,2.75098561,157.619865,61.372543,0,0,0
4,200,37.2883978,127.1072154,-38.62439,-63.94878,2.75098561,157.619865,61.68643,0,0,0
4,201,37.2883989,127.1072121,-38.914634,-63.829268,2.75098561,157.619865,62.000316,0,0,0
4,202,37.2884,127.1072088,-39.204878,-63.709756,2.75098561,157.619865,62.314203,0,0,0
4,203,37.2884011,127.1072056,-39.495122,-63.590244,2.75098561,157.619865,62.628089,0,0,0
4,204,37.2884021,127.1072023,-39.785366,-63.470732,2.75098561,157.619865,62.941976,0,0,0
4,205,37.2884032,127.107199,-40.07561,-63.35122,2.75098561,157.619865,63.255862,0,0,0
4,206,37.2884043,127.1071957,-40.365854,-63.231707,2.75098561,157.619865,63.569749,0,0,0
4,207,37.2884054,127.1071924,-40.656098,-63.112195,2.75098561,157.619865,63.883635,0,0,0
4,208,37.2884064,127.1071892,-40.946341,-62.992683,2.75098561,157.619865,64.197521,0,0,0
4,209,37.2884075,127.1071859,-41.236585,-62.873171,2.75098561,157.619865,64.511407,0,0,0
4,210,37.2884086,127.1071826,-41.526829,-62.753659,2.75098561,157.619865,64.825294,0,0,0
4,211,37.2884097,127.1071793,-41.817073,-62.634146,2.75098561,157.619865,65.13918,0,0,0
4,212,37.2884107,127.1071761,-42.107317,-62.514634,2.75098561,157.619865,65.453067,0,0,0
4,213,37.2884118,127.1071728,-42.397561,-62.395122,2.75098561,157.619865,65.766953,0,0,0
4,214,37.2884129,127.1071695,-42.687805,-62.27561,2.75098561,157.619865,66.08084,0,0,0
4,215,37.2884139,127.1071662,-42.978049,-62.156098,2.75098561,157.619865,66.394726,0,0,0
4,216,37.288415,127.107163,-43.268293,-62.036585,2.75098561,157.619865,66.708613,0,0,0
4,217,37.2884161,127.1071597,-43.558537,-61.917073,2.75098561,157.619865,67.0225,0,0,0
4,218,37.2884172,127.1071564,-43.84878,-61.797561,2.75098561,157.619865,67.336385,0,0,0
4,219,37.2884182,127.1071531,-44.139024,-61.678049,2.75098561,157.619865,67.650271,0,0,0
4,220,37.2884193,127.1071498,-44.429268,-61.558537,2.75098561,157.619865,67.964158,0,0,0
4,221,37.2884204,127.1071466,-44.719512,-61.439024,2.75098561,157.619865,68.278045,0,0,0
4,222,37.2884215,127.1071433,-45.009756,-61.319512,2.75098561,157.619865,68.591931,0,0,0
4,223,37.2884225,127.10714,-45.3,-61.2,2.731871015,156.5246793,68.905818,0,0,0
4,224,37.2884237,127.1071368,-45.585211,-61.069592,2.674493622,153.2371969,69.219428,0,0,0
4,225,37.2884251,127.1071337,-45.859623,-60.91777,2.598001635,148.8545289,69.533039,0,0,0
4,226,37.2884266,127.1071307,-46.12163,-60.745422,2.521509647,144.4718608,69.84665,0,0,0
4,227,37.2884283,127.1071279,-46.369701,-60.553556,2.44501766,140.0891928,70.16026,0,0,0
4,228,37.2884302,127.1071253,-46.602385,-60.343295,2.368525672,135.7065247,70.473871,0,0,0
4,229,37.2884323,127.1071229,-46.818321,-60.115867,2.292033685,131.3238567,70.787482,0,0,0
4,230,37.2884345,127.1071206,-47.016246,-59.872603,2.215541697,126.9411886,71.101093,0,0,0
4,231,37.2884368,127.1071186,-47.195002,-59.614925,2.13904971,122.5585206,71.414703,0,0,0
4,232,37.2884392,127.1071168,-47.353545,-59.34434,2.062557722,118.1758525,71.728315,0,0,0
4,233,37.2884417,127.1071153,-47.490947,-59.062432,1.986190482,113.8003319,72.041925,0,0,0
4,234,37.2884444,127.107114,-47.606573,-58.770658,1.910130859,109.4424365,72.355774,0,0,0
4,235,37.288447,127.1071129,-47.699732,-58.470952,1.834195984,105.0916887,72.669625,0,0,0
4,236,37.2884498,127.1071121,-47.769886,-58.165044,1.758261108,100.7409408,72.983474,0,0,0
4,237,37.2884526,127.1071116,-47.816631,-57.854694,1.682326232,96.39019286,73.297325,0,0,0
4,238,37.2884554,127.1071113,-47.839698,-57.541693,1.606391356,92.03944495,73.611175,0,0,0
4,239,37.2884582,127.1071113,-47.838953,-57.227844,1.530456481,87.68869709,73.925025,0,0,0
4,240,37.288461,127.1071116,-47.814402,-56.914956,1.454521605,83.33794918,74.238874,0,0,0
4,241,37.2884638,127.1071122,-47.766185,-56.604832,1.378586729,78.98720126,74.552724,0,0,0
4,242,37.2884666,127.107113,-47.69458,-56.29926,1.302651854,74.63645341,74.866574,0,0,0
4,243,37.2884692,127.107114,-47.6,-56,1.245673673,71.37184411,75.180424,0,0,0
4,244,37.2884719,127.1071152,-47.493827,-55.703704,1.226716978,70.2857055,75.495168,0,0,0
4,245,37.2884746,127.1071164,-47.387654,-55.407407,1.226716978,70.2857055,75.809914,0,0,0
4,246,37.2884772,127.1071176,-47.281481,-55.111111,1.226716978,70.2857055,76.124658,0,0,0
4,247,37.2884799,127.1071188,-47.175309,-54.814815,1.226716978,70.2857055,76.439402,0,0,0
4,248,37.2884826,127.10712,-47.069136,-54.518519,1.226716978,70.2857055,76.754147,0,0,0
4,249,37.2884852,127.1071212,-46.962963,-54.222222,1.226716978,70.2857055,77.068892,0,0,0
4,250,37.2884879,127.1071224,-46.85679,-53.925926,1.226716978,70.2857055,77.383636,0,0,0
4,251,37.2884905,127.1071236,-46.750617,-53.62963,1.226716978,70.2857055,77.698381,0,0,0
4,252,37.2884932,127.1071248,-46.644444,-53.333333,1.226716978,70.2857055,78.013126,0,0,0
4,253,37.2884959,127.107126,-46.538272,-53.037037,1.226716978,70.2857055,78.32787,0,0,0
4,254,37.2884985,127.1071272,-46.432099,-52.740741,1.226716978,70.2857055,78.642614,0,0,0
4,255,37.2885012,127.1071284,-46.325926,-52.444444,1.226716978,70.2857055,78.95736,0,0,0
4,256,37.2885038,127.1071296,-46.219753,-52.148148,1.226716978,70.2857055,79.272104,0,0,0
4,257,37.2885065,127.1071308,-46.11358,-51.851852,1.226716978,70.2857055,79.586848,0,0,0
4,258,37.2885092,127.107132,-46.007407,-51.555556,1.226716978,70.2857055,79.901593,0,0,0
4,259,37.2885118,127.1071332,-45.901235,-51.259259,1.226716978,70.2857055,80.216338,0,0,0
4,260,37.2885145,127.1071344,-45.795062,-50.962963,1.226716978,70.2857055,80.531082,0,0,0
4,261,37.2885172,127.1071356,-45.688889,-50.666667,1.226716978,70.2857055,80.845827,0,0,0
4,262,37.2885198,127.1071368,-45.582716,-50.37037,1.226716978,70.2857055,81.160572,0,0,0
4,263,37.2885225,127.107138,-45.476543,-50.074074,1.226716978,70.2857055,81.475316,0,0,0
4,264,37.2885251,127.1071392,-45.37037,-49.777778,1.226716978,70.2857055,81.790061,0,0,0
4,265,37.2885278,127.1071404,-45.264198,-49.481481,1.226716978,70.2857055,82.104806,0,0,0
4,266,37.2885305,127.1071416,-45.158025,-49.185185,1.226716978,70.2857055,82.41955,0,0,0
4,267,37.2885331,127.1071428,-45.051852,-48.888889,1.226716978,70.2857055,82.734294,0,0,0
4,268,37.2885358,127.107144,-44.945679,-48.592593,1.226716978,70.2857055,83.049039,0,0,0
4,269,37.2885384,127.1071452,-44.839506,-48.296296,1.226716978,70.2857055,83.363784,0,0,0
4,270,37.2885411,127.1071464,-44.733333,-48,1.226716978,70.2857055,83.678528,0,0,0
4,271,37.2885438,127.1071476,-44.62716,-47.703704,1.226716978,70.2857055,83.993273,0,0,0
4,272,37.2885464,127.1071488,-44.520988,-47.407407,1.226716978,70.2857055,84.308018,0,0,0
4,273,37.2885491,127.10715,-44.414815,-47.111111,1.226716978,70.2857055,84.622762,0,0,0
4,274,37.2885518,127.1071512,-44.308642,-46.814815,1.226716978,70.2857055,84.937507,0,0,0
4,275,37.2885544,127.1071524,-44.202469,-46.518519,1.226716978,70.2857055,85.252251,0,0,0
4,276,37.2885571,127.1071536,-44.096296,-46.222222,1.226716978,70.2857055,85.566996,0,0,0
4,277,37.2885597,127.1071548,-43.990123,-45.925926,1.226716978,70.2857055,85.881741,0,0,0
4,278,37.2885624,127.107156,-43.883951,-45.62963,1.226716978,70.2857055,86.196485,0,0,0
4,279,37.2885651,127.1071572,-43.777778,-45.333333,1.226716978,70.2857055,86.51123,0,0,0
4,280,37.2885677,127.1071584,-43.671605,-45.037037,1.226716978,70.2857055,86.825974,0,0,0
4,281,37.2885704,127.1071596,-43.565432,-44.740741,1.226716978,70.2857055,87.140719,0,0,0
4,282,37.2885731,127.1071608,-43.459259,-44.444444,1.226716978,70.2857055,87.455464,0,0,0
4,283,37.2885757,127.107162,-43.353086,-44.148148,1.226716978,70.2857055,87.770209,0,0,0
4,284,37.2885784,127.1071632,-43.246914,-43.851852,1.226716978,70.2857055,88.084953,0,0,0
4,285,37.288581,127.1071644,-43.140741,-43.555556,1.226716978,70.2857055,88.399697,0,0,0
4,286,37.2885837,127.1071656,-43.034568,-43.259259,1.226716978,70.2857055,88.714442,0,0,0
4,287,37.2885864,127.1071668,-42.928395,-42.962963,1.226716978,70.2857055,89.029187,0,0,0
4,288,37.288589,127.107168,-42.822222,-42.666667,1.226716978,70.2857055,89.343931,0,0,0
4,289,37.2885917,127.1071692,-42.716049,-42.37037,1.226716978,70.2857055,89.658676,0,0,0
4,290,37.2885943,127.1071704,-42.609877,-42.074074,1.226716978,70.2857055,89.97342,0,0,0
4,291,37.288597,127.1071716,-42.503704,-41.777778,1.226716978,70.2857055,90.288165,0,0,0
4,292,37.2885997,127.1071728,-42.397531,-41.481481,1.226716978,70.2857055,90.60291,0,0,0
4,293,37.2886023,127.107174,-42.291358,-41.185185,1.226716978,70.2857055,90.917654,0,0,0
4,294,37.288605,127.1071752,-42.185185,-40.888889,1.226716978,70.2857055,91.232399,0,0,0
4,295,37.2886077,127.1071764,-42.079012,-40.592593,1.226716978,70.2857055,91.547143,0,0,0
4,296,37.2886103,127.1071776,-41.97284,-40.296296,1.226716978,70.2857055,91.861888,0,0,0
4,297,37.288613,127.1071788,-41.866667,-40,1.226716978,70.2857055,92.176633,0,0,0
4,298,37.2886156,127.10718,-41.760494,-39.703704,1.226716978,70.2857055,92.491377,3,1,0
4,299,37.2886183,127.1071812,-41.654321,-39.407407,1.226716978,70.2857055,92.806122,3,1,0
4,300,37.288621,127.1071824,-41.548148,-39.111111,1.226716978,70.2857055,93.120867,3,1,0
4,301,37.2886236,127.1071836,-41.441975,-38.814815,1.226716978,70.2857055,93.435611,3,1,0
4,302,37.2886263,127.1071848,-41.335802,-38.518519,1.226716978,70.2857055,93.750355,3,1,0
4,303,37.2886289,127.107186,-41.22963,-38.222222,1.226716978,70.2857055,94.0651,3,1,0
4,304,37.2886316,127.1071872,-41.123457,-37.925926,1.226716978,70.2857055,94.379845,3,1,0
4,305,37.2886343,127.1071884,-41.017284,-37.62963,1.226716978,70.2857055,94.694589,3,1,0
4,306,37.2886369,127.1071896,-40.911111,-37.333333,1.226716978,70.2857055,95.009335,3,1,0
4,307,37.2886396,127.1071908,-40.804938,-37.037037,1.226716978,70.2857055,95.324079,3,1,0
4,308,37.2886423,127.107192,-40.698765,-36.740741,1.226716978,70.2857055,95.638823,3,1,0
4,309,37.2886449,127.1071932,-40.592593,-36.444444,1.226716978,70.2857055,95.953568,3,1,0
4,310,37.2886476,127.1071944,-40.48642,-36.148148,1.226716978,70.2857055,96.268313,3,1,0
4,311,37.2886502,127.1071956,-40.380247,-35.851852,1.226716978,70.2857055,96.583057,3,1,0
4,312,37.2886529,127.1071968,-40.274074,-35.555556,1.226716978,70.2857055,96.897801,3,1,0
4,313,37.2886556,127.107198,-40.167901,-35.259259,1.226716978,70.2857055,97.212547,3,1,0
4,314,37.2886582,127.1071992,-40.061728,-34.962963,1.226716978,70.2857055,97.527291,3,1,0
4,315,37.2886609,127.1072004,-39.955556,-34.666667,1.226716978,70.2857055,97.842035,1,1,0
4,316,37.2886635,127.1072016,-39.849383,-34.37037,1.226716978,70.2857055,98.15678,1,1,0
4,317,37.2886662,127.1072028,-39.74321,-34.074074,1.226716978,70.2857055,98.471525,1,1,0
4,318,37.2886689,127.107204,-39.637037,-33.777778,1.226716978,70.2857055,98.786269,1,1,0
4,319,37.2886715,127.1072052,-39.530864,-33.481481,1.226716978,70.2857055,99.101015,1,1,0
4,320,37.2886742,127.1072064,-39.424691,-33.185185,1.226716978,70.2857055,99.415759,1,1,0
4,321,37.2886769,127.1072075,-39.318519,-32.888889,1.226716978,70.2857055,99.730503,1,1,0
4,322,37.2886795,127.1072087,-39.212346,-32.592593,1.226716978,70.2857055,100.045247,1,1,0
4,323,37.2886822,127.1072099,-39.106173,-32.296296,1.226716978,70.2857055,100.359993,1,1,0
4,324,37.2886848,127.1072111,-39,-32,1.234546449,70.73430114,100.674737,1,1,0
4,325,37.2886874,127.1072122,-38.903525,-31.716512,1.258834404,72.12589846,100.974191,1,1,0
4,326,37.28869,127.1072132,-38.816202,-31.430071,1.290951829,73.96609136,101.273647,1,1,0
4,327,37.2886926,127.1072141,-38.738123,-31.140975,1.323069255,75.80628432,101.573101,1,1,0
4,328,37.2886952,127.1072149,-38.669368,-30.84952,1.355186681,77.64647727,101.872556,1,1,0
4,329,37.2886978,127.1072155,-38.610007,-30.556007,1.387304107,79.48667023,102.172012,1,1,0
4,330,37.2887005,127.1072161,-38.560103,-30.26074,1.419421532,81.32686313,102.471466,1,1,0
4,331,37.2887031,127.1072166,-38.519705,-29.964023,1.451538958,83.16705609,102.770921,1,1,0
4,332,37.2887058,127.1072169,-38.488857,-29.666161,1.483656384,85.00724905,103.070376,1,1,0
4,333,37.2887085,127.1072172,-38.467589,-29.367462,1.515773809,86.84744195,103.369831,1,1,0
4,334,37.2887112,127.1072173,-38.455924,-29.068235,1.547891235,88.68763491,103.669285,1,1,0
4,335,37.2887139,127.1072173,-38.453874,-28.768787,1.580008661,90.52782787,103.96874,1,1,0
4,336,37.2887166,127.1072172,-38.46144,-28.469428,1.612126087,92.36802083,104.268195,1,1,0
4,337,37.2887192,127.107217,-38.478616,-28.170466,1.644243512,94.20821373,104.56765,1,1,0
4,338,37.2887219,127.1072167,-38.505384,-27.87221,1.676360938,96.04840669,104.867105,1,1,0
4,339,37.2887246,127.1072163,-38.541714,-27.574967,1.719418393,98.51541714,105.16656,1,1,0
4,340,37.2887272,127.1072157,-38.59339,-27.284428,1.785153228,102.2817457,105.461659,1,1,0
4,341,37.2887298,127.1072149,-38.667168,-26.998701,1.861828092,106.6748919,105.756757,1,1,0
4,342,37.2887323,127.1072138,-38.762617,-26.719465,1.938502956,111.068038,106.051856,1,1,0
4,343,37.2887347,127.1072125,-38.879174,-26.448361,2.01517782,115.4611841,106.346954,1,1,0
4,344,37.2887371,127.107211,-39.016156,-26.186982,2.091852684,119.8543302,106.642052,1,1,0
4,345,37.2887393,127.1072092,-39.172757,-25.936863,2.168527548,124.2474763,106.937151,1,1,0
4,346,37.2887414,127.1072072,-39.348056,-25.699475,2.245202413,128.6406224,107.232249,1,1,0
4,347,37.2887434,127.107205,-39.541025,-25.476212,2.321877277,133.0337685,107.527348,1,1,0
4,348,37.2887453,127.1072027,-39.750528,-25.268386,2.398552141,137.4269146,107.822447,1,1,0
4,349,37.288747,127.1072001,-39.975335,-25.077219,2.475227005,141.8200607,108.117545,1,1,0
4,350,37.2887486,127.1071974,-40.214125,-24.903834,2.551901869,146.2132068,108.412643,1,1,0
4,351,37.28875,127.1071946,-40.465495,-24.749249,2.628576733,150.6063529,108.707742,1,1,0
4,352,37.2887512,127.1071916,-40.727967,-24.614374,2.705251597,154.999499,109.00284,1,1,0
4,353,37.2887522,127.1071886,-41,-24.5,2.763342602,158.3278684,109.297939,1,1,0
4,354,37.2887532,127.1071852,-41.2936,-24.3896,2.781926461,159.3926451,109.61161,1,1,0
4,355,37.2887542,127.1071819,-41.5872,-24.2792,2.781926461,159.3926451,109.92528,1,1,0
4,356,37.2887552,127.1071786,-41.8808,-24.1688,2.781926461,159.3926451,110.23895,1,1,0
4,357,37.2887562,127.1071753,-42.1744,-24.0584,2.781926461,159.3926451,110.552621,1,1,0
4,358,37.2887572,127.107172,-42.468,-23.948,2.781926461,159.3926451,110.866291,1,1,0
4,359,37.2887582,127.1071687,-42.7616,-23.8376,2.781926461,159.3926451,111.179962,1,1,0
4,360,37.2887592,127.1071654,-43.0552,-23.7272,2.781926461,159.3926451,111.493632,1,1,0
4,361,37.2887601,127.107162,-43.3488,-23.6168,2.781926461,159.3926451,111.807302,1,1,0
4,362,37.2887611,127.1071587,-43.6424,-23.5064,2.781926461,159.3926451,112.120973,1,1,0
4,363,37.2887621,127.1071554,-43.936,-23.396,2.781926461,159.3926451,112.434643,0,0,0
4,364,37.2887631,127.1071521,-44.2296,-23.2856,2.781926461,159.3926451,112.748314,0,0,0
4,365,37.2887641,127.1071488,-44.5232,-23.1752,2.781926461,159.3926451,113.061984,0,0,0
4,366,37.2887651,127.1071455,-44.8168,-23.0648,2.781926461,159.3926451,113.375654,0,0,0
4,367,37.2887661,127.1071422,-45.1104,-22.9544,2.781926461,159.3926451,113.689325,0,0,0
4,368,37.2887671,127.1071388,-45.404,-22.844,2.781926461,159.3926451,114.002995,0,0,0
4,369,37.2887681,127.1071355,-45.6976,-22.7336,2.781926461,159.3926451,114.316666,0,0,0
4,370,37.2887691,127.1071322,-45.9912,-22.6232,2.781926461,159.3926451,114.630336,0,0,0
4,371,37.2887701,127.1071289,-46.2848,-22.5128,2.781926461,159.3926451,114.944006,0,0,0
4,372,37.2887711,127.1071256,-46.5784,-22.4024,2.781926461,159.3926451,115.257677,0,0,0
4,373,37.288772,127.1071223,-46.872,-22.292,2.781926461,159.3926451,115.571347,0,0,0
4,374,37.288773,127.1071189,-47.1656,-22.1816,2.781926461,159.3926451,115.885018,0,0,0
4,375,37.288774,127.1071156,-47.4592,-22.0712,2.781926461,159.3926451,116.198688,0,0,0
4,376,37.288775,127.1071123,-47.7528,-21.9608,2.781926461,159.3926451,116.512358,0,0,0
4,377,37.288776,127.107109,-48.0464,-21.8504,2.781926461,159.3926451,116.826029,0,0,0
4,378,37.288777,127.1071057,-48.34,-21.74,2.781926461,159.3926451,117.139699,0,0,0
4,379,37.288778,127.1071024,-48.6336,-21.6296,2.781926461,159.3926451,117.45337,0,0,0
4,380,37.288779,127.1070991,-48.9272,-21.5192,2.781926461,159.3926451,117.76704,0,0,0
4,381,37.28878,127.1070957,-49.2208,-21.4088,2.781926461,159.3926451,118.08071,0,0,0
4,382,37.288781,127.1070924,-49.5144,-21.2984,2.781926461,159.3926451,118.394381,0,0,0
4,383,37.288782,127.1070891,-49.808,-21.188,2.781926461,159.3926451,118.708051,0,0,0
4,384,37.288783,127.1070858,-50.1016,-21.0776,2.781926461,159.3926451,119.021722,0,0,0
4,385,37.2887839,127.1070825,-50.3952,-20.9672,2.781926461,159.3926451,119.335392,0,0,0
4,386,37.2887849,127.1070792,-50.6888,-20.8568,2.781926461,159.3926451,119.649062,0,0,0
4,387,37.2887859,127.1070759,-50.9824,-20.7464,2.781926461,159.3926451,119.962733,0,0,0
4,388,37.2887869,127.1070725,-51.276,-20.636,2.781926461,159.3926451,120.276403,0,0,0
4,389,37.2887879,127.1070692,-51.5696,-20.5256,2.781926461,159.3926451,120.590074,0,0,0
4,390,37.2887889,127.1070659,-51.8632,-20.4152,2.781926461,159.3926451,120.903744,0,0,0
4,391,37.2887899,127.1070626,-52.1568,-20.3048,2.781926461,159.3926451,121.217414,0,0,0
4,392,37.2887909,127.1070593,-52.4504,-20.1944,2.781926461,159.3926451,121.531085,0,0,0
4,393,37.2887919,127.107056,-52.744,-20.084,2.781926461,159.3926451,121.844755,0,0,0
4,394,37.2887929,127.1070526,-53.0376,-19.9736,2.781926461,159.3926451,122.158426,0,0,0
4,395,37.2887939,127.1070493,-53.3312,-19.8632,2.781926461,159.3926451,122.472096,0,0,0
4,396,37.2887949,127.107046,-53.6248,-19.7528,2.781926461,159.3926451,122.785766,0,0,0
4,397,37.2887959,127.1070427,-53.9184,-19.6424,2.781926461,159.3926451,123.099437,0,0,0
4,398,37.2887968,127.1070394,-54.212,-19.532,2.781926461,159.3926451,123.413107,0,0,0
4,399,37.2887978,127.1070361,-54.5056,-19.4216,2.781926461,159.3926451,123.726778,0,0,0
4,400,37.2887988,127.1070328,-54.7992,-19.3112,2.781926461,159.3926451,124.040448,0,0,0
4,401,37.2887998,127.1070294,-55.0928,-19.2008,2.781926461,159.3926451,124.354118,0,0,0
4,402,37.2888008,127.1070261,-55.3864,-19.0904,2.781926461,159.3926451,124.667789,0,0,0
4,403,37.2888018,127.1070228,-55.68,-18.98,2.781926461,159.3926451,124.981459,0,0,0
4,404,37.2888028,127.1070195,-55.9736,-18.8696,2.781926461,159.3926451,125.29513,0,0,0
4,405,37.2888038,127.1070162,-56.2672,-18.7592,2.781926461,159.3926451,125.6088,0,0,0
4,406,37.2888048,127.1070129,-56.5608,-18.6488,2.781926461,159.3926451,125.92247,0,0,0
4,407,37.2888058,127.1070095,-56.8544,-18.5384,2.781926461,159.3926451,126.236141,0,0,0
4,408,37.2888068,127.1070062,-57.148,-18.428,2.781926461,159.3926451,126.549811,0,0,0
4,409,37.2888078,127.1070029,-57.4416,-18.3176,2.781926461,159.3926451,126.863482,0,0,0
4,410,37.2888087,127.1069996,-57.7352,-18.2072,2.781926461,159.3926451,127.177152,0,0,0
4,411,37.2888097,127.1069963,-58.0288,-18.0968,2.781926461,159.3926451,127.490822,0,0,0
4,412,37.2888107,127.106993,-58.3224,-17.9864,2.781926461,159.3926451,127.804493,0,0,0
4,413,37.2888117,127.1069897,-58.616,-17.876,2.781926461,159.3926451,128.118163,0,0,0
4,414,37.2888127,127.1069863,-58.9096,-17.7656,2.781926461,159.3926451,128.431834,0,0,0
4,415,37.2888137,127.106983,-59.2032,-17.6552,2.781926461,159.3926451,128.745504,0,0,0
4,416,37.2888147,127.1069797,-59.4968,-17.5448,2.781926461,159.3926451,129.059174,0,0,0
4,417,37.2888157,127.1069764,-59.7904,-17.4344,2.781926461,159.3926451,129.372845,0,0,0
4,418,37.2888167,127.1069731,-60.084,-17.324,2.781926461,159.3926451,129.686515,0,0,0
4,419,37.2888177,127.1069698,-60.3776,-17.2136,2.781926461,159.3926451,130.000186,0,0,0
4,420,37.2888187,127.1069665,-60.6712,-17.1032,2.781926461,159.3926451,130.313856,0,0,0
4,421,37.2888197,127.1069631,-60.9648,-16.9928,2.781926461,159.3926451,130.627526,0,0,0
4,422,37.2888206,127.1069598,-61.2584,-16.8824,2.781926461,159.3926451,130.941197,0,0,0
4,423,37.2888216,127.1069565,-61.552,-16.772,2.781926461,159.3926451,131.254867,0,0,0
4,424,37.2888226,127.1069532,-61.8456,-16.6616,2.781926461,159.3926451,131.568538,0,0,0
4,425,37.2888236,127.1069499,-62.1392,-16.5512,2.781926461,159.3926451,131.882208,0,0,0
4,426,37.2888246,127.1069466,-62.4328,-16.4408,2.781926461,159.3926451,132.195878,0,0,0
4,427,37.2888256,127.1069432,-62.7264,-16.3304,2.781926461,159.3926451,132.509549,0,0,0
4,428,37.2888266,127.1069399,-63.02,-16.22,2.781926461,159.3926451,132.823219,0,0,0
4,429,37.2888276,127.1069366,-63.3136,-16.1096,2.781926461,159.3926451,133.13689,0,0,0
4,430,37.2888286,127.1069333,-63.6072,-15.9992,2.781926461,159.3926451,133.45056,0,0,0
4,431,37.2888296,127.10693,-63.9008,-15.8888,2.781926461,159.3926451,133.76423,0,0,0
4,432,37.2888306,127.1069267,-64.1944,-15.7784,2.781926461,159.3926451,134.077901,0,0,0
4,433,37.2888316,127.1069234,-64.488,-15.668,2.781926461,159.3926451,134.391571,0,0,0
4,434,37.2888325,127.10692,-64.7816,-15.5576,2.781926461,159.3926451,134.705242,0,0,0
4,435,37.2888335,127.1069167,-65.0752,-15.4472,2.781926461,159.3926451,135.018912,0,0,0
4,436,37.2888345,127.1069134,-65.3688,-15.3368,2.781926461,159.3926451,135.332582,0,0,0
4,437,37.2888355,127.1069101,-65.6624,-15.2264,2.781926461,159.3926451,135.646253,0,0,0
4,438,37.2888365,127.1069068,-65.956,-15.116,2.781926461,159.3926451,135.959923,0,0,0
4,439,37.2888375,127.1069035,-66.2496,-15.0056,2.781926461,159.3926451,136.273594,0,0,0
4,440,37.2888385,127.1069002,-66.5432,-14.8952,2.781926461,159.3926451,136.587264,0,0,0
4,441,37.2888395,127.1068968,-66.8368,-14.7848,2.781926461,159.3926451,136.900934,0,0,0
4,442,37.2888405,127.1068935,-67.1304,-14.6744,2.781926461,159.3926451,137.214605,0,0,0
4,443,37.2888415,127.1068902,-67.424,-14.564,2.781926461,159.3926451,137.528275,0,0,0
4,444,37.2888425,127.1068869,-67.7176,-14.4536,2.781926461,159.3926451,137.841946,0,0,0
4,445,37.2888435,127.1068836,-68.0112,-14.3432,2.781926461,159.3926451,138.155616,0,0,0
4,446,37.2888444,127.1068803,-68.3048,-14.2328,2.781926461,159.3926451,138.469286,0,0,0
4,447,37.2888454,127.1068769,-68.5984,-14.1224,2.781926461,159.3926451,138.782957,0,0,0
4,448,37.2888464,127.1068736,-68.892,-14.012,2.781926461,159.3926451,139.096627,0,0,0
4,449,37.2888474,127.1068703,-69.1856,-13.9016,2.781926461,159.3926451,139.410298,0,0,0
4,450,37.2888484,127.106867,-69.4792,-13.7912,2.781926461,159.3926451,139.723968,0,0,0
4,451,37.2888494,127.1068637,-69.7728,-13.6808,2.781926461,159.3926451,140.037638,0,0,0
4,452,37.2888504,127.1068604,-70.0664,-13.5704,2.781926461,159.3926451,140.351309,0,0,0
4,453,37.2888514,127.1068571,-70.36,-13.46,2.781926461,159.3926451,140.664979,0,0,0
4,454,37.2888524,127.1068537,-70.6536,-13.3496,2.781926461,159.3926451,140.97865,0,0,0
4,455,37.2888534,127.1068504,-70.9472,-13.2392,2.781926461,159.3926451,141.29232,0,0,0
4,456,37.2888544,127.1068471,-71.2408,-13.1288,2.781926461,159.3926451,141.60599,0,0,0
4,457,37.2888554,127.1068438,-71.5344,-13.0184,2.781926461,159.3926451,141.919661,0,0,0
4,458,37.2888563,127.1068405,-71.828,-12.908,2.781926461,159.3926451,142.233331,0,0,0
4,459,37.2888573,127.1068372,-72.1216,-12.7976,2.781926461,159.3926451,142.547002,0,0,0
4,460,37.2888583,127.1068339,-72.4152,-12.6872,2.781926461,159.3926451,142.860672,0,0,0
4,461,37.2888593,127.1068305,-72.7088,-12.5768,2.781926461,159.3926451,143.174342,0,0,0
4,462,37.2888603,127.1068272,-73.0024,-12.4664,2.781926461,159.3926451,143.488013,0,0,0
4,463,37.2888613,127.1068239,-73.296,-12.356,2.781926461,159.3926451,143.801683,0,0,0
4,464,37.2888623,127.1068206,-73.5896,-12.2456,2.781926461,159.3926451,144.115354,0,0,0
4,465,37.2888633,127.1068173,-73.8832,-12.1352,2.781926461,159.3926451,144.429024,0,0,0
4,466,37.2888643,127.106814,-74.1768,-12.0248,2.781926461,159.3926451,144.742694,0,0,0
4,467,37.2888653,127.1068106,-74.4704,-11.9144,2.781926461,159.3926451,145.056365,0,0,0
4,468,37.2888663,127.1068073,-74.764,-11.804,2.781926461,159.3926451,145.370035,0,0,0
4,469,37.2888673,127.106804,-75.0576,-11.6936,2.781926461,159.3926451,145.683706,0,0,0
4,470,37.2888682,127.1068007,-75.3512,-11.5832,2.781926461,159.3926451,145.997376,0,0,0
4,471,37.2888692,127.1067974,-75.6448,-11.4728,2.781926461,159.3926451,146.311046,0,0,0
4,472,37.2888702,127.1067941,-75.9384,-11.3624,2.781926461,159.3926451,146.624717,0,0,0
4,473,37.2888712,127.1067908,-76.232,-11.252,2.781926461,159.3926451,146.938387,0,0,0
4,474,37.2888722,127.1067874,-76.5256,-11.1416,2.781926461,159.3926451,147.252058,0,0,0
4,475,37.28887383,127.106782,-77.006403,-10.960808,2.781926461,159.3926451,147.565728,0,0,0
4,476,37.28887546,127.1067766,-77.487206,-10.780016,2.781926461,159.3926451,147.879398,0,0,0
4,477,37.28887646,127.1067733,-77.780806,-10.669616,2.781926461,159.3926451,148.193069,0,0,0
4,478,37.28887746,127.10677,-78.074406,-10.559216,2.794364076,160.105268,148.506739,0,0,0
4,479,37.28887836,127.1067667,-78.363001,-10.458925,2.832340168,162.2811378,148.812264,0,0,0
4,480,37.28887916,127.1067634,-78.656283,-10.373304,2.882753875,165.1696304,149.117789,0,0,0
4,481,37.28887976,127.1067601,-78.953507,-10.302572,2.933167582,168.0581231,149.423313,0,0,0
4,482,37.28888026,127.1067567,-79.253918,-10.246907,2.983581289,170.9466157,149.728838,0,0,0
4,483,37.28888056,127.1067532,-79.556752,-10.206451,3.033994996,173.8351083,150.034362,0,0,0
4,484,37.28888086,127.1067498,-79.861241,-10.181307,3.084408703,176.723601,150.339887,0,0,0
4,485,37.28888096,127.1067464,-80.166609,-10.171539,3.13482241,179.6120936,150.645412,0,0,0
4,486,37.28888086,127.1067429,-80.472082,-10.177171,-3.097949191,-177.4994138,150.950936,0,0,0
4,487,37.28888066,127.1067395,-80.776883,-10.19819,-3.047535484,-174.6109212,151.256461,0,0,0
4,488,37.28888036,127.106736,-81.080237,-10.234542,-2.997121777,-171.7224285,151.561986,0,0,0
4,489,37.28887986,127.1067326,-81.381374,-10.286134,-2.94670807,-168.8339359,151.86751,0,0,0
4,490,37.28887926,127.1067293,-81.679529,-10.352836,-2.896294363,-165.9454432,152.173035,0,0,0
4,491,37.28887856,127.1067259,-81.973943,-10.434478,-2.845880656,-163.0569506,152.478559,0,0,0
4,492,37.28887766,127.1067227,-82.263869,-10.530852,-2.795466949,-160.1684579,152.784084,0,0,0
4,493,37.28887666,127.1067195,-82.548571,-10.641714,-2.745242758,-157.2908238,153.089609,0,0,0
4,494,37.28887556,127.1067163,-82.827849,-10.766876,-2.695482282,-154.4397585,153.395651,0,0,0
4,495,37.28887436,127.1067132,-83.100583,-10.905723,-2.645911322,-151.5995517,153.701694,0,0,0
4,496,37.28887296,127.1067102,-83.366101,-11.057913,-2.596340361,-148.7593449,154.007736,0,0,0
4,497,37.28887146,127.1067073,-83.623753,-11.223073,-2.546769401,-145.9191381,154.313779,0,0,0
4,498,37.28886986,127.1067045,-83.872904,-11.400797,-2.497198441,-143.0789313,154.619821,0,0,0
4,499,37.28886816,127.1067018,-84.112942,-11.590649,-2.447627481,-140.2387245,154.925864,0,0,0
4,500,37.28886636,127.1066992,-84.343279,-11.792161,-2.39805652,-137.3985176,155.231907,0,0,0
4,501,37.28886446,127.1066967,-84.563347,-12.004839,-2.34848556,-134.5583108,155.537949,0,0,0
4,502,37.28886246,127.1066943,-84.772607,-12.22816,-2.2989146,-131.718104,155.843991,0,0,0
4,503,37.28886036,127.1066921,-84.970544,-12.461576,-2.249343639,-128.8778972,156.150034,0,0,0
4,504,37.28885816,127.10669,-85.156672,-12.704513,-2.199772679,-126.0376904,156.456077,0,0,0
4,505,37.28885586,127.106688,-85.330534,-12.956374,-2.150201719,-123.1974836,156.762119,0,0,0
4,506,37.28885356,127.1066862,-85.491702,-13.216541,-2.100630759,-120.3572768,157.068161,0,0,0
4,507,37.28885116,127.1066846,-85.63978,-13.484374,-2.051059798,-117.51707,157.374203,0,0,0
4,508,37.28884866,127.106683,-85.774406,-13.759216,-2.013737942,-115.3786851,157.680246,0,0,0
4,509,37.28884616,127.1066816,-85.905175,-14.043831,-2.001488838,-114.6768632,157.993465,0,0,0
4,510,37.28884356,127.1066801,-86.035944,-14.328447,-2.001488838,-114.6768632,158.306685,0,0,0
4,511,37.28884106,127.1066786,-86.166714,-14.613062,-2.001488838,-114.6768632,158.619905,0,0,0
4,512,37.28883846,127.1066771,-86.297483,-14.897678,-2.001488838,-114.6768632,158.933125,0,0,0
4,513,37.28883596,127.1066757,-86.428252,-15.182293,-2.001488838,-114.6768632,159.246344,0,0,0
4,514,37.28883336,127.1066742,-86.559021,-15.466908,-2.001488838,-114.6768632,159.559563,0,0,0
4,515,37.28883076,127.1066727,-86.689791,-15.751524,-2.001488838,-114.6768632,159.872784,0,0,0
4,516,37.28882826,127.1066712,-86.82056,-16.036139,-2.001488838,-114.6768632,160.186003,0,0,0
4,517,37.28882566,127.1066697,-86.951329,-16.320754,-2.001488838,-114.6768632,160.499222,0,0,0
4,518,37.28882316,127.1066683,-87.082098,-16.60537,-2.001488838,-114.6768632,160.812442,0,0,0
4,519,37.28882056,127.1066668,-87.212868,-16.889985,-2.001488838,-114.6768632,161.125662,0,0,0
4,520,37.28881806,127.1066653,-87.343637,-17.174601,-2.001488838,-114.6768632,161.438882,0,0,0
4,521,37.28881546,127.1066638,-87.474406,-17.459216,-2.001488838,-114.6768632,161.752101,0,0,0
4,522,37.28881286,127.1066624,-87.605175,-17.743831,-2.001488838,-114.6768632,162.06532,0,0,0
4,523,37.28881036,127.1066609,-87.735944,-18.028447,-2.001488838,-114.6768632,162.37854,0,0,0
4,524,37.28880776,127.1066594,-87.866714,-18.313062,-2.001488838,-114.6768632,162.69176,0,0,0
4,525,37.28880526,127.1066579,-87.997483,-18.597678,-2.001488838,-114.6768632,163.00498,0,0,0
4,526,37.28880266,127.1066565,-88.128252,-18.882293,-2.001488838,-114.6768632,163.318199,0,0,0
4,527,37.28880016,127.106655,-88.259021,-19.166908,-2.001488838,-114.6768632,163.631418,0,0,0
4,528,37.28879756,127.1066535,-88.389791,-19.451524,-2.001488838,-114.6768632,163.944638,0,0,0
4,529,37.28879496,127.106652,-88.52056,-19.736139,-2.001488838,-114.6768632,164.257858,0,0,0
4,530,37.28879246,127.1066506,-88.651329,-20.020754,-2.001488838,-114.6768632,164.571077,0,0,0
4,531,37.28878986,127.1066491,-88.782098,-20.30537,-2.001488838,-114.6768632,164.884297,0,0,0
4,532,37.28878736,127.1066476,-88.912868,-20.589985,-2.001488838,-114.6768632,165.197516,0,0,0
4,533,37.28878476,127.1066461,-89.043637,-20.874601,-2.001488838,-114.6768632,165.510736,0,0,0
4,534,37.28878226,127.1066446,-89.174406,-21.159216,-2.001488838,-114.6768632,165.823955,0,0,0
4,535,37.28877966,127.1066432,-89.305175,-21.443831,-2.001488838,-114.6768632,166.137175,0,0,0
4,536,37.28877706,127.1066417,-89.435944,-21.728447,-2.001488838,-114.6768632,166.450395,0,0,0
4,537,37.28877456,127.1066402,-89.566714,-22.013062,-2.001488838,-114.6768632,166.763614,0,0,0
4,538,37.28877196,127.1066387,-89.697483,-22.297678,-2.001488838,-114.6768632,167.076834,0,0,0
4,539,37.28876946,127.1066373,-89.828252,-22.582293,-2.001488838,-114.6768632,167.390053,0,0,0
4,540,37.28876686,127.1066358,-89.959021,-22.866908,-2.001488838,-114.6768632,167.703273,0,0,0
4,541,37.28876436,127.1066343,-90.089791,-23.151524,-2.001488838,-114.6768632,168.016493,0,0,0
4,542,37.28876176,127.1066328,-90.22056,-23.436139,-2.001488838,-114.6768632,168.329712,0,0,0
4,543,37.28875916,127.1066314,-90.351329,-23.720754,-2.001488838,-114.6768632,168.642931,0,0,0
4,544,37.28875666,127.1066299,-90.482098,-24.00537,-2.001488838,-114.6768632,168.956151,0,0,0
4,545,37.28875406,127.1066284,-90.612868,-24.289985,-2.001488838,-114.6768632,169.269371,0,0,0
4,546,37.28875156,127.1066269,-90.743637,-24.574601,-2.001488838,-114.6768632,169.582591,0,0,0
4,547,37.28874896,127.1066255,-90.874406,-24.859216,-2.001488838,-114.6768632,169.89581,0,0,0
4,548,37.28874646,127.106624,-91.005175,-25.143831,-2.001488838,-114.6768632,170.209029,0,0,0
4,549,37.28874386,127.1066225,-91.135944,-25.428447,-2.001488838,-114.6768632,170.522249,0,0,0
4,550,37.28874136,127.106621,-91.266714,-25.713062,-2.001488838,-114.6768632,170.835469,0,0,0
4,551,37.28873876,127.1066195,-91.397483,-25.997678,-2.001488838,-114.6768632,171.148689,0,0,0
4,552,37.28873616,127.1066181,-91.528252,-26.282293,-2.001488838,-114.6768632,171.461908,0,0,0
4,553,37.28873366,127.1066166,-91.659021,-26.566908,-2.001488838,-114.6768632,171.775127,0,0,0
4,554,37.28873106,127.1066151,-91.789791,-26.851524,-2.001488838,-114.6768632,172.088348,0,0,0
4,555,37.28872856,127.1066136,-91.92056,-27.136139,-2.001488838,-114.6768632,172.401567,0,0,0
4,556,37.28872596,127.1066122,-92.051329,-27.420754,-2.001488838,-114.6768632,172.714786,0,0,0
4,557,37.28872346,127.1066107,-92.182098,-27.70537,-2.001488838,-114.6768632,173.028006,0,0,0
4,558,37.28872086,127.1066092,-92.312868,-27.989985,-2.001488838,-114.6768632,173.341225,0,0,0
4,559,37.28871826,127.1066077,-92.443637,-28.274601,-2.001488838,-114.6768632,173.654446,0,0,0
4,560,37.28871576,127.1066063,-92.574406,-28.559216,-2.001488838,-114.6768632,173.967665,0,0,0
4,561,37.28871316,127.1066048,-92.705175,-28.843831,-2.001488838,-114.6768632,174.280884,0,0,0
4,562,37.28871066,127.1066033,-92.835944,-29.128447,-2.001488838,-114.6768632,174.594104,0,0,0
4,563,37.28870806,127.1066018,-92.966714,-29.413062,-2.001488838,-114.6768632,174.907323,0,0,0
4,564,37.28870556,127.1066004,-93.097483,-29.697678,-2.001488838,-114.6768632,175.220543,0,0,0
4,565,37.28870296,127.1065989,-93.228252,-29.982293,-2.001488838,-114.6768632,175.533763,0,0,0
4,566,37.28870036,127.1065974,-93.359021,-30.266908,-2.001488838,-114.6768632,175.846982,0,0,0
4,567,37.28869786,127.1065959,-93.489791,-30.551524,-2.001488838,-114.6768632,176.160202,0,0,0
4,568,37.28869526,127.1065944,-93.62056,-30.836139,-2.001488838,-114.6768632,176.473421,0,0,0
4,569,37.28869276,127.106593,-93.751329,-31.120754,-2.001488838,-114.6768632,176.78664,0,0,0
4,570,37.28869016,127.1065915,-93.882098,-31.40537,-2.001488838,-114.6768632,177.099861,0,0,0
4,571,37.28868766,127.10659,-94.012868,-31.689985,-2.001488838,-114.6768632,177.41308,0,0,0
4,572,37.28868506,127.1065885,-94.143637,-31.974601,-2.001488838,-114.6768632,177.7263,0,0,0
4,573,37.28868246,127.1065871,-94.274406,-32.259216,-2.001488838,-114.6768632,178.039519,0,0,0
4,574,37.28867996,127.1065856,-94.405175,-32.543831,-2.001488838,-114.6768632,178.352738,0,0,0
4,575,37.28867736,127.1065841,-94.535944,-32.828447,-2.001488838,-114.6768632,178.665958,0,0,0
4,576,37.28867486,127.1065826,-94.666714,-33.113062,-2.001488838,-114.6768632,178.979178,0,0,0
4,577,37.28867226,127.1065812,-94.797483,-33.397678,-2.001488838,-114.6768632,179.292398,0,0,0
4,578,37.28866976,127.1065797,-94.928252,-33.682293,-2.001488838,-114.6768632,179.605617,0,0,0
4,579,37.28866716,127.1065782,-95.059021,-33.966908,-2.001488838,-114.6768632,179.918836,0,0,0
4,580,37.28866466,127.1065767,-95.189791,-34.251524,-2.001488838,-114.6768632,180.232057,0,0,0
4,581,37.28866206,127.1065753,-95.32056,-34.536139,-2.001488838,-114.6768632,180.545276,0,0,0
4,582,37.28865946,127.1065738,-95.451329,-34.820754,-2.001488838,-114.6768632,180.858495,0,0,0
4,583,37.28865696,127.1065723,-95.582098,-35.10537,-2.001488838,-114.6768632,181.171715,0,0,0
4,584,37.28865436,127.1065708,-95.712868,-35.389985,-2.001488838,-114.6768632,181.484935,0,0,0
4,585,37.28865186,127.1065693,-95.843637,-35.674601,-2.001488838,-114.6768632,181.798155,0,0,0
4,586,37.28864926,127.1065679,-95.974406,-35.959216,-1.991080387,-114.0805028,182.111374,0,0,0
4,587,37.28864676,127.1065665,-96.095768,-36.238761,-1.959276669,-112.258284,182.416126,0,0,0
4,588,37.28864416,127.1065653,-96.205225,-36.523179,-1.9170645,-109.8397049,182.72088,0,0,0
4,589,37.28864156,127.1065642,-96.302582,-36.811963,-1.874852331,-107.4211258,183.025633,0,0,0
4,590,37.28863896,127.1065632,-96.387666,-37.104597,-1.832640162,-105.0025466,183.330385,0,0,0
4,591,37.28863636,127.1065624,-96.460324,-37.400562,-1.790427993,-102.5839675,183.635138,0,0,0
4,592,37.28863366,127.1065617,-96.520429,-37.699329,-1.748215824,-100.1653884,183.939891,0,0,0
4,593,37.28863096,127.1065612,-96.567872,-38.000366,-1.706003654,-97.74680921,184.244644,0,0,0
4,594,37.28862826,127.1065608,-96.60257,-38.303137,-1.663791485,-95.32823008,184.549396,0,0,0
4,595,37.28862546,127.1065605,-96.624459,-38.607103,-1.621579316,-92.90965095,184.85415,0,0,0
4,596,37.28862276,127.1065604,-96.633502,-38.911722,-1.579367147,-90.49107183,185.158903,0,0,0
4,597,37.28861996,127.1065605,-96.629682,-39.216451,-1.537154978,-88.0724927,185.463656,0,0,0
4,598,37.28861726,127.1065607,-96.613006,-39.520747,-1.494942809,-85.65391357,185.768408,0,0,0
4,599,37.28861456,127.106561,-96.583503,-39.824068,-1.45273064,-83.23533444,186.073161,0,0,0
4,600,37.28861186,127.1065615,-96.541227,-40.125875,-1.410518471,-80.81675531,186.377914,0,0,0
4,601,37.28860916,127.1065621,-96.486252,-40.425628,-1.368306302,-78.39817619,186.682667,0,0,0
4,602,37.28860646,127.1065629,-96.418677,-40.722795,-1.326094133,-75.97959706,186.98742,0,0,0
4,603,37.28860386,127.1065638,-96.338622,-41.016845,-1.28167325,-73.43446794,187.292173,0,0,0
4,604,37.28860126,127.1065648,-96.247062,-41.299734,-1.231671899,-70.56960156,187.58951,0,0,0
4,605,37.28859876,127.106566,-96.140863,-41.577461,-1.179461835,-67.57818524,187.886849,0,0,0
4,606,37.28859636,127.1065673,-96.020316,-41.849266,-1.127251771,-64.58676893,188.184187,0,0,0
4,607,37.28859396,127.1065689,-95.885749,-42.11441,-1.075041707,-61.59535261,188.481524,0,0,0
4,608,37.28859166,127.1065705,-95.737528,-42.372171,-1.022831643,-58.6039363,188.778863,0,0,0
4,609,37.28858946,127.1065724,-95.576057,-42.621845,-0.970621579,-55.61251998,189.076201,0,0,0
4,610,37.28858726,127.1065743,-95.401777,-42.862752,-0.918411515,-52.62110367,189.373539,0,0,0
4,611,37.28858516,127.1065764,-95.215163,-43.094236,-0.866201451,-49.62968735,189.670876,0,0,0
4,612,37.28858316,127.1065787,-95.016722,-43.315666,-0.813991387,-46.63827104,189.968214,0,0,0
4,613,37.28858126,127.106581,-94.806996,-43.526438,-0.761781323,-43.64685472,190.265552,0,0,0
4,614,37.28857946,127.1065835,-94.586556,-43.725979,-0.709571259,-40.6554384,190.562891,0,0,0
4,615,37.28857786,127.1065861,-94.356004,-43.913743,-0.657361195,-37.66402209,190.860229,0,0,0
4,616,37.28857626,127.1065889,-94.115967,-44.08922,-0.605151131,-34.67260577,191.157567,0,0,0
4,617,37.28857476,127.1065917,-93.867099,-44.251931,-0.552941067,-31.68118946,191.454905,0,0,0
4,618,37.28857346,127.1065946,-93.61008,-44.401433,-0.500731003,-28.68977314,191.752243,0,0,0
4,619,37.28857226,127.1065976,-93.345608,-44.537318,-0.448520939,-25.69835683,192.049581,0,0,0
4,620,37.28857116,127.1066006,-93.074406,-44.659216,-0.40899035,-23.43342092,192.346919,0,0,0
4,621,37.28857006,127.1066039,-92.783975,-44.780747,-0.396310875,-22.70694051,192.661752,6,1,0
4,622,37.28856833,127.1066093,-92.306342,-44.97267,-0.396310875,-22.70694051,192.976584,6,1,0
4,623,37.2885666,127.1066147,-91.828708,-45.164593,-0.396310875,-22.70694051,193.291417,6,1,0
4,624,37.2885655,127.1066179,-91.538278,-45.286124,-0.396310875,-22.70694051,193.60625,6,1,0
4,625,37.2885644,127.1066212,-91.247847,-45.407656,-0.396310875,-22.70694051,193.921083,6,1,0
4,626,37.2885633,127.1066245,-90.957416,-45.529187,-0.396310875,-22.70694051,194.235917,6,1,0
4,627,37.2885622,127.1066278,-90.666986,-45.650718,-0.396310875,-22.70694051,194.550749,6,1,0
4,628,37.2885611,127.106631,-90.376555,-45.772249,-0.396310875,-22.70694051,194.865582,6,1,0
4,629,37.28856,127.1066343,-90.086124,-45.89378,-0.396310875,-22.70694051,195.180415,6,1,0
4,630,37.2885589,127.1066376,-89.795694,-46.015311,-0.396310875,-22.70694051,195.495248,6,1,0
4,631,37.2885578,127.1066409,-89.505263,-46.136842,-0.396310875,-22.70694051,195.810081,6,1,0
4,632,37.2885568,127.1066442,-89.214833,-46.258373,-0.396310875,-22.70694051,196.124913,6,1,0
4,633,37.2885557,127.1066474,-88.924402,-46.379904,-0.396310875,-22.70694051,196.439746,6,1,0
4,634,37.2885546,127.1066507,-88.633971,-46.501435,-0.396310875,-22.70694051,196.754579,6,1,0
4,635,37.2885535,127.106654,-88.343541,-46.622967,-0.396310875,-22.70694051,197.069412,6,1,0
4,636,37.2885524,127.1066573,-88.05311,-46.744498,-0.396310875,-22.70694051,197.384245,6,1,0
4,637,37.2885513,127.1066606,-87.762679,-46.866029,-0.396310875,-22.70694051,197.699079,6,1,0
4,638,37.2885502,127.1066638,-87.472249,-46.98756,-0.396310875,-22.70694051,198.013911,6,1,0
4,639,37.2885491,127.1066671,-87.181818,-47.109091,-0.396310875,-22.70694051,198.328744,6,1,0
4,640,37.288548,127.1066704,-86.891388,-47.230622,-0.396310875,-22.70694051,198.643576,6,1,0
4,641,37.2885469,127.1066737,-86.600957,-47.352153,-0.396310875,-22.70694051,198.95841,6,1,0
4,642,37.2885458,127.106677,-86.310526,-47.473684,-0.396310875,-22.70694051,199.273243,6,1,0
4,643,37.2885447,127.1066802,-86.020096,-47.595215,-0.396310875,-22.70694051,199.588075,6,1,0
4,644,37.2885437,127.1066835,-85.729665,-47.716746,-0.396310875,-22.70694051,199.902908,6,1,0
4,645,37.2885426,127.1066868,-85.439234,-47.838278,-0.396310875,-22.70694051,200.217742,6,1,0
4,646,37.2885415,127.1066901,-85.148804,-47.959809,-0.396310875,-22.70694051,200.532574,6,1,0
4,647,37.2885404,127.1066934,-84.858373,-48.08134,-0.396310875,-22.70694051,200.847407,6,1,0
4,648,37.2885393,127.1066966,-84.567943,-48.202871,-0.396310875,-22.70694051,201.16224,6,1,0
4,649,37.2885382,127.1066999,-84.277512,-48.324402,-0.396310875,-22.70694051,201.477073,6,1,0
4,650,37.2885371,127.1067032,-83.987081,-48.445933,-0.396310875,-22.70694051,201.791906,6,1,0
4,651,37.288536,127.1067065,-83.696651,-48.567464,-0.396310875,-22.70694051,202.106738,6,1,0
4,652,37.2885349,127.1067097,-83.40622,-48.688995,-0.396310875,-22.70694051,202.421572,6,1,0
4,653,37.2885338,127.106713,-83.115789,-48.810526,-0.396310875,-22.70694051,202.736405,6,1,0
4,654,37.2885327,127.1067163,-82.825359,-48.932057,-0.396310875,-22.70694051,203.051237,6,1,0
4,655,37.2885316,127.1067196,-82.534928,-49.053589,-0.396310875,-22.70694051,203.366071,6,1,0
4,656,37.2885306,127.1067229,-82.244498,-49.17512,-0.396310875,-22.70694051,203.680903,6,1,0
4,657,37.2885295,127.1067261,-81.954067,-49.296651,-0.396310875,-22.70694051,203.995736,6,1,0
4,658,37.2885284,127.1067294,-81.663636,-49.418182,-0.396310875,-22.70694051,204.310569,6,1,0
4,659,37.2885273,127.1067327,-81.373206,-49.539713,-0.396310875,-22.70694051,204.625402,6,1,0
4,660,37.2885262,127.106736,-81.082775,-49.661244,-0.396310875,-22.70694051,204.940235,6,1,0
4,661,37.2885251,127.1067393,-80.792344,-49.782775,-0.396310875,-22.70694051,205.255068,6,1,0
4,662,37.288524,127.1067425,-80.501914,-49.904306,-0.396310875,-22.70694051,205.5699,6,1,0
4,663,37.2885229,127.1067458,-80.211483,-50.025837,-0.396310875,-22.70694051,205.884734,6,1,0
4,664,37.2885218,127.1067491,-79.921053,-50.147368,-0.396310875,-22.70694051,206.199566,6,1,0
4,665,37.2885207,127.1067524,-79.630622,-50.2689,-0.396310875,-22.70694051,206.514399,6,1,0
4,666,37.2885196,127.1067557,-79.340191,-50.390431,-0.396310875,-22.70694051,206.829233,6,1,0
4,667,37.2885185,127.1067589,-79.049761,-50.511962,-0.396310875,-22.70694051,207.144065,6,1,0
4,668,37.2885175,127.1067622,-78.75933,-50.633493,-0.396310875,-22.70694051,207.458898,6,1,0
4,669,37.2885164,127.1067655,-78.4689,-50.755024,-0.396310875,-22.70694051,207.77373,6,1,0
4,670,37.2885153,127.1067688,-78.178469,-50.876555,-0.396310875,-22.70694051,208.088564,6,1,0
4,671,37.2885142,127.1067721,-77.888038,-50.998086,-0.396310875,-22.70694051,208.403397,6,1,0
4,672,37.2885131,127.1067753,-77.597608,-51.119617,-0.396310875,-22.70694051,208.718229,6,1,0
4,673,37.288512,127.1067786,-77.307177,-51.241148,-0.396310875,-22.70694051,209.033062,6,1,0
4,674,37.2885109,127.1067819,-77.016746,-51.362679,-0.396310875,-22.70694051,209.347896,6,1,0
4,675,37.2885098,127.1067852,-76.726316,-51.484211,-0.396310875,-22.70694051,209.662728,6,1,0
4,676,37.2885087,127.1067885,-76.435885,-51.605742,-0.396310875,-22.70694051,209.977561,6,1,0
4,677,37.2885076,127.1067917,-76.145455,-51.727273,-0.396310875,-22.70694051,210.292394,6,1,0
4,678,37.2885065,127.106795,-75.855024,-51.848804,-0.396310875,-22.70694051,210.607227,6,1,0
4,679,37.2885054,127.1067983,-75.564593,-51.970335,-0.396310875,-22.70694051,210.92206,6,1,0
4,680,37.2885044,127.1068016,-75.274163,-52.091866,-0.396310875,-22.70694051,211.236892,6,1,0
4,681,37.2885033,127.1068048,-74.983732,-52.213397,-0.396310875,-22.70694051,211.551726,6,1,0
4,682,37.2885022,127.1068081,-74.693301,-52.334928,-0.396310875,-22.70694051,211.866559,6,1,0
4,683,37.2885011,127.1068114,-74.402871,-52.456459,-0.396310875,-22.70694051,212.181391,6,1,0
4,684,37.2885,127.1068147,-74.11244,-52.57799,-0.396310875,-22.70694051,212.496224,6,1,0
4,685,37.2884989,127.106818,-73.82201,-52.699522,-0.396310875,-22.70694051,212.811057,6,1,0
4,686,37.2884978,127.1068212,-73.531579,-52.821053,-0.396310875,-22.70694051,213.12589,6,1,0
4,687,37.2884967,127.1068245,-73.241148,-52.942584,-0.396310875,-22.70694051,213.440723,6,1,0
4,688,37.2884956,127.1068278,-72.950718,-53.064115,-0.396310875,-22.70694051,213.755556,6,1,0
4,689,37.2884945,127.1068311,-72.660287,-53.185646,-0.396310875,-22.70694051,214.070389,6,1,0
4,690,37.2884934,127.1068344,-72.369856,-53.307177,-0.396310875,-22.70694051,214.385222,6,1,0
4,691,37.2884923,127.1068376,-72.079426,-53.428708,-0.396310875,-22.70694051,214.700054,6,1,0
4,692,37.2884913,127.1068409,-71.788995,-53.550239,-0.396310875,-22.70694051,215.014888,6,1,0
4,693,37.2884902,127.1068442,-71.498565,-53.67177,-0.396310875,-22.70694051,215.32972,6,1,0
4,694,37.2884891,127.1068475,-71.208134,-53.793301,-0.396310875,-22.70694051,215.644553,6,1,0
4,695,37.288488,127.1068508,-70.917703,-53.914833,-0.396310875,-22.70694051,215.959387,6,1,0
4,696,37.2884869,127.106854,-70.627273,-54.036364,-0.396310875,-22.70694051,216.274219,6,1,0
4,697,37.2884858,127.1068573,-70.336842,-54.157895,-0.396310875,-22.70694051,216.589052,6,1,0
4,698,37.2884847,127.1068606,-70.046411,-54.279426,-0.396310875,-22.70694051,216.903885,6,1,0
4,699,37.2884836,127.1068639,-69.755981,-54.400957,-0.396310875,-22.70694051,217.218718,6,1,0
4,700,37.2884825,127.1068672,-69.46555,-54.522488,-0.396310875,-22.70694051,217.533551,6,1,0
4,701,37.2884814,127.1068704,-69.17512,-54.644019,-0.396310875,-22.70694051,217.848383,6,1,0
4,702,37.2884803,127.1068737,-68.884689,-54.76555,-0.396310875,-22.70694051,218.163216,6,1,0
4,703,37.2884792,127.106877,-68.594258,-54.887081,-0.396310875,-22.70694051,218.47805,6,1,0
4,704,37.2884782,127.1068803,-68.303828,-55.008612,-0.396310875,-22.70694051,218.792882,6,1,0
4,705,37.2884771,127.1068836,-68.013397,-55.130144,-0.396310875,-22.70694051,219.107715,6,1,0
4,706,37.288476,127.1068868,-67.722967,-55.251675,-0.396310875,-22.70694051,219.422548,6,1,0
4,707,37.2884749,127.1068901,-67.432536,-55.373206,-0.396310875,-22.70694051,219.737381,6,1,0
4,708,37.2884738,127.1068934,-67.142105,-55.494737,-0.396310875,-22.70694051,220.052214,6,1,0
4,709,37.2884727,127.1068967,-66.851675,-55.616268,-0.396310875,-22.70694051,220.367046,6,1,0
4,710,37.2884716,127.1068999,-66.561244,-55.737799,-0.396310875,-22.70694051,220.68188,6,1,0
4,711,37.2884705,127.1069032,-66.270813,-55.85933,-0.396310875,-22.70694051,220.996713,6,1,0
4,712,37.2884694,127.1069065,-65.980383,-55.980861,-0.396310875,-22.70694051,221.311545,6,1,0
4,713,37.2884683,127.1069098,-65.689952,-56.102392,-0.396310875,-22.70694051,221.626378,6,1,0
4,714,37.2884672,127.1069131,-65.399522,-56.223923,-0.396310875,-22.70694051,221.941211,6,1,0
4,715,37.2884661,127.1069163,-65.109091,-56.345455,-0.396310875,-22.70694051,222.256044,6,1,0
4,716,37.2884651,127.1069196,-64.81866,-56.466986,-0.396310875,-22.70694051,222.570877,6,1,0
4,717,37.288464,127.1069229,-64.52823,-56.588517,-0.396310875,-22.70694051,222.88571,6,1,0
4,718,37.2884629,127.1069262,-64.237799,-56.710048,-0.396310875,-22.70694051,223.200543,6,1,0
4,719,37.2884618,127.1069295,-63.947368,-56.831579,-0.396310875,-22.70694051,223.515376,6,1,0
4,720,37.2884607,127.1069327,-63.656938,-56.95311,-0.396310875,-22.70694051,223.830208,6,1,0
4,721,37.2884596,127.106936,-63.366507,-57.074641,-0.396310875,-22.70694051,224.145042,6,1,0
4,722,37.2884585,127.1069393,-63.076077,-57.196172,-0.396310875,-22.70694051,224.459874,6,1,0
4,723,37.2884574,127.1069426,-62.785646,-57.317703,-0.396310875,-22.70694051,224.774707,6,1,0
4,724,37.2884563,127.1069459,-62.495215,-57.439234,-0.396310875,-22.70694051,225.08954,6,1,0
4,725,37.2884552,127.1069491,-62.204785,-57.560766,-0.396310875,-22.70694051,225.404373,6,1,0
4,726,37.2884541,127.1069524,-61.914354,-57.682297,-0.396310875,-22.70694051,225.719206,6,1,0
4,727,37.288453,127.1069557,-61.623923,-57.803828,-0.396310875,-22.70694051,226.034039,6,1,0
4,728,37.288452,127.106959,-61.333493,-57.925359,-0.396310875,-22.70694051,226.348872,6,1,0
4,729,37.2884509,127.1069623,-61.043062,-58.04689,-0.396310875,-22.70694051,226.663705,6,1,0
4,730,37.2884498,127.1069655,-60.752632,-58.168421,-0.396310875,-22.70694051,226.978537,6,1,0
4,731,37.2884487,127.1069688,-60.462201,-58.289952,-0.396310875,-22.70694051,227.29337,6,1,0
4,732,37.2884476,127.1069721,-60.17177,-58.411483,-0.396310875,-22.70694051,227.608204,6,1,0
4,733,37.2884465,127.1069754,-59.88134,-58.533014,-0.396310875,-22.70694051,227.923036,6,1,0
4,734,37.2884454,127.1069787,-59.590909,-58.654545,-0.396310875,-22.70694051,228.237869,6,1,0
4,735,37.2884443,127.1069819,-59.300478,-58.776077,-0.396310875,-22.70694051,228.552703,6,1,0
4,736,37.2884432,127.1069852,-59.010048,-58.897608,-0.396310875,-22.70694051,228.867535,6,1,0
4,737,37.2884421,127.1069885,-58.719617,-59.019139,-0.396310875,-22.70694051,229.182368,6,1,0
4,738,37.288441,127.1069918,-58.429187,-59.14067,-0.396310875,-22.70694051,229.497201,6,1,0
4,739,37.2884399,127.106995,-58.138756,-59.262201,-0.396310875,-22.70694051,229.812034,6,1,0
4,740,37.2884388,127.1069983,-57.848325,-59.383732,-0.396310875,-22.70694051,230.126867,6,1,0
4,741,37.2884378,127.1070016,-57.557895,-59.505263,-0.396310875,-22.70694051,230.441699,6,1,0
4,742,37.2884367,127.1070049,-57.267464,-59.626794,-0.396310875,-22.70694051,230.756532,6,1,0
4,743,37.2884356,127.1070082,-56.977033,-59.748325,-0.396310875,-22.70694051,231.071366,6,1,0
4,744,37.2884345,127.1070114,-56.686603,-59.869856,-0.396310875,-22.70694051,231.386198,6,1,0
4,745,37.2884334,127.1070147,-56.396172,-59.991388,-0.396310875,-22.70694051,231.701032,6,1,0
4,746,37.2884323,127.107018,-56.105742,-60.112919,-0.396310875,-22.70694051,232.015864,6,1,0
4,747,37.2884312,127.1070213,-55.815311,-60.23445,-0.396310875,-22.70694051,232.330697,6,1,0
4,748,37.2884301,127.1070246,-55.52488,-60.355981,-0.396310875,-22.70694051,232.64553,6,1,0
4,749,37.288429,127.1070278,-55.23445,-60.477512,-0.396310875,-22.70694051,232.960363,6,1,0
4,750,37.2884279,127.1070311,-54.944019,-60.599043,-0.396310875,-22.70694051,233.275196,6,1,0
4,751,37.2884268,127.1070344,-54.653589,-60.720574,-0.396310875,-22.70694051,233.590028,6,1,0
4,752,37.2884257,127.1070377,-54.363158,-60.842105,-0.396310875,-22.70694051,233.904861,6,1,0
4,753,37.2884247,127.107041,-54.072727,-60.963636,-0.396310875,-22.70694051,234.219694,6,1,0
4,754,37.2884236,127.1070442,-53.782297,-61.085167,-0.396310875,-22.70694051,234.534527,6,1,0
4,755,37.2884225,127.1070475,-53.491866,-61.206699,-0.396310875,-22.70694051,234.84936,6,1,0
4,756,37.2884214,127.1070508,-53.201435,-61.32823,-0.396310875,-22.70694051,235.164194,6,1,0
4,757,37.2884203,127.1070541,-52.911005,-61.449761,-0.396310875,-22.70694051,235.479026,6,1,0
4,758,37.2884192,127.1070574,-52.620574,-61.571292,-0.396310875,-22.70694051,235.793859,6,1,0
4,759,37.2884181,127.1070606,-52.330144,-61.692823,-0.396310875,-22.70694051,236.108691,6,1,0
4,760,37.288417,127.1070639,-52.039713,-61.814354,-0.396310875,-22.70694051,236.423525,6,1,0
4,761,37.2884159,127.1070672,-51.749282,-61.935885,-0.396310875,-22.70694051,236.738358,6,1,0
4,762,37.2884148,127.1070705,-51.458852,-62.057416,-0.396310875,-22.70694051,237.05319,6,1,0
4,763,37.2884137,127.1070738,-51.168421,-62.178947,-0.396310875,-22.70694051,237.368023,6,1,0
4,764,37.2884126,127.107077,-50.87799,-62.300478,-0.396310875,-22.70694051,237.682856,6,1,0
4,765,37.2884116,127.1070803,-50.58756,-62.42201,-0.396310875,-22.70694051,237.997689,6,1,0
4,766,37.2884105,127.1070836,-50.297129,-62.543541,-0.396310875,-22.70694051,238.312522,6,1,0
4,767,37.2884094,127.1070869,-50.006699,-62.665072,-0.396310875,-22.70694051,238.627355,6,1,0
4,768,37.2884083,127.1070901,-49.716268,-62.786603,-0.396310875,-22.70694051,238.942188,6,1,0
4,769,37.2884072,127.1070934,-49.425837,-62.908134,-0.396310875,-22.70694051,239.257021,6,1,0
4,770,37.2884061,127.1070967,-49.135407,-63.029665,-0.396310875,-22.70694051,239.571853,6,1,0
4,771,37.288405,127.1071,-48.844976,-63.151196,-0.396310875,-22.70694051,239.886687,6,1,0
4,772,37.2884039,127.1071033,-48.554545,-63.272727,-0.396310875,-22.70694051,240.20152,6,1,0
4,773,37.2884028,127.1071065,-48.264115,-63.394258,-0.396310875,-22.70694051,240.516352,6,1,0
4,774,37.2884017,127.1071098,-47.973684,-63.515789,-0.396310875,-22.70694051,240.831185,6,1,0
4,775,37.2884006,127.1071131,-47.683254,-63.637321,-0.396310875,-22.70694051,241.146018,6,1,0
4,776,37.2883995,127.1071164,-47.392823,-63.758852,-0.396310875,-22.70694051,241.460851,6,1,0
4,777,37.2883985,127.1071197,-47.102392,-63.880383,-0.396310875,-22.70694051,241.775684,6,1,0
4,778,37.2883974,127.1071229,-46.811962,-64.001914,-0.396310875,-22.70694051,242.090517,6,1,0
4,779,37.2883963,127.1071262,-46.521531,-64.123445,-0.396310875,-22.70694051,242.40535,6,1,0
4,780,37.2883952,127.1071295,-46.2311,-64.244976,-0.396310875,-22.70694051,242.720183,6,1,0
4,781,37.2883941,127.1071328,-45.94067,-64.366507,-0.396310875,-22.70694051,243.035015,6,1,0
4,782,37.288393,127.1071361,-45.650239,-64.488038,-0.396310875,-22.70694051,243.349849,6,1,0
4,783,37.2883919,127.1071393,-45.359809,-64.609569,-0.396310875,-22.70694051,243.664681,6,1,0
4,784,37.2883908,127.1071426,-45.069378,-64.7311,-0.396310875,-22.70694051,243.979514,6,1,0
4,785,37.2883897,127.1071459,-44.778947,-64.852632,-0.396310875,-22.70694051,244.294348,6,1,0
4,786,37.2883886,127.1071492,-44.488517,-64.974163,-0.396310875,-22.70694051,244.60918,6,1,0
4,787,37.2883875,127.1071525,-44.198086,-65.095694,-0.396310875,-22.70694051,244.924013,6,1,0
4,788,37.2883864,127.1071557,-43.907656,-65.217225,-0.396310875,-22.70694051,245.238845,6,1,0
4,789,37.2883854,127.107159,-43.617225,-65.338756,-0.396310875,-22.70694051,245.553679,6,1,0
4,790,37.2883843,127.1071623,-43.326794,-65.460287,-0.396310875,-22.70694051,245.868512,6,1,0
4,791,37.2883832,127.1071656,-43.036364,-65.581818,-0.396310875,-22.70694051,246.183344,6,1,0
4,792,37.2883821,127.1071689,-42.745933,-65.703349,-0.396310875,-22.70694051,246.498177,6,1,0
4,793,37.288381,127.1071721,-42.455502,-65.82488,-0.396310875,-22.70694051,246.813011,6,1,0
4,794,37.2883799,127.1071754,-42.165072,-65.946411,-0.396310875,-22.70694051,247.127843,6,1,0
4,795,37.2883788,127.1071787,-41.874641,-66.067943,-0.396310875,-22.70694051,247.442676,6,1,0
4,796,37.2883777,127.107182,-41.584211,-66.189474,-0.396310875,-22.70694051,247.757509,6,1,0
4,797,37.2883766,127.1071852,-41.29378,-66.311005,-0.396310875,-22.70694051,248.072342,6,1,0
4,798,37.2883755,127.1071885,-41.003349,-66.432536,-0.396310875,-22.70694051,248.387175,6,1,0
4,799,37.2883744,127.1071918,-40.712919,-66.554067,-0.396310875,-22.70694051,248.702007,6,1,0
4,800,37.2883733,127.1071951,-40.422488,-66.675598,-0.396310875,-22.70694051,249.016841,6,1,0
4,801,37.2883723,127.1071984,-40.132057,-66.797129,-0.396310875,-22.70694051,249.331674,6,1,0
4,802,37.2883712,127.1072016,-39.841627,-66.91866,-0.396310875,-22.70694051,249.646506,6,1,0
4,803,37.2883701,127.1072049,-39.551196,-67.040191,-0.396310875,-22.70694051,249.961339,6,1,0
4,804,37.288369,127.1072082,-39.260766,-67.161722,-0.396310875,-22.70694051,250.276172,6,1,0
4,805,37.2883679,127.1072115,-38.970335,-67.283254,-0.396310875,-22.70694051,250.591005,6,1,0
4,806,37.2883668,127.1072148,-38.679904,-67.404785,-0.396310875,-22.70694051,250.905838,6,1,0
4,807,37.2883657,127.107218,-38.389474,-67.526316,-0.396310875,-22.70694051,251.220671,6,1,0
4,808,37.2883646,127.1072213,-38.099043,-67.647847,-0.396310875,-22.70694051,251.535504,6,1,0
4,809,37.2883635,127.1072246,-37.808612,-67.769378,-0.396310875,-22.70694051,251.850337,6,1,0
4,810,37.2883624,127.1072279,-37.518182,-67.890909,-0.396310875,-22.70694051,252.165169,6,1,0
4,811,37.2883613,127.1072312,-37.227751,-68.01244,-0.396310875,-22.70694051,252.480003,6,1,0
4,812,37.2883602,127.1072344,-36.937321,-68.133971,-0.396310875,-22.70694051,252.794835,6,1,0
4,813,37.2883592,127.1072377,-36.64689,-68.255502,-0.396310875,-22.70694051,253.109668,6,1,0
4,814,37.2883581,127.107241,-36.356459,-68.377033,-0.396310875,-22.70694051,253.424501,6,1,0
4,815,37.288357,127.1072443,-36.066029,-68.498565,-0.396310875,-22.70694051,253.739334,6,1,0
4,816,37.2883559,127.1072476,-35.775598,-68.620096,-0.396310875,-22.70694051,254.054167,6,1,0
4,817,37.2883548,127.1072508,-35.485167,-68.741627,-0.396310875,-22.70694051,254.369,6,1,0
4,818,37.2883537,127.1072541,-35.194737,-68.863158,-0.396310875,-22.70694051,254.683833,6,1,0
4,819,37.2883526,127.1072574,-34.904306,-68.984689,-0.396310875,-22.70694051,254.998666,6,1,0
4,820,37.2883515,127.1072607,-34.613876,-69.10622,-0.396310875,-22.70694051,255.313498,6,1,0
4,821,37.2883504,127.1072639,-34.323445,-69.227751,-0.396310875,-22.70694051,255.628331,6,1,0
4,822,37.2883493,127.1072672,-34.033014,-69.349282,-0.396310875,-22.70694051,255.943165,6,1,0
4,823,37.2883482,127.1072705,-33.742584,-69.470813,-0.396310875,-22.70694051,256.257997,6,1,0
4,824,37.2883471,127.1072738,-33.452153,-69.592344,-0.396310875,-22.70694051,256.57283,6,1,0
4,825,37.2883461,127.1072771,-33.161722,-69.713876,-0.396310875,-22.70694051,256.887664,6,1,0
4,826,37.288345,127.1072803,-32.871292,-69.835407,-0.396310875,-22.70694051,257.202496,6,1,0
4,827,37.2883439,127.1072836,-32.580861,-69.956938,-0.396310875,-22.70694051,257.517329,6,1,0
4,828,37.2883428,127.1072869,-32.290431,-70.078469,-0.396310875,-22.70694051,257.832162,6,1,0
4,829,37.2883417,127.1072902,-32,-70.2,-0.387390539,-22.19584291,258.146995,0,0,0
4,830,37.2883407,127.1072934,-31.713261,-70.313959,-0.360266482,-20.64174892,258.455549,0,0,0
4,831,37.2883397,127.1072967,-31.422602,-70.41751,-0.324222088,-18.57655727,258.764103,0,0,0
4,832,37.2883389,127.1073,-31.1284,-70.51052,-0.288177695,-16.51136567,259.072657,0,0,0
4,833,37.2883382,127.1073034,-30.831037,-70.592867,-0.252133301,-14.44617402,259.381212,0,0,0
4,834,37.2883375,127.1073068,-30.5309,-70.664445,-0.216088908,-12.38098243,259.689766,0,0,0
4,835,37.288337,127.1073102,-30.228379,-70.72516,-0.180044514,-10.31579078,259.998319,0,0,0
4,836,37.2883365,127.1073136,-29.923866,-70.774935,-0.144000121,-8.250599183,260.306873,0,0,0
4,837,37.2883362,127.1073171,-29.617757,-70.813703,-0.107955727,-6.185407531,260.615428,0,0,0
4,838,37.2883359,127.1073206,-29.310449,-70.841415,-0.071911334,-4.120215937,260.923983,0,0,0
4,839,37.2883358,127.107324,-29.002343,-70.858035,-0.035866941,-2.055024343,261.232537,0,0,0
4,840,37.2883357,127.1073275,-28.693838,-70.86354,0.000177453,0.010167308,261.541091,0,0,0
4,841,37.2883358,127.107331,-28.385335,-70.857925,0.036221846,2.075358902,261.849645,0,0,0
4,842,37.2883359,127.1073345,-28.077235,-70.841196,0.07226624,4.140550553,262.158199,0,0,0
4,843,37.2883362,127.1073379,-27.769937,-70.813375,0.108310633,6.205742147,262.466753,0,0,0
4,844,37.2883365,127.1073414,-27.463842,-70.774498,0.144355027,8.270933799,262.775307,0,0,0
4,845,37.288337,127.1073448,-27.159347,-70.724616,0.18039942,10.33612539,263.083861,0,0,0
4,846,37.2883375,127.1073483,-26.856847,-70.663793,0.216443814,12.40131704,263.392415,0,0,0
4,847,37.2883382,127.1073516,-26.556735,-70.592109,0.257447943,14.75068058,263.70097,0,0,0
4,848,37.2883389,127.107355,-26.255495,-70.505463,0.307653016,17.62721937,264.014423,0,0,0
4,849,37.2883399,127.1073584,-25.959491,-70.402339,0.362817824,20.78793005,264.327876,0,0,0
4,850,37.2883409,127.1073617,-25.669623,-70.283052,0.417982632,23.94864072,264.641329,0,0,0
4,851,37.2883422,127.1073649,-25.386773,-70.147964,0.473147441,27.10935146,264.954783,0,0,0
4,852,37.2883435,127.107368,-25.111801,-69.997485,0.528312249,30.27006213,265.268237,0,0,0
4,853,37.288345,127.107371,-24.845545,-69.832075,0.583477058,33.43077287,265.58169,0,0,0
4,854,37.2883466,127.1073739,-24.588814,-69.652236,0.638641866,36.59148354,265.895143,0,0,0
4,855,37.2883483,127.1073766,-24.342389,-69.458514,0.693806674,39.75219422,266.208597,0,0,0
4,856,37.2883502,127.1073793,-24.107021,-69.251501,0.748971483,42.91290495,266.52205,0,0,0
4,857,37.2883522,127.1073818,-23.883424,-69.031825,0.804136291,46.07361563,266.835503,0,0,0
4,858,37.2883543,127.1073842,-23.67228,-68.800155,0.859301099,49.2343263,267.148956,0,0,0
4,859,37.2883564,127.1073864,-23.47423,-68.557195,0.914465908,52.39503704,267.46241,0,0,0
4,860,37.2883587,127.1073885,-23.289878,-68.303685,0.969630716,55.55574771,267.775863,0,0,0
4,861,37.2883611,127.1073905,-23.119784,-68.040396,1.024795525,58.71645845,268.089317,0,0,0
4,862,37.2883635,127.1073922,-22.964466,-67.768129,1.079960333,61.87716912,268.40277,0,0,0
4,863,37.2883661,127.1073938,-22.824396,-67.487713,1.135125141,65.0378798,268.716223,0,0,0
4,864,37.2883686,127.1073952,-22.7,-67.2,1.176468794,67.40669663,269.029677,0,0,0
4,865,37.2883712,127.1073965,-22.584091,-66.910227,1.19028995,68.19859053,269.341772,0,0,0
4,866,37.2883738,127.1073978,-22.468182,-66.620455,1.19028995,68.19859053,269.653866,0,0,0
4,867,37.2883764,127.1073991,-22.352273,-66.330682,1.19028995,68.19859053,269.965961,0,0,0
4,868,37.288379,127.1074004,-22.236364,-66.040909,1.19028995,68.19859053,270.278056,0,0,0
4,869,37.2883817,127.1074017,-22.120455,-65.751136,1.19028995,68.19859053,270.590151,0,0,0
4,870,37.2883843,127.107403,-22.004545,-65.461364,1.19028995,68.19859053,270.902245,0,0,0
4,871,37.2883869,127.1074044,-21.888636,-65.171591,1.19028995,68.19859053,271.21434,0,0,0
4,872,37.2883895,127.1074057,-21.772727,-64.881818,1.19028995,68.19859053,271.526435,0,0,0
4,873,37.2883921,127.107407,-21.656818,-64.592045,1.19028995,68.19859053,271.83853,0,0,0
4,874,37.2883947,127.1074083,-21.540909,-64.302273,1.19028995,68.19859053,272.150624,0,0,0
4,875,37.2883973,127.1074096,-21.425,-64.0125,1.19028995,68.19859053,272.462719,0,0,0
4,876,37.2883999,127.1074109,-21.309091,-63.722727,1.19028995,68.19859053,272.774814,0,0,0
4,877,37.2884025,127.1074122,-21.193182,-63.432955,1.19028995,68.19859053,273.086908,0,0,0
4,878,37.2884051,127.1074135,-21.077273,-63.143182,1.19028995,68.19859053,273.399003,0,0,0
4,879,37.2884077,127.1074148,-20.961364,-62.853409,1.19028995,68.19859053,273.711098,0,0,0
4,880,37.2884103,127.1074161,-20.845455,-62.563636,1.19028995,68.19859053,274.023193,0,0,0
4,881,37.2884129,127.1074174,-20.729545,-62.273864,1.19028995,68.19859053,274.335288,0,0,0
4,882,37.2884155,127.1074187,-20.613636,-61.984091,1.19028995,68.19859053,274.647383,0,0,0
4,883,37.2884181,127.1074201,-20.497727,-61.694318,1.19028995,68.19859053,274.959478,0,0,0
4,884,37.2884207,127.1074214,-20.381818,-61.404545,1.19028995,68.19859053,275.271573,0,0,0
4,885,37.2884233,127.1074227,-20.265909,-61.114773,1.19028995,68.19859053,275.583667,0,0,0
4,886,37.2884259,127.107424,-20.15,-60.825,1.19028995,68.19859053,275.895762,0,0,0
4,887,37.2884285,127.1074253,-20.034091,-60.535227,1.19028995,68.19859053,276.207857,0,0,0
4,888,37.2884311,127.1074266,-19.918182,-60.245455,1.19028995,68.19859053,276.519951,0,0,0
4,889,37.2884337,127.1074279,-19.802273,-59.955682,1.19028995,68.19859053,276.832046,0,0,0
4,890,37.2884363,127.1074292,-19.686364,-59.665909,1.19028995,68.19859053,277.144141,0,0,0
4,891,37.2884389,127.1074305,-19.570455,-59.376136,1.19028995,68.19859053,277.456236,0,0,0
4,892,37.2884415,127.1074318,-19.454545,-59.086364,1.19028995,68.19859053,277.76833,0,0,0
4,893,37.2884441,127.1074331,-19.338636,-58.796591,1.19028995,68.19859053,278.080425,0,0,0
4,894,37.2884467,127.1074345,-19.222727,-58.506818,1.19028995,68.19859053,278.39252,0,0,0
4,895,37.2884493,127.1074358,-19.106818,-58.217045,1.19028995,68.19859053,278.704615,0,0,0
4,896,37.2884519,127.1074371,-18.990909,-57.927273,1.19028995,68.19859053,279.016709,0,0,0
4,897,37.2884545,127.1074384,-18.875,-57.6375,1.19028995,68.19859053,279.328804,0,0,0
4,898,37.2884571,127.1074397,-18.759091,-57.347727,1.19028995,68.19859053,279.640899,0,0,0
4,899,37.2884597,127.107441,-18.643182,-57.057955,1.19028995,68.19859053,279.952993,0,0,0
4,900,37.2884623,127.1074423,-18.527273,-56.768182,1.19028995,68.19859053,280.265088,0,0,0
4,901,37.2884649,127.1074436,-18.411364,-56.478409,1.19028995,68.19859053,280.577183,0,0,0
4,902,37.2884676,127.1074449,-18.295455,-56.188636,1.19028995,68.19859053,280.889278,0,0,0
4,903,37.2884702,127.1074462,-18.179545,-55.898864,1.19028995,68.19859053,281.201373,0,0,0
4,904,37.2884728,127.1074475,-18.063636,-55.609091,1.19028995,68.19859053,281.513468,0,0,0
4,905,37.2884754,127.1074488,-17.947727,-55.319318,1.19028995,68.19859053,281.825563,0,0,0
4,906,37.288478,127.1074502,-17.831818,-55.029545,1.19028995,68.19859053,282.137658,0,0,0
4,907,37.2884806,127.1074515,-17.715909,-54.739773,1.19028995,68.19859053,282.449752,0,0,0
4,908,37.2884832,127.1074528,-17.6,-54.45,1.19028995,68.19859053,282.761847,0,0,0
4,909,37.2884858,127.1074541,-17.484091,-54.160227,1.19028995,68.19859053,283.073942,0,0,0
4,910,37.2884884,127.1074554,-17.368182,-53.870455,1.19028995,68.19859053,283.386036,0,0,0
4,911,37.288491,127.1074567,-17.252273,-53.580682,1.19028995,68.19859053,283.698131,0,0,0
4,912,37.2884936,127.107458,-17.136364,-53.290909,1.19028995,68.19859053,284.010226,0,0,0
4,913,37.2884962,127.1074593,-17.020455,-53.001136,1.19028995,68.19859053,284.322321,0,0,0
4,914,37.2884988,127.1074606,-16.904545,-52.711364,1.19028995,68.19859053,284.634415,0,0,0
4,915,37.2885014,127.1074619,-16.788636,-52.421591,1.19028995,68.19859053,284.94651,0,0,0
4,916,37.288504,127.1074632,-16.672727,-52.131818,1.19028995,68.19859053,285.258605,0,0,0
4,917,37.2885066,127.1074646,-16.556818,-51.842045,1.19028995,68.19859053,285.5707,0,0,0
4,918,37.2885092,127.1074659,-16.440909,-51.552273,1.19028995,68.19859053,285.882794,0,0,0
4,919,37.2885118,127.1074672,-16.325,-51.2625,1.19028995,68.19859053,286.194889,0,0,0
4,920,37.2885144,127.1074685,-16.209091,-50.972727,1.19028995,68.19859053,286.506984,0,0,0
4,921,37.288517,127.1074698,-16.093182,-50.682955,1.19028995,68.19859053,286.819079,0,0,0
4,922,37.2885196,127.1074711,-15.977273,-50.393182,1.19028995,68.19859053,287.131174,0,0,0
4,923,37.2885222,127.1074724,-15.861364,-50.103409,1.19028995,68.19859053,287.443269,0,0,0
4,924,37.2885248,127.1074737,-15.745455,-49.813636,1.19028995,68.19859053,287.755364,0,0,0
4,925,37.2885274,127.107475,-15.629545,-49.523864,1.19028995,68.19859053,288.067458,0,0,0
4,926,37.28853,127.1074763,-15.513636,-49.234091,1.19028995,68.19859053,288.379553,0,0,0
4,927,37.2885326,127.1074776,-15.397727,-48.944318,1.19028995,68.19859053,288.691648,0,0,0
4,928,37.2885352,127.107479,-15.281818,-48.654545,1.19028995,68.19859053,289.003743,0,0,0
4,929,37.2885378,127.1074803,-15.165909,-48.364773,1.19028995,68.19859053,289.315837,0,0,0
4,930,37.2885404,127.1074816,-15.05,-48.075,1.19028995,68.19859053,289.627932,0,0,0
4,931,37.288543,127.1074829,-14.934091,-47.785227,1.19028995,68.19859053,289.940027,0,0,0
4,932,37.2885456,127.1074842,-14.818182,-47.495455,1.19028995,68.19859053,290.252121,0,0,0
4,933,37.2885482,127.1074855,-14.702273,-47.205682,1.19028995,68.19859053,290.564216,0,0,0
4,934,37.2885508,127.1074868,-14.586364,-46.915909,1.19028995,68.19859053,290.876311,0,0,0
4,935,37.2885535,127.1074881,-14.470455,-46.626136,1.19028995,68.19859053,291.188406,0,0,0
4,936,37.2885561,127.1074894,-14.354545,-46.336364,1.19028995,68.19859053,291.500501,0,0,0
4,937,37.2885587,127.1074907,-14.238636,-46.046591,1.19028995,68.19859053,291.812596,0,0,0
4,938,37.2885613,127.107492,-14.122727,-45.756818,1.19028995,68.19859053,292.124691,0,0,0
4,939,37.2885639,127.1074933,-14.006818,-45.467045,1.19028995,68.19859053,292.436786,0,0,0
4,940,37.2885665,127.1074947,-13.890909,-45.177273,1.19028995,68.19859053,292.74888,0,0,0
4,941,37.2885691,127.107496,-13.775,-44.8875,1.19028995,68.19859053,293.060975,0,0,0
4,942,37.2885717,127.1074973,-13.659091,-44.597727,1.19028995,68.19859053,293.37307,0,0,0
4,943,37.2885743,127.1074986,-13.543182,-44.307955,1.19028995,68.19859053,293.685164,0,0,0
4,944,37.2885769,127.1074999,-13.427273,-44.018182,1.19028995,68.19859053,293.997259,0,0,0
4,945,37.2885795,127.1075012,-13.311364,-43.728409,1.19028995,68.19859053,294.309354,0,0,0
4,946,37.2885821,127.1075025,-13.195455,-43.438636,1.19028995,68.19859053,294.621449,0,0,0
4,947,37.2885847,127.1075038,-13.079545,-43.148864,1.19028995,68.19859053,294.933543,0,0,0
4,948,37.2885873,127.1075051,-12.963636,-42.859091,1.19028995,68.19859053,295.245638,0,0,0
4,949,37.2885899,127.1075064,-12.847727,-42.569318,1.19028995,68.19859053,295.557733,0,0,0
4,950,37.2885925,127.1075077,-12.731818,-42.279545,1.19028995,68.19859053,295.869828,0,0,0
4,951,37.2885951,127.1075091,-12.615909,-41.989773,1.19028995,68.19859053,296.181922,0,0,0
4,952,37.2885977,127.1075104,-12.5,-41.7,1.201082251,68.81694383,296.494017,0,0,0
4,953,37.2886002,127.1075116,-12.394668,-41.418879,1.234313947,70.72097976,296.794224,0,0,0
4,954,37.2886028,127.1075126,-12.30181,-41.133394,1.278337945,73.24336904,297.094431,0,0,0
4,955,37.2886054,127.1075135,-12.221607,-40.8441,1.322361943,75.76575832,297.394636,0,0,0
4,956,37.288608,127.1075143,-12.154213,-40.551556,1.36638594,78.28814755,297.694843,0,0,0
4,957,37.2886107,127.1075149,-12.099758,-40.256329,1.410409938,80.81053683,297.99505,0,0,0
4,958,37.2886133,127.1075153,-12.05835,-39.958992,1.454433936,83.33292611,298.295257,0,0,0
4,959,37.288616,127.1075157,-12.030067,-39.660121,1.498457933,85.85531534,298.595463,1,1,0
4,960,37.2886187,127.1075158,-12.014966,-39.360294,1.542481931,88.37770462,298.89567,1,1,0
4,961,37.2886214,127.1075159,-12.013073,-39.060094,1.586505929,90.9000939,299.195876,1,1,0
4,962,37.2886241,127.1075157,-12.024395,-38.760101,1.630529926,93.42248313,299.496082,1,1,0
4,963,37.2886268,127.1075155,-12.048908,-38.460897,1.674553924,95.94487241,299.796289,1,1,0
4,964,37.2886295,127.107515,-12.086566,-38.163062,1.718577922,98.4672617,300.096495,1,1,0
4,965,37.2886321,127.1075145,-12.137294,-37.867172,1.762601919,100.9896509,300.396702,1,1,0
4,966,37.2886348,127.1075137,-12.200996,-37.573802,1.81387665,103.9274766,300.696909,1,1,0
4,967,37.2886375,127.1075128,-12.28403,-37.275457,1.877861218,107.5935223,301.006593,1,1,0
4,968,37.2886401,127.1075116,-12.388089,-36.983779,1.949096518,111.6750043,301.316277,1,1,0
4,969,37.2886426,127.1075102,-12.512643,-36.700247,2.020331819,115.7564864,301.625961,1,1,0
4,970,37.2886451,127.1075086,-12.657063,-36.426299,2.091567119,119.8379685,301.935646,1,1,0
4,971,37.2886474,127.1075067,-12.820614,-36.163325,2.16280242,123.9194506,302.24533,1,1,0
4,972,37.2886497,127.1075047,-13.002468,-35.912659,2.234037721,128.0009327,302.555014,1,1,0
4,973,37.2886518,127.1075024,-13.201701,-35.675572,2.305273021,132.0824147,302.864698,1,1,0
4,974,37.2886538,127.1075,-13.417305,-35.453267,2.376508322,136.1638968,303.174383,1,1,0
4,975,37.2886557,127.1074974,-13.648183,-35.246871,2.447743622,140.2453789,303.484066,1,1,0
4,976,37.2886574,127.1074946,-13.893167,-35.057431,2.518978923,144.326861,303.793751,1,1,0
4,977,37.2886589,127.1074917,-14.151013,-34.885909,2.590214223,148.408343,304.103435,1,1,0
4,978,37.2886603,127.1074887,-14.420412,-34.733173,2.661449524,152.4898251,304.413119,1,1,0
4,979,37.2886615,127.1074855,-14.7,-34.6,2.714924811,155.5537334,304.722804,1,1,0
4,980,37.2886626,127.1074823,-14.985714,-34.47619,2.732684825,156.5713072,305.03419,4,1,0
4,981,37.2886637,127.1074791,-15.271429,-34.352381,2.732684825,156.5713072,305.345577,4,1,0
4,982,37.2886648,127.1074758,-15.557143,-34.228571,2.732684825,156.5713072,305.656963,4,1,0
4,983,37.2886659,127.1074726,-15.842857,-34.104762,2.732684825,156.5713072,305.968349,4,1,0
4,984,37.288667,127.1074694,-16.128571,-33.980952,2.732684825,156.5713072,306.279735,4,1,2
4,985,37.2886682,127.1074662,-16.414286,-33.857143,2.732684825,156.5713072,306.591122,0,0,0
4,986,37.2886693,127.1074629,-16.7,-33.733333,2.732684825,156.5713072,306.902508,0,0,0
4,987,37.2886704,127.1074597,-16.985714,-33.609524,2.732684825,156.5713072,307.213894,0,0,0
4,988,37.2886715,127.1074565,-17.271429,-33.485714,2.732684825,156.5713072,307.525281,0,0,0
4,989,37.2886726,127.1074533,-17.557143,-33.361905,2.732684825,156.5713072,307.836667,0,0,0
4,990,37.2886737,127.10745,-17.842857,-33.238095,2.732684825,156.5713072,308.148053,0,0,0
4,991,37.2886748,127.1074468,-18.128571,-33.114286,2.732684825,156.5713072,308.459439,0,0,0
4,992,37.2886759,127.1074436,-18.414286,-32.990476,2.732684825,156.5713072,308.770826,0,0,0
4,993,37.2886771,127.1074404,-18.7,-32.866667,2.732684825,156.5713072,309.082212,0,0,0
4,994,37.2886782,127.1074371,-18.985714,-32.742857,2.732684825,156.5713072,309.393598,0,0,0
4,995,37.2886793,127.1074339,-19.271429,-32.619048,2.732684825,156.5713072,309.704985,0,0,0
4,996,37.2886804,127.1074307,-19.557143,-32.495238,2.732684825,156.5713072,310.016372,0,0,0
4,997,37.2886815,127.1074275,-19.842857,-32.371429,2.732684825,156.5713072,310.327757,0,0,0
4,998,37.2886826,127.1074242,-20.128571,-32.247619,2.732684825,156.5713072,310.639144,0,0,0
4,999,37.2886837,127.107421,-20.414286,-32.12381,2.732684825,156.5713072,310.95053,0,0,0
4,1000,37.2886848,127.1074178,-20.7,-32,2.732684825,156.5713072,311.261917,0,0,0
4,1001,37.288686,127.1074145,-20.985714,-31.87619,2.732684825,156.5713072,311.573303,0,0,0
4,1002,37.2886871,127.1074113,-21.271429,-31.752381,2.732684825,156.5713072,311.88469,0,0,0
4,1003,37.2886882,127.1074081,-21.557143,-31.628571,2.732684825,156.5713072,312.196076,0,0,0
4,1004,37.2886893,127.1074049,-21.842857,-31.504762,2.732684825,156.5713072,312.507462,0,0,0
4,1005,37.2886904,127.1074016,-22.128571,-31.380952,2.732684825,156.5713072,312.818848,0,0,0
4,1006,37.2886915,127.1073984,-22.414286,-31.257143,2.732684825,156.5713072,313.130235,0,0,0
4,1007,37.2886926,127.1073952,-22.7,-31.133333,2.732684825,156.5713072,313.441621,0,0,0
4,1008,37.2886937,127.107392,-22.985714,-31.009524,2.732684825,156.5713072,313.753007,0,0,0
4,1009,37.2886949,127.1073887,-23.271429,-30.885714,2.732684825,156.5713072,314.064394,0,0,0
4,1010,37.288696,127.1073855,-23.557143,-30.761905,2.732684825,156.5713072,314.37578,0,0,0
4,1011,37.2886971,127.1073823,-23.842857,-30.638095,2.732684825,156.5713072,314.687166,0,0,0
4,1012,37.2886982,127.1073791,-24.128571,-30.514286,2.732684825,156.5713072,314.998552,0,0,0
4,1013,37.2886993,127.1073758,-24.414286,-30.390476,2.732684825,156.5713072,315.309939,0,0,0
4,1014,37.2887004,127.1073726,-24.7,-30.266667,2.732684825,156.5713072,315.621325,0,0,0
4,1015,37.2887015,127.1073694,-24.985714,-30.142857,2.732684825,156.5713072,315.932712,0,0,0
4,1016,37.2887026,127.1073662,-25.271429,-30.019048,2.732684825,156.5713072,316.244098,0,0,0
4,1017,37.2887037,127.1073629,-25.557143,-29.895238,2.732684825,156.5713072,316.555485,0,0,0
4,1018,37.2887049,127.1073597,-25.842857,-29.771429,2.732684825,156.5713072,316.86687,0,0,0
4,1019,37.288706,127.1073565,-26.128571,-29.647619,2.732684825,156.5713072,317.178257,0,0,0
4,1020,37.2887071,127.1073533,-26.414286,-29.52381,2.732684825,156.5713072,317.489644,0,0,0
4,1021,37.2887082,127.10735,-26.7,-29.4,2.732684825,156.5713072,317.80103,0,0,0
5,0,37.2887082,127.10735,-26.7,-29.4,2.843093722,162.897271,0,0,0,0
5,1,37.288709,127.1073468,-26.988889,-29.311111,2.843093722,162.897271,0.302255,0,0,0
5,2,37.2887098,127.1073435,-27.277778,-29.222222,2.843093722,162.897271,0.60451,0,0,0
5,3,37.2887106,127.1073402,-27.566667,-29.133333,2.843093722,162.897271,0.906765,0,0,0
5,4,37.2887114,127.107337,-27.855556,-29.044444,2.843093722,162.897271,1.20902,0,0,0
5,5,37.2887122,127.1073337,-28.144444,-28.955556,2.843093722,162.897271,1.511274,0,0,0
5,6,37.288713,127.1073305,-28.433333,-28.866667,2.843093722,162.897271,1.813529,0,0,0
5,7,37.2887138,127.1073272,-28.722222,-28.777778,2.843093722,162.897271,2.115784,0,0,0
5,8,37.2887146,127.1073239,-29.011111,-28.688889,2.843093722,162.897271,2.418039,0,0,0
5,9,37.2887154,127.1073207,-29.3,-28.6,2.843093722,162.897271,2.720294,0,0,0
5,10,37.2887162,127.1073174,-29.588889,-28.511111,2.843093722,162.897271,3.022549,1,1,0
5,11,37.288717,127.1073141,-29.877778,-28.422222,2.843093722,162.897271,3.324804,1,1,0
5,12,37.2887178,127.1073109,-30.166667,-28.333333,2.843093722,162.897271,3.627059,1,1,0
5,13,37.2887186,127.1073076,-30.455556,-28.244444,2.843093722,162.897271,3.929314,1,1,0
5,14,37.2887194,127.1073044,-30.744444,-28.155556,2.843093722,162.897271,4.231568,1,1,0
5,15,37.2887202,127.1073011,-31.033333,-28.066667,2.843093722,162.897271,4.533823,1,1,0
5,16,37.288721,127.1072978,-31.322222,-27.977778,2.843093722,162.897271,4.836078,1,1,0
5,17,37.2887218,127.1072946,-31.611111,-27.888889,2.843093722,162.897271,5.138333,1,1,0
5,18,37.2887226,127.1072913,-31.9,-27.8,2.825328107,161.8793763,5.440588,1,1,0
5,19,37.2887234,127.1072882,-32.178079,-27.703349,2.771082707,158.7713438,5.734985,1,1,0
5,20,37.2887245,127.1072851,-32.448483,-27.586942,2.699071692,154.6454166,6.029381,1,1,0
5,21,37.2887257,127.1072822,-32.709812,-27.45138,2.627060678,150.5194894,6.323778,1,1,0
5,22,37.2887271,127.1072793,-32.960709,-27.297368,2.555049663,146.3935621,6.618174,1,1,0
5,23,37.2887286,127.1072766,-33.199875,-27.125704,2.483038648,142.2676349,6.91257,1,1,0
5,24,37.2887303,127.1072741,-33.42607,-26.937276,2.411027633,138.1417077,7.206966,1,1,0
5,25,37.2887322,127.1072717,-33.638122,-26.733062,2.339016618,134.0157804,7.501363,1,1,0
5,26,37.2887341,127.1072695,-33.834932,-26.514121,2.267005604,129.8898532,7.79576,1,1,0
5,27,37.2887362,127.1072674,-34.015479,-26.281587,2.194994589,125.763926,8.090156,1,1,0
5,28,37.2887384,127.1072656,-34.178827,-26.036665,2.122983574,121.6379988,8.384553,1,1,0
5,29,37.2887407,127.1072639,-34.32413,-25.780626,2.050972559,117.5120715,8.678949,1,1,0
5,30,37.2887431,127.1072625,-34.450635,-25.514795,1.978961544,113.3861443,8.973346,1,1,0
5,31,37.2887456,127.1072613,-34.557686,-25.240552,1.909990374,109.4343873,9.267742,1,1,0
5,32,37.2887482,127.1072603,-34.649221,-24.951958,1.848921412,105.9353936,9.570504,1,1,0
5,33,37.2887508,127.1072594,-34.723865,-24.658541,1.790892294,102.61057,9.873267,1,1,0
5,34,37.2887535,127.1072588,-34.781366,-24.361289,1.732863176,99.28574646,10.17603,1,1,0
5,35,37.2887562,127.1072583,-34.82153,-24.061202,1.674834058,95.96092291,10.478793,1,1,0
5,36,37.2887589,127.1072581,-34.844223,-23.759291,1.61680494,92.63609936,10.781555,1,1,0
5,37,37.2887616,127.107258,-34.849368,-23.456572,1.558775822,89.31127581,11.084318,1,1,0
5,38,37.2887643,127.1072582,-34.836948,-23.154064,1.500746704,85.98645226,11.387081,1,1,0
5,39,37.288767,127.1072585,-34.807004,-22.852786,1.442717587,82.66162876,11.689843,1,1,0
5,40,37.2887697,127.107259,-34.759637,-22.553751,1.384688469,79.33680521,11.992606,1,1,0
5,41,37.2887724,127.1072598,-34.695007,-22.257967,1.326659351,76.01198166,12.295369,1,1,0
5,42,37.288775,127.1072607,-34.613332,-21.966429,1.268630233,72.68715811,12.598132,1,1,0
5,43,37.2887775,127.1072618,-34.514886,-21.680119,1.210601115,69.36233456,12.900894,1,1,0
5,44,37.2887801,127.1072631,-34.4,-21.4,1.166960126,66.86189008,13.203657,1,1,0
5,45,37.2887826,127.1072645,-34.275,-21.11875,1.152571997,66.03751101,13.511434,1,1,0
5,46,37.2887851,127.1072659,-34.15,-20.8375,1.152571997,66.03751101,13.819211,1,1,0
5,47,37.2887876,127.1072673,-34.025,-20.55625,1.152571997,66.03751101,14.126987,1,1,0
5,48,37.2887902,127.1072687,-33.9,-20.275,1.152571997,66.03751101,14.434764,1,1,0
5,49,37.2887927,127.1072701,-33.775,-19.99375,1.152571997,66.03751101,14.742541,1,1,0
5,50,37.2887952,127.1072716,-33.65,-19.7125,1.152571997,66.03751101,15.050318,1,1,0
5,51,37.2887977,127.107273,-33.525,-19.43125,1.152571997,66.03751101,15.358095,1,1,0
5,52,37.2888003,127.1072744,-33.4,-19.15,1.152571997,66.03751101,15.665871,1,1,0
5,53,37.2888028,127.1072758,-33.275,-18.86875,1.152571997,66.03751101,15.973648,1,1,0
5,54,37.2888053,127.1072772,-33.15,-18.5875,1.152571997,66.03751101,16.281425,1,1,0
5,55,37.2888079,127.1072786,-33.025,-18.30625,1.152571997,66.03751101,16.589202,1,1,0
5,56,37.2888104,127.10728,-32.9,-18.025,1.152571997,66.03751101,16.896979,1,1,0
5,57,37.2888129,127.1072814,-32.775,-17.74375,1.152571997,66.03751101,17.204755,1,1,0
5,58,37.2888154,127.1072828,-32.65,-17.4625,1.152571997,66.03751101,17.512532,1,1,0
5,59,37.288818,127.1072843,-32.525,-17.18125,1.152571997,66.03751101,17.820309,1,1,0
5,60,37.2888205,127.1072857,-32.4,-16.9,1.138776582,65.24709196,18.128086,1,1,0
5,61,37.288823,127.1072872,-32.26679,-16.621224,1.097496637,62.88192533,18.437053,1,1,0
5,62,37.2888254,127.1072888,-32.118437,-16.350204,1.042421277,59.72633965,18.74602,1,1,0
5,63,37.2888278,127.1072907,-31.955389,-16.087762,0.987345917,56.57075396,19.054987,1,1,0
5,64,37.2888301,127.1072927,-31.778141,-15.834693,0.932270557,53.41516828,19.363954,1,1,0
5,65,37.2888322,127.1072948,-31.587232,-15.591764,0.877195197,50.2595826,19.672921,1,1,0
5,66,37.2888343,127.1072971,-31.383239,-15.359713,0.822119837,47.10399691,19.981889,1,1,0
5,67,37.2888363,127.1072996,-31.166782,-15.139243,0.767044477,43.94841123,20.290856,1,1,0
5,68,37.2888382,127.1073022,-30.938517,-14.931023,0.711969117,40.79282555,20.599823,1,1,0
5,69,37.2888399,127.1073049,-30.699136,-14.735684,0.656893756,37.63723981,20.90879,1,1,0
5,70,37.2888416,127.1073077,-30.449365,-14.553818,0.601818396,34.48165412,21.217757,1,1,0
5,71,37.2888431,127.1073106,-30.189961,-14.385978,0.546743036,31.32606844,21.526724,1,1,0
5,72,37.2888444,127.1073137,-29.921712,-14.232671,0.491667676,28.17048276,21.835691,1,1,0
5,73,37.2888457,127.1073168,-29.64543,-14.094364,0.434734208,24.90843533,22.144658,1,1,0
5,74,37.2888468,127.1073199,-29.365659,-13.97446,0.373198768,21.38271433,22.449041,1,1,0
5,75,37.2888477,127.1073232,-29.078853,-13.872522,0.30980522,17.75053158,22.753424,1,1,0
5,76,37.2888484,127.1073265,-28.786166,-13.788958,0.246411673,14.11834889,23.057806,1,1,0
5,77,37.288849,127.1073298,-28.488773,-13.724103,0.183018125,10.48616614,23.362189,1,1,0
5,78,37.2888494,127.1073332,-28.187869,-13.678219,0.119624577,6.853983388,23.666571,1,1,0
5,79,37.2888497,127.1073367,-27.884662,-13.65149,0.056231029,3.221800639,23.970954,1,1,0
5,80,37.2888497,127.1073401,-27.580371,-13.644023,-0.007162519,-0.410382109,24.275336,1,1,0
5,81,37.2888496,127.1073435,-27.276218,-13.655848,-0.070556067,-4.042564858,24.579719,1,1,0
5,82,37.2888493,127.1073469,-26.973426,-13.686918,-0.133949614,-7.67474755,24.884101,1,1,0
5,83,37.2888489,127.1073503,-26.673209,-13.737107,-0.197343162,-11.3069303,25.188484,1,1,0
5,84,37.2888483,127.1073537,-26.376776,-13.806215,-0.26073671,-14.93911305,25.492866,2,1,0
5,85,37.2888475,127.107357,-26.085316,-13.893964,-0.324130258,-18.5712958,25.797249,2,1,0
5,86,37.2888465,127.1073602,-25.8,-14,-0.371854016,-21.30566571,26.101632,2,1,0
5,87,37.2888455,127.1073634,-25.511765,-14.117647,-0.387523806,-22.20347855,26.412952,2,1,0
5,88,37.2888444,127.1073667,-25.223529,-14.235294,-0.387523806,-22.20347855,26.724273,2,1,0
5,89,37.2888434,127.10737,-24.935294,-14.352941,-0.387523806,-22.20347855,27.035593,2,1,0
5,90,37.2888423,127.1073732,-24.647059,-14.470588,-0.387523806,-22.20347855,27.346913,2,1,0
5,91,37.2888413,127.1073765,-24.358824,-14.588235,-0.387523806,-22.20347855,27.658233,2,1,0
5,92,37.2888402,127.1073797,-24.070588,-14.705882,-0.387523806,-22.20347855,27.969554,2,1,3
5,93,37.2888391,127.107383,-23.782353,-14.823529,-0.387523806,-22.20347855,28.280875,2,1,0
5,94,37.2888381,127.1073862,-23.494118,-14.941176,-0.387523806,-22.20347855,28.592195,2,1,0
5,95,37.288837,127.1073895,-23.205882,-15.058824,-0.387523806,-22.20347855,28.903516,2,1,0
5,96,37.288836,127.1073927,-22.917647,-15.176471,-0.387523806,-22.20347855,29.214836,2,1,0
5,97,37.2888349,127.107396,-22.629412,-15.294118,-0.387523806,-22.20347855,29.526157,2,1,0
5,98,37.2888339,127.1073992,-22.341176,-15.411765,-0.387523806,-22.20347855,29.837478,2,1,0
5,99,37.2888328,127.1074025,-22.052941,-15.529412,-0.387523806,-22.20347855,30.148798,2,1,0
5,100,37.2888317,127.1074058,-21.764706,-15.647059,-0.387523806,-22.20347855,30.460118,2,1,0
5,101,37.2888307,127.107409,-21.476471,-15.764706,-0.387523806,-22.20347855,30.771438,2,1,0
5,102,37.2888296,127.1074123,-21.188235,-15.882353,-0.387523806,-22.20347855,31.082759,2,1,0
5,103,37.2888286,127.1074155,-20.9,-16,-0.387523806,-22.20347855,31.394079,2,1,0
6,0,37.2888286,127.1074155,-20.9,-16,-0.387523806,-22.20347855,0,1,1,0
6,1,37.2888276,127.1074189,-20.60449,-16.10945,-0.323162999,-18.51587594,0.315128,1,1,0
6,2,37.2888268,127.1074223,-20.302661,-16.200051,-0.26231923,-15.02978476,0.630261,1,1,0
6,3,37.2888261,127.1074257,-19.996037,-16.272823,-0.206318856,-11.82119968,0.945403,1,1,0
6,4,37.2888256,127.1074292,-19.685957,-16.329125,-0.155763858,-8.924611664,1.260553,1,1,0
6,5,37.2888252,127.1074328,-19.373539,-16.370578,-0.110964815,-6.357815574,1.575709,1,1,0
6,6,37.288825,127.1074363,-19.059652,-16.39891,-0.071963882,-4.123226716,1.890872,1,1,0
6,7,37.2888248,127.1074398,-18.744941,-16.415892,-0.038690698,-2.216813702,2.206041,1,1,0
6,8,37.2888248,127.1074434,-18.429855,-16.423289,-0.010972798,-0.628695015,2.521214,1,1,0
6,9,37.2888248,127.107447,-18.114679,-16.422808,0.011418107,0.654209341,2.83639,1,1,0
6,10,37.2888248,127.1074505,-17.799571,-16.416092,0.028699251,1.644345957,3.151569,1,1,0
6,11,37.2888249,127.1074541,-17.484596,-16.40472,0.041061511,2.352651281,3.46675,1,1,0
6,12,37.2888251,127.1074576,-17.169747,-16.390216,0.048662291,2.788143896,3.781933,1,1,0
6,13,37.2888252,127.1074612,-16.854979,-16.374058,0.051607151,2.956871945,4.097115,1,1,0
6,14,37.2888254,127.1074647,-16.54022,-16.357699,0.049944146,2.861588777,4.412299,1,1,0
6,15,37.2888255,127.1074683,-16.2254,-16.342588,0.043664426,2.501787325,4.727481,1,1,0
6,16,37.2888256,127.1074719,-15.910463,-16.330184,0.032704804,1.873847239,5.042663,1,1,0
6,17,37.2888257,127.1074754,-15.59539,-16.321976,0.016955937,0.971503628,5.357842,1,1,0
6,18,37.2888257,127.107479,-15.280223,-16.319496,-0.003737398,-0.214137132,5.673019,1,1,0
6,19,37.2888257,127.1074825,-14.965085,-16.324332,-0.029559674,-1.693644564,5.988194,1,1,0
6,20,37.2888255,127.1074861,-14.650217,-16.338125,-0.060696987,-3.477681184,6.303364,1,1,0
6,21,37.2888253,127.1074896,-14.336001,-16.362562,-0.097305883,-5.575216418,6.618529,1,1,0
6,22,37.288825,127.1074932,-14.022995,-16.39935,-0.139470381,-7.991064198,6.933689,1,1,0
6,23,37.2888245,127.1074967,-13.711966,-16.450165,-0.187149298,-10.72286491,7.248842,1,1,0
6,24,37.2888239,127.1075002,-13.403899,-16.516586,-0.240117773,-13.75773498,7.563988,1,1,0
6,25,37.2888232,127.1075036,-13.1,-16.6,-0.282525557,-16.18752202,7.879127,0,0,0
6,26,37.2888224,127.107507,-12.8,-16.691892,-0.297232308,-17.03015678,8.192885,0,0,0
6,27,37.2888215,127.1075104,-12.5,-16.783784,-0.297232308,-17.03015678,8.506643,0,0,0
6,28,37.2888207,127.1075137,-12.2,-16.875676,-0.297232308,-17.03015678,8.820401,0,0,0
6,29,37.2888199,127.1075171,-11.9,-16.967568,-0.297232308,-17.03015678,9.134159,0,0,0
6,30,37.2888191,127.1075205,-11.6,-17.059459,-0.297232308,-17.03015678,9.447917,0,0,0
6,31,37.2888182,127.1075239,-11.3,-17.151351,-0.297232308,-17.03015678,9.761675,0,0,0
6,32,37.2888174,127.1075273,-11,-17.243243,-0.297232308,-17.03015678,10.075433,0,0,0
6,33,37.2888166,127.1075307,-10.7,-17.335135,-0.297232308,-17.03015678,10.389191,0,0,0
6,34,37.2888158,127.1075341,-10.4,-17.427027,-0.297232308,-17.03015678,10.70295,0,0,0
6,35,37.2888149,127.1075375,-10.1,-17.518919,-0.297232308,-17.03015678,11.016708,0,0,0
6,36,37.2888141,127.1075408,-9.8,-17.610811,-0.297232308,-17.03015678,11.330466,0,0,0
6,37,37.2888133,127.1075442,-9.5,-17.702703,-0.297232308,-17.03015678,11.644224,0,0,0
6,38,37.2888124,127.1075476,-9.2,-17.794595,-0.297232308,-17.03015678,11.957982,0,0,0
6,39,37.2888116,127.107551,-8.9,-17.886486,-0.297232308,-17.03015678,12.27174,0,0,0
6,40,37.2888108,127.1075544,-8.6,-17.978378,-0.297232308,-17.03015678,12.585498,0,0,0
6,41,37.28881,127.1075578,-8.3,-18.07027,-0.297232308,-17.03015678,12.899256,0,0,0
6,42,37.2888091,127.1075612,-8,-18.162162,-0.297232308,-17.03015678,13.213014,0,0,0
6,43,37.2888083,127.1075646,-7.7,-18.254054,-0.297232308,-17.03015678,13.526772,0,0,0
6,44,37.2888075,127.1075679,-7.4,-18.345946,-0.297232308,-17.03015678,13.84053,0,0,0
6,45,37.2888067,127.1075713,-7.1,-18.437838,-0.297232308,-17.03015678,14.154288,0,0,0
6,46,37.2888058,127.1075747,-6.8,-18.52973,-0.297232308,-17.03015678,14.468046,0,0,0
6,47,37.288805,127.1075781,-6.5,-18.621622,-0.297232308,-17.03015678,14.781804,0,0,0
6,48,37.2888042,127.1075815,-6.2,-18.713514,-0.297232308,-17.03015678,15.095563,0,0,0
6,49,37.2888034,127.1075849,-5.9,-18.805405,-0.297232308,-17.03015678,15.40932,0,0,0
6,50,37.2888025,127.1075883,-5.6,-18.897297,-0.297232308,-17.03015678,15.723078,0,0,0
6,51,37.2888017,127.1075917,-5.3,-18.989189,-0.297232308,-17.03015678,16.036837,0,0,0
6,52,37.2888009,127.107595,-5,-19.081081,-0.297232308,-17.03015678,16.350595,0,0,0
6,53,37.2888001,127.1075984,-4.7,-19.172973,-0.297232308,-17.03015678,16.664353,0,0,0
6,54,37.2887992,127.1076018,-4.4,-19.264865,-0.297232308,-17.03015678,16.978111,0,0,0
6,55,37.2887984,127.1076052,-4.1,-19.356757,-0.297232308,-17.03015678,17.291869,0,0,0
6,56,37.2887976,127.1076086,-3.8,-19.448649,-0.297232308,-17.03015678,17.605627,0,0,0
6,57,37.2887968,127.107612,-3.5,-19.540541,-0.297232308,-17.03015678,17.919385,0,0,0
6,58,37.2887959,127.1076154,-3.2,-19.632432,-0.297232308,-17.03015678,18.233143,0,0,0
6,59,37.2887951,127.1076188,-2.9,-19.724324,-0.297232308,-17.03015678,18.546901,0,0,0
6,60,37.2887943,127.1076221,-2.6,-19.816216,-0.297232308,-17.03015678,18.860659,0,0,0
6,61,37.2887935,127.1076255,-2.3,-19.908108,-0.297232308,-17.03015678,19.174417,0,0,0
6,62,37.2887926,127.1076289,-2,-20,-0.297232308,-17.03015678,19.488175,0,0,0
7,0,37.2888286,127.1074155,-20.9,-16,-0.387523806,-22.20347855,0,1,1,0
7,1,37.2888275,127.1074187,-20.619878,-16.119051,-0.415393126,-23.80027296,0.304371,1,1,0
7,2,37.2888264,127.1074218,-20.343077,-16.245636,-0.441196237,-25.27868232,0.608743,1,1,0
7,3,37.2888252,127.1074249,-20.069465,-16.378979,-0.46447799,-26.6126285,0.913118,1,1,0
7,4,37.2888239,127.1074279,-19.798854,-16.518312,-0.485206236,-27.80026952,1.217492,1,1,0
7,5,37.2888226,127.107431,-19.531002,-16.662882,-0.503370693,-28.84101624,1.521869,1,1,0
7,6,37.2888213,127.107434,-19.265627,-16.811953,-0.518976565,-29.73516684,1.826247,1,1,0
7,7,37.2888199,127.1074369,-19.002415,-16.964812,-0.532038868,-30.48358167,2.130626,1,1,0
7,8,37.2888185,127.1074399,-18.741024,-17.120766,-0.542577565,-31.08740453,2.435006,1,1,0
7,9,37.2888171,127.1074428,-18.481091,-17.279139,-0.550613577,-31.54783411,2.739385,1,1,0
7,10,37.2888156,127.1074458,-18.222239,-17.439274,-0.55616564,-31.86594388,3.043766,1,1,0
7,11,37.2888142,127.1074487,-17.96408,-17.600524,-0.559247885,-32.04254351,3.348147,1,1,0
7,12,37.2888127,127.1074516,-17.70622,-17.762251,-0.559868011,-32.07807412,3.652527,1,1,0
7,13,37.2888113,127.1074545,-17.448261,-17.923822,-0.558027321,-31.97261035,3.956909,1,1,0
7,14,37.2888098,127.1074574,-17.189807,-18.084599,-0.553720389,-31.72584132,4.261289,1,1,0
7,15,37.2888084,127.1074603,-16.930466,-18.243941,-0.546934765,-31.3370537,4.56567,1,1,0
7,16,37.288807,127.1074633,-16.669855,-18.401195,-0.537652584,-30.80522391,4.87005,1,1,0
7,17,37.2888056,127.1074662,-16.407602,-18.555695,-0.525852507,-30.1291293,5.174429,1,1,0
7,18,37.2888043,127.1074692,-16.143354,-18.706755,-0.511512457,-29.30750495,5.478808,1,1,0
7,19,37.2888029,127.1074722,-15.876781,-18.853669,-0.494613197,-28.33924868,5.783184,1,1,0
7,20,37.2888017,127.1074753,-15.607581,-18.995712,-0.475142776,-27.22367573,6.08756,1,1,0
7,21,37.2888004,127.1074783,-15.335492,-19.132137,-0.453101846,-25.96082347,6.391935,1,1,0
7,22,37.2887993,127.1074815,-15.060297,-19.262178,-0.428509757,-24.55180056,6.696308,1,1,0
7,23,37.2887982,127.1074846,-14.781832,-19.385059,-0.401411261,-22.9991711,7.00068,1,1,0
7,24,37.2887971,127.1074878,-14.5,-19.5,-0.379650032,-21.75234453,7.30505,1,1,0
7,25,37.2887961,127.1074911,-14.208333,-19.613889,-0.372269331,-21.32946151,7.618164,0,0,0
7,26,37.2887951,127.1074944,-13.916667,-19.727778,-0.372269331,-21.32946151,7.931277,0,0,0
7,27,37.2887941,127.1074977,-13.625,-19.841667,-0.372269331,-21.32946151,8.244391,0,0,0
7,28,37.288793,127.107501,-13.333333,-19.955556,-0.372269331,-21.32946151,8.557505,0,0,0
7,29,37.288792,127.1075042,-13.041667,-20.069444,-0.372269331,-21.32946151,8.870617,0,0,0
7,30,37.288791,127.1075075,-12.75,-20.183333,-0.372269331,-21.32946151,9.183731,0,0,0
7,31,37.28879,127.1075108,-12.458333,-20.297222,-0.372269331,-21.32946151,9.496845,0,0,0
7,32,37.2887889,127.1075141,-12.166667,-20.411111,-0.372269331,-21.32946151,9.809958,0,0,0
7,33,37.2887879,127.1075174,-11.875,-20.525,-0.372269331,-21.32946151,10.123072,0,0,0
7,34,37.2887869,127.1075207,-11.583333,-20.638889,-0.372269331,-21.32946151,10.436186,0,0,0
7,35,37.2887859,127.107524,-11.291667,-20.752778,-0.372269331,-21.32946151,10.749299,0,0,0
7,36,37.2887849,127.1075273,-11,-20.866667,-0.372269331,-21.32946151,11.062413,0,0,0
7,37,37.2887838,127.1075306,-10.708333,-20.980556,-0.372269331,-21.32946151,11.375527,0,0,0
7,38,37.2887828,127.1075339,-10.416667,-21.094444,-0.372269331,-21.32946151,11.68864,0,0,0
7,39,37.2887818,127.1075372,-10.125,-21.208333,-0.372269331,-21.32946151,12.001754,0,0,0
7,40,37.2887808,127.1075405,-9.833333,-21.322222,-0.372269331,-21.32946151,12.314868,0,0,0
7,41,37.2887797,127.1075438,-9.541667,-21.436111,-0.372269331,-21.32946151,12.627981,0,0,0
7,42,37.2887787,127.1075471,-9.25,-21.55,-0.372269331,-21.32946151,12.941094,0,0,0
7,43,37.2887777,127.1075504,-8.958333,-21.663889,-0.372269331,-21.32946151,13.254208,0,0,0
7,44,37.2887767,127.1075536,-8.666667,-21.777778,-0.372269331,-21.32946151,13.567321,0,0,0
7,45,37.2887756,127.1075569,-8.375,-21.891667,-0.372269331,-21.32946151,13.880435,0,0,0
7,46,37.2887746,127.1075602,-8.083333,-22.005556,-0.372269331,-21.32946151,14.193549,0,0,0
7,47,37.2887736,127.1075635,-7.791667,-22.119444,-0.372269331,-21.32946151,14.506662,0,0,0
7,48,37.2887726,127.1075668,-7.5,-22.233333,-0.372269331,-21.32946151,14.819776,0,0,0
7,49,37.2887716,127.1075701,-7.208333,-22.347222,-0.372269331,-21.32946151,15.13289,0,0,0
7,50,37.2887705,127.1075734,-6.916667,-22.461111,-0.372269331,-21.32946151,15.446003,0,0,0
7,51,37.2887695,127.1075767,-6.625,-22.575,-0.372269331,-21.32946151,15.759117,0,0,0
7,52,37.2887685,127.10758,-6.333333,-22.688889,-0.372269331,-21.32946151,16.072231,0,0,0
7,53,37.2887675,127.1075833,-6.041667,-22.802778,-0.372269331,-21.32946151,16.385344,0,0,0
7,54,37.2887664,127.1075866,-5.75,-22.916667,-0.372269331,-21.32946151,16.698458,0,0,0
7,55,37.2887654,127.1075899,-5.458333,-23.030556,-0.372269331,-21.32946151,17.011572,0,0,0
7,56,37.2887644,127.1075932,-5.166667,-23.144444,-0.372269331,-21.32946151,17.324684,0,0,0
7,57,37.2887634,127.1075965,-4.875,-23.258333,-0.372269331,-21.32946151,17.637798,0,0,0
7,58,37.2887623,127.1075997,-4.583333,-23.372222,-0.372269331,-21.32946151,17.950912,0,0,0
7,59,37.2887613,127.107603,-4.291667,-23.486111,-0.372269331,-21.32946151,18.264025,0,0,0
7,60,37.2887603,127.1076063,-4,-23.6,-0.372269331,-21.32946151,18.577139,0,0,0
